tag|stage|params
baseline|IS|{}
s01_default|IS|{}
s02_net|IS|{"exit_time": 14.0, "sl_k": 0.5}
s02_net|IS|{"exit_time": 16.0, "sl_k": 0.5}
s02_net|IS|{"exit_time": 18.0, "sl_k": 0.5}
s02_net|IS|{"sl_k": 0.5}
s02_net|IS|{"exit_time": 21.0, "sl_k": 0.5}
s02_net|IS|{"exit_time": 14.0, "sl_k": 0.5, "trail_r": 0.5}
s02_net|IS|{"exit_time": 16.0, "sl_k": 0.5, "trail_r": 0.5}
s02_net|IS|{"exit_time": 18.0, "sl_k": 0.5, "trail_r": 0.5}
s02_net|IS|{"sl_k": 0.5, "trail_r": 0.5}
s02_net|IS|{"exit_time": 21.0, "sl_k": 0.5, "trail_r": 0.5}
s02_net|IS|{"exit_time": 14.0, "sl_k": 0.5, "trail_r": 1}
s02_net|IS|{"exit_time": 16.0, "sl_k": 0.5, "trail_r": 1}
s02_net|IS|{"exit_time": 18.0, "sl_k": 0.5, "trail_r": 1}
s02_net|IS|{"sl_k": 0.5, "trail_r": 1}
s02_net|IS|{"exit_time": 21.0, "sl_k": 0.5, "trail_r": 1}
s02_net|IS|{"exit_time": 14.0, "sl_k": 0.5, "trail_r": 1.5}
s02_net|IS|{"exit_time": 16.0, "sl_k": 0.5, "trail_r": 1.5}
s02_net|IS|{"exit_time": 18.0, "sl_k": 0.5, "trail_r": 1.5}
s02_net|IS|{"sl_k": 0.5, "trail_r": 1.5}
s02_net|IS|{"exit_time": 21.0, "sl_k": 0.5, "trail_r": 1.5}
s02_net|IS|{"exit_time": 14.0, "sl_k": 0.5, "trail_r": 2}
s02_net|IS|{"exit_time": 16.0, "sl_k": 0.5, "trail_r": 2}
s02_net|IS|{"exit_time": 18.0, "sl_k": 0.5, "trail_r": 2}
s02_net|IS|{"sl_k": 0.5, "trail_r": 2}
s02_net|IS|{"exit_time": 21.0, "sl_k": 0.5, "trail_r": 2}
s02_net|IS|{"be_r": 0.5, "exit_time": 14.0, "sl_k": 0.5}
s02_net|IS|{"be_r": 0.5, "exit_time": 16.0, "sl_k": 0.5}
s02_net|IS|{"be_r": 0.5, "exit_time": 18.0, "sl_k": 0.5}
s02_net|IS|{"be_r": 0.5, "sl_k": 0.5}
s02_net|IS|{"be_r": 0.5, "exit_time": 21.0, "sl_k": 0.5}
s02_net|IS|{"be_r": 0.5, "exit_time": 14.0, "sl_k": 0.5, "trail_r": 0.5}
s02_net|IS|{"be_r": 0.5, "exit_time": 16.0, "sl_k": 0.5, "trail_r": 0.5}
s02_net|IS|{"be_r": 0.5, "exit_time": 18.0, "sl_k": 0.5, "trail_r": 0.5}
s02_net|IS|{"be_r": 0.5, "sl_k": 0.5, "trail_r": 0.5}
s02_net|IS|{"be_r": 0.5, "exit_time": 21.0, "sl_k": 0.5, "trail_r": 0.5}
s02_net|IS|{"be_r": 0.5, "exit_time": 14.0, "sl_k": 0.5, "trail_r": 1}
s02_net|IS|{"be_r": 0.5, "exit_time": 16.0, "sl_k": 0.5, "trail_r": 1}
s02_net|IS|{"be_r": 0.5, "exit_time": 18.0, "sl_k": 0.5, "trail_r": 1}
s02_net|IS|{"be_r": 0.5, "sl_k": 0.5, "trail_r": 1}
s02_net|IS|{"be_r": 0.5, "exit_time": 21.0, "sl_k": 0.5, "trail_r": 1}
s02_net|IS|{"be_r": 0.5, "exit_time": 14.0, "sl_k": 0.5, "trail_r": 1.5}
s02_net|IS|{"be_r": 0.5, "exit_time": 16.0, "sl_k": 0.5, "trail_r": 1.5}
s02_net|IS|{"be_r": 0.5, "exit_time": 18.0, "sl_k": 0.5, "trail_r": 1.5}
s02_net|IS|{"be_r": 0.5, "sl_k": 0.5, "trail_r": 1.5}
s02_net|IS|{"be_r": 0.5, "exit_time": 21.0, "sl_k": 0.5, "trail_r": 1.5}
s02_net|IS|{"be_r": 0.5, "exit_time": 14.0, "sl_k": 0.5, "trail_r": 2}
s02_net|IS|{"be_r": 0.5, "exit_time": 16.0, "sl_k": 0.5, "trail_r": 2}
s02_net|IS|{"be_r": 0.5, "exit_time": 18.0, "sl_k": 0.5, "trail_r": 2}
s02_net|IS|{"be_r": 0.5, "sl_k": 0.5, "trail_r": 2}
s02_net|IS|{"be_r": 0.5, "exit_time": 21.0, "sl_k": 0.5, "trail_r": 2}
s02_net|IS|{"be_r": 1, "exit_time": 14.0, "sl_k": 0.5}
s02_net|IS|{"be_r": 1, "exit_time": 16.0, "sl_k": 0.5}
s02_net|IS|{"be_r": 1, "exit_time": 18.0, "sl_k": 0.5}
s02_net|IS|{"be_r": 1, "sl_k": 0.5}
s02_net|IS|{"be_r": 1, "exit_time": 21.0, "sl_k": 0.5}
s02_net|IS|{"be_r": 1, "exit_time": 14.0, "sl_k": 0.5, "trail_r": 0.5}
s02_net|IS|{"be_r": 1, "exit_time": 16.0, "sl_k": 0.5, "trail_r": 0.5}
s02_net|IS|{"be_r": 1, "exit_time": 18.0, "sl_k": 0.5, "trail_r": 0.5}
s02_net|IS|{"be_r": 1, "sl_k": 0.5, "trail_r": 0.5}
s02_net|IS|{"be_r": 1, "exit_time": 21.0, "sl_k": 0.5, "trail_r": 0.5}
s02_net|IS|{"be_r": 1, "exit_time": 14.0, "sl_k": 0.5, "trail_r": 1}
s02_net|IS|{"be_r": 1, "exit_time": 16.0, "sl_k": 0.5, "trail_r": 1}
s02_net|IS|{"be_r": 1, "exit_time": 18.0, "sl_k": 0.5, "trail_r": 1}
s02_net|IS|{"be_r": 1, "sl_k": 0.5, "trail_r": 1}
s02_net|IS|{"be_r": 1, "exit_time": 21.0, "sl_k": 0.5, "trail_r": 1}
s02_net|IS|{"be_r": 1, "exit_time": 14.0, "sl_k": 0.5, "trail_r": 1.5}
s02_net|IS|{"be_r": 1, "exit_time": 16.0, "sl_k": 0.5, "trail_r": 1.5}
s02_net|IS|{"be_r": 1, "exit_time": 18.0, "sl_k": 0.5, "trail_r": 1.5}
s02_net|IS|{"be_r": 1, "sl_k": 0.5, "trail_r": 1.5}
s02_net|IS|{"be_r": 1, "exit_time": 21.0, "sl_k": 0.5, "trail_r": 1.5}
s02_net|IS|{"be_r": 1, "exit_time": 14.0, "sl_k": 0.5, "trail_r": 2}
s02_net|IS|{"be_r": 1, "exit_time": 16.0, "sl_k": 0.5, "trail_r": 2}
s02_net|IS|{"be_r": 1, "exit_time": 18.0, "sl_k": 0.5, "trail_r": 2}
s02_net|IS|{"be_r": 1, "sl_k": 0.5, "trail_r": 2}
s02_net|IS|{"be_r": 1, "exit_time": 21.0, "sl_k": 0.5, "trail_r": 2}
s02_net|IS|{"exit_time": 14.0, "sl_k": 0.5, "tp_r": 1}
s02_net|IS|{"exit_time": 16.0, "sl_k": 0.5, "tp_r": 1}
s02_net|IS|{"exit_time": 18.0, "sl_k": 0.5, "tp_r": 1}
s02_net|IS|{"sl_k": 0.5, "tp_r": 1}
s02_net|IS|{"exit_time": 21.0, "sl_k": 0.5, "tp_r": 1}
s02_net|IS|{"exit_time": 14.0, "sl_k": 0.5, "tp_r": 1, "trail_r": 0.5}
s02_net|IS|{"exit_time": 16.0, "sl_k": 0.5, "tp_r": 1, "trail_r": 0.5}
s02_net|IS|{"exit_time": 18.0, "sl_k": 0.5, "tp_r": 1, "trail_r": 0.5}
s02_net|IS|{"sl_k": 0.5, "tp_r": 1, "trail_r": 0.5}
s02_net|IS|{"exit_time": 21.0, "sl_k": 0.5, "tp_r": 1, "trail_r": 0.5}
s02_net|IS|{"exit_time": 14.0, "sl_k": 0.5, "tp_r": 1, "trail_r": 1}
s02_net|IS|{"exit_time": 16.0, "sl_k": 0.5, "tp_r": 1, "trail_r": 1}
s02_net|IS|{"exit_time": 18.0, "sl_k": 0.5, "tp_r": 1, "trail_r": 1}
s02_net|IS|{"sl_k": 0.5, "tp_r": 1, "trail_r": 1}
s02_net|IS|{"exit_time": 21.0, "sl_k": 0.5, "tp_r": 1, "trail_r": 1}
s02_net|IS|{"exit_time": 14.0, "sl_k": 0.5, "tp_r": 1, "trail_r": 1.5}
s02_net|IS|{"exit_time": 16.0, "sl_k": 0.5, "tp_r": 1, "trail_r": 1.5}
s02_net|IS|{"exit_time": 18.0, "sl_k": 0.5, "tp_r": 1, "trail_r": 1.5}
s02_net|IS|{"sl_k": 0.5, "tp_r": 1, "trail_r": 1.5}
s02_net|IS|{"exit_time": 21.0, "sl_k": 0.5, "tp_r": 1, "trail_r": 1.5}
s02_net|IS|{"exit_time": 14.0, "sl_k": 0.5, "tp_r": 1, "trail_r": 2}
s02_net|IS|{"exit_time": 16.0, "sl_k": 0.5, "tp_r": 1, "trail_r": 2}
s02_net|IS|{"exit_time": 18.0, "sl_k": 0.5, "tp_r": 1, "trail_r": 2}
s02_net|IS|{"sl_k": 0.5, "tp_r": 1, "trail_r": 2}
s02_net|IS|{"exit_time": 21.0, "sl_k": 0.5, "tp_r": 1, "trail_r": 2}
s02_net|IS|{"be_r": 0.5, "exit_time": 14.0, "sl_k": 0.5, "tp_r": 1}
s02_net|IS|{"be_r": 0.5, "exit_time": 16.0, "sl_k": 0.5, "tp_r": 1}
s02_net|IS|{"be_r": 0.5, "exit_time": 18.0, "sl_k": 0.5, "tp_r": 1}
s02_net|IS|{"be_r": 0.5, "sl_k": 0.5, "tp_r": 1}
s02_net|IS|{"be_r": 0.5, "exit_time": 21.0, "sl_k": 0.5, "tp_r": 1}
s02_net|IS|{"be_r": 0.5, "exit_time": 14.0, "sl_k": 0.5, "tp_r": 1, "trail_r": 0.5}
s02_net|IS|{"be_r": 0.5, "exit_time": 16.0, "sl_k": 0.5, "tp_r": 1, "trail_r": 0.5}
s02_net|IS|{"be_r": 0.5, "exit_time": 18.0, "sl_k": 0.5, "tp_r": 1, "trail_r": 0.5}
s02_net|IS|{"be_r": 0.5, "sl_k": 0.5, "tp_r": 1, "trail_r": 0.5}
s02_net|IS|{"be_r": 0.5, "exit_time": 21.0, "sl_k": 0.5, "tp_r": 1, "trail_r": 0.5}
s02_net|IS|{"be_r": 0.5, "exit_time": 14.0, "sl_k": 0.5, "tp_r": 1, "trail_r": 1}
s02_net|IS|{"be_r": 0.5, "exit_time": 16.0, "sl_k": 0.5, "tp_r": 1, "trail_r": 1}
s02_net|IS|{"be_r": 0.5, "exit_time": 18.0, "sl_k": 0.5, "tp_r": 1, "trail_r": 1}
s02_net|IS|{"be_r": 0.5, "sl_k": 0.5, "tp_r": 1, "trail_r": 1}
s02_net|IS|{"be_r": 0.5, "exit_time": 21.0, "sl_k": 0.5, "tp_r": 1, "trail_r": 1}
s02_net|IS|{"be_r": 0.5, "exit_time": 14.0, "sl_k": 0.5, "tp_r": 1, "trail_r": 1.5}
s02_net|IS|{"be_r": 0.5, "exit_time": 16.0, "sl_k": 0.5, "tp_r": 1, "trail_r": 1.5}
s02_net|IS|{"be_r": 0.5, "exit_time": 18.0, "sl_k": 0.5, "tp_r": 1, "trail_r": 1.5}
s02_net|IS|{"be_r": 0.5, "sl_k": 0.5, "tp_r": 1, "trail_r": 1.5}
s02_net|IS|{"be_r": 0.5, "exit_time": 21.0, "sl_k": 0.5, "tp_r": 1, "trail_r": 1.5}
s02_net|IS|{"be_r": 0.5, "exit_time": 14.0, "sl_k": 0.5, "tp_r": 1, "trail_r": 2}
s02_net|IS|{"be_r": 0.5, "exit_time": 16.0, "sl_k": 0.5, "tp_r": 1, "trail_r": 2}
s02_net|IS|{"be_r": 0.5, "exit_time": 18.0, "sl_k": 0.5, "tp_r": 1, "trail_r": 2}
s02_net|IS|{"be_r": 0.5, "sl_k": 0.5, "tp_r": 1, "trail_r": 2}
s02_net|IS|{"be_r": 0.5, "exit_time": 21.0, "sl_k": 0.5, "tp_r": 1, "trail_r": 2}
s02_net|IS|{"be_r": 1, "exit_time": 14.0, "sl_k": 0.5, "tp_r": 1}
s02_net|IS|{"be_r": 1, "exit_time": 16.0, "sl_k": 0.5, "tp_r": 1}
s02_net|IS|{"be_r": 1, "exit_time": 18.0, "sl_k": 0.5, "tp_r": 1}
s02_net|IS|{"be_r": 1, "sl_k": 0.5, "tp_r": 1}
s02_net|IS|{"be_r": 1, "exit_time": 21.0, "sl_k": 0.5, "tp_r": 1}
s02_net|IS|{"be_r": 1, "exit_time": 14.0, "sl_k": 0.5, "tp_r": 1, "trail_r": 0.5}
s02_net|IS|{"be_r": 1, "exit_time": 16.0, "sl_k": 0.5, "tp_r": 1, "trail_r": 0.5}
s02_net|IS|{"be_r": 1, "exit_time": 18.0, "sl_k": 0.5, "tp_r": 1, "trail_r": 0.5}
s02_net|IS|{"be_r": 1, "sl_k": 0.5, "tp_r": 1, "trail_r": 0.5}
s02_net|IS|{"be_r": 1, "exit_time": 21.0, "sl_k": 0.5, "tp_r": 1, "trail_r": 0.5}
s02_net|IS|{"be_r": 1, "exit_time": 14.0, "sl_k": 0.5, "tp_r": 1, "trail_r": 1}
s02_net|IS|{"be_r": 1, "exit_time": 16.0, "sl_k": 0.5, "tp_r": 1, "trail_r": 1}
s02_net|IS|{"be_r": 1, "exit_time": 18.0, "sl_k": 0.5, "tp_r": 1, "trail_r": 1}
s02_net|IS|{"be_r": 1, "sl_k": 0.5, "tp_r": 1, "trail_r": 1}
s02_net|IS|{"be_r": 1, "exit_time": 21.0, "sl_k": 0.5, "tp_r": 1, "trail_r": 1}
s02_net|IS|{"be_r": 1, "exit_time": 14.0, "sl_k": 0.5, "tp_r": 1, "trail_r": 1.5}
s02_net|IS|{"be_r": 1, "exit_time": 16.0, "sl_k": 0.5, "tp_r": 1, "trail_r": 1.5}
s02_net|IS|{"be_r": 1, "exit_time": 18.0, "sl_k": 0.5, "tp_r": 1, "trail_r": 1.5}
s02_net|IS|{"be_r": 1, "sl_k": 0.5, "tp_r": 1, "trail_r": 1.5}
s02_net|IS|{"be_r": 1, "exit_time": 21.0, "sl_k": 0.5, "tp_r": 1, "trail_r": 1.5}
s02_net|IS|{"be_r": 1, "exit_time": 14.0, "sl_k": 0.5, "tp_r": 1, "trail_r": 2}
s02_net|IS|{"be_r": 1, "exit_time": 16.0, "sl_k": 0.5, "tp_r": 1, "trail_r": 2}
s02_net|IS|{"be_r": 1, "exit_time": 18.0, "sl_k": 0.5, "tp_r": 1, "trail_r": 2}
s02_net|IS|{"be_r": 1, "sl_k": 0.5, "tp_r": 1, "trail_r": 2}
s02_net|IS|{"be_r": 1, "exit_time": 21.0, "sl_k": 0.5, "tp_r": 1, "trail_r": 2}
s02_net|IS|{"exit_time": 14.0, "sl_k": 0.5, "tp_r": 1.5}
s02_net|IS|{"exit_time": 16.0, "sl_k": 0.5, "tp_r": 1.5}
s02_net|IS|{"exit_time": 18.0, "sl_k": 0.5, "tp_r": 1.5}
s02_net|IS|{"sl_k": 0.5, "tp_r": 1.5}
s02_net|IS|{"exit_time": 21.0, "sl_k": 0.5, "tp_r": 1.5}
s02_net|IS|{"exit_time": 14.0, "sl_k": 0.5, "tp_r": 1.5, "trail_r": 0.5}
s02_net|IS|{"exit_time": 16.0, "sl_k": 0.5, "tp_r": 1.5, "trail_r": 0.5}
s02_net|IS|{"exit_time": 18.0, "sl_k": 0.5, "tp_r": 1.5, "trail_r": 0.5}
s02_net|IS|{"sl_k": 0.5, "tp_r": 1.5, "trail_r": 0.5}
s02_net|IS|{"exit_time": 21.0, "sl_k": 0.5, "tp_r": 1.5, "trail_r": 0.5}
s02_net|IS|{"exit_time": 14.0, "sl_k": 0.5, "tp_r": 1.5, "trail_r": 1}
s02_net|IS|{"exit_time": 16.0, "sl_k": 0.5, "tp_r": 1.5, "trail_r": 1}
s02_net|IS|{"exit_time": 18.0, "sl_k": 0.5, "tp_r": 1.5, "trail_r": 1}
s02_net|IS|{"sl_k": 0.5, "tp_r": 1.5, "trail_r": 1}
s02_net|IS|{"exit_time": 21.0, "sl_k": 0.5, "tp_r": 1.5, "trail_r": 1}
s02_net|IS|{"exit_time": 14.0, "sl_k": 0.5, "tp_r": 1.5, "trail_r": 1.5}
s02_net|IS|{"exit_time": 16.0, "sl_k": 0.5, "tp_r": 1.5, "trail_r": 1.5}
s02_net|IS|{"exit_time": 18.0, "sl_k": 0.5, "tp_r": 1.5, "trail_r": 1.5}
s02_net|IS|{"sl_k": 0.5, "tp_r": 1.5, "trail_r": 1.5}
s02_net|IS|{"exit_time": 21.0, "sl_k": 0.5, "tp_r": 1.5, "trail_r": 1.5}
s02_net|IS|{"exit_time": 14.0, "sl_k": 0.5, "tp_r": 1.5, "trail_r": 2}
s02_net|IS|{"exit_time": 16.0, "sl_k": 0.5, "tp_r": 1.5, "trail_r": 2}
s02_net|IS|{"exit_time": 18.0, "sl_k": 0.5, "tp_r": 1.5, "trail_r": 2}
s02_net|IS|{"sl_k": 0.5, "tp_r": 1.5, "trail_r": 2}
s02_net|IS|{"exit_time": 21.0, "sl_k": 0.5, "tp_r": 1.5, "trail_r": 2}
s02_net|IS|{"be_r": 0.5, "exit_time": 14.0, "sl_k": 0.5, "tp_r": 1.5}
s02_net|IS|{"be_r": 0.5, "exit_time": 16.0, "sl_k": 0.5, "tp_r": 1.5}
s02_net|IS|{"be_r": 0.5, "exit_time": 18.0, "sl_k": 0.5, "tp_r": 1.5}
s02_net|IS|{"be_r": 0.5, "sl_k": 0.5, "tp_r": 1.5}
s02_net|IS|{"be_r": 0.5, "exit_time": 21.0, "sl_k": 0.5, "tp_r": 1.5}
s02_net|IS|{"be_r": 0.5, "exit_time": 14.0, "sl_k": 0.5, "tp_r": 1.5, "trail_r": 0.5}
s02_net|IS|{"be_r": 0.5, "exit_time": 16.0, "sl_k": 0.5, "tp_r": 1.5, "trail_r": 0.5}
s02_net|IS|{"be_r": 0.5, "exit_time": 18.0, "sl_k": 0.5, "tp_r": 1.5, "trail_r": 0.5}
s02_net|IS|{"be_r": 0.5, "sl_k": 0.5, "tp_r": 1.5, "trail_r": 0.5}
s02_net|IS|{"be_r": 0.5, "exit_time": 21.0, "sl_k": 0.5, "tp_r": 1.5, "trail_r": 0.5}
s02_net|IS|{"be_r": 0.5, "exit_time": 14.0, "sl_k": 0.5, "tp_r": 1.5, "trail_r": 1}
s02_net|IS|{"be_r": 0.5, "exit_time": 16.0, "sl_k": 0.5, "tp_r": 1.5, "trail_r": 1}
s02_net|IS|{"be_r": 0.5, "exit_time": 18.0, "sl_k": 0.5, "tp_r": 1.5, "trail_r": 1}
s02_net|IS|{"be_r": 0.5, "sl_k": 0.5, "tp_r": 1.5, "trail_r": 1}
s02_net|IS|{"be_r": 0.5, "exit_time": 21.0, "sl_k": 0.5, "tp_r": 1.5, "trail_r": 1}
s02_net|IS|{"be_r": 0.5, "exit_time": 14.0, "sl_k": 0.5, "tp_r": 1.5, "trail_r": 1.5}
s02_net|IS|{"be_r": 0.5, "exit_time": 16.0, "sl_k": 0.5, "tp_r": 1.5, "trail_r": 1.5}
s02_net|IS|{"be_r": 0.5, "exit_time": 18.0, "sl_k": 0.5, "tp_r": 1.5, "trail_r": 1.5}
s02_net|IS|{"be_r": 0.5, "sl_k": 0.5, "tp_r": 1.5, "trail_r": 1.5}
s02_net|IS|{"be_r": 0.5, "exit_time": 21.0, "sl_k": 0.5, "tp_r": 1.5, "trail_r": 1.5}
s02_net|IS|{"be_r": 0.5, "exit_time": 14.0, "sl_k": 0.5, "tp_r": 1.5, "trail_r": 2}
s02_net|IS|{"be_r": 0.5, "exit_time": 16.0, "sl_k": 0.5, "tp_r": 1.5, "trail_r": 2}
s02_net|IS|{"be_r": 0.5, "exit_time": 18.0, "sl_k": 0.5, "tp_r": 1.5, "trail_r": 2}
s02_net|IS|{"be_r": 0.5, "sl_k": 0.5, "tp_r": 1.5, "trail_r": 2}
s02_net|IS|{"be_r": 0.5, "exit_time": 21.0, "sl_k": 0.5, "tp_r": 1.5, "trail_r": 2}
s02_net|IS|{"be_r": 1, "exit_time": 14.0, "sl_k": 0.5, "tp_r": 1.5}
s02_net|IS|{"be_r": 1, "exit_time": 16.0, "sl_k": 0.5, "tp_r": 1.5}
s02_net|IS|{"be_r": 1, "exit_time": 18.0, "sl_k": 0.5, "tp_r": 1.5}
s02_net|IS|{"be_r": 1, "sl_k": 0.5, "tp_r": 1.5}
s02_net|IS|{"be_r": 1, "exit_time": 21.0, "sl_k": 0.5, "tp_r": 1.5}
s02_net|IS|{"be_r": 1, "exit_time": 14.0, "sl_k": 0.5, "tp_r": 1.5, "trail_r": 0.5}
s02_net|IS|{"be_r": 1, "exit_time": 16.0, "sl_k": 0.5, "tp_r": 1.5, "trail_r": 0.5}
s02_net|IS|{"be_r": 1, "exit_time": 18.0, "sl_k": 0.5, "tp_r": 1.5, "trail_r": 0.5}
s02_net|IS|{"be_r": 1, "sl_k": 0.5, "tp_r": 1.5, "trail_r": 0.5}
s02_net|IS|{"be_r": 1, "exit_time": 21.0, "sl_k": 0.5, "tp_r": 1.5, "trail_r": 0.5}
s02_net|IS|{"be_r": 1, "exit_time": 14.0, "sl_k": 0.5, "tp_r": 1.5, "trail_r": 1}
s02_net|IS|{"be_r": 1, "exit_time": 16.0, "sl_k": 0.5, "tp_r": 1.5, "trail_r": 1}
s02_net|IS|{"be_r": 1, "exit_time": 18.0, "sl_k": 0.5, "tp_r": 1.5, "trail_r": 1}
s02_net|IS|{"be_r": 1, "sl_k": 0.5, "tp_r": 1.5, "trail_r": 1}
s02_net|IS|{"be_r": 1, "exit_time": 21.0, "sl_k": 0.5, "tp_r": 1.5, "trail_r": 1}
s02_net|IS|{"be_r": 1, "exit_time": 14.0, "sl_k": 0.5, "tp_r": 1.5, "trail_r": 1.5}
s02_net|IS|{"be_r": 1, "exit_time": 16.0, "sl_k": 0.5, "tp_r": 1.5, "trail_r": 1.5}
s02_net|IS|{"be_r": 1, "exit_time": 18.0, "sl_k": 0.5, "tp_r": 1.5, "trail_r": 1.5}
s02_net|IS|{"be_r": 1, "sl_k": 0.5, "tp_r": 1.5, "trail_r": 1.5}
s02_net|IS|{"be_r": 1, "exit_time": 21.0, "sl_k": 0.5, "tp_r": 1.5, "trail_r": 1.5}
s02_net|IS|{"be_r": 1, "exit_time": 14.0, "sl_k": 0.5, "tp_r": 1.5, "trail_r": 2}
s02_net|IS|{"be_r": 1, "exit_time": 16.0, "sl_k": 0.5, "tp_r": 1.5, "trail_r": 2}
s02_net|IS|{"be_r": 1, "exit_time": 18.0, "sl_k": 0.5, "tp_r": 1.5, "trail_r": 2}
s02_net|IS|{"be_r": 1, "sl_k": 0.5, "tp_r": 1.5, "trail_r": 2}
s02_net|IS|{"be_r": 1, "exit_time": 21.0, "sl_k": 0.5, "tp_r": 1.5, "trail_r": 2}
s02_net|IS|{"exit_time": 14.0, "sl_k": 0.5, "tp_r": 2}
s02_net|IS|{"exit_time": 16.0, "sl_k": 0.5, "tp_r": 2}
s02_net|IS|{"exit_time": 18.0, "sl_k": 0.5, "tp_r": 2}
s02_net|IS|{"sl_k": 0.5, "tp_r": 2}
s02_net|IS|{"exit_time": 21.0, "sl_k": 0.5, "tp_r": 2}
s02_net|IS|{"exit_time": 14.0, "sl_k": 0.5, "tp_r": 2, "trail_r": 0.5}
s02_net|IS|{"exit_time": 16.0, "sl_k": 0.5, "tp_r": 2, "trail_r": 0.5}
s02_net|IS|{"exit_time": 18.0, "sl_k": 0.5, "tp_r": 2, "trail_r": 0.5}
s02_net|IS|{"sl_k": 0.5, "tp_r": 2, "trail_r": 0.5}
s02_net|IS|{"exit_time": 21.0, "sl_k": 0.5, "tp_r": 2, "trail_r": 0.5}
s02_net|IS|{"exit_time": 14.0, "sl_k": 0.5, "tp_r": 2, "trail_r": 1}
s02_net|IS|{"exit_time": 16.0, "sl_k": 0.5, "tp_r": 2, "trail_r": 1}
s02_net|IS|{"exit_time": 18.0, "sl_k": 0.5, "tp_r": 2, "trail_r": 1}
s02_net|IS|{"sl_k": 0.5, "tp_r": 2, "trail_r": 1}
s02_net|IS|{"exit_time": 21.0, "sl_k": 0.5, "tp_r": 2, "trail_r": 1}
s02_net|IS|{"exit_time": 14.0, "sl_k": 0.5, "tp_r": 2, "trail_r": 1.5}
s02_net|IS|{"exit_time": 16.0, "sl_k": 0.5, "tp_r": 2, "trail_r": 1.5}
s02_net|IS|{"exit_time": 18.0, "sl_k": 0.5, "tp_r": 2, "trail_r": 1.5}
s02_net|IS|{"sl_k": 0.5, "tp_r": 2, "trail_r": 1.5}
s02_net|IS|{"exit_time": 21.0, "sl_k": 0.5, "tp_r": 2, "trail_r": 1.5}
s02_net|IS|{"exit_time": 14.0, "sl_k": 0.5, "tp_r": 2, "trail_r": 2}
s02_net|IS|{"exit_time": 16.0, "sl_k": 0.5, "tp_r": 2, "trail_r": 2}
s02_net|IS|{"exit_time": 18.0, "sl_k": 0.5, "tp_r": 2, "trail_r": 2}
s02_net|IS|{"sl_k": 0.5, "tp_r": 2, "trail_r": 2}
s02_net|IS|{"exit_time": 21.0, "sl_k": 0.5, "tp_r": 2, "trail_r": 2}
s02_net|IS|{"be_r": 0.5, "exit_time": 14.0, "sl_k": 0.5, "tp_r": 2}
s02_net|IS|{"be_r": 0.5, "exit_time": 16.0, "sl_k": 0.5, "tp_r": 2}
s02_net|IS|{"be_r": 0.5, "exit_time": 18.0, "sl_k": 0.5, "tp_r": 2}
s02_net|IS|{"be_r": 0.5, "sl_k": 0.5, "tp_r": 2}
s02_net|IS|{"be_r": 0.5, "exit_time": 21.0, "sl_k": 0.5, "tp_r": 2}
s02_net|IS|{"be_r": 0.5, "exit_time": 14.0, "sl_k": 0.5, "tp_r": 2, "trail_r": 0.5}
s02_net|IS|{"be_r": 0.5, "exit_time": 16.0, "sl_k": 0.5, "tp_r": 2, "trail_r": 0.5}
s02_net|IS|{"be_r": 0.5, "exit_time": 18.0, "sl_k": 0.5, "tp_r": 2, "trail_r": 0.5}
s02_net|IS|{"be_r": 0.5, "sl_k": 0.5, "tp_r": 2, "trail_r": 0.5}
s02_net|IS|{"be_r": 0.5, "exit_time": 21.0, "sl_k": 0.5, "tp_r": 2, "trail_r": 0.5}
s02_net|IS|{"be_r": 0.5, "exit_time": 14.0, "sl_k": 0.5, "tp_r": 2, "trail_r": 1}
s02_net|IS|{"be_r": 0.5, "exit_time": 16.0, "sl_k": 0.5, "tp_r": 2, "trail_r": 1}
s02_net|IS|{"be_r": 0.5, "exit_time": 18.0, "sl_k": 0.5, "tp_r": 2, "trail_r": 1}
s02_net|IS|{"be_r": 0.5, "sl_k": 0.5, "tp_r": 2, "trail_r": 1}
s02_net|IS|{"be_r": 0.5, "exit_time": 21.0, "sl_k": 0.5, "tp_r": 2, "trail_r": 1}
s02_net|IS|{"be_r": 0.5, "exit_time": 14.0, "sl_k": 0.5, "tp_r": 2, "trail_r": 1.5}
s02_net|IS|{"be_r": 0.5, "exit_time": 16.0, "sl_k": 0.5, "tp_r": 2, "trail_r": 1.5}
s02_net|IS|{"be_r": 0.5, "exit_time": 18.0, "sl_k": 0.5, "tp_r": 2, "trail_r": 1.5}
s02_net|IS|{"be_r": 0.5, "sl_k": 0.5, "tp_r": 2, "trail_r": 1.5}
s02_net|IS|{"be_r": 0.5, "exit_time": 21.0, "sl_k": 0.5, "tp_r": 2, "trail_r": 1.5}
s02_net|IS|{"be_r": 0.5, "exit_time": 14.0, "sl_k": 0.5, "tp_r": 2, "trail_r": 2}
s02_net|IS|{"be_r": 0.5, "exit_time": 16.0, "sl_k": 0.5, "tp_r": 2, "trail_r": 2}
s02_net|IS|{"be_r": 0.5, "exit_time": 18.0, "sl_k": 0.5, "tp_r": 2, "trail_r": 2}
s02_net|IS|{"be_r": 0.5, "sl_k": 0.5, "tp_r": 2, "trail_r": 2}
s02_net|IS|{"be_r": 0.5, "exit_time": 21.0, "sl_k": 0.5, "tp_r": 2, "trail_r": 2}
s02_net|IS|{"be_r": 1, "exit_time": 14.0, "sl_k": 0.5, "tp_r": 2}
s02_net|IS|{"be_r": 1, "exit_time": 16.0, "sl_k": 0.5, "tp_r": 2}
s02_net|IS|{"be_r": 1, "exit_time": 18.0, "sl_k": 0.5, "tp_r": 2}
s02_net|IS|{"be_r": 1, "sl_k": 0.5, "tp_r": 2}
s02_net|IS|{"be_r": 1, "exit_time": 21.0, "sl_k": 0.5, "tp_r": 2}
s02_net|IS|{"be_r": 1, "exit_time": 14.0, "sl_k": 0.5, "tp_r": 2, "trail_r": 0.5}
s02_net|IS|{"be_r": 1, "exit_time": 16.0, "sl_k": 0.5, "tp_r": 2, "trail_r": 0.5}
s02_net|IS|{"be_r": 1, "exit_time": 18.0, "sl_k": 0.5, "tp_r": 2, "trail_r": 0.5}
s02_net|IS|{"be_r": 1, "sl_k": 0.5, "tp_r": 2, "trail_r": 0.5}
s02_net|IS|{"be_r": 1, "exit_time": 21.0, "sl_k": 0.5, "tp_r": 2, "trail_r": 0.5}
s02_net|IS|{"be_r": 1, "exit_time": 14.0, "sl_k": 0.5, "tp_r": 2, "trail_r": 1}
s02_net|IS|{"be_r": 1, "exit_time": 16.0, "sl_k": 0.5, "tp_r": 2, "trail_r": 1}
s02_net|IS|{"be_r": 1, "exit_time": 18.0, "sl_k": 0.5, "tp_r": 2, "trail_r": 1}
s02_net|IS|{"be_r": 1, "sl_k": 0.5, "tp_r": 2, "trail_r": 1}
s02_net|IS|{"be_r": 1, "exit_time": 21.0, "sl_k": 0.5, "tp_r": 2, "trail_r": 1}
s02_net|IS|{"be_r": 1, "exit_time": 14.0, "sl_k": 0.5, "tp_r": 2, "trail_r": 1.5}
s02_net|IS|{"be_r": 1, "exit_time": 16.0, "sl_k": 0.5, "tp_r": 2, "trail_r": 1.5}
s02_net|IS|{"be_r": 1, "exit_time": 18.0, "sl_k": 0.5, "tp_r": 2, "trail_r": 1.5}
s02_net|IS|{"be_r": 1, "sl_k": 0.5, "tp_r": 2, "trail_r": 1.5}
s02_net|IS|{"be_r": 1, "exit_time": 21.0, "sl_k": 0.5, "tp_r": 2, "trail_r": 1.5}
s02_net|IS|{"be_r": 1, "exit_time": 14.0, "sl_k": 0.5, "tp_r": 2, "trail_r": 2}
s02_net|IS|{"be_r": 1, "exit_time": 16.0, "sl_k": 0.5, "tp_r": 2, "trail_r": 2}
s02_net|IS|{"be_r": 1, "exit_time": 18.0, "sl_k": 0.5, "tp_r": 2, "trail_r": 2}
s02_net|IS|{"be_r": 1, "sl_k": 0.5, "tp_r": 2, "trail_r": 2}
s02_net|IS|{"be_r": 1, "exit_time": 21.0, "sl_k": 0.5, "tp_r": 2, "trail_r": 2}
s02_net|IS|{"exit_time": 14.0, "sl_k": 0.5, "tp_r": 3}
s02_net|IS|{"exit_time": 16.0, "sl_k": 0.5, "tp_r": 3}
s02_net|IS|{"exit_time": 18.0, "sl_k": 0.5, "tp_r": 3}
s02_net|IS|{"sl_k": 0.5, "tp_r": 3}
s02_net|IS|{"exit_time": 21.0, "sl_k": 0.5, "tp_r": 3}
s02_net|IS|{"exit_time": 14.0, "sl_k": 0.5, "tp_r": 3, "trail_r": 0.5}
s02_net|IS|{"exit_time": 16.0, "sl_k": 0.5, "tp_r": 3, "trail_r": 0.5}
s02_net|IS|{"exit_time": 18.0, "sl_k": 0.5, "tp_r": 3, "trail_r": 0.5}
s02_net|IS|{"sl_k": 0.5, "tp_r": 3, "trail_r": 0.5}
s02_net|IS|{"exit_time": 21.0, "sl_k": 0.5, "tp_r": 3, "trail_r": 0.5}
s02_net|IS|{"exit_time": 14.0, "sl_k": 0.5, "tp_r": 3, "trail_r": 1}
s02_net|IS|{"exit_time": 16.0, "sl_k": 0.5, "tp_r": 3, "trail_r": 1}
s02_net|IS|{"exit_time": 18.0, "sl_k": 0.5, "tp_r": 3, "trail_r": 1}
s02_net|IS|{"sl_k": 0.5, "tp_r": 3, "trail_r": 1}
s02_net|IS|{"exit_time": 21.0, "sl_k": 0.5, "tp_r": 3, "trail_r": 1}
s02_net|IS|{"exit_time": 14.0, "sl_k": 0.5, "tp_r": 3, "trail_r": 1.5}
s02_net|IS|{"exit_time": 16.0, "sl_k": 0.5, "tp_r": 3, "trail_r": 1.5}
s02_net|IS|{"exit_time": 18.0, "sl_k": 0.5, "tp_r": 3, "trail_r": 1.5}
s02_net|IS|{"sl_k": 0.5, "tp_r": 3, "trail_r": 1.5}
s02_net|IS|{"exit_time": 21.0, "sl_k": 0.5, "tp_r": 3, "trail_r": 1.5}
s02_net|IS|{"exit_time": 14.0, "sl_k": 0.5, "tp_r": 3, "trail_r": 2}
s02_net|IS|{"exit_time": 16.0, "sl_k": 0.5, "tp_r": 3, "trail_r": 2}
s02_net|IS|{"exit_time": 18.0, "sl_k": 0.5, "tp_r": 3, "trail_r": 2}
s02_net|IS|{"sl_k": 0.5, "tp_r": 3, "trail_r": 2}
s02_net|IS|{"exit_time": 21.0, "sl_k": 0.5, "tp_r": 3, "trail_r": 2}
s02_net|IS|{"be_r": 0.5, "exit_time": 14.0, "sl_k": 0.5, "tp_r": 3}
s02_net|IS|{"be_r": 0.5, "exit_time": 16.0, "sl_k": 0.5, "tp_r": 3}
s02_net|IS|{"be_r": 0.5, "exit_time": 18.0, "sl_k": 0.5, "tp_r": 3}
s02_net|IS|{"be_r": 0.5, "sl_k": 0.5, "tp_r": 3}
s02_net|IS|{"be_r": 0.5, "exit_time": 21.0, "sl_k": 0.5, "tp_r": 3}
s02_net|IS|{"be_r": 0.5, "exit_time": 14.0, "sl_k": 0.5, "tp_r": 3, "trail_r": 0.5}
s02_net|IS|{"be_r": 0.5, "exit_time": 16.0, "sl_k": 0.5, "tp_r": 3, "trail_r": 0.5}
s02_net|IS|{"be_r": 0.5, "exit_time": 18.0, "sl_k": 0.5, "tp_r": 3, "trail_r": 0.5}
s02_net|IS|{"be_r": 0.5, "sl_k": 0.5, "tp_r": 3, "trail_r": 0.5}
s02_net|IS|{"be_r": 0.5, "exit_time": 21.0, "sl_k": 0.5, "tp_r": 3, "trail_r": 0.5}
s02_net|IS|{"be_r": 0.5, "exit_time": 14.0, "sl_k": 0.5, "tp_r": 3, "trail_r": 1}
s02_net|IS|{"be_r": 0.5, "exit_time": 16.0, "sl_k": 0.5, "tp_r": 3, "trail_r": 1}
s02_net|IS|{"be_r": 0.5, "exit_time": 18.0, "sl_k": 0.5, "tp_r": 3, "trail_r": 1}
s02_net|IS|{"be_r": 0.5, "sl_k": 0.5, "tp_r": 3, "trail_r": 1}
s02_net|IS|{"be_r": 0.5, "exit_time": 21.0, "sl_k": 0.5, "tp_r": 3, "trail_r": 1}
s02_net|IS|{"be_r": 0.5, "exit_time": 14.0, "sl_k": 0.5, "tp_r": 3, "trail_r": 1.5}
s02_net|IS|{"be_r": 0.5, "exit_time": 16.0, "sl_k": 0.5, "tp_r": 3, "trail_r": 1.5}
s02_net|IS|{"be_r": 0.5, "exit_time": 18.0, "sl_k": 0.5, "tp_r": 3, "trail_r": 1.5}
s02_net|IS|{"be_r": 0.5, "sl_k": 0.5, "tp_r": 3, "trail_r": 1.5}
s02_net|IS|{"be_r": 0.5, "exit_time": 21.0, "sl_k": 0.5, "tp_r": 3, "trail_r": 1.5}
s02_net|IS|{"be_r": 0.5, "exit_time": 14.0, "sl_k": 0.5, "tp_r": 3, "trail_r": 2}
s02_net|IS|{"be_r": 0.5, "exit_time": 16.0, "sl_k": 0.5, "tp_r": 3, "trail_r": 2}
s02_net|IS|{"be_r": 0.5, "exit_time": 18.0, "sl_k": 0.5, "tp_r": 3, "trail_r": 2}
s02_net|IS|{"be_r": 0.5, "sl_k": 0.5, "tp_r": 3, "trail_r": 2}
s02_net|IS|{"be_r": 0.5, "exit_time": 21.0, "sl_k": 0.5, "tp_r": 3, "trail_r": 2}
s02_net|IS|{"be_r": 1, "exit_time": 14.0, "sl_k": 0.5, "tp_r": 3}
s02_net|IS|{"be_r": 1, "exit_time": 16.0, "sl_k": 0.5, "tp_r": 3}
s02_net|IS|{"be_r": 1, "exit_time": 18.0, "sl_k": 0.5, "tp_r": 3}
s02_net|IS|{"be_r": 1, "sl_k": 0.5, "tp_r": 3}
s02_net|IS|{"be_r": 1, "exit_time": 21.0, "sl_k": 0.5, "tp_r": 3}
s02_net|IS|{"be_r": 1, "exit_time": 14.0, "sl_k": 0.5, "tp_r": 3, "trail_r": 0.5}
s02_net|IS|{"be_r": 1, "exit_time": 16.0, "sl_k": 0.5, "tp_r": 3, "trail_r": 0.5}
s02_net|IS|{"be_r": 1, "exit_time": 18.0, "sl_k": 0.5, "tp_r": 3, "trail_r": 0.5}
s02_net|IS|{"be_r": 1, "sl_k": 0.5, "tp_r": 3, "trail_r": 0.5}
s02_net|IS|{"be_r": 1, "exit_time": 21.0, "sl_k": 0.5, "tp_r": 3, "trail_r": 0.5}
s02_net|IS|{"be_r": 1, "exit_time": 14.0, "sl_k": 0.5, "tp_r": 3, "trail_r": 1}
s02_net|IS|{"be_r": 1, "exit_time": 16.0, "sl_k": 0.5, "tp_r": 3, "trail_r": 1}
s02_net|IS|{"be_r": 1, "exit_time": 18.0, "sl_k": 0.5, "tp_r": 3, "trail_r": 1}
s02_net|IS|{"be_r": 1, "sl_k": 0.5, "tp_r": 3, "trail_r": 1}
s02_net|IS|{"be_r": 1, "exit_time": 21.0, "sl_k": 0.5, "tp_r": 3, "trail_r": 1}
s02_net|IS|{"be_r": 1, "exit_time": 14.0, "sl_k": 0.5, "tp_r": 3, "trail_r": 1.5}
s02_net|IS|{"be_r": 1, "exit_time": 16.0, "sl_k": 0.5, "tp_r": 3, "trail_r": 1.5}
s02_net|IS|{"be_r": 1, "exit_time": 18.0, "sl_k": 0.5, "tp_r": 3, "trail_r": 1.5}
s02_net|IS|{"be_r": 1, "sl_k": 0.5, "tp_r": 3, "trail_r": 1.5}
s02_net|IS|{"be_r": 1, "exit_time": 21.0, "sl_k": 0.5, "tp_r": 3, "trail_r": 1.5}
s02_net|IS|{"be_r": 1, "exit_time": 14.0, "sl_k": 0.5, "tp_r": 3, "trail_r": 2}
s02_net|IS|{"be_r": 1, "exit_time": 16.0, "sl_k": 0.5, "tp_r": 3, "trail_r": 2}
s02_net|IS|{"be_r": 1, "exit_time": 18.0, "sl_k": 0.5, "tp_r": 3, "trail_r": 2}
s02_net|IS|{"be_r": 1, "sl_k": 0.5, "tp_r": 3, "trail_r": 2}
s02_net|IS|{"be_r": 1, "exit_time": 21.0, "sl_k": 0.5, "tp_r": 3, "trail_r": 2}
s02_net|IS|{"exit_time": 14.0, "sl_k": 0.5, "tp_r": 4}
s02_net|IS|{"exit_time": 16.0, "sl_k": 0.5, "tp_r": 4}
s02_net|IS|{"exit_time": 18.0, "sl_k": 0.5, "tp_r": 4}
s02_net|IS|{"sl_k": 0.5, "tp_r": 4}
s02_net|IS|{"exit_time": 21.0, "sl_k": 0.5, "tp_r": 4}
s02_net|IS|{"exit_time": 14.0, "sl_k": 0.5, "tp_r": 4, "trail_r": 0.5}
s02_net|IS|{"exit_time": 16.0, "sl_k": 0.5, "tp_r": 4, "trail_r": 0.5}
s02_net|IS|{"exit_time": 18.0, "sl_k": 0.5, "tp_r": 4, "trail_r": 0.5}
s02_net|IS|{"sl_k": 0.5, "tp_r": 4, "trail_r": 0.5}
s02_net|IS|{"exit_time": 21.0, "sl_k": 0.5, "tp_r": 4, "trail_r": 0.5}
s02_net|IS|{"exit_time": 14.0, "sl_k": 0.5, "tp_r": 4, "trail_r": 1}
s02_net|IS|{"exit_time": 16.0, "sl_k": 0.5, "tp_r": 4, "trail_r": 1}
s02_net|IS|{"exit_time": 18.0, "sl_k": 0.5, "tp_r": 4, "trail_r": 1}
s02_net|IS|{"sl_k": 0.5, "tp_r": 4, "trail_r": 1}
s02_net|IS|{"exit_time": 21.0, "sl_k": 0.5, "tp_r": 4, "trail_r": 1}
s02_net|IS|{"exit_time": 14.0, "sl_k": 0.5, "tp_r": 4, "trail_r": 1.5}
s02_net|IS|{"exit_time": 16.0, "sl_k": 0.5, "tp_r": 4, "trail_r": 1.5}
s02_net|IS|{"exit_time": 18.0, "sl_k": 0.5, "tp_r": 4, "trail_r": 1.5}
s02_net|IS|{"sl_k": 0.5, "tp_r": 4, "trail_r": 1.5}
s02_net|IS|{"exit_time": 21.0, "sl_k": 0.5, "tp_r": 4, "trail_r": 1.5}
s02_net|IS|{"exit_time": 14.0, "sl_k": 0.5, "tp_r": 4, "trail_r": 2}
s02_net|IS|{"exit_time": 16.0, "sl_k": 0.5, "tp_r": 4, "trail_r": 2}
s02_net|IS|{"exit_time": 18.0, "sl_k": 0.5, "tp_r": 4, "trail_r": 2}
s02_net|IS|{"sl_k": 0.5, "tp_r": 4, "trail_r": 2}
s02_net|IS|{"exit_time": 21.0, "sl_k": 0.5, "tp_r": 4, "trail_r": 2}
s02_net|IS|{"be_r": 0.5, "exit_time": 14.0, "sl_k": 0.5, "tp_r": 4}
s02_net|IS|{"be_r": 0.5, "exit_time": 16.0, "sl_k": 0.5, "tp_r": 4}
s02_net|IS|{"be_r": 0.5, "exit_time": 18.0, "sl_k": 0.5, "tp_r": 4}
s02_net|IS|{"be_r": 0.5, "sl_k": 0.5, "tp_r": 4}
s02_net|IS|{"be_r": 0.5, "exit_time": 21.0, "sl_k": 0.5, "tp_r": 4}
s02_net|IS|{"be_r": 0.5, "exit_time": 14.0, "sl_k": 0.5, "tp_r": 4, "trail_r": 0.5}
s02_net|IS|{"be_r": 0.5, "exit_time": 16.0, "sl_k": 0.5, "tp_r": 4, "trail_r": 0.5}
s02_net|IS|{"be_r": 0.5, "exit_time": 18.0, "sl_k": 0.5, "tp_r": 4, "trail_r": 0.5}
s02_net|IS|{"be_r": 0.5, "sl_k": 0.5, "tp_r": 4, "trail_r": 0.5}
s02_net|IS|{"be_r": 0.5, "exit_time": 21.0, "sl_k": 0.5, "tp_r": 4, "trail_r": 0.5}
s02_net|IS|{"be_r": 0.5, "exit_time": 14.0, "sl_k": 0.5, "tp_r": 4, "trail_r": 1}
s02_net|IS|{"be_r": 0.5, "exit_time": 16.0, "sl_k": 0.5, "tp_r": 4, "trail_r": 1}
s02_net|IS|{"be_r": 0.5, "exit_time": 18.0, "sl_k": 0.5, "tp_r": 4, "trail_r": 1}
s02_net|IS|{"be_r": 0.5, "sl_k": 0.5, "tp_r": 4, "trail_r": 1}
s02_net|IS|{"be_r": 0.5, "exit_time": 21.0, "sl_k": 0.5, "tp_r": 4, "trail_r": 1}
s02_net|IS|{"be_r": 0.5, "exit_time": 14.0, "sl_k": 0.5, "tp_r": 4, "trail_r": 1.5}
s02_net|IS|{"be_r": 0.5, "exit_time": 16.0, "sl_k": 0.5, "tp_r": 4, "trail_r": 1.5}
s02_net|IS|{"be_r": 0.5, "exit_time": 18.0, "sl_k": 0.5, "tp_r": 4, "trail_r": 1.5}
s02_net|IS|{"be_r": 0.5, "sl_k": 0.5, "tp_r": 4, "trail_r": 1.5}
s02_net|IS|{"be_r": 0.5, "exit_time": 21.0, "sl_k": 0.5, "tp_r": 4, "trail_r": 1.5}
s02_net|IS|{"be_r": 0.5, "exit_time": 14.0, "sl_k": 0.5, "tp_r": 4, "trail_r": 2}
s02_net|IS|{"be_r": 0.5, "exit_time": 16.0, "sl_k": 0.5, "tp_r": 4, "trail_r": 2}
s02_net|IS|{"be_r": 0.5, "exit_time": 18.0, "sl_k": 0.5, "tp_r": 4, "trail_r": 2}
s02_net|IS|{"be_r": 0.5, "sl_k": 0.5, "tp_r": 4, "trail_r": 2}
s02_net|IS|{"be_r": 0.5, "exit_time": 21.0, "sl_k": 0.5, "tp_r": 4, "trail_r": 2}
s02_net|IS|{"be_r": 1, "exit_time": 14.0, "sl_k": 0.5, "tp_r": 4}
s02_net|IS|{"be_r": 1, "exit_time": 16.0, "sl_k": 0.5, "tp_r": 4}
s02_net|IS|{"be_r": 1, "exit_time": 18.0, "sl_k": 0.5, "tp_r": 4}
s02_net|IS|{"be_r": 1, "sl_k": 0.5, "tp_r": 4}
s02_net|IS|{"be_r": 1, "exit_time": 21.0, "sl_k": 0.5, "tp_r": 4}
s02_net|IS|{"be_r": 1, "exit_time": 14.0, "sl_k": 0.5, "tp_r": 4, "trail_r": 0.5}
s02_net|IS|{"be_r": 1, "exit_time": 16.0, "sl_k": 0.5, "tp_r": 4, "trail_r": 0.5}
s02_net|IS|{"be_r": 1, "exit_time": 18.0, "sl_k": 0.5, "tp_r": 4, "trail_r": 0.5}
s02_net|IS|{"be_r": 1, "sl_k": 0.5, "tp_r": 4, "trail_r": 0.5}
s02_net|IS|{"be_r": 1, "exit_time": 21.0, "sl_k": 0.5, "tp_r": 4, "trail_r": 0.5}
s02_net|IS|{"be_r": 1, "exit_time": 14.0, "sl_k": 0.5, "tp_r": 4, "trail_r": 1}
s02_net|IS|{"be_r": 1, "exit_time": 16.0, "sl_k": 0.5, "tp_r": 4, "trail_r": 1}
s02_net|IS|{"be_r": 1, "exit_time": 18.0, "sl_k": 0.5, "tp_r": 4, "trail_r": 1}
s02_net|IS|{"be_r": 1, "sl_k": 0.5, "tp_r": 4, "trail_r": 1}
s02_net|IS|{"be_r": 1, "exit_time": 21.0, "sl_k": 0.5, "tp_r": 4, "trail_r": 1}
s02_net|IS|{"be_r": 1, "exit_time": 14.0, "sl_k": 0.5, "tp_r": 4, "trail_r": 1.5}
s02_net|IS|{"be_r": 1, "exit_time": 16.0, "sl_k": 0.5, "tp_r": 4, "trail_r": 1.5}
s02_net|IS|{"be_r": 1, "exit_time": 18.0, "sl_k": 0.5, "tp_r": 4, "trail_r": 1.5}
s02_net|IS|{"be_r": 1, "sl_k": 0.5, "tp_r": 4, "trail_r": 1.5}
s02_net|IS|{"be_r": 1, "exit_time": 21.0, "sl_k": 0.5, "tp_r": 4, "trail_r": 1.5}
s02_net|IS|{"be_r": 1, "exit_time": 14.0, "sl_k": 0.5, "tp_r": 4, "trail_r": 2}
s02_net|IS|{"be_r": 1, "exit_time": 16.0, "sl_k": 0.5, "tp_r": 4, "trail_r": 2}
s02_net|IS|{"be_r": 1, "exit_time": 18.0, "sl_k": 0.5, "tp_r": 4, "trail_r": 2}
s02_net|IS|{"be_r": 1, "sl_k": 0.5, "tp_r": 4, "trail_r": 2}
s02_net|IS|{"be_r": 1, "exit_time": 21.0, "sl_k": 0.5, "tp_r": 4, "trail_r": 2}
s02_net|IS|{"exit_time": 14.0, "sl_k": 0.75}
s02_net|IS|{"exit_time": 16.0, "sl_k": 0.75}
s02_net|IS|{"exit_time": 18.0, "sl_k": 0.75}
s02_net|IS|{"sl_k": 0.75}
s02_net|IS|{"exit_time": 21.0, "sl_k": 0.75}
s02_net|IS|{"exit_time": 14.0, "sl_k": 0.75, "trail_r": 0.5}
s02_net|IS|{"exit_time": 16.0, "sl_k": 0.75, "trail_r": 0.5}
s02_net|IS|{"exit_time": 18.0, "sl_k": 0.75, "trail_r": 0.5}
s02_net|IS|{"sl_k": 0.75, "trail_r": 0.5}
s02_net|IS|{"exit_time": 21.0, "sl_k": 0.75, "trail_r": 0.5}
s02_net|IS|{"exit_time": 14.0, "sl_k": 0.75, "trail_r": 1}
s02_net|IS|{"exit_time": 16.0, "sl_k": 0.75, "trail_r": 1}
s02_net|IS|{"exit_time": 18.0, "sl_k": 0.75, "trail_r": 1}
s02_net|IS|{"sl_k": 0.75, "trail_r": 1}
s02_net|IS|{"exit_time": 21.0, "sl_k": 0.75, "trail_r": 1}
s02_net|IS|{"exit_time": 14.0, "sl_k": 0.75, "trail_r": 1.5}
s02_net|IS|{"exit_time": 16.0, "sl_k": 0.75, "trail_r": 1.5}
s02_net|IS|{"exit_time": 18.0, "sl_k": 0.75, "trail_r": 1.5}
s02_net|IS|{"sl_k": 0.75, "trail_r": 1.5}
s02_net|IS|{"exit_time": 21.0, "sl_k": 0.75, "trail_r": 1.5}
s02_net|IS|{"exit_time": 14.0, "sl_k": 0.75, "trail_r": 2}
s02_net|IS|{"exit_time": 16.0, "sl_k": 0.75, "trail_r": 2}
s02_net|IS|{"exit_time": 18.0, "sl_k": 0.75, "trail_r": 2}
s02_net|IS|{"sl_k": 0.75, "trail_r": 2}
s02_net|IS|{"exit_time": 21.0, "sl_k": 0.75, "trail_r": 2}
s02_net|IS|{"be_r": 0.5, "exit_time": 14.0, "sl_k": 0.75}
s02_net|IS|{"be_r": 0.5, "exit_time": 16.0, "sl_k": 0.75}
s02_net|IS|{"be_r": 0.5, "exit_time": 18.0, "sl_k": 0.75}
s02_net|IS|{"be_r": 0.5, "sl_k": 0.75}
s02_net|IS|{"be_r": 0.5, "exit_time": 21.0, "sl_k": 0.75}
s02_net|IS|{"be_r": 0.5, "exit_time": 14.0, "sl_k": 0.75, "trail_r": 0.5}
s02_net|IS|{"be_r": 0.5, "exit_time": 16.0, "sl_k": 0.75, "trail_r": 0.5}
s02_net|IS|{"be_r": 0.5, "exit_time": 18.0, "sl_k": 0.75, "trail_r": 0.5}
s02_net|IS|{"be_r": 0.5, "sl_k": 0.75, "trail_r": 0.5}
s02_net|IS|{"be_r": 0.5, "exit_time": 21.0, "sl_k": 0.75, "trail_r": 0.5}
s02_net|IS|{"be_r": 0.5, "exit_time": 14.0, "sl_k": 0.75, "trail_r": 1}
s02_net|IS|{"be_r": 0.5, "exit_time": 16.0, "sl_k": 0.75, "trail_r": 1}
s02_net|IS|{"be_r": 0.5, "exit_time": 18.0, "sl_k": 0.75, "trail_r": 1}
s02_net|IS|{"be_r": 0.5, "sl_k": 0.75, "trail_r": 1}
s02_net|IS|{"be_r": 0.5, "exit_time": 21.0, "sl_k": 0.75, "trail_r": 1}
s02_net|IS|{"be_r": 0.5, "exit_time": 14.0, "sl_k": 0.75, "trail_r": 1.5}
s02_net|IS|{"be_r": 0.5, "exit_time": 16.0, "sl_k": 0.75, "trail_r": 1.5}
s02_net|IS|{"be_r": 0.5, "exit_time": 18.0, "sl_k": 0.75, "trail_r": 1.5}
s02_net|IS|{"be_r": 0.5, "sl_k": 0.75, "trail_r": 1.5}
s02_net|IS|{"be_r": 0.5, "exit_time": 21.0, "sl_k": 0.75, "trail_r": 1.5}
s02_net|IS|{"be_r": 0.5, "exit_time": 14.0, "sl_k": 0.75, "trail_r": 2}
s02_net|IS|{"be_r": 0.5, "exit_time": 16.0, "sl_k": 0.75, "trail_r": 2}
s02_net|IS|{"be_r": 0.5, "exit_time": 18.0, "sl_k": 0.75, "trail_r": 2}
s02_net|IS|{"be_r": 0.5, "sl_k": 0.75, "trail_r": 2}
s02_net|IS|{"be_r": 0.5, "exit_time": 21.0, "sl_k": 0.75, "trail_r": 2}
s02_net|IS|{"be_r": 1, "exit_time": 14.0, "sl_k": 0.75}
s02_net|IS|{"be_r": 1, "exit_time": 16.0, "sl_k": 0.75}
s02_net|IS|{"be_r": 1, "exit_time": 18.0, "sl_k": 0.75}
s02_net|IS|{"be_r": 1, "sl_k": 0.75}
s02_net|IS|{"be_r": 1, "exit_time": 21.0, "sl_k": 0.75}
s02_net|IS|{"be_r": 1, "exit_time": 14.0, "sl_k": 0.75, "trail_r": 0.5}
s02_net|IS|{"be_r": 1, "exit_time": 16.0, "sl_k": 0.75, "trail_r": 0.5}
s02_net|IS|{"be_r": 1, "exit_time": 18.0, "sl_k": 0.75, "trail_r": 0.5}
s02_net|IS|{"be_r": 1, "sl_k": 0.75, "trail_r": 0.5}
s02_net|IS|{"be_r": 1, "exit_time": 21.0, "sl_k": 0.75, "trail_r": 0.5}
s02_net|IS|{"be_r": 1, "exit_time": 14.0, "sl_k": 0.75, "trail_r": 1}
s02_net|IS|{"be_r": 1, "exit_time": 16.0, "sl_k": 0.75, "trail_r": 1}
s02_net|IS|{"be_r": 1, "exit_time": 18.0, "sl_k": 0.75, "trail_r": 1}
s02_net|IS|{"be_r": 1, "sl_k": 0.75, "trail_r": 1}
s02_net|IS|{"be_r": 1, "exit_time": 21.0, "sl_k": 0.75, "trail_r": 1}
s02_net|IS|{"be_r": 1, "exit_time": 14.0, "sl_k": 0.75, "trail_r": 1.5}
s02_net|IS|{"be_r": 1, "exit_time": 16.0, "sl_k": 0.75, "trail_r": 1.5}
s02_net|IS|{"be_r": 1, "exit_time": 18.0, "sl_k": 0.75, "trail_r": 1.5}
s02_net|IS|{"be_r": 1, "sl_k": 0.75, "trail_r": 1.5}
s02_net|IS|{"be_r": 1, "exit_time": 21.0, "sl_k": 0.75, "trail_r": 1.5}
s02_net|IS|{"be_r": 1, "exit_time": 14.0, "sl_k": 0.75, "trail_r": 2}
s02_net|IS|{"be_r": 1, "exit_time": 16.0, "sl_k": 0.75, "trail_r": 2}
s02_net|IS|{"be_r": 1, "exit_time": 18.0, "sl_k": 0.75, "trail_r": 2}
s02_net|IS|{"be_r": 1, "sl_k": 0.75, "trail_r": 2}
s02_net|IS|{"be_r": 1, "exit_time": 21.0, "sl_k": 0.75, "trail_r": 2}
s02_net|IS|{"exit_time": 14.0, "sl_k": 0.75, "tp_r": 1}
s02_net|IS|{"exit_time": 16.0, "sl_k": 0.75, "tp_r": 1}
s02_net|IS|{"exit_time": 18.0, "sl_k": 0.75, "tp_r": 1}
s02_net|IS|{"sl_k": 0.75, "tp_r": 1}
s02_net|IS|{"exit_time": 21.0, "sl_k": 0.75, "tp_r": 1}
s02_net|IS|{"exit_time": 14.0, "sl_k": 0.75, "tp_r": 1, "trail_r": 0.5}
s02_net|IS|{"exit_time": 16.0, "sl_k": 0.75, "tp_r": 1, "trail_r": 0.5}
s02_net|IS|{"exit_time": 18.0, "sl_k": 0.75, "tp_r": 1, "trail_r": 0.5}
s02_net|IS|{"sl_k": 0.75, "tp_r": 1, "trail_r": 0.5}
s02_net|IS|{"exit_time": 21.0, "sl_k": 0.75, "tp_r": 1, "trail_r": 0.5}
s02_net|IS|{"exit_time": 14.0, "sl_k": 0.75, "tp_r": 1, "trail_r": 1}
s02_net|IS|{"exit_time": 16.0, "sl_k": 0.75, "tp_r": 1, "trail_r": 1}
s02_net|IS|{"exit_time": 18.0, "sl_k": 0.75, "tp_r": 1, "trail_r": 1}
s02_net|IS|{"sl_k": 0.75, "tp_r": 1, "trail_r": 1}
s02_net|IS|{"exit_time": 21.0, "sl_k": 0.75, "tp_r": 1, "trail_r": 1}
s02_net|IS|{"exit_time": 14.0, "sl_k": 0.75, "tp_r": 1, "trail_r": 1.5}
s02_net|IS|{"exit_time": 16.0, "sl_k": 0.75, "tp_r": 1, "trail_r": 1.5}
s02_net|IS|{"exit_time": 18.0, "sl_k": 0.75, "tp_r": 1, "trail_r": 1.5}
s02_net|IS|{"sl_k": 0.75, "tp_r": 1, "trail_r": 1.5}
s02_net|IS|{"exit_time": 21.0, "sl_k": 0.75, "tp_r": 1, "trail_r": 1.5}
s02_net|IS|{"exit_time": 14.0, "sl_k": 0.75, "tp_r": 1, "trail_r": 2}
s02_net|IS|{"exit_time": 16.0, "sl_k": 0.75, "tp_r": 1, "trail_r": 2}
s02_net|IS|{"exit_time": 18.0, "sl_k": 0.75, "tp_r": 1, "trail_r": 2}
s02_net|IS|{"sl_k": 0.75, "tp_r": 1, "trail_r": 2}
s02_net|IS|{"exit_time": 21.0, "sl_k": 0.75, "tp_r": 1, "trail_r": 2}
s02_net|IS|{"be_r": 0.5, "exit_time": 14.0, "sl_k": 0.75, "tp_r": 1}
s02_net|IS|{"be_r": 0.5, "exit_time": 16.0, "sl_k": 0.75, "tp_r": 1}
s02_net|IS|{"be_r": 0.5, "exit_time": 18.0, "sl_k": 0.75, "tp_r": 1}
s02_net|IS|{"be_r": 0.5, "sl_k": 0.75, "tp_r": 1}
s02_net|IS|{"be_r": 0.5, "exit_time": 21.0, "sl_k": 0.75, "tp_r": 1}
s02_net|IS|{"be_r": 0.5, "exit_time": 14.0, "sl_k": 0.75, "tp_r": 1, "trail_r": 0.5}
s02_net|IS|{"be_r": 0.5, "exit_time": 16.0, "sl_k": 0.75, "tp_r": 1, "trail_r": 0.5}
s02_net|IS|{"be_r": 0.5, "exit_time": 18.0, "sl_k": 0.75, "tp_r": 1, "trail_r": 0.5}
s02_net|IS|{"be_r": 0.5, "sl_k": 0.75, "tp_r": 1, "trail_r": 0.5}
s02_net|IS|{"be_r": 0.5, "exit_time": 21.0, "sl_k": 0.75, "tp_r": 1, "trail_r": 0.5}
s02_net|IS|{"be_r": 0.5, "exit_time": 14.0, "sl_k": 0.75, "tp_r": 1, "trail_r": 1}
s02_net|IS|{"be_r": 0.5, "exit_time": 16.0, "sl_k": 0.75, "tp_r": 1, "trail_r": 1}
s02_net|IS|{"be_r": 0.5, "exit_time": 18.0, "sl_k": 0.75, "tp_r": 1, "trail_r": 1}
s02_net|IS|{"be_r": 0.5, "sl_k": 0.75, "tp_r": 1, "trail_r": 1}
s02_net|IS|{"be_r": 0.5, "exit_time": 21.0, "sl_k": 0.75, "tp_r": 1, "trail_r": 1}
s02_net|IS|{"be_r": 0.5, "exit_time": 14.0, "sl_k": 0.75, "tp_r": 1, "trail_r": 1.5}
s02_net|IS|{"be_r": 0.5, "exit_time": 16.0, "sl_k": 0.75, "tp_r": 1, "trail_r": 1.5}
s02_net|IS|{"be_r": 0.5, "exit_time": 18.0, "sl_k": 0.75, "tp_r": 1, "trail_r": 1.5}
s02_net|IS|{"be_r": 0.5, "sl_k": 0.75, "tp_r": 1, "trail_r": 1.5}
s02_net|IS|{"be_r": 0.5, "exit_time": 21.0, "sl_k": 0.75, "tp_r": 1, "trail_r": 1.5}
s02_net|IS|{"be_r": 0.5, "exit_time": 14.0, "sl_k": 0.75, "tp_r": 1, "trail_r": 2}
s02_net|IS|{"be_r": 0.5, "exit_time": 16.0, "sl_k": 0.75, "tp_r": 1, "trail_r": 2}
s02_net|IS|{"be_r": 0.5, "exit_time": 18.0, "sl_k": 0.75, "tp_r": 1, "trail_r": 2}
s02_net|IS|{"be_r": 0.5, "sl_k": 0.75, "tp_r": 1, "trail_r": 2}
s02_net|IS|{"be_r": 0.5, "exit_time": 21.0, "sl_k": 0.75, "tp_r": 1, "trail_r": 2}
s02_net|IS|{"be_r": 1, "exit_time": 14.0, "sl_k": 0.75, "tp_r": 1}
s02_net|IS|{"be_r": 1, "exit_time": 16.0, "sl_k": 0.75, "tp_r": 1}
s02_net|IS|{"be_r": 1, "exit_time": 18.0, "sl_k": 0.75, "tp_r": 1}
s02_net|IS|{"be_r": 1, "sl_k": 0.75, "tp_r": 1}
s02_net|IS|{"be_r": 1, "exit_time": 21.0, "sl_k": 0.75, "tp_r": 1}
s02_net|IS|{"be_r": 1, "exit_time": 14.0, "sl_k": 0.75, "tp_r": 1, "trail_r": 0.5}
s02_net|IS|{"be_r": 1, "exit_time": 16.0, "sl_k": 0.75, "tp_r": 1, "trail_r": 0.5}
s02_net|IS|{"be_r": 1, "exit_time": 18.0, "sl_k": 0.75, "tp_r": 1, "trail_r": 0.5}
s02_net|IS|{"be_r": 1, "sl_k": 0.75, "tp_r": 1, "trail_r": 0.5}
s02_net|IS|{"be_r": 1, "exit_time": 21.0, "sl_k": 0.75, "tp_r": 1, "trail_r": 0.5}
s02_net|IS|{"be_r": 1, "exit_time": 14.0, "sl_k": 0.75, "tp_r": 1, "trail_r": 1}
s02_net|IS|{"be_r": 1, "exit_time": 16.0, "sl_k": 0.75, "tp_r": 1, "trail_r": 1}
s02_net|IS|{"be_r": 1, "exit_time": 18.0, "sl_k": 0.75, "tp_r": 1, "trail_r": 1}
s02_net|IS|{"be_r": 1, "sl_k": 0.75, "tp_r": 1, "trail_r": 1}
s02_net|IS|{"be_r": 1, "exit_time": 21.0, "sl_k": 0.75, "tp_r": 1, "trail_r": 1}
s02_net|IS|{"be_r": 1, "exit_time": 14.0, "sl_k": 0.75, "tp_r": 1, "trail_r": 1.5}
s02_net|IS|{"be_r": 1, "exit_time": 16.0, "sl_k": 0.75, "tp_r": 1, "trail_r": 1.5}
s02_net|IS|{"be_r": 1, "exit_time": 18.0, "sl_k": 0.75, "tp_r": 1, "trail_r": 1.5}
s02_net|IS|{"be_r": 1, "sl_k": 0.75, "tp_r": 1, "trail_r": 1.5}
s02_net|IS|{"be_r": 1, "exit_time": 21.0, "sl_k": 0.75, "tp_r": 1, "trail_r": 1.5}
s02_net|IS|{"be_r": 1, "exit_time": 14.0, "sl_k": 0.75, "tp_r": 1, "trail_r": 2}
s02_net|IS|{"be_r": 1, "exit_time": 16.0, "sl_k": 0.75, "tp_r": 1, "trail_r": 2}
s02_net|IS|{"be_r": 1, "exit_time": 18.0, "sl_k": 0.75, "tp_r": 1, "trail_r": 2}
s02_net|IS|{"be_r": 1, "sl_k": 0.75, "tp_r": 1, "trail_r": 2}
s02_net|IS|{"be_r": 1, "exit_time": 21.0, "sl_k": 0.75, "tp_r": 1, "trail_r": 2}
s02_net|IS|{"exit_time": 14.0, "sl_k": 0.75, "tp_r": 1.5}
s02_net|IS|{"exit_time": 16.0, "sl_k": 0.75, "tp_r": 1.5}
s02_net|IS|{"exit_time": 18.0, "sl_k": 0.75, "tp_r": 1.5}
s02_net|IS|{"sl_k": 0.75, "tp_r": 1.5}
s02_net|IS|{"exit_time": 21.0, "sl_k": 0.75, "tp_r": 1.5}
s02_net|IS|{"exit_time": 14.0, "sl_k": 0.75, "tp_r": 1.5, "trail_r": 0.5}
s02_net|IS|{"exit_time": 16.0, "sl_k": 0.75, "tp_r": 1.5, "trail_r": 0.5}
s02_net|IS|{"exit_time": 18.0, "sl_k": 0.75, "tp_r": 1.5, "trail_r": 0.5}
s02_net|IS|{"sl_k": 0.75, "tp_r": 1.5, "trail_r": 0.5}
s02_net|IS|{"exit_time": 21.0, "sl_k": 0.75, "tp_r": 1.5, "trail_r": 0.5}
s02_net|IS|{"exit_time": 14.0, "sl_k": 0.75, "tp_r": 1.5, "trail_r": 1}
s02_net|IS|{"exit_time": 16.0, "sl_k": 0.75, "tp_r": 1.5, "trail_r": 1}
s02_net|IS|{"exit_time": 18.0, "sl_k": 0.75, "tp_r": 1.5, "trail_r": 1}
s02_net|IS|{"sl_k": 0.75, "tp_r": 1.5, "trail_r": 1}
s02_net|IS|{"exit_time": 21.0, "sl_k": 0.75, "tp_r": 1.5, "trail_r": 1}
s02_net|IS|{"exit_time": 14.0, "sl_k": 0.75, "tp_r": 1.5, "trail_r": 1.5}
s02_net|IS|{"exit_time": 16.0, "sl_k": 0.75, "tp_r": 1.5, "trail_r": 1.5}
s02_net|IS|{"exit_time": 18.0, "sl_k": 0.75, "tp_r": 1.5, "trail_r": 1.5}
s02_net|IS|{"sl_k": 0.75, "tp_r": 1.5, "trail_r": 1.5}
s02_net|IS|{"exit_time": 21.0, "sl_k": 0.75, "tp_r": 1.5, "trail_r": 1.5}
s02_net|IS|{"exit_time": 14.0, "sl_k": 0.75, "tp_r": 1.5, "trail_r": 2}
s02_net|IS|{"exit_time": 16.0, "sl_k": 0.75, "tp_r": 1.5, "trail_r": 2}
s02_net|IS|{"exit_time": 18.0, "sl_k": 0.75, "tp_r": 1.5, "trail_r": 2}
s02_net|IS|{"sl_k": 0.75, "tp_r": 1.5, "trail_r": 2}
s02_net|IS|{"exit_time": 21.0, "sl_k": 0.75, "tp_r": 1.5, "trail_r": 2}
s02_net|IS|{"be_r": 0.5, "exit_time": 14.0, "sl_k": 0.75, "tp_r": 1.5}
s02_net|IS|{"be_r": 0.5, "exit_time": 16.0, "sl_k": 0.75, "tp_r": 1.5}
s02_net|IS|{"be_r": 0.5, "exit_time": 18.0, "sl_k": 0.75, "tp_r": 1.5}
s02_net|IS|{"be_r": 0.5, "sl_k": 0.75, "tp_r": 1.5}
s02_net|IS|{"be_r": 0.5, "exit_time": 21.0, "sl_k": 0.75, "tp_r": 1.5}
s02_net|IS|{"be_r": 0.5, "exit_time": 14.0, "sl_k": 0.75, "tp_r": 1.5, "trail_r": 0.5}
s02_net|IS|{"be_r": 0.5, "exit_time": 16.0, "sl_k": 0.75, "tp_r": 1.5, "trail_r": 0.5}
s02_net|IS|{"be_r": 0.5, "exit_time": 18.0, "sl_k": 0.75, "tp_r": 1.5, "trail_r": 0.5}
s02_net|IS|{"be_r": 0.5, "sl_k": 0.75, "tp_r": 1.5, "trail_r": 0.5}
s02_net|IS|{"be_r": 0.5, "exit_time": 21.0, "sl_k": 0.75, "tp_r": 1.5, "trail_r": 0.5}
s02_net|IS|{"be_r": 0.5, "exit_time": 14.0, "sl_k": 0.75, "tp_r": 1.5, "trail_r": 1}
s02_net|IS|{"be_r": 0.5, "exit_time": 16.0, "sl_k": 0.75, "tp_r": 1.5, "trail_r": 1}
s02_net|IS|{"be_r": 0.5, "exit_time": 18.0, "sl_k": 0.75, "tp_r": 1.5, "trail_r": 1}
s02_net|IS|{"be_r": 0.5, "sl_k": 0.75, "tp_r": 1.5, "trail_r": 1}
s02_net|IS|{"be_r": 0.5, "exit_time": 21.0, "sl_k": 0.75, "tp_r": 1.5, "trail_r": 1}
s02_net|IS|{"be_r": 0.5, "exit_time": 14.0, "sl_k": 0.75, "tp_r": 1.5, "trail_r": 1.5}
s02_net|IS|{"be_r": 0.5, "exit_time": 16.0, "sl_k": 0.75, "tp_r": 1.5, "trail_r": 1.5}
s02_net|IS|{"be_r": 0.5, "exit_time": 18.0, "sl_k": 0.75, "tp_r": 1.5, "trail_r": 1.5}
s02_net|IS|{"be_r": 0.5, "sl_k": 0.75, "tp_r": 1.5, "trail_r": 1.5}
s02_net|IS|{"be_r": 0.5, "exit_time": 21.0, "sl_k": 0.75, "tp_r": 1.5, "trail_r": 1.5}
s02_net|IS|{"be_r": 0.5, "exit_time": 14.0, "sl_k": 0.75, "tp_r": 1.5, "trail_r": 2}
s02_net|IS|{"be_r": 0.5, "exit_time": 16.0, "sl_k": 0.75, "tp_r": 1.5, "trail_r": 2}
s02_net|IS|{"be_r": 0.5, "exit_time": 18.0, "sl_k": 0.75, "tp_r": 1.5, "trail_r": 2}
s02_net|IS|{"be_r": 0.5, "sl_k": 0.75, "tp_r": 1.5, "trail_r": 2}
s02_net|IS|{"be_r": 0.5, "exit_time": 21.0, "sl_k": 0.75, "tp_r": 1.5, "trail_r": 2}
s02_net|IS|{"be_r": 1, "exit_time": 14.0, "sl_k": 0.75, "tp_r": 1.5}
s02_net|IS|{"be_r": 1, "exit_time": 16.0, "sl_k": 0.75, "tp_r": 1.5}
s02_net|IS|{"be_r": 1, "exit_time": 18.0, "sl_k": 0.75, "tp_r": 1.5}
s02_net|IS|{"be_r": 1, "sl_k": 0.75, "tp_r": 1.5}
s02_net|IS|{"be_r": 1, "exit_time": 21.0, "sl_k": 0.75, "tp_r": 1.5}
s02_net|IS|{"be_r": 1, "exit_time": 14.0, "sl_k": 0.75, "tp_r": 1.5, "trail_r": 0.5}
s02_net|IS|{"be_r": 1, "exit_time": 16.0, "sl_k": 0.75, "tp_r": 1.5, "trail_r": 0.5}
s02_net|IS|{"be_r": 1, "exit_time": 18.0, "sl_k": 0.75, "tp_r": 1.5, "trail_r": 0.5}
s02_net|IS|{"be_r": 1, "sl_k": 0.75, "tp_r": 1.5, "trail_r": 0.5}
s02_net|IS|{"be_r": 1, "exit_time": 21.0, "sl_k": 0.75, "tp_r": 1.5, "trail_r": 0.5}
s02_net|IS|{"be_r": 1, "exit_time": 14.0, "sl_k": 0.75, "tp_r": 1.5, "trail_r": 1}
s02_net|IS|{"be_r": 1, "exit_time": 16.0, "sl_k": 0.75, "tp_r": 1.5, "trail_r": 1}
s02_net|IS|{"be_r": 1, "exit_time": 18.0, "sl_k": 0.75, "tp_r": 1.5, "trail_r": 1}
s02_net|IS|{"be_r": 1, "sl_k": 0.75, "tp_r": 1.5, "trail_r": 1}
s02_net|IS|{"be_r": 1, "exit_time": 21.0, "sl_k": 0.75, "tp_r": 1.5, "trail_r": 1}
s02_net|IS|{"be_r": 1, "exit_time": 14.0, "sl_k": 0.75, "tp_r": 1.5, "trail_r": 1.5}
s02_net|IS|{"be_r": 1, "exit_time": 16.0, "sl_k": 0.75, "tp_r": 1.5, "trail_r": 1.5}
s02_net|IS|{"be_r": 1, "exit_time": 18.0, "sl_k": 0.75, "tp_r": 1.5, "trail_r": 1.5}
s02_net|IS|{"be_r": 1, "sl_k": 0.75, "tp_r": 1.5, "trail_r": 1.5}
s02_net|IS|{"be_r": 1, "exit_time": 21.0, "sl_k": 0.75, "tp_r": 1.5, "trail_r": 1.5}
s02_net|IS|{"be_r": 1, "exit_time": 14.0, "sl_k": 0.75, "tp_r": 1.5, "trail_r": 2}
s02_net|IS|{"be_r": 1, "exit_time": 16.0, "sl_k": 0.75, "tp_r": 1.5, "trail_r": 2}
s02_net|IS|{"be_r": 1, "exit_time": 18.0, "sl_k": 0.75, "tp_r": 1.5, "trail_r": 2}
s02_net|IS|{"be_r": 1, "sl_k": 0.75, "tp_r": 1.5, "trail_r": 2}
s02_net|IS|{"be_r": 1, "exit_time": 21.0, "sl_k": 0.75, "tp_r": 1.5, "trail_r": 2}
s02_net|IS|{"exit_time": 14.0, "sl_k": 0.75, "tp_r": 2}
s02_net|IS|{"exit_time": 16.0, "sl_k": 0.75, "tp_r": 2}
s02_net|IS|{"exit_time": 18.0, "sl_k": 0.75, "tp_r": 2}
s02_net|IS|{"sl_k": 0.75, "tp_r": 2}
s02_net|IS|{"exit_time": 21.0, "sl_k": 0.75, "tp_r": 2}
s02_net|IS|{"exit_time": 14.0, "sl_k": 0.75, "tp_r": 2, "trail_r": 0.5}
s02_net|IS|{"exit_time": 16.0, "sl_k": 0.75, "tp_r": 2, "trail_r": 0.5}
s02_net|IS|{"exit_time": 18.0, "sl_k": 0.75, "tp_r": 2, "trail_r": 0.5}
s02_net|IS|{"sl_k": 0.75, "tp_r": 2, "trail_r": 0.5}
s02_net|IS|{"exit_time": 21.0, "sl_k": 0.75, "tp_r": 2, "trail_r": 0.5}
s02_net|IS|{"exit_time": 14.0, "sl_k": 0.75, "tp_r": 2, "trail_r": 1}
s02_net|IS|{"exit_time": 16.0, "sl_k": 0.75, "tp_r": 2, "trail_r": 1}
s02_net|IS|{"exit_time": 18.0, "sl_k": 0.75, "tp_r": 2, "trail_r": 1}
s02_net|IS|{"sl_k": 0.75, "tp_r": 2, "trail_r": 1}
s02_net|IS|{"exit_time": 21.0, "sl_k": 0.75, "tp_r": 2, "trail_r": 1}
s02_net|IS|{"exit_time": 14.0, "sl_k": 0.75, "tp_r": 2, "trail_r": 1.5}
s02_net|IS|{"exit_time": 16.0, "sl_k": 0.75, "tp_r": 2, "trail_r": 1.5}
s02_net|IS|{"exit_time": 18.0, "sl_k": 0.75, "tp_r": 2, "trail_r": 1.5}
s02_net|IS|{"sl_k": 0.75, "tp_r": 2, "trail_r": 1.5}
s02_net|IS|{"exit_time": 21.0, "sl_k": 0.75, "tp_r": 2, "trail_r": 1.5}
s02_net|IS|{"exit_time": 14.0, "sl_k": 0.75, "tp_r": 2, "trail_r": 2}
s02_net|IS|{"exit_time": 16.0, "sl_k": 0.75, "tp_r": 2, "trail_r": 2}
s02_net|IS|{"exit_time": 18.0, "sl_k": 0.75, "tp_r": 2, "trail_r": 2}
s02_net|IS|{"sl_k": 0.75, "tp_r": 2, "trail_r": 2}
s02_net|IS|{"exit_time": 21.0, "sl_k": 0.75, "tp_r": 2, "trail_r": 2}
s02_net|IS|{"be_r": 0.5, "exit_time": 14.0, "sl_k": 0.75, "tp_r": 2}
s02_net|IS|{"be_r": 0.5, "exit_time": 16.0, "sl_k": 0.75, "tp_r": 2}
s02_net|IS|{"be_r": 0.5, "exit_time": 18.0, "sl_k": 0.75, "tp_r": 2}
s02_net|IS|{"be_r": 0.5, "sl_k": 0.75, "tp_r": 2}
s02_net|IS|{"be_r": 0.5, "exit_time": 21.0, "sl_k": 0.75, "tp_r": 2}
s02_net|IS|{"be_r": 0.5, "exit_time": 14.0, "sl_k": 0.75, "tp_r": 2, "trail_r": 0.5}
s02_net|IS|{"be_r": 0.5, "exit_time": 16.0, "sl_k": 0.75, "tp_r": 2, "trail_r": 0.5}
s02_net|IS|{"be_r": 0.5, "exit_time": 18.0, "sl_k": 0.75, "tp_r": 2, "trail_r": 0.5}
s02_net|IS|{"be_r": 0.5, "sl_k": 0.75, "tp_r": 2, "trail_r": 0.5}
s02_net|IS|{"be_r": 0.5, "exit_time": 21.0, "sl_k": 0.75, "tp_r": 2, "trail_r": 0.5}
s02_net|IS|{"be_r": 0.5, "exit_time": 14.0, "sl_k": 0.75, "tp_r": 2, "trail_r": 1}
s02_net|IS|{"be_r": 0.5, "exit_time": 16.0, "sl_k": 0.75, "tp_r": 2, "trail_r": 1}
s02_net|IS|{"be_r": 0.5, "exit_time": 18.0, "sl_k": 0.75, "tp_r": 2, "trail_r": 1}
s02_net|IS|{"be_r": 0.5, "sl_k": 0.75, "tp_r": 2, "trail_r": 1}
s02_net|IS|{"be_r": 0.5, "exit_time": 21.0, "sl_k": 0.75, "tp_r": 2, "trail_r": 1}
s02_net|IS|{"be_r": 0.5, "exit_time": 14.0, "sl_k": 0.75, "tp_r": 2, "trail_r": 1.5}
s02_net|IS|{"be_r": 0.5, "exit_time": 16.0, "sl_k": 0.75, "tp_r": 2, "trail_r": 1.5}
s02_net|IS|{"be_r": 0.5, "exit_time": 18.0, "sl_k": 0.75, "tp_r": 2, "trail_r": 1.5}
s02_net|IS|{"be_r": 0.5, "sl_k": 0.75, "tp_r": 2, "trail_r": 1.5}
s02_net|IS|{"be_r": 0.5, "exit_time": 21.0, "sl_k": 0.75, "tp_r": 2, "trail_r": 1.5}
s02_net|IS|{"be_r": 0.5, "exit_time": 14.0, "sl_k": 0.75, "tp_r": 2, "trail_r": 2}
s02_net|IS|{"be_r": 0.5, "exit_time": 16.0, "sl_k": 0.75, "tp_r": 2, "trail_r": 2}
s02_net|IS|{"be_r": 0.5, "exit_time": 18.0, "sl_k": 0.75, "tp_r": 2, "trail_r": 2}
s02_net|IS|{"be_r": 0.5, "sl_k": 0.75, "tp_r": 2, "trail_r": 2}
s02_net|IS|{"be_r": 0.5, "exit_time": 21.0, "sl_k": 0.75, "tp_r": 2, "trail_r": 2}
s02_net|IS|{"be_r": 1, "exit_time": 14.0, "sl_k": 0.75, "tp_r": 2}
s02_net|IS|{"be_r": 1, "exit_time": 16.0, "sl_k": 0.75, "tp_r": 2}
s02_net|IS|{"be_r": 1, "exit_time": 18.0, "sl_k": 0.75, "tp_r": 2}
s02_net|IS|{"be_r": 1, "sl_k": 0.75, "tp_r": 2}
s02_net|IS|{"be_r": 1, "exit_time": 21.0, "sl_k": 0.75, "tp_r": 2}
s02_net|IS|{"be_r": 1, "exit_time": 14.0, "sl_k": 0.75, "tp_r": 2, "trail_r": 0.5}
s02_net|IS|{"be_r": 1, "exit_time": 16.0, "sl_k": 0.75, "tp_r": 2, "trail_r": 0.5}
s02_net|IS|{"be_r": 1, "exit_time": 18.0, "sl_k": 0.75, "tp_r": 2, "trail_r": 0.5}
s02_net|IS|{"be_r": 1, "sl_k": 0.75, "tp_r": 2, "trail_r": 0.5}
s02_net|IS|{"be_r": 1, "exit_time": 21.0, "sl_k": 0.75, "tp_r": 2, "trail_r": 0.5}
s02_net|IS|{"be_r": 1, "exit_time": 14.0, "sl_k": 0.75, "tp_r": 2, "trail_r": 1}
s02_net|IS|{"be_r": 1, "exit_time": 16.0, "sl_k": 0.75, "tp_r": 2, "trail_r": 1}
s02_net|IS|{"be_r": 1, "exit_time": 18.0, "sl_k": 0.75, "tp_r": 2, "trail_r": 1}
s02_net|IS|{"be_r": 1, "sl_k": 0.75, "tp_r": 2, "trail_r": 1}
s02_net|IS|{"be_r": 1, "exit_time": 21.0, "sl_k": 0.75, "tp_r": 2, "trail_r": 1}
s02_net|IS|{"be_r": 1, "exit_time": 14.0, "sl_k": 0.75, "tp_r": 2, "trail_r": 1.5}
s02_net|IS|{"be_r": 1, "exit_time": 16.0, "sl_k": 0.75, "tp_r": 2, "trail_r": 1.5}
s02_net|IS|{"be_r": 1, "exit_time": 18.0, "sl_k": 0.75, "tp_r": 2, "trail_r": 1.5}
s02_net|IS|{"be_r": 1, "sl_k": 0.75, "tp_r": 2, "trail_r": 1.5}
s02_net|IS|{"be_r": 1, "exit_time": 21.0, "sl_k": 0.75, "tp_r": 2, "trail_r": 1.5}
s02_net|IS|{"be_r": 1, "exit_time": 14.0, "sl_k": 0.75, "tp_r": 2, "trail_r": 2}
s02_net|IS|{"be_r": 1, "exit_time": 16.0, "sl_k": 0.75, "tp_r": 2, "trail_r": 2}
s02_net|IS|{"be_r": 1, "exit_time": 18.0, "sl_k": 0.75, "tp_r": 2, "trail_r": 2}
s02_net|IS|{"be_r": 1, "sl_k": 0.75, "tp_r": 2, "trail_r": 2}
s02_net|IS|{"be_r": 1, "exit_time": 21.0, "sl_k": 0.75, "tp_r": 2, "trail_r": 2}
s02_net|IS|{"exit_time": 14.0, "sl_k": 0.75, "tp_r": 3}
s02_net|IS|{"exit_time": 16.0, "sl_k": 0.75, "tp_r": 3}
s02_net|IS|{"exit_time": 18.0, "sl_k": 0.75, "tp_r": 3}
s02_net|IS|{"sl_k": 0.75, "tp_r": 3}
s02_net|IS|{"exit_time": 21.0, "sl_k": 0.75, "tp_r": 3}
s02_net|IS|{"exit_time": 14.0, "sl_k": 0.75, "tp_r": 3, "trail_r": 0.5}
s02_net|IS|{"exit_time": 16.0, "sl_k": 0.75, "tp_r": 3, "trail_r": 0.5}
s02_net|IS|{"exit_time": 18.0, "sl_k": 0.75, "tp_r": 3, "trail_r": 0.5}
s02_net|IS|{"sl_k": 0.75, "tp_r": 3, "trail_r": 0.5}
s02_net|IS|{"exit_time": 21.0, "sl_k": 0.75, "tp_r": 3, "trail_r": 0.5}
s02_net|IS|{"exit_time": 14.0, "sl_k": 0.75, "tp_r": 3, "trail_r": 1}
s02_net|IS|{"exit_time": 16.0, "sl_k": 0.75, "tp_r": 3, "trail_r": 1}
s02_net|IS|{"exit_time": 18.0, "sl_k": 0.75, "tp_r": 3, "trail_r": 1}
s02_net|IS|{"sl_k": 0.75, "tp_r": 3, "trail_r": 1}
s02_net|IS|{"exit_time": 21.0, "sl_k": 0.75, "tp_r": 3, "trail_r": 1}
s02_net|IS|{"exit_time": 14.0, "sl_k": 0.75, "tp_r": 3, "trail_r": 1.5}
s02_net|IS|{"exit_time": 16.0, "sl_k": 0.75, "tp_r": 3, "trail_r": 1.5}
s02_net|IS|{"exit_time": 18.0, "sl_k": 0.75, "tp_r": 3, "trail_r": 1.5}
s02_net|IS|{"sl_k": 0.75, "tp_r": 3, "trail_r": 1.5}
s02_net|IS|{"exit_time": 21.0, "sl_k": 0.75, "tp_r": 3, "trail_r": 1.5}
s02_net|IS|{"exit_time": 14.0, "sl_k": 0.75, "tp_r": 3, "trail_r": 2}
s02_net|IS|{"exit_time": 16.0, "sl_k": 0.75, "tp_r": 3, "trail_r": 2}
s02_net|IS|{"exit_time": 18.0, "sl_k": 0.75, "tp_r": 3, "trail_r": 2}
s02_net|IS|{"sl_k": 0.75, "tp_r": 3, "trail_r": 2}
s02_net|IS|{"exit_time": 21.0, "sl_k": 0.75, "tp_r": 3, "trail_r": 2}
s02_net|IS|{"be_r": 0.5, "exit_time": 14.0, "sl_k": 0.75, "tp_r": 3}
s02_net|IS|{"be_r": 0.5, "exit_time": 16.0, "sl_k": 0.75, "tp_r": 3}
s02_net|IS|{"be_r": 0.5, "exit_time": 18.0, "sl_k": 0.75, "tp_r": 3}
s02_net|IS|{"be_r": 0.5, "sl_k": 0.75, "tp_r": 3}
s02_net|IS|{"be_r": 0.5, "exit_time": 21.0, "sl_k": 0.75, "tp_r": 3}
s02_net|IS|{"be_r": 0.5, "exit_time": 14.0, "sl_k": 0.75, "tp_r": 3, "trail_r": 0.5}
s02_net|IS|{"be_r": 0.5, "exit_time": 16.0, "sl_k": 0.75, "tp_r": 3, "trail_r": 0.5}
s02_net|IS|{"be_r": 0.5, "exit_time": 18.0, "sl_k": 0.75, "tp_r": 3, "trail_r": 0.5}
s02_net|IS|{"be_r": 0.5, "sl_k": 0.75, "tp_r": 3, "trail_r": 0.5}
s02_net|IS|{"be_r": 0.5, "exit_time": 21.0, "sl_k": 0.75, "tp_r": 3, "trail_r": 0.5}
s02_net|IS|{"be_r": 0.5, "exit_time": 14.0, "sl_k": 0.75, "tp_r": 3, "trail_r": 1}
s02_net|IS|{"be_r": 0.5, "exit_time": 16.0, "sl_k": 0.75, "tp_r": 3, "trail_r": 1}
s02_net|IS|{"be_r": 0.5, "exit_time": 18.0, "sl_k": 0.75, "tp_r": 3, "trail_r": 1}
s02_net|IS|{"be_r": 0.5, "sl_k": 0.75, "tp_r": 3, "trail_r": 1}
s02_net|IS|{"be_r": 0.5, "exit_time": 21.0, "sl_k": 0.75, "tp_r": 3, "trail_r": 1}
s02_net|IS|{"be_r": 0.5, "exit_time": 14.0, "sl_k": 0.75, "tp_r": 3, "trail_r": 1.5}
s02_net|IS|{"be_r": 0.5, "exit_time": 16.0, "sl_k": 0.75, "tp_r": 3, "trail_r": 1.5}
s02_net|IS|{"be_r": 0.5, "exit_time": 18.0, "sl_k": 0.75, "tp_r": 3, "trail_r": 1.5}
s02_net|IS|{"be_r": 0.5, "sl_k": 0.75, "tp_r": 3, "trail_r": 1.5}
s02_net|IS|{"be_r": 0.5, "exit_time": 21.0, "sl_k": 0.75, "tp_r": 3, "trail_r": 1.5}
s02_net|IS|{"be_r": 0.5, "exit_time": 14.0, "sl_k": 0.75, "tp_r": 3, "trail_r": 2}
s02_net|IS|{"be_r": 0.5, "exit_time": 16.0, "sl_k": 0.75, "tp_r": 3, "trail_r": 2}
s02_net|IS|{"be_r": 0.5, "exit_time": 18.0, "sl_k": 0.75, "tp_r": 3, "trail_r": 2}
s02_net|IS|{"be_r": 0.5, "sl_k": 0.75, "tp_r": 3, "trail_r": 2}
s02_net|IS|{"be_r": 0.5, "exit_time": 21.0, "sl_k": 0.75, "tp_r": 3, "trail_r": 2}
s02_net|IS|{"be_r": 1, "exit_time": 14.0, "sl_k": 0.75, "tp_r": 3}
s02_net|IS|{"be_r": 1, "exit_time": 16.0, "sl_k": 0.75, "tp_r": 3}
s02_net|IS|{"be_r": 1, "exit_time": 18.0, "sl_k": 0.75, "tp_r": 3}
s02_net|IS|{"be_r": 1, "sl_k": 0.75, "tp_r": 3}
s02_net|IS|{"be_r": 1, "exit_time": 21.0, "sl_k": 0.75, "tp_r": 3}
s02_net|IS|{"be_r": 1, "exit_time": 14.0, "sl_k": 0.75, "tp_r": 3, "trail_r": 0.5}
s02_net|IS|{"be_r": 1, "exit_time": 16.0, "sl_k": 0.75, "tp_r": 3, "trail_r": 0.5}
s02_net|IS|{"be_r": 1, "exit_time": 18.0, "sl_k": 0.75, "tp_r": 3, "trail_r": 0.5}
s02_net|IS|{"be_r": 1, "sl_k": 0.75, "tp_r": 3, "trail_r": 0.5}
s02_net|IS|{"be_r": 1, "exit_time": 21.0, "sl_k": 0.75, "tp_r": 3, "trail_r": 0.5}
s02_net|IS|{"be_r": 1, "exit_time": 14.0, "sl_k": 0.75, "tp_r": 3, "trail_r": 1}
s02_net|IS|{"be_r": 1, "exit_time": 16.0, "sl_k": 0.75, "tp_r": 3, "trail_r": 1}
s02_net|IS|{"be_r": 1, "exit_time": 18.0, "sl_k": 0.75, "tp_r": 3, "trail_r": 1}
s02_net|IS|{"be_r": 1, "sl_k": 0.75, "tp_r": 3, "trail_r": 1}
s02_net|IS|{"be_r": 1, "exit_time": 21.0, "sl_k": 0.75, "tp_r": 3, "trail_r": 1}
s02_net|IS|{"be_r": 1, "exit_time": 14.0, "sl_k": 0.75, "tp_r": 3, "trail_r": 1.5}
s02_net|IS|{"be_r": 1, "exit_time": 16.0, "sl_k": 0.75, "tp_r": 3, "trail_r": 1.5}
s02_net|IS|{"be_r": 1, "exit_time": 18.0, "sl_k": 0.75, "tp_r": 3, "trail_r": 1.5}
s02_net|IS|{"be_r": 1, "sl_k": 0.75, "tp_r": 3, "trail_r": 1.5}
s02_net|IS|{"be_r": 1, "exit_time": 21.0, "sl_k": 0.75, "tp_r": 3, "trail_r": 1.5}
s02_net|IS|{"be_r": 1, "exit_time": 14.0, "sl_k": 0.75, "tp_r": 3, "trail_r": 2}
s02_net|IS|{"be_r": 1, "exit_time": 16.0, "sl_k": 0.75, "tp_r": 3, "trail_r": 2}
s02_net|IS|{"be_r": 1, "exit_time": 18.0, "sl_k": 0.75, "tp_r": 3, "trail_r": 2}
s02_net|IS|{"be_r": 1, "sl_k": 0.75, "tp_r": 3, "trail_r": 2}
s02_net|IS|{"be_r": 1, "exit_time": 21.0, "sl_k": 0.75, "tp_r": 3, "trail_r": 2}
s02_net|IS|{"exit_time": 14.0, "sl_k": 0.75, "tp_r": 4}
s02_net|IS|{"exit_time": 16.0, "sl_k": 0.75, "tp_r": 4}
s02_net|IS|{"exit_time": 18.0, "sl_k": 0.75, "tp_r": 4}
s02_net|IS|{"sl_k": 0.75, "tp_r": 4}
s02_net|IS|{"exit_time": 21.0, "sl_k": 0.75, "tp_r": 4}
s02_net|IS|{"exit_time": 14.0, "sl_k": 0.75, "tp_r": 4, "trail_r": 0.5}
s02_net|IS|{"exit_time": 16.0, "sl_k": 0.75, "tp_r": 4, "trail_r": 0.5}
s02_net|IS|{"exit_time": 18.0, "sl_k": 0.75, "tp_r": 4, "trail_r": 0.5}
s02_net|IS|{"sl_k": 0.75, "tp_r": 4, "trail_r": 0.5}
s02_net|IS|{"exit_time": 21.0, "sl_k": 0.75, "tp_r": 4, "trail_r": 0.5}
s02_net|IS|{"exit_time": 14.0, "sl_k": 0.75, "tp_r": 4, "trail_r": 1}
s02_net|IS|{"exit_time": 16.0, "sl_k": 0.75, "tp_r": 4, "trail_r": 1}
s02_net|IS|{"exit_time": 18.0, "sl_k": 0.75, "tp_r": 4, "trail_r": 1}
s02_net|IS|{"sl_k": 0.75, "tp_r": 4, "trail_r": 1}
s02_net|IS|{"exit_time": 21.0, "sl_k": 0.75, "tp_r": 4, "trail_r": 1}
s02_net|IS|{"exit_time": 14.0, "sl_k": 0.75, "tp_r": 4, "trail_r": 1.5}
s02_net|IS|{"exit_time": 16.0, "sl_k": 0.75, "tp_r": 4, "trail_r": 1.5}
s02_net|IS|{"exit_time": 18.0, "sl_k": 0.75, "tp_r": 4, "trail_r": 1.5}
s02_net|IS|{"sl_k": 0.75, "tp_r": 4, "trail_r": 1.5}
s02_net|IS|{"exit_time": 21.0, "sl_k": 0.75, "tp_r": 4, "trail_r": 1.5}
s02_net|IS|{"exit_time": 14.0, "sl_k": 0.75, "tp_r": 4, "trail_r": 2}
s02_net|IS|{"exit_time": 16.0, "sl_k": 0.75, "tp_r": 4, "trail_r": 2}
s02_net|IS|{"exit_time": 18.0, "sl_k": 0.75, "tp_r": 4, "trail_r": 2}
s02_net|IS|{"sl_k": 0.75, "tp_r": 4, "trail_r": 2}
s02_net|IS|{"exit_time": 21.0, "sl_k": 0.75, "tp_r": 4, "trail_r": 2}
s02_net|IS|{"be_r": 0.5, "exit_time": 14.0, "sl_k": 0.75, "tp_r": 4}
s02_net|IS|{"be_r": 0.5, "exit_time": 16.0, "sl_k": 0.75, "tp_r": 4}
s02_net|IS|{"be_r": 0.5, "exit_time": 18.0, "sl_k": 0.75, "tp_r": 4}
s02_net|IS|{"be_r": 0.5, "sl_k": 0.75, "tp_r": 4}
s02_net|IS|{"be_r": 0.5, "exit_time": 21.0, "sl_k": 0.75, "tp_r": 4}
s02_net|IS|{"be_r": 0.5, "exit_time": 14.0, "sl_k": 0.75, "tp_r": 4, "trail_r": 0.5}
s02_net|IS|{"be_r": 0.5, "exit_time": 16.0, "sl_k": 0.75, "tp_r": 4, "trail_r": 0.5}
s02_net|IS|{"be_r": 0.5, "exit_time": 18.0, "sl_k": 0.75, "tp_r": 4, "trail_r": 0.5}
s02_net|IS|{"be_r": 0.5, "sl_k": 0.75, "tp_r": 4, "trail_r": 0.5}
s02_net|IS|{"be_r": 0.5, "exit_time": 21.0, "sl_k": 0.75, "tp_r": 4, "trail_r": 0.5}
s02_net|IS|{"be_r": 0.5, "exit_time": 14.0, "sl_k": 0.75, "tp_r": 4, "trail_r": 1}
s02_net|IS|{"be_r": 0.5, "exit_time": 16.0, "sl_k": 0.75, "tp_r": 4, "trail_r": 1}
s02_net|IS|{"be_r": 0.5, "exit_time": 18.0, "sl_k": 0.75, "tp_r": 4, "trail_r": 1}
s02_net|IS|{"be_r": 0.5, "sl_k": 0.75, "tp_r": 4, "trail_r": 1}
s02_net|IS|{"be_r": 0.5, "exit_time": 21.0, "sl_k": 0.75, "tp_r": 4, "trail_r": 1}
s02_net|IS|{"be_r": 0.5, "exit_time": 14.0, "sl_k": 0.75, "tp_r": 4, "trail_r": 1.5}
s02_net|IS|{"be_r": 0.5, "exit_time": 16.0, "sl_k": 0.75, "tp_r": 4, "trail_r": 1.5}
s02_net|IS|{"be_r": 0.5, "exit_time": 18.0, "sl_k": 0.75, "tp_r": 4, "trail_r": 1.5}
s02_net|IS|{"be_r": 0.5, "sl_k": 0.75, "tp_r": 4, "trail_r": 1.5}
s02_net|IS|{"be_r": 0.5, "exit_time": 21.0, "sl_k": 0.75, "tp_r": 4, "trail_r": 1.5}
s02_net|IS|{"be_r": 0.5, "exit_time": 14.0, "sl_k": 0.75, "tp_r": 4, "trail_r": 2}
s02_net|IS|{"be_r": 0.5, "exit_time": 16.0, "sl_k": 0.75, "tp_r": 4, "trail_r": 2}
s02_net|IS|{"be_r": 0.5, "exit_time": 18.0, "sl_k": 0.75, "tp_r": 4, "trail_r": 2}
s02_net|IS|{"be_r": 0.5, "sl_k": 0.75, "tp_r": 4, "trail_r": 2}
s02_net|IS|{"be_r": 0.5, "exit_time": 21.0, "sl_k": 0.75, "tp_r": 4, "trail_r": 2}
s02_net|IS|{"be_r": 1, "exit_time": 14.0, "sl_k": 0.75, "tp_r": 4}
s02_net|IS|{"be_r": 1, "exit_time": 16.0, "sl_k": 0.75, "tp_r": 4}
s02_net|IS|{"be_r": 1, "exit_time": 18.0, "sl_k": 0.75, "tp_r": 4}
s02_net|IS|{"be_r": 1, "sl_k": 0.75, "tp_r": 4}
s02_net|IS|{"be_r": 1, "exit_time": 21.0, "sl_k": 0.75, "tp_r": 4}
s02_net|IS|{"be_r": 1, "exit_time": 14.0, "sl_k": 0.75, "tp_r": 4, "trail_r": 0.5}
s02_net|IS|{"be_r": 1, "exit_time": 16.0, "sl_k": 0.75, "tp_r": 4, "trail_r": 0.5}
s02_net|IS|{"be_r": 1, "exit_time": 18.0, "sl_k": 0.75, "tp_r": 4, "trail_r": 0.5}
s02_net|IS|{"be_r": 1, "sl_k": 0.75, "tp_r": 4, "trail_r": 0.5}
s02_net|IS|{"be_r": 1, "exit_time": 21.0, "sl_k": 0.75, "tp_r": 4, "trail_r": 0.5}
s02_net|IS|{"be_r": 1, "exit_time": 14.0, "sl_k": 0.75, "tp_r": 4, "trail_r": 1}
s02_net|IS|{"be_r": 1, "exit_time": 16.0, "sl_k": 0.75, "tp_r": 4, "trail_r": 1}
s02_net|IS|{"be_r": 1, "exit_time": 18.0, "sl_k": 0.75, "tp_r": 4, "trail_r": 1}
s02_net|IS|{"be_r": 1, "sl_k": 0.75, "tp_r": 4, "trail_r": 1}
s02_net|IS|{"be_r": 1, "exit_time": 21.0, "sl_k": 0.75, "tp_r": 4, "trail_r": 1}
s02_net|IS|{"be_r": 1, "exit_time": 14.0, "sl_k": 0.75, "tp_r": 4, "trail_r": 1.5}
s02_net|IS|{"be_r": 1, "exit_time": 16.0, "sl_k": 0.75, "tp_r": 4, "trail_r": 1.5}
s02_net|IS|{"be_r": 1, "exit_time": 18.0, "sl_k": 0.75, "tp_r": 4, "trail_r": 1.5}
s02_net|IS|{"be_r": 1, "sl_k": 0.75, "tp_r": 4, "trail_r": 1.5}
s02_net|IS|{"be_r": 1, "exit_time": 21.0, "sl_k": 0.75, "tp_r": 4, "trail_r": 1.5}
s02_net|IS|{"be_r": 1, "exit_time": 14.0, "sl_k": 0.75, "tp_r": 4, "trail_r": 2}
s02_net|IS|{"be_r": 1, "exit_time": 16.0, "sl_k": 0.75, "tp_r": 4, "trail_r": 2}
s02_net|IS|{"be_r": 1, "exit_time": 18.0, "sl_k": 0.75, "tp_r": 4, "trail_r": 2}
s02_net|IS|{"be_r": 1, "sl_k": 0.75, "tp_r": 4, "trail_r": 2}
s02_net|IS|{"be_r": 1, "exit_time": 21.0, "sl_k": 0.75, "tp_r": 4, "trail_r": 2}
s02_net|IS|{"exit_time": 14.0}
s02_net|IS|{"exit_time": 16.0}
s02_net|IS|{"exit_time": 18.0}
s02_net|IS|{}
s02_net|IS|{"exit_time": 21.0}
s02_net|IS|{"exit_time": 14.0, "trail_r": 0.5}
s02_net|IS|{"exit_time": 16.0, "trail_r": 0.5}
s02_net|IS|{"exit_time": 18.0, "trail_r": 0.5}
s02_net|IS|{"trail_r": 0.5}
s02_net|IS|{"exit_time": 21.0, "trail_r": 0.5}
s02_net|IS|{"exit_time": 14.0, "trail_r": 1}
s02_net|IS|{"exit_time": 16.0, "trail_r": 1}
s02_net|IS|{"exit_time": 18.0, "trail_r": 1}
s02_net|IS|{"trail_r": 1}
s02_net|IS|{"exit_time": 21.0, "trail_r": 1}
s02_net|IS|{"exit_time": 14.0, "trail_r": 1.5}
s02_net|IS|{"exit_time": 16.0, "trail_r": 1.5}
s02_net|IS|{"exit_time": 18.0, "trail_r": 1.5}
s02_net|IS|{"trail_r": 1.5}
s02_net|IS|{"exit_time": 21.0, "trail_r": 1.5}
s02_net|IS|{"exit_time": 14.0, "trail_r": 2}
s02_net|IS|{"exit_time": 16.0, "trail_r": 2}
s02_net|IS|{"exit_time": 18.0, "trail_r": 2}
s02_net|IS|{"trail_r": 2}
s02_net|IS|{"exit_time": 21.0, "trail_r": 2}
s02_net|IS|{"be_r": 0.5, "exit_time": 14.0}
s02_net|IS|{"be_r": 0.5, "exit_time": 16.0}
s02_net|IS|{"be_r": 0.5, "exit_time": 18.0}
s02_net|IS|{"be_r": 0.5}
s02_net|IS|{"be_r": 0.5, "exit_time": 21.0}
s02_net|IS|{"be_r": 0.5, "exit_time": 14.0, "trail_r": 0.5}
s02_net|IS|{"be_r": 0.5, "exit_time": 16.0, "trail_r": 0.5}
s02_net|IS|{"be_r": 0.5, "exit_time": 18.0, "trail_r": 0.5}
s02_net|IS|{"be_r": 0.5, "trail_r": 0.5}
s02_net|IS|{"be_r": 0.5, "exit_time": 21.0, "trail_r": 0.5}
s02_net|IS|{"be_r": 0.5, "exit_time": 14.0, "trail_r": 1}
s02_net|IS|{"be_r": 0.5, "exit_time": 16.0, "trail_r": 1}
s02_net|IS|{"be_r": 0.5, "exit_time": 18.0, "trail_r": 1}
s02_net|IS|{"be_r": 0.5, "trail_r": 1}
s02_net|IS|{"be_r": 0.5, "exit_time": 21.0, "trail_r": 1}
s02_net|IS|{"be_r": 0.5, "exit_time": 14.0, "trail_r": 1.5}
s02_net|IS|{"be_r": 0.5, "exit_time": 16.0, "trail_r": 1.5}
s02_net|IS|{"be_r": 0.5, "exit_time": 18.0, "trail_r": 1.5}
s02_net|IS|{"be_r": 0.5, "trail_r": 1.5}
s02_net|IS|{"be_r": 0.5, "exit_time": 21.0, "trail_r": 1.5}
s02_net|IS|{"be_r": 0.5, "exit_time": 14.0, "trail_r": 2}
s02_net|IS|{"be_r": 0.5, "exit_time": 16.0, "trail_r": 2}
s02_net|IS|{"be_r": 0.5, "exit_time": 18.0, "trail_r": 2}
s02_net|IS|{"be_r": 0.5, "trail_r": 2}
s02_net|IS|{"be_r": 0.5, "exit_time": 21.0, "trail_r": 2}
s02_net|IS|{"be_r": 1, "exit_time": 14.0}
s02_net|IS|{"be_r": 1, "exit_time": 16.0}
s02_net|IS|{"be_r": 1, "exit_time": 18.0}
s02_net|IS|{"be_r": 1}
s02_net|IS|{"be_r": 1, "exit_time": 21.0}
s02_net|IS|{"be_r": 1, "exit_time": 14.0, "trail_r": 0.5}
s02_net|IS|{"be_r": 1, "exit_time": 16.0, "trail_r": 0.5}
s02_net|IS|{"be_r": 1, "exit_time": 18.0, "trail_r": 0.5}
s02_net|IS|{"be_r": 1, "trail_r": 0.5}
s02_net|IS|{"be_r": 1, "exit_time": 21.0, "trail_r": 0.5}
s02_net|IS|{"be_r": 1, "exit_time": 14.0, "trail_r": 1}
s02_net|IS|{"be_r": 1, "exit_time": 16.0, "trail_r": 1}
s02_net|IS|{"be_r": 1, "exit_time": 18.0, "trail_r": 1}
s02_net|IS|{"be_r": 1, "trail_r": 1}
s02_net|IS|{"be_r": 1, "exit_time": 21.0, "trail_r": 1}
s02_net|IS|{"be_r": 1, "exit_time": 14.0, "trail_r": 1.5}
s02_net|IS|{"be_r": 1, "exit_time": 16.0, "trail_r": 1.5}
s02_net|IS|{"be_r": 1, "exit_time": 18.0, "trail_r": 1.5}
s02_net|IS|{"be_r": 1, "trail_r": 1.5}
s02_net|IS|{"be_r": 1, "exit_time": 21.0, "trail_r": 1.5}
s02_net|IS|{"be_r": 1, "exit_time": 14.0, "trail_r": 2}
s02_net|IS|{"be_r": 1, "exit_time": 16.0, "trail_r": 2}
s02_net|IS|{"be_r": 1, "exit_time": 18.0, "trail_r": 2}
s02_net|IS|{"be_r": 1, "trail_r": 2}
s02_net|IS|{"be_r": 1, "exit_time": 21.0, "trail_r": 2}
s02_net|IS|{"exit_time": 14.0, "tp_r": 1}
s02_net|IS|{"exit_time": 16.0, "tp_r": 1}
s02_net|IS|{"exit_time": 18.0, "tp_r": 1}
s02_net|IS|{"tp_r": 1}
s02_net|IS|{"exit_time": 21.0, "tp_r": 1}
s02_net|IS|{"exit_time": 14.0, "tp_r": 1, "trail_r": 0.5}
s02_net|IS|{"exit_time": 16.0, "tp_r": 1, "trail_r": 0.5}
s02_net|IS|{"exit_time": 18.0, "tp_r": 1, "trail_r": 0.5}
s02_net|IS|{"tp_r": 1, "trail_r": 0.5}
s02_net|IS|{"exit_time": 21.0, "tp_r": 1, "trail_r": 0.5}
s02_net|IS|{"exit_time": 14.0, "tp_r": 1, "trail_r": 1}
s02_net|IS|{"exit_time": 16.0, "tp_r": 1, "trail_r": 1}
s02_net|IS|{"exit_time": 18.0, "tp_r": 1, "trail_r": 1}
s02_net|IS|{"tp_r": 1, "trail_r": 1}
s02_net|IS|{"exit_time": 21.0, "tp_r": 1, "trail_r": 1}
s02_net|IS|{"exit_time": 14.0, "tp_r": 1, "trail_r": 1.5}
s02_net|IS|{"exit_time": 16.0, "tp_r": 1, "trail_r": 1.5}
s02_net|IS|{"exit_time": 18.0, "tp_r": 1, "trail_r": 1.5}
s02_net|IS|{"tp_r": 1, "trail_r": 1.5}
s02_net|IS|{"exit_time": 21.0, "tp_r": 1, "trail_r": 1.5}
s02_net|IS|{"exit_time": 14.0, "tp_r": 1, "trail_r": 2}
s02_net|IS|{"exit_time": 16.0, "tp_r": 1, "trail_r": 2}
s02_net|IS|{"exit_time": 18.0, "tp_r": 1, "trail_r": 2}
s02_net|IS|{"tp_r": 1, "trail_r": 2}
s02_net|IS|{"exit_time": 21.0, "tp_r": 1, "trail_r": 2}
s02_net|IS|{"be_r": 0.5, "exit_time": 14.0, "tp_r": 1}
s02_net|IS|{"be_r": 0.5, "exit_time": 16.0, "tp_r": 1}
s02_net|IS|{"be_r": 0.5, "exit_time": 18.0, "tp_r": 1}
s02_net|IS|{"be_r": 0.5, "tp_r": 1}
s02_net|IS|{"be_r": 0.5, "exit_time": 21.0, "tp_r": 1}
s02_net|IS|{"be_r": 0.5, "exit_time": 14.0, "tp_r": 1, "trail_r": 0.5}
s02_net|IS|{"be_r": 0.5, "exit_time": 16.0, "tp_r": 1, "trail_r": 0.5}
s02_net|IS|{"be_r": 0.5, "exit_time": 18.0, "tp_r": 1, "trail_r": 0.5}
s02_net|IS|{"be_r": 0.5, "tp_r": 1, "trail_r": 0.5}
s02_net|IS|{"be_r": 0.5, "exit_time": 21.0, "tp_r": 1, "trail_r": 0.5}
s02_net|IS|{"be_r": 0.5, "exit_time": 14.0, "tp_r": 1, "trail_r": 1}
s02_net|IS|{"be_r": 0.5, "exit_time": 16.0, "tp_r": 1, "trail_r": 1}
s02_net|IS|{"be_r": 0.5, "exit_time": 18.0, "tp_r": 1, "trail_r": 1}
s02_net|IS|{"be_r": 0.5, "tp_r": 1, "trail_r": 1}
s02_net|IS|{"be_r": 0.5, "exit_time": 21.0, "tp_r": 1, "trail_r": 1}
s02_net|IS|{"be_r": 0.5, "exit_time": 14.0, "tp_r": 1, "trail_r": 1.5}
s02_net|IS|{"be_r": 0.5, "exit_time": 16.0, "tp_r": 1, "trail_r": 1.5}
s02_net|IS|{"be_r": 0.5, "exit_time": 18.0, "tp_r": 1, "trail_r": 1.5}
s02_net|IS|{"be_r": 0.5, "tp_r": 1, "trail_r": 1.5}
s02_net|IS|{"be_r": 0.5, "exit_time": 21.0, "tp_r": 1, "trail_r": 1.5}
s02_net|IS|{"be_r": 0.5, "exit_time": 14.0, "tp_r": 1, "trail_r": 2}
s02_net|IS|{"be_r": 0.5, "exit_time": 16.0, "tp_r": 1, "trail_r": 2}
s02_net|IS|{"be_r": 0.5, "exit_time": 18.0, "tp_r": 1, "trail_r": 2}
s02_net|IS|{"be_r": 0.5, "tp_r": 1, "trail_r": 2}
s02_net|IS|{"be_r": 0.5, "exit_time": 21.0, "tp_r": 1, "trail_r": 2}
s02_net|IS|{"be_r": 1, "exit_time": 14.0, "tp_r": 1}
s02_net|IS|{"be_r": 1, "exit_time": 16.0, "tp_r": 1}
s02_net|IS|{"be_r": 1, "exit_time": 18.0, "tp_r": 1}
s02_net|IS|{"be_r": 1, "tp_r": 1}
s02_net|IS|{"be_r": 1, "exit_time": 21.0, "tp_r": 1}
s02_net|IS|{"be_r": 1, "exit_time": 14.0, "tp_r": 1, "trail_r": 0.5}
s02_net|IS|{"be_r": 1, "exit_time": 16.0, "tp_r": 1, "trail_r": 0.5}
s02_net|IS|{"be_r": 1, "exit_time": 18.0, "tp_r": 1, "trail_r": 0.5}
s02_net|IS|{"be_r": 1, "tp_r": 1, "trail_r": 0.5}
s02_net|IS|{"be_r": 1, "exit_time": 21.0, "tp_r": 1, "trail_r": 0.5}
s02_net|IS|{"be_r": 1, "exit_time": 14.0, "tp_r": 1, "trail_r": 1}
s02_net|IS|{"be_r": 1, "exit_time": 16.0, "tp_r": 1, "trail_r": 1}
s02_net|IS|{"be_r": 1, "exit_time": 18.0, "tp_r": 1, "trail_r": 1}
s02_net|IS|{"be_r": 1, "tp_r": 1, "trail_r": 1}
s02_net|IS|{"be_r": 1, "exit_time": 21.0, "tp_r": 1, "trail_r": 1}
s02_net|IS|{"be_r": 1, "exit_time": 14.0, "tp_r": 1, "trail_r": 1.5}
s02_net|IS|{"be_r": 1, "exit_time": 16.0, "tp_r": 1, "trail_r": 1.5}
s02_net|IS|{"be_r": 1, "exit_time": 18.0, "tp_r": 1, "trail_r": 1.5}
s02_net|IS|{"be_r": 1, "tp_r": 1, "trail_r": 1.5}
s02_net|IS|{"be_r": 1, "exit_time": 21.0, "tp_r": 1, "trail_r": 1.5}
s02_net|IS|{"be_r": 1, "exit_time": 14.0, "tp_r": 1, "trail_r": 2}
s02_net|IS|{"be_r": 1, "exit_time": 16.0, "tp_r": 1, "trail_r": 2}
s02_net|IS|{"be_r": 1, "exit_time": 18.0, "tp_r": 1, "trail_r": 2}
s02_net|IS|{"be_r": 1, "tp_r": 1, "trail_r": 2}
s02_net|IS|{"be_r": 1, "exit_time": 21.0, "tp_r": 1, "trail_r": 2}
s02_net|IS|{"exit_time": 14.0, "tp_r": 1.5}
s02_net|IS|{"exit_time": 16.0, "tp_r": 1.5}
s02_net|IS|{"exit_time": 18.0, "tp_r": 1.5}
s02_net|IS|{"tp_r": 1.5}
s02_net|IS|{"exit_time": 21.0, "tp_r": 1.5}
s02_net|IS|{"exit_time": 14.0, "tp_r": 1.5, "trail_r": 0.5}
s02_net|IS|{"exit_time": 16.0, "tp_r": 1.5, "trail_r": 0.5}
s02_net|IS|{"exit_time": 18.0, "tp_r": 1.5, "trail_r": 0.5}
s02_net|IS|{"tp_r": 1.5, "trail_r": 0.5}
s02_net|IS|{"exit_time": 21.0, "tp_r": 1.5, "trail_r": 0.5}
s02_net|IS|{"exit_time": 14.0, "tp_r": 1.5, "trail_r": 1}
s02_net|IS|{"exit_time": 16.0, "tp_r": 1.5, "trail_r": 1}
s02_net|IS|{"exit_time": 18.0, "tp_r": 1.5, "trail_r": 1}
s02_net|IS|{"tp_r": 1.5, "trail_r": 1}
s02_net|IS|{"exit_time": 21.0, "tp_r": 1.5, "trail_r": 1}
s02_net|IS|{"exit_time": 14.0, "tp_r": 1.5, "trail_r": 1.5}
s02_net|IS|{"exit_time": 16.0, "tp_r": 1.5, "trail_r": 1.5}
s02_net|IS|{"exit_time": 18.0, "tp_r": 1.5, "trail_r": 1.5}
s02_net|IS|{"tp_r": 1.5, "trail_r": 1.5}
s02_net|IS|{"exit_time": 21.0, "tp_r": 1.5, "trail_r": 1.5}
s02_net|IS|{"exit_time": 14.0, "tp_r": 1.5, "trail_r": 2}
s02_net|IS|{"exit_time": 16.0, "tp_r": 1.5, "trail_r": 2}
s02_net|IS|{"exit_time": 18.0, "tp_r": 1.5, "trail_r": 2}
s02_net|IS|{"tp_r": 1.5, "trail_r": 2}
s02_net|IS|{"exit_time": 21.0, "tp_r": 1.5, "trail_r": 2}
s02_net|IS|{"be_r": 0.5, "exit_time": 14.0, "tp_r": 1.5}
s02_net|IS|{"be_r": 0.5, "exit_time": 16.0, "tp_r": 1.5}
s02_net|IS|{"be_r": 0.5, "exit_time": 18.0, "tp_r": 1.5}
s02_net|IS|{"be_r": 0.5, "tp_r": 1.5}
s02_net|IS|{"be_r": 0.5, "exit_time": 21.0, "tp_r": 1.5}
s02_net|IS|{"be_r": 0.5, "exit_time": 14.0, "tp_r": 1.5, "trail_r": 0.5}
s02_net|IS|{"be_r": 0.5, "exit_time": 16.0, "tp_r": 1.5, "trail_r": 0.5}
s02_net|IS|{"be_r": 0.5, "exit_time": 18.0, "tp_r": 1.5, "trail_r": 0.5}
s02_net|IS|{"be_r": 0.5, "tp_r": 1.5, "trail_r": 0.5}
s02_net|IS|{"be_r": 0.5, "exit_time": 21.0, "tp_r": 1.5, "trail_r": 0.5}
s02_net|IS|{"be_r": 0.5, "exit_time": 14.0, "tp_r": 1.5, "trail_r": 1}
s02_net|IS|{"be_r": 0.5, "exit_time": 16.0, "tp_r": 1.5, "trail_r": 1}
s02_net|IS|{"be_r": 0.5, "exit_time": 18.0, "tp_r": 1.5, "trail_r": 1}
s02_net|IS|{"be_r": 0.5, "tp_r": 1.5, "trail_r": 1}
s02_net|IS|{"be_r": 0.5, "exit_time": 21.0, "tp_r": 1.5, "trail_r": 1}
s02_net|IS|{"be_r": 0.5, "exit_time": 14.0, "tp_r": 1.5, "trail_r": 1.5}
s02_net|IS|{"be_r": 0.5, "exit_time": 16.0, "tp_r": 1.5, "trail_r": 1.5}
s02_net|IS|{"be_r": 0.5, "exit_time": 18.0, "tp_r": 1.5, "trail_r": 1.5}
s02_net|IS|{"be_r": 0.5, "tp_r": 1.5, "trail_r": 1.5}
s02_net|IS|{"be_r": 0.5, "exit_time": 21.0, "tp_r": 1.5, "trail_r": 1.5}
s02_net|IS|{"be_r": 0.5, "exit_time": 14.0, "tp_r": 1.5, "trail_r": 2}
s02_net|IS|{"be_r": 0.5, "exit_time": 16.0, "tp_r": 1.5, "trail_r": 2}
s02_net|IS|{"be_r": 0.5, "exit_time": 18.0, "tp_r": 1.5, "trail_r": 2}
s02_net|IS|{"be_r": 0.5, "tp_r": 1.5, "trail_r": 2}
s02_net|IS|{"be_r": 0.5, "exit_time": 21.0, "tp_r": 1.5, "trail_r": 2}
s02_net|IS|{"be_r": 1, "exit_time": 14.0, "tp_r": 1.5}
s02_net|IS|{"be_r": 1, "exit_time": 16.0, "tp_r": 1.5}
s02_net|IS|{"be_r": 1, "exit_time": 18.0, "tp_r": 1.5}
s02_net|IS|{"be_r": 1, "tp_r": 1.5}
s02_net|IS|{"be_r": 1, "exit_time": 21.0, "tp_r": 1.5}
s02_net|IS|{"be_r": 1, "exit_time": 14.0, "tp_r": 1.5, "trail_r": 0.5}
s02_net|IS|{"be_r": 1, "exit_time": 16.0, "tp_r": 1.5, "trail_r": 0.5}
s02_net|IS|{"be_r": 1, "exit_time": 18.0, "tp_r": 1.5, "trail_r": 0.5}
s02_net|IS|{"be_r": 1, "tp_r": 1.5, "trail_r": 0.5}
s02_net|IS|{"be_r": 1, "exit_time": 21.0, "tp_r": 1.5, "trail_r": 0.5}
s02_net|IS|{"be_r": 1, "exit_time": 14.0, "tp_r": 1.5, "trail_r": 1}
s02_net|IS|{"be_r": 1, "exit_time": 16.0, "tp_r": 1.5, "trail_r": 1}
s02_net|IS|{"be_r": 1, "exit_time": 18.0, "tp_r": 1.5, "trail_r": 1}
s02_net|IS|{"be_r": 1, "tp_r": 1.5, "trail_r": 1}
s02_net|IS|{"be_r": 1, "exit_time": 21.0, "tp_r": 1.5, "trail_r": 1}
s02_net|IS|{"be_r": 1, "exit_time": 14.0, "tp_r": 1.5, "trail_r": 1.5}
s02_net|IS|{"be_r": 1, "exit_time": 16.0, "tp_r": 1.5, "trail_r": 1.5}
s02_net|IS|{"be_r": 1, "exit_time": 18.0, "tp_r": 1.5, "trail_r": 1.5}
s02_net|IS|{"be_r": 1, "tp_r": 1.5, "trail_r": 1.5}
s02_net|IS|{"be_r": 1, "exit_time": 21.0, "tp_r": 1.5, "trail_r": 1.5}
s02_net|IS|{"be_r": 1, "exit_time": 14.0, "tp_r": 1.5, "trail_r": 2}
s02_net|IS|{"be_r": 1, "exit_time": 16.0, "tp_r": 1.5, "trail_r": 2}
s02_net|IS|{"be_r": 1, "exit_time": 18.0, "tp_r": 1.5, "trail_r": 2}
s02_net|IS|{"be_r": 1, "tp_r": 1.5, "trail_r": 2}
s02_net|IS|{"be_r": 1, "exit_time": 21.0, "tp_r": 1.5, "trail_r": 2}
s02_net|IS|{"exit_time": 14.0, "tp_r": 2}
s02_net|IS|{"exit_time": 16.0, "tp_r": 2}
s02_net|IS|{"exit_time": 18.0, "tp_r": 2}
s02_net|IS|{"tp_r": 2}
s02_net|IS|{"exit_time": 21.0, "tp_r": 2}
s02_net|IS|{"exit_time": 14.0, "tp_r": 2, "trail_r": 0.5}
s02_net|IS|{"exit_time": 16.0, "tp_r": 2, "trail_r": 0.5}
s02_net|IS|{"exit_time": 18.0, "tp_r": 2, "trail_r": 0.5}
s02_net|IS|{"tp_r": 2, "trail_r": 0.5}
s02_net|IS|{"exit_time": 21.0, "tp_r": 2, "trail_r": 0.5}
s02_net|IS|{"exit_time": 14.0, "tp_r": 2, "trail_r": 1}
s02_net|IS|{"exit_time": 16.0, "tp_r": 2, "trail_r": 1}
s02_net|IS|{"exit_time": 18.0, "tp_r": 2, "trail_r": 1}
s02_net|IS|{"tp_r": 2, "trail_r": 1}
s02_net|IS|{"exit_time": 21.0, "tp_r": 2, "trail_r": 1}
s02_net|IS|{"exit_time": 14.0, "tp_r": 2, "trail_r": 1.5}
s02_net|IS|{"exit_time": 16.0, "tp_r": 2, "trail_r": 1.5}
s02_net|IS|{"exit_time": 18.0, "tp_r": 2, "trail_r": 1.5}
s02_net|IS|{"tp_r": 2, "trail_r": 1.5}
s02_net|IS|{"exit_time": 21.0, "tp_r": 2, "trail_r": 1.5}
s02_net|IS|{"exit_time": 14.0, "tp_r": 2, "trail_r": 2}
s02_net|IS|{"exit_time": 16.0, "tp_r": 2, "trail_r": 2}
s02_net|IS|{"exit_time": 18.0, "tp_r": 2, "trail_r": 2}
s02_net|IS|{"tp_r": 2, "trail_r": 2}
s02_net|IS|{"exit_time": 21.0, "tp_r": 2, "trail_r": 2}
s02_net|IS|{"be_r": 0.5, "exit_time": 14.0, "tp_r": 2}
s02_net|IS|{"be_r": 0.5, "exit_time": 16.0, "tp_r": 2}
s02_net|IS|{"be_r": 0.5, "exit_time": 18.0, "tp_r": 2}
s02_net|IS|{"be_r": 0.5, "tp_r": 2}
s02_net|IS|{"be_r": 0.5, "exit_time": 21.0, "tp_r": 2}
s02_net|IS|{"be_r": 0.5, "exit_time": 14.0, "tp_r": 2, "trail_r": 0.5}
s02_net|IS|{"be_r": 0.5, "exit_time": 16.0, "tp_r": 2, "trail_r": 0.5}
s02_net|IS|{"be_r": 0.5, "exit_time": 18.0, "tp_r": 2, "trail_r": 0.5}
s02_net|IS|{"be_r": 0.5, "tp_r": 2, "trail_r": 0.5}
s02_net|IS|{"be_r": 0.5, "exit_time": 21.0, "tp_r": 2, "trail_r": 0.5}
s02_net|IS|{"be_r": 0.5, "exit_time": 14.0, "tp_r": 2, "trail_r": 1}
s02_net|IS|{"be_r": 0.5, "exit_time": 16.0, "tp_r": 2, "trail_r": 1}
s02_net|IS|{"be_r": 0.5, "exit_time": 18.0, "tp_r": 2, "trail_r": 1}
s02_net|IS|{"be_r": 0.5, "tp_r": 2, "trail_r": 1}
s02_net|IS|{"be_r": 0.5, "exit_time": 21.0, "tp_r": 2, "trail_r": 1}
s02_net|IS|{"be_r": 0.5, "exit_time": 14.0, "tp_r": 2, "trail_r": 1.5}
s02_net|IS|{"be_r": 0.5, "exit_time": 16.0, "tp_r": 2, "trail_r": 1.5}
s02_net|IS|{"be_r": 0.5, "exit_time": 18.0, "tp_r": 2, "trail_r": 1.5}
s02_net|IS|{"be_r": 0.5, "tp_r": 2, "trail_r": 1.5}
s02_net|IS|{"be_r": 0.5, "exit_time": 21.0, "tp_r": 2, "trail_r": 1.5}
s02_net|IS|{"be_r": 0.5, "exit_time": 14.0, "tp_r": 2, "trail_r": 2}
s02_net|IS|{"be_r": 0.5, "exit_time": 16.0, "tp_r": 2, "trail_r": 2}
s02_net|IS|{"be_r": 0.5, "exit_time": 18.0, "tp_r": 2, "trail_r": 2}
s02_net|IS|{"be_r": 0.5, "tp_r": 2, "trail_r": 2}
s02_net|IS|{"be_r": 0.5, "exit_time": 21.0, "tp_r": 2, "trail_r": 2}
s02_net|IS|{"be_r": 1, "exit_time": 14.0, "tp_r": 2}
s02_net|IS|{"be_r": 1, "exit_time": 16.0, "tp_r": 2}
s02_net|IS|{"be_r": 1, "exit_time": 18.0, "tp_r": 2}
s02_net|IS|{"be_r": 1, "tp_r": 2}
s02_net|IS|{"be_r": 1, "exit_time": 21.0, "tp_r": 2}
s02_net|IS|{"be_r": 1, "exit_time": 14.0, "tp_r": 2, "trail_r": 0.5}
s02_net|IS|{"be_r": 1, "exit_time": 16.0, "tp_r": 2, "trail_r": 0.5}
s02_net|IS|{"be_r": 1, "exit_time": 18.0, "tp_r": 2, "trail_r": 0.5}
s02_net|IS|{"be_r": 1, "tp_r": 2, "trail_r": 0.5}
s02_net|IS|{"be_r": 1, "exit_time": 21.0, "tp_r": 2, "trail_r": 0.5}
s02_net|IS|{"be_r": 1, "exit_time": 14.0, "tp_r": 2, "trail_r": 1}
s02_net|IS|{"be_r": 1, "exit_time": 16.0, "tp_r": 2, "trail_r": 1}
s02_net|IS|{"be_r": 1, "exit_time": 18.0, "tp_r": 2, "trail_r": 1}
s02_net|IS|{"be_r": 1, "tp_r": 2, "trail_r": 1}
s02_net|IS|{"be_r": 1, "exit_time": 21.0, "tp_r": 2, "trail_r": 1}
s02_net|IS|{"be_r": 1, "exit_time": 14.0, "tp_r": 2, "trail_r": 1.5}
s02_net|IS|{"be_r": 1, "exit_time": 16.0, "tp_r": 2, "trail_r": 1.5}
s02_net|IS|{"be_r": 1, "exit_time": 18.0, "tp_r": 2, "trail_r": 1.5}
s02_net|IS|{"be_r": 1, "tp_r": 2, "trail_r": 1.5}
s02_net|IS|{"be_r": 1, "exit_time": 21.0, "tp_r": 2, "trail_r": 1.5}
s02_net|IS|{"be_r": 1, "exit_time": 14.0, "tp_r": 2, "trail_r": 2}
s02_net|IS|{"be_r": 1, "exit_time": 16.0, "tp_r": 2, "trail_r": 2}
s02_net|IS|{"be_r": 1, "exit_time": 18.0, "tp_r": 2, "trail_r": 2}
s02_net|IS|{"be_r": 1, "tp_r": 2, "trail_r": 2}
s02_net|IS|{"be_r": 1, "exit_time": 21.0, "tp_r": 2, "trail_r": 2}
s02_net|IS|{"exit_time": 14.0, "tp_r": 3}
s02_net|IS|{"exit_time": 16.0, "tp_r": 3}
s02_net|IS|{"exit_time": 18.0, "tp_r": 3}
s02_net|IS|{"tp_r": 3}
s02_net|IS|{"exit_time": 21.0, "tp_r": 3}
s02_net|IS|{"exit_time": 14.0, "tp_r": 3, "trail_r": 0.5}
s02_net|IS|{"exit_time": 16.0, "tp_r": 3, "trail_r": 0.5}
s02_net|IS|{"exit_time": 18.0, "tp_r": 3, "trail_r": 0.5}
s02_net|IS|{"tp_r": 3, "trail_r": 0.5}
s02_net|IS|{"exit_time": 21.0, "tp_r": 3, "trail_r": 0.5}
s02_net|IS|{"exit_time": 14.0, "tp_r": 3, "trail_r": 1}
s02_net|IS|{"exit_time": 16.0, "tp_r": 3, "trail_r": 1}
s02_net|IS|{"exit_time": 18.0, "tp_r": 3, "trail_r": 1}
s02_net|IS|{"tp_r": 3, "trail_r": 1}
s02_net|IS|{"exit_time": 21.0, "tp_r": 3, "trail_r": 1}
s02_net|IS|{"exit_time": 14.0, "tp_r": 3, "trail_r": 1.5}
s02_net|IS|{"exit_time": 16.0, "tp_r": 3, "trail_r": 1.5}
s02_net|IS|{"exit_time": 18.0, "tp_r": 3, "trail_r": 1.5}
s02_net|IS|{"tp_r": 3, "trail_r": 1.5}
s02_net|IS|{"exit_time": 21.0, "tp_r": 3, "trail_r": 1.5}
s02_net|IS|{"exit_time": 14.0, "tp_r": 3, "trail_r": 2}
s02_net|IS|{"exit_time": 16.0, "tp_r": 3, "trail_r": 2}
s02_net|IS|{"exit_time": 18.0, "tp_r": 3, "trail_r": 2}
s02_net|IS|{"tp_r": 3, "trail_r": 2}
s02_net|IS|{"exit_time": 21.0, "tp_r": 3, "trail_r": 2}
s02_net|IS|{"be_r": 0.5, "exit_time": 14.0, "tp_r": 3}
s02_net|IS|{"be_r": 0.5, "exit_time": 16.0, "tp_r": 3}
s02_net|IS|{"be_r": 0.5, "exit_time": 18.0, "tp_r": 3}
s02_net|IS|{"be_r": 0.5, "tp_r": 3}
s02_net|IS|{"be_r": 0.5, "exit_time": 21.0, "tp_r": 3}
s02_net|IS|{"be_r": 0.5, "exit_time": 14.0, "tp_r": 3, "trail_r": 0.5}
s02_net|IS|{"be_r": 0.5, "exit_time": 16.0, "tp_r": 3, "trail_r": 0.5}
s02_net|IS|{"be_r": 0.5, "exit_time": 18.0, "tp_r": 3, "trail_r": 0.5}
s02_net|IS|{"be_r": 0.5, "tp_r": 3, "trail_r": 0.5}
s02_net|IS|{"be_r": 0.5, "exit_time": 21.0, "tp_r": 3, "trail_r": 0.5}
s02_net|IS|{"be_r": 0.5, "exit_time": 14.0, "tp_r": 3, "trail_r": 1}
s02_net|IS|{"be_r": 0.5, "exit_time": 16.0, "tp_r": 3, "trail_r": 1}
s02_net|IS|{"be_r": 0.5, "exit_time": 18.0, "tp_r": 3, "trail_r": 1}
s02_net|IS|{"be_r": 0.5, "tp_r": 3, "trail_r": 1}
s02_net|IS|{"be_r": 0.5, "exit_time": 21.0, "tp_r": 3, "trail_r": 1}
s02_net|IS|{"be_r": 0.5, "exit_time": 14.0, "tp_r": 3, "trail_r": 1.5}
s02_net|IS|{"be_r": 0.5, "exit_time": 16.0, "tp_r": 3, "trail_r": 1.5}
s02_net|IS|{"be_r": 0.5, "exit_time": 18.0, "tp_r": 3, "trail_r": 1.5}
s02_net|IS|{"be_r": 0.5, "tp_r": 3, "trail_r": 1.5}
s02_net|IS|{"be_r": 0.5, "exit_time": 21.0, "tp_r": 3, "trail_r": 1.5}
s02_net|IS|{"be_r": 0.5, "exit_time": 14.0, "tp_r": 3, "trail_r": 2}
s02_net|IS|{"be_r": 0.5, "exit_time": 16.0, "tp_r": 3, "trail_r": 2}
s02_net|IS|{"be_r": 0.5, "exit_time": 18.0, "tp_r": 3, "trail_r": 2}
s02_net|IS|{"be_r": 0.5, "tp_r": 3, "trail_r": 2}
s02_net|IS|{"be_r": 0.5, "exit_time": 21.0, "tp_r": 3, "trail_r": 2}
s02_net|IS|{"be_r": 1, "exit_time": 14.0, "tp_r": 3}
s02_net|IS|{"be_r": 1, "exit_time": 16.0, "tp_r": 3}
s02_net|IS|{"be_r": 1, "exit_time": 18.0, "tp_r": 3}
s02_net|IS|{"be_r": 1, "tp_r": 3}
s02_net|IS|{"be_r": 1, "exit_time": 21.0, "tp_r": 3}
s02_net|IS|{"be_r": 1, "exit_time": 14.0, "tp_r": 3, "trail_r": 0.5}
s02_net|IS|{"be_r": 1, "exit_time": 16.0, "tp_r": 3, "trail_r": 0.5}
s02_net|IS|{"be_r": 1, "exit_time": 18.0, "tp_r": 3, "trail_r": 0.5}
s02_net|IS|{"be_r": 1, "tp_r": 3, "trail_r": 0.5}
s02_net|IS|{"be_r": 1, "exit_time": 21.0, "tp_r": 3, "trail_r": 0.5}
s02_net|IS|{"be_r": 1, "exit_time": 14.0, "tp_r": 3, "trail_r": 1}
s02_net|IS|{"be_r": 1, "exit_time": 16.0, "tp_r": 3, "trail_r": 1}
s02_net|IS|{"be_r": 1, "exit_time": 18.0, "tp_r": 3, "trail_r": 1}
s02_net|IS|{"be_r": 1, "tp_r": 3, "trail_r": 1}
s02_net|IS|{"be_r": 1, "exit_time": 21.0, "tp_r": 3, "trail_r": 1}
s02_net|IS|{"be_r": 1, "exit_time": 14.0, "tp_r": 3, "trail_r": 1.5}
s02_net|IS|{"be_r": 1, "exit_time": 16.0, "tp_r": 3, "trail_r": 1.5}
s02_net|IS|{"be_r": 1, "exit_time": 18.0, "tp_r": 3, "trail_r": 1.5}
s02_net|IS|{"be_r": 1, "tp_r": 3, "trail_r": 1.5}
s02_net|IS|{"be_r": 1, "exit_time": 21.0, "tp_r": 3, "trail_r": 1.5}
s02_net|IS|{"be_r": 1, "exit_time": 14.0, "tp_r": 3, "trail_r": 2}
s02_net|IS|{"be_r": 1, "exit_time": 16.0, "tp_r": 3, "trail_r": 2}
s02_net|IS|{"be_r": 1, "exit_time": 18.0, "tp_r": 3, "trail_r": 2}
s02_net|IS|{"be_r": 1, "tp_r": 3, "trail_r": 2}
s02_net|IS|{"be_r": 1, "exit_time": 21.0, "tp_r": 3, "trail_r": 2}
s02_net|IS|{"exit_time": 14.0, "tp_r": 4}
s02_net|IS|{"exit_time": 16.0, "tp_r": 4}
s02_net|IS|{"exit_time": 18.0, "tp_r": 4}
s02_net|IS|{"tp_r": 4}
s02_net|IS|{"exit_time": 21.0, "tp_r": 4}
s02_net|IS|{"exit_time": 14.0, "tp_r": 4, "trail_r": 0.5}
s02_net|IS|{"exit_time": 16.0, "tp_r": 4, "trail_r": 0.5}
s02_net|IS|{"exit_time": 18.0, "tp_r": 4, "trail_r": 0.5}
s02_net|IS|{"tp_r": 4, "trail_r": 0.5}
s02_net|IS|{"exit_time": 21.0, "tp_r": 4, "trail_r": 0.5}
s02_net|IS|{"exit_time": 14.0, "tp_r": 4, "trail_r": 1}
s02_net|IS|{"exit_time": 16.0, "tp_r": 4, "trail_r": 1}
s02_net|IS|{"exit_time": 18.0, "tp_r": 4, "trail_r": 1}
s02_net|IS|{"tp_r": 4, "trail_r": 1}
s02_net|IS|{"exit_time": 21.0, "tp_r": 4, "trail_r": 1}
s02_net|IS|{"exit_time": 14.0, "tp_r": 4, "trail_r": 1.5}
s02_net|IS|{"exit_time": 16.0, "tp_r": 4, "trail_r": 1.5}
s02_net|IS|{"exit_time": 18.0, "tp_r": 4, "trail_r": 1.5}
s02_net|IS|{"tp_r": 4, "trail_r": 1.5}
s02_net|IS|{"exit_time": 21.0, "tp_r": 4, "trail_r": 1.5}
s02_net|IS|{"exit_time": 14.0, "tp_r": 4, "trail_r": 2}
s02_net|IS|{"exit_time": 16.0, "tp_r": 4, "trail_r": 2}
s02_net|IS|{"exit_time": 18.0, "tp_r": 4, "trail_r": 2}
s02_net|IS|{"tp_r": 4, "trail_r": 2}
s02_net|IS|{"exit_time": 21.0, "tp_r": 4, "trail_r": 2}
s02_net|IS|{"be_r": 0.5, "exit_time": 14.0, "tp_r": 4}
s02_net|IS|{"be_r": 0.5, "exit_time": 16.0, "tp_r": 4}
s02_net|IS|{"be_r": 0.5, "exit_time": 18.0, "tp_r": 4}
s02_net|IS|{"be_r": 0.5, "tp_r": 4}
s02_net|IS|{"be_r": 0.5, "exit_time": 21.0, "tp_r": 4}
s02_net|IS|{"be_r": 0.5, "exit_time": 14.0, "tp_r": 4, "trail_r": 0.5}
s02_net|IS|{"be_r": 0.5, "exit_time": 16.0, "tp_r": 4, "trail_r": 0.5}
s02_net|IS|{"be_r": 0.5, "exit_time": 18.0, "tp_r": 4, "trail_r": 0.5}
s02_net|IS|{"be_r": 0.5, "tp_r": 4, "trail_r": 0.5}
s02_net|IS|{"be_r": 0.5, "exit_time": 21.0, "tp_r": 4, "trail_r": 0.5}
s02_net|IS|{"be_r": 0.5, "exit_time": 14.0, "tp_r": 4, "trail_r": 1}
s02_net|IS|{"be_r": 0.5, "exit_time": 16.0, "tp_r": 4, "trail_r": 1}
s02_net|IS|{"be_r": 0.5, "exit_time": 18.0, "tp_r": 4, "trail_r": 1}
s02_net|IS|{"be_r": 0.5, "tp_r": 4, "trail_r": 1}
s02_net|IS|{"be_r": 0.5, "exit_time": 21.0, "tp_r": 4, "trail_r": 1}
s02_net|IS|{"be_r": 0.5, "exit_time": 14.0, "tp_r": 4, "trail_r": 1.5}
s02_net|IS|{"be_r": 0.5, "exit_time": 16.0, "tp_r": 4, "trail_r": 1.5}
s02_net|IS|{"be_r": 0.5, "exit_time": 18.0, "tp_r": 4, "trail_r": 1.5}
s02_net|IS|{"be_r": 0.5, "tp_r": 4, "trail_r": 1.5}
s02_net|IS|{"be_r": 0.5, "exit_time": 21.0, "tp_r": 4, "trail_r": 1.5}
s02_net|IS|{"be_r": 0.5, "exit_time": 14.0, "tp_r": 4, "trail_r": 2}
s02_net|IS|{"be_r": 0.5, "exit_time": 16.0, "tp_r": 4, "trail_r": 2}
s02_net|IS|{"be_r": 0.5, "exit_time": 18.0, "tp_r": 4, "trail_r": 2}
s02_net|IS|{"be_r": 0.5, "tp_r": 4, "trail_r": 2}
s02_net|IS|{"be_r": 0.5, "exit_time": 21.0, "tp_r": 4, "trail_r": 2}
s02_net|IS|{"be_r": 1, "exit_time": 14.0, "tp_r": 4}
s02_net|IS|{"be_r": 1, "exit_time": 16.0, "tp_r": 4}
s02_net|IS|{"be_r": 1, "exit_time": 18.0, "tp_r": 4}
s02_net|IS|{"be_r": 1, "tp_r": 4}
s02_net|IS|{"be_r": 1, "exit_time": 21.0, "tp_r": 4}
s02_net|IS|{"be_r": 1, "exit_time": 14.0, "tp_r": 4, "trail_r": 0.5}
s02_net|IS|{"be_r": 1, "exit_time": 16.0, "tp_r": 4, "trail_r": 0.5}
s02_net|IS|{"be_r": 1, "exit_time": 18.0, "tp_r": 4, "trail_r": 0.5}
s02_net|IS|{"be_r": 1, "tp_r": 4, "trail_r": 0.5}
s02_net|IS|{"be_r": 1, "exit_time": 21.0, "tp_r": 4, "trail_r": 0.5}
s02_net|IS|{"be_r": 1, "exit_time": 14.0, "tp_r": 4, "trail_r": 1}
s02_net|IS|{"be_r": 1, "exit_time": 16.0, "tp_r": 4, "trail_r": 1}
s02_net|IS|{"be_r": 1, "exit_time": 18.0, "tp_r": 4, "trail_r": 1}
s02_net|IS|{"be_r": 1, "tp_r": 4, "trail_r": 1}
s02_net|IS|{"be_r": 1, "exit_time": 21.0, "tp_r": 4, "trail_r": 1}
s02_net|IS|{"be_r": 1, "exit_time": 14.0, "tp_r": 4, "trail_r": 1.5}
s02_net|IS|{"be_r": 1, "exit_time": 16.0, "tp_r": 4, "trail_r": 1.5}
s02_net|IS|{"be_r": 1, "exit_time": 18.0, "tp_r": 4, "trail_r": 1.5}
s02_net|IS|{"be_r": 1, "tp_r": 4, "trail_r": 1.5}
s02_net|IS|{"be_r": 1, "exit_time": 21.0, "tp_r": 4, "trail_r": 1.5}
s02_net|IS|{"be_r": 1, "exit_time": 14.0, "tp_r": 4, "trail_r": 2}
s02_net|IS|{"be_r": 1, "exit_time": 16.0, "tp_r": 4, "trail_r": 2}
s02_net|IS|{"be_r": 1, "exit_time": 18.0, "tp_r": 4, "trail_r": 2}
s02_net|IS|{"be_r": 1, "tp_r": 4, "trail_r": 2}
s02_net|IS|{"be_r": 1, "exit_time": 21.0, "tp_r": 4, "trail_r": 2}
s02_net|IS|{"exit_time": 14.0, "sl_k": 1.5}
s02_net|IS|{"exit_time": 16.0, "sl_k": 1.5}
s02_net|IS|{"exit_time": 18.0, "sl_k": 1.5}
s02_net|IS|{"sl_k": 1.5}
s02_net|IS|{"exit_time": 21.0, "sl_k": 1.5}
s02_net|IS|{"exit_time": 14.0, "sl_k": 1.5, "trail_r": 0.5}
s02_net|IS|{"exit_time": 16.0, "sl_k": 1.5, "trail_r": 0.5}
s02_net|IS|{"exit_time": 18.0, "sl_k": 1.5, "trail_r": 0.5}
s02_net|IS|{"sl_k": 1.5, "trail_r": 0.5}
s02_net|IS|{"exit_time": 21.0, "sl_k": 1.5, "trail_r": 0.5}
s02_net|IS|{"exit_time": 14.0, "sl_k": 1.5, "trail_r": 1}
s02_net|IS|{"exit_time": 16.0, "sl_k": 1.5, "trail_r": 1}
s02_net|IS|{"exit_time": 18.0, "sl_k": 1.5, "trail_r": 1}
s02_net|IS|{"sl_k": 1.5, "trail_r": 1}
s02_net|IS|{"exit_time": 21.0, "sl_k": 1.5, "trail_r": 1}
s02_net|IS|{"exit_time": 14.0, "sl_k": 1.5, "trail_r": 1.5}
s02_net|IS|{"exit_time": 16.0, "sl_k": 1.5, "trail_r": 1.5}
s02_net|IS|{"exit_time": 18.0, "sl_k": 1.5, "trail_r": 1.5}
s02_net|IS|{"sl_k": 1.5, "trail_r": 1.5}
s02_net|IS|{"exit_time": 21.0, "sl_k": 1.5, "trail_r": 1.5}
s02_net|IS|{"exit_time": 14.0, "sl_k": 1.5, "trail_r": 2}
s02_net|IS|{"exit_time": 16.0, "sl_k": 1.5, "trail_r": 2}
s02_net|IS|{"exit_time": 18.0, "sl_k": 1.5, "trail_r": 2}
s02_net|IS|{"sl_k": 1.5, "trail_r": 2}
s02_net|IS|{"exit_time": 21.0, "sl_k": 1.5, "trail_r": 2}
s02_net|IS|{"be_r": 0.5, "exit_time": 14.0, "sl_k": 1.5}
s02_net|IS|{"be_r": 0.5, "exit_time": 16.0, "sl_k": 1.5}
s02_net|IS|{"be_r": 0.5, "exit_time": 18.0, "sl_k": 1.5}
s02_net|IS|{"be_r": 0.5, "sl_k": 1.5}
s02_net|IS|{"be_r": 0.5, "exit_time": 21.0, "sl_k": 1.5}
s02_net|IS|{"be_r": 0.5, "exit_time": 14.0, "sl_k": 1.5, "trail_r": 0.5}
s02_net|IS|{"be_r": 0.5, "exit_time": 16.0, "sl_k": 1.5, "trail_r": 0.5}
s02_net|IS|{"be_r": 0.5, "exit_time": 18.0, "sl_k": 1.5, "trail_r": 0.5}
s02_net|IS|{"be_r": 0.5, "sl_k": 1.5, "trail_r": 0.5}
s02_net|IS|{"be_r": 0.5, "exit_time": 21.0, "sl_k": 1.5, "trail_r": 0.5}
s02_net|IS|{"be_r": 0.5, "exit_time": 14.0, "sl_k": 1.5, "trail_r": 1}
s02_net|IS|{"be_r": 0.5, "exit_time": 16.0, "sl_k": 1.5, "trail_r": 1}
s02_net|IS|{"be_r": 0.5, "exit_time": 18.0, "sl_k": 1.5, "trail_r": 1}
s02_net|IS|{"be_r": 0.5, "sl_k": 1.5, "trail_r": 1}
s02_net|IS|{"be_r": 0.5, "exit_time": 21.0, "sl_k": 1.5, "trail_r": 1}
s02_net|IS|{"be_r": 0.5, "exit_time": 14.0, "sl_k": 1.5, "trail_r": 1.5}
s02_net|IS|{"be_r": 0.5, "exit_time": 16.0, "sl_k": 1.5, "trail_r": 1.5}
s02_net|IS|{"be_r": 0.5, "exit_time": 18.0, "sl_k": 1.5, "trail_r": 1.5}
s02_net|IS|{"be_r": 0.5, "sl_k": 1.5, "trail_r": 1.5}
s02_net|IS|{"be_r": 0.5, "exit_time": 21.0, "sl_k": 1.5, "trail_r": 1.5}
s02_net|IS|{"be_r": 0.5, "exit_time": 14.0, "sl_k": 1.5, "trail_r": 2}
s02_net|IS|{"be_r": 0.5, "exit_time": 16.0, "sl_k": 1.5, "trail_r": 2}
s02_net|IS|{"be_r": 0.5, "exit_time": 18.0, "sl_k": 1.5, "trail_r": 2}
s02_net|IS|{"be_r": 0.5, "sl_k": 1.5, "trail_r": 2}
s02_net|IS|{"be_r": 0.5, "exit_time": 21.0, "sl_k": 1.5, "trail_r": 2}
s02_net|IS|{"be_r": 1, "exit_time": 14.0, "sl_k": 1.5}
s02_net|IS|{"be_r": 1, "exit_time": 16.0, "sl_k": 1.5}
s02_net|IS|{"be_r": 1, "exit_time": 18.0, "sl_k": 1.5}
s02_net|IS|{"be_r": 1, "sl_k": 1.5}
s02_net|IS|{"be_r": 1, "exit_time": 21.0, "sl_k": 1.5}
s02_net|IS|{"be_r": 1, "exit_time": 14.0, "sl_k": 1.5, "trail_r": 0.5}
s02_net|IS|{"be_r": 1, "exit_time": 16.0, "sl_k": 1.5, "trail_r": 0.5}
s02_net|IS|{"be_r": 1, "exit_time": 18.0, "sl_k": 1.5, "trail_r": 0.5}
s02_net|IS|{"be_r": 1, "sl_k": 1.5, "trail_r": 0.5}
s02_net|IS|{"be_r": 1, "exit_time": 21.0, "sl_k": 1.5, "trail_r": 0.5}
s02_net|IS|{"be_r": 1, "exit_time": 14.0, "sl_k": 1.5, "trail_r": 1}
s02_net|IS|{"be_r": 1, "exit_time": 16.0, "sl_k": 1.5, "trail_r": 1}
s02_net|IS|{"be_r": 1, "exit_time": 18.0, "sl_k": 1.5, "trail_r": 1}
s02_net|IS|{"be_r": 1, "sl_k": 1.5, "trail_r": 1}
s02_net|IS|{"be_r": 1, "exit_time": 21.0, "sl_k": 1.5, "trail_r": 1}
s02_net|IS|{"be_r": 1, "exit_time": 14.0, "sl_k": 1.5, "trail_r": 1.5}
s02_net|IS|{"be_r": 1, "exit_time": 16.0, "sl_k": 1.5, "trail_r": 1.5}
s02_net|IS|{"be_r": 1, "exit_time": 18.0, "sl_k": 1.5, "trail_r": 1.5}
s02_net|IS|{"be_r": 1, "sl_k": 1.5, "trail_r": 1.5}
s02_net|IS|{"be_r": 1, "exit_time": 21.0, "sl_k": 1.5, "trail_r": 1.5}
s02_net|IS|{"be_r": 1, "exit_time": 14.0, "sl_k": 1.5, "trail_r": 2}
s02_net|IS|{"be_r": 1, "exit_time": 16.0, "sl_k": 1.5, "trail_r": 2}
s02_net|IS|{"be_r": 1, "exit_time": 18.0, "sl_k": 1.5, "trail_r": 2}
s02_net|IS|{"be_r": 1, "sl_k": 1.5, "trail_r": 2}
s02_net|IS|{"be_r": 1, "exit_time": 21.0, "sl_k": 1.5, "trail_r": 2}
s02_net|IS|{"exit_time": 14.0, "sl_k": 1.5, "tp_r": 1}
s02_net|IS|{"exit_time": 16.0, "sl_k": 1.5, "tp_r": 1}
s02_net|IS|{"exit_time": 18.0, "sl_k": 1.5, "tp_r": 1}
s02_net|IS|{"sl_k": 1.5, "tp_r": 1}
s02_net|IS|{"exit_time": 21.0, "sl_k": 1.5, "tp_r": 1}
s02_net|IS|{"exit_time": 14.0, "sl_k": 1.5, "tp_r": 1, "trail_r": 0.5}
s02_net|IS|{"exit_time": 16.0, "sl_k": 1.5, "tp_r": 1, "trail_r": 0.5}
s02_net|IS|{"exit_time": 18.0, "sl_k": 1.5, "tp_r": 1, "trail_r": 0.5}
s02_net|IS|{"sl_k": 1.5, "tp_r": 1, "trail_r": 0.5}
s02_net|IS|{"exit_time": 21.0, "sl_k": 1.5, "tp_r": 1, "trail_r": 0.5}
s02_net|IS|{"exit_time": 14.0, "sl_k": 1.5, "tp_r": 1, "trail_r": 1}
s02_net|IS|{"exit_time": 16.0, "sl_k": 1.5, "tp_r": 1, "trail_r": 1}
s02_net|IS|{"exit_time": 18.0, "sl_k": 1.5, "tp_r": 1, "trail_r": 1}
s02_net|IS|{"sl_k": 1.5, "tp_r": 1, "trail_r": 1}
s02_net|IS|{"exit_time": 21.0, "sl_k": 1.5, "tp_r": 1, "trail_r": 1}
s02_net|IS|{"exit_time": 14.0, "sl_k": 1.5, "tp_r": 1, "trail_r": 1.5}
s02_net|IS|{"exit_time": 16.0, "sl_k": 1.5, "tp_r": 1, "trail_r": 1.5}
s02_net|IS|{"exit_time": 18.0, "sl_k": 1.5, "tp_r": 1, "trail_r": 1.5}
s02_net|IS|{"sl_k": 1.5, "tp_r": 1, "trail_r": 1.5}
s02_net|IS|{"exit_time": 21.0, "sl_k": 1.5, "tp_r": 1, "trail_r": 1.5}
s02_net|IS|{"exit_time": 14.0, "sl_k": 1.5, "tp_r": 1, "trail_r": 2}
s02_net|IS|{"exit_time": 16.0, "sl_k": 1.5, "tp_r": 1, "trail_r": 2}
s02_net|IS|{"exit_time": 18.0, "sl_k": 1.5, "tp_r": 1, "trail_r": 2}
s02_net|IS|{"sl_k": 1.5, "tp_r": 1, "trail_r": 2}
s02_net|IS|{"exit_time": 21.0, "sl_k": 1.5, "tp_r": 1, "trail_r": 2}
s02_net|IS|{"be_r": 0.5, "exit_time": 14.0, "sl_k": 1.5, "tp_r": 1}
s02_net|IS|{"be_r": 0.5, "exit_time": 16.0, "sl_k": 1.5, "tp_r": 1}
s02_net|IS|{"be_r": 0.5, "exit_time": 18.0, "sl_k": 1.5, "tp_r": 1}
s02_net|IS|{"be_r": 0.5, "sl_k": 1.5, "tp_r": 1}
s02_net|IS|{"be_r": 0.5, "exit_time": 21.0, "sl_k": 1.5, "tp_r": 1}
s02_net|IS|{"be_r": 0.5, "exit_time": 14.0, "sl_k": 1.5, "tp_r": 1, "trail_r": 0.5}
s02_net|IS|{"be_r": 0.5, "exit_time": 16.0, "sl_k": 1.5, "tp_r": 1, "trail_r": 0.5}
s02_net|IS|{"be_r": 0.5, "exit_time": 18.0, "sl_k": 1.5, "tp_r": 1, "trail_r": 0.5}
s02_net|IS|{"be_r": 0.5, "sl_k": 1.5, "tp_r": 1, "trail_r": 0.5}
s02_net|IS|{"be_r": 0.5, "exit_time": 21.0, "sl_k": 1.5, "tp_r": 1, "trail_r": 0.5}
s02_net|IS|{"be_r": 0.5, "exit_time": 14.0, "sl_k": 1.5, "tp_r": 1, "trail_r": 1}
s02_net|IS|{"be_r": 0.5, "exit_time": 16.0, "sl_k": 1.5, "tp_r": 1, "trail_r": 1}
s02_net|IS|{"be_r": 0.5, "exit_time": 18.0, "sl_k": 1.5, "tp_r": 1, "trail_r": 1}
s02_net|IS|{"be_r": 0.5, "sl_k": 1.5, "tp_r": 1, "trail_r": 1}
s02_net|IS|{"be_r": 0.5, "exit_time": 21.0, "sl_k": 1.5, "tp_r": 1, "trail_r": 1}
s02_net|IS|{"be_r": 0.5, "exit_time": 14.0, "sl_k": 1.5, "tp_r": 1, "trail_r": 1.5}
s02_net|IS|{"be_r": 0.5, "exit_time": 16.0, "sl_k": 1.5, "tp_r": 1, "trail_r": 1.5}
s02_net|IS|{"be_r": 0.5, "exit_time": 18.0, "sl_k": 1.5, "tp_r": 1, "trail_r": 1.5}
s02_net|IS|{"be_r": 0.5, "sl_k": 1.5, "tp_r": 1, "trail_r": 1.5}
s02_net|IS|{"be_r": 0.5, "exit_time": 21.0, "sl_k": 1.5, "tp_r": 1, "trail_r": 1.5}
s02_net|IS|{"be_r": 0.5, "exit_time": 14.0, "sl_k": 1.5, "tp_r": 1, "trail_r": 2}
s02_net|IS|{"be_r": 0.5, "exit_time": 16.0, "sl_k": 1.5, "tp_r": 1, "trail_r": 2}
s02_net|IS|{"be_r": 0.5, "exit_time": 18.0, "sl_k": 1.5, "tp_r": 1, "trail_r": 2}
s02_net|IS|{"be_r": 0.5, "sl_k": 1.5, "tp_r": 1, "trail_r": 2}
s02_net|IS|{"be_r": 0.5, "exit_time": 21.0, "sl_k": 1.5, "tp_r": 1, "trail_r": 2}
s02_net|IS|{"be_r": 1, "exit_time": 14.0, "sl_k": 1.5, "tp_r": 1}
s02_net|IS|{"be_r": 1, "exit_time": 16.0, "sl_k": 1.5, "tp_r": 1}
s02_net|IS|{"be_r": 1, "exit_time": 18.0, "sl_k": 1.5, "tp_r": 1}
s02_net|IS|{"be_r": 1, "sl_k": 1.5, "tp_r": 1}
s02_net|IS|{"be_r": 1, "exit_time": 21.0, "sl_k": 1.5, "tp_r": 1}
s02_net|IS|{"be_r": 1, "exit_time": 14.0, "sl_k": 1.5, "tp_r": 1, "trail_r": 0.5}
s02_net|IS|{"be_r": 1, "exit_time": 16.0, "sl_k": 1.5, "tp_r": 1, "trail_r": 0.5}
s02_net|IS|{"be_r": 1, "exit_time": 18.0, "sl_k": 1.5, "tp_r": 1, "trail_r": 0.5}
s02_net|IS|{"be_r": 1, "sl_k": 1.5, "tp_r": 1, "trail_r": 0.5}
s02_net|IS|{"be_r": 1, "exit_time": 21.0, "sl_k": 1.5, "tp_r": 1, "trail_r": 0.5}
s02_net|IS|{"be_r": 1, "exit_time": 14.0, "sl_k": 1.5, "tp_r": 1, "trail_r": 1}
s02_net|IS|{"be_r": 1, "exit_time": 16.0, "sl_k": 1.5, "tp_r": 1, "trail_r": 1}
s02_net|IS|{"be_r": 1, "exit_time": 18.0, "sl_k": 1.5, "tp_r": 1, "trail_r": 1}
s02_net|IS|{"be_r": 1, "sl_k": 1.5, "tp_r": 1, "trail_r": 1}
s02_net|IS|{"be_r": 1, "exit_time": 21.0, "sl_k": 1.5, "tp_r": 1, "trail_r": 1}
s02_net|IS|{"be_r": 1, "exit_time": 14.0, "sl_k": 1.5, "tp_r": 1, "trail_r": 1.5}
s02_net|IS|{"be_r": 1, "exit_time": 16.0, "sl_k": 1.5, "tp_r": 1, "trail_r": 1.5}
s02_net|IS|{"be_r": 1, "exit_time": 18.0, "sl_k": 1.5, "tp_r": 1, "trail_r": 1.5}
s02_net|IS|{"be_r": 1, "sl_k": 1.5, "tp_r": 1, "trail_r": 1.5}
s02_net|IS|{"be_r": 1, "exit_time": 21.0, "sl_k": 1.5, "tp_r": 1, "trail_r": 1.5}
s02_net|IS|{"be_r": 1, "exit_time": 14.0, "sl_k": 1.5, "tp_r": 1, "trail_r": 2}
s02_net|IS|{"be_r": 1, "exit_time": 16.0, "sl_k": 1.5, "tp_r": 1, "trail_r": 2}
s02_net|IS|{"be_r": 1, "exit_time": 18.0, "sl_k": 1.5, "tp_r": 1, "trail_r": 2}
s02_net|IS|{"be_r": 1, "sl_k": 1.5, "tp_r": 1, "trail_r": 2}
s02_net|IS|{"be_r": 1, "exit_time": 21.0, "sl_k": 1.5, "tp_r": 1, "trail_r": 2}
s02_net|IS|{"exit_time": 14.0, "sl_k": 1.5, "tp_r": 1.5}
s02_net|IS|{"exit_time": 16.0, "sl_k": 1.5, "tp_r": 1.5}
s02_net|IS|{"exit_time": 18.0, "sl_k": 1.5, "tp_r": 1.5}
s02_net|IS|{"sl_k": 1.5, "tp_r": 1.5}
s02_net|IS|{"exit_time": 21.0, "sl_k": 1.5, "tp_r": 1.5}
s02_net|IS|{"exit_time": 14.0, "sl_k": 1.5, "tp_r": 1.5, "trail_r": 0.5}
s02_net|IS|{"exit_time": 16.0, "sl_k": 1.5, "tp_r": 1.5, "trail_r": 0.5}
s02_net|IS|{"exit_time": 18.0, "sl_k": 1.5, "tp_r": 1.5, "trail_r": 0.5}
s02_net|IS|{"sl_k": 1.5, "tp_r": 1.5, "trail_r": 0.5}
s02_net|IS|{"exit_time": 21.0, "sl_k": 1.5, "tp_r": 1.5, "trail_r": 0.5}
s02_net|IS|{"exit_time": 14.0, "sl_k": 1.5, "tp_r": 1.5, "trail_r": 1}
s02_net|IS|{"exit_time": 16.0, "sl_k": 1.5, "tp_r": 1.5, "trail_r": 1}
s02_net|IS|{"exit_time": 18.0, "sl_k": 1.5, "tp_r": 1.5, "trail_r": 1}
s02_net|IS|{"sl_k": 1.5, "tp_r": 1.5, "trail_r": 1}
s02_net|IS|{"exit_time": 21.0, "sl_k": 1.5, "tp_r": 1.5, "trail_r": 1}
s02_net|IS|{"exit_time": 14.0, "sl_k": 1.5, "tp_r": 1.5, "trail_r": 1.5}
s02_net|IS|{"exit_time": 16.0, "sl_k": 1.5, "tp_r": 1.5, "trail_r": 1.5}
s02_net|IS|{"exit_time": 18.0, "sl_k": 1.5, "tp_r": 1.5, "trail_r": 1.5}
s02_net|IS|{"sl_k": 1.5, "tp_r": 1.5, "trail_r": 1.5}
s02_net|IS|{"exit_time": 21.0, "sl_k": 1.5, "tp_r": 1.5, "trail_r": 1.5}
s02_net|IS|{"exit_time": 14.0, "sl_k": 1.5, "tp_r": 1.5, "trail_r": 2}
s02_net|IS|{"exit_time": 16.0, "sl_k": 1.5, "tp_r": 1.5, "trail_r": 2}
s02_net|IS|{"exit_time": 18.0, "sl_k": 1.5, "tp_r": 1.5, "trail_r": 2}
s02_net|IS|{"sl_k": 1.5, "tp_r": 1.5, "trail_r": 2}
s02_net|IS|{"exit_time": 21.0, "sl_k": 1.5, "tp_r": 1.5, "trail_r": 2}
s02_net|IS|{"be_r": 0.5, "exit_time": 14.0, "sl_k": 1.5, "tp_r": 1.5}
s02_net|IS|{"be_r": 0.5, "exit_time": 16.0, "sl_k": 1.5, "tp_r": 1.5}
s02_net|IS|{"be_r": 0.5, "exit_time": 18.0, "sl_k": 1.5, "tp_r": 1.5}
s02_net|IS|{"be_r": 0.5, "sl_k": 1.5, "tp_r": 1.5}
s02_net|IS|{"be_r": 0.5, "exit_time": 21.0, "sl_k": 1.5, "tp_r": 1.5}
s02_net|IS|{"be_r": 0.5, "exit_time": 14.0, "sl_k": 1.5, "tp_r": 1.5, "trail_r": 0.5}
s02_net|IS|{"be_r": 0.5, "exit_time": 16.0, "sl_k": 1.5, "tp_r": 1.5, "trail_r": 0.5}
s02_net|IS|{"be_r": 0.5, "exit_time": 18.0, "sl_k": 1.5, "tp_r": 1.5, "trail_r": 0.5}
s02_net|IS|{"be_r": 0.5, "sl_k": 1.5, "tp_r": 1.5, "trail_r": 0.5}
s02_net|IS|{"be_r": 0.5, "exit_time": 21.0, "sl_k": 1.5, "tp_r": 1.5, "trail_r": 0.5}
s02_net|IS|{"be_r": 0.5, "exit_time": 14.0, "sl_k": 1.5, "tp_r": 1.5, "trail_r": 1}
s02_net|IS|{"be_r": 0.5, "exit_time": 16.0, "sl_k": 1.5, "tp_r": 1.5, "trail_r": 1}
s02_net|IS|{"be_r": 0.5, "exit_time": 18.0, "sl_k": 1.5, "tp_r": 1.5, "trail_r": 1}
s02_net|IS|{"be_r": 0.5, "sl_k": 1.5, "tp_r": 1.5, "trail_r": 1}
s02_net|IS|{"be_r": 0.5, "exit_time": 21.0, "sl_k": 1.5, "tp_r": 1.5, "trail_r": 1}
s02_net|IS|{"be_r": 0.5, "exit_time": 14.0, "sl_k": 1.5, "tp_r": 1.5, "trail_r": 1.5}
s02_net|IS|{"be_r": 0.5, "exit_time": 16.0, "sl_k": 1.5, "tp_r": 1.5, "trail_r": 1.5}
s02_net|IS|{"be_r": 0.5, "exit_time": 18.0, "sl_k": 1.5, "tp_r": 1.5, "trail_r": 1.5}
s02_net|IS|{"be_r": 0.5, "sl_k": 1.5, "tp_r": 1.5, "trail_r": 1.5}
s02_net|IS|{"be_r": 0.5, "exit_time": 21.0, "sl_k": 1.5, "tp_r": 1.5, "trail_r": 1.5}
s02_net|IS|{"be_r": 0.5, "exit_time": 14.0, "sl_k": 1.5, "tp_r": 1.5, "trail_r": 2}
s02_net|IS|{"be_r": 0.5, "exit_time": 16.0, "sl_k": 1.5, "tp_r": 1.5, "trail_r": 2}
s02_net|IS|{"be_r": 0.5, "exit_time": 18.0, "sl_k": 1.5, "tp_r": 1.5, "trail_r": 2}
s02_net|IS|{"be_r": 0.5, "sl_k": 1.5, "tp_r": 1.5, "trail_r": 2}
s02_net|IS|{"be_r": 0.5, "exit_time": 21.0, "sl_k": 1.5, "tp_r": 1.5, "trail_r": 2}
s02_net|IS|{"be_r": 1, "exit_time": 14.0, "sl_k": 1.5, "tp_r": 1.5}
s02_net|IS|{"be_r": 1, "exit_time": 16.0, "sl_k": 1.5, "tp_r": 1.5}
s02_net|IS|{"be_r": 1, "exit_time": 18.0, "sl_k": 1.5, "tp_r": 1.5}
s02_net|IS|{"be_r": 1, "sl_k": 1.5, "tp_r": 1.5}
s02_net|IS|{"be_r": 1, "exit_time": 21.0, "sl_k": 1.5, "tp_r": 1.5}
s02_net|IS|{"be_r": 1, "exit_time": 14.0, "sl_k": 1.5, "tp_r": 1.5, "trail_r": 0.5}
s02_net|IS|{"be_r": 1, "exit_time": 16.0, "sl_k": 1.5, "tp_r": 1.5, "trail_r": 0.5}
s02_net|IS|{"be_r": 1, "exit_time": 18.0, "sl_k": 1.5, "tp_r": 1.5, "trail_r": 0.5}
s02_net|IS|{"be_r": 1, "sl_k": 1.5, "tp_r": 1.5, "trail_r": 0.5}
s02_net|IS|{"be_r": 1, "exit_time": 21.0, "sl_k": 1.5, "tp_r": 1.5, "trail_r": 0.5}
s02_net|IS|{"be_r": 1, "exit_time": 14.0, "sl_k": 1.5, "tp_r": 1.5, "trail_r": 1}
s02_net|IS|{"be_r": 1, "exit_time": 16.0, "sl_k": 1.5, "tp_r": 1.5, "trail_r": 1}
s02_net|IS|{"be_r": 1, "exit_time": 18.0, "sl_k": 1.5, "tp_r": 1.5, "trail_r": 1}
s02_net|IS|{"be_r": 1, "sl_k": 1.5, "tp_r": 1.5, "trail_r": 1}
s02_net|IS|{"be_r": 1, "exit_time": 21.0, "sl_k": 1.5, "tp_r": 1.5, "trail_r": 1}
s02_net|IS|{"be_r": 1, "exit_time": 14.0, "sl_k": 1.5, "tp_r": 1.5, "trail_r": 1.5}
s02_net|IS|{"be_r": 1, "exit_time": 16.0, "sl_k": 1.5, "tp_r": 1.5, "trail_r": 1.5}
s02_net|IS|{"be_r": 1, "exit_time": 18.0, "sl_k": 1.5, "tp_r": 1.5, "trail_r": 1.5}
s02_net|IS|{"be_r": 1, "sl_k": 1.5, "tp_r": 1.5, "trail_r": 1.5}
s02_net|IS|{"be_r": 1, "exit_time": 21.0, "sl_k": 1.5, "tp_r": 1.5, "trail_r": 1.5}
s02_net|IS|{"be_r": 1, "exit_time": 14.0, "sl_k": 1.5, "tp_r": 1.5, "trail_r": 2}
s02_net|IS|{"be_r": 1, "exit_time": 16.0, "sl_k": 1.5, "tp_r": 1.5, "trail_r": 2}
s02_net|IS|{"be_r": 1, "exit_time": 18.0, "sl_k": 1.5, "tp_r": 1.5, "trail_r": 2}
s02_net|IS|{"be_r": 1, "sl_k": 1.5, "tp_r": 1.5, "trail_r": 2}
s02_net|IS|{"be_r": 1, "exit_time": 21.0, "sl_k": 1.5, "tp_r": 1.5, "trail_r": 2}
s02_net|IS|{"exit_time": 14.0, "sl_k": 1.5, "tp_r": 2}
s02_net|IS|{"exit_time": 16.0, "sl_k": 1.5, "tp_r": 2}
s02_net|IS|{"exit_time": 18.0, "sl_k": 1.5, "tp_r": 2}
s02_net|IS|{"sl_k": 1.5, "tp_r": 2}
s02_net|IS|{"exit_time": 21.0, "sl_k": 1.5, "tp_r": 2}
s02_net|IS|{"exit_time": 14.0, "sl_k": 1.5, "tp_r": 2, "trail_r": 0.5}
s02_net|IS|{"exit_time": 16.0, "sl_k": 1.5, "tp_r": 2, "trail_r": 0.5}
s02_net|IS|{"exit_time": 18.0, "sl_k": 1.5, "tp_r": 2, "trail_r": 0.5}
s02_net|IS|{"sl_k": 1.5, "tp_r": 2, "trail_r": 0.5}
s02_net|IS|{"exit_time": 21.0, "sl_k": 1.5, "tp_r": 2, "trail_r": 0.5}
s02_net|IS|{"exit_time": 14.0, "sl_k": 1.5, "tp_r": 2, "trail_r": 1}
s02_net|IS|{"exit_time": 16.0, "sl_k": 1.5, "tp_r": 2, "trail_r": 1}
s02_net|IS|{"exit_time": 18.0, "sl_k": 1.5, "tp_r": 2, "trail_r": 1}
s02_net|IS|{"sl_k": 1.5, "tp_r": 2, "trail_r": 1}
s02_net|IS|{"exit_time": 21.0, "sl_k": 1.5, "tp_r": 2, "trail_r": 1}
s02_net|IS|{"exit_time": 14.0, "sl_k": 1.5, "tp_r": 2, "trail_r": 1.5}
s02_net|IS|{"exit_time": 16.0, "sl_k": 1.5, "tp_r": 2, "trail_r": 1.5}
s02_net|IS|{"exit_time": 18.0, "sl_k": 1.5, "tp_r": 2, "trail_r": 1.5}
s02_net|IS|{"sl_k": 1.5, "tp_r": 2, "trail_r": 1.5}
s02_net|IS|{"exit_time": 21.0, "sl_k": 1.5, "tp_r": 2, "trail_r": 1.5}
s02_net|IS|{"exit_time": 14.0, "sl_k": 1.5, "tp_r": 2, "trail_r": 2}
s02_net|IS|{"exit_time": 16.0, "sl_k": 1.5, "tp_r": 2, "trail_r": 2}
s02_net|IS|{"exit_time": 18.0, "sl_k": 1.5, "tp_r": 2, "trail_r": 2}
s02_net|IS|{"sl_k": 1.5, "tp_r": 2, "trail_r": 2}
s02_net|IS|{"exit_time": 21.0, "sl_k": 1.5, "tp_r": 2, "trail_r": 2}
s02_net|IS|{"be_r": 0.5, "exit_time": 14.0, "sl_k": 1.5, "tp_r": 2}
s02_net|IS|{"be_r": 0.5, "exit_time": 16.0, "sl_k": 1.5, "tp_r": 2}
s02_net|IS|{"be_r": 0.5, "exit_time": 18.0, "sl_k": 1.5, "tp_r": 2}
s02_net|IS|{"be_r": 0.5, "sl_k": 1.5, "tp_r": 2}
s02_net|IS|{"be_r": 0.5, "exit_time": 21.0, "sl_k": 1.5, "tp_r": 2}
s02_net|IS|{"be_r": 0.5, "exit_time": 14.0, "sl_k": 1.5, "tp_r": 2, "trail_r": 0.5}
s02_net|IS|{"be_r": 0.5, "exit_time": 16.0, "sl_k": 1.5, "tp_r": 2, "trail_r": 0.5}
s02_net|IS|{"be_r": 0.5, "exit_time": 18.0, "sl_k": 1.5, "tp_r": 2, "trail_r": 0.5}
s02_net|IS|{"be_r": 0.5, "sl_k": 1.5, "tp_r": 2, "trail_r": 0.5}
s02_net|IS|{"be_r": 0.5, "exit_time": 21.0, "sl_k": 1.5, "tp_r": 2, "trail_r": 0.5}
s02_net|IS|{"be_r": 0.5, "exit_time": 14.0, "sl_k": 1.5, "tp_r": 2, "trail_r": 1}
s02_net|IS|{"be_r": 0.5, "exit_time": 16.0, "sl_k": 1.5, "tp_r": 2, "trail_r": 1}
s02_net|IS|{"be_r": 0.5, "exit_time": 18.0, "sl_k": 1.5, "tp_r": 2, "trail_r": 1}
s02_net|IS|{"be_r": 0.5, "sl_k": 1.5, "tp_r": 2, "trail_r": 1}
s02_net|IS|{"be_r": 0.5, "exit_time": 21.0, "sl_k": 1.5, "tp_r": 2, "trail_r": 1}
s02_net|IS|{"be_r": 0.5, "exit_time": 14.0, "sl_k": 1.5, "tp_r": 2, "trail_r": 1.5}
s02_net|IS|{"be_r": 0.5, "exit_time": 16.0, "sl_k": 1.5, "tp_r": 2, "trail_r": 1.5}
s02_net|IS|{"be_r": 0.5, "exit_time": 18.0, "sl_k": 1.5, "tp_r": 2, "trail_r": 1.5}
s02_net|IS|{"be_r": 0.5, "sl_k": 1.5, "tp_r": 2, "trail_r": 1.5}
s02_net|IS|{"be_r": 0.5, "exit_time": 21.0, "sl_k": 1.5, "tp_r": 2, "trail_r": 1.5}
s02_net|IS|{"be_r": 0.5, "exit_time": 14.0, "sl_k": 1.5, "tp_r": 2, "trail_r": 2}
s02_net|IS|{"be_r": 0.5, "exit_time": 16.0, "sl_k": 1.5, "tp_r": 2, "trail_r": 2}
s02_net|IS|{"be_r": 0.5, "exit_time": 18.0, "sl_k": 1.5, "tp_r": 2, "trail_r": 2}
s02_net|IS|{"be_r": 0.5, "sl_k": 1.5, "tp_r": 2, "trail_r": 2}
s02_net|IS|{"be_r": 0.5, "exit_time": 21.0, "sl_k": 1.5, "tp_r": 2, "trail_r": 2}
s02_net|IS|{"be_r": 1, "exit_time": 14.0, "sl_k": 1.5, "tp_r": 2}
s02_net|IS|{"be_r": 1, "exit_time": 16.0, "sl_k": 1.5, "tp_r": 2}
s02_net|IS|{"be_r": 1, "exit_time": 18.0, "sl_k": 1.5, "tp_r": 2}
s02_net|IS|{"be_r": 1, "sl_k": 1.5, "tp_r": 2}
s02_net|IS|{"be_r": 1, "exit_time": 21.0, "sl_k": 1.5, "tp_r": 2}
s02_net|IS|{"be_r": 1, "exit_time": 14.0, "sl_k": 1.5, "tp_r": 2, "trail_r": 0.5}
s02_net|IS|{"be_r": 1, "exit_time": 16.0, "sl_k": 1.5, "tp_r": 2, "trail_r": 0.5}
s02_net|IS|{"be_r": 1, "exit_time": 18.0, "sl_k": 1.5, "tp_r": 2, "trail_r": 0.5}
s02_net|IS|{"be_r": 1, "sl_k": 1.5, "tp_r": 2, "trail_r": 0.5}
s02_net|IS|{"be_r": 1, "exit_time": 21.0, "sl_k": 1.5, "tp_r": 2, "trail_r": 0.5}
s02_net|IS|{"be_r": 1, "exit_time": 14.0, "sl_k": 1.5, "tp_r": 2, "trail_r": 1}
s02_net|IS|{"be_r": 1, "exit_time": 16.0, "sl_k": 1.5, "tp_r": 2, "trail_r": 1}
s02_net|IS|{"be_r": 1, "exit_time": 18.0, "sl_k": 1.5, "tp_r": 2, "trail_r": 1}
s02_net|IS|{"be_r": 1, "sl_k": 1.5, "tp_r": 2, "trail_r": 1}
s02_net|IS|{"be_r": 1, "exit_time": 21.0, "sl_k": 1.5, "tp_r": 2, "trail_r": 1}
s02_net|IS|{"be_r": 1, "exit_time": 14.0, "sl_k": 1.5, "tp_r": 2, "trail_r": 1.5}
s02_net|IS|{"be_r": 1, "exit_time": 16.0, "sl_k": 1.5, "tp_r": 2, "trail_r": 1.5}
s02_net|IS|{"be_r": 1, "exit_time": 18.0, "sl_k": 1.5, "tp_r": 2, "trail_r": 1.5}
s02_net|IS|{"be_r": 1, "sl_k": 1.5, "tp_r": 2, "trail_r": 1.5}
s02_net|IS|{"be_r": 1, "exit_time": 21.0, "sl_k": 1.5, "tp_r": 2, "trail_r": 1.5}
s02_net|IS|{"be_r": 1, "exit_time": 14.0, "sl_k": 1.5, "tp_r": 2, "trail_r": 2}
s02_net|IS|{"be_r": 1, "exit_time": 16.0, "sl_k": 1.5, "tp_r": 2, "trail_r": 2}
s02_net|IS|{"be_r": 1, "exit_time": 18.0, "sl_k": 1.5, "tp_r": 2, "trail_r": 2}
s02_net|IS|{"be_r": 1, "sl_k": 1.5, "tp_r": 2, "trail_r": 2}
s02_net|IS|{"be_r": 1, "exit_time": 21.0, "sl_k": 1.5, "tp_r": 2, "trail_r": 2}
s02_net|IS|{"exit_time": 14.0, "sl_k": 1.5, "tp_r": 3}
s02_net|IS|{"exit_time": 16.0, "sl_k": 1.5, "tp_r": 3}
s02_net|IS|{"exit_time": 18.0, "sl_k": 1.5, "tp_r": 3}
s02_net|IS|{"sl_k": 1.5, "tp_r": 3}
s02_net|IS|{"exit_time": 21.0, "sl_k": 1.5, "tp_r": 3}
s02_net|IS|{"exit_time": 14.0, "sl_k": 1.5, "tp_r": 3, "trail_r": 0.5}
s02_net|IS|{"exit_time": 16.0, "sl_k": 1.5, "tp_r": 3, "trail_r": 0.5}
s02_net|IS|{"exit_time": 18.0, "sl_k": 1.5, "tp_r": 3, "trail_r": 0.5}
s02_net|IS|{"sl_k": 1.5, "tp_r": 3, "trail_r": 0.5}
s02_net|IS|{"exit_time": 21.0, "sl_k": 1.5, "tp_r": 3, "trail_r": 0.5}
s02_net|IS|{"exit_time": 14.0, "sl_k": 1.5, "tp_r": 3, "trail_r": 1}
s02_net|IS|{"exit_time": 16.0, "sl_k": 1.5, "tp_r": 3, "trail_r": 1}
s02_net|IS|{"exit_time": 18.0, "sl_k": 1.5, "tp_r": 3, "trail_r": 1}
s02_net|IS|{"sl_k": 1.5, "tp_r": 3, "trail_r": 1}
s02_net|IS|{"exit_time": 21.0, "sl_k": 1.5, "tp_r": 3, "trail_r": 1}
s02_net|IS|{"exit_time": 14.0, "sl_k": 1.5, "tp_r": 3, "trail_r": 1.5}
s02_net|IS|{"exit_time": 16.0, "sl_k": 1.5, "tp_r": 3, "trail_r": 1.5}
s02_net|IS|{"exit_time": 18.0, "sl_k": 1.5, "tp_r": 3, "trail_r": 1.5}
s02_net|IS|{"sl_k": 1.5, "tp_r": 3, "trail_r": 1.5}
s02_net|IS|{"exit_time": 21.0, "sl_k": 1.5, "tp_r": 3, "trail_r": 1.5}
s02_net|IS|{"exit_time": 14.0, "sl_k": 1.5, "tp_r": 3, "trail_r": 2}
s02_net|IS|{"exit_time": 16.0, "sl_k": 1.5, "tp_r": 3, "trail_r": 2}
s02_net|IS|{"exit_time": 18.0, "sl_k": 1.5, "tp_r": 3, "trail_r": 2}
s02_net|IS|{"sl_k": 1.5, "tp_r": 3, "trail_r": 2}
s02_net|IS|{"exit_time": 21.0, "sl_k": 1.5, "tp_r": 3, "trail_r": 2}
s02_net|IS|{"be_r": 0.5, "exit_time": 14.0, "sl_k": 1.5, "tp_r": 3}
s02_net|IS|{"be_r": 0.5, "exit_time": 16.0, "sl_k": 1.5, "tp_r": 3}
s02_net|IS|{"be_r": 0.5, "exit_time": 18.0, "sl_k": 1.5, "tp_r": 3}
s02_net|IS|{"be_r": 0.5, "sl_k": 1.5, "tp_r": 3}
s02_net|IS|{"be_r": 0.5, "exit_time": 21.0, "sl_k": 1.5, "tp_r": 3}
s02_net|IS|{"be_r": 0.5, "exit_time": 14.0, "sl_k": 1.5, "tp_r": 3, "trail_r": 0.5}
s02_net|IS|{"be_r": 0.5, "exit_time": 16.0, "sl_k": 1.5, "tp_r": 3, "trail_r": 0.5}
s02_net|IS|{"be_r": 0.5, "exit_time": 18.0, "sl_k": 1.5, "tp_r": 3, "trail_r": 0.5}
s02_net|IS|{"be_r": 0.5, "sl_k": 1.5, "tp_r": 3, "trail_r": 0.5}
s02_net|IS|{"be_r": 0.5, "exit_time": 21.0, "sl_k": 1.5, "tp_r": 3, "trail_r": 0.5}
s02_net|IS|{"be_r": 0.5, "exit_time": 14.0, "sl_k": 1.5, "tp_r": 3, "trail_r": 1}
s02_net|IS|{"be_r": 0.5, "exit_time": 16.0, "sl_k": 1.5, "tp_r": 3, "trail_r": 1}
s02_net|IS|{"be_r": 0.5, "exit_time": 18.0, "sl_k": 1.5, "tp_r": 3, "trail_r": 1}
s02_net|IS|{"be_r": 0.5, "sl_k": 1.5, "tp_r": 3, "trail_r": 1}
s02_net|IS|{"be_r": 0.5, "exit_time": 21.0, "sl_k": 1.5, "tp_r": 3, "trail_r": 1}
s02_net|IS|{"be_r": 0.5, "exit_time": 14.0, "sl_k": 1.5, "tp_r": 3, "trail_r": 1.5}
s02_net|IS|{"be_r": 0.5, "exit_time": 16.0, "sl_k": 1.5, "tp_r": 3, "trail_r": 1.5}
s02_net|IS|{"be_r": 0.5, "exit_time": 18.0, "sl_k": 1.5, "tp_r": 3, "trail_r": 1.5}
s02_net|IS|{"be_r": 0.5, "sl_k": 1.5, "tp_r": 3, "trail_r": 1.5}
s02_net|IS|{"be_r": 0.5, "exit_time": 21.0, "sl_k": 1.5, "tp_r": 3, "trail_r": 1.5}
s02_net|IS|{"be_r": 0.5, "exit_time": 14.0, "sl_k": 1.5, "tp_r": 3, "trail_r": 2}
s02_net|IS|{"be_r": 0.5, "exit_time": 16.0, "sl_k": 1.5, "tp_r": 3, "trail_r": 2}
s02_net|IS|{"be_r": 0.5, "exit_time": 18.0, "sl_k": 1.5, "tp_r": 3, "trail_r": 2}
s02_net|IS|{"be_r": 0.5, "sl_k": 1.5, "tp_r": 3, "trail_r": 2}
s02_net|IS|{"be_r": 0.5, "exit_time": 21.0, "sl_k": 1.5, "tp_r": 3, "trail_r": 2}
s02_net|IS|{"be_r": 1, "exit_time": 14.0, "sl_k": 1.5, "tp_r": 3}
s02_net|IS|{"be_r": 1, "exit_time": 16.0, "sl_k": 1.5, "tp_r": 3}
s02_net|IS|{"be_r": 1, "exit_time": 18.0, "sl_k": 1.5, "tp_r": 3}
s02_net|IS|{"be_r": 1, "sl_k": 1.5, "tp_r": 3}
s02_net|IS|{"be_r": 1, "exit_time": 21.0, "sl_k": 1.5, "tp_r": 3}
s02_net|IS|{"be_r": 1, "exit_time": 14.0, "sl_k": 1.5, "tp_r": 3, "trail_r": 0.5}
s02_net|IS|{"be_r": 1, "exit_time": 16.0, "sl_k": 1.5, "tp_r": 3, "trail_r": 0.5}
s02_net|IS|{"be_r": 1, "exit_time": 18.0, "sl_k": 1.5, "tp_r": 3, "trail_r": 0.5}
s02_net|IS|{"be_r": 1, "sl_k": 1.5, "tp_r": 3, "trail_r": 0.5}
s02_net|IS|{"be_r": 1, "exit_time": 21.0, "sl_k": 1.5, "tp_r": 3, "trail_r": 0.5}
s02_net|IS|{"be_r": 1, "exit_time": 14.0, "sl_k": 1.5, "tp_r": 3, "trail_r": 1}
s02_net|IS|{"be_r": 1, "exit_time": 16.0, "sl_k": 1.5, "tp_r": 3, "trail_r": 1}
s02_net|IS|{"be_r": 1, "exit_time": 18.0, "sl_k": 1.5, "tp_r": 3, "trail_r": 1}
s02_net|IS|{"be_r": 1, "sl_k": 1.5, "tp_r": 3, "trail_r": 1}
s02_net|IS|{"be_r": 1, "exit_time": 21.0, "sl_k": 1.5, "tp_r": 3, "trail_r": 1}
s02_net|IS|{"be_r": 1, "exit_time": 14.0, "sl_k": 1.5, "tp_r": 3, "trail_r": 1.5}
s02_net|IS|{"be_r": 1, "exit_time": 16.0, "sl_k": 1.5, "tp_r": 3, "trail_r": 1.5}
s02_net|IS|{"be_r": 1, "exit_time": 18.0, "sl_k": 1.5, "tp_r": 3, "trail_r": 1.5}
s02_net|IS|{"be_r": 1, "sl_k": 1.5, "tp_r": 3, "trail_r": 1.5}
s02_net|IS|{"be_r": 1, "exit_time": 21.0, "sl_k": 1.5, "tp_r": 3, "trail_r": 1.5}
s02_net|IS|{"be_r": 1, "exit_time": 14.0, "sl_k": 1.5, "tp_r": 3, "trail_r": 2}
s02_net|IS|{"be_r": 1, "exit_time": 16.0, "sl_k": 1.5, "tp_r": 3, "trail_r": 2}
s02_net|IS|{"be_r": 1, "exit_time": 18.0, "sl_k": 1.5, "tp_r": 3, "trail_r": 2}
s02_net|IS|{"be_r": 1, "sl_k": 1.5, "tp_r": 3, "trail_r": 2}
s02_net|IS|{"be_r": 1, "exit_time": 21.0, "sl_k": 1.5, "tp_r": 3, "trail_r": 2}
s02_net|IS|{"exit_time": 14.0, "sl_k": 1.5, "tp_r": 4}
s02_net|IS|{"exit_time": 16.0, "sl_k": 1.5, "tp_r": 4}
s02_net|IS|{"exit_time": 18.0, "sl_k": 1.5, "tp_r": 4}
s02_net|IS|{"sl_k": 1.5, "tp_r": 4}
s02_net|IS|{"exit_time": 21.0, "sl_k": 1.5, "tp_r": 4}
s02_net|IS|{"exit_time": 14.0, "sl_k": 1.5, "tp_r": 4, "trail_r": 0.5}
s02_net|IS|{"exit_time": 16.0, "sl_k": 1.5, "tp_r": 4, "trail_r": 0.5}
s02_net|IS|{"exit_time": 18.0, "sl_k": 1.5, "tp_r": 4, "trail_r": 0.5}
s02_net|IS|{"sl_k": 1.5, "tp_r": 4, "trail_r": 0.5}
s02_net|IS|{"exit_time": 21.0, "sl_k": 1.5, "tp_r": 4, "trail_r": 0.5}
s02_net|IS|{"exit_time": 14.0, "sl_k": 1.5, "tp_r": 4, "trail_r": 1}
s02_net|IS|{"exit_time": 16.0, "sl_k": 1.5, "tp_r": 4, "trail_r": 1}
s02_net|IS|{"exit_time": 18.0, "sl_k": 1.5, "tp_r": 4, "trail_r": 1}
s02_net|IS|{"sl_k": 1.5, "tp_r": 4, "trail_r": 1}
s02_net|IS|{"exit_time": 21.0, "sl_k": 1.5, "tp_r": 4, "trail_r": 1}
s02_net|IS|{"exit_time": 14.0, "sl_k": 1.5, "tp_r": 4, "trail_r": 1.5}
s02_net|IS|{"exit_time": 16.0, "sl_k": 1.5, "tp_r": 4, "trail_r": 1.5}
s02_net|IS|{"exit_time": 18.0, "sl_k": 1.5, "tp_r": 4, "trail_r": 1.5}
s02_net|IS|{"sl_k": 1.5, "tp_r": 4, "trail_r": 1.5}
s02_net|IS|{"exit_time": 21.0, "sl_k": 1.5, "tp_r": 4, "trail_r": 1.5}
s02_net|IS|{"exit_time": 14.0, "sl_k": 1.5, "tp_r": 4, "trail_r": 2}
s02_net|IS|{"exit_time": 16.0, "sl_k": 1.5, "tp_r": 4, "trail_r": 2}
s02_net|IS|{"exit_time": 18.0, "sl_k": 1.5, "tp_r": 4, "trail_r": 2}
s02_net|IS|{"sl_k": 1.5, "tp_r": 4, "trail_r": 2}
s02_net|IS|{"exit_time": 21.0, "sl_k": 1.5, "tp_r": 4, "trail_r": 2}
s02_net|IS|{"be_r": 0.5, "exit_time": 14.0, "sl_k": 1.5, "tp_r": 4}
s02_net|IS|{"be_r": 0.5, "exit_time": 16.0, "sl_k": 1.5, "tp_r": 4}
s02_net|IS|{"be_r": 0.5, "exit_time": 18.0, "sl_k": 1.5, "tp_r": 4}
s02_net|IS|{"be_r": 0.5, "sl_k": 1.5, "tp_r": 4}
s02_net|IS|{"be_r": 0.5, "exit_time": 21.0, "sl_k": 1.5, "tp_r": 4}
s02_net|IS|{"be_r": 0.5, "exit_time": 14.0, "sl_k": 1.5, "tp_r": 4, "trail_r": 0.5}
s02_net|IS|{"be_r": 0.5, "exit_time": 16.0, "sl_k": 1.5, "tp_r": 4, "trail_r": 0.5}
s02_net|IS|{"be_r": 0.5, "exit_time": 18.0, "sl_k": 1.5, "tp_r": 4, "trail_r": 0.5}
s02_net|IS|{"be_r": 0.5, "sl_k": 1.5, "tp_r": 4, "trail_r": 0.5}
s02_net|IS|{"be_r": 0.5, "exit_time": 21.0, "sl_k": 1.5, "tp_r": 4, "trail_r": 0.5}
s02_net|IS|{"be_r": 0.5, "exit_time": 14.0, "sl_k": 1.5, "tp_r": 4, "trail_r": 1}
s02_net|IS|{"be_r": 0.5, "exit_time": 16.0, "sl_k": 1.5, "tp_r": 4, "trail_r": 1}
s02_net|IS|{"be_r": 0.5, "exit_time": 18.0, "sl_k": 1.5, "tp_r": 4, "trail_r": 1}
s02_net|IS|{"be_r": 0.5, "sl_k": 1.5, "tp_r": 4, "trail_r": 1}
s02_net|IS|{"be_r": 0.5, "exit_time": 21.0, "sl_k": 1.5, "tp_r": 4, "trail_r": 1}
s02_net|IS|{"be_r": 0.5, "exit_time": 14.0, "sl_k": 1.5, "tp_r": 4, "trail_r": 1.5}
s02_net|IS|{"be_r": 0.5, "exit_time": 16.0, "sl_k": 1.5, "tp_r": 4, "trail_r": 1.5}
s02_net|IS|{"be_r": 0.5, "exit_time": 18.0, "sl_k": 1.5, "tp_r": 4, "trail_r": 1.5}
s02_net|IS|{"be_r": 0.5, "sl_k": 1.5, "tp_r": 4, "trail_r": 1.5}
s02_net|IS|{"be_r": 0.5, "exit_time": 21.0, "sl_k": 1.5, "tp_r": 4, "trail_r": 1.5}
s02_net|IS|{"be_r": 0.5, "exit_time": 14.0, "sl_k": 1.5, "tp_r": 4, "trail_r": 2}
s02_net|IS|{"be_r": 0.5, "exit_time": 16.0, "sl_k": 1.5, "tp_r": 4, "trail_r": 2}
s02_net|IS|{"be_r": 0.5, "exit_time": 18.0, "sl_k": 1.5, "tp_r": 4, "trail_r": 2}
s02_net|IS|{"be_r": 0.5, "sl_k": 1.5, "tp_r": 4, "trail_r": 2}
s02_net|IS|{"be_r": 0.5, "exit_time": 21.0, "sl_k": 1.5, "tp_r": 4, "trail_r": 2}
s02_net|IS|{"be_r": 1, "exit_time": 14.0, "sl_k": 1.5, "tp_r": 4}
s02_net|IS|{"be_r": 1, "exit_time": 16.0, "sl_k": 1.5, "tp_r": 4}
s02_net|IS|{"be_r": 1, "exit_time": 18.0, "sl_k": 1.5, "tp_r": 4}
s02_net|IS|{"be_r": 1, "sl_k": 1.5, "tp_r": 4}
s02_net|IS|{"be_r": 1, "exit_time": 21.0, "sl_k": 1.5, "tp_r": 4}
s02_net|IS|{"be_r": 1, "exit_time": 14.0, "sl_k": 1.5, "tp_r": 4, "trail_r": 0.5}
s02_net|IS|{"be_r": 1, "exit_time": 16.0, "sl_k": 1.5, "tp_r": 4, "trail_r": 0.5}
s02_net|IS|{"be_r": 1, "exit_time": 18.0, "sl_k": 1.5, "tp_r": 4, "trail_r": 0.5}
s02_net|IS|{"be_r": 1, "sl_k": 1.5, "tp_r": 4, "trail_r": 0.5}
s02_net|IS|{"be_r": 1, "exit_time": 21.0, "sl_k": 1.5, "tp_r": 4, "trail_r": 0.5}
s02_net|IS|{"be_r": 1, "exit_time": 14.0, "sl_k": 1.5, "tp_r": 4, "trail_r": 1}
s02_net|IS|{"be_r": 1, "exit_time": 16.0, "sl_k": 1.5, "tp_r": 4, "trail_r": 1}
s02_net|IS|{"be_r": 1, "exit_time": 18.0, "sl_k": 1.5, "tp_r": 4, "trail_r": 1}
s02_net|IS|{"be_r": 1, "sl_k": 1.5, "tp_r": 4, "trail_r": 1}
s02_net|IS|{"be_r": 1, "exit_time": 21.0, "sl_k": 1.5, "tp_r": 4, "trail_r": 1}
s02_net|IS|{"be_r": 1, "exit_time": 14.0, "sl_k": 1.5, "tp_r": 4, "trail_r": 1.5}
s02_net|IS|{"be_r": 1, "exit_time": 16.0, "sl_k": 1.5, "tp_r": 4, "trail_r": 1.5}
s02_net|IS|{"be_r": 1, "exit_time": 18.0, "sl_k": 1.5, "tp_r": 4, "trail_r": 1.5}
s02_net|IS|{"be_r": 1, "sl_k": 1.5, "tp_r": 4, "trail_r": 1.5}
s02_net|IS|{"be_r": 1, "exit_time": 21.0, "sl_k": 1.5, "tp_r": 4, "trail_r": 1.5}
s02_net|IS|{"be_r": 1, "exit_time": 14.0, "sl_k": 1.5, "tp_r": 4, "trail_r": 2}
s02_net|IS|{"be_r": 1, "exit_time": 16.0, "sl_k": 1.5, "tp_r": 4, "trail_r": 2}
s02_net|IS|{"be_r": 1, "exit_time": 18.0, "sl_k": 1.5, "tp_r": 4, "trail_r": 2}
s02_net|IS|{"be_r": 1, "sl_k": 1.5, "tp_r": 4, "trail_r": 2}
s02_net|IS|{"be_r": 1, "exit_time": 21.0, "sl_k": 1.5, "tp_r": 4, "trail_r": 2}
s02_net|IS|{"exit_time": 14.0, "sl_k": 0.15, "sl_ref": 1}
s02_net|IS|{"exit_time": 16.0, "sl_k": 0.15, "sl_ref": 1}
s02_net|IS|{"exit_time": 18.0, "sl_k": 0.15, "sl_ref": 1}
s02_net|IS|{"sl_k": 0.15, "sl_ref": 1}
s02_net|IS|{"exit_time": 21.0, "sl_k": 0.15, "sl_ref": 1}
s02_net|IS|{"exit_time": 14.0, "sl_k": 0.15, "sl_ref": 1, "trail_r": 0.5}
s02_net|IS|{"exit_time": 16.0, "sl_k": 0.15, "sl_ref": 1, "trail_r": 0.5}
s02_net|IS|{"exit_time": 18.0, "sl_k": 0.15, "sl_ref": 1, "trail_r": 0.5}
s02_net|IS|{"sl_k": 0.15, "sl_ref": 1, "trail_r": 0.5}
s02_net|IS|{"exit_time": 21.0, "sl_k": 0.15, "sl_ref": 1, "trail_r": 0.5}
s02_net|IS|{"exit_time": 14.0, "sl_k": 0.15, "sl_ref": 1, "trail_r": 1}
s02_net|IS|{"exit_time": 16.0, "sl_k": 0.15, "sl_ref": 1, "trail_r": 1}
s02_net|IS|{"exit_time": 18.0, "sl_k": 0.15, "sl_ref": 1, "trail_r": 1}
s02_net|IS|{"sl_k": 0.15, "sl_ref": 1, "trail_r": 1}
s02_net|IS|{"exit_time": 21.0, "sl_k": 0.15, "sl_ref": 1, "trail_r": 1}
s02_net|IS|{"exit_time": 14.0, "sl_k": 0.15, "sl_ref": 1, "trail_r": 1.5}
s02_net|IS|{"exit_time": 16.0, "sl_k": 0.15, "sl_ref": 1, "trail_r": 1.5}
s02_net|IS|{"exit_time": 18.0, "sl_k": 0.15, "sl_ref": 1, "trail_r": 1.5}
s02_net|IS|{"sl_k": 0.15, "sl_ref": 1, "trail_r": 1.5}
s02_net|IS|{"exit_time": 21.0, "sl_k": 0.15, "sl_ref": 1, "trail_r": 1.5}
s02_net|IS|{"exit_time": 14.0, "sl_k": 0.15, "sl_ref": 1, "trail_r": 2}
s02_net|IS|{"exit_time": 16.0, "sl_k": 0.15, "sl_ref": 1, "trail_r": 2}
s02_net|IS|{"exit_time": 18.0, "sl_k": 0.15, "sl_ref": 1, "trail_r": 2}
s02_net|IS|{"sl_k": 0.15, "sl_ref": 1, "trail_r": 2}
s02_net|IS|{"exit_time": 21.0, "sl_k": 0.15, "sl_ref": 1, "trail_r": 2}
s02_net|IS|{"be_r": 0.5, "exit_time": 14.0, "sl_k": 0.15, "sl_ref": 1}
s02_net|IS|{"be_r": 0.5, "exit_time": 16.0, "sl_k": 0.15, "sl_ref": 1}
s02_net|IS|{"be_r": 0.5, "exit_time": 18.0, "sl_k": 0.15, "sl_ref": 1}
s02_net|IS|{"be_r": 0.5, "sl_k": 0.15, "sl_ref": 1}
s02_net|IS|{"be_r": 0.5, "exit_time": 21.0, "sl_k": 0.15, "sl_ref": 1}
s02_net|IS|{"be_r": 0.5, "exit_time": 14.0, "sl_k": 0.15, "sl_ref": 1, "trail_r": 0.5}
s02_net|IS|{"be_r": 0.5, "exit_time": 16.0, "sl_k": 0.15, "sl_ref": 1, "trail_r": 0.5}
s02_net|IS|{"be_r": 0.5, "exit_time": 18.0, "sl_k": 0.15, "sl_ref": 1, "trail_r": 0.5}
s02_net|IS|{"be_r": 0.5, "sl_k": 0.15, "sl_ref": 1, "trail_r": 0.5}
s02_net|IS|{"be_r": 0.5, "exit_time": 21.0, "sl_k": 0.15, "sl_ref": 1, "trail_r": 0.5}
s02_net|IS|{"be_r": 0.5, "exit_time": 14.0, "sl_k": 0.15, "sl_ref": 1, "trail_r": 1}
s02_net|IS|{"be_r": 0.5, "exit_time": 16.0, "sl_k": 0.15, "sl_ref": 1, "trail_r": 1}
s02_net|IS|{"be_r": 0.5, "exit_time": 18.0, "sl_k": 0.15, "sl_ref": 1, "trail_r": 1}
s02_net|IS|{"be_r": 0.5, "sl_k": 0.15, "sl_ref": 1, "trail_r": 1}
s02_net|IS|{"be_r": 0.5, "exit_time": 21.0, "sl_k": 0.15, "sl_ref": 1, "trail_r": 1}
s02_net|IS|{"be_r": 0.5, "exit_time": 14.0, "sl_k": 0.15, "sl_ref": 1, "trail_r": 1.5}
s02_net|IS|{"be_r": 0.5, "exit_time": 16.0, "sl_k": 0.15, "sl_ref": 1, "trail_r": 1.5}
s02_net|IS|{"be_r": 0.5, "exit_time": 18.0, "sl_k": 0.15, "sl_ref": 1, "trail_r": 1.5}
s02_net|IS|{"be_r": 0.5, "sl_k": 0.15, "sl_ref": 1, "trail_r": 1.5}
s02_net|IS|{"be_r": 0.5, "exit_time": 21.0, "sl_k": 0.15, "sl_ref": 1, "trail_r": 1.5}
s02_net|IS|{"be_r": 0.5, "exit_time": 14.0, "sl_k": 0.15, "sl_ref": 1, "trail_r": 2}
s02_net|IS|{"be_r": 0.5, "exit_time": 16.0, "sl_k": 0.15, "sl_ref": 1, "trail_r": 2}
s02_net|IS|{"be_r": 0.5, "exit_time": 18.0, "sl_k": 0.15, "sl_ref": 1, "trail_r": 2}
s02_net|IS|{"be_r": 0.5, "sl_k": 0.15, "sl_ref": 1, "trail_r": 2}
s02_net|IS|{"be_r": 0.5, "exit_time": 21.0, "sl_k": 0.15, "sl_ref": 1, "trail_r": 2}
s02_net|IS|{"be_r": 1, "exit_time": 14.0, "sl_k": 0.15, "sl_ref": 1}
s02_net|IS|{"be_r": 1, "exit_time": 16.0, "sl_k": 0.15, "sl_ref": 1}
s02_net|IS|{"be_r": 1, "exit_time": 18.0, "sl_k": 0.15, "sl_ref": 1}
s02_net|IS|{"be_r": 1, "sl_k": 0.15, "sl_ref": 1}
s02_net|IS|{"be_r": 1, "exit_time": 21.0, "sl_k": 0.15, "sl_ref": 1}
s02_net|IS|{"be_r": 1, "exit_time": 14.0, "sl_k": 0.15, "sl_ref": 1, "trail_r": 0.5}
s02_net|IS|{"be_r": 1, "exit_time": 16.0, "sl_k": 0.15, "sl_ref": 1, "trail_r": 0.5}
s02_net|IS|{"be_r": 1, "exit_time": 18.0, "sl_k": 0.15, "sl_ref": 1, "trail_r": 0.5}
s02_net|IS|{"be_r": 1, "sl_k": 0.15, "sl_ref": 1, "trail_r": 0.5}
s02_net|IS|{"be_r": 1, "exit_time": 21.0, "sl_k": 0.15, "sl_ref": 1, "trail_r": 0.5}
s02_net|IS|{"be_r": 1, "exit_time": 14.0, "sl_k": 0.15, "sl_ref": 1, "trail_r": 1}
s02_net|IS|{"be_r": 1, "exit_time": 16.0, "sl_k": 0.15, "sl_ref": 1, "trail_r": 1}
s02_net|IS|{"be_r": 1, "exit_time": 18.0, "sl_k": 0.15, "sl_ref": 1, "trail_r": 1}
s02_net|IS|{"be_r": 1, "sl_k": 0.15, "sl_ref": 1, "trail_r": 1}
s02_net|IS|{"be_r": 1, "exit_time": 21.0, "sl_k": 0.15, "sl_ref": 1, "trail_r": 1}
s02_net|IS|{"be_r": 1, "exit_time": 14.0, "sl_k": 0.15, "sl_ref": 1, "trail_r": 1.5}
s02_net|IS|{"be_r": 1, "exit_time": 16.0, "sl_k": 0.15, "sl_ref": 1, "trail_r": 1.5}
s02_net|IS|{"be_r": 1, "exit_time": 18.0, "sl_k": 0.15, "sl_ref": 1, "trail_r": 1.5}
s02_net|IS|{"be_r": 1, "sl_k": 0.15, "sl_ref": 1, "trail_r": 1.5}
s02_net|IS|{"be_r": 1, "exit_time": 21.0, "sl_k": 0.15, "sl_ref": 1, "trail_r": 1.5}
s02_net|IS|{"be_r": 1, "exit_time": 14.0, "sl_k": 0.15, "sl_ref": 1, "trail_r": 2}
s02_net|IS|{"be_r": 1, "exit_time": 16.0, "sl_k": 0.15, "sl_ref": 1, "trail_r": 2}
s02_net|IS|{"be_r": 1, "exit_time": 18.0, "sl_k": 0.15, "sl_ref": 1, "trail_r": 2}
s02_net|IS|{"be_r": 1, "sl_k": 0.15, "sl_ref": 1, "trail_r": 2}
s02_net|IS|{"be_r": 1, "exit_time": 21.0, "sl_k": 0.15, "sl_ref": 1, "trail_r": 2}
s02_net|IS|{"exit_time": 14.0, "sl_k": 0.15, "sl_ref": 1, "tp_r": 1}
s02_net|IS|{"exit_time": 16.0, "sl_k": 0.15, "sl_ref": 1, "tp_r": 1}
s02_net|IS|{"exit_time": 18.0, "sl_k": 0.15, "sl_ref": 1, "tp_r": 1}
s02_net|IS|{"sl_k": 0.15, "sl_ref": 1, "tp_r": 1}
s02_net|IS|{"exit_time": 21.0, "sl_k": 0.15, "sl_ref": 1, "tp_r": 1}
s02_net|IS|{"exit_time": 14.0, "sl_k": 0.15, "sl_ref": 1, "tp_r": 1, "trail_r": 0.5}
s02_net|IS|{"exit_time": 16.0, "sl_k": 0.15, "sl_ref": 1, "tp_r": 1, "trail_r": 0.5}
s02_net|IS|{"exit_time": 18.0, "sl_k": 0.15, "sl_ref": 1, "tp_r": 1, "trail_r": 0.5}
s02_net|IS|{"sl_k": 0.15, "sl_ref": 1, "tp_r": 1, "trail_r": 0.5}
s02_net|IS|{"exit_time": 21.0, "sl_k": 0.15, "sl_ref": 1, "tp_r": 1, "trail_r": 0.5}
s02_net|IS|{"exit_time": 14.0, "sl_k": 0.15, "sl_ref": 1, "tp_r": 1, "trail_r": 1}
s02_net|IS|{"exit_time": 16.0, "sl_k": 0.15, "sl_ref": 1, "tp_r": 1, "trail_r": 1}
s02_net|IS|{"exit_time": 18.0, "sl_k": 0.15, "sl_ref": 1, "tp_r": 1, "trail_r": 1}
s02_net|IS|{"sl_k": 0.15, "sl_ref": 1, "tp_r": 1, "trail_r": 1}
s02_net|IS|{"exit_time": 21.0, "sl_k": 0.15, "sl_ref": 1, "tp_r": 1, "trail_r": 1}
s02_net|IS|{"exit_time": 14.0, "sl_k": 0.15, "sl_ref": 1, "tp_r": 1, "trail_r": 1.5}
s02_net|IS|{"exit_time": 16.0, "sl_k": 0.15, "sl_ref": 1, "tp_r": 1, "trail_r": 1.5}
s02_net|IS|{"exit_time": 18.0, "sl_k": 0.15, "sl_ref": 1, "tp_r": 1, "trail_r": 1.5}
s02_net|IS|{"sl_k": 0.15, "sl_ref": 1, "tp_r": 1, "trail_r": 1.5}
s02_net|IS|{"exit_time": 21.0, "sl_k": 0.15, "sl_ref": 1, "tp_r": 1, "trail_r": 1.5}
s02_net|IS|{"exit_time": 14.0, "sl_k": 0.15, "sl_ref": 1, "tp_r": 1, "trail_r": 2}
s02_net|IS|{"exit_time": 16.0, "sl_k": 0.15, "sl_ref": 1, "tp_r": 1, "trail_r": 2}
s02_net|IS|{"exit_time": 18.0, "sl_k": 0.15, "sl_ref": 1, "tp_r": 1, "trail_r": 2}
s02_net|IS|{"sl_k": 0.15, "sl_ref": 1, "tp_r": 1, "trail_r": 2}
s02_net|IS|{"exit_time": 21.0, "sl_k": 0.15, "sl_ref": 1, "tp_r": 1, "trail_r": 2}
s02_net|IS|{"be_r": 0.5, "exit_time": 14.0, "sl_k": 0.15, "sl_ref": 1, "tp_r": 1}
s02_net|IS|{"be_r": 0.5, "exit_time": 16.0, "sl_k": 0.15, "sl_ref": 1, "tp_r": 1}
s02_net|IS|{"be_r": 0.5, "exit_time": 18.0, "sl_k": 0.15, "sl_ref": 1, "tp_r": 1}
s02_net|IS|{"be_r": 0.5, "sl_k": 0.15, "sl_ref": 1, "tp_r": 1}
s02_net|IS|{"be_r": 0.5, "exit_time": 21.0, "sl_k": 0.15, "sl_ref": 1, "tp_r": 1}
s02_net|IS|{"be_r": 0.5, "exit_time": 14.0, "sl_k": 0.15, "sl_ref": 1, "tp_r": 1, "trail_r": 0.5}
s02_net|IS|{"be_r": 0.5, "exit_time": 16.0, "sl_k": 0.15, "sl_ref": 1, "tp_r": 1, "trail_r": 0.5}
s02_net|IS|{"be_r": 0.5, "exit_time": 18.0, "sl_k": 0.15, "sl_ref": 1, "tp_r": 1, "trail_r": 0.5}
s02_net|IS|{"be_r": 0.5, "sl_k": 0.15, "sl_ref": 1, "tp_r": 1, "trail_r": 0.5}
s02_net|IS|{"be_r": 0.5, "exit_time": 21.0, "sl_k": 0.15, "sl_ref": 1, "tp_r": 1, "trail_r": 0.5}
s02_net|IS|{"be_r": 0.5, "exit_time": 14.0, "sl_k": 0.15, "sl_ref": 1, "tp_r": 1, "trail_r": 1}
s02_net|IS|{"be_r": 0.5, "exit_time": 16.0, "sl_k": 0.15, "sl_ref": 1, "tp_r": 1, "trail_r": 1}
s02_net|IS|{"be_r": 0.5, "exit_time": 18.0, "sl_k": 0.15, "sl_ref": 1, "tp_r": 1, "trail_r": 1}
s02_net|IS|{"be_r": 0.5, "sl_k": 0.15, "sl_ref": 1, "tp_r": 1, "trail_r": 1}
s02_net|IS|{"be_r": 0.5, "exit_time": 21.0, "sl_k": 0.15, "sl_ref": 1, "tp_r": 1, "trail_r": 1}
s02_net|IS|{"be_r": 0.5, "exit_time": 14.0, "sl_k": 0.15, "sl_ref": 1, "tp_r": 1, "trail_r": 1.5}
s02_net|IS|{"be_r": 0.5, "exit_time": 16.0, "sl_k": 0.15, "sl_ref": 1, "tp_r": 1, "trail_r": 1.5}
s02_net|IS|{"be_r": 0.5, "exit_time": 18.0, "sl_k": 0.15, "sl_ref": 1, "tp_r": 1, "trail_r": 1.5}
s02_net|IS|{"be_r": 0.5, "sl_k": 0.15, "sl_ref": 1, "tp_r": 1, "trail_r": 1.5}
s02_net|IS|{"be_r": 0.5, "exit_time": 21.0, "sl_k": 0.15, "sl_ref": 1, "tp_r": 1, "trail_r": 1.5}
s02_net|IS|{"be_r": 0.5, "exit_time": 14.0, "sl_k": 0.15, "sl_ref": 1, "tp_r": 1, "trail_r": 2}
s02_net|IS|{"be_r": 0.5, "exit_time": 16.0, "sl_k": 0.15, "sl_ref": 1, "tp_r": 1, "trail_r": 2}
s02_net|IS|{"be_r": 0.5, "exit_time": 18.0, "sl_k": 0.15, "sl_ref": 1, "tp_r": 1, "trail_r": 2}
s02_net|IS|{"be_r": 0.5, "sl_k": 0.15, "sl_ref": 1, "tp_r": 1, "trail_r": 2}
s02_net|IS|{"be_r": 0.5, "exit_time": 21.0, "sl_k": 0.15, "sl_ref": 1, "tp_r": 1, "trail_r": 2}
s02_net|IS|{"be_r": 1, "exit_time": 14.0, "sl_k": 0.15, "sl_ref": 1, "tp_r": 1}
s02_net|IS|{"be_r": 1, "exit_time": 16.0, "sl_k": 0.15, "sl_ref": 1, "tp_r": 1}
s02_net|IS|{"be_r": 1, "exit_time": 18.0, "sl_k": 0.15, "sl_ref": 1, "tp_r": 1}
s02_net|IS|{"be_r": 1, "sl_k": 0.15, "sl_ref": 1, "tp_r": 1}
s02_net|IS|{"be_r": 1, "exit_time": 21.0, "sl_k": 0.15, "sl_ref": 1, "tp_r": 1}
s02_net|IS|{"be_r": 1, "exit_time": 14.0, "sl_k": 0.15, "sl_ref": 1, "tp_r": 1, "trail_r": 0.5}
s02_net|IS|{"be_r": 1, "exit_time": 16.0, "sl_k": 0.15, "sl_ref": 1, "tp_r": 1, "trail_r": 0.5}
s02_net|IS|{"be_r": 1, "exit_time": 18.0, "sl_k": 0.15, "sl_ref": 1, "tp_r": 1, "trail_r": 0.5}
s02_net|IS|{"be_r": 1, "sl_k": 0.15, "sl_ref": 1, "tp_r": 1, "trail_r": 0.5}
s02_net|IS|{"be_r": 1, "exit_time": 21.0, "sl_k": 0.15, "sl_ref": 1, "tp_r": 1, "trail_r": 0.5}
s02_net|IS|{"be_r": 1, "exit_time": 14.0, "sl_k": 0.15, "sl_ref": 1, "tp_r": 1, "trail_r": 1}
s02_net|IS|{"be_r": 1, "exit_time": 16.0, "sl_k": 0.15, "sl_ref": 1, "tp_r": 1, "trail_r": 1}
s02_net|IS|{"be_r": 1, "exit_time": 18.0, "sl_k": 0.15, "sl_ref": 1, "tp_r": 1, "trail_r": 1}
s02_net|IS|{"be_r": 1, "sl_k": 0.15, "sl_ref": 1, "tp_r": 1, "trail_r": 1}
s02_net|IS|{"be_r": 1, "exit_time": 21.0, "sl_k": 0.15, "sl_ref": 1, "tp_r": 1, "trail_r": 1}
s02_net|IS|{"be_r": 1, "exit_time": 14.0, "sl_k": 0.15, "sl_ref": 1, "tp_r": 1, "trail_r": 1.5}
s02_net|IS|{"be_r": 1, "exit_time": 16.0, "sl_k": 0.15, "sl_ref": 1, "tp_r": 1, "trail_r": 1.5}
s02_net|IS|{"be_r": 1, "exit_time": 18.0, "sl_k": 0.15, "sl_ref": 1, "tp_r": 1, "trail_r": 1.5}
s02_net|IS|{"be_r": 1, "sl_k": 0.15, "sl_ref": 1, "tp_r": 1, "trail_r": 1.5}
s02_net|IS|{"be_r": 1, "exit_time": 21.0, "sl_k": 0.15, "sl_ref": 1, "tp_r": 1, "trail_r": 1.5}
s02_net|IS|{"be_r": 1, "exit_time": 14.0, "sl_k": 0.15, "sl_ref": 1, "tp_r": 1, "trail_r": 2}
s02_net|IS|{"be_r": 1, "exit_time": 16.0, "sl_k": 0.15, "sl_ref": 1, "tp_r": 1, "trail_r": 2}
s02_net|IS|{"be_r": 1, "exit_time": 18.0, "sl_k": 0.15, "sl_ref": 1, "tp_r": 1, "trail_r": 2}
s02_net|IS|{"be_r": 1, "sl_k": 0.15, "sl_ref": 1, "tp_r": 1, "trail_r": 2}
s02_net|IS|{"be_r": 1, "exit_time": 21.0, "sl_k": 0.15, "sl_ref": 1, "tp_r": 1, "trail_r": 2}
s02_net|IS|{"exit_time": 14.0, "sl_k": 0.15, "sl_ref": 1, "tp_r": 1.5}
s02_net|IS|{"exit_time": 16.0, "sl_k": 0.15, "sl_ref": 1, "tp_r": 1.5}
s02_net|IS|{"exit_time": 18.0, "sl_k": 0.15, "sl_ref": 1, "tp_r": 1.5}
s02_net|IS|{"sl_k": 0.15, "sl_ref": 1, "tp_r": 1.5}
s02_net|IS|{"exit_time": 21.0, "sl_k": 0.15, "sl_ref": 1, "tp_r": 1.5}
s02_net|IS|{"exit_time": 14.0, "sl_k": 0.15, "sl_ref": 1, "tp_r": 1.5, "trail_r": 0.5}
s02_net|IS|{"exit_time": 16.0, "sl_k": 0.15, "sl_ref": 1, "tp_r": 1.5, "trail_r": 0.5}
s02_net|IS|{"exit_time": 18.0, "sl_k": 0.15, "sl_ref": 1, "tp_r": 1.5, "trail_r": 0.5}
s02_net|IS|{"sl_k": 0.15, "sl_ref": 1, "tp_r": 1.5, "trail_r": 0.5}
s02_net|IS|{"exit_time": 21.0, "sl_k": 0.15, "sl_ref": 1, "tp_r": 1.5, "trail_r": 0.5}
s02_net|IS|{"exit_time": 14.0, "sl_k": 0.15, "sl_ref": 1, "tp_r": 1.5, "trail_r": 1}
s02_net|IS|{"exit_time": 16.0, "sl_k": 0.15, "sl_ref": 1, "tp_r": 1.5, "trail_r": 1}
s02_net|IS|{"exit_time": 18.0, "sl_k": 0.15, "sl_ref": 1, "tp_r": 1.5, "trail_r": 1}
s02_net|IS|{"sl_k": 0.15, "sl_ref": 1, "tp_r": 1.5, "trail_r": 1}
s02_net|IS|{"exit_time": 21.0, "sl_k": 0.15, "sl_ref": 1, "tp_r": 1.5, "trail_r": 1}
s02_net|IS|{"exit_time": 14.0, "sl_k": 0.15, "sl_ref": 1, "tp_r": 1.5, "trail_r": 1.5}
s02_net|IS|{"exit_time": 16.0, "sl_k": 0.15, "sl_ref": 1, "tp_r": 1.5, "trail_r": 1.5}
s02_net|IS|{"exit_time": 18.0, "sl_k": 0.15, "sl_ref": 1, "tp_r": 1.5, "trail_r": 1.5}
s02_net|IS|{"sl_k": 0.15, "sl_ref": 1, "tp_r": 1.5, "trail_r": 1.5}
s02_net|IS|{"exit_time": 21.0, "sl_k": 0.15, "sl_ref": 1, "tp_r": 1.5, "trail_r": 1.5}
s02_net|IS|{"exit_time": 14.0, "sl_k": 0.15, "sl_ref": 1, "tp_r": 1.5, "trail_r": 2}
s02_net|IS|{"exit_time": 16.0, "sl_k": 0.15, "sl_ref": 1, "tp_r": 1.5, "trail_r": 2}
s02_net|IS|{"exit_time": 18.0, "sl_k": 0.15, "sl_ref": 1, "tp_r": 1.5, "trail_r": 2}
s02_net|IS|{"sl_k": 0.15, "sl_ref": 1, "tp_r": 1.5, "trail_r": 2}
s02_net|IS|{"exit_time": 21.0, "sl_k": 0.15, "sl_ref": 1, "tp_r": 1.5, "trail_r": 2}
s02_net|IS|{"be_r": 0.5, "exit_time": 14.0, "sl_k": 0.15, "sl_ref": 1, "tp_r": 1.5}
s02_net|IS|{"be_r": 0.5, "exit_time": 16.0, "sl_k": 0.15, "sl_ref": 1, "tp_r": 1.5}
s02_net|IS|{"be_r": 0.5, "exit_time": 18.0, "sl_k": 0.15, "sl_ref": 1, "tp_r": 1.5}
s02_net|IS|{"be_r": 0.5, "sl_k": 0.15, "sl_ref": 1, "tp_r": 1.5}
s02_net|IS|{"be_r": 0.5, "exit_time": 21.0, "sl_k": 0.15, "sl_ref": 1, "tp_r": 1.5}
s02_net|IS|{"be_r": 0.5, "exit_time": 14.0, "sl_k": 0.15, "sl_ref": 1, "tp_r": 1.5, "trail_r": 0.5}
s02_net|IS|{"be_r": 0.5, "exit_time": 16.0, "sl_k": 0.15, "sl_ref": 1, "tp_r": 1.5, "trail_r": 0.5}
s02_net|IS|{"be_r": 0.5, "exit_time": 18.0, "sl_k": 0.15, "sl_ref": 1, "tp_r": 1.5, "trail_r": 0.5}
s02_net|IS|{"be_r": 0.5, "sl_k": 0.15, "sl_ref": 1, "tp_r": 1.5, "trail_r": 0.5}
s02_net|IS|{"be_r": 0.5, "exit_time": 21.0, "sl_k": 0.15, "sl_ref": 1, "tp_r": 1.5, "trail_r": 0.5}
s02_net|IS|{"be_r": 0.5, "exit_time": 14.0, "sl_k": 0.15, "sl_ref": 1, "tp_r": 1.5, "trail_r": 1}
s02_net|IS|{"be_r": 0.5, "exit_time": 16.0, "sl_k": 0.15, "sl_ref": 1, "tp_r": 1.5, "trail_r": 1}
s02_net|IS|{"be_r": 0.5, "exit_time": 18.0, "sl_k": 0.15, "sl_ref": 1, "tp_r": 1.5, "trail_r": 1}
s02_net|IS|{"be_r": 0.5, "sl_k": 0.15, "sl_ref": 1, "tp_r": 1.5, "trail_r": 1}
s02_net|IS|{"be_r": 0.5, "exit_time": 21.0, "sl_k": 0.15, "sl_ref": 1, "tp_r": 1.5, "trail_r": 1}
s02_net|IS|{"be_r": 0.5, "exit_time": 14.0, "sl_k": 0.15, "sl_ref": 1, "tp_r": 1.5, "trail_r": 1.5}
s02_net|IS|{"be_r": 0.5, "exit_time": 16.0, "sl_k": 0.15, "sl_ref": 1, "tp_r": 1.5, "trail_r": 1.5}
s02_net|IS|{"be_r": 0.5, "exit_time": 18.0, "sl_k": 0.15, "sl_ref": 1, "tp_r": 1.5, "trail_r": 1.5}
s02_net|IS|{"be_r": 0.5, "sl_k": 0.15, "sl_ref": 1, "tp_r": 1.5, "trail_r": 1.5}
s02_net|IS|{"be_r": 0.5, "exit_time": 21.0, "sl_k": 0.15, "sl_ref": 1, "tp_r": 1.5, "trail_r": 1.5}
s02_net|IS|{"be_r": 0.5, "exit_time": 14.0, "sl_k": 0.15, "sl_ref": 1, "tp_r": 1.5, "trail_r": 2}
s02_net|IS|{"be_r": 0.5, "exit_time": 16.0, "sl_k": 0.15, "sl_ref": 1, "tp_r": 1.5, "trail_r": 2}
s02_net|IS|{"be_r": 0.5, "exit_time": 18.0, "sl_k": 0.15, "sl_ref": 1, "tp_r": 1.5, "trail_r": 2}
s02_net|IS|{"be_r": 0.5, "sl_k": 0.15, "sl_ref": 1, "tp_r": 1.5, "trail_r": 2}
s02_net|IS|{"be_r": 0.5, "exit_time": 21.0, "sl_k": 0.15, "sl_ref": 1, "tp_r": 1.5, "trail_r": 2}
s02_net|IS|{"be_r": 1, "exit_time": 14.0, "sl_k": 0.15, "sl_ref": 1, "tp_r": 1.5}
s02_net|IS|{"be_r": 1, "exit_time": 16.0, "sl_k": 0.15, "sl_ref": 1, "tp_r": 1.5}
s02_net|IS|{"be_r": 1, "exit_time": 18.0, "sl_k": 0.15, "sl_ref": 1, "tp_r": 1.5}
s02_net|IS|{"be_r": 1, "sl_k": 0.15, "sl_ref": 1, "tp_r": 1.5}
s02_net|IS|{"be_r": 1, "exit_time": 21.0, "sl_k": 0.15, "sl_ref": 1, "tp_r": 1.5}
s02_net|IS|{"be_r": 1, "exit_time": 14.0, "sl_k": 0.15, "sl_ref": 1, "tp_r": 1.5, "trail_r": 0.5}
s02_net|IS|{"be_r": 1, "exit_time": 16.0, "sl_k": 0.15, "sl_ref": 1, "tp_r": 1.5, "trail_r": 0.5}
s02_net|IS|{"be_r": 1, "exit_time": 18.0, "sl_k": 0.15, "sl_ref": 1, "tp_r": 1.5, "trail_r": 0.5}
s02_net|IS|{"be_r": 1, "sl_k": 0.15, "sl_ref": 1, "tp_r": 1.5, "trail_r": 0.5}
s02_net|IS|{"be_r": 1, "exit_time": 21.0, "sl_k": 0.15, "sl_ref": 1, "tp_r": 1.5, "trail_r": 0.5}
s02_net|IS|{"be_r": 1, "exit_time": 14.0, "sl_k": 0.15, "sl_ref": 1, "tp_r": 1.5, "trail_r": 1}
s02_net|IS|{"be_r": 1, "exit_time": 16.0, "sl_k": 0.15, "sl_ref": 1, "tp_r": 1.5, "trail_r": 1}
s02_net|IS|{"be_r": 1, "exit_time": 18.0, "sl_k": 0.15, "sl_ref": 1, "tp_r": 1.5, "trail_r": 1}
s02_net|IS|{"be_r": 1, "sl_k": 0.15, "sl_ref": 1, "tp_r": 1.5, "trail_r": 1}
s02_net|IS|{"be_r": 1, "exit_time": 21.0, "sl_k": 0.15, "sl_ref": 1, "tp_r": 1.5, "trail_r": 1}
s02_net|IS|{"be_r": 1, "exit_time": 14.0, "sl_k": 0.15, "sl_ref": 1, "tp_r": 1.5, "trail_r": 1.5}
s02_net|IS|{"be_r": 1, "exit_time": 16.0, "sl_k": 0.15, "sl_ref": 1, "tp_r": 1.5, "trail_r": 1.5}
s02_net|IS|{"be_r": 1, "exit_time": 18.0, "sl_k": 0.15, "sl_ref": 1, "tp_r": 1.5, "trail_r": 1.5}
s02_net|IS|{"be_r": 1, "sl_k": 0.15, "sl_ref": 1, "tp_r": 1.5, "trail_r": 1.5}
s02_net|IS|{"be_r": 1, "exit_time": 21.0, "sl_k": 0.15, "sl_ref": 1, "tp_r": 1.5, "trail_r": 1.5}
s02_net|IS|{"be_r": 1, "exit_time": 14.0, "sl_k": 0.15, "sl_ref": 1, "tp_r": 1.5, "trail_r": 2}
s02_net|IS|{"be_r": 1, "exit_time": 16.0, "sl_k": 0.15, "sl_ref": 1, "tp_r": 1.5, "trail_r": 2}
s02_net|IS|{"be_r": 1, "exit_time": 18.0, "sl_k": 0.15, "sl_ref": 1, "tp_r": 1.5, "trail_r": 2}
s02_net|IS|{"be_r": 1, "sl_k": 0.15, "sl_ref": 1, "tp_r": 1.5, "trail_r": 2}
s02_net|IS|{"be_r": 1, "exit_time": 21.0, "sl_k": 0.15, "sl_ref": 1, "tp_r": 1.5, "trail_r": 2}
s02_net|IS|{"exit_time": 14.0, "sl_k": 0.15, "sl_ref": 1, "tp_r": 2}
s02_net|IS|{"exit_time": 16.0, "sl_k": 0.15, "sl_ref": 1, "tp_r": 2}
s02_net|IS|{"exit_time": 18.0, "sl_k": 0.15, "sl_ref": 1, "tp_r": 2}
s02_net|IS|{"sl_k": 0.15, "sl_ref": 1, "tp_r": 2}
s02_net|IS|{"exit_time": 21.0, "sl_k": 0.15, "sl_ref": 1, "tp_r": 2}
s02_net|IS|{"exit_time": 14.0, "sl_k": 0.15, "sl_ref": 1, "tp_r": 2, "trail_r": 0.5}
s02_net|IS|{"exit_time": 16.0, "sl_k": 0.15, "sl_ref": 1, "tp_r": 2, "trail_r": 0.5}
s02_net|IS|{"exit_time": 18.0, "sl_k": 0.15, "sl_ref": 1, "tp_r": 2, "trail_r": 0.5}
s02_net|IS|{"sl_k": 0.15, "sl_ref": 1, "tp_r": 2, "trail_r": 0.5}
s02_net|IS|{"exit_time": 21.0, "sl_k": 0.15, "sl_ref": 1, "tp_r": 2, "trail_r": 0.5}
s02_net|IS|{"exit_time": 14.0, "sl_k": 0.15, "sl_ref": 1, "tp_r": 2, "trail_r": 1}
s02_net|IS|{"exit_time": 16.0, "sl_k": 0.15, "sl_ref": 1, "tp_r": 2, "trail_r": 1}
s02_net|IS|{"exit_time": 18.0, "sl_k": 0.15, "sl_ref": 1, "tp_r": 2, "trail_r": 1}
s02_net|IS|{"sl_k": 0.15, "sl_ref": 1, "tp_r": 2, "trail_r": 1}
s02_net|IS|{"exit_time": 21.0, "sl_k": 0.15, "sl_ref": 1, "tp_r": 2, "trail_r": 1}
s02_net|IS|{"exit_time": 14.0, "sl_k": 0.15, "sl_ref": 1, "tp_r": 2, "trail_r": 1.5}
s02_net|IS|{"exit_time": 16.0, "sl_k": 0.15, "sl_ref": 1, "tp_r": 2, "trail_r": 1.5}
s02_net|IS|{"exit_time": 18.0, "sl_k": 0.15, "sl_ref": 1, "tp_r": 2, "trail_r": 1.5}
s02_net|IS|{"sl_k": 0.15, "sl_ref": 1, "tp_r": 2, "trail_r": 1.5}
s02_net|IS|{"exit_time": 21.0, "sl_k": 0.15, "sl_ref": 1, "tp_r": 2, "trail_r": 1.5}
s02_net|IS|{"exit_time": 14.0, "sl_k": 0.15, "sl_ref": 1, "tp_r": 2, "trail_r": 2}
s02_net|IS|{"exit_time": 16.0, "sl_k": 0.15, "sl_ref": 1, "tp_r": 2, "trail_r": 2}
s02_net|IS|{"exit_time": 18.0, "sl_k": 0.15, "sl_ref": 1, "tp_r": 2, "trail_r": 2}
s02_net|IS|{"sl_k": 0.15, "sl_ref": 1, "tp_r": 2, "trail_r": 2}
s02_net|IS|{"exit_time": 21.0, "sl_k": 0.15, "sl_ref": 1, "tp_r": 2, "trail_r": 2}
s02_net|IS|{"be_r": 0.5, "exit_time": 14.0, "sl_k": 0.15, "sl_ref": 1, "tp_r": 2}
s02_net|IS|{"be_r": 0.5, "exit_time": 16.0, "sl_k": 0.15, "sl_ref": 1, "tp_r": 2}
s02_net|IS|{"be_r": 0.5, "exit_time": 18.0, "sl_k": 0.15, "sl_ref": 1, "tp_r": 2}
s02_net|IS|{"be_r": 0.5, "sl_k": 0.15, "sl_ref": 1, "tp_r": 2}
s02_net|IS|{"be_r": 0.5, "exit_time": 21.0, "sl_k": 0.15, "sl_ref": 1, "tp_r": 2}
s02_net|IS|{"be_r": 0.5, "exit_time": 14.0, "sl_k": 0.15, "sl_ref": 1, "tp_r": 2, "trail_r": 0.5}
s02_net|IS|{"be_r": 0.5, "exit_time": 16.0, "sl_k": 0.15, "sl_ref": 1, "tp_r": 2, "trail_r": 0.5}
s02_net|IS|{"be_r": 0.5, "exit_time": 18.0, "sl_k": 0.15, "sl_ref": 1, "tp_r": 2, "trail_r": 0.5}
s02_net|IS|{"be_r": 0.5, "sl_k": 0.15, "sl_ref": 1, "tp_r": 2, "trail_r": 0.5}
s02_net|IS|{"be_r": 0.5, "exit_time": 21.0, "sl_k": 0.15, "sl_ref": 1, "tp_r": 2, "trail_r": 0.5}
s02_net|IS|{"be_r": 0.5, "exit_time": 14.0, "sl_k": 0.15, "sl_ref": 1, "tp_r": 2, "trail_r": 1}
s02_net|IS|{"be_r": 0.5, "exit_time": 16.0, "sl_k": 0.15, "sl_ref": 1, "tp_r": 2, "trail_r": 1}
s02_net|IS|{"be_r": 0.5, "exit_time": 18.0, "sl_k": 0.15, "sl_ref": 1, "tp_r": 2, "trail_r": 1}
s02_net|IS|{"be_r": 0.5, "sl_k": 0.15, "sl_ref": 1, "tp_r": 2, "trail_r": 1}
s02_net|IS|{"be_r": 0.5, "exit_time": 21.0, "sl_k": 0.15, "sl_ref": 1, "tp_r": 2, "trail_r": 1}
s02_net|IS|{"be_r": 0.5, "exit_time": 14.0, "sl_k": 0.15, "sl_ref": 1, "tp_r": 2, "trail_r": 1.5}
s02_net|IS|{"be_r": 0.5, "exit_time": 16.0, "sl_k": 0.15, "sl_ref": 1, "tp_r": 2, "trail_r": 1.5}
s02_net|IS|{"be_r": 0.5, "exit_time": 18.0, "sl_k": 0.15, "sl_ref": 1, "tp_r": 2, "trail_r": 1.5}
s02_net|IS|{"be_r": 0.5, "sl_k": 0.15, "sl_ref": 1, "tp_r": 2, "trail_r": 1.5}
s02_net|IS|{"be_r": 0.5, "exit_time": 21.0, "sl_k": 0.15, "sl_ref": 1, "tp_r": 2, "trail_r": 1.5}
s02_net|IS|{"be_r": 0.5, "exit_time": 14.0, "sl_k": 0.15, "sl_ref": 1, "tp_r": 2, "trail_r": 2}
s02_net|IS|{"be_r": 0.5, "exit_time": 16.0, "sl_k": 0.15, "sl_ref": 1, "tp_r": 2, "trail_r": 2}
s02_net|IS|{"be_r": 0.5, "exit_time": 18.0, "sl_k": 0.15, "sl_ref": 1, "tp_r": 2, "trail_r": 2}
s02_net|IS|{"be_r": 0.5, "sl_k": 0.15, "sl_ref": 1, "tp_r": 2, "trail_r": 2}
s02_net|IS|{"be_r": 0.5, "exit_time": 21.0, "sl_k": 0.15, "sl_ref": 1, "tp_r": 2, "trail_r": 2}
s02_net|IS|{"be_r": 1, "exit_time": 14.0, "sl_k": 0.15, "sl_ref": 1, "tp_r": 2}
s02_net|IS|{"be_r": 1, "exit_time": 16.0, "sl_k": 0.15, "sl_ref": 1, "tp_r": 2}
s02_net|IS|{"be_r": 1, "exit_time": 18.0, "sl_k": 0.15, "sl_ref": 1, "tp_r": 2}
s02_net|IS|{"be_r": 1, "sl_k": 0.15, "sl_ref": 1, "tp_r": 2}
s02_net|IS|{"be_r": 1, "exit_time": 21.0, "sl_k": 0.15, "sl_ref": 1, "tp_r": 2}
s02_net|IS|{"be_r": 1, "exit_time": 14.0, "sl_k": 0.15, "sl_ref": 1, "tp_r": 2, "trail_r": 0.5}
s02_net|IS|{"be_r": 1, "exit_time": 16.0, "sl_k": 0.15, "sl_ref": 1, "tp_r": 2, "trail_r": 0.5}
s02_net|IS|{"be_r": 1, "exit_time": 18.0, "sl_k": 0.15, "sl_ref": 1, "tp_r": 2, "trail_r": 0.5}
s02_net|IS|{"be_r": 1, "sl_k": 0.15, "sl_ref": 1, "tp_r": 2, "trail_r": 0.5}
s02_net|IS|{"be_r": 1, "exit_time": 21.0, "sl_k": 0.15, "sl_ref": 1, "tp_r": 2, "trail_r": 0.5}
s02_net|IS|{"be_r": 1, "exit_time": 14.0, "sl_k": 0.15, "sl_ref": 1, "tp_r": 2, "trail_r": 1}
s02_net|IS|{"be_r": 1, "exit_time": 16.0, "sl_k": 0.15, "sl_ref": 1, "tp_r": 2, "trail_r": 1}
s02_net|IS|{"be_r": 1, "exit_time": 18.0, "sl_k": 0.15, "sl_ref": 1, "tp_r": 2, "trail_r": 1}
s02_net|IS|{"be_r": 1, "sl_k": 0.15, "sl_ref": 1, "tp_r": 2, "trail_r": 1}
s02_net|IS|{"be_r": 1, "exit_time": 21.0, "sl_k": 0.15, "sl_ref": 1, "tp_r": 2, "trail_r": 1}
s02_net|IS|{"be_r": 1, "exit_time": 14.0, "sl_k": 0.15, "sl_ref": 1, "tp_r": 2, "trail_r": 1.5}
s02_net|IS|{"be_r": 1, "exit_time": 16.0, "sl_k": 0.15, "sl_ref": 1, "tp_r": 2, "trail_r": 1.5}
s02_net|IS|{"be_r": 1, "exit_time": 18.0, "sl_k": 0.15, "sl_ref": 1, "tp_r": 2, "trail_r": 1.5}
s02_net|IS|{"be_r": 1, "sl_k": 0.15, "sl_ref": 1, "tp_r": 2, "trail_r": 1.5}
s02_net|IS|{"be_r": 1, "exit_time": 21.0, "sl_k": 0.15, "sl_ref": 1, "tp_r": 2, "trail_r": 1.5}
s02_net|IS|{"be_r": 1, "exit_time": 14.0, "sl_k": 0.15, "sl_ref": 1, "tp_r": 2, "trail_r": 2}
s02_net|IS|{"be_r": 1, "exit_time": 16.0, "sl_k": 0.15, "sl_ref": 1, "tp_r": 2, "trail_r": 2}
s02_net|IS|{"be_r": 1, "exit_time": 18.0, "sl_k": 0.15, "sl_ref": 1, "tp_r": 2, "trail_r": 2}
s02_net|IS|{"be_r": 1, "sl_k": 0.15, "sl_ref": 1, "tp_r": 2, "trail_r": 2}
s02_net|IS|{"be_r": 1, "exit_time": 21.0, "sl_k": 0.15, "sl_ref": 1, "tp_r": 2, "trail_r": 2}
s02_net|IS|{"exit_time": 14.0, "sl_k": 0.15, "sl_ref": 1, "tp_r": 3}
s02_net|IS|{"exit_time": 16.0, "sl_k": 0.15, "sl_ref": 1, "tp_r": 3}
s02_net|IS|{"exit_time": 18.0, "sl_k": 0.15, "sl_ref": 1, "tp_r": 3}
s02_net|IS|{"sl_k": 0.15, "sl_ref": 1, "tp_r": 3}
s02_net|IS|{"exit_time": 21.0, "sl_k": 0.15, "sl_ref": 1, "tp_r": 3}
s02_net|IS|{"exit_time": 14.0, "sl_k": 0.15, "sl_ref": 1, "tp_r": 3, "trail_r": 0.5}
s02_net|IS|{"exit_time": 16.0, "sl_k": 0.15, "sl_ref": 1, "tp_r": 3, "trail_r": 0.5}
s02_net|IS|{"exit_time": 18.0, "sl_k": 0.15, "sl_ref": 1, "tp_r": 3, "trail_r": 0.5}
s02_net|IS|{"sl_k": 0.15, "sl_ref": 1, "tp_r": 3, "trail_r": 0.5}
s02_net|IS|{"exit_time": 21.0, "sl_k": 0.15, "sl_ref": 1, "tp_r": 3, "trail_r": 0.5}
s02_net|IS|{"exit_time": 14.0, "sl_k": 0.15, "sl_ref": 1, "tp_r": 3, "trail_r": 1}
s02_net|IS|{"exit_time": 16.0, "sl_k": 0.15, "sl_ref": 1, "tp_r": 3, "trail_r": 1}
s02_net|IS|{"exit_time": 18.0, "sl_k": 0.15, "sl_ref": 1, "tp_r": 3, "trail_r": 1}
s02_net|IS|{"sl_k": 0.15, "sl_ref": 1, "tp_r": 3, "trail_r": 1}
s02_net|IS|{"exit_time": 21.0, "sl_k": 0.15, "sl_ref": 1, "tp_r": 3, "trail_r": 1}
s02_net|IS|{"exit_time": 14.0, "sl_k": 0.15, "sl_ref": 1, "tp_r": 3, "trail_r": 1.5}
s02_net|IS|{"exit_time": 16.0, "sl_k": 0.15, "sl_ref": 1, "tp_r": 3, "trail_r": 1.5}
s02_net|IS|{"exit_time": 18.0, "sl_k": 0.15, "sl_ref": 1, "tp_r": 3, "trail_r": 1.5}
s02_net|IS|{"sl_k": 0.15, "sl_ref": 1, "tp_r": 3, "trail_r": 1.5}
s02_net|IS|{"exit_time": 21.0, "sl_k": 0.15, "sl_ref": 1, "tp_r": 3, "trail_r": 1.5}
s02_net|IS|{"exit_time": 14.0, "sl_k": 0.15, "sl_ref": 1, "tp_r": 3, "trail_r": 2}
s02_net|IS|{"exit_time": 16.0, "sl_k": 0.15, "sl_ref": 1, "tp_r": 3, "trail_r": 2}
s02_net|IS|{"exit_time": 18.0, "sl_k": 0.15, "sl_ref": 1, "tp_r": 3, "trail_r": 2}
s02_net|IS|{"sl_k": 0.15, "sl_ref": 1, "tp_r": 3, "trail_r": 2}
s02_net|IS|{"exit_time": 21.0, "sl_k": 0.15, "sl_ref": 1, "tp_r": 3, "trail_r": 2}
s02_net|IS|{"be_r": 0.5, "exit_time": 14.0, "sl_k": 0.15, "sl_ref": 1, "tp_r": 3}
s02_net|IS|{"be_r": 0.5, "exit_time": 16.0, "sl_k": 0.15, "sl_ref": 1, "tp_r": 3}
s02_net|IS|{"be_r": 0.5, "exit_time": 18.0, "sl_k": 0.15, "sl_ref": 1, "tp_r": 3}
s02_net|IS|{"be_r": 0.5, "sl_k": 0.15, "sl_ref": 1, "tp_r": 3}
s02_net|IS|{"be_r": 0.5, "exit_time": 21.0, "sl_k": 0.15, "sl_ref": 1, "tp_r": 3}
s02_net|IS|{"be_r": 0.5, "exit_time": 14.0, "sl_k": 0.15, "sl_ref": 1, "tp_r": 3, "trail_r": 0.5}
s02_net|IS|{"be_r": 0.5, "exit_time": 16.0, "sl_k": 0.15, "sl_ref": 1, "tp_r": 3, "trail_r": 0.5}
s02_net|IS|{"be_r": 0.5, "exit_time": 18.0, "sl_k": 0.15, "sl_ref": 1, "tp_r": 3, "trail_r": 0.5}
s02_net|IS|{"be_r": 0.5, "sl_k": 0.15, "sl_ref": 1, "tp_r": 3, "trail_r": 0.5}
s02_net|IS|{"be_r": 0.5, "exit_time": 21.0, "sl_k": 0.15, "sl_ref": 1, "tp_r": 3, "trail_r": 0.5}
s02_net|IS|{"be_r": 0.5, "exit_time": 14.0, "sl_k": 0.15, "sl_ref": 1, "tp_r": 3, "trail_r": 1}
s02_net|IS|{"be_r": 0.5, "exit_time": 16.0, "sl_k": 0.15, "sl_ref": 1, "tp_r": 3, "trail_r": 1}
s02_net|IS|{"be_r": 0.5, "exit_time": 18.0, "sl_k": 0.15, "sl_ref": 1, "tp_r": 3, "trail_r": 1}
s02_net|IS|{"be_r": 0.5, "sl_k": 0.15, "sl_ref": 1, "tp_r": 3, "trail_r": 1}
s02_net|IS|{"be_r": 0.5, "exit_time": 21.0, "sl_k": 0.15, "sl_ref": 1, "tp_r": 3, "trail_r": 1}
s02_net|IS|{"be_r": 0.5, "exit_time": 14.0, "sl_k": 0.15, "sl_ref": 1, "tp_r": 3, "trail_r": 1.5}
s02_net|IS|{"be_r": 0.5, "exit_time": 16.0, "sl_k": 0.15, "sl_ref": 1, "tp_r": 3, "trail_r": 1.5}
s02_net|IS|{"be_r": 0.5, "exit_time": 18.0, "sl_k": 0.15, "sl_ref": 1, "tp_r": 3, "trail_r": 1.5}
s02_net|IS|{"be_r": 0.5, "sl_k": 0.15, "sl_ref": 1, "tp_r": 3, "trail_r": 1.5}
s02_net|IS|{"be_r": 0.5, "exit_time": 21.0, "sl_k": 0.15, "sl_ref": 1, "tp_r": 3, "trail_r": 1.5}
s02_net|IS|{"be_r": 0.5, "exit_time": 14.0, "sl_k": 0.15, "sl_ref": 1, "tp_r": 3, "trail_r": 2}
s02_net|IS|{"be_r": 0.5, "exit_time": 16.0, "sl_k": 0.15, "sl_ref": 1, "tp_r": 3, "trail_r": 2}
s02_net|IS|{"be_r": 0.5, "exit_time": 18.0, "sl_k": 0.15, "sl_ref": 1, "tp_r": 3, "trail_r": 2}
s02_net|IS|{"be_r": 0.5, "sl_k": 0.15, "sl_ref": 1, "tp_r": 3, "trail_r": 2}
s02_net|IS|{"be_r": 0.5, "exit_time": 21.0, "sl_k": 0.15, "sl_ref": 1, "tp_r": 3, "trail_r": 2}
s02_net|IS|{"be_r": 1, "exit_time": 14.0, "sl_k": 0.15, "sl_ref": 1, "tp_r": 3}
s02_net|IS|{"be_r": 1, "exit_time": 16.0, "sl_k": 0.15, "sl_ref": 1, "tp_r": 3}
s02_net|IS|{"be_r": 1, "exit_time": 18.0, "sl_k": 0.15, "sl_ref": 1, "tp_r": 3}
s02_net|IS|{"be_r": 1, "sl_k": 0.15, "sl_ref": 1, "tp_r": 3}
s02_net|IS|{"be_r": 1, "exit_time": 21.0, "sl_k": 0.15, "sl_ref": 1, "tp_r": 3}
s02_net|IS|{"be_r": 1, "exit_time": 14.0, "sl_k": 0.15, "sl_ref": 1, "tp_r": 3, "trail_r": 0.5}
s02_net|IS|{"be_r": 1, "exit_time": 16.0, "sl_k": 0.15, "sl_ref": 1, "tp_r": 3, "trail_r": 0.5}
s02_net|IS|{"be_r": 1, "exit_time": 18.0, "sl_k": 0.15, "sl_ref": 1, "tp_r": 3, "trail_r": 0.5}
s02_net|IS|{"be_r": 1, "sl_k": 0.15, "sl_ref": 1, "tp_r": 3, "trail_r": 0.5}
s02_net|IS|{"be_r": 1, "exit_time": 21.0, "sl_k": 0.15, "sl_ref": 1, "tp_r": 3, "trail_r": 0.5}
s02_net|IS|{"be_r": 1, "exit_time": 14.0, "sl_k": 0.15, "sl_ref": 1, "tp_r": 3, "trail_r": 1}
s02_net|IS|{"be_r": 1, "exit_time": 16.0, "sl_k": 0.15, "sl_ref": 1, "tp_r": 3, "trail_r": 1}
s02_net|IS|{"be_r": 1, "exit_time": 18.0, "sl_k": 0.15, "sl_ref": 1, "tp_r": 3, "trail_r": 1}
s02_net|IS|{"be_r": 1, "sl_k": 0.15, "sl_ref": 1, "tp_r": 3, "trail_r": 1}
s02_net|IS|{"be_r": 1, "exit_time": 21.0, "sl_k": 0.15, "sl_ref": 1, "tp_r": 3, "trail_r": 1}
s02_net|IS|{"be_r": 1, "exit_time": 14.0, "sl_k": 0.15, "sl_ref": 1, "tp_r": 3, "trail_r": 1.5}
s02_net|IS|{"be_r": 1, "exit_time": 16.0, "sl_k": 0.15, "sl_ref": 1, "tp_r": 3, "trail_r": 1.5}
s02_net|IS|{"be_r": 1, "exit_time": 18.0, "sl_k": 0.15, "sl_ref": 1, "tp_r": 3, "trail_r": 1.5}
s02_net|IS|{"be_r": 1, "sl_k": 0.15, "sl_ref": 1, "tp_r": 3, "trail_r": 1.5}
s02_net|IS|{"be_r": 1, "exit_time": 21.0, "sl_k": 0.15, "sl_ref": 1, "tp_r": 3, "trail_r": 1.5}
s02_net|IS|{"be_r": 1, "exit_time": 14.0, "sl_k": 0.15, "sl_ref": 1, "tp_r": 3, "trail_r": 2}
s02_net|IS|{"be_r": 1, "exit_time": 16.0, "sl_k": 0.15, "sl_ref": 1, "tp_r": 3, "trail_r": 2}
s02_net|IS|{"be_r": 1, "exit_time": 18.0, "sl_k": 0.15, "sl_ref": 1, "tp_r": 3, "trail_r": 2}
s02_net|IS|{"be_r": 1, "sl_k": 0.15, "sl_ref": 1, "tp_r": 3, "trail_r": 2}
s02_net|IS|{"be_r": 1, "exit_time": 21.0, "sl_k": 0.15, "sl_ref": 1, "tp_r": 3, "trail_r": 2}
s02_net|IS|{"exit_time": 14.0, "sl_k": 0.15, "sl_ref": 1, "tp_r": 4}
s02_net|IS|{"exit_time": 16.0, "sl_k": 0.15, "sl_ref": 1, "tp_r": 4}
s02_net|IS|{"exit_time": 18.0, "sl_k": 0.15, "sl_ref": 1, "tp_r": 4}
s02_net|IS|{"sl_k": 0.15, "sl_ref": 1, "tp_r": 4}
s02_net|IS|{"exit_time": 21.0, "sl_k": 0.15, "sl_ref": 1, "tp_r": 4}
s02_net|IS|{"exit_time": 14.0, "sl_k": 0.15, "sl_ref": 1, "tp_r": 4, "trail_r": 0.5}
s02_net|IS|{"exit_time": 16.0, "sl_k": 0.15, "sl_ref": 1, "tp_r": 4, "trail_r": 0.5}
s02_net|IS|{"exit_time": 18.0, "sl_k": 0.15, "sl_ref": 1, "tp_r": 4, "trail_r": 0.5}
s02_net|IS|{"sl_k": 0.15, "sl_ref": 1, "tp_r": 4, "trail_r": 0.5}
s02_net|IS|{"exit_time": 21.0, "sl_k": 0.15, "sl_ref": 1, "tp_r": 4, "trail_r": 0.5}
s02_net|IS|{"exit_time": 14.0, "sl_k": 0.15, "sl_ref": 1, "tp_r": 4, "trail_r": 1}
s02_net|IS|{"exit_time": 16.0, "sl_k": 0.15, "sl_ref": 1, "tp_r": 4, "trail_r": 1}
s02_net|IS|{"exit_time": 18.0, "sl_k": 0.15, "sl_ref": 1, "tp_r": 4, "trail_r": 1}
s02_net|IS|{"sl_k": 0.15, "sl_ref": 1, "tp_r": 4, "trail_r": 1}
s02_net|IS|{"exit_time": 21.0, "sl_k": 0.15, "sl_ref": 1, "tp_r": 4, "trail_r": 1}
s02_net|IS|{"exit_time": 14.0, "sl_k": 0.15, "sl_ref": 1, "tp_r": 4, "trail_r": 1.5}
s02_net|IS|{"exit_time": 16.0, "sl_k": 0.15, "sl_ref": 1, "tp_r": 4, "trail_r": 1.5}
s02_net|IS|{"exit_time": 18.0, "sl_k": 0.15, "sl_ref": 1, "tp_r": 4, "trail_r": 1.5}
s02_net|IS|{"sl_k": 0.15, "sl_ref": 1, "tp_r": 4, "trail_r": 1.5}
s02_net|IS|{"exit_time": 21.0, "sl_k": 0.15, "sl_ref": 1, "tp_r": 4, "trail_r": 1.5}
s02_net|IS|{"exit_time": 14.0, "sl_k": 0.15, "sl_ref": 1, "tp_r": 4, "trail_r": 2}
s02_net|IS|{"exit_time": 16.0, "sl_k": 0.15, "sl_ref": 1, "tp_r": 4, "trail_r": 2}
s02_net|IS|{"exit_time": 18.0, "sl_k": 0.15, "sl_ref": 1, "tp_r": 4, "trail_r": 2}
s02_net|IS|{"sl_k": 0.15, "sl_ref": 1, "tp_r": 4, "trail_r": 2}
s02_net|IS|{"exit_time": 21.0, "sl_k": 0.15, "sl_ref": 1, "tp_r": 4, "trail_r": 2}
s02_net|IS|{"be_r": 0.5, "exit_time": 14.0, "sl_k": 0.15, "sl_ref": 1, "tp_r": 4}
s02_net|IS|{"be_r": 0.5, "exit_time": 16.0, "sl_k": 0.15, "sl_ref": 1, "tp_r": 4}
s02_net|IS|{"be_r": 0.5, "exit_time": 18.0, "sl_k": 0.15, "sl_ref": 1, "tp_r": 4}
s02_net|IS|{"be_r": 0.5, "sl_k": 0.15, "sl_ref": 1, "tp_r": 4}
s02_net|IS|{"be_r": 0.5, "exit_time": 21.0, "sl_k": 0.15, "sl_ref": 1, "tp_r": 4}
s02_net|IS|{"be_r": 0.5, "exit_time": 14.0, "sl_k": 0.15, "sl_ref": 1, "tp_r": 4, "trail_r": 0.5}
s02_net|IS|{"be_r": 0.5, "exit_time": 16.0, "sl_k": 0.15, "sl_ref": 1, "tp_r": 4, "trail_r": 0.5}
s02_net|IS|{"be_r": 0.5, "exit_time": 18.0, "sl_k": 0.15, "sl_ref": 1, "tp_r": 4, "trail_r": 0.5}
s02_net|IS|{"be_r": 0.5, "sl_k": 0.15, "sl_ref": 1, "tp_r": 4, "trail_r": 0.5}
s02_net|IS|{"be_r": 0.5, "exit_time": 21.0, "sl_k": 0.15, "sl_ref": 1, "tp_r": 4, "trail_r": 0.5}
s02_net|IS|{"be_r": 0.5, "exit_time": 14.0, "sl_k": 0.15, "sl_ref": 1, "tp_r": 4, "trail_r": 1}
s02_net|IS|{"be_r": 0.5, "exit_time": 16.0, "sl_k": 0.15, "sl_ref": 1, "tp_r": 4, "trail_r": 1}
s02_net|IS|{"be_r": 0.5, "exit_time": 18.0, "sl_k": 0.15, "sl_ref": 1, "tp_r": 4, "trail_r": 1}
s02_net|IS|{"be_r": 0.5, "sl_k": 0.15, "sl_ref": 1, "tp_r": 4, "trail_r": 1}
s02_net|IS|{"be_r": 0.5, "exit_time": 21.0, "sl_k": 0.15, "sl_ref": 1, "tp_r": 4, "trail_r": 1}
s02_net|IS|{"be_r": 0.5, "exit_time": 14.0, "sl_k": 0.15, "sl_ref": 1, "tp_r": 4, "trail_r": 1.5}
s02_net|IS|{"be_r": 0.5, "exit_time": 16.0, "sl_k": 0.15, "sl_ref": 1, "tp_r": 4, "trail_r": 1.5}
s02_net|IS|{"be_r": 0.5, "exit_time": 18.0, "sl_k": 0.15, "sl_ref": 1, "tp_r": 4, "trail_r": 1.5}
s02_net|IS|{"be_r": 0.5, "sl_k": 0.15, "sl_ref": 1, "tp_r": 4, "trail_r": 1.5}
s02_net|IS|{"be_r": 0.5, "exit_time": 21.0, "sl_k": 0.15, "sl_ref": 1, "tp_r": 4, "trail_r": 1.5}
s02_net|IS|{"be_r": 0.5, "exit_time": 14.0, "sl_k": 0.15, "sl_ref": 1, "tp_r": 4, "trail_r": 2}
s02_net|IS|{"be_r": 0.5, "exit_time": 16.0, "sl_k": 0.15, "sl_ref": 1, "tp_r": 4, "trail_r": 2}
s02_net|IS|{"be_r": 0.5, "exit_time": 18.0, "sl_k": 0.15, "sl_ref": 1, "tp_r": 4, "trail_r": 2}
s02_net|IS|{"be_r": 0.5, "sl_k": 0.15, "sl_ref": 1, "tp_r": 4, "trail_r": 2}
s02_net|IS|{"be_r": 0.5, "exit_time": 21.0, "sl_k": 0.15, "sl_ref": 1, "tp_r": 4, "trail_r": 2}
s02_net|IS|{"be_r": 1, "exit_time": 14.0, "sl_k": 0.15, "sl_ref": 1, "tp_r": 4}
s02_net|IS|{"be_r": 1, "exit_time": 16.0, "sl_k": 0.15, "sl_ref": 1, "tp_r": 4}
s02_net|IS|{"be_r": 1, "exit_time": 18.0, "sl_k": 0.15, "sl_ref": 1, "tp_r": 4}
s02_net|IS|{"be_r": 1, "sl_k": 0.15, "sl_ref": 1, "tp_r": 4}
s02_net|IS|{"be_r": 1, "exit_time": 21.0, "sl_k": 0.15, "sl_ref": 1, "tp_r": 4}
s02_net|IS|{"be_r": 1, "exit_time": 14.0, "sl_k": 0.15, "sl_ref": 1, "tp_r": 4, "trail_r": 0.5}
s02_net|IS|{"be_r": 1, "exit_time": 16.0, "sl_k": 0.15, "sl_ref": 1, "tp_r": 4, "trail_r": 0.5}
s02_net|IS|{"be_r": 1, "exit_time": 18.0, "sl_k": 0.15, "sl_ref": 1, "tp_r": 4, "trail_r": 0.5}
s02_net|IS|{"be_r": 1, "sl_k": 0.15, "sl_ref": 1, "tp_r": 4, "trail_r": 0.5}
s02_net|IS|{"be_r": 1, "exit_time": 21.0, "sl_k": 0.15, "sl_ref": 1, "tp_r": 4, "trail_r": 0.5}
s02_net|IS|{"be_r": 1, "exit_time": 14.0, "sl_k": 0.15, "sl_ref": 1, "tp_r": 4, "trail_r": 1}
s02_net|IS|{"be_r": 1, "exit_time": 16.0, "sl_k": 0.15, "sl_ref": 1, "tp_r": 4, "trail_r": 1}
s02_net|IS|{"be_r": 1, "exit_time": 18.0, "sl_k": 0.15, "sl_ref": 1, "tp_r": 4, "trail_r": 1}
s02_net|IS|{"be_r": 1, "sl_k": 0.15, "sl_ref": 1, "tp_r": 4, "trail_r": 1}
s02_net|IS|{"be_r": 1, "exit_time": 21.0, "sl_k": 0.15, "sl_ref": 1, "tp_r": 4, "trail_r": 1}
s02_net|IS|{"be_r": 1, "exit_time": 14.0, "sl_k": 0.15, "sl_ref": 1, "tp_r": 4, "trail_r": 1.5}
s02_net|IS|{"be_r": 1, "exit_time": 16.0, "sl_k": 0.15, "sl_ref": 1, "tp_r": 4, "trail_r": 1.5}
s02_net|IS|{"be_r": 1, "exit_time": 18.0, "sl_k": 0.15, "sl_ref": 1, "tp_r": 4, "trail_r": 1.5}
s02_net|IS|{"be_r": 1, "sl_k": 0.15, "sl_ref": 1, "tp_r": 4, "trail_r": 1.5}
s02_net|IS|{"be_r": 1, "exit_time": 21.0, "sl_k": 0.15, "sl_ref": 1, "tp_r": 4, "trail_r": 1.5}
s02_net|IS|{"be_r": 1, "exit_time": 14.0, "sl_k": 0.15, "sl_ref": 1, "tp_r": 4, "trail_r": 2}
s02_net|IS|{"be_r": 1, "exit_time": 16.0, "sl_k": 0.15, "sl_ref": 1, "tp_r": 4, "trail_r": 2}
s02_net|IS|{"be_r": 1, "exit_time": 18.0, "sl_k": 0.15, "sl_ref": 1, "tp_r": 4, "trail_r": 2}
s02_net|IS|{"be_r": 1, "sl_k": 0.15, "sl_ref": 1, "tp_r": 4, "trail_r": 2}
s02_net|IS|{"be_r": 1, "exit_time": 21.0, "sl_k": 0.15, "sl_ref": 1, "tp_r": 4, "trail_r": 2}
s02_net|IS|{"exit_time": 14.0, "sl_k": 0.25, "sl_ref": 1}
s02_net|IS|{"exit_time": 16.0, "sl_k": 0.25, "sl_ref": 1}
s02_net|IS|{"exit_time": 18.0, "sl_k": 0.25, "sl_ref": 1}
s02_net|IS|{"sl_k": 0.25, "sl_ref": 1}
s02_net|IS|{"exit_time": 21.0, "sl_k": 0.25, "sl_ref": 1}
s02_net|IS|{"exit_time": 14.0, "sl_k": 0.25, "sl_ref": 1, "trail_r": 0.5}
s02_net|IS|{"exit_time": 16.0, "sl_k": 0.25, "sl_ref": 1, "trail_r": 0.5}
s02_net|IS|{"exit_time": 18.0, "sl_k": 0.25, "sl_ref": 1, "trail_r": 0.5}
s02_net|IS|{"sl_k": 0.25, "sl_ref": 1, "trail_r": 0.5}
s02_net|IS|{"exit_time": 21.0, "sl_k": 0.25, "sl_ref": 1, "trail_r": 0.5}
s02_net|IS|{"exit_time": 14.0, "sl_k": 0.25, "sl_ref": 1, "trail_r": 1}
s02_net|IS|{"exit_time": 16.0, "sl_k": 0.25, "sl_ref": 1, "trail_r": 1}
s02_net|IS|{"exit_time": 18.0, "sl_k": 0.25, "sl_ref": 1, "trail_r": 1}
s02_net|IS|{"sl_k": 0.25, "sl_ref": 1, "trail_r": 1}
s02_net|IS|{"exit_time": 21.0, "sl_k": 0.25, "sl_ref": 1, "trail_r": 1}
s02_net|IS|{"exit_time": 14.0, "sl_k": 0.25, "sl_ref": 1, "trail_r": 1.5}
s02_net|IS|{"exit_time": 16.0, "sl_k": 0.25, "sl_ref": 1, "trail_r": 1.5}
s02_net|IS|{"exit_time": 18.0, "sl_k": 0.25, "sl_ref": 1, "trail_r": 1.5}
s02_net|IS|{"sl_k": 0.25, "sl_ref": 1, "trail_r": 1.5}
s02_net|IS|{"exit_time": 21.0, "sl_k": 0.25, "sl_ref": 1, "trail_r": 1.5}
s02_net|IS|{"exit_time": 14.0, "sl_k": 0.25, "sl_ref": 1, "trail_r": 2}
s02_net|IS|{"exit_time": 16.0, "sl_k": 0.25, "sl_ref": 1, "trail_r": 2}
s02_net|IS|{"exit_time": 18.0, "sl_k": 0.25, "sl_ref": 1, "trail_r": 2}
s02_net|IS|{"sl_k": 0.25, "sl_ref": 1, "trail_r": 2}
s02_net|IS|{"exit_time": 21.0, "sl_k": 0.25, "sl_ref": 1, "trail_r": 2}
s02_net|IS|{"be_r": 0.5, "exit_time": 14.0, "sl_k": 0.25, "sl_ref": 1}
s02_net|IS|{"be_r": 0.5, "exit_time": 16.0, "sl_k": 0.25, "sl_ref": 1}
s02_net|IS|{"be_r": 0.5, "exit_time": 18.0, "sl_k": 0.25, "sl_ref": 1}
s02_net|IS|{"be_r": 0.5, "sl_k": 0.25, "sl_ref": 1}
s02_net|IS|{"be_r": 0.5, "exit_time": 21.0, "sl_k": 0.25, "sl_ref": 1}
s02_net|IS|{"be_r": 0.5, "exit_time": 14.0, "sl_k": 0.25, "sl_ref": 1, "trail_r": 0.5}
s02_net|IS|{"be_r": 0.5, "exit_time": 16.0, "sl_k": 0.25, "sl_ref": 1, "trail_r": 0.5}
s02_net|IS|{"be_r": 0.5, "exit_time": 18.0, "sl_k": 0.25, "sl_ref": 1, "trail_r": 0.5}
s02_net|IS|{"be_r": 0.5, "sl_k": 0.25, "sl_ref": 1, "trail_r": 0.5}
s02_net|IS|{"be_r": 0.5, "exit_time": 21.0, "sl_k": 0.25, "sl_ref": 1, "trail_r": 0.5}
s02_net|IS|{"be_r": 0.5, "exit_time": 14.0, "sl_k": 0.25, "sl_ref": 1, "trail_r": 1}
s02_net|IS|{"be_r": 0.5, "exit_time": 16.0, "sl_k": 0.25, "sl_ref": 1, "trail_r": 1}
s02_net|IS|{"be_r": 0.5, "exit_time": 18.0, "sl_k": 0.25, "sl_ref": 1, "trail_r": 1}
s02_net|IS|{"be_r": 0.5, "sl_k": 0.25, "sl_ref": 1, "trail_r": 1}
s02_net|IS|{"be_r": 0.5, "exit_time": 21.0, "sl_k": 0.25, "sl_ref": 1, "trail_r": 1}
s02_net|IS|{"be_r": 0.5, "exit_time": 14.0, "sl_k": 0.25, "sl_ref": 1, "trail_r": 1.5}
s02_net|IS|{"be_r": 0.5, "exit_time": 16.0, "sl_k": 0.25, "sl_ref": 1, "trail_r": 1.5}
s02_net|IS|{"be_r": 0.5, "exit_time": 18.0, "sl_k": 0.25, "sl_ref": 1, "trail_r": 1.5}
s02_net|IS|{"be_r": 0.5, "sl_k": 0.25, "sl_ref": 1, "trail_r": 1.5}
s02_net|IS|{"be_r": 0.5, "exit_time": 21.0, "sl_k": 0.25, "sl_ref": 1, "trail_r": 1.5}
s02_net|IS|{"be_r": 0.5, "exit_time": 14.0, "sl_k": 0.25, "sl_ref": 1, "trail_r": 2}
s02_net|IS|{"be_r": 0.5, "exit_time": 16.0, "sl_k": 0.25, "sl_ref": 1, "trail_r": 2}
s02_net|IS|{"be_r": 0.5, "exit_time": 18.0, "sl_k": 0.25, "sl_ref": 1, "trail_r": 2}
s02_net|IS|{"be_r": 0.5, "sl_k": 0.25, "sl_ref": 1, "trail_r": 2}
s02_net|IS|{"be_r": 0.5, "exit_time": 21.0, "sl_k": 0.25, "sl_ref": 1, "trail_r": 2}
s02_net|IS|{"be_r": 1, "exit_time": 14.0, "sl_k": 0.25, "sl_ref": 1}
s02_net|IS|{"be_r": 1, "exit_time": 16.0, "sl_k": 0.25, "sl_ref": 1}
s02_net|IS|{"be_r": 1, "exit_time": 18.0, "sl_k": 0.25, "sl_ref": 1}
s02_net|IS|{"be_r": 1, "sl_k": 0.25, "sl_ref": 1}
s02_net|IS|{"be_r": 1, "exit_time": 21.0, "sl_k": 0.25, "sl_ref": 1}
s02_net|IS|{"be_r": 1, "exit_time": 14.0, "sl_k": 0.25, "sl_ref": 1, "trail_r": 0.5}
s02_net|IS|{"be_r": 1, "exit_time": 16.0, "sl_k": 0.25, "sl_ref": 1, "trail_r": 0.5}
s02_net|IS|{"be_r": 1, "exit_time": 18.0, "sl_k": 0.25, "sl_ref": 1, "trail_r": 0.5}
s02_net|IS|{"be_r": 1, "sl_k": 0.25, "sl_ref": 1, "trail_r": 0.5}
s02_net|IS|{"be_r": 1, "exit_time": 21.0, "sl_k": 0.25, "sl_ref": 1, "trail_r": 0.5}
s02_net|IS|{"be_r": 1, "exit_time": 14.0, "sl_k": 0.25, "sl_ref": 1, "trail_r": 1}
s02_net|IS|{"be_r": 1, "exit_time": 16.0, "sl_k": 0.25, "sl_ref": 1, "trail_r": 1}
s02_net|IS|{"be_r": 1, "exit_time": 18.0, "sl_k": 0.25, "sl_ref": 1, "trail_r": 1}
s02_net|IS|{"be_r": 1, "sl_k": 0.25, "sl_ref": 1, "trail_r": 1}
s02_net|IS|{"be_r": 1, "exit_time": 21.0, "sl_k": 0.25, "sl_ref": 1, "trail_r": 1}
s02_net|IS|{"be_r": 1, "exit_time": 14.0, "sl_k": 0.25, "sl_ref": 1, "trail_r": 1.5}
s02_net|IS|{"be_r": 1, "exit_time": 16.0, "sl_k": 0.25, "sl_ref": 1, "trail_r": 1.5}
s02_net|IS|{"be_r": 1, "exit_time": 18.0, "sl_k": 0.25, "sl_ref": 1, "trail_r": 1.5}
s02_net|IS|{"be_r": 1, "sl_k": 0.25, "sl_ref": 1, "trail_r": 1.5}
s02_net|IS|{"be_r": 1, "exit_time": 21.0, "sl_k": 0.25, "sl_ref": 1, "trail_r": 1.5}
s02_net|IS|{"be_r": 1, "exit_time": 14.0, "sl_k": 0.25, "sl_ref": 1, "trail_r": 2}
s02_net|IS|{"be_r": 1, "exit_time": 16.0, "sl_k": 0.25, "sl_ref": 1, "trail_r": 2}
s02_net|IS|{"be_r": 1, "exit_time": 18.0, "sl_k": 0.25, "sl_ref": 1, "trail_r": 2}
s02_net|IS|{"be_r": 1, "sl_k": 0.25, "sl_ref": 1, "trail_r": 2}
s02_net|IS|{"be_r": 1, "exit_time": 21.0, "sl_k": 0.25, "sl_ref": 1, "trail_r": 2}
s02_net|IS|{"exit_time": 14.0, "sl_k": 0.25, "sl_ref": 1, "tp_r": 1}
s02_net|IS|{"exit_time": 16.0, "sl_k": 0.25, "sl_ref": 1, "tp_r": 1}
s02_net|IS|{"exit_time": 18.0, "sl_k": 0.25, "sl_ref": 1, "tp_r": 1}
s02_net|IS|{"sl_k": 0.25, "sl_ref": 1, "tp_r": 1}
s02_net|IS|{"exit_time": 21.0, "sl_k": 0.25, "sl_ref": 1, "tp_r": 1}
s02_net|IS|{"exit_time": 14.0, "sl_k": 0.25, "sl_ref": 1, "tp_r": 1, "trail_r": 0.5}
s02_net|IS|{"exit_time": 16.0, "sl_k": 0.25, "sl_ref": 1, "tp_r": 1, "trail_r": 0.5}
s02_net|IS|{"exit_time": 18.0, "sl_k": 0.25, "sl_ref": 1, "tp_r": 1, "trail_r": 0.5}
s02_net|IS|{"sl_k": 0.25, "sl_ref": 1, "tp_r": 1, "trail_r": 0.5}
s02_net|IS|{"exit_time": 21.0, "sl_k": 0.25, "sl_ref": 1, "tp_r": 1, "trail_r": 0.5}
s02_net|IS|{"exit_time": 14.0, "sl_k": 0.25, "sl_ref": 1, "tp_r": 1, "trail_r": 1}
s02_net|IS|{"exit_time": 16.0, "sl_k": 0.25, "sl_ref": 1, "tp_r": 1, "trail_r": 1}
s02_net|IS|{"exit_time": 18.0, "sl_k": 0.25, "sl_ref": 1, "tp_r": 1, "trail_r": 1}
s02_net|IS|{"sl_k": 0.25, "sl_ref": 1, "tp_r": 1, "trail_r": 1}
s02_net|IS|{"exit_time": 21.0, "sl_k": 0.25, "sl_ref": 1, "tp_r": 1, "trail_r": 1}
s02_net|IS|{"exit_time": 14.0, "sl_k": 0.25, "sl_ref": 1, "tp_r": 1, "trail_r": 1.5}
s02_net|IS|{"exit_time": 16.0, "sl_k": 0.25, "sl_ref": 1, "tp_r": 1, "trail_r": 1.5}
s02_net|IS|{"exit_time": 18.0, "sl_k": 0.25, "sl_ref": 1, "tp_r": 1, "trail_r": 1.5}
s02_net|IS|{"sl_k": 0.25, "sl_ref": 1, "tp_r": 1, "trail_r": 1.5}
s02_net|IS|{"exit_time": 21.0, "sl_k": 0.25, "sl_ref": 1, "tp_r": 1, "trail_r": 1.5}
s02_net|IS|{"exit_time": 14.0, "sl_k": 0.25, "sl_ref": 1, "tp_r": 1, "trail_r": 2}
s02_net|IS|{"exit_time": 16.0, "sl_k": 0.25, "sl_ref": 1, "tp_r": 1, "trail_r": 2}
s02_net|IS|{"exit_time": 18.0, "sl_k": 0.25, "sl_ref": 1, "tp_r": 1, "trail_r": 2}
s02_net|IS|{"sl_k": 0.25, "sl_ref": 1, "tp_r": 1, "trail_r": 2}
s02_net|IS|{"exit_time": 21.0, "sl_k": 0.25, "sl_ref": 1, "tp_r": 1, "trail_r": 2}
s02_net|IS|{"be_r": 0.5, "exit_time": 14.0, "sl_k": 0.25, "sl_ref": 1, "tp_r": 1}
s02_net|IS|{"be_r": 0.5, "exit_time": 16.0, "sl_k": 0.25, "sl_ref": 1, "tp_r": 1}
s02_net|IS|{"be_r": 0.5, "exit_time": 18.0, "sl_k": 0.25, "sl_ref": 1, "tp_r": 1}
s02_net|IS|{"be_r": 0.5, "sl_k": 0.25, "sl_ref": 1, "tp_r": 1}
s02_net|IS|{"be_r": 0.5, "exit_time": 21.0, "sl_k": 0.25, "sl_ref": 1, "tp_r": 1}
s02_net|IS|{"be_r": 0.5, "exit_time": 14.0, "sl_k": 0.25, "sl_ref": 1, "tp_r": 1, "trail_r": 0.5}
s02_net|IS|{"be_r": 0.5, "exit_time": 16.0, "sl_k": 0.25, "sl_ref": 1, "tp_r": 1, "trail_r": 0.5}
s02_net|IS|{"be_r": 0.5, "exit_time": 18.0, "sl_k": 0.25, "sl_ref": 1, "tp_r": 1, "trail_r": 0.5}
s02_net|IS|{"be_r": 0.5, "sl_k": 0.25, "sl_ref": 1, "tp_r": 1, "trail_r": 0.5}
s02_net|IS|{"be_r": 0.5, "exit_time": 21.0, "sl_k": 0.25, "sl_ref": 1, "tp_r": 1, "trail_r": 0.5}
s02_net|IS|{"be_r": 0.5, "exit_time": 14.0, "sl_k": 0.25, "sl_ref": 1, "tp_r": 1, "trail_r": 1}
s02_net|IS|{"be_r": 0.5, "exit_time": 16.0, "sl_k": 0.25, "sl_ref": 1, "tp_r": 1, "trail_r": 1}
s02_net|IS|{"be_r": 0.5, "exit_time": 18.0, "sl_k": 0.25, "sl_ref": 1, "tp_r": 1, "trail_r": 1}
s02_net|IS|{"be_r": 0.5, "sl_k": 0.25, "sl_ref": 1, "tp_r": 1, "trail_r": 1}
s02_net|IS|{"be_r": 0.5, "exit_time": 21.0, "sl_k": 0.25, "sl_ref": 1, "tp_r": 1, "trail_r": 1}
s02_net|IS|{"be_r": 0.5, "exit_time": 14.0, "sl_k": 0.25, "sl_ref": 1, "tp_r": 1, "trail_r": 1.5}
s02_net|IS|{"be_r": 0.5, "exit_time": 16.0, "sl_k": 0.25, "sl_ref": 1, "tp_r": 1, "trail_r": 1.5}
s02_net|IS|{"be_r": 0.5, "exit_time": 18.0, "sl_k": 0.25, "sl_ref": 1, "tp_r": 1, "trail_r": 1.5}
s02_net|IS|{"be_r": 0.5, "sl_k": 0.25, "sl_ref": 1, "tp_r": 1, "trail_r": 1.5}
s02_net|IS|{"be_r": 0.5, "exit_time": 21.0, "sl_k": 0.25, "sl_ref": 1, "tp_r": 1, "trail_r": 1.5}
s02_net|IS|{"be_r": 0.5, "exit_time": 14.0, "sl_k": 0.25, "sl_ref": 1, "tp_r": 1, "trail_r": 2}
s02_net|IS|{"be_r": 0.5, "exit_time": 16.0, "sl_k": 0.25, "sl_ref": 1, "tp_r": 1, "trail_r": 2}
s02_net|IS|{"be_r": 0.5, "exit_time": 18.0, "sl_k": 0.25, "sl_ref": 1, "tp_r": 1, "trail_r": 2}
s02_net|IS|{"be_r": 0.5, "sl_k": 0.25, "sl_ref": 1, "tp_r": 1, "trail_r": 2}
s02_net|IS|{"be_r": 0.5, "exit_time": 21.0, "sl_k": 0.25, "sl_ref": 1, "tp_r": 1, "trail_r": 2}
s02_net|IS|{"be_r": 1, "exit_time": 14.0, "sl_k": 0.25, "sl_ref": 1, "tp_r": 1}
s02_net|IS|{"be_r": 1, "exit_time": 16.0, "sl_k": 0.25, "sl_ref": 1, "tp_r": 1}
s02_net|IS|{"be_r": 1, "exit_time": 18.0, "sl_k": 0.25, "sl_ref": 1, "tp_r": 1}
s02_net|IS|{"be_r": 1, "sl_k": 0.25, "sl_ref": 1, "tp_r": 1}
s02_net|IS|{"be_r": 1, "exit_time": 21.0, "sl_k": 0.25, "sl_ref": 1, "tp_r": 1}
s02_net|IS|{"be_r": 1, "exit_time": 14.0, "sl_k": 0.25, "sl_ref": 1, "tp_r": 1, "trail_r": 0.5}
s02_net|IS|{"be_r": 1, "exit_time": 16.0, "sl_k": 0.25, "sl_ref": 1, "tp_r": 1, "trail_r": 0.5}
s02_net|IS|{"be_r": 1, "exit_time": 18.0, "sl_k": 0.25, "sl_ref": 1, "tp_r": 1, "trail_r": 0.5}
s02_net|IS|{"be_r": 1, "sl_k": 0.25, "sl_ref": 1, "tp_r": 1, "trail_r": 0.5}
s02_net|IS|{"be_r": 1, "exit_time": 21.0, "sl_k": 0.25, "sl_ref": 1, "tp_r": 1, "trail_r": 0.5}
s02_net|IS|{"be_r": 1, "exit_time": 14.0, "sl_k": 0.25, "sl_ref": 1, "tp_r": 1, "trail_r": 1}
s02_net|IS|{"be_r": 1, "exit_time": 16.0, "sl_k": 0.25, "sl_ref": 1, "tp_r": 1, "trail_r": 1}
s02_net|IS|{"be_r": 1, "exit_time": 18.0, "sl_k": 0.25, "sl_ref": 1, "tp_r": 1, "trail_r": 1}
s02_net|IS|{"be_r": 1, "sl_k": 0.25, "sl_ref": 1, "tp_r": 1, "trail_r": 1}
s02_net|IS|{"be_r": 1, "exit_time": 21.0, "sl_k": 0.25, "sl_ref": 1, "tp_r": 1, "trail_r": 1}
s02_net|IS|{"be_r": 1, "exit_time": 14.0, "sl_k": 0.25, "sl_ref": 1, "tp_r": 1, "trail_r": 1.5}
s02_net|IS|{"be_r": 1, "exit_time": 16.0, "sl_k": 0.25, "sl_ref": 1, "tp_r": 1, "trail_r": 1.5}
s02_net|IS|{"be_r": 1, "exit_time": 18.0, "sl_k": 0.25, "sl_ref": 1, "tp_r": 1, "trail_r": 1.5}
s02_net|IS|{"be_r": 1, "sl_k": 0.25, "sl_ref": 1, "tp_r": 1, "trail_r": 1.5}
s02_net|IS|{"be_r": 1, "exit_time": 21.0, "sl_k": 0.25, "sl_ref": 1, "tp_r": 1, "trail_r": 1.5}
s02_net|IS|{"be_r": 1, "exit_time": 14.0, "sl_k": 0.25, "sl_ref": 1, "tp_r": 1, "trail_r": 2}
s02_net|IS|{"be_r": 1, "exit_time": 16.0, "sl_k": 0.25, "sl_ref": 1, "tp_r": 1, "trail_r": 2}
s02_net|IS|{"be_r": 1, "exit_time": 18.0, "sl_k": 0.25, "sl_ref": 1, "tp_r": 1, "trail_r": 2}
s02_net|IS|{"be_r": 1, "sl_k": 0.25, "sl_ref": 1, "tp_r": 1, "trail_r": 2}
s02_net|IS|{"be_r": 1, "exit_time": 21.0, "sl_k": 0.25, "sl_ref": 1, "tp_r": 1, "trail_r": 2}
s02_net|IS|{"exit_time": 14.0, "sl_k": 0.25, "sl_ref": 1, "tp_r": 1.5}
s02_net|IS|{"exit_time": 16.0, "sl_k": 0.25, "sl_ref": 1, "tp_r": 1.5}
s02_net|IS|{"exit_time": 18.0, "sl_k": 0.25, "sl_ref": 1, "tp_r": 1.5}
s02_net|IS|{"sl_k": 0.25, "sl_ref": 1, "tp_r": 1.5}
s02_net|IS|{"exit_time": 21.0, "sl_k": 0.25, "sl_ref": 1, "tp_r": 1.5}
s02_net|IS|{"exit_time": 14.0, "sl_k": 0.25, "sl_ref": 1, "tp_r": 1.5, "trail_r": 0.5}
s02_net|IS|{"exit_time": 16.0, "sl_k": 0.25, "sl_ref": 1, "tp_r": 1.5, "trail_r": 0.5}
s02_net|IS|{"exit_time": 18.0, "sl_k": 0.25, "sl_ref": 1, "tp_r": 1.5, "trail_r": 0.5}
s02_net|IS|{"sl_k": 0.25, "sl_ref": 1, "tp_r": 1.5, "trail_r": 0.5}
s02_net|IS|{"exit_time": 21.0, "sl_k": 0.25, "sl_ref": 1, "tp_r": 1.5, "trail_r": 0.5}
s02_net|IS|{"exit_time": 14.0, "sl_k": 0.25, "sl_ref": 1, "tp_r": 1.5, "trail_r": 1}
s02_net|IS|{"exit_time": 16.0, "sl_k": 0.25, "sl_ref": 1, "tp_r": 1.5, "trail_r": 1}
s02_net|IS|{"exit_time": 18.0, "sl_k": 0.25, "sl_ref": 1, "tp_r": 1.5, "trail_r": 1}
s02_net|IS|{"sl_k": 0.25, "sl_ref": 1, "tp_r": 1.5, "trail_r": 1}
s02_net|IS|{"exit_time": 21.0, "sl_k": 0.25, "sl_ref": 1, "tp_r": 1.5, "trail_r": 1}
s02_net|IS|{"exit_time": 14.0, "sl_k": 0.25, "sl_ref": 1, "tp_r": 1.5, "trail_r": 1.5}
s02_net|IS|{"exit_time": 16.0, "sl_k": 0.25, "sl_ref": 1, "tp_r": 1.5, "trail_r": 1.5}
s02_net|IS|{"exit_time": 18.0, "sl_k": 0.25, "sl_ref": 1, "tp_r": 1.5, "trail_r": 1.5}
s02_net|IS|{"sl_k": 0.25, "sl_ref": 1, "tp_r": 1.5, "trail_r": 1.5}
s02_net|IS|{"exit_time": 21.0, "sl_k": 0.25, "sl_ref": 1, "tp_r": 1.5, "trail_r": 1.5}
s02_net|IS|{"exit_time": 14.0, "sl_k": 0.25, "sl_ref": 1, "tp_r": 1.5, "trail_r": 2}
s02_net|IS|{"exit_time": 16.0, "sl_k": 0.25, "sl_ref": 1, "tp_r": 1.5, "trail_r": 2}
s02_net|IS|{"exit_time": 18.0, "sl_k": 0.25, "sl_ref": 1, "tp_r": 1.5, "trail_r": 2}
s02_net|IS|{"sl_k": 0.25, "sl_ref": 1, "tp_r": 1.5, "trail_r": 2}
s02_net|IS|{"exit_time": 21.0, "sl_k": 0.25, "sl_ref": 1, "tp_r": 1.5, "trail_r": 2}
s02_net|IS|{"be_r": 0.5, "exit_time": 14.0, "sl_k": 0.25, "sl_ref": 1, "tp_r": 1.5}
s02_net|IS|{"be_r": 0.5, "exit_time": 16.0, "sl_k": 0.25, "sl_ref": 1, "tp_r": 1.5}
s02_net|IS|{"be_r": 0.5, "exit_time": 18.0, "sl_k": 0.25, "sl_ref": 1, "tp_r": 1.5}
s02_net|IS|{"be_r": 0.5, "sl_k": 0.25, "sl_ref": 1, "tp_r": 1.5}
s02_net|IS|{"be_r": 0.5, "exit_time": 21.0, "sl_k": 0.25, "sl_ref": 1, "tp_r": 1.5}
s02_net|IS|{"be_r": 0.5, "exit_time": 14.0, "sl_k": 0.25, "sl_ref": 1, "tp_r": 1.5, "trail_r": 0.5}
s02_net|IS|{"be_r": 0.5, "exit_time": 16.0, "sl_k": 0.25, "sl_ref": 1, "tp_r": 1.5, "trail_r": 0.5}
s02_net|IS|{"be_r": 0.5, "exit_time": 18.0, "sl_k": 0.25, "sl_ref": 1, "tp_r": 1.5, "trail_r": 0.5}
s02_net|IS|{"be_r": 0.5, "sl_k": 0.25, "sl_ref": 1, "tp_r": 1.5, "trail_r": 0.5}
s02_net|IS|{"be_r": 0.5, "exit_time": 21.0, "sl_k": 0.25, "sl_ref": 1, "tp_r": 1.5, "trail_r": 0.5}
s02_net|IS|{"be_r": 0.5, "exit_time": 14.0, "sl_k": 0.25, "sl_ref": 1, "tp_r": 1.5, "trail_r": 1}
s02_net|IS|{"be_r": 0.5, "exit_time": 16.0, "sl_k": 0.25, "sl_ref": 1, "tp_r": 1.5, "trail_r": 1}
s02_net|IS|{"be_r": 0.5, "exit_time": 18.0, "sl_k": 0.25, "sl_ref": 1, "tp_r": 1.5, "trail_r": 1}
s02_net|IS|{"be_r": 0.5, "sl_k": 0.25, "sl_ref": 1, "tp_r": 1.5, "trail_r": 1}
s02_net|IS|{"be_r": 0.5, "exit_time": 21.0, "sl_k": 0.25, "sl_ref": 1, "tp_r": 1.5, "trail_r": 1}
s02_net|IS|{"be_r": 0.5, "exit_time": 14.0, "sl_k": 0.25, "sl_ref": 1, "tp_r": 1.5, "trail_r": 1.5}
s02_net|IS|{"be_r": 0.5, "exit_time": 16.0, "sl_k": 0.25, "sl_ref": 1, "tp_r": 1.5, "trail_r": 1.5}
s02_net|IS|{"be_r": 0.5, "exit_time": 18.0, "sl_k": 0.25, "sl_ref": 1, "tp_r": 1.5, "trail_r": 1.5}
s02_net|IS|{"be_r": 0.5, "sl_k": 0.25, "sl_ref": 1, "tp_r": 1.5, "trail_r": 1.5}
s02_net|IS|{"be_r": 0.5, "exit_time": 21.0, "sl_k": 0.25, "sl_ref": 1, "tp_r": 1.5, "trail_r": 1.5}
s02_net|IS|{"be_r": 0.5, "exit_time": 14.0, "sl_k": 0.25, "sl_ref": 1, "tp_r": 1.5, "trail_r": 2}
s02_net|IS|{"be_r": 0.5, "exit_time": 16.0, "sl_k": 0.25, "sl_ref": 1, "tp_r": 1.5, "trail_r": 2}
s02_net|IS|{"be_r": 0.5, "exit_time": 18.0, "sl_k": 0.25, "sl_ref": 1, "tp_r": 1.5, "trail_r": 2}
s02_net|IS|{"be_r": 0.5, "sl_k": 0.25, "sl_ref": 1, "tp_r": 1.5, "trail_r": 2}
s02_net|IS|{"be_r": 0.5, "exit_time": 21.0, "sl_k": 0.25, "sl_ref": 1, "tp_r": 1.5, "trail_r": 2}
s02_net|IS|{"be_r": 1, "exit_time": 14.0, "sl_k": 0.25, "sl_ref": 1, "tp_r": 1.5}
s02_net|IS|{"be_r": 1, "exit_time": 16.0, "sl_k": 0.25, "sl_ref": 1, "tp_r": 1.5}
s02_net|IS|{"be_r": 1, "exit_time": 18.0, "sl_k": 0.25, "sl_ref": 1, "tp_r": 1.5}
s02_net|IS|{"be_r": 1, "sl_k": 0.25, "sl_ref": 1, "tp_r": 1.5}
s02_net|IS|{"be_r": 1, "exit_time": 21.0, "sl_k": 0.25, "sl_ref": 1, "tp_r": 1.5}
s02_net|IS|{"be_r": 1, "exit_time": 14.0, "sl_k": 0.25, "sl_ref": 1, "tp_r": 1.5, "trail_r": 0.5}
s02_net|IS|{"be_r": 1, "exit_time": 16.0, "sl_k": 0.25, "sl_ref": 1, "tp_r": 1.5, "trail_r": 0.5}
s02_net|IS|{"be_r": 1, "exit_time": 18.0, "sl_k": 0.25, "sl_ref": 1, "tp_r": 1.5, "trail_r": 0.5}
s02_net|IS|{"be_r": 1, "sl_k": 0.25, "sl_ref": 1, "tp_r": 1.5, "trail_r": 0.5}
s02_net|IS|{"be_r": 1, "exit_time": 21.0, "sl_k": 0.25, "sl_ref": 1, "tp_r": 1.5, "trail_r": 0.5}
s02_net|IS|{"be_r": 1, "exit_time": 14.0, "sl_k": 0.25, "sl_ref": 1, "tp_r": 1.5, "trail_r": 1}
s02_net|IS|{"be_r": 1, "exit_time": 16.0, "sl_k": 0.25, "sl_ref": 1, "tp_r": 1.5, "trail_r": 1}
s02_net|IS|{"be_r": 1, "exit_time": 18.0, "sl_k": 0.25, "sl_ref": 1, "tp_r": 1.5, "trail_r": 1}
s02_net|IS|{"be_r": 1, "sl_k": 0.25, "sl_ref": 1, "tp_r": 1.5, "trail_r": 1}
s02_net|IS|{"be_r": 1, "exit_time": 21.0, "sl_k": 0.25, "sl_ref": 1, "tp_r": 1.5, "trail_r": 1}
s02_net|IS|{"be_r": 1, "exit_time": 14.0, "sl_k": 0.25, "sl_ref": 1, "tp_r": 1.5, "trail_r": 1.5}
s02_net|IS|{"be_r": 1, "exit_time": 16.0, "sl_k": 0.25, "sl_ref": 1, "tp_r": 1.5, "trail_r": 1.5}
s02_net|IS|{"be_r": 1, "exit_time": 18.0, "sl_k": 0.25, "sl_ref": 1, "tp_r": 1.5, "trail_r": 1.5}
s02_net|IS|{"be_r": 1, "sl_k": 0.25, "sl_ref": 1, "tp_r": 1.5, "trail_r": 1.5}
s02_net|IS|{"be_r": 1, "exit_time": 21.0, "sl_k": 0.25, "sl_ref": 1, "tp_r": 1.5, "trail_r": 1.5}
s02_net|IS|{"be_r": 1, "exit_time": 14.0, "sl_k": 0.25, "sl_ref": 1, "tp_r": 1.5, "trail_r": 2}
s02_net|IS|{"be_r": 1, "exit_time": 16.0, "sl_k": 0.25, "sl_ref": 1, "tp_r": 1.5, "trail_r": 2}
s02_net|IS|{"be_r": 1, "exit_time": 18.0, "sl_k": 0.25, "sl_ref": 1, "tp_r": 1.5, "trail_r": 2}
s02_net|IS|{"be_r": 1, "sl_k": 0.25, "sl_ref": 1, "tp_r": 1.5, "trail_r": 2}
s02_net|IS|{"be_r": 1, "exit_time": 21.0, "sl_k": 0.25, "sl_ref": 1, "tp_r": 1.5, "trail_r": 2}
s02_net|IS|{"exit_time": 14.0, "sl_k": 0.25, "sl_ref": 1, "tp_r": 2}
s02_net|IS|{"exit_time": 16.0, "sl_k": 0.25, "sl_ref": 1, "tp_r": 2}
s02_net|IS|{"exit_time": 18.0, "sl_k": 0.25, "sl_ref": 1, "tp_r": 2}
s02_net|IS|{"sl_k": 0.25, "sl_ref": 1, "tp_r": 2}
s02_net|IS|{"exit_time": 21.0, "sl_k": 0.25, "sl_ref": 1, "tp_r": 2}
s02_net|IS|{"exit_time": 14.0, "sl_k": 0.25, "sl_ref": 1, "tp_r": 2, "trail_r": 0.5}
s02_net|IS|{"exit_time": 16.0, "sl_k": 0.25, "sl_ref": 1, "tp_r": 2, "trail_r": 0.5}
s02_net|IS|{"exit_time": 18.0, "sl_k": 0.25, "sl_ref": 1, "tp_r": 2, "trail_r": 0.5}
s02_net|IS|{"sl_k": 0.25, "sl_ref": 1, "tp_r": 2, "trail_r": 0.5}
s02_net|IS|{"exit_time": 21.0, "sl_k": 0.25, "sl_ref": 1, "tp_r": 2, "trail_r": 0.5}
s02_net|IS|{"exit_time": 14.0, "sl_k": 0.25, "sl_ref": 1, "tp_r": 2, "trail_r": 1}
s02_net|IS|{"exit_time": 16.0, "sl_k": 0.25, "sl_ref": 1, "tp_r": 2, "trail_r": 1}
s02_net|IS|{"exit_time": 18.0, "sl_k": 0.25, "sl_ref": 1, "tp_r": 2, "trail_r": 1}
s02_net|IS|{"sl_k": 0.25, "sl_ref": 1, "tp_r": 2, "trail_r": 1}
s02_net|IS|{"exit_time": 21.0, "sl_k": 0.25, "sl_ref": 1, "tp_r": 2, "trail_r": 1}
s02_net|IS|{"exit_time": 14.0, "sl_k": 0.25, "sl_ref": 1, "tp_r": 2, "trail_r": 1.5}
s02_net|IS|{"exit_time": 16.0, "sl_k": 0.25, "sl_ref": 1, "tp_r": 2, "trail_r": 1.5}
s02_net|IS|{"exit_time": 18.0, "sl_k": 0.25, "sl_ref": 1, "tp_r": 2, "trail_r": 1.5}
s02_net|IS|{"sl_k": 0.25, "sl_ref": 1, "tp_r": 2, "trail_r": 1.5}
s02_net|IS|{"exit_time": 21.0, "sl_k": 0.25, "sl_ref": 1, "tp_r": 2, "trail_r": 1.5}
s02_net|IS|{"exit_time": 14.0, "sl_k": 0.25, "sl_ref": 1, "tp_r": 2, "trail_r": 2}
s02_net|IS|{"exit_time": 16.0, "sl_k": 0.25, "sl_ref": 1, "tp_r": 2, "trail_r": 2}
s02_net|IS|{"exit_time": 18.0, "sl_k": 0.25, "sl_ref": 1, "tp_r": 2, "trail_r": 2}
s02_net|IS|{"sl_k": 0.25, "sl_ref": 1, "tp_r": 2, "trail_r": 2}
s02_net|IS|{"exit_time": 21.0, "sl_k": 0.25, "sl_ref": 1, "tp_r": 2, "trail_r": 2}
s02_net|IS|{"be_r": 0.5, "exit_time": 14.0, "sl_k": 0.25, "sl_ref": 1, "tp_r": 2}
s02_net|IS|{"be_r": 0.5, "exit_time": 16.0, "sl_k": 0.25, "sl_ref": 1, "tp_r": 2}
s02_net|IS|{"be_r": 0.5, "exit_time": 18.0, "sl_k": 0.25, "sl_ref": 1, "tp_r": 2}
s02_net|IS|{"be_r": 0.5, "sl_k": 0.25, "sl_ref": 1, "tp_r": 2}
s02_net|IS|{"be_r": 0.5, "exit_time": 21.0, "sl_k": 0.25, "sl_ref": 1, "tp_r": 2}
s02_net|IS|{"be_r": 0.5, "exit_time": 14.0, "sl_k": 0.25, "sl_ref": 1, "tp_r": 2, "trail_r": 0.5}
s02_net|IS|{"be_r": 0.5, "exit_time": 16.0, "sl_k": 0.25, "sl_ref": 1, "tp_r": 2, "trail_r": 0.5}
s02_net|IS|{"be_r": 0.5, "exit_time": 18.0, "sl_k": 0.25, "sl_ref": 1, "tp_r": 2, "trail_r": 0.5}
s02_net|IS|{"be_r": 0.5, "sl_k": 0.25, "sl_ref": 1, "tp_r": 2, "trail_r": 0.5}
s02_net|IS|{"be_r": 0.5, "exit_time": 21.0, "sl_k": 0.25, "sl_ref": 1, "tp_r": 2, "trail_r": 0.5}
s02_net|IS|{"be_r": 0.5, "exit_time": 14.0, "sl_k": 0.25, "sl_ref": 1, "tp_r": 2, "trail_r": 1}
s02_net|IS|{"be_r": 0.5, "exit_time": 16.0, "sl_k": 0.25, "sl_ref": 1, "tp_r": 2, "trail_r": 1}
s02_net|IS|{"be_r": 0.5, "exit_time": 18.0, "sl_k": 0.25, "sl_ref": 1, "tp_r": 2, "trail_r": 1}
s02_net|IS|{"be_r": 0.5, "sl_k": 0.25, "sl_ref": 1, "tp_r": 2, "trail_r": 1}
s02_net|IS|{"be_r": 0.5, "exit_time": 21.0, "sl_k": 0.25, "sl_ref": 1, "tp_r": 2, "trail_r": 1}
s02_net|IS|{"be_r": 0.5, "exit_time": 14.0, "sl_k": 0.25, "sl_ref": 1, "tp_r": 2, "trail_r": 1.5}
s02_net|IS|{"be_r": 0.5, "exit_time": 16.0, "sl_k": 0.25, "sl_ref": 1, "tp_r": 2, "trail_r": 1.5}
s02_net|IS|{"be_r": 0.5, "exit_time": 18.0, "sl_k": 0.25, "sl_ref": 1, "tp_r": 2, "trail_r": 1.5}
s02_net|IS|{"be_r": 0.5, "sl_k": 0.25, "sl_ref": 1, "tp_r": 2, "trail_r": 1.5}
s02_net|IS|{"be_r": 0.5, "exit_time": 21.0, "sl_k": 0.25, "sl_ref": 1, "tp_r": 2, "trail_r": 1.5}
s02_net|IS|{"be_r": 0.5, "exit_time": 14.0, "sl_k": 0.25, "sl_ref": 1, "tp_r": 2, "trail_r": 2}
s02_net|IS|{"be_r": 0.5, "exit_time": 16.0, "sl_k": 0.25, "sl_ref": 1, "tp_r": 2, "trail_r": 2}
s02_net|IS|{"be_r": 0.5, "exit_time": 18.0, "sl_k": 0.25, "sl_ref": 1, "tp_r": 2, "trail_r": 2}
s02_net|IS|{"be_r": 0.5, "sl_k": 0.25, "sl_ref": 1, "tp_r": 2, "trail_r": 2}
s02_net|IS|{"be_r": 0.5, "exit_time": 21.0, "sl_k": 0.25, "sl_ref": 1, "tp_r": 2, "trail_r": 2}
s02_net|IS|{"be_r": 1, "exit_time": 14.0, "sl_k": 0.25, "sl_ref": 1, "tp_r": 2}
s02_net|IS|{"be_r": 1, "exit_time": 16.0, "sl_k": 0.25, "sl_ref": 1, "tp_r": 2}
s02_net|IS|{"be_r": 1, "exit_time": 18.0, "sl_k": 0.25, "sl_ref": 1, "tp_r": 2}
s02_net|IS|{"be_r": 1, "sl_k": 0.25, "sl_ref": 1, "tp_r": 2}
s02_net|IS|{"be_r": 1, "exit_time": 21.0, "sl_k": 0.25, "sl_ref": 1, "tp_r": 2}
s02_net|IS|{"be_r": 1, "exit_time": 14.0, "sl_k": 0.25, "sl_ref": 1, "tp_r": 2, "trail_r": 0.5}
s02_net|IS|{"be_r": 1, "exit_time": 16.0, "sl_k": 0.25, "sl_ref": 1, "tp_r": 2, "trail_r": 0.5}
s02_net|IS|{"be_r": 1, "exit_time": 18.0, "sl_k": 0.25, "sl_ref": 1, "tp_r": 2, "trail_r": 0.5}
s02_net|IS|{"be_r": 1, "sl_k": 0.25, "sl_ref": 1, "tp_r": 2, "trail_r": 0.5}
s02_net|IS|{"be_r": 1, "exit_time": 21.0, "sl_k": 0.25, "sl_ref": 1, "tp_r": 2, "trail_r": 0.5}
s02_net|IS|{"be_r": 1, "exit_time": 14.0, "sl_k": 0.25, "sl_ref": 1, "tp_r": 2, "trail_r": 1}
s02_net|IS|{"be_r": 1, "exit_time": 16.0, "sl_k": 0.25, "sl_ref": 1, "tp_r": 2, "trail_r": 1}
s02_net|IS|{"be_r": 1, "exit_time": 18.0, "sl_k": 0.25, "sl_ref": 1, "tp_r": 2, "trail_r": 1}
s02_net|IS|{"be_r": 1, "sl_k": 0.25, "sl_ref": 1, "tp_r": 2, "trail_r": 1}
s02_net|IS|{"be_r": 1, "exit_time": 21.0, "sl_k": 0.25, "sl_ref": 1, "tp_r": 2, "trail_r": 1}
s02_net|IS|{"be_r": 1, "exit_time": 14.0, "sl_k": 0.25, "sl_ref": 1, "tp_r": 2, "trail_r": 1.5}
s02_net|IS|{"be_r": 1, "exit_time": 16.0, "sl_k": 0.25, "sl_ref": 1, "tp_r": 2, "trail_r": 1.5}
s02_net|IS|{"be_r": 1, "exit_time": 18.0, "sl_k": 0.25, "sl_ref": 1, "tp_r": 2, "trail_r": 1.5}
s02_net|IS|{"be_r": 1, "sl_k": 0.25, "sl_ref": 1, "tp_r": 2, "trail_r": 1.5}
s02_net|IS|{"be_r": 1, "exit_time": 21.0, "sl_k": 0.25, "sl_ref": 1, "tp_r": 2, "trail_r": 1.5}
s02_net|IS|{"be_r": 1, "exit_time": 14.0, "sl_k": 0.25, "sl_ref": 1, "tp_r": 2, "trail_r": 2}
s02_net|IS|{"be_r": 1, "exit_time": 16.0, "sl_k": 0.25, "sl_ref": 1, "tp_r": 2, "trail_r": 2}
s02_net|IS|{"be_r": 1, "exit_time": 18.0, "sl_k": 0.25, "sl_ref": 1, "tp_r": 2, "trail_r": 2}
s02_net|IS|{"be_r": 1, "sl_k": 0.25, "sl_ref": 1, "tp_r": 2, "trail_r": 2}
s02_net|IS|{"be_r": 1, "exit_time": 21.0, "sl_k": 0.25, "sl_ref": 1, "tp_r": 2, "trail_r": 2}
s02_net|IS|{"exit_time": 14.0, "sl_k": 0.25, "sl_ref": 1, "tp_r": 3}
s02_net|IS|{"exit_time": 16.0, "sl_k": 0.25, "sl_ref": 1, "tp_r": 3}
s02_net|IS|{"exit_time": 18.0, "sl_k": 0.25, "sl_ref": 1, "tp_r": 3}
s02_net|IS|{"sl_k": 0.25, "sl_ref": 1, "tp_r": 3}
s02_net|IS|{"exit_time": 21.0, "sl_k": 0.25, "sl_ref": 1, "tp_r": 3}
s02_net|IS|{"exit_time": 14.0, "sl_k": 0.25, "sl_ref": 1, "tp_r": 3, "trail_r": 0.5}
s02_net|IS|{"exit_time": 16.0, "sl_k": 0.25, "sl_ref": 1, "tp_r": 3, "trail_r": 0.5}
s02_net|IS|{"exit_time": 18.0, "sl_k": 0.25, "sl_ref": 1, "tp_r": 3, "trail_r": 0.5}
s02_net|IS|{"sl_k": 0.25, "sl_ref": 1, "tp_r": 3, "trail_r": 0.5}
s02_net|IS|{"exit_time": 21.0, "sl_k": 0.25, "sl_ref": 1, "tp_r": 3, "trail_r": 0.5}
s02_net|IS|{"exit_time": 14.0, "sl_k": 0.25, "sl_ref": 1, "tp_r": 3, "trail_r": 1}
s02_net|IS|{"exit_time": 16.0, "sl_k": 0.25, "sl_ref": 1, "tp_r": 3, "trail_r": 1}
s02_net|IS|{"exit_time": 18.0, "sl_k": 0.25, "sl_ref": 1, "tp_r": 3, "trail_r": 1}
s02_net|IS|{"sl_k": 0.25, "sl_ref": 1, "tp_r": 3, "trail_r": 1}
s02_net|IS|{"exit_time": 21.0, "sl_k": 0.25, "sl_ref": 1, "tp_r": 3, "trail_r": 1}
s02_net|IS|{"exit_time": 14.0, "sl_k": 0.25, "sl_ref": 1, "tp_r": 3, "trail_r": 1.5}
s02_net|IS|{"exit_time": 16.0, "sl_k": 0.25, "sl_ref": 1, "tp_r": 3, "trail_r": 1.5}
s02_net|IS|{"exit_time": 18.0, "sl_k": 0.25, "sl_ref": 1, "tp_r": 3, "trail_r": 1.5}
s02_net|IS|{"sl_k": 0.25, "sl_ref": 1, "tp_r": 3, "trail_r": 1.5}
s02_net|IS|{"exit_time": 21.0, "sl_k": 0.25, "sl_ref": 1, "tp_r": 3, "trail_r": 1.5}
s02_net|IS|{"exit_time": 14.0, "sl_k": 0.25, "sl_ref": 1, "tp_r": 3, "trail_r": 2}
s02_net|IS|{"exit_time": 16.0, "sl_k": 0.25, "sl_ref": 1, "tp_r": 3, "trail_r": 2}
s02_net|IS|{"exit_time": 18.0, "sl_k": 0.25, "sl_ref": 1, "tp_r": 3, "trail_r": 2}
s02_net|IS|{"sl_k": 0.25, "sl_ref": 1, "tp_r": 3, "trail_r": 2}
s02_net|IS|{"exit_time": 21.0, "sl_k": 0.25, "sl_ref": 1, "tp_r": 3, "trail_r": 2}
s02_net|IS|{"be_r": 0.5, "exit_time": 14.0, "sl_k": 0.25, "sl_ref": 1, "tp_r": 3}
s02_net|IS|{"be_r": 0.5, "exit_time": 16.0, "sl_k": 0.25, "sl_ref": 1, "tp_r": 3}
s02_net|IS|{"be_r": 0.5, "exit_time": 18.0, "sl_k": 0.25, "sl_ref": 1, "tp_r": 3}
s02_net|IS|{"be_r": 0.5, "sl_k": 0.25, "sl_ref": 1, "tp_r": 3}
s02_net|IS|{"be_r": 0.5, "exit_time": 21.0, "sl_k": 0.25, "sl_ref": 1, "tp_r": 3}
s02_net|IS|{"be_r": 0.5, "exit_time": 14.0, "sl_k": 0.25, "sl_ref": 1, "tp_r": 3, "trail_r": 0.5}
s02_net|IS|{"be_r": 0.5, "exit_time": 16.0, "sl_k": 0.25, "sl_ref": 1, "tp_r": 3, "trail_r": 0.5}
s02_net|IS|{"be_r": 0.5, "exit_time": 18.0, "sl_k": 0.25, "sl_ref": 1, "tp_r": 3, "trail_r": 0.5}
s02_net|IS|{"be_r": 0.5, "sl_k": 0.25, "sl_ref": 1, "tp_r": 3, "trail_r": 0.5}
s02_net|IS|{"be_r": 0.5, "exit_time": 21.0, "sl_k": 0.25, "sl_ref": 1, "tp_r": 3, "trail_r": 0.5}
s02_net|IS|{"be_r": 0.5, "exit_time": 14.0, "sl_k": 0.25, "sl_ref": 1, "tp_r": 3, "trail_r": 1}
s02_net|IS|{"be_r": 0.5, "exit_time": 16.0, "sl_k": 0.25, "sl_ref": 1, "tp_r": 3, "trail_r": 1}
s02_net|IS|{"be_r": 0.5, "exit_time": 18.0, "sl_k": 0.25, "sl_ref": 1, "tp_r": 3, "trail_r": 1}
s02_net|IS|{"be_r": 0.5, "sl_k": 0.25, "sl_ref": 1, "tp_r": 3, "trail_r": 1}
s02_net|IS|{"be_r": 0.5, "exit_time": 21.0, "sl_k": 0.25, "sl_ref": 1, "tp_r": 3, "trail_r": 1}
s02_net|IS|{"be_r": 0.5, "exit_time": 14.0, "sl_k": 0.25, "sl_ref": 1, "tp_r": 3, "trail_r": 1.5}
s02_net|IS|{"be_r": 0.5, "exit_time": 16.0, "sl_k": 0.25, "sl_ref": 1, "tp_r": 3, "trail_r": 1.5}
s02_net|IS|{"be_r": 0.5, "exit_time": 18.0, "sl_k": 0.25, "sl_ref": 1, "tp_r": 3, "trail_r": 1.5}
s02_net|IS|{"be_r": 0.5, "sl_k": 0.25, "sl_ref": 1, "tp_r": 3, "trail_r": 1.5}
s02_net|IS|{"be_r": 0.5, "exit_time": 21.0, "sl_k": 0.25, "sl_ref": 1, "tp_r": 3, "trail_r": 1.5}
s02_net|IS|{"be_r": 0.5, "exit_time": 14.0, "sl_k": 0.25, "sl_ref": 1, "tp_r": 3, "trail_r": 2}
s02_net|IS|{"be_r": 0.5, "exit_time": 16.0, "sl_k": 0.25, "sl_ref": 1, "tp_r": 3, "trail_r": 2}
s02_net|IS|{"be_r": 0.5, "exit_time": 18.0, "sl_k": 0.25, "sl_ref": 1, "tp_r": 3, "trail_r": 2}
s02_net|IS|{"be_r": 0.5, "sl_k": 0.25, "sl_ref": 1, "tp_r": 3, "trail_r": 2}
s02_net|IS|{"be_r": 0.5, "exit_time": 21.0, "sl_k": 0.25, "sl_ref": 1, "tp_r": 3, "trail_r": 2}
s02_net|IS|{"be_r": 1, "exit_time": 14.0, "sl_k": 0.25, "sl_ref": 1, "tp_r": 3}
s02_net|IS|{"be_r": 1, "exit_time": 16.0, "sl_k": 0.25, "sl_ref": 1, "tp_r": 3}
s02_net|IS|{"be_r": 1, "exit_time": 18.0, "sl_k": 0.25, "sl_ref": 1, "tp_r": 3}
s02_net|IS|{"be_r": 1, "sl_k": 0.25, "sl_ref": 1, "tp_r": 3}
s02_net|IS|{"be_r": 1, "exit_time": 21.0, "sl_k": 0.25, "sl_ref": 1, "tp_r": 3}
s02_net|IS|{"be_r": 1, "exit_time": 14.0, "sl_k": 0.25, "sl_ref": 1, "tp_r": 3, "trail_r": 0.5}
s02_net|IS|{"be_r": 1, "exit_time": 16.0, "sl_k": 0.25, "sl_ref": 1, "tp_r": 3, "trail_r": 0.5}
s02_net|IS|{"be_r": 1, "exit_time": 18.0, "sl_k": 0.25, "sl_ref": 1, "tp_r": 3, "trail_r": 0.5}
s02_net|IS|{"be_r": 1, "sl_k": 0.25, "sl_ref": 1, "tp_r": 3, "trail_r": 0.5}
s02_net|IS|{"be_r": 1, "exit_time": 21.0, "sl_k": 0.25, "sl_ref": 1, "tp_r": 3, "trail_r": 0.5}
s02_net|IS|{"be_r": 1, "exit_time": 14.0, "sl_k": 0.25, "sl_ref": 1, "tp_r": 3, "trail_r": 1}
s02_net|IS|{"be_r": 1, "exit_time": 16.0, "sl_k": 0.25, "sl_ref": 1, "tp_r": 3, "trail_r": 1}
s02_net|IS|{"be_r": 1, "exit_time": 18.0, "sl_k": 0.25, "sl_ref": 1, "tp_r": 3, "trail_r": 1}
s02_net|IS|{"be_r": 1, "sl_k": 0.25, "sl_ref": 1, "tp_r": 3, "trail_r": 1}
s02_net|IS|{"be_r": 1, "exit_time": 21.0, "sl_k": 0.25, "sl_ref": 1, "tp_r": 3, "trail_r": 1}
s02_net|IS|{"be_r": 1, "exit_time": 14.0, "sl_k": 0.25, "sl_ref": 1, "tp_r": 3, "trail_r": 1.5}
s02_net|IS|{"be_r": 1, "exit_time": 16.0, "sl_k": 0.25, "sl_ref": 1, "tp_r": 3, "trail_r": 1.5}
s02_net|IS|{"be_r": 1, "exit_time": 18.0, "sl_k": 0.25, "sl_ref": 1, "tp_r": 3, "trail_r": 1.5}
s02_net|IS|{"be_r": 1, "sl_k": 0.25, "sl_ref": 1, "tp_r": 3, "trail_r": 1.5}
s02_net|IS|{"be_r": 1, "exit_time": 21.0, "sl_k": 0.25, "sl_ref": 1, "tp_r": 3, "trail_r": 1.5}
s02_net|IS|{"be_r": 1, "exit_time": 14.0, "sl_k": 0.25, "sl_ref": 1, "tp_r": 3, "trail_r": 2}
s02_net|IS|{"be_r": 1, "exit_time": 16.0, "sl_k": 0.25, "sl_ref": 1, "tp_r": 3, "trail_r": 2}
s02_net|IS|{"be_r": 1, "exit_time": 18.0, "sl_k": 0.25, "sl_ref": 1, "tp_r": 3, "trail_r": 2}
s02_net|IS|{"be_r": 1, "sl_k": 0.25, "sl_ref": 1, "tp_r": 3, "trail_r": 2}
s02_net|IS|{"be_r": 1, "exit_time": 21.0, "sl_k": 0.25, "sl_ref": 1, "tp_r": 3, "trail_r": 2}
s02_net|IS|{"exit_time": 14.0, "sl_k": 0.25, "sl_ref": 1, "tp_r": 4}
s02_net|IS|{"exit_time": 16.0, "sl_k": 0.25, "sl_ref": 1, "tp_r": 4}
s02_net|IS|{"exit_time": 18.0, "sl_k": 0.25, "sl_ref": 1, "tp_r": 4}
s02_net|IS|{"sl_k": 0.25, "sl_ref": 1, "tp_r": 4}
s02_net|IS|{"exit_time": 21.0, "sl_k": 0.25, "sl_ref": 1, "tp_r": 4}
s02_net|IS|{"exit_time": 14.0, "sl_k": 0.25, "sl_ref": 1, "tp_r": 4, "trail_r": 0.5}
s02_net|IS|{"exit_time": 16.0, "sl_k": 0.25, "sl_ref": 1, "tp_r": 4, "trail_r": 0.5}
s02_net|IS|{"exit_time": 18.0, "sl_k": 0.25, "sl_ref": 1, "tp_r": 4, "trail_r": 0.5}
s02_net|IS|{"sl_k": 0.25, "sl_ref": 1, "tp_r": 4, "trail_r": 0.5}
s02_net|IS|{"exit_time": 21.0, "sl_k": 0.25, "sl_ref": 1, "tp_r": 4, "trail_r": 0.5}
s02_net|IS|{"exit_time": 14.0, "sl_k": 0.25, "sl_ref": 1, "tp_r": 4, "trail_r": 1}
s02_net|IS|{"exit_time": 16.0, "sl_k": 0.25, "sl_ref": 1, "tp_r": 4, "trail_r": 1}
s02_net|IS|{"exit_time": 18.0, "sl_k": 0.25, "sl_ref": 1, "tp_r": 4, "trail_r": 1}
s02_net|IS|{"sl_k": 0.25, "sl_ref": 1, "tp_r": 4, "trail_r": 1}
s02_net|IS|{"exit_time": 21.0, "sl_k": 0.25, "sl_ref": 1, "tp_r": 4, "trail_r": 1}
s02_net|IS|{"exit_time": 14.0, "sl_k": 0.25, "sl_ref": 1, "tp_r": 4, "trail_r": 1.5}
s02_net|IS|{"exit_time": 16.0, "sl_k": 0.25, "sl_ref": 1, "tp_r": 4, "trail_r": 1.5}
s02_net|IS|{"exit_time": 18.0, "sl_k": 0.25, "sl_ref": 1, "tp_r": 4, "trail_r": 1.5}
s02_net|IS|{"sl_k": 0.25, "sl_ref": 1, "tp_r": 4, "trail_r": 1.5}
s02_net|IS|{"exit_time": 21.0, "sl_k": 0.25, "sl_ref": 1, "tp_r": 4, "trail_r": 1.5}
s02_net|IS|{"exit_time": 14.0, "sl_k": 0.25, "sl_ref": 1, "tp_r": 4, "trail_r": 2}
s02_net|IS|{"exit_time": 16.0, "sl_k": 0.25, "sl_ref": 1, "tp_r": 4, "trail_r": 2}
s02_net|IS|{"exit_time": 18.0, "sl_k": 0.25, "sl_ref": 1, "tp_r": 4, "trail_r": 2}
s02_net|IS|{"sl_k": 0.25, "sl_ref": 1, "tp_r": 4, "trail_r": 2}
s02_net|IS|{"exit_time": 21.0, "sl_k": 0.25, "sl_ref": 1, "tp_r": 4, "trail_r": 2}
s02_net|IS|{"be_r": 0.5, "exit_time": 14.0, "sl_k": 0.25, "sl_ref": 1, "tp_r": 4}
s02_net|IS|{"be_r": 0.5, "exit_time": 16.0, "sl_k": 0.25, "sl_ref": 1, "tp_r": 4}
s02_net|IS|{"be_r": 0.5, "exit_time": 18.0, "sl_k": 0.25, "sl_ref": 1, "tp_r": 4}
s02_net|IS|{"be_r": 0.5, "sl_k": 0.25, "sl_ref": 1, "tp_r": 4}
s02_net|IS|{"be_r": 0.5, "exit_time": 21.0, "sl_k": 0.25, "sl_ref": 1, "tp_r": 4}
s02_net|IS|{"be_r": 0.5, "exit_time": 14.0, "sl_k": 0.25, "sl_ref": 1, "tp_r": 4, "trail_r": 0.5}
s02_net|IS|{"be_r": 0.5, "exit_time": 16.0, "sl_k": 0.25, "sl_ref": 1, "tp_r": 4, "trail_r": 0.5}
s02_net|IS|{"be_r": 0.5, "exit_time": 18.0, "sl_k": 0.25, "sl_ref": 1, "tp_r": 4, "trail_r": 0.5}
s02_net|IS|{"be_r": 0.5, "sl_k": 0.25, "sl_ref": 1, "tp_r": 4, "trail_r": 0.5}
s02_net|IS|{"be_r": 0.5, "exit_time": 21.0, "sl_k": 0.25, "sl_ref": 1, "tp_r": 4, "trail_r": 0.5}
s02_net|IS|{"be_r": 0.5, "exit_time": 14.0, "sl_k": 0.25, "sl_ref": 1, "tp_r": 4, "trail_r": 1}
s02_net|IS|{"be_r": 0.5, "exit_time": 16.0, "sl_k": 0.25, "sl_ref": 1, "tp_r": 4, "trail_r": 1}
s02_net|IS|{"be_r": 0.5, "exit_time": 18.0, "sl_k": 0.25, "sl_ref": 1, "tp_r": 4, "trail_r": 1}
s02_net|IS|{"be_r": 0.5, "sl_k": 0.25, "sl_ref": 1, "tp_r": 4, "trail_r": 1}
s02_net|IS|{"be_r": 0.5, "exit_time": 21.0, "sl_k": 0.25, "sl_ref": 1, "tp_r": 4, "trail_r": 1}
s02_net|IS|{"be_r": 0.5, "exit_time": 14.0, "sl_k": 0.25, "sl_ref": 1, "tp_r": 4, "trail_r": 1.5}
s02_net|IS|{"be_r": 0.5, "exit_time": 16.0, "sl_k": 0.25, "sl_ref": 1, "tp_r": 4, "trail_r": 1.5}
s02_net|IS|{"be_r": 0.5, "exit_time": 18.0, "sl_k": 0.25, "sl_ref": 1, "tp_r": 4, "trail_r": 1.5}
s02_net|IS|{"be_r": 0.5, "sl_k": 0.25, "sl_ref": 1, "tp_r": 4, "trail_r": 1.5}
s02_net|IS|{"be_r": 0.5, "exit_time": 21.0, "sl_k": 0.25, "sl_ref": 1, "tp_r": 4, "trail_r": 1.5}
s02_net|IS|{"be_r": 0.5, "exit_time": 14.0, "sl_k": 0.25, "sl_ref": 1, "tp_r": 4, "trail_r": 2}
s02_net|IS|{"be_r": 0.5, "exit_time": 16.0, "sl_k": 0.25, "sl_ref": 1, "tp_r": 4, "trail_r": 2}
s02_net|IS|{"be_r": 0.5, "exit_time": 18.0, "sl_k": 0.25, "sl_ref": 1, "tp_r": 4, "trail_r": 2}
s02_net|IS|{"be_r": 0.5, "sl_k": 0.25, "sl_ref": 1, "tp_r": 4, "trail_r": 2}
s02_net|IS|{"be_r": 0.5, "exit_time": 21.0, "sl_k": 0.25, "sl_ref": 1, "tp_r": 4, "trail_r": 2}
s02_net|IS|{"be_r": 1, "exit_time": 14.0, "sl_k": 0.25, "sl_ref": 1, "tp_r": 4}
s02_net|IS|{"be_r": 1, "exit_time": 16.0, "sl_k": 0.25, "sl_ref": 1, "tp_r": 4}
s02_net|IS|{"be_r": 1, "exit_time": 18.0, "sl_k": 0.25, "sl_ref": 1, "tp_r": 4}
s02_net|IS|{"be_r": 1, "sl_k": 0.25, "sl_ref": 1, "tp_r": 4}
s02_net|IS|{"be_r": 1, "exit_time": 21.0, "sl_k": 0.25, "sl_ref": 1, "tp_r": 4}
s02_net|IS|{"be_r": 1, "exit_time": 14.0, "sl_k": 0.25, "sl_ref": 1, "tp_r": 4, "trail_r": 0.5}
s02_net|IS|{"be_r": 1, "exit_time": 16.0, "sl_k": 0.25, "sl_ref": 1, "tp_r": 4, "trail_r": 0.5}
s02_net|IS|{"be_r": 1, "exit_time": 18.0, "sl_k": 0.25, "sl_ref": 1, "tp_r": 4, "trail_r": 0.5}
s02_net|IS|{"be_r": 1, "sl_k": 0.25, "sl_ref": 1, "tp_r": 4, "trail_r": 0.5}
s02_net|IS|{"be_r": 1, "exit_time": 21.0, "sl_k": 0.25, "sl_ref": 1, "tp_r": 4, "trail_r": 0.5}
s02_net|IS|{"be_r": 1, "exit_time": 14.0, "sl_k": 0.25, "sl_ref": 1, "tp_r": 4, "trail_r": 1}
s02_net|IS|{"be_r": 1, "exit_time": 16.0, "sl_k": 0.25, "sl_ref": 1, "tp_r": 4, "trail_r": 1}
s02_net|IS|{"be_r": 1, "exit_time": 18.0, "sl_k": 0.25, "sl_ref": 1, "tp_r": 4, "trail_r": 1}
s02_net|IS|{"be_r": 1, "sl_k": 0.25, "sl_ref": 1, "tp_r": 4, "trail_r": 1}
s02_net|IS|{"be_r": 1, "exit_time": 21.0, "sl_k": 0.25, "sl_ref": 1, "tp_r": 4, "trail_r": 1}
s02_net|IS|{"be_r": 1, "exit_time": 14.0, "sl_k": 0.25, "sl_ref": 1, "tp_r": 4, "trail_r": 1.5}
s02_net|IS|{"be_r": 1, "exit_time": 16.0, "sl_k": 0.25, "sl_ref": 1, "tp_r": 4, "trail_r": 1.5}
s02_net|IS|{"be_r": 1, "exit_time": 18.0, "sl_k": 0.25, "sl_ref": 1, "tp_r": 4, "trail_r": 1.5}
s02_net|IS|{"be_r": 1, "sl_k": 0.25, "sl_ref": 1, "tp_r": 4, "trail_r": 1.5}
s02_net|IS|{"be_r": 1, "exit_time": 21.0, "sl_k": 0.25, "sl_ref": 1, "tp_r": 4, "trail_r": 1.5}
s02_net|IS|{"be_r": 1, "exit_time": 14.0, "sl_k": 0.25, "sl_ref": 1, "tp_r": 4, "trail_r": 2}
s02_net|IS|{"be_r": 1, "exit_time": 16.0, "sl_k": 0.25, "sl_ref": 1, "tp_r": 4, "trail_r": 2}
s02_net|IS|{"be_r": 1, "exit_time": 18.0, "sl_k": 0.25, "sl_ref": 1, "tp_r": 4, "trail_r": 2}
s02_net|IS|{"be_r": 1, "sl_k": 0.25, "sl_ref": 1, "tp_r": 4, "trail_r": 2}
s02_net|IS|{"be_r": 1, "exit_time": 21.0, "sl_k": 0.25, "sl_ref": 1, "tp_r": 4, "trail_r": 2}
s02_net|IS|{"exit_time": 14.0, "sl_k": 0.35, "sl_ref": 1}
s02_net|IS|{"exit_time": 16.0, "sl_k": 0.35, "sl_ref": 1}
s02_net|IS|{"exit_time": 18.0, "sl_k": 0.35, "sl_ref": 1}
s02_net|IS|{"sl_k": 0.35, "sl_ref": 1}
s02_net|IS|{"exit_time": 21.0, "sl_k": 0.35, "sl_ref": 1}
s02_net|IS|{"exit_time": 14.0, "sl_k": 0.35, "sl_ref": 1, "trail_r": 0.5}
s02_net|IS|{"exit_time": 16.0, "sl_k": 0.35, "sl_ref": 1, "trail_r": 0.5}
s02_net|IS|{"exit_time": 18.0, "sl_k": 0.35, "sl_ref": 1, "trail_r": 0.5}
s02_net|IS|{"sl_k": 0.35, "sl_ref": 1, "trail_r": 0.5}
s02_net|IS|{"exit_time": 21.0, "sl_k": 0.35, "sl_ref": 1, "trail_r": 0.5}
s02_net|IS|{"exit_time": 14.0, "sl_k": 0.35, "sl_ref": 1, "trail_r": 1}
s02_net|IS|{"exit_time": 16.0, "sl_k": 0.35, "sl_ref": 1, "trail_r": 1}
s02_net|IS|{"exit_time": 18.0, "sl_k": 0.35, "sl_ref": 1, "trail_r": 1}
s02_net|IS|{"sl_k": 0.35, "sl_ref": 1, "trail_r": 1}
s02_net|IS|{"exit_time": 21.0, "sl_k": 0.35, "sl_ref": 1, "trail_r": 1}
s02_net|IS|{"exit_time": 14.0, "sl_k": 0.35, "sl_ref": 1, "trail_r": 1.5}
s02_net|IS|{"exit_time": 16.0, "sl_k": 0.35, "sl_ref": 1, "trail_r": 1.5}
s02_net|IS|{"exit_time": 18.0, "sl_k": 0.35, "sl_ref": 1, "trail_r": 1.5}
s02_net|IS|{"sl_k": 0.35, "sl_ref": 1, "trail_r": 1.5}
s02_net|IS|{"exit_time": 21.0, "sl_k": 0.35, "sl_ref": 1, "trail_r": 1.5}
s02_net|IS|{"exit_time": 14.0, "sl_k": 0.35, "sl_ref": 1, "trail_r": 2}
s02_net|IS|{"exit_time": 16.0, "sl_k": 0.35, "sl_ref": 1, "trail_r": 2}
s02_net|IS|{"exit_time": 18.0, "sl_k": 0.35, "sl_ref": 1, "trail_r": 2}
s02_net|IS|{"sl_k": 0.35, "sl_ref": 1, "trail_r": 2}
s02_net|IS|{"exit_time": 21.0, "sl_k": 0.35, "sl_ref": 1, "trail_r": 2}
s02_net|IS|{"be_r": 0.5, "exit_time": 14.0, "sl_k": 0.35, "sl_ref": 1}
s02_net|IS|{"be_r": 0.5, "exit_time": 16.0, "sl_k": 0.35, "sl_ref": 1}
s02_net|IS|{"be_r": 0.5, "exit_time": 18.0, "sl_k": 0.35, "sl_ref": 1}
s02_net|IS|{"be_r": 0.5, "sl_k": 0.35, "sl_ref": 1}
s02_net|IS|{"be_r": 0.5, "exit_time": 21.0, "sl_k": 0.35, "sl_ref": 1}
s02_net|IS|{"be_r": 0.5, "exit_time": 14.0, "sl_k": 0.35, "sl_ref": 1, "trail_r": 0.5}
s02_net|IS|{"be_r": 0.5, "exit_time": 16.0, "sl_k": 0.35, "sl_ref": 1, "trail_r": 0.5}
s02_net|IS|{"be_r": 0.5, "exit_time": 18.0, "sl_k": 0.35, "sl_ref": 1, "trail_r": 0.5}
s02_net|IS|{"be_r": 0.5, "sl_k": 0.35, "sl_ref": 1, "trail_r": 0.5}
s02_net|IS|{"be_r": 0.5, "exit_time": 21.0, "sl_k": 0.35, "sl_ref": 1, "trail_r": 0.5}
s02_net|IS|{"be_r": 0.5, "exit_time": 14.0, "sl_k": 0.35, "sl_ref": 1, "trail_r": 1}
s02_net|IS|{"be_r": 0.5, "exit_time": 16.0, "sl_k": 0.35, "sl_ref": 1, "trail_r": 1}
s02_net|IS|{"be_r": 0.5, "exit_time": 18.0, "sl_k": 0.35, "sl_ref": 1, "trail_r": 1}
s02_net|IS|{"be_r": 0.5, "sl_k": 0.35, "sl_ref": 1, "trail_r": 1}
s02_net|IS|{"be_r": 0.5, "exit_time": 21.0, "sl_k": 0.35, "sl_ref": 1, "trail_r": 1}
s02_net|IS|{"be_r": 0.5, "exit_time": 14.0, "sl_k": 0.35, "sl_ref": 1, "trail_r": 1.5}
s02_net|IS|{"be_r": 0.5, "exit_time": 16.0, "sl_k": 0.35, "sl_ref": 1, "trail_r": 1.5}
s02_net|IS|{"be_r": 0.5, "exit_time": 18.0, "sl_k": 0.35, "sl_ref": 1, "trail_r": 1.5}
s02_net|IS|{"be_r": 0.5, "sl_k": 0.35, "sl_ref": 1, "trail_r": 1.5}
s02_net|IS|{"be_r": 0.5, "exit_time": 21.0, "sl_k": 0.35, "sl_ref": 1, "trail_r": 1.5}
s02_net|IS|{"be_r": 0.5, "exit_time": 14.0, "sl_k": 0.35, "sl_ref": 1, "trail_r": 2}
s02_net|IS|{"be_r": 0.5, "exit_time": 16.0, "sl_k": 0.35, "sl_ref": 1, "trail_r": 2}
s02_net|IS|{"be_r": 0.5, "exit_time": 18.0, "sl_k": 0.35, "sl_ref": 1, "trail_r": 2}
s02_net|IS|{"be_r": 0.5, "sl_k": 0.35, "sl_ref": 1, "trail_r": 2}
s02_net|IS|{"be_r": 0.5, "exit_time": 21.0, "sl_k": 0.35, "sl_ref": 1, "trail_r": 2}
s02_net|IS|{"be_r": 1, "exit_time": 14.0, "sl_k": 0.35, "sl_ref": 1}
s02_net|IS|{"be_r": 1, "exit_time": 16.0, "sl_k": 0.35, "sl_ref": 1}
s02_net|IS|{"be_r": 1, "exit_time": 18.0, "sl_k": 0.35, "sl_ref": 1}
s02_net|IS|{"be_r": 1, "sl_k": 0.35, "sl_ref": 1}
s02_net|IS|{"be_r": 1, "exit_time": 21.0, "sl_k": 0.35, "sl_ref": 1}
s02_net|IS|{"be_r": 1, "exit_time": 14.0, "sl_k": 0.35, "sl_ref": 1, "trail_r": 0.5}
s02_net|IS|{"be_r": 1, "exit_time": 16.0, "sl_k": 0.35, "sl_ref": 1, "trail_r": 0.5}
s02_net|IS|{"be_r": 1, "exit_time": 18.0, "sl_k": 0.35, "sl_ref": 1, "trail_r": 0.5}
s02_net|IS|{"be_r": 1, "sl_k": 0.35, "sl_ref": 1, "trail_r": 0.5}
s02_net|IS|{"be_r": 1, "exit_time": 21.0, "sl_k": 0.35, "sl_ref": 1, "trail_r": 0.5}
s02_net|IS|{"be_r": 1, "exit_time": 14.0, "sl_k": 0.35, "sl_ref": 1, "trail_r": 1}
s02_net|IS|{"be_r": 1, "exit_time": 16.0, "sl_k": 0.35, "sl_ref": 1, "trail_r": 1}
s02_net|IS|{"be_r": 1, "exit_time": 18.0, "sl_k": 0.35, "sl_ref": 1, "trail_r": 1}
s02_net|IS|{"be_r": 1, "sl_k": 0.35, "sl_ref": 1, "trail_r": 1}
s02_net|IS|{"be_r": 1, "exit_time": 21.0, "sl_k": 0.35, "sl_ref": 1, "trail_r": 1}
s02_net|IS|{"be_r": 1, "exit_time": 14.0, "sl_k": 0.35, "sl_ref": 1, "trail_r": 1.5}
s02_net|IS|{"be_r": 1, "exit_time": 16.0, "sl_k": 0.35, "sl_ref": 1, "trail_r": 1.5}
s02_net|IS|{"be_r": 1, "exit_time": 18.0, "sl_k": 0.35, "sl_ref": 1, "trail_r": 1.5}
s02_net|IS|{"be_r": 1, "sl_k": 0.35, "sl_ref": 1, "trail_r": 1.5}
s02_net|IS|{"be_r": 1, "exit_time": 21.0, "sl_k": 0.35, "sl_ref": 1, "trail_r": 1.5}
s02_net|IS|{"be_r": 1, "exit_time": 14.0, "sl_k": 0.35, "sl_ref": 1, "trail_r": 2}
s02_net|IS|{"be_r": 1, "exit_time": 16.0, "sl_k": 0.35, "sl_ref": 1, "trail_r": 2}
s02_net|IS|{"be_r": 1, "exit_time": 18.0, "sl_k": 0.35, "sl_ref": 1, "trail_r": 2}
s02_net|IS|{"be_r": 1, "sl_k": 0.35, "sl_ref": 1, "trail_r": 2}
s02_net|IS|{"be_r": 1, "exit_time": 21.0, "sl_k": 0.35, "sl_ref": 1, "trail_r": 2}
s02_net|IS|{"exit_time": 14.0, "sl_k": 0.35, "sl_ref": 1, "tp_r": 1}
s02_net|IS|{"exit_time": 16.0, "sl_k": 0.35, "sl_ref": 1, "tp_r": 1}
s02_net|IS|{"exit_time": 18.0, "sl_k": 0.35, "sl_ref": 1, "tp_r": 1}
s02_net|IS|{"sl_k": 0.35, "sl_ref": 1, "tp_r": 1}
s02_net|IS|{"exit_time": 21.0, "sl_k": 0.35, "sl_ref": 1, "tp_r": 1}
s02_net|IS|{"exit_time": 14.0, "sl_k": 0.35, "sl_ref": 1, "tp_r": 1, "trail_r": 0.5}
s02_net|IS|{"exit_time": 16.0, "sl_k": 0.35, "sl_ref": 1, "tp_r": 1, "trail_r": 0.5}
s02_net|IS|{"exit_time": 18.0, "sl_k": 0.35, "sl_ref": 1, "tp_r": 1, "trail_r": 0.5}
s02_net|IS|{"sl_k": 0.35, "sl_ref": 1, "tp_r": 1, "trail_r": 0.5}
s02_net|IS|{"exit_time": 21.0, "sl_k": 0.35, "sl_ref": 1, "tp_r": 1, "trail_r": 0.5}
s02_net|IS|{"exit_time": 14.0, "sl_k": 0.35, "sl_ref": 1, "tp_r": 1, "trail_r": 1}
s02_net|IS|{"exit_time": 16.0, "sl_k": 0.35, "sl_ref": 1, "tp_r": 1, "trail_r": 1}
s02_net|IS|{"exit_time": 18.0, "sl_k": 0.35, "sl_ref": 1, "tp_r": 1, "trail_r": 1}
s02_net|IS|{"sl_k": 0.35, "sl_ref": 1, "tp_r": 1, "trail_r": 1}
s02_net|IS|{"exit_time": 21.0, "sl_k": 0.35, "sl_ref": 1, "tp_r": 1, "trail_r": 1}
s02_net|IS|{"exit_time": 14.0, "sl_k": 0.35, "sl_ref": 1, "tp_r": 1, "trail_r": 1.5}
s02_net|IS|{"exit_time": 16.0, "sl_k": 0.35, "sl_ref": 1, "tp_r": 1, "trail_r": 1.5}
s02_net|IS|{"exit_time": 18.0, "sl_k": 0.35, "sl_ref": 1, "tp_r": 1, "trail_r": 1.5}
s02_net|IS|{"sl_k": 0.35, "sl_ref": 1, "tp_r": 1, "trail_r": 1.5}
s02_net|IS|{"exit_time": 21.0, "sl_k": 0.35, "sl_ref": 1, "tp_r": 1, "trail_r": 1.5}
s02_net|IS|{"exit_time": 14.0, "sl_k": 0.35, "sl_ref": 1, "tp_r": 1, "trail_r": 2}
s02_net|IS|{"exit_time": 16.0, "sl_k": 0.35, "sl_ref": 1, "tp_r": 1, "trail_r": 2}
s02_net|IS|{"exit_time": 18.0, "sl_k": 0.35, "sl_ref": 1, "tp_r": 1, "trail_r": 2}
s02_net|IS|{"sl_k": 0.35, "sl_ref": 1, "tp_r": 1, "trail_r": 2}
s02_net|IS|{"exit_time": 21.0, "sl_k": 0.35, "sl_ref": 1, "tp_r": 1, "trail_r": 2}
s02_net|IS|{"be_r": 0.5, "exit_time": 14.0, "sl_k": 0.35, "sl_ref": 1, "tp_r": 1}
s02_net|IS|{"be_r": 0.5, "exit_time": 16.0, "sl_k": 0.35, "sl_ref": 1, "tp_r": 1}
s02_net|IS|{"be_r": 0.5, "exit_time": 18.0, "sl_k": 0.35, "sl_ref": 1, "tp_r": 1}
s02_net|IS|{"be_r": 0.5, "sl_k": 0.35, "sl_ref": 1, "tp_r": 1}
s02_net|IS|{"be_r": 0.5, "exit_time": 21.0, "sl_k": 0.35, "sl_ref": 1, "tp_r": 1}
s02_net|IS|{"be_r": 0.5, "exit_time": 14.0, "sl_k": 0.35, "sl_ref": 1, "tp_r": 1, "trail_r": 0.5}
s02_net|IS|{"be_r": 0.5, "exit_time": 16.0, "sl_k": 0.35, "sl_ref": 1, "tp_r": 1, "trail_r": 0.5}
s02_net|IS|{"be_r": 0.5, "exit_time": 18.0, "sl_k": 0.35, "sl_ref": 1, "tp_r": 1, "trail_r": 0.5}
s02_net|IS|{"be_r": 0.5, "sl_k": 0.35, "sl_ref": 1, "tp_r": 1, "trail_r": 0.5}
s02_net|IS|{"be_r": 0.5, "exit_time": 21.0, "sl_k": 0.35, "sl_ref": 1, "tp_r": 1, "trail_r": 0.5}
s02_net|IS|{"be_r": 0.5, "exit_time": 14.0, "sl_k": 0.35, "sl_ref": 1, "tp_r": 1, "trail_r": 1}
s02_net|IS|{"be_r": 0.5, "exit_time": 16.0, "sl_k": 0.35, "sl_ref": 1, "tp_r": 1, "trail_r": 1}
s02_net|IS|{"be_r": 0.5, "exit_time": 18.0, "sl_k": 0.35, "sl_ref": 1, "tp_r": 1, "trail_r": 1}
s02_net|IS|{"be_r": 0.5, "sl_k": 0.35, "sl_ref": 1, "tp_r": 1, "trail_r": 1}
s02_net|IS|{"be_r": 0.5, "exit_time": 21.0, "sl_k": 0.35, "sl_ref": 1, "tp_r": 1, "trail_r": 1}
s02_net|IS|{"be_r": 0.5, "exit_time": 14.0, "sl_k": 0.35, "sl_ref": 1, "tp_r": 1, "trail_r": 1.5}
s02_net|IS|{"be_r": 0.5, "exit_time": 16.0, "sl_k": 0.35, "sl_ref": 1, "tp_r": 1, "trail_r": 1.5}
s02_net|IS|{"be_r": 0.5, "exit_time": 18.0, "sl_k": 0.35, "sl_ref": 1, "tp_r": 1, "trail_r": 1.5}
s02_net|IS|{"be_r": 0.5, "sl_k": 0.35, "sl_ref": 1, "tp_r": 1, "trail_r": 1.5}
s02_net|IS|{"be_r": 0.5, "exit_time": 21.0, "sl_k": 0.35, "sl_ref": 1, "tp_r": 1, "trail_r": 1.5}
s02_net|IS|{"be_r": 0.5, "exit_time": 14.0, "sl_k": 0.35, "sl_ref": 1, "tp_r": 1, "trail_r": 2}
s02_net|IS|{"be_r": 0.5, "exit_time": 16.0, "sl_k": 0.35, "sl_ref": 1, "tp_r": 1, "trail_r": 2}
s02_net|IS|{"be_r": 0.5, "exit_time": 18.0, "sl_k": 0.35, "sl_ref": 1, "tp_r": 1, "trail_r": 2}
s02_net|IS|{"be_r": 0.5, "sl_k": 0.35, "sl_ref": 1, "tp_r": 1, "trail_r": 2}
s02_net|IS|{"be_r": 0.5, "exit_time": 21.0, "sl_k": 0.35, "sl_ref": 1, "tp_r": 1, "trail_r": 2}
s02_net|IS|{"be_r": 1, "exit_time": 14.0, "sl_k": 0.35, "sl_ref": 1, "tp_r": 1}
s02_net|IS|{"be_r": 1, "exit_time": 16.0, "sl_k": 0.35, "sl_ref": 1, "tp_r": 1}
s02_net|IS|{"be_r": 1, "exit_time": 18.0, "sl_k": 0.35, "sl_ref": 1, "tp_r": 1}
s02_net|IS|{"be_r": 1, "sl_k": 0.35, "sl_ref": 1, "tp_r": 1}
s02_net|IS|{"be_r": 1, "exit_time": 21.0, "sl_k": 0.35, "sl_ref": 1, "tp_r": 1}
s02_net|IS|{"be_r": 1, "exit_time": 14.0, "sl_k": 0.35, "sl_ref": 1, "tp_r": 1, "trail_r": 0.5}
s02_net|IS|{"be_r": 1, "exit_time": 16.0, "sl_k": 0.35, "sl_ref": 1, "tp_r": 1, "trail_r": 0.5}
s02_net|IS|{"be_r": 1, "exit_time": 18.0, "sl_k": 0.35, "sl_ref": 1, "tp_r": 1, "trail_r": 0.5}
s02_net|IS|{"be_r": 1, "sl_k": 0.35, "sl_ref": 1, "tp_r": 1, "trail_r": 0.5}
s02_net|IS|{"be_r": 1, "exit_time": 21.0, "sl_k": 0.35, "sl_ref": 1, "tp_r": 1, "trail_r": 0.5}
s02_net|IS|{"be_r": 1, "exit_time": 14.0, "sl_k": 0.35, "sl_ref": 1, "tp_r": 1, "trail_r": 1}
s02_net|IS|{"be_r": 1, "exit_time": 16.0, "sl_k": 0.35, "sl_ref": 1, "tp_r": 1, "trail_r": 1}
s02_net|IS|{"be_r": 1, "exit_time": 18.0, "sl_k": 0.35, "sl_ref": 1, "tp_r": 1, "trail_r": 1}
s02_net|IS|{"be_r": 1, "sl_k": 0.35, "sl_ref": 1, "tp_r": 1, "trail_r": 1}
s02_net|IS|{"be_r": 1, "exit_time": 21.0, "sl_k": 0.35, "sl_ref": 1, "tp_r": 1, "trail_r": 1}
s02_net|IS|{"be_r": 1, "exit_time": 14.0, "sl_k": 0.35, "sl_ref": 1, "tp_r": 1, "trail_r": 1.5}
s02_net|IS|{"be_r": 1, "exit_time": 16.0, "sl_k": 0.35, "sl_ref": 1, "tp_r": 1, "trail_r": 1.5}
s02_net|IS|{"be_r": 1, "exit_time": 18.0, "sl_k": 0.35, "sl_ref": 1, "tp_r": 1, "trail_r": 1.5}
s02_net|IS|{"be_r": 1, "sl_k": 0.35, "sl_ref": 1, "tp_r": 1, "trail_r": 1.5}
s02_net|IS|{"be_r": 1, "exit_time": 21.0, "sl_k": 0.35, "sl_ref": 1, "tp_r": 1, "trail_r": 1.5}
s02_net|IS|{"be_r": 1, "exit_time": 14.0, "sl_k": 0.35, "sl_ref": 1, "tp_r": 1, "trail_r": 2}
s02_net|IS|{"be_r": 1, "exit_time": 16.0, "sl_k": 0.35, "sl_ref": 1, "tp_r": 1, "trail_r": 2}
s02_net|IS|{"be_r": 1, "exit_time": 18.0, "sl_k": 0.35, "sl_ref": 1, "tp_r": 1, "trail_r": 2}
s02_net|IS|{"be_r": 1, "sl_k": 0.35, "sl_ref": 1, "tp_r": 1, "trail_r": 2}
s02_net|IS|{"be_r": 1, "exit_time": 21.0, "sl_k": 0.35, "sl_ref": 1, "tp_r": 1, "trail_r": 2}
s02_net|IS|{"exit_time": 14.0, "sl_k": 0.35, "sl_ref": 1, "tp_r": 1.5}
s02_net|IS|{"exit_time": 16.0, "sl_k": 0.35, "sl_ref": 1, "tp_r": 1.5}
s02_net|IS|{"exit_time": 18.0, "sl_k": 0.35, "sl_ref": 1, "tp_r": 1.5}
s02_net|IS|{"sl_k": 0.35, "sl_ref": 1, "tp_r": 1.5}
s02_net|IS|{"exit_time": 21.0, "sl_k": 0.35, "sl_ref": 1, "tp_r": 1.5}
s02_net|IS|{"exit_time": 14.0, "sl_k": 0.35, "sl_ref": 1, "tp_r": 1.5, "trail_r": 0.5}
s02_net|IS|{"exit_time": 16.0, "sl_k": 0.35, "sl_ref": 1, "tp_r": 1.5, "trail_r": 0.5}
s02_net|IS|{"exit_time": 18.0, "sl_k": 0.35, "sl_ref": 1, "tp_r": 1.5, "trail_r": 0.5}
s02_net|IS|{"sl_k": 0.35, "sl_ref": 1, "tp_r": 1.5, "trail_r": 0.5}
s02_net|IS|{"exit_time": 21.0, "sl_k": 0.35, "sl_ref": 1, "tp_r": 1.5, "trail_r": 0.5}
s02_net|IS|{"exit_time": 14.0, "sl_k": 0.35, "sl_ref": 1, "tp_r": 1.5, "trail_r": 1}
s02_net|IS|{"exit_time": 16.0, "sl_k": 0.35, "sl_ref": 1, "tp_r": 1.5, "trail_r": 1}
s02_net|IS|{"exit_time": 18.0, "sl_k": 0.35, "sl_ref": 1, "tp_r": 1.5, "trail_r": 1}
s02_net|IS|{"sl_k": 0.35, "sl_ref": 1, "tp_r": 1.5, "trail_r": 1}
s02_net|IS|{"exit_time": 21.0, "sl_k": 0.35, "sl_ref": 1, "tp_r": 1.5, "trail_r": 1}
s02_net|IS|{"exit_time": 14.0, "sl_k": 0.35, "sl_ref": 1, "tp_r": 1.5, "trail_r": 1.5}
s02_net|IS|{"exit_time": 16.0, "sl_k": 0.35, "sl_ref": 1, "tp_r": 1.5, "trail_r": 1.5}
s02_net|IS|{"exit_time": 18.0, "sl_k": 0.35, "sl_ref": 1, "tp_r": 1.5, "trail_r": 1.5}
s02_net|IS|{"sl_k": 0.35, "sl_ref": 1, "tp_r": 1.5, "trail_r": 1.5}
s02_net|IS|{"exit_time": 21.0, "sl_k": 0.35, "sl_ref": 1, "tp_r": 1.5, "trail_r": 1.5}
s02_net|IS|{"exit_time": 14.0, "sl_k": 0.35, "sl_ref": 1, "tp_r": 1.5, "trail_r": 2}
s02_net|IS|{"exit_time": 16.0, "sl_k": 0.35, "sl_ref": 1, "tp_r": 1.5, "trail_r": 2}
s02_net|IS|{"exit_time": 18.0, "sl_k": 0.35, "sl_ref": 1, "tp_r": 1.5, "trail_r": 2}
s02_net|IS|{"sl_k": 0.35, "sl_ref": 1, "tp_r": 1.5, "trail_r": 2}
s02_net|IS|{"exit_time": 21.0, "sl_k": 0.35, "sl_ref": 1, "tp_r": 1.5, "trail_r": 2}
s02_net|IS|{"be_r": 0.5, "exit_time": 14.0, "sl_k": 0.35, "sl_ref": 1, "tp_r": 1.5}
s02_net|IS|{"be_r": 0.5, "exit_time": 16.0, "sl_k": 0.35, "sl_ref": 1, "tp_r": 1.5}
s02_net|IS|{"be_r": 0.5, "exit_time": 18.0, "sl_k": 0.35, "sl_ref": 1, "tp_r": 1.5}
s02_net|IS|{"be_r": 0.5, "sl_k": 0.35, "sl_ref": 1, "tp_r": 1.5}
s02_net|IS|{"be_r": 0.5, "exit_time": 21.0, "sl_k": 0.35, "sl_ref": 1, "tp_r": 1.5}
s02_net|IS|{"be_r": 0.5, "exit_time": 14.0, "sl_k": 0.35, "sl_ref": 1, "tp_r": 1.5, "trail_r": 0.5}
s02_net|IS|{"be_r": 0.5, "exit_time": 16.0, "sl_k": 0.35, "sl_ref": 1, "tp_r": 1.5, "trail_r": 0.5}
s02_net|IS|{"be_r": 0.5, "exit_time": 18.0, "sl_k": 0.35, "sl_ref": 1, "tp_r": 1.5, "trail_r": 0.5}
s02_net|IS|{"be_r": 0.5, "sl_k": 0.35, "sl_ref": 1, "tp_r": 1.5, "trail_r": 0.5}
s02_net|IS|{"be_r": 0.5, "exit_time": 21.0, "sl_k": 0.35, "sl_ref": 1, "tp_r": 1.5, "trail_r": 0.5}
s02_net|IS|{"be_r": 0.5, "exit_time": 14.0, "sl_k": 0.35, "sl_ref": 1, "tp_r": 1.5, "trail_r": 1}
s02_net|IS|{"be_r": 0.5, "exit_time": 16.0, "sl_k": 0.35, "sl_ref": 1, "tp_r": 1.5, "trail_r": 1}
s02_net|IS|{"be_r": 0.5, "exit_time": 18.0, "sl_k": 0.35, "sl_ref": 1, "tp_r": 1.5, "trail_r": 1}
s02_net|IS|{"be_r": 0.5, "sl_k": 0.35, "sl_ref": 1, "tp_r": 1.5, "trail_r": 1}
s02_net|IS|{"be_r": 0.5, "exit_time": 21.0, "sl_k": 0.35, "sl_ref": 1, "tp_r": 1.5, "trail_r": 1}
s02_net|IS|{"be_r": 0.5, "exit_time": 14.0, "sl_k": 0.35, "sl_ref": 1, "tp_r": 1.5, "trail_r": 1.5}
s02_net|IS|{"be_r": 0.5, "exit_time": 16.0, "sl_k": 0.35, "sl_ref": 1, "tp_r": 1.5, "trail_r": 1.5}
s02_net|IS|{"be_r": 0.5, "exit_time": 18.0, "sl_k": 0.35, "sl_ref": 1, "tp_r": 1.5, "trail_r": 1.5}
s02_net|IS|{"be_r": 0.5, "sl_k": 0.35, "sl_ref": 1, "tp_r": 1.5, "trail_r": 1.5}
s02_net|IS|{"be_r": 0.5, "exit_time": 21.0, "sl_k": 0.35, "sl_ref": 1, "tp_r": 1.5, "trail_r": 1.5}
s02_net|IS|{"be_r": 0.5, "exit_time": 14.0, "sl_k": 0.35, "sl_ref": 1, "tp_r": 1.5, "trail_r": 2}
s02_net|IS|{"be_r": 0.5, "exit_time": 16.0, "sl_k": 0.35, "sl_ref": 1, "tp_r": 1.5, "trail_r": 2}
s02_net|IS|{"be_r": 0.5, "exit_time": 18.0, "sl_k": 0.35, "sl_ref": 1, "tp_r": 1.5, "trail_r": 2}
s02_net|IS|{"be_r": 0.5, "sl_k": 0.35, "sl_ref": 1, "tp_r": 1.5, "trail_r": 2}
s02_net|IS|{"be_r": 0.5, "exit_time": 21.0, "sl_k": 0.35, "sl_ref": 1, "tp_r": 1.5, "trail_r": 2}
s02_net|IS|{"be_r": 1, "exit_time": 14.0, "sl_k": 0.35, "sl_ref": 1, "tp_r": 1.5}
s02_net|IS|{"be_r": 1, "exit_time": 16.0, "sl_k": 0.35, "sl_ref": 1, "tp_r": 1.5}
s02_net|IS|{"be_r": 1, "exit_time": 18.0, "sl_k": 0.35, "sl_ref": 1, "tp_r": 1.5}
s02_net|IS|{"be_r": 1, "sl_k": 0.35, "sl_ref": 1, "tp_r": 1.5}
s02_net|IS|{"be_r": 1, "exit_time": 21.0, "sl_k": 0.35, "sl_ref": 1, "tp_r": 1.5}
s02_net|IS|{"be_r": 1, "exit_time": 14.0, "sl_k": 0.35, "sl_ref": 1, "tp_r": 1.5, "trail_r": 0.5}
s02_net|IS|{"be_r": 1, "exit_time": 16.0, "sl_k": 0.35, "sl_ref": 1, "tp_r": 1.5, "trail_r": 0.5}
s02_net|IS|{"be_r": 1, "exit_time": 18.0, "sl_k": 0.35, "sl_ref": 1, "tp_r": 1.5, "trail_r": 0.5}
s02_net|IS|{"be_r": 1, "sl_k": 0.35, "sl_ref": 1, "tp_r": 1.5, "trail_r": 0.5}
s02_net|IS|{"be_r": 1, "exit_time": 21.0, "sl_k": 0.35, "sl_ref": 1, "tp_r": 1.5, "trail_r": 0.5}
s02_net|IS|{"be_r": 1, "exit_time": 14.0, "sl_k": 0.35, "sl_ref": 1, "tp_r": 1.5, "trail_r": 1}
s02_net|IS|{"be_r": 1, "exit_time": 16.0, "sl_k": 0.35, "sl_ref": 1, "tp_r": 1.5, "trail_r": 1}
s02_net|IS|{"be_r": 1, "exit_time": 18.0, "sl_k": 0.35, "sl_ref": 1, "tp_r": 1.5, "trail_r": 1}
s02_net|IS|{"be_r": 1, "sl_k": 0.35, "sl_ref": 1, "tp_r": 1.5, "trail_r": 1}
s02_net|IS|{"be_r": 1, "exit_time": 21.0, "sl_k": 0.35, "sl_ref": 1, "tp_r": 1.5, "trail_r": 1}
s02_net|IS|{"be_r": 1, "exit_time": 14.0, "sl_k": 0.35, "sl_ref": 1, "tp_r": 1.5, "trail_r": 1.5}
s02_net|IS|{"be_r": 1, "exit_time": 16.0, "sl_k": 0.35, "sl_ref": 1, "tp_r": 1.5, "trail_r": 1.5}
s02_net|IS|{"be_r": 1, "exit_time": 18.0, "sl_k": 0.35, "sl_ref": 1, "tp_r": 1.5, "trail_r": 1.5}
s02_net|IS|{"be_r": 1, "sl_k": 0.35, "sl_ref": 1, "tp_r": 1.5, "trail_r": 1.5}
s02_net|IS|{"be_r": 1, "exit_time": 21.0, "sl_k": 0.35, "sl_ref": 1, "tp_r": 1.5, "trail_r": 1.5}
s02_net|IS|{"be_r": 1, "exit_time": 14.0, "sl_k": 0.35, "sl_ref": 1, "tp_r": 1.5, "trail_r": 2}
s02_net|IS|{"be_r": 1, "exit_time": 16.0, "sl_k": 0.35, "sl_ref": 1, "tp_r": 1.5, "trail_r": 2}
s02_net|IS|{"be_r": 1, "exit_time": 18.0, "sl_k": 0.35, "sl_ref": 1, "tp_r": 1.5, "trail_r": 2}
s02_net|IS|{"be_r": 1, "sl_k": 0.35, "sl_ref": 1, "tp_r": 1.5, "trail_r": 2}
s02_net|IS|{"be_r": 1, "exit_time": 21.0, "sl_k": 0.35, "sl_ref": 1, "tp_r": 1.5, "trail_r": 2}
s02_net|IS|{"exit_time": 14.0, "sl_k": 0.35, "sl_ref": 1, "tp_r": 2}
s02_net|IS|{"exit_time": 16.0, "sl_k": 0.35, "sl_ref": 1, "tp_r": 2}
s02_net|IS|{"exit_time": 18.0, "sl_k": 0.35, "sl_ref": 1, "tp_r": 2}
s02_net|IS|{"sl_k": 0.35, "sl_ref": 1, "tp_r": 2}
s02_net|IS|{"exit_time": 21.0, "sl_k": 0.35, "sl_ref": 1, "tp_r": 2}
s02_net|IS|{"exit_time": 14.0, "sl_k": 0.35, "sl_ref": 1, "tp_r": 2, "trail_r": 0.5}
s02_net|IS|{"exit_time": 16.0, "sl_k": 0.35, "sl_ref": 1, "tp_r": 2, "trail_r": 0.5}
s02_net|IS|{"exit_time": 18.0, "sl_k": 0.35, "sl_ref": 1, "tp_r": 2, "trail_r": 0.5}
s02_net|IS|{"sl_k": 0.35, "sl_ref": 1, "tp_r": 2, "trail_r": 0.5}
s02_net|IS|{"exit_time": 21.0, "sl_k": 0.35, "sl_ref": 1, "tp_r": 2, "trail_r": 0.5}
s02_net|IS|{"exit_time": 14.0, "sl_k": 0.35, "sl_ref": 1, "tp_r": 2, "trail_r": 1}
s02_net|IS|{"exit_time": 16.0, "sl_k": 0.35, "sl_ref": 1, "tp_r": 2, "trail_r": 1}
s02_net|IS|{"exit_time": 18.0, "sl_k": 0.35, "sl_ref": 1, "tp_r": 2, "trail_r": 1}
s02_net|IS|{"sl_k": 0.35, "sl_ref": 1, "tp_r": 2, "trail_r": 1}
s02_net|IS|{"exit_time": 21.0, "sl_k": 0.35, "sl_ref": 1, "tp_r": 2, "trail_r": 1}
s02_net|IS|{"exit_time": 14.0, "sl_k": 0.35, "sl_ref": 1, "tp_r": 2, "trail_r": 1.5}
s02_net|IS|{"exit_time": 16.0, "sl_k": 0.35, "sl_ref": 1, "tp_r": 2, "trail_r": 1.5}
s02_net|IS|{"exit_time": 18.0, "sl_k": 0.35, "sl_ref": 1, "tp_r": 2, "trail_r": 1.5}
s02_net|IS|{"sl_k": 0.35, "sl_ref": 1, "tp_r": 2, "trail_r": 1.5}
s02_net|IS|{"exit_time": 21.0, "sl_k": 0.35, "sl_ref": 1, "tp_r": 2, "trail_r": 1.5}
s02_net|IS|{"exit_time": 14.0, "sl_k": 0.35, "sl_ref": 1, "tp_r": 2, "trail_r": 2}
s02_net|IS|{"exit_time": 16.0, "sl_k": 0.35, "sl_ref": 1, "tp_r": 2, "trail_r": 2}
s02_net|IS|{"exit_time": 18.0, "sl_k": 0.35, "sl_ref": 1, "tp_r": 2, "trail_r": 2}
s02_net|IS|{"sl_k": 0.35, "sl_ref": 1, "tp_r": 2, "trail_r": 2}
s02_net|IS|{"exit_time": 21.0, "sl_k": 0.35, "sl_ref": 1, "tp_r": 2, "trail_r": 2}
s02_net|IS|{"be_r": 0.5, "exit_time": 14.0, "sl_k": 0.35, "sl_ref": 1, "tp_r": 2}
s02_net|IS|{"be_r": 0.5, "exit_time": 16.0, "sl_k": 0.35, "sl_ref": 1, "tp_r": 2}
s02_net|IS|{"be_r": 0.5, "exit_time": 18.0, "sl_k": 0.35, "sl_ref": 1, "tp_r": 2}
s02_net|IS|{"be_r": 0.5, "sl_k": 0.35, "sl_ref": 1, "tp_r": 2}
s02_net|IS|{"be_r": 0.5, "exit_time": 21.0, "sl_k": 0.35, "sl_ref": 1, "tp_r": 2}
s02_net|IS|{"be_r": 0.5, "exit_time": 14.0, "sl_k": 0.35, "sl_ref": 1, "tp_r": 2, "trail_r": 0.5}
s02_net|IS|{"be_r": 0.5, "exit_time": 16.0, "sl_k": 0.35, "sl_ref": 1, "tp_r": 2, "trail_r": 0.5}
s02_net|IS|{"be_r": 0.5, "exit_time": 18.0, "sl_k": 0.35, "sl_ref": 1, "tp_r": 2, "trail_r": 0.5}
s02_net|IS|{"be_r": 0.5, "sl_k": 0.35, "sl_ref": 1, "tp_r": 2, "trail_r": 0.5}
s02_net|IS|{"be_r": 0.5, "exit_time": 21.0, "sl_k": 0.35, "sl_ref": 1, "tp_r": 2, "trail_r": 0.5}
s02_net|IS|{"be_r": 0.5, "exit_time": 14.0, "sl_k": 0.35, "sl_ref": 1, "tp_r": 2, "trail_r": 1}
s02_net|IS|{"be_r": 0.5, "exit_time": 16.0, "sl_k": 0.35, "sl_ref": 1, "tp_r": 2, "trail_r": 1}
s02_net|IS|{"be_r": 0.5, "exit_time": 18.0, "sl_k": 0.35, "sl_ref": 1, "tp_r": 2, "trail_r": 1}
s02_net|IS|{"be_r": 0.5, "sl_k": 0.35, "sl_ref": 1, "tp_r": 2, "trail_r": 1}
s02_net|IS|{"be_r": 0.5, "exit_time": 21.0, "sl_k": 0.35, "sl_ref": 1, "tp_r": 2, "trail_r": 1}
s02_net|IS|{"be_r": 0.5, "exit_time": 14.0, "sl_k": 0.35, "sl_ref": 1, "tp_r": 2, "trail_r": 1.5}
s02_net|IS|{"be_r": 0.5, "exit_time": 16.0, "sl_k": 0.35, "sl_ref": 1, "tp_r": 2, "trail_r": 1.5}
s02_net|IS|{"be_r": 0.5, "exit_time": 18.0, "sl_k": 0.35, "sl_ref": 1, "tp_r": 2, "trail_r": 1.5}
s02_net|IS|{"be_r": 0.5, "sl_k": 0.35, "sl_ref": 1, "tp_r": 2, "trail_r": 1.5}
s02_net|IS|{"be_r": 0.5, "exit_time": 21.0, "sl_k": 0.35, "sl_ref": 1, "tp_r": 2, "trail_r": 1.5}
s02_net|IS|{"be_r": 0.5, "exit_time": 14.0, "sl_k": 0.35, "sl_ref": 1, "tp_r": 2, "trail_r": 2}
s02_net|IS|{"be_r": 0.5, "exit_time": 16.0, "sl_k": 0.35, "sl_ref": 1, "tp_r": 2, "trail_r": 2}
s02_net|IS|{"be_r": 0.5, "exit_time": 18.0, "sl_k": 0.35, "sl_ref": 1, "tp_r": 2, "trail_r": 2}
s02_net|IS|{"be_r": 0.5, "sl_k": 0.35, "sl_ref": 1, "tp_r": 2, "trail_r": 2}
s02_net|IS|{"be_r": 0.5, "exit_time": 21.0, "sl_k": 0.35, "sl_ref": 1, "tp_r": 2, "trail_r": 2}
s02_net|IS|{"be_r": 1, "exit_time": 14.0, "sl_k": 0.35, "sl_ref": 1, "tp_r": 2}
s02_net|IS|{"be_r": 1, "exit_time": 16.0, "sl_k": 0.35, "sl_ref": 1, "tp_r": 2}
s02_net|IS|{"be_r": 1, "exit_time": 18.0, "sl_k": 0.35, "sl_ref": 1, "tp_r": 2}
s02_net|IS|{"be_r": 1, "sl_k": 0.35, "sl_ref": 1, "tp_r": 2}
s02_net|IS|{"be_r": 1, "exit_time": 21.0, "sl_k": 0.35, "sl_ref": 1, "tp_r": 2}
s02_net|IS|{"be_r": 1, "exit_time": 14.0, "sl_k": 0.35, "sl_ref": 1, "tp_r": 2, "trail_r": 0.5}
s02_net|IS|{"be_r": 1, "exit_time": 16.0, "sl_k": 0.35, "sl_ref": 1, "tp_r": 2, "trail_r": 0.5}
s02_net|IS|{"be_r": 1, "exit_time": 18.0, "sl_k": 0.35, "sl_ref": 1, "tp_r": 2, "trail_r": 0.5}
s02_net|IS|{"be_r": 1, "sl_k": 0.35, "sl_ref": 1, "tp_r": 2, "trail_r": 0.5}
s02_net|IS|{"be_r": 1, "exit_time": 21.0, "sl_k": 0.35, "sl_ref": 1, "tp_r": 2, "trail_r": 0.5}
s02_net|IS|{"be_r": 1, "exit_time": 14.0, "sl_k": 0.35, "sl_ref": 1, "tp_r": 2, "trail_r": 1}
s02_net|IS|{"be_r": 1, "exit_time": 16.0, "sl_k": 0.35, "sl_ref": 1, "tp_r": 2, "trail_r": 1}
s02_net|IS|{"be_r": 1, "exit_time": 18.0, "sl_k": 0.35, "sl_ref": 1, "tp_r": 2, "trail_r": 1}
s02_net|IS|{"be_r": 1, "sl_k": 0.35, "sl_ref": 1, "tp_r": 2, "trail_r": 1}
s02_net|IS|{"be_r": 1, "exit_time": 21.0, "sl_k": 0.35, "sl_ref": 1, "tp_r": 2, "trail_r": 1}
s02_net|IS|{"be_r": 1, "exit_time": 14.0, "sl_k": 0.35, "sl_ref": 1, "tp_r": 2, "trail_r": 1.5}
s02_net|IS|{"be_r": 1, "exit_time": 16.0, "sl_k": 0.35, "sl_ref": 1, "tp_r": 2, "trail_r": 1.5}
s02_net|IS|{"be_r": 1, "exit_time": 18.0, "sl_k": 0.35, "sl_ref": 1, "tp_r": 2, "trail_r": 1.5}
s02_net|IS|{"be_r": 1, "sl_k": 0.35, "sl_ref": 1, "tp_r": 2, "trail_r": 1.5}
s02_net|IS|{"be_r": 1, "exit_time": 21.0, "sl_k": 0.35, "sl_ref": 1, "tp_r": 2, "trail_r": 1.5}
s02_net|IS|{"be_r": 1, "exit_time": 14.0, "sl_k": 0.35, "sl_ref": 1, "tp_r": 2, "trail_r": 2}
s02_net|IS|{"be_r": 1, "exit_time": 16.0, "sl_k": 0.35, "sl_ref": 1, "tp_r": 2, "trail_r": 2}
s02_net|IS|{"be_r": 1, "exit_time": 18.0, "sl_k": 0.35, "sl_ref": 1, "tp_r": 2, "trail_r": 2}
s02_net|IS|{"be_r": 1, "sl_k": 0.35, "sl_ref": 1, "tp_r": 2, "trail_r": 2}
s02_net|IS|{"be_r": 1, "exit_time": 21.0, "sl_k": 0.35, "sl_ref": 1, "tp_r": 2, "trail_r": 2}
s02_net|IS|{"exit_time": 14.0, "sl_k": 0.35, "sl_ref": 1, "tp_r": 3}
s02_net|IS|{"exit_time": 16.0, "sl_k": 0.35, "sl_ref": 1, "tp_r": 3}
s02_net|IS|{"exit_time": 18.0, "sl_k": 0.35, "sl_ref": 1, "tp_r": 3}
s02_net|IS|{"sl_k": 0.35, "sl_ref": 1, "tp_r": 3}
s02_net|IS|{"exit_time": 21.0, "sl_k": 0.35, "sl_ref": 1, "tp_r": 3}
s02_net|IS|{"exit_time": 14.0, "sl_k": 0.35, "sl_ref": 1, "tp_r": 3, "trail_r": 0.5}
s02_net|IS|{"exit_time": 16.0, "sl_k": 0.35, "sl_ref": 1, "tp_r": 3, "trail_r": 0.5}
s02_net|IS|{"exit_time": 18.0, "sl_k": 0.35, "sl_ref": 1, "tp_r": 3, "trail_r": 0.5}
s02_net|IS|{"sl_k": 0.35, "sl_ref": 1, "tp_r": 3, "trail_r": 0.5}
s02_net|IS|{"exit_time": 21.0, "sl_k": 0.35, "sl_ref": 1, "tp_r": 3, "trail_r": 0.5}
s02_net|IS|{"exit_time": 14.0, "sl_k": 0.35, "sl_ref": 1, "tp_r": 3, "trail_r": 1}
s02_net|IS|{"exit_time": 16.0, "sl_k": 0.35, "sl_ref": 1, "tp_r": 3, "trail_r": 1}
s02_net|IS|{"exit_time": 18.0, "sl_k": 0.35, "sl_ref": 1, "tp_r": 3, "trail_r": 1}
s02_net|IS|{"sl_k": 0.35, "sl_ref": 1, "tp_r": 3, "trail_r": 1}
s02_net|IS|{"exit_time": 21.0, "sl_k": 0.35, "sl_ref": 1, "tp_r": 3, "trail_r": 1}
s02_net|IS|{"exit_time": 14.0, "sl_k": 0.35, "sl_ref": 1, "tp_r": 3, "trail_r": 1.5}
s02_net|IS|{"exit_time": 16.0, "sl_k": 0.35, "sl_ref": 1, "tp_r": 3, "trail_r": 1.5}
s02_net|IS|{"exit_time": 18.0, "sl_k": 0.35, "sl_ref": 1, "tp_r": 3, "trail_r": 1.5}
s02_net|IS|{"sl_k": 0.35, "sl_ref": 1, "tp_r": 3, "trail_r": 1.5}
s02_net|IS|{"exit_time": 21.0, "sl_k": 0.35, "sl_ref": 1, "tp_r": 3, "trail_r": 1.5}
s02_net|IS|{"exit_time": 14.0, "sl_k": 0.35, "sl_ref": 1, "tp_r": 3, "trail_r": 2}
s02_net|IS|{"exit_time": 16.0, "sl_k": 0.35, "sl_ref": 1, "tp_r": 3, "trail_r": 2}
s02_net|IS|{"exit_time": 18.0, "sl_k": 0.35, "sl_ref": 1, "tp_r": 3, "trail_r": 2}
s02_net|IS|{"sl_k": 0.35, "sl_ref": 1, "tp_r": 3, "trail_r": 2}
s02_net|IS|{"exit_time": 21.0, "sl_k": 0.35, "sl_ref": 1, "tp_r": 3, "trail_r": 2}
s02_net|IS|{"be_r": 0.5, "exit_time": 14.0, "sl_k": 0.35, "sl_ref": 1, "tp_r": 3}
s02_net|IS|{"be_r": 0.5, "exit_time": 16.0, "sl_k": 0.35, "sl_ref": 1, "tp_r": 3}
s02_net|IS|{"be_r": 0.5, "exit_time": 18.0, "sl_k": 0.35, "sl_ref": 1, "tp_r": 3}
s02_net|IS|{"be_r": 0.5, "sl_k": 0.35, "sl_ref": 1, "tp_r": 3}
s02_net|IS|{"be_r": 0.5, "exit_time": 21.0, "sl_k": 0.35, "sl_ref": 1, "tp_r": 3}
s02_net|IS|{"be_r": 0.5, "exit_time": 14.0, "sl_k": 0.35, "sl_ref": 1, "tp_r": 3, "trail_r": 0.5}
s02_net|IS|{"be_r": 0.5, "exit_time": 16.0, "sl_k": 0.35, "sl_ref": 1, "tp_r": 3, "trail_r": 0.5}
s02_net|IS|{"be_r": 0.5, "exit_time": 18.0, "sl_k": 0.35, "sl_ref": 1, "tp_r": 3, "trail_r": 0.5}
s02_net|IS|{"be_r": 0.5, "sl_k": 0.35, "sl_ref": 1, "tp_r": 3, "trail_r": 0.5}
s02_net|IS|{"be_r": 0.5, "exit_time": 21.0, "sl_k": 0.35, "sl_ref": 1, "tp_r": 3, "trail_r": 0.5}
s02_net|IS|{"be_r": 0.5, "exit_time": 14.0, "sl_k": 0.35, "sl_ref": 1, "tp_r": 3, "trail_r": 1}
s02_net|IS|{"be_r": 0.5, "exit_time": 16.0, "sl_k": 0.35, "sl_ref": 1, "tp_r": 3, "trail_r": 1}
s02_net|IS|{"be_r": 0.5, "exit_time": 18.0, "sl_k": 0.35, "sl_ref": 1, "tp_r": 3, "trail_r": 1}
s02_net|IS|{"be_r": 0.5, "sl_k": 0.35, "sl_ref": 1, "tp_r": 3, "trail_r": 1}
s02_net|IS|{"be_r": 0.5, "exit_time": 21.0, "sl_k": 0.35, "sl_ref": 1, "tp_r": 3, "trail_r": 1}
s02_net|IS|{"be_r": 0.5, "exit_time": 14.0, "sl_k": 0.35, "sl_ref": 1, "tp_r": 3, "trail_r": 1.5}
s02_net|IS|{"be_r": 0.5, "exit_time": 16.0, "sl_k": 0.35, "sl_ref": 1, "tp_r": 3, "trail_r": 1.5}
s02_net|IS|{"be_r": 0.5, "exit_time": 18.0, "sl_k": 0.35, "sl_ref": 1, "tp_r": 3, "trail_r": 1.5}
s02_net|IS|{"be_r": 0.5, "sl_k": 0.35, "sl_ref": 1, "tp_r": 3, "trail_r": 1.5}
s02_net|IS|{"be_r": 0.5, "exit_time": 21.0, "sl_k": 0.35, "sl_ref": 1, "tp_r": 3, "trail_r": 1.5}
s02_net|IS|{"be_r": 0.5, "exit_time": 14.0, "sl_k": 0.35, "sl_ref": 1, "tp_r": 3, "trail_r": 2}
s02_net|IS|{"be_r": 0.5, "exit_time": 16.0, "sl_k": 0.35, "sl_ref": 1, "tp_r": 3, "trail_r": 2}
s02_net|IS|{"be_r": 0.5, "exit_time": 18.0, "sl_k": 0.35, "sl_ref": 1, "tp_r": 3, "trail_r": 2}
s02_net|IS|{"be_r": 0.5, "sl_k": 0.35, "sl_ref": 1, "tp_r": 3, "trail_r": 2}
s02_net|IS|{"be_r": 0.5, "exit_time": 21.0, "sl_k": 0.35, "sl_ref": 1, "tp_r": 3, "trail_r": 2}
s02_net|IS|{"be_r": 1, "exit_time": 14.0, "sl_k": 0.35, "sl_ref": 1, "tp_r": 3}
s02_net|IS|{"be_r": 1, "exit_time": 16.0, "sl_k": 0.35, "sl_ref": 1, "tp_r": 3}
s02_net|IS|{"be_r": 1, "exit_time": 18.0, "sl_k": 0.35, "sl_ref": 1, "tp_r": 3}
s02_net|IS|{"be_r": 1, "sl_k": 0.35, "sl_ref": 1, "tp_r": 3}
s02_net|IS|{"be_r": 1, "exit_time": 21.0, "sl_k": 0.35, "sl_ref": 1, "tp_r": 3}
s02_net|IS|{"be_r": 1, "exit_time": 14.0, "sl_k": 0.35, "sl_ref": 1, "tp_r": 3, "trail_r": 0.5}
s02_net|IS|{"be_r": 1, "exit_time": 16.0, "sl_k": 0.35, "sl_ref": 1, "tp_r": 3, "trail_r": 0.5}
s02_net|IS|{"be_r": 1, "exit_time": 18.0, "sl_k": 0.35, "sl_ref": 1, "tp_r": 3, "trail_r": 0.5}
s02_net|IS|{"be_r": 1, "sl_k": 0.35, "sl_ref": 1, "tp_r": 3, "trail_r": 0.5}
s02_net|IS|{"be_r": 1, "exit_time": 21.0, "sl_k": 0.35, "sl_ref": 1, "tp_r": 3, "trail_r": 0.5}
s02_net|IS|{"be_r": 1, "exit_time": 14.0, "sl_k": 0.35, "sl_ref": 1, "tp_r": 3, "trail_r": 1}
s02_net|IS|{"be_r": 1, "exit_time": 16.0, "sl_k": 0.35, "sl_ref": 1, "tp_r": 3, "trail_r": 1}
s02_net|IS|{"be_r": 1, "exit_time": 18.0, "sl_k": 0.35, "sl_ref": 1, "tp_r": 3, "trail_r": 1}
s02_net|IS|{"be_r": 1, "sl_k": 0.35, "sl_ref": 1, "tp_r": 3, "trail_r": 1}
s02_net|IS|{"be_r": 1, "exit_time": 21.0, "sl_k": 0.35, "sl_ref": 1, "tp_r": 3, "trail_r": 1}
s02_net|IS|{"be_r": 1, "exit_time": 14.0, "sl_k": 0.35, "sl_ref": 1, "tp_r": 3, "trail_r": 1.5}
s02_net|IS|{"be_r": 1, "exit_time": 16.0, "sl_k": 0.35, "sl_ref": 1, "tp_r": 3, "trail_r": 1.5}
s02_net|IS|{"be_r": 1, "exit_time": 18.0, "sl_k": 0.35, "sl_ref": 1, "tp_r": 3, "trail_r": 1.5}
s02_net|IS|{"be_r": 1, "sl_k": 0.35, "sl_ref": 1, "tp_r": 3, "trail_r": 1.5}
s02_net|IS|{"be_r": 1, "exit_time": 21.0, "sl_k": 0.35, "sl_ref": 1, "tp_r": 3, "trail_r": 1.5}
s02_net|IS|{"be_r": 1, "exit_time": 14.0, "sl_k": 0.35, "sl_ref": 1, "tp_r": 3, "trail_r": 2}
s02_net|IS|{"be_r": 1, "exit_time": 16.0, "sl_k": 0.35, "sl_ref": 1, "tp_r": 3, "trail_r": 2}
s02_net|IS|{"be_r": 1, "exit_time": 18.0, "sl_k": 0.35, "sl_ref": 1, "tp_r": 3, "trail_r": 2}
s02_net|IS|{"be_r": 1, "sl_k": 0.35, "sl_ref": 1, "tp_r": 3, "trail_r": 2}
s02_net|IS|{"be_r": 1, "exit_time": 21.0, "sl_k": 0.35, "sl_ref": 1, "tp_r": 3, "trail_r": 2}
s02_net|IS|{"exit_time": 14.0, "sl_k": 0.35, "sl_ref": 1, "tp_r": 4}
s02_net|IS|{"exit_time": 16.0, "sl_k": 0.35, "sl_ref": 1, "tp_r": 4}
s02_net|IS|{"exit_time": 18.0, "sl_k": 0.35, "sl_ref": 1, "tp_r": 4}
s02_net|IS|{"sl_k": 0.35, "sl_ref": 1, "tp_r": 4}
s02_net|IS|{"exit_time": 21.0, "sl_k": 0.35, "sl_ref": 1, "tp_r": 4}
s02_net|IS|{"exit_time": 14.0, "sl_k": 0.35, "sl_ref": 1, "tp_r": 4, "trail_r": 0.5}
s02_net|IS|{"exit_time": 16.0, "sl_k": 0.35, "sl_ref": 1, "tp_r": 4, "trail_r": 0.5}
s02_net|IS|{"exit_time": 18.0, "sl_k": 0.35, "sl_ref": 1, "tp_r": 4, "trail_r": 0.5}
s02_net|IS|{"sl_k": 0.35, "sl_ref": 1, "tp_r": 4, "trail_r": 0.5}
s02_net|IS|{"exit_time": 21.0, "sl_k": 0.35, "sl_ref": 1, "tp_r": 4, "trail_r": 0.5}
s02_net|IS|{"exit_time": 14.0, "sl_k": 0.35, "sl_ref": 1, "tp_r": 4, "trail_r": 1}
s02_net|IS|{"exit_time": 16.0, "sl_k": 0.35, "sl_ref": 1, "tp_r": 4, "trail_r": 1}
s02_net|IS|{"exit_time": 18.0, "sl_k": 0.35, "sl_ref": 1, "tp_r": 4, "trail_r": 1}
s02_net|IS|{"sl_k": 0.35, "sl_ref": 1, "tp_r": 4, "trail_r": 1}
s02_net|IS|{"exit_time": 21.0, "sl_k": 0.35, "sl_ref": 1, "tp_r": 4, "trail_r": 1}
s02_net|IS|{"exit_time": 14.0, "sl_k": 0.35, "sl_ref": 1, "tp_r": 4, "trail_r": 1.5}
s02_net|IS|{"exit_time": 16.0, "sl_k": 0.35, "sl_ref": 1, "tp_r": 4, "trail_r": 1.5}
s02_net|IS|{"exit_time": 18.0, "sl_k": 0.35, "sl_ref": 1, "tp_r": 4, "trail_r": 1.5}
s02_net|IS|{"sl_k": 0.35, "sl_ref": 1, "tp_r": 4, "trail_r": 1.5}
s02_net|IS|{"exit_time": 21.0, "sl_k": 0.35, "sl_ref": 1, "tp_r": 4, "trail_r": 1.5}
s02_net|IS|{"exit_time": 14.0, "sl_k": 0.35, "sl_ref": 1, "tp_r": 4, "trail_r": 2}
s02_net|IS|{"exit_time": 16.0, "sl_k": 0.35, "sl_ref": 1, "tp_r": 4, "trail_r": 2}
s02_net|IS|{"exit_time": 18.0, "sl_k": 0.35, "sl_ref": 1, "tp_r": 4, "trail_r": 2}
s02_net|IS|{"sl_k": 0.35, "sl_ref": 1, "tp_r": 4, "trail_r": 2}
s02_net|IS|{"exit_time": 21.0, "sl_k": 0.35, "sl_ref": 1, "tp_r": 4, "trail_r": 2}
s02_net|IS|{"be_r": 0.5, "exit_time": 14.0, "sl_k": 0.35, "sl_ref": 1, "tp_r": 4}
s02_net|IS|{"be_r": 0.5, "exit_time": 16.0, "sl_k": 0.35, "sl_ref": 1, "tp_r": 4}
s02_net|IS|{"be_r": 0.5, "exit_time": 18.0, "sl_k": 0.35, "sl_ref": 1, "tp_r": 4}
s02_net|IS|{"be_r": 0.5, "sl_k": 0.35, "sl_ref": 1, "tp_r": 4}
s02_net|IS|{"be_r": 0.5, "exit_time": 21.0, "sl_k": 0.35, "sl_ref": 1, "tp_r": 4}
s02_net|IS|{"be_r": 0.5, "exit_time": 14.0, "sl_k": 0.35, "sl_ref": 1, "tp_r": 4, "trail_r": 0.5}
s02_net|IS|{"be_r": 0.5, "exit_time": 16.0, "sl_k": 0.35, "sl_ref": 1, "tp_r": 4, "trail_r": 0.5}
s02_net|IS|{"be_r": 0.5, "exit_time": 18.0, "sl_k": 0.35, "sl_ref": 1, "tp_r": 4, "trail_r": 0.5}
s02_net|IS|{"be_r": 0.5, "sl_k": 0.35, "sl_ref": 1, "tp_r": 4, "trail_r": 0.5}
s02_net|IS|{"be_r": 0.5, "exit_time": 21.0, "sl_k": 0.35, "sl_ref": 1, "tp_r": 4, "trail_r": 0.5}
s02_net|IS|{"be_r": 0.5, "exit_time": 14.0, "sl_k": 0.35, "sl_ref": 1, "tp_r": 4, "trail_r": 1}
s02_net|IS|{"be_r": 0.5, "exit_time": 16.0, "sl_k": 0.35, "sl_ref": 1, "tp_r": 4, "trail_r": 1}
s02_net|IS|{"be_r": 0.5, "exit_time": 18.0, "sl_k": 0.35, "sl_ref": 1, "tp_r": 4, "trail_r": 1}
s02_net|IS|{"be_r": 0.5, "sl_k": 0.35, "sl_ref": 1, "tp_r": 4, "trail_r": 1}
s02_net|IS|{"be_r": 0.5, "exit_time": 21.0, "sl_k": 0.35, "sl_ref": 1, "tp_r": 4, "trail_r": 1}
s02_net|IS|{"be_r": 0.5, "exit_time": 14.0, "sl_k": 0.35, "sl_ref": 1, "tp_r": 4, "trail_r": 1.5}
s02_net|IS|{"be_r": 0.5, "exit_time": 16.0, "sl_k": 0.35, "sl_ref": 1, "tp_r": 4, "trail_r": 1.5}
s02_net|IS|{"be_r": 0.5, "exit_time": 18.0, "sl_k": 0.35, "sl_ref": 1, "tp_r": 4, "trail_r": 1.5}
s02_net|IS|{"be_r": 0.5, "sl_k": 0.35, "sl_ref": 1, "tp_r": 4, "trail_r": 1.5}
s02_net|IS|{"be_r": 0.5, "exit_time": 21.0, "sl_k": 0.35, "sl_ref": 1, "tp_r": 4, "trail_r": 1.5}
s02_net|IS|{"be_r": 0.5, "exit_time": 14.0, "sl_k": 0.35, "sl_ref": 1, "tp_r": 4, "trail_r": 2}
s02_net|IS|{"be_r": 0.5, "exit_time": 16.0, "sl_k": 0.35, "sl_ref": 1, "tp_r": 4, "trail_r": 2}
s02_net|IS|{"be_r": 0.5, "exit_time": 18.0, "sl_k": 0.35, "sl_ref": 1, "tp_r": 4, "trail_r": 2}
s02_net|IS|{"be_r": 0.5, "sl_k": 0.35, "sl_ref": 1, "tp_r": 4, "trail_r": 2}
s02_net|IS|{"be_r": 0.5, "exit_time": 21.0, "sl_k": 0.35, "sl_ref": 1, "tp_r": 4, "trail_r": 2}
s02_net|IS|{"be_r": 1, "exit_time": 14.0, "sl_k": 0.35, "sl_ref": 1, "tp_r": 4}
s02_net|IS|{"be_r": 1, "exit_time": 16.0, "sl_k": 0.35, "sl_ref": 1, "tp_r": 4}
s02_net|IS|{"be_r": 1, "exit_time": 18.0, "sl_k": 0.35, "sl_ref": 1, "tp_r": 4}
s02_net|IS|{"be_r": 1, "sl_k": 0.35, "sl_ref": 1, "tp_r": 4}
s02_net|IS|{"be_r": 1, "exit_time": 21.0, "sl_k": 0.35, "sl_ref": 1, "tp_r": 4}
s02_net|IS|{"be_r": 1, "exit_time": 14.0, "sl_k": 0.35, "sl_ref": 1, "tp_r": 4, "trail_r": 0.5}
s02_net|IS|{"be_r": 1, "exit_time": 16.0, "sl_k": 0.35, "sl_ref": 1, "tp_r": 4, "trail_r": 0.5}
s02_net|IS|{"be_r": 1, "exit_time": 18.0, "sl_k": 0.35, "sl_ref": 1, "tp_r": 4, "trail_r": 0.5}
s02_net|IS|{"be_r": 1, "sl_k": 0.35, "sl_ref": 1, "tp_r": 4, "trail_r": 0.5}
s02_net|IS|{"be_r": 1, "exit_time": 21.0, "sl_k": 0.35, "sl_ref": 1, "tp_r": 4, "trail_r": 0.5}
s02_net|IS|{"be_r": 1, "exit_time": 14.0, "sl_k": 0.35, "sl_ref": 1, "tp_r": 4, "trail_r": 1}
s02_net|IS|{"be_r": 1, "exit_time": 16.0, "sl_k": 0.35, "sl_ref": 1, "tp_r": 4, "trail_r": 1}
s02_net|IS|{"be_r": 1, "exit_time": 18.0, "sl_k": 0.35, "sl_ref": 1, "tp_r": 4, "trail_r": 1}
s02_net|IS|{"be_r": 1, "sl_k": 0.35, "sl_ref": 1, "tp_r": 4, "trail_r": 1}
s02_net|IS|{"be_r": 1, "exit_time": 21.0, "sl_k": 0.35, "sl_ref": 1, "tp_r": 4, "trail_r": 1}
s02_net|IS|{"be_r": 1, "exit_time": 14.0, "sl_k": 0.35, "sl_ref": 1, "tp_r": 4, "trail_r": 1.5}
s02_net|IS|{"be_r": 1, "exit_time": 16.0, "sl_k": 0.35, "sl_ref": 1, "tp_r": 4, "trail_r": 1.5}
s02_net|IS|{"be_r": 1, "exit_time": 18.0, "sl_k": 0.35, "sl_ref": 1, "tp_r": 4, "trail_r": 1.5}
s02_net|IS|{"be_r": 1, "sl_k": 0.35, "sl_ref": 1, "tp_r": 4, "trail_r": 1.5}
s02_net|IS|{"be_r": 1, "exit_time": 21.0, "sl_k": 0.35, "sl_ref": 1, "tp_r": 4, "trail_r": 1.5}
s02_net|IS|{"be_r": 1, "exit_time": 14.0, "sl_k": 0.35, "sl_ref": 1, "tp_r": 4, "trail_r": 2}
s02_net|IS|{"be_r": 1, "exit_time": 16.0, "sl_k": 0.35, "sl_ref": 1, "tp_r": 4, "trail_r": 2}
s02_net|IS|{"be_r": 1, "exit_time": 18.0, "sl_k": 0.35, "sl_ref": 1, "tp_r": 4, "trail_r": 2}
s02_net|IS|{"be_r": 1, "sl_k": 0.35, "sl_ref": 1, "tp_r": 4, "trail_r": 2}
s02_net|IS|{"be_r": 1, "exit_time": 21.0, "sl_k": 0.35, "sl_ref": 1, "tp_r": 4, "trail_r": 2}
s02_net|IS|{"exit_time": 14.0, "sl_k": 0.5, "sl_ref": 1}
s02_net|IS|{"exit_time": 16.0, "sl_k": 0.5, "sl_ref": 1}
s02_net|IS|{"exit_time": 18.0, "sl_k": 0.5, "sl_ref": 1}
s02_net|IS|{"sl_k": 0.5, "sl_ref": 1}
s02_net|IS|{"exit_time": 21.0, "sl_k": 0.5, "sl_ref": 1}
s02_net|IS|{"exit_time": 14.0, "sl_k": 0.5, "sl_ref": 1, "trail_r": 0.5}
s02_net|IS|{"exit_time": 16.0, "sl_k": 0.5, "sl_ref": 1, "trail_r": 0.5}
s02_net|IS|{"exit_time": 18.0, "sl_k": 0.5, "sl_ref": 1, "trail_r": 0.5}
s02_net|IS|{"sl_k": 0.5, "sl_ref": 1, "trail_r": 0.5}
s02_net|IS|{"exit_time": 21.0, "sl_k": 0.5, "sl_ref": 1, "trail_r": 0.5}
s02_net|IS|{"exit_time": 14.0, "sl_k": 0.5, "sl_ref": 1, "trail_r": 1}
s02_net|IS|{"exit_time": 16.0, "sl_k": 0.5, "sl_ref": 1, "trail_r": 1}
s02_net|IS|{"exit_time": 18.0, "sl_k": 0.5, "sl_ref": 1, "trail_r": 1}
s02_net|IS|{"sl_k": 0.5, "sl_ref": 1, "trail_r": 1}
s02_net|IS|{"exit_time": 21.0, "sl_k": 0.5, "sl_ref": 1, "trail_r": 1}
s02_net|IS|{"exit_time": 14.0, "sl_k": 0.5, "sl_ref": 1, "trail_r": 1.5}
s02_net|IS|{"exit_time": 16.0, "sl_k": 0.5, "sl_ref": 1, "trail_r": 1.5}
s02_net|IS|{"exit_time": 18.0, "sl_k": 0.5, "sl_ref": 1, "trail_r": 1.5}
s02_net|IS|{"sl_k": 0.5, "sl_ref": 1, "trail_r": 1.5}
s02_net|IS|{"exit_time": 21.0, "sl_k": 0.5, "sl_ref": 1, "trail_r": 1.5}
s02_net|IS|{"exit_time": 14.0, "sl_k": 0.5, "sl_ref": 1, "trail_r": 2}
s02_net|IS|{"exit_time": 16.0, "sl_k": 0.5, "sl_ref": 1, "trail_r": 2}
s02_net|IS|{"exit_time": 18.0, "sl_k": 0.5, "sl_ref": 1, "trail_r": 2}
s02_net|IS|{"sl_k": 0.5, "sl_ref": 1, "trail_r": 2}
s02_net|IS|{"exit_time": 21.0, "sl_k": 0.5, "sl_ref": 1, "trail_r": 2}
s02_net|IS|{"be_r": 0.5, "exit_time": 14.0, "sl_k": 0.5, "sl_ref": 1}
s02_net|IS|{"be_r": 0.5, "exit_time": 16.0, "sl_k": 0.5, "sl_ref": 1}
s02_net|IS|{"be_r": 0.5, "exit_time": 18.0, "sl_k": 0.5, "sl_ref": 1}
s02_net|IS|{"be_r": 0.5, "sl_k": 0.5, "sl_ref": 1}
s02_net|IS|{"be_r": 0.5, "exit_time": 21.0, "sl_k": 0.5, "sl_ref": 1}
s02_net|IS|{"be_r": 0.5, "exit_time": 14.0, "sl_k": 0.5, "sl_ref": 1, "trail_r": 0.5}
s02_net|IS|{"be_r": 0.5, "exit_time": 16.0, "sl_k": 0.5, "sl_ref": 1, "trail_r": 0.5}
s02_net|IS|{"be_r": 0.5, "exit_time": 18.0, "sl_k": 0.5, "sl_ref": 1, "trail_r": 0.5}
s02_net|IS|{"be_r": 0.5, "sl_k": 0.5, "sl_ref": 1, "trail_r": 0.5}
s02_net|IS|{"be_r": 0.5, "exit_time": 21.0, "sl_k": 0.5, "sl_ref": 1, "trail_r": 0.5}
s02_net|IS|{"be_r": 0.5, "exit_time": 14.0, "sl_k": 0.5, "sl_ref": 1, "trail_r": 1}
s02_net|IS|{"be_r": 0.5, "exit_time": 16.0, "sl_k": 0.5, "sl_ref": 1, "trail_r": 1}
s02_net|IS|{"be_r": 0.5, "exit_time": 18.0, "sl_k": 0.5, "sl_ref": 1, "trail_r": 1}
s02_net|IS|{"be_r": 0.5, "sl_k": 0.5, "sl_ref": 1, "trail_r": 1}
s02_net|IS|{"be_r": 0.5, "exit_time": 21.0, "sl_k": 0.5, "sl_ref": 1, "trail_r": 1}
s02_net|IS|{"be_r": 0.5, "exit_time": 14.0, "sl_k": 0.5, "sl_ref": 1, "trail_r": 1.5}
s02_net|IS|{"be_r": 0.5, "exit_time": 16.0, "sl_k": 0.5, "sl_ref": 1, "trail_r": 1.5}
s02_net|IS|{"be_r": 0.5, "exit_time": 18.0, "sl_k": 0.5, "sl_ref": 1, "trail_r": 1.5}
s02_net|IS|{"be_r": 0.5, "sl_k": 0.5, "sl_ref": 1, "trail_r": 1.5}
s02_net|IS|{"be_r": 0.5, "exit_time": 21.0, "sl_k": 0.5, "sl_ref": 1, "trail_r": 1.5}
s02_net|IS|{"be_r": 0.5, "exit_time": 14.0, "sl_k": 0.5, "sl_ref": 1, "trail_r": 2}
s02_net|IS|{"be_r": 0.5, "exit_time": 16.0, "sl_k": 0.5, "sl_ref": 1, "trail_r": 2}
s02_net|IS|{"be_r": 0.5, "exit_time": 18.0, "sl_k": 0.5, "sl_ref": 1, "trail_r": 2}
s02_net|IS|{"be_r": 0.5, "sl_k": 0.5, "sl_ref": 1, "trail_r": 2}
s02_net|IS|{"be_r": 0.5, "exit_time": 21.0, "sl_k": 0.5, "sl_ref": 1, "trail_r": 2}
s02_net|IS|{"be_r": 1, "exit_time": 14.0, "sl_k": 0.5, "sl_ref": 1}
s02_net|IS|{"be_r": 1, "exit_time": 16.0, "sl_k": 0.5, "sl_ref": 1}
s02_net|IS|{"be_r": 1, "exit_time": 18.0, "sl_k": 0.5, "sl_ref": 1}
s02_net|IS|{"be_r": 1, "sl_k": 0.5, "sl_ref": 1}
s02_net|IS|{"be_r": 1, "exit_time": 21.0, "sl_k": 0.5, "sl_ref": 1}
s02_net|IS|{"be_r": 1, "exit_time": 14.0, "sl_k": 0.5, "sl_ref": 1, "trail_r": 0.5}
s02_net|IS|{"be_r": 1, "exit_time": 16.0, "sl_k": 0.5, "sl_ref": 1, "trail_r": 0.5}
s02_net|IS|{"be_r": 1, "exit_time": 18.0, "sl_k": 0.5, "sl_ref": 1, "trail_r": 0.5}
s02_net|IS|{"be_r": 1, "sl_k": 0.5, "sl_ref": 1, "trail_r": 0.5}
s02_net|IS|{"be_r": 1, "exit_time": 21.0, "sl_k": 0.5, "sl_ref": 1, "trail_r": 0.5}
s02_net|IS|{"be_r": 1, "exit_time": 14.0, "sl_k": 0.5, "sl_ref": 1, "trail_r": 1}
s02_net|IS|{"be_r": 1, "exit_time": 16.0, "sl_k": 0.5, "sl_ref": 1, "trail_r": 1}
s02_net|IS|{"be_r": 1, "exit_time": 18.0, "sl_k": 0.5, "sl_ref": 1, "trail_r": 1}
s02_net|IS|{"be_r": 1, "sl_k": 0.5, "sl_ref": 1, "trail_r": 1}
s02_net|IS|{"be_r": 1, "exit_time": 21.0, "sl_k": 0.5, "sl_ref": 1, "trail_r": 1}
s02_net|IS|{"be_r": 1, "exit_time": 14.0, "sl_k": 0.5, "sl_ref": 1, "trail_r": 1.5}
s02_net|IS|{"be_r": 1, "exit_time": 16.0, "sl_k": 0.5, "sl_ref": 1, "trail_r": 1.5}
s02_net|IS|{"be_r": 1, "exit_time": 18.0, "sl_k": 0.5, "sl_ref": 1, "trail_r": 1.5}
s02_net|IS|{"be_r": 1, "sl_k": 0.5, "sl_ref": 1, "trail_r": 1.5}
s02_net|IS|{"be_r": 1, "exit_time": 21.0, "sl_k": 0.5, "sl_ref": 1, "trail_r": 1.5}
s02_net|IS|{"be_r": 1, "exit_time": 14.0, "sl_k": 0.5, "sl_ref": 1, "trail_r": 2}
s02_net|IS|{"be_r": 1, "exit_time": 16.0, "sl_k": 0.5, "sl_ref": 1, "trail_r": 2}
s02_net|IS|{"be_r": 1, "exit_time": 18.0, "sl_k": 0.5, "sl_ref": 1, "trail_r": 2}
s02_net|IS|{"be_r": 1, "sl_k": 0.5, "sl_ref": 1, "trail_r": 2}
s02_net|IS|{"be_r": 1, "exit_time": 21.0, "sl_k": 0.5, "sl_ref": 1, "trail_r": 2}
s02_net|IS|{"exit_time": 14.0, "sl_k": 0.5, "sl_ref": 1, "tp_r": 1}
s02_net|IS|{"exit_time": 16.0, "sl_k": 0.5, "sl_ref": 1, "tp_r": 1}
s02_net|IS|{"exit_time": 18.0, "sl_k": 0.5, "sl_ref": 1, "tp_r": 1}
s02_net|IS|{"sl_k": 0.5, "sl_ref": 1, "tp_r": 1}
s02_net|IS|{"exit_time": 21.0, "sl_k": 0.5, "sl_ref": 1, "tp_r": 1}
s02_net|IS|{"exit_time": 14.0, "sl_k": 0.5, "sl_ref": 1, "tp_r": 1, "trail_r": 0.5}
s02_net|IS|{"exit_time": 16.0, "sl_k": 0.5, "sl_ref": 1, "tp_r": 1, "trail_r": 0.5}
s02_net|IS|{"exit_time": 18.0, "sl_k": 0.5, "sl_ref": 1, "tp_r": 1, "trail_r": 0.5}
s02_net|IS|{"sl_k": 0.5, "sl_ref": 1, "tp_r": 1, "trail_r": 0.5}
s02_net|IS|{"exit_time": 21.0, "sl_k": 0.5, "sl_ref": 1, "tp_r": 1, "trail_r": 0.5}
s02_net|IS|{"exit_time": 14.0, "sl_k": 0.5, "sl_ref": 1, "tp_r": 1, "trail_r": 1}
s02_net|IS|{"exit_time": 16.0, "sl_k": 0.5, "sl_ref": 1, "tp_r": 1, "trail_r": 1}
s02_net|IS|{"exit_time": 18.0, "sl_k": 0.5, "sl_ref": 1, "tp_r": 1, "trail_r": 1}
s02_net|IS|{"sl_k": 0.5, "sl_ref": 1, "tp_r": 1, "trail_r": 1}
s02_net|IS|{"exit_time": 21.0, "sl_k": 0.5, "sl_ref": 1, "tp_r": 1, "trail_r": 1}
s02_net|IS|{"exit_time": 14.0, "sl_k": 0.5, "sl_ref": 1, "tp_r": 1, "trail_r": 1.5}
s02_net|IS|{"exit_time": 16.0, "sl_k": 0.5, "sl_ref": 1, "tp_r": 1, "trail_r": 1.5}
s02_net|IS|{"exit_time": 18.0, "sl_k": 0.5, "sl_ref": 1, "tp_r": 1, "trail_r": 1.5}
s02_net|IS|{"sl_k": 0.5, "sl_ref": 1, "tp_r": 1, "trail_r": 1.5}
s02_net|IS|{"exit_time": 21.0, "sl_k": 0.5, "sl_ref": 1, "tp_r": 1, "trail_r": 1.5}
s02_net|IS|{"exit_time": 14.0, "sl_k": 0.5, "sl_ref": 1, "tp_r": 1, "trail_r": 2}
s02_net|IS|{"exit_time": 16.0, "sl_k": 0.5, "sl_ref": 1, "tp_r": 1, "trail_r": 2}
s02_net|IS|{"exit_time": 18.0, "sl_k": 0.5, "sl_ref": 1, "tp_r": 1, "trail_r": 2}
s02_net|IS|{"sl_k": 0.5, "sl_ref": 1, "tp_r": 1, "trail_r": 2}
s02_net|IS|{"exit_time": 21.0, "sl_k": 0.5, "sl_ref": 1, "tp_r": 1, "trail_r": 2}
s02_net|IS|{"be_r": 0.5, "exit_time": 14.0, "sl_k": 0.5, "sl_ref": 1, "tp_r": 1}
s02_net|IS|{"be_r": 0.5, "exit_time": 16.0, "sl_k": 0.5, "sl_ref": 1, "tp_r": 1}
s02_net|IS|{"be_r": 0.5, "exit_time": 18.0, "sl_k": 0.5, "sl_ref": 1, "tp_r": 1}
s02_net|IS|{"be_r": 0.5, "sl_k": 0.5, "sl_ref": 1, "tp_r": 1}
s02_net|IS|{"be_r": 0.5, "exit_time": 21.0, "sl_k": 0.5, "sl_ref": 1, "tp_r": 1}
s02_net|IS|{"be_r": 0.5, "exit_time": 14.0, "sl_k": 0.5, "sl_ref": 1, "tp_r": 1, "trail_r": 0.5}
s02_net|IS|{"be_r": 0.5, "exit_time": 16.0, "sl_k": 0.5, "sl_ref": 1, "tp_r": 1, "trail_r": 0.5}
s02_net|IS|{"be_r": 0.5, "exit_time": 18.0, "sl_k": 0.5, "sl_ref": 1, "tp_r": 1, "trail_r": 0.5}
s02_net|IS|{"be_r": 0.5, "sl_k": 0.5, "sl_ref": 1, "tp_r": 1, "trail_r": 0.5}
s02_net|IS|{"be_r": 0.5, "exit_time": 21.0, "sl_k": 0.5, "sl_ref": 1, "tp_r": 1, "trail_r": 0.5}
s02_net|IS|{"be_r": 0.5, "exit_time": 14.0, "sl_k": 0.5, "sl_ref": 1, "tp_r": 1, "trail_r": 1}
s02_net|IS|{"be_r": 0.5, "exit_time": 16.0, "sl_k": 0.5, "sl_ref": 1, "tp_r": 1, "trail_r": 1}
s02_net|IS|{"be_r": 0.5, "exit_time": 18.0, "sl_k": 0.5, "sl_ref": 1, "tp_r": 1, "trail_r": 1}
s02_net|IS|{"be_r": 0.5, "sl_k": 0.5, "sl_ref": 1, "tp_r": 1, "trail_r": 1}
s02_net|IS|{"be_r": 0.5, "exit_time": 21.0, "sl_k": 0.5, "sl_ref": 1, "tp_r": 1, "trail_r": 1}
s02_net|IS|{"be_r": 0.5, "exit_time": 14.0, "sl_k": 0.5, "sl_ref": 1, "tp_r": 1, "trail_r": 1.5}
s02_net|IS|{"be_r": 0.5, "exit_time": 16.0, "sl_k": 0.5, "sl_ref": 1, "tp_r": 1, "trail_r": 1.5}
s02_net|IS|{"be_r": 0.5, "exit_time": 18.0, "sl_k": 0.5, "sl_ref": 1, "tp_r": 1, "trail_r": 1.5}
s02_net|IS|{"be_r": 0.5, "sl_k": 0.5, "sl_ref": 1, "tp_r": 1, "trail_r": 1.5}
s02_net|IS|{"be_r": 0.5, "exit_time": 21.0, "sl_k": 0.5, "sl_ref": 1, "tp_r": 1, "trail_r": 1.5}
s02_net|IS|{"be_r": 0.5, "exit_time": 14.0, "sl_k": 0.5, "sl_ref": 1, "tp_r": 1, "trail_r": 2}
s02_net|IS|{"be_r": 0.5, "exit_time": 16.0, "sl_k": 0.5, "sl_ref": 1, "tp_r": 1, "trail_r": 2}
s02_net|IS|{"be_r": 0.5, "exit_time": 18.0, "sl_k": 0.5, "sl_ref": 1, "tp_r": 1, "trail_r": 2}
s02_net|IS|{"be_r": 0.5, "sl_k": 0.5, "sl_ref": 1, "tp_r": 1, "trail_r": 2}
s02_net|IS|{"be_r": 0.5, "exit_time": 21.0, "sl_k": 0.5, "sl_ref": 1, "tp_r": 1, "trail_r": 2}
s02_net|IS|{"be_r": 1, "exit_time": 14.0, "sl_k": 0.5, "sl_ref": 1, "tp_r": 1}
s02_net|IS|{"be_r": 1, "exit_time": 16.0, "sl_k": 0.5, "sl_ref": 1, "tp_r": 1}
s02_net|IS|{"be_r": 1, "exit_time": 18.0, "sl_k": 0.5, "sl_ref": 1, "tp_r": 1}
s02_net|IS|{"be_r": 1, "sl_k": 0.5, "sl_ref": 1, "tp_r": 1}
s02_net|IS|{"be_r": 1, "exit_time": 21.0, "sl_k": 0.5, "sl_ref": 1, "tp_r": 1}
s02_net|IS|{"be_r": 1, "exit_time": 14.0, "sl_k": 0.5, "sl_ref": 1, "tp_r": 1, "trail_r": 0.5}
s02_net|IS|{"be_r": 1, "exit_time": 16.0, "sl_k": 0.5, "sl_ref": 1, "tp_r": 1, "trail_r": 0.5}
s02_net|IS|{"be_r": 1, "exit_time": 18.0, "sl_k": 0.5, "sl_ref": 1, "tp_r": 1, "trail_r": 0.5}
s02_net|IS|{"be_r": 1, "sl_k": 0.5, "sl_ref": 1, "tp_r": 1, "trail_r": 0.5}
s02_net|IS|{"be_r": 1, "exit_time": 21.0, "sl_k": 0.5, "sl_ref": 1, "tp_r": 1, "trail_r": 0.5}
s02_net|IS|{"be_r": 1, "exit_time": 14.0, "sl_k": 0.5, "sl_ref": 1, "tp_r": 1, "trail_r": 1}
s02_net|IS|{"be_r": 1, "exit_time": 16.0, "sl_k": 0.5, "sl_ref": 1, "tp_r": 1, "trail_r": 1}
s02_net|IS|{"be_r": 1, "exit_time": 18.0, "sl_k": 0.5, "sl_ref": 1, "tp_r": 1, "trail_r": 1}
s02_net|IS|{"be_r": 1, "sl_k": 0.5, "sl_ref": 1, "tp_r": 1, "trail_r": 1}
s02_net|IS|{"be_r": 1, "exit_time": 21.0, "sl_k": 0.5, "sl_ref": 1, "tp_r": 1, "trail_r": 1}
s02_net|IS|{"be_r": 1, "exit_time": 14.0, "sl_k": 0.5, "sl_ref": 1, "tp_r": 1, "trail_r": 1.5}
s02_net|IS|{"be_r": 1, "exit_time": 16.0, "sl_k": 0.5, "sl_ref": 1, "tp_r": 1, "trail_r": 1.5}
s02_net|IS|{"be_r": 1, "exit_time": 18.0, "sl_k": 0.5, "sl_ref": 1, "tp_r": 1, "trail_r": 1.5}
s02_net|IS|{"be_r": 1, "sl_k": 0.5, "sl_ref": 1, "tp_r": 1, "trail_r": 1.5}
s02_net|IS|{"be_r": 1, "exit_time": 21.0, "sl_k": 0.5, "sl_ref": 1, "tp_r": 1, "trail_r": 1.5}
s02_net|IS|{"be_r": 1, "exit_time": 14.0, "sl_k": 0.5, "sl_ref": 1, "tp_r": 1, "trail_r": 2}
s02_net|IS|{"be_r": 1, "exit_time": 16.0, "sl_k": 0.5, "sl_ref": 1, "tp_r": 1, "trail_r": 2}
s02_net|IS|{"be_r": 1, "exit_time": 18.0, "sl_k": 0.5, "sl_ref": 1, "tp_r": 1, "trail_r": 2}
s02_net|IS|{"be_r": 1, "sl_k": 0.5, "sl_ref": 1, "tp_r": 1, "trail_r": 2}
s02_net|IS|{"be_r": 1, "exit_time": 21.0, "sl_k": 0.5, "sl_ref": 1, "tp_r": 1, "trail_r": 2}
s02_net|IS|{"exit_time": 14.0, "sl_k": 0.5, "sl_ref": 1, "tp_r": 1.5}
s02_net|IS|{"exit_time": 16.0, "sl_k": 0.5, "sl_ref": 1, "tp_r": 1.5}
s02_net|IS|{"exit_time": 18.0, "sl_k": 0.5, "sl_ref": 1, "tp_r": 1.5}
s02_net|IS|{"sl_k": 0.5, "sl_ref": 1, "tp_r": 1.5}
s02_net|IS|{"exit_time": 21.0, "sl_k": 0.5, "sl_ref": 1, "tp_r": 1.5}
s02_net|IS|{"exit_time": 14.0, "sl_k": 0.5, "sl_ref": 1, "tp_r": 1.5, "trail_r": 0.5}
s02_net|IS|{"exit_time": 16.0, "sl_k": 0.5, "sl_ref": 1, "tp_r": 1.5, "trail_r": 0.5}
s02_net|IS|{"exit_time": 18.0, "sl_k": 0.5, "sl_ref": 1, "tp_r": 1.5, "trail_r": 0.5}
s02_net|IS|{"sl_k": 0.5, "sl_ref": 1, "tp_r": 1.5, "trail_r": 0.5}
s02_net|IS|{"exit_time": 21.0, "sl_k": 0.5, "sl_ref": 1, "tp_r": 1.5, "trail_r": 0.5}
s02_net|IS|{"exit_time": 14.0, "sl_k": 0.5, "sl_ref": 1, "tp_r": 1.5, "trail_r": 1}
s02_net|IS|{"exit_time": 16.0, "sl_k": 0.5, "sl_ref": 1, "tp_r": 1.5, "trail_r": 1}
s02_net|IS|{"exit_time": 18.0, "sl_k": 0.5, "sl_ref": 1, "tp_r": 1.5, "trail_r": 1}
s02_net|IS|{"sl_k": 0.5, "sl_ref": 1, "tp_r": 1.5, "trail_r": 1}
s02_net|IS|{"exit_time": 21.0, "sl_k": 0.5, "sl_ref": 1, "tp_r": 1.5, "trail_r": 1}
s02_net|IS|{"exit_time": 14.0, "sl_k": 0.5, "sl_ref": 1, "tp_r": 1.5, "trail_r": 1.5}
s02_net|IS|{"exit_time": 16.0, "sl_k": 0.5, "sl_ref": 1, "tp_r": 1.5, "trail_r": 1.5}
s02_net|IS|{"exit_time": 18.0, "sl_k": 0.5, "sl_ref": 1, "tp_r": 1.5, "trail_r": 1.5}
s02_net|IS|{"sl_k": 0.5, "sl_ref": 1, "tp_r": 1.5, "trail_r": 1.5}
s02_net|IS|{"exit_time": 21.0, "sl_k": 0.5, "sl_ref": 1, "tp_r": 1.5, "trail_r": 1.5}
s02_net|IS|{"exit_time": 14.0, "sl_k": 0.5, "sl_ref": 1, "tp_r": 1.5, "trail_r": 2}
s02_net|IS|{"exit_time": 16.0, "sl_k": 0.5, "sl_ref": 1, "tp_r": 1.5, "trail_r": 2}
s02_net|IS|{"exit_time": 18.0, "sl_k": 0.5, "sl_ref": 1, "tp_r": 1.5, "trail_r": 2}
s02_net|IS|{"sl_k": 0.5, "sl_ref": 1, "tp_r": 1.5, "trail_r": 2}
s02_net|IS|{"exit_time": 21.0, "sl_k": 0.5, "sl_ref": 1, "tp_r": 1.5, "trail_r": 2}
s02_net|IS|{"be_r": 0.5, "exit_time": 14.0, "sl_k": 0.5, "sl_ref": 1, "tp_r": 1.5}
s02_net|IS|{"be_r": 0.5, "exit_time": 16.0, "sl_k": 0.5, "sl_ref": 1, "tp_r": 1.5}
s02_net|IS|{"be_r": 0.5, "exit_time": 18.0, "sl_k": 0.5, "sl_ref": 1, "tp_r": 1.5}
s02_net|IS|{"be_r": 0.5, "sl_k": 0.5, "sl_ref": 1, "tp_r": 1.5}
s02_net|IS|{"be_r": 0.5, "exit_time": 21.0, "sl_k": 0.5, "sl_ref": 1, "tp_r": 1.5}
s02_net|IS|{"be_r": 0.5, "exit_time": 14.0, "sl_k": 0.5, "sl_ref": 1, "tp_r": 1.5, "trail_r": 0.5}
s02_net|IS|{"be_r": 0.5, "exit_time": 16.0, "sl_k": 0.5, "sl_ref": 1, "tp_r": 1.5, "trail_r": 0.5}
s02_net|IS|{"be_r": 0.5, "exit_time": 18.0, "sl_k": 0.5, "sl_ref": 1, "tp_r": 1.5, "trail_r": 0.5}
s02_net|IS|{"be_r": 0.5, "sl_k": 0.5, "sl_ref": 1, "tp_r": 1.5, "trail_r": 0.5}
s02_net|IS|{"be_r": 0.5, "exit_time": 21.0, "sl_k": 0.5, "sl_ref": 1, "tp_r": 1.5, "trail_r": 0.5}
s02_net|IS|{"be_r": 0.5, "exit_time": 14.0, "sl_k": 0.5, "sl_ref": 1, "tp_r": 1.5, "trail_r": 1}
s02_net|IS|{"be_r": 0.5, "exit_time": 16.0, "sl_k": 0.5, "sl_ref": 1, "tp_r": 1.5, "trail_r": 1}
s02_net|IS|{"be_r": 0.5, "exit_time": 18.0, "sl_k": 0.5, "sl_ref": 1, "tp_r": 1.5, "trail_r": 1}
s02_net|IS|{"be_r": 0.5, "sl_k": 0.5, "sl_ref": 1, "tp_r": 1.5, "trail_r": 1}
s02_net|IS|{"be_r": 0.5, "exit_time": 21.0, "sl_k": 0.5, "sl_ref": 1, "tp_r": 1.5, "trail_r": 1}
s02_net|IS|{"be_r": 0.5, "exit_time": 14.0, "sl_k": 0.5, "sl_ref": 1, "tp_r": 1.5, "trail_r": 1.5}
s02_net|IS|{"be_r": 0.5, "exit_time": 16.0, "sl_k": 0.5, "sl_ref": 1, "tp_r": 1.5, "trail_r": 1.5}
s02_net|IS|{"be_r": 0.5, "exit_time": 18.0, "sl_k": 0.5, "sl_ref": 1, "tp_r": 1.5, "trail_r": 1.5}
s02_net|IS|{"be_r": 0.5, "sl_k": 0.5, "sl_ref": 1, "tp_r": 1.5, "trail_r": 1.5}
s02_net|IS|{"be_r": 0.5, "exit_time": 21.0, "sl_k": 0.5, "sl_ref": 1, "tp_r": 1.5, "trail_r": 1.5}
s02_net|IS|{"be_r": 0.5, "exit_time": 14.0, "sl_k": 0.5, "sl_ref": 1, "tp_r": 1.5, "trail_r": 2}
s02_net|IS|{"be_r": 0.5, "exit_time": 16.0, "sl_k": 0.5, "sl_ref": 1, "tp_r": 1.5, "trail_r": 2}
s02_net|IS|{"be_r": 0.5, "exit_time": 18.0, "sl_k": 0.5, "sl_ref": 1, "tp_r": 1.5, "trail_r": 2}
s02_net|IS|{"be_r": 0.5, "sl_k": 0.5, "sl_ref": 1, "tp_r": 1.5, "trail_r": 2}
s02_net|IS|{"be_r": 0.5, "exit_time": 21.0, "sl_k": 0.5, "sl_ref": 1, "tp_r": 1.5, "trail_r": 2}
s02_net|IS|{"be_r": 1, "exit_time": 14.0, "sl_k": 0.5, "sl_ref": 1, "tp_r": 1.5}
s02_net|IS|{"be_r": 1, "exit_time": 16.0, "sl_k": 0.5, "sl_ref": 1, "tp_r": 1.5}
s02_net|IS|{"be_r": 1, "exit_time": 18.0, "sl_k": 0.5, "sl_ref": 1, "tp_r": 1.5}
s02_net|IS|{"be_r": 1, "sl_k": 0.5, "sl_ref": 1, "tp_r": 1.5}
s02_net|IS|{"be_r": 1, "exit_time": 21.0, "sl_k": 0.5, "sl_ref": 1, "tp_r": 1.5}
s02_net|IS|{"be_r": 1, "exit_time": 14.0, "sl_k": 0.5, "sl_ref": 1, "tp_r": 1.5, "trail_r": 0.5}
s02_net|IS|{"be_r": 1, "exit_time": 16.0, "sl_k": 0.5, "sl_ref": 1, "tp_r": 1.5, "trail_r": 0.5}
s02_net|IS|{"be_r": 1, "exit_time": 18.0, "sl_k": 0.5, "sl_ref": 1, "tp_r": 1.5, "trail_r": 0.5}
s02_net|IS|{"be_r": 1, "sl_k": 0.5, "sl_ref": 1, "tp_r": 1.5, "trail_r": 0.5}
s02_net|IS|{"be_r": 1, "exit_time": 21.0, "sl_k": 0.5, "sl_ref": 1, "tp_r": 1.5, "trail_r": 0.5}
s02_net|IS|{"be_r": 1, "exit_time": 14.0, "sl_k": 0.5, "sl_ref": 1, "tp_r": 1.5, "trail_r": 1}
s02_net|IS|{"be_r": 1, "exit_time": 16.0, "sl_k": 0.5, "sl_ref": 1, "tp_r": 1.5, "trail_r": 1}
s02_net|IS|{"be_r": 1, "exit_time": 18.0, "sl_k": 0.5, "sl_ref": 1, "tp_r": 1.5, "trail_r": 1}
s02_net|IS|{"be_r": 1, "sl_k": 0.5, "sl_ref": 1, "tp_r": 1.5, "trail_r": 1}
s02_net|IS|{"be_r": 1, "exit_time": 21.0, "sl_k": 0.5, "sl_ref": 1, "tp_r": 1.5, "trail_r": 1}
s02_net|IS|{"be_r": 1, "exit_time": 14.0, "sl_k": 0.5, "sl_ref": 1, "tp_r": 1.5, "trail_r": 1.5}
s02_net|IS|{"be_r": 1, "exit_time": 16.0, "sl_k": 0.5, "sl_ref": 1, "tp_r": 1.5, "trail_r": 1.5}
s02_net|IS|{"be_r": 1, "exit_time": 18.0, "sl_k": 0.5, "sl_ref": 1, "tp_r": 1.5, "trail_r": 1.5}
s02_net|IS|{"be_r": 1, "sl_k": 0.5, "sl_ref": 1, "tp_r": 1.5, "trail_r": 1.5}
s02_net|IS|{"be_r": 1, "exit_time": 21.0, "sl_k": 0.5, "sl_ref": 1, "tp_r": 1.5, "trail_r": 1.5}
s02_net|IS|{"be_r": 1, "exit_time": 14.0, "sl_k": 0.5, "sl_ref": 1, "tp_r": 1.5, "trail_r": 2}
s02_net|IS|{"be_r": 1, "exit_time": 16.0, "sl_k": 0.5, "sl_ref": 1, "tp_r": 1.5, "trail_r": 2}
s02_net|IS|{"be_r": 1, "exit_time": 18.0, "sl_k": 0.5, "sl_ref": 1, "tp_r": 1.5, "trail_r": 2}
s02_net|IS|{"be_r": 1, "sl_k": 0.5, "sl_ref": 1, "tp_r": 1.5, "trail_r": 2}
s02_net|IS|{"be_r": 1, "exit_time": 21.0, "sl_k": 0.5, "sl_ref": 1, "tp_r": 1.5, "trail_r": 2}
s02_net|IS|{"exit_time": 14.0, "sl_k": 0.5, "sl_ref": 1, "tp_r": 2}
s02_net|IS|{"exit_time": 16.0, "sl_k": 0.5, "sl_ref": 1, "tp_r": 2}
s02_net|IS|{"exit_time": 18.0, "sl_k": 0.5, "sl_ref": 1, "tp_r": 2}
s02_net|IS|{"sl_k": 0.5, "sl_ref": 1, "tp_r": 2}
s02_net|IS|{"exit_time": 21.0, "sl_k": 0.5, "sl_ref": 1, "tp_r": 2}
s02_net|IS|{"exit_time": 14.0, "sl_k": 0.5, "sl_ref": 1, "tp_r": 2, "trail_r": 0.5}
s02_net|IS|{"exit_time": 16.0, "sl_k": 0.5, "sl_ref": 1, "tp_r": 2, "trail_r": 0.5}
s02_net|IS|{"exit_time": 18.0, "sl_k": 0.5, "sl_ref": 1, "tp_r": 2, "trail_r": 0.5}
s02_net|IS|{"sl_k": 0.5, "sl_ref": 1, "tp_r": 2, "trail_r": 0.5}
s02_net|IS|{"exit_time": 21.0, "sl_k": 0.5, "sl_ref": 1, "tp_r": 2, "trail_r": 0.5}
s02_net|IS|{"exit_time": 14.0, "sl_k": 0.5, "sl_ref": 1, "tp_r": 2, "trail_r": 1}
s02_net|IS|{"exit_time": 16.0, "sl_k": 0.5, "sl_ref": 1, "tp_r": 2, "trail_r": 1}
s02_net|IS|{"exit_time": 18.0, "sl_k": 0.5, "sl_ref": 1, "tp_r": 2, "trail_r": 1}
s02_net|IS|{"sl_k": 0.5, "sl_ref": 1, "tp_r": 2, "trail_r": 1}
s02_net|IS|{"exit_time": 21.0, "sl_k": 0.5, "sl_ref": 1, "tp_r": 2, "trail_r": 1}
s02_net|IS|{"exit_time": 14.0, "sl_k": 0.5, "sl_ref": 1, "tp_r": 2, "trail_r": 1.5}
s02_net|IS|{"exit_time": 16.0, "sl_k": 0.5, "sl_ref": 1, "tp_r": 2, "trail_r": 1.5}
s02_net|IS|{"exit_time": 18.0, "sl_k": 0.5, "sl_ref": 1, "tp_r": 2, "trail_r": 1.5}
s02_net|IS|{"sl_k": 0.5, "sl_ref": 1, "tp_r": 2, "trail_r": 1.5}
s02_net|IS|{"exit_time": 21.0, "sl_k": 0.5, "sl_ref": 1, "tp_r": 2, "trail_r": 1.5}
s02_net|IS|{"exit_time": 14.0, "sl_k": 0.5, "sl_ref": 1, "tp_r": 2, "trail_r": 2}
s02_net|IS|{"exit_time": 16.0, "sl_k": 0.5, "sl_ref": 1, "tp_r": 2, "trail_r": 2}
s02_net|IS|{"exit_time": 18.0, "sl_k": 0.5, "sl_ref": 1, "tp_r": 2, "trail_r": 2}
s02_net|IS|{"sl_k": 0.5, "sl_ref": 1, "tp_r": 2, "trail_r": 2}
s02_net|IS|{"exit_time": 21.0, "sl_k": 0.5, "sl_ref": 1, "tp_r": 2, "trail_r": 2}
s02_net|IS|{"be_r": 0.5, "exit_time": 14.0, "sl_k": 0.5, "sl_ref": 1, "tp_r": 2}
s02_net|IS|{"be_r": 0.5, "exit_time": 16.0, "sl_k": 0.5, "sl_ref": 1, "tp_r": 2}
s02_net|IS|{"be_r": 0.5, "exit_time": 18.0, "sl_k": 0.5, "sl_ref": 1, "tp_r": 2}
s02_net|IS|{"be_r": 0.5, "sl_k": 0.5, "sl_ref": 1, "tp_r": 2}
s02_net|IS|{"be_r": 0.5, "exit_time": 21.0, "sl_k": 0.5, "sl_ref": 1, "tp_r": 2}
s02_net|IS|{"be_r": 0.5, "exit_time": 14.0, "sl_k": 0.5, "sl_ref": 1, "tp_r": 2, "trail_r": 0.5}
s02_net|IS|{"be_r": 0.5, "exit_time": 16.0, "sl_k": 0.5, "sl_ref": 1, "tp_r": 2, "trail_r": 0.5}
s02_net|IS|{"be_r": 0.5, "exit_time": 18.0, "sl_k": 0.5, "sl_ref": 1, "tp_r": 2, "trail_r": 0.5}
s02_net|IS|{"be_r": 0.5, "sl_k": 0.5, "sl_ref": 1, "tp_r": 2, "trail_r": 0.5}
s02_net|IS|{"be_r": 0.5, "exit_time": 21.0, "sl_k": 0.5, "sl_ref": 1, "tp_r": 2, "trail_r": 0.5}
s02_net|IS|{"be_r": 0.5, "exit_time": 14.0, "sl_k": 0.5, "sl_ref": 1, "tp_r": 2, "trail_r": 1}
s02_net|IS|{"be_r": 0.5, "exit_time": 16.0, "sl_k": 0.5, "sl_ref": 1, "tp_r": 2, "trail_r": 1}
s02_net|IS|{"be_r": 0.5, "exit_time": 18.0, "sl_k": 0.5, "sl_ref": 1, "tp_r": 2, "trail_r": 1}
s02_net|IS|{"be_r": 0.5, "sl_k": 0.5, "sl_ref": 1, "tp_r": 2, "trail_r": 1}
s02_net|IS|{"be_r": 0.5, "exit_time": 21.0, "sl_k": 0.5, "sl_ref": 1, "tp_r": 2, "trail_r": 1}
s02_net|IS|{"be_r": 0.5, "exit_time": 14.0, "sl_k": 0.5, "sl_ref": 1, "tp_r": 2, "trail_r": 1.5}
s02_net|IS|{"be_r": 0.5, "exit_time": 16.0, "sl_k": 0.5, "sl_ref": 1, "tp_r": 2, "trail_r": 1.5}
s02_net|IS|{"be_r": 0.5, "exit_time": 18.0, "sl_k": 0.5, "sl_ref": 1, "tp_r": 2, "trail_r": 1.5}
s02_net|IS|{"be_r": 0.5, "sl_k": 0.5, "sl_ref": 1, "tp_r": 2, "trail_r": 1.5}
s02_net|IS|{"be_r": 0.5, "exit_time": 21.0, "sl_k": 0.5, "sl_ref": 1, "tp_r": 2, "trail_r": 1.5}
s02_net|IS|{"be_r": 0.5, "exit_time": 14.0, "sl_k": 0.5, "sl_ref": 1, "tp_r": 2, "trail_r": 2}
s02_net|IS|{"be_r": 0.5, "exit_time": 16.0, "sl_k": 0.5, "sl_ref": 1, "tp_r": 2, "trail_r": 2}
s02_net|IS|{"be_r": 0.5, "exit_time": 18.0, "sl_k": 0.5, "sl_ref": 1, "tp_r": 2, "trail_r": 2}
s02_net|IS|{"be_r": 0.5, "sl_k": 0.5, "sl_ref": 1, "tp_r": 2, "trail_r": 2}
s02_net|IS|{"be_r": 0.5, "exit_time": 21.0, "sl_k": 0.5, "sl_ref": 1, "tp_r": 2, "trail_r": 2}
s02_net|IS|{"be_r": 1, "exit_time": 14.0, "sl_k": 0.5, "sl_ref": 1, "tp_r": 2}
s02_net|IS|{"be_r": 1, "exit_time": 16.0, "sl_k": 0.5, "sl_ref": 1, "tp_r": 2}
s02_net|IS|{"be_r": 1, "exit_time": 18.0, "sl_k": 0.5, "sl_ref": 1, "tp_r": 2}
s02_net|IS|{"be_r": 1, "sl_k": 0.5, "sl_ref": 1, "tp_r": 2}
s02_net|IS|{"be_r": 1, "exit_time": 21.0, "sl_k": 0.5, "sl_ref": 1, "tp_r": 2}
s02_net|IS|{"be_r": 1, "exit_time": 14.0, "sl_k": 0.5, "sl_ref": 1, "tp_r": 2, "trail_r": 0.5}
s02_net|IS|{"be_r": 1, "exit_time": 16.0, "sl_k": 0.5, "sl_ref": 1, "tp_r": 2, "trail_r": 0.5}
s02_net|IS|{"be_r": 1, "exit_time": 18.0, "sl_k": 0.5, "sl_ref": 1, "tp_r": 2, "trail_r": 0.5}
s02_net|IS|{"be_r": 1, "sl_k": 0.5, "sl_ref": 1, "tp_r": 2, "trail_r": 0.5}
s02_net|IS|{"be_r": 1, "exit_time": 21.0, "sl_k": 0.5, "sl_ref": 1, "tp_r": 2, "trail_r": 0.5}
s02_net|IS|{"be_r": 1, "exit_time": 14.0, "sl_k": 0.5, "sl_ref": 1, "tp_r": 2, "trail_r": 1}
s02_net|IS|{"be_r": 1, "exit_time": 16.0, "sl_k": 0.5, "sl_ref": 1, "tp_r": 2, "trail_r": 1}
s02_net|IS|{"be_r": 1, "exit_time": 18.0, "sl_k": 0.5, "sl_ref": 1, "tp_r": 2, "trail_r": 1}
s02_net|IS|{"be_r": 1, "sl_k": 0.5, "sl_ref": 1, "tp_r": 2, "trail_r": 1}
s02_net|IS|{"be_r": 1, "exit_time": 21.0, "sl_k": 0.5, "sl_ref": 1, "tp_r": 2, "trail_r": 1}
s02_net|IS|{"be_r": 1, "exit_time": 14.0, "sl_k": 0.5, "sl_ref": 1, "tp_r": 2, "trail_r": 1.5}
s02_net|IS|{"be_r": 1, "exit_time": 16.0, "sl_k": 0.5, "sl_ref": 1, "tp_r": 2, "trail_r": 1.5}
s02_net|IS|{"be_r": 1, "exit_time": 18.0, "sl_k": 0.5, "sl_ref": 1, "tp_r": 2, "trail_r": 1.5}
s02_net|IS|{"be_r": 1, "sl_k": 0.5, "sl_ref": 1, "tp_r": 2, "trail_r": 1.5}
s02_net|IS|{"be_r": 1, "exit_time": 21.0, "sl_k": 0.5, "sl_ref": 1, "tp_r": 2, "trail_r": 1.5}
s02_net|IS|{"be_r": 1, "exit_time": 14.0, "sl_k": 0.5, "sl_ref": 1, "tp_r": 2, "trail_r": 2}
s02_net|IS|{"be_r": 1, "exit_time": 16.0, "sl_k": 0.5, "sl_ref": 1, "tp_r": 2, "trail_r": 2}
s02_net|IS|{"be_r": 1, "exit_time": 18.0, "sl_k": 0.5, "sl_ref": 1, "tp_r": 2, "trail_r": 2}
s02_net|IS|{"be_r": 1, "sl_k": 0.5, "sl_ref": 1, "tp_r": 2, "trail_r": 2}
s02_net|IS|{"be_r": 1, "exit_time": 21.0, "sl_k": 0.5, "sl_ref": 1, "tp_r": 2, "trail_r": 2}
s02_net|IS|{"exit_time": 14.0, "sl_k": 0.5, "sl_ref": 1, "tp_r": 3}
s02_net|IS|{"exit_time": 16.0, "sl_k": 0.5, "sl_ref": 1, "tp_r": 3}
s02_net|IS|{"exit_time": 18.0, "sl_k": 0.5, "sl_ref": 1, "tp_r": 3}
s02_net|IS|{"sl_k": 0.5, "sl_ref": 1, "tp_r": 3}
s02_net|IS|{"exit_time": 21.0, "sl_k": 0.5, "sl_ref": 1, "tp_r": 3}
s02_net|IS|{"exit_time": 14.0, "sl_k": 0.5, "sl_ref": 1, "tp_r": 3, "trail_r": 0.5}
s02_net|IS|{"exit_time": 16.0, "sl_k": 0.5, "sl_ref": 1, "tp_r": 3, "trail_r": 0.5}
s02_net|IS|{"exit_time": 18.0, "sl_k": 0.5, "sl_ref": 1, "tp_r": 3, "trail_r": 0.5}
s02_net|IS|{"sl_k": 0.5, "sl_ref": 1, "tp_r": 3, "trail_r": 0.5}
s02_net|IS|{"exit_time": 21.0, "sl_k": 0.5, "sl_ref": 1, "tp_r": 3, "trail_r": 0.5}
s02_net|IS|{"exit_time": 14.0, "sl_k": 0.5, "sl_ref": 1, "tp_r": 3, "trail_r": 1}
s02_net|IS|{"exit_time": 16.0, "sl_k": 0.5, "sl_ref": 1, "tp_r": 3, "trail_r": 1}
s02_net|IS|{"exit_time": 18.0, "sl_k": 0.5, "sl_ref": 1, "tp_r": 3, "trail_r": 1}
s02_net|IS|{"sl_k": 0.5, "sl_ref": 1, "tp_r": 3, "trail_r": 1}
s02_net|IS|{"exit_time": 21.0, "sl_k": 0.5, "sl_ref": 1, "tp_r": 3, "trail_r": 1}
s02_net|IS|{"exit_time": 14.0, "sl_k": 0.5, "sl_ref": 1, "tp_r": 3, "trail_r": 1.5}
s02_net|IS|{"exit_time": 16.0, "sl_k": 0.5, "sl_ref": 1, "tp_r": 3, "trail_r": 1.5}
s02_net|IS|{"exit_time": 18.0, "sl_k": 0.5, "sl_ref": 1, "tp_r": 3, "trail_r": 1.5}
s02_net|IS|{"sl_k": 0.5, "sl_ref": 1, "tp_r": 3, "trail_r": 1.5}
s02_net|IS|{"exit_time": 21.0, "sl_k": 0.5, "sl_ref": 1, "tp_r": 3, "trail_r": 1.5}
s02_net|IS|{"exit_time": 14.0, "sl_k": 0.5, "sl_ref": 1, "tp_r": 3, "trail_r": 2}
s02_net|IS|{"exit_time": 16.0, "sl_k": 0.5, "sl_ref": 1, "tp_r": 3, "trail_r": 2}
s02_net|IS|{"exit_time": 18.0, "sl_k": 0.5, "sl_ref": 1, "tp_r": 3, "trail_r": 2}
s02_net|IS|{"sl_k": 0.5, "sl_ref": 1, "tp_r": 3, "trail_r": 2}
s02_net|IS|{"exit_time": 21.0, "sl_k": 0.5, "sl_ref": 1, "tp_r": 3, "trail_r": 2}
s02_net|IS|{"be_r": 0.5, "exit_time": 14.0, "sl_k": 0.5, "sl_ref": 1, "tp_r": 3}
s02_net|IS|{"be_r": 0.5, "exit_time": 16.0, "sl_k": 0.5, "sl_ref": 1, "tp_r": 3}
s02_net|IS|{"be_r": 0.5, "exit_time": 18.0, "sl_k": 0.5, "sl_ref": 1, "tp_r": 3}
s02_net|IS|{"be_r": 0.5, "sl_k": 0.5, "sl_ref": 1, "tp_r": 3}
s02_net|IS|{"be_r": 0.5, "exit_time": 21.0, "sl_k": 0.5, "sl_ref": 1, "tp_r": 3}
s02_net|IS|{"be_r": 0.5, "exit_time": 14.0, "sl_k": 0.5, "sl_ref": 1, "tp_r": 3, "trail_r": 0.5}
s02_net|IS|{"be_r": 0.5, "exit_time": 16.0, "sl_k": 0.5, "sl_ref": 1, "tp_r": 3, "trail_r": 0.5}
s02_net|IS|{"be_r": 0.5, "exit_time": 18.0, "sl_k": 0.5, "sl_ref": 1, "tp_r": 3, "trail_r": 0.5}
s02_net|IS|{"be_r": 0.5, "sl_k": 0.5, "sl_ref": 1, "tp_r": 3, "trail_r": 0.5}
s02_net|IS|{"be_r": 0.5, "exit_time": 21.0, "sl_k": 0.5, "sl_ref": 1, "tp_r": 3, "trail_r": 0.5}
s02_net|IS|{"be_r": 0.5, "exit_time": 14.0, "sl_k": 0.5, "sl_ref": 1, "tp_r": 3, "trail_r": 1}
s02_net|IS|{"be_r": 0.5, "exit_time": 16.0, "sl_k": 0.5, "sl_ref": 1, "tp_r": 3, "trail_r": 1}
s02_net|IS|{"be_r": 0.5, "exit_time": 18.0, "sl_k": 0.5, "sl_ref": 1, "tp_r": 3, "trail_r": 1}
s02_net|IS|{"be_r": 0.5, "sl_k": 0.5, "sl_ref": 1, "tp_r": 3, "trail_r": 1}
s02_net|IS|{"be_r": 0.5, "exit_time": 21.0, "sl_k": 0.5, "sl_ref": 1, "tp_r": 3, "trail_r": 1}
s02_net|IS|{"be_r": 0.5, "exit_time": 14.0, "sl_k": 0.5, "sl_ref": 1, "tp_r": 3, "trail_r": 1.5}
s02_net|IS|{"be_r": 0.5, "exit_time": 16.0, "sl_k": 0.5, "sl_ref": 1, "tp_r": 3, "trail_r": 1.5}
s02_net|IS|{"be_r": 0.5, "exit_time": 18.0, "sl_k": 0.5, "sl_ref": 1, "tp_r": 3, "trail_r": 1.5}
s02_net|IS|{"be_r": 0.5, "sl_k": 0.5, "sl_ref": 1, "tp_r": 3, "trail_r": 1.5}
s02_net|IS|{"be_r": 0.5, "exit_time": 21.0, "sl_k": 0.5, "sl_ref": 1, "tp_r": 3, "trail_r": 1.5}
s02_net|IS|{"be_r": 0.5, "exit_time": 14.0, "sl_k": 0.5, "sl_ref": 1, "tp_r": 3, "trail_r": 2}
s02_net|IS|{"be_r": 0.5, "exit_time": 16.0, "sl_k": 0.5, "sl_ref": 1, "tp_r": 3, "trail_r": 2}
s02_net|IS|{"be_r": 0.5, "exit_time": 18.0, "sl_k": 0.5, "sl_ref": 1, "tp_r": 3, "trail_r": 2}
s02_net|IS|{"be_r": 0.5, "sl_k": 0.5, "sl_ref": 1, "tp_r": 3, "trail_r": 2}
s02_net|IS|{"be_r": 0.5, "exit_time": 21.0, "sl_k": 0.5, "sl_ref": 1, "tp_r": 3, "trail_r": 2}
s02_net|IS|{"be_r": 1, "exit_time": 14.0, "sl_k": 0.5, "sl_ref": 1, "tp_r": 3}
s02_net|IS|{"be_r": 1, "exit_time": 16.0, "sl_k": 0.5, "sl_ref": 1, "tp_r": 3}
s02_net|IS|{"be_r": 1, "exit_time": 18.0, "sl_k": 0.5, "sl_ref": 1, "tp_r": 3}
s02_net|IS|{"be_r": 1, "sl_k": 0.5, "sl_ref": 1, "tp_r": 3}
s02_net|IS|{"be_r": 1, "exit_time": 21.0, "sl_k": 0.5, "sl_ref": 1, "tp_r": 3}
s02_net|IS|{"be_r": 1, "exit_time": 14.0, "sl_k": 0.5, "sl_ref": 1, "tp_r": 3, "trail_r": 0.5}
s02_net|IS|{"be_r": 1, "exit_time": 16.0, "sl_k": 0.5, "sl_ref": 1, "tp_r": 3, "trail_r": 0.5}
s02_net|IS|{"be_r": 1, "exit_time": 18.0, "sl_k": 0.5, "sl_ref": 1, "tp_r": 3, "trail_r": 0.5}
s02_net|IS|{"be_r": 1, "sl_k": 0.5, "sl_ref": 1, "tp_r": 3, "trail_r": 0.5}
s02_net|IS|{"be_r": 1, "exit_time": 21.0, "sl_k": 0.5, "sl_ref": 1, "tp_r": 3, "trail_r": 0.5}
s02_net|IS|{"be_r": 1, "exit_time": 14.0, "sl_k": 0.5, "sl_ref": 1, "tp_r": 3, "trail_r": 1}
s02_net|IS|{"be_r": 1, "exit_time": 16.0, "sl_k": 0.5, "sl_ref": 1, "tp_r": 3, "trail_r": 1}
s02_net|IS|{"be_r": 1, "exit_time": 18.0, "sl_k": 0.5, "sl_ref": 1, "tp_r": 3, "trail_r": 1}
s02_net|IS|{"be_r": 1, "sl_k": 0.5, "sl_ref": 1, "tp_r": 3, "trail_r": 1}
s02_net|IS|{"be_r": 1, "exit_time": 21.0, "sl_k": 0.5, "sl_ref": 1, "tp_r": 3, "trail_r": 1}
s02_net|IS|{"be_r": 1, "exit_time": 14.0, "sl_k": 0.5, "sl_ref": 1, "tp_r": 3, "trail_r": 1.5}
s02_net|IS|{"be_r": 1, "exit_time": 16.0, "sl_k": 0.5, "sl_ref": 1, "tp_r": 3, "trail_r": 1.5}
s02_net|IS|{"be_r": 1, "exit_time": 18.0, "sl_k": 0.5, "sl_ref": 1, "tp_r": 3, "trail_r": 1.5}
s02_net|IS|{"be_r": 1, "sl_k": 0.5, "sl_ref": 1, "tp_r": 3, "trail_r": 1.5}
s02_net|IS|{"be_r": 1, "exit_time": 21.0, "sl_k": 0.5, "sl_ref": 1, "tp_r": 3, "trail_r": 1.5}
s02_net|IS|{"be_r": 1, "exit_time": 14.0, "sl_k": 0.5, "sl_ref": 1, "tp_r": 3, "trail_r": 2}
s02_net|IS|{"be_r": 1, "exit_time": 16.0, "sl_k": 0.5, "sl_ref": 1, "tp_r": 3, "trail_r": 2}
s02_net|IS|{"be_r": 1, "exit_time": 18.0, "sl_k": 0.5, "sl_ref": 1, "tp_r": 3, "trail_r": 2}
s02_net|IS|{"be_r": 1, "sl_k": 0.5, "sl_ref": 1, "tp_r": 3, "trail_r": 2}
s02_net|IS|{"be_r": 1, "exit_time": 21.0, "sl_k": 0.5, "sl_ref": 1, "tp_r": 3, "trail_r": 2}
s02_net|IS|{"exit_time": 14.0, "sl_k": 0.5, "sl_ref": 1, "tp_r": 4}
s02_net|IS|{"exit_time": 16.0, "sl_k": 0.5, "sl_ref": 1, "tp_r": 4}
s02_net|IS|{"exit_time": 18.0, "sl_k": 0.5, "sl_ref": 1, "tp_r": 4}
s02_net|IS|{"sl_k": 0.5, "sl_ref": 1, "tp_r": 4}
s02_net|IS|{"exit_time": 21.0, "sl_k": 0.5, "sl_ref": 1, "tp_r": 4}
s02_net|IS|{"exit_time": 14.0, "sl_k": 0.5, "sl_ref": 1, "tp_r": 4, "trail_r": 0.5}
s02_net|IS|{"exit_time": 16.0, "sl_k": 0.5, "sl_ref": 1, "tp_r": 4, "trail_r": 0.5}
s02_net|IS|{"exit_time": 18.0, "sl_k": 0.5, "sl_ref": 1, "tp_r": 4, "trail_r": 0.5}
s02_net|IS|{"sl_k": 0.5, "sl_ref": 1, "tp_r": 4, "trail_r": 0.5}
s02_net|IS|{"exit_time": 21.0, "sl_k": 0.5, "sl_ref": 1, "tp_r": 4, "trail_r": 0.5}
s02_net|IS|{"exit_time": 14.0, "sl_k": 0.5, "sl_ref": 1, "tp_r": 4, "trail_r": 1}
s02_net|IS|{"exit_time": 16.0, "sl_k": 0.5, "sl_ref": 1, "tp_r": 4, "trail_r": 1}
s02_net|IS|{"exit_time": 18.0, "sl_k": 0.5, "sl_ref": 1, "tp_r": 4, "trail_r": 1}
s02_net|IS|{"sl_k": 0.5, "sl_ref": 1, "tp_r": 4, "trail_r": 1}
s02_net|IS|{"exit_time": 21.0, "sl_k": 0.5, "sl_ref": 1, "tp_r": 4, "trail_r": 1}
s02_net|IS|{"exit_time": 14.0, "sl_k": 0.5, "sl_ref": 1, "tp_r": 4, "trail_r": 1.5}
s02_net|IS|{"exit_time": 16.0, "sl_k": 0.5, "sl_ref": 1, "tp_r": 4, "trail_r": 1.5}
s02_net|IS|{"exit_time": 18.0, "sl_k": 0.5, "sl_ref": 1, "tp_r": 4, "trail_r": 1.5}
s02_net|IS|{"sl_k": 0.5, "sl_ref": 1, "tp_r": 4, "trail_r": 1.5}
s02_net|IS|{"exit_time": 21.0, "sl_k": 0.5, "sl_ref": 1, "tp_r": 4, "trail_r": 1.5}
s02_net|IS|{"exit_time": 14.0, "sl_k": 0.5, "sl_ref": 1, "tp_r": 4, "trail_r": 2}
s02_net|IS|{"exit_time": 16.0, "sl_k": 0.5, "sl_ref": 1, "tp_r": 4, "trail_r": 2}
s02_net|IS|{"exit_time": 18.0, "sl_k": 0.5, "sl_ref": 1, "tp_r": 4, "trail_r": 2}
s02_net|IS|{"sl_k": 0.5, "sl_ref": 1, "tp_r": 4, "trail_r": 2}
s02_net|IS|{"exit_time": 21.0, "sl_k": 0.5, "sl_ref": 1, "tp_r": 4, "trail_r": 2}
s02_net|IS|{"be_r": 0.5, "exit_time": 14.0, "sl_k": 0.5, "sl_ref": 1, "tp_r": 4}
s02_net|IS|{"be_r": 0.5, "exit_time": 16.0, "sl_k": 0.5, "sl_ref": 1, "tp_r": 4}
s02_net|IS|{"be_r": 0.5, "exit_time": 18.0, "sl_k": 0.5, "sl_ref": 1, "tp_r": 4}
s02_net|IS|{"be_r": 0.5, "sl_k": 0.5, "sl_ref": 1, "tp_r": 4}
s02_net|IS|{"be_r": 0.5, "exit_time": 21.0, "sl_k": 0.5, "sl_ref": 1, "tp_r": 4}
s02_net|IS|{"be_r": 0.5, "exit_time": 14.0, "sl_k": 0.5, "sl_ref": 1, "tp_r": 4, "trail_r": 0.5}
s02_net|IS|{"be_r": 0.5, "exit_time": 16.0, "sl_k": 0.5, "sl_ref": 1, "tp_r": 4, "trail_r": 0.5}
s02_net|IS|{"be_r": 0.5, "exit_time": 18.0, "sl_k": 0.5, "sl_ref": 1, "tp_r": 4, "trail_r": 0.5}
s02_net|IS|{"be_r": 0.5, "sl_k": 0.5, "sl_ref": 1, "tp_r": 4, "trail_r": 0.5}
s02_net|IS|{"be_r": 0.5, "exit_time": 21.0, "sl_k": 0.5, "sl_ref": 1, "tp_r": 4, "trail_r": 0.5}
s02_net|IS|{"be_r": 0.5, "exit_time": 14.0, "sl_k": 0.5, "sl_ref": 1, "tp_r": 4, "trail_r": 1}
s02_net|IS|{"be_r": 0.5, "exit_time": 16.0, "sl_k": 0.5, "sl_ref": 1, "tp_r": 4, "trail_r": 1}
s02_net|IS|{"be_r": 0.5, "exit_time": 18.0, "sl_k": 0.5, "sl_ref": 1, "tp_r": 4, "trail_r": 1}
s02_net|IS|{"be_r": 0.5, "sl_k": 0.5, "sl_ref": 1, "tp_r": 4, "trail_r": 1}
s02_net|IS|{"be_r": 0.5, "exit_time": 21.0, "sl_k": 0.5, "sl_ref": 1, "tp_r": 4, "trail_r": 1}
s02_net|IS|{"be_r": 0.5, "exit_time": 14.0, "sl_k": 0.5, "sl_ref": 1, "tp_r": 4, "trail_r": 1.5}
s02_net|IS|{"be_r": 0.5, "exit_time": 16.0, "sl_k": 0.5, "sl_ref": 1, "tp_r": 4, "trail_r": 1.5}
s02_net|IS|{"be_r": 0.5, "exit_time": 18.0, "sl_k": 0.5, "sl_ref": 1, "tp_r": 4, "trail_r": 1.5}
s02_net|IS|{"be_r": 0.5, "sl_k": 0.5, "sl_ref": 1, "tp_r": 4, "trail_r": 1.5}
s02_net|IS|{"be_r": 0.5, "exit_time": 21.0, "sl_k": 0.5, "sl_ref": 1, "tp_r": 4, "trail_r": 1.5}
s02_net|IS|{"be_r": 0.5, "exit_time": 14.0, "sl_k": 0.5, "sl_ref": 1, "tp_r": 4, "trail_r": 2}
s02_net|IS|{"be_r": 0.5, "exit_time": 16.0, "sl_k": 0.5, "sl_ref": 1, "tp_r": 4, "trail_r": 2}
s02_net|IS|{"be_r": 0.5, "exit_time": 18.0, "sl_k": 0.5, "sl_ref": 1, "tp_r": 4, "trail_r": 2}
s02_net|IS|{"be_r": 0.5, "sl_k": 0.5, "sl_ref": 1, "tp_r": 4, "trail_r": 2}
s02_net|IS|{"be_r": 0.5, "exit_time": 21.0, "sl_k": 0.5, "sl_ref": 1, "tp_r": 4, "trail_r": 2}
s02_net|IS|{"be_r": 1, "exit_time": 14.0, "sl_k": 0.5, "sl_ref": 1, "tp_r": 4}
s02_net|IS|{"be_r": 1, "exit_time": 16.0, "sl_k": 0.5, "sl_ref": 1, "tp_r": 4}
s02_net|IS|{"be_r": 1, "exit_time": 18.0, "sl_k": 0.5, "sl_ref": 1, "tp_r": 4}
s02_net|IS|{"be_r": 1, "sl_k": 0.5, "sl_ref": 1, "tp_r": 4}
s02_net|IS|{"be_r": 1, "exit_time": 21.0, "sl_k": 0.5, "sl_ref": 1, "tp_r": 4}
s02_net|IS|{"be_r": 1, "exit_time": 14.0, "sl_k": 0.5, "sl_ref": 1, "tp_r": 4, "trail_r": 0.5}
s02_net|IS|{"be_r": 1, "exit_time": 16.0, "sl_k": 0.5, "sl_ref": 1, "tp_r": 4, "trail_r": 0.5}
s02_net|IS|{"be_r": 1, "exit_time": 18.0, "sl_k": 0.5, "sl_ref": 1, "tp_r": 4, "trail_r": 0.5}
s02_net|IS|{"be_r": 1, "sl_k": 0.5, "sl_ref": 1, "tp_r": 4, "trail_r": 0.5}
s02_net|IS|{"be_r": 1, "exit_time": 21.0, "sl_k": 0.5, "sl_ref": 1, "tp_r": 4, "trail_r": 0.5}
s02_net|IS|{"be_r": 1, "exit_time": 14.0, "sl_k": 0.5, "sl_ref": 1, "tp_r": 4, "trail_r": 1}
s02_net|IS|{"be_r": 1, "exit_time": 16.0, "sl_k": 0.5, "sl_ref": 1, "tp_r": 4, "trail_r": 1}
s02_net|IS|{"be_r": 1, "exit_time": 18.0, "sl_k": 0.5, "sl_ref": 1, "tp_r": 4, "trail_r": 1}
s02_net|IS|{"be_r": 1, "sl_k": 0.5, "sl_ref": 1, "tp_r": 4, "trail_r": 1}
s02_net|IS|{"be_r": 1, "exit_time": 21.0, "sl_k": 0.5, "sl_ref": 1, "tp_r": 4, "trail_r": 1}
s02_net|IS|{"be_r": 1, "exit_time": 14.0, "sl_k": 0.5, "sl_ref": 1, "tp_r": 4, "trail_r": 1.5}
s02_net|IS|{"be_r": 1, "exit_time": 16.0, "sl_k": 0.5, "sl_ref": 1, "tp_r": 4, "trail_r": 1.5}
s02_net|IS|{"be_r": 1, "exit_time": 18.0, "sl_k": 0.5, "sl_ref": 1, "tp_r": 4, "trail_r": 1.5}
s02_net|IS|{"be_r": 1, "sl_k": 0.5, "sl_ref": 1, "tp_r": 4, "trail_r": 1.5}
s02_net|IS|{"be_r": 1, "exit_time": 21.0, "sl_k": 0.5, "sl_ref": 1, "tp_r": 4, "trail_r": 1.5}
s02_net|IS|{"be_r": 1, "exit_time": 14.0, "sl_k": 0.5, "sl_ref": 1, "tp_r": 4, "trail_r": 2}
s02_net|IS|{"be_r": 1, "exit_time": 16.0, "sl_k": 0.5, "sl_ref": 1, "tp_r": 4, "trail_r": 2}
s02_net|IS|{"be_r": 1, "exit_time": 18.0, "sl_k": 0.5, "sl_ref": 1, "tp_r": 4, "trail_r": 2}
s02_net|IS|{"be_r": 1, "sl_k": 0.5, "sl_ref": 1, "tp_r": 4, "trail_r": 2}
s02_net|IS|{"be_r": 1, "exit_time": 21.0, "sl_k": 0.5, "sl_ref": 1, "tp_r": 4, "trail_r": 2}
s02_net|IS|{"exit_time": 14.0, "sl_k": 0.75, "sl_ref": 1}
s02_net|IS|{"exit_time": 16.0, "sl_k": 0.75, "sl_ref": 1}
s02_net|IS|{"exit_time": 18.0, "sl_k": 0.75, "sl_ref": 1}
s02_net|IS|{"sl_k": 0.75, "sl_ref": 1}
s02_net|IS|{"exit_time": 21.0, "sl_k": 0.75, "sl_ref": 1}
s02_net|IS|{"exit_time": 14.0, "sl_k": 0.75, "sl_ref": 1, "trail_r": 0.5}
s02_net|IS|{"exit_time": 16.0, "sl_k": 0.75, "sl_ref": 1, "trail_r": 0.5}
s02_net|IS|{"exit_time": 18.0, "sl_k": 0.75, "sl_ref": 1, "trail_r": 0.5}
s02_net|IS|{"sl_k": 0.75, "sl_ref": 1, "trail_r": 0.5}
s02_net|IS|{"exit_time": 21.0, "sl_k": 0.75, "sl_ref": 1, "trail_r": 0.5}
s02_net|IS|{"exit_time": 14.0, "sl_k": 0.75, "sl_ref": 1, "trail_r": 1}
s02_net|IS|{"exit_time": 16.0, "sl_k": 0.75, "sl_ref": 1, "trail_r": 1}
s02_net|IS|{"exit_time": 18.0, "sl_k": 0.75, "sl_ref": 1, "trail_r": 1}
s02_net|IS|{"sl_k": 0.75, "sl_ref": 1, "trail_r": 1}
s02_net|IS|{"exit_time": 21.0, "sl_k": 0.75, "sl_ref": 1, "trail_r": 1}
s02_net|IS|{"exit_time": 14.0, "sl_k": 0.75, "sl_ref": 1, "trail_r": 1.5}
s02_net|IS|{"exit_time": 16.0, "sl_k": 0.75, "sl_ref": 1, "trail_r": 1.5}
s02_net|IS|{"exit_time": 18.0, "sl_k": 0.75, "sl_ref": 1, "trail_r": 1.5}
s02_net|IS|{"sl_k": 0.75, "sl_ref": 1, "trail_r": 1.5}
s02_net|IS|{"exit_time": 21.0, "sl_k": 0.75, "sl_ref": 1, "trail_r": 1.5}
s02_net|IS|{"exit_time": 14.0, "sl_k": 0.75, "sl_ref": 1, "trail_r": 2}
s02_net|IS|{"exit_time": 16.0, "sl_k": 0.75, "sl_ref": 1, "trail_r": 2}
s02_net|IS|{"exit_time": 18.0, "sl_k": 0.75, "sl_ref": 1, "trail_r": 2}
s02_net|IS|{"sl_k": 0.75, "sl_ref": 1, "trail_r": 2}
s02_net|IS|{"exit_time": 21.0, "sl_k": 0.75, "sl_ref": 1, "trail_r": 2}
s02_net|IS|{"be_r": 0.5, "exit_time": 14.0, "sl_k": 0.75, "sl_ref": 1}
s02_net|IS|{"be_r": 0.5, "exit_time": 16.0, "sl_k": 0.75, "sl_ref": 1}
s02_net|IS|{"be_r": 0.5, "exit_time": 18.0, "sl_k": 0.75, "sl_ref": 1}
s02_net|IS|{"be_r": 0.5, "sl_k": 0.75, "sl_ref": 1}
s02_net|IS|{"be_r": 0.5, "exit_time": 21.0, "sl_k": 0.75, "sl_ref": 1}
s02_net|IS|{"be_r": 0.5, "exit_time": 14.0, "sl_k": 0.75, "sl_ref": 1, "trail_r": 0.5}
s02_net|IS|{"be_r": 0.5, "exit_time": 16.0, "sl_k": 0.75, "sl_ref": 1, "trail_r": 0.5}
s02_net|IS|{"be_r": 0.5, "exit_time": 18.0, "sl_k": 0.75, "sl_ref": 1, "trail_r": 0.5}
s02_net|IS|{"be_r": 0.5, "sl_k": 0.75, "sl_ref": 1, "trail_r": 0.5}
s02_net|IS|{"be_r": 0.5, "exit_time": 21.0, "sl_k": 0.75, "sl_ref": 1, "trail_r": 0.5}
s02_net|IS|{"be_r": 0.5, "exit_time": 14.0, "sl_k": 0.75, "sl_ref": 1, "trail_r": 1}
s02_net|IS|{"be_r": 0.5, "exit_time": 16.0, "sl_k": 0.75, "sl_ref": 1, "trail_r": 1}
s02_net|IS|{"be_r": 0.5, "exit_time": 18.0, "sl_k": 0.75, "sl_ref": 1, "trail_r": 1}
s02_net|IS|{"be_r": 0.5, "sl_k": 0.75, "sl_ref": 1, "trail_r": 1}
s02_net|IS|{"be_r": 0.5, "exit_time": 21.0, "sl_k": 0.75, "sl_ref": 1, "trail_r": 1}
s02_net|IS|{"be_r": 0.5, "exit_time": 14.0, "sl_k": 0.75, "sl_ref": 1, "trail_r": 1.5}
s02_net|IS|{"be_r": 0.5, "exit_time": 16.0, "sl_k": 0.75, "sl_ref": 1, "trail_r": 1.5}
s02_net|IS|{"be_r": 0.5, "exit_time": 18.0, "sl_k": 0.75, "sl_ref": 1, "trail_r": 1.5}
s02_net|IS|{"be_r": 0.5, "sl_k": 0.75, "sl_ref": 1, "trail_r": 1.5}
s02_net|IS|{"be_r": 0.5, "exit_time": 21.0, "sl_k": 0.75, "sl_ref": 1, "trail_r": 1.5}
s02_net|IS|{"be_r": 0.5, "exit_time": 14.0, "sl_k": 0.75, "sl_ref": 1, "trail_r": 2}
s02_net|IS|{"be_r": 0.5, "exit_time": 16.0, "sl_k": 0.75, "sl_ref": 1, "trail_r": 2}
s02_net|IS|{"be_r": 0.5, "exit_time": 18.0, "sl_k": 0.75, "sl_ref": 1, "trail_r": 2}
s02_net|IS|{"be_r": 0.5, "sl_k": 0.75, "sl_ref": 1, "trail_r": 2}
s02_net|IS|{"be_r": 0.5, "exit_time": 21.0, "sl_k": 0.75, "sl_ref": 1, "trail_r": 2}
s02_net|IS|{"be_r": 1, "exit_time": 14.0, "sl_k": 0.75, "sl_ref": 1}
s02_net|IS|{"be_r": 1, "exit_time": 16.0, "sl_k": 0.75, "sl_ref": 1}
s02_net|IS|{"be_r": 1, "exit_time": 18.0, "sl_k": 0.75, "sl_ref": 1}
s02_net|IS|{"be_r": 1, "sl_k": 0.75, "sl_ref": 1}
s02_net|IS|{"be_r": 1, "exit_time": 21.0, "sl_k": 0.75, "sl_ref": 1}
s02_net|IS|{"be_r": 1, "exit_time": 14.0, "sl_k": 0.75, "sl_ref": 1, "trail_r": 0.5}
s02_net|IS|{"be_r": 1, "exit_time": 16.0, "sl_k": 0.75, "sl_ref": 1, "trail_r": 0.5}
s02_net|IS|{"be_r": 1, "exit_time": 18.0, "sl_k": 0.75, "sl_ref": 1, "trail_r": 0.5}
s02_net|IS|{"be_r": 1, "sl_k": 0.75, "sl_ref": 1, "trail_r": 0.5}
s02_net|IS|{"be_r": 1, "exit_time": 21.0, "sl_k": 0.75, "sl_ref": 1, "trail_r": 0.5}
s02_net|IS|{"be_r": 1, "exit_time": 14.0, "sl_k": 0.75, "sl_ref": 1, "trail_r": 1}
s02_net|IS|{"be_r": 1, "exit_time": 16.0, "sl_k": 0.75, "sl_ref": 1, "trail_r": 1}
s02_net|IS|{"be_r": 1, "exit_time": 18.0, "sl_k": 0.75, "sl_ref": 1, "trail_r": 1}
s02_net|IS|{"be_r": 1, "sl_k": 0.75, "sl_ref": 1, "trail_r": 1}
s02_net|IS|{"be_r": 1, "exit_time": 21.0, "sl_k": 0.75, "sl_ref": 1, "trail_r": 1}
s02_net|IS|{"be_r": 1, "exit_time": 14.0, "sl_k": 0.75, "sl_ref": 1, "trail_r": 1.5}
s02_net|IS|{"be_r": 1, "exit_time": 16.0, "sl_k": 0.75, "sl_ref": 1, "trail_r": 1.5}
s02_net|IS|{"be_r": 1, "exit_time": 18.0, "sl_k": 0.75, "sl_ref": 1, "trail_r": 1.5}
s02_net|IS|{"be_r": 1, "sl_k": 0.75, "sl_ref": 1, "trail_r": 1.5}
s02_net|IS|{"be_r": 1, "exit_time": 21.0, "sl_k": 0.75, "sl_ref": 1, "trail_r": 1.5}
s02_net|IS|{"be_r": 1, "exit_time": 14.0, "sl_k": 0.75, "sl_ref": 1, "trail_r": 2}
s02_net|IS|{"be_r": 1, "exit_time": 16.0, "sl_k": 0.75, "sl_ref": 1, "trail_r": 2}
s02_net|IS|{"be_r": 1, "exit_time": 18.0, "sl_k": 0.75, "sl_ref": 1, "trail_r": 2}
s02_net|IS|{"be_r": 1, "sl_k": 0.75, "sl_ref": 1, "trail_r": 2}
s02_net|IS|{"be_r": 1, "exit_time": 21.0, "sl_k": 0.75, "sl_ref": 1, "trail_r": 2}
s02_net|IS|{"exit_time": 14.0, "sl_k": 0.75, "sl_ref": 1, "tp_r": 1}
s02_net|IS|{"exit_time": 16.0, "sl_k": 0.75, "sl_ref": 1, "tp_r": 1}
s02_net|IS|{"exit_time": 18.0, "sl_k": 0.75, "sl_ref": 1, "tp_r": 1}
s02_net|IS|{"sl_k": 0.75, "sl_ref": 1, "tp_r": 1}
s02_net|IS|{"exit_time": 21.0, "sl_k": 0.75, "sl_ref": 1, "tp_r": 1}
s02_net|IS|{"exit_time": 14.0, "sl_k": 0.75, "sl_ref": 1, "tp_r": 1, "trail_r": 0.5}
s02_net|IS|{"exit_time": 16.0, "sl_k": 0.75, "sl_ref": 1, "tp_r": 1, "trail_r": 0.5}
s02_net|IS|{"exit_time": 18.0, "sl_k": 0.75, "sl_ref": 1, "tp_r": 1, "trail_r": 0.5}
s02_net|IS|{"sl_k": 0.75, "sl_ref": 1, "tp_r": 1, "trail_r": 0.5}
s02_net|IS|{"exit_time": 21.0, "sl_k": 0.75, "sl_ref": 1, "tp_r": 1, "trail_r": 0.5}
s02_net|IS|{"exit_time": 14.0, "sl_k": 0.75, "sl_ref": 1, "tp_r": 1, "trail_r": 1}
s02_net|IS|{"exit_time": 16.0, "sl_k": 0.75, "sl_ref": 1, "tp_r": 1, "trail_r": 1}
s02_net|IS|{"exit_time": 18.0, "sl_k": 0.75, "sl_ref": 1, "tp_r": 1, "trail_r": 1}
s02_net|IS|{"sl_k": 0.75, "sl_ref": 1, "tp_r": 1, "trail_r": 1}
s02_net|IS|{"exit_time": 21.0, "sl_k": 0.75, "sl_ref": 1, "tp_r": 1, "trail_r": 1}
s02_net|IS|{"exit_time": 14.0, "sl_k": 0.75, "sl_ref": 1, "tp_r": 1, "trail_r": 1.5}
s02_net|IS|{"exit_time": 16.0, "sl_k": 0.75, "sl_ref": 1, "tp_r": 1, "trail_r": 1.5}
s02_net|IS|{"exit_time": 18.0, "sl_k": 0.75, "sl_ref": 1, "tp_r": 1, "trail_r": 1.5}
s02_net|IS|{"sl_k": 0.75, "sl_ref": 1, "tp_r": 1, "trail_r": 1.5}
s02_net|IS|{"exit_time": 21.0, "sl_k": 0.75, "sl_ref": 1, "tp_r": 1, "trail_r": 1.5}
s02_net|IS|{"exit_time": 14.0, "sl_k": 0.75, "sl_ref": 1, "tp_r": 1, "trail_r": 2}
s02_net|IS|{"exit_time": 16.0, "sl_k": 0.75, "sl_ref": 1, "tp_r": 1, "trail_r": 2}
s02_net|IS|{"exit_time": 18.0, "sl_k": 0.75, "sl_ref": 1, "tp_r": 1, "trail_r": 2}
s02_net|IS|{"sl_k": 0.75, "sl_ref": 1, "tp_r": 1, "trail_r": 2}
s02_net|IS|{"exit_time": 21.0, "sl_k": 0.75, "sl_ref": 1, "tp_r": 1, "trail_r": 2}
s02_net|IS|{"be_r": 0.5, "exit_time": 14.0, "sl_k": 0.75, "sl_ref": 1, "tp_r": 1}
s02_net|IS|{"be_r": 0.5, "exit_time": 16.0, "sl_k": 0.75, "sl_ref": 1, "tp_r": 1}
s02_net|IS|{"be_r": 0.5, "exit_time": 18.0, "sl_k": 0.75, "sl_ref": 1, "tp_r": 1}
s02_net|IS|{"be_r": 0.5, "sl_k": 0.75, "sl_ref": 1, "tp_r": 1}
s02_net|IS|{"be_r": 0.5, "exit_time": 21.0, "sl_k": 0.75, "sl_ref": 1, "tp_r": 1}
s02_net|IS|{"be_r": 0.5, "exit_time": 14.0, "sl_k": 0.75, "sl_ref": 1, "tp_r": 1, "trail_r": 0.5}
s02_net|IS|{"be_r": 0.5, "exit_time": 16.0, "sl_k": 0.75, "sl_ref": 1, "tp_r": 1, "trail_r": 0.5}
s02_net|IS|{"be_r": 0.5, "exit_time": 18.0, "sl_k": 0.75, "sl_ref": 1, "tp_r": 1, "trail_r": 0.5}
s02_net|IS|{"be_r": 0.5, "sl_k": 0.75, "sl_ref": 1, "tp_r": 1, "trail_r": 0.5}
s02_net|IS|{"be_r": 0.5, "exit_time": 21.0, "sl_k": 0.75, "sl_ref": 1, "tp_r": 1, "trail_r": 0.5}
s02_net|IS|{"be_r": 0.5, "exit_time": 14.0, "sl_k": 0.75, "sl_ref": 1, "tp_r": 1, "trail_r": 1}
s02_net|IS|{"be_r": 0.5, "exit_time": 16.0, "sl_k": 0.75, "sl_ref": 1, "tp_r": 1, "trail_r": 1}
s02_net|IS|{"be_r": 0.5, "exit_time": 18.0, "sl_k": 0.75, "sl_ref": 1, "tp_r": 1, "trail_r": 1}
s02_net|IS|{"be_r": 0.5, "sl_k": 0.75, "sl_ref": 1, "tp_r": 1, "trail_r": 1}
s02_net|IS|{"be_r": 0.5, "exit_time": 21.0, "sl_k": 0.75, "sl_ref": 1, "tp_r": 1, "trail_r": 1}
s02_net|IS|{"be_r": 0.5, "exit_time": 14.0, "sl_k": 0.75, "sl_ref": 1, "tp_r": 1, "trail_r": 1.5}
s02_net|IS|{"be_r": 0.5, "exit_time": 16.0, "sl_k": 0.75, "sl_ref": 1, "tp_r": 1, "trail_r": 1.5}
s02_net|IS|{"be_r": 0.5, "exit_time": 18.0, "sl_k": 0.75, "sl_ref": 1, "tp_r": 1, "trail_r": 1.5}
s02_net|IS|{"be_r": 0.5, "sl_k": 0.75, "sl_ref": 1, "tp_r": 1, "trail_r": 1.5}
s02_net|IS|{"be_r": 0.5, "exit_time": 21.0, "sl_k": 0.75, "sl_ref": 1, "tp_r": 1, "trail_r": 1.5}
s02_net|IS|{"be_r": 0.5, "exit_time": 14.0, "sl_k": 0.75, "sl_ref": 1, "tp_r": 1, "trail_r": 2}
s02_net|IS|{"be_r": 0.5, "exit_time": 16.0, "sl_k": 0.75, "sl_ref": 1, "tp_r": 1, "trail_r": 2}
s02_net|IS|{"be_r": 0.5, "exit_time": 18.0, "sl_k": 0.75, "sl_ref": 1, "tp_r": 1, "trail_r": 2}
s02_net|IS|{"be_r": 0.5, "sl_k": 0.75, "sl_ref": 1, "tp_r": 1, "trail_r": 2}
s02_net|IS|{"be_r": 0.5, "exit_time": 21.0, "sl_k": 0.75, "sl_ref": 1, "tp_r": 1, "trail_r": 2}
s02_net|IS|{"be_r": 1, "exit_time": 14.0, "sl_k": 0.75, "sl_ref": 1, "tp_r": 1}
s02_net|IS|{"be_r": 1, "exit_time": 16.0, "sl_k": 0.75, "sl_ref": 1, "tp_r": 1}
s02_net|IS|{"be_r": 1, "exit_time": 18.0, "sl_k": 0.75, "sl_ref": 1, "tp_r": 1}
s02_net|IS|{"be_r": 1, "sl_k": 0.75, "sl_ref": 1, "tp_r": 1}
s02_net|IS|{"be_r": 1, "exit_time": 21.0, "sl_k": 0.75, "sl_ref": 1, "tp_r": 1}
s02_net|IS|{"be_r": 1, "exit_time": 14.0, "sl_k": 0.75, "sl_ref": 1, "tp_r": 1, "trail_r": 0.5}
s02_net|IS|{"be_r": 1, "exit_time": 16.0, "sl_k": 0.75, "sl_ref": 1, "tp_r": 1, "trail_r": 0.5}
s02_net|IS|{"be_r": 1, "exit_time": 18.0, "sl_k": 0.75, "sl_ref": 1, "tp_r": 1, "trail_r": 0.5}
s02_net|IS|{"be_r": 1, "sl_k": 0.75, "sl_ref": 1, "tp_r": 1, "trail_r": 0.5}
s02_net|IS|{"be_r": 1, "exit_time": 21.0, "sl_k": 0.75, "sl_ref": 1, "tp_r": 1, "trail_r": 0.5}
s02_net|IS|{"be_r": 1, "exit_time": 14.0, "sl_k": 0.75, "sl_ref": 1, "tp_r": 1, "trail_r": 1}
s02_net|IS|{"be_r": 1, "exit_time": 16.0, "sl_k": 0.75, "sl_ref": 1, "tp_r": 1, "trail_r": 1}
s02_net|IS|{"be_r": 1, "exit_time": 18.0, "sl_k": 0.75, "sl_ref": 1, "tp_r": 1, "trail_r": 1}
s02_net|IS|{"be_r": 1, "sl_k": 0.75, "sl_ref": 1, "tp_r": 1, "trail_r": 1}
s02_net|IS|{"be_r": 1, "exit_time": 21.0, "sl_k": 0.75, "sl_ref": 1, "tp_r": 1, "trail_r": 1}
s02_net|IS|{"be_r": 1, "exit_time": 14.0, "sl_k": 0.75, "sl_ref": 1, "tp_r": 1, "trail_r": 1.5}
s02_net|IS|{"be_r": 1, "exit_time": 16.0, "sl_k": 0.75, "sl_ref": 1, "tp_r": 1, "trail_r": 1.5}
s02_net|IS|{"be_r": 1, "exit_time": 18.0, "sl_k": 0.75, "sl_ref": 1, "tp_r": 1, "trail_r": 1.5}
s02_net|IS|{"be_r": 1, "sl_k": 0.75, "sl_ref": 1, "tp_r": 1, "trail_r": 1.5}
s02_net|IS|{"be_r": 1, "exit_time": 21.0, "sl_k": 0.75, "sl_ref": 1, "tp_r": 1, "trail_r": 1.5}
s02_net|IS|{"be_r": 1, "exit_time": 14.0, "sl_k": 0.75, "sl_ref": 1, "tp_r": 1, "trail_r": 2}
s02_net|IS|{"be_r": 1, "exit_time": 16.0, "sl_k": 0.75, "sl_ref": 1, "tp_r": 1, "trail_r": 2}
s02_net|IS|{"be_r": 1, "exit_time": 18.0, "sl_k": 0.75, "sl_ref": 1, "tp_r": 1, "trail_r": 2}
s02_net|IS|{"be_r": 1, "sl_k": 0.75, "sl_ref": 1, "tp_r": 1, "trail_r": 2}
s02_net|IS|{"be_r": 1, "exit_time": 21.0, "sl_k": 0.75, "sl_ref": 1, "tp_r": 1, "trail_r": 2}
s02_net|IS|{"exit_time": 14.0, "sl_k": 0.75, "sl_ref": 1, "tp_r": 1.5}
s02_net|IS|{"exit_time": 16.0, "sl_k": 0.75, "sl_ref": 1, "tp_r": 1.5}
s02_net|IS|{"exit_time": 18.0, "sl_k": 0.75, "sl_ref": 1, "tp_r": 1.5}
s02_net|IS|{"sl_k": 0.75, "sl_ref": 1, "tp_r": 1.5}
s02_net|IS|{"exit_time": 21.0, "sl_k": 0.75, "sl_ref": 1, "tp_r": 1.5}
s02_net|IS|{"exit_time": 14.0, "sl_k": 0.75, "sl_ref": 1, "tp_r": 1.5, "trail_r": 0.5}
s02_net|IS|{"exit_time": 16.0, "sl_k": 0.75, "sl_ref": 1, "tp_r": 1.5, "trail_r": 0.5}
s02_net|IS|{"exit_time": 18.0, "sl_k": 0.75, "sl_ref": 1, "tp_r": 1.5, "trail_r": 0.5}
s02_net|IS|{"sl_k": 0.75, "sl_ref": 1, "tp_r": 1.5, "trail_r": 0.5}
s02_net|IS|{"exit_time": 21.0, "sl_k": 0.75, "sl_ref": 1, "tp_r": 1.5, "trail_r": 0.5}
s02_net|IS|{"exit_time": 14.0, "sl_k": 0.75, "sl_ref": 1, "tp_r": 1.5, "trail_r": 1}
s02_net|IS|{"exit_time": 16.0, "sl_k": 0.75, "sl_ref": 1, "tp_r": 1.5, "trail_r": 1}
s02_net|IS|{"exit_time": 18.0, "sl_k": 0.75, "sl_ref": 1, "tp_r": 1.5, "trail_r": 1}
s02_net|IS|{"sl_k": 0.75, "sl_ref": 1, "tp_r": 1.5, "trail_r": 1}
s02_net|IS|{"exit_time": 21.0, "sl_k": 0.75, "sl_ref": 1, "tp_r": 1.5, "trail_r": 1}
s02_net|IS|{"exit_time": 14.0, "sl_k": 0.75, "sl_ref": 1, "tp_r": 1.5, "trail_r": 1.5}
s02_net|IS|{"exit_time": 16.0, "sl_k": 0.75, "sl_ref": 1, "tp_r": 1.5, "trail_r": 1.5}
s02_net|IS|{"exit_time": 18.0, "sl_k": 0.75, "sl_ref": 1, "tp_r": 1.5, "trail_r": 1.5}
s02_net|IS|{"sl_k": 0.75, "sl_ref": 1, "tp_r": 1.5, "trail_r": 1.5}
s02_net|IS|{"exit_time": 21.0, "sl_k": 0.75, "sl_ref": 1, "tp_r": 1.5, "trail_r": 1.5}
s02_net|IS|{"exit_time": 14.0, "sl_k": 0.75, "sl_ref": 1, "tp_r": 1.5, "trail_r": 2}
s02_net|IS|{"exit_time": 16.0, "sl_k": 0.75, "sl_ref": 1, "tp_r": 1.5, "trail_r": 2}
s02_net|IS|{"exit_time": 18.0, "sl_k": 0.75, "sl_ref": 1, "tp_r": 1.5, "trail_r": 2}
s02_net|IS|{"sl_k": 0.75, "sl_ref": 1, "tp_r": 1.5, "trail_r": 2}
s02_net|IS|{"exit_time": 21.0, "sl_k": 0.75, "sl_ref": 1, "tp_r": 1.5, "trail_r": 2}
s02_net|IS|{"be_r": 0.5, "exit_time": 14.0, "sl_k": 0.75, "sl_ref": 1, "tp_r": 1.5}
s02_net|IS|{"be_r": 0.5, "exit_time": 16.0, "sl_k": 0.75, "sl_ref": 1, "tp_r": 1.5}
s02_net|IS|{"be_r": 0.5, "exit_time": 18.0, "sl_k": 0.75, "sl_ref": 1, "tp_r": 1.5}
s02_net|IS|{"be_r": 0.5, "sl_k": 0.75, "sl_ref": 1, "tp_r": 1.5}
s02_net|IS|{"be_r": 0.5, "exit_time": 21.0, "sl_k": 0.75, "sl_ref": 1, "tp_r": 1.5}
s02_net|IS|{"be_r": 0.5, "exit_time": 14.0, "sl_k": 0.75, "sl_ref": 1, "tp_r": 1.5, "trail_r": 0.5}
s02_net|IS|{"be_r": 0.5, "exit_time": 16.0, "sl_k": 0.75, "sl_ref": 1, "tp_r": 1.5, "trail_r": 0.5}
s02_net|IS|{"be_r": 0.5, "exit_time": 18.0, "sl_k": 0.75, "sl_ref": 1, "tp_r": 1.5, "trail_r": 0.5}
s02_net|IS|{"be_r": 0.5, "sl_k": 0.75, "sl_ref": 1, "tp_r": 1.5, "trail_r": 0.5}
s02_net|IS|{"be_r": 0.5, "exit_time": 21.0, "sl_k": 0.75, "sl_ref": 1, "tp_r": 1.5, "trail_r": 0.5}
s02_net|IS|{"be_r": 0.5, "exit_time": 14.0, "sl_k": 0.75, "sl_ref": 1, "tp_r": 1.5, "trail_r": 1}
s02_net|IS|{"be_r": 0.5, "exit_time": 16.0, "sl_k": 0.75, "sl_ref": 1, "tp_r": 1.5, "trail_r": 1}
s02_net|IS|{"be_r": 0.5, "exit_time": 18.0, "sl_k": 0.75, "sl_ref": 1, "tp_r": 1.5, "trail_r": 1}
s02_net|IS|{"be_r": 0.5, "sl_k": 0.75, "sl_ref": 1, "tp_r": 1.5, "trail_r": 1}
s02_net|IS|{"be_r": 0.5, "exit_time": 21.0, "sl_k": 0.75, "sl_ref": 1, "tp_r": 1.5, "trail_r": 1}
s02_net|IS|{"be_r": 0.5, "exit_time": 14.0, "sl_k": 0.75, "sl_ref": 1, "tp_r": 1.5, "trail_r": 1.5}
s02_net|IS|{"be_r": 0.5, "exit_time": 16.0, "sl_k": 0.75, "sl_ref": 1, "tp_r": 1.5, "trail_r": 1.5}
s02_net|IS|{"be_r": 0.5, "exit_time": 18.0, "sl_k": 0.75, "sl_ref": 1, "tp_r": 1.5, "trail_r": 1.5}
s02_net|IS|{"be_r": 0.5, "sl_k": 0.75, "sl_ref": 1, "tp_r": 1.5, "trail_r": 1.5}
s02_net|IS|{"be_r": 0.5, "exit_time": 21.0, "sl_k": 0.75, "sl_ref": 1, "tp_r": 1.5, "trail_r": 1.5}
s02_net|IS|{"be_r": 0.5, "exit_time": 14.0, "sl_k": 0.75, "sl_ref": 1, "tp_r": 1.5, "trail_r": 2}
s02_net|IS|{"be_r": 0.5, "exit_time": 16.0, "sl_k": 0.75, "sl_ref": 1, "tp_r": 1.5, "trail_r": 2}
s02_net|IS|{"be_r": 0.5, "exit_time": 18.0, "sl_k": 0.75, "sl_ref": 1, "tp_r": 1.5, "trail_r": 2}
s02_net|IS|{"be_r": 0.5, "sl_k": 0.75, "sl_ref": 1, "tp_r": 1.5, "trail_r": 2}
s02_net|IS|{"be_r": 0.5, "exit_time": 21.0, "sl_k": 0.75, "sl_ref": 1, "tp_r": 1.5, "trail_r": 2}
s02_net|IS|{"be_r": 1, "exit_time": 14.0, "sl_k": 0.75, "sl_ref": 1, "tp_r": 1.5}
s02_net|IS|{"be_r": 1, "exit_time": 16.0, "sl_k": 0.75, "sl_ref": 1, "tp_r": 1.5}
s02_net|IS|{"be_r": 1, "exit_time": 18.0, "sl_k": 0.75, "sl_ref": 1, "tp_r": 1.5}
s02_net|IS|{"be_r": 1, "sl_k": 0.75, "sl_ref": 1, "tp_r": 1.5}
s02_net|IS|{"be_r": 1, "exit_time": 21.0, "sl_k": 0.75, "sl_ref": 1, "tp_r": 1.5}
s02_net|IS|{"be_r": 1, "exit_time": 14.0, "sl_k": 0.75, "sl_ref": 1, "tp_r": 1.5, "trail_r": 0.5}
s02_net|IS|{"be_r": 1, "exit_time": 16.0, "sl_k": 0.75, "sl_ref": 1, "tp_r": 1.5, "trail_r": 0.5}
s02_net|IS|{"be_r": 1, "exit_time": 18.0, "sl_k": 0.75, "sl_ref": 1, "tp_r": 1.5, "trail_r": 0.5}
s02_net|IS|{"be_r": 1, "sl_k": 0.75, "sl_ref": 1, "tp_r": 1.5, "trail_r": 0.5}
s02_net|IS|{"be_r": 1, "exit_time": 21.0, "sl_k": 0.75, "sl_ref": 1, "tp_r": 1.5, "trail_r": 0.5}
s02_net|IS|{"be_r": 1, "exit_time": 14.0, "sl_k": 0.75, "sl_ref": 1, "tp_r": 1.5, "trail_r": 1}
s02_net|IS|{"be_r": 1, "exit_time": 16.0, "sl_k": 0.75, "sl_ref": 1, "tp_r": 1.5, "trail_r": 1}
s02_net|IS|{"be_r": 1, "exit_time": 18.0, "sl_k": 0.75, "sl_ref": 1, "tp_r": 1.5, "trail_r": 1}
s02_net|IS|{"be_r": 1, "sl_k": 0.75, "sl_ref": 1, "tp_r": 1.5, "trail_r": 1}
s02_net|IS|{"be_r": 1, "exit_time": 21.0, "sl_k": 0.75, "sl_ref": 1, "tp_r": 1.5, "trail_r": 1}
s02_net|IS|{"be_r": 1, "exit_time": 14.0, "sl_k": 0.75, "sl_ref": 1, "tp_r": 1.5, "trail_r": 1.5}
s02_net|IS|{"be_r": 1, "exit_time": 16.0, "sl_k": 0.75, "sl_ref": 1, "tp_r": 1.5, "trail_r": 1.5}
s02_net|IS|{"be_r": 1, "exit_time": 18.0, "sl_k": 0.75, "sl_ref": 1, "tp_r": 1.5, "trail_r": 1.5}
s02_net|IS|{"be_r": 1, "sl_k": 0.75, "sl_ref": 1, "tp_r": 1.5, "trail_r": 1.5}
s02_net|IS|{"be_r": 1, "exit_time": 21.0, "sl_k": 0.75, "sl_ref": 1, "tp_r": 1.5, "trail_r": 1.5}
s02_net|IS|{"be_r": 1, "exit_time": 14.0, "sl_k": 0.75, "sl_ref": 1, "tp_r": 1.5, "trail_r": 2}
s02_net|IS|{"be_r": 1, "exit_time": 16.0, "sl_k": 0.75, "sl_ref": 1, "tp_r": 1.5, "trail_r": 2}
s02_net|IS|{"be_r": 1, "exit_time": 18.0, "sl_k": 0.75, "sl_ref": 1, "tp_r": 1.5, "trail_r": 2}
s02_net|IS|{"be_r": 1, "sl_k": 0.75, "sl_ref": 1, "tp_r": 1.5, "trail_r": 2}
s02_net|IS|{"be_r": 1, "exit_time": 21.0, "sl_k": 0.75, "sl_ref": 1, "tp_r": 1.5, "trail_r": 2}
s02_net|IS|{"exit_time": 14.0, "sl_k": 0.75, "sl_ref": 1, "tp_r": 2}
s02_net|IS|{"exit_time": 16.0, "sl_k": 0.75, "sl_ref": 1, "tp_r": 2}
s02_net|IS|{"exit_time": 18.0, "sl_k": 0.75, "sl_ref": 1, "tp_r": 2}
s02_net|IS|{"sl_k": 0.75, "sl_ref": 1, "tp_r": 2}
s02_net|IS|{"exit_time": 21.0, "sl_k": 0.75, "sl_ref": 1, "tp_r": 2}
s02_net|IS|{"exit_time": 14.0, "sl_k": 0.75, "sl_ref": 1, "tp_r": 2, "trail_r": 0.5}
s02_net|IS|{"exit_time": 16.0, "sl_k": 0.75, "sl_ref": 1, "tp_r": 2, "trail_r": 0.5}
s02_net|IS|{"exit_time": 18.0, "sl_k": 0.75, "sl_ref": 1, "tp_r": 2, "trail_r": 0.5}
s02_net|IS|{"sl_k": 0.75, "sl_ref": 1, "tp_r": 2, "trail_r": 0.5}
s02_net|IS|{"exit_time": 21.0, "sl_k": 0.75, "sl_ref": 1, "tp_r": 2, "trail_r": 0.5}
s02_net|IS|{"exit_time": 14.0, "sl_k": 0.75, "sl_ref": 1, "tp_r": 2, "trail_r": 1}
s02_net|IS|{"exit_time": 16.0, "sl_k": 0.75, "sl_ref": 1, "tp_r": 2, "trail_r": 1}
s02_net|IS|{"exit_time": 18.0, "sl_k": 0.75, "sl_ref": 1, "tp_r": 2, "trail_r": 1}
s02_net|IS|{"sl_k": 0.75, "sl_ref": 1, "tp_r": 2, "trail_r": 1}
s02_net|IS|{"exit_time": 21.0, "sl_k": 0.75, "sl_ref": 1, "tp_r": 2, "trail_r": 1}
s02_net|IS|{"exit_time": 14.0, "sl_k": 0.75, "sl_ref": 1, "tp_r": 2, "trail_r": 1.5}
s02_net|IS|{"exit_time": 16.0, "sl_k": 0.75, "sl_ref": 1, "tp_r": 2, "trail_r": 1.5}
s02_net|IS|{"exit_time": 18.0, "sl_k": 0.75, "sl_ref": 1, "tp_r": 2, "trail_r": 1.5}
s02_net|IS|{"sl_k": 0.75, "sl_ref": 1, "tp_r": 2, "trail_r": 1.5}
s02_net|IS|{"exit_time": 21.0, "sl_k": 0.75, "sl_ref": 1, "tp_r": 2, "trail_r": 1.5}
s02_net|IS|{"exit_time": 14.0, "sl_k": 0.75, "sl_ref": 1, "tp_r": 2, "trail_r": 2}
s02_net|IS|{"exit_time": 16.0, "sl_k": 0.75, "sl_ref": 1, "tp_r": 2, "trail_r": 2}
s02_net|IS|{"exit_time": 18.0, "sl_k": 0.75, "sl_ref": 1, "tp_r": 2, "trail_r": 2}
s02_net|IS|{"sl_k": 0.75, "sl_ref": 1, "tp_r": 2, "trail_r": 2}
s02_net|IS|{"exit_time": 21.0, "sl_k": 0.75, "sl_ref": 1, "tp_r": 2, "trail_r": 2}
s02_net|IS|{"be_r": 0.5, "exit_time": 14.0, "sl_k": 0.75, "sl_ref": 1, "tp_r": 2}
s02_net|IS|{"be_r": 0.5, "exit_time": 16.0, "sl_k": 0.75, "sl_ref": 1, "tp_r": 2}
s02_net|IS|{"be_r": 0.5, "exit_time": 18.0, "sl_k": 0.75, "sl_ref": 1, "tp_r": 2}
s02_net|IS|{"be_r": 0.5, "sl_k": 0.75, "sl_ref": 1, "tp_r": 2}
s02_net|IS|{"be_r": 0.5, "exit_time": 21.0, "sl_k": 0.75, "sl_ref": 1, "tp_r": 2}
s02_net|IS|{"be_r": 0.5, "exit_time": 14.0, "sl_k": 0.75, "sl_ref": 1, "tp_r": 2, "trail_r": 0.5}
s02_net|IS|{"be_r": 0.5, "exit_time": 16.0, "sl_k": 0.75, "sl_ref": 1, "tp_r": 2, "trail_r": 0.5}
s02_net|IS|{"be_r": 0.5, "exit_time": 18.0, "sl_k": 0.75, "sl_ref": 1, "tp_r": 2, "trail_r": 0.5}
s02_net|IS|{"be_r": 0.5, "sl_k": 0.75, "sl_ref": 1, "tp_r": 2, "trail_r": 0.5}
s02_net|IS|{"be_r": 0.5, "exit_time": 21.0, "sl_k": 0.75, "sl_ref": 1, "tp_r": 2, "trail_r": 0.5}
s02_net|IS|{"be_r": 0.5, "exit_time": 14.0, "sl_k": 0.75, "sl_ref": 1, "tp_r": 2, "trail_r": 1}
s02_net|IS|{"be_r": 0.5, "exit_time": 16.0, "sl_k": 0.75, "sl_ref": 1, "tp_r": 2, "trail_r": 1}
s02_net|IS|{"be_r": 0.5, "exit_time": 18.0, "sl_k": 0.75, "sl_ref": 1, "tp_r": 2, "trail_r": 1}
s02_net|IS|{"be_r": 0.5, "sl_k": 0.75, "sl_ref": 1, "tp_r": 2, "trail_r": 1}
s02_net|IS|{"be_r": 0.5, "exit_time": 21.0, "sl_k": 0.75, "sl_ref": 1, "tp_r": 2, "trail_r": 1}
s02_net|IS|{"be_r": 0.5, "exit_time": 14.0, "sl_k": 0.75, "sl_ref": 1, "tp_r": 2, "trail_r": 1.5}
s02_net|IS|{"be_r": 0.5, "exit_time": 16.0, "sl_k": 0.75, "sl_ref": 1, "tp_r": 2, "trail_r": 1.5}
s02_net|IS|{"be_r": 0.5, "exit_time": 18.0, "sl_k": 0.75, "sl_ref": 1, "tp_r": 2, "trail_r": 1.5}
s02_net|IS|{"be_r": 0.5, "sl_k": 0.75, "sl_ref": 1, "tp_r": 2, "trail_r": 1.5}
s02_net|IS|{"be_r": 0.5, "exit_time": 21.0, "sl_k": 0.75, "sl_ref": 1, "tp_r": 2, "trail_r": 1.5}
s02_net|IS|{"be_r": 0.5, "exit_time": 14.0, "sl_k": 0.75, "sl_ref": 1, "tp_r": 2, "trail_r": 2}
s02_net|IS|{"be_r": 0.5, "exit_time": 16.0, "sl_k": 0.75, "sl_ref": 1, "tp_r": 2, "trail_r": 2}
s02_net|IS|{"be_r": 0.5, "exit_time": 18.0, "sl_k": 0.75, "sl_ref": 1, "tp_r": 2, "trail_r": 2}
s02_net|IS|{"be_r": 0.5, "sl_k": 0.75, "sl_ref": 1, "tp_r": 2, "trail_r": 2}
s02_net|IS|{"be_r": 0.5, "exit_time": 21.0, "sl_k": 0.75, "sl_ref": 1, "tp_r": 2, "trail_r": 2}
s02_net|IS|{"be_r": 1, "exit_time": 14.0, "sl_k": 0.75, "sl_ref": 1, "tp_r": 2}
s02_net|IS|{"be_r": 1, "exit_time": 16.0, "sl_k": 0.75, "sl_ref": 1, "tp_r": 2}
s02_net|IS|{"be_r": 1, "exit_time": 18.0, "sl_k": 0.75, "sl_ref": 1, "tp_r": 2}
s02_net|IS|{"be_r": 1, "sl_k": 0.75, "sl_ref": 1, "tp_r": 2}
s02_net|IS|{"be_r": 1, "exit_time": 21.0, "sl_k": 0.75, "sl_ref": 1, "tp_r": 2}
s02_net|IS|{"be_r": 1, "exit_time": 14.0, "sl_k": 0.75, "sl_ref": 1, "tp_r": 2, "trail_r": 0.5}
s02_net|IS|{"be_r": 1, "exit_time": 16.0, "sl_k": 0.75, "sl_ref": 1, "tp_r": 2, "trail_r": 0.5}
s02_net|IS|{"be_r": 1, "exit_time": 18.0, "sl_k": 0.75, "sl_ref": 1, "tp_r": 2, "trail_r": 0.5}
s02_net|IS|{"be_r": 1, "sl_k": 0.75, "sl_ref": 1, "tp_r": 2, "trail_r": 0.5}
s02_net|IS|{"be_r": 1, "exit_time": 21.0, "sl_k": 0.75, "sl_ref": 1, "tp_r": 2, "trail_r": 0.5}
s02_net|IS|{"be_r": 1, "exit_time": 14.0, "sl_k": 0.75, "sl_ref": 1, "tp_r": 2, "trail_r": 1}
s02_net|IS|{"be_r": 1, "exit_time": 16.0, "sl_k": 0.75, "sl_ref": 1, "tp_r": 2, "trail_r": 1}
s02_net|IS|{"be_r": 1, "exit_time": 18.0, "sl_k": 0.75, "sl_ref": 1, "tp_r": 2, "trail_r": 1}
s02_net|IS|{"be_r": 1, "sl_k": 0.75, "sl_ref": 1, "tp_r": 2, "trail_r": 1}
s02_net|IS|{"be_r": 1, "exit_time": 21.0, "sl_k": 0.75, "sl_ref": 1, "tp_r": 2, "trail_r": 1}
s02_net|IS|{"be_r": 1, "exit_time": 14.0, "sl_k": 0.75, "sl_ref": 1, "tp_r": 2, "trail_r": 1.5}
s02_net|IS|{"be_r": 1, "exit_time": 16.0, "sl_k": 0.75, "sl_ref": 1, "tp_r": 2, "trail_r": 1.5}
s02_net|IS|{"be_r": 1, "exit_time": 18.0, "sl_k": 0.75, "sl_ref": 1, "tp_r": 2, "trail_r": 1.5}
s02_net|IS|{"be_r": 1, "sl_k": 0.75, "sl_ref": 1, "tp_r": 2, "trail_r": 1.5}
s02_net|IS|{"be_r": 1, "exit_time": 21.0, "sl_k": 0.75, "sl_ref": 1, "tp_r": 2, "trail_r": 1.5}
s02_net|IS|{"be_r": 1, "exit_time": 14.0, "sl_k": 0.75, "sl_ref": 1, "tp_r": 2, "trail_r": 2}
s02_net|IS|{"be_r": 1, "exit_time": 16.0, "sl_k": 0.75, "sl_ref": 1, "tp_r": 2, "trail_r": 2}
s02_net|IS|{"be_r": 1, "exit_time": 18.0, "sl_k": 0.75, "sl_ref": 1, "tp_r": 2, "trail_r": 2}
s02_net|IS|{"be_r": 1, "sl_k": 0.75, "sl_ref": 1, "tp_r": 2, "trail_r": 2}
s02_net|IS|{"be_r": 1, "exit_time": 21.0, "sl_k": 0.75, "sl_ref": 1, "tp_r": 2, "trail_r": 2}
s02_net|IS|{"exit_time": 14.0, "sl_k": 0.75, "sl_ref": 1, "tp_r": 3}
s02_net|IS|{"exit_time": 16.0, "sl_k": 0.75, "sl_ref": 1, "tp_r": 3}
s02_net|IS|{"exit_time": 18.0, "sl_k": 0.75, "sl_ref": 1, "tp_r": 3}
s02_net|IS|{"sl_k": 0.75, "sl_ref": 1, "tp_r": 3}
s02_net|IS|{"exit_time": 21.0, "sl_k": 0.75, "sl_ref": 1, "tp_r": 3}
s02_net|IS|{"exit_time": 14.0, "sl_k": 0.75, "sl_ref": 1, "tp_r": 3, "trail_r": 0.5}
s02_net|IS|{"exit_time": 16.0, "sl_k": 0.75, "sl_ref": 1, "tp_r": 3, "trail_r": 0.5}
s02_net|IS|{"exit_time": 18.0, "sl_k": 0.75, "sl_ref": 1, "tp_r": 3, "trail_r": 0.5}
s02_net|IS|{"sl_k": 0.75, "sl_ref": 1, "tp_r": 3, "trail_r": 0.5}
s02_net|IS|{"exit_time": 21.0, "sl_k": 0.75, "sl_ref": 1, "tp_r": 3, "trail_r": 0.5}
s02_net|IS|{"exit_time": 14.0, "sl_k": 0.75, "sl_ref": 1, "tp_r": 3, "trail_r": 1}
s02_net|IS|{"exit_time": 16.0, "sl_k": 0.75, "sl_ref": 1, "tp_r": 3, "trail_r": 1}
s02_net|IS|{"exit_time": 18.0, "sl_k": 0.75, "sl_ref": 1, "tp_r": 3, "trail_r": 1}
s02_net|IS|{"sl_k": 0.75, "sl_ref": 1, "tp_r": 3, "trail_r": 1}
s02_net|IS|{"exit_time": 21.0, "sl_k": 0.75, "sl_ref": 1, "tp_r": 3, "trail_r": 1}
s02_net|IS|{"exit_time": 14.0, "sl_k": 0.75, "sl_ref": 1, "tp_r": 3, "trail_r": 1.5}
s02_net|IS|{"exit_time": 16.0, "sl_k": 0.75, "sl_ref": 1, "tp_r": 3, "trail_r": 1.5}
s02_net|IS|{"exit_time": 18.0, "sl_k": 0.75, "sl_ref": 1, "tp_r": 3, "trail_r": 1.5}
s02_net|IS|{"sl_k": 0.75, "sl_ref": 1, "tp_r": 3, "trail_r": 1.5}
s02_net|IS|{"exit_time": 21.0, "sl_k": 0.75, "sl_ref": 1, "tp_r": 3, "trail_r": 1.5}
s02_net|IS|{"exit_time": 14.0, "sl_k": 0.75, "sl_ref": 1, "tp_r": 3, "trail_r": 2}
s02_net|IS|{"exit_time": 16.0, "sl_k": 0.75, "sl_ref": 1, "tp_r": 3, "trail_r": 2}
s02_net|IS|{"exit_time": 18.0, "sl_k": 0.75, "sl_ref": 1, "tp_r": 3, "trail_r": 2}
s02_net|IS|{"sl_k": 0.75, "sl_ref": 1, "tp_r": 3, "trail_r": 2}
s02_net|IS|{"exit_time": 21.0, "sl_k": 0.75, "sl_ref": 1, "tp_r": 3, "trail_r": 2}
s02_net|IS|{"be_r": 0.5, "exit_time": 14.0, "sl_k": 0.75, "sl_ref": 1, "tp_r": 3}
s02_net|IS|{"be_r": 0.5, "exit_time": 16.0, "sl_k": 0.75, "sl_ref": 1, "tp_r": 3}
s02_net|IS|{"be_r": 0.5, "exit_time": 18.0, "sl_k": 0.75, "sl_ref": 1, "tp_r": 3}
s02_net|IS|{"be_r": 0.5, "sl_k": 0.75, "sl_ref": 1, "tp_r": 3}
s02_net|IS|{"be_r": 0.5, "exit_time": 21.0, "sl_k": 0.75, "sl_ref": 1, "tp_r": 3}
s02_net|IS|{"be_r": 0.5, "exit_time": 14.0, "sl_k": 0.75, "sl_ref": 1, "tp_r": 3, "trail_r": 0.5}
s02_net|IS|{"be_r": 0.5, "exit_time": 16.0, "sl_k": 0.75, "sl_ref": 1, "tp_r": 3, "trail_r": 0.5}
s02_net|IS|{"be_r": 0.5, "exit_time": 18.0, "sl_k": 0.75, "sl_ref": 1, "tp_r": 3, "trail_r": 0.5}
s02_net|IS|{"be_r": 0.5, "sl_k": 0.75, "sl_ref": 1, "tp_r": 3, "trail_r": 0.5}
s02_net|IS|{"be_r": 0.5, "exit_time": 21.0, "sl_k": 0.75, "sl_ref": 1, "tp_r": 3, "trail_r": 0.5}
s02_net|IS|{"be_r": 0.5, "exit_time": 14.0, "sl_k": 0.75, "sl_ref": 1, "tp_r": 3, "trail_r": 1}
s02_net|IS|{"be_r": 0.5, "exit_time": 16.0, "sl_k": 0.75, "sl_ref": 1, "tp_r": 3, "trail_r": 1}
s02_net|IS|{"be_r": 0.5, "exit_time": 18.0, "sl_k": 0.75, "sl_ref": 1, "tp_r": 3, "trail_r": 1}
s02_net|IS|{"be_r": 0.5, "sl_k": 0.75, "sl_ref": 1, "tp_r": 3, "trail_r": 1}
s02_net|IS|{"be_r": 0.5, "exit_time": 21.0, "sl_k": 0.75, "sl_ref": 1, "tp_r": 3, "trail_r": 1}
s02_net|IS|{"be_r": 0.5, "exit_time": 14.0, "sl_k": 0.75, "sl_ref": 1, "tp_r": 3, "trail_r": 1.5}
s02_net|IS|{"be_r": 0.5, "exit_time": 16.0, "sl_k": 0.75, "sl_ref": 1, "tp_r": 3, "trail_r": 1.5}
s02_net|IS|{"be_r": 0.5, "exit_time": 18.0, "sl_k": 0.75, "sl_ref": 1, "tp_r": 3, "trail_r": 1.5}
s02_net|IS|{"be_r": 0.5, "sl_k": 0.75, "sl_ref": 1, "tp_r": 3, "trail_r": 1.5}
s02_net|IS|{"be_r": 0.5, "exit_time": 21.0, "sl_k": 0.75, "sl_ref": 1, "tp_r": 3, "trail_r": 1.5}
s02_net|IS|{"be_r": 0.5, "exit_time": 14.0, "sl_k": 0.75, "sl_ref": 1, "tp_r": 3, "trail_r": 2}
s02_net|IS|{"be_r": 0.5, "exit_time": 16.0, "sl_k": 0.75, "sl_ref": 1, "tp_r": 3, "trail_r": 2}
s02_net|IS|{"be_r": 0.5, "exit_time": 18.0, "sl_k": 0.75, "sl_ref": 1, "tp_r": 3, "trail_r": 2}
s02_net|IS|{"be_r": 0.5, "sl_k": 0.75, "sl_ref": 1, "tp_r": 3, "trail_r": 2}
s02_net|IS|{"be_r": 0.5, "exit_time": 21.0, "sl_k": 0.75, "sl_ref": 1, "tp_r": 3, "trail_r": 2}
s02_net|IS|{"be_r": 1, "exit_time": 14.0, "sl_k": 0.75, "sl_ref": 1, "tp_r": 3}
s02_net|IS|{"be_r": 1, "exit_time": 16.0, "sl_k": 0.75, "sl_ref": 1, "tp_r": 3}
s02_net|IS|{"be_r": 1, "exit_time": 18.0, "sl_k": 0.75, "sl_ref": 1, "tp_r": 3}
s02_net|IS|{"be_r": 1, "sl_k": 0.75, "sl_ref": 1, "tp_r": 3}
s02_net|IS|{"be_r": 1, "exit_time": 21.0, "sl_k": 0.75, "sl_ref": 1, "tp_r": 3}
s02_net|IS|{"be_r": 1, "exit_time": 14.0, "sl_k": 0.75, "sl_ref": 1, "tp_r": 3, "trail_r": 0.5}
s02_net|IS|{"be_r": 1, "exit_time": 16.0, "sl_k": 0.75, "sl_ref": 1, "tp_r": 3, "trail_r": 0.5}
s02_net|IS|{"be_r": 1, "exit_time": 18.0, "sl_k": 0.75, "sl_ref": 1, "tp_r": 3, "trail_r": 0.5}
s02_net|IS|{"be_r": 1, "sl_k": 0.75, "sl_ref": 1, "tp_r": 3, "trail_r": 0.5}
s02_net|IS|{"be_r": 1, "exit_time": 21.0, "sl_k": 0.75, "sl_ref": 1, "tp_r": 3, "trail_r": 0.5}
s02_net|IS|{"be_r": 1, "exit_time": 14.0, "sl_k": 0.75, "sl_ref": 1, "tp_r": 3, "trail_r": 1}
s02_net|IS|{"be_r": 1, "exit_time": 16.0, "sl_k": 0.75, "sl_ref": 1, "tp_r": 3, "trail_r": 1}
s02_net|IS|{"be_r": 1, "exit_time": 18.0, "sl_k": 0.75, "sl_ref": 1, "tp_r": 3, "trail_r": 1}
s02_net|IS|{"be_r": 1, "sl_k": 0.75, "sl_ref": 1, "tp_r": 3, "trail_r": 1}
s02_net|IS|{"be_r": 1, "exit_time": 21.0, "sl_k": 0.75, "sl_ref": 1, "tp_r": 3, "trail_r": 1}
s02_net|IS|{"be_r": 1, "exit_time": 14.0, "sl_k": 0.75, "sl_ref": 1, "tp_r": 3, "trail_r": 1.5}
s02_net|IS|{"be_r": 1, "exit_time": 16.0, "sl_k": 0.75, "sl_ref": 1, "tp_r": 3, "trail_r": 1.5}
s02_net|IS|{"be_r": 1, "exit_time": 18.0, "sl_k": 0.75, "sl_ref": 1, "tp_r": 3, "trail_r": 1.5}
s02_net|IS|{"be_r": 1, "sl_k": 0.75, "sl_ref": 1, "tp_r": 3, "trail_r": 1.5}
s02_net|IS|{"be_r": 1, "exit_time": 21.0, "sl_k": 0.75, "sl_ref": 1, "tp_r": 3, "trail_r": 1.5}
s02_net|IS|{"be_r": 1, "exit_time": 14.0, "sl_k": 0.75, "sl_ref": 1, "tp_r": 3, "trail_r": 2}
s02_net|IS|{"be_r": 1, "exit_time": 16.0, "sl_k": 0.75, "sl_ref": 1, "tp_r": 3, "trail_r": 2}
s02_net|IS|{"be_r": 1, "exit_time": 18.0, "sl_k": 0.75, "sl_ref": 1, "tp_r": 3, "trail_r": 2}
s02_net|IS|{"be_r": 1, "sl_k": 0.75, "sl_ref": 1, "tp_r": 3, "trail_r": 2}
s02_net|IS|{"be_r": 1, "exit_time": 21.0, "sl_k": 0.75, "sl_ref": 1, "tp_r": 3, "trail_r": 2}
s02_net|IS|{"exit_time": 14.0, "sl_k": 0.75, "sl_ref": 1, "tp_r": 4}
s02_net|IS|{"exit_time": 16.0, "sl_k": 0.75, "sl_ref": 1, "tp_r": 4}
s02_net|IS|{"exit_time": 18.0, "sl_k": 0.75, "sl_ref": 1, "tp_r": 4}
s02_net|IS|{"sl_k": 0.75, "sl_ref": 1, "tp_r": 4}
s02_net|IS|{"exit_time": 21.0, "sl_k": 0.75, "sl_ref": 1, "tp_r": 4}
s02_net|IS|{"exit_time": 14.0, "sl_k": 0.75, "sl_ref": 1, "tp_r": 4, "trail_r": 0.5}
s02_net|IS|{"exit_time": 16.0, "sl_k": 0.75, "sl_ref": 1, "tp_r": 4, "trail_r": 0.5}
s02_net|IS|{"exit_time": 18.0, "sl_k": 0.75, "sl_ref": 1, "tp_r": 4, "trail_r": 0.5}
s02_net|IS|{"sl_k": 0.75, "sl_ref": 1, "tp_r": 4, "trail_r": 0.5}
s02_net|IS|{"exit_time": 21.0, "sl_k": 0.75, "sl_ref": 1, "tp_r": 4, "trail_r": 0.5}
s02_net|IS|{"exit_time": 14.0, "sl_k": 0.75, "sl_ref": 1, "tp_r": 4, "trail_r": 1}
s02_net|IS|{"exit_time": 16.0, "sl_k": 0.75, "sl_ref": 1, "tp_r": 4, "trail_r": 1}
s02_net|IS|{"exit_time": 18.0, "sl_k": 0.75, "sl_ref": 1, "tp_r": 4, "trail_r": 1}
s02_net|IS|{"sl_k": 0.75, "sl_ref": 1, "tp_r": 4, "trail_r": 1}
s02_net|IS|{"exit_time": 21.0, "sl_k": 0.75, "sl_ref": 1, "tp_r": 4, "trail_r": 1}
s02_net|IS|{"exit_time": 14.0, "sl_k": 0.75, "sl_ref": 1, "tp_r": 4, "trail_r": 1.5}
s02_net|IS|{"exit_time": 16.0, "sl_k": 0.75, "sl_ref": 1, "tp_r": 4, "trail_r": 1.5}
s02_net|IS|{"exit_time": 18.0, "sl_k": 0.75, "sl_ref": 1, "tp_r": 4, "trail_r": 1.5}
s02_net|IS|{"sl_k": 0.75, "sl_ref": 1, "tp_r": 4, "trail_r": 1.5}
s02_net|IS|{"exit_time": 21.0, "sl_k": 0.75, "sl_ref": 1, "tp_r": 4, "trail_r": 1.5}
s02_net|IS|{"exit_time": 14.0, "sl_k": 0.75, "sl_ref": 1, "tp_r": 4, "trail_r": 2}
s02_net|IS|{"exit_time": 16.0, "sl_k": 0.75, "sl_ref": 1, "tp_r": 4, "trail_r": 2}
s02_net|IS|{"exit_time": 18.0, "sl_k": 0.75, "sl_ref": 1, "tp_r": 4, "trail_r": 2}
s02_net|IS|{"sl_k": 0.75, "sl_ref": 1, "tp_r": 4, "trail_r": 2}
s02_net|IS|{"exit_time": 21.0, "sl_k": 0.75, "sl_ref": 1, "tp_r": 4, "trail_r": 2}
s02_net|IS|{"be_r": 0.5, "exit_time": 14.0, "sl_k": 0.75, "sl_ref": 1, "tp_r": 4}
s02_net|IS|{"be_r": 0.5, "exit_time": 16.0, "sl_k": 0.75, "sl_ref": 1, "tp_r": 4}
s02_net|IS|{"be_r": 0.5, "exit_time": 18.0, "sl_k": 0.75, "sl_ref": 1, "tp_r": 4}
s02_net|IS|{"be_r": 0.5, "sl_k": 0.75, "sl_ref": 1, "tp_r": 4}
s02_net|IS|{"be_r": 0.5, "exit_time": 21.0, "sl_k": 0.75, "sl_ref": 1, "tp_r": 4}
s02_net|IS|{"be_r": 0.5, "exit_time": 14.0, "sl_k": 0.75, "sl_ref": 1, "tp_r": 4, "trail_r": 0.5}
s02_net|IS|{"be_r": 0.5, "exit_time": 16.0, "sl_k": 0.75, "sl_ref": 1, "tp_r": 4, "trail_r": 0.5}
s02_net|IS|{"be_r": 0.5, "exit_time": 18.0, "sl_k": 0.75, "sl_ref": 1, "tp_r": 4, "trail_r": 0.5}
s02_net|IS|{"be_r": 0.5, "sl_k": 0.75, "sl_ref": 1, "tp_r": 4, "trail_r": 0.5}
s02_net|IS|{"be_r": 0.5, "exit_time": 21.0, "sl_k": 0.75, "sl_ref": 1, "tp_r": 4, "trail_r": 0.5}
s02_net|IS|{"be_r": 0.5, "exit_time": 14.0, "sl_k": 0.75, "sl_ref": 1, "tp_r": 4, "trail_r": 1}
s02_net|IS|{"be_r": 0.5, "exit_time": 16.0, "sl_k": 0.75, "sl_ref": 1, "tp_r": 4, "trail_r": 1}
s02_net|IS|{"be_r": 0.5, "exit_time": 18.0, "sl_k": 0.75, "sl_ref": 1, "tp_r": 4, "trail_r": 1}
s02_net|IS|{"be_r": 0.5, "sl_k": 0.75, "sl_ref": 1, "tp_r": 4, "trail_r": 1}
s02_net|IS|{"be_r": 0.5, "exit_time": 21.0, "sl_k": 0.75, "sl_ref": 1, "tp_r": 4, "trail_r": 1}
s02_net|IS|{"be_r": 0.5, "exit_time": 14.0, "sl_k": 0.75, "sl_ref": 1, "tp_r": 4, "trail_r": 1.5}
s02_net|IS|{"be_r": 0.5, "exit_time": 16.0, "sl_k": 0.75, "sl_ref": 1, "tp_r": 4, "trail_r": 1.5}
s02_net|IS|{"be_r": 0.5, "exit_time": 18.0, "sl_k": 0.75, "sl_ref": 1, "tp_r": 4, "trail_r": 1.5}
s02_net|IS|{"be_r": 0.5, "sl_k": 0.75, "sl_ref": 1, "tp_r": 4, "trail_r": 1.5}
s02_net|IS|{"be_r": 0.5, "exit_time": 21.0, "sl_k": 0.75, "sl_ref": 1, "tp_r": 4, "trail_r": 1.5}
s02_net|IS|{"be_r": 0.5, "exit_time": 14.0, "sl_k": 0.75, "sl_ref": 1, "tp_r": 4, "trail_r": 2}
s02_net|IS|{"be_r": 0.5, "exit_time": 16.0, "sl_k": 0.75, "sl_ref": 1, "tp_r": 4, "trail_r": 2}
s02_net|IS|{"be_r": 0.5, "exit_time": 18.0, "sl_k": 0.75, "sl_ref": 1, "tp_r": 4, "trail_r": 2}
s02_net|IS|{"be_r": 0.5, "sl_k": 0.75, "sl_ref": 1, "tp_r": 4, "trail_r": 2}
s02_net|IS|{"be_r": 0.5, "exit_time": 21.0, "sl_k": 0.75, "sl_ref": 1, "tp_r": 4, "trail_r": 2}
s02_net|IS|{"be_r": 1, "exit_time": 14.0, "sl_k": 0.75, "sl_ref": 1, "tp_r": 4}
s02_net|IS|{"be_r": 1, "exit_time": 16.0, "sl_k": 0.75, "sl_ref": 1, "tp_r": 4}
s02_net|IS|{"be_r": 1, "exit_time": 18.0, "sl_k": 0.75, "sl_ref": 1, "tp_r": 4}
s02_net|IS|{"be_r": 1, "sl_k": 0.75, "sl_ref": 1, "tp_r": 4}
s02_net|IS|{"be_r": 1, "exit_time": 21.0, "sl_k": 0.75, "sl_ref": 1, "tp_r": 4}
s02_net|IS|{"be_r": 1, "exit_time": 14.0, "sl_k": 0.75, "sl_ref": 1, "tp_r": 4, "trail_r": 0.5}
s02_net|IS|{"be_r": 1, "exit_time": 16.0, "sl_k": 0.75, "sl_ref": 1, "tp_r": 4, "trail_r": 0.5}
s02_net|IS|{"be_r": 1, "exit_time": 18.0, "sl_k": 0.75, "sl_ref": 1, "tp_r": 4, "trail_r": 0.5}
s02_net|IS|{"be_r": 1, "sl_k": 0.75, "sl_ref": 1, "tp_r": 4, "trail_r": 0.5}
s02_net|IS|{"be_r": 1, "exit_time": 21.0, "sl_k": 0.75, "sl_ref": 1, "tp_r": 4, "trail_r": 0.5}
s02_net|IS|{"be_r": 1, "exit_time": 14.0, "sl_k": 0.75, "sl_ref": 1, "tp_r": 4, "trail_r": 1}
s02_net|IS|{"be_r": 1, "exit_time": 16.0, "sl_k": 0.75, "sl_ref": 1, "tp_r": 4, "trail_r": 1}
s02_net|IS|{"be_r": 1, "exit_time": 18.0, "sl_k": 0.75, "sl_ref": 1, "tp_r": 4, "trail_r": 1}
s02_net|IS|{"be_r": 1, "sl_k": 0.75, "sl_ref": 1, "tp_r": 4, "trail_r": 1}
s02_net|IS|{"be_r": 1, "exit_time": 21.0, "sl_k": 0.75, "sl_ref": 1, "tp_r": 4, "trail_r": 1}
s02_net|IS|{"be_r": 1, "exit_time": 14.0, "sl_k": 0.75, "sl_ref": 1, "tp_r": 4, "trail_r": 1.5}
s02_net|IS|{"be_r": 1, "exit_time": 16.0, "sl_k": 0.75, "sl_ref": 1, "tp_r": 4, "trail_r": 1.5}
s02_net|IS|{"be_r": 1, "exit_time": 18.0, "sl_k": 0.75, "sl_ref": 1, "tp_r": 4, "trail_r": 1.5}
s02_net|IS|{"be_r": 1, "sl_k": 0.75, "sl_ref": 1, "tp_r": 4, "trail_r": 1.5}
s02_net|IS|{"be_r": 1, "exit_time": 21.0, "sl_k": 0.75, "sl_ref": 1, "tp_r": 4, "trail_r": 1.5}
s02_net|IS|{"be_r": 1, "exit_time": 14.0, "sl_k": 0.75, "sl_ref": 1, "tp_r": 4, "trail_r": 2}
s02_net|IS|{"be_r": 1, "exit_time": 16.0, "sl_k": 0.75, "sl_ref": 1, "tp_r": 4, "trail_r": 2}
s02_net|IS|{"be_r": 1, "exit_time": 18.0, "sl_k": 0.75, "sl_ref": 1, "tp_r": 4, "trail_r": 2}
s02_net|IS|{"be_r": 1, "sl_k": 0.75, "sl_ref": 1, "tp_r": 4, "trail_r": 2}
s02_net|IS|{"be_r": 1, "exit_time": 21.0, "sl_k": 0.75, "sl_ref": 1, "tp_r": 4, "trail_r": 2}
s02_net|IS|{"exit_time": 14.0, "sl_ref": 2}
s02_net|IS|{"exit_time": 16.0, "sl_ref": 2}
s02_net|IS|{"exit_time": 18.0, "sl_ref": 2}
s02_net|IS|{"sl_ref": 2}
s02_net|IS|{"exit_time": 21.0, "sl_ref": 2}
s02_net|IS|{"exit_time": 14.0, "sl_ref": 2, "trail_r": 0.5}
s02_net|IS|{"exit_time": 16.0, "sl_ref": 2, "trail_r": 0.5}
s02_net|IS|{"exit_time": 18.0, "sl_ref": 2, "trail_r": 0.5}
s02_net|IS|{"sl_ref": 2, "trail_r": 0.5}
s02_net|IS|{"exit_time": 21.0, "sl_ref": 2, "trail_r": 0.5}
s02_net|IS|{"exit_time": 14.0, "sl_ref": 2, "trail_r": 1}
s02_net|IS|{"exit_time": 16.0, "sl_ref": 2, "trail_r": 1}
s02_net|IS|{"exit_time": 18.0, "sl_ref": 2, "trail_r": 1}
s02_net|IS|{"sl_ref": 2, "trail_r": 1}
s02_net|IS|{"exit_time": 21.0, "sl_ref": 2, "trail_r": 1}
s02_net|IS|{"exit_time": 14.0, "sl_ref": 2, "trail_r": 1.5}
s02_net|IS|{"exit_time": 16.0, "sl_ref": 2, "trail_r": 1.5}
s02_net|IS|{"exit_time": 18.0, "sl_ref": 2, "trail_r": 1.5}
s02_net|IS|{"sl_ref": 2, "trail_r": 1.5}
s02_net|IS|{"exit_time": 21.0, "sl_ref": 2, "trail_r": 1.5}
s02_net|IS|{"exit_time": 14.0, "sl_ref": 2, "trail_r": 2}
s02_net|IS|{"exit_time": 16.0, "sl_ref": 2, "trail_r": 2}
s02_net|IS|{"exit_time": 18.0, "sl_ref": 2, "trail_r": 2}
s02_net|IS|{"sl_ref": 2, "trail_r": 2}
s02_net|IS|{"exit_time": 21.0, "sl_ref": 2, "trail_r": 2}
s02_net|IS|{"be_r": 0.5, "exit_time": 14.0, "sl_ref": 2}
s02_net|IS|{"be_r": 0.5, "exit_time": 16.0, "sl_ref": 2}
s02_net|IS|{"be_r": 0.5, "exit_time": 18.0, "sl_ref": 2}
s02_net|IS|{"be_r": 0.5, "sl_ref": 2}
s02_net|IS|{"be_r": 0.5, "exit_time": 21.0, "sl_ref": 2}
s02_net|IS|{"be_r": 0.5, "exit_time": 14.0, "sl_ref": 2, "trail_r": 0.5}
s02_net|IS|{"be_r": 0.5, "exit_time": 16.0, "sl_ref": 2, "trail_r": 0.5}
s02_net|IS|{"be_r": 0.5, "exit_time": 18.0, "sl_ref": 2, "trail_r": 0.5}
s02_net|IS|{"be_r": 0.5, "sl_ref": 2, "trail_r": 0.5}
s02_net|IS|{"be_r": 0.5, "exit_time": 21.0, "sl_ref": 2, "trail_r": 0.5}
s02_net|IS|{"be_r": 0.5, "exit_time": 14.0, "sl_ref": 2, "trail_r": 1}
s02_net|IS|{"be_r": 0.5, "exit_time": 16.0, "sl_ref": 2, "trail_r": 1}
s02_net|IS|{"be_r": 0.5, "exit_time": 18.0, "sl_ref": 2, "trail_r": 1}
s02_net|IS|{"be_r": 0.5, "sl_ref": 2, "trail_r": 1}
s02_net|IS|{"be_r": 0.5, "exit_time": 21.0, "sl_ref": 2, "trail_r": 1}
s02_net|IS|{"be_r": 0.5, "exit_time": 14.0, "sl_ref": 2, "trail_r": 1.5}
s02_net|IS|{"be_r": 0.5, "exit_time": 16.0, "sl_ref": 2, "trail_r": 1.5}
s02_net|IS|{"be_r": 0.5, "exit_time": 18.0, "sl_ref": 2, "trail_r": 1.5}
s02_net|IS|{"be_r": 0.5, "sl_ref": 2, "trail_r": 1.5}
s02_net|IS|{"be_r": 0.5, "exit_time": 21.0, "sl_ref": 2, "trail_r": 1.5}
s02_net|IS|{"be_r": 0.5, "exit_time": 14.0, "sl_ref": 2, "trail_r": 2}
s02_net|IS|{"be_r": 0.5, "exit_time": 16.0, "sl_ref": 2, "trail_r": 2}
s02_net|IS|{"be_r": 0.5, "exit_time": 18.0, "sl_ref": 2, "trail_r": 2}
s02_net|IS|{"be_r": 0.5, "sl_ref": 2, "trail_r": 2}
s02_net|IS|{"be_r": 0.5, "exit_time": 21.0, "sl_ref": 2, "trail_r": 2}
s02_net|IS|{"be_r": 1, "exit_time": 14.0, "sl_ref": 2}
s02_net|IS|{"be_r": 1, "exit_time": 16.0, "sl_ref": 2}
s02_net|IS|{"be_r": 1, "exit_time": 18.0, "sl_ref": 2}
s02_net|IS|{"be_r": 1, "sl_ref": 2}
s02_net|IS|{"be_r": 1, "exit_time": 21.0, "sl_ref": 2}
s02_net|IS|{"be_r": 1, "exit_time": 14.0, "sl_ref": 2, "trail_r": 0.5}
s02_net|IS|{"be_r": 1, "exit_time": 16.0, "sl_ref": 2, "trail_r": 0.5}
s02_net|IS|{"be_r": 1, "exit_time": 18.0, "sl_ref": 2, "trail_r": 0.5}
s02_net|IS|{"be_r": 1, "sl_ref": 2, "trail_r": 0.5}
s02_net|IS|{"be_r": 1, "exit_time": 21.0, "sl_ref": 2, "trail_r": 0.5}
s02_net|IS|{"be_r": 1, "exit_time": 14.0, "sl_ref": 2, "trail_r": 1}
s02_net|IS|{"be_r": 1, "exit_time": 16.0, "sl_ref": 2, "trail_r": 1}
s02_net|IS|{"be_r": 1, "exit_time": 18.0, "sl_ref": 2, "trail_r": 1}
s02_net|IS|{"be_r": 1, "sl_ref": 2, "trail_r": 1}
s02_net|IS|{"be_r": 1, "exit_time": 21.0, "sl_ref": 2, "trail_r": 1}
s02_net|IS|{"be_r": 1, "exit_time": 14.0, "sl_ref": 2, "trail_r": 1.5}
s02_net|IS|{"be_r": 1, "exit_time": 16.0, "sl_ref": 2, "trail_r": 1.5}
s02_net|IS|{"be_r": 1, "exit_time": 18.0, "sl_ref": 2, "trail_r": 1.5}
s02_net|IS|{"be_r": 1, "sl_ref": 2, "trail_r": 1.5}
s02_net|IS|{"be_r": 1, "exit_time": 21.0, "sl_ref": 2, "trail_r": 1.5}
s02_net|IS|{"be_r": 1, "exit_time": 14.0, "sl_ref": 2, "trail_r": 2}
s02_net|IS|{"be_r": 1, "exit_time": 16.0, "sl_ref": 2, "trail_r": 2}
s02_net|IS|{"be_r": 1, "exit_time": 18.0, "sl_ref": 2, "trail_r": 2}
s02_net|IS|{"be_r": 1, "sl_ref": 2, "trail_r": 2}
s02_net|IS|{"be_r": 1, "exit_time": 21.0, "sl_ref": 2, "trail_r": 2}
s02_net|IS|{"exit_time": 14.0, "sl_ref": 2, "tp_r": 1}
s02_net|IS|{"exit_time": 16.0, "sl_ref": 2, "tp_r": 1}
s02_net|IS|{"exit_time": 18.0, "sl_ref": 2, "tp_r": 1}
s02_net|IS|{"sl_ref": 2, "tp_r": 1}
s02_net|IS|{"exit_time": 21.0, "sl_ref": 2, "tp_r": 1}
s02_net|IS|{"exit_time": 14.0, "sl_ref": 2, "tp_r": 1, "trail_r": 0.5}
s02_net|IS|{"exit_time": 16.0, "sl_ref": 2, "tp_r": 1, "trail_r": 0.5}
s02_net|IS|{"exit_time": 18.0, "sl_ref": 2, "tp_r": 1, "trail_r": 0.5}
s02_net|IS|{"sl_ref": 2, "tp_r": 1, "trail_r": 0.5}
s02_net|IS|{"exit_time": 21.0, "sl_ref": 2, "tp_r": 1, "trail_r": 0.5}
s02_net|IS|{"exit_time": 14.0, "sl_ref": 2, "tp_r": 1, "trail_r": 1}
s02_net|IS|{"exit_time": 16.0, "sl_ref": 2, "tp_r": 1, "trail_r": 1}
s02_net|IS|{"exit_time": 18.0, "sl_ref": 2, "tp_r": 1, "trail_r": 1}
s02_net|IS|{"sl_ref": 2, "tp_r": 1, "trail_r": 1}
s02_net|IS|{"exit_time": 21.0, "sl_ref": 2, "tp_r": 1, "trail_r": 1}
s02_net|IS|{"exit_time": 14.0, "sl_ref": 2, "tp_r": 1, "trail_r": 1.5}
s02_net|IS|{"exit_time": 16.0, "sl_ref": 2, "tp_r": 1, "trail_r": 1.5}
s02_net|IS|{"exit_time": 18.0, "sl_ref": 2, "tp_r": 1, "trail_r": 1.5}
s02_net|IS|{"sl_ref": 2, "tp_r": 1, "trail_r": 1.5}
s02_net|IS|{"exit_time": 21.0, "sl_ref": 2, "tp_r": 1, "trail_r": 1.5}
s02_net|IS|{"exit_time": 14.0, "sl_ref": 2, "tp_r": 1, "trail_r": 2}
s02_net|IS|{"exit_time": 16.0, "sl_ref": 2, "tp_r": 1, "trail_r": 2}
s02_net|IS|{"exit_time": 18.0, "sl_ref": 2, "tp_r": 1, "trail_r": 2}
s02_net|IS|{"sl_ref": 2, "tp_r": 1, "trail_r": 2}
s02_net|IS|{"exit_time": 21.0, "sl_ref": 2, "tp_r": 1, "trail_r": 2}
s02_net|IS|{"be_r": 0.5, "exit_time": 14.0, "sl_ref": 2, "tp_r": 1}
s02_net|IS|{"be_r": 0.5, "exit_time": 16.0, "sl_ref": 2, "tp_r": 1}
s02_net|IS|{"be_r": 0.5, "exit_time": 18.0, "sl_ref": 2, "tp_r": 1}
s02_net|IS|{"be_r": 0.5, "sl_ref": 2, "tp_r": 1}
s02_net|IS|{"be_r": 0.5, "exit_time": 21.0, "sl_ref": 2, "tp_r": 1}
s02_net|IS|{"be_r": 0.5, "exit_time": 14.0, "sl_ref": 2, "tp_r": 1, "trail_r": 0.5}
s02_net|IS|{"be_r": 0.5, "exit_time": 16.0, "sl_ref": 2, "tp_r": 1, "trail_r": 0.5}
s02_net|IS|{"be_r": 0.5, "exit_time": 18.0, "sl_ref": 2, "tp_r": 1, "trail_r": 0.5}
s02_net|IS|{"be_r": 0.5, "sl_ref": 2, "tp_r": 1, "trail_r": 0.5}
s02_net|IS|{"be_r": 0.5, "exit_time": 21.0, "sl_ref": 2, "tp_r": 1, "trail_r": 0.5}
s02_net|IS|{"be_r": 0.5, "exit_time": 14.0, "sl_ref": 2, "tp_r": 1, "trail_r": 1}
s02_net|IS|{"be_r": 0.5, "exit_time": 16.0, "sl_ref": 2, "tp_r": 1, "trail_r": 1}
s02_net|IS|{"be_r": 0.5, "exit_time": 18.0, "sl_ref": 2, "tp_r": 1, "trail_r": 1}
s02_net|IS|{"be_r": 0.5, "sl_ref": 2, "tp_r": 1, "trail_r": 1}
s02_net|IS|{"be_r": 0.5, "exit_time": 21.0, "sl_ref": 2, "tp_r": 1, "trail_r": 1}
s02_net|IS|{"be_r": 0.5, "exit_time": 14.0, "sl_ref": 2, "tp_r": 1, "trail_r": 1.5}
s02_net|IS|{"be_r": 0.5, "exit_time": 16.0, "sl_ref": 2, "tp_r": 1, "trail_r": 1.5}
s02_net|IS|{"be_r": 0.5, "exit_time": 18.0, "sl_ref": 2, "tp_r": 1, "trail_r": 1.5}
s02_net|IS|{"be_r": 0.5, "sl_ref": 2, "tp_r": 1, "trail_r": 1.5}
s02_net|IS|{"be_r": 0.5, "exit_time": 21.0, "sl_ref": 2, "tp_r": 1, "trail_r": 1.5}
s02_net|IS|{"be_r": 0.5, "exit_time": 14.0, "sl_ref": 2, "tp_r": 1, "trail_r": 2}
s02_net|IS|{"be_r": 0.5, "exit_time": 16.0, "sl_ref": 2, "tp_r": 1, "trail_r": 2}
s02_net|IS|{"be_r": 0.5, "exit_time": 18.0, "sl_ref": 2, "tp_r": 1, "trail_r": 2}
s02_net|IS|{"be_r": 0.5, "sl_ref": 2, "tp_r": 1, "trail_r": 2}
s02_net|IS|{"be_r": 0.5, "exit_time": 21.0, "sl_ref": 2, "tp_r": 1, "trail_r": 2}
s02_net|IS|{"be_r": 1, "exit_time": 14.0, "sl_ref": 2, "tp_r": 1}
s02_net|IS|{"be_r": 1, "exit_time": 16.0, "sl_ref": 2, "tp_r": 1}
s02_net|IS|{"be_r": 1, "exit_time": 18.0, "sl_ref": 2, "tp_r": 1}
s02_net|IS|{"be_r": 1, "sl_ref": 2, "tp_r": 1}
s02_net|IS|{"be_r": 1, "exit_time": 21.0, "sl_ref": 2, "tp_r": 1}
s02_net|IS|{"be_r": 1, "exit_time": 14.0, "sl_ref": 2, "tp_r": 1, "trail_r": 0.5}
s02_net|IS|{"be_r": 1, "exit_time": 16.0, "sl_ref": 2, "tp_r": 1, "trail_r": 0.5}
s02_net|IS|{"be_r": 1, "exit_time": 18.0, "sl_ref": 2, "tp_r": 1, "trail_r": 0.5}
s02_net|IS|{"be_r": 1, "sl_ref": 2, "tp_r": 1, "trail_r": 0.5}
s02_net|IS|{"be_r": 1, "exit_time": 21.0, "sl_ref": 2, "tp_r": 1, "trail_r": 0.5}
s02_net|IS|{"be_r": 1, "exit_time": 14.0, "sl_ref": 2, "tp_r": 1, "trail_r": 1}
s02_net|IS|{"be_r": 1, "exit_time": 16.0, "sl_ref": 2, "tp_r": 1, "trail_r": 1}
s02_net|IS|{"be_r": 1, "exit_time": 18.0, "sl_ref": 2, "tp_r": 1, "trail_r": 1}
s02_net|IS|{"be_r": 1, "sl_ref": 2, "tp_r": 1, "trail_r": 1}
s02_net|IS|{"be_r": 1, "exit_time": 21.0, "sl_ref": 2, "tp_r": 1, "trail_r": 1}
s02_net|IS|{"be_r": 1, "exit_time": 14.0, "sl_ref": 2, "tp_r": 1, "trail_r": 1.5}
s02_net|IS|{"be_r": 1, "exit_time": 16.0, "sl_ref": 2, "tp_r": 1, "trail_r": 1.5}
s02_net|IS|{"be_r": 1, "exit_time": 18.0, "sl_ref": 2, "tp_r": 1, "trail_r": 1.5}
s02_net|IS|{"be_r": 1, "sl_ref": 2, "tp_r": 1, "trail_r": 1.5}
s02_net|IS|{"be_r": 1, "exit_time": 21.0, "sl_ref": 2, "tp_r": 1, "trail_r": 1.5}
s02_net|IS|{"be_r": 1, "exit_time": 14.0, "sl_ref": 2, "tp_r": 1, "trail_r": 2}
s02_net|IS|{"be_r": 1, "exit_time": 16.0, "sl_ref": 2, "tp_r": 1, "trail_r": 2}
s02_net|IS|{"be_r": 1, "exit_time": 18.0, "sl_ref": 2, "tp_r": 1, "trail_r": 2}
s02_net|IS|{"be_r": 1, "sl_ref": 2, "tp_r": 1, "trail_r": 2}
s02_net|IS|{"be_r": 1, "exit_time": 21.0, "sl_ref": 2, "tp_r": 1, "trail_r": 2}
s02_net|IS|{"exit_time": 14.0, "sl_ref": 2, "tp_r": 1.5}
s02_net|IS|{"exit_time": 16.0, "sl_ref": 2, "tp_r": 1.5}
s02_net|IS|{"exit_time": 18.0, "sl_ref": 2, "tp_r": 1.5}
s02_net|IS|{"sl_ref": 2, "tp_r": 1.5}
s02_net|IS|{"exit_time": 21.0, "sl_ref": 2, "tp_r": 1.5}
s02_net|IS|{"exit_time": 14.0, "sl_ref": 2, "tp_r": 1.5, "trail_r": 0.5}
s02_net|IS|{"exit_time": 16.0, "sl_ref": 2, "tp_r": 1.5, "trail_r": 0.5}
s02_net|IS|{"exit_time": 18.0, "sl_ref": 2, "tp_r": 1.5, "trail_r": 0.5}
s02_net|IS|{"sl_ref": 2, "tp_r": 1.5, "trail_r": 0.5}
s02_net|IS|{"exit_time": 21.0, "sl_ref": 2, "tp_r": 1.5, "trail_r": 0.5}
s02_net|IS|{"exit_time": 14.0, "sl_ref": 2, "tp_r": 1.5, "trail_r": 1}
s02_net|IS|{"exit_time": 16.0, "sl_ref": 2, "tp_r": 1.5, "trail_r": 1}
s02_net|IS|{"exit_time": 18.0, "sl_ref": 2, "tp_r": 1.5, "trail_r": 1}
s02_net|IS|{"sl_ref": 2, "tp_r": 1.5, "trail_r": 1}
s02_net|IS|{"exit_time": 21.0, "sl_ref": 2, "tp_r": 1.5, "trail_r": 1}
s02_net|IS|{"exit_time": 14.0, "sl_ref": 2, "tp_r": 1.5, "trail_r": 1.5}
s02_net|IS|{"exit_time": 16.0, "sl_ref": 2, "tp_r": 1.5, "trail_r": 1.5}
s02_net|IS|{"exit_time": 18.0, "sl_ref": 2, "tp_r": 1.5, "trail_r": 1.5}
s02_net|IS|{"sl_ref": 2, "tp_r": 1.5, "trail_r": 1.5}
s02_net|IS|{"exit_time": 21.0, "sl_ref": 2, "tp_r": 1.5, "trail_r": 1.5}
s02_net|IS|{"exit_time": 14.0, "sl_ref": 2, "tp_r": 1.5, "trail_r": 2}
s02_net|IS|{"exit_time": 16.0, "sl_ref": 2, "tp_r": 1.5, "trail_r": 2}
s02_net|IS|{"exit_time": 18.0, "sl_ref": 2, "tp_r": 1.5, "trail_r": 2}
s02_net|IS|{"sl_ref": 2, "tp_r": 1.5, "trail_r": 2}
s02_net|IS|{"exit_time": 21.0, "sl_ref": 2, "tp_r": 1.5, "trail_r": 2}
s02_net|IS|{"be_r": 0.5, "exit_time": 14.0, "sl_ref": 2, "tp_r": 1.5}
s02_net|IS|{"be_r": 0.5, "exit_time": 16.0, "sl_ref": 2, "tp_r": 1.5}
s02_net|IS|{"be_r": 0.5, "exit_time": 18.0, "sl_ref": 2, "tp_r": 1.5}
s02_net|IS|{"be_r": 0.5, "sl_ref": 2, "tp_r": 1.5}
s02_net|IS|{"be_r": 0.5, "exit_time": 21.0, "sl_ref": 2, "tp_r": 1.5}
s02_net|IS|{"be_r": 0.5, "exit_time": 14.0, "sl_ref": 2, "tp_r": 1.5, "trail_r": 0.5}
s02_net|IS|{"be_r": 0.5, "exit_time": 16.0, "sl_ref": 2, "tp_r": 1.5, "trail_r": 0.5}
s02_net|IS|{"be_r": 0.5, "exit_time": 18.0, "sl_ref": 2, "tp_r": 1.5, "trail_r": 0.5}
s02_net|IS|{"be_r": 0.5, "sl_ref": 2, "tp_r": 1.5, "trail_r": 0.5}
s02_net|IS|{"be_r": 0.5, "exit_time": 21.0, "sl_ref": 2, "tp_r": 1.5, "trail_r": 0.5}
s02_net|IS|{"be_r": 0.5, "exit_time": 14.0, "sl_ref": 2, "tp_r": 1.5, "trail_r": 1}
s02_net|IS|{"be_r": 0.5, "exit_time": 16.0, "sl_ref": 2, "tp_r": 1.5, "trail_r": 1}
s02_net|IS|{"be_r": 0.5, "exit_time": 18.0, "sl_ref": 2, "tp_r": 1.5, "trail_r": 1}
s02_net|IS|{"be_r": 0.5, "sl_ref": 2, "tp_r": 1.5, "trail_r": 1}
s02_net|IS|{"be_r": 0.5, "exit_time": 21.0, "sl_ref": 2, "tp_r": 1.5, "trail_r": 1}
s02_net|IS|{"be_r": 0.5, "exit_time": 14.0, "sl_ref": 2, "tp_r": 1.5, "trail_r": 1.5}
s02_net|IS|{"be_r": 0.5, "exit_time": 16.0, "sl_ref": 2, "tp_r": 1.5, "trail_r": 1.5}
s02_net|IS|{"be_r": 0.5, "exit_time": 18.0, "sl_ref": 2, "tp_r": 1.5, "trail_r": 1.5}
s02_net|IS|{"be_r": 0.5, "sl_ref": 2, "tp_r": 1.5, "trail_r": 1.5}
s02_net|IS|{"be_r": 0.5, "exit_time": 21.0, "sl_ref": 2, "tp_r": 1.5, "trail_r": 1.5}
s02_net|IS|{"be_r": 0.5, "exit_time": 14.0, "sl_ref": 2, "tp_r": 1.5, "trail_r": 2}
s02_net|IS|{"be_r": 0.5, "exit_time": 16.0, "sl_ref": 2, "tp_r": 1.5, "trail_r": 2}
s02_net|IS|{"be_r": 0.5, "exit_time": 18.0, "sl_ref": 2, "tp_r": 1.5, "trail_r": 2}
s02_net|IS|{"be_r": 0.5, "sl_ref": 2, "tp_r": 1.5, "trail_r": 2}
s02_net|IS|{"be_r": 0.5, "exit_time": 21.0, "sl_ref": 2, "tp_r": 1.5, "trail_r": 2}
s02_net|IS|{"be_r": 1, "exit_time": 14.0, "sl_ref": 2, "tp_r": 1.5}
s02_net|IS|{"be_r": 1, "exit_time": 16.0, "sl_ref": 2, "tp_r": 1.5}
s02_net|IS|{"be_r": 1, "exit_time": 18.0, "sl_ref": 2, "tp_r": 1.5}
s02_net|IS|{"be_r": 1, "sl_ref": 2, "tp_r": 1.5}
s02_net|IS|{"be_r": 1, "exit_time": 21.0, "sl_ref": 2, "tp_r": 1.5}
s02_net|IS|{"be_r": 1, "exit_time": 14.0, "sl_ref": 2, "tp_r": 1.5, "trail_r": 0.5}
s02_net|IS|{"be_r": 1, "exit_time": 16.0, "sl_ref": 2, "tp_r": 1.5, "trail_r": 0.5}
s02_net|IS|{"be_r": 1, "exit_time": 18.0, "sl_ref": 2, "tp_r": 1.5, "trail_r": 0.5}
s02_net|IS|{"be_r": 1, "sl_ref": 2, "tp_r": 1.5, "trail_r": 0.5}
s02_net|IS|{"be_r": 1, "exit_time": 21.0, "sl_ref": 2, "tp_r": 1.5, "trail_r": 0.5}
s02_net|IS|{"be_r": 1, "exit_time": 14.0, "sl_ref": 2, "tp_r": 1.5, "trail_r": 1}
s02_net|IS|{"be_r": 1, "exit_time": 16.0, "sl_ref": 2, "tp_r": 1.5, "trail_r": 1}
s02_net|IS|{"be_r": 1, "exit_time": 18.0, "sl_ref": 2, "tp_r": 1.5, "trail_r": 1}
s02_net|IS|{"be_r": 1, "sl_ref": 2, "tp_r": 1.5, "trail_r": 1}
s02_net|IS|{"be_r": 1, "exit_time": 21.0, "sl_ref": 2, "tp_r": 1.5, "trail_r": 1}
s02_net|IS|{"be_r": 1, "exit_time": 14.0, "sl_ref": 2, "tp_r": 1.5, "trail_r": 1.5}
s02_net|IS|{"be_r": 1, "exit_time": 16.0, "sl_ref": 2, "tp_r": 1.5, "trail_r": 1.5}
s02_net|IS|{"be_r": 1, "exit_time": 18.0, "sl_ref": 2, "tp_r": 1.5, "trail_r": 1.5}
s02_net|IS|{"be_r": 1, "sl_ref": 2, "tp_r": 1.5, "trail_r": 1.5}
s02_net|IS|{"be_r": 1, "exit_time": 21.0, "sl_ref": 2, "tp_r": 1.5, "trail_r": 1.5}
s02_net|IS|{"be_r": 1, "exit_time": 14.0, "sl_ref": 2, "tp_r": 1.5, "trail_r": 2}
s02_net|IS|{"be_r": 1, "exit_time": 16.0, "sl_ref": 2, "tp_r": 1.5, "trail_r": 2}
s02_net|IS|{"be_r": 1, "exit_time": 18.0, "sl_ref": 2, "tp_r": 1.5, "trail_r": 2}
s02_net|IS|{"be_r": 1, "sl_ref": 2, "tp_r": 1.5, "trail_r": 2}
s02_net|IS|{"be_r": 1, "exit_time": 21.0, "sl_ref": 2, "tp_r": 1.5, "trail_r": 2}
s02_net|IS|{"exit_time": 14.0, "sl_ref": 2, "tp_r": 2}
s02_net|IS|{"exit_time": 16.0, "sl_ref": 2, "tp_r": 2}
s02_net|IS|{"exit_time": 18.0, "sl_ref": 2, "tp_r": 2}
s02_net|IS|{"sl_ref": 2, "tp_r": 2}
s02_net|IS|{"exit_time": 21.0, "sl_ref": 2, "tp_r": 2}
s02_net|IS|{"exit_time": 14.0, "sl_ref": 2, "tp_r": 2, "trail_r": 0.5}
s02_net|IS|{"exit_time": 16.0, "sl_ref": 2, "tp_r": 2, "trail_r": 0.5}
s02_net|IS|{"exit_time": 18.0, "sl_ref": 2, "tp_r": 2, "trail_r": 0.5}
s02_net|IS|{"sl_ref": 2, "tp_r": 2, "trail_r": 0.5}
s02_net|IS|{"exit_time": 21.0, "sl_ref": 2, "tp_r": 2, "trail_r": 0.5}
s02_net|IS|{"exit_time": 14.0, "sl_ref": 2, "tp_r": 2, "trail_r": 1}
s02_net|IS|{"exit_time": 16.0, "sl_ref": 2, "tp_r": 2, "trail_r": 1}
s02_net|IS|{"exit_time": 18.0, "sl_ref": 2, "tp_r": 2, "trail_r": 1}
s02_net|IS|{"sl_ref": 2, "tp_r": 2, "trail_r": 1}
s02_net|IS|{"exit_time": 21.0, "sl_ref": 2, "tp_r": 2, "trail_r": 1}
s02_net|IS|{"exit_time": 14.0, "sl_ref": 2, "tp_r": 2, "trail_r": 1.5}
s02_net|IS|{"exit_time": 16.0, "sl_ref": 2, "tp_r": 2, "trail_r": 1.5}
s02_net|IS|{"exit_time": 18.0, "sl_ref": 2, "tp_r": 2, "trail_r": 1.5}
s02_net|IS|{"sl_ref": 2, "tp_r": 2, "trail_r": 1.5}
s02_net|IS|{"exit_time": 21.0, "sl_ref": 2, "tp_r": 2, "trail_r": 1.5}
s02_net|IS|{"exit_time": 14.0, "sl_ref": 2, "tp_r": 2, "trail_r": 2}
s02_net|IS|{"exit_time": 16.0, "sl_ref": 2, "tp_r": 2, "trail_r": 2}
s02_net|IS|{"exit_time": 18.0, "sl_ref": 2, "tp_r": 2, "trail_r": 2}
s02_net|IS|{"sl_ref": 2, "tp_r": 2, "trail_r": 2}
s02_net|IS|{"exit_time": 21.0, "sl_ref": 2, "tp_r": 2, "trail_r": 2}
s02_net|IS|{"be_r": 0.5, "exit_time": 14.0, "sl_ref": 2, "tp_r": 2}
s02_net|IS|{"be_r": 0.5, "exit_time": 16.0, "sl_ref": 2, "tp_r": 2}
s02_net|IS|{"be_r": 0.5, "exit_time": 18.0, "sl_ref": 2, "tp_r": 2}
s02_net|IS|{"be_r": 0.5, "sl_ref": 2, "tp_r": 2}
s02_net|IS|{"be_r": 0.5, "exit_time": 21.0, "sl_ref": 2, "tp_r": 2}
s02_net|IS|{"be_r": 0.5, "exit_time": 14.0, "sl_ref": 2, "tp_r": 2, "trail_r": 0.5}
s02_net|IS|{"be_r": 0.5, "exit_time": 16.0, "sl_ref": 2, "tp_r": 2, "trail_r": 0.5}
s02_net|IS|{"be_r": 0.5, "exit_time": 18.0, "sl_ref": 2, "tp_r": 2, "trail_r": 0.5}
s02_net|IS|{"be_r": 0.5, "sl_ref": 2, "tp_r": 2, "trail_r": 0.5}
s02_net|IS|{"be_r": 0.5, "exit_time": 21.0, "sl_ref": 2, "tp_r": 2, "trail_r": 0.5}
s02_net|IS|{"be_r": 0.5, "exit_time": 14.0, "sl_ref": 2, "tp_r": 2, "trail_r": 1}
s02_net|IS|{"be_r": 0.5, "exit_time": 16.0, "sl_ref": 2, "tp_r": 2, "trail_r": 1}
s02_net|IS|{"be_r": 0.5, "exit_time": 18.0, "sl_ref": 2, "tp_r": 2, "trail_r": 1}
s02_net|IS|{"be_r": 0.5, "sl_ref": 2, "tp_r": 2, "trail_r": 1}
s02_net|IS|{"be_r": 0.5, "exit_time": 21.0, "sl_ref": 2, "tp_r": 2, "trail_r": 1}
s02_net|IS|{"be_r": 0.5, "exit_time": 14.0, "sl_ref": 2, "tp_r": 2, "trail_r": 1.5}
s02_net|IS|{"be_r": 0.5, "exit_time": 16.0, "sl_ref": 2, "tp_r": 2, "trail_r": 1.5}
s02_net|IS|{"be_r": 0.5, "exit_time": 18.0, "sl_ref": 2, "tp_r": 2, "trail_r": 1.5}
s02_net|IS|{"be_r": 0.5, "sl_ref": 2, "tp_r": 2, "trail_r": 1.5}
s02_net|IS|{"be_r": 0.5, "exit_time": 21.0, "sl_ref": 2, "tp_r": 2, "trail_r": 1.5}
s02_net|IS|{"be_r": 0.5, "exit_time": 14.0, "sl_ref": 2, "tp_r": 2, "trail_r": 2}
s02_net|IS|{"be_r": 0.5, "exit_time": 16.0, "sl_ref": 2, "tp_r": 2, "trail_r": 2}
s02_net|IS|{"be_r": 0.5, "exit_time": 18.0, "sl_ref": 2, "tp_r": 2, "trail_r": 2}
s02_net|IS|{"be_r": 0.5, "sl_ref": 2, "tp_r": 2, "trail_r": 2}
s02_net|IS|{"be_r": 0.5, "exit_time": 21.0, "sl_ref": 2, "tp_r": 2, "trail_r": 2}
s02_net|IS|{"be_r": 1, "exit_time": 14.0, "sl_ref": 2, "tp_r": 2}
s02_net|IS|{"be_r": 1, "exit_time": 16.0, "sl_ref": 2, "tp_r": 2}
s02_net|IS|{"be_r": 1, "exit_time": 18.0, "sl_ref": 2, "tp_r": 2}
s02_net|IS|{"be_r": 1, "sl_ref": 2, "tp_r": 2}
s02_net|IS|{"be_r": 1, "exit_time": 21.0, "sl_ref": 2, "tp_r": 2}
s02_net|IS|{"be_r": 1, "exit_time": 14.0, "sl_ref": 2, "tp_r": 2, "trail_r": 0.5}
s02_net|IS|{"be_r": 1, "exit_time": 16.0, "sl_ref": 2, "tp_r": 2, "trail_r": 0.5}
s02_net|IS|{"be_r": 1, "exit_time": 18.0, "sl_ref": 2, "tp_r": 2, "trail_r": 0.5}
s02_net|IS|{"be_r": 1, "sl_ref": 2, "tp_r": 2, "trail_r": 0.5}
s02_net|IS|{"be_r": 1, "exit_time": 21.0, "sl_ref": 2, "tp_r": 2, "trail_r": 0.5}
s02_net|IS|{"be_r": 1, "exit_time": 14.0, "sl_ref": 2, "tp_r": 2, "trail_r": 1}
s02_net|IS|{"be_r": 1, "exit_time": 16.0, "sl_ref": 2, "tp_r": 2, "trail_r": 1}
s02_net|IS|{"be_r": 1, "exit_time": 18.0, "sl_ref": 2, "tp_r": 2, "trail_r": 1}
s02_net|IS|{"be_r": 1, "sl_ref": 2, "tp_r": 2, "trail_r": 1}
s02_net|IS|{"be_r": 1, "exit_time": 21.0, "sl_ref": 2, "tp_r": 2, "trail_r": 1}
s02_net|IS|{"be_r": 1, "exit_time": 14.0, "sl_ref": 2, "tp_r": 2, "trail_r": 1.5}
s02_net|IS|{"be_r": 1, "exit_time": 16.0, "sl_ref": 2, "tp_r": 2, "trail_r": 1.5}
s02_net|IS|{"be_r": 1, "exit_time": 18.0, "sl_ref": 2, "tp_r": 2, "trail_r": 1.5}
s02_net|IS|{"be_r": 1, "sl_ref": 2, "tp_r": 2, "trail_r": 1.5}
s02_net|IS|{"be_r": 1, "exit_time": 21.0, "sl_ref": 2, "tp_r": 2, "trail_r": 1.5}
s02_net|IS|{"be_r": 1, "exit_time": 14.0, "sl_ref": 2, "tp_r": 2, "trail_r": 2}
s02_net|IS|{"be_r": 1, "exit_time": 16.0, "sl_ref": 2, "tp_r": 2, "trail_r": 2}
s02_net|IS|{"be_r": 1, "exit_time": 18.0, "sl_ref": 2, "tp_r": 2, "trail_r": 2}
s02_net|IS|{"be_r": 1, "sl_ref": 2, "tp_r": 2, "trail_r": 2}
s02_net|IS|{"be_r": 1, "exit_time": 21.0, "sl_ref": 2, "tp_r": 2, "trail_r": 2}
s02_net|IS|{"exit_time": 14.0, "sl_ref": 2, "tp_r": 3}
s02_net|IS|{"exit_time": 16.0, "sl_ref": 2, "tp_r": 3}
s02_net|IS|{"exit_time": 18.0, "sl_ref": 2, "tp_r": 3}
s02_net|IS|{"sl_ref": 2, "tp_r": 3}
s02_net|IS|{"exit_time": 21.0, "sl_ref": 2, "tp_r": 3}
s02_net|IS|{"exit_time": 14.0, "sl_ref": 2, "tp_r": 3, "trail_r": 0.5}
s02_net|IS|{"exit_time": 16.0, "sl_ref": 2, "tp_r": 3, "trail_r": 0.5}
s02_net|IS|{"exit_time": 18.0, "sl_ref": 2, "tp_r": 3, "trail_r": 0.5}
s02_net|IS|{"sl_ref": 2, "tp_r": 3, "trail_r": 0.5}
s02_net|IS|{"exit_time": 21.0, "sl_ref": 2, "tp_r": 3, "trail_r": 0.5}
s02_net|IS|{"exit_time": 14.0, "sl_ref": 2, "tp_r": 3, "trail_r": 1}
s02_net|IS|{"exit_time": 16.0, "sl_ref": 2, "tp_r": 3, "trail_r": 1}
s02_net|IS|{"exit_time": 18.0, "sl_ref": 2, "tp_r": 3, "trail_r": 1}
s02_net|IS|{"sl_ref": 2, "tp_r": 3, "trail_r": 1}
s02_net|IS|{"exit_time": 21.0, "sl_ref": 2, "tp_r": 3, "trail_r": 1}
s02_net|IS|{"exit_time": 14.0, "sl_ref": 2, "tp_r": 3, "trail_r": 1.5}
s02_net|IS|{"exit_time": 16.0, "sl_ref": 2, "tp_r": 3, "trail_r": 1.5}
s02_net|IS|{"exit_time": 18.0, "sl_ref": 2, "tp_r": 3, "trail_r": 1.5}
s02_net|IS|{"sl_ref": 2, "tp_r": 3, "trail_r": 1.5}
s02_net|IS|{"exit_time": 21.0, "sl_ref": 2, "tp_r": 3, "trail_r": 1.5}
s02_net|IS|{"exit_time": 14.0, "sl_ref": 2, "tp_r": 3, "trail_r": 2}
s02_net|IS|{"exit_time": 16.0, "sl_ref": 2, "tp_r": 3, "trail_r": 2}
s02_net|IS|{"exit_time": 18.0, "sl_ref": 2, "tp_r": 3, "trail_r": 2}
s02_net|IS|{"sl_ref": 2, "tp_r": 3, "trail_r": 2}
s02_net|IS|{"exit_time": 21.0, "sl_ref": 2, "tp_r": 3, "trail_r": 2}
s02_net|IS|{"be_r": 0.5, "exit_time": 14.0, "sl_ref": 2, "tp_r": 3}
s02_net|IS|{"be_r": 0.5, "exit_time": 16.0, "sl_ref": 2, "tp_r": 3}
s02_net|IS|{"be_r": 0.5, "exit_time": 18.0, "sl_ref": 2, "tp_r": 3}
s02_net|IS|{"be_r": 0.5, "sl_ref": 2, "tp_r": 3}
s02_net|IS|{"be_r": 0.5, "exit_time": 21.0, "sl_ref": 2, "tp_r": 3}
s02_net|IS|{"be_r": 0.5, "exit_time": 14.0, "sl_ref": 2, "tp_r": 3, "trail_r": 0.5}
s02_net|IS|{"be_r": 0.5, "exit_time": 16.0, "sl_ref": 2, "tp_r": 3, "trail_r": 0.5}
s02_net|IS|{"be_r": 0.5, "exit_time": 18.0, "sl_ref": 2, "tp_r": 3, "trail_r": 0.5}
s02_net|IS|{"be_r": 0.5, "sl_ref": 2, "tp_r": 3, "trail_r": 0.5}
s02_net|IS|{"be_r": 0.5, "exit_time": 21.0, "sl_ref": 2, "tp_r": 3, "trail_r": 0.5}
s02_net|IS|{"be_r": 0.5, "exit_time": 14.0, "sl_ref": 2, "tp_r": 3, "trail_r": 1}
s02_net|IS|{"be_r": 0.5, "exit_time": 16.0, "sl_ref": 2, "tp_r": 3, "trail_r": 1}
s02_net|IS|{"be_r": 0.5, "exit_time": 18.0, "sl_ref": 2, "tp_r": 3, "trail_r": 1}
s02_net|IS|{"be_r": 0.5, "sl_ref": 2, "tp_r": 3, "trail_r": 1}
s02_net|IS|{"be_r": 0.5, "exit_time": 21.0, "sl_ref": 2, "tp_r": 3, "trail_r": 1}
s02_net|IS|{"be_r": 0.5, "exit_time": 14.0, "sl_ref": 2, "tp_r": 3, "trail_r": 1.5}
s02_net|IS|{"be_r": 0.5, "exit_time": 16.0, "sl_ref": 2, "tp_r": 3, "trail_r": 1.5}
s02_net|IS|{"be_r": 0.5, "exit_time": 18.0, "sl_ref": 2, "tp_r": 3, "trail_r": 1.5}
s02_net|IS|{"be_r": 0.5, "sl_ref": 2, "tp_r": 3, "trail_r": 1.5}
s02_net|IS|{"be_r": 0.5, "exit_time": 21.0, "sl_ref": 2, "tp_r": 3, "trail_r": 1.5}
s02_net|IS|{"be_r": 0.5, "exit_time": 14.0, "sl_ref": 2, "tp_r": 3, "trail_r": 2}
s02_net|IS|{"be_r": 0.5, "exit_time": 16.0, "sl_ref": 2, "tp_r": 3, "trail_r": 2}
s02_net|IS|{"be_r": 0.5, "exit_time": 18.0, "sl_ref": 2, "tp_r": 3, "trail_r": 2}
s02_net|IS|{"be_r": 0.5, "sl_ref": 2, "tp_r": 3, "trail_r": 2}
s02_net|IS|{"be_r": 0.5, "exit_time": 21.0, "sl_ref": 2, "tp_r": 3, "trail_r": 2}
s02_net|IS|{"be_r": 1, "exit_time": 14.0, "sl_ref": 2, "tp_r": 3}
s02_net|IS|{"be_r": 1, "exit_time": 16.0, "sl_ref": 2, "tp_r": 3}
s02_net|IS|{"be_r": 1, "exit_time": 18.0, "sl_ref": 2, "tp_r": 3}
s02_net|IS|{"be_r": 1, "sl_ref": 2, "tp_r": 3}
s02_net|IS|{"be_r": 1, "exit_time": 21.0, "sl_ref": 2, "tp_r": 3}
s02_net|IS|{"be_r": 1, "exit_time": 14.0, "sl_ref": 2, "tp_r": 3, "trail_r": 0.5}
s02_net|IS|{"be_r": 1, "exit_time": 16.0, "sl_ref": 2, "tp_r": 3, "trail_r": 0.5}
s02_net|IS|{"be_r": 1, "exit_time": 18.0, "sl_ref": 2, "tp_r": 3, "trail_r": 0.5}
s02_net|IS|{"be_r": 1, "sl_ref": 2, "tp_r": 3, "trail_r": 0.5}
s02_net|IS|{"be_r": 1, "exit_time": 21.0, "sl_ref": 2, "tp_r": 3, "trail_r": 0.5}
s02_net|IS|{"be_r": 1, "exit_time": 14.0, "sl_ref": 2, "tp_r": 3, "trail_r": 1}
s02_net|IS|{"be_r": 1, "exit_time": 16.0, "sl_ref": 2, "tp_r": 3, "trail_r": 1}
s02_net|IS|{"be_r": 1, "exit_time": 18.0, "sl_ref": 2, "tp_r": 3, "trail_r": 1}
s02_net|IS|{"be_r": 1, "sl_ref": 2, "tp_r": 3, "trail_r": 1}
s02_net|IS|{"be_r": 1, "exit_time": 21.0, "sl_ref": 2, "tp_r": 3, "trail_r": 1}
s02_net|IS|{"be_r": 1, "exit_time": 14.0, "sl_ref": 2, "tp_r": 3, "trail_r": 1.5}
s02_net|IS|{"be_r": 1, "exit_time": 16.0, "sl_ref": 2, "tp_r": 3, "trail_r": 1.5}
s02_net|IS|{"be_r": 1, "exit_time": 18.0, "sl_ref": 2, "tp_r": 3, "trail_r": 1.5}
s02_net|IS|{"be_r": 1, "sl_ref": 2, "tp_r": 3, "trail_r": 1.5}
s02_net|IS|{"be_r": 1, "exit_time": 21.0, "sl_ref": 2, "tp_r": 3, "trail_r": 1.5}
s02_net|IS|{"be_r": 1, "exit_time": 14.0, "sl_ref": 2, "tp_r": 3, "trail_r": 2}
s02_net|IS|{"be_r": 1, "exit_time": 16.0, "sl_ref": 2, "tp_r": 3, "trail_r": 2}
s02_net|IS|{"be_r": 1, "exit_time": 18.0, "sl_ref": 2, "tp_r": 3, "trail_r": 2}
s02_net|IS|{"be_r": 1, "sl_ref": 2, "tp_r": 3, "trail_r": 2}
s02_net|IS|{"be_r": 1, "exit_time": 21.0, "sl_ref": 2, "tp_r": 3, "trail_r": 2}
s02_net|IS|{"exit_time": 14.0, "sl_ref": 2, "tp_r": 4}
s02_net|IS|{"exit_time": 16.0, "sl_ref": 2, "tp_r": 4}
s02_net|IS|{"exit_time": 18.0, "sl_ref": 2, "tp_r": 4}
s02_net|IS|{"sl_ref": 2, "tp_r": 4}
s02_net|IS|{"exit_time": 21.0, "sl_ref": 2, "tp_r": 4}
s02_net|IS|{"exit_time": 14.0, "sl_ref": 2, "tp_r": 4, "trail_r": 0.5}
s02_net|IS|{"exit_time": 16.0, "sl_ref": 2, "tp_r": 4, "trail_r": 0.5}
s02_net|IS|{"exit_time": 18.0, "sl_ref": 2, "tp_r": 4, "trail_r": 0.5}
s02_net|IS|{"sl_ref": 2, "tp_r": 4, "trail_r": 0.5}
s02_net|IS|{"exit_time": 21.0, "sl_ref": 2, "tp_r": 4, "trail_r": 0.5}
s02_net|IS|{"exit_time": 14.0, "sl_ref": 2, "tp_r": 4, "trail_r": 1}
s02_net|IS|{"exit_time": 16.0, "sl_ref": 2, "tp_r": 4, "trail_r": 1}
s02_net|IS|{"exit_time": 18.0, "sl_ref": 2, "tp_r": 4, "trail_r": 1}
s02_net|IS|{"sl_ref": 2, "tp_r": 4, "trail_r": 1}
s02_net|IS|{"exit_time": 21.0, "sl_ref": 2, "tp_r": 4, "trail_r": 1}
s02_net|IS|{"exit_time": 14.0, "sl_ref": 2, "tp_r": 4, "trail_r": 1.5}
s02_net|IS|{"exit_time": 16.0, "sl_ref": 2, "tp_r": 4, "trail_r": 1.5}
s02_net|IS|{"exit_time": 18.0, "sl_ref": 2, "tp_r": 4, "trail_r": 1.5}
s02_net|IS|{"sl_ref": 2, "tp_r": 4, "trail_r": 1.5}
s02_net|IS|{"exit_time": 21.0, "sl_ref": 2, "tp_r": 4, "trail_r": 1.5}
s02_net|IS|{"exit_time": 14.0, "sl_ref": 2, "tp_r": 4, "trail_r": 2}
s02_net|IS|{"exit_time": 16.0, "sl_ref": 2, "tp_r": 4, "trail_r": 2}
s02_net|IS|{"exit_time": 18.0, "sl_ref": 2, "tp_r": 4, "trail_r": 2}
s02_net|IS|{"sl_ref": 2, "tp_r": 4, "trail_r": 2}
s02_net|IS|{"exit_time": 21.0, "sl_ref": 2, "tp_r": 4, "trail_r": 2}
s02_net|IS|{"be_r": 0.5, "exit_time": 14.0, "sl_ref": 2, "tp_r": 4}
s02_net|IS|{"be_r": 0.5, "exit_time": 16.0, "sl_ref": 2, "tp_r": 4}
s02_net|IS|{"be_r": 0.5, "exit_time": 18.0, "sl_ref": 2, "tp_r": 4}
s02_net|IS|{"be_r": 0.5, "sl_ref": 2, "tp_r": 4}
s02_net|IS|{"be_r": 0.5, "exit_time": 21.0, "sl_ref": 2, "tp_r": 4}
s02_net|IS|{"be_r": 0.5, "exit_time": 14.0, "sl_ref": 2, "tp_r": 4, "trail_r": 0.5}
s02_net|IS|{"be_r": 0.5, "exit_time": 16.0, "sl_ref": 2, "tp_r": 4, "trail_r": 0.5}
s02_net|IS|{"be_r": 0.5, "exit_time": 18.0, "sl_ref": 2, "tp_r": 4, "trail_r": 0.5}
s02_net|IS|{"be_r": 0.5, "sl_ref": 2, "tp_r": 4, "trail_r": 0.5}
s02_net|IS|{"be_r": 0.5, "exit_time": 21.0, "sl_ref": 2, "tp_r": 4, "trail_r": 0.5}
s02_net|IS|{"be_r": 0.5, "exit_time": 14.0, "sl_ref": 2, "tp_r": 4, "trail_r": 1}
s02_net|IS|{"be_r": 0.5, "exit_time": 16.0, "sl_ref": 2, "tp_r": 4, "trail_r": 1}
s02_net|IS|{"be_r": 0.5, "exit_time": 18.0, "sl_ref": 2, "tp_r": 4, "trail_r": 1}
s02_net|IS|{"be_r": 0.5, "sl_ref": 2, "tp_r": 4, "trail_r": 1}
s02_net|IS|{"be_r": 0.5, "exit_time": 21.0, "sl_ref": 2, "tp_r": 4, "trail_r": 1}
s02_net|IS|{"be_r": 0.5, "exit_time": 14.0, "sl_ref": 2, "tp_r": 4, "trail_r": 1.5}
s02_net|IS|{"be_r": 0.5, "exit_time": 16.0, "sl_ref": 2, "tp_r": 4, "trail_r": 1.5}
s02_net|IS|{"be_r": 0.5, "exit_time": 18.0, "sl_ref": 2, "tp_r": 4, "trail_r": 1.5}
s02_net|IS|{"be_r": 0.5, "sl_ref": 2, "tp_r": 4, "trail_r": 1.5}
s02_net|IS|{"be_r": 0.5, "exit_time": 21.0, "sl_ref": 2, "tp_r": 4, "trail_r": 1.5}
s02_net|IS|{"be_r": 0.5, "exit_time": 14.0, "sl_ref": 2, "tp_r": 4, "trail_r": 2}
s02_net|IS|{"be_r": 0.5, "exit_time": 16.0, "sl_ref": 2, "tp_r": 4, "trail_r": 2}
s02_net|IS|{"be_r": 0.5, "exit_time": 18.0, "sl_ref": 2, "tp_r": 4, "trail_r": 2}
s02_net|IS|{"be_r": 0.5, "sl_ref": 2, "tp_r": 4, "trail_r": 2}
s02_net|IS|{"be_r": 0.5, "exit_time": 21.0, "sl_ref": 2, "tp_r": 4, "trail_r": 2}
s02_net|IS|{"be_r": 1, "exit_time": 14.0, "sl_ref": 2, "tp_r": 4}
s02_net|IS|{"be_r": 1, "exit_time": 16.0, "sl_ref": 2, "tp_r": 4}
s02_net|IS|{"be_r": 1, "exit_time": 18.0, "sl_ref": 2, "tp_r": 4}
s02_net|IS|{"be_r": 1, "sl_ref": 2, "tp_r": 4}
s02_net|IS|{"be_r": 1, "exit_time": 21.0, "sl_ref": 2, "tp_r": 4}
s02_net|IS|{"be_r": 1, "exit_time": 14.0, "sl_ref": 2, "tp_r": 4, "trail_r": 0.5}
s02_net|IS|{"be_r": 1, "exit_time": 16.0, "sl_ref": 2, "tp_r": 4, "trail_r": 0.5}
s02_net|IS|{"be_r": 1, "exit_time": 18.0, "sl_ref": 2, "tp_r": 4, "trail_r": 0.5}
s02_net|IS|{"be_r": 1, "sl_ref": 2, "tp_r": 4, "trail_r": 0.5}
s02_net|IS|{"be_r": 1, "exit_time": 21.0, "sl_ref": 2, "tp_r": 4, "trail_r": 0.5}
s02_net|IS|{"be_r": 1, "exit_time": 14.0, "sl_ref": 2, "tp_r": 4, "trail_r": 1}
s02_net|IS|{"be_r": 1, "exit_time": 16.0, "sl_ref": 2, "tp_r": 4, "trail_r": 1}
s02_net|IS|{"be_r": 1, "exit_time": 18.0, "sl_ref": 2, "tp_r": 4, "trail_r": 1}
s02_net|IS|{"be_r": 1, "sl_ref": 2, "tp_r": 4, "trail_r": 1}
s02_net|IS|{"be_r": 1, "exit_time": 21.0, "sl_ref": 2, "tp_r": 4, "trail_r": 1}
s02_net|IS|{"be_r": 1, "exit_time": 14.0, "sl_ref": 2, "tp_r": 4, "trail_r": 1.5}
s02_net|IS|{"be_r": 1, "exit_time": 16.0, "sl_ref": 2, "tp_r": 4, "trail_r": 1.5}
s02_net|IS|{"be_r": 1, "exit_time": 18.0, "sl_ref": 2, "tp_r": 4, "trail_r": 1.5}
s02_net|IS|{"be_r": 1, "sl_ref": 2, "tp_r": 4, "trail_r": 1.5}
s02_net|IS|{"be_r": 1, "exit_time": 21.0, "sl_ref": 2, "tp_r": 4, "trail_r": 1.5}
s02_net|IS|{"be_r": 1, "exit_time": 14.0, "sl_ref": 2, "tp_r": 4, "trail_r": 2}
s02_net|IS|{"be_r": 1, "exit_time": 16.0, "sl_ref": 2, "tp_r": 4, "trail_r": 2}
s02_net|IS|{"be_r": 1, "exit_time": 18.0, "sl_ref": 2, "tp_r": 4, "trail_r": 2}
s02_net|IS|{"be_r": 1, "sl_ref": 2, "tp_r": 4, "trail_r": 2}
s02_net|IS|{"be_r": 1, "exit_time": 21.0, "sl_ref": 2, "tp_r": 4, "trail_r": 2}
s02_gross|IS|{"commission": 0.0, "exit_time": 14.0, "sl_k": 0.5, "slip": 0.0}
s02_gross|IS|{"commission": 0.0, "exit_time": 16.0, "sl_k": 0.5, "slip": 0.0}
s02_gross|IS|{"commission": 0.0, "exit_time": 18.0, "sl_k": 0.5, "slip": 0.0}
s02_gross|IS|{"commission": 0.0, "sl_k": 0.5, "slip": 0.0}
s02_gross|IS|{"commission": 0.0, "exit_time": 21.0, "sl_k": 0.5, "slip": 0.0}
s02_gross|IS|{"commission": 0.0, "exit_time": 14.0, "sl_k": 0.5, "slip": 0.0, "trail_r": 0.5}
s02_gross|IS|{"commission": 0.0, "exit_time": 16.0, "sl_k": 0.5, "slip": 0.0, "trail_r": 0.5}
s02_gross|IS|{"commission": 0.0, "exit_time": 18.0, "sl_k": 0.5, "slip": 0.0, "trail_r": 0.5}
s02_gross|IS|{"commission": 0.0, "sl_k": 0.5, "slip": 0.0, "trail_r": 0.5}
s02_gross|IS|{"commission": 0.0, "exit_time": 21.0, "sl_k": 0.5, "slip": 0.0, "trail_r": 0.5}
s02_gross|IS|{"commission": 0.0, "exit_time": 14.0, "sl_k": 0.5, "slip": 0.0, "trail_r": 1}
s02_gross|IS|{"commission": 0.0, "exit_time": 16.0, "sl_k": 0.5, "slip": 0.0, "trail_r": 1}
s02_gross|IS|{"commission": 0.0, "exit_time": 18.0, "sl_k": 0.5, "slip": 0.0, "trail_r": 1}
s02_gross|IS|{"commission": 0.0, "sl_k": 0.5, "slip": 0.0, "trail_r": 1}
s02_gross|IS|{"commission": 0.0, "exit_time": 21.0, "sl_k": 0.5, "slip": 0.0, "trail_r": 1}
s02_gross|IS|{"commission": 0.0, "exit_time": 14.0, "sl_k": 0.5, "slip": 0.0, "trail_r": 1.5}
s02_gross|IS|{"commission": 0.0, "exit_time": 16.0, "sl_k": 0.5, "slip": 0.0, "trail_r": 1.5}
s02_gross|IS|{"commission": 0.0, "exit_time": 18.0, "sl_k": 0.5, "slip": 0.0, "trail_r": 1.5}
s02_gross|IS|{"commission": 0.0, "sl_k": 0.5, "slip": 0.0, "trail_r": 1.5}
s02_gross|IS|{"commission": 0.0, "exit_time": 21.0, "sl_k": 0.5, "slip": 0.0, "trail_r": 1.5}
s02_gross|IS|{"commission": 0.0, "exit_time": 14.0, "sl_k": 0.5, "slip": 0.0, "trail_r": 2}
s02_gross|IS|{"commission": 0.0, "exit_time": 16.0, "sl_k": 0.5, "slip": 0.0, "trail_r": 2}
s02_gross|IS|{"commission": 0.0, "exit_time": 18.0, "sl_k": 0.5, "slip": 0.0, "trail_r": 2}
s02_gross|IS|{"commission": 0.0, "sl_k": 0.5, "slip": 0.0, "trail_r": 2}
s02_gross|IS|{"commission": 0.0, "exit_time": 21.0, "sl_k": 0.5, "slip": 0.0, "trail_r": 2}
s02_gross|IS|{"be_r": 0.5, "commission": 0.0, "exit_time": 14.0, "sl_k": 0.5, "slip": 0.0}
s02_gross|IS|{"be_r": 0.5, "commission": 0.0, "exit_time": 16.0, "sl_k": 0.5, "slip": 0.0}
s02_gross|IS|{"be_r": 0.5, "commission": 0.0, "exit_time": 18.0, "sl_k": 0.5, "slip": 0.0}
s02_gross|IS|{"be_r": 0.5, "commission": 0.0, "sl_k": 0.5, "slip": 0.0}
s02_gross|IS|{"be_r": 0.5, "commission": 0.0, "exit_time": 21.0, "sl_k": 0.5, "slip": 0.0}
s02_gross|IS|{"be_r": 0.5, "commission": 0.0, "exit_time": 14.0, "sl_k": 0.5, "slip": 0.0, "trail_r": 0.5}
s02_gross|IS|{"be_r": 0.5, "commission": 0.0, "exit_time": 16.0, "sl_k": 0.5, "slip": 0.0, "trail_r": 0.5}
s02_gross|IS|{"be_r": 0.5, "commission": 0.0, "exit_time": 18.0, "sl_k": 0.5, "slip": 0.0, "trail_r": 0.5}
s02_gross|IS|{"be_r": 0.5, "commission": 0.0, "sl_k": 0.5, "slip": 0.0, "trail_r": 0.5}
s02_gross|IS|{"be_r": 0.5, "commission": 0.0, "exit_time": 21.0, "sl_k": 0.5, "slip": 0.0, "trail_r": 0.5}
s02_gross|IS|{"be_r": 0.5, "commission": 0.0, "exit_time": 14.0, "sl_k": 0.5, "slip": 0.0, "trail_r": 1}
s02_gross|IS|{"be_r": 0.5, "commission": 0.0, "exit_time": 16.0, "sl_k": 0.5, "slip": 0.0, "trail_r": 1}
s02_gross|IS|{"be_r": 0.5, "commission": 0.0, "exit_time": 18.0, "sl_k": 0.5, "slip": 0.0, "trail_r": 1}
s02_gross|IS|{"be_r": 0.5, "commission": 0.0, "sl_k": 0.5, "slip": 0.0, "trail_r": 1}
s02_gross|IS|{"be_r": 0.5, "commission": 0.0, "exit_time": 21.0, "sl_k": 0.5, "slip": 0.0, "trail_r": 1}
s02_gross|IS|{"be_r": 0.5, "commission": 0.0, "exit_time": 14.0, "sl_k": 0.5, "slip": 0.0, "trail_r": 1.5}
s02_gross|IS|{"be_r": 0.5, "commission": 0.0, "exit_time": 16.0, "sl_k": 0.5, "slip": 0.0, "trail_r": 1.5}
s02_gross|IS|{"be_r": 0.5, "commission": 0.0, "exit_time": 18.0, "sl_k": 0.5, "slip": 0.0, "trail_r": 1.5}
s02_gross|IS|{"be_r": 0.5, "commission": 0.0, "sl_k": 0.5, "slip": 0.0, "trail_r": 1.5}
s02_gross|IS|{"be_r": 0.5, "commission": 0.0, "exit_time": 21.0, "sl_k": 0.5, "slip": 0.0, "trail_r": 1.5}
s02_gross|IS|{"be_r": 0.5, "commission": 0.0, "exit_time": 14.0, "sl_k": 0.5, "slip": 0.0, "trail_r": 2}
s02_gross|IS|{"be_r": 0.5, "commission": 0.0, "exit_time": 16.0, "sl_k": 0.5, "slip": 0.0, "trail_r": 2}
s02_gross|IS|{"be_r": 0.5, "commission": 0.0, "exit_time": 18.0, "sl_k": 0.5, "slip": 0.0, "trail_r": 2}
s02_gross|IS|{"be_r": 0.5, "commission": 0.0, "sl_k": 0.5, "slip": 0.0, "trail_r": 2}
s02_gross|IS|{"be_r": 0.5, "commission": 0.0, "exit_time": 21.0, "sl_k": 0.5, "slip": 0.0, "trail_r": 2}
s02_gross|IS|{"be_r": 1, "commission": 0.0, "exit_time": 14.0, "sl_k": 0.5, "slip": 0.0}
s02_gross|IS|{"be_r": 1, "commission": 0.0, "exit_time": 16.0, "sl_k": 0.5, "slip": 0.0}
s02_gross|IS|{"be_r": 1, "commission": 0.0, "exit_time": 18.0, "sl_k": 0.5, "slip": 0.0}
s02_gross|IS|{"be_r": 1, "commission": 0.0, "sl_k": 0.5, "slip": 0.0}
s02_gross|IS|{"be_r": 1, "commission": 0.0, "exit_time": 21.0, "sl_k": 0.5, "slip": 0.0}
s02_gross|IS|{"be_r": 1, "commission": 0.0, "exit_time": 14.0, "sl_k": 0.5, "slip": 0.0, "trail_r": 0.5}
s02_gross|IS|{"be_r": 1, "commission": 0.0, "exit_time": 16.0, "sl_k": 0.5, "slip": 0.0, "trail_r": 0.5}
s02_gross|IS|{"be_r": 1, "commission": 0.0, "exit_time": 18.0, "sl_k": 0.5, "slip": 0.0, "trail_r": 0.5}
s02_gross|IS|{"be_r": 1, "commission": 0.0, "sl_k": 0.5, "slip": 0.0, "trail_r": 0.5}
s02_gross|IS|{"be_r": 1, "commission": 0.0, "exit_time": 21.0, "sl_k": 0.5, "slip": 0.0, "trail_r": 0.5}
s02_gross|IS|{"be_r": 1, "commission": 0.0, "exit_time": 14.0, "sl_k": 0.5, "slip": 0.0, "trail_r": 1}
s02_gross|IS|{"be_r": 1, "commission": 0.0, "exit_time": 16.0, "sl_k": 0.5, "slip": 0.0, "trail_r": 1}
s02_gross|IS|{"be_r": 1, "commission": 0.0, "exit_time": 18.0, "sl_k": 0.5, "slip": 0.0, "trail_r": 1}
s02_gross|IS|{"be_r": 1, "commission": 0.0, "sl_k": 0.5, "slip": 0.0, "trail_r": 1}
s02_gross|IS|{"be_r": 1, "commission": 0.0, "exit_time": 21.0, "sl_k": 0.5, "slip": 0.0, "trail_r": 1}
s02_gross|IS|{"be_r": 1, "commission": 0.0, "exit_time": 14.0, "sl_k": 0.5, "slip": 0.0, "trail_r": 1.5}
s02_gross|IS|{"be_r": 1, "commission": 0.0, "exit_time": 16.0, "sl_k": 0.5, "slip": 0.0, "trail_r": 1.5}
s02_gross|IS|{"be_r": 1, "commission": 0.0, "exit_time": 18.0, "sl_k": 0.5, "slip": 0.0, "trail_r": 1.5}
s02_gross|IS|{"be_r": 1, "commission": 0.0, "sl_k": 0.5, "slip": 0.0, "trail_r": 1.5}
s02_gross|IS|{"be_r": 1, "commission": 0.0, "exit_time": 21.0, "sl_k": 0.5, "slip": 0.0, "trail_r": 1.5}
s02_gross|IS|{"be_r": 1, "commission": 0.0, "exit_time": 14.0, "sl_k": 0.5, "slip": 0.0, "trail_r": 2}
s02_gross|IS|{"be_r": 1, "commission": 0.0, "exit_time": 16.0, "sl_k": 0.5, "slip": 0.0, "trail_r": 2}
s02_gross|IS|{"be_r": 1, "commission": 0.0, "exit_time": 18.0, "sl_k": 0.5, "slip": 0.0, "trail_r": 2}
s02_gross|IS|{"be_r": 1, "commission": 0.0, "sl_k": 0.5, "slip": 0.0, "trail_r": 2}
s02_gross|IS|{"be_r": 1, "commission": 0.0, "exit_time": 21.0, "sl_k": 0.5, "slip": 0.0, "trail_r": 2}
s02_gross|IS|{"commission": 0.0, "exit_time": 14.0, "sl_k": 0.5, "slip": 0.0, "tp_r": 1}
s02_gross|IS|{"commission": 0.0, "exit_time": 16.0, "sl_k": 0.5, "slip": 0.0, "tp_r": 1}
s02_gross|IS|{"commission": 0.0, "exit_time": 18.0, "sl_k": 0.5, "slip": 0.0, "tp_r": 1}
s02_gross|IS|{"commission": 0.0, "sl_k": 0.5, "slip": 0.0, "tp_r": 1}
s02_gross|IS|{"commission": 0.0, "exit_time": 21.0, "sl_k": 0.5, "slip": 0.0, "tp_r": 1}
s02_gross|IS|{"commission": 0.0, "exit_time": 14.0, "sl_k": 0.5, "slip": 0.0, "tp_r": 1, "trail_r": 0.5}
s02_gross|IS|{"commission": 0.0, "exit_time": 16.0, "sl_k": 0.5, "slip": 0.0, "tp_r": 1, "trail_r": 0.5}
s02_gross|IS|{"commission": 0.0, "exit_time": 18.0, "sl_k": 0.5, "slip": 0.0, "tp_r": 1, "trail_r": 0.5}
s02_gross|IS|{"commission": 0.0, "sl_k": 0.5, "slip": 0.0, "tp_r": 1, "trail_r": 0.5}
s02_gross|IS|{"commission": 0.0, "exit_time": 21.0, "sl_k": 0.5, "slip": 0.0, "tp_r": 1, "trail_r": 0.5}
s02_gross|IS|{"commission": 0.0, "exit_time": 14.0, "sl_k": 0.5, "slip": 0.0, "tp_r": 1, "trail_r": 1}
s02_gross|IS|{"commission": 0.0, "exit_time": 16.0, "sl_k": 0.5, "slip": 0.0, "tp_r": 1, "trail_r": 1}
s02_gross|IS|{"commission": 0.0, "exit_time": 18.0, "sl_k": 0.5, "slip": 0.0, "tp_r": 1, "trail_r": 1}
s02_gross|IS|{"commission": 0.0, "sl_k": 0.5, "slip": 0.0, "tp_r": 1, "trail_r": 1}
s02_gross|IS|{"commission": 0.0, "exit_time": 21.0, "sl_k": 0.5, "slip": 0.0, "tp_r": 1, "trail_r": 1}
s02_gross|IS|{"commission": 0.0, "exit_time": 14.0, "sl_k": 0.5, "slip": 0.0, "tp_r": 1, "trail_r": 1.5}
s02_gross|IS|{"commission": 0.0, "exit_time": 16.0, "sl_k": 0.5, "slip": 0.0, "tp_r": 1, "trail_r": 1.5}
s02_gross|IS|{"commission": 0.0, "exit_time": 18.0, "sl_k": 0.5, "slip": 0.0, "tp_r": 1, "trail_r": 1.5}
s02_gross|IS|{"commission": 0.0, "sl_k": 0.5, "slip": 0.0, "tp_r": 1, "trail_r": 1.5}
s02_gross|IS|{"commission": 0.0, "exit_time": 21.0, "sl_k": 0.5, "slip": 0.0, "tp_r": 1, "trail_r": 1.5}
s02_gross|IS|{"commission": 0.0, "exit_time": 14.0, "sl_k": 0.5, "slip": 0.0, "tp_r": 1, "trail_r": 2}
s02_gross|IS|{"commission": 0.0, "exit_time": 16.0, "sl_k": 0.5, "slip": 0.0, "tp_r": 1, "trail_r": 2}
s02_gross|IS|{"commission": 0.0, "exit_time": 18.0, "sl_k": 0.5, "slip": 0.0, "tp_r": 1, "trail_r": 2}
s02_gross|IS|{"commission": 0.0, "sl_k": 0.5, "slip": 0.0, "tp_r": 1, "trail_r": 2}
s02_gross|IS|{"commission": 0.0, "exit_time": 21.0, "sl_k": 0.5, "slip": 0.0, "tp_r": 1, "trail_r": 2}
s02_gross|IS|{"be_r": 0.5, "commission": 0.0, "exit_time": 14.0, "sl_k": 0.5, "slip": 0.0, "tp_r": 1}
s02_gross|IS|{"be_r": 0.5, "commission": 0.0, "exit_time": 16.0, "sl_k": 0.5, "slip": 0.0, "tp_r": 1}
s02_gross|IS|{"be_r": 0.5, "commission": 0.0, "exit_time": 18.0, "sl_k": 0.5, "slip": 0.0, "tp_r": 1}
s02_gross|IS|{"be_r": 0.5, "commission": 0.0, "sl_k": 0.5, "slip": 0.0, "tp_r": 1}
s02_gross|IS|{"be_r": 0.5, "commission": 0.0, "exit_time": 21.0, "sl_k": 0.5, "slip": 0.0, "tp_r": 1}
s02_gross|IS|{"be_r": 0.5, "commission": 0.0, "exit_time": 14.0, "sl_k": 0.5, "slip": 0.0, "tp_r": 1, "trail_r": 0.5}
s02_gross|IS|{"be_r": 0.5, "commission": 0.0, "exit_time": 16.0, "sl_k": 0.5, "slip": 0.0, "tp_r": 1, "trail_r": 0.5}
s02_gross|IS|{"be_r": 0.5, "commission": 0.0, "exit_time": 18.0, "sl_k": 0.5, "slip": 0.0, "tp_r": 1, "trail_r": 0.5}
s02_gross|IS|{"be_r": 0.5, "commission": 0.0, "sl_k": 0.5, "slip": 0.0, "tp_r": 1, "trail_r": 0.5}
s02_gross|IS|{"be_r": 0.5, "commission": 0.0, "exit_time": 21.0, "sl_k": 0.5, "slip": 0.0, "tp_r": 1, "trail_r": 0.5}
s02_gross|IS|{"be_r": 0.5, "commission": 0.0, "exit_time": 14.0, "sl_k": 0.5, "slip": 0.0, "tp_r": 1, "trail_r": 1}
s02_gross|IS|{"be_r": 0.5, "commission": 0.0, "exit_time": 16.0, "sl_k": 0.5, "slip": 0.0, "tp_r": 1, "trail_r": 1}
s02_gross|IS|{"be_r": 0.5, "commission": 0.0, "exit_time": 18.0, "sl_k": 0.5, "slip": 0.0, "tp_r": 1, "trail_r": 1}
s02_gross|IS|{"be_r": 0.5, "commission": 0.0, "sl_k": 0.5, "slip": 0.0, "tp_r": 1, "trail_r": 1}
s02_gross|IS|{"be_r": 0.5, "commission": 0.0, "exit_time": 21.0, "sl_k": 0.5, "slip": 0.0, "tp_r": 1, "trail_r": 1}
s02_gross|IS|{"be_r": 0.5, "commission": 0.0, "exit_time": 14.0, "sl_k": 0.5, "slip": 0.0, "tp_r": 1, "trail_r": 1.5}
s02_gross|IS|{"be_r": 0.5, "commission": 0.0, "exit_time": 16.0, "sl_k": 0.5, "slip": 0.0, "tp_r": 1, "trail_r": 1.5}
s02_gross|IS|{"be_r": 0.5, "commission": 0.0, "exit_time": 18.0, "sl_k": 0.5, "slip": 0.0, "tp_r": 1, "trail_r": 1.5}
s02_gross|IS|{"be_r": 0.5, "commission": 0.0, "sl_k": 0.5, "slip": 0.0, "tp_r": 1, "trail_r": 1.5}
s02_gross|IS|{"be_r": 0.5, "commission": 0.0, "exit_time": 21.0, "sl_k": 0.5, "slip": 0.0, "tp_r": 1, "trail_r": 1.5}
s02_gross|IS|{"be_r": 0.5, "commission": 0.0, "exit_time": 14.0, "sl_k": 0.5, "slip": 0.0, "tp_r": 1, "trail_r": 2}
s02_gross|IS|{"be_r": 0.5, "commission": 0.0, "exit_time": 16.0, "sl_k": 0.5, "slip": 0.0, "tp_r": 1, "trail_r": 2}
s02_gross|IS|{"be_r": 0.5, "commission": 0.0, "exit_time": 18.0, "sl_k": 0.5, "slip": 0.0, "tp_r": 1, "trail_r": 2}
s02_gross|IS|{"be_r": 0.5, "commission": 0.0, "sl_k": 0.5, "slip": 0.0, "tp_r": 1, "trail_r": 2}
s02_gross|IS|{"be_r": 0.5, "commission": 0.0, "exit_time": 21.0, "sl_k": 0.5, "slip": 0.0, "tp_r": 1, "trail_r": 2}
s02_gross|IS|{"be_r": 1, "commission": 0.0, "exit_time": 14.0, "sl_k": 0.5, "slip": 0.0, "tp_r": 1}
s02_gross|IS|{"be_r": 1, "commission": 0.0, "exit_time": 16.0, "sl_k": 0.5, "slip": 0.0, "tp_r": 1}
s02_gross|IS|{"be_r": 1, "commission": 0.0, "exit_time": 18.0, "sl_k": 0.5, "slip": 0.0, "tp_r": 1}
s02_gross|IS|{"be_r": 1, "commission": 0.0, "sl_k": 0.5, "slip": 0.0, "tp_r": 1}
s02_gross|IS|{"be_r": 1, "commission": 0.0, "exit_time": 21.0, "sl_k": 0.5, "slip": 0.0, "tp_r": 1}
s02_gross|IS|{"be_r": 1, "commission": 0.0, "exit_time": 14.0, "sl_k": 0.5, "slip": 0.0, "tp_r": 1, "trail_r": 0.5}
s02_gross|IS|{"be_r": 1, "commission": 0.0, "exit_time": 16.0, "sl_k": 0.5, "slip": 0.0, "tp_r": 1, "trail_r": 0.5}
s02_gross|IS|{"be_r": 1, "commission": 0.0, "exit_time": 18.0, "sl_k": 0.5, "slip": 0.0, "tp_r": 1, "trail_r": 0.5}
s02_gross|IS|{"be_r": 1, "commission": 0.0, "sl_k": 0.5, "slip": 0.0, "tp_r": 1, "trail_r": 0.5}
s02_gross|IS|{"be_r": 1, "commission": 0.0, "exit_time": 21.0, "sl_k": 0.5, "slip": 0.0, "tp_r": 1, "trail_r": 0.5}
s02_gross|IS|{"be_r": 1, "commission": 0.0, "exit_time": 14.0, "sl_k": 0.5, "slip": 0.0, "tp_r": 1, "trail_r": 1}
s02_gross|IS|{"be_r": 1, "commission": 0.0, "exit_time": 16.0, "sl_k": 0.5, "slip": 0.0, "tp_r": 1, "trail_r": 1}
s02_gross|IS|{"be_r": 1, "commission": 0.0, "exit_time": 18.0, "sl_k": 0.5, "slip": 0.0, "tp_r": 1, "trail_r": 1}
s02_gross|IS|{"be_r": 1, "commission": 0.0, "sl_k": 0.5, "slip": 0.0, "tp_r": 1, "trail_r": 1}
s02_gross|IS|{"be_r": 1, "commission": 0.0, "exit_time": 21.0, "sl_k": 0.5, "slip": 0.0, "tp_r": 1, "trail_r": 1}
s02_gross|IS|{"be_r": 1, "commission": 0.0, "exit_time": 14.0, "sl_k": 0.5, "slip": 0.0, "tp_r": 1, "trail_r": 1.5}
s02_gross|IS|{"be_r": 1, "commission": 0.0, "exit_time": 16.0, "sl_k": 0.5, "slip": 0.0, "tp_r": 1, "trail_r": 1.5}
s02_gross|IS|{"be_r": 1, "commission": 0.0, "exit_time": 18.0, "sl_k": 0.5, "slip": 0.0, "tp_r": 1, "trail_r": 1.5}
s02_gross|IS|{"be_r": 1, "commission": 0.0, "sl_k": 0.5, "slip": 0.0, "tp_r": 1, "trail_r": 1.5}
s02_gross|IS|{"be_r": 1, "commission": 0.0, "exit_time": 21.0, "sl_k": 0.5, "slip": 0.0, "tp_r": 1, "trail_r": 1.5}
s02_gross|IS|{"be_r": 1, "commission": 0.0, "exit_time": 14.0, "sl_k": 0.5, "slip": 0.0, "tp_r": 1, "trail_r": 2}
s02_gross|IS|{"be_r": 1, "commission": 0.0, "exit_time": 16.0, "sl_k": 0.5, "slip": 0.0, "tp_r": 1, "trail_r": 2}
s02_gross|IS|{"be_r": 1, "commission": 0.0, "exit_time": 18.0, "sl_k": 0.5, "slip": 0.0, "tp_r": 1, "trail_r": 2}
s02_gross|IS|{"be_r": 1, "commission": 0.0, "sl_k": 0.5, "slip": 0.0, "tp_r": 1, "trail_r": 2}
s02_gross|IS|{"be_r": 1, "commission": 0.0, "exit_time": 21.0, "sl_k": 0.5, "slip": 0.0, "tp_r": 1, "trail_r": 2}
s02_gross|IS|{"commission": 0.0, "exit_time": 14.0, "sl_k": 0.5, "slip": 0.0, "tp_r": 1.5}
s02_gross|IS|{"commission": 0.0, "exit_time": 16.0, "sl_k": 0.5, "slip": 0.0, "tp_r": 1.5}
s02_gross|IS|{"commission": 0.0, "exit_time": 18.0, "sl_k": 0.5, "slip": 0.0, "tp_r": 1.5}
s02_gross|IS|{"commission": 0.0, "sl_k": 0.5, "slip": 0.0, "tp_r": 1.5}
s02_gross|IS|{"commission": 0.0, "exit_time": 21.0, "sl_k": 0.5, "slip": 0.0, "tp_r": 1.5}
s02_gross|IS|{"commission": 0.0, "exit_time": 14.0, "sl_k": 0.5, "slip": 0.0, "tp_r": 1.5, "trail_r": 0.5}
s02_gross|IS|{"commission": 0.0, "exit_time": 16.0, "sl_k": 0.5, "slip": 0.0, "tp_r": 1.5, "trail_r": 0.5}
s02_gross|IS|{"commission": 0.0, "exit_time": 18.0, "sl_k": 0.5, "slip": 0.0, "tp_r": 1.5, "trail_r": 0.5}
s02_gross|IS|{"commission": 0.0, "sl_k": 0.5, "slip": 0.0, "tp_r": 1.5, "trail_r": 0.5}
s02_gross|IS|{"commission": 0.0, "exit_time": 21.0, "sl_k": 0.5, "slip": 0.0, "tp_r": 1.5, "trail_r": 0.5}
s02_gross|IS|{"commission": 0.0, "exit_time": 14.0, "sl_k": 0.5, "slip": 0.0, "tp_r": 1.5, "trail_r": 1}
s02_gross|IS|{"commission": 0.0, "exit_time": 16.0, "sl_k": 0.5, "slip": 0.0, "tp_r": 1.5, "trail_r": 1}
s02_gross|IS|{"commission": 0.0, "exit_time": 18.0, "sl_k": 0.5, "slip": 0.0, "tp_r": 1.5, "trail_r": 1}
s02_gross|IS|{"commission": 0.0, "sl_k": 0.5, "slip": 0.0, "tp_r": 1.5, "trail_r": 1}
s02_gross|IS|{"commission": 0.0, "exit_time": 21.0, "sl_k": 0.5, "slip": 0.0, "tp_r": 1.5, "trail_r": 1}
s02_gross|IS|{"commission": 0.0, "exit_time": 14.0, "sl_k": 0.5, "slip": 0.0, "tp_r": 1.5, "trail_r": 1.5}
s02_gross|IS|{"commission": 0.0, "exit_time": 16.0, "sl_k": 0.5, "slip": 0.0, "tp_r": 1.5, "trail_r": 1.5}
s02_gross|IS|{"commission": 0.0, "exit_time": 18.0, "sl_k": 0.5, "slip": 0.0, "tp_r": 1.5, "trail_r": 1.5}
s02_gross|IS|{"commission": 0.0, "sl_k": 0.5, "slip": 0.0, "tp_r": 1.5, "trail_r": 1.5}
s02_gross|IS|{"commission": 0.0, "exit_time": 21.0, "sl_k": 0.5, "slip": 0.0, "tp_r": 1.5, "trail_r": 1.5}
s02_gross|IS|{"commission": 0.0, "exit_time": 14.0, "sl_k": 0.5, "slip": 0.0, "tp_r": 1.5, "trail_r": 2}
s02_gross|IS|{"commission": 0.0, "exit_time": 16.0, "sl_k": 0.5, "slip": 0.0, "tp_r": 1.5, "trail_r": 2}
s02_gross|IS|{"commission": 0.0, "exit_time": 18.0, "sl_k": 0.5, "slip": 0.0, "tp_r": 1.5, "trail_r": 2}
s02_gross|IS|{"commission": 0.0, "sl_k": 0.5, "slip": 0.0, "tp_r": 1.5, "trail_r": 2}
s02_gross|IS|{"commission": 0.0, "exit_time": 21.0, "sl_k": 0.5, "slip": 0.0, "tp_r": 1.5, "trail_r": 2}
s02_gross|IS|{"be_r": 0.5, "commission": 0.0, "exit_time": 14.0, "sl_k": 0.5, "slip": 0.0, "tp_r": 1.5}
s02_gross|IS|{"be_r": 0.5, "commission": 0.0, "exit_time": 16.0, "sl_k": 0.5, "slip": 0.0, "tp_r": 1.5}
s02_gross|IS|{"be_r": 0.5, "commission": 0.0, "exit_time": 18.0, "sl_k": 0.5, "slip": 0.0, "tp_r": 1.5}
s02_gross|IS|{"be_r": 0.5, "commission": 0.0, "sl_k": 0.5, "slip": 0.0, "tp_r": 1.5}
s02_gross|IS|{"be_r": 0.5, "commission": 0.0, "exit_time": 21.0, "sl_k": 0.5, "slip": 0.0, "tp_r": 1.5}
s02_gross|IS|{"be_r": 0.5, "commission": 0.0, "exit_time": 14.0, "sl_k": 0.5, "slip": 0.0, "tp_r": 1.5, "trail_r": 0.5}
s02_gross|IS|{"be_r": 0.5, "commission": 0.0, "exit_time": 16.0, "sl_k": 0.5, "slip": 0.0, "tp_r": 1.5, "trail_r": 0.5}
s02_gross|IS|{"be_r": 0.5, "commission": 0.0, "exit_time": 18.0, "sl_k": 0.5, "slip": 0.0, "tp_r": 1.5, "trail_r": 0.5}
s02_gross|IS|{"be_r": 0.5, "commission": 0.0, "sl_k": 0.5, "slip": 0.0, "tp_r": 1.5, "trail_r": 0.5}
s02_gross|IS|{"be_r": 0.5, "commission": 0.0, "exit_time": 21.0, "sl_k": 0.5, "slip": 0.0, "tp_r": 1.5, "trail_r": 0.5}
s02_gross|IS|{"be_r": 0.5, "commission": 0.0, "exit_time": 14.0, "sl_k": 0.5, "slip": 0.0, "tp_r": 1.5, "trail_r": 1}
s02_gross|IS|{"be_r": 0.5, "commission": 0.0, "exit_time": 16.0, "sl_k": 0.5, "slip": 0.0, "tp_r": 1.5, "trail_r": 1}
s02_gross|IS|{"be_r": 0.5, "commission": 0.0, "exit_time": 18.0, "sl_k": 0.5, "slip": 0.0, "tp_r": 1.5, "trail_r": 1}
s02_gross|IS|{"be_r": 0.5, "commission": 0.0, "sl_k": 0.5, "slip": 0.0, "tp_r": 1.5, "trail_r": 1}
s02_gross|IS|{"be_r": 0.5, "commission": 0.0, "exit_time": 21.0, "sl_k": 0.5, "slip": 0.0, "tp_r": 1.5, "trail_r": 1}
s02_gross|IS|{"be_r": 0.5, "commission": 0.0, "exit_time": 14.0, "sl_k": 0.5, "slip": 0.0, "tp_r": 1.5, "trail_r": 1.5}
s02_gross|IS|{"be_r": 0.5, "commission": 0.0, "exit_time": 16.0, "sl_k": 0.5, "slip": 0.0, "tp_r": 1.5, "trail_r": 1.5}
s02_gross|IS|{"be_r": 0.5, "commission": 0.0, "exit_time": 18.0, "sl_k": 0.5, "slip": 0.0, "tp_r": 1.5, "trail_r": 1.5}
s02_gross|IS|{"be_r": 0.5, "commission": 0.0, "sl_k": 0.5, "slip": 0.0, "tp_r": 1.5, "trail_r": 1.5}
s02_gross|IS|{"be_r": 0.5, "commission": 0.0, "exit_time": 21.0, "sl_k": 0.5, "slip": 0.0, "tp_r": 1.5, "trail_r": 1.5}
s02_gross|IS|{"be_r": 0.5, "commission": 0.0, "exit_time": 14.0, "sl_k": 0.5, "slip": 0.0, "tp_r": 1.5, "trail_r": 2}
s02_gross|IS|{"be_r": 0.5, "commission": 0.0, "exit_time": 16.0, "sl_k": 0.5, "slip": 0.0, "tp_r": 1.5, "trail_r": 2}
s02_gross|IS|{"be_r": 0.5, "commission": 0.0, "exit_time": 18.0, "sl_k": 0.5, "slip": 0.0, "tp_r": 1.5, "trail_r": 2}
s02_gross|IS|{"be_r": 0.5, "commission": 0.0, "sl_k": 0.5, "slip": 0.0, "tp_r": 1.5, "trail_r": 2}
s02_gross|IS|{"be_r": 0.5, "commission": 0.0, "exit_time": 21.0, "sl_k": 0.5, "slip": 0.0, "tp_r": 1.5, "trail_r": 2}
s02_gross|IS|{"be_r": 1, "commission": 0.0, "exit_time": 14.0, "sl_k": 0.5, "slip": 0.0, "tp_r": 1.5}
s02_gross|IS|{"be_r": 1, "commission": 0.0, "exit_time": 16.0, "sl_k": 0.5, "slip": 0.0, "tp_r": 1.5}
s02_gross|IS|{"be_r": 1, "commission": 0.0, "exit_time": 18.0, "sl_k": 0.5, "slip": 0.0, "tp_r": 1.5}
s02_gross|IS|{"be_r": 1, "commission": 0.0, "sl_k": 0.5, "slip": 0.0, "tp_r": 1.5}
s02_gross|IS|{"be_r": 1, "commission": 0.0, "exit_time": 21.0, "sl_k": 0.5, "slip": 0.0, "tp_r": 1.5}
s02_gross|IS|{"be_r": 1, "commission": 0.0, "exit_time": 14.0, "sl_k": 0.5, "slip": 0.0, "tp_r": 1.5, "trail_r": 0.5}
s02_gross|IS|{"be_r": 1, "commission": 0.0, "exit_time": 16.0, "sl_k": 0.5, "slip": 0.0, "tp_r": 1.5, "trail_r": 0.5}
s02_gross|IS|{"be_r": 1, "commission": 0.0, "exit_time": 18.0, "sl_k": 0.5, "slip": 0.0, "tp_r": 1.5, "trail_r": 0.5}
s02_gross|IS|{"be_r": 1, "commission": 0.0, "sl_k": 0.5, "slip": 0.0, "tp_r": 1.5, "trail_r": 0.5}
s02_gross|IS|{"be_r": 1, "commission": 0.0, "exit_time": 21.0, "sl_k": 0.5, "slip": 0.0, "tp_r": 1.5, "trail_r": 0.5}
s02_gross|IS|{"be_r": 1, "commission": 0.0, "exit_time": 14.0, "sl_k": 0.5, "slip": 0.0, "tp_r": 1.5, "trail_r": 1}
s02_gross|IS|{"be_r": 1, "commission": 0.0, "exit_time": 16.0, "sl_k": 0.5, "slip": 0.0, "tp_r": 1.5, "trail_r": 1}
s02_gross|IS|{"be_r": 1, "commission": 0.0, "exit_time": 18.0, "sl_k": 0.5, "slip": 0.0, "tp_r": 1.5, "trail_r": 1}
s02_gross|IS|{"be_r": 1, "commission": 0.0, "sl_k": 0.5, "slip": 0.0, "tp_r": 1.5, "trail_r": 1}
s02_gross|IS|{"be_r": 1, "commission": 0.0, "exit_time": 21.0, "sl_k": 0.5, "slip": 0.0, "tp_r": 1.5, "trail_r": 1}
s02_gross|IS|{"be_r": 1, "commission": 0.0, "exit_time": 14.0, "sl_k": 0.5, "slip": 0.0, "tp_r": 1.5, "trail_r": 1.5}
s02_gross|IS|{"be_r": 1, "commission": 0.0, "exit_time": 16.0, "sl_k": 0.5, "slip": 0.0, "tp_r": 1.5, "trail_r": 1.5}
s02_gross|IS|{"be_r": 1, "commission": 0.0, "exit_time": 18.0, "sl_k": 0.5, "slip": 0.0, "tp_r": 1.5, "trail_r": 1.5}
s02_gross|IS|{"be_r": 1, "commission": 0.0, "sl_k": 0.5, "slip": 0.0, "tp_r": 1.5, "trail_r": 1.5}
s02_gross|IS|{"be_r": 1, "commission": 0.0, "exit_time": 21.0, "sl_k": 0.5, "slip": 0.0, "tp_r": 1.5, "trail_r": 1.5}
s02_gross|IS|{"be_r": 1, "commission": 0.0, "exit_time": 14.0, "sl_k": 0.5, "slip": 0.0, "tp_r": 1.5, "trail_r": 2}
s02_gross|IS|{"be_r": 1, "commission": 0.0, "exit_time": 16.0, "sl_k": 0.5, "slip": 0.0, "tp_r": 1.5, "trail_r": 2}
s02_gross|IS|{"be_r": 1, "commission": 0.0, "exit_time": 18.0, "sl_k": 0.5, "slip": 0.0, "tp_r": 1.5, "trail_r": 2}
s02_gross|IS|{"be_r": 1, "commission": 0.0, "sl_k": 0.5, "slip": 0.0, "tp_r": 1.5, "trail_r": 2}
s02_gross|IS|{"be_r": 1, "commission": 0.0, "exit_time": 21.0, "sl_k": 0.5, "slip": 0.0, "tp_r": 1.5, "trail_r": 2}
s02_gross|IS|{"commission": 0.0, "exit_time": 14.0, "sl_k": 0.5, "slip": 0.0, "tp_r": 2}
s02_gross|IS|{"commission": 0.0, "exit_time": 16.0, "sl_k": 0.5, "slip": 0.0, "tp_r": 2}
s02_gross|IS|{"commission": 0.0, "exit_time": 18.0, "sl_k": 0.5, "slip": 0.0, "tp_r": 2}
s02_gross|IS|{"commission": 0.0, "sl_k": 0.5, "slip": 0.0, "tp_r": 2}
s02_gross|IS|{"commission": 0.0, "exit_time": 21.0, "sl_k": 0.5, "slip": 0.0, "tp_r": 2}
s02_gross|IS|{"commission": 0.0, "exit_time": 14.0, "sl_k": 0.5, "slip": 0.0, "tp_r": 2, "trail_r": 0.5}
s02_gross|IS|{"commission": 0.0, "exit_time": 16.0, "sl_k": 0.5, "slip": 0.0, "tp_r": 2, "trail_r": 0.5}
s02_gross|IS|{"commission": 0.0, "exit_time": 18.0, "sl_k": 0.5, "slip": 0.0, "tp_r": 2, "trail_r": 0.5}
s02_gross|IS|{"commission": 0.0, "sl_k": 0.5, "slip": 0.0, "tp_r": 2, "trail_r": 0.5}
s02_gross|IS|{"commission": 0.0, "exit_time": 21.0, "sl_k": 0.5, "slip": 0.0, "tp_r": 2, "trail_r": 0.5}
s02_gross|IS|{"commission": 0.0, "exit_time": 14.0, "sl_k": 0.5, "slip": 0.0, "tp_r": 2, "trail_r": 1}
s02_gross|IS|{"commission": 0.0, "exit_time": 16.0, "sl_k": 0.5, "slip": 0.0, "tp_r": 2, "trail_r": 1}
s02_gross|IS|{"commission": 0.0, "exit_time": 18.0, "sl_k": 0.5, "slip": 0.0, "tp_r": 2, "trail_r": 1}
s02_gross|IS|{"commission": 0.0, "sl_k": 0.5, "slip": 0.0, "tp_r": 2, "trail_r": 1}
s02_gross|IS|{"commission": 0.0, "exit_time": 21.0, "sl_k": 0.5, "slip": 0.0, "tp_r": 2, "trail_r": 1}
s02_gross|IS|{"commission": 0.0, "exit_time": 14.0, "sl_k": 0.5, "slip": 0.0, "tp_r": 2, "trail_r": 1.5}
s02_gross|IS|{"commission": 0.0, "exit_time": 16.0, "sl_k": 0.5, "slip": 0.0, "tp_r": 2, "trail_r": 1.5}
s02_gross|IS|{"commission": 0.0, "exit_time": 18.0, "sl_k": 0.5, "slip": 0.0, "tp_r": 2, "trail_r": 1.5}
s02_gross|IS|{"commission": 0.0, "sl_k": 0.5, "slip": 0.0, "tp_r": 2, "trail_r": 1.5}
s02_gross|IS|{"commission": 0.0, "exit_time": 21.0, "sl_k": 0.5, "slip": 0.0, "tp_r": 2, "trail_r": 1.5}
s02_gross|IS|{"commission": 0.0, "exit_time": 14.0, "sl_k": 0.5, "slip": 0.0, "tp_r": 2, "trail_r": 2}
s02_gross|IS|{"commission": 0.0, "exit_time": 16.0, "sl_k": 0.5, "slip": 0.0, "tp_r": 2, "trail_r": 2}
s02_gross|IS|{"commission": 0.0, "exit_time": 18.0, "sl_k": 0.5, "slip": 0.0, "tp_r": 2, "trail_r": 2}
s02_gross|IS|{"commission": 0.0, "sl_k": 0.5, "slip": 0.0, "tp_r": 2, "trail_r": 2}
s02_gross|IS|{"commission": 0.0, "exit_time": 21.0, "sl_k": 0.5, "slip": 0.0, "tp_r": 2, "trail_r": 2}
s02_gross|IS|{"be_r": 0.5, "commission": 0.0, "exit_time": 14.0, "sl_k": 0.5, "slip": 0.0, "tp_r": 2}
s02_gross|IS|{"be_r": 0.5, "commission": 0.0, "exit_time": 16.0, "sl_k": 0.5, "slip": 0.0, "tp_r": 2}
s02_gross|IS|{"be_r": 0.5, "commission": 0.0, "exit_time": 18.0, "sl_k": 0.5, "slip": 0.0, "tp_r": 2}
s02_gross|IS|{"be_r": 0.5, "commission": 0.0, "sl_k": 0.5, "slip": 0.0, "tp_r": 2}
s02_gross|IS|{"be_r": 0.5, "commission": 0.0, "exit_time": 21.0, "sl_k": 0.5, "slip": 0.0, "tp_r": 2}
s02_gross|IS|{"be_r": 0.5, "commission": 0.0, "exit_time": 14.0, "sl_k": 0.5, "slip": 0.0, "tp_r": 2, "trail_r": 0.5}
s02_gross|IS|{"be_r": 0.5, "commission": 0.0, "exit_time": 16.0, "sl_k": 0.5, "slip": 0.0, "tp_r": 2, "trail_r": 0.5}
s02_gross|IS|{"be_r": 0.5, "commission": 0.0, "exit_time": 18.0, "sl_k": 0.5, "slip": 0.0, "tp_r": 2, "trail_r": 0.5}
s02_gross|IS|{"be_r": 0.5, "commission": 0.0, "sl_k": 0.5, "slip": 0.0, "tp_r": 2, "trail_r": 0.5}
s02_gross|IS|{"be_r": 0.5, "commission": 0.0, "exit_time": 21.0, "sl_k": 0.5, "slip": 0.0, "tp_r": 2, "trail_r": 0.5}
s02_gross|IS|{"be_r": 0.5, "commission": 0.0, "exit_time": 14.0, "sl_k": 0.5, "slip": 0.0, "tp_r": 2, "trail_r": 1}
s02_gross|IS|{"be_r": 0.5, "commission": 0.0, "exit_time": 16.0, "sl_k": 0.5, "slip": 0.0, "tp_r": 2, "trail_r": 1}
s02_gross|IS|{"be_r": 0.5, "commission": 0.0, "exit_time": 18.0, "sl_k": 0.5, "slip": 0.0, "tp_r": 2, "trail_r": 1}
s02_gross|IS|{"be_r": 0.5, "commission": 0.0, "sl_k": 0.5, "slip": 0.0, "tp_r": 2, "trail_r": 1}
s02_gross|IS|{"be_r": 0.5, "commission": 0.0, "exit_time": 21.0, "sl_k": 0.5, "slip": 0.0, "tp_r": 2, "trail_r": 1}
s02_gross|IS|{"be_r": 0.5, "commission": 0.0, "exit_time": 14.0, "sl_k": 0.5, "slip": 0.0, "tp_r": 2, "trail_r": 1.5}
s02_gross|IS|{"be_r": 0.5, "commission": 0.0, "exit_time": 16.0, "sl_k": 0.5, "slip": 0.0, "tp_r": 2, "trail_r": 1.5}
s02_gross|IS|{"be_r": 0.5, "commission": 0.0, "exit_time": 18.0, "sl_k": 0.5, "slip": 0.0, "tp_r": 2, "trail_r": 1.5}
s02_gross|IS|{"be_r": 0.5, "commission": 0.0, "sl_k": 0.5, "slip": 0.0, "tp_r": 2, "trail_r": 1.5}
s02_gross|IS|{"be_r": 0.5, "commission": 0.0, "exit_time": 21.0, "sl_k": 0.5, "slip": 0.0, "tp_r": 2, "trail_r": 1.5}
s02_gross|IS|{"be_r": 0.5, "commission": 0.0, "exit_time": 14.0, "sl_k": 0.5, "slip": 0.0, "tp_r": 2, "trail_r": 2}
s02_gross|IS|{"be_r": 0.5, "commission": 0.0, "exit_time": 16.0, "sl_k": 0.5, "slip": 0.0, "tp_r": 2, "trail_r": 2}
s02_gross|IS|{"be_r": 0.5, "commission": 0.0, "exit_time": 18.0, "sl_k": 0.5, "slip": 0.0, "tp_r": 2, "trail_r": 2}
s02_gross|IS|{"be_r": 0.5, "commission": 0.0, "sl_k": 0.5, "slip": 0.0, "tp_r": 2, "trail_r": 2}
s02_gross|IS|{"be_r": 0.5, "commission": 0.0, "exit_time": 21.0, "sl_k": 0.5, "slip": 0.0, "tp_r": 2, "trail_r": 2}
s02_gross|IS|{"be_r": 1, "commission": 0.0, "exit_time": 14.0, "sl_k": 0.5, "slip": 0.0, "tp_r": 2}
s02_gross|IS|{"be_r": 1, "commission": 0.0, "exit_time": 16.0, "sl_k": 0.5, "slip": 0.0, "tp_r": 2}
s02_gross|IS|{"be_r": 1, "commission": 0.0, "exit_time": 18.0, "sl_k": 0.5, "slip": 0.0, "tp_r": 2}
s02_gross|IS|{"be_r": 1, "commission": 0.0, "sl_k": 0.5, "slip": 0.0, "tp_r": 2}
s02_gross|IS|{"be_r": 1, "commission": 0.0, "exit_time": 21.0, "sl_k": 0.5, "slip": 0.0, "tp_r": 2}
s02_gross|IS|{"be_r": 1, "commission": 0.0, "exit_time": 14.0, "sl_k": 0.5, "slip": 0.0, "tp_r": 2, "trail_r": 0.5}
s02_gross|IS|{"be_r": 1, "commission": 0.0, "exit_time": 16.0, "sl_k": 0.5, "slip": 0.0, "tp_r": 2, "trail_r": 0.5}
s02_gross|IS|{"be_r": 1, "commission": 0.0, "exit_time": 18.0, "sl_k": 0.5, "slip": 0.0, "tp_r": 2, "trail_r": 0.5}
s02_gross|IS|{"be_r": 1, "commission": 0.0, "sl_k": 0.5, "slip": 0.0, "tp_r": 2, "trail_r": 0.5}
s02_gross|IS|{"be_r": 1, "commission": 0.0, "exit_time": 21.0, "sl_k": 0.5, "slip": 0.0, "tp_r": 2, "trail_r": 0.5}
s02_gross|IS|{"be_r": 1, "commission": 0.0, "exit_time": 14.0, "sl_k": 0.5, "slip": 0.0, "tp_r": 2, "trail_r": 1}
s02_gross|IS|{"be_r": 1, "commission": 0.0, "exit_time": 16.0, "sl_k": 0.5, "slip": 0.0, "tp_r": 2, "trail_r": 1}
s02_gross|IS|{"be_r": 1, "commission": 0.0, "exit_time": 18.0, "sl_k": 0.5, "slip": 0.0, "tp_r": 2, "trail_r": 1}
s02_gross|IS|{"be_r": 1, "commission": 0.0, "sl_k": 0.5, "slip": 0.0, "tp_r": 2, "trail_r": 1}
s02_gross|IS|{"be_r": 1, "commission": 0.0, "exit_time": 21.0, "sl_k": 0.5, "slip": 0.0, "tp_r": 2, "trail_r": 1}
s02_gross|IS|{"be_r": 1, "commission": 0.0, "exit_time": 14.0, "sl_k": 0.5, "slip": 0.0, "tp_r": 2, "trail_r": 1.5}
s02_gross|IS|{"be_r": 1, "commission": 0.0, "exit_time": 16.0, "sl_k": 0.5, "slip": 0.0, "tp_r": 2, "trail_r": 1.5}
s02_gross|IS|{"be_r": 1, "commission": 0.0, "exit_time": 18.0, "sl_k": 0.5, "slip": 0.0, "tp_r": 2, "trail_r": 1.5}
s02_gross|IS|{"be_r": 1, "commission": 0.0, "sl_k": 0.5, "slip": 0.0, "tp_r": 2, "trail_r": 1.5}
s02_gross|IS|{"be_r": 1, "commission": 0.0, "exit_time": 21.0, "sl_k": 0.5, "slip": 0.0, "tp_r": 2, "trail_r": 1.5}
s02_gross|IS|{"be_r": 1, "commission": 0.0, "exit_time": 14.0, "sl_k": 0.5, "slip": 0.0, "tp_r": 2, "trail_r": 2}
s02_gross|IS|{"be_r": 1, "commission": 0.0, "exit_time": 16.0, "sl_k": 0.5, "slip": 0.0, "tp_r": 2, "trail_r": 2}
s02_gross|IS|{"be_r": 1, "commission": 0.0, "exit_time": 18.0, "sl_k": 0.5, "slip": 0.0, "tp_r": 2, "trail_r": 2}
s02_gross|IS|{"be_r": 1, "commission": 0.0, "sl_k": 0.5, "slip": 0.0, "tp_r": 2, "trail_r": 2}
s02_gross|IS|{"be_r": 1, "commission": 0.0, "exit_time": 21.0, "sl_k": 0.5, "slip": 0.0, "tp_r": 2, "trail_r": 2}
s02_gross|IS|{"commission": 0.0, "exit_time": 14.0, "sl_k": 0.5, "slip": 0.0, "tp_r": 3}
s02_gross|IS|{"commission": 0.0, "exit_time": 16.0, "sl_k": 0.5, "slip": 0.0, "tp_r": 3}
s02_gross|IS|{"commission": 0.0, "exit_time": 18.0, "sl_k": 0.5, "slip": 0.0, "tp_r": 3}
s02_gross|IS|{"commission": 0.0, "sl_k": 0.5, "slip": 0.0, "tp_r": 3}
s02_gross|IS|{"commission": 0.0, "exit_time": 21.0, "sl_k": 0.5, "slip": 0.0, "tp_r": 3}
s02_gross|IS|{"commission": 0.0, "exit_time": 14.0, "sl_k": 0.5, "slip": 0.0, "tp_r": 3, "trail_r": 0.5}
s02_gross|IS|{"commission": 0.0, "exit_time": 16.0, "sl_k": 0.5, "slip": 0.0, "tp_r": 3, "trail_r": 0.5}
s02_gross|IS|{"commission": 0.0, "exit_time": 18.0, "sl_k": 0.5, "slip": 0.0, "tp_r": 3, "trail_r": 0.5}
s02_gross|IS|{"commission": 0.0, "sl_k": 0.5, "slip": 0.0, "tp_r": 3, "trail_r": 0.5}
s02_gross|IS|{"commission": 0.0, "exit_time": 21.0, "sl_k": 0.5, "slip": 0.0, "tp_r": 3, "trail_r": 0.5}
s02_gross|IS|{"commission": 0.0, "exit_time": 14.0, "sl_k": 0.5, "slip": 0.0, "tp_r": 3, "trail_r": 1}
s02_gross|IS|{"commission": 0.0, "exit_time": 16.0, "sl_k": 0.5, "slip": 0.0, "tp_r": 3, "trail_r": 1}
s02_gross|IS|{"commission": 0.0, "exit_time": 18.0, "sl_k": 0.5, "slip": 0.0, "tp_r": 3, "trail_r": 1}
s02_gross|IS|{"commission": 0.0, "sl_k": 0.5, "slip": 0.0, "tp_r": 3, "trail_r": 1}
s02_gross|IS|{"commission": 0.0, "exit_time": 21.0, "sl_k": 0.5, "slip": 0.0, "tp_r": 3, "trail_r": 1}
s02_gross|IS|{"commission": 0.0, "exit_time": 14.0, "sl_k": 0.5, "slip": 0.0, "tp_r": 3, "trail_r": 1.5}
s02_gross|IS|{"commission": 0.0, "exit_time": 16.0, "sl_k": 0.5, "slip": 0.0, "tp_r": 3, "trail_r": 1.5}
s02_gross|IS|{"commission": 0.0, "exit_time": 18.0, "sl_k": 0.5, "slip": 0.0, "tp_r": 3, "trail_r": 1.5}
s02_gross|IS|{"commission": 0.0, "sl_k": 0.5, "slip": 0.0, "tp_r": 3, "trail_r": 1.5}
s02_gross|IS|{"commission": 0.0, "exit_time": 21.0, "sl_k": 0.5, "slip": 0.0, "tp_r": 3, "trail_r": 1.5}
s02_gross|IS|{"commission": 0.0, "exit_time": 14.0, "sl_k": 0.5, "slip": 0.0, "tp_r": 3, "trail_r": 2}
s02_gross|IS|{"commission": 0.0, "exit_time": 16.0, "sl_k": 0.5, "slip": 0.0, "tp_r": 3, "trail_r": 2}
s02_gross|IS|{"commission": 0.0, "exit_time": 18.0, "sl_k": 0.5, "slip": 0.0, "tp_r": 3, "trail_r": 2}
s02_gross|IS|{"commission": 0.0, "sl_k": 0.5, "slip": 0.0, "tp_r": 3, "trail_r": 2}
s02_gross|IS|{"commission": 0.0, "exit_time": 21.0, "sl_k": 0.5, "slip": 0.0, "tp_r": 3, "trail_r": 2}
s02_gross|IS|{"be_r": 0.5, "commission": 0.0, "exit_time": 14.0, "sl_k": 0.5, "slip": 0.0, "tp_r": 3}
s02_gross|IS|{"be_r": 0.5, "commission": 0.0, "exit_time": 16.0, "sl_k": 0.5, "slip": 0.0, "tp_r": 3}
s02_gross|IS|{"be_r": 0.5, "commission": 0.0, "exit_time": 18.0, "sl_k": 0.5, "slip": 0.0, "tp_r": 3}
s02_gross|IS|{"be_r": 0.5, "commission": 0.0, "sl_k": 0.5, "slip": 0.0, "tp_r": 3}
s02_gross|IS|{"be_r": 0.5, "commission": 0.0, "exit_time": 21.0, "sl_k": 0.5, "slip": 0.0, "tp_r": 3}
s02_gross|IS|{"be_r": 0.5, "commission": 0.0, "exit_time": 14.0, "sl_k": 0.5, "slip": 0.0, "tp_r": 3, "trail_r": 0.5}
s02_gross|IS|{"be_r": 0.5, "commission": 0.0, "exit_time": 16.0, "sl_k": 0.5, "slip": 0.0, "tp_r": 3, "trail_r": 0.5}
s02_gross|IS|{"be_r": 0.5, "commission": 0.0, "exit_time": 18.0, "sl_k": 0.5, "slip": 0.0, "tp_r": 3, "trail_r": 0.5}
s02_gross|IS|{"be_r": 0.5, "commission": 0.0, "sl_k": 0.5, "slip": 0.0, "tp_r": 3, "trail_r": 0.5}
s02_gross|IS|{"be_r": 0.5, "commission": 0.0, "exit_time": 21.0, "sl_k": 0.5, "slip": 0.0, "tp_r": 3, "trail_r": 0.5}
s02_gross|IS|{"be_r": 0.5, "commission": 0.0, "exit_time": 14.0, "sl_k": 0.5, "slip": 0.0, "tp_r": 3, "trail_r": 1}
s02_gross|IS|{"be_r": 0.5, "commission": 0.0, "exit_time": 16.0, "sl_k": 0.5, "slip": 0.0, "tp_r": 3, "trail_r": 1}
s02_gross|IS|{"be_r": 0.5, "commission": 0.0, "exit_time": 18.0, "sl_k": 0.5, "slip": 0.0, "tp_r": 3, "trail_r": 1}
s02_gross|IS|{"be_r": 0.5, "commission": 0.0, "sl_k": 0.5, "slip": 0.0, "tp_r": 3, "trail_r": 1}
s02_gross|IS|{"be_r": 0.5, "commission": 0.0, "exit_time": 21.0, "sl_k": 0.5, "slip": 0.0, "tp_r": 3, "trail_r": 1}
s02_gross|IS|{"be_r": 0.5, "commission": 0.0, "exit_time": 14.0, "sl_k": 0.5, "slip": 0.0, "tp_r": 3, "trail_r": 1.5}
s02_gross|IS|{"be_r": 0.5, "commission": 0.0, "exit_time": 16.0, "sl_k": 0.5, "slip": 0.0, "tp_r": 3, "trail_r": 1.5}
s02_gross|IS|{"be_r": 0.5, "commission": 0.0, "exit_time": 18.0, "sl_k": 0.5, "slip": 0.0, "tp_r": 3, "trail_r": 1.5}
s02_gross|IS|{"be_r": 0.5, "commission": 0.0, "sl_k": 0.5, "slip": 0.0, "tp_r": 3, "trail_r": 1.5}
s02_gross|IS|{"be_r": 0.5, "commission": 0.0, "exit_time": 21.0, "sl_k": 0.5, "slip": 0.0, "tp_r": 3, "trail_r": 1.5}
s02_gross|IS|{"be_r": 0.5, "commission": 0.0, "exit_time": 14.0, "sl_k": 0.5, "slip": 0.0, "tp_r": 3, "trail_r": 2}
s02_gross|IS|{"be_r": 0.5, "commission": 0.0, "exit_time": 16.0, "sl_k": 0.5, "slip": 0.0, "tp_r": 3, "trail_r": 2}
s02_gross|IS|{"be_r": 0.5, "commission": 0.0, "exit_time": 18.0, "sl_k": 0.5, "slip": 0.0, "tp_r": 3, "trail_r": 2}
s02_gross|IS|{"be_r": 0.5, "commission": 0.0, "sl_k": 0.5, "slip": 0.0, "tp_r": 3, "trail_r": 2}
s02_gross|IS|{"be_r": 0.5, "commission": 0.0, "exit_time": 21.0, "sl_k": 0.5, "slip": 0.0, "tp_r": 3, "trail_r": 2}
s02_gross|IS|{"be_r": 1, "commission": 0.0, "exit_time": 14.0, "sl_k": 0.5, "slip": 0.0, "tp_r": 3}
s02_gross|IS|{"be_r": 1, "commission": 0.0, "exit_time": 16.0, "sl_k": 0.5, "slip": 0.0, "tp_r": 3}
s02_gross|IS|{"be_r": 1, "commission": 0.0, "exit_time": 18.0, "sl_k": 0.5, "slip": 0.0, "tp_r": 3}
s02_gross|IS|{"be_r": 1, "commission": 0.0, "sl_k": 0.5, "slip": 0.0, "tp_r": 3}
s02_gross|IS|{"be_r": 1, "commission": 0.0, "exit_time": 21.0, "sl_k": 0.5, "slip": 0.0, "tp_r": 3}
s02_gross|IS|{"be_r": 1, "commission": 0.0, "exit_time": 14.0, "sl_k": 0.5, "slip": 0.0, "tp_r": 3, "trail_r": 0.5}
s02_gross|IS|{"be_r": 1, "commission": 0.0, "exit_time": 16.0, "sl_k": 0.5, "slip": 0.0, "tp_r": 3, "trail_r": 0.5}
s02_gross|IS|{"be_r": 1, "commission": 0.0, "exit_time": 18.0, "sl_k": 0.5, "slip": 0.0, "tp_r": 3, "trail_r": 0.5}
s02_gross|IS|{"be_r": 1, "commission": 0.0, "sl_k": 0.5, "slip": 0.0, "tp_r": 3, "trail_r": 0.5}
s02_gross|IS|{"be_r": 1, "commission": 0.0, "exit_time": 21.0, "sl_k": 0.5, "slip": 0.0, "tp_r": 3, "trail_r": 0.5}
s02_gross|IS|{"be_r": 1, "commission": 0.0, "exit_time": 14.0, "sl_k": 0.5, "slip": 0.0, "tp_r": 3, "trail_r": 1}
s02_gross|IS|{"be_r": 1, "commission": 0.0, "exit_time": 16.0, "sl_k": 0.5, "slip": 0.0, "tp_r": 3, "trail_r": 1}
s02_gross|IS|{"be_r": 1, "commission": 0.0, "exit_time": 18.0, "sl_k": 0.5, "slip": 0.0, "tp_r": 3, "trail_r": 1}
s02_gross|IS|{"be_r": 1, "commission": 0.0, "sl_k": 0.5, "slip": 0.0, "tp_r": 3, "trail_r": 1}
s02_gross|IS|{"be_r": 1, "commission": 0.0, "exit_time": 21.0, "sl_k": 0.5, "slip": 0.0, "tp_r": 3, "trail_r": 1}
s02_gross|IS|{"be_r": 1, "commission": 0.0, "exit_time": 14.0, "sl_k": 0.5, "slip": 0.0, "tp_r": 3, "trail_r": 1.5}
s02_gross|IS|{"be_r": 1, "commission": 0.0, "exit_time": 16.0, "sl_k": 0.5, "slip": 0.0, "tp_r": 3, "trail_r": 1.5}
s02_gross|IS|{"be_r": 1, "commission": 0.0, "exit_time": 18.0, "sl_k": 0.5, "slip": 0.0, "tp_r": 3, "trail_r": 1.5}
s02_gross|IS|{"be_r": 1, "commission": 0.0, "sl_k": 0.5, "slip": 0.0, "tp_r": 3, "trail_r": 1.5}
s02_gross|IS|{"be_r": 1, "commission": 0.0, "exit_time": 21.0, "sl_k": 0.5, "slip": 0.0, "tp_r": 3, "trail_r": 1.5}
s02_gross|IS|{"be_r": 1, "commission": 0.0, "exit_time": 14.0, "sl_k": 0.5, "slip": 0.0, "tp_r": 3, "trail_r": 2}
s02_gross|IS|{"be_r": 1, "commission": 0.0, "exit_time": 16.0, "sl_k": 0.5, "slip": 0.0, "tp_r": 3, "trail_r": 2}
s02_gross|IS|{"be_r": 1, "commission": 0.0, "exit_time": 18.0, "sl_k": 0.5, "slip": 0.0, "tp_r": 3, "trail_r": 2}
s02_gross|IS|{"be_r": 1, "commission": 0.0, "sl_k": 0.5, "slip": 0.0, "tp_r": 3, "trail_r": 2}
s02_gross|IS|{"be_r": 1, "commission": 0.0, "exit_time": 21.0, "sl_k": 0.5, "slip": 0.0, "tp_r": 3, "trail_r": 2}
s02_gross|IS|{"commission": 0.0, "exit_time": 14.0, "sl_k": 0.5, "slip": 0.0, "tp_r": 4}
s02_gross|IS|{"commission": 0.0, "exit_time": 16.0, "sl_k": 0.5, "slip": 0.0, "tp_r": 4}
s02_gross|IS|{"commission": 0.0, "exit_time": 18.0, "sl_k": 0.5, "slip": 0.0, "tp_r": 4}
s02_gross|IS|{"commission": 0.0, "sl_k": 0.5, "slip": 0.0, "tp_r": 4}
s02_gross|IS|{"commission": 0.0, "exit_time": 21.0, "sl_k": 0.5, "slip": 0.0, "tp_r": 4}
s02_gross|IS|{"commission": 0.0, "exit_time": 14.0, "sl_k": 0.5, "slip": 0.0, "tp_r": 4, "trail_r": 0.5}
s02_gross|IS|{"commission": 0.0, "exit_time": 16.0, "sl_k": 0.5, "slip": 0.0, "tp_r": 4, "trail_r": 0.5}
s02_gross|IS|{"commission": 0.0, "exit_time": 18.0, "sl_k": 0.5, "slip": 0.0, "tp_r": 4, "trail_r": 0.5}
s02_gross|IS|{"commission": 0.0, "sl_k": 0.5, "slip": 0.0, "tp_r": 4, "trail_r": 0.5}
s02_gross|IS|{"commission": 0.0, "exit_time": 21.0, "sl_k": 0.5, "slip": 0.0, "tp_r": 4, "trail_r": 0.5}
s02_gross|IS|{"commission": 0.0, "exit_time": 14.0, "sl_k": 0.5, "slip": 0.0, "tp_r": 4, "trail_r": 1}
s02_gross|IS|{"commission": 0.0, "exit_time": 16.0, "sl_k": 0.5, "slip": 0.0, "tp_r": 4, "trail_r": 1}
s02_gross|IS|{"commission": 0.0, "exit_time": 18.0, "sl_k": 0.5, "slip": 0.0, "tp_r": 4, "trail_r": 1}
s02_gross|IS|{"commission": 0.0, "sl_k": 0.5, "slip": 0.0, "tp_r": 4, "trail_r": 1}
s02_gross|IS|{"commission": 0.0, "exit_time": 21.0, "sl_k": 0.5, "slip": 0.0, "tp_r": 4, "trail_r": 1}
s02_gross|IS|{"commission": 0.0, "exit_time": 14.0, "sl_k": 0.5, "slip": 0.0, "tp_r": 4, "trail_r": 1.5}
s02_gross|IS|{"commission": 0.0, "exit_time": 16.0, "sl_k": 0.5, "slip": 0.0, "tp_r": 4, "trail_r": 1.5}
s02_gross|IS|{"commission": 0.0, "exit_time": 18.0, "sl_k": 0.5, "slip": 0.0, "tp_r": 4, "trail_r": 1.5}
s02_gross|IS|{"commission": 0.0, "sl_k": 0.5, "slip": 0.0, "tp_r": 4, "trail_r": 1.5}
s02_gross|IS|{"commission": 0.0, "exit_time": 21.0, "sl_k": 0.5, "slip": 0.0, "tp_r": 4, "trail_r": 1.5}
s02_gross|IS|{"commission": 0.0, "exit_time": 14.0, "sl_k": 0.5, "slip": 0.0, "tp_r": 4, "trail_r": 2}
s02_gross|IS|{"commission": 0.0, "exit_time": 16.0, "sl_k": 0.5, "slip": 0.0, "tp_r": 4, "trail_r": 2}
s02_gross|IS|{"commission": 0.0, "exit_time": 18.0, "sl_k": 0.5, "slip": 0.0, "tp_r": 4, "trail_r": 2}
s02_gross|IS|{"commission": 0.0, "sl_k": 0.5, "slip": 0.0, "tp_r": 4, "trail_r": 2}
s02_gross|IS|{"commission": 0.0, "exit_time": 21.0, "sl_k": 0.5, "slip": 0.0, "tp_r": 4, "trail_r": 2}
s02_gross|IS|{"be_r": 0.5, "commission": 0.0, "exit_time": 14.0, "sl_k": 0.5, "slip": 0.0, "tp_r": 4}
s02_gross|IS|{"be_r": 0.5, "commission": 0.0, "exit_time": 16.0, "sl_k": 0.5, "slip": 0.0, "tp_r": 4}
s02_gross|IS|{"be_r": 0.5, "commission": 0.0, "exit_time": 18.0, "sl_k": 0.5, "slip": 0.0, "tp_r": 4}
s02_gross|IS|{"be_r": 0.5, "commission": 0.0, "sl_k": 0.5, "slip": 0.0, "tp_r": 4}
s02_gross|IS|{"be_r": 0.5, "commission": 0.0, "exit_time": 21.0, "sl_k": 0.5, "slip": 0.0, "tp_r": 4}
s02_gross|IS|{"be_r": 0.5, "commission": 0.0, "exit_time": 14.0, "sl_k": 0.5, "slip": 0.0, "tp_r": 4, "trail_r": 0.5}
s02_gross|IS|{"be_r": 0.5, "commission": 0.0, "exit_time": 16.0, "sl_k": 0.5, "slip": 0.0, "tp_r": 4, "trail_r": 0.5}
s02_gross|IS|{"be_r": 0.5, "commission": 0.0, "exit_time": 18.0, "sl_k": 0.5, "slip": 0.0, "tp_r": 4, "trail_r": 0.5}
s02_gross|IS|{"be_r": 0.5, "commission": 0.0, "sl_k": 0.5, "slip": 0.0, "tp_r": 4, "trail_r": 0.5}
s02_gross|IS|{"be_r": 0.5, "commission": 0.0, "exit_time": 21.0, "sl_k": 0.5, "slip": 0.0, "tp_r": 4, "trail_r": 0.5}
s02_gross|IS|{"be_r": 0.5, "commission": 0.0, "exit_time": 14.0, "sl_k": 0.5, "slip": 0.0, "tp_r": 4, "trail_r": 1}
s02_gross|IS|{"be_r": 0.5, "commission": 0.0, "exit_time": 16.0, "sl_k": 0.5, "slip": 0.0, "tp_r": 4, "trail_r": 1}
s02_gross|IS|{"be_r": 0.5, "commission": 0.0, "exit_time": 18.0, "sl_k": 0.5, "slip": 0.0, "tp_r": 4, "trail_r": 1}
s02_gross|IS|{"be_r": 0.5, "commission": 0.0, "sl_k": 0.5, "slip": 0.0, "tp_r": 4, "trail_r": 1}
s02_gross|IS|{"be_r": 0.5, "commission": 0.0, "exit_time": 21.0, "sl_k": 0.5, "slip": 0.0, "tp_r": 4, "trail_r": 1}
s02_gross|IS|{"be_r": 0.5, "commission": 0.0, "exit_time": 14.0, "sl_k": 0.5, "slip": 0.0, "tp_r": 4, "trail_r": 1.5}
s02_gross|IS|{"be_r": 0.5, "commission": 0.0, "exit_time": 16.0, "sl_k": 0.5, "slip": 0.0, "tp_r": 4, "trail_r": 1.5}
s02_gross|IS|{"be_r": 0.5, "commission": 0.0, "exit_time": 18.0, "sl_k": 0.5, "slip": 0.0, "tp_r": 4, "trail_r": 1.5}
s02_gross|IS|{"be_r": 0.5, "commission": 0.0, "sl_k": 0.5, "slip": 0.0, "tp_r": 4, "trail_r": 1.5}
s02_gross|IS|{"be_r": 0.5, "commission": 0.0, "exit_time": 21.0, "sl_k": 0.5, "slip": 0.0, "tp_r": 4, "trail_r": 1.5}
s02_gross|IS|{"be_r": 0.5, "commission": 0.0, "exit_time": 14.0, "sl_k": 0.5, "slip": 0.0, "tp_r": 4, "trail_r": 2}
s02_gross|IS|{"be_r": 0.5, "commission": 0.0, "exit_time": 16.0, "sl_k": 0.5, "slip": 0.0, "tp_r": 4, "trail_r": 2}
s02_gross|IS|{"be_r": 0.5, "commission": 0.0, "exit_time": 18.0, "sl_k": 0.5, "slip": 0.0, "tp_r": 4, "trail_r": 2}
s02_gross|IS|{"be_r": 0.5, "commission": 0.0, "sl_k": 0.5, "slip": 0.0, "tp_r": 4, "trail_r": 2}
s02_gross|IS|{"be_r": 0.5, "commission": 0.0, "exit_time": 21.0, "sl_k": 0.5, "slip": 0.0, "tp_r": 4, "trail_r": 2}
s02_gross|IS|{"be_r": 1, "commission": 0.0, "exit_time": 14.0, "sl_k": 0.5, "slip": 0.0, "tp_r": 4}
s02_gross|IS|{"be_r": 1, "commission": 0.0, "exit_time": 16.0, "sl_k": 0.5, "slip": 0.0, "tp_r": 4}
s02_gross|IS|{"be_r": 1, "commission": 0.0, "exit_time": 18.0, "sl_k": 0.5, "slip": 0.0, "tp_r": 4}
s02_gross|IS|{"be_r": 1, "commission": 0.0, "sl_k": 0.5, "slip": 0.0, "tp_r": 4}
s02_gross|IS|{"be_r": 1, "commission": 0.0, "exit_time": 21.0, "sl_k": 0.5, "slip": 0.0, "tp_r": 4}
s02_gross|IS|{"be_r": 1, "commission": 0.0, "exit_time": 14.0, "sl_k": 0.5, "slip": 0.0, "tp_r": 4, "trail_r": 0.5}
s02_gross|IS|{"be_r": 1, "commission": 0.0, "exit_time": 16.0, "sl_k": 0.5, "slip": 0.0, "tp_r": 4, "trail_r": 0.5}
s02_gross|IS|{"be_r": 1, "commission": 0.0, "exit_time": 18.0, "sl_k": 0.5, "slip": 0.0, "tp_r": 4, "trail_r": 0.5}
s02_gross|IS|{"be_r": 1, "commission": 0.0, "sl_k": 0.5, "slip": 0.0, "tp_r": 4, "trail_r": 0.5}
s02_gross|IS|{"be_r": 1, "commission": 0.0, "exit_time": 21.0, "sl_k": 0.5, "slip": 0.0, "tp_r": 4, "trail_r": 0.5}
s02_gross|IS|{"be_r": 1, "commission": 0.0, "exit_time": 14.0, "sl_k": 0.5, "slip": 0.0, "tp_r": 4, "trail_r": 1}
s02_gross|IS|{"be_r": 1, "commission": 0.0, "exit_time": 16.0, "sl_k": 0.5, "slip": 0.0, "tp_r": 4, "trail_r": 1}
s02_gross|IS|{"be_r": 1, "commission": 0.0, "exit_time": 18.0, "sl_k": 0.5, "slip": 0.0, "tp_r": 4, "trail_r": 1}
s02_gross|IS|{"be_r": 1, "commission": 0.0, "sl_k": 0.5, "slip": 0.0, "tp_r": 4, "trail_r": 1}
s02_gross|IS|{"be_r": 1, "commission": 0.0, "exit_time": 21.0, "sl_k": 0.5, "slip": 0.0, "tp_r": 4, "trail_r": 1}
s02_gross|IS|{"be_r": 1, "commission": 0.0, "exit_time": 14.0, "sl_k": 0.5, "slip": 0.0, "tp_r": 4, "trail_r": 1.5}
s02_gross|IS|{"be_r": 1, "commission": 0.0, "exit_time": 16.0, "sl_k": 0.5, "slip": 0.0, "tp_r": 4, "trail_r": 1.5}
s02_gross|IS|{"be_r": 1, "commission": 0.0, "exit_time": 18.0, "sl_k": 0.5, "slip": 0.0, "tp_r": 4, "trail_r": 1.5}
s02_gross|IS|{"be_r": 1, "commission": 0.0, "sl_k": 0.5, "slip": 0.0, "tp_r": 4, "trail_r": 1.5}
s02_gross|IS|{"be_r": 1, "commission": 0.0, "exit_time": 21.0, "sl_k": 0.5, "slip": 0.0, "tp_r": 4, "trail_r": 1.5}
s02_gross|IS|{"be_r": 1, "commission": 0.0, "exit_time": 14.0, "sl_k": 0.5, "slip": 0.0, "tp_r": 4, "trail_r": 2}
s02_gross|IS|{"be_r": 1, "commission": 0.0, "exit_time": 16.0, "sl_k": 0.5, "slip": 0.0, "tp_r": 4, "trail_r": 2}
s02_gross|IS|{"be_r": 1, "commission": 0.0, "exit_time": 18.0, "sl_k": 0.5, "slip": 0.0, "tp_r": 4, "trail_r": 2}
s02_gross|IS|{"be_r": 1, "commission": 0.0, "sl_k": 0.5, "slip": 0.0, "tp_r": 4, "trail_r": 2}
s02_gross|IS|{"be_r": 1, "commission": 0.0, "exit_time": 21.0, "sl_k": 0.5, "slip": 0.0, "tp_r": 4, "trail_r": 2}
s02_gross|IS|{"commission": 0.0, "exit_time": 14.0, "sl_k": 0.75, "slip": 0.0}
s02_gross|IS|{"commission": 0.0, "exit_time": 16.0, "sl_k": 0.75, "slip": 0.0}
s02_gross|IS|{"commission": 0.0, "exit_time": 18.0, "sl_k": 0.75, "slip": 0.0}
s02_gross|IS|{"commission": 0.0, "sl_k": 0.75, "slip": 0.0}
s02_gross|IS|{"commission": 0.0, "exit_time": 21.0, "sl_k": 0.75, "slip": 0.0}
s02_gross|IS|{"commission": 0.0, "exit_time": 14.0, "sl_k": 0.75, "slip": 0.0, "trail_r": 0.5}
s02_gross|IS|{"commission": 0.0, "exit_time": 16.0, "sl_k": 0.75, "slip": 0.0, "trail_r": 0.5}
s02_gross|IS|{"commission": 0.0, "exit_time": 18.0, "sl_k": 0.75, "slip": 0.0, "trail_r": 0.5}
s02_gross|IS|{"commission": 0.0, "sl_k": 0.75, "slip": 0.0, "trail_r": 0.5}
s02_gross|IS|{"commission": 0.0, "exit_time": 21.0, "sl_k": 0.75, "slip": 0.0, "trail_r": 0.5}
s02_gross|IS|{"commission": 0.0, "exit_time": 14.0, "sl_k": 0.75, "slip": 0.0, "trail_r": 1}
s02_gross|IS|{"commission": 0.0, "exit_time": 16.0, "sl_k": 0.75, "slip": 0.0, "trail_r": 1}
s02_gross|IS|{"commission": 0.0, "exit_time": 18.0, "sl_k": 0.75, "slip": 0.0, "trail_r": 1}
s02_gross|IS|{"commission": 0.0, "sl_k": 0.75, "slip": 0.0, "trail_r": 1}
s02_gross|IS|{"commission": 0.0, "exit_time": 21.0, "sl_k": 0.75, "slip": 0.0, "trail_r": 1}
s02_gross|IS|{"commission": 0.0, "exit_time": 14.0, "sl_k": 0.75, "slip": 0.0, "trail_r": 1.5}
s02_gross|IS|{"commission": 0.0, "exit_time": 16.0, "sl_k": 0.75, "slip": 0.0, "trail_r": 1.5}
s02_gross|IS|{"commission": 0.0, "exit_time": 18.0, "sl_k": 0.75, "slip": 0.0, "trail_r": 1.5}
s02_gross|IS|{"commission": 0.0, "sl_k": 0.75, "slip": 0.0, "trail_r": 1.5}
s02_gross|IS|{"commission": 0.0, "exit_time": 21.0, "sl_k": 0.75, "slip": 0.0, "trail_r": 1.5}
s02_gross|IS|{"commission": 0.0, "exit_time": 14.0, "sl_k": 0.75, "slip": 0.0, "trail_r": 2}
s02_gross|IS|{"commission": 0.0, "exit_time": 16.0, "sl_k": 0.75, "slip": 0.0, "trail_r": 2}
s02_gross|IS|{"commission": 0.0, "exit_time": 18.0, "sl_k": 0.75, "slip": 0.0, "trail_r": 2}
s02_gross|IS|{"commission": 0.0, "sl_k": 0.75, "slip": 0.0, "trail_r": 2}
s02_gross|IS|{"commission": 0.0, "exit_time": 21.0, "sl_k": 0.75, "slip": 0.0, "trail_r": 2}
s02_gross|IS|{"be_r": 0.5, "commission": 0.0, "exit_time": 14.0, "sl_k": 0.75, "slip": 0.0}
s02_gross|IS|{"be_r": 0.5, "commission": 0.0, "exit_time": 16.0, "sl_k": 0.75, "slip": 0.0}
s02_gross|IS|{"be_r": 0.5, "commission": 0.0, "exit_time": 18.0, "sl_k": 0.75, "slip": 0.0}
s02_gross|IS|{"be_r": 0.5, "commission": 0.0, "sl_k": 0.75, "slip": 0.0}
s02_gross|IS|{"be_r": 0.5, "commission": 0.0, "exit_time": 21.0, "sl_k": 0.75, "slip": 0.0}
s02_gross|IS|{"be_r": 0.5, "commission": 0.0, "exit_time": 14.0, "sl_k": 0.75, "slip": 0.0, "trail_r": 0.5}
s02_gross|IS|{"be_r": 0.5, "commission": 0.0, "exit_time": 16.0, "sl_k": 0.75, "slip": 0.0, "trail_r": 0.5}
s02_gross|IS|{"be_r": 0.5, "commission": 0.0, "exit_time": 18.0, "sl_k": 0.75, "slip": 0.0, "trail_r": 0.5}
s02_gross|IS|{"be_r": 0.5, "commission": 0.0, "sl_k": 0.75, "slip": 0.0, "trail_r": 0.5}
s02_gross|IS|{"be_r": 0.5, "commission": 0.0, "exit_time": 21.0, "sl_k": 0.75, "slip": 0.0, "trail_r": 0.5}
s02_gross|IS|{"be_r": 0.5, "commission": 0.0, "exit_time": 14.0, "sl_k": 0.75, "slip": 0.0, "trail_r": 1}
s02_gross|IS|{"be_r": 0.5, "commission": 0.0, "exit_time": 16.0, "sl_k": 0.75, "slip": 0.0, "trail_r": 1}
s02_gross|IS|{"be_r": 0.5, "commission": 0.0, "exit_time": 18.0, "sl_k": 0.75, "slip": 0.0, "trail_r": 1}
s02_gross|IS|{"be_r": 0.5, "commission": 0.0, "sl_k": 0.75, "slip": 0.0, "trail_r": 1}
s02_gross|IS|{"be_r": 0.5, "commission": 0.0, "exit_time": 21.0, "sl_k": 0.75, "slip": 0.0, "trail_r": 1}
s02_gross|IS|{"be_r": 0.5, "commission": 0.0, "exit_time": 14.0, "sl_k": 0.75, "slip": 0.0, "trail_r": 1.5}
s02_gross|IS|{"be_r": 0.5, "commission": 0.0, "exit_time": 16.0, "sl_k": 0.75, "slip": 0.0, "trail_r": 1.5}
s02_gross|IS|{"be_r": 0.5, "commission": 0.0, "exit_time": 18.0, "sl_k": 0.75, "slip": 0.0, "trail_r": 1.5}
s02_gross|IS|{"be_r": 0.5, "commission": 0.0, "sl_k": 0.75, "slip": 0.0, "trail_r": 1.5}
s02_gross|IS|{"be_r": 0.5, "commission": 0.0, "exit_time": 21.0, "sl_k": 0.75, "slip": 0.0, "trail_r": 1.5}
s02_gross|IS|{"be_r": 0.5, "commission": 0.0, "exit_time": 14.0, "sl_k": 0.75, "slip": 0.0, "trail_r": 2}
s02_gross|IS|{"be_r": 0.5, "commission": 0.0, "exit_time": 16.0, "sl_k": 0.75, "slip": 0.0, "trail_r": 2}
s02_gross|IS|{"be_r": 0.5, "commission": 0.0, "exit_time": 18.0, "sl_k": 0.75, "slip": 0.0, "trail_r": 2}
s02_gross|IS|{"be_r": 0.5, "commission": 0.0, "sl_k": 0.75, "slip": 0.0, "trail_r": 2}
s02_gross|IS|{"be_r": 0.5, "commission": 0.0, "exit_time": 21.0, "sl_k": 0.75, "slip": 0.0, "trail_r": 2}
s02_gross|IS|{"be_r": 1, "commission": 0.0, "exit_time": 14.0, "sl_k": 0.75, "slip": 0.0}
s02_gross|IS|{"be_r": 1, "commission": 0.0, "exit_time": 16.0, "sl_k": 0.75, "slip": 0.0}
s02_gross|IS|{"be_r": 1, "commission": 0.0, "exit_time": 18.0, "sl_k": 0.75, "slip": 0.0}
s02_gross|IS|{"be_r": 1, "commission": 0.0, "sl_k": 0.75, "slip": 0.0}
s02_gross|IS|{"be_r": 1, "commission": 0.0, "exit_time": 21.0, "sl_k": 0.75, "slip": 0.0}
s02_gross|IS|{"be_r": 1, "commission": 0.0, "exit_time": 14.0, "sl_k": 0.75, "slip": 0.0, "trail_r": 0.5}
s02_gross|IS|{"be_r": 1, "commission": 0.0, "exit_time": 16.0, "sl_k": 0.75, "slip": 0.0, "trail_r": 0.5}
s02_gross|IS|{"be_r": 1, "commission": 0.0, "exit_time": 18.0, "sl_k": 0.75, "slip": 0.0, "trail_r": 0.5}
s02_gross|IS|{"be_r": 1, "commission": 0.0, "sl_k": 0.75, "slip": 0.0, "trail_r": 0.5}
s02_gross|IS|{"be_r": 1, "commission": 0.0, "exit_time": 21.0, "sl_k": 0.75, "slip": 0.0, "trail_r": 0.5}
s02_gross|IS|{"be_r": 1, "commission": 0.0, "exit_time": 14.0, "sl_k": 0.75, "slip": 0.0, "trail_r": 1}
s02_gross|IS|{"be_r": 1, "commission": 0.0, "exit_time": 16.0, "sl_k": 0.75, "slip": 0.0, "trail_r": 1}
s02_gross|IS|{"be_r": 1, "commission": 0.0, "exit_time": 18.0, "sl_k": 0.75, "slip": 0.0, "trail_r": 1}
s02_gross|IS|{"be_r": 1, "commission": 0.0, "sl_k": 0.75, "slip": 0.0, "trail_r": 1}
s02_gross|IS|{"be_r": 1, "commission": 0.0, "exit_time": 21.0, "sl_k": 0.75, "slip": 0.0, "trail_r": 1}
s02_gross|IS|{"be_r": 1, "commission": 0.0, "exit_time": 14.0, "sl_k": 0.75, "slip": 0.0, "trail_r": 1.5}
s02_gross|IS|{"be_r": 1, "commission": 0.0, "exit_time": 16.0, "sl_k": 0.75, "slip": 0.0, "trail_r": 1.5}
s02_gross|IS|{"be_r": 1, "commission": 0.0, "exit_time": 18.0, "sl_k": 0.75, "slip": 0.0, "trail_r": 1.5}
s02_gross|IS|{"be_r": 1, "commission": 0.0, "sl_k": 0.75, "slip": 0.0, "trail_r": 1.5}
s02_gross|IS|{"be_r": 1, "commission": 0.0, "exit_time": 21.0, "sl_k": 0.75, "slip": 0.0, "trail_r": 1.5}
s02_gross|IS|{"be_r": 1, "commission": 0.0, "exit_time": 14.0, "sl_k": 0.75, "slip": 0.0, "trail_r": 2}
s02_gross|IS|{"be_r": 1, "commission": 0.0, "exit_time": 16.0, "sl_k": 0.75, "slip": 0.0, "trail_r": 2}
s02_gross|IS|{"be_r": 1, "commission": 0.0, "exit_time": 18.0, "sl_k": 0.75, "slip": 0.0, "trail_r": 2}
s02_gross|IS|{"be_r": 1, "commission": 0.0, "sl_k": 0.75, "slip": 0.0, "trail_r": 2}
s02_gross|IS|{"be_r": 1, "commission": 0.0, "exit_time": 21.0, "sl_k": 0.75, "slip": 0.0, "trail_r": 2}
s02_gross|IS|{"commission": 0.0, "exit_time": 14.0, "sl_k": 0.75, "slip": 0.0, "tp_r": 1}
s02_gross|IS|{"commission": 0.0, "exit_time": 16.0, "sl_k": 0.75, "slip": 0.0, "tp_r": 1}
s02_gross|IS|{"commission": 0.0, "exit_time": 18.0, "sl_k": 0.75, "slip": 0.0, "tp_r": 1}
s02_gross|IS|{"commission": 0.0, "sl_k": 0.75, "slip": 0.0, "tp_r": 1}
s02_gross|IS|{"commission": 0.0, "exit_time": 21.0, "sl_k": 0.75, "slip": 0.0, "tp_r": 1}
s02_gross|IS|{"commission": 0.0, "exit_time": 14.0, "sl_k": 0.75, "slip": 0.0, "tp_r": 1, "trail_r": 0.5}
s02_gross|IS|{"commission": 0.0, "exit_time": 16.0, "sl_k": 0.75, "slip": 0.0, "tp_r": 1, "trail_r": 0.5}
s02_gross|IS|{"commission": 0.0, "exit_time": 18.0, "sl_k": 0.75, "slip": 0.0, "tp_r": 1, "trail_r": 0.5}
s02_gross|IS|{"commission": 0.0, "sl_k": 0.75, "slip": 0.0, "tp_r": 1, "trail_r": 0.5}
s02_gross|IS|{"commission": 0.0, "exit_time": 21.0, "sl_k": 0.75, "slip": 0.0, "tp_r": 1, "trail_r": 0.5}
s02_gross|IS|{"commission": 0.0, "exit_time": 14.0, "sl_k": 0.75, "slip": 0.0, "tp_r": 1, "trail_r": 1}
s02_gross|IS|{"commission": 0.0, "exit_time": 16.0, "sl_k": 0.75, "slip": 0.0, "tp_r": 1, "trail_r": 1}
s02_gross|IS|{"commission": 0.0, "exit_time": 18.0, "sl_k": 0.75, "slip": 0.0, "tp_r": 1, "trail_r": 1}
s02_gross|IS|{"commission": 0.0, "sl_k": 0.75, "slip": 0.0, "tp_r": 1, "trail_r": 1}
s02_gross|IS|{"commission": 0.0, "exit_time": 21.0, "sl_k": 0.75, "slip": 0.0, "tp_r": 1, "trail_r": 1}
s02_gross|IS|{"commission": 0.0, "exit_time": 14.0, "sl_k": 0.75, "slip": 0.0, "tp_r": 1, "trail_r": 1.5}
s02_gross|IS|{"commission": 0.0, "exit_time": 16.0, "sl_k": 0.75, "slip": 0.0, "tp_r": 1, "trail_r": 1.5}
s02_gross|IS|{"commission": 0.0, "exit_time": 18.0, "sl_k": 0.75, "slip": 0.0, "tp_r": 1, "trail_r": 1.5}
s02_gross|IS|{"commission": 0.0, "sl_k": 0.75, "slip": 0.0, "tp_r": 1, "trail_r": 1.5}
s02_gross|IS|{"commission": 0.0, "exit_time": 21.0, "sl_k": 0.75, "slip": 0.0, "tp_r": 1, "trail_r": 1.5}
s02_gross|IS|{"commission": 0.0, "exit_time": 14.0, "sl_k": 0.75, "slip": 0.0, "tp_r": 1, "trail_r": 2}
s02_gross|IS|{"commission": 0.0, "exit_time": 16.0, "sl_k": 0.75, "slip": 0.0, "tp_r": 1, "trail_r": 2}
s02_gross|IS|{"commission": 0.0, "exit_time": 18.0, "sl_k": 0.75, "slip": 0.0, "tp_r": 1, "trail_r": 2}
s02_gross|IS|{"commission": 0.0, "sl_k": 0.75, "slip": 0.0, "tp_r": 1, "trail_r": 2}
s02_gross|IS|{"commission": 0.0, "exit_time": 21.0, "sl_k": 0.75, "slip": 0.0, "tp_r": 1, "trail_r": 2}
s02_gross|IS|{"be_r": 0.5, "commission": 0.0, "exit_time": 14.0, "sl_k": 0.75, "slip": 0.0, "tp_r": 1}
s02_gross|IS|{"be_r": 0.5, "commission": 0.0, "exit_time": 16.0, "sl_k": 0.75, "slip": 0.0, "tp_r": 1}
s02_gross|IS|{"be_r": 0.5, "commission": 0.0, "exit_time": 18.0, "sl_k": 0.75, "slip": 0.0, "tp_r": 1}
s02_gross|IS|{"be_r": 0.5, "commission": 0.0, "sl_k": 0.75, "slip": 0.0, "tp_r": 1}
s02_gross|IS|{"be_r": 0.5, "commission": 0.0, "exit_time": 21.0, "sl_k": 0.75, "slip": 0.0, "tp_r": 1}
s02_gross|IS|{"be_r": 0.5, "commission": 0.0, "exit_time": 14.0, "sl_k": 0.75, "slip": 0.0, "tp_r": 1, "trail_r": 0.5}
s02_gross|IS|{"be_r": 0.5, "commission": 0.0, "exit_time": 16.0, "sl_k": 0.75, "slip": 0.0, "tp_r": 1, "trail_r": 0.5}
s02_gross|IS|{"be_r": 0.5, "commission": 0.0, "exit_time": 18.0, "sl_k": 0.75, "slip": 0.0, "tp_r": 1, "trail_r": 0.5}
s02_gross|IS|{"be_r": 0.5, "commission": 0.0, "sl_k": 0.75, "slip": 0.0, "tp_r": 1, "trail_r": 0.5}
s02_gross|IS|{"be_r": 0.5, "commission": 0.0, "exit_time": 21.0, "sl_k": 0.75, "slip": 0.0, "tp_r": 1, "trail_r": 0.5}
s02_gross|IS|{"be_r": 0.5, "commission": 0.0, "exit_time": 14.0, "sl_k": 0.75, "slip": 0.0, "tp_r": 1, "trail_r": 1}
s02_gross|IS|{"be_r": 0.5, "commission": 0.0, "exit_time": 16.0, "sl_k": 0.75, "slip": 0.0, "tp_r": 1, "trail_r": 1}
s02_gross|IS|{"be_r": 0.5, "commission": 0.0, "exit_time": 18.0, "sl_k": 0.75, "slip": 0.0, "tp_r": 1, "trail_r": 1}
s02_gross|IS|{"be_r": 0.5, "commission": 0.0, "sl_k": 0.75, "slip": 0.0, "tp_r": 1, "trail_r": 1}
s02_gross|IS|{"be_r": 0.5, "commission": 0.0, "exit_time": 21.0, "sl_k": 0.75, "slip": 0.0, "tp_r": 1, "trail_r": 1}
s02_gross|IS|{"be_r": 0.5, "commission": 0.0, "exit_time": 14.0, "sl_k": 0.75, "slip": 0.0, "tp_r": 1, "trail_r": 1.5}
s02_gross|IS|{"be_r": 0.5, "commission": 0.0, "exit_time": 16.0, "sl_k": 0.75, "slip": 0.0, "tp_r": 1, "trail_r": 1.5}
s02_gross|IS|{"be_r": 0.5, "commission": 0.0, "exit_time": 18.0, "sl_k": 0.75, "slip": 0.0, "tp_r": 1, "trail_r": 1.5}
s02_gross|IS|{"be_r": 0.5, "commission": 0.0, "sl_k": 0.75, "slip": 0.0, "tp_r": 1, "trail_r": 1.5}
s02_gross|IS|{"be_r": 0.5, "commission": 0.0, "exit_time": 21.0, "sl_k": 0.75, "slip": 0.0, "tp_r": 1, "trail_r": 1.5}
s02_gross|IS|{"be_r": 0.5, "commission": 0.0, "exit_time": 14.0, "sl_k": 0.75, "slip": 0.0, "tp_r": 1, "trail_r": 2}
s02_gross|IS|{"be_r": 0.5, "commission": 0.0, "exit_time": 16.0, "sl_k": 0.75, "slip": 0.0, "tp_r": 1, "trail_r": 2}
s02_gross|IS|{"be_r": 0.5, "commission": 0.0, "exit_time": 18.0, "sl_k": 0.75, "slip": 0.0, "tp_r": 1, "trail_r": 2}
s02_gross|IS|{"be_r": 0.5, "commission": 0.0, "sl_k": 0.75, "slip": 0.0, "tp_r": 1, "trail_r": 2}
s02_gross|IS|{"be_r": 0.5, "commission": 0.0, "exit_time": 21.0, "sl_k": 0.75, "slip": 0.0, "tp_r": 1, "trail_r": 2}
s02_gross|IS|{"be_r": 1, "commission": 0.0, "exit_time": 14.0, "sl_k": 0.75, "slip": 0.0, "tp_r": 1}
s02_gross|IS|{"be_r": 1, "commission": 0.0, "exit_time": 16.0, "sl_k": 0.75, "slip": 0.0, "tp_r": 1}
s02_gross|IS|{"be_r": 1, "commission": 0.0, "exit_time": 18.0, "sl_k": 0.75, "slip": 0.0, "tp_r": 1}
s02_gross|IS|{"be_r": 1, "commission": 0.0, "sl_k": 0.75, "slip": 0.0, "tp_r": 1}
s02_gross|IS|{"be_r": 1, "commission": 0.0, "exit_time": 21.0, "sl_k": 0.75, "slip": 0.0, "tp_r": 1}
s02_gross|IS|{"be_r": 1, "commission": 0.0, "exit_time": 14.0, "sl_k": 0.75, "slip": 0.0, "tp_r": 1, "trail_r": 0.5}
s02_gross|IS|{"be_r": 1, "commission": 0.0, "exit_time": 16.0, "sl_k": 0.75, "slip": 0.0, "tp_r": 1, "trail_r": 0.5}
s02_gross|IS|{"be_r": 1, "commission": 0.0, "exit_time": 18.0, "sl_k": 0.75, "slip": 0.0, "tp_r": 1, "trail_r": 0.5}
s02_gross|IS|{"be_r": 1, "commission": 0.0, "sl_k": 0.75, "slip": 0.0, "tp_r": 1, "trail_r": 0.5}
s02_gross|IS|{"be_r": 1, "commission": 0.0, "exit_time": 21.0, "sl_k": 0.75, "slip": 0.0, "tp_r": 1, "trail_r": 0.5}
s02_gross|IS|{"be_r": 1, "commission": 0.0, "exit_time": 14.0, "sl_k": 0.75, "slip": 0.0, "tp_r": 1, "trail_r": 1}
s02_gross|IS|{"be_r": 1, "commission": 0.0, "exit_time": 16.0, "sl_k": 0.75, "slip": 0.0, "tp_r": 1, "trail_r": 1}
s02_gross|IS|{"be_r": 1, "commission": 0.0, "exit_time": 18.0, "sl_k": 0.75, "slip": 0.0, "tp_r": 1, "trail_r": 1}
s02_gross|IS|{"be_r": 1, "commission": 0.0, "sl_k": 0.75, "slip": 0.0, "tp_r": 1, "trail_r": 1}
s02_gross|IS|{"be_r": 1, "commission": 0.0, "exit_time": 21.0, "sl_k": 0.75, "slip": 0.0, "tp_r": 1, "trail_r": 1}
s02_gross|IS|{"be_r": 1, "commission": 0.0, "exit_time": 14.0, "sl_k": 0.75, "slip": 0.0, "tp_r": 1, "trail_r": 1.5}
s02_gross|IS|{"be_r": 1, "commission": 0.0, "exit_time": 16.0, "sl_k": 0.75, "slip": 0.0, "tp_r": 1, "trail_r": 1.5}
s02_gross|IS|{"be_r": 1, "commission": 0.0, "exit_time": 18.0, "sl_k": 0.75, "slip": 0.0, "tp_r": 1, "trail_r": 1.5}
s02_gross|IS|{"be_r": 1, "commission": 0.0, "sl_k": 0.75, "slip": 0.0, "tp_r": 1, "trail_r": 1.5}
s02_gross|IS|{"be_r": 1, "commission": 0.0, "exit_time": 21.0, "sl_k": 0.75, "slip": 0.0, "tp_r": 1, "trail_r": 1.5}
s02_gross|IS|{"be_r": 1, "commission": 0.0, "exit_time": 14.0, "sl_k": 0.75, "slip": 0.0, "tp_r": 1, "trail_r": 2}
s02_gross|IS|{"be_r": 1, "commission": 0.0, "exit_time": 16.0, "sl_k": 0.75, "slip": 0.0, "tp_r": 1, "trail_r": 2}
s02_gross|IS|{"be_r": 1, "commission": 0.0, "exit_time": 18.0, "sl_k": 0.75, "slip": 0.0, "tp_r": 1, "trail_r": 2}
s02_gross|IS|{"be_r": 1, "commission": 0.0, "sl_k": 0.75, "slip": 0.0, "tp_r": 1, "trail_r": 2}
s02_gross|IS|{"be_r": 1, "commission": 0.0, "exit_time": 21.0, "sl_k": 0.75, "slip": 0.0, "tp_r": 1, "trail_r": 2}
s02_gross|IS|{"commission": 0.0, "exit_time": 14.0, "sl_k": 0.75, "slip": 0.0, "tp_r": 1.5}
s02_gross|IS|{"commission": 0.0, "exit_time": 16.0, "sl_k": 0.75, "slip": 0.0, "tp_r": 1.5}
s02_gross|IS|{"commission": 0.0, "exit_time": 18.0, "sl_k": 0.75, "slip": 0.0, "tp_r": 1.5}
s02_gross|IS|{"commission": 0.0, "sl_k": 0.75, "slip": 0.0, "tp_r": 1.5}
s02_gross|IS|{"commission": 0.0, "exit_time": 21.0, "sl_k": 0.75, "slip": 0.0, "tp_r": 1.5}
s02_gross|IS|{"commission": 0.0, "exit_time": 14.0, "sl_k": 0.75, "slip": 0.0, "tp_r": 1.5, "trail_r": 0.5}
s02_gross|IS|{"commission": 0.0, "exit_time": 16.0, "sl_k": 0.75, "slip": 0.0, "tp_r": 1.5, "trail_r": 0.5}
s02_gross|IS|{"commission": 0.0, "exit_time": 18.0, "sl_k": 0.75, "slip": 0.0, "tp_r": 1.5, "trail_r": 0.5}
s02_gross|IS|{"commission": 0.0, "sl_k": 0.75, "slip": 0.0, "tp_r": 1.5, "trail_r": 0.5}
s02_gross|IS|{"commission": 0.0, "exit_time": 21.0, "sl_k": 0.75, "slip": 0.0, "tp_r": 1.5, "trail_r": 0.5}
s02_gross|IS|{"commission": 0.0, "exit_time": 14.0, "sl_k": 0.75, "slip": 0.0, "tp_r": 1.5, "trail_r": 1}
s02_gross|IS|{"commission": 0.0, "exit_time": 16.0, "sl_k": 0.75, "slip": 0.0, "tp_r": 1.5, "trail_r": 1}
s02_gross|IS|{"commission": 0.0, "exit_time": 18.0, "sl_k": 0.75, "slip": 0.0, "tp_r": 1.5, "trail_r": 1}
s02_gross|IS|{"commission": 0.0, "sl_k": 0.75, "slip": 0.0, "tp_r": 1.5, "trail_r": 1}
s02_gross|IS|{"commission": 0.0, "exit_time": 21.0, "sl_k": 0.75, "slip": 0.0, "tp_r": 1.5, "trail_r": 1}
s02_gross|IS|{"commission": 0.0, "exit_time": 14.0, "sl_k": 0.75, "slip": 0.0, "tp_r": 1.5, "trail_r": 1.5}
s02_gross|IS|{"commission": 0.0, "exit_time": 16.0, "sl_k": 0.75, "slip": 0.0, "tp_r": 1.5, "trail_r": 1.5}
s02_gross|IS|{"commission": 0.0, "exit_time": 18.0, "sl_k": 0.75, "slip": 0.0, "tp_r": 1.5, "trail_r": 1.5}
s02_gross|IS|{"commission": 0.0, "sl_k": 0.75, "slip": 0.0, "tp_r": 1.5, "trail_r": 1.5}
s02_gross|IS|{"commission": 0.0, "exit_time": 21.0, "sl_k": 0.75, "slip": 0.0, "tp_r": 1.5, "trail_r": 1.5}
s02_gross|IS|{"commission": 0.0, "exit_time": 14.0, "sl_k": 0.75, "slip": 0.0, "tp_r": 1.5, "trail_r": 2}
s02_gross|IS|{"commission": 0.0, "exit_time": 16.0, "sl_k": 0.75, "slip": 0.0, "tp_r": 1.5, "trail_r": 2}
s02_gross|IS|{"commission": 0.0, "exit_time": 18.0, "sl_k": 0.75, "slip": 0.0, "tp_r": 1.5, "trail_r": 2}
s02_gross|IS|{"commission": 0.0, "sl_k": 0.75, "slip": 0.0, "tp_r": 1.5, "trail_r": 2}
s02_gross|IS|{"commission": 0.0, "exit_time": 21.0, "sl_k": 0.75, "slip": 0.0, "tp_r": 1.5, "trail_r": 2}
s02_gross|IS|{"be_r": 0.5, "commission": 0.0, "exit_time": 14.0, "sl_k": 0.75, "slip": 0.0, "tp_r": 1.5}
s02_gross|IS|{"be_r": 0.5, "commission": 0.0, "exit_time": 16.0, "sl_k": 0.75, "slip": 0.0, "tp_r": 1.5}
s02_gross|IS|{"be_r": 0.5, "commission": 0.0, "exit_time": 18.0, "sl_k": 0.75, "slip": 0.0, "tp_r": 1.5}
s02_gross|IS|{"be_r": 0.5, "commission": 0.0, "sl_k": 0.75, "slip": 0.0, "tp_r": 1.5}
s02_gross|IS|{"be_r": 0.5, "commission": 0.0, "exit_time": 21.0, "sl_k": 0.75, "slip": 0.0, "tp_r": 1.5}
s02_gross|IS|{"be_r": 0.5, "commission": 0.0, "exit_time": 14.0, "sl_k": 0.75, "slip": 0.0, "tp_r": 1.5, "trail_r": 0.5}
s02_gross|IS|{"be_r": 0.5, "commission": 0.0, "exit_time": 16.0, "sl_k": 0.75, "slip": 0.0, "tp_r": 1.5, "trail_r": 0.5}
s02_gross|IS|{"be_r": 0.5, "commission": 0.0, "exit_time": 18.0, "sl_k": 0.75, "slip": 0.0, "tp_r": 1.5, "trail_r": 0.5}
s02_gross|IS|{"be_r": 0.5, "commission": 0.0, "sl_k": 0.75, "slip": 0.0, "tp_r": 1.5, "trail_r": 0.5}
s02_gross|IS|{"be_r": 0.5, "commission": 0.0, "exit_time": 21.0, "sl_k": 0.75, "slip": 0.0, "tp_r": 1.5, "trail_r": 0.5}
s02_gross|IS|{"be_r": 0.5, "commission": 0.0, "exit_time": 14.0, "sl_k": 0.75, "slip": 0.0, "tp_r": 1.5, "trail_r": 1}
s02_gross|IS|{"be_r": 0.5, "commission": 0.0, "exit_time": 16.0, "sl_k": 0.75, "slip": 0.0, "tp_r": 1.5, "trail_r": 1}
s02_gross|IS|{"be_r": 0.5, "commission": 0.0, "exit_time": 18.0, "sl_k": 0.75, "slip": 0.0, "tp_r": 1.5, "trail_r": 1}
s02_gross|IS|{"be_r": 0.5, "commission": 0.0, "sl_k": 0.75, "slip": 0.0, "tp_r": 1.5, "trail_r": 1}
s02_gross|IS|{"be_r": 0.5, "commission": 0.0, "exit_time": 21.0, "sl_k": 0.75, "slip": 0.0, "tp_r": 1.5, "trail_r": 1}
s02_gross|IS|{"be_r": 0.5, "commission": 0.0, "exit_time": 14.0, "sl_k": 0.75, "slip": 0.0, "tp_r": 1.5, "trail_r": 1.5}
s02_gross|IS|{"be_r": 0.5, "commission": 0.0, "exit_time": 16.0, "sl_k": 0.75, "slip": 0.0, "tp_r": 1.5, "trail_r": 1.5}
s02_gross|IS|{"be_r": 0.5, "commission": 0.0, "exit_time": 18.0, "sl_k": 0.75, "slip": 0.0, "tp_r": 1.5, "trail_r": 1.5}
s02_gross|IS|{"be_r": 0.5, "commission": 0.0, "sl_k": 0.75, "slip": 0.0, "tp_r": 1.5, "trail_r": 1.5}
s02_gross|IS|{"be_r": 0.5, "commission": 0.0, "exit_time": 21.0, "sl_k": 0.75, "slip": 0.0, "tp_r": 1.5, "trail_r": 1.5}
s02_gross|IS|{"be_r": 0.5, "commission": 0.0, "exit_time": 14.0, "sl_k": 0.75, "slip": 0.0, "tp_r": 1.5, "trail_r": 2}
s02_gross|IS|{"be_r": 0.5, "commission": 0.0, "exit_time": 16.0, "sl_k": 0.75, "slip": 0.0, "tp_r": 1.5, "trail_r": 2}
s02_gross|IS|{"be_r": 0.5, "commission": 0.0, "exit_time": 18.0, "sl_k": 0.75, "slip": 0.0, "tp_r": 1.5, "trail_r": 2}
s02_gross|IS|{"be_r": 0.5, "commission": 0.0, "sl_k": 0.75, "slip": 0.0, "tp_r": 1.5, "trail_r": 2}
s02_gross|IS|{"be_r": 0.5, "commission": 0.0, "exit_time": 21.0, "sl_k": 0.75, "slip": 0.0, "tp_r": 1.5, "trail_r": 2}
s02_gross|IS|{"be_r": 1, "commission": 0.0, "exit_time": 14.0, "sl_k": 0.75, "slip": 0.0, "tp_r": 1.5}
s02_gross|IS|{"be_r": 1, "commission": 0.0, "exit_time": 16.0, "sl_k": 0.75, "slip": 0.0, "tp_r": 1.5}
s02_gross|IS|{"be_r": 1, "commission": 0.0, "exit_time": 18.0, "sl_k": 0.75, "slip": 0.0, "tp_r": 1.5}
s02_gross|IS|{"be_r": 1, "commission": 0.0, "sl_k": 0.75, "slip": 0.0, "tp_r": 1.5}
s02_gross|IS|{"be_r": 1, "commission": 0.0, "exit_time": 21.0, "sl_k": 0.75, "slip": 0.0, "tp_r": 1.5}
s02_gross|IS|{"be_r": 1, "commission": 0.0, "exit_time": 14.0, "sl_k": 0.75, "slip": 0.0, "tp_r": 1.5, "trail_r": 0.5}
s02_gross|IS|{"be_r": 1, "commission": 0.0, "exit_time": 16.0, "sl_k": 0.75, "slip": 0.0, "tp_r": 1.5, "trail_r": 0.5}
s02_gross|IS|{"be_r": 1, "commission": 0.0, "exit_time": 18.0, "sl_k": 0.75, "slip": 0.0, "tp_r": 1.5, "trail_r": 0.5}
s02_gross|IS|{"be_r": 1, "commission": 0.0, "sl_k": 0.75, "slip": 0.0, "tp_r": 1.5, "trail_r": 0.5}
s02_gross|IS|{"be_r": 1, "commission": 0.0, "exit_time": 21.0, "sl_k": 0.75, "slip": 0.0, "tp_r": 1.5, "trail_r": 0.5}
s02_gross|IS|{"be_r": 1, "commission": 0.0, "exit_time": 14.0, "sl_k": 0.75, "slip": 0.0, "tp_r": 1.5, "trail_r": 1}
s02_gross|IS|{"be_r": 1, "commission": 0.0, "exit_time": 16.0, "sl_k": 0.75, "slip": 0.0, "tp_r": 1.5, "trail_r": 1}
s02_gross|IS|{"be_r": 1, "commission": 0.0, "exit_time": 18.0, "sl_k": 0.75, "slip": 0.0, "tp_r": 1.5, "trail_r": 1}
s02_gross|IS|{"be_r": 1, "commission": 0.0, "sl_k": 0.75, "slip": 0.0, "tp_r": 1.5, "trail_r": 1}
s02_gross|IS|{"be_r": 1, "commission": 0.0, "exit_time": 21.0, "sl_k": 0.75, "slip": 0.0, "tp_r": 1.5, "trail_r": 1}
s02_gross|IS|{"be_r": 1, "commission": 0.0, "exit_time": 14.0, "sl_k": 0.75, "slip": 0.0, "tp_r": 1.5, "trail_r": 1.5}
s02_gross|IS|{"be_r": 1, "commission": 0.0, "exit_time": 16.0, "sl_k": 0.75, "slip": 0.0, "tp_r": 1.5, "trail_r": 1.5}
s02_gross|IS|{"be_r": 1, "commission": 0.0, "exit_time": 18.0, "sl_k": 0.75, "slip": 0.0, "tp_r": 1.5, "trail_r": 1.5}
s02_gross|IS|{"be_r": 1, "commission": 0.0, "sl_k": 0.75, "slip": 0.0, "tp_r": 1.5, "trail_r": 1.5}
s02_gross|IS|{"be_r": 1, "commission": 0.0, "exit_time": 21.0, "sl_k": 0.75, "slip": 0.0, "tp_r": 1.5, "trail_r": 1.5}
s02_gross|IS|{"be_r": 1, "commission": 0.0, "exit_time": 14.0, "sl_k": 0.75, "slip": 0.0, "tp_r": 1.5, "trail_r": 2}
s02_gross|IS|{"be_r": 1, "commission": 0.0, "exit_time": 16.0, "sl_k": 0.75, "slip": 0.0, "tp_r": 1.5, "trail_r": 2}
s02_gross|IS|{"be_r": 1, "commission": 0.0, "exit_time": 18.0, "sl_k": 0.75, "slip": 0.0, "tp_r": 1.5, "trail_r": 2}
s02_gross|IS|{"be_r": 1, "commission": 0.0, "sl_k": 0.75, "slip": 0.0, "tp_r": 1.5, "trail_r": 2}
s02_gross|IS|{"be_r": 1, "commission": 0.0, "exit_time": 21.0, "sl_k": 0.75, "slip": 0.0, "tp_r": 1.5, "trail_r": 2}
s02_gross|IS|{"commission": 0.0, "exit_time": 14.0, "sl_k": 0.75, "slip": 0.0, "tp_r": 2}
s02_gross|IS|{"commission": 0.0, "exit_time": 16.0, "sl_k": 0.75, "slip": 0.0, "tp_r": 2}
s02_gross|IS|{"commission": 0.0, "exit_time": 18.0, "sl_k": 0.75, "slip": 0.0, "tp_r": 2}
s02_gross|IS|{"commission": 0.0, "sl_k": 0.75, "slip": 0.0, "tp_r": 2}
s02_gross|IS|{"commission": 0.0, "exit_time": 21.0, "sl_k": 0.75, "slip": 0.0, "tp_r": 2}
s02_gross|IS|{"commission": 0.0, "exit_time": 14.0, "sl_k": 0.75, "slip": 0.0, "tp_r": 2, "trail_r": 0.5}
s02_gross|IS|{"commission": 0.0, "exit_time": 16.0, "sl_k": 0.75, "slip": 0.0, "tp_r": 2, "trail_r": 0.5}
s02_gross|IS|{"commission": 0.0, "exit_time": 18.0, "sl_k": 0.75, "slip": 0.0, "tp_r": 2, "trail_r": 0.5}
s02_gross|IS|{"commission": 0.0, "sl_k": 0.75, "slip": 0.0, "tp_r": 2, "trail_r": 0.5}
s02_gross|IS|{"commission": 0.0, "exit_time": 21.0, "sl_k": 0.75, "slip": 0.0, "tp_r": 2, "trail_r": 0.5}
s02_gross|IS|{"commission": 0.0, "exit_time": 14.0, "sl_k": 0.75, "slip": 0.0, "tp_r": 2, "trail_r": 1}
s02_gross|IS|{"commission": 0.0, "exit_time": 16.0, "sl_k": 0.75, "slip": 0.0, "tp_r": 2, "trail_r": 1}
s02_gross|IS|{"commission": 0.0, "exit_time": 18.0, "sl_k": 0.75, "slip": 0.0, "tp_r": 2, "trail_r": 1}
s02_gross|IS|{"commission": 0.0, "sl_k": 0.75, "slip": 0.0, "tp_r": 2, "trail_r": 1}
s02_gross|IS|{"commission": 0.0, "exit_time": 21.0, "sl_k": 0.75, "slip": 0.0, "tp_r": 2, "trail_r": 1}
s02_gross|IS|{"commission": 0.0, "exit_time": 14.0, "sl_k": 0.75, "slip": 0.0, "tp_r": 2, "trail_r": 1.5}
s02_gross|IS|{"commission": 0.0, "exit_time": 16.0, "sl_k": 0.75, "slip": 0.0, "tp_r": 2, "trail_r": 1.5}
s02_gross|IS|{"commission": 0.0, "exit_time": 18.0, "sl_k": 0.75, "slip": 0.0, "tp_r": 2, "trail_r": 1.5}
s02_gross|IS|{"commission": 0.0, "sl_k": 0.75, "slip": 0.0, "tp_r": 2, "trail_r": 1.5}
s02_gross|IS|{"commission": 0.0, "exit_time": 21.0, "sl_k": 0.75, "slip": 0.0, "tp_r": 2, "trail_r": 1.5}
s02_gross|IS|{"commission": 0.0, "exit_time": 14.0, "sl_k": 0.75, "slip": 0.0, "tp_r": 2, "trail_r": 2}
s02_gross|IS|{"commission": 0.0, "exit_time": 16.0, "sl_k": 0.75, "slip": 0.0, "tp_r": 2, "trail_r": 2}
s02_gross|IS|{"commission": 0.0, "exit_time": 18.0, "sl_k": 0.75, "slip": 0.0, "tp_r": 2, "trail_r": 2}
s02_gross|IS|{"commission": 0.0, "sl_k": 0.75, "slip": 0.0, "tp_r": 2, "trail_r": 2}
s02_gross|IS|{"commission": 0.0, "exit_time": 21.0, "sl_k": 0.75, "slip": 0.0, "tp_r": 2, "trail_r": 2}
s02_gross|IS|{"be_r": 0.5, "commission": 0.0, "exit_time": 14.0, "sl_k": 0.75, "slip": 0.0, "tp_r": 2}
s02_gross|IS|{"be_r": 0.5, "commission": 0.0, "exit_time": 16.0, "sl_k": 0.75, "slip": 0.0, "tp_r": 2}
s02_gross|IS|{"be_r": 0.5, "commission": 0.0, "exit_time": 18.0, "sl_k": 0.75, "slip": 0.0, "tp_r": 2}
s02_gross|IS|{"be_r": 0.5, "commission": 0.0, "sl_k": 0.75, "slip": 0.0, "tp_r": 2}
s02_gross|IS|{"be_r": 0.5, "commission": 0.0, "exit_time": 21.0, "sl_k": 0.75, "slip": 0.0, "tp_r": 2}
s02_gross|IS|{"be_r": 0.5, "commission": 0.0, "exit_time": 14.0, "sl_k": 0.75, "slip": 0.0, "tp_r": 2, "trail_r": 0.5}
s02_gross|IS|{"be_r": 0.5, "commission": 0.0, "exit_time": 16.0, "sl_k": 0.75, "slip": 0.0, "tp_r": 2, "trail_r": 0.5}
s02_gross|IS|{"be_r": 0.5, "commission": 0.0, "exit_time": 18.0, "sl_k": 0.75, "slip": 0.0, "tp_r": 2, "trail_r": 0.5}
s02_gross|IS|{"be_r": 0.5, "commission": 0.0, "sl_k": 0.75, "slip": 0.0, "tp_r": 2, "trail_r": 0.5}
s02_gross|IS|{"be_r": 0.5, "commission": 0.0, "exit_time": 21.0, "sl_k": 0.75, "slip": 0.0, "tp_r": 2, "trail_r": 0.5}
s02_gross|IS|{"be_r": 0.5, "commission": 0.0, "exit_time": 14.0, "sl_k": 0.75, "slip": 0.0, "tp_r": 2, "trail_r": 1}
s02_gross|IS|{"be_r": 0.5, "commission": 0.0, "exit_time": 16.0, "sl_k": 0.75, "slip": 0.0, "tp_r": 2, "trail_r": 1}
s02_gross|IS|{"be_r": 0.5, "commission": 0.0, "exit_time": 18.0, "sl_k": 0.75, "slip": 0.0, "tp_r": 2, "trail_r": 1}
s02_gross|IS|{"be_r": 0.5, "commission": 0.0, "sl_k": 0.75, "slip": 0.0, "tp_r": 2, "trail_r": 1}
s02_gross|IS|{"be_r": 0.5, "commission": 0.0, "exit_time": 21.0, "sl_k": 0.75, "slip": 0.0, "tp_r": 2, "trail_r": 1}
s02_gross|IS|{"be_r": 0.5, "commission": 0.0, "exit_time": 14.0, "sl_k": 0.75, "slip": 0.0, "tp_r": 2, "trail_r": 1.5}
s02_gross|IS|{"be_r": 0.5, "commission": 0.0, "exit_time": 16.0, "sl_k": 0.75, "slip": 0.0, "tp_r": 2, "trail_r": 1.5}
s02_gross|IS|{"be_r": 0.5, "commission": 0.0, "exit_time": 18.0, "sl_k": 0.75, "slip": 0.0, "tp_r": 2, "trail_r": 1.5}
s02_gross|IS|{"be_r": 0.5, "commission": 0.0, "sl_k": 0.75, "slip": 0.0, "tp_r": 2, "trail_r": 1.5}
s02_gross|IS|{"be_r": 0.5, "commission": 0.0, "exit_time": 21.0, "sl_k": 0.75, "slip": 0.0, "tp_r": 2, "trail_r": 1.5}
s02_gross|IS|{"be_r": 0.5, "commission": 0.0, "exit_time": 14.0, "sl_k": 0.75, "slip": 0.0, "tp_r": 2, "trail_r": 2}
s02_gross|IS|{"be_r": 0.5, "commission": 0.0, "exit_time": 16.0, "sl_k": 0.75, "slip": 0.0, "tp_r": 2, "trail_r": 2}
s02_gross|IS|{"be_r": 0.5, "commission": 0.0, "exit_time": 18.0, "sl_k": 0.75, "slip": 0.0, "tp_r": 2, "trail_r": 2}
s02_gross|IS|{"be_r": 0.5, "commission": 0.0, "sl_k": 0.75, "slip": 0.0, "tp_r": 2, "trail_r": 2}
s02_gross|IS|{"be_r": 0.5, "commission": 0.0, "exit_time": 21.0, "sl_k": 0.75, "slip": 0.0, "tp_r": 2, "trail_r": 2}
s02_gross|IS|{"be_r": 1, "commission": 0.0, "exit_time": 14.0, "sl_k": 0.75, "slip": 0.0, "tp_r": 2}
s02_gross|IS|{"be_r": 1, "commission": 0.0, "exit_time": 16.0, "sl_k": 0.75, "slip": 0.0, "tp_r": 2}
s02_gross|IS|{"be_r": 1, "commission": 0.0, "exit_time": 18.0, "sl_k": 0.75, "slip": 0.0, "tp_r": 2}
s02_gross|IS|{"be_r": 1, "commission": 0.0, "sl_k": 0.75, "slip": 0.0, "tp_r": 2}
s02_gross|IS|{"be_r": 1, "commission": 0.0, "exit_time": 21.0, "sl_k": 0.75, "slip": 0.0, "tp_r": 2}
s02_gross|IS|{"be_r": 1, "commission": 0.0, "exit_time": 14.0, "sl_k": 0.75, "slip": 0.0, "tp_r": 2, "trail_r": 0.5}
s02_gross|IS|{"be_r": 1, "commission": 0.0, "exit_time": 16.0, "sl_k": 0.75, "slip": 0.0, "tp_r": 2, "trail_r": 0.5}
s02_gross|IS|{"be_r": 1, "commission": 0.0, "exit_time": 18.0, "sl_k": 0.75, "slip": 0.0, "tp_r": 2, "trail_r": 0.5}
s02_gross|IS|{"be_r": 1, "commission": 0.0, "sl_k": 0.75, "slip": 0.0, "tp_r": 2, "trail_r": 0.5}
s02_gross|IS|{"be_r": 1, "commission": 0.0, "exit_time": 21.0, "sl_k": 0.75, "slip": 0.0, "tp_r": 2, "trail_r": 0.5}
s02_gross|IS|{"be_r": 1, "commission": 0.0, "exit_time": 14.0, "sl_k": 0.75, "slip": 0.0, "tp_r": 2, "trail_r": 1}
s02_gross|IS|{"be_r": 1, "commission": 0.0, "exit_time": 16.0, "sl_k": 0.75, "slip": 0.0, "tp_r": 2, "trail_r": 1}
s02_gross|IS|{"be_r": 1, "commission": 0.0, "exit_time": 18.0, "sl_k": 0.75, "slip": 0.0, "tp_r": 2, "trail_r": 1}
s02_gross|IS|{"be_r": 1, "commission": 0.0, "sl_k": 0.75, "slip": 0.0, "tp_r": 2, "trail_r": 1}
s02_gross|IS|{"be_r": 1, "commission": 0.0, "exit_time": 21.0, "sl_k": 0.75, "slip": 0.0, "tp_r": 2, "trail_r": 1}
s02_gross|IS|{"be_r": 1, "commission": 0.0, "exit_time": 14.0, "sl_k": 0.75, "slip": 0.0, "tp_r": 2, "trail_r": 1.5}
s02_gross|IS|{"be_r": 1, "commission": 0.0, "exit_time": 16.0, "sl_k": 0.75, "slip": 0.0, "tp_r": 2, "trail_r": 1.5}
s02_gross|IS|{"be_r": 1, "commission": 0.0, "exit_time": 18.0, "sl_k": 0.75, "slip": 0.0, "tp_r": 2, "trail_r": 1.5}
s02_gross|IS|{"be_r": 1, "commission": 0.0, "sl_k": 0.75, "slip": 0.0, "tp_r": 2, "trail_r": 1.5}
s02_gross|IS|{"be_r": 1, "commission": 0.0, "exit_time": 21.0, "sl_k": 0.75, "slip": 0.0, "tp_r": 2, "trail_r": 1.5}
s02_gross|IS|{"be_r": 1, "commission": 0.0, "exit_time": 14.0, "sl_k": 0.75, "slip": 0.0, "tp_r": 2, "trail_r": 2}
s02_gross|IS|{"be_r": 1, "commission": 0.0, "exit_time": 16.0, "sl_k": 0.75, "slip": 0.0, "tp_r": 2, "trail_r": 2}
s02_gross|IS|{"be_r": 1, "commission": 0.0, "exit_time": 18.0, "sl_k": 0.75, "slip": 0.0, "tp_r": 2, "trail_r": 2}
s02_gross|IS|{"be_r": 1, "commission": 0.0, "sl_k": 0.75, "slip": 0.0, "tp_r": 2, "trail_r": 2}
s02_gross|IS|{"be_r": 1, "commission": 0.0, "exit_time": 21.0, "sl_k": 0.75, "slip": 0.0, "tp_r": 2, "trail_r": 2}
s02_gross|IS|{"commission": 0.0, "exit_time": 14.0, "sl_k": 0.75, "slip": 0.0, "tp_r": 3}
s02_gross|IS|{"commission": 0.0, "exit_time": 16.0, "sl_k": 0.75, "slip": 0.0, "tp_r": 3}
s02_gross|IS|{"commission": 0.0, "exit_time": 18.0, "sl_k": 0.75, "slip": 0.0, "tp_r": 3}
s02_gross|IS|{"commission": 0.0, "sl_k": 0.75, "slip": 0.0, "tp_r": 3}
s02_gross|IS|{"commission": 0.0, "exit_time": 21.0, "sl_k": 0.75, "slip": 0.0, "tp_r": 3}
s02_gross|IS|{"commission": 0.0, "exit_time": 14.0, "sl_k": 0.75, "slip": 0.0, "tp_r": 3, "trail_r": 0.5}
s02_gross|IS|{"commission": 0.0, "exit_time": 16.0, "sl_k": 0.75, "slip": 0.0, "tp_r": 3, "trail_r": 0.5}
s02_gross|IS|{"commission": 0.0, "exit_time": 18.0, "sl_k": 0.75, "slip": 0.0, "tp_r": 3, "trail_r": 0.5}
s02_gross|IS|{"commission": 0.0, "sl_k": 0.75, "slip": 0.0, "tp_r": 3, "trail_r": 0.5}
s02_gross|IS|{"commission": 0.0, "exit_time": 21.0, "sl_k": 0.75, "slip": 0.0, "tp_r": 3, "trail_r": 0.5}
s02_gross|IS|{"commission": 0.0, "exit_time": 14.0, "sl_k": 0.75, "slip": 0.0, "tp_r": 3, "trail_r": 1}
s02_gross|IS|{"commission": 0.0, "exit_time": 16.0, "sl_k": 0.75, "slip": 0.0, "tp_r": 3, "trail_r": 1}
s02_gross|IS|{"commission": 0.0, "exit_time": 18.0, "sl_k": 0.75, "slip": 0.0, "tp_r": 3, "trail_r": 1}
s02_gross|IS|{"commission": 0.0, "sl_k": 0.75, "slip": 0.0, "tp_r": 3, "trail_r": 1}
s02_gross|IS|{"commission": 0.0, "exit_time": 21.0, "sl_k": 0.75, "slip": 0.0, "tp_r": 3, "trail_r": 1}
s02_gross|IS|{"commission": 0.0, "exit_time": 14.0, "sl_k": 0.75, "slip": 0.0, "tp_r": 3, "trail_r": 1.5}
s02_gross|IS|{"commission": 0.0, "exit_time": 16.0, "sl_k": 0.75, "slip": 0.0, "tp_r": 3, "trail_r": 1.5}
s02_gross|IS|{"commission": 0.0, "exit_time": 18.0, "sl_k": 0.75, "slip": 0.0, "tp_r": 3, "trail_r": 1.5}
s02_gross|IS|{"commission": 0.0, "sl_k": 0.75, "slip": 0.0, "tp_r": 3, "trail_r": 1.5}
s02_gross|IS|{"commission": 0.0, "exit_time": 21.0, "sl_k": 0.75, "slip": 0.0, "tp_r": 3, "trail_r": 1.5}
s02_gross|IS|{"commission": 0.0, "exit_time": 14.0, "sl_k": 0.75, "slip": 0.0, "tp_r": 3, "trail_r": 2}
s02_gross|IS|{"commission": 0.0, "exit_time": 16.0, "sl_k": 0.75, "slip": 0.0, "tp_r": 3, "trail_r": 2}
s02_gross|IS|{"commission": 0.0, "exit_time": 18.0, "sl_k": 0.75, "slip": 0.0, "tp_r": 3, "trail_r": 2}
s02_gross|IS|{"commission": 0.0, "sl_k": 0.75, "slip": 0.0, "tp_r": 3, "trail_r": 2}
s02_gross|IS|{"commission": 0.0, "exit_time": 21.0, "sl_k": 0.75, "slip": 0.0, "tp_r": 3, "trail_r": 2}
s02_gross|IS|{"be_r": 0.5, "commission": 0.0, "exit_time": 14.0, "sl_k": 0.75, "slip": 0.0, "tp_r": 3}
s02_gross|IS|{"be_r": 0.5, "commission": 0.0, "exit_time": 16.0, "sl_k": 0.75, "slip": 0.0, "tp_r": 3}
s02_gross|IS|{"be_r": 0.5, "commission": 0.0, "exit_time": 18.0, "sl_k": 0.75, "slip": 0.0, "tp_r": 3}
s02_gross|IS|{"be_r": 0.5, "commission": 0.0, "sl_k": 0.75, "slip": 0.0, "tp_r": 3}
s02_gross|IS|{"be_r": 0.5, "commission": 0.0, "exit_time": 21.0, "sl_k": 0.75, "slip": 0.0, "tp_r": 3}
s02_gross|IS|{"be_r": 0.5, "commission": 0.0, "exit_time": 14.0, "sl_k": 0.75, "slip": 0.0, "tp_r": 3, "trail_r": 0.5}
s02_gross|IS|{"be_r": 0.5, "commission": 0.0, "exit_time": 16.0, "sl_k": 0.75, "slip": 0.0, "tp_r": 3, "trail_r": 0.5}
s02_gross|IS|{"be_r": 0.5, "commission": 0.0, "exit_time": 18.0, "sl_k": 0.75, "slip": 0.0, "tp_r": 3, "trail_r": 0.5}
s02_gross|IS|{"be_r": 0.5, "commission": 0.0, "sl_k": 0.75, "slip": 0.0, "tp_r": 3, "trail_r": 0.5}
s02_gross|IS|{"be_r": 0.5, "commission": 0.0, "exit_time": 21.0, "sl_k": 0.75, "slip": 0.0, "tp_r": 3, "trail_r": 0.5}
s02_gross|IS|{"be_r": 0.5, "commission": 0.0, "exit_time": 14.0, "sl_k": 0.75, "slip": 0.0, "tp_r": 3, "trail_r": 1}
s02_gross|IS|{"be_r": 0.5, "commission": 0.0, "exit_time": 16.0, "sl_k": 0.75, "slip": 0.0, "tp_r": 3, "trail_r": 1}
s02_gross|IS|{"be_r": 0.5, "commission": 0.0, "exit_time": 18.0, "sl_k": 0.75, "slip": 0.0, "tp_r": 3, "trail_r": 1}
s02_gross|IS|{"be_r": 0.5, "commission": 0.0, "sl_k": 0.75, "slip": 0.0, "tp_r": 3, "trail_r": 1}
s02_gross|IS|{"be_r": 0.5, "commission": 0.0, "exit_time": 21.0, "sl_k": 0.75, "slip": 0.0, "tp_r": 3, "trail_r": 1}
s02_gross|IS|{"be_r": 0.5, "commission": 0.0, "exit_time": 14.0, "sl_k": 0.75, "slip": 0.0, "tp_r": 3, "trail_r": 1.5}
s02_gross|IS|{"be_r": 0.5, "commission": 0.0, "exit_time": 16.0, "sl_k": 0.75, "slip": 0.0, "tp_r": 3, "trail_r": 1.5}
s02_gross|IS|{"be_r": 0.5, "commission": 0.0, "exit_time": 18.0, "sl_k": 0.75, "slip": 0.0, "tp_r": 3, "trail_r": 1.5}
s02_gross|IS|{"be_r": 0.5, "commission": 0.0, "sl_k": 0.75, "slip": 0.0, "tp_r": 3, "trail_r": 1.5}
s02_gross|IS|{"be_r": 0.5, "commission": 0.0, "exit_time": 21.0, "sl_k": 0.75, "slip": 0.0, "tp_r": 3, "trail_r": 1.5}
s02_gross|IS|{"be_r": 0.5, "commission": 0.0, "exit_time": 14.0, "sl_k": 0.75, "slip": 0.0, "tp_r": 3, "trail_r": 2}
s02_gross|IS|{"be_r": 0.5, "commission": 0.0, "exit_time": 16.0, "sl_k": 0.75, "slip": 0.0, "tp_r": 3, "trail_r": 2}
s02_gross|IS|{"be_r": 0.5, "commission": 0.0, "exit_time": 18.0, "sl_k": 0.75, "slip": 0.0, "tp_r": 3, "trail_r": 2}
s02_gross|IS|{"be_r": 0.5, "commission": 0.0, "sl_k": 0.75, "slip": 0.0, "tp_r": 3, "trail_r": 2}
s02_gross|IS|{"be_r": 0.5, "commission": 0.0, "exit_time": 21.0, "sl_k": 0.75, "slip": 0.0, "tp_r": 3, "trail_r": 2}
s02_gross|IS|{"be_r": 1, "commission": 0.0, "exit_time": 14.0, "sl_k": 0.75, "slip": 0.0, "tp_r": 3}
s02_gross|IS|{"be_r": 1, "commission": 0.0, "exit_time": 16.0, "sl_k": 0.75, "slip": 0.0, "tp_r": 3}
s02_gross|IS|{"be_r": 1, "commission": 0.0, "exit_time": 18.0, "sl_k": 0.75, "slip": 0.0, "tp_r": 3}
s02_gross|IS|{"be_r": 1, "commission": 0.0, "sl_k": 0.75, "slip": 0.0, "tp_r": 3}
s02_gross|IS|{"be_r": 1, "commission": 0.0, "exit_time": 21.0, "sl_k": 0.75, "slip": 0.0, "tp_r": 3}
s02_gross|IS|{"be_r": 1, "commission": 0.0, "exit_time": 14.0, "sl_k": 0.75, "slip": 0.0, "tp_r": 3, "trail_r": 0.5}
s02_gross|IS|{"be_r": 1, "commission": 0.0, "exit_time": 16.0, "sl_k": 0.75, "slip": 0.0, "tp_r": 3, "trail_r": 0.5}
s02_gross|IS|{"be_r": 1, "commission": 0.0, "exit_time": 18.0, "sl_k": 0.75, "slip": 0.0, "tp_r": 3, "trail_r": 0.5}
s02_gross|IS|{"be_r": 1, "commission": 0.0, "sl_k": 0.75, "slip": 0.0, "tp_r": 3, "trail_r": 0.5}
s02_gross|IS|{"be_r": 1, "commission": 0.0, "exit_time": 21.0, "sl_k": 0.75, "slip": 0.0, "tp_r": 3, "trail_r": 0.5}
s02_gross|IS|{"be_r": 1, "commission": 0.0, "exit_time": 14.0, "sl_k": 0.75, "slip": 0.0, "tp_r": 3, "trail_r": 1}
s02_gross|IS|{"be_r": 1, "commission": 0.0, "exit_time": 16.0, "sl_k": 0.75, "slip": 0.0, "tp_r": 3, "trail_r": 1}
s02_gross|IS|{"be_r": 1, "commission": 0.0, "exit_time": 18.0, "sl_k": 0.75, "slip": 0.0, "tp_r": 3, "trail_r": 1}
s02_gross|IS|{"be_r": 1, "commission": 0.0, "sl_k": 0.75, "slip": 0.0, "tp_r": 3, "trail_r": 1}
s02_gross|IS|{"be_r": 1, "commission": 0.0, "exit_time": 21.0, "sl_k": 0.75, "slip": 0.0, "tp_r": 3, "trail_r": 1}
s02_gross|IS|{"be_r": 1, "commission": 0.0, "exit_time": 14.0, "sl_k": 0.75, "slip": 0.0, "tp_r": 3, "trail_r": 1.5}
s02_gross|IS|{"be_r": 1, "commission": 0.0, "exit_time": 16.0, "sl_k": 0.75, "slip": 0.0, "tp_r": 3, "trail_r": 1.5}
s02_gross|IS|{"be_r": 1, "commission": 0.0, "exit_time": 18.0, "sl_k": 0.75, "slip": 0.0, "tp_r": 3, "trail_r": 1.5}
s02_gross|IS|{"be_r": 1, "commission": 0.0, "sl_k": 0.75, "slip": 0.0, "tp_r": 3, "trail_r": 1.5}
s02_gross|IS|{"be_r": 1, "commission": 0.0, "exit_time": 21.0, "sl_k": 0.75, "slip": 0.0, "tp_r": 3, "trail_r": 1.5}
s02_gross|IS|{"be_r": 1, "commission": 0.0, "exit_time": 14.0, "sl_k": 0.75, "slip": 0.0, "tp_r": 3, "trail_r": 2}
s02_gross|IS|{"be_r": 1, "commission": 0.0, "exit_time": 16.0, "sl_k": 0.75, "slip": 0.0, "tp_r": 3, "trail_r": 2}
s02_gross|IS|{"be_r": 1, "commission": 0.0, "exit_time": 18.0, "sl_k": 0.75, "slip": 0.0, "tp_r": 3, "trail_r": 2}
s02_gross|IS|{"be_r": 1, "commission": 0.0, "sl_k": 0.75, "slip": 0.0, "tp_r": 3, "trail_r": 2}
s02_gross|IS|{"be_r": 1, "commission": 0.0, "exit_time": 21.0, "sl_k": 0.75, "slip": 0.0, "tp_r": 3, "trail_r": 2}
s02_gross|IS|{"commission": 0.0, "exit_time": 14.0, "sl_k": 0.75, "slip": 0.0, "tp_r": 4}
s02_gross|IS|{"commission": 0.0, "exit_time": 16.0, "sl_k": 0.75, "slip": 0.0, "tp_r": 4}
s02_gross|IS|{"commission": 0.0, "exit_time": 18.0, "sl_k": 0.75, "slip": 0.0, "tp_r": 4}
s02_gross|IS|{"commission": 0.0, "sl_k": 0.75, "slip": 0.0, "tp_r": 4}
s02_gross|IS|{"commission": 0.0, "exit_time": 21.0, "sl_k": 0.75, "slip": 0.0, "tp_r": 4}
s02_gross|IS|{"commission": 0.0, "exit_time": 14.0, "sl_k": 0.75, "slip": 0.0, "tp_r": 4, "trail_r": 0.5}
s02_gross|IS|{"commission": 0.0, "exit_time": 16.0, "sl_k": 0.75, "slip": 0.0, "tp_r": 4, "trail_r": 0.5}
s02_gross|IS|{"commission": 0.0, "exit_time": 18.0, "sl_k": 0.75, "slip": 0.0, "tp_r": 4, "trail_r": 0.5}
s02_gross|IS|{"commission": 0.0, "sl_k": 0.75, "slip": 0.0, "tp_r": 4, "trail_r": 0.5}
s02_gross|IS|{"commission": 0.0, "exit_time": 21.0, "sl_k": 0.75, "slip": 0.0, "tp_r": 4, "trail_r": 0.5}
s02_gross|IS|{"commission": 0.0, "exit_time": 14.0, "sl_k": 0.75, "slip": 0.0, "tp_r": 4, "trail_r": 1}
s02_gross|IS|{"commission": 0.0, "exit_time": 16.0, "sl_k": 0.75, "slip": 0.0, "tp_r": 4, "trail_r": 1}
s02_gross|IS|{"commission": 0.0, "exit_time": 18.0, "sl_k": 0.75, "slip": 0.0, "tp_r": 4, "trail_r": 1}
s02_gross|IS|{"commission": 0.0, "sl_k": 0.75, "slip": 0.0, "tp_r": 4, "trail_r": 1}
s02_gross|IS|{"commission": 0.0, "exit_time": 21.0, "sl_k": 0.75, "slip": 0.0, "tp_r": 4, "trail_r": 1}
s02_gross|IS|{"commission": 0.0, "exit_time": 14.0, "sl_k": 0.75, "slip": 0.0, "tp_r": 4, "trail_r": 1.5}
s02_gross|IS|{"commission": 0.0, "exit_time": 16.0, "sl_k": 0.75, "slip": 0.0, "tp_r": 4, "trail_r": 1.5}
s02_gross|IS|{"commission": 0.0, "exit_time": 18.0, "sl_k": 0.75, "slip": 0.0, "tp_r": 4, "trail_r": 1.5}
s02_gross|IS|{"commission": 0.0, "sl_k": 0.75, "slip": 0.0, "tp_r": 4, "trail_r": 1.5}
s02_gross|IS|{"commission": 0.0, "exit_time": 21.0, "sl_k": 0.75, "slip": 0.0, "tp_r": 4, "trail_r": 1.5}
s02_gross|IS|{"commission": 0.0, "exit_time": 14.0, "sl_k": 0.75, "slip": 0.0, "tp_r": 4, "trail_r": 2}
s02_gross|IS|{"commission": 0.0, "exit_time": 16.0, "sl_k": 0.75, "slip": 0.0, "tp_r": 4, "trail_r": 2}
s02_gross|IS|{"commission": 0.0, "exit_time": 18.0, "sl_k": 0.75, "slip": 0.0, "tp_r": 4, "trail_r": 2}
s02_gross|IS|{"commission": 0.0, "sl_k": 0.75, "slip": 0.0, "tp_r": 4, "trail_r": 2}
s02_gross|IS|{"commission": 0.0, "exit_time": 21.0, "sl_k": 0.75, "slip": 0.0, "tp_r": 4, "trail_r": 2}
s02_gross|IS|{"be_r": 0.5, "commission": 0.0, "exit_time": 14.0, "sl_k": 0.75, "slip": 0.0, "tp_r": 4}
s02_gross|IS|{"be_r": 0.5, "commission": 0.0, "exit_time": 16.0, "sl_k": 0.75, "slip": 0.0, "tp_r": 4}
s02_gross|IS|{"be_r": 0.5, "commission": 0.0, "exit_time": 18.0, "sl_k": 0.75, "slip": 0.0, "tp_r": 4}
s02_gross|IS|{"be_r": 0.5, "commission": 0.0, "sl_k": 0.75, "slip": 0.0, "tp_r": 4}
s02_gross|IS|{"be_r": 0.5, "commission": 0.0, "exit_time": 21.0, "sl_k": 0.75, "slip": 0.0, "tp_r": 4}
s02_gross|IS|{"be_r": 0.5, "commission": 0.0, "exit_time": 14.0, "sl_k": 0.75, "slip": 0.0, "tp_r": 4, "trail_r": 0.5}
s02_gross|IS|{"be_r": 0.5, "commission": 0.0, "exit_time": 16.0, "sl_k": 0.75, "slip": 0.0, "tp_r": 4, "trail_r": 0.5}
s02_gross|IS|{"be_r": 0.5, "commission": 0.0, "exit_time": 18.0, "sl_k": 0.75, "slip": 0.0, "tp_r": 4, "trail_r": 0.5}
s02_gross|IS|{"be_r": 0.5, "commission": 0.0, "sl_k": 0.75, "slip": 0.0, "tp_r": 4, "trail_r": 0.5}
s02_gross|IS|{"be_r": 0.5, "commission": 0.0, "exit_time": 21.0, "sl_k": 0.75, "slip": 0.0, "tp_r": 4, "trail_r": 0.5}
s02_gross|IS|{"be_r": 0.5, "commission": 0.0, "exit_time": 14.0, "sl_k": 0.75, "slip": 0.0, "tp_r": 4, "trail_r": 1}
s02_gross|IS|{"be_r": 0.5, "commission": 0.0, "exit_time": 16.0, "sl_k": 0.75, "slip": 0.0, "tp_r": 4, "trail_r": 1}
s02_gross|IS|{"be_r": 0.5, "commission": 0.0, "exit_time": 18.0, "sl_k": 0.75, "slip": 0.0, "tp_r": 4, "trail_r": 1}
s02_gross|IS|{"be_r": 0.5, "commission": 0.0, "sl_k": 0.75, "slip": 0.0, "tp_r": 4, "trail_r": 1}
s02_gross|IS|{"be_r": 0.5, "commission": 0.0, "exit_time": 21.0, "sl_k": 0.75, "slip": 0.0, "tp_r": 4, "trail_r": 1}
s02_gross|IS|{"be_r": 0.5, "commission": 0.0, "exit_time": 14.0, "sl_k": 0.75, "slip": 0.0, "tp_r": 4, "trail_r": 1.5}
s02_gross|IS|{"be_r": 0.5, "commission": 0.0, "exit_time": 16.0, "sl_k": 0.75, "slip": 0.0, "tp_r": 4, "trail_r": 1.5}
s02_gross|IS|{"be_r": 0.5, "commission": 0.0, "exit_time": 18.0, "sl_k": 0.75, "slip": 0.0, "tp_r": 4, "trail_r": 1.5}
s02_gross|IS|{"be_r": 0.5, "commission": 0.0, "sl_k": 0.75, "slip": 0.0, "tp_r": 4, "trail_r": 1.5}
s02_gross|IS|{"be_r": 0.5, "commission": 0.0, "exit_time": 21.0, "sl_k": 0.75, "slip": 0.0, "tp_r": 4, "trail_r": 1.5}
s02_gross|IS|{"be_r": 0.5, "commission": 0.0, "exit_time": 14.0, "sl_k": 0.75, "slip": 0.0, "tp_r": 4, "trail_r": 2}
s02_gross|IS|{"be_r": 0.5, "commission": 0.0, "exit_time": 16.0, "sl_k": 0.75, "slip": 0.0, "tp_r": 4, "trail_r": 2}
s02_gross|IS|{"be_r": 0.5, "commission": 0.0, "exit_time": 18.0, "sl_k": 0.75, "slip": 0.0, "tp_r": 4, "trail_r": 2}
s02_gross|IS|{"be_r": 0.5, "commission": 0.0, "sl_k": 0.75, "slip": 0.0, "tp_r": 4, "trail_r": 2}
s02_gross|IS|{"be_r": 0.5, "commission": 0.0, "exit_time": 21.0, "sl_k": 0.75, "slip": 0.0, "tp_r": 4, "trail_r": 2}
s02_gross|IS|{"be_r": 1, "commission": 0.0, "exit_time": 14.0, "sl_k": 0.75, "slip": 0.0, "tp_r": 4}
s02_gross|IS|{"be_r": 1, "commission": 0.0, "exit_time": 16.0, "sl_k": 0.75, "slip": 0.0, "tp_r": 4}
s02_gross|IS|{"be_r": 1, "commission": 0.0, "exit_time": 18.0, "sl_k": 0.75, "slip": 0.0, "tp_r": 4}
s02_gross|IS|{"be_r": 1, "commission": 0.0, "sl_k": 0.75, "slip": 0.0, "tp_r": 4}
s02_gross|IS|{"be_r": 1, "commission": 0.0, "exit_time": 21.0, "sl_k": 0.75, "slip": 0.0, "tp_r": 4}
s02_gross|IS|{"be_r": 1, "commission": 0.0, "exit_time": 14.0, "sl_k": 0.75, "slip": 0.0, "tp_r": 4, "trail_r": 0.5}
s02_gross|IS|{"be_r": 1, "commission": 0.0, "exit_time": 16.0, "sl_k": 0.75, "slip": 0.0, "tp_r": 4, "trail_r": 0.5}
s02_gross|IS|{"be_r": 1, "commission": 0.0, "exit_time": 18.0, "sl_k": 0.75, "slip": 0.0, "tp_r": 4, "trail_r": 0.5}
s02_gross|IS|{"be_r": 1, "commission": 0.0, "sl_k": 0.75, "slip": 0.0, "tp_r": 4, "trail_r": 0.5}
s02_gross|IS|{"be_r": 1, "commission": 0.0, "exit_time": 21.0, "sl_k": 0.75, "slip": 0.0, "tp_r": 4, "trail_r": 0.5}
s02_gross|IS|{"be_r": 1, "commission": 0.0, "exit_time": 14.0, "sl_k": 0.75, "slip": 0.0, "tp_r": 4, "trail_r": 1}
s02_gross|IS|{"be_r": 1, "commission": 0.0, "exit_time": 16.0, "sl_k": 0.75, "slip": 0.0, "tp_r": 4, "trail_r": 1}
s02_gross|IS|{"be_r": 1, "commission": 0.0, "exit_time": 18.0, "sl_k": 0.75, "slip": 0.0, "tp_r": 4, "trail_r": 1}
s02_gross|IS|{"be_r": 1, "commission": 0.0, "sl_k": 0.75, "slip": 0.0, "tp_r": 4, "trail_r": 1}
s02_gross|IS|{"be_r": 1, "commission": 0.0, "exit_time": 21.0, "sl_k": 0.75, "slip": 0.0, "tp_r": 4, "trail_r": 1}
s02_gross|IS|{"be_r": 1, "commission": 0.0, "exit_time": 14.0, "sl_k": 0.75, "slip": 0.0, "tp_r": 4, "trail_r": 1.5}
s02_gross|IS|{"be_r": 1, "commission": 0.0, "exit_time": 16.0, "sl_k": 0.75, "slip": 0.0, "tp_r": 4, "trail_r": 1.5}
s02_gross|IS|{"be_r": 1, "commission": 0.0, "exit_time": 18.0, "sl_k": 0.75, "slip": 0.0, "tp_r": 4, "trail_r": 1.5}
s02_gross|IS|{"be_r": 1, "commission": 0.0, "sl_k": 0.75, "slip": 0.0, "tp_r": 4, "trail_r": 1.5}
s02_gross|IS|{"be_r": 1, "commission": 0.0, "exit_time": 21.0, "sl_k": 0.75, "slip": 0.0, "tp_r": 4, "trail_r": 1.5}
s02_gross|IS|{"be_r": 1, "commission": 0.0, "exit_time": 14.0, "sl_k": 0.75, "slip": 0.0, "tp_r": 4, "trail_r": 2}
s02_gross|IS|{"be_r": 1, "commission": 0.0, "exit_time": 16.0, "sl_k": 0.75, "slip": 0.0, "tp_r": 4, "trail_r": 2}
s02_gross|IS|{"be_r": 1, "commission": 0.0, "exit_time": 18.0, "sl_k": 0.75, "slip": 0.0, "tp_r": 4, "trail_r": 2}
s02_gross|IS|{"be_r": 1, "commission": 0.0, "sl_k": 0.75, "slip": 0.0, "tp_r": 4, "trail_r": 2}
s02_gross|IS|{"be_r": 1, "commission": 0.0, "exit_time": 21.0, "sl_k": 0.75, "slip": 0.0, "tp_r": 4, "trail_r": 2}
s02_gross|IS|{"commission": 0.0, "exit_time": 14.0, "slip": 0.0}
s02_gross|IS|{"commission": 0.0, "exit_time": 16.0, "slip": 0.0}
s02_gross|IS|{"commission": 0.0, "exit_time": 18.0, "slip": 0.0}
s02_gross|IS|{"commission": 0.0, "slip": 0.0}
s02_gross|IS|{"commission": 0.0, "exit_time": 21.0, "slip": 0.0}
s02_gross|IS|{"commission": 0.0, "exit_time": 14.0, "slip": 0.0, "trail_r": 0.5}
s02_gross|IS|{"commission": 0.0, "exit_time": 16.0, "slip": 0.0, "trail_r": 0.5}
s02_gross|IS|{"commission": 0.0, "exit_time": 18.0, "slip": 0.0, "trail_r": 0.5}
s02_gross|IS|{"commission": 0.0, "slip": 0.0, "trail_r": 0.5}
s02_gross|IS|{"commission": 0.0, "exit_time": 21.0, "slip": 0.0, "trail_r": 0.5}
s02_gross|IS|{"commission": 0.0, "exit_time": 14.0, "slip": 0.0, "trail_r": 1}
s02_gross|IS|{"commission": 0.0, "exit_time": 16.0, "slip": 0.0, "trail_r": 1}
s02_gross|IS|{"commission": 0.0, "exit_time": 18.0, "slip": 0.0, "trail_r": 1}
s02_gross|IS|{"commission": 0.0, "slip": 0.0, "trail_r": 1}
s02_gross|IS|{"commission": 0.0, "exit_time": 21.0, "slip": 0.0, "trail_r": 1}
s02_gross|IS|{"commission": 0.0, "exit_time": 14.0, "slip": 0.0, "trail_r": 1.5}
s02_gross|IS|{"commission": 0.0, "exit_time": 16.0, "slip": 0.0, "trail_r": 1.5}
s02_gross|IS|{"commission": 0.0, "exit_time": 18.0, "slip": 0.0, "trail_r": 1.5}
s02_gross|IS|{"commission": 0.0, "slip": 0.0, "trail_r": 1.5}
s02_gross|IS|{"commission": 0.0, "exit_time": 21.0, "slip": 0.0, "trail_r": 1.5}
s02_gross|IS|{"commission": 0.0, "exit_time": 14.0, "slip": 0.0, "trail_r": 2}
s02_gross|IS|{"commission": 0.0, "exit_time": 16.0, "slip": 0.0, "trail_r": 2}
s02_gross|IS|{"commission": 0.0, "exit_time": 18.0, "slip": 0.0, "trail_r": 2}
s02_gross|IS|{"commission": 0.0, "slip": 0.0, "trail_r": 2}
s02_gross|IS|{"commission": 0.0, "exit_time": 21.0, "slip": 0.0, "trail_r": 2}
s02_gross|IS|{"be_r": 0.5, "commission": 0.0, "exit_time": 14.0, "slip": 0.0}
s02_gross|IS|{"be_r": 0.5, "commission": 0.0, "exit_time": 16.0, "slip": 0.0}
s02_gross|IS|{"be_r": 0.5, "commission": 0.0, "exit_time": 18.0, "slip": 0.0}
s02_gross|IS|{"be_r": 0.5, "commission": 0.0, "slip": 0.0}
s02_gross|IS|{"be_r": 0.5, "commission": 0.0, "exit_time": 21.0, "slip": 0.0}
s02_gross|IS|{"be_r": 0.5, "commission": 0.0, "exit_time": 14.0, "slip": 0.0, "trail_r": 0.5}
s02_gross|IS|{"be_r": 0.5, "commission": 0.0, "exit_time": 16.0, "slip": 0.0, "trail_r": 0.5}
s02_gross|IS|{"be_r": 0.5, "commission": 0.0, "exit_time": 18.0, "slip": 0.0, "trail_r": 0.5}
s02_gross|IS|{"be_r": 0.5, "commission": 0.0, "slip": 0.0, "trail_r": 0.5}
s02_gross|IS|{"be_r": 0.5, "commission": 0.0, "exit_time": 21.0, "slip": 0.0, "trail_r": 0.5}
s02_gross|IS|{"be_r": 0.5, "commission": 0.0, "exit_time": 14.0, "slip": 0.0, "trail_r": 1}
s02_gross|IS|{"be_r": 0.5, "commission": 0.0, "exit_time": 16.0, "slip": 0.0, "trail_r": 1}
s02_gross|IS|{"be_r": 0.5, "commission": 0.0, "exit_time": 18.0, "slip": 0.0, "trail_r": 1}
s02_gross|IS|{"be_r": 0.5, "commission": 0.0, "slip": 0.0, "trail_r": 1}
s02_gross|IS|{"be_r": 0.5, "commission": 0.0, "exit_time": 21.0, "slip": 0.0, "trail_r": 1}
s02_gross|IS|{"be_r": 0.5, "commission": 0.0, "exit_time": 14.0, "slip": 0.0, "trail_r": 1.5}
s02_gross|IS|{"be_r": 0.5, "commission": 0.0, "exit_time": 16.0, "slip": 0.0, "trail_r": 1.5}
s02_gross|IS|{"be_r": 0.5, "commission": 0.0, "exit_time": 18.0, "slip": 0.0, "trail_r": 1.5}
s02_gross|IS|{"be_r": 0.5, "commission": 0.0, "slip": 0.0, "trail_r": 1.5}
s02_gross|IS|{"be_r": 0.5, "commission": 0.0, "exit_time": 21.0, "slip": 0.0, "trail_r": 1.5}
s02_gross|IS|{"be_r": 0.5, "commission": 0.0, "exit_time": 14.0, "slip": 0.0, "trail_r": 2}
s02_gross|IS|{"be_r": 0.5, "commission": 0.0, "exit_time": 16.0, "slip": 0.0, "trail_r": 2}
s02_gross|IS|{"be_r": 0.5, "commission": 0.0, "exit_time": 18.0, "slip": 0.0, "trail_r": 2}
s02_gross|IS|{"be_r": 0.5, "commission": 0.0, "slip": 0.0, "trail_r": 2}
s02_gross|IS|{"be_r": 0.5, "commission": 0.0, "exit_time": 21.0, "slip": 0.0, "trail_r": 2}
s02_gross|IS|{"be_r": 1, "commission": 0.0, "exit_time": 14.0, "slip": 0.0}
s02_gross|IS|{"be_r": 1, "commission": 0.0, "exit_time": 16.0, "slip": 0.0}
s02_gross|IS|{"be_r": 1, "commission": 0.0, "exit_time": 18.0, "slip": 0.0}
s02_gross|IS|{"be_r": 1, "commission": 0.0, "slip": 0.0}
s02_gross|IS|{"be_r": 1, "commission": 0.0, "exit_time": 21.0, "slip": 0.0}
s02_gross|IS|{"be_r": 1, "commission": 0.0, "exit_time": 14.0, "slip": 0.0, "trail_r": 0.5}
s02_gross|IS|{"be_r": 1, "commission": 0.0, "exit_time": 16.0, "slip": 0.0, "trail_r": 0.5}
s02_gross|IS|{"be_r": 1, "commission": 0.0, "exit_time": 18.0, "slip": 0.0, "trail_r": 0.5}
s02_gross|IS|{"be_r": 1, "commission": 0.0, "slip": 0.0, "trail_r": 0.5}
s02_gross|IS|{"be_r": 1, "commission": 0.0, "exit_time": 21.0, "slip": 0.0, "trail_r": 0.5}
s02_gross|IS|{"be_r": 1, "commission": 0.0, "exit_time": 14.0, "slip": 0.0, "trail_r": 1}
s02_gross|IS|{"be_r": 1, "commission": 0.0, "exit_time": 16.0, "slip": 0.0, "trail_r": 1}
s02_gross|IS|{"be_r": 1, "commission": 0.0, "exit_time": 18.0, "slip": 0.0, "trail_r": 1}
s02_gross|IS|{"be_r": 1, "commission": 0.0, "slip": 0.0, "trail_r": 1}
s02_gross|IS|{"be_r": 1, "commission": 0.0, "exit_time": 21.0, "slip": 0.0, "trail_r": 1}
s02_gross|IS|{"be_r": 1, "commission": 0.0, "exit_time": 14.0, "slip": 0.0, "trail_r": 1.5}
s02_gross|IS|{"be_r": 1, "commission": 0.0, "exit_time": 16.0, "slip": 0.0, "trail_r": 1.5}
s02_gross|IS|{"be_r": 1, "commission": 0.0, "exit_time": 18.0, "slip": 0.0, "trail_r": 1.5}
s02_gross|IS|{"be_r": 1, "commission": 0.0, "slip": 0.0, "trail_r": 1.5}
s02_gross|IS|{"be_r": 1, "commission": 0.0, "exit_time": 21.0, "slip": 0.0, "trail_r": 1.5}
s02_gross|IS|{"be_r": 1, "commission": 0.0, "exit_time": 14.0, "slip": 0.0, "trail_r": 2}
s02_gross|IS|{"be_r": 1, "commission": 0.0, "exit_time": 16.0, "slip": 0.0, "trail_r": 2}
s02_gross|IS|{"be_r": 1, "commission": 0.0, "exit_time": 18.0, "slip": 0.0, "trail_r": 2}
s02_gross|IS|{"be_r": 1, "commission": 0.0, "slip": 0.0, "trail_r": 2}
s02_gross|IS|{"be_r": 1, "commission": 0.0, "exit_time": 21.0, "slip": 0.0, "trail_r": 2}
s02_gross|IS|{"commission": 0.0, "exit_time": 14.0, "slip": 0.0, "tp_r": 1}
s02_gross|IS|{"commission": 0.0, "exit_time": 16.0, "slip": 0.0, "tp_r": 1}
s02_gross|IS|{"commission": 0.0, "exit_time": 18.0, "slip": 0.0, "tp_r": 1}
s02_gross|IS|{"commission": 0.0, "slip": 0.0, "tp_r": 1}
s02_gross|IS|{"commission": 0.0, "exit_time": 21.0, "slip": 0.0, "tp_r": 1}
s02_gross|IS|{"commission": 0.0, "exit_time": 14.0, "slip": 0.0, "tp_r": 1, "trail_r": 0.5}
s02_gross|IS|{"commission": 0.0, "exit_time": 16.0, "slip": 0.0, "tp_r": 1, "trail_r": 0.5}
s02_gross|IS|{"commission": 0.0, "exit_time": 18.0, "slip": 0.0, "tp_r": 1, "trail_r": 0.5}
s02_gross|IS|{"commission": 0.0, "slip": 0.0, "tp_r": 1, "trail_r": 0.5}
s02_gross|IS|{"commission": 0.0, "exit_time": 21.0, "slip": 0.0, "tp_r": 1, "trail_r": 0.5}
s02_gross|IS|{"commission": 0.0, "exit_time": 14.0, "slip": 0.0, "tp_r": 1, "trail_r": 1}
s02_gross|IS|{"commission": 0.0, "exit_time": 16.0, "slip": 0.0, "tp_r": 1, "trail_r": 1}
s02_gross|IS|{"commission": 0.0, "exit_time": 18.0, "slip": 0.0, "tp_r": 1, "trail_r": 1}
s02_gross|IS|{"commission": 0.0, "slip": 0.0, "tp_r": 1, "trail_r": 1}
s02_gross|IS|{"commission": 0.0, "exit_time": 21.0, "slip": 0.0, "tp_r": 1, "trail_r": 1}
s02_gross|IS|{"commission": 0.0, "exit_time": 14.0, "slip": 0.0, "tp_r": 1, "trail_r": 1.5}
s02_gross|IS|{"commission": 0.0, "exit_time": 16.0, "slip": 0.0, "tp_r": 1, "trail_r": 1.5}
s02_gross|IS|{"commission": 0.0, "exit_time": 18.0, "slip": 0.0, "tp_r": 1, "trail_r": 1.5}
s02_gross|IS|{"commission": 0.0, "slip": 0.0, "tp_r": 1, "trail_r": 1.5}
s02_gross|IS|{"commission": 0.0, "exit_time": 21.0, "slip": 0.0, "tp_r": 1, "trail_r": 1.5}
s02_gross|IS|{"commission": 0.0, "exit_time": 14.0, "slip": 0.0, "tp_r": 1, "trail_r": 2}
s02_gross|IS|{"commission": 0.0, "exit_time": 16.0, "slip": 0.0, "tp_r": 1, "trail_r": 2}
s02_gross|IS|{"commission": 0.0, "exit_time": 18.0, "slip": 0.0, "tp_r": 1, "trail_r": 2}
s02_gross|IS|{"commission": 0.0, "slip": 0.0, "tp_r": 1, "trail_r": 2}
s02_gross|IS|{"commission": 0.0, "exit_time": 21.0, "slip": 0.0, "tp_r": 1, "trail_r": 2}
s02_gross|IS|{"be_r": 0.5, "commission": 0.0, "exit_time": 14.0, "slip": 0.0, "tp_r": 1}
s02_gross|IS|{"be_r": 0.5, "commission": 0.0, "exit_time": 16.0, "slip": 0.0, "tp_r": 1}
s02_gross|IS|{"be_r": 0.5, "commission": 0.0, "exit_time": 18.0, "slip": 0.0, "tp_r": 1}
s02_gross|IS|{"be_r": 0.5, "commission": 0.0, "slip": 0.0, "tp_r": 1}
s02_gross|IS|{"be_r": 0.5, "commission": 0.0, "exit_time": 21.0, "slip": 0.0, "tp_r": 1}
s02_gross|IS|{"be_r": 0.5, "commission": 0.0, "exit_time": 14.0, "slip": 0.0, "tp_r": 1, "trail_r": 0.5}
s02_gross|IS|{"be_r": 0.5, "commission": 0.0, "exit_time": 16.0, "slip": 0.0, "tp_r": 1, "trail_r": 0.5}
s02_gross|IS|{"be_r": 0.5, "commission": 0.0, "exit_time": 18.0, "slip": 0.0, "tp_r": 1, "trail_r": 0.5}
s02_gross|IS|{"be_r": 0.5, "commission": 0.0, "slip": 0.0, "tp_r": 1, "trail_r": 0.5}
s02_gross|IS|{"be_r": 0.5, "commission": 0.0, "exit_time": 21.0, "slip": 0.0, "tp_r": 1, "trail_r": 0.5}
s02_gross|IS|{"be_r": 0.5, "commission": 0.0, "exit_time": 14.0, "slip": 0.0, "tp_r": 1, "trail_r": 1}
s02_gross|IS|{"be_r": 0.5, "commission": 0.0, "exit_time": 16.0, "slip": 0.0, "tp_r": 1, "trail_r": 1}
s02_gross|IS|{"be_r": 0.5, "commission": 0.0, "exit_time": 18.0, "slip": 0.0, "tp_r": 1, "trail_r": 1}
s02_gross|IS|{"be_r": 0.5, "commission": 0.0, "slip": 0.0, "tp_r": 1, "trail_r": 1}
s02_gross|IS|{"be_r": 0.5, "commission": 0.0, "exit_time": 21.0, "slip": 0.0, "tp_r": 1, "trail_r": 1}
s02_gross|IS|{"be_r": 0.5, "commission": 0.0, "exit_time": 14.0, "slip": 0.0, "tp_r": 1, "trail_r": 1.5}
s02_gross|IS|{"be_r": 0.5, "commission": 0.0, "exit_time": 16.0, "slip": 0.0, "tp_r": 1, "trail_r": 1.5}
s02_gross|IS|{"be_r": 0.5, "commission": 0.0, "exit_time": 18.0, "slip": 0.0, "tp_r": 1, "trail_r": 1.5}
s02_gross|IS|{"be_r": 0.5, "commission": 0.0, "slip": 0.0, "tp_r": 1, "trail_r": 1.5}
s02_gross|IS|{"be_r": 0.5, "commission": 0.0, "exit_time": 21.0, "slip": 0.0, "tp_r": 1, "trail_r": 1.5}
s02_gross|IS|{"be_r": 0.5, "commission": 0.0, "exit_time": 14.0, "slip": 0.0, "tp_r": 1, "trail_r": 2}
s02_gross|IS|{"be_r": 0.5, "commission": 0.0, "exit_time": 16.0, "slip": 0.0, "tp_r": 1, "trail_r": 2}
s02_gross|IS|{"be_r": 0.5, "commission": 0.0, "exit_time": 18.0, "slip": 0.0, "tp_r": 1, "trail_r": 2}
s02_gross|IS|{"be_r": 0.5, "commission": 0.0, "slip": 0.0, "tp_r": 1, "trail_r": 2}
s02_gross|IS|{"be_r": 0.5, "commission": 0.0, "exit_time": 21.0, "slip": 0.0, "tp_r": 1, "trail_r": 2}
s02_gross|IS|{"be_r": 1, "commission": 0.0, "exit_time": 14.0, "slip": 0.0, "tp_r": 1}
s02_gross|IS|{"be_r": 1, "commission": 0.0, "exit_time": 16.0, "slip": 0.0, "tp_r": 1}
s02_gross|IS|{"be_r": 1, "commission": 0.0, "exit_time": 18.0, "slip": 0.0, "tp_r": 1}
s02_gross|IS|{"be_r": 1, "commission": 0.0, "slip": 0.0, "tp_r": 1}
s02_gross|IS|{"be_r": 1, "commission": 0.0, "exit_time": 21.0, "slip": 0.0, "tp_r": 1}
s02_gross|IS|{"be_r": 1, "commission": 0.0, "exit_time": 14.0, "slip": 0.0, "tp_r": 1, "trail_r": 0.5}
s02_gross|IS|{"be_r": 1, "commission": 0.0, "exit_time": 16.0, "slip": 0.0, "tp_r": 1, "trail_r": 0.5}
s02_gross|IS|{"be_r": 1, "commission": 0.0, "exit_time": 18.0, "slip": 0.0, "tp_r": 1, "trail_r": 0.5}
s02_gross|IS|{"be_r": 1, "commission": 0.0, "slip": 0.0, "tp_r": 1, "trail_r": 0.5}
s02_gross|IS|{"be_r": 1, "commission": 0.0, "exit_time": 21.0, "slip": 0.0, "tp_r": 1, "trail_r": 0.5}
s02_gross|IS|{"be_r": 1, "commission": 0.0, "exit_time": 14.0, "slip": 0.0, "tp_r": 1, "trail_r": 1}
s02_gross|IS|{"be_r": 1, "commission": 0.0, "exit_time": 16.0, "slip": 0.0, "tp_r": 1, "trail_r": 1}
s02_gross|IS|{"be_r": 1, "commission": 0.0, "exit_time": 18.0, "slip": 0.0, "tp_r": 1, "trail_r": 1}
s02_gross|IS|{"be_r": 1, "commission": 0.0, "slip": 0.0, "tp_r": 1, "trail_r": 1}
s02_gross|IS|{"be_r": 1, "commission": 0.0, "exit_time": 21.0, "slip": 0.0, "tp_r": 1, "trail_r": 1}
s02_gross|IS|{"be_r": 1, "commission": 0.0, "exit_time": 14.0, "slip": 0.0, "tp_r": 1, "trail_r": 1.5}
s02_gross|IS|{"be_r": 1, "commission": 0.0, "exit_time": 16.0, "slip": 0.0, "tp_r": 1, "trail_r": 1.5}
s02_gross|IS|{"be_r": 1, "commission": 0.0, "exit_time": 18.0, "slip": 0.0, "tp_r": 1, "trail_r": 1.5}
s02_gross|IS|{"be_r": 1, "commission": 0.0, "slip": 0.0, "tp_r": 1, "trail_r": 1.5}
s02_gross|IS|{"be_r": 1, "commission": 0.0, "exit_time": 21.0, "slip": 0.0, "tp_r": 1, "trail_r": 1.5}
s02_gross|IS|{"be_r": 1, "commission": 0.0, "exit_time": 14.0, "slip": 0.0, "tp_r": 1, "trail_r": 2}
s02_gross|IS|{"be_r": 1, "commission": 0.0, "exit_time": 16.0, "slip": 0.0, "tp_r": 1, "trail_r": 2}
s02_gross|IS|{"be_r": 1, "commission": 0.0, "exit_time": 18.0, "slip": 0.0, "tp_r": 1, "trail_r": 2}
s02_gross|IS|{"be_r": 1, "commission": 0.0, "slip": 0.0, "tp_r": 1, "trail_r": 2}
s02_gross|IS|{"be_r": 1, "commission": 0.0, "exit_time": 21.0, "slip": 0.0, "tp_r": 1, "trail_r": 2}
s02_gross|IS|{"commission": 0.0, "exit_time": 14.0, "slip": 0.0, "tp_r": 1.5}
s02_gross|IS|{"commission": 0.0, "exit_time": 16.0, "slip": 0.0, "tp_r": 1.5}
s02_gross|IS|{"commission": 0.0, "exit_time": 18.0, "slip": 0.0, "tp_r": 1.5}
s02_gross|IS|{"commission": 0.0, "slip": 0.0, "tp_r": 1.5}
s02_gross|IS|{"commission": 0.0, "exit_time": 21.0, "slip": 0.0, "tp_r": 1.5}
s02_gross|IS|{"commission": 0.0, "exit_time": 14.0, "slip": 0.0, "tp_r": 1.5, "trail_r": 0.5}
s02_gross|IS|{"commission": 0.0, "exit_time": 16.0, "slip": 0.0, "tp_r": 1.5, "trail_r": 0.5}
s02_gross|IS|{"commission": 0.0, "exit_time": 18.0, "slip": 0.0, "tp_r": 1.5, "trail_r": 0.5}
s02_gross|IS|{"commission": 0.0, "slip": 0.0, "tp_r": 1.5, "trail_r": 0.5}
s02_gross|IS|{"commission": 0.0, "exit_time": 21.0, "slip": 0.0, "tp_r": 1.5, "trail_r": 0.5}
s02_gross|IS|{"commission": 0.0, "exit_time": 14.0, "slip": 0.0, "tp_r": 1.5, "trail_r": 1}
s02_gross|IS|{"commission": 0.0, "exit_time": 16.0, "slip": 0.0, "tp_r": 1.5, "trail_r": 1}
s02_gross|IS|{"commission": 0.0, "exit_time": 18.0, "slip": 0.0, "tp_r": 1.5, "trail_r": 1}
s02_gross|IS|{"commission": 0.0, "slip": 0.0, "tp_r": 1.5, "trail_r": 1}
s02_gross|IS|{"commission": 0.0, "exit_time": 21.0, "slip": 0.0, "tp_r": 1.5, "trail_r": 1}
s02_gross|IS|{"commission": 0.0, "exit_time": 14.0, "slip": 0.0, "tp_r": 1.5, "trail_r": 1.5}
s02_gross|IS|{"commission": 0.0, "exit_time": 16.0, "slip": 0.0, "tp_r": 1.5, "trail_r": 1.5}
s02_gross|IS|{"commission": 0.0, "exit_time": 18.0, "slip": 0.0, "tp_r": 1.5, "trail_r": 1.5}
s02_gross|IS|{"commission": 0.0, "slip": 0.0, "tp_r": 1.5, "trail_r": 1.5}
s02_gross|IS|{"commission": 0.0, "exit_time": 21.0, "slip": 0.0, "tp_r": 1.5, "trail_r": 1.5}
s02_gross|IS|{"commission": 0.0, "exit_time": 14.0, "slip": 0.0, "tp_r": 1.5, "trail_r": 2}
s02_gross|IS|{"commission": 0.0, "exit_time": 16.0, "slip": 0.0, "tp_r": 1.5, "trail_r": 2}
s02_gross|IS|{"commission": 0.0, "exit_time": 18.0, "slip": 0.0, "tp_r": 1.5, "trail_r": 2}
s02_gross|IS|{"commission": 0.0, "slip": 0.0, "tp_r": 1.5, "trail_r": 2}
s02_gross|IS|{"commission": 0.0, "exit_time": 21.0, "slip": 0.0, "tp_r": 1.5, "trail_r": 2}
s02_gross|IS|{"be_r": 0.5, "commission": 0.0, "exit_time": 14.0, "slip": 0.0, "tp_r": 1.5}
s02_gross|IS|{"be_r": 0.5, "commission": 0.0, "exit_time": 16.0, "slip": 0.0, "tp_r": 1.5}
s02_gross|IS|{"be_r": 0.5, "commission": 0.0, "exit_time": 18.0, "slip": 0.0, "tp_r": 1.5}
s02_gross|IS|{"be_r": 0.5, "commission": 0.0, "slip": 0.0, "tp_r": 1.5}
s02_gross|IS|{"be_r": 0.5, "commission": 0.0, "exit_time": 21.0, "slip": 0.0, "tp_r": 1.5}
s02_gross|IS|{"be_r": 0.5, "commission": 0.0, "exit_time": 14.0, "slip": 0.0, "tp_r": 1.5, "trail_r": 0.5}
s02_gross|IS|{"be_r": 0.5, "commission": 0.0, "exit_time": 16.0, "slip": 0.0, "tp_r": 1.5, "trail_r": 0.5}
s02_gross|IS|{"be_r": 0.5, "commission": 0.0, "exit_time": 18.0, "slip": 0.0, "tp_r": 1.5, "trail_r": 0.5}
s02_gross|IS|{"be_r": 0.5, "commission": 0.0, "slip": 0.0, "tp_r": 1.5, "trail_r": 0.5}
s02_gross|IS|{"be_r": 0.5, "commission": 0.0, "exit_time": 21.0, "slip": 0.0, "tp_r": 1.5, "trail_r": 0.5}
s02_gross|IS|{"be_r": 0.5, "commission": 0.0, "exit_time": 14.0, "slip": 0.0, "tp_r": 1.5, "trail_r": 1}
s02_gross|IS|{"be_r": 0.5, "commission": 0.0, "exit_time": 16.0, "slip": 0.0, "tp_r": 1.5, "trail_r": 1}
s02_gross|IS|{"be_r": 0.5, "commission": 0.0, "exit_time": 18.0, "slip": 0.0, "tp_r": 1.5, "trail_r": 1}
s02_gross|IS|{"be_r": 0.5, "commission": 0.0, "slip": 0.0, "tp_r": 1.5, "trail_r": 1}
s02_gross|IS|{"be_r": 0.5, "commission": 0.0, "exit_time": 21.0, "slip": 0.0, "tp_r": 1.5, "trail_r": 1}
s02_gross|IS|{"be_r": 0.5, "commission": 0.0, "exit_time": 14.0, "slip": 0.0, "tp_r": 1.5, "trail_r": 1.5}
s02_gross|IS|{"be_r": 0.5, "commission": 0.0, "exit_time": 16.0, "slip": 0.0, "tp_r": 1.5, "trail_r": 1.5}
s02_gross|IS|{"be_r": 0.5, "commission": 0.0, "exit_time": 18.0, "slip": 0.0, "tp_r": 1.5, "trail_r": 1.5}
s02_gross|IS|{"be_r": 0.5, "commission": 0.0, "slip": 0.0, "tp_r": 1.5, "trail_r": 1.5}
s02_gross|IS|{"be_r": 0.5, "commission": 0.0, "exit_time": 21.0, "slip": 0.0, "tp_r": 1.5, "trail_r": 1.5}
s02_gross|IS|{"be_r": 0.5, "commission": 0.0, "exit_time": 14.0, "slip": 0.0, "tp_r": 1.5, "trail_r": 2}
s02_gross|IS|{"be_r": 0.5, "commission": 0.0, "exit_time": 16.0, "slip": 0.0, "tp_r": 1.5, "trail_r": 2}
s02_gross|IS|{"be_r": 0.5, "commission": 0.0, "exit_time": 18.0, "slip": 0.0, "tp_r": 1.5, "trail_r": 2}
s02_gross|IS|{"be_r": 0.5, "commission": 0.0, "slip": 0.0, "tp_r": 1.5, "trail_r": 2}
s02_gross|IS|{"be_r": 0.5, "commission": 0.0, "exit_time": 21.0, "slip": 0.0, "tp_r": 1.5, "trail_r": 2}
s02_gross|IS|{"be_r": 1, "commission": 0.0, "exit_time": 14.0, "slip": 0.0, "tp_r": 1.5}
s02_gross|IS|{"be_r": 1, "commission": 0.0, "exit_time": 16.0, "slip": 0.0, "tp_r": 1.5}
s02_gross|IS|{"be_r": 1, "commission": 0.0, "exit_time": 18.0, "slip": 0.0, "tp_r": 1.5}
s02_gross|IS|{"be_r": 1, "commission": 0.0, "slip": 0.0, "tp_r": 1.5}
s02_gross|IS|{"be_r": 1, "commission": 0.0, "exit_time": 21.0, "slip": 0.0, "tp_r": 1.5}
s02_gross|IS|{"be_r": 1, "commission": 0.0, "exit_time": 14.0, "slip": 0.0, "tp_r": 1.5, "trail_r": 0.5}
s02_gross|IS|{"be_r": 1, "commission": 0.0, "exit_time": 16.0, "slip": 0.0, "tp_r": 1.5, "trail_r": 0.5}
s02_gross|IS|{"be_r": 1, "commission": 0.0, "exit_time": 18.0, "slip": 0.0, "tp_r": 1.5, "trail_r": 0.5}
s02_gross|IS|{"be_r": 1, "commission": 0.0, "slip": 0.0, "tp_r": 1.5, "trail_r": 0.5}
s02_gross|IS|{"be_r": 1, "commission": 0.0, "exit_time": 21.0, "slip": 0.0, "tp_r": 1.5, "trail_r": 0.5}
s02_gross|IS|{"be_r": 1, "commission": 0.0, "exit_time": 14.0, "slip": 0.0, "tp_r": 1.5, "trail_r": 1}
s02_gross|IS|{"be_r": 1, "commission": 0.0, "exit_time": 16.0, "slip": 0.0, "tp_r": 1.5, "trail_r": 1}
s02_gross|IS|{"be_r": 1, "commission": 0.0, "exit_time": 18.0, "slip": 0.0, "tp_r": 1.5, "trail_r": 1}
s02_gross|IS|{"be_r": 1, "commission": 0.0, "slip": 0.0, "tp_r": 1.5, "trail_r": 1}
s02_gross|IS|{"be_r": 1, "commission": 0.0, "exit_time": 21.0, "slip": 0.0, "tp_r": 1.5, "trail_r": 1}
s02_gross|IS|{"be_r": 1, "commission": 0.0, "exit_time": 14.0, "slip": 0.0, "tp_r": 1.5, "trail_r": 1.5}
s02_gross|IS|{"be_r": 1, "commission": 0.0, "exit_time": 16.0, "slip": 0.0, "tp_r": 1.5, "trail_r": 1.5}
s02_gross|IS|{"be_r": 1, "commission": 0.0, "exit_time": 18.0, "slip": 0.0, "tp_r": 1.5, "trail_r": 1.5}
s02_gross|IS|{"be_r": 1, "commission": 0.0, "slip": 0.0, "tp_r": 1.5, "trail_r": 1.5}
s02_gross|IS|{"be_r": 1, "commission": 0.0, "exit_time": 21.0, "slip": 0.0, "tp_r": 1.5, "trail_r": 1.5}
s02_gross|IS|{"be_r": 1, "commission": 0.0, "exit_time": 14.0, "slip": 0.0, "tp_r": 1.5, "trail_r": 2}
s02_gross|IS|{"be_r": 1, "commission": 0.0, "exit_time": 16.0, "slip": 0.0, "tp_r": 1.5, "trail_r": 2}
s02_gross|IS|{"be_r": 1, "commission": 0.0, "exit_time": 18.0, "slip": 0.0, "tp_r": 1.5, "trail_r": 2}
s02_gross|IS|{"be_r": 1, "commission": 0.0, "slip": 0.0, "tp_r": 1.5, "trail_r": 2}
s02_gross|IS|{"be_r": 1, "commission": 0.0, "exit_time": 21.0, "slip": 0.0, "tp_r": 1.5, "trail_r": 2}
s02_gross|IS|{"commission": 0.0, "exit_time": 14.0, "slip": 0.0, "tp_r": 2}
s02_gross|IS|{"commission": 0.0, "exit_time": 16.0, "slip": 0.0, "tp_r": 2}
s02_gross|IS|{"commission": 0.0, "exit_time": 18.0, "slip": 0.0, "tp_r": 2}
s02_gross|IS|{"commission": 0.0, "slip": 0.0, "tp_r": 2}
s02_gross|IS|{"commission": 0.0, "exit_time": 21.0, "slip": 0.0, "tp_r": 2}
s02_gross|IS|{"commission": 0.0, "exit_time": 14.0, "slip": 0.0, "tp_r": 2, "trail_r": 0.5}
s02_gross|IS|{"commission": 0.0, "exit_time": 16.0, "slip": 0.0, "tp_r": 2, "trail_r": 0.5}
s02_gross|IS|{"commission": 0.0, "exit_time": 18.0, "slip": 0.0, "tp_r": 2, "trail_r": 0.5}
s02_gross|IS|{"commission": 0.0, "slip": 0.0, "tp_r": 2, "trail_r": 0.5}
s02_gross|IS|{"commission": 0.0, "exit_time": 21.0, "slip": 0.0, "tp_r": 2, "trail_r": 0.5}
s02_gross|IS|{"commission": 0.0, "exit_time": 14.0, "slip": 0.0, "tp_r": 2, "trail_r": 1}
s02_gross|IS|{"commission": 0.0, "exit_time": 16.0, "slip": 0.0, "tp_r": 2, "trail_r": 1}
s02_gross|IS|{"commission": 0.0, "exit_time": 18.0, "slip": 0.0, "tp_r": 2, "trail_r": 1}
s02_gross|IS|{"commission": 0.0, "slip": 0.0, "tp_r": 2, "trail_r": 1}
s02_gross|IS|{"commission": 0.0, "exit_time": 21.0, "slip": 0.0, "tp_r": 2, "trail_r": 1}
s02_gross|IS|{"commission": 0.0, "exit_time": 14.0, "slip": 0.0, "tp_r": 2, "trail_r": 1.5}
s02_gross|IS|{"commission": 0.0, "exit_time": 16.0, "slip": 0.0, "tp_r": 2, "trail_r": 1.5}
s02_gross|IS|{"commission": 0.0, "exit_time": 18.0, "slip": 0.0, "tp_r": 2, "trail_r": 1.5}
s02_gross|IS|{"commission": 0.0, "slip": 0.0, "tp_r": 2, "trail_r": 1.5}
s02_gross|IS|{"commission": 0.0, "exit_time": 21.0, "slip": 0.0, "tp_r": 2, "trail_r": 1.5}
s02_gross|IS|{"commission": 0.0, "exit_time": 14.0, "slip": 0.0, "tp_r": 2, "trail_r": 2}
s02_gross|IS|{"commission": 0.0, "exit_time": 16.0, "slip": 0.0, "tp_r": 2, "trail_r": 2}
s02_gross|IS|{"commission": 0.0, "exit_time": 18.0, "slip": 0.0, "tp_r": 2, "trail_r": 2}
s02_gross|IS|{"commission": 0.0, "slip": 0.0, "tp_r": 2, "trail_r": 2}
s02_gross|IS|{"commission": 0.0, "exit_time": 21.0, "slip": 0.0, "tp_r": 2, "trail_r": 2}
s02_gross|IS|{"be_r": 0.5, "commission": 0.0, "exit_time": 14.0, "slip": 0.0, "tp_r": 2}
s02_gross|IS|{"be_r": 0.5, "commission": 0.0, "exit_time": 16.0, "slip": 0.0, "tp_r": 2}
s02_gross|IS|{"be_r": 0.5, "commission": 0.0, "exit_time": 18.0, "slip": 0.0, "tp_r": 2}
s02_gross|IS|{"be_r": 0.5, "commission": 0.0, "slip": 0.0, "tp_r": 2}
s02_gross|IS|{"be_r": 0.5, "commission": 0.0, "exit_time": 21.0, "slip": 0.0, "tp_r": 2}
s02_gross|IS|{"be_r": 0.5, "commission": 0.0, "exit_time": 14.0, "slip": 0.0, "tp_r": 2, "trail_r": 0.5}
s02_gross|IS|{"be_r": 0.5, "commission": 0.0, "exit_time": 16.0, "slip": 0.0, "tp_r": 2, "trail_r": 0.5}
s02_gross|IS|{"be_r": 0.5, "commission": 0.0, "exit_time": 18.0, "slip": 0.0, "tp_r": 2, "trail_r": 0.5}
s02_gross|IS|{"be_r": 0.5, "commission": 0.0, "slip": 0.0, "tp_r": 2, "trail_r": 0.5}
s02_gross|IS|{"be_r": 0.5, "commission": 0.0, "exit_time": 21.0, "slip": 0.0, "tp_r": 2, "trail_r": 0.5}
s02_gross|IS|{"be_r": 0.5, "commission": 0.0, "exit_time": 14.0, "slip": 0.0, "tp_r": 2, "trail_r": 1}
s02_gross|IS|{"be_r": 0.5, "commission": 0.0, "exit_time": 16.0, "slip": 0.0, "tp_r": 2, "trail_r": 1}
s02_gross|IS|{"be_r": 0.5, "commission": 0.0, "exit_time": 18.0, "slip": 0.0, "tp_r": 2, "trail_r": 1}
s02_gross|IS|{"be_r": 0.5, "commission": 0.0, "slip": 0.0, "tp_r": 2, "trail_r": 1}
s02_gross|IS|{"be_r": 0.5, "commission": 0.0, "exit_time": 21.0, "slip": 0.0, "tp_r": 2, "trail_r": 1}
s02_gross|IS|{"be_r": 0.5, "commission": 0.0, "exit_time": 14.0, "slip": 0.0, "tp_r": 2, "trail_r": 1.5}
s02_gross|IS|{"be_r": 0.5, "commission": 0.0, "exit_time": 16.0, "slip": 0.0, "tp_r": 2, "trail_r": 1.5}
s02_gross|IS|{"be_r": 0.5, "commission": 0.0, "exit_time": 18.0, "slip": 0.0, "tp_r": 2, "trail_r": 1.5}
s02_gross|IS|{"be_r": 0.5, "commission": 0.0, "slip": 0.0, "tp_r": 2, "trail_r": 1.5}
s02_gross|IS|{"be_r": 0.5, "commission": 0.0, "exit_time": 21.0, "slip": 0.0, "tp_r": 2, "trail_r": 1.5}
s02_gross|IS|{"be_r": 0.5, "commission": 0.0, "exit_time": 14.0, "slip": 0.0, "tp_r": 2, "trail_r": 2}
s02_gross|IS|{"be_r": 0.5, "commission": 0.0, "exit_time": 16.0, "slip": 0.0, "tp_r": 2, "trail_r": 2}
s02_gross|IS|{"be_r": 0.5, "commission": 0.0, "exit_time": 18.0, "slip": 0.0, "tp_r": 2, "trail_r": 2}
s02_gross|IS|{"be_r": 0.5, "commission": 0.0, "slip": 0.0, "tp_r": 2, "trail_r": 2}
s02_gross|IS|{"be_r": 0.5, "commission": 0.0, "exit_time": 21.0, "slip": 0.0, "tp_r": 2, "trail_r": 2}
s02_gross|IS|{"be_r": 1, "commission": 0.0, "exit_time": 14.0, "slip": 0.0, "tp_r": 2}
s02_gross|IS|{"be_r": 1, "commission": 0.0, "exit_time": 16.0, "slip": 0.0, "tp_r": 2}
s02_gross|IS|{"be_r": 1, "commission": 0.0, "exit_time": 18.0, "slip": 0.0, "tp_r": 2}
s02_gross|IS|{"be_r": 1, "commission": 0.0, "slip": 0.0, "tp_r": 2}
s02_gross|IS|{"be_r": 1, "commission": 0.0, "exit_time": 21.0, "slip": 0.0, "tp_r": 2}
s02_gross|IS|{"be_r": 1, "commission": 0.0, "exit_time": 14.0, "slip": 0.0, "tp_r": 2, "trail_r": 0.5}
s02_gross|IS|{"be_r": 1, "commission": 0.0, "exit_time": 16.0, "slip": 0.0, "tp_r": 2, "trail_r": 0.5}
s02_gross|IS|{"be_r": 1, "commission": 0.0, "exit_time": 18.0, "slip": 0.0, "tp_r": 2, "trail_r": 0.5}
s02_gross|IS|{"be_r": 1, "commission": 0.0, "slip": 0.0, "tp_r": 2, "trail_r": 0.5}
s02_gross|IS|{"be_r": 1, "commission": 0.0, "exit_time": 21.0, "slip": 0.0, "tp_r": 2, "trail_r": 0.5}
s02_gross|IS|{"be_r": 1, "commission": 0.0, "exit_time": 14.0, "slip": 0.0, "tp_r": 2, "trail_r": 1}
s02_gross|IS|{"be_r": 1, "commission": 0.0, "exit_time": 16.0, "slip": 0.0, "tp_r": 2, "trail_r": 1}
s02_gross|IS|{"be_r": 1, "commission": 0.0, "exit_time": 18.0, "slip": 0.0, "tp_r": 2, "trail_r": 1}
s02_gross|IS|{"be_r": 1, "commission": 0.0, "slip": 0.0, "tp_r": 2, "trail_r": 1}
s02_gross|IS|{"be_r": 1, "commission": 0.0, "exit_time": 21.0, "slip": 0.0, "tp_r": 2, "trail_r": 1}
s02_gross|IS|{"be_r": 1, "commission": 0.0, "exit_time": 14.0, "slip": 0.0, "tp_r": 2, "trail_r": 1.5}
s02_gross|IS|{"be_r": 1, "commission": 0.0, "exit_time": 16.0, "slip": 0.0, "tp_r": 2, "trail_r": 1.5}
s02_gross|IS|{"be_r": 1, "commission": 0.0, "exit_time": 18.0, "slip": 0.0, "tp_r": 2, "trail_r": 1.5}
s02_gross|IS|{"be_r": 1, "commission": 0.0, "slip": 0.0, "tp_r": 2, "trail_r": 1.5}
s02_gross|IS|{"be_r": 1, "commission": 0.0, "exit_time": 21.0, "slip": 0.0, "tp_r": 2, "trail_r": 1.5}
s02_gross|IS|{"be_r": 1, "commission": 0.0, "exit_time": 14.0, "slip": 0.0, "tp_r": 2, "trail_r": 2}
s02_gross|IS|{"be_r": 1, "commission": 0.0, "exit_time": 16.0, "slip": 0.0, "tp_r": 2, "trail_r": 2}
s02_gross|IS|{"be_r": 1, "commission": 0.0, "exit_time": 18.0, "slip": 0.0, "tp_r": 2, "trail_r": 2}
s02_gross|IS|{"be_r": 1, "commission": 0.0, "slip": 0.0, "tp_r": 2, "trail_r": 2}
s02_gross|IS|{"be_r": 1, "commission": 0.0, "exit_time": 21.0, "slip": 0.0, "tp_r": 2, "trail_r": 2}
s02_gross|IS|{"commission": 0.0, "exit_time": 14.0, "slip": 0.0, "tp_r": 3}
s02_gross|IS|{"commission": 0.0, "exit_time": 16.0, "slip": 0.0, "tp_r": 3}
s02_gross|IS|{"commission": 0.0, "exit_time": 18.0, "slip": 0.0, "tp_r": 3}
s02_gross|IS|{"commission": 0.0, "slip": 0.0, "tp_r": 3}
s02_gross|IS|{"commission": 0.0, "exit_time": 21.0, "slip": 0.0, "tp_r": 3}
s02_gross|IS|{"commission": 0.0, "exit_time": 14.0, "slip": 0.0, "tp_r": 3, "trail_r": 0.5}
s02_gross|IS|{"commission": 0.0, "exit_time": 16.0, "slip": 0.0, "tp_r": 3, "trail_r": 0.5}
s02_gross|IS|{"commission": 0.0, "exit_time": 18.0, "slip": 0.0, "tp_r": 3, "trail_r": 0.5}
s02_gross|IS|{"commission": 0.0, "slip": 0.0, "tp_r": 3, "trail_r": 0.5}
s02_gross|IS|{"commission": 0.0, "exit_time": 21.0, "slip": 0.0, "tp_r": 3, "trail_r": 0.5}
s02_gross|IS|{"commission": 0.0, "exit_time": 14.0, "slip": 0.0, "tp_r": 3, "trail_r": 1}
s02_gross|IS|{"commission": 0.0, "exit_time": 16.0, "slip": 0.0, "tp_r": 3, "trail_r": 1}
s02_gross|IS|{"commission": 0.0, "exit_time": 18.0, "slip": 0.0, "tp_r": 3, "trail_r": 1}
s02_gross|IS|{"commission": 0.0, "slip": 0.0, "tp_r": 3, "trail_r": 1}
s02_gross|IS|{"commission": 0.0, "exit_time": 21.0, "slip": 0.0, "tp_r": 3, "trail_r": 1}
s02_gross|IS|{"commission": 0.0, "exit_time": 14.0, "slip": 0.0, "tp_r": 3, "trail_r": 1.5}
s02_gross|IS|{"commission": 0.0, "exit_time": 16.0, "slip": 0.0, "tp_r": 3, "trail_r": 1.5}
s02_gross|IS|{"commission": 0.0, "exit_time": 18.0, "slip": 0.0, "tp_r": 3, "trail_r": 1.5}
s02_gross|IS|{"commission": 0.0, "slip": 0.0, "tp_r": 3, "trail_r": 1.5}
s02_gross|IS|{"commission": 0.0, "exit_time": 21.0, "slip": 0.0, "tp_r": 3, "trail_r": 1.5}
s02_gross|IS|{"commission": 0.0, "exit_time": 14.0, "slip": 0.0, "tp_r": 3, "trail_r": 2}
s02_gross|IS|{"commission": 0.0, "exit_time": 16.0, "slip": 0.0, "tp_r": 3, "trail_r": 2}
s02_gross|IS|{"commission": 0.0, "exit_time": 18.0, "slip": 0.0, "tp_r": 3, "trail_r": 2}
s02_gross|IS|{"commission": 0.0, "slip": 0.0, "tp_r": 3, "trail_r": 2}
s02_gross|IS|{"commission": 0.0, "exit_time": 21.0, "slip": 0.0, "tp_r": 3, "trail_r": 2}
s02_gross|IS|{"be_r": 0.5, "commission": 0.0, "exit_time": 14.0, "slip": 0.0, "tp_r": 3}
s02_gross|IS|{"be_r": 0.5, "commission": 0.0, "exit_time": 16.0, "slip": 0.0, "tp_r": 3}
s02_gross|IS|{"be_r": 0.5, "commission": 0.0, "exit_time": 18.0, "slip": 0.0, "tp_r": 3}
s02_gross|IS|{"be_r": 0.5, "commission": 0.0, "slip": 0.0, "tp_r": 3}
s02_gross|IS|{"be_r": 0.5, "commission": 0.0, "exit_time": 21.0, "slip": 0.0, "tp_r": 3}
s02_gross|IS|{"be_r": 0.5, "commission": 0.0, "exit_time": 14.0, "slip": 0.0, "tp_r": 3, "trail_r": 0.5}
s02_gross|IS|{"be_r": 0.5, "commission": 0.0, "exit_time": 16.0, "slip": 0.0, "tp_r": 3, "trail_r": 0.5}
s02_gross|IS|{"be_r": 0.5, "commission": 0.0, "exit_time": 18.0, "slip": 0.0, "tp_r": 3, "trail_r": 0.5}
s02_gross|IS|{"be_r": 0.5, "commission": 0.0, "slip": 0.0, "tp_r": 3, "trail_r": 0.5}
s02_gross|IS|{"be_r": 0.5, "commission": 0.0, "exit_time": 21.0, "slip": 0.0, "tp_r": 3, "trail_r": 0.5}
s02_gross|IS|{"be_r": 0.5, "commission": 0.0, "exit_time": 14.0, "slip": 0.0, "tp_r": 3, "trail_r": 1}
s02_gross|IS|{"be_r": 0.5, "commission": 0.0, "exit_time": 16.0, "slip": 0.0, "tp_r": 3, "trail_r": 1}
s02_gross|IS|{"be_r": 0.5, "commission": 0.0, "exit_time": 18.0, "slip": 0.0, "tp_r": 3, "trail_r": 1}
s02_gross|IS|{"be_r": 0.5, "commission": 0.0, "slip": 0.0, "tp_r": 3, "trail_r": 1}
s02_gross|IS|{"be_r": 0.5, "commission": 0.0, "exit_time": 21.0, "slip": 0.0, "tp_r": 3, "trail_r": 1}
s02_gross|IS|{"be_r": 0.5, "commission": 0.0, "exit_time": 14.0, "slip": 0.0, "tp_r": 3, "trail_r": 1.5}
s02_gross|IS|{"be_r": 0.5, "commission": 0.0, "exit_time": 16.0, "slip": 0.0, "tp_r": 3, "trail_r": 1.5}
s02_gross|IS|{"be_r": 0.5, "commission": 0.0, "exit_time": 18.0, "slip": 0.0, "tp_r": 3, "trail_r": 1.5}
s02_gross|IS|{"be_r": 0.5, "commission": 0.0, "slip": 0.0, "tp_r": 3, "trail_r": 1.5}
s02_gross|IS|{"be_r": 0.5, "commission": 0.0, "exit_time": 21.0, "slip": 0.0, "tp_r": 3, "trail_r": 1.5}
s02_gross|IS|{"be_r": 0.5, "commission": 0.0, "exit_time": 14.0, "slip": 0.0, "tp_r": 3, "trail_r": 2}
s02_gross|IS|{"be_r": 0.5, "commission": 0.0, "exit_time": 16.0, "slip": 0.0, "tp_r": 3, "trail_r": 2}
s02_gross|IS|{"be_r": 0.5, "commission": 0.0, "exit_time": 18.0, "slip": 0.0, "tp_r": 3, "trail_r": 2}
s02_gross|IS|{"be_r": 0.5, "commission": 0.0, "slip": 0.0, "tp_r": 3, "trail_r": 2}
s02_gross|IS|{"be_r": 0.5, "commission": 0.0, "exit_time": 21.0, "slip": 0.0, "tp_r": 3, "trail_r": 2}
s02_gross|IS|{"be_r": 1, "commission": 0.0, "exit_time": 14.0, "slip": 0.0, "tp_r": 3}
s02_gross|IS|{"be_r": 1, "commission": 0.0, "exit_time": 16.0, "slip": 0.0, "tp_r": 3}
s02_gross|IS|{"be_r": 1, "commission": 0.0, "exit_time": 18.0, "slip": 0.0, "tp_r": 3}
s02_gross|IS|{"be_r": 1, "commission": 0.0, "slip": 0.0, "tp_r": 3}
s02_gross|IS|{"be_r": 1, "commission": 0.0, "exit_time": 21.0, "slip": 0.0, "tp_r": 3}
s02_gross|IS|{"be_r": 1, "commission": 0.0, "exit_time": 14.0, "slip": 0.0, "tp_r": 3, "trail_r": 0.5}
s02_gross|IS|{"be_r": 1, "commission": 0.0, "exit_time": 16.0, "slip": 0.0, "tp_r": 3, "trail_r": 0.5}
s02_gross|IS|{"be_r": 1, "commission": 0.0, "exit_time": 18.0, "slip": 0.0, "tp_r": 3, "trail_r": 0.5}
s02_gross|IS|{"be_r": 1, "commission": 0.0, "slip": 0.0, "tp_r": 3, "trail_r": 0.5}
s02_gross|IS|{"be_r": 1, "commission": 0.0, "exit_time": 21.0, "slip": 0.0, "tp_r": 3, "trail_r": 0.5}
s02_gross|IS|{"be_r": 1, "commission": 0.0, "exit_time": 14.0, "slip": 0.0, "tp_r": 3, "trail_r": 1}
s02_gross|IS|{"be_r": 1, "commission": 0.0, "exit_time": 16.0, "slip": 0.0, "tp_r": 3, "trail_r": 1}
s02_gross|IS|{"be_r": 1, "commission": 0.0, "exit_time": 18.0, "slip": 0.0, "tp_r": 3, "trail_r": 1}
s02_gross|IS|{"be_r": 1, "commission": 0.0, "slip": 0.0, "tp_r": 3, "trail_r": 1}
s02_gross|IS|{"be_r": 1, "commission": 0.0, "exit_time": 21.0, "slip": 0.0, "tp_r": 3, "trail_r": 1}
s02_gross|IS|{"be_r": 1, "commission": 0.0, "exit_time": 14.0, "slip": 0.0, "tp_r": 3, "trail_r": 1.5}
s02_gross|IS|{"be_r": 1, "commission": 0.0, "exit_time": 16.0, "slip": 0.0, "tp_r": 3, "trail_r": 1.5}
s02_gross|IS|{"be_r": 1, "commission": 0.0, "exit_time": 18.0, "slip": 0.0, "tp_r": 3, "trail_r": 1.5}
s02_gross|IS|{"be_r": 1, "commission": 0.0, "slip": 0.0, "tp_r": 3, "trail_r": 1.5}
s02_gross|IS|{"be_r": 1, "commission": 0.0, "exit_time": 21.0, "slip": 0.0, "tp_r": 3, "trail_r": 1.5}
s02_gross|IS|{"be_r": 1, "commission": 0.0, "exit_time": 14.0, "slip": 0.0, "tp_r": 3, "trail_r": 2}
s02_gross|IS|{"be_r": 1, "commission": 0.0, "exit_time": 16.0, "slip": 0.0, "tp_r": 3, "trail_r": 2}
s02_gross|IS|{"be_r": 1, "commission": 0.0, "exit_time": 18.0, "slip": 0.0, "tp_r": 3, "trail_r": 2}
s02_gross|IS|{"be_r": 1, "commission": 0.0, "slip": 0.0, "tp_r": 3, "trail_r": 2}
s02_gross|IS|{"be_r": 1, "commission": 0.0, "exit_time": 21.0, "slip": 0.0, "tp_r": 3, "trail_r": 2}
s02_gross|IS|{"commission": 0.0, "exit_time": 14.0, "slip": 0.0, "tp_r": 4}
s02_gross|IS|{"commission": 0.0, "exit_time": 16.0, "slip": 0.0, "tp_r": 4}
s02_gross|IS|{"commission": 0.0, "exit_time": 18.0, "slip": 0.0, "tp_r": 4}
s02_gross|IS|{"commission": 0.0, "slip": 0.0, "tp_r": 4}
s02_gross|IS|{"commission": 0.0, "exit_time": 21.0, "slip": 0.0, "tp_r": 4}
s02_gross|IS|{"commission": 0.0, "exit_time": 14.0, "slip": 0.0, "tp_r": 4, "trail_r": 0.5}
s02_gross|IS|{"commission": 0.0, "exit_time": 16.0, "slip": 0.0, "tp_r": 4, "trail_r": 0.5}
s02_gross|IS|{"commission": 0.0, "exit_time": 18.0, "slip": 0.0, "tp_r": 4, "trail_r": 0.5}
s02_gross|IS|{"commission": 0.0, "slip": 0.0, "tp_r": 4, "trail_r": 0.5}
s02_gross|IS|{"commission": 0.0, "exit_time": 21.0, "slip": 0.0, "tp_r": 4, "trail_r": 0.5}
s02_gross|IS|{"commission": 0.0, "exit_time": 14.0, "slip": 0.0, "tp_r": 4, "trail_r": 1}
s02_gross|IS|{"commission": 0.0, "exit_time": 16.0, "slip": 0.0, "tp_r": 4, "trail_r": 1}
s02_gross|IS|{"commission": 0.0, "exit_time": 18.0, "slip": 0.0, "tp_r": 4, "trail_r": 1}
s02_gross|IS|{"commission": 0.0, "slip": 0.0, "tp_r": 4, "trail_r": 1}
s02_gross|IS|{"commission": 0.0, "exit_time": 21.0, "slip": 0.0, "tp_r": 4, "trail_r": 1}
s02_gross|IS|{"commission": 0.0, "exit_time": 14.0, "slip": 0.0, "tp_r": 4, "trail_r": 1.5}
s02_gross|IS|{"commission": 0.0, "exit_time": 16.0, "slip": 0.0, "tp_r": 4, "trail_r": 1.5}
s02_gross|IS|{"commission": 0.0, "exit_time": 18.0, "slip": 0.0, "tp_r": 4, "trail_r": 1.5}
s02_gross|IS|{"commission": 0.0, "slip": 0.0, "tp_r": 4, "trail_r": 1.5}
s02_gross|IS|{"commission": 0.0, "exit_time": 21.0, "slip": 0.0, "tp_r": 4, "trail_r": 1.5}
s02_gross|IS|{"commission": 0.0, "exit_time": 14.0, "slip": 0.0, "tp_r": 4, "trail_r": 2}
s02_gross|IS|{"commission": 0.0, "exit_time": 16.0, "slip": 0.0, "tp_r": 4, "trail_r": 2}
s02_gross|IS|{"commission": 0.0, "exit_time": 18.0, "slip": 0.0, "tp_r": 4, "trail_r": 2}
s02_gross|IS|{"commission": 0.0, "slip": 0.0, "tp_r": 4, "trail_r": 2}
s02_gross|IS|{"commission": 0.0, "exit_time": 21.0, "slip": 0.0, "tp_r": 4, "trail_r": 2}
s02_gross|IS|{"be_r": 0.5, "commission": 0.0, "exit_time": 14.0, "slip": 0.0, "tp_r": 4}
s02_gross|IS|{"be_r": 0.5, "commission": 0.0, "exit_time": 16.0, "slip": 0.0, "tp_r": 4}
s02_gross|IS|{"be_r": 0.5, "commission": 0.0, "exit_time": 18.0, "slip": 0.0, "tp_r": 4}
s02_gross|IS|{"be_r": 0.5, "commission": 0.0, "slip": 0.0, "tp_r": 4}
s02_gross|IS|{"be_r": 0.5, "commission": 0.0, "exit_time": 21.0, "slip": 0.0, "tp_r": 4}
s02_gross|IS|{"be_r": 0.5, "commission": 0.0, "exit_time": 14.0, "slip": 0.0, "tp_r": 4, "trail_r": 0.5}
s02_gross|IS|{"be_r": 0.5, "commission": 0.0, "exit_time": 16.0, "slip": 0.0, "tp_r": 4, "trail_r": 0.5}
s02_gross|IS|{"be_r": 0.5, "commission": 0.0, "exit_time": 18.0, "slip": 0.0, "tp_r": 4, "trail_r": 0.5}
s02_gross|IS|{"be_r": 0.5, "commission": 0.0, "slip": 0.0, "tp_r": 4, "trail_r": 0.5}
s02_gross|IS|{"be_r": 0.5, "commission": 0.0, "exit_time": 21.0, "slip": 0.0, "tp_r": 4, "trail_r": 0.5}
s02_gross|IS|{"be_r": 0.5, "commission": 0.0, "exit_time": 14.0, "slip": 0.0, "tp_r": 4, "trail_r": 1}
s02_gross|IS|{"be_r": 0.5, "commission": 0.0, "exit_time": 16.0, "slip": 0.0, "tp_r": 4, "trail_r": 1}
s02_gross|IS|{"be_r": 0.5, "commission": 0.0, "exit_time": 18.0, "slip": 0.0, "tp_r": 4, "trail_r": 1}
s02_gross|IS|{"be_r": 0.5, "commission": 0.0, "slip": 0.0, "tp_r": 4, "trail_r": 1}
s02_gross|IS|{"be_r": 0.5, "commission": 0.0, "exit_time": 21.0, "slip": 0.0, "tp_r": 4, "trail_r": 1}
s02_gross|IS|{"be_r": 0.5, "commission": 0.0, "exit_time": 14.0, "slip": 0.0, "tp_r": 4, "trail_r": 1.5}
s02_gross|IS|{"be_r": 0.5, "commission": 0.0, "exit_time": 16.0, "slip": 0.0, "tp_r": 4, "trail_r": 1.5}
s02_gross|IS|{"be_r": 0.5, "commission": 0.0, "exit_time": 18.0, "slip": 0.0, "tp_r": 4, "trail_r": 1.5}
s02_gross|IS|{"be_r": 0.5, "commission": 0.0, "slip": 0.0, "tp_r": 4, "trail_r": 1.5}
s02_gross|IS|{"be_r": 0.5, "commission": 0.0, "exit_time": 21.0, "slip": 0.0, "tp_r": 4, "trail_r": 1.5}
s02_gross|IS|{"be_r": 0.5, "commission": 0.0, "exit_time": 14.0, "slip": 0.0, "tp_r": 4, "trail_r": 2}
s02_gross|IS|{"be_r": 0.5, "commission": 0.0, "exit_time": 16.0, "slip": 0.0, "tp_r": 4, "trail_r": 2}
s02_gross|IS|{"be_r": 0.5, "commission": 0.0, "exit_time": 18.0, "slip": 0.0, "tp_r": 4, "trail_r": 2}
s02_gross|IS|{"be_r": 0.5, "commission": 0.0, "slip": 0.0, "tp_r": 4, "trail_r": 2}
s02_gross|IS|{"be_r": 0.5, "commission": 0.0, "exit_time": 21.0, "slip": 0.0, "tp_r": 4, "trail_r": 2}
s02_gross|IS|{"be_r": 1, "commission": 0.0, "exit_time": 14.0, "slip": 0.0, "tp_r": 4}
s02_gross|IS|{"be_r": 1, "commission": 0.0, "exit_time": 16.0, "slip": 0.0, "tp_r": 4}
s02_gross|IS|{"be_r": 1, "commission": 0.0, "exit_time": 18.0, "slip": 0.0, "tp_r": 4}
s02_gross|IS|{"be_r": 1, "commission": 0.0, "slip": 0.0, "tp_r": 4}
s02_gross|IS|{"be_r": 1, "commission": 0.0, "exit_time": 21.0, "slip": 0.0, "tp_r": 4}
s02_gross|IS|{"be_r": 1, "commission": 0.0, "exit_time": 14.0, "slip": 0.0, "tp_r": 4, "trail_r": 0.5}
s02_gross|IS|{"be_r": 1, "commission": 0.0, "exit_time": 16.0, "slip": 0.0, "tp_r": 4, "trail_r": 0.5}
s02_gross|IS|{"be_r": 1, "commission": 0.0, "exit_time": 18.0, "slip": 0.0, "tp_r": 4, "trail_r": 0.5}
s02_gross|IS|{"be_r": 1, "commission": 0.0, "slip": 0.0, "tp_r": 4, "trail_r": 0.5}
s02_gross|IS|{"be_r": 1, "commission": 0.0, "exit_time": 21.0, "slip": 0.0, "tp_r": 4, "trail_r": 0.5}
s02_gross|IS|{"be_r": 1, "commission": 0.0, "exit_time": 14.0, "slip": 0.0, "tp_r": 4, "trail_r": 1}
s02_gross|IS|{"be_r": 1, "commission": 0.0, "exit_time": 16.0, "slip": 0.0, "tp_r": 4, "trail_r": 1}
s02_gross|IS|{"be_r": 1, "commission": 0.0, "exit_time": 18.0, "slip": 0.0, "tp_r": 4, "trail_r": 1}
s02_gross|IS|{"be_r": 1, "commission": 0.0, "slip": 0.0, "tp_r": 4, "trail_r": 1}
s02_gross|IS|{"be_r": 1, "commission": 0.0, "exit_time": 21.0, "slip": 0.0, "tp_r": 4, "trail_r": 1}
s02_gross|IS|{"be_r": 1, "commission": 0.0, "exit_time": 14.0, "slip": 0.0, "tp_r": 4, "trail_r": 1.5}
s02_gross|IS|{"be_r": 1, "commission": 0.0, "exit_time": 16.0, "slip": 0.0, "tp_r": 4, "trail_r": 1.5}
s02_gross|IS|{"be_r": 1, "commission": 0.0, "exit_time": 18.0, "slip": 0.0, "tp_r": 4, "trail_r": 1.5}
s02_gross|IS|{"be_r": 1, "commission": 0.0, "slip": 0.0, "tp_r": 4, "trail_r": 1.5}
s02_gross|IS|{"be_r": 1, "commission": 0.0, "exit_time": 21.0, "slip": 0.0, "tp_r": 4, "trail_r": 1.5}
s02_gross|IS|{"be_r": 1, "commission": 0.0, "exit_time": 14.0, "slip": 0.0, "tp_r": 4, "trail_r": 2}
s02_gross|IS|{"be_r": 1, "commission": 0.0, "exit_time": 16.0, "slip": 0.0, "tp_r": 4, "trail_r": 2}
s02_gross|IS|{"be_r": 1, "commission": 0.0, "exit_time": 18.0, "slip": 0.0, "tp_r": 4, "trail_r": 2}
s02_gross|IS|{"be_r": 1, "commission": 0.0, "slip": 0.0, "tp_r": 4, "trail_r": 2}
s02_gross|IS|{"be_r": 1, "commission": 0.0, "exit_time": 21.0, "slip": 0.0, "tp_r": 4, "trail_r": 2}
s02_gross|IS|{"commission": 0.0, "exit_time": 14.0, "sl_k": 1.5, "slip": 0.0}
s02_gross|IS|{"commission": 0.0, "exit_time": 16.0, "sl_k": 1.5, "slip": 0.0}
s02_gross|IS|{"commission": 0.0, "exit_time": 18.0, "sl_k": 1.5, "slip": 0.0}
s02_gross|IS|{"commission": 0.0, "sl_k": 1.5, "slip": 0.0}
s02_gross|IS|{"commission": 0.0, "exit_time": 21.0, "sl_k": 1.5, "slip": 0.0}
s02_gross|IS|{"commission": 0.0, "exit_time": 14.0, "sl_k": 1.5, "slip": 0.0, "trail_r": 0.5}
s02_gross|IS|{"commission": 0.0, "exit_time": 16.0, "sl_k": 1.5, "slip": 0.0, "trail_r": 0.5}
s02_gross|IS|{"commission": 0.0, "exit_time": 18.0, "sl_k": 1.5, "slip": 0.0, "trail_r": 0.5}
s02_gross|IS|{"commission": 0.0, "sl_k": 1.5, "slip": 0.0, "trail_r": 0.5}
s02_gross|IS|{"commission": 0.0, "exit_time": 21.0, "sl_k": 1.5, "slip": 0.0, "trail_r": 0.5}
s02_gross|IS|{"commission": 0.0, "exit_time": 14.0, "sl_k": 1.5, "slip": 0.0, "trail_r": 1}
s02_gross|IS|{"commission": 0.0, "exit_time": 16.0, "sl_k": 1.5, "slip": 0.0, "trail_r": 1}
s02_gross|IS|{"commission": 0.0, "exit_time": 18.0, "sl_k": 1.5, "slip": 0.0, "trail_r": 1}
s02_gross|IS|{"commission": 0.0, "sl_k": 1.5, "slip": 0.0, "trail_r": 1}
s02_gross|IS|{"commission": 0.0, "exit_time": 21.0, "sl_k": 1.5, "slip": 0.0, "trail_r": 1}
s02_gross|IS|{"commission": 0.0, "exit_time": 14.0, "sl_k": 1.5, "slip": 0.0, "trail_r": 1.5}
s02_gross|IS|{"commission": 0.0, "exit_time": 16.0, "sl_k": 1.5, "slip": 0.0, "trail_r": 1.5}
s02_gross|IS|{"commission": 0.0, "exit_time": 18.0, "sl_k": 1.5, "slip": 0.0, "trail_r": 1.5}
s02_gross|IS|{"commission": 0.0, "sl_k": 1.5, "slip": 0.0, "trail_r": 1.5}
s02_gross|IS|{"commission": 0.0, "exit_time": 21.0, "sl_k": 1.5, "slip": 0.0, "trail_r": 1.5}
s02_gross|IS|{"commission": 0.0, "exit_time": 14.0, "sl_k": 1.5, "slip": 0.0, "trail_r": 2}
s02_gross|IS|{"commission": 0.0, "exit_time": 16.0, "sl_k": 1.5, "slip": 0.0, "trail_r": 2}
s02_gross|IS|{"commission": 0.0, "exit_time": 18.0, "sl_k": 1.5, "slip": 0.0, "trail_r": 2}
s02_gross|IS|{"commission": 0.0, "sl_k": 1.5, "slip": 0.0, "trail_r": 2}
s02_gross|IS|{"commission": 0.0, "exit_time": 21.0, "sl_k": 1.5, "slip": 0.0, "trail_r": 2}
s02_gross|IS|{"be_r": 0.5, "commission": 0.0, "exit_time": 14.0, "sl_k": 1.5, "slip": 0.0}
s02_gross|IS|{"be_r": 0.5, "commission": 0.0, "exit_time": 16.0, "sl_k": 1.5, "slip": 0.0}
s02_gross|IS|{"be_r": 0.5, "commission": 0.0, "exit_time": 18.0, "sl_k": 1.5, "slip": 0.0}
s02_gross|IS|{"be_r": 0.5, "commission": 0.0, "sl_k": 1.5, "slip": 0.0}
s02_gross|IS|{"be_r": 0.5, "commission": 0.0, "exit_time": 21.0, "sl_k": 1.5, "slip": 0.0}
s02_gross|IS|{"be_r": 0.5, "commission": 0.0, "exit_time": 14.0, "sl_k": 1.5, "slip": 0.0, "trail_r": 0.5}
s02_gross|IS|{"be_r": 0.5, "commission": 0.0, "exit_time": 16.0, "sl_k": 1.5, "slip": 0.0, "trail_r": 0.5}
s02_gross|IS|{"be_r": 0.5, "commission": 0.0, "exit_time": 18.0, "sl_k": 1.5, "slip": 0.0, "trail_r": 0.5}
s02_gross|IS|{"be_r": 0.5, "commission": 0.0, "sl_k": 1.5, "slip": 0.0, "trail_r": 0.5}
s02_gross|IS|{"be_r": 0.5, "commission": 0.0, "exit_time": 21.0, "sl_k": 1.5, "slip": 0.0, "trail_r": 0.5}
s02_gross|IS|{"be_r": 0.5, "commission": 0.0, "exit_time": 14.0, "sl_k": 1.5, "slip": 0.0, "trail_r": 1}
s02_gross|IS|{"be_r": 0.5, "commission": 0.0, "exit_time": 16.0, "sl_k": 1.5, "slip": 0.0, "trail_r": 1}
s02_gross|IS|{"be_r": 0.5, "commission": 0.0, "exit_time": 18.0, "sl_k": 1.5, "slip": 0.0, "trail_r": 1}
s02_gross|IS|{"be_r": 0.5, "commission": 0.0, "sl_k": 1.5, "slip": 0.0, "trail_r": 1}
s02_gross|IS|{"be_r": 0.5, "commission": 0.0, "exit_time": 21.0, "sl_k": 1.5, "slip": 0.0, "trail_r": 1}
s02_gross|IS|{"be_r": 0.5, "commission": 0.0, "exit_time": 14.0, "sl_k": 1.5, "slip": 0.0, "trail_r": 1.5}
s02_gross|IS|{"be_r": 0.5, "commission": 0.0, "exit_time": 16.0, "sl_k": 1.5, "slip": 0.0, "trail_r": 1.5}
s02_gross|IS|{"be_r": 0.5, "commission": 0.0, "exit_time": 18.0, "sl_k": 1.5, "slip": 0.0, "trail_r": 1.5}
s02_gross|IS|{"be_r": 0.5, "commission": 0.0, "sl_k": 1.5, "slip": 0.0, "trail_r": 1.5}
s02_gross|IS|{"be_r": 0.5, "commission": 0.0, "exit_time": 21.0, "sl_k": 1.5, "slip": 0.0, "trail_r": 1.5}
s02_gross|IS|{"be_r": 0.5, "commission": 0.0, "exit_time": 14.0, "sl_k": 1.5, "slip": 0.0, "trail_r": 2}
s02_gross|IS|{"be_r": 0.5, "commission": 0.0, "exit_time": 16.0, "sl_k": 1.5, "slip": 0.0, "trail_r": 2}
s02_gross|IS|{"be_r": 0.5, "commission": 0.0, "exit_time": 18.0, "sl_k": 1.5, "slip": 0.0, "trail_r": 2}
s02_gross|IS|{"be_r": 0.5, "commission": 0.0, "sl_k": 1.5, "slip": 0.0, "trail_r": 2}
s02_gross|IS|{"be_r": 0.5, "commission": 0.0, "exit_time": 21.0, "sl_k": 1.5, "slip": 0.0, "trail_r": 2}
s02_gross|IS|{"be_r": 1, "commission": 0.0, "exit_time": 14.0, "sl_k": 1.5, "slip": 0.0}
s02_gross|IS|{"be_r": 1, "commission": 0.0, "exit_time": 16.0, "sl_k": 1.5, "slip": 0.0}
s02_gross|IS|{"be_r": 1, "commission": 0.0, "exit_time": 18.0, "sl_k": 1.5, "slip": 0.0}
s02_gross|IS|{"be_r": 1, "commission": 0.0, "sl_k": 1.5, "slip": 0.0}
s02_gross|IS|{"be_r": 1, "commission": 0.0, "exit_time": 21.0, "sl_k": 1.5, "slip": 0.0}
s02_gross|IS|{"be_r": 1, "commission": 0.0, "exit_time": 14.0, "sl_k": 1.5, "slip": 0.0, "trail_r": 0.5}
s02_gross|IS|{"be_r": 1, "commission": 0.0, "exit_time": 16.0, "sl_k": 1.5, "slip": 0.0, "trail_r": 0.5}
s02_gross|IS|{"be_r": 1, "commission": 0.0, "exit_time": 18.0, "sl_k": 1.5, "slip": 0.0, "trail_r": 0.5}
s02_gross|IS|{"be_r": 1, "commission": 0.0, "sl_k": 1.5, "slip": 0.0, "trail_r": 0.5}
s02_gross|IS|{"be_r": 1, "commission": 0.0, "exit_time": 21.0, "sl_k": 1.5, "slip": 0.0, "trail_r": 0.5}
s02_gross|IS|{"be_r": 1, "commission": 0.0, "exit_time": 14.0, "sl_k": 1.5, "slip": 0.0, "trail_r": 1}
s02_gross|IS|{"be_r": 1, "commission": 0.0, "exit_time": 16.0, "sl_k": 1.5, "slip": 0.0, "trail_r": 1}
s02_gross|IS|{"be_r": 1, "commission": 0.0, "exit_time": 18.0, "sl_k": 1.5, "slip": 0.0, "trail_r": 1}
s02_gross|IS|{"be_r": 1, "commission": 0.0, "sl_k": 1.5, "slip": 0.0, "trail_r": 1}
s02_gross|IS|{"be_r": 1, "commission": 0.0, "exit_time": 21.0, "sl_k": 1.5, "slip": 0.0, "trail_r": 1}
s02_gross|IS|{"be_r": 1, "commission": 0.0, "exit_time": 14.0, "sl_k": 1.5, "slip": 0.0, "trail_r": 1.5}
s02_gross|IS|{"be_r": 1, "commission": 0.0, "exit_time": 16.0, "sl_k": 1.5, "slip": 0.0, "trail_r": 1.5}
s02_gross|IS|{"be_r": 1, "commission": 0.0, "exit_time": 18.0, "sl_k": 1.5, "slip": 0.0, "trail_r": 1.5}
s02_gross|IS|{"be_r": 1, "commission": 0.0, "sl_k": 1.5, "slip": 0.0, "trail_r": 1.5}
s02_gross|IS|{"be_r": 1, "commission": 0.0, "exit_time": 21.0, "sl_k": 1.5, "slip": 0.0, "trail_r": 1.5}
s02_gross|IS|{"be_r": 1, "commission": 0.0, "exit_time": 14.0, "sl_k": 1.5, "slip": 0.0, "trail_r": 2}
s02_gross|IS|{"be_r": 1, "commission": 0.0, "exit_time": 16.0, "sl_k": 1.5, "slip": 0.0, "trail_r": 2}
s02_gross|IS|{"be_r": 1, "commission": 0.0, "exit_time": 18.0, "sl_k": 1.5, "slip": 0.0, "trail_r": 2}
s02_gross|IS|{"be_r": 1, "commission": 0.0, "sl_k": 1.5, "slip": 0.0, "trail_r": 2}
s02_gross|IS|{"be_r": 1, "commission": 0.0, "exit_time": 21.0, "sl_k": 1.5, "slip": 0.0, "trail_r": 2}
s02_gross|IS|{"commission": 0.0, "exit_time": 14.0, "sl_k": 1.5, "slip": 0.0, "tp_r": 1}
s02_gross|IS|{"commission": 0.0, "exit_time": 16.0, "sl_k": 1.5, "slip": 0.0, "tp_r": 1}
s02_gross|IS|{"commission": 0.0, "exit_time": 18.0, "sl_k": 1.5, "slip": 0.0, "tp_r": 1}
s02_gross|IS|{"commission": 0.0, "sl_k": 1.5, "slip": 0.0, "tp_r": 1}
s02_gross|IS|{"commission": 0.0, "exit_time": 21.0, "sl_k": 1.5, "slip": 0.0, "tp_r": 1}
s02_gross|IS|{"commission": 0.0, "exit_time": 14.0, "sl_k": 1.5, "slip": 0.0, "tp_r": 1, "trail_r": 0.5}
s02_gross|IS|{"commission": 0.0, "exit_time": 16.0, "sl_k": 1.5, "slip": 0.0, "tp_r": 1, "trail_r": 0.5}
s02_gross|IS|{"commission": 0.0, "exit_time": 18.0, "sl_k": 1.5, "slip": 0.0, "tp_r": 1, "trail_r": 0.5}
s02_gross|IS|{"commission": 0.0, "sl_k": 1.5, "slip": 0.0, "tp_r": 1, "trail_r": 0.5}
s02_gross|IS|{"commission": 0.0, "exit_time": 21.0, "sl_k": 1.5, "slip": 0.0, "tp_r": 1, "trail_r": 0.5}
s02_gross|IS|{"commission": 0.0, "exit_time": 14.0, "sl_k": 1.5, "slip": 0.0, "tp_r": 1, "trail_r": 1}
s02_gross|IS|{"commission": 0.0, "exit_time": 16.0, "sl_k": 1.5, "slip": 0.0, "tp_r": 1, "trail_r": 1}
s02_gross|IS|{"commission": 0.0, "exit_time": 18.0, "sl_k": 1.5, "slip": 0.0, "tp_r": 1, "trail_r": 1}
s02_gross|IS|{"commission": 0.0, "sl_k": 1.5, "slip": 0.0, "tp_r": 1, "trail_r": 1}
s02_gross|IS|{"commission": 0.0, "exit_time": 21.0, "sl_k": 1.5, "slip": 0.0, "tp_r": 1, "trail_r": 1}
s02_gross|IS|{"commission": 0.0, "exit_time": 14.0, "sl_k": 1.5, "slip": 0.0, "tp_r": 1, "trail_r": 1.5}
s02_gross|IS|{"commission": 0.0, "exit_time": 16.0, "sl_k": 1.5, "slip": 0.0, "tp_r": 1, "trail_r": 1.5}
s02_gross|IS|{"commission": 0.0, "exit_time": 18.0, "sl_k": 1.5, "slip": 0.0, "tp_r": 1, "trail_r": 1.5}
s02_gross|IS|{"commission": 0.0, "sl_k": 1.5, "slip": 0.0, "tp_r": 1, "trail_r": 1.5}
s02_gross|IS|{"commission": 0.0, "exit_time": 21.0, "sl_k": 1.5, "slip": 0.0, "tp_r": 1, "trail_r": 1.5}
s02_gross|IS|{"commission": 0.0, "exit_time": 14.0, "sl_k": 1.5, "slip": 0.0, "tp_r": 1, "trail_r": 2}
s02_gross|IS|{"commission": 0.0, "exit_time": 16.0, "sl_k": 1.5, "slip": 0.0, "tp_r": 1, "trail_r": 2}
s02_gross|IS|{"commission": 0.0, "exit_time": 18.0, "sl_k": 1.5, "slip": 0.0, "tp_r": 1, "trail_r": 2}
s02_gross|IS|{"commission": 0.0, "sl_k": 1.5, "slip": 0.0, "tp_r": 1, "trail_r": 2}
s02_gross|IS|{"commission": 0.0, "exit_time": 21.0, "sl_k": 1.5, "slip": 0.0, "tp_r": 1, "trail_r": 2}
s02_gross|IS|{"be_r": 0.5, "commission": 0.0, "exit_time": 14.0, "sl_k": 1.5, "slip": 0.0, "tp_r": 1}
s02_gross|IS|{"be_r": 0.5, "commission": 0.0, "exit_time": 16.0, "sl_k": 1.5, "slip": 0.0, "tp_r": 1}
s02_gross|IS|{"be_r": 0.5, "commission": 0.0, "exit_time": 18.0, "sl_k": 1.5, "slip": 0.0, "tp_r": 1}
s02_gross|IS|{"be_r": 0.5, "commission": 0.0, "sl_k": 1.5, "slip": 0.0, "tp_r": 1}
s02_gross|IS|{"be_r": 0.5, "commission": 0.0, "exit_time": 21.0, "sl_k": 1.5, "slip": 0.0, "tp_r": 1}
s02_gross|IS|{"be_r": 0.5, "commission": 0.0, "exit_time": 14.0, "sl_k": 1.5, "slip": 0.0, "tp_r": 1, "trail_r": 0.5}
s02_gross|IS|{"be_r": 0.5, "commission": 0.0, "exit_time": 16.0, "sl_k": 1.5, "slip": 0.0, "tp_r": 1, "trail_r": 0.5}
s02_gross|IS|{"be_r": 0.5, "commission": 0.0, "exit_time": 18.0, "sl_k": 1.5, "slip": 0.0, "tp_r": 1, "trail_r": 0.5}
s02_gross|IS|{"be_r": 0.5, "commission": 0.0, "sl_k": 1.5, "slip": 0.0, "tp_r": 1, "trail_r": 0.5}
s02_gross|IS|{"be_r": 0.5, "commission": 0.0, "exit_time": 21.0, "sl_k": 1.5, "slip": 0.0, "tp_r": 1, "trail_r": 0.5}
s02_gross|IS|{"be_r": 0.5, "commission": 0.0, "exit_time": 14.0, "sl_k": 1.5, "slip": 0.0, "tp_r": 1, "trail_r": 1}
s02_gross|IS|{"be_r": 0.5, "commission": 0.0, "exit_time": 16.0, "sl_k": 1.5, "slip": 0.0, "tp_r": 1, "trail_r": 1}
s02_gross|IS|{"be_r": 0.5, "commission": 0.0, "exit_time": 18.0, "sl_k": 1.5, "slip": 0.0, "tp_r": 1, "trail_r": 1}
s02_gross|IS|{"be_r": 0.5, "commission": 0.0, "sl_k": 1.5, "slip": 0.0, "tp_r": 1, "trail_r": 1}
s02_gross|IS|{"be_r": 0.5, "commission": 0.0, "exit_time": 21.0, "sl_k": 1.5, "slip": 0.0, "tp_r": 1, "trail_r": 1}
s02_gross|IS|{"be_r": 0.5, "commission": 0.0, "exit_time": 14.0, "sl_k": 1.5, "slip": 0.0, "tp_r": 1, "trail_r": 1.5}
s02_gross|IS|{"be_r": 0.5, "commission": 0.0, "exit_time": 16.0, "sl_k": 1.5, "slip": 0.0, "tp_r": 1, "trail_r": 1.5}
s02_gross|IS|{"be_r": 0.5, "commission": 0.0, "exit_time": 18.0, "sl_k": 1.5, "slip": 0.0, "tp_r": 1, "trail_r": 1.5}
s02_gross|IS|{"be_r": 0.5, "commission": 0.0, "sl_k": 1.5, "slip": 0.0, "tp_r": 1, "trail_r": 1.5}
s02_gross|IS|{"be_r": 0.5, "commission": 0.0, "exit_time": 21.0, "sl_k": 1.5, "slip": 0.0, "tp_r": 1, "trail_r": 1.5}
s02_gross|IS|{"be_r": 0.5, "commission": 0.0, "exit_time": 14.0, "sl_k": 1.5, "slip": 0.0, "tp_r": 1, "trail_r": 2}
s02_gross|IS|{"be_r": 0.5, "commission": 0.0, "exit_time": 16.0, "sl_k": 1.5, "slip": 0.0, "tp_r": 1, "trail_r": 2}
s02_gross|IS|{"be_r": 0.5, "commission": 0.0, "exit_time": 18.0, "sl_k": 1.5, "slip": 0.0, "tp_r": 1, "trail_r": 2}
s02_gross|IS|{"be_r": 0.5, "commission": 0.0, "sl_k": 1.5, "slip": 0.0, "tp_r": 1, "trail_r": 2}
s02_gross|IS|{"be_r": 0.5, "commission": 0.0, "exit_time": 21.0, "sl_k": 1.5, "slip": 0.0, "tp_r": 1, "trail_r": 2}
s02_gross|IS|{"be_r": 1, "commission": 0.0, "exit_time": 14.0, "sl_k": 1.5, "slip": 0.0, "tp_r": 1}
s02_gross|IS|{"be_r": 1, "commission": 0.0, "exit_time": 16.0, "sl_k": 1.5, "slip": 0.0, "tp_r": 1}
s02_gross|IS|{"be_r": 1, "commission": 0.0, "exit_time": 18.0, "sl_k": 1.5, "slip": 0.0, "tp_r": 1}
s02_gross|IS|{"be_r": 1, "commission": 0.0, "sl_k": 1.5, "slip": 0.0, "tp_r": 1}
s02_gross|IS|{"be_r": 1, "commission": 0.0, "exit_time": 21.0, "sl_k": 1.5, "slip": 0.0, "tp_r": 1}
s02_gross|IS|{"be_r": 1, "commission": 0.0, "exit_time": 14.0, "sl_k": 1.5, "slip": 0.0, "tp_r": 1, "trail_r": 0.5}
s02_gross|IS|{"be_r": 1, "commission": 0.0, "exit_time": 16.0, "sl_k": 1.5, "slip": 0.0, "tp_r": 1, "trail_r": 0.5}
s02_gross|IS|{"be_r": 1, "commission": 0.0, "exit_time": 18.0, "sl_k": 1.5, "slip": 0.0, "tp_r": 1, "trail_r": 0.5}
s02_gross|IS|{"be_r": 1, "commission": 0.0, "sl_k": 1.5, "slip": 0.0, "tp_r": 1, "trail_r": 0.5}
s02_gross|IS|{"be_r": 1, "commission": 0.0, "exit_time": 21.0, "sl_k": 1.5, "slip": 0.0, "tp_r": 1, "trail_r": 0.5}
s02_gross|IS|{"be_r": 1, "commission": 0.0, "exit_time": 14.0, "sl_k": 1.5, "slip": 0.0, "tp_r": 1, "trail_r": 1}
s02_gross|IS|{"be_r": 1, "commission": 0.0, "exit_time": 16.0, "sl_k": 1.5, "slip": 0.0, "tp_r": 1, "trail_r": 1}
s02_gross|IS|{"be_r": 1, "commission": 0.0, "exit_time": 18.0, "sl_k": 1.5, "slip": 0.0, "tp_r": 1, "trail_r": 1}
s02_gross|IS|{"be_r": 1, "commission": 0.0, "sl_k": 1.5, "slip": 0.0, "tp_r": 1, "trail_r": 1}
s02_gross|IS|{"be_r": 1, "commission": 0.0, "exit_time": 21.0, "sl_k": 1.5, "slip": 0.0, "tp_r": 1, "trail_r": 1}
s02_gross|IS|{"be_r": 1, "commission": 0.0, "exit_time": 14.0, "sl_k": 1.5, "slip": 0.0, "tp_r": 1, "trail_r": 1.5}
s02_gross|IS|{"be_r": 1, "commission": 0.0, "exit_time": 16.0, "sl_k": 1.5, "slip": 0.0, "tp_r": 1, "trail_r": 1.5}
s02_gross|IS|{"be_r": 1, "commission": 0.0, "exit_time": 18.0, "sl_k": 1.5, "slip": 0.0, "tp_r": 1, "trail_r": 1.5}
s02_gross|IS|{"be_r": 1, "commission": 0.0, "sl_k": 1.5, "slip": 0.0, "tp_r": 1, "trail_r": 1.5}
s02_gross|IS|{"be_r": 1, "commission": 0.0, "exit_time": 21.0, "sl_k": 1.5, "slip": 0.0, "tp_r": 1, "trail_r": 1.5}
s02_gross|IS|{"be_r": 1, "commission": 0.0, "exit_time": 14.0, "sl_k": 1.5, "slip": 0.0, "tp_r": 1, "trail_r": 2}
s02_gross|IS|{"be_r": 1, "commission": 0.0, "exit_time": 16.0, "sl_k": 1.5, "slip": 0.0, "tp_r": 1, "trail_r": 2}
s02_gross|IS|{"be_r": 1, "commission": 0.0, "exit_time": 18.0, "sl_k": 1.5, "slip": 0.0, "tp_r": 1, "trail_r": 2}
s02_gross|IS|{"be_r": 1, "commission": 0.0, "sl_k": 1.5, "slip": 0.0, "tp_r": 1, "trail_r": 2}
s02_gross|IS|{"be_r": 1, "commission": 0.0, "exit_time": 21.0, "sl_k": 1.5, "slip": 0.0, "tp_r": 1, "trail_r": 2}
s02_gross|IS|{"commission": 0.0, "exit_time": 14.0, "sl_k": 1.5, "slip": 0.0, "tp_r": 1.5}
s02_gross|IS|{"commission": 0.0, "exit_time": 16.0, "sl_k": 1.5, "slip": 0.0, "tp_r": 1.5}
s02_gross|IS|{"commission": 0.0, "exit_time": 18.0, "sl_k": 1.5, "slip": 0.0, "tp_r": 1.5}
s02_gross|IS|{"commission": 0.0, "sl_k": 1.5, "slip": 0.0, "tp_r": 1.5}
s02_gross|IS|{"commission": 0.0, "exit_time": 21.0, "sl_k": 1.5, "slip": 0.0, "tp_r": 1.5}
s02_gross|IS|{"commission": 0.0, "exit_time": 14.0, "sl_k": 1.5, "slip": 0.0, "tp_r": 1.5, "trail_r": 0.5}
s02_gross|IS|{"commission": 0.0, "exit_time": 16.0, "sl_k": 1.5, "slip": 0.0, "tp_r": 1.5, "trail_r": 0.5}
s02_gross|IS|{"commission": 0.0, "exit_time": 18.0, "sl_k": 1.5, "slip": 0.0, "tp_r": 1.5, "trail_r": 0.5}
s02_gross|IS|{"commission": 0.0, "sl_k": 1.5, "slip": 0.0, "tp_r": 1.5, "trail_r": 0.5}
s02_gross|IS|{"commission": 0.0, "exit_time": 21.0, "sl_k": 1.5, "slip": 0.0, "tp_r": 1.5, "trail_r": 0.5}
s02_gross|IS|{"commission": 0.0, "exit_time": 14.0, "sl_k": 1.5, "slip": 0.0, "tp_r": 1.5, "trail_r": 1}
s02_gross|IS|{"commission": 0.0, "exit_time": 16.0, "sl_k": 1.5, "slip": 0.0, "tp_r": 1.5, "trail_r": 1}
s02_gross|IS|{"commission": 0.0, "exit_time": 18.0, "sl_k": 1.5, "slip": 0.0, "tp_r": 1.5, "trail_r": 1}
s02_gross|IS|{"commission": 0.0, "sl_k": 1.5, "slip": 0.0, "tp_r": 1.5, "trail_r": 1}
s02_gross|IS|{"commission": 0.0, "exit_time": 21.0, "sl_k": 1.5, "slip": 0.0, "tp_r": 1.5, "trail_r": 1}
s02_gross|IS|{"commission": 0.0, "exit_time": 14.0, "sl_k": 1.5, "slip": 0.0, "tp_r": 1.5, "trail_r": 1.5}
s02_gross|IS|{"commission": 0.0, "exit_time": 16.0, "sl_k": 1.5, "slip": 0.0, "tp_r": 1.5, "trail_r": 1.5}
s02_gross|IS|{"commission": 0.0, "exit_time": 18.0, "sl_k": 1.5, "slip": 0.0, "tp_r": 1.5, "trail_r": 1.5}
s02_gross|IS|{"commission": 0.0, "sl_k": 1.5, "slip": 0.0, "tp_r": 1.5, "trail_r": 1.5}
s02_gross|IS|{"commission": 0.0, "exit_time": 21.0, "sl_k": 1.5, "slip": 0.0, "tp_r": 1.5, "trail_r": 1.5}
s02_gross|IS|{"commission": 0.0, "exit_time": 14.0, "sl_k": 1.5, "slip": 0.0, "tp_r": 1.5, "trail_r": 2}
s02_gross|IS|{"commission": 0.0, "exit_time": 16.0, "sl_k": 1.5, "slip": 0.0, "tp_r": 1.5, "trail_r": 2}
s02_gross|IS|{"commission": 0.0, "exit_time": 18.0, "sl_k": 1.5, "slip": 0.0, "tp_r": 1.5, "trail_r": 2}
s02_gross|IS|{"commission": 0.0, "sl_k": 1.5, "slip": 0.0, "tp_r": 1.5, "trail_r": 2}
s02_gross|IS|{"commission": 0.0, "exit_time": 21.0, "sl_k": 1.5, "slip": 0.0, "tp_r": 1.5, "trail_r": 2}
s02_gross|IS|{"be_r": 0.5, "commission": 0.0, "exit_time": 14.0, "sl_k": 1.5, "slip": 0.0, "tp_r": 1.5}
s02_gross|IS|{"be_r": 0.5, "commission": 0.0, "exit_time": 16.0, "sl_k": 1.5, "slip": 0.0, "tp_r": 1.5}
s02_gross|IS|{"be_r": 0.5, "commission": 0.0, "exit_time": 18.0, "sl_k": 1.5, "slip": 0.0, "tp_r": 1.5}
s02_gross|IS|{"be_r": 0.5, "commission": 0.0, "sl_k": 1.5, "slip": 0.0, "tp_r": 1.5}
s02_gross|IS|{"be_r": 0.5, "commission": 0.0, "exit_time": 21.0, "sl_k": 1.5, "slip": 0.0, "tp_r": 1.5}
s02_gross|IS|{"be_r": 0.5, "commission": 0.0, "exit_time": 14.0, "sl_k": 1.5, "slip": 0.0, "tp_r": 1.5, "trail_r": 0.5}
s02_gross|IS|{"be_r": 0.5, "commission": 0.0, "exit_time": 16.0, "sl_k": 1.5, "slip": 0.0, "tp_r": 1.5, "trail_r": 0.5}
s02_gross|IS|{"be_r": 0.5, "commission": 0.0, "exit_time": 18.0, "sl_k": 1.5, "slip": 0.0, "tp_r": 1.5, "trail_r": 0.5}
s02_gross|IS|{"be_r": 0.5, "commission": 0.0, "sl_k": 1.5, "slip": 0.0, "tp_r": 1.5, "trail_r": 0.5}
s02_gross|IS|{"be_r": 0.5, "commission": 0.0, "exit_time": 21.0, "sl_k": 1.5, "slip": 0.0, "tp_r": 1.5, "trail_r": 0.5}
s02_gross|IS|{"be_r": 0.5, "commission": 0.0, "exit_time": 14.0, "sl_k": 1.5, "slip": 0.0, "tp_r": 1.5, "trail_r": 1}
s02_gross|IS|{"be_r": 0.5, "commission": 0.0, "exit_time": 16.0, "sl_k": 1.5, "slip": 0.0, "tp_r": 1.5, "trail_r": 1}
s02_gross|IS|{"be_r": 0.5, "commission": 0.0, "exit_time": 18.0, "sl_k": 1.5, "slip": 0.0, "tp_r": 1.5, "trail_r": 1}
s02_gross|IS|{"be_r": 0.5, "commission": 0.0, "sl_k": 1.5, "slip": 0.0, "tp_r": 1.5, "trail_r": 1}
s02_gross|IS|{"be_r": 0.5, "commission": 0.0, "exit_time": 21.0, "sl_k": 1.5, "slip": 0.0, "tp_r": 1.5, "trail_r": 1}
s02_gross|IS|{"be_r": 0.5, "commission": 0.0, "exit_time": 14.0, "sl_k": 1.5, "slip": 0.0, "tp_r": 1.5, "trail_r": 1.5}
s02_gross|IS|{"be_r": 0.5, "commission": 0.0, "exit_time": 16.0, "sl_k": 1.5, "slip": 0.0, "tp_r": 1.5, "trail_r": 1.5}
s02_gross|IS|{"be_r": 0.5, "commission": 0.0, "exit_time": 18.0, "sl_k": 1.5, "slip": 0.0, "tp_r": 1.5, "trail_r": 1.5}
s02_gross|IS|{"be_r": 0.5, "commission": 0.0, "sl_k": 1.5, "slip": 0.0, "tp_r": 1.5, "trail_r": 1.5}
s02_gross|IS|{"be_r": 0.5, "commission": 0.0, "exit_time": 21.0, "sl_k": 1.5, "slip": 0.0, "tp_r": 1.5, "trail_r": 1.5}
s02_gross|IS|{"be_r": 0.5, "commission": 0.0, "exit_time": 14.0, "sl_k": 1.5, "slip": 0.0, "tp_r": 1.5, "trail_r": 2}
s02_gross|IS|{"be_r": 0.5, "commission": 0.0, "exit_time": 16.0, "sl_k": 1.5, "slip": 0.0, "tp_r": 1.5, "trail_r": 2}
s02_gross|IS|{"be_r": 0.5, "commission": 0.0, "exit_time": 18.0, "sl_k": 1.5, "slip": 0.0, "tp_r": 1.5, "trail_r": 2}
s02_gross|IS|{"be_r": 0.5, "commission": 0.0, "sl_k": 1.5, "slip": 0.0, "tp_r": 1.5, "trail_r": 2}
s02_gross|IS|{"be_r": 0.5, "commission": 0.0, "exit_time": 21.0, "sl_k": 1.5, "slip": 0.0, "tp_r": 1.5, "trail_r": 2}
s02_gross|IS|{"be_r": 1, "commission": 0.0, "exit_time": 14.0, "sl_k": 1.5, "slip": 0.0, "tp_r": 1.5}
s02_gross|IS|{"be_r": 1, "commission": 0.0, "exit_time": 16.0, "sl_k": 1.5, "slip": 0.0, "tp_r": 1.5}
s02_gross|IS|{"be_r": 1, "commission": 0.0, "exit_time": 18.0, "sl_k": 1.5, "slip": 0.0, "tp_r": 1.5}
s02_gross|IS|{"be_r": 1, "commission": 0.0, "sl_k": 1.5, "slip": 0.0, "tp_r": 1.5}
s02_gross|IS|{"be_r": 1, "commission": 0.0, "exit_time": 21.0, "sl_k": 1.5, "slip": 0.0, "tp_r": 1.5}
s02_gross|IS|{"be_r": 1, "commission": 0.0, "exit_time": 14.0, "sl_k": 1.5, "slip": 0.0, "tp_r": 1.5, "trail_r": 0.5}
s02_gross|IS|{"be_r": 1, "commission": 0.0, "exit_time": 16.0, "sl_k": 1.5, "slip": 0.0, "tp_r": 1.5, "trail_r": 0.5}
s02_gross|IS|{"be_r": 1, "commission": 0.0, "exit_time": 18.0, "sl_k": 1.5, "slip": 0.0, "tp_r": 1.5, "trail_r": 0.5}
s02_gross|IS|{"be_r": 1, "commission": 0.0, "sl_k": 1.5, "slip": 0.0, "tp_r": 1.5, "trail_r": 0.5}
s02_gross|IS|{"be_r": 1, "commission": 0.0, "exit_time": 21.0, "sl_k": 1.5, "slip": 0.0, "tp_r": 1.5, "trail_r": 0.5}
s02_gross|IS|{"be_r": 1, "commission": 0.0, "exit_time": 14.0, "sl_k": 1.5, "slip": 0.0, "tp_r": 1.5, "trail_r": 1}
s02_gross|IS|{"be_r": 1, "commission": 0.0, "exit_time": 16.0, "sl_k": 1.5, "slip": 0.0, "tp_r": 1.5, "trail_r": 1}
s02_gross|IS|{"be_r": 1, "commission": 0.0, "exit_time": 18.0, "sl_k": 1.5, "slip": 0.0, "tp_r": 1.5, "trail_r": 1}
s02_gross|IS|{"be_r": 1, "commission": 0.0, "sl_k": 1.5, "slip": 0.0, "tp_r": 1.5, "trail_r": 1}
s02_gross|IS|{"be_r": 1, "commission": 0.0, "exit_time": 21.0, "sl_k": 1.5, "slip": 0.0, "tp_r": 1.5, "trail_r": 1}
s02_gross|IS|{"be_r": 1, "commission": 0.0, "exit_time": 14.0, "sl_k": 1.5, "slip": 0.0, "tp_r": 1.5, "trail_r": 1.5}
s02_gross|IS|{"be_r": 1, "commission": 0.0, "exit_time": 16.0, "sl_k": 1.5, "slip": 0.0, "tp_r": 1.5, "trail_r": 1.5}
s02_gross|IS|{"be_r": 1, "commission": 0.0, "exit_time": 18.0, "sl_k": 1.5, "slip": 0.0, "tp_r": 1.5, "trail_r": 1.5}
s02_gross|IS|{"be_r": 1, "commission": 0.0, "sl_k": 1.5, "slip": 0.0, "tp_r": 1.5, "trail_r": 1.5}
s02_gross|IS|{"be_r": 1, "commission": 0.0, "exit_time": 21.0, "sl_k": 1.5, "slip": 0.0, "tp_r": 1.5, "trail_r": 1.5}
s02_gross|IS|{"be_r": 1, "commission": 0.0, "exit_time": 14.0, "sl_k": 1.5, "slip": 0.0, "tp_r": 1.5, "trail_r": 2}
s02_gross|IS|{"be_r": 1, "commission": 0.0, "exit_time": 16.0, "sl_k": 1.5, "slip": 0.0, "tp_r": 1.5, "trail_r": 2}
s02_gross|IS|{"be_r": 1, "commission": 0.0, "exit_time": 18.0, "sl_k": 1.5, "slip": 0.0, "tp_r": 1.5, "trail_r": 2}
s02_gross|IS|{"be_r": 1, "commission": 0.0, "sl_k": 1.5, "slip": 0.0, "tp_r": 1.5, "trail_r": 2}
s02_gross|IS|{"be_r": 1, "commission": 0.0, "exit_time": 21.0, "sl_k": 1.5, "slip": 0.0, "tp_r": 1.5, "trail_r": 2}
s02_gross|IS|{"commission": 0.0, "exit_time": 14.0, "sl_k": 1.5, "slip": 0.0, "tp_r": 2}
s02_gross|IS|{"commission": 0.0, "exit_time": 16.0, "sl_k": 1.5, "slip": 0.0, "tp_r": 2}
s02_gross|IS|{"commission": 0.0, "exit_time": 18.0, "sl_k": 1.5, "slip": 0.0, "tp_r": 2}
s02_gross|IS|{"commission": 0.0, "sl_k": 1.5, "slip": 0.0, "tp_r": 2}
s02_gross|IS|{"commission": 0.0, "exit_time": 21.0, "sl_k": 1.5, "slip": 0.0, "tp_r": 2}
s02_gross|IS|{"commission": 0.0, "exit_time": 14.0, "sl_k": 1.5, "slip": 0.0, "tp_r": 2, "trail_r": 0.5}
s02_gross|IS|{"commission": 0.0, "exit_time": 16.0, "sl_k": 1.5, "slip": 0.0, "tp_r": 2, "trail_r": 0.5}
s02_gross|IS|{"commission": 0.0, "exit_time": 18.0, "sl_k": 1.5, "slip": 0.0, "tp_r": 2, "trail_r": 0.5}
s02_gross|IS|{"commission": 0.0, "sl_k": 1.5, "slip": 0.0, "tp_r": 2, "trail_r": 0.5}
s02_gross|IS|{"commission": 0.0, "exit_time": 21.0, "sl_k": 1.5, "slip": 0.0, "tp_r": 2, "trail_r": 0.5}
s02_gross|IS|{"commission": 0.0, "exit_time": 14.0, "sl_k": 1.5, "slip": 0.0, "tp_r": 2, "trail_r": 1}
s02_gross|IS|{"commission": 0.0, "exit_time": 16.0, "sl_k": 1.5, "slip": 0.0, "tp_r": 2, "trail_r": 1}
s02_gross|IS|{"commission": 0.0, "exit_time": 18.0, "sl_k": 1.5, "slip": 0.0, "tp_r": 2, "trail_r": 1}
s02_gross|IS|{"commission": 0.0, "sl_k": 1.5, "slip": 0.0, "tp_r": 2, "trail_r": 1}
s02_gross|IS|{"commission": 0.0, "exit_time": 21.0, "sl_k": 1.5, "slip": 0.0, "tp_r": 2, "trail_r": 1}
s02_gross|IS|{"commission": 0.0, "exit_time": 14.0, "sl_k": 1.5, "slip": 0.0, "tp_r": 2, "trail_r": 1.5}
s02_gross|IS|{"commission": 0.0, "exit_time": 16.0, "sl_k": 1.5, "slip": 0.0, "tp_r": 2, "trail_r": 1.5}
s02_gross|IS|{"commission": 0.0, "exit_time": 18.0, "sl_k": 1.5, "slip": 0.0, "tp_r": 2, "trail_r": 1.5}
s02_gross|IS|{"commission": 0.0, "sl_k": 1.5, "slip": 0.0, "tp_r": 2, "trail_r": 1.5}
s02_gross|IS|{"commission": 0.0, "exit_time": 21.0, "sl_k": 1.5, "slip": 0.0, "tp_r": 2, "trail_r": 1.5}
s02_gross|IS|{"commission": 0.0, "exit_time": 14.0, "sl_k": 1.5, "slip": 0.0, "tp_r": 2, "trail_r": 2}
s02_gross|IS|{"commission": 0.0, "exit_time": 16.0, "sl_k": 1.5, "slip": 0.0, "tp_r": 2, "trail_r": 2}
s02_gross|IS|{"commission": 0.0, "exit_time": 18.0, "sl_k": 1.5, "slip": 0.0, "tp_r": 2, "trail_r": 2}
s02_gross|IS|{"commission": 0.0, "sl_k": 1.5, "slip": 0.0, "tp_r": 2, "trail_r": 2}
s02_gross|IS|{"commission": 0.0, "exit_time": 21.0, "sl_k": 1.5, "slip": 0.0, "tp_r": 2, "trail_r": 2}
s02_gross|IS|{"be_r": 0.5, "commission": 0.0, "exit_time": 14.0, "sl_k": 1.5, "slip": 0.0, "tp_r": 2}
s02_gross|IS|{"be_r": 0.5, "commission": 0.0, "exit_time": 16.0, "sl_k": 1.5, "slip": 0.0, "tp_r": 2}
s02_gross|IS|{"be_r": 0.5, "commission": 0.0, "exit_time": 18.0, "sl_k": 1.5, "slip": 0.0, "tp_r": 2}
s02_gross|IS|{"be_r": 0.5, "commission": 0.0, "sl_k": 1.5, "slip": 0.0, "tp_r": 2}
s02_gross|IS|{"be_r": 0.5, "commission": 0.0, "exit_time": 21.0, "sl_k": 1.5, "slip": 0.0, "tp_r": 2}
s02_gross|IS|{"be_r": 0.5, "commission": 0.0, "exit_time": 14.0, "sl_k": 1.5, "slip": 0.0, "tp_r": 2, "trail_r": 0.5}
s02_gross|IS|{"be_r": 0.5, "commission": 0.0, "exit_time": 16.0, "sl_k": 1.5, "slip": 0.0, "tp_r": 2, "trail_r": 0.5}
s02_gross|IS|{"be_r": 0.5, "commission": 0.0, "exit_time": 18.0, "sl_k": 1.5, "slip": 0.0, "tp_r": 2, "trail_r": 0.5}
s02_gross|IS|{"be_r": 0.5, "commission": 0.0, "sl_k": 1.5, "slip": 0.0, "tp_r": 2, "trail_r": 0.5}
s02_gross|IS|{"be_r": 0.5, "commission": 0.0, "exit_time": 21.0, "sl_k": 1.5, "slip": 0.0, "tp_r": 2, "trail_r": 0.5}
s02_gross|IS|{"be_r": 0.5, "commission": 0.0, "exit_time": 14.0, "sl_k": 1.5, "slip": 0.0, "tp_r": 2, "trail_r": 1}
s02_gross|IS|{"be_r": 0.5, "commission": 0.0, "exit_time": 16.0, "sl_k": 1.5, "slip": 0.0, "tp_r": 2, "trail_r": 1}
s02_gross|IS|{"be_r": 0.5, "commission": 0.0, "exit_time": 18.0, "sl_k": 1.5, "slip": 0.0, "tp_r": 2, "trail_r": 1}
s02_gross|IS|{"be_r": 0.5, "commission": 0.0, "sl_k": 1.5, "slip": 0.0, "tp_r": 2, "trail_r": 1}
s02_gross|IS|{"be_r": 0.5, "commission": 0.0, "exit_time": 21.0, "sl_k": 1.5, "slip": 0.0, "tp_r": 2, "trail_r": 1}
s02_gross|IS|{"be_r": 0.5, "commission": 0.0, "exit_time": 14.0, "sl_k": 1.5, "slip": 0.0, "tp_r": 2, "trail_r": 1.5}
s02_gross|IS|{"be_r": 0.5, "commission": 0.0, "exit_time": 16.0, "sl_k": 1.5, "slip": 0.0, "tp_r": 2, "trail_r": 1.5}
s02_gross|IS|{"be_r": 0.5, "commission": 0.0, "exit_time": 18.0, "sl_k": 1.5, "slip": 0.0, "tp_r": 2, "trail_r": 1.5}
s02_gross|IS|{"be_r": 0.5, "commission": 0.0, "sl_k": 1.5, "slip": 0.0, "tp_r": 2, "trail_r": 1.5}
s02_gross|IS|{"be_r": 0.5, "commission": 0.0, "exit_time": 21.0, "sl_k": 1.5, "slip": 0.0, "tp_r": 2, "trail_r": 1.5}
s02_gross|IS|{"be_r": 0.5, "commission": 0.0, "exit_time": 14.0, "sl_k": 1.5, "slip": 0.0, "tp_r": 2, "trail_r": 2}
s02_gross|IS|{"be_r": 0.5, "commission": 0.0, "exit_time": 16.0, "sl_k": 1.5, "slip": 0.0, "tp_r": 2, "trail_r": 2}
s02_gross|IS|{"be_r": 0.5, "commission": 0.0, "exit_time": 18.0, "sl_k": 1.5, "slip": 0.0, "tp_r": 2, "trail_r": 2}
s02_gross|IS|{"be_r": 0.5, "commission": 0.0, "sl_k": 1.5, "slip": 0.0, "tp_r": 2, "trail_r": 2}
s02_gross|IS|{"be_r": 0.5, "commission": 0.0, "exit_time": 21.0, "sl_k": 1.5, "slip": 0.0, "tp_r": 2, "trail_r": 2}
s02_gross|IS|{"be_r": 1, "commission": 0.0, "exit_time": 14.0, "sl_k": 1.5, "slip": 0.0, "tp_r": 2}
s02_gross|IS|{"be_r": 1, "commission": 0.0, "exit_time": 16.0, "sl_k": 1.5, "slip": 0.0, "tp_r": 2}
s02_gross|IS|{"be_r": 1, "commission": 0.0, "exit_time": 18.0, "sl_k": 1.5, "slip": 0.0, "tp_r": 2}
s02_gross|IS|{"be_r": 1, "commission": 0.0, "sl_k": 1.5, "slip": 0.0, "tp_r": 2}
s02_gross|IS|{"be_r": 1, "commission": 0.0, "exit_time": 21.0, "sl_k": 1.5, "slip": 0.0, "tp_r": 2}
s02_gross|IS|{"be_r": 1, "commission": 0.0, "exit_time": 14.0, "sl_k": 1.5, "slip": 0.0, "tp_r": 2, "trail_r": 0.5}
s02_gross|IS|{"be_r": 1, "commission": 0.0, "exit_time": 16.0, "sl_k": 1.5, "slip": 0.0, "tp_r": 2, "trail_r": 0.5}
s02_gross|IS|{"be_r": 1, "commission": 0.0, "exit_time": 18.0, "sl_k": 1.5, "slip": 0.0, "tp_r": 2, "trail_r": 0.5}
s02_gross|IS|{"be_r": 1, "commission": 0.0, "sl_k": 1.5, "slip": 0.0, "tp_r": 2, "trail_r": 0.5}
s02_gross|IS|{"be_r": 1, "commission": 0.0, "exit_time": 21.0, "sl_k": 1.5, "slip": 0.0, "tp_r": 2, "trail_r": 0.5}
s02_gross|IS|{"be_r": 1, "commission": 0.0, "exit_time": 14.0, "sl_k": 1.5, "slip": 0.0, "tp_r": 2, "trail_r": 1}
s02_gross|IS|{"be_r": 1, "commission": 0.0, "exit_time": 16.0, "sl_k": 1.5, "slip": 0.0, "tp_r": 2, "trail_r": 1}
s02_gross|IS|{"be_r": 1, "commission": 0.0, "exit_time": 18.0, "sl_k": 1.5, "slip": 0.0, "tp_r": 2, "trail_r": 1}
s02_gross|IS|{"be_r": 1, "commission": 0.0, "sl_k": 1.5, "slip": 0.0, "tp_r": 2, "trail_r": 1}
s02_gross|IS|{"be_r": 1, "commission": 0.0, "exit_time": 21.0, "sl_k": 1.5, "slip": 0.0, "tp_r": 2, "trail_r": 1}
s02_gross|IS|{"be_r": 1, "commission": 0.0, "exit_time": 14.0, "sl_k": 1.5, "slip": 0.0, "tp_r": 2, "trail_r": 1.5}
s02_gross|IS|{"be_r": 1, "commission": 0.0, "exit_time": 16.0, "sl_k": 1.5, "slip": 0.0, "tp_r": 2, "trail_r": 1.5}
s02_gross|IS|{"be_r": 1, "commission": 0.0, "exit_time": 18.0, "sl_k": 1.5, "slip": 0.0, "tp_r": 2, "trail_r": 1.5}
s02_gross|IS|{"be_r": 1, "commission": 0.0, "sl_k": 1.5, "slip": 0.0, "tp_r": 2, "trail_r": 1.5}
s02_gross|IS|{"be_r": 1, "commission": 0.0, "exit_time": 21.0, "sl_k": 1.5, "slip": 0.0, "tp_r": 2, "trail_r": 1.5}
s02_gross|IS|{"be_r": 1, "commission": 0.0, "exit_time": 14.0, "sl_k": 1.5, "slip": 0.0, "tp_r": 2, "trail_r": 2}
s02_gross|IS|{"be_r": 1, "commission": 0.0, "exit_time": 16.0, "sl_k": 1.5, "slip": 0.0, "tp_r": 2, "trail_r": 2}
s02_gross|IS|{"be_r": 1, "commission": 0.0, "exit_time": 18.0, "sl_k": 1.5, "slip": 0.0, "tp_r": 2, "trail_r": 2}
s02_gross|IS|{"be_r": 1, "commission": 0.0, "sl_k": 1.5, "slip": 0.0, "tp_r": 2, "trail_r": 2}
s02_gross|IS|{"be_r": 1, "commission": 0.0, "exit_time": 21.0, "sl_k": 1.5, "slip": 0.0, "tp_r": 2, "trail_r": 2}
s02_gross|IS|{"commission": 0.0, "exit_time": 14.0, "sl_k": 1.5, "slip": 0.0, "tp_r": 3}
s02_gross|IS|{"commission": 0.0, "exit_time": 16.0, "sl_k": 1.5, "slip": 0.0, "tp_r": 3}
s02_gross|IS|{"commission": 0.0, "exit_time": 18.0, "sl_k": 1.5, "slip": 0.0, "tp_r": 3}
s02_gross|IS|{"commission": 0.0, "sl_k": 1.5, "slip": 0.0, "tp_r": 3}
s02_gross|IS|{"commission": 0.0, "exit_time": 21.0, "sl_k": 1.5, "slip": 0.0, "tp_r": 3}
s02_gross|IS|{"commission": 0.0, "exit_time": 14.0, "sl_k": 1.5, "slip": 0.0, "tp_r": 3, "trail_r": 0.5}
s02_gross|IS|{"commission": 0.0, "exit_time": 16.0, "sl_k": 1.5, "slip": 0.0, "tp_r": 3, "trail_r": 0.5}
s02_gross|IS|{"commission": 0.0, "exit_time": 18.0, "sl_k": 1.5, "slip": 0.0, "tp_r": 3, "trail_r": 0.5}
s02_gross|IS|{"commission": 0.0, "sl_k": 1.5, "slip": 0.0, "tp_r": 3, "trail_r": 0.5}
s02_gross|IS|{"commission": 0.0, "exit_time": 21.0, "sl_k": 1.5, "slip": 0.0, "tp_r": 3, "trail_r": 0.5}
s02_gross|IS|{"commission": 0.0, "exit_time": 14.0, "sl_k": 1.5, "slip": 0.0, "tp_r": 3, "trail_r": 1}
s02_gross|IS|{"commission": 0.0, "exit_time": 16.0, "sl_k": 1.5, "slip": 0.0, "tp_r": 3, "trail_r": 1}
s02_gross|IS|{"commission": 0.0, "exit_time": 18.0, "sl_k": 1.5, "slip": 0.0, "tp_r": 3, "trail_r": 1}
s02_gross|IS|{"commission": 0.0, "sl_k": 1.5, "slip": 0.0, "tp_r": 3, "trail_r": 1}
s02_gross|IS|{"commission": 0.0, "exit_time": 21.0, "sl_k": 1.5, "slip": 0.0, "tp_r": 3, "trail_r": 1}
s02_gross|IS|{"commission": 0.0, "exit_time": 14.0, "sl_k": 1.5, "slip": 0.0, "tp_r": 3, "trail_r": 1.5}
s02_gross|IS|{"commission": 0.0, "exit_time": 16.0, "sl_k": 1.5, "slip": 0.0, "tp_r": 3, "trail_r": 1.5}
s02_gross|IS|{"commission": 0.0, "exit_time": 18.0, "sl_k": 1.5, "slip": 0.0, "tp_r": 3, "trail_r": 1.5}
s02_gross|IS|{"commission": 0.0, "sl_k": 1.5, "slip": 0.0, "tp_r": 3, "trail_r": 1.5}
s02_gross|IS|{"commission": 0.0, "exit_time": 21.0, "sl_k": 1.5, "slip": 0.0, "tp_r": 3, "trail_r": 1.5}
s02_gross|IS|{"commission": 0.0, "exit_time": 14.0, "sl_k": 1.5, "slip": 0.0, "tp_r": 3, "trail_r": 2}
s02_gross|IS|{"commission": 0.0, "exit_time": 16.0, "sl_k": 1.5, "slip": 0.0, "tp_r": 3, "trail_r": 2}
s02_gross|IS|{"commission": 0.0, "exit_time": 18.0, "sl_k": 1.5, "slip": 0.0, "tp_r": 3, "trail_r": 2}
s02_gross|IS|{"commission": 0.0, "sl_k": 1.5, "slip": 0.0, "tp_r": 3, "trail_r": 2}
s02_gross|IS|{"commission": 0.0, "exit_time": 21.0, "sl_k": 1.5, "slip": 0.0, "tp_r": 3, "trail_r": 2}
s02_gross|IS|{"be_r": 0.5, "commission": 0.0, "exit_time": 14.0, "sl_k": 1.5, "slip": 0.0, "tp_r": 3}
s02_gross|IS|{"be_r": 0.5, "commission": 0.0, "exit_time": 16.0, "sl_k": 1.5, "slip": 0.0, "tp_r": 3}
s02_gross|IS|{"be_r": 0.5, "commission": 0.0, "exit_time": 18.0, "sl_k": 1.5, "slip": 0.0, "tp_r": 3}
s02_gross|IS|{"be_r": 0.5, "commission": 0.0, "sl_k": 1.5, "slip": 0.0, "tp_r": 3}
s02_gross|IS|{"be_r": 0.5, "commission": 0.0, "exit_time": 21.0, "sl_k": 1.5, "slip": 0.0, "tp_r": 3}
s02_gross|IS|{"be_r": 0.5, "commission": 0.0, "exit_time": 14.0, "sl_k": 1.5, "slip": 0.0, "tp_r": 3, "trail_r": 0.5}
s02_gross|IS|{"be_r": 0.5, "commission": 0.0, "exit_time": 16.0, "sl_k": 1.5, "slip": 0.0, "tp_r": 3, "trail_r": 0.5}
s02_gross|IS|{"be_r": 0.5, "commission": 0.0, "exit_time": 18.0, "sl_k": 1.5, "slip": 0.0, "tp_r": 3, "trail_r": 0.5}
s02_gross|IS|{"be_r": 0.5, "commission": 0.0, "sl_k": 1.5, "slip": 0.0, "tp_r": 3, "trail_r": 0.5}
s02_gross|IS|{"be_r": 0.5, "commission": 0.0, "exit_time": 21.0, "sl_k": 1.5, "slip": 0.0, "tp_r": 3, "trail_r": 0.5}
s02_gross|IS|{"be_r": 0.5, "commission": 0.0, "exit_time": 14.0, "sl_k": 1.5, "slip": 0.0, "tp_r": 3, "trail_r": 1}
s02_gross|IS|{"be_r": 0.5, "commission": 0.0, "exit_time": 16.0, "sl_k": 1.5, "slip": 0.0, "tp_r": 3, "trail_r": 1}
s02_gross|IS|{"be_r": 0.5, "commission": 0.0, "exit_time": 18.0, "sl_k": 1.5, "slip": 0.0, "tp_r": 3, "trail_r": 1}
s02_gross|IS|{"be_r": 0.5, "commission": 0.0, "sl_k": 1.5, "slip": 0.0, "tp_r": 3, "trail_r": 1}
s02_gross|IS|{"be_r": 0.5, "commission": 0.0, "exit_time": 21.0, "sl_k": 1.5, "slip": 0.0, "tp_r": 3, "trail_r": 1}
s02_gross|IS|{"be_r": 0.5, "commission": 0.0, "exit_time": 14.0, "sl_k": 1.5, "slip": 0.0, "tp_r": 3, "trail_r": 1.5}
s02_gross|IS|{"be_r": 0.5, "commission": 0.0, "exit_time": 16.0, "sl_k": 1.5, "slip": 0.0, "tp_r": 3, "trail_r": 1.5}
s02_gross|IS|{"be_r": 0.5, "commission": 0.0, "exit_time": 18.0, "sl_k": 1.5, "slip": 0.0, "tp_r": 3, "trail_r": 1.5}
s02_gross|IS|{"be_r": 0.5, "commission": 0.0, "sl_k": 1.5, "slip": 0.0, "tp_r": 3, "trail_r": 1.5}
s02_gross|IS|{"be_r": 0.5, "commission": 0.0, "exit_time": 21.0, "sl_k": 1.5, "slip": 0.0, "tp_r": 3, "trail_r": 1.5}
s02_gross|IS|{"be_r": 0.5, "commission": 0.0, "exit_time": 14.0, "sl_k": 1.5, "slip": 0.0, "tp_r": 3, "trail_r": 2}
s02_gross|IS|{"be_r": 0.5, "commission": 0.0, "exit_time": 16.0, "sl_k": 1.5, "slip": 0.0, "tp_r": 3, "trail_r": 2}
s02_gross|IS|{"be_r": 0.5, "commission": 0.0, "exit_time": 18.0, "sl_k": 1.5, "slip": 0.0, "tp_r": 3, "trail_r": 2}
s02_gross|IS|{"be_r": 0.5, "commission": 0.0, "sl_k": 1.5, "slip": 0.0, "tp_r": 3, "trail_r": 2}
s02_gross|IS|{"be_r": 0.5, "commission": 0.0, "exit_time": 21.0, "sl_k": 1.5, "slip": 0.0, "tp_r": 3, "trail_r": 2}
s02_gross|IS|{"be_r": 1, "commission": 0.0, "exit_time": 14.0, "sl_k": 1.5, "slip": 0.0, "tp_r": 3}
s02_gross|IS|{"be_r": 1, "commission": 0.0, "exit_time": 16.0, "sl_k": 1.5, "slip": 0.0, "tp_r": 3}
s02_gross|IS|{"be_r": 1, "commission": 0.0, "exit_time": 18.0, "sl_k": 1.5, "slip": 0.0, "tp_r": 3}
s02_gross|IS|{"be_r": 1, "commission": 0.0, "sl_k": 1.5, "slip": 0.0, "tp_r": 3}
s02_gross|IS|{"be_r": 1, "commission": 0.0, "exit_time": 21.0, "sl_k": 1.5, "slip": 0.0, "tp_r": 3}
s02_gross|IS|{"be_r": 1, "commission": 0.0, "exit_time": 14.0, "sl_k": 1.5, "slip": 0.0, "tp_r": 3, "trail_r": 0.5}
s02_gross|IS|{"be_r": 1, "commission": 0.0, "exit_time": 16.0, "sl_k": 1.5, "slip": 0.0, "tp_r": 3, "trail_r": 0.5}
s02_gross|IS|{"be_r": 1, "commission": 0.0, "exit_time": 18.0, "sl_k": 1.5, "slip": 0.0, "tp_r": 3, "trail_r": 0.5}
s02_gross|IS|{"be_r": 1, "commission": 0.0, "sl_k": 1.5, "slip": 0.0, "tp_r": 3, "trail_r": 0.5}
s02_gross|IS|{"be_r": 1, "commission": 0.0, "exit_time": 21.0, "sl_k": 1.5, "slip": 0.0, "tp_r": 3, "trail_r": 0.5}
s02_gross|IS|{"be_r": 1, "commission": 0.0, "exit_time": 14.0, "sl_k": 1.5, "slip": 0.0, "tp_r": 3, "trail_r": 1}
s02_gross|IS|{"be_r": 1, "commission": 0.0, "exit_time": 16.0, "sl_k": 1.5, "slip": 0.0, "tp_r": 3, "trail_r": 1}
s02_gross|IS|{"be_r": 1, "commission": 0.0, "exit_time": 18.0, "sl_k": 1.5, "slip": 0.0, "tp_r": 3, "trail_r": 1}
s02_gross|IS|{"be_r": 1, "commission": 0.0, "sl_k": 1.5, "slip": 0.0, "tp_r": 3, "trail_r": 1}
s02_gross|IS|{"be_r": 1, "commission": 0.0, "exit_time": 21.0, "sl_k": 1.5, "slip": 0.0, "tp_r": 3, "trail_r": 1}
s02_gross|IS|{"be_r": 1, "commission": 0.0, "exit_time": 14.0, "sl_k": 1.5, "slip": 0.0, "tp_r": 3, "trail_r": 1.5}
s02_gross|IS|{"be_r": 1, "commission": 0.0, "exit_time": 16.0, "sl_k": 1.5, "slip": 0.0, "tp_r": 3, "trail_r": 1.5}
s02_gross|IS|{"be_r": 1, "commission": 0.0, "exit_time": 18.0, "sl_k": 1.5, "slip": 0.0, "tp_r": 3, "trail_r": 1.5}
s02_gross|IS|{"be_r": 1, "commission": 0.0, "sl_k": 1.5, "slip": 0.0, "tp_r": 3, "trail_r": 1.5}
s02_gross|IS|{"be_r": 1, "commission": 0.0, "exit_time": 21.0, "sl_k": 1.5, "slip": 0.0, "tp_r": 3, "trail_r": 1.5}
s02_gross|IS|{"be_r": 1, "commission": 0.0, "exit_time": 14.0, "sl_k": 1.5, "slip": 0.0, "tp_r": 3, "trail_r": 2}
s02_gross|IS|{"be_r": 1, "commission": 0.0, "exit_time": 16.0, "sl_k": 1.5, "slip": 0.0, "tp_r": 3, "trail_r": 2}
s02_gross|IS|{"be_r": 1, "commission": 0.0, "exit_time": 18.0, "sl_k": 1.5, "slip": 0.0, "tp_r": 3, "trail_r": 2}
s02_gross|IS|{"be_r": 1, "commission": 0.0, "sl_k": 1.5, "slip": 0.0, "tp_r": 3, "trail_r": 2}
s02_gross|IS|{"be_r": 1, "commission": 0.0, "exit_time": 21.0, "sl_k": 1.5, "slip": 0.0, "tp_r": 3, "trail_r": 2}
s02_gross|IS|{"commission": 0.0, "exit_time": 14.0, "sl_k": 1.5, "slip": 0.0, "tp_r": 4}
s02_gross|IS|{"commission": 0.0, "exit_time": 16.0, "sl_k": 1.5, "slip": 0.0, "tp_r": 4}
s02_gross|IS|{"commission": 0.0, "exit_time": 18.0, "sl_k": 1.5, "slip": 0.0, "tp_r": 4}
s02_gross|IS|{"commission": 0.0, "sl_k": 1.5, "slip": 0.0, "tp_r": 4}
s02_gross|IS|{"commission": 0.0, "exit_time": 21.0, "sl_k": 1.5, "slip": 0.0, "tp_r": 4}
s02_gross|IS|{"commission": 0.0, "exit_time": 14.0, "sl_k": 1.5, "slip": 0.0, "tp_r": 4, "trail_r": 0.5}
s02_gross|IS|{"commission": 0.0, "exit_time": 16.0, "sl_k": 1.5, "slip": 0.0, "tp_r": 4, "trail_r": 0.5}
s02_gross|IS|{"commission": 0.0, "exit_time": 18.0, "sl_k": 1.5, "slip": 0.0, "tp_r": 4, "trail_r": 0.5}
s02_gross|IS|{"commission": 0.0, "sl_k": 1.5, "slip": 0.0, "tp_r": 4, "trail_r": 0.5}
s02_gross|IS|{"commission": 0.0, "exit_time": 21.0, "sl_k": 1.5, "slip": 0.0, "tp_r": 4, "trail_r": 0.5}
s02_gross|IS|{"commission": 0.0, "exit_time": 14.0, "sl_k": 1.5, "slip": 0.0, "tp_r": 4, "trail_r": 1}
s02_gross|IS|{"commission": 0.0, "exit_time": 16.0, "sl_k": 1.5, "slip": 0.0, "tp_r": 4, "trail_r": 1}
s02_gross|IS|{"commission": 0.0, "exit_time": 18.0, "sl_k": 1.5, "slip": 0.0, "tp_r": 4, "trail_r": 1}
s02_gross|IS|{"commission": 0.0, "sl_k": 1.5, "slip": 0.0, "tp_r": 4, "trail_r": 1}
s02_gross|IS|{"commission": 0.0, "exit_time": 21.0, "sl_k": 1.5, "slip": 0.0, "tp_r": 4, "trail_r": 1}
s02_gross|IS|{"commission": 0.0, "exit_time": 14.0, "sl_k": 1.5, "slip": 0.0, "tp_r": 4, "trail_r": 1.5}
s02_gross|IS|{"commission": 0.0, "exit_time": 16.0, "sl_k": 1.5, "slip": 0.0, "tp_r": 4, "trail_r": 1.5}
s02_gross|IS|{"commission": 0.0, "exit_time": 18.0, "sl_k": 1.5, "slip": 0.0, "tp_r": 4, "trail_r": 1.5}
s02_gross|IS|{"commission": 0.0, "sl_k": 1.5, "slip": 0.0, "tp_r": 4, "trail_r": 1.5}
s02_gross|IS|{"commission": 0.0, "exit_time": 21.0, "sl_k": 1.5, "slip": 0.0, "tp_r": 4, "trail_r": 1.5}
s02_gross|IS|{"commission": 0.0, "exit_time": 14.0, "sl_k": 1.5, "slip": 0.0, "tp_r": 4, "trail_r": 2}
s02_gross|IS|{"commission": 0.0, "exit_time": 16.0, "sl_k": 1.5, "slip": 0.0, "tp_r": 4, "trail_r": 2}
s02_gross|IS|{"commission": 0.0, "exit_time": 18.0, "sl_k": 1.5, "slip": 0.0, "tp_r": 4, "trail_r": 2}
s02_gross|IS|{"commission": 0.0, "sl_k": 1.5, "slip": 0.0, "tp_r": 4, "trail_r": 2}
s02_gross|IS|{"commission": 0.0, "exit_time": 21.0, "sl_k": 1.5, "slip": 0.0, "tp_r": 4, "trail_r": 2}
s02_gross|IS|{"be_r": 0.5, "commission": 0.0, "exit_time": 14.0, "sl_k": 1.5, "slip": 0.0, "tp_r": 4}
s02_gross|IS|{"be_r": 0.5, "commission": 0.0, "exit_time": 16.0, "sl_k": 1.5, "slip": 0.0, "tp_r": 4}
s02_gross|IS|{"be_r": 0.5, "commission": 0.0, "exit_time": 18.0, "sl_k": 1.5, "slip": 0.0, "tp_r": 4}
s02_gross|IS|{"be_r": 0.5, "commission": 0.0, "sl_k": 1.5, "slip": 0.0, "tp_r": 4}
s02_gross|IS|{"be_r": 0.5, "commission": 0.0, "exit_time": 21.0, "sl_k": 1.5, "slip": 0.0, "tp_r": 4}
s02_gross|IS|{"be_r": 0.5, "commission": 0.0, "exit_time": 14.0, "sl_k": 1.5, "slip": 0.0, "tp_r": 4, "trail_r": 0.5}
s02_gross|IS|{"be_r": 0.5, "commission": 0.0, "exit_time": 16.0, "sl_k": 1.5, "slip": 0.0, "tp_r": 4, "trail_r": 0.5}
s02_gross|IS|{"be_r": 0.5, "commission": 0.0, "exit_time": 18.0, "sl_k": 1.5, "slip": 0.0, "tp_r": 4, "trail_r": 0.5}
s02_gross|IS|{"be_r": 0.5, "commission": 0.0, "sl_k": 1.5, "slip": 0.0, "tp_r": 4, "trail_r": 0.5}
s02_gross|IS|{"be_r": 0.5, "commission": 0.0, "exit_time": 21.0, "sl_k": 1.5, "slip": 0.0, "tp_r": 4, "trail_r": 0.5}
s02_gross|IS|{"be_r": 0.5, "commission": 0.0, "exit_time": 14.0, "sl_k": 1.5, "slip": 0.0, "tp_r": 4, "trail_r": 1}
s02_gross|IS|{"be_r": 0.5, "commission": 0.0, "exit_time": 16.0, "sl_k": 1.5, "slip": 0.0, "tp_r": 4, "trail_r": 1}
s02_gross|IS|{"be_r": 0.5, "commission": 0.0, "exit_time": 18.0, "sl_k": 1.5, "slip": 0.0, "tp_r": 4, "trail_r": 1}
s02_gross|IS|{"be_r": 0.5, "commission": 0.0, "sl_k": 1.5, "slip": 0.0, "tp_r": 4, "trail_r": 1}
s02_gross|IS|{"be_r": 0.5, "commission": 0.0, "exit_time": 21.0, "sl_k": 1.5, "slip": 0.0, "tp_r": 4, "trail_r": 1}
s02_gross|IS|{"be_r": 0.5, "commission": 0.0, "exit_time": 14.0, "sl_k": 1.5, "slip": 0.0, "tp_r": 4, "trail_r": 1.5}
s02_gross|IS|{"be_r": 0.5, "commission": 0.0, "exit_time": 16.0, "sl_k": 1.5, "slip": 0.0, "tp_r": 4, "trail_r": 1.5}
s02_gross|IS|{"be_r": 0.5, "commission": 0.0, "exit_time": 18.0, "sl_k": 1.5, "slip": 0.0, "tp_r": 4, "trail_r": 1.5}
s02_gross|IS|{"be_r": 0.5, "commission": 0.0, "sl_k": 1.5, "slip": 0.0, "tp_r": 4, "trail_r": 1.5}
s02_gross|IS|{"be_r": 0.5, "commission": 0.0, "exit_time": 21.0, "sl_k": 1.5, "slip": 0.0, "tp_r": 4, "trail_r": 1.5}
s02_gross|IS|{"be_r": 0.5, "commission": 0.0, "exit_time": 14.0, "sl_k": 1.5, "slip": 0.0, "tp_r": 4, "trail_r": 2}
s02_gross|IS|{"be_r": 0.5, "commission": 0.0, "exit_time": 16.0, "sl_k": 1.5, "slip": 0.0, "tp_r": 4, "trail_r": 2}
s02_gross|IS|{"be_r": 0.5, "commission": 0.0, "exit_time": 18.0, "sl_k": 1.5, "slip": 0.0, "tp_r": 4, "trail_r": 2}
s02_gross|IS|{"be_r": 0.5, "commission": 0.0, "sl_k": 1.5, "slip": 0.0, "tp_r": 4, "trail_r": 2}
s02_gross|IS|{"be_r": 0.5, "commission": 0.0, "exit_time": 21.0, "sl_k": 1.5, "slip": 0.0, "tp_r": 4, "trail_r": 2}
s02_gross|IS|{"be_r": 1, "commission": 0.0, "exit_time": 14.0, "sl_k": 1.5, "slip": 0.0, "tp_r": 4}
s02_gross|IS|{"be_r": 1, "commission": 0.0, "exit_time": 16.0, "sl_k": 1.5, "slip": 0.0, "tp_r": 4}
s02_gross|IS|{"be_r": 1, "commission": 0.0, "exit_time": 18.0, "sl_k": 1.5, "slip": 0.0, "tp_r": 4}
s02_gross|IS|{"be_r": 1, "commission": 0.0, "sl_k": 1.5, "slip": 0.0, "tp_r": 4}
s02_gross|IS|{"be_r": 1, "commission": 0.0, "exit_time": 21.0, "sl_k": 1.5, "slip": 0.0, "tp_r": 4}
s02_gross|IS|{"be_r": 1, "commission": 0.0, "exit_time": 14.0, "sl_k": 1.5, "slip": 0.0, "tp_r": 4, "trail_r": 0.5}
s02_gross|IS|{"be_r": 1, "commission": 0.0, "exit_time": 16.0, "sl_k": 1.5, "slip": 0.0, "tp_r": 4, "trail_r": 0.5}
s02_gross|IS|{"be_r": 1, "commission": 0.0, "exit_time": 18.0, "sl_k": 1.5, "slip": 0.0, "tp_r": 4, "trail_r": 0.5}
s02_gross|IS|{"be_r": 1, "commission": 0.0, "sl_k": 1.5, "slip": 0.0, "tp_r": 4, "trail_r": 0.5}
s02_gross|IS|{"be_r": 1, "commission": 0.0, "exit_time": 21.0, "sl_k": 1.5, "slip": 0.0, "tp_r": 4, "trail_r": 0.5}
s02_gross|IS|{"be_r": 1, "commission": 0.0, "exit_time": 14.0, "sl_k": 1.5, "slip": 0.0, "tp_r": 4, "trail_r": 1}
s02_gross|IS|{"be_r": 1, "commission": 0.0, "exit_time": 16.0, "sl_k": 1.5, "slip": 0.0, "tp_r": 4, "trail_r": 1}
s02_gross|IS|{"be_r": 1, "commission": 0.0, "exit_time": 18.0, "sl_k": 1.5, "slip": 0.0, "tp_r": 4, "trail_r": 1}
s02_gross|IS|{"be_r": 1, "commission": 0.0, "sl_k": 1.5, "slip": 0.0, "tp_r": 4, "trail_r": 1}
s02_gross|IS|{"be_r": 1, "commission": 0.0, "exit_time": 21.0, "sl_k": 1.5, "slip": 0.0, "tp_r": 4, "trail_r": 1}
s02_gross|IS|{"be_r": 1, "commission": 0.0, "exit_time": 14.0, "sl_k": 1.5, "slip": 0.0, "tp_r": 4, "trail_r": 1.5}
s02_gross|IS|{"be_r": 1, "commission": 0.0, "exit_time": 16.0, "sl_k": 1.5, "slip": 0.0, "tp_r": 4, "trail_r": 1.5}
s02_gross|IS|{"be_r": 1, "commission": 0.0, "exit_time": 18.0, "sl_k": 1.5, "slip": 0.0, "tp_r": 4, "trail_r": 1.5}
s02_gross|IS|{"be_r": 1, "commission": 0.0, "sl_k": 1.5, "slip": 0.0, "tp_r": 4, "trail_r": 1.5}
s02_gross|IS|{"be_r": 1, "commission": 0.0, "exit_time": 21.0, "sl_k": 1.5, "slip": 0.0, "tp_r": 4, "trail_r": 1.5}
s02_gross|IS|{"be_r": 1, "commission": 0.0, "exit_time": 14.0, "sl_k": 1.5, "slip": 0.0, "tp_r": 4, "trail_r": 2}
s02_gross|IS|{"be_r": 1, "commission": 0.0, "exit_time": 16.0, "sl_k": 1.5, "slip": 0.0, "tp_r": 4, "trail_r": 2}
s02_gross|IS|{"be_r": 1, "commission": 0.0, "exit_time": 18.0, "sl_k": 1.5, "slip": 0.0, "tp_r": 4, "trail_r": 2}
s02_gross|IS|{"be_r": 1, "commission": 0.0, "sl_k": 1.5, "slip": 0.0, "tp_r": 4, "trail_r": 2}
s02_gross|IS|{"be_r": 1, "commission": 0.0, "exit_time": 21.0, "sl_k": 1.5, "slip": 0.0, "tp_r": 4, "trail_r": 2}
s02_gross|IS|{"commission": 0.0, "exit_time": 14.0, "sl_k": 0.15, "sl_ref": 1, "slip": 0.0}
s02_gross|IS|{"commission": 0.0, "exit_time": 16.0, "sl_k": 0.15, "sl_ref": 1, "slip": 0.0}
s02_gross|IS|{"commission": 0.0, "exit_time": 18.0, "sl_k": 0.15, "sl_ref": 1, "slip": 0.0}
s02_gross|IS|{"commission": 0.0, "sl_k": 0.15, "sl_ref": 1, "slip": 0.0}
s02_gross|IS|{"commission": 0.0, "exit_time": 21.0, "sl_k": 0.15, "sl_ref": 1, "slip": 0.0}
s02_gross|IS|{"commission": 0.0, "exit_time": 14.0, "sl_k": 0.15, "sl_ref": 1, "slip": 0.0, "trail_r": 0.5}
s02_gross|IS|{"commission": 0.0, "exit_time": 16.0, "sl_k": 0.15, "sl_ref": 1, "slip": 0.0, "trail_r": 0.5}
s02_gross|IS|{"commission": 0.0, "exit_time": 18.0, "sl_k": 0.15, "sl_ref": 1, "slip": 0.0, "trail_r": 0.5}
s02_gross|IS|{"commission": 0.0, "sl_k": 0.15, "sl_ref": 1, "slip": 0.0, "trail_r": 0.5}
s02_gross|IS|{"commission": 0.0, "exit_time": 21.0, "sl_k": 0.15, "sl_ref": 1, "slip": 0.0, "trail_r": 0.5}
s02_gross|IS|{"commission": 0.0, "exit_time": 14.0, "sl_k": 0.15, "sl_ref": 1, "slip": 0.0, "trail_r": 1}
s02_gross|IS|{"commission": 0.0, "exit_time": 16.0, "sl_k": 0.15, "sl_ref": 1, "slip": 0.0, "trail_r": 1}
s02_gross|IS|{"commission": 0.0, "exit_time": 18.0, "sl_k": 0.15, "sl_ref": 1, "slip": 0.0, "trail_r": 1}
s02_gross|IS|{"commission": 0.0, "sl_k": 0.15, "sl_ref": 1, "slip": 0.0, "trail_r": 1}
s02_gross|IS|{"commission": 0.0, "exit_time": 21.0, "sl_k": 0.15, "sl_ref": 1, "slip": 0.0, "trail_r": 1}
s02_gross|IS|{"commission": 0.0, "exit_time": 14.0, "sl_k": 0.15, "sl_ref": 1, "slip": 0.0, "trail_r": 1.5}
s02_gross|IS|{"commission": 0.0, "exit_time": 16.0, "sl_k": 0.15, "sl_ref": 1, "slip": 0.0, "trail_r": 1.5}
s02_gross|IS|{"commission": 0.0, "exit_time": 18.0, "sl_k": 0.15, "sl_ref": 1, "slip": 0.0, "trail_r": 1.5}
s02_gross|IS|{"commission": 0.0, "sl_k": 0.15, "sl_ref": 1, "slip": 0.0, "trail_r": 1.5}
s02_gross|IS|{"commission": 0.0, "exit_time": 21.0, "sl_k": 0.15, "sl_ref": 1, "slip": 0.0, "trail_r": 1.5}
s02_gross|IS|{"commission": 0.0, "exit_time": 14.0, "sl_k": 0.15, "sl_ref": 1, "slip": 0.0, "trail_r": 2}
s02_gross|IS|{"commission": 0.0, "exit_time": 16.0, "sl_k": 0.15, "sl_ref": 1, "slip": 0.0, "trail_r": 2}
s02_gross|IS|{"commission": 0.0, "exit_time": 18.0, "sl_k": 0.15, "sl_ref": 1, "slip": 0.0, "trail_r": 2}
s02_gross|IS|{"commission": 0.0, "sl_k": 0.15, "sl_ref": 1, "slip": 0.0, "trail_r": 2}
s02_gross|IS|{"commission": 0.0, "exit_time": 21.0, "sl_k": 0.15, "sl_ref": 1, "slip": 0.0, "trail_r": 2}
s02_gross|IS|{"be_r": 0.5, "commission": 0.0, "exit_time": 14.0, "sl_k": 0.15, "sl_ref": 1, "slip": 0.0}
s02_gross|IS|{"be_r": 0.5, "commission": 0.0, "exit_time": 16.0, "sl_k": 0.15, "sl_ref": 1, "slip": 0.0}
s02_gross|IS|{"be_r": 0.5, "commission": 0.0, "exit_time": 18.0, "sl_k": 0.15, "sl_ref": 1, "slip": 0.0}
s02_gross|IS|{"be_r": 0.5, "commission": 0.0, "sl_k": 0.15, "sl_ref": 1, "slip": 0.0}
s02_gross|IS|{"be_r": 0.5, "commission": 0.0, "exit_time": 21.0, "sl_k": 0.15, "sl_ref": 1, "slip": 0.0}
s02_gross|IS|{"be_r": 0.5, "commission": 0.0, "exit_time": 14.0, "sl_k": 0.15, "sl_ref": 1, "slip": 0.0, "trail_r": 0.5}
s02_gross|IS|{"be_r": 0.5, "commission": 0.0, "exit_time": 16.0, "sl_k": 0.15, "sl_ref": 1, "slip": 0.0, "trail_r": 0.5}
s02_gross|IS|{"be_r": 0.5, "commission": 0.0, "exit_time": 18.0, "sl_k": 0.15, "sl_ref": 1, "slip": 0.0, "trail_r": 0.5}
s02_gross|IS|{"be_r": 0.5, "commission": 0.0, "sl_k": 0.15, "sl_ref": 1, "slip": 0.0, "trail_r": 0.5}
s02_gross|IS|{"be_r": 0.5, "commission": 0.0, "exit_time": 21.0, "sl_k": 0.15, "sl_ref": 1, "slip": 0.0, "trail_r": 0.5}
s02_gross|IS|{"be_r": 0.5, "commission": 0.0, "exit_time": 14.0, "sl_k": 0.15, "sl_ref": 1, "slip": 0.0, "trail_r": 1}
s02_gross|IS|{"be_r": 0.5, "commission": 0.0, "exit_time": 16.0, "sl_k": 0.15, "sl_ref": 1, "slip": 0.0, "trail_r": 1}
s02_gross|IS|{"be_r": 0.5, "commission": 0.0, "exit_time": 18.0, "sl_k": 0.15, "sl_ref": 1, "slip": 0.0, "trail_r": 1}
s02_gross|IS|{"be_r": 0.5, "commission": 0.0, "sl_k": 0.15, "sl_ref": 1, "slip": 0.0, "trail_r": 1}
s02_gross|IS|{"be_r": 0.5, "commission": 0.0, "exit_time": 21.0, "sl_k": 0.15, "sl_ref": 1, "slip": 0.0, "trail_r": 1}
s02_gross|IS|{"be_r": 0.5, "commission": 0.0, "exit_time": 14.0, "sl_k": 0.15, "sl_ref": 1, "slip": 0.0, "trail_r": 1.5}
s02_gross|IS|{"be_r": 0.5, "commission": 0.0, "exit_time": 16.0, "sl_k": 0.15, "sl_ref": 1, "slip": 0.0, "trail_r": 1.5}
s02_gross|IS|{"be_r": 0.5, "commission": 0.0, "exit_time": 18.0, "sl_k": 0.15, "sl_ref": 1, "slip": 0.0, "trail_r": 1.5}
s02_gross|IS|{"be_r": 0.5, "commission": 0.0, "sl_k": 0.15, "sl_ref": 1, "slip": 0.0, "trail_r": 1.5}
s02_gross|IS|{"be_r": 0.5, "commission": 0.0, "exit_time": 21.0, "sl_k": 0.15, "sl_ref": 1, "slip": 0.0, "trail_r": 1.5}
s02_gross|IS|{"be_r": 0.5, "commission": 0.0, "exit_time": 14.0, "sl_k": 0.15, "sl_ref": 1, "slip": 0.0, "trail_r": 2}
s02_gross|IS|{"be_r": 0.5, "commission": 0.0, "exit_time": 16.0, "sl_k": 0.15, "sl_ref": 1, "slip": 0.0, "trail_r": 2}
s02_gross|IS|{"be_r": 0.5, "commission": 0.0, "exit_time": 18.0, "sl_k": 0.15, "sl_ref": 1, "slip": 0.0, "trail_r": 2}
s02_gross|IS|{"be_r": 0.5, "commission": 0.0, "sl_k": 0.15, "sl_ref": 1, "slip": 0.0, "trail_r": 2}
s02_gross|IS|{"be_r": 0.5, "commission": 0.0, "exit_time": 21.0, "sl_k": 0.15, "sl_ref": 1, "slip": 0.0, "trail_r": 2}
s02_gross|IS|{"be_r": 1, "commission": 0.0, "exit_time": 14.0, "sl_k": 0.15, "sl_ref": 1, "slip": 0.0}
s02_gross|IS|{"be_r": 1, "commission": 0.0, "exit_time": 16.0, "sl_k": 0.15, "sl_ref": 1, "slip": 0.0}
s02_gross|IS|{"be_r": 1, "commission": 0.0, "exit_time": 18.0, "sl_k": 0.15, "sl_ref": 1, "slip": 0.0}
s02_gross|IS|{"be_r": 1, "commission": 0.0, "sl_k": 0.15, "sl_ref": 1, "slip": 0.0}
s02_gross|IS|{"be_r": 1, "commission": 0.0, "exit_time": 21.0, "sl_k": 0.15, "sl_ref": 1, "slip": 0.0}
s02_gross|IS|{"be_r": 1, "commission": 0.0, "exit_time": 14.0, "sl_k": 0.15, "sl_ref": 1, "slip": 0.0, "trail_r": 0.5}
s02_gross|IS|{"be_r": 1, "commission": 0.0, "exit_time": 16.0, "sl_k": 0.15, "sl_ref": 1, "slip": 0.0, "trail_r": 0.5}
s02_gross|IS|{"be_r": 1, "commission": 0.0, "exit_time": 18.0, "sl_k": 0.15, "sl_ref": 1, "slip": 0.0, "trail_r": 0.5}
s02_gross|IS|{"be_r": 1, "commission": 0.0, "sl_k": 0.15, "sl_ref": 1, "slip": 0.0, "trail_r": 0.5}
s02_gross|IS|{"be_r": 1, "commission": 0.0, "exit_time": 21.0, "sl_k": 0.15, "sl_ref": 1, "slip": 0.0, "trail_r": 0.5}
s02_gross|IS|{"be_r": 1, "commission": 0.0, "exit_time": 14.0, "sl_k": 0.15, "sl_ref": 1, "slip": 0.0, "trail_r": 1}
s02_gross|IS|{"be_r": 1, "commission": 0.0, "exit_time": 16.0, "sl_k": 0.15, "sl_ref": 1, "slip": 0.0, "trail_r": 1}
s02_gross|IS|{"be_r": 1, "commission": 0.0, "exit_time": 18.0, "sl_k": 0.15, "sl_ref": 1, "slip": 0.0, "trail_r": 1}
s02_gross|IS|{"be_r": 1, "commission": 0.0, "sl_k": 0.15, "sl_ref": 1, "slip": 0.0, "trail_r": 1}
s02_gross|IS|{"be_r": 1, "commission": 0.0, "exit_time": 21.0, "sl_k": 0.15, "sl_ref": 1, "slip": 0.0, "trail_r": 1}
s02_gross|IS|{"be_r": 1, "commission": 0.0, "exit_time": 14.0, "sl_k": 0.15, "sl_ref": 1, "slip": 0.0, "trail_r": 1.5}
s02_gross|IS|{"be_r": 1, "commission": 0.0, "exit_time": 16.0, "sl_k": 0.15, "sl_ref": 1, "slip": 0.0, "trail_r": 1.5}
s02_gross|IS|{"be_r": 1, "commission": 0.0, "exit_time": 18.0, "sl_k": 0.15, "sl_ref": 1, "slip": 0.0, "trail_r": 1.5}
s02_gross|IS|{"be_r": 1, "commission": 0.0, "sl_k": 0.15, "sl_ref": 1, "slip": 0.0, "trail_r": 1.5}
s02_gross|IS|{"be_r": 1, "commission": 0.0, "exit_time": 21.0, "sl_k": 0.15, "sl_ref": 1, "slip": 0.0, "trail_r": 1.5}
s02_gross|IS|{"be_r": 1, "commission": 0.0, "exit_time": 14.0, "sl_k": 0.15, "sl_ref": 1, "slip": 0.0, "trail_r": 2}
s02_gross|IS|{"be_r": 1, "commission": 0.0, "exit_time": 16.0, "sl_k": 0.15, "sl_ref": 1, "slip": 0.0, "trail_r": 2}
s02_gross|IS|{"be_r": 1, "commission": 0.0, "exit_time": 18.0, "sl_k": 0.15, "sl_ref": 1, "slip": 0.0, "trail_r": 2}
s02_gross|IS|{"be_r": 1, "commission": 0.0, "sl_k": 0.15, "sl_ref": 1, "slip": 0.0, "trail_r": 2}
s02_gross|IS|{"be_r": 1, "commission": 0.0, "exit_time": 21.0, "sl_k": 0.15, "sl_ref": 1, "slip": 0.0, "trail_r": 2}
s02_gross|IS|{"commission": 0.0, "exit_time": 14.0, "sl_k": 0.15, "sl_ref": 1, "slip": 0.0, "tp_r": 1}
s02_gross|IS|{"commission": 0.0, "exit_time": 16.0, "sl_k": 0.15, "sl_ref": 1, "slip": 0.0, "tp_r": 1}
s02_gross|IS|{"commission": 0.0, "exit_time": 18.0, "sl_k": 0.15, "sl_ref": 1, "slip": 0.0, "tp_r": 1}
s02_gross|IS|{"commission": 0.0, "sl_k": 0.15, "sl_ref": 1, "slip": 0.0, "tp_r": 1}
s02_gross|IS|{"commission": 0.0, "exit_time": 21.0, "sl_k": 0.15, "sl_ref": 1, "slip": 0.0, "tp_r": 1}
s02_gross|IS|{"commission": 0.0, "exit_time": 14.0, "sl_k": 0.15, "sl_ref": 1, "slip": 0.0, "tp_r": 1, "trail_r": 0.5}
s02_gross|IS|{"commission": 0.0, "exit_time": 16.0, "sl_k": 0.15, "sl_ref": 1, "slip": 0.0, "tp_r": 1, "trail_r": 0.5}
s02_gross|IS|{"commission": 0.0, "exit_time": 18.0, "sl_k": 0.15, "sl_ref": 1, "slip": 0.0, "tp_r": 1, "trail_r": 0.5}
s02_gross|IS|{"commission": 0.0, "sl_k": 0.15, "sl_ref": 1, "slip": 0.0, "tp_r": 1, "trail_r": 0.5}
s02_gross|IS|{"commission": 0.0, "exit_time": 21.0, "sl_k": 0.15, "sl_ref": 1, "slip": 0.0, "tp_r": 1, "trail_r": 0.5}
s02_gross|IS|{"commission": 0.0, "exit_time": 14.0, "sl_k": 0.15, "sl_ref": 1, "slip": 0.0, "tp_r": 1, "trail_r": 1}
s02_gross|IS|{"commission": 0.0, "exit_time": 16.0, "sl_k": 0.15, "sl_ref": 1, "slip": 0.0, "tp_r": 1, "trail_r": 1}
s02_gross|IS|{"commission": 0.0, "exit_time": 18.0, "sl_k": 0.15, "sl_ref": 1, "slip": 0.0, "tp_r": 1, "trail_r": 1}
s02_gross|IS|{"commission": 0.0, "sl_k": 0.15, "sl_ref": 1, "slip": 0.0, "tp_r": 1, "trail_r": 1}
s02_gross|IS|{"commission": 0.0, "exit_time": 21.0, "sl_k": 0.15, "sl_ref": 1, "slip": 0.0, "tp_r": 1, "trail_r": 1}
s02_gross|IS|{"commission": 0.0, "exit_time": 14.0, "sl_k": 0.15, "sl_ref": 1, "slip": 0.0, "tp_r": 1, "trail_r": 1.5}
s02_gross|IS|{"commission": 0.0, "exit_time": 16.0, "sl_k": 0.15, "sl_ref": 1, "slip": 0.0, "tp_r": 1, "trail_r": 1.5}
s02_gross|IS|{"commission": 0.0, "exit_time": 18.0, "sl_k": 0.15, "sl_ref": 1, "slip": 0.0, "tp_r": 1, "trail_r": 1.5}
s02_gross|IS|{"commission": 0.0, "sl_k": 0.15, "sl_ref": 1, "slip": 0.0, "tp_r": 1, "trail_r": 1.5}
s02_gross|IS|{"commission": 0.0, "exit_time": 21.0, "sl_k": 0.15, "sl_ref": 1, "slip": 0.0, "tp_r": 1, "trail_r": 1.5}
s02_gross|IS|{"commission": 0.0, "exit_time": 14.0, "sl_k": 0.15, "sl_ref": 1, "slip": 0.0, "tp_r": 1, "trail_r": 2}
s02_gross|IS|{"commission": 0.0, "exit_time": 16.0, "sl_k": 0.15, "sl_ref": 1, "slip": 0.0, "tp_r": 1, "trail_r": 2}
s02_gross|IS|{"commission": 0.0, "exit_time": 18.0, "sl_k": 0.15, "sl_ref": 1, "slip": 0.0, "tp_r": 1, "trail_r": 2}
s02_gross|IS|{"commission": 0.0, "sl_k": 0.15, "sl_ref": 1, "slip": 0.0, "tp_r": 1, "trail_r": 2}
s02_gross|IS|{"commission": 0.0, "exit_time": 21.0, "sl_k": 0.15, "sl_ref": 1, "slip": 0.0, "tp_r": 1, "trail_r": 2}
s02_gross|IS|{"be_r": 0.5, "commission": 0.0, "exit_time": 14.0, "sl_k": 0.15, "sl_ref": 1, "slip": 0.0, "tp_r": 1}
s02_gross|IS|{"be_r": 0.5, "commission": 0.0, "exit_time": 16.0, "sl_k": 0.15, "sl_ref": 1, "slip": 0.0, "tp_r": 1}
s02_gross|IS|{"be_r": 0.5, "commission": 0.0, "exit_time": 18.0, "sl_k": 0.15, "sl_ref": 1, "slip": 0.0, "tp_r": 1}
s02_gross|IS|{"be_r": 0.5, "commission": 0.0, "sl_k": 0.15, "sl_ref": 1, "slip": 0.0, "tp_r": 1}
s02_gross|IS|{"be_r": 0.5, "commission": 0.0, "exit_time": 21.0, "sl_k": 0.15, "sl_ref": 1, "slip": 0.0, "tp_r": 1}
s02_gross|IS|{"be_r": 0.5, "commission": 0.0, "exit_time": 14.0, "sl_k": 0.15, "sl_ref": 1, "slip": 0.0, "tp_r": 1, "trail_r": 0.5}
s02_gross|IS|{"be_r": 0.5, "commission": 0.0, "exit_time": 16.0, "sl_k": 0.15, "sl_ref": 1, "slip": 0.0, "tp_r": 1, "trail_r": 0.5}
s02_gross|IS|{"be_r": 0.5, "commission": 0.0, "exit_time": 18.0, "sl_k": 0.15, "sl_ref": 1, "slip": 0.0, "tp_r": 1, "trail_r": 0.5}
s02_gross|IS|{"be_r": 0.5, "commission": 0.0, "sl_k": 0.15, "sl_ref": 1, "slip": 0.0, "tp_r": 1, "trail_r": 0.5}
s02_gross|IS|{"be_r": 0.5, "commission": 0.0, "exit_time": 21.0, "sl_k": 0.15, "sl_ref": 1, "slip": 0.0, "tp_r": 1, "trail_r": 0.5}
s02_gross|IS|{"be_r": 0.5, "commission": 0.0, "exit_time": 14.0, "sl_k": 0.15, "sl_ref": 1, "slip": 0.0, "tp_r": 1, "trail_r": 1}
s02_gross|IS|{"be_r": 0.5, "commission": 0.0, "exit_time": 16.0, "sl_k": 0.15, "sl_ref": 1, "slip": 0.0, "tp_r": 1, "trail_r": 1}
s02_gross|IS|{"be_r": 0.5, "commission": 0.0, "exit_time": 18.0, "sl_k": 0.15, "sl_ref": 1, "slip": 0.0, "tp_r": 1, "trail_r": 1}
s02_gross|IS|{"be_r": 0.5, "commission": 0.0, "sl_k": 0.15, "sl_ref": 1, "slip": 0.0, "tp_r": 1, "trail_r": 1}
s02_gross|IS|{"be_r": 0.5, "commission": 0.0, "exit_time": 21.0, "sl_k": 0.15, "sl_ref": 1, "slip": 0.0, "tp_r": 1, "trail_r": 1}
s02_gross|IS|{"be_r": 0.5, "commission": 0.0, "exit_time": 14.0, "sl_k": 0.15, "sl_ref": 1, "slip": 0.0, "tp_r": 1, "trail_r": 1.5}
s02_gross|IS|{"be_r": 0.5, "commission": 0.0, "exit_time": 16.0, "sl_k": 0.15, "sl_ref": 1, "slip": 0.0, "tp_r": 1, "trail_r": 1.5}
s02_gross|IS|{"be_r": 0.5, "commission": 0.0, "exit_time": 18.0, "sl_k": 0.15, "sl_ref": 1, "slip": 0.0, "tp_r": 1, "trail_r": 1.5}
s02_gross|IS|{"be_r": 0.5, "commission": 0.0, "sl_k": 0.15, "sl_ref": 1, "slip": 0.0, "tp_r": 1, "trail_r": 1.5}
s02_gross|IS|{"be_r": 0.5, "commission": 0.0, "exit_time": 21.0, "sl_k": 0.15, "sl_ref": 1, "slip": 0.0, "tp_r": 1, "trail_r": 1.5}
s02_gross|IS|{"be_r": 0.5, "commission": 0.0, "exit_time": 14.0, "sl_k": 0.15, "sl_ref": 1, "slip": 0.0, "tp_r": 1, "trail_r": 2}
s02_gross|IS|{"be_r": 0.5, "commission": 0.0, "exit_time": 16.0, "sl_k": 0.15, "sl_ref": 1, "slip": 0.0, "tp_r": 1, "trail_r": 2}
s02_gross|IS|{"be_r": 0.5, "commission": 0.0, "exit_time": 18.0, "sl_k": 0.15, "sl_ref": 1, "slip": 0.0, "tp_r": 1, "trail_r": 2}
s02_gross|IS|{"be_r": 0.5, "commission": 0.0, "sl_k": 0.15, "sl_ref": 1, "slip": 0.0, "tp_r": 1, "trail_r": 2}
s02_gross|IS|{"be_r": 0.5, "commission": 0.0, "exit_time": 21.0, "sl_k": 0.15, "sl_ref": 1, "slip": 0.0, "tp_r": 1, "trail_r": 2}
s02_gross|IS|{"be_r": 1, "commission": 0.0, "exit_time": 14.0, "sl_k": 0.15, "sl_ref": 1, "slip": 0.0, "tp_r": 1}
s02_gross|IS|{"be_r": 1, "commission": 0.0, "exit_time": 16.0, "sl_k": 0.15, "sl_ref": 1, "slip": 0.0, "tp_r": 1}
s02_gross|IS|{"be_r": 1, "commission": 0.0, "exit_time": 18.0, "sl_k": 0.15, "sl_ref": 1, "slip": 0.0, "tp_r": 1}
s02_gross|IS|{"be_r": 1, "commission": 0.0, "sl_k": 0.15, "sl_ref": 1, "slip": 0.0, "tp_r": 1}
s02_gross|IS|{"be_r": 1, "commission": 0.0, "exit_time": 21.0, "sl_k": 0.15, "sl_ref": 1, "slip": 0.0, "tp_r": 1}
s02_gross|IS|{"be_r": 1, "commission": 0.0, "exit_time": 14.0, "sl_k": 0.15, "sl_ref": 1, "slip": 0.0, "tp_r": 1, "trail_r": 0.5}
s02_gross|IS|{"be_r": 1, "commission": 0.0, "exit_time": 16.0, "sl_k": 0.15, "sl_ref": 1, "slip": 0.0, "tp_r": 1, "trail_r": 0.5}
s02_gross|IS|{"be_r": 1, "commission": 0.0, "exit_time": 18.0, "sl_k": 0.15, "sl_ref": 1, "slip": 0.0, "tp_r": 1, "trail_r": 0.5}
s02_gross|IS|{"be_r": 1, "commission": 0.0, "sl_k": 0.15, "sl_ref": 1, "slip": 0.0, "tp_r": 1, "trail_r": 0.5}
s02_gross|IS|{"be_r": 1, "commission": 0.0, "exit_time": 21.0, "sl_k": 0.15, "sl_ref": 1, "slip": 0.0, "tp_r": 1, "trail_r": 0.5}
s02_gross|IS|{"be_r": 1, "commission": 0.0, "exit_time": 14.0, "sl_k": 0.15, "sl_ref": 1, "slip": 0.0, "tp_r": 1, "trail_r": 1}
s02_gross|IS|{"be_r": 1, "commission": 0.0, "exit_time": 16.0, "sl_k": 0.15, "sl_ref": 1, "slip": 0.0, "tp_r": 1, "trail_r": 1}
s02_gross|IS|{"be_r": 1, "commission": 0.0, "exit_time": 18.0, "sl_k": 0.15, "sl_ref": 1, "slip": 0.0, "tp_r": 1, "trail_r": 1}
s02_gross|IS|{"be_r": 1, "commission": 0.0, "sl_k": 0.15, "sl_ref": 1, "slip": 0.0, "tp_r": 1, "trail_r": 1}
s02_gross|IS|{"be_r": 1, "commission": 0.0, "exit_time": 21.0, "sl_k": 0.15, "sl_ref": 1, "slip": 0.0, "tp_r": 1, "trail_r": 1}
s02_gross|IS|{"be_r": 1, "commission": 0.0, "exit_time": 14.0, "sl_k": 0.15, "sl_ref": 1, "slip": 0.0, "tp_r": 1, "trail_r": 1.5}
s02_gross|IS|{"be_r": 1, "commission": 0.0, "exit_time": 16.0, "sl_k": 0.15, "sl_ref": 1, "slip": 0.0, "tp_r": 1, "trail_r": 1.5}
s02_gross|IS|{"be_r": 1, "commission": 0.0, "exit_time": 18.0, "sl_k": 0.15, "sl_ref": 1, "slip": 0.0, "tp_r": 1, "trail_r": 1.5}
s02_gross|IS|{"be_r": 1, "commission": 0.0, "sl_k": 0.15, "sl_ref": 1, "slip": 0.0, "tp_r": 1, "trail_r": 1.5}
s02_gross|IS|{"be_r": 1, "commission": 0.0, "exit_time": 21.0, "sl_k": 0.15, "sl_ref": 1, "slip": 0.0, "tp_r": 1, "trail_r": 1.5}
s02_gross|IS|{"be_r": 1, "commission": 0.0, "exit_time": 14.0, "sl_k": 0.15, "sl_ref": 1, "slip": 0.0, "tp_r": 1, "trail_r": 2}
s02_gross|IS|{"be_r": 1, "commission": 0.0, "exit_time": 16.0, "sl_k": 0.15, "sl_ref": 1, "slip": 0.0, "tp_r": 1, "trail_r": 2}
s02_gross|IS|{"be_r": 1, "commission": 0.0, "exit_time": 18.0, "sl_k": 0.15, "sl_ref": 1, "slip": 0.0, "tp_r": 1, "trail_r": 2}
s02_gross|IS|{"be_r": 1, "commission": 0.0, "sl_k": 0.15, "sl_ref": 1, "slip": 0.0, "tp_r": 1, "trail_r": 2}
s02_gross|IS|{"be_r": 1, "commission": 0.0, "exit_time": 21.0, "sl_k": 0.15, "sl_ref": 1, "slip": 0.0, "tp_r": 1, "trail_r": 2}
s02_gross|IS|{"commission": 0.0, "exit_time": 14.0, "sl_k": 0.15, "sl_ref": 1, "slip": 0.0, "tp_r": 1.5}
s02_gross|IS|{"commission": 0.0, "exit_time": 16.0, "sl_k": 0.15, "sl_ref": 1, "slip": 0.0, "tp_r": 1.5}
s02_gross|IS|{"commission": 0.0, "exit_time": 18.0, "sl_k": 0.15, "sl_ref": 1, "slip": 0.0, "tp_r": 1.5}
s02_gross|IS|{"commission": 0.0, "sl_k": 0.15, "sl_ref": 1, "slip": 0.0, "tp_r": 1.5}
s02_gross|IS|{"commission": 0.0, "exit_time": 21.0, "sl_k": 0.15, "sl_ref": 1, "slip": 0.0, "tp_r": 1.5}
s02_gross|IS|{"commission": 0.0, "exit_time": 14.0, "sl_k": 0.15, "sl_ref": 1, "slip": 0.0, "tp_r": 1.5, "trail_r": 0.5}
s02_gross|IS|{"commission": 0.0, "exit_time": 16.0, "sl_k": 0.15, "sl_ref": 1, "slip": 0.0, "tp_r": 1.5, "trail_r": 0.5}
s02_gross|IS|{"commission": 0.0, "exit_time": 18.0, "sl_k": 0.15, "sl_ref": 1, "slip": 0.0, "tp_r": 1.5, "trail_r": 0.5}
s02_gross|IS|{"commission": 0.0, "sl_k": 0.15, "sl_ref": 1, "slip": 0.0, "tp_r": 1.5, "trail_r": 0.5}
s02_gross|IS|{"commission": 0.0, "exit_time": 21.0, "sl_k": 0.15, "sl_ref": 1, "slip": 0.0, "tp_r": 1.5, "trail_r": 0.5}
s02_gross|IS|{"commission": 0.0, "exit_time": 14.0, "sl_k": 0.15, "sl_ref": 1, "slip": 0.0, "tp_r": 1.5, "trail_r": 1}
s02_gross|IS|{"commission": 0.0, "exit_time": 16.0, "sl_k": 0.15, "sl_ref": 1, "slip": 0.0, "tp_r": 1.5, "trail_r": 1}
s02_gross|IS|{"commission": 0.0, "exit_time": 18.0, "sl_k": 0.15, "sl_ref": 1, "slip": 0.0, "tp_r": 1.5, "trail_r": 1}
s02_gross|IS|{"commission": 0.0, "sl_k": 0.15, "sl_ref": 1, "slip": 0.0, "tp_r": 1.5, "trail_r": 1}
s02_gross|IS|{"commission": 0.0, "exit_time": 21.0, "sl_k": 0.15, "sl_ref": 1, "slip": 0.0, "tp_r": 1.5, "trail_r": 1}
s02_gross|IS|{"commission": 0.0, "exit_time": 14.0, "sl_k": 0.15, "sl_ref": 1, "slip": 0.0, "tp_r": 1.5, "trail_r": 1.5}
s02_gross|IS|{"commission": 0.0, "exit_time": 16.0, "sl_k": 0.15, "sl_ref": 1, "slip": 0.0, "tp_r": 1.5, "trail_r": 1.5}
s02_gross|IS|{"commission": 0.0, "exit_time": 18.0, "sl_k": 0.15, "sl_ref": 1, "slip": 0.0, "tp_r": 1.5, "trail_r": 1.5}
s02_gross|IS|{"commission": 0.0, "sl_k": 0.15, "sl_ref": 1, "slip": 0.0, "tp_r": 1.5, "trail_r": 1.5}
s02_gross|IS|{"commission": 0.0, "exit_time": 21.0, "sl_k": 0.15, "sl_ref": 1, "slip": 0.0, "tp_r": 1.5, "trail_r": 1.5}
s02_gross|IS|{"commission": 0.0, "exit_time": 14.0, "sl_k": 0.15, "sl_ref": 1, "slip": 0.0, "tp_r": 1.5, "trail_r": 2}
s02_gross|IS|{"commission": 0.0, "exit_time": 16.0, "sl_k": 0.15, "sl_ref": 1, "slip": 0.0, "tp_r": 1.5, "trail_r": 2}
s02_gross|IS|{"commission": 0.0, "exit_time": 18.0, "sl_k": 0.15, "sl_ref": 1, "slip": 0.0, "tp_r": 1.5, "trail_r": 2}
s02_gross|IS|{"commission": 0.0, "sl_k": 0.15, "sl_ref": 1, "slip": 0.0, "tp_r": 1.5, "trail_r": 2}
s02_gross|IS|{"commission": 0.0, "exit_time": 21.0, "sl_k": 0.15, "sl_ref": 1, "slip": 0.0, "tp_r": 1.5, "trail_r": 2}
s02_gross|IS|{"be_r": 0.5, "commission": 0.0, "exit_time": 14.0, "sl_k": 0.15, "sl_ref": 1, "slip": 0.0, "tp_r": 1.5}
s02_gross|IS|{"be_r": 0.5, "commission": 0.0, "exit_time": 16.0, "sl_k": 0.15, "sl_ref": 1, "slip": 0.0, "tp_r": 1.5}
s02_gross|IS|{"be_r": 0.5, "commission": 0.0, "exit_time": 18.0, "sl_k": 0.15, "sl_ref": 1, "slip": 0.0, "tp_r": 1.5}
s02_gross|IS|{"be_r": 0.5, "commission": 0.0, "sl_k": 0.15, "sl_ref": 1, "slip": 0.0, "tp_r": 1.5}
s02_gross|IS|{"be_r": 0.5, "commission": 0.0, "exit_time": 21.0, "sl_k": 0.15, "sl_ref": 1, "slip": 0.0, "tp_r": 1.5}
s02_gross|IS|{"be_r": 0.5, "commission": 0.0, "exit_time": 14.0, "sl_k": 0.15, "sl_ref": 1, "slip": 0.0, "tp_r": 1.5, "trail_r": 0.5}
s02_gross|IS|{"be_r": 0.5, "commission": 0.0, "exit_time": 16.0, "sl_k": 0.15, "sl_ref": 1, "slip": 0.0, "tp_r": 1.5, "trail_r": 0.5}
s02_gross|IS|{"be_r": 0.5, "commission": 0.0, "exit_time": 18.0, "sl_k": 0.15, "sl_ref": 1, "slip": 0.0, "tp_r": 1.5, "trail_r": 0.5}
s02_gross|IS|{"be_r": 0.5, "commission": 0.0, "sl_k": 0.15, "sl_ref": 1, "slip": 0.0, "tp_r": 1.5, "trail_r": 0.5}
s02_gross|IS|{"be_r": 0.5, "commission": 0.0, "exit_time": 21.0, "sl_k": 0.15, "sl_ref": 1, "slip": 0.0, "tp_r": 1.5, "trail_r": 0.5}
s02_gross|IS|{"be_r": 0.5, "commission": 0.0, "exit_time": 14.0, "sl_k": 0.15, "sl_ref": 1, "slip": 0.0, "tp_r": 1.5, "trail_r": 1}
s02_gross|IS|{"be_r": 0.5, "commission": 0.0, "exit_time": 16.0, "sl_k": 0.15, "sl_ref": 1, "slip": 0.0, "tp_r": 1.5, "trail_r": 1}
s02_gross|IS|{"be_r": 0.5, "commission": 0.0, "exit_time": 18.0, "sl_k": 0.15, "sl_ref": 1, "slip": 0.0, "tp_r": 1.5, "trail_r": 1}
s02_gross|IS|{"be_r": 0.5, "commission": 0.0, "sl_k": 0.15, "sl_ref": 1, "slip": 0.0, "tp_r": 1.5, "trail_r": 1}
s02_gross|IS|{"be_r": 0.5, "commission": 0.0, "exit_time": 21.0, "sl_k": 0.15, "sl_ref": 1, "slip": 0.0, "tp_r": 1.5, "trail_r": 1}
s02_gross|IS|{"be_r": 0.5, "commission": 0.0, "exit_time": 14.0, "sl_k": 0.15, "sl_ref": 1, "slip": 0.0, "tp_r": 1.5, "trail_r": 1.5}
s02_gross|IS|{"be_r": 0.5, "commission": 0.0, "exit_time": 16.0, "sl_k": 0.15, "sl_ref": 1, "slip": 0.0, "tp_r": 1.5, "trail_r": 1.5}
s02_gross|IS|{"be_r": 0.5, "commission": 0.0, "exit_time": 18.0, "sl_k": 0.15, "sl_ref": 1, "slip": 0.0, "tp_r": 1.5, "trail_r": 1.5}
s02_gross|IS|{"be_r": 0.5, "commission": 0.0, "sl_k": 0.15, "sl_ref": 1, "slip": 0.0, "tp_r": 1.5, "trail_r": 1.5}
s02_gross|IS|{"be_r": 0.5, "commission": 0.0, "exit_time": 21.0, "sl_k": 0.15, "sl_ref": 1, "slip": 0.0, "tp_r": 1.5, "trail_r": 1.5}
s02_gross|IS|{"be_r": 0.5, "commission": 0.0, "exit_time": 14.0, "sl_k": 0.15, "sl_ref": 1, "slip": 0.0, "tp_r": 1.5, "trail_r": 2}
s02_gross|IS|{"be_r": 0.5, "commission": 0.0, "exit_time": 16.0, "sl_k": 0.15, "sl_ref": 1, "slip": 0.0, "tp_r": 1.5, "trail_r": 2}
s02_gross|IS|{"be_r": 0.5, "commission": 0.0, "exit_time": 18.0, "sl_k": 0.15, "sl_ref": 1, "slip": 0.0, "tp_r": 1.5, "trail_r": 2}
s02_gross|IS|{"be_r": 0.5, "commission": 0.0, "sl_k": 0.15, "sl_ref": 1, "slip": 0.0, "tp_r": 1.5, "trail_r": 2}
s02_gross|IS|{"be_r": 0.5, "commission": 0.0, "exit_time": 21.0, "sl_k": 0.15, "sl_ref": 1, "slip": 0.0, "tp_r": 1.5, "trail_r": 2}
s02_gross|IS|{"be_r": 1, "commission": 0.0, "exit_time": 14.0, "sl_k": 0.15, "sl_ref": 1, "slip": 0.0, "tp_r": 1.5}
s02_gross|IS|{"be_r": 1, "commission": 0.0, "exit_time": 16.0, "sl_k": 0.15, "sl_ref": 1, "slip": 0.0, "tp_r": 1.5}
s02_gross|IS|{"be_r": 1, "commission": 0.0, "exit_time": 18.0, "sl_k": 0.15, "sl_ref": 1, "slip": 0.0, "tp_r": 1.5}
s02_gross|IS|{"be_r": 1, "commission": 0.0, "sl_k": 0.15, "sl_ref": 1, "slip": 0.0, "tp_r": 1.5}
s02_gross|IS|{"be_r": 1, "commission": 0.0, "exit_time": 21.0, "sl_k": 0.15, "sl_ref": 1, "slip": 0.0, "tp_r": 1.5}
s02_gross|IS|{"be_r": 1, "commission": 0.0, "exit_time": 14.0, "sl_k": 0.15, "sl_ref": 1, "slip": 0.0, "tp_r": 1.5, "trail_r": 0.5}
s02_gross|IS|{"be_r": 1, "commission": 0.0, "exit_time": 16.0, "sl_k": 0.15, "sl_ref": 1, "slip": 0.0, "tp_r": 1.5, "trail_r": 0.5}
s02_gross|IS|{"be_r": 1, "commission": 0.0, "exit_time": 18.0, "sl_k": 0.15, "sl_ref": 1, "slip": 0.0, "tp_r": 1.5, "trail_r": 0.5}
s02_gross|IS|{"be_r": 1, "commission": 0.0, "sl_k": 0.15, "sl_ref": 1, "slip": 0.0, "tp_r": 1.5, "trail_r": 0.5}
s02_gross|IS|{"be_r": 1, "commission": 0.0, "exit_time": 21.0, "sl_k": 0.15, "sl_ref": 1, "slip": 0.0, "tp_r": 1.5, "trail_r": 0.5}
s02_gross|IS|{"be_r": 1, "commission": 0.0, "exit_time": 14.0, "sl_k": 0.15, "sl_ref": 1, "slip": 0.0, "tp_r": 1.5, "trail_r": 1}
s02_gross|IS|{"be_r": 1, "commission": 0.0, "exit_time": 16.0, "sl_k": 0.15, "sl_ref": 1, "slip": 0.0, "tp_r": 1.5, "trail_r": 1}
s02_gross|IS|{"be_r": 1, "commission": 0.0, "exit_time": 18.0, "sl_k": 0.15, "sl_ref": 1, "slip": 0.0, "tp_r": 1.5, "trail_r": 1}
s02_gross|IS|{"be_r": 1, "commission": 0.0, "sl_k": 0.15, "sl_ref": 1, "slip": 0.0, "tp_r": 1.5, "trail_r": 1}
s02_gross|IS|{"be_r": 1, "commission": 0.0, "exit_time": 21.0, "sl_k": 0.15, "sl_ref": 1, "slip": 0.0, "tp_r": 1.5, "trail_r": 1}
s02_gross|IS|{"be_r": 1, "commission": 0.0, "exit_time": 14.0, "sl_k": 0.15, "sl_ref": 1, "slip": 0.0, "tp_r": 1.5, "trail_r": 1.5}
s02_gross|IS|{"be_r": 1, "commission": 0.0, "exit_time": 16.0, "sl_k": 0.15, "sl_ref": 1, "slip": 0.0, "tp_r": 1.5, "trail_r": 1.5}
s02_gross|IS|{"be_r": 1, "commission": 0.0, "exit_time": 18.0, "sl_k": 0.15, "sl_ref": 1, "slip": 0.0, "tp_r": 1.5, "trail_r": 1.5}
s02_gross|IS|{"be_r": 1, "commission": 0.0, "sl_k": 0.15, "sl_ref": 1, "slip": 0.0, "tp_r": 1.5, "trail_r": 1.5}
s02_gross|IS|{"be_r": 1, "commission": 0.0, "exit_time": 21.0, "sl_k": 0.15, "sl_ref": 1, "slip": 0.0, "tp_r": 1.5, "trail_r": 1.5}
s02_gross|IS|{"be_r": 1, "commission": 0.0, "exit_time": 14.0, "sl_k": 0.15, "sl_ref": 1, "slip": 0.0, "tp_r": 1.5, "trail_r": 2}
s02_gross|IS|{"be_r": 1, "commission": 0.0, "exit_time": 16.0, "sl_k": 0.15, "sl_ref": 1, "slip": 0.0, "tp_r": 1.5, "trail_r": 2}
s02_gross|IS|{"be_r": 1, "commission": 0.0, "exit_time": 18.0, "sl_k": 0.15, "sl_ref": 1, "slip": 0.0, "tp_r": 1.5, "trail_r": 2}
s02_gross|IS|{"be_r": 1, "commission": 0.0, "sl_k": 0.15, "sl_ref": 1, "slip": 0.0, "tp_r": 1.5, "trail_r": 2}
s02_gross|IS|{"be_r": 1, "commission": 0.0, "exit_time": 21.0, "sl_k": 0.15, "sl_ref": 1, "slip": 0.0, "tp_r": 1.5, "trail_r": 2}
s02_gross|IS|{"commission": 0.0, "exit_time": 14.0, "sl_k": 0.15, "sl_ref": 1, "slip": 0.0, "tp_r": 2}
s02_gross|IS|{"commission": 0.0, "exit_time": 16.0, "sl_k": 0.15, "sl_ref": 1, "slip": 0.0, "tp_r": 2}
s02_gross|IS|{"commission": 0.0, "exit_time": 18.0, "sl_k": 0.15, "sl_ref": 1, "slip": 0.0, "tp_r": 2}
s02_gross|IS|{"commission": 0.0, "sl_k": 0.15, "sl_ref": 1, "slip": 0.0, "tp_r": 2}
s02_gross|IS|{"commission": 0.0, "exit_time": 21.0, "sl_k": 0.15, "sl_ref": 1, "slip": 0.0, "tp_r": 2}
s02_gross|IS|{"commission": 0.0, "exit_time": 14.0, "sl_k": 0.15, "sl_ref": 1, "slip": 0.0, "tp_r": 2, "trail_r": 0.5}
s02_gross|IS|{"commission": 0.0, "exit_time": 16.0, "sl_k": 0.15, "sl_ref": 1, "slip": 0.0, "tp_r": 2, "trail_r": 0.5}
s02_gross|IS|{"commission": 0.0, "exit_time": 18.0, "sl_k": 0.15, "sl_ref": 1, "slip": 0.0, "tp_r": 2, "trail_r": 0.5}
s02_gross|IS|{"commission": 0.0, "sl_k": 0.15, "sl_ref": 1, "slip": 0.0, "tp_r": 2, "trail_r": 0.5}
s02_gross|IS|{"commission": 0.0, "exit_time": 21.0, "sl_k": 0.15, "sl_ref": 1, "slip": 0.0, "tp_r": 2, "trail_r": 0.5}
s02_gross|IS|{"commission": 0.0, "exit_time": 14.0, "sl_k": 0.15, "sl_ref": 1, "slip": 0.0, "tp_r": 2, "trail_r": 1}
s02_gross|IS|{"commission": 0.0, "exit_time": 16.0, "sl_k": 0.15, "sl_ref": 1, "slip": 0.0, "tp_r": 2, "trail_r": 1}
s02_gross|IS|{"commission": 0.0, "exit_time": 18.0, "sl_k": 0.15, "sl_ref": 1, "slip": 0.0, "tp_r": 2, "trail_r": 1}
s02_gross|IS|{"commission": 0.0, "sl_k": 0.15, "sl_ref": 1, "slip": 0.0, "tp_r": 2, "trail_r": 1}
s02_gross|IS|{"commission": 0.0, "exit_time": 21.0, "sl_k": 0.15, "sl_ref": 1, "slip": 0.0, "tp_r": 2, "trail_r": 1}
s02_gross|IS|{"commission": 0.0, "exit_time": 14.0, "sl_k": 0.15, "sl_ref": 1, "slip": 0.0, "tp_r": 2, "trail_r": 1.5}
s02_gross|IS|{"commission": 0.0, "exit_time": 16.0, "sl_k": 0.15, "sl_ref": 1, "slip": 0.0, "tp_r": 2, "trail_r": 1.5}
s02_gross|IS|{"commission": 0.0, "exit_time": 18.0, "sl_k": 0.15, "sl_ref": 1, "slip": 0.0, "tp_r": 2, "trail_r": 1.5}
s02_gross|IS|{"commission": 0.0, "sl_k": 0.15, "sl_ref": 1, "slip": 0.0, "tp_r": 2, "trail_r": 1.5}
s02_gross|IS|{"commission": 0.0, "exit_time": 21.0, "sl_k": 0.15, "sl_ref": 1, "slip": 0.0, "tp_r": 2, "trail_r": 1.5}
s02_gross|IS|{"commission": 0.0, "exit_time": 14.0, "sl_k": 0.15, "sl_ref": 1, "slip": 0.0, "tp_r": 2, "trail_r": 2}
s02_gross|IS|{"commission": 0.0, "exit_time": 16.0, "sl_k": 0.15, "sl_ref": 1, "slip": 0.0, "tp_r": 2, "trail_r": 2}
s02_gross|IS|{"commission": 0.0, "exit_time": 18.0, "sl_k": 0.15, "sl_ref": 1, "slip": 0.0, "tp_r": 2, "trail_r": 2}
s02_gross|IS|{"commission": 0.0, "sl_k": 0.15, "sl_ref": 1, "slip": 0.0, "tp_r": 2, "trail_r": 2}
s02_gross|IS|{"commission": 0.0, "exit_time": 21.0, "sl_k": 0.15, "sl_ref": 1, "slip": 0.0, "tp_r": 2, "trail_r": 2}
s02_gross|IS|{"be_r": 0.5, "commission": 0.0, "exit_time": 14.0, "sl_k": 0.15, "sl_ref": 1, "slip": 0.0, "tp_r": 2}
s02_gross|IS|{"be_r": 0.5, "commission": 0.0, "exit_time": 16.0, "sl_k": 0.15, "sl_ref": 1, "slip": 0.0, "tp_r": 2}
s02_gross|IS|{"be_r": 0.5, "commission": 0.0, "exit_time": 18.0, "sl_k": 0.15, "sl_ref": 1, "slip": 0.0, "tp_r": 2}
s02_gross|IS|{"be_r": 0.5, "commission": 0.0, "sl_k": 0.15, "sl_ref": 1, "slip": 0.0, "tp_r": 2}
s02_gross|IS|{"be_r": 0.5, "commission": 0.0, "exit_time": 21.0, "sl_k": 0.15, "sl_ref": 1, "slip": 0.0, "tp_r": 2}
s02_gross|IS|{"be_r": 0.5, "commission": 0.0, "exit_time": 14.0, "sl_k": 0.15, "sl_ref": 1, "slip": 0.0, "tp_r": 2, "trail_r": 0.5}
s02_gross|IS|{"be_r": 0.5, "commission": 0.0, "exit_time": 16.0, "sl_k": 0.15, "sl_ref": 1, "slip": 0.0, "tp_r": 2, "trail_r": 0.5}
s02_gross|IS|{"be_r": 0.5, "commission": 0.0, "exit_time": 18.0, "sl_k": 0.15, "sl_ref": 1, "slip": 0.0, "tp_r": 2, "trail_r": 0.5}
s02_gross|IS|{"be_r": 0.5, "commission": 0.0, "sl_k": 0.15, "sl_ref": 1, "slip": 0.0, "tp_r": 2, "trail_r": 0.5}
s02_gross|IS|{"be_r": 0.5, "commission": 0.0, "exit_time": 21.0, "sl_k": 0.15, "sl_ref": 1, "slip": 0.0, "tp_r": 2, "trail_r": 0.5}
s02_gross|IS|{"be_r": 0.5, "commission": 0.0, "exit_time": 14.0, "sl_k": 0.15, "sl_ref": 1, "slip": 0.0, "tp_r": 2, "trail_r": 1}
s02_gross|IS|{"be_r": 0.5, "commission": 0.0, "exit_time": 16.0, "sl_k": 0.15, "sl_ref": 1, "slip": 0.0, "tp_r": 2, "trail_r": 1}
s02_gross|IS|{"be_r": 0.5, "commission": 0.0, "exit_time": 18.0, "sl_k": 0.15, "sl_ref": 1, "slip": 0.0, "tp_r": 2, "trail_r": 1}
s02_gross|IS|{"be_r": 0.5, "commission": 0.0, "sl_k": 0.15, "sl_ref": 1, "slip": 0.0, "tp_r": 2, "trail_r": 1}
s02_gross|IS|{"be_r": 0.5, "commission": 0.0, "exit_time": 21.0, "sl_k": 0.15, "sl_ref": 1, "slip": 0.0, "tp_r": 2, "trail_r": 1}
s02_gross|IS|{"be_r": 0.5, "commission": 0.0, "exit_time": 14.0, "sl_k": 0.15, "sl_ref": 1, "slip": 0.0, "tp_r": 2, "trail_r": 1.5}
s02_gross|IS|{"be_r": 0.5, "commission": 0.0, "exit_time": 16.0, "sl_k": 0.15, "sl_ref": 1, "slip": 0.0, "tp_r": 2, "trail_r": 1.5}
s02_gross|IS|{"be_r": 0.5, "commission": 0.0, "exit_time": 18.0, "sl_k": 0.15, "sl_ref": 1, "slip": 0.0, "tp_r": 2, "trail_r": 1.5}
s02_gross|IS|{"be_r": 0.5, "commission": 0.0, "sl_k": 0.15, "sl_ref": 1, "slip": 0.0, "tp_r": 2, "trail_r": 1.5}
s02_gross|IS|{"be_r": 0.5, "commission": 0.0, "exit_time": 21.0, "sl_k": 0.15, "sl_ref": 1, "slip": 0.0, "tp_r": 2, "trail_r": 1.5}
s02_gross|IS|{"be_r": 0.5, "commission": 0.0, "exit_time": 14.0, "sl_k": 0.15, "sl_ref": 1, "slip": 0.0, "tp_r": 2, "trail_r": 2}
s02_gross|IS|{"be_r": 0.5, "commission": 0.0, "exit_time": 16.0, "sl_k": 0.15, "sl_ref": 1, "slip": 0.0, "tp_r": 2, "trail_r": 2}
s02_gross|IS|{"be_r": 0.5, "commission": 0.0, "exit_time": 18.0, "sl_k": 0.15, "sl_ref": 1, "slip": 0.0, "tp_r": 2, "trail_r": 2}
s02_gross|IS|{"be_r": 0.5, "commission": 0.0, "sl_k": 0.15, "sl_ref": 1, "slip": 0.0, "tp_r": 2, "trail_r": 2}
s02_gross|IS|{"be_r": 0.5, "commission": 0.0, "exit_time": 21.0, "sl_k": 0.15, "sl_ref": 1, "slip": 0.0, "tp_r": 2, "trail_r": 2}
s02_gross|IS|{"be_r": 1, "commission": 0.0, "exit_time": 14.0, "sl_k": 0.15, "sl_ref": 1, "slip": 0.0, "tp_r": 2}
s02_gross|IS|{"be_r": 1, "commission": 0.0, "exit_time": 16.0, "sl_k": 0.15, "sl_ref": 1, "slip": 0.0, "tp_r": 2}
s02_gross|IS|{"be_r": 1, "commission": 0.0, "exit_time": 18.0, "sl_k": 0.15, "sl_ref": 1, "slip": 0.0, "tp_r": 2}
s02_gross|IS|{"be_r": 1, "commission": 0.0, "sl_k": 0.15, "sl_ref": 1, "slip": 0.0, "tp_r": 2}
s02_gross|IS|{"be_r": 1, "commission": 0.0, "exit_time": 21.0, "sl_k": 0.15, "sl_ref": 1, "slip": 0.0, "tp_r": 2}
s02_gross|IS|{"be_r": 1, "commission": 0.0, "exit_time": 14.0, "sl_k": 0.15, "sl_ref": 1, "slip": 0.0, "tp_r": 2, "trail_r": 0.5}
s02_gross|IS|{"be_r": 1, "commission": 0.0, "exit_time": 16.0, "sl_k": 0.15, "sl_ref": 1, "slip": 0.0, "tp_r": 2, "trail_r": 0.5}
s02_gross|IS|{"be_r": 1, "commission": 0.0, "exit_time": 18.0, "sl_k": 0.15, "sl_ref": 1, "slip": 0.0, "tp_r": 2, "trail_r": 0.5}
s02_gross|IS|{"be_r": 1, "commission": 0.0, "sl_k": 0.15, "sl_ref": 1, "slip": 0.0, "tp_r": 2, "trail_r": 0.5}
s02_gross|IS|{"be_r": 1, "commission": 0.0, "exit_time": 21.0, "sl_k": 0.15, "sl_ref": 1, "slip": 0.0, "tp_r": 2, "trail_r": 0.5}
s02_gross|IS|{"be_r": 1, "commission": 0.0, "exit_time": 14.0, "sl_k": 0.15, "sl_ref": 1, "slip": 0.0, "tp_r": 2, "trail_r": 1}
s02_gross|IS|{"be_r": 1, "commission": 0.0, "exit_time": 16.0, "sl_k": 0.15, "sl_ref": 1, "slip": 0.0, "tp_r": 2, "trail_r": 1}
s02_gross|IS|{"be_r": 1, "commission": 0.0, "exit_time": 18.0, "sl_k": 0.15, "sl_ref": 1, "slip": 0.0, "tp_r": 2, "trail_r": 1}
s02_gross|IS|{"be_r": 1, "commission": 0.0, "sl_k": 0.15, "sl_ref": 1, "slip": 0.0, "tp_r": 2, "trail_r": 1}
s02_gross|IS|{"be_r": 1, "commission": 0.0, "exit_time": 21.0, "sl_k": 0.15, "sl_ref": 1, "slip": 0.0, "tp_r": 2, "trail_r": 1}
s02_gross|IS|{"be_r": 1, "commission": 0.0, "exit_time": 14.0, "sl_k": 0.15, "sl_ref": 1, "slip": 0.0, "tp_r": 2, "trail_r": 1.5}
s02_gross|IS|{"be_r": 1, "commission": 0.0, "exit_time": 16.0, "sl_k": 0.15, "sl_ref": 1, "slip": 0.0, "tp_r": 2, "trail_r": 1.5}
s02_gross|IS|{"be_r": 1, "commission": 0.0, "exit_time": 18.0, "sl_k": 0.15, "sl_ref": 1, "slip": 0.0, "tp_r": 2, "trail_r": 1.5}
s02_gross|IS|{"be_r": 1, "commission": 0.0, "sl_k": 0.15, "sl_ref": 1, "slip": 0.0, "tp_r": 2, "trail_r": 1.5}
s02_gross|IS|{"be_r": 1, "commission": 0.0, "exit_time": 21.0, "sl_k": 0.15, "sl_ref": 1, "slip": 0.0, "tp_r": 2, "trail_r": 1.5}
s02_gross|IS|{"be_r": 1, "commission": 0.0, "exit_time": 14.0, "sl_k": 0.15, "sl_ref": 1, "slip": 0.0, "tp_r": 2, "trail_r": 2}
s02_gross|IS|{"be_r": 1, "commission": 0.0, "exit_time": 16.0, "sl_k": 0.15, "sl_ref": 1, "slip": 0.0, "tp_r": 2, "trail_r": 2}
s02_gross|IS|{"be_r": 1, "commission": 0.0, "exit_time": 18.0, "sl_k": 0.15, "sl_ref": 1, "slip": 0.0, "tp_r": 2, "trail_r": 2}
s02_gross|IS|{"be_r": 1, "commission": 0.0, "sl_k": 0.15, "sl_ref": 1, "slip": 0.0, "tp_r": 2, "trail_r": 2}
s02_gross|IS|{"be_r": 1, "commission": 0.0, "exit_time": 21.0, "sl_k": 0.15, "sl_ref": 1, "slip": 0.0, "tp_r": 2, "trail_r": 2}
s02_gross|IS|{"commission": 0.0, "exit_time": 14.0, "sl_k": 0.15, "sl_ref": 1, "slip": 0.0, "tp_r": 3}
s02_gross|IS|{"commission": 0.0, "exit_time": 16.0, "sl_k": 0.15, "sl_ref": 1, "slip": 0.0, "tp_r": 3}
s02_gross|IS|{"commission": 0.0, "exit_time": 18.0, "sl_k": 0.15, "sl_ref": 1, "slip": 0.0, "tp_r": 3}
s02_gross|IS|{"commission": 0.0, "sl_k": 0.15, "sl_ref": 1, "slip": 0.0, "tp_r": 3}
s02_gross|IS|{"commission": 0.0, "exit_time": 21.0, "sl_k": 0.15, "sl_ref": 1, "slip": 0.0, "tp_r": 3}
s02_gross|IS|{"commission": 0.0, "exit_time": 14.0, "sl_k": 0.15, "sl_ref": 1, "slip": 0.0, "tp_r": 3, "trail_r": 0.5}
s02_gross|IS|{"commission": 0.0, "exit_time": 16.0, "sl_k": 0.15, "sl_ref": 1, "slip": 0.0, "tp_r": 3, "trail_r": 0.5}
s02_gross|IS|{"commission": 0.0, "exit_time": 18.0, "sl_k": 0.15, "sl_ref": 1, "slip": 0.0, "tp_r": 3, "trail_r": 0.5}
s02_gross|IS|{"commission": 0.0, "sl_k": 0.15, "sl_ref": 1, "slip": 0.0, "tp_r": 3, "trail_r": 0.5}
s02_gross|IS|{"commission": 0.0, "exit_time": 21.0, "sl_k": 0.15, "sl_ref": 1, "slip": 0.0, "tp_r": 3, "trail_r": 0.5}
s02_gross|IS|{"commission": 0.0, "exit_time": 14.0, "sl_k": 0.15, "sl_ref": 1, "slip": 0.0, "tp_r": 3, "trail_r": 1}
s02_gross|IS|{"commission": 0.0, "exit_time": 16.0, "sl_k": 0.15, "sl_ref": 1, "slip": 0.0, "tp_r": 3, "trail_r": 1}
s02_gross|IS|{"commission": 0.0, "exit_time": 18.0, "sl_k": 0.15, "sl_ref": 1, "slip": 0.0, "tp_r": 3, "trail_r": 1}
s02_gross|IS|{"commission": 0.0, "sl_k": 0.15, "sl_ref": 1, "slip": 0.0, "tp_r": 3, "trail_r": 1}
s02_gross|IS|{"commission": 0.0, "exit_time": 21.0, "sl_k": 0.15, "sl_ref": 1, "slip": 0.0, "tp_r": 3, "trail_r": 1}
s02_gross|IS|{"commission": 0.0, "exit_time": 14.0, "sl_k": 0.15, "sl_ref": 1, "slip": 0.0, "tp_r": 3, "trail_r": 1.5}
s02_gross|IS|{"commission": 0.0, "exit_time": 16.0, "sl_k": 0.15, "sl_ref": 1, "slip": 0.0, "tp_r": 3, "trail_r": 1.5}
s02_gross|IS|{"commission": 0.0, "exit_time": 18.0, "sl_k": 0.15, "sl_ref": 1, "slip": 0.0, "tp_r": 3, "trail_r": 1.5}
s02_gross|IS|{"commission": 0.0, "sl_k": 0.15, "sl_ref": 1, "slip": 0.0, "tp_r": 3, "trail_r": 1.5}
s02_gross|IS|{"commission": 0.0, "exit_time": 21.0, "sl_k": 0.15, "sl_ref": 1, "slip": 0.0, "tp_r": 3, "trail_r": 1.5}
s02_gross|IS|{"commission": 0.0, "exit_time": 14.0, "sl_k": 0.15, "sl_ref": 1, "slip": 0.0, "tp_r": 3, "trail_r": 2}
s02_gross|IS|{"commission": 0.0, "exit_time": 16.0, "sl_k": 0.15, "sl_ref": 1, "slip": 0.0, "tp_r": 3, "trail_r": 2}
s02_gross|IS|{"commission": 0.0, "exit_time": 18.0, "sl_k": 0.15, "sl_ref": 1, "slip": 0.0, "tp_r": 3, "trail_r": 2}
s02_gross|IS|{"commission": 0.0, "sl_k": 0.15, "sl_ref": 1, "slip": 0.0, "tp_r": 3, "trail_r": 2}
s02_gross|IS|{"commission": 0.0, "exit_time": 21.0, "sl_k": 0.15, "sl_ref": 1, "slip": 0.0, "tp_r": 3, "trail_r": 2}
s02_gross|IS|{"be_r": 0.5, "commission": 0.0, "exit_time": 14.0, "sl_k": 0.15, "sl_ref": 1, "slip": 0.0, "tp_r": 3}
s02_gross|IS|{"be_r": 0.5, "commission": 0.0, "exit_time": 16.0, "sl_k": 0.15, "sl_ref": 1, "slip": 0.0, "tp_r": 3}
s02_gross|IS|{"be_r": 0.5, "commission": 0.0, "exit_time": 18.0, "sl_k": 0.15, "sl_ref": 1, "slip": 0.0, "tp_r": 3}
s02_gross|IS|{"be_r": 0.5, "commission": 0.0, "sl_k": 0.15, "sl_ref": 1, "slip": 0.0, "tp_r": 3}
s02_gross|IS|{"be_r": 0.5, "commission": 0.0, "exit_time": 21.0, "sl_k": 0.15, "sl_ref": 1, "slip": 0.0, "tp_r": 3}
s02_gross|IS|{"be_r": 0.5, "commission": 0.0, "exit_time": 14.0, "sl_k": 0.15, "sl_ref": 1, "slip": 0.0, "tp_r": 3, "trail_r": 0.5}
s02_gross|IS|{"be_r": 0.5, "commission": 0.0, "exit_time": 16.0, "sl_k": 0.15, "sl_ref": 1, "slip": 0.0, "tp_r": 3, "trail_r": 0.5}
s02_gross|IS|{"be_r": 0.5, "commission": 0.0, "exit_time": 18.0, "sl_k": 0.15, "sl_ref": 1, "slip": 0.0, "tp_r": 3, "trail_r": 0.5}
s02_gross|IS|{"be_r": 0.5, "commission": 0.0, "sl_k": 0.15, "sl_ref": 1, "slip": 0.0, "tp_r": 3, "trail_r": 0.5}
s02_gross|IS|{"be_r": 0.5, "commission": 0.0, "exit_time": 21.0, "sl_k": 0.15, "sl_ref": 1, "slip": 0.0, "tp_r": 3, "trail_r": 0.5}
s02_gross|IS|{"be_r": 0.5, "commission": 0.0, "exit_time": 14.0, "sl_k": 0.15, "sl_ref": 1, "slip": 0.0, "tp_r": 3, "trail_r": 1}
s02_gross|IS|{"be_r": 0.5, "commission": 0.0, "exit_time": 16.0, "sl_k": 0.15, "sl_ref": 1, "slip": 0.0, "tp_r": 3, "trail_r": 1}
s02_gross|IS|{"be_r": 0.5, "commission": 0.0, "exit_time": 18.0, "sl_k": 0.15, "sl_ref": 1, "slip": 0.0, "tp_r": 3, "trail_r": 1}
s02_gross|IS|{"be_r": 0.5, "commission": 0.0, "sl_k": 0.15, "sl_ref": 1, "slip": 0.0, "tp_r": 3, "trail_r": 1}
s02_gross|IS|{"be_r": 0.5, "commission": 0.0, "exit_time": 21.0, "sl_k": 0.15, "sl_ref": 1, "slip": 0.0, "tp_r": 3, "trail_r": 1}
s02_gross|IS|{"be_r": 0.5, "commission": 0.0, "exit_time": 14.0, "sl_k": 0.15, "sl_ref": 1, "slip": 0.0, "tp_r": 3, "trail_r": 1.5}
s02_gross|IS|{"be_r": 0.5, "commission": 0.0, "exit_time": 16.0, "sl_k": 0.15, "sl_ref": 1, "slip": 0.0, "tp_r": 3, "trail_r": 1.5}
s02_gross|IS|{"be_r": 0.5, "commission": 0.0, "exit_time": 18.0, "sl_k": 0.15, "sl_ref": 1, "slip": 0.0, "tp_r": 3, "trail_r": 1.5}
s02_gross|IS|{"be_r": 0.5, "commission": 0.0, "sl_k": 0.15, "sl_ref": 1, "slip": 0.0, "tp_r": 3, "trail_r": 1.5}
s02_gross|IS|{"be_r": 0.5, "commission": 0.0, "exit_time": 21.0, "sl_k": 0.15, "sl_ref": 1, "slip": 0.0, "tp_r": 3, "trail_r": 1.5}
s02_gross|IS|{"be_r": 0.5, "commission": 0.0, "exit_time": 14.0, "sl_k": 0.15, "sl_ref": 1, "slip": 0.0, "tp_r": 3, "trail_r": 2}
s02_gross|IS|{"be_r": 0.5, "commission": 0.0, "exit_time": 16.0, "sl_k": 0.15, "sl_ref": 1, "slip": 0.0, "tp_r": 3, "trail_r": 2}
s02_gross|IS|{"be_r": 0.5, "commission": 0.0, "exit_time": 18.0, "sl_k": 0.15, "sl_ref": 1, "slip": 0.0, "tp_r": 3, "trail_r": 2}
s02_gross|IS|{"be_r": 0.5, "commission": 0.0, "sl_k": 0.15, "sl_ref": 1, "slip": 0.0, "tp_r": 3, "trail_r": 2}
s02_gross|IS|{"be_r": 0.5, "commission": 0.0, "exit_time": 21.0, "sl_k": 0.15, "sl_ref": 1, "slip": 0.0, "tp_r": 3, "trail_r": 2}
s02_gross|IS|{"be_r": 1, "commission": 0.0, "exit_time": 14.0, "sl_k": 0.15, "sl_ref": 1, "slip": 0.0, "tp_r": 3}
s02_gross|IS|{"be_r": 1, "commission": 0.0, "exit_time": 16.0, "sl_k": 0.15, "sl_ref": 1, "slip": 0.0, "tp_r": 3}
s02_gross|IS|{"be_r": 1, "commission": 0.0, "exit_time": 18.0, "sl_k": 0.15, "sl_ref": 1, "slip": 0.0, "tp_r": 3}
s02_gross|IS|{"be_r": 1, "commission": 0.0, "sl_k": 0.15, "sl_ref": 1, "slip": 0.0, "tp_r": 3}
s02_gross|IS|{"be_r": 1, "commission": 0.0, "exit_time": 21.0, "sl_k": 0.15, "sl_ref": 1, "slip": 0.0, "tp_r": 3}
s02_gross|IS|{"be_r": 1, "commission": 0.0, "exit_time": 14.0, "sl_k": 0.15, "sl_ref": 1, "slip": 0.0, "tp_r": 3, "trail_r": 0.5}
s02_gross|IS|{"be_r": 1, "commission": 0.0, "exit_time": 16.0, "sl_k": 0.15, "sl_ref": 1, "slip": 0.0, "tp_r": 3, "trail_r": 0.5}
s02_gross|IS|{"be_r": 1, "commission": 0.0, "exit_time": 18.0, "sl_k": 0.15, "sl_ref": 1, "slip": 0.0, "tp_r": 3, "trail_r": 0.5}
s02_gross|IS|{"be_r": 1, "commission": 0.0, "sl_k": 0.15, "sl_ref": 1, "slip": 0.0, "tp_r": 3, "trail_r": 0.5}
s02_gross|IS|{"be_r": 1, "commission": 0.0, "exit_time": 21.0, "sl_k": 0.15, "sl_ref": 1, "slip": 0.0, "tp_r": 3, "trail_r": 0.5}
s02_gross|IS|{"be_r": 1, "commission": 0.0, "exit_time": 14.0, "sl_k": 0.15, "sl_ref": 1, "slip": 0.0, "tp_r": 3, "trail_r": 1}
s02_gross|IS|{"be_r": 1, "commission": 0.0, "exit_time": 16.0, "sl_k": 0.15, "sl_ref": 1, "slip": 0.0, "tp_r": 3, "trail_r": 1}
s02_gross|IS|{"be_r": 1, "commission": 0.0, "exit_time": 18.0, "sl_k": 0.15, "sl_ref": 1, "slip": 0.0, "tp_r": 3, "trail_r": 1}
s02_gross|IS|{"be_r": 1, "commission": 0.0, "sl_k": 0.15, "sl_ref": 1, "slip": 0.0, "tp_r": 3, "trail_r": 1}
s02_gross|IS|{"be_r": 1, "commission": 0.0, "exit_time": 21.0, "sl_k": 0.15, "sl_ref": 1, "slip": 0.0, "tp_r": 3, "trail_r": 1}
s02_gross|IS|{"be_r": 1, "commission": 0.0, "exit_time": 14.0, "sl_k": 0.15, "sl_ref": 1, "slip": 0.0, "tp_r": 3, "trail_r": 1.5}
s02_gross|IS|{"be_r": 1, "commission": 0.0, "exit_time": 16.0, "sl_k": 0.15, "sl_ref": 1, "slip": 0.0, "tp_r": 3, "trail_r": 1.5}
s02_gross|IS|{"be_r": 1, "commission": 0.0, "exit_time": 18.0, "sl_k": 0.15, "sl_ref": 1, "slip": 0.0, "tp_r": 3, "trail_r": 1.5}
s02_gross|IS|{"be_r": 1, "commission": 0.0, "sl_k": 0.15, "sl_ref": 1, "slip": 0.0, "tp_r": 3, "trail_r": 1.5}
s02_gross|IS|{"be_r": 1, "commission": 0.0, "exit_time": 21.0, "sl_k": 0.15, "sl_ref": 1, "slip": 0.0, "tp_r": 3, "trail_r": 1.5}
s02_gross|IS|{"be_r": 1, "commission": 0.0, "exit_time": 14.0, "sl_k": 0.15, "sl_ref": 1, "slip": 0.0, "tp_r": 3, "trail_r": 2}
s02_gross|IS|{"be_r": 1, "commission": 0.0, "exit_time": 16.0, "sl_k": 0.15, "sl_ref": 1, "slip": 0.0, "tp_r": 3, "trail_r": 2}
s02_gross|IS|{"be_r": 1, "commission": 0.0, "exit_time": 18.0, "sl_k": 0.15, "sl_ref": 1, "slip": 0.0, "tp_r": 3, "trail_r": 2}
s02_gross|IS|{"be_r": 1, "commission": 0.0, "sl_k": 0.15, "sl_ref": 1, "slip": 0.0, "tp_r": 3, "trail_r": 2}
s02_gross|IS|{"be_r": 1, "commission": 0.0, "exit_time": 21.0, "sl_k": 0.15, "sl_ref": 1, "slip": 0.0, "tp_r": 3, "trail_r": 2}
s02_gross|IS|{"commission": 0.0, "exit_time": 14.0, "sl_k": 0.15, "sl_ref": 1, "slip": 0.0, "tp_r": 4}
s02_gross|IS|{"commission": 0.0, "exit_time": 16.0, "sl_k": 0.15, "sl_ref": 1, "slip": 0.0, "tp_r": 4}
s02_gross|IS|{"commission": 0.0, "exit_time": 18.0, "sl_k": 0.15, "sl_ref": 1, "slip": 0.0, "tp_r": 4}
s02_gross|IS|{"commission": 0.0, "sl_k": 0.15, "sl_ref": 1, "slip": 0.0, "tp_r": 4}
s02_gross|IS|{"commission": 0.0, "exit_time": 21.0, "sl_k": 0.15, "sl_ref": 1, "slip": 0.0, "tp_r": 4}
s02_gross|IS|{"commission": 0.0, "exit_time": 14.0, "sl_k": 0.15, "sl_ref": 1, "slip": 0.0, "tp_r": 4, "trail_r": 0.5}
s02_gross|IS|{"commission": 0.0, "exit_time": 16.0, "sl_k": 0.15, "sl_ref": 1, "slip": 0.0, "tp_r": 4, "trail_r": 0.5}
s02_gross|IS|{"commission": 0.0, "exit_time": 18.0, "sl_k": 0.15, "sl_ref": 1, "slip": 0.0, "tp_r": 4, "trail_r": 0.5}
s02_gross|IS|{"commission": 0.0, "sl_k": 0.15, "sl_ref": 1, "slip": 0.0, "tp_r": 4, "trail_r": 0.5}
s02_gross|IS|{"commission": 0.0, "exit_time": 21.0, "sl_k": 0.15, "sl_ref": 1, "slip": 0.0, "tp_r": 4, "trail_r": 0.5}
s02_gross|IS|{"commission": 0.0, "exit_time": 14.0, "sl_k": 0.15, "sl_ref": 1, "slip": 0.0, "tp_r": 4, "trail_r": 1}
s02_gross|IS|{"commission": 0.0, "exit_time": 16.0, "sl_k": 0.15, "sl_ref": 1, "slip": 0.0, "tp_r": 4, "trail_r": 1}
s02_gross|IS|{"commission": 0.0, "exit_time": 18.0, "sl_k": 0.15, "sl_ref": 1, "slip": 0.0, "tp_r": 4, "trail_r": 1}
s02_gross|IS|{"commission": 0.0, "sl_k": 0.15, "sl_ref": 1, "slip": 0.0, "tp_r": 4, "trail_r": 1}
s02_gross|IS|{"commission": 0.0, "exit_time": 21.0, "sl_k": 0.15, "sl_ref": 1, "slip": 0.0, "tp_r": 4, "trail_r": 1}
s02_gross|IS|{"commission": 0.0, "exit_time": 14.0, "sl_k": 0.15, "sl_ref": 1, "slip": 0.0, "tp_r": 4, "trail_r": 1.5}
s02_gross|IS|{"commission": 0.0, "exit_time": 16.0, "sl_k": 0.15, "sl_ref": 1, "slip": 0.0, "tp_r": 4, "trail_r": 1.5}
s02_gross|IS|{"commission": 0.0, "exit_time": 18.0, "sl_k": 0.15, "sl_ref": 1, "slip": 0.0, "tp_r": 4, "trail_r": 1.5}
s02_gross|IS|{"commission": 0.0, "sl_k": 0.15, "sl_ref": 1, "slip": 0.0, "tp_r": 4, "trail_r": 1.5}
s02_gross|IS|{"commission": 0.0, "exit_time": 21.0, "sl_k": 0.15, "sl_ref": 1, "slip": 0.0, "tp_r": 4, "trail_r": 1.5}
s02_gross|IS|{"commission": 0.0, "exit_time": 14.0, "sl_k": 0.15, "sl_ref": 1, "slip": 0.0, "tp_r": 4, "trail_r": 2}
s02_gross|IS|{"commission": 0.0, "exit_time": 16.0, "sl_k": 0.15, "sl_ref": 1, "slip": 0.0, "tp_r": 4, "trail_r": 2}
s02_gross|IS|{"commission": 0.0, "exit_time": 18.0, "sl_k": 0.15, "sl_ref": 1, "slip": 0.0, "tp_r": 4, "trail_r": 2}
s02_gross|IS|{"commission": 0.0, "sl_k": 0.15, "sl_ref": 1, "slip": 0.0, "tp_r": 4, "trail_r": 2}
s02_gross|IS|{"commission": 0.0, "exit_time": 21.0, "sl_k": 0.15, "sl_ref": 1, "slip": 0.0, "tp_r": 4, "trail_r": 2}
s02_gross|IS|{"be_r": 0.5, "commission": 0.0, "exit_time": 14.0, "sl_k": 0.15, "sl_ref": 1, "slip": 0.0, "tp_r": 4}
s02_gross|IS|{"be_r": 0.5, "commission": 0.0, "exit_time": 16.0, "sl_k": 0.15, "sl_ref": 1, "slip": 0.0, "tp_r": 4}
s02_gross|IS|{"be_r": 0.5, "commission": 0.0, "exit_time": 18.0, "sl_k": 0.15, "sl_ref": 1, "slip": 0.0, "tp_r": 4}
s02_gross|IS|{"be_r": 0.5, "commission": 0.0, "sl_k": 0.15, "sl_ref": 1, "slip": 0.0, "tp_r": 4}
s02_gross|IS|{"be_r": 0.5, "commission": 0.0, "exit_time": 21.0, "sl_k": 0.15, "sl_ref": 1, "slip": 0.0, "tp_r": 4}
s02_gross|IS|{"be_r": 0.5, "commission": 0.0, "exit_time": 14.0, "sl_k": 0.15, "sl_ref": 1, "slip": 0.0, "tp_r": 4, "trail_r": 0.5}
s02_gross|IS|{"be_r": 0.5, "commission": 0.0, "exit_time": 16.0, "sl_k": 0.15, "sl_ref": 1, "slip": 0.0, "tp_r": 4, "trail_r": 0.5}
s02_gross|IS|{"be_r": 0.5, "commission": 0.0, "exit_time": 18.0, "sl_k": 0.15, "sl_ref": 1, "slip": 0.0, "tp_r": 4, "trail_r": 0.5}
s02_gross|IS|{"be_r": 0.5, "commission": 0.0, "sl_k": 0.15, "sl_ref": 1, "slip": 0.0, "tp_r": 4, "trail_r": 0.5}
s02_gross|IS|{"be_r": 0.5, "commission": 0.0, "exit_time": 21.0, "sl_k": 0.15, "sl_ref": 1, "slip": 0.0, "tp_r": 4, "trail_r": 0.5}
s02_gross|IS|{"be_r": 0.5, "commission": 0.0, "exit_time": 14.0, "sl_k": 0.15, "sl_ref": 1, "slip": 0.0, "tp_r": 4, "trail_r": 1}
s02_gross|IS|{"be_r": 0.5, "commission": 0.0, "exit_time": 16.0, "sl_k": 0.15, "sl_ref": 1, "slip": 0.0, "tp_r": 4, "trail_r": 1}
s02_gross|IS|{"be_r": 0.5, "commission": 0.0, "exit_time": 18.0, "sl_k": 0.15, "sl_ref": 1, "slip": 0.0, "tp_r": 4, "trail_r": 1}
s02_gross|IS|{"be_r": 0.5, "commission": 0.0, "sl_k": 0.15, "sl_ref": 1, "slip": 0.0, "tp_r": 4, "trail_r": 1}
s02_gross|IS|{"be_r": 0.5, "commission": 0.0, "exit_time": 21.0, "sl_k": 0.15, "sl_ref": 1, "slip": 0.0, "tp_r": 4, "trail_r": 1}
s02_gross|IS|{"be_r": 0.5, "commission": 0.0, "exit_time": 14.0, "sl_k": 0.15, "sl_ref": 1, "slip": 0.0, "tp_r": 4, "trail_r": 1.5}
s02_gross|IS|{"be_r": 0.5, "commission": 0.0, "exit_time": 16.0, "sl_k": 0.15, "sl_ref": 1, "slip": 0.0, "tp_r": 4, "trail_r": 1.5}
s02_gross|IS|{"be_r": 0.5, "commission": 0.0, "exit_time": 18.0, "sl_k": 0.15, "sl_ref": 1, "slip": 0.0, "tp_r": 4, "trail_r": 1.5}
s02_gross|IS|{"be_r": 0.5, "commission": 0.0, "sl_k": 0.15, "sl_ref": 1, "slip": 0.0, "tp_r": 4, "trail_r": 1.5}
s02_gross|IS|{"be_r": 0.5, "commission": 0.0, "exit_time": 21.0, "sl_k": 0.15, "sl_ref": 1, "slip": 0.0, "tp_r": 4, "trail_r": 1.5}
s02_gross|IS|{"be_r": 0.5, "commission": 0.0, "exit_time": 14.0, "sl_k": 0.15, "sl_ref": 1, "slip": 0.0, "tp_r": 4, "trail_r": 2}
s02_gross|IS|{"be_r": 0.5, "commission": 0.0, "exit_time": 16.0, "sl_k": 0.15, "sl_ref": 1, "slip": 0.0, "tp_r": 4, "trail_r": 2}
s02_gross|IS|{"be_r": 0.5, "commission": 0.0, "exit_time": 18.0, "sl_k": 0.15, "sl_ref": 1, "slip": 0.0, "tp_r": 4, "trail_r": 2}
s02_gross|IS|{"be_r": 0.5, "commission": 0.0, "sl_k": 0.15, "sl_ref": 1, "slip": 0.0, "tp_r": 4, "trail_r": 2}
s02_gross|IS|{"be_r": 0.5, "commission": 0.0, "exit_time": 21.0, "sl_k": 0.15, "sl_ref": 1, "slip": 0.0, "tp_r": 4, "trail_r": 2}
s02_gross|IS|{"be_r": 1, "commission": 0.0, "exit_time": 14.0, "sl_k": 0.15, "sl_ref": 1, "slip": 0.0, "tp_r": 4}
s02_gross|IS|{"be_r": 1, "commission": 0.0, "exit_time": 16.0, "sl_k": 0.15, "sl_ref": 1, "slip": 0.0, "tp_r": 4}
s02_gross|IS|{"be_r": 1, "commission": 0.0, "exit_time": 18.0, "sl_k": 0.15, "sl_ref": 1, "slip": 0.0, "tp_r": 4}
s02_gross|IS|{"be_r": 1, "commission": 0.0, "sl_k": 0.15, "sl_ref": 1, "slip": 0.0, "tp_r": 4}
s02_gross|IS|{"be_r": 1, "commission": 0.0, "exit_time": 21.0, "sl_k": 0.15, "sl_ref": 1, "slip": 0.0, "tp_r": 4}
s02_gross|IS|{"be_r": 1, "commission": 0.0, "exit_time": 14.0, "sl_k": 0.15, "sl_ref": 1, "slip": 0.0, "tp_r": 4, "trail_r": 0.5}
s02_gross|IS|{"be_r": 1, "commission": 0.0, "exit_time": 16.0, "sl_k": 0.15, "sl_ref": 1, "slip": 0.0, "tp_r": 4, "trail_r": 0.5}
s02_gross|IS|{"be_r": 1, "commission": 0.0, "exit_time": 18.0, "sl_k": 0.15, "sl_ref": 1, "slip": 0.0, "tp_r": 4, "trail_r": 0.5}
s02_gross|IS|{"be_r": 1, "commission": 0.0, "sl_k": 0.15, "sl_ref": 1, "slip": 0.0, "tp_r": 4, "trail_r": 0.5}
s02_gross|IS|{"be_r": 1, "commission": 0.0, "exit_time": 21.0, "sl_k": 0.15, "sl_ref": 1, "slip": 0.0, "tp_r": 4, "trail_r": 0.5}
s02_gross|IS|{"be_r": 1, "commission": 0.0, "exit_time": 14.0, "sl_k": 0.15, "sl_ref": 1, "slip": 0.0, "tp_r": 4, "trail_r": 1}
s02_gross|IS|{"be_r": 1, "commission": 0.0, "exit_time": 16.0, "sl_k": 0.15, "sl_ref": 1, "slip": 0.0, "tp_r": 4, "trail_r": 1}
s02_gross|IS|{"be_r": 1, "commission": 0.0, "exit_time": 18.0, "sl_k": 0.15, "sl_ref": 1, "slip": 0.0, "tp_r": 4, "trail_r": 1}
s02_gross|IS|{"be_r": 1, "commission": 0.0, "sl_k": 0.15, "sl_ref": 1, "slip": 0.0, "tp_r": 4, "trail_r": 1}
s02_gross|IS|{"be_r": 1, "commission": 0.0, "exit_time": 21.0, "sl_k": 0.15, "sl_ref": 1, "slip": 0.0, "tp_r": 4, "trail_r": 1}
s02_gross|IS|{"be_r": 1, "commission": 0.0, "exit_time": 14.0, "sl_k": 0.15, "sl_ref": 1, "slip": 0.0, "tp_r": 4, "trail_r": 1.5}
s02_gross|IS|{"be_r": 1, "commission": 0.0, "exit_time": 16.0, "sl_k": 0.15, "sl_ref": 1, "slip": 0.0, "tp_r": 4, "trail_r": 1.5}
s02_gross|IS|{"be_r": 1, "commission": 0.0, "exit_time": 18.0, "sl_k": 0.15, "sl_ref": 1, "slip": 0.0, "tp_r": 4, "trail_r": 1.5}
s02_gross|IS|{"be_r": 1, "commission": 0.0, "sl_k": 0.15, "sl_ref": 1, "slip": 0.0, "tp_r": 4, "trail_r": 1.5}
s02_gross|IS|{"be_r": 1, "commission": 0.0, "exit_time": 21.0, "sl_k": 0.15, "sl_ref": 1, "slip": 0.0, "tp_r": 4, "trail_r": 1.5}
s02_gross|IS|{"be_r": 1, "commission": 0.0, "exit_time": 14.0, "sl_k": 0.15, "sl_ref": 1, "slip": 0.0, "tp_r": 4, "trail_r": 2}
s02_gross|IS|{"be_r": 1, "commission": 0.0, "exit_time": 16.0, "sl_k": 0.15, "sl_ref": 1, "slip": 0.0, "tp_r": 4, "trail_r": 2}
s02_gross|IS|{"be_r": 1, "commission": 0.0, "exit_time": 18.0, "sl_k": 0.15, "sl_ref": 1, "slip": 0.0, "tp_r": 4, "trail_r": 2}
s02_gross|IS|{"be_r": 1, "commission": 0.0, "sl_k": 0.15, "sl_ref": 1, "slip": 0.0, "tp_r": 4, "trail_r": 2}
s02_gross|IS|{"be_r": 1, "commission": 0.0, "exit_time": 21.0, "sl_k": 0.15, "sl_ref": 1, "slip": 0.0, "tp_r": 4, "trail_r": 2}
s02_gross|IS|{"commission": 0.0, "exit_time": 14.0, "sl_k": 0.25, "sl_ref": 1, "slip": 0.0}
s02_gross|IS|{"commission": 0.0, "exit_time": 16.0, "sl_k": 0.25, "sl_ref": 1, "slip": 0.0}
s02_gross|IS|{"commission": 0.0, "exit_time": 18.0, "sl_k": 0.25, "sl_ref": 1, "slip": 0.0}
s02_gross|IS|{"commission": 0.0, "sl_k": 0.25, "sl_ref": 1, "slip": 0.0}
s02_gross|IS|{"commission": 0.0, "exit_time": 21.0, "sl_k": 0.25, "sl_ref": 1, "slip": 0.0}
s02_gross|IS|{"commission": 0.0, "exit_time": 14.0, "sl_k": 0.25, "sl_ref": 1, "slip": 0.0, "trail_r": 0.5}
s02_gross|IS|{"commission": 0.0, "exit_time": 16.0, "sl_k": 0.25, "sl_ref": 1, "slip": 0.0, "trail_r": 0.5}
s02_gross|IS|{"commission": 0.0, "exit_time": 18.0, "sl_k": 0.25, "sl_ref": 1, "slip": 0.0, "trail_r": 0.5}
s02_gross|IS|{"commission": 0.0, "sl_k": 0.25, "sl_ref": 1, "slip": 0.0, "trail_r": 0.5}
s02_gross|IS|{"commission": 0.0, "exit_time": 21.0, "sl_k": 0.25, "sl_ref": 1, "slip": 0.0, "trail_r": 0.5}
s02_gross|IS|{"commission": 0.0, "exit_time": 14.0, "sl_k": 0.25, "sl_ref": 1, "slip": 0.0, "trail_r": 1}
s02_gross|IS|{"commission": 0.0, "exit_time": 16.0, "sl_k": 0.25, "sl_ref": 1, "slip": 0.0, "trail_r": 1}
s02_gross|IS|{"commission": 0.0, "exit_time": 18.0, "sl_k": 0.25, "sl_ref": 1, "slip": 0.0, "trail_r": 1}
s02_gross|IS|{"commission": 0.0, "sl_k": 0.25, "sl_ref": 1, "slip": 0.0, "trail_r": 1}
s02_gross|IS|{"commission": 0.0, "exit_time": 21.0, "sl_k": 0.25, "sl_ref": 1, "slip": 0.0, "trail_r": 1}
s02_gross|IS|{"commission": 0.0, "exit_time": 14.0, "sl_k": 0.25, "sl_ref": 1, "slip": 0.0, "trail_r": 1.5}
s02_gross|IS|{"commission": 0.0, "exit_time": 16.0, "sl_k": 0.25, "sl_ref": 1, "slip": 0.0, "trail_r": 1.5}
s02_gross|IS|{"commission": 0.0, "exit_time": 18.0, "sl_k": 0.25, "sl_ref": 1, "slip": 0.0, "trail_r": 1.5}
s02_gross|IS|{"commission": 0.0, "sl_k": 0.25, "sl_ref": 1, "slip": 0.0, "trail_r": 1.5}
s02_gross|IS|{"commission": 0.0, "exit_time": 21.0, "sl_k": 0.25, "sl_ref": 1, "slip": 0.0, "trail_r": 1.5}
s02_gross|IS|{"commission": 0.0, "exit_time": 14.0, "sl_k": 0.25, "sl_ref": 1, "slip": 0.0, "trail_r": 2}
s02_gross|IS|{"commission": 0.0, "exit_time": 16.0, "sl_k": 0.25, "sl_ref": 1, "slip": 0.0, "trail_r": 2}
s02_gross|IS|{"commission": 0.0, "exit_time": 18.0, "sl_k": 0.25, "sl_ref": 1, "slip": 0.0, "trail_r": 2}
s02_gross|IS|{"commission": 0.0, "sl_k": 0.25, "sl_ref": 1, "slip": 0.0, "trail_r": 2}
s02_gross|IS|{"commission": 0.0, "exit_time": 21.0, "sl_k": 0.25, "sl_ref": 1, "slip": 0.0, "trail_r": 2}
s02_gross|IS|{"be_r": 0.5, "commission": 0.0, "exit_time": 14.0, "sl_k": 0.25, "sl_ref": 1, "slip": 0.0}
s02_gross|IS|{"be_r": 0.5, "commission": 0.0, "exit_time": 16.0, "sl_k": 0.25, "sl_ref": 1, "slip": 0.0}
s02_gross|IS|{"be_r": 0.5, "commission": 0.0, "exit_time": 18.0, "sl_k": 0.25, "sl_ref": 1, "slip": 0.0}
s02_gross|IS|{"be_r": 0.5, "commission": 0.0, "sl_k": 0.25, "sl_ref": 1, "slip": 0.0}
s02_gross|IS|{"be_r": 0.5, "commission": 0.0, "exit_time": 21.0, "sl_k": 0.25, "sl_ref": 1, "slip": 0.0}
s02_gross|IS|{"be_r": 0.5, "commission": 0.0, "exit_time": 14.0, "sl_k": 0.25, "sl_ref": 1, "slip": 0.0, "trail_r": 0.5}
s02_gross|IS|{"be_r": 0.5, "commission": 0.0, "exit_time": 16.0, "sl_k": 0.25, "sl_ref": 1, "slip": 0.0, "trail_r": 0.5}
s02_gross|IS|{"be_r": 0.5, "commission": 0.0, "exit_time": 18.0, "sl_k": 0.25, "sl_ref": 1, "slip": 0.0, "trail_r": 0.5}
s02_gross|IS|{"be_r": 0.5, "commission": 0.0, "sl_k": 0.25, "sl_ref": 1, "slip": 0.0, "trail_r": 0.5}
s02_gross|IS|{"be_r": 0.5, "commission": 0.0, "exit_time": 21.0, "sl_k": 0.25, "sl_ref": 1, "slip": 0.0, "trail_r": 0.5}
s02_gross|IS|{"be_r": 0.5, "commission": 0.0, "exit_time": 14.0, "sl_k": 0.25, "sl_ref": 1, "slip": 0.0, "trail_r": 1}
s02_gross|IS|{"be_r": 0.5, "commission": 0.0, "exit_time": 16.0, "sl_k": 0.25, "sl_ref": 1, "slip": 0.0, "trail_r": 1}
s02_gross|IS|{"be_r": 0.5, "commission": 0.0, "exit_time": 18.0, "sl_k": 0.25, "sl_ref": 1, "slip": 0.0, "trail_r": 1}
s02_gross|IS|{"be_r": 0.5, "commission": 0.0, "sl_k": 0.25, "sl_ref": 1, "slip": 0.0, "trail_r": 1}
s02_gross|IS|{"be_r": 0.5, "commission": 0.0, "exit_time": 21.0, "sl_k": 0.25, "sl_ref": 1, "slip": 0.0, "trail_r": 1}
s02_gross|IS|{"be_r": 0.5, "commission": 0.0, "exit_time": 14.0, "sl_k": 0.25, "sl_ref": 1, "slip": 0.0, "trail_r": 1.5}
s02_gross|IS|{"be_r": 0.5, "commission": 0.0, "exit_time": 16.0, "sl_k": 0.25, "sl_ref": 1, "slip": 0.0, "trail_r": 1.5}
s02_gross|IS|{"be_r": 0.5, "commission": 0.0, "exit_time": 18.0, "sl_k": 0.25, "sl_ref": 1, "slip": 0.0, "trail_r": 1.5}
s02_gross|IS|{"be_r": 0.5, "commission": 0.0, "sl_k": 0.25, "sl_ref": 1, "slip": 0.0, "trail_r": 1.5}
s02_gross|IS|{"be_r": 0.5, "commission": 0.0, "exit_time": 21.0, "sl_k": 0.25, "sl_ref": 1, "slip": 0.0, "trail_r": 1.5}
s02_gross|IS|{"be_r": 0.5, "commission": 0.0, "exit_time": 14.0, "sl_k": 0.25, "sl_ref": 1, "slip": 0.0, "trail_r": 2}
s02_gross|IS|{"be_r": 0.5, "commission": 0.0, "exit_time": 16.0, "sl_k": 0.25, "sl_ref": 1, "slip": 0.0, "trail_r": 2}
s02_gross|IS|{"be_r": 0.5, "commission": 0.0, "exit_time": 18.0, "sl_k": 0.25, "sl_ref": 1, "slip": 0.0, "trail_r": 2}
s02_gross|IS|{"be_r": 0.5, "commission": 0.0, "sl_k": 0.25, "sl_ref": 1, "slip": 0.0, "trail_r": 2}
s02_gross|IS|{"be_r": 0.5, "commission": 0.0, "exit_time": 21.0, "sl_k": 0.25, "sl_ref": 1, "slip": 0.0, "trail_r": 2}
s02_gross|IS|{"be_r": 1, "commission": 0.0, "exit_time": 14.0, "sl_k": 0.25, "sl_ref": 1, "slip": 0.0}
s02_gross|IS|{"be_r": 1, "commission": 0.0, "exit_time": 16.0, "sl_k": 0.25, "sl_ref": 1, "slip": 0.0}
s02_gross|IS|{"be_r": 1, "commission": 0.0, "exit_time": 18.0, "sl_k": 0.25, "sl_ref": 1, "slip": 0.0}
s02_gross|IS|{"be_r": 1, "commission": 0.0, "sl_k": 0.25, "sl_ref": 1, "slip": 0.0}
s02_gross|IS|{"be_r": 1, "commission": 0.0, "exit_time": 21.0, "sl_k": 0.25, "sl_ref": 1, "slip": 0.0}
s02_gross|IS|{"be_r": 1, "commission": 0.0, "exit_time": 14.0, "sl_k": 0.25, "sl_ref": 1, "slip": 0.0, "trail_r": 0.5}
s02_gross|IS|{"be_r": 1, "commission": 0.0, "exit_time": 16.0, "sl_k": 0.25, "sl_ref": 1, "slip": 0.0, "trail_r": 0.5}
s02_gross|IS|{"be_r": 1, "commission": 0.0, "exit_time": 18.0, "sl_k": 0.25, "sl_ref": 1, "slip": 0.0, "trail_r": 0.5}
s02_gross|IS|{"be_r": 1, "commission": 0.0, "sl_k": 0.25, "sl_ref": 1, "slip": 0.0, "trail_r": 0.5}
s02_gross|IS|{"be_r": 1, "commission": 0.0, "exit_time": 21.0, "sl_k": 0.25, "sl_ref": 1, "slip": 0.0, "trail_r": 0.5}
s02_gross|IS|{"be_r": 1, "commission": 0.0, "exit_time": 14.0, "sl_k": 0.25, "sl_ref": 1, "slip": 0.0, "trail_r": 1}
s02_gross|IS|{"be_r": 1, "commission": 0.0, "exit_time": 16.0, "sl_k": 0.25, "sl_ref": 1, "slip": 0.0, "trail_r": 1}
s02_gross|IS|{"be_r": 1, "commission": 0.0, "exit_time": 18.0, "sl_k": 0.25, "sl_ref": 1, "slip": 0.0, "trail_r": 1}
s02_gross|IS|{"be_r": 1, "commission": 0.0, "sl_k": 0.25, "sl_ref": 1, "slip": 0.0, "trail_r": 1}
s02_gross|IS|{"be_r": 1, "commission": 0.0, "exit_time": 21.0, "sl_k": 0.25, "sl_ref": 1, "slip": 0.0, "trail_r": 1}
s02_gross|IS|{"be_r": 1, "commission": 0.0, "exit_time": 14.0, "sl_k": 0.25, "sl_ref": 1, "slip": 0.0, "trail_r": 1.5}
s02_gross|IS|{"be_r": 1, "commission": 0.0, "exit_time": 16.0, "sl_k": 0.25, "sl_ref": 1, "slip": 0.0, "trail_r": 1.5}
s02_gross|IS|{"be_r": 1, "commission": 0.0, "exit_time": 18.0, "sl_k": 0.25, "sl_ref": 1, "slip": 0.0, "trail_r": 1.5}
s02_gross|IS|{"be_r": 1, "commission": 0.0, "sl_k": 0.25, "sl_ref": 1, "slip": 0.0, "trail_r": 1.5}
s02_gross|IS|{"be_r": 1, "commission": 0.0, "exit_time": 21.0, "sl_k": 0.25, "sl_ref": 1, "slip": 0.0, "trail_r": 1.5}
s02_gross|IS|{"be_r": 1, "commission": 0.0, "exit_time": 14.0, "sl_k": 0.25, "sl_ref": 1, "slip": 0.0, "trail_r": 2}
s02_gross|IS|{"be_r": 1, "commission": 0.0, "exit_time": 16.0, "sl_k": 0.25, "sl_ref": 1, "slip": 0.0, "trail_r": 2}
s02_gross|IS|{"be_r": 1, "commission": 0.0, "exit_time": 18.0, "sl_k": 0.25, "sl_ref": 1, "slip": 0.0, "trail_r": 2}
s02_gross|IS|{"be_r": 1, "commission": 0.0, "sl_k": 0.25, "sl_ref": 1, "slip": 0.0, "trail_r": 2}
s02_gross|IS|{"be_r": 1, "commission": 0.0, "exit_time": 21.0, "sl_k": 0.25, "sl_ref": 1, "slip": 0.0, "trail_r": 2}
s02_gross|IS|{"commission": 0.0, "exit_time": 14.0, "sl_k": 0.25, "sl_ref": 1, "slip": 0.0, "tp_r": 1}
s02_gross|IS|{"commission": 0.0, "exit_time": 16.0, "sl_k": 0.25, "sl_ref": 1, "slip": 0.0, "tp_r": 1}
s02_gross|IS|{"commission": 0.0, "exit_time": 18.0, "sl_k": 0.25, "sl_ref": 1, "slip": 0.0, "tp_r": 1}
s02_gross|IS|{"commission": 0.0, "sl_k": 0.25, "sl_ref": 1, "slip": 0.0, "tp_r": 1}
s02_gross|IS|{"commission": 0.0, "exit_time": 21.0, "sl_k": 0.25, "sl_ref": 1, "slip": 0.0, "tp_r": 1}
s02_gross|IS|{"commission": 0.0, "exit_time": 14.0, "sl_k": 0.25, "sl_ref": 1, "slip": 0.0, "tp_r": 1, "trail_r": 0.5}
s02_gross|IS|{"commission": 0.0, "exit_time": 16.0, "sl_k": 0.25, "sl_ref": 1, "slip": 0.0, "tp_r": 1, "trail_r": 0.5}
s02_gross|IS|{"commission": 0.0, "exit_time": 18.0, "sl_k": 0.25, "sl_ref": 1, "slip": 0.0, "tp_r": 1, "trail_r": 0.5}
s02_gross|IS|{"commission": 0.0, "sl_k": 0.25, "sl_ref": 1, "slip": 0.0, "tp_r": 1, "trail_r": 0.5}
s02_gross|IS|{"commission": 0.0, "exit_time": 21.0, "sl_k": 0.25, "sl_ref": 1, "slip": 0.0, "tp_r": 1, "trail_r": 0.5}
s02_gross|IS|{"commission": 0.0, "exit_time": 14.0, "sl_k": 0.25, "sl_ref": 1, "slip": 0.0, "tp_r": 1, "trail_r": 1}
s02_gross|IS|{"commission": 0.0, "exit_time": 16.0, "sl_k": 0.25, "sl_ref": 1, "slip": 0.0, "tp_r": 1, "trail_r": 1}
s02_gross|IS|{"commission": 0.0, "exit_time": 18.0, "sl_k": 0.25, "sl_ref": 1, "slip": 0.0, "tp_r": 1, "trail_r": 1}
s02_gross|IS|{"commission": 0.0, "sl_k": 0.25, "sl_ref": 1, "slip": 0.0, "tp_r": 1, "trail_r": 1}
s02_gross|IS|{"commission": 0.0, "exit_time": 21.0, "sl_k": 0.25, "sl_ref": 1, "slip": 0.0, "tp_r": 1, "trail_r": 1}
s02_gross|IS|{"commission": 0.0, "exit_time": 14.0, "sl_k": 0.25, "sl_ref": 1, "slip": 0.0, "tp_r": 1, "trail_r": 1.5}
s02_gross|IS|{"commission": 0.0, "exit_time": 16.0, "sl_k": 0.25, "sl_ref": 1, "slip": 0.0, "tp_r": 1, "trail_r": 1.5}
s02_gross|IS|{"commission": 0.0, "exit_time": 18.0, "sl_k": 0.25, "sl_ref": 1, "slip": 0.0, "tp_r": 1, "trail_r": 1.5}
s02_gross|IS|{"commission": 0.0, "sl_k": 0.25, "sl_ref": 1, "slip": 0.0, "tp_r": 1, "trail_r": 1.5}
s02_gross|IS|{"commission": 0.0, "exit_time": 21.0, "sl_k": 0.25, "sl_ref": 1, "slip": 0.0, "tp_r": 1, "trail_r": 1.5}
s02_gross|IS|{"commission": 0.0, "exit_time": 14.0, "sl_k": 0.25, "sl_ref": 1, "slip": 0.0, "tp_r": 1, "trail_r": 2}
s02_gross|IS|{"commission": 0.0, "exit_time": 16.0, "sl_k": 0.25, "sl_ref": 1, "slip": 0.0, "tp_r": 1, "trail_r": 2}
s02_gross|IS|{"commission": 0.0, "exit_time": 18.0, "sl_k": 0.25, "sl_ref": 1, "slip": 0.0, "tp_r": 1, "trail_r": 2}
s02_gross|IS|{"commission": 0.0, "sl_k": 0.25, "sl_ref": 1, "slip": 0.0, "tp_r": 1, "trail_r": 2}
s02_gross|IS|{"commission": 0.0, "exit_time": 21.0, "sl_k": 0.25, "sl_ref": 1, "slip": 0.0, "tp_r": 1, "trail_r": 2}
s02_gross|IS|{"be_r": 0.5, "commission": 0.0, "exit_time": 14.0, "sl_k": 0.25, "sl_ref": 1, "slip": 0.0, "tp_r": 1}
s02_gross|IS|{"be_r": 0.5, "commission": 0.0, "exit_time": 16.0, "sl_k": 0.25, "sl_ref": 1, "slip": 0.0, "tp_r": 1}
s02_gross|IS|{"be_r": 0.5, "commission": 0.0, "exit_time": 18.0, "sl_k": 0.25, "sl_ref": 1, "slip": 0.0, "tp_r": 1}
s02_gross|IS|{"be_r": 0.5, "commission": 0.0, "sl_k": 0.25, "sl_ref": 1, "slip": 0.0, "tp_r": 1}
s02_gross|IS|{"be_r": 0.5, "commission": 0.0, "exit_time": 21.0, "sl_k": 0.25, "sl_ref": 1, "slip": 0.0, "tp_r": 1}
s02_gross|IS|{"be_r": 0.5, "commission": 0.0, "exit_time": 14.0, "sl_k": 0.25, "sl_ref": 1, "slip": 0.0, "tp_r": 1, "trail_r": 0.5}
s02_gross|IS|{"be_r": 0.5, "commission": 0.0, "exit_time": 16.0, "sl_k": 0.25, "sl_ref": 1, "slip": 0.0, "tp_r": 1, "trail_r": 0.5}
s02_gross|IS|{"be_r": 0.5, "commission": 0.0, "exit_time": 18.0, "sl_k": 0.25, "sl_ref": 1, "slip": 0.0, "tp_r": 1, "trail_r": 0.5}
s02_gross|IS|{"be_r": 0.5, "commission": 0.0, "sl_k": 0.25, "sl_ref": 1, "slip": 0.0, "tp_r": 1, "trail_r": 0.5}
s02_gross|IS|{"be_r": 0.5, "commission": 0.0, "exit_time": 21.0, "sl_k": 0.25, "sl_ref": 1, "slip": 0.0, "tp_r": 1, "trail_r": 0.5}
s02_gross|IS|{"be_r": 0.5, "commission": 0.0, "exit_time": 14.0, "sl_k": 0.25, "sl_ref": 1, "slip": 0.0, "tp_r": 1, "trail_r": 1}
s02_gross|IS|{"be_r": 0.5, "commission": 0.0, "exit_time": 16.0, "sl_k": 0.25, "sl_ref": 1, "slip": 0.0, "tp_r": 1, "trail_r": 1}
s02_gross|IS|{"be_r": 0.5, "commission": 0.0, "exit_time": 18.0, "sl_k": 0.25, "sl_ref": 1, "slip": 0.0, "tp_r": 1, "trail_r": 1}
s02_gross|IS|{"be_r": 0.5, "commission": 0.0, "sl_k": 0.25, "sl_ref": 1, "slip": 0.0, "tp_r": 1, "trail_r": 1}
s02_gross|IS|{"be_r": 0.5, "commission": 0.0, "exit_time": 21.0, "sl_k": 0.25, "sl_ref": 1, "slip": 0.0, "tp_r": 1, "trail_r": 1}
s02_gross|IS|{"be_r": 0.5, "commission": 0.0, "exit_time": 14.0, "sl_k": 0.25, "sl_ref": 1, "slip": 0.0, "tp_r": 1, "trail_r": 1.5}
s02_gross|IS|{"be_r": 0.5, "commission": 0.0, "exit_time": 16.0, "sl_k": 0.25, "sl_ref": 1, "slip": 0.0, "tp_r": 1, "trail_r": 1.5}
s02_gross|IS|{"be_r": 0.5, "commission": 0.0, "exit_time": 18.0, "sl_k": 0.25, "sl_ref": 1, "slip": 0.0, "tp_r": 1, "trail_r": 1.5}
s02_gross|IS|{"be_r": 0.5, "commission": 0.0, "sl_k": 0.25, "sl_ref": 1, "slip": 0.0, "tp_r": 1, "trail_r": 1.5}
s02_gross|IS|{"be_r": 0.5, "commission": 0.0, "exit_time": 21.0, "sl_k": 0.25, "sl_ref": 1, "slip": 0.0, "tp_r": 1, "trail_r": 1.5}
s02_gross|IS|{"be_r": 0.5, "commission": 0.0, "exit_time": 14.0, "sl_k": 0.25, "sl_ref": 1, "slip": 0.0, "tp_r": 1, "trail_r": 2}
s02_gross|IS|{"be_r": 0.5, "commission": 0.0, "exit_time": 16.0, "sl_k": 0.25, "sl_ref": 1, "slip": 0.0, "tp_r": 1, "trail_r": 2}
s02_gross|IS|{"be_r": 0.5, "commission": 0.0, "exit_time": 18.0, "sl_k": 0.25, "sl_ref": 1, "slip": 0.0, "tp_r": 1, "trail_r": 2}
s02_gross|IS|{"be_r": 0.5, "commission": 0.0, "sl_k": 0.25, "sl_ref": 1, "slip": 0.0, "tp_r": 1, "trail_r": 2}
s02_gross|IS|{"be_r": 0.5, "commission": 0.0, "exit_time": 21.0, "sl_k": 0.25, "sl_ref": 1, "slip": 0.0, "tp_r": 1, "trail_r": 2}
s02_gross|IS|{"be_r": 1, "commission": 0.0, "exit_time": 14.0, "sl_k": 0.25, "sl_ref": 1, "slip": 0.0, "tp_r": 1}
s02_gross|IS|{"be_r": 1, "commission": 0.0, "exit_time": 16.0, "sl_k": 0.25, "sl_ref": 1, "slip": 0.0, "tp_r": 1}
s02_gross|IS|{"be_r": 1, "commission": 0.0, "exit_time": 18.0, "sl_k": 0.25, "sl_ref": 1, "slip": 0.0, "tp_r": 1}
s02_gross|IS|{"be_r": 1, "commission": 0.0, "sl_k": 0.25, "sl_ref": 1, "slip": 0.0, "tp_r": 1}
s02_gross|IS|{"be_r": 1, "commission": 0.0, "exit_time": 21.0, "sl_k": 0.25, "sl_ref": 1, "slip": 0.0, "tp_r": 1}
s02_gross|IS|{"be_r": 1, "commission": 0.0, "exit_time": 14.0, "sl_k": 0.25, "sl_ref": 1, "slip": 0.0, "tp_r": 1, "trail_r": 0.5}
s02_gross|IS|{"be_r": 1, "commission": 0.0, "exit_time": 16.0, "sl_k": 0.25, "sl_ref": 1, "slip": 0.0, "tp_r": 1, "trail_r": 0.5}
s02_gross|IS|{"be_r": 1, "commission": 0.0, "exit_time": 18.0, "sl_k": 0.25, "sl_ref": 1, "slip": 0.0, "tp_r": 1, "trail_r": 0.5}
s02_gross|IS|{"be_r": 1, "commission": 0.0, "sl_k": 0.25, "sl_ref": 1, "slip": 0.0, "tp_r": 1, "trail_r": 0.5}
s02_gross|IS|{"be_r": 1, "commission": 0.0, "exit_time": 21.0, "sl_k": 0.25, "sl_ref": 1, "slip": 0.0, "tp_r": 1, "trail_r": 0.5}
s02_gross|IS|{"be_r": 1, "commission": 0.0, "exit_time": 14.0, "sl_k": 0.25, "sl_ref": 1, "slip": 0.0, "tp_r": 1, "trail_r": 1}
s02_gross|IS|{"be_r": 1, "commission": 0.0, "exit_time": 16.0, "sl_k": 0.25, "sl_ref": 1, "slip": 0.0, "tp_r": 1, "trail_r": 1}
s02_gross|IS|{"be_r": 1, "commission": 0.0, "exit_time": 18.0, "sl_k": 0.25, "sl_ref": 1, "slip": 0.0, "tp_r": 1, "trail_r": 1}
s02_gross|IS|{"be_r": 1, "commission": 0.0, "sl_k": 0.25, "sl_ref": 1, "slip": 0.0, "tp_r": 1, "trail_r": 1}
s02_gross|IS|{"be_r": 1, "commission": 0.0, "exit_time": 21.0, "sl_k": 0.25, "sl_ref": 1, "slip": 0.0, "tp_r": 1, "trail_r": 1}
s02_gross|IS|{"be_r": 1, "commission": 0.0, "exit_time": 14.0, "sl_k": 0.25, "sl_ref": 1, "slip": 0.0, "tp_r": 1, "trail_r": 1.5}
s02_gross|IS|{"be_r": 1, "commission": 0.0, "exit_time": 16.0, "sl_k": 0.25, "sl_ref": 1, "slip": 0.0, "tp_r": 1, "trail_r": 1.5}
s02_gross|IS|{"be_r": 1, "commission": 0.0, "exit_time": 18.0, "sl_k": 0.25, "sl_ref": 1, "slip": 0.0, "tp_r": 1, "trail_r": 1.5}
s02_gross|IS|{"be_r": 1, "commission": 0.0, "sl_k": 0.25, "sl_ref": 1, "slip": 0.0, "tp_r": 1, "trail_r": 1.5}
s02_gross|IS|{"be_r": 1, "commission": 0.0, "exit_time": 21.0, "sl_k": 0.25, "sl_ref": 1, "slip": 0.0, "tp_r": 1, "trail_r": 1.5}
s02_gross|IS|{"be_r": 1, "commission": 0.0, "exit_time": 14.0, "sl_k": 0.25, "sl_ref": 1, "slip": 0.0, "tp_r": 1, "trail_r": 2}
s02_gross|IS|{"be_r": 1, "commission": 0.0, "exit_time": 16.0, "sl_k": 0.25, "sl_ref": 1, "slip": 0.0, "tp_r": 1, "trail_r": 2}
s02_gross|IS|{"be_r": 1, "commission": 0.0, "exit_time": 18.0, "sl_k": 0.25, "sl_ref": 1, "slip": 0.0, "tp_r": 1, "trail_r": 2}
s02_gross|IS|{"be_r": 1, "commission": 0.0, "sl_k": 0.25, "sl_ref": 1, "slip": 0.0, "tp_r": 1, "trail_r": 2}
s02_gross|IS|{"be_r": 1, "commission": 0.0, "exit_time": 21.0, "sl_k": 0.25, "sl_ref": 1, "slip": 0.0, "tp_r": 1, "trail_r": 2}
s02_gross|IS|{"commission": 0.0, "exit_time": 14.0, "sl_k": 0.25, "sl_ref": 1, "slip": 0.0, "tp_r": 1.5}
s02_gross|IS|{"commission": 0.0, "exit_time": 16.0, "sl_k": 0.25, "sl_ref": 1, "slip": 0.0, "tp_r": 1.5}
s02_gross|IS|{"commission": 0.0, "exit_time": 18.0, "sl_k": 0.25, "sl_ref": 1, "slip": 0.0, "tp_r": 1.5}
s02_gross|IS|{"commission": 0.0, "sl_k": 0.25, "sl_ref": 1, "slip": 0.0, "tp_r": 1.5}
s02_gross|IS|{"commission": 0.0, "exit_time": 21.0, "sl_k": 0.25, "sl_ref": 1, "slip": 0.0, "tp_r": 1.5}
s02_gross|IS|{"commission": 0.0, "exit_time": 14.0, "sl_k": 0.25, "sl_ref": 1, "slip": 0.0, "tp_r": 1.5, "trail_r": 0.5}
s02_gross|IS|{"commission": 0.0, "exit_time": 16.0, "sl_k": 0.25, "sl_ref": 1, "slip": 0.0, "tp_r": 1.5, "trail_r": 0.5}
s02_gross|IS|{"commission": 0.0, "exit_time": 18.0, "sl_k": 0.25, "sl_ref": 1, "slip": 0.0, "tp_r": 1.5, "trail_r": 0.5}
s02_gross|IS|{"commission": 0.0, "sl_k": 0.25, "sl_ref": 1, "slip": 0.0, "tp_r": 1.5, "trail_r": 0.5}
s02_gross|IS|{"commission": 0.0, "exit_time": 21.0, "sl_k": 0.25, "sl_ref": 1, "slip": 0.0, "tp_r": 1.5, "trail_r": 0.5}
s02_gross|IS|{"commission": 0.0, "exit_time": 14.0, "sl_k": 0.25, "sl_ref": 1, "slip": 0.0, "tp_r": 1.5, "trail_r": 1}
s02_gross|IS|{"commission": 0.0, "exit_time": 16.0, "sl_k": 0.25, "sl_ref": 1, "slip": 0.0, "tp_r": 1.5, "trail_r": 1}
s02_gross|IS|{"commission": 0.0, "exit_time": 18.0, "sl_k": 0.25, "sl_ref": 1, "slip": 0.0, "tp_r": 1.5, "trail_r": 1}
s02_gross|IS|{"commission": 0.0, "sl_k": 0.25, "sl_ref": 1, "slip": 0.0, "tp_r": 1.5, "trail_r": 1}
s02_gross|IS|{"commission": 0.0, "exit_time": 21.0, "sl_k": 0.25, "sl_ref": 1, "slip": 0.0, "tp_r": 1.5, "trail_r": 1}
s02_gross|IS|{"commission": 0.0, "exit_time": 14.0, "sl_k": 0.25, "sl_ref": 1, "slip": 0.0, "tp_r": 1.5, "trail_r": 1.5}
s02_gross|IS|{"commission": 0.0, "exit_time": 16.0, "sl_k": 0.25, "sl_ref": 1, "slip": 0.0, "tp_r": 1.5, "trail_r": 1.5}
s02_gross|IS|{"commission": 0.0, "exit_time": 18.0, "sl_k": 0.25, "sl_ref": 1, "slip": 0.0, "tp_r": 1.5, "trail_r": 1.5}
s02_gross|IS|{"commission": 0.0, "sl_k": 0.25, "sl_ref": 1, "slip": 0.0, "tp_r": 1.5, "trail_r": 1.5}
s02_gross|IS|{"commission": 0.0, "exit_time": 21.0, "sl_k": 0.25, "sl_ref": 1, "slip": 0.0, "tp_r": 1.5, "trail_r": 1.5}
s02_gross|IS|{"commission": 0.0, "exit_time": 14.0, "sl_k": 0.25, "sl_ref": 1, "slip": 0.0, "tp_r": 1.5, "trail_r": 2}
s02_gross|IS|{"commission": 0.0, "exit_time": 16.0, "sl_k": 0.25, "sl_ref": 1, "slip": 0.0, "tp_r": 1.5, "trail_r": 2}
s02_gross|IS|{"commission": 0.0, "exit_time": 18.0, "sl_k": 0.25, "sl_ref": 1, "slip": 0.0, "tp_r": 1.5, "trail_r": 2}
s02_gross|IS|{"commission": 0.0, "sl_k": 0.25, "sl_ref": 1, "slip": 0.0, "tp_r": 1.5, "trail_r": 2}
s02_gross|IS|{"commission": 0.0, "exit_time": 21.0, "sl_k": 0.25, "sl_ref": 1, "slip": 0.0, "tp_r": 1.5, "trail_r": 2}
s02_gross|IS|{"be_r": 0.5, "commission": 0.0, "exit_time": 14.0, "sl_k": 0.25, "sl_ref": 1, "slip": 0.0, "tp_r": 1.5}
s02_gross|IS|{"be_r": 0.5, "commission": 0.0, "exit_time": 16.0, "sl_k": 0.25, "sl_ref": 1, "slip": 0.0, "tp_r": 1.5}
s02_gross|IS|{"be_r": 0.5, "commission": 0.0, "exit_time": 18.0, "sl_k": 0.25, "sl_ref": 1, "slip": 0.0, "tp_r": 1.5}
s02_gross|IS|{"be_r": 0.5, "commission": 0.0, "sl_k": 0.25, "sl_ref": 1, "slip": 0.0, "tp_r": 1.5}
s02_gross|IS|{"be_r": 0.5, "commission": 0.0, "exit_time": 21.0, "sl_k": 0.25, "sl_ref": 1, "slip": 0.0, "tp_r": 1.5}
s02_gross|IS|{"be_r": 0.5, "commission": 0.0, "exit_time": 14.0, "sl_k": 0.25, "sl_ref": 1, "slip": 0.0, "tp_r": 1.5, "trail_r": 0.5}
s02_gross|IS|{"be_r": 0.5, "commission": 0.0, "exit_time": 16.0, "sl_k": 0.25, "sl_ref": 1, "slip": 0.0, "tp_r": 1.5, "trail_r": 0.5}
s02_gross|IS|{"be_r": 0.5, "commission": 0.0, "exit_time": 18.0, "sl_k": 0.25, "sl_ref": 1, "slip": 0.0, "tp_r": 1.5, "trail_r": 0.5}
s02_gross|IS|{"be_r": 0.5, "commission": 0.0, "sl_k": 0.25, "sl_ref": 1, "slip": 0.0, "tp_r": 1.5, "trail_r": 0.5}
s02_gross|IS|{"be_r": 0.5, "commission": 0.0, "exit_time": 21.0, "sl_k": 0.25, "sl_ref": 1, "slip": 0.0, "tp_r": 1.5, "trail_r": 0.5}
s02_gross|IS|{"be_r": 0.5, "commission": 0.0, "exit_time": 14.0, "sl_k": 0.25, "sl_ref": 1, "slip": 0.0, "tp_r": 1.5, "trail_r": 1}
s02_gross|IS|{"be_r": 0.5, "commission": 0.0, "exit_time": 16.0, "sl_k": 0.25, "sl_ref": 1, "slip": 0.0, "tp_r": 1.5, "trail_r": 1}
s02_gross|IS|{"be_r": 0.5, "commission": 0.0, "exit_time": 18.0, "sl_k": 0.25, "sl_ref": 1, "slip": 0.0, "tp_r": 1.5, "trail_r": 1}
s02_gross|IS|{"be_r": 0.5, "commission": 0.0, "sl_k": 0.25, "sl_ref": 1, "slip": 0.0, "tp_r": 1.5, "trail_r": 1}
s02_gross|IS|{"be_r": 0.5, "commission": 0.0, "exit_time": 21.0, "sl_k": 0.25, "sl_ref": 1, "slip": 0.0, "tp_r": 1.5, "trail_r": 1}
s02_gross|IS|{"be_r": 0.5, "commission": 0.0, "exit_time": 14.0, "sl_k": 0.25, "sl_ref": 1, "slip": 0.0, "tp_r": 1.5, "trail_r": 1.5}
s02_gross|IS|{"be_r": 0.5, "commission": 0.0, "exit_time": 16.0, "sl_k": 0.25, "sl_ref": 1, "slip": 0.0, "tp_r": 1.5, "trail_r": 1.5}
s02_gross|IS|{"be_r": 0.5, "commission": 0.0, "exit_time": 18.0, "sl_k": 0.25, "sl_ref": 1, "slip": 0.0, "tp_r": 1.5, "trail_r": 1.5}
s02_gross|IS|{"be_r": 0.5, "commission": 0.0, "sl_k": 0.25, "sl_ref": 1, "slip": 0.0, "tp_r": 1.5, "trail_r": 1.5}
s02_gross|IS|{"be_r": 0.5, "commission": 0.0, "exit_time": 21.0, "sl_k": 0.25, "sl_ref": 1, "slip": 0.0, "tp_r": 1.5, "trail_r": 1.5}
s02_gross|IS|{"be_r": 0.5, "commission": 0.0, "exit_time": 14.0, "sl_k": 0.25, "sl_ref": 1, "slip": 0.0, "tp_r": 1.5, "trail_r": 2}
s02_gross|IS|{"be_r": 0.5, "commission": 0.0, "exit_time": 16.0, "sl_k": 0.25, "sl_ref": 1, "slip": 0.0, "tp_r": 1.5, "trail_r": 2}
s02_gross|IS|{"be_r": 0.5, "commission": 0.0, "exit_time": 18.0, "sl_k": 0.25, "sl_ref": 1, "slip": 0.0, "tp_r": 1.5, "trail_r": 2}
s02_gross|IS|{"be_r": 0.5, "commission": 0.0, "sl_k": 0.25, "sl_ref": 1, "slip": 0.0, "tp_r": 1.5, "trail_r": 2}
s02_gross|IS|{"be_r": 0.5, "commission": 0.0, "exit_time": 21.0, "sl_k": 0.25, "sl_ref": 1, "slip": 0.0, "tp_r": 1.5, "trail_r": 2}
s02_gross|IS|{"be_r": 1, "commission": 0.0, "exit_time": 14.0, "sl_k": 0.25, "sl_ref": 1, "slip": 0.0, "tp_r": 1.5}
s02_gross|IS|{"be_r": 1, "commission": 0.0, "exit_time": 16.0, "sl_k": 0.25, "sl_ref": 1, "slip": 0.0, "tp_r": 1.5}
s02_gross|IS|{"be_r": 1, "commission": 0.0, "exit_time": 18.0, "sl_k": 0.25, "sl_ref": 1, "slip": 0.0, "tp_r": 1.5}
s02_gross|IS|{"be_r": 1, "commission": 0.0, "sl_k": 0.25, "sl_ref": 1, "slip": 0.0, "tp_r": 1.5}
s02_gross|IS|{"be_r": 1, "commission": 0.0, "exit_time": 21.0, "sl_k": 0.25, "sl_ref": 1, "slip": 0.0, "tp_r": 1.5}
s02_gross|IS|{"be_r": 1, "commission": 0.0, "exit_time": 14.0, "sl_k": 0.25, "sl_ref": 1, "slip": 0.0, "tp_r": 1.5, "trail_r": 0.5}
s02_gross|IS|{"be_r": 1, "commission": 0.0, "exit_time": 16.0, "sl_k": 0.25, "sl_ref": 1, "slip": 0.0, "tp_r": 1.5, "trail_r": 0.5}
s02_gross|IS|{"be_r": 1, "commission": 0.0, "exit_time": 18.0, "sl_k": 0.25, "sl_ref": 1, "slip": 0.0, "tp_r": 1.5, "trail_r": 0.5}
s02_gross|IS|{"be_r": 1, "commission": 0.0, "sl_k": 0.25, "sl_ref": 1, "slip": 0.0, "tp_r": 1.5, "trail_r": 0.5}
s02_gross|IS|{"be_r": 1, "commission": 0.0, "exit_time": 21.0, "sl_k": 0.25, "sl_ref": 1, "slip": 0.0, "tp_r": 1.5, "trail_r": 0.5}
s02_gross|IS|{"be_r": 1, "commission": 0.0, "exit_time": 14.0, "sl_k": 0.25, "sl_ref": 1, "slip": 0.0, "tp_r": 1.5, "trail_r": 1}
s02_gross|IS|{"be_r": 1, "commission": 0.0, "exit_time": 16.0, "sl_k": 0.25, "sl_ref": 1, "slip": 0.0, "tp_r": 1.5, "trail_r": 1}
s02_gross|IS|{"be_r": 1, "commission": 0.0, "exit_time": 18.0, "sl_k": 0.25, "sl_ref": 1, "slip": 0.0, "tp_r": 1.5, "trail_r": 1}
s02_gross|IS|{"be_r": 1, "commission": 0.0, "sl_k": 0.25, "sl_ref": 1, "slip": 0.0, "tp_r": 1.5, "trail_r": 1}
s02_gross|IS|{"be_r": 1, "commission": 0.0, "exit_time": 21.0, "sl_k": 0.25, "sl_ref": 1, "slip": 0.0, "tp_r": 1.5, "trail_r": 1}
s02_gross|IS|{"be_r": 1, "commission": 0.0, "exit_time": 14.0, "sl_k": 0.25, "sl_ref": 1, "slip": 0.0, "tp_r": 1.5, "trail_r": 1.5}
s02_gross|IS|{"be_r": 1, "commission": 0.0, "exit_time": 16.0, "sl_k": 0.25, "sl_ref": 1, "slip": 0.0, "tp_r": 1.5, "trail_r": 1.5}
s02_gross|IS|{"be_r": 1, "commission": 0.0, "exit_time": 18.0, "sl_k": 0.25, "sl_ref": 1, "slip": 0.0, "tp_r": 1.5, "trail_r": 1.5}
s02_gross|IS|{"be_r": 1, "commission": 0.0, "sl_k": 0.25, "sl_ref": 1, "slip": 0.0, "tp_r": 1.5, "trail_r": 1.5}
s02_gross|IS|{"be_r": 1, "commission": 0.0, "exit_time": 21.0, "sl_k": 0.25, "sl_ref": 1, "slip": 0.0, "tp_r": 1.5, "trail_r": 1.5}
s02_gross|IS|{"be_r": 1, "commission": 0.0, "exit_time": 14.0, "sl_k": 0.25, "sl_ref": 1, "slip": 0.0, "tp_r": 1.5, "trail_r": 2}
s02_gross|IS|{"be_r": 1, "commission": 0.0, "exit_time": 16.0, "sl_k": 0.25, "sl_ref": 1, "slip": 0.0, "tp_r": 1.5, "trail_r": 2}
s02_gross|IS|{"be_r": 1, "commission": 0.0, "exit_time": 18.0, "sl_k": 0.25, "sl_ref": 1, "slip": 0.0, "tp_r": 1.5, "trail_r": 2}
s02_gross|IS|{"be_r": 1, "commission": 0.0, "sl_k": 0.25, "sl_ref": 1, "slip": 0.0, "tp_r": 1.5, "trail_r": 2}
s02_gross|IS|{"be_r": 1, "commission": 0.0, "exit_time": 21.0, "sl_k": 0.25, "sl_ref": 1, "slip": 0.0, "tp_r": 1.5, "trail_r": 2}
s02_gross|IS|{"commission": 0.0, "exit_time": 14.0, "sl_k": 0.25, "sl_ref": 1, "slip": 0.0, "tp_r": 2}
s02_gross|IS|{"commission": 0.0, "exit_time": 16.0, "sl_k": 0.25, "sl_ref": 1, "slip": 0.0, "tp_r": 2}
s02_gross|IS|{"commission": 0.0, "exit_time": 18.0, "sl_k": 0.25, "sl_ref": 1, "slip": 0.0, "tp_r": 2}
s02_gross|IS|{"commission": 0.0, "sl_k": 0.25, "sl_ref": 1, "slip": 0.0, "tp_r": 2}
s02_gross|IS|{"commission": 0.0, "exit_time": 21.0, "sl_k": 0.25, "sl_ref": 1, "slip": 0.0, "tp_r": 2}
s02_gross|IS|{"commission": 0.0, "exit_time": 14.0, "sl_k": 0.25, "sl_ref": 1, "slip": 0.0, "tp_r": 2, "trail_r": 0.5}
s02_gross|IS|{"commission": 0.0, "exit_time": 16.0, "sl_k": 0.25, "sl_ref": 1, "slip": 0.0, "tp_r": 2, "trail_r": 0.5}
s02_gross|IS|{"commission": 0.0, "exit_time": 18.0, "sl_k": 0.25, "sl_ref": 1, "slip": 0.0, "tp_r": 2, "trail_r": 0.5}
s02_gross|IS|{"commission": 0.0, "sl_k": 0.25, "sl_ref": 1, "slip": 0.0, "tp_r": 2, "trail_r": 0.5}
s02_gross|IS|{"commission": 0.0, "exit_time": 21.0, "sl_k": 0.25, "sl_ref": 1, "slip": 0.0, "tp_r": 2, "trail_r": 0.5}
s02_gross|IS|{"commission": 0.0, "exit_time": 14.0, "sl_k": 0.25, "sl_ref": 1, "slip": 0.0, "tp_r": 2, "trail_r": 1}
s02_gross|IS|{"commission": 0.0, "exit_time": 16.0, "sl_k": 0.25, "sl_ref": 1, "slip": 0.0, "tp_r": 2, "trail_r": 1}
s02_gross|IS|{"commission": 0.0, "exit_time": 18.0, "sl_k": 0.25, "sl_ref": 1, "slip": 0.0, "tp_r": 2, "trail_r": 1}
s02_gross|IS|{"commission": 0.0, "sl_k": 0.25, "sl_ref": 1, "slip": 0.0, "tp_r": 2, "trail_r": 1}
s02_gross|IS|{"commission": 0.0, "exit_time": 21.0, "sl_k": 0.25, "sl_ref": 1, "slip": 0.0, "tp_r": 2, "trail_r": 1}
s02_gross|IS|{"commission": 0.0, "exit_time": 14.0, "sl_k": 0.25, "sl_ref": 1, "slip": 0.0, "tp_r": 2, "trail_r": 1.5}
s02_gross|IS|{"commission": 0.0, "exit_time": 16.0, "sl_k": 0.25, "sl_ref": 1, "slip": 0.0, "tp_r": 2, "trail_r": 1.5}
s02_gross|IS|{"commission": 0.0, "exit_time": 18.0, "sl_k": 0.25, "sl_ref": 1, "slip": 0.0, "tp_r": 2, "trail_r": 1.5}
s02_gross|IS|{"commission": 0.0, "sl_k": 0.25, "sl_ref": 1, "slip": 0.0, "tp_r": 2, "trail_r": 1.5}
s02_gross|IS|{"commission": 0.0, "exit_time": 21.0, "sl_k": 0.25, "sl_ref": 1, "slip": 0.0, "tp_r": 2, "trail_r": 1.5}
s02_gross|IS|{"commission": 0.0, "exit_time": 14.0, "sl_k": 0.25, "sl_ref": 1, "slip": 0.0, "tp_r": 2, "trail_r": 2}
s02_gross|IS|{"commission": 0.0, "exit_time": 16.0, "sl_k": 0.25, "sl_ref": 1, "slip": 0.0, "tp_r": 2, "trail_r": 2}
s02_gross|IS|{"commission": 0.0, "exit_time": 18.0, "sl_k": 0.25, "sl_ref": 1, "slip": 0.0, "tp_r": 2, "trail_r": 2}
s02_gross|IS|{"commission": 0.0, "sl_k": 0.25, "sl_ref": 1, "slip": 0.0, "tp_r": 2, "trail_r": 2}
s02_gross|IS|{"commission": 0.0, "exit_time": 21.0, "sl_k": 0.25, "sl_ref": 1, "slip": 0.0, "tp_r": 2, "trail_r": 2}
s02_gross|IS|{"be_r": 0.5, "commission": 0.0, "exit_time": 14.0, "sl_k": 0.25, "sl_ref": 1, "slip": 0.0, "tp_r": 2}
s02_gross|IS|{"be_r": 0.5, "commission": 0.0, "exit_time": 16.0, "sl_k": 0.25, "sl_ref": 1, "slip": 0.0, "tp_r": 2}
s02_gross|IS|{"be_r": 0.5, "commission": 0.0, "exit_time": 18.0, "sl_k": 0.25, "sl_ref": 1, "slip": 0.0, "tp_r": 2}
s02_gross|IS|{"be_r": 0.5, "commission": 0.0, "sl_k": 0.25, "sl_ref": 1, "slip": 0.0, "tp_r": 2}
s02_gross|IS|{"be_r": 0.5, "commission": 0.0, "exit_time": 21.0, "sl_k": 0.25, "sl_ref": 1, "slip": 0.0, "tp_r": 2}
s02_gross|IS|{"be_r": 0.5, "commission": 0.0, "exit_time": 14.0, "sl_k": 0.25, "sl_ref": 1, "slip": 0.0, "tp_r": 2, "trail_r": 0.5}
s02_gross|IS|{"be_r": 0.5, "commission": 0.0, "exit_time": 16.0, "sl_k": 0.25, "sl_ref": 1, "slip": 0.0, "tp_r": 2, "trail_r": 0.5}
s02_gross|IS|{"be_r": 0.5, "commission": 0.0, "exit_time": 18.0, "sl_k": 0.25, "sl_ref": 1, "slip": 0.0, "tp_r": 2, "trail_r": 0.5}
s02_gross|IS|{"be_r": 0.5, "commission": 0.0, "sl_k": 0.25, "sl_ref": 1, "slip": 0.0, "tp_r": 2, "trail_r": 0.5}
s02_gross|IS|{"be_r": 0.5, "commission": 0.0, "exit_time": 21.0, "sl_k": 0.25, "sl_ref": 1, "slip": 0.0, "tp_r": 2, "trail_r": 0.5}
s02_gross|IS|{"be_r": 0.5, "commission": 0.0, "exit_time": 14.0, "sl_k": 0.25, "sl_ref": 1, "slip": 0.0, "tp_r": 2, "trail_r": 1}
s02_gross|IS|{"be_r": 0.5, "commission": 0.0, "exit_time": 16.0, "sl_k": 0.25, "sl_ref": 1, "slip": 0.0, "tp_r": 2, "trail_r": 1}
s02_gross|IS|{"be_r": 0.5, "commission": 0.0, "exit_time": 18.0, "sl_k": 0.25, "sl_ref": 1, "slip": 0.0, "tp_r": 2, "trail_r": 1}
s02_gross|IS|{"be_r": 0.5, "commission": 0.0, "sl_k": 0.25, "sl_ref": 1, "slip": 0.0, "tp_r": 2, "trail_r": 1}
s02_gross|IS|{"be_r": 0.5, "commission": 0.0, "exit_time": 21.0, "sl_k": 0.25, "sl_ref": 1, "slip": 0.0, "tp_r": 2, "trail_r": 1}
s02_gross|IS|{"be_r": 0.5, "commission": 0.0, "exit_time": 14.0, "sl_k": 0.25, "sl_ref": 1, "slip": 0.0, "tp_r": 2, "trail_r": 1.5}
s02_gross|IS|{"be_r": 0.5, "commission": 0.0, "exit_time": 16.0, "sl_k": 0.25, "sl_ref": 1, "slip": 0.0, "tp_r": 2, "trail_r": 1.5}
s02_gross|IS|{"be_r": 0.5, "commission": 0.0, "exit_time": 18.0, "sl_k": 0.25, "sl_ref": 1, "slip": 0.0, "tp_r": 2, "trail_r": 1.5}
s02_gross|IS|{"be_r": 0.5, "commission": 0.0, "sl_k": 0.25, "sl_ref": 1, "slip": 0.0, "tp_r": 2, "trail_r": 1.5}
s02_gross|IS|{"be_r": 0.5, "commission": 0.0, "exit_time": 21.0, "sl_k": 0.25, "sl_ref": 1, "slip": 0.0, "tp_r": 2, "trail_r": 1.5}
s02_gross|IS|{"be_r": 0.5, "commission": 0.0, "exit_time": 14.0, "sl_k": 0.25, "sl_ref": 1, "slip": 0.0, "tp_r": 2, "trail_r": 2}
s02_gross|IS|{"be_r": 0.5, "commission": 0.0, "exit_time": 16.0, "sl_k": 0.25, "sl_ref": 1, "slip": 0.0, "tp_r": 2, "trail_r": 2}
s02_gross|IS|{"be_r": 0.5, "commission": 0.0, "exit_time": 18.0, "sl_k": 0.25, "sl_ref": 1, "slip": 0.0, "tp_r": 2, "trail_r": 2}
s02_gross|IS|{"be_r": 0.5, "commission": 0.0, "sl_k": 0.25, "sl_ref": 1, "slip": 0.0, "tp_r": 2, "trail_r": 2}
s02_gross|IS|{"be_r": 0.5, "commission": 0.0, "exit_time": 21.0, "sl_k": 0.25, "sl_ref": 1, "slip": 0.0, "tp_r": 2, "trail_r": 2}
s02_gross|IS|{"be_r": 1, "commission": 0.0, "exit_time": 14.0, "sl_k": 0.25, "sl_ref": 1, "slip": 0.0, "tp_r": 2}
s02_gross|IS|{"be_r": 1, "commission": 0.0, "exit_time": 16.0, "sl_k": 0.25, "sl_ref": 1, "slip": 0.0, "tp_r": 2}
s02_gross|IS|{"be_r": 1, "commission": 0.0, "exit_time": 18.0, "sl_k": 0.25, "sl_ref": 1, "slip": 0.0, "tp_r": 2}
s02_gross|IS|{"be_r": 1, "commission": 0.0, "sl_k": 0.25, "sl_ref": 1, "slip": 0.0, "tp_r": 2}
s02_gross|IS|{"be_r": 1, "commission": 0.0, "exit_time": 21.0, "sl_k": 0.25, "sl_ref": 1, "slip": 0.0, "tp_r": 2}
s02_gross|IS|{"be_r": 1, "commission": 0.0, "exit_time": 14.0, "sl_k": 0.25, "sl_ref": 1, "slip": 0.0, "tp_r": 2, "trail_r": 0.5}
s02_gross|IS|{"be_r": 1, "commission": 0.0, "exit_time": 16.0, "sl_k": 0.25, "sl_ref": 1, "slip": 0.0, "tp_r": 2, "trail_r": 0.5}
s02_gross|IS|{"be_r": 1, "commission": 0.0, "exit_time": 18.0, "sl_k": 0.25, "sl_ref": 1, "slip": 0.0, "tp_r": 2, "trail_r": 0.5}
s02_gross|IS|{"be_r": 1, "commission": 0.0, "sl_k": 0.25, "sl_ref": 1, "slip": 0.0, "tp_r": 2, "trail_r": 0.5}
s02_gross|IS|{"be_r": 1, "commission": 0.0, "exit_time": 21.0, "sl_k": 0.25, "sl_ref": 1, "slip": 0.0, "tp_r": 2, "trail_r": 0.5}
s02_gross|IS|{"be_r": 1, "commission": 0.0, "exit_time": 14.0, "sl_k": 0.25, "sl_ref": 1, "slip": 0.0, "tp_r": 2, "trail_r": 1}
s02_gross|IS|{"be_r": 1, "commission": 0.0, "exit_time": 16.0, "sl_k": 0.25, "sl_ref": 1, "slip": 0.0, "tp_r": 2, "trail_r": 1}
s02_gross|IS|{"be_r": 1, "commission": 0.0, "exit_time": 18.0, "sl_k": 0.25, "sl_ref": 1, "slip": 0.0, "tp_r": 2, "trail_r": 1}
s02_gross|IS|{"be_r": 1, "commission": 0.0, "sl_k": 0.25, "sl_ref": 1, "slip": 0.0, "tp_r": 2, "trail_r": 1}
s02_gross|IS|{"be_r": 1, "commission": 0.0, "exit_time": 21.0, "sl_k": 0.25, "sl_ref": 1, "slip": 0.0, "tp_r": 2, "trail_r": 1}
s02_gross|IS|{"be_r": 1, "commission": 0.0, "exit_time": 14.0, "sl_k": 0.25, "sl_ref": 1, "slip": 0.0, "tp_r": 2, "trail_r": 1.5}
s02_gross|IS|{"be_r": 1, "commission": 0.0, "exit_time": 16.0, "sl_k": 0.25, "sl_ref": 1, "slip": 0.0, "tp_r": 2, "trail_r": 1.5}
s02_gross|IS|{"be_r": 1, "commission": 0.0, "exit_time": 18.0, "sl_k": 0.25, "sl_ref": 1, "slip": 0.0, "tp_r": 2, "trail_r": 1.5}
s02_gross|IS|{"be_r": 1, "commission": 0.0, "sl_k": 0.25, "sl_ref": 1, "slip": 0.0, "tp_r": 2, "trail_r": 1.5}
s02_gross|IS|{"be_r": 1, "commission": 0.0, "exit_time": 21.0, "sl_k": 0.25, "sl_ref": 1, "slip": 0.0, "tp_r": 2, "trail_r": 1.5}
s02_gross|IS|{"be_r": 1, "commission": 0.0, "exit_time": 14.0, "sl_k": 0.25, "sl_ref": 1, "slip": 0.0, "tp_r": 2, "trail_r": 2}
s02_gross|IS|{"be_r": 1, "commission": 0.0, "exit_time": 16.0, "sl_k": 0.25, "sl_ref": 1, "slip": 0.0, "tp_r": 2, "trail_r": 2}
s02_gross|IS|{"be_r": 1, "commission": 0.0, "exit_time": 18.0, "sl_k": 0.25, "sl_ref": 1, "slip": 0.0, "tp_r": 2, "trail_r": 2}
s02_gross|IS|{"be_r": 1, "commission": 0.0, "sl_k": 0.25, "sl_ref": 1, "slip": 0.0, "tp_r": 2, "trail_r": 2}
s02_gross|IS|{"be_r": 1, "commission": 0.0, "exit_time": 21.0, "sl_k": 0.25, "sl_ref": 1, "slip": 0.0, "tp_r": 2, "trail_r": 2}
s02_gross|IS|{"commission": 0.0, "exit_time": 14.0, "sl_k": 0.25, "sl_ref": 1, "slip": 0.0, "tp_r": 3}
s02_gross|IS|{"commission": 0.0, "exit_time": 16.0, "sl_k": 0.25, "sl_ref": 1, "slip": 0.0, "tp_r": 3}
s02_gross|IS|{"commission": 0.0, "exit_time": 18.0, "sl_k": 0.25, "sl_ref": 1, "slip": 0.0, "tp_r": 3}
s02_gross|IS|{"commission": 0.0, "sl_k": 0.25, "sl_ref": 1, "slip": 0.0, "tp_r": 3}
s02_gross|IS|{"commission": 0.0, "exit_time": 21.0, "sl_k": 0.25, "sl_ref": 1, "slip": 0.0, "tp_r": 3}
s02_gross|IS|{"commission": 0.0, "exit_time": 14.0, "sl_k": 0.25, "sl_ref": 1, "slip": 0.0, "tp_r": 3, "trail_r": 0.5}
s02_gross|IS|{"commission": 0.0, "exit_time": 16.0, "sl_k": 0.25, "sl_ref": 1, "slip": 0.0, "tp_r": 3, "trail_r": 0.5}
s02_gross|IS|{"commission": 0.0, "exit_time": 18.0, "sl_k": 0.25, "sl_ref": 1, "slip": 0.0, "tp_r": 3, "trail_r": 0.5}
s02_gross|IS|{"commission": 0.0, "sl_k": 0.25, "sl_ref": 1, "slip": 0.0, "tp_r": 3, "trail_r": 0.5}
s02_gross|IS|{"commission": 0.0, "exit_time": 21.0, "sl_k": 0.25, "sl_ref": 1, "slip": 0.0, "tp_r": 3, "trail_r": 0.5}
s02_gross|IS|{"commission": 0.0, "exit_time": 14.0, "sl_k": 0.25, "sl_ref": 1, "slip": 0.0, "tp_r": 3, "trail_r": 1}
s02_gross|IS|{"commission": 0.0, "exit_time": 16.0, "sl_k": 0.25, "sl_ref": 1, "slip": 0.0, "tp_r": 3, "trail_r": 1}
s02_gross|IS|{"commission": 0.0, "exit_time": 18.0, "sl_k": 0.25, "sl_ref": 1, "slip": 0.0, "tp_r": 3, "trail_r": 1}
s02_gross|IS|{"commission": 0.0, "sl_k": 0.25, "sl_ref": 1, "slip": 0.0, "tp_r": 3, "trail_r": 1}
s02_gross|IS|{"commission": 0.0, "exit_time": 21.0, "sl_k": 0.25, "sl_ref": 1, "slip": 0.0, "tp_r": 3, "trail_r": 1}
s02_gross|IS|{"commission": 0.0, "exit_time": 14.0, "sl_k": 0.25, "sl_ref": 1, "slip": 0.0, "tp_r": 3, "trail_r": 1.5}
s02_gross|IS|{"commission": 0.0, "exit_time": 16.0, "sl_k": 0.25, "sl_ref": 1, "slip": 0.0, "tp_r": 3, "trail_r": 1.5}
s02_gross|IS|{"commission": 0.0, "exit_time": 18.0, "sl_k": 0.25, "sl_ref": 1, "slip": 0.0, "tp_r": 3, "trail_r": 1.5}
s02_gross|IS|{"commission": 0.0, "sl_k": 0.25, "sl_ref": 1, "slip": 0.0, "tp_r": 3, "trail_r": 1.5}
s02_gross|IS|{"commission": 0.0, "exit_time": 21.0, "sl_k": 0.25, "sl_ref": 1, "slip": 0.0, "tp_r": 3, "trail_r": 1.5}
s02_gross|IS|{"commission": 0.0, "exit_time": 14.0, "sl_k": 0.25, "sl_ref": 1, "slip": 0.0, "tp_r": 3, "trail_r": 2}
s02_gross|IS|{"commission": 0.0, "exit_time": 16.0, "sl_k": 0.25, "sl_ref": 1, "slip": 0.0, "tp_r": 3, "trail_r": 2}
s02_gross|IS|{"commission": 0.0, "exit_time": 18.0, "sl_k": 0.25, "sl_ref": 1, "slip": 0.0, "tp_r": 3, "trail_r": 2}
s02_gross|IS|{"commission": 0.0, "sl_k": 0.25, "sl_ref": 1, "slip": 0.0, "tp_r": 3, "trail_r": 2}
s02_gross|IS|{"commission": 0.0, "exit_time": 21.0, "sl_k": 0.25, "sl_ref": 1, "slip": 0.0, "tp_r": 3, "trail_r": 2}
s02_gross|IS|{"be_r": 0.5, "commission": 0.0, "exit_time": 14.0, "sl_k": 0.25, "sl_ref": 1, "slip": 0.0, "tp_r": 3}
s02_gross|IS|{"be_r": 0.5, "commission": 0.0, "exit_time": 16.0, "sl_k": 0.25, "sl_ref": 1, "slip": 0.0, "tp_r": 3}
s02_gross|IS|{"be_r": 0.5, "commission": 0.0, "exit_time": 18.0, "sl_k": 0.25, "sl_ref": 1, "slip": 0.0, "tp_r": 3}
s02_gross|IS|{"be_r": 0.5, "commission": 0.0, "sl_k": 0.25, "sl_ref": 1, "slip": 0.0, "tp_r": 3}
s02_gross|IS|{"be_r": 0.5, "commission": 0.0, "exit_time": 21.0, "sl_k": 0.25, "sl_ref": 1, "slip": 0.0, "tp_r": 3}
s02_gross|IS|{"be_r": 0.5, "commission": 0.0, "exit_time": 14.0, "sl_k": 0.25, "sl_ref": 1, "slip": 0.0, "tp_r": 3, "trail_r": 0.5}
s02_gross|IS|{"be_r": 0.5, "commission": 0.0, "exit_time": 16.0, "sl_k": 0.25, "sl_ref": 1, "slip": 0.0, "tp_r": 3, "trail_r": 0.5}
s02_gross|IS|{"be_r": 0.5, "commission": 0.0, "exit_time": 18.0, "sl_k": 0.25, "sl_ref": 1, "slip": 0.0, "tp_r": 3, "trail_r": 0.5}
s02_gross|IS|{"be_r": 0.5, "commission": 0.0, "sl_k": 0.25, "sl_ref": 1, "slip": 0.0, "tp_r": 3, "trail_r": 0.5}
s02_gross|IS|{"be_r": 0.5, "commission": 0.0, "exit_time": 21.0, "sl_k": 0.25, "sl_ref": 1, "slip": 0.0, "tp_r": 3, "trail_r": 0.5}
s02_gross|IS|{"be_r": 0.5, "commission": 0.0, "exit_time": 14.0, "sl_k": 0.25, "sl_ref": 1, "slip": 0.0, "tp_r": 3, "trail_r": 1}
s02_gross|IS|{"be_r": 0.5, "commission": 0.0, "exit_time": 16.0, "sl_k": 0.25, "sl_ref": 1, "slip": 0.0, "tp_r": 3, "trail_r": 1}
s02_gross|IS|{"be_r": 0.5, "commission": 0.0, "exit_time": 18.0, "sl_k": 0.25, "sl_ref": 1, "slip": 0.0, "tp_r": 3, "trail_r": 1}
s02_gross|IS|{"be_r": 0.5, "commission": 0.0, "sl_k": 0.25, "sl_ref": 1, "slip": 0.0, "tp_r": 3, "trail_r": 1}
s02_gross|IS|{"be_r": 0.5, "commission": 0.0, "exit_time": 21.0, "sl_k": 0.25, "sl_ref": 1, "slip": 0.0, "tp_r": 3, "trail_r": 1}
s02_gross|IS|{"be_r": 0.5, "commission": 0.0, "exit_time": 14.0, "sl_k": 0.25, "sl_ref": 1, "slip": 0.0, "tp_r": 3, "trail_r": 1.5}
s02_gross|IS|{"be_r": 0.5, "commission": 0.0, "exit_time": 16.0, "sl_k": 0.25, "sl_ref": 1, "slip": 0.0, "tp_r": 3, "trail_r": 1.5}
s02_gross|IS|{"be_r": 0.5, "commission": 0.0, "exit_time": 18.0, "sl_k": 0.25, "sl_ref": 1, "slip": 0.0, "tp_r": 3, "trail_r": 1.5}
s02_gross|IS|{"be_r": 0.5, "commission": 0.0, "sl_k": 0.25, "sl_ref": 1, "slip": 0.0, "tp_r": 3, "trail_r": 1.5}
s02_gross|IS|{"be_r": 0.5, "commission": 0.0, "exit_time": 21.0, "sl_k": 0.25, "sl_ref": 1, "slip": 0.0, "tp_r": 3, "trail_r": 1.5}
s02_gross|IS|{"be_r": 0.5, "commission": 0.0, "exit_time": 14.0, "sl_k": 0.25, "sl_ref": 1, "slip": 0.0, "tp_r": 3, "trail_r": 2}
s02_gross|IS|{"be_r": 0.5, "commission": 0.0, "exit_time": 16.0, "sl_k": 0.25, "sl_ref": 1, "slip": 0.0, "tp_r": 3, "trail_r": 2}
s02_gross|IS|{"be_r": 0.5, "commission": 0.0, "exit_time": 18.0, "sl_k": 0.25, "sl_ref": 1, "slip": 0.0, "tp_r": 3, "trail_r": 2}
s02_gross|IS|{"be_r": 0.5, "commission": 0.0, "sl_k": 0.25, "sl_ref": 1, "slip": 0.0, "tp_r": 3, "trail_r": 2}
s02_gross|IS|{"be_r": 0.5, "commission": 0.0, "exit_time": 21.0, "sl_k": 0.25, "sl_ref": 1, "slip": 0.0, "tp_r": 3, "trail_r": 2}
s02_gross|IS|{"be_r": 1, "commission": 0.0, "exit_time": 14.0, "sl_k": 0.25, "sl_ref": 1, "slip": 0.0, "tp_r": 3}
s02_gross|IS|{"be_r": 1, "commission": 0.0, "exit_time": 16.0, "sl_k": 0.25, "sl_ref": 1, "slip": 0.0, "tp_r": 3}
s02_gross|IS|{"be_r": 1, "commission": 0.0, "exit_time": 18.0, "sl_k": 0.25, "sl_ref": 1, "slip": 0.0, "tp_r": 3}
s02_gross|IS|{"be_r": 1, "commission": 0.0, "sl_k": 0.25, "sl_ref": 1, "slip": 0.0, "tp_r": 3}
s02_gross|IS|{"be_r": 1, "commission": 0.0, "exit_time": 21.0, "sl_k": 0.25, "sl_ref": 1, "slip": 0.0, "tp_r": 3}
s02_gross|IS|{"be_r": 1, "commission": 0.0, "exit_time": 14.0, "sl_k": 0.25, "sl_ref": 1, "slip": 0.0, "tp_r": 3, "trail_r": 0.5}
s02_gross|IS|{"be_r": 1, "commission": 0.0, "exit_time": 16.0, "sl_k": 0.25, "sl_ref": 1, "slip": 0.0, "tp_r": 3, "trail_r": 0.5}
s02_gross|IS|{"be_r": 1, "commission": 0.0, "exit_time": 18.0, "sl_k": 0.25, "sl_ref": 1, "slip": 0.0, "tp_r": 3, "trail_r": 0.5}
s02_gross|IS|{"be_r": 1, "commission": 0.0, "sl_k": 0.25, "sl_ref": 1, "slip": 0.0, "tp_r": 3, "trail_r": 0.5}
s02_gross|IS|{"be_r": 1, "commission": 0.0, "exit_time": 21.0, "sl_k": 0.25, "sl_ref": 1, "slip": 0.0, "tp_r": 3, "trail_r": 0.5}
s02_gross|IS|{"be_r": 1, "commission": 0.0, "exit_time": 14.0, "sl_k": 0.25, "sl_ref": 1, "slip": 0.0, "tp_r": 3, "trail_r": 1}
s02_gross|IS|{"be_r": 1, "commission": 0.0, "exit_time": 16.0, "sl_k": 0.25, "sl_ref": 1, "slip": 0.0, "tp_r": 3, "trail_r": 1}
s02_gross|IS|{"be_r": 1, "commission": 0.0, "exit_time": 18.0, "sl_k": 0.25, "sl_ref": 1, "slip": 0.0, "tp_r": 3, "trail_r": 1}
s02_gross|IS|{"be_r": 1, "commission": 0.0, "sl_k": 0.25, "sl_ref": 1, "slip": 0.0, "tp_r": 3, "trail_r": 1}
s02_gross|IS|{"be_r": 1, "commission": 0.0, "exit_time": 21.0, "sl_k": 0.25, "sl_ref": 1, "slip": 0.0, "tp_r": 3, "trail_r": 1}
s02_gross|IS|{"be_r": 1, "commission": 0.0, "exit_time": 14.0, "sl_k": 0.25, "sl_ref": 1, "slip": 0.0, "tp_r": 3, "trail_r": 1.5}
s02_gross|IS|{"be_r": 1, "commission": 0.0, "exit_time": 16.0, "sl_k": 0.25, "sl_ref": 1, "slip": 0.0, "tp_r": 3, "trail_r": 1.5}
s02_gross|IS|{"be_r": 1, "commission": 0.0, "exit_time": 18.0, "sl_k": 0.25, "sl_ref": 1, "slip": 0.0, "tp_r": 3, "trail_r": 1.5}
s02_gross|IS|{"be_r": 1, "commission": 0.0, "sl_k": 0.25, "sl_ref": 1, "slip": 0.0, "tp_r": 3, "trail_r": 1.5}
s02_gross|IS|{"be_r": 1, "commission": 0.0, "exit_time": 21.0, "sl_k": 0.25, "sl_ref": 1, "slip": 0.0, "tp_r": 3, "trail_r": 1.5}
s02_gross|IS|{"be_r": 1, "commission": 0.0, "exit_time": 14.0, "sl_k": 0.25, "sl_ref": 1, "slip": 0.0, "tp_r": 3, "trail_r": 2}
s02_gross|IS|{"be_r": 1, "commission": 0.0, "exit_time": 16.0, "sl_k": 0.25, "sl_ref": 1, "slip": 0.0, "tp_r": 3, "trail_r": 2}
s02_gross|IS|{"be_r": 1, "commission": 0.0, "exit_time": 18.0, "sl_k": 0.25, "sl_ref": 1, "slip": 0.0, "tp_r": 3, "trail_r": 2}
s02_gross|IS|{"be_r": 1, "commission": 0.0, "sl_k": 0.25, "sl_ref": 1, "slip": 0.0, "tp_r": 3, "trail_r": 2}
s02_gross|IS|{"be_r": 1, "commission": 0.0, "exit_time": 21.0, "sl_k": 0.25, "sl_ref": 1, "slip": 0.0, "tp_r": 3, "trail_r": 2}
s02_gross|IS|{"commission": 0.0, "exit_time": 14.0, "sl_k": 0.25, "sl_ref": 1, "slip": 0.0, "tp_r": 4}
s02_gross|IS|{"commission": 0.0, "exit_time": 16.0, "sl_k": 0.25, "sl_ref": 1, "slip": 0.0, "tp_r": 4}
s02_gross|IS|{"commission": 0.0, "exit_time": 18.0, "sl_k": 0.25, "sl_ref": 1, "slip": 0.0, "tp_r": 4}
s02_gross|IS|{"commission": 0.0, "sl_k": 0.25, "sl_ref": 1, "slip": 0.0, "tp_r": 4}
s02_gross|IS|{"commission": 0.0, "exit_time": 21.0, "sl_k": 0.25, "sl_ref": 1, "slip": 0.0, "tp_r": 4}
s02_gross|IS|{"commission": 0.0, "exit_time": 14.0, "sl_k": 0.25, "sl_ref": 1, "slip": 0.0, "tp_r": 4, "trail_r": 0.5}
s02_gross|IS|{"commission": 0.0, "exit_time": 16.0, "sl_k": 0.25, "sl_ref": 1, "slip": 0.0, "tp_r": 4, "trail_r": 0.5}
s02_gross|IS|{"commission": 0.0, "exit_time": 18.0, "sl_k": 0.25, "sl_ref": 1, "slip": 0.0, "tp_r": 4, "trail_r": 0.5}
s02_gross|IS|{"commission": 0.0, "sl_k": 0.25, "sl_ref": 1, "slip": 0.0, "tp_r": 4, "trail_r": 0.5}
s02_gross|IS|{"commission": 0.0, "exit_time": 21.0, "sl_k": 0.25, "sl_ref": 1, "slip": 0.0, "tp_r": 4, "trail_r": 0.5}
s02_gross|IS|{"commission": 0.0, "exit_time": 14.0, "sl_k": 0.25, "sl_ref": 1, "slip": 0.0, "tp_r": 4, "trail_r": 1}
s02_gross|IS|{"commission": 0.0, "exit_time": 16.0, "sl_k": 0.25, "sl_ref": 1, "slip": 0.0, "tp_r": 4, "trail_r": 1}
s02_gross|IS|{"commission": 0.0, "exit_time": 18.0, "sl_k": 0.25, "sl_ref": 1, "slip": 0.0, "tp_r": 4, "trail_r": 1}
s02_gross|IS|{"commission": 0.0, "sl_k": 0.25, "sl_ref": 1, "slip": 0.0, "tp_r": 4, "trail_r": 1}
s02_gross|IS|{"commission": 0.0, "exit_time": 21.0, "sl_k": 0.25, "sl_ref": 1, "slip": 0.0, "tp_r": 4, "trail_r": 1}
s02_gross|IS|{"commission": 0.0, "exit_time": 14.0, "sl_k": 0.25, "sl_ref": 1, "slip": 0.0, "tp_r": 4, "trail_r": 1.5}
s02_gross|IS|{"commission": 0.0, "exit_time": 16.0, "sl_k": 0.25, "sl_ref": 1, "slip": 0.0, "tp_r": 4, "trail_r": 1.5}
s02_gross|IS|{"commission": 0.0, "exit_time": 18.0, "sl_k": 0.25, "sl_ref": 1, "slip": 0.0, "tp_r": 4, "trail_r": 1.5}
s02_gross|IS|{"commission": 0.0, "sl_k": 0.25, "sl_ref": 1, "slip": 0.0, "tp_r": 4, "trail_r": 1.5}
s02_gross|IS|{"commission": 0.0, "exit_time": 21.0, "sl_k": 0.25, "sl_ref": 1, "slip": 0.0, "tp_r": 4, "trail_r": 1.5}
s02_gross|IS|{"commission": 0.0, "exit_time": 14.0, "sl_k": 0.25, "sl_ref": 1, "slip": 0.0, "tp_r": 4, "trail_r": 2}
s02_gross|IS|{"commission": 0.0, "exit_time": 16.0, "sl_k": 0.25, "sl_ref": 1, "slip": 0.0, "tp_r": 4, "trail_r": 2}
s02_gross|IS|{"commission": 0.0, "exit_time": 18.0, "sl_k": 0.25, "sl_ref": 1, "slip": 0.0, "tp_r": 4, "trail_r": 2}
s02_gross|IS|{"commission": 0.0, "sl_k": 0.25, "sl_ref": 1, "slip": 0.0, "tp_r": 4, "trail_r": 2}
s02_gross|IS|{"commission": 0.0, "exit_time": 21.0, "sl_k": 0.25, "sl_ref": 1, "slip": 0.0, "tp_r": 4, "trail_r": 2}
s02_gross|IS|{"be_r": 0.5, "commission": 0.0, "exit_time": 14.0, "sl_k": 0.25, "sl_ref": 1, "slip": 0.0, "tp_r": 4}
s02_gross|IS|{"be_r": 0.5, "commission": 0.0, "exit_time": 16.0, "sl_k": 0.25, "sl_ref": 1, "slip": 0.0, "tp_r": 4}
s02_gross|IS|{"be_r": 0.5, "commission": 0.0, "exit_time": 18.0, "sl_k": 0.25, "sl_ref": 1, "slip": 0.0, "tp_r": 4}
s02_gross|IS|{"be_r": 0.5, "commission": 0.0, "sl_k": 0.25, "sl_ref": 1, "slip": 0.0, "tp_r": 4}
s02_gross|IS|{"be_r": 0.5, "commission": 0.0, "exit_time": 21.0, "sl_k": 0.25, "sl_ref": 1, "slip": 0.0, "tp_r": 4}
s02_gross|IS|{"be_r": 0.5, "commission": 0.0, "exit_time": 14.0, "sl_k": 0.25, "sl_ref": 1, "slip": 0.0, "tp_r": 4, "trail_r": 0.5}
s02_gross|IS|{"be_r": 0.5, "commission": 0.0, "exit_time": 16.0, "sl_k": 0.25, "sl_ref": 1, "slip": 0.0, "tp_r": 4, "trail_r": 0.5}
s02_gross|IS|{"be_r": 0.5, "commission": 0.0, "exit_time": 18.0, "sl_k": 0.25, "sl_ref": 1, "slip": 0.0, "tp_r": 4, "trail_r": 0.5}
s02_gross|IS|{"be_r": 0.5, "commission": 0.0, "sl_k": 0.25, "sl_ref": 1, "slip": 0.0, "tp_r": 4, "trail_r": 0.5}
s02_gross|IS|{"be_r": 0.5, "commission": 0.0, "exit_time": 21.0, "sl_k": 0.25, "sl_ref": 1, "slip": 0.0, "tp_r": 4, "trail_r": 0.5}
s02_gross|IS|{"be_r": 0.5, "commission": 0.0, "exit_time": 14.0, "sl_k": 0.25, "sl_ref": 1, "slip": 0.0, "tp_r": 4, "trail_r": 1}
s02_gross|IS|{"be_r": 0.5, "commission": 0.0, "exit_time": 16.0, "sl_k": 0.25, "sl_ref": 1, "slip": 0.0, "tp_r": 4, "trail_r": 1}
s02_gross|IS|{"be_r": 0.5, "commission": 0.0, "exit_time": 18.0, "sl_k": 0.25, "sl_ref": 1, "slip": 0.0, "tp_r": 4, "trail_r": 1}
s02_gross|IS|{"be_r": 0.5, "commission": 0.0, "sl_k": 0.25, "sl_ref": 1, "slip": 0.0, "tp_r": 4, "trail_r": 1}
s02_gross|IS|{"be_r": 0.5, "commission": 0.0, "exit_time": 21.0, "sl_k": 0.25, "sl_ref": 1, "slip": 0.0, "tp_r": 4, "trail_r": 1}
s02_gross|IS|{"be_r": 0.5, "commission": 0.0, "exit_time": 14.0, "sl_k": 0.25, "sl_ref": 1, "slip": 0.0, "tp_r": 4, "trail_r": 1.5}
s02_gross|IS|{"be_r": 0.5, "commission": 0.0, "exit_time": 16.0, "sl_k": 0.25, "sl_ref": 1, "slip": 0.0, "tp_r": 4, "trail_r": 1.5}
s02_gross|IS|{"be_r": 0.5, "commission": 0.0, "exit_time": 18.0, "sl_k": 0.25, "sl_ref": 1, "slip": 0.0, "tp_r": 4, "trail_r": 1.5}
s02_gross|IS|{"be_r": 0.5, "commission": 0.0, "sl_k": 0.25, "sl_ref": 1, "slip": 0.0, "tp_r": 4, "trail_r": 1.5}
s02_gross|IS|{"be_r": 0.5, "commission": 0.0, "exit_time": 21.0, "sl_k": 0.25, "sl_ref": 1, "slip": 0.0, "tp_r": 4, "trail_r": 1.5}
s02_gross|IS|{"be_r": 0.5, "commission": 0.0, "exit_time": 14.0, "sl_k": 0.25, "sl_ref": 1, "slip": 0.0, "tp_r": 4, "trail_r": 2}
s02_gross|IS|{"be_r": 0.5, "commission": 0.0, "exit_time": 16.0, "sl_k": 0.25, "sl_ref": 1, "slip": 0.0, "tp_r": 4, "trail_r": 2}
s02_gross|IS|{"be_r": 0.5, "commission": 0.0, "exit_time": 18.0, "sl_k": 0.25, "sl_ref": 1, "slip": 0.0, "tp_r": 4, "trail_r": 2}
s02_gross|IS|{"be_r": 0.5, "commission": 0.0, "sl_k": 0.25, "sl_ref": 1, "slip": 0.0, "tp_r": 4, "trail_r": 2}
s02_gross|IS|{"be_r": 0.5, "commission": 0.0, "exit_time": 21.0, "sl_k": 0.25, "sl_ref": 1, "slip": 0.0, "tp_r": 4, "trail_r": 2}
s02_gross|IS|{"be_r": 1, "commission": 0.0, "exit_time": 14.0, "sl_k": 0.25, "sl_ref": 1, "slip": 0.0, "tp_r": 4}
s02_gross|IS|{"be_r": 1, "commission": 0.0, "exit_time": 16.0, "sl_k": 0.25, "sl_ref": 1, "slip": 0.0, "tp_r": 4}
s02_gross|IS|{"be_r": 1, "commission": 0.0, "exit_time": 18.0, "sl_k": 0.25, "sl_ref": 1, "slip": 0.0, "tp_r": 4}
s02_gross|IS|{"be_r": 1, "commission": 0.0, "sl_k": 0.25, "sl_ref": 1, "slip": 0.0, "tp_r": 4}
s02_gross|IS|{"be_r": 1, "commission": 0.0, "exit_time": 21.0, "sl_k": 0.25, "sl_ref": 1, "slip": 0.0, "tp_r": 4}
s02_gross|IS|{"be_r": 1, "commission": 0.0, "exit_time": 14.0, "sl_k": 0.25, "sl_ref": 1, "slip": 0.0, "tp_r": 4, "trail_r": 0.5}
s02_gross|IS|{"be_r": 1, "commission": 0.0, "exit_time": 16.0, "sl_k": 0.25, "sl_ref": 1, "slip": 0.0, "tp_r": 4, "trail_r": 0.5}
s02_gross|IS|{"be_r": 1, "commission": 0.0, "exit_time": 18.0, "sl_k": 0.25, "sl_ref": 1, "slip": 0.0, "tp_r": 4, "trail_r": 0.5}
s02_gross|IS|{"be_r": 1, "commission": 0.0, "sl_k": 0.25, "sl_ref": 1, "slip": 0.0, "tp_r": 4, "trail_r": 0.5}
s02_gross|IS|{"be_r": 1, "commission": 0.0, "exit_time": 21.0, "sl_k": 0.25, "sl_ref": 1, "slip": 0.0, "tp_r": 4, "trail_r": 0.5}
s02_gross|IS|{"be_r": 1, "commission": 0.0, "exit_time": 14.0, "sl_k": 0.25, "sl_ref": 1, "slip": 0.0, "tp_r": 4, "trail_r": 1}
s02_gross|IS|{"be_r": 1, "commission": 0.0, "exit_time": 16.0, "sl_k": 0.25, "sl_ref": 1, "slip": 0.0, "tp_r": 4, "trail_r": 1}
s02_gross|IS|{"be_r": 1, "commission": 0.0, "exit_time": 18.0, "sl_k": 0.25, "sl_ref": 1, "slip": 0.0, "tp_r": 4, "trail_r": 1}
s02_gross|IS|{"be_r": 1, "commission": 0.0, "sl_k": 0.25, "sl_ref": 1, "slip": 0.0, "tp_r": 4, "trail_r": 1}
s02_gross|IS|{"be_r": 1, "commission": 0.0, "exit_time": 21.0, "sl_k": 0.25, "sl_ref": 1, "slip": 0.0, "tp_r": 4, "trail_r": 1}
s02_gross|IS|{"be_r": 1, "commission": 0.0, "exit_time": 14.0, "sl_k": 0.25, "sl_ref": 1, "slip": 0.0, "tp_r": 4, "trail_r": 1.5}
s02_gross|IS|{"be_r": 1, "commission": 0.0, "exit_time": 16.0, "sl_k": 0.25, "sl_ref": 1, "slip": 0.0, "tp_r": 4, "trail_r": 1.5}
s02_gross|IS|{"be_r": 1, "commission": 0.0, "exit_time": 18.0, "sl_k": 0.25, "sl_ref": 1, "slip": 0.0, "tp_r": 4, "trail_r": 1.5}
s02_gross|IS|{"be_r": 1, "commission": 0.0, "sl_k": 0.25, "sl_ref": 1, "slip": 0.0, "tp_r": 4, "trail_r": 1.5}
s02_gross|IS|{"be_r": 1, "commission": 0.0, "exit_time": 21.0, "sl_k": 0.25, "sl_ref": 1, "slip": 0.0, "tp_r": 4, "trail_r": 1.5}
s02_gross|IS|{"be_r": 1, "commission": 0.0, "exit_time": 14.0, "sl_k": 0.25, "sl_ref": 1, "slip": 0.0, "tp_r": 4, "trail_r": 2}
s02_gross|IS|{"be_r": 1, "commission": 0.0, "exit_time": 16.0, "sl_k": 0.25, "sl_ref": 1, "slip": 0.0, "tp_r": 4, "trail_r": 2}
s02_gross|IS|{"be_r": 1, "commission": 0.0, "exit_time": 18.0, "sl_k": 0.25, "sl_ref": 1, "slip": 0.0, "tp_r": 4, "trail_r": 2}
s02_gross|IS|{"be_r": 1, "commission": 0.0, "sl_k": 0.25, "sl_ref": 1, "slip": 0.0, "tp_r": 4, "trail_r": 2}
s02_gross|IS|{"be_r": 1, "commission": 0.0, "exit_time": 21.0, "sl_k": 0.25, "sl_ref": 1, "slip": 0.0, "tp_r": 4, "trail_r": 2}
s02_gross|IS|{"commission": 0.0, "exit_time": 14.0, "sl_k": 0.35, "sl_ref": 1, "slip": 0.0}
s02_gross|IS|{"commission": 0.0, "exit_time": 16.0, "sl_k": 0.35, "sl_ref": 1, "slip": 0.0}
s02_gross|IS|{"commission": 0.0, "exit_time": 18.0, "sl_k": 0.35, "sl_ref": 1, "slip": 0.0}
s02_gross|IS|{"commission": 0.0, "sl_k": 0.35, "sl_ref": 1, "slip": 0.0}
s02_gross|IS|{"commission": 0.0, "exit_time": 21.0, "sl_k": 0.35, "sl_ref": 1, "slip": 0.0}
s02_gross|IS|{"commission": 0.0, "exit_time": 14.0, "sl_k": 0.35, "sl_ref": 1, "slip": 0.0, "trail_r": 0.5}
s02_gross|IS|{"commission": 0.0, "exit_time": 16.0, "sl_k": 0.35, "sl_ref": 1, "slip": 0.0, "trail_r": 0.5}
s02_gross|IS|{"commission": 0.0, "exit_time": 18.0, "sl_k": 0.35, "sl_ref": 1, "slip": 0.0, "trail_r": 0.5}
s02_gross|IS|{"commission": 0.0, "sl_k": 0.35, "sl_ref": 1, "slip": 0.0, "trail_r": 0.5}
s02_gross|IS|{"commission": 0.0, "exit_time": 21.0, "sl_k": 0.35, "sl_ref": 1, "slip": 0.0, "trail_r": 0.5}
s02_gross|IS|{"commission": 0.0, "exit_time": 14.0, "sl_k": 0.35, "sl_ref": 1, "slip": 0.0, "trail_r": 1}
s02_gross|IS|{"commission": 0.0, "exit_time": 16.0, "sl_k": 0.35, "sl_ref": 1, "slip": 0.0, "trail_r": 1}
s02_gross|IS|{"commission": 0.0, "exit_time": 18.0, "sl_k": 0.35, "sl_ref": 1, "slip": 0.0, "trail_r": 1}
s02_gross|IS|{"commission": 0.0, "sl_k": 0.35, "sl_ref": 1, "slip": 0.0, "trail_r": 1}
s02_gross|IS|{"commission": 0.0, "exit_time": 21.0, "sl_k": 0.35, "sl_ref": 1, "slip": 0.0, "trail_r": 1}
s02_gross|IS|{"commission": 0.0, "exit_time": 14.0, "sl_k": 0.35, "sl_ref": 1, "slip": 0.0, "trail_r": 1.5}
s02_gross|IS|{"commission": 0.0, "exit_time": 16.0, "sl_k": 0.35, "sl_ref": 1, "slip": 0.0, "trail_r": 1.5}
s02_gross|IS|{"commission": 0.0, "exit_time": 18.0, "sl_k": 0.35, "sl_ref": 1, "slip": 0.0, "trail_r": 1.5}
s02_gross|IS|{"commission": 0.0, "sl_k": 0.35, "sl_ref": 1, "slip": 0.0, "trail_r": 1.5}
s02_gross|IS|{"commission": 0.0, "exit_time": 21.0, "sl_k": 0.35, "sl_ref": 1, "slip": 0.0, "trail_r": 1.5}
s02_gross|IS|{"commission": 0.0, "exit_time": 14.0, "sl_k": 0.35, "sl_ref": 1, "slip": 0.0, "trail_r": 2}
s02_gross|IS|{"commission": 0.0, "exit_time": 16.0, "sl_k": 0.35, "sl_ref": 1, "slip": 0.0, "trail_r": 2}
s02_gross|IS|{"commission": 0.0, "exit_time": 18.0, "sl_k": 0.35, "sl_ref": 1, "slip": 0.0, "trail_r": 2}
s02_gross|IS|{"commission": 0.0, "sl_k": 0.35, "sl_ref": 1, "slip": 0.0, "trail_r": 2}
s02_gross|IS|{"commission": 0.0, "exit_time": 21.0, "sl_k": 0.35, "sl_ref": 1, "slip": 0.0, "trail_r": 2}
s02_gross|IS|{"be_r": 0.5, "commission": 0.0, "exit_time": 14.0, "sl_k": 0.35, "sl_ref": 1, "slip": 0.0}
s02_gross|IS|{"be_r": 0.5, "commission": 0.0, "exit_time": 16.0, "sl_k": 0.35, "sl_ref": 1, "slip": 0.0}
s02_gross|IS|{"be_r": 0.5, "commission": 0.0, "exit_time": 18.0, "sl_k": 0.35, "sl_ref": 1, "slip": 0.0}
s02_gross|IS|{"be_r": 0.5, "commission": 0.0, "sl_k": 0.35, "sl_ref": 1, "slip": 0.0}
s02_gross|IS|{"be_r": 0.5, "commission": 0.0, "exit_time": 21.0, "sl_k": 0.35, "sl_ref": 1, "slip": 0.0}
s02_gross|IS|{"be_r": 0.5, "commission": 0.0, "exit_time": 14.0, "sl_k": 0.35, "sl_ref": 1, "slip": 0.0, "trail_r": 0.5}
s02_gross|IS|{"be_r": 0.5, "commission": 0.0, "exit_time": 16.0, "sl_k": 0.35, "sl_ref": 1, "slip": 0.0, "trail_r": 0.5}
s02_gross|IS|{"be_r": 0.5, "commission": 0.0, "exit_time": 18.0, "sl_k": 0.35, "sl_ref": 1, "slip": 0.0, "trail_r": 0.5}
s02_gross|IS|{"be_r": 0.5, "commission": 0.0, "sl_k": 0.35, "sl_ref": 1, "slip": 0.0, "trail_r": 0.5}
s02_gross|IS|{"be_r": 0.5, "commission": 0.0, "exit_time": 21.0, "sl_k": 0.35, "sl_ref": 1, "slip": 0.0, "trail_r": 0.5}
s02_gross|IS|{"be_r": 0.5, "commission": 0.0, "exit_time": 14.0, "sl_k": 0.35, "sl_ref": 1, "slip": 0.0, "trail_r": 1}
s02_gross|IS|{"be_r": 0.5, "commission": 0.0, "exit_time": 16.0, "sl_k": 0.35, "sl_ref": 1, "slip": 0.0, "trail_r": 1}
s02_gross|IS|{"be_r": 0.5, "commission": 0.0, "exit_time": 18.0, "sl_k": 0.35, "sl_ref": 1, "slip": 0.0, "trail_r": 1}
s02_gross|IS|{"be_r": 0.5, "commission": 0.0, "sl_k": 0.35, "sl_ref": 1, "slip": 0.0, "trail_r": 1}
s02_gross|IS|{"be_r": 0.5, "commission": 0.0, "exit_time": 21.0, "sl_k": 0.35, "sl_ref": 1, "slip": 0.0, "trail_r": 1}
s02_gross|IS|{"be_r": 0.5, "commission": 0.0, "exit_time": 14.0, "sl_k": 0.35, "sl_ref": 1, "slip": 0.0, "trail_r": 1.5}
s02_gross|IS|{"be_r": 0.5, "commission": 0.0, "exit_time": 16.0, "sl_k": 0.35, "sl_ref": 1, "slip": 0.0, "trail_r": 1.5}
s02_gross|IS|{"be_r": 0.5, "commission": 0.0, "exit_time": 18.0, "sl_k": 0.35, "sl_ref": 1, "slip": 0.0, "trail_r": 1.5}
s02_gross|IS|{"be_r": 0.5, "commission": 0.0, "sl_k": 0.35, "sl_ref": 1, "slip": 0.0, "trail_r": 1.5}
s02_gross|IS|{"be_r": 0.5, "commission": 0.0, "exit_time": 21.0, "sl_k": 0.35, "sl_ref": 1, "slip": 0.0, "trail_r": 1.5}
s02_gross|IS|{"be_r": 0.5, "commission": 0.0, "exit_time": 14.0, "sl_k": 0.35, "sl_ref": 1, "slip": 0.0, "trail_r": 2}
s02_gross|IS|{"be_r": 0.5, "commission": 0.0, "exit_time": 16.0, "sl_k": 0.35, "sl_ref": 1, "slip": 0.0, "trail_r": 2}
s02_gross|IS|{"be_r": 0.5, "commission": 0.0, "exit_time": 18.0, "sl_k": 0.35, "sl_ref": 1, "slip": 0.0, "trail_r": 2}
s02_gross|IS|{"be_r": 0.5, "commission": 0.0, "sl_k": 0.35, "sl_ref": 1, "slip": 0.0, "trail_r": 2}
s02_gross|IS|{"be_r": 0.5, "commission": 0.0, "exit_time": 21.0, "sl_k": 0.35, "sl_ref": 1, "slip": 0.0, "trail_r": 2}
s02_gross|IS|{"be_r": 1, "commission": 0.0, "exit_time": 14.0, "sl_k": 0.35, "sl_ref": 1, "slip": 0.0}
s02_gross|IS|{"be_r": 1, "commission": 0.0, "exit_time": 16.0, "sl_k": 0.35, "sl_ref": 1, "slip": 0.0}
s02_gross|IS|{"be_r": 1, "commission": 0.0, "exit_time": 18.0, "sl_k": 0.35, "sl_ref": 1, "slip": 0.0}
s02_gross|IS|{"be_r": 1, "commission": 0.0, "sl_k": 0.35, "sl_ref": 1, "slip": 0.0}
s02_gross|IS|{"be_r": 1, "commission": 0.0, "exit_time": 21.0, "sl_k": 0.35, "sl_ref": 1, "slip": 0.0}
s02_gross|IS|{"be_r": 1, "commission": 0.0, "exit_time": 14.0, "sl_k": 0.35, "sl_ref": 1, "slip": 0.0, "trail_r": 0.5}
s02_gross|IS|{"be_r": 1, "commission": 0.0, "exit_time": 16.0, "sl_k": 0.35, "sl_ref": 1, "slip": 0.0, "trail_r": 0.5}
s02_gross|IS|{"be_r": 1, "commission": 0.0, "exit_time": 18.0, "sl_k": 0.35, "sl_ref": 1, "slip": 0.0, "trail_r": 0.5}
s02_gross|IS|{"be_r": 1, "commission": 0.0, "sl_k": 0.35, "sl_ref": 1, "slip": 0.0, "trail_r": 0.5}
s02_gross|IS|{"be_r": 1, "commission": 0.0, "exit_time": 21.0, "sl_k": 0.35, "sl_ref": 1, "slip": 0.0, "trail_r": 0.5}
s02_gross|IS|{"be_r": 1, "commission": 0.0, "exit_time": 14.0, "sl_k": 0.35, "sl_ref": 1, "slip": 0.0, "trail_r": 1}
s02_gross|IS|{"be_r": 1, "commission": 0.0, "exit_time": 16.0, "sl_k": 0.35, "sl_ref": 1, "slip": 0.0, "trail_r": 1}
s02_gross|IS|{"be_r": 1, "commission": 0.0, "exit_time": 18.0, "sl_k": 0.35, "sl_ref": 1, "slip": 0.0, "trail_r": 1}
s02_gross|IS|{"be_r": 1, "commission": 0.0, "sl_k": 0.35, "sl_ref": 1, "slip": 0.0, "trail_r": 1}
s02_gross|IS|{"be_r": 1, "commission": 0.0, "exit_time": 21.0, "sl_k": 0.35, "sl_ref": 1, "slip": 0.0, "trail_r": 1}
s02_gross|IS|{"be_r": 1, "commission": 0.0, "exit_time": 14.0, "sl_k": 0.35, "sl_ref": 1, "slip": 0.0, "trail_r": 1.5}
s02_gross|IS|{"be_r": 1, "commission": 0.0, "exit_time": 16.0, "sl_k": 0.35, "sl_ref": 1, "slip": 0.0, "trail_r": 1.5}
s02_gross|IS|{"be_r": 1, "commission": 0.0, "exit_time": 18.0, "sl_k": 0.35, "sl_ref": 1, "slip": 0.0, "trail_r": 1.5}
s02_gross|IS|{"be_r": 1, "commission": 0.0, "sl_k": 0.35, "sl_ref": 1, "slip": 0.0, "trail_r": 1.5}
s02_gross|IS|{"be_r": 1, "commission": 0.0, "exit_time": 21.0, "sl_k": 0.35, "sl_ref": 1, "slip": 0.0, "trail_r": 1.5}
s02_gross|IS|{"be_r": 1, "commission": 0.0, "exit_time": 14.0, "sl_k": 0.35, "sl_ref": 1, "slip": 0.0, "trail_r": 2}
s02_gross|IS|{"be_r": 1, "commission": 0.0, "exit_time": 16.0, "sl_k": 0.35, "sl_ref": 1, "slip": 0.0, "trail_r": 2}
s02_gross|IS|{"be_r": 1, "commission": 0.0, "exit_time": 18.0, "sl_k": 0.35, "sl_ref": 1, "slip": 0.0, "trail_r": 2}
s02_gross|IS|{"be_r": 1, "commission": 0.0, "sl_k": 0.35, "sl_ref": 1, "slip": 0.0, "trail_r": 2}
s02_gross|IS|{"be_r": 1, "commission": 0.0, "exit_time": 21.0, "sl_k": 0.35, "sl_ref": 1, "slip": 0.0, "trail_r": 2}
s02_gross|IS|{"commission": 0.0, "exit_time": 14.0, "sl_k": 0.35, "sl_ref": 1, "slip": 0.0, "tp_r": 1}
s02_gross|IS|{"commission": 0.0, "exit_time": 16.0, "sl_k": 0.35, "sl_ref": 1, "slip": 0.0, "tp_r": 1}
s02_gross|IS|{"commission": 0.0, "exit_time": 18.0, "sl_k": 0.35, "sl_ref": 1, "slip": 0.0, "tp_r": 1}
s02_gross|IS|{"commission": 0.0, "sl_k": 0.35, "sl_ref": 1, "slip": 0.0, "tp_r": 1}
s02_gross|IS|{"commission": 0.0, "exit_time": 21.0, "sl_k": 0.35, "sl_ref": 1, "slip": 0.0, "tp_r": 1}
s02_gross|IS|{"commission": 0.0, "exit_time": 14.0, "sl_k": 0.35, "sl_ref": 1, "slip": 0.0, "tp_r": 1, "trail_r": 0.5}
s02_gross|IS|{"commission": 0.0, "exit_time": 16.0, "sl_k": 0.35, "sl_ref": 1, "slip": 0.0, "tp_r": 1, "trail_r": 0.5}
s02_gross|IS|{"commission": 0.0, "exit_time": 18.0, "sl_k": 0.35, "sl_ref": 1, "slip": 0.0, "tp_r": 1, "trail_r": 0.5}
s02_gross|IS|{"commission": 0.0, "sl_k": 0.35, "sl_ref": 1, "slip": 0.0, "tp_r": 1, "trail_r": 0.5}
s02_gross|IS|{"commission": 0.0, "exit_time": 21.0, "sl_k": 0.35, "sl_ref": 1, "slip": 0.0, "tp_r": 1, "trail_r": 0.5}
s02_gross|IS|{"commission": 0.0, "exit_time": 14.0, "sl_k": 0.35, "sl_ref": 1, "slip": 0.0, "tp_r": 1, "trail_r": 1}
s02_gross|IS|{"commission": 0.0, "exit_time": 16.0, "sl_k": 0.35, "sl_ref": 1, "slip": 0.0, "tp_r": 1, "trail_r": 1}
s02_gross|IS|{"commission": 0.0, "exit_time": 18.0, "sl_k": 0.35, "sl_ref": 1, "slip": 0.0, "tp_r": 1, "trail_r": 1}
s02_gross|IS|{"commission": 0.0, "sl_k": 0.35, "sl_ref": 1, "slip": 0.0, "tp_r": 1, "trail_r": 1}
s02_gross|IS|{"commission": 0.0, "exit_time": 21.0, "sl_k": 0.35, "sl_ref": 1, "slip": 0.0, "tp_r": 1, "trail_r": 1}
s02_gross|IS|{"commission": 0.0, "exit_time": 14.0, "sl_k": 0.35, "sl_ref": 1, "slip": 0.0, "tp_r": 1, "trail_r": 1.5}
s02_gross|IS|{"commission": 0.0, "exit_time": 16.0, "sl_k": 0.35, "sl_ref": 1, "slip": 0.0, "tp_r": 1, "trail_r": 1.5}
s02_gross|IS|{"commission": 0.0, "exit_time": 18.0, "sl_k": 0.35, "sl_ref": 1, "slip": 0.0, "tp_r": 1, "trail_r": 1.5}
s02_gross|IS|{"commission": 0.0, "sl_k": 0.35, "sl_ref": 1, "slip": 0.0, "tp_r": 1, "trail_r": 1.5}
s02_gross|IS|{"commission": 0.0, "exit_time": 21.0, "sl_k": 0.35, "sl_ref": 1, "slip": 0.0, "tp_r": 1, "trail_r": 1.5}
s02_gross|IS|{"commission": 0.0, "exit_time": 14.0, "sl_k": 0.35, "sl_ref": 1, "slip": 0.0, "tp_r": 1, "trail_r": 2}
s02_gross|IS|{"commission": 0.0, "exit_time": 16.0, "sl_k": 0.35, "sl_ref": 1, "slip": 0.0, "tp_r": 1, "trail_r": 2}
s02_gross|IS|{"commission": 0.0, "exit_time": 18.0, "sl_k": 0.35, "sl_ref": 1, "slip": 0.0, "tp_r": 1, "trail_r": 2}
s02_gross|IS|{"commission": 0.0, "sl_k": 0.35, "sl_ref": 1, "slip": 0.0, "tp_r": 1, "trail_r": 2}
s02_gross|IS|{"commission": 0.0, "exit_time": 21.0, "sl_k": 0.35, "sl_ref": 1, "slip": 0.0, "tp_r": 1, "trail_r": 2}
s02_gross|IS|{"be_r": 0.5, "commission": 0.0, "exit_time": 14.0, "sl_k": 0.35, "sl_ref": 1, "slip": 0.0, "tp_r": 1}
s02_gross|IS|{"be_r": 0.5, "commission": 0.0, "exit_time": 16.0, "sl_k": 0.35, "sl_ref": 1, "slip": 0.0, "tp_r": 1}
s02_gross|IS|{"be_r": 0.5, "commission": 0.0, "exit_time": 18.0, "sl_k": 0.35, "sl_ref": 1, "slip": 0.0, "tp_r": 1}
s02_gross|IS|{"be_r": 0.5, "commission": 0.0, "sl_k": 0.35, "sl_ref": 1, "slip": 0.0, "tp_r": 1}
s02_gross|IS|{"be_r": 0.5, "commission": 0.0, "exit_time": 21.0, "sl_k": 0.35, "sl_ref": 1, "slip": 0.0, "tp_r": 1}
s02_gross|IS|{"be_r": 0.5, "commission": 0.0, "exit_time": 14.0, "sl_k": 0.35, "sl_ref": 1, "slip": 0.0, "tp_r": 1, "trail_r": 0.5}
s02_gross|IS|{"be_r": 0.5, "commission": 0.0, "exit_time": 16.0, "sl_k": 0.35, "sl_ref": 1, "slip": 0.0, "tp_r": 1, "trail_r": 0.5}
s02_gross|IS|{"be_r": 0.5, "commission": 0.0, "exit_time": 18.0, "sl_k": 0.35, "sl_ref": 1, "slip": 0.0, "tp_r": 1, "trail_r": 0.5}
s02_gross|IS|{"be_r": 0.5, "commission": 0.0, "sl_k": 0.35, "sl_ref": 1, "slip": 0.0, "tp_r": 1, "trail_r": 0.5}
s02_gross|IS|{"be_r": 0.5, "commission": 0.0, "exit_time": 21.0, "sl_k": 0.35, "sl_ref": 1, "slip": 0.0, "tp_r": 1, "trail_r": 0.5}
s02_gross|IS|{"be_r": 0.5, "commission": 0.0, "exit_time": 14.0, "sl_k": 0.35, "sl_ref": 1, "slip": 0.0, "tp_r": 1, "trail_r": 1}
s02_gross|IS|{"be_r": 0.5, "commission": 0.0, "exit_time": 16.0, "sl_k": 0.35, "sl_ref": 1, "slip": 0.0, "tp_r": 1, "trail_r": 1}
s02_gross|IS|{"be_r": 0.5, "commission": 0.0, "exit_time": 18.0, "sl_k": 0.35, "sl_ref": 1, "slip": 0.0, "tp_r": 1, "trail_r": 1}
s02_gross|IS|{"be_r": 0.5, "commission": 0.0, "sl_k": 0.35, "sl_ref": 1, "slip": 0.0, "tp_r": 1, "trail_r": 1}
s02_gross|IS|{"be_r": 0.5, "commission": 0.0, "exit_time": 21.0, "sl_k": 0.35, "sl_ref": 1, "slip": 0.0, "tp_r": 1, "trail_r": 1}
s02_gross|IS|{"be_r": 0.5, "commission": 0.0, "exit_time": 14.0, "sl_k": 0.35, "sl_ref": 1, "slip": 0.0, "tp_r": 1, "trail_r": 1.5}
s02_gross|IS|{"be_r": 0.5, "commission": 0.0, "exit_time": 16.0, "sl_k": 0.35, "sl_ref": 1, "slip": 0.0, "tp_r": 1, "trail_r": 1.5}
s02_gross|IS|{"be_r": 0.5, "commission": 0.0, "exit_time": 18.0, "sl_k": 0.35, "sl_ref": 1, "slip": 0.0, "tp_r": 1, "trail_r": 1.5}
s02_gross|IS|{"be_r": 0.5, "commission": 0.0, "sl_k": 0.35, "sl_ref": 1, "slip": 0.0, "tp_r": 1, "trail_r": 1.5}
s02_gross|IS|{"be_r": 0.5, "commission": 0.0, "exit_time": 21.0, "sl_k": 0.35, "sl_ref": 1, "slip": 0.0, "tp_r": 1, "trail_r": 1.5}
s02_gross|IS|{"be_r": 0.5, "commission": 0.0, "exit_time": 14.0, "sl_k": 0.35, "sl_ref": 1, "slip": 0.0, "tp_r": 1, "trail_r": 2}
s02_gross|IS|{"be_r": 0.5, "commission": 0.0, "exit_time": 16.0, "sl_k": 0.35, "sl_ref": 1, "slip": 0.0, "tp_r": 1, "trail_r": 2}
s02_gross|IS|{"be_r": 0.5, "commission": 0.0, "exit_time": 18.0, "sl_k": 0.35, "sl_ref": 1, "slip": 0.0, "tp_r": 1, "trail_r": 2}
s02_gross|IS|{"be_r": 0.5, "commission": 0.0, "sl_k": 0.35, "sl_ref": 1, "slip": 0.0, "tp_r": 1, "trail_r": 2}
s02_gross|IS|{"be_r": 0.5, "commission": 0.0, "exit_time": 21.0, "sl_k": 0.35, "sl_ref": 1, "slip": 0.0, "tp_r": 1, "trail_r": 2}
s02_gross|IS|{"be_r": 1, "commission": 0.0, "exit_time": 14.0, "sl_k": 0.35, "sl_ref": 1, "slip": 0.0, "tp_r": 1}
s02_gross|IS|{"be_r": 1, "commission": 0.0, "exit_time": 16.0, "sl_k": 0.35, "sl_ref": 1, "slip": 0.0, "tp_r": 1}
s02_gross|IS|{"be_r": 1, "commission": 0.0, "exit_time": 18.0, "sl_k": 0.35, "sl_ref": 1, "slip": 0.0, "tp_r": 1}
s02_gross|IS|{"be_r": 1, "commission": 0.0, "sl_k": 0.35, "sl_ref": 1, "slip": 0.0, "tp_r": 1}
s02_gross|IS|{"be_r": 1, "commission": 0.0, "exit_time": 21.0, "sl_k": 0.35, "sl_ref": 1, "slip": 0.0, "tp_r": 1}
s02_gross|IS|{"be_r": 1, "commission": 0.0, "exit_time": 14.0, "sl_k": 0.35, "sl_ref": 1, "slip": 0.0, "tp_r": 1, "trail_r": 0.5}
s02_gross|IS|{"be_r": 1, "commission": 0.0, "exit_time": 16.0, "sl_k": 0.35, "sl_ref": 1, "slip": 0.0, "tp_r": 1, "trail_r": 0.5}
s02_gross|IS|{"be_r": 1, "commission": 0.0, "exit_time": 18.0, "sl_k": 0.35, "sl_ref": 1, "slip": 0.0, "tp_r": 1, "trail_r": 0.5}
s02_gross|IS|{"be_r": 1, "commission": 0.0, "sl_k": 0.35, "sl_ref": 1, "slip": 0.0, "tp_r": 1, "trail_r": 0.5}
s02_gross|IS|{"be_r": 1, "commission": 0.0, "exit_time": 21.0, "sl_k": 0.35, "sl_ref": 1, "slip": 0.0, "tp_r": 1, "trail_r": 0.5}
s02_gross|IS|{"be_r": 1, "commission": 0.0, "exit_time": 14.0, "sl_k": 0.35, "sl_ref": 1, "slip": 0.0, "tp_r": 1, "trail_r": 1}
s02_gross|IS|{"be_r": 1, "commission": 0.0, "exit_time": 16.0, "sl_k": 0.35, "sl_ref": 1, "slip": 0.0, "tp_r": 1, "trail_r": 1}
s02_gross|IS|{"be_r": 1, "commission": 0.0, "exit_time": 18.0, "sl_k": 0.35, "sl_ref": 1, "slip": 0.0, "tp_r": 1, "trail_r": 1}
s02_gross|IS|{"be_r": 1, "commission": 0.0, "sl_k": 0.35, "sl_ref": 1, "slip": 0.0, "tp_r": 1, "trail_r": 1}
s02_gross|IS|{"be_r": 1, "commission": 0.0, "exit_time": 21.0, "sl_k": 0.35, "sl_ref": 1, "slip": 0.0, "tp_r": 1, "trail_r": 1}
s02_gross|IS|{"be_r": 1, "commission": 0.0, "exit_time": 14.0, "sl_k": 0.35, "sl_ref": 1, "slip": 0.0, "tp_r": 1, "trail_r": 1.5}
s02_gross|IS|{"be_r": 1, "commission": 0.0, "exit_time": 16.0, "sl_k": 0.35, "sl_ref": 1, "slip": 0.0, "tp_r": 1, "trail_r": 1.5}
s02_gross|IS|{"be_r": 1, "commission": 0.0, "exit_time": 18.0, "sl_k": 0.35, "sl_ref": 1, "slip": 0.0, "tp_r": 1, "trail_r": 1.5}
s02_gross|IS|{"be_r": 1, "commission": 0.0, "sl_k": 0.35, "sl_ref": 1, "slip": 0.0, "tp_r": 1, "trail_r": 1.5}
s02_gross|IS|{"be_r": 1, "commission": 0.0, "exit_time": 21.0, "sl_k": 0.35, "sl_ref": 1, "slip": 0.0, "tp_r": 1, "trail_r": 1.5}
s02_gross|IS|{"be_r": 1, "commission": 0.0, "exit_time": 14.0, "sl_k": 0.35, "sl_ref": 1, "slip": 0.0, "tp_r": 1, "trail_r": 2}
s02_gross|IS|{"be_r": 1, "commission": 0.0, "exit_time": 16.0, "sl_k": 0.35, "sl_ref": 1, "slip": 0.0, "tp_r": 1, "trail_r": 2}
s02_gross|IS|{"be_r": 1, "commission": 0.0, "exit_time": 18.0, "sl_k": 0.35, "sl_ref": 1, "slip": 0.0, "tp_r": 1, "trail_r": 2}
s02_gross|IS|{"be_r": 1, "commission": 0.0, "sl_k": 0.35, "sl_ref": 1, "slip": 0.0, "tp_r": 1, "trail_r": 2}
s02_gross|IS|{"be_r": 1, "commission": 0.0, "exit_time": 21.0, "sl_k": 0.35, "sl_ref": 1, "slip": 0.0, "tp_r": 1, "trail_r": 2}
s02_gross|IS|{"commission": 0.0, "exit_time": 14.0, "sl_k": 0.35, "sl_ref": 1, "slip": 0.0, "tp_r": 1.5}
s02_gross|IS|{"commission": 0.0, "exit_time": 16.0, "sl_k": 0.35, "sl_ref": 1, "slip": 0.0, "tp_r": 1.5}
s02_gross|IS|{"commission": 0.0, "exit_time": 18.0, "sl_k": 0.35, "sl_ref": 1, "slip": 0.0, "tp_r": 1.5}
s02_gross|IS|{"commission": 0.0, "sl_k": 0.35, "sl_ref": 1, "slip": 0.0, "tp_r": 1.5}
s02_gross|IS|{"commission": 0.0, "exit_time": 21.0, "sl_k": 0.35, "sl_ref": 1, "slip": 0.0, "tp_r": 1.5}
s02_gross|IS|{"commission": 0.0, "exit_time": 14.0, "sl_k": 0.35, "sl_ref": 1, "slip": 0.0, "tp_r": 1.5, "trail_r": 0.5}
s02_gross|IS|{"commission": 0.0, "exit_time": 16.0, "sl_k": 0.35, "sl_ref": 1, "slip": 0.0, "tp_r": 1.5, "trail_r": 0.5}
s02_gross|IS|{"commission": 0.0, "exit_time": 18.0, "sl_k": 0.35, "sl_ref": 1, "slip": 0.0, "tp_r": 1.5, "trail_r": 0.5}
s02_gross|IS|{"commission": 0.0, "sl_k": 0.35, "sl_ref": 1, "slip": 0.0, "tp_r": 1.5, "trail_r": 0.5}
s02_gross|IS|{"commission": 0.0, "exit_time": 21.0, "sl_k": 0.35, "sl_ref": 1, "slip": 0.0, "tp_r": 1.5, "trail_r": 0.5}
s02_gross|IS|{"commission": 0.0, "exit_time": 14.0, "sl_k": 0.35, "sl_ref": 1, "slip": 0.0, "tp_r": 1.5, "trail_r": 1}
s02_gross|IS|{"commission": 0.0, "exit_time": 16.0, "sl_k": 0.35, "sl_ref": 1, "slip": 0.0, "tp_r": 1.5, "trail_r": 1}
s02_gross|IS|{"commission": 0.0, "exit_time": 18.0, "sl_k": 0.35, "sl_ref": 1, "slip": 0.0, "tp_r": 1.5, "trail_r": 1}
s02_gross|IS|{"commission": 0.0, "sl_k": 0.35, "sl_ref": 1, "slip": 0.0, "tp_r": 1.5, "trail_r": 1}
s02_gross|IS|{"commission": 0.0, "exit_time": 21.0, "sl_k": 0.35, "sl_ref": 1, "slip": 0.0, "tp_r": 1.5, "trail_r": 1}
s02_gross|IS|{"commission": 0.0, "exit_time": 14.0, "sl_k": 0.35, "sl_ref": 1, "slip": 0.0, "tp_r": 1.5, "trail_r": 1.5}
s02_gross|IS|{"commission": 0.0, "exit_time": 16.0, "sl_k": 0.35, "sl_ref": 1, "slip": 0.0, "tp_r": 1.5, "trail_r": 1.5}
s02_gross|IS|{"commission": 0.0, "exit_time": 18.0, "sl_k": 0.35, "sl_ref": 1, "slip": 0.0, "tp_r": 1.5, "trail_r": 1.5}
s02_gross|IS|{"commission": 0.0, "sl_k": 0.35, "sl_ref": 1, "slip": 0.0, "tp_r": 1.5, "trail_r": 1.5}
s02_gross|IS|{"commission": 0.0, "exit_time": 21.0, "sl_k": 0.35, "sl_ref": 1, "slip": 0.0, "tp_r": 1.5, "trail_r": 1.5}
s02_gross|IS|{"commission": 0.0, "exit_time": 14.0, "sl_k": 0.35, "sl_ref": 1, "slip": 0.0, "tp_r": 1.5, "trail_r": 2}
s02_gross|IS|{"commission": 0.0, "exit_time": 16.0, "sl_k": 0.35, "sl_ref": 1, "slip": 0.0, "tp_r": 1.5, "trail_r": 2}
s02_gross|IS|{"commission": 0.0, "exit_time": 18.0, "sl_k": 0.35, "sl_ref": 1, "slip": 0.0, "tp_r": 1.5, "trail_r": 2}
s02_gross|IS|{"commission": 0.0, "sl_k": 0.35, "sl_ref": 1, "slip": 0.0, "tp_r": 1.5, "trail_r": 2}
s02_gross|IS|{"commission": 0.0, "exit_time": 21.0, "sl_k": 0.35, "sl_ref": 1, "slip": 0.0, "tp_r": 1.5, "trail_r": 2}
s02_gross|IS|{"be_r": 0.5, "commission": 0.0, "exit_time": 14.0, "sl_k": 0.35, "sl_ref": 1, "slip": 0.0, "tp_r": 1.5}
s02_gross|IS|{"be_r": 0.5, "commission": 0.0, "exit_time": 16.0, "sl_k": 0.35, "sl_ref": 1, "slip": 0.0, "tp_r": 1.5}
s02_gross|IS|{"be_r": 0.5, "commission": 0.0, "exit_time": 18.0, "sl_k": 0.35, "sl_ref": 1, "slip": 0.0, "tp_r": 1.5}
s02_gross|IS|{"be_r": 0.5, "commission": 0.0, "sl_k": 0.35, "sl_ref": 1, "slip": 0.0, "tp_r": 1.5}
s02_gross|IS|{"be_r": 0.5, "commission": 0.0, "exit_time": 21.0, "sl_k": 0.35, "sl_ref": 1, "slip": 0.0, "tp_r": 1.5}
s02_gross|IS|{"be_r": 0.5, "commission": 0.0, "exit_time": 14.0, "sl_k": 0.35, "sl_ref": 1, "slip": 0.0, "tp_r": 1.5, "trail_r": 0.5}
s02_gross|IS|{"be_r": 0.5, "commission": 0.0, "exit_time": 16.0, "sl_k": 0.35, "sl_ref": 1, "slip": 0.0, "tp_r": 1.5, "trail_r": 0.5}
s02_gross|IS|{"be_r": 0.5, "commission": 0.0, "exit_time": 18.0, "sl_k": 0.35, "sl_ref": 1, "slip": 0.0, "tp_r": 1.5, "trail_r": 0.5}
s02_gross|IS|{"be_r": 0.5, "commission": 0.0, "sl_k": 0.35, "sl_ref": 1, "slip": 0.0, "tp_r": 1.5, "trail_r": 0.5}
s02_gross|IS|{"be_r": 0.5, "commission": 0.0, "exit_time": 21.0, "sl_k": 0.35, "sl_ref": 1, "slip": 0.0, "tp_r": 1.5, "trail_r": 0.5}
s02_gross|IS|{"be_r": 0.5, "commission": 0.0, "exit_time": 14.0, "sl_k": 0.35, "sl_ref": 1, "slip": 0.0, "tp_r": 1.5, "trail_r": 1}
s02_gross|IS|{"be_r": 0.5, "commission": 0.0, "exit_time": 16.0, "sl_k": 0.35, "sl_ref": 1, "slip": 0.0, "tp_r": 1.5, "trail_r": 1}
s02_gross|IS|{"be_r": 0.5, "commission": 0.0, "exit_time": 18.0, "sl_k": 0.35, "sl_ref": 1, "slip": 0.0, "tp_r": 1.5, "trail_r": 1}
s02_gross|IS|{"be_r": 0.5, "commission": 0.0, "sl_k": 0.35, "sl_ref": 1, "slip": 0.0, "tp_r": 1.5, "trail_r": 1}
s02_gross|IS|{"be_r": 0.5, "commission": 0.0, "exit_time": 21.0, "sl_k": 0.35, "sl_ref": 1, "slip": 0.0, "tp_r": 1.5, "trail_r": 1}
s02_gross|IS|{"be_r": 0.5, "commission": 0.0, "exit_time": 14.0, "sl_k": 0.35, "sl_ref": 1, "slip": 0.0, "tp_r": 1.5, "trail_r": 1.5}
s02_gross|IS|{"be_r": 0.5, "commission": 0.0, "exit_time": 16.0, "sl_k": 0.35, "sl_ref": 1, "slip": 0.0, "tp_r": 1.5, "trail_r": 1.5}
s02_gross|IS|{"be_r": 0.5, "commission": 0.0, "exit_time": 18.0, "sl_k": 0.35, "sl_ref": 1, "slip": 0.0, "tp_r": 1.5, "trail_r": 1.5}
s02_gross|IS|{"be_r": 0.5, "commission": 0.0, "sl_k": 0.35, "sl_ref": 1, "slip": 0.0, "tp_r": 1.5, "trail_r": 1.5}
s02_gross|IS|{"be_r": 0.5, "commission": 0.0, "exit_time": 21.0, "sl_k": 0.35, "sl_ref": 1, "slip": 0.0, "tp_r": 1.5, "trail_r": 1.5}
s02_gross|IS|{"be_r": 0.5, "commission": 0.0, "exit_time": 14.0, "sl_k": 0.35, "sl_ref": 1, "slip": 0.0, "tp_r": 1.5, "trail_r": 2}
s02_gross|IS|{"be_r": 0.5, "commission": 0.0, "exit_time": 16.0, "sl_k": 0.35, "sl_ref": 1, "slip": 0.0, "tp_r": 1.5, "trail_r": 2}
s02_gross|IS|{"be_r": 0.5, "commission": 0.0, "exit_time": 18.0, "sl_k": 0.35, "sl_ref": 1, "slip": 0.0, "tp_r": 1.5, "trail_r": 2}
s02_gross|IS|{"be_r": 0.5, "commission": 0.0, "sl_k": 0.35, "sl_ref": 1, "slip": 0.0, "tp_r": 1.5, "trail_r": 2}
s02_gross|IS|{"be_r": 0.5, "commission": 0.0, "exit_time": 21.0, "sl_k": 0.35, "sl_ref": 1, "slip": 0.0, "tp_r": 1.5, "trail_r": 2}
s02_gross|IS|{"be_r": 1, "commission": 0.0, "exit_time": 14.0, "sl_k": 0.35, "sl_ref": 1, "slip": 0.0, "tp_r": 1.5}
s02_gross|IS|{"be_r": 1, "commission": 0.0, "exit_time": 16.0, "sl_k": 0.35, "sl_ref": 1, "slip": 0.0, "tp_r": 1.5}
s02_gross|IS|{"be_r": 1, "commission": 0.0, "exit_time": 18.0, "sl_k": 0.35, "sl_ref": 1, "slip": 0.0, "tp_r": 1.5}
s02_gross|IS|{"be_r": 1, "commission": 0.0, "sl_k": 0.35, "sl_ref": 1, "slip": 0.0, "tp_r": 1.5}
s02_gross|IS|{"be_r": 1, "commission": 0.0, "exit_time": 21.0, "sl_k": 0.35, "sl_ref": 1, "slip": 0.0, "tp_r": 1.5}
s02_gross|IS|{"be_r": 1, "commission": 0.0, "exit_time": 14.0, "sl_k": 0.35, "sl_ref": 1, "slip": 0.0, "tp_r": 1.5, "trail_r": 0.5}
s02_gross|IS|{"be_r": 1, "commission": 0.0, "exit_time": 16.0, "sl_k": 0.35, "sl_ref": 1, "slip": 0.0, "tp_r": 1.5, "trail_r": 0.5}
s02_gross|IS|{"be_r": 1, "commission": 0.0, "exit_time": 18.0, "sl_k": 0.35, "sl_ref": 1, "slip": 0.0, "tp_r": 1.5, "trail_r": 0.5}
s02_gross|IS|{"be_r": 1, "commission": 0.0, "sl_k": 0.35, "sl_ref": 1, "slip": 0.0, "tp_r": 1.5, "trail_r": 0.5}
s02_gross|IS|{"be_r": 1, "commission": 0.0, "exit_time": 21.0, "sl_k": 0.35, "sl_ref": 1, "slip": 0.0, "tp_r": 1.5, "trail_r": 0.5}
s02_gross|IS|{"be_r": 1, "commission": 0.0, "exit_time": 14.0, "sl_k": 0.35, "sl_ref": 1, "slip": 0.0, "tp_r": 1.5, "trail_r": 1}
s02_gross|IS|{"be_r": 1, "commission": 0.0, "exit_time": 16.0, "sl_k": 0.35, "sl_ref": 1, "slip": 0.0, "tp_r": 1.5, "trail_r": 1}
s02_gross|IS|{"be_r": 1, "commission": 0.0, "exit_time": 18.0, "sl_k": 0.35, "sl_ref": 1, "slip": 0.0, "tp_r": 1.5, "trail_r": 1}
s02_gross|IS|{"be_r": 1, "commission": 0.0, "sl_k": 0.35, "sl_ref": 1, "slip": 0.0, "tp_r": 1.5, "trail_r": 1}
s02_gross|IS|{"be_r": 1, "commission": 0.0, "exit_time": 21.0, "sl_k": 0.35, "sl_ref": 1, "slip": 0.0, "tp_r": 1.5, "trail_r": 1}
s02_gross|IS|{"be_r": 1, "commission": 0.0, "exit_time": 14.0, "sl_k": 0.35, "sl_ref": 1, "slip": 0.0, "tp_r": 1.5, "trail_r": 1.5}
s02_gross|IS|{"be_r": 1, "commission": 0.0, "exit_time": 16.0, "sl_k": 0.35, "sl_ref": 1, "slip": 0.0, "tp_r": 1.5, "trail_r": 1.5}
s02_gross|IS|{"be_r": 1, "commission": 0.0, "exit_time": 18.0, "sl_k": 0.35, "sl_ref": 1, "slip": 0.0, "tp_r": 1.5, "trail_r": 1.5}
s02_gross|IS|{"be_r": 1, "commission": 0.0, "sl_k": 0.35, "sl_ref": 1, "slip": 0.0, "tp_r": 1.5, "trail_r": 1.5}
s02_gross|IS|{"be_r": 1, "commission": 0.0, "exit_time": 21.0, "sl_k": 0.35, "sl_ref": 1, "slip": 0.0, "tp_r": 1.5, "trail_r": 1.5}
s02_gross|IS|{"be_r": 1, "commission": 0.0, "exit_time": 14.0, "sl_k": 0.35, "sl_ref": 1, "slip": 0.0, "tp_r": 1.5, "trail_r": 2}
s02_gross|IS|{"be_r": 1, "commission": 0.0, "exit_time": 16.0, "sl_k": 0.35, "sl_ref": 1, "slip": 0.0, "tp_r": 1.5, "trail_r": 2}
s02_gross|IS|{"be_r": 1, "commission": 0.0, "exit_time": 18.0, "sl_k": 0.35, "sl_ref": 1, "slip": 0.0, "tp_r": 1.5, "trail_r": 2}
s02_gross|IS|{"be_r": 1, "commission": 0.0, "sl_k": 0.35, "sl_ref": 1, "slip": 0.0, "tp_r": 1.5, "trail_r": 2}
s02_gross|IS|{"be_r": 1, "commission": 0.0, "exit_time": 21.0, "sl_k": 0.35, "sl_ref": 1, "slip": 0.0, "tp_r": 1.5, "trail_r": 2}
s02_gross|IS|{"commission": 0.0, "exit_time": 14.0, "sl_k": 0.35, "sl_ref": 1, "slip": 0.0, "tp_r": 2}
s02_gross|IS|{"commission": 0.0, "exit_time": 16.0, "sl_k": 0.35, "sl_ref": 1, "slip": 0.0, "tp_r": 2}
s02_gross|IS|{"commission": 0.0, "exit_time": 18.0, "sl_k": 0.35, "sl_ref": 1, "slip": 0.0, "tp_r": 2}
s02_gross|IS|{"commission": 0.0, "sl_k": 0.35, "sl_ref": 1, "slip": 0.0, "tp_r": 2}
s02_gross|IS|{"commission": 0.0, "exit_time": 21.0, "sl_k": 0.35, "sl_ref": 1, "slip": 0.0, "tp_r": 2}
s02_gross|IS|{"commission": 0.0, "exit_time": 14.0, "sl_k": 0.35, "sl_ref": 1, "slip": 0.0, "tp_r": 2, "trail_r": 0.5}
s02_gross|IS|{"commission": 0.0, "exit_time": 16.0, "sl_k": 0.35, "sl_ref": 1, "slip": 0.0, "tp_r": 2, "trail_r": 0.5}
s02_gross|IS|{"commission": 0.0, "exit_time": 18.0, "sl_k": 0.35, "sl_ref": 1, "slip": 0.0, "tp_r": 2, "trail_r": 0.5}
s02_gross|IS|{"commission": 0.0, "sl_k": 0.35, "sl_ref": 1, "slip": 0.0, "tp_r": 2, "trail_r": 0.5}
s02_gross|IS|{"commission": 0.0, "exit_time": 21.0, "sl_k": 0.35, "sl_ref": 1, "slip": 0.0, "tp_r": 2, "trail_r": 0.5}
s02_gross|IS|{"commission": 0.0, "exit_time": 14.0, "sl_k": 0.35, "sl_ref": 1, "slip": 0.0, "tp_r": 2, "trail_r": 1}
s02_gross|IS|{"commission": 0.0, "exit_time": 16.0, "sl_k": 0.35, "sl_ref": 1, "slip": 0.0, "tp_r": 2, "trail_r": 1}
s02_gross|IS|{"commission": 0.0, "exit_time": 18.0, "sl_k": 0.35, "sl_ref": 1, "slip": 0.0, "tp_r": 2, "trail_r": 1}
s02_gross|IS|{"commission": 0.0, "sl_k": 0.35, "sl_ref": 1, "slip": 0.0, "tp_r": 2, "trail_r": 1}
s02_gross|IS|{"commission": 0.0, "exit_time": 21.0, "sl_k": 0.35, "sl_ref": 1, "slip": 0.0, "tp_r": 2, "trail_r": 1}
s02_gross|IS|{"commission": 0.0, "exit_time": 14.0, "sl_k": 0.35, "sl_ref": 1, "slip": 0.0, "tp_r": 2, "trail_r": 1.5}
s02_gross|IS|{"commission": 0.0, "exit_time": 16.0, "sl_k": 0.35, "sl_ref": 1, "slip": 0.0, "tp_r": 2, "trail_r": 1.5}
s02_gross|IS|{"commission": 0.0, "exit_time": 18.0, "sl_k": 0.35, "sl_ref": 1, "slip": 0.0, "tp_r": 2, "trail_r": 1.5}
s02_gross|IS|{"commission": 0.0, "sl_k": 0.35, "sl_ref": 1, "slip": 0.0, "tp_r": 2, "trail_r": 1.5}
s02_gross|IS|{"commission": 0.0, "exit_time": 21.0, "sl_k": 0.35, "sl_ref": 1, "slip": 0.0, "tp_r": 2, "trail_r": 1.5}
s02_gross|IS|{"commission": 0.0, "exit_time": 14.0, "sl_k": 0.35, "sl_ref": 1, "slip": 0.0, "tp_r": 2, "trail_r": 2}
s02_gross|IS|{"commission": 0.0, "exit_time": 16.0, "sl_k": 0.35, "sl_ref": 1, "slip": 0.0, "tp_r": 2, "trail_r": 2}
s02_gross|IS|{"commission": 0.0, "exit_time": 18.0, "sl_k": 0.35, "sl_ref": 1, "slip": 0.0, "tp_r": 2, "trail_r": 2}
s02_gross|IS|{"commission": 0.0, "sl_k": 0.35, "sl_ref": 1, "slip": 0.0, "tp_r": 2, "trail_r": 2}
s02_gross|IS|{"commission": 0.0, "exit_time": 21.0, "sl_k": 0.35, "sl_ref": 1, "slip": 0.0, "tp_r": 2, "trail_r": 2}
s02_gross|IS|{"be_r": 0.5, "commission": 0.0, "exit_time": 14.0, "sl_k": 0.35, "sl_ref": 1, "slip": 0.0, "tp_r": 2}
s02_gross|IS|{"be_r": 0.5, "commission": 0.0, "exit_time": 16.0, "sl_k": 0.35, "sl_ref": 1, "slip": 0.0, "tp_r": 2}
s02_gross|IS|{"be_r": 0.5, "commission": 0.0, "exit_time": 18.0, "sl_k": 0.35, "sl_ref": 1, "slip": 0.0, "tp_r": 2}
s02_gross|IS|{"be_r": 0.5, "commission": 0.0, "sl_k": 0.35, "sl_ref": 1, "slip": 0.0, "tp_r": 2}
s02_gross|IS|{"be_r": 0.5, "commission": 0.0, "exit_time": 21.0, "sl_k": 0.35, "sl_ref": 1, "slip": 0.0, "tp_r": 2}
s02_gross|IS|{"be_r": 0.5, "commission": 0.0, "exit_time": 14.0, "sl_k": 0.35, "sl_ref": 1, "slip": 0.0, "tp_r": 2, "trail_r": 0.5}
s02_gross|IS|{"be_r": 0.5, "commission": 0.0, "exit_time": 16.0, "sl_k": 0.35, "sl_ref": 1, "slip": 0.0, "tp_r": 2, "trail_r": 0.5}
s02_gross|IS|{"be_r": 0.5, "commission": 0.0, "exit_time": 18.0, "sl_k": 0.35, "sl_ref": 1, "slip": 0.0, "tp_r": 2, "trail_r": 0.5}
s02_gross|IS|{"be_r": 0.5, "commission": 0.0, "sl_k": 0.35, "sl_ref": 1, "slip": 0.0, "tp_r": 2, "trail_r": 0.5}
s02_gross|IS|{"be_r": 0.5, "commission": 0.0, "exit_time": 21.0, "sl_k": 0.35, "sl_ref": 1, "slip": 0.0, "tp_r": 2, "trail_r": 0.5}
s02_gross|IS|{"be_r": 0.5, "commission": 0.0, "exit_time": 14.0, "sl_k": 0.35, "sl_ref": 1, "slip": 0.0, "tp_r": 2, "trail_r": 1}
s02_gross|IS|{"be_r": 0.5, "commission": 0.0, "exit_time": 16.0, "sl_k": 0.35, "sl_ref": 1, "slip": 0.0, "tp_r": 2, "trail_r": 1}
s02_gross|IS|{"be_r": 0.5, "commission": 0.0, "exit_time": 18.0, "sl_k": 0.35, "sl_ref": 1, "slip": 0.0, "tp_r": 2, "trail_r": 1}
s02_gross|IS|{"be_r": 0.5, "commission": 0.0, "sl_k": 0.35, "sl_ref": 1, "slip": 0.0, "tp_r": 2, "trail_r": 1}
s02_gross|IS|{"be_r": 0.5, "commission": 0.0, "exit_time": 21.0, "sl_k": 0.35, "sl_ref": 1, "slip": 0.0, "tp_r": 2, "trail_r": 1}
s02_gross|IS|{"be_r": 0.5, "commission": 0.0, "exit_time": 14.0, "sl_k": 0.35, "sl_ref": 1, "slip": 0.0, "tp_r": 2, "trail_r": 1.5}
s02_gross|IS|{"be_r": 0.5, "commission": 0.0, "exit_time": 16.0, "sl_k": 0.35, "sl_ref": 1, "slip": 0.0, "tp_r": 2, "trail_r": 1.5}
s02_gross|IS|{"be_r": 0.5, "commission": 0.0, "exit_time": 18.0, "sl_k": 0.35, "sl_ref": 1, "slip": 0.0, "tp_r": 2, "trail_r": 1.5}
s02_gross|IS|{"be_r": 0.5, "commission": 0.0, "sl_k": 0.35, "sl_ref": 1, "slip": 0.0, "tp_r": 2, "trail_r": 1.5}
s02_gross|IS|{"be_r": 0.5, "commission": 0.0, "exit_time": 21.0, "sl_k": 0.35, "sl_ref": 1, "slip": 0.0, "tp_r": 2, "trail_r": 1.5}
s02_gross|IS|{"be_r": 0.5, "commission": 0.0, "exit_time": 14.0, "sl_k": 0.35, "sl_ref": 1, "slip": 0.0, "tp_r": 2, "trail_r": 2}
s02_gross|IS|{"be_r": 0.5, "commission": 0.0, "exit_time": 16.0, "sl_k": 0.35, "sl_ref": 1, "slip": 0.0, "tp_r": 2, "trail_r": 2}
s02_gross|IS|{"be_r": 0.5, "commission": 0.0, "exit_time": 18.0, "sl_k": 0.35, "sl_ref": 1, "slip": 0.0, "tp_r": 2, "trail_r": 2}
s02_gross|IS|{"be_r": 0.5, "commission": 0.0, "sl_k": 0.35, "sl_ref": 1, "slip": 0.0, "tp_r": 2, "trail_r": 2}
s02_gross|IS|{"be_r": 0.5, "commission": 0.0, "exit_time": 21.0, "sl_k": 0.35, "sl_ref": 1, "slip": 0.0, "tp_r": 2, "trail_r": 2}
s02_gross|IS|{"be_r": 1, "commission": 0.0, "exit_time": 14.0, "sl_k": 0.35, "sl_ref": 1, "slip": 0.0, "tp_r": 2}
s02_gross|IS|{"be_r": 1, "commission": 0.0, "exit_time": 16.0, "sl_k": 0.35, "sl_ref": 1, "slip": 0.0, "tp_r": 2}
s02_gross|IS|{"be_r": 1, "commission": 0.0, "exit_time": 18.0, "sl_k": 0.35, "sl_ref": 1, "slip": 0.0, "tp_r": 2}
s02_gross|IS|{"be_r": 1, "commission": 0.0, "sl_k": 0.35, "sl_ref": 1, "slip": 0.0, "tp_r": 2}
s02_gross|IS|{"be_r": 1, "commission": 0.0, "exit_time": 21.0, "sl_k": 0.35, "sl_ref": 1, "slip": 0.0, "tp_r": 2}
s02_gross|IS|{"be_r": 1, "commission": 0.0, "exit_time": 14.0, "sl_k": 0.35, "sl_ref": 1, "slip": 0.0, "tp_r": 2, "trail_r": 0.5}
s02_gross|IS|{"be_r": 1, "commission": 0.0, "exit_time": 16.0, "sl_k": 0.35, "sl_ref": 1, "slip": 0.0, "tp_r": 2, "trail_r": 0.5}
s02_gross|IS|{"be_r": 1, "commission": 0.0, "exit_time": 18.0, "sl_k": 0.35, "sl_ref": 1, "slip": 0.0, "tp_r": 2, "trail_r": 0.5}
s02_gross|IS|{"be_r": 1, "commission": 0.0, "sl_k": 0.35, "sl_ref": 1, "slip": 0.0, "tp_r": 2, "trail_r": 0.5}
s02_gross|IS|{"be_r": 1, "commission": 0.0, "exit_time": 21.0, "sl_k": 0.35, "sl_ref": 1, "slip": 0.0, "tp_r": 2, "trail_r": 0.5}
s02_gross|IS|{"be_r": 1, "commission": 0.0, "exit_time": 14.0, "sl_k": 0.35, "sl_ref": 1, "slip": 0.0, "tp_r": 2, "trail_r": 1}
s02_gross|IS|{"be_r": 1, "commission": 0.0, "exit_time": 16.0, "sl_k": 0.35, "sl_ref": 1, "slip": 0.0, "tp_r": 2, "trail_r": 1}
s02_gross|IS|{"be_r": 1, "commission": 0.0, "exit_time": 18.0, "sl_k": 0.35, "sl_ref": 1, "slip": 0.0, "tp_r": 2, "trail_r": 1}
s02_gross|IS|{"be_r": 1, "commission": 0.0, "sl_k": 0.35, "sl_ref": 1, "slip": 0.0, "tp_r": 2, "trail_r": 1}
s02_gross|IS|{"be_r": 1, "commission": 0.0, "exit_time": 21.0, "sl_k": 0.35, "sl_ref": 1, "slip": 0.0, "tp_r": 2, "trail_r": 1}
s02_gross|IS|{"be_r": 1, "commission": 0.0, "exit_time": 14.0, "sl_k": 0.35, "sl_ref": 1, "slip": 0.0, "tp_r": 2, "trail_r": 1.5}
s02_gross|IS|{"be_r": 1, "commission": 0.0, "exit_time": 16.0, "sl_k": 0.35, "sl_ref": 1, "slip": 0.0, "tp_r": 2, "trail_r": 1.5}
s02_gross|IS|{"be_r": 1, "commission": 0.0, "exit_time": 18.0, "sl_k": 0.35, "sl_ref": 1, "slip": 0.0, "tp_r": 2, "trail_r": 1.5}
s02_gross|IS|{"be_r": 1, "commission": 0.0, "sl_k": 0.35, "sl_ref": 1, "slip": 0.0, "tp_r": 2, "trail_r": 1.5}
s02_gross|IS|{"be_r": 1, "commission": 0.0, "exit_time": 21.0, "sl_k": 0.35, "sl_ref": 1, "slip": 0.0, "tp_r": 2, "trail_r": 1.5}
s02_gross|IS|{"be_r": 1, "commission": 0.0, "exit_time": 14.0, "sl_k": 0.35, "sl_ref": 1, "slip": 0.0, "tp_r": 2, "trail_r": 2}
s02_gross|IS|{"be_r": 1, "commission": 0.0, "exit_time": 16.0, "sl_k": 0.35, "sl_ref": 1, "slip": 0.0, "tp_r": 2, "trail_r": 2}
s02_gross|IS|{"be_r": 1, "commission": 0.0, "exit_time": 18.0, "sl_k": 0.35, "sl_ref": 1, "slip": 0.0, "tp_r": 2, "trail_r": 2}
s02_gross|IS|{"be_r": 1, "commission": 0.0, "sl_k": 0.35, "sl_ref": 1, "slip": 0.0, "tp_r": 2, "trail_r": 2}
s02_gross|IS|{"be_r": 1, "commission": 0.0, "exit_time": 21.0, "sl_k": 0.35, "sl_ref": 1, "slip": 0.0, "tp_r": 2, "trail_r": 2}
s02_gross|IS|{"commission": 0.0, "exit_time": 14.0, "sl_k": 0.35, "sl_ref": 1, "slip": 0.0, "tp_r": 3}
s02_gross|IS|{"commission": 0.0, "exit_time": 16.0, "sl_k": 0.35, "sl_ref": 1, "slip": 0.0, "tp_r": 3}
s02_gross|IS|{"commission": 0.0, "exit_time": 18.0, "sl_k": 0.35, "sl_ref": 1, "slip": 0.0, "tp_r": 3}
s02_gross|IS|{"commission": 0.0, "sl_k": 0.35, "sl_ref": 1, "slip": 0.0, "tp_r": 3}
s02_gross|IS|{"commission": 0.0, "exit_time": 21.0, "sl_k": 0.35, "sl_ref": 1, "slip": 0.0, "tp_r": 3}
s02_gross|IS|{"commission": 0.0, "exit_time": 14.0, "sl_k": 0.35, "sl_ref": 1, "slip": 0.0, "tp_r": 3, "trail_r": 0.5}
s02_gross|IS|{"commission": 0.0, "exit_time": 16.0, "sl_k": 0.35, "sl_ref": 1, "slip": 0.0, "tp_r": 3, "trail_r": 0.5}
s02_gross|IS|{"commission": 0.0, "exit_time": 18.0, "sl_k": 0.35, "sl_ref": 1, "slip": 0.0, "tp_r": 3, "trail_r": 0.5}
s02_gross|IS|{"commission": 0.0, "sl_k": 0.35, "sl_ref": 1, "slip": 0.0, "tp_r": 3, "trail_r": 0.5}
s02_gross|IS|{"commission": 0.0, "exit_time": 21.0, "sl_k": 0.35, "sl_ref": 1, "slip": 0.0, "tp_r": 3, "trail_r": 0.5}
s02_gross|IS|{"commission": 0.0, "exit_time": 14.0, "sl_k": 0.35, "sl_ref": 1, "slip": 0.0, "tp_r": 3, "trail_r": 1}
s02_gross|IS|{"commission": 0.0, "exit_time": 16.0, "sl_k": 0.35, "sl_ref": 1, "slip": 0.0, "tp_r": 3, "trail_r": 1}
s02_gross|IS|{"commission": 0.0, "exit_time": 18.0, "sl_k": 0.35, "sl_ref": 1, "slip": 0.0, "tp_r": 3, "trail_r": 1}
s02_gross|IS|{"commission": 0.0, "sl_k": 0.35, "sl_ref": 1, "slip": 0.0, "tp_r": 3, "trail_r": 1}
s02_gross|IS|{"commission": 0.0, "exit_time": 21.0, "sl_k": 0.35, "sl_ref": 1, "slip": 0.0, "tp_r": 3, "trail_r": 1}
s02_gross|IS|{"commission": 0.0, "exit_time": 14.0, "sl_k": 0.35, "sl_ref": 1, "slip": 0.0, "tp_r": 3, "trail_r": 1.5}
s02_gross|IS|{"commission": 0.0, "exit_time": 16.0, "sl_k": 0.35, "sl_ref": 1, "slip": 0.0, "tp_r": 3, "trail_r": 1.5}
s02_gross|IS|{"commission": 0.0, "exit_time": 18.0, "sl_k": 0.35, "sl_ref": 1, "slip": 0.0, "tp_r": 3, "trail_r": 1.5}
s02_gross|IS|{"commission": 0.0, "sl_k": 0.35, "sl_ref": 1, "slip": 0.0, "tp_r": 3, "trail_r": 1.5}
s02_gross|IS|{"commission": 0.0, "exit_time": 21.0, "sl_k": 0.35, "sl_ref": 1, "slip": 0.0, "tp_r": 3, "trail_r": 1.5}
s02_gross|IS|{"commission": 0.0, "exit_time": 14.0, "sl_k": 0.35, "sl_ref": 1, "slip": 0.0, "tp_r": 3, "trail_r": 2}
s02_gross|IS|{"commission": 0.0, "exit_time": 16.0, "sl_k": 0.35, "sl_ref": 1, "slip": 0.0, "tp_r": 3, "trail_r": 2}
s02_gross|IS|{"commission": 0.0, "exit_time": 18.0, "sl_k": 0.35, "sl_ref": 1, "slip": 0.0, "tp_r": 3, "trail_r": 2}
s02_gross|IS|{"commission": 0.0, "sl_k": 0.35, "sl_ref": 1, "slip": 0.0, "tp_r": 3, "trail_r": 2}
s02_gross|IS|{"commission": 0.0, "exit_time": 21.0, "sl_k": 0.35, "sl_ref": 1, "slip": 0.0, "tp_r": 3, "trail_r": 2}
s02_gross|IS|{"be_r": 0.5, "commission": 0.0, "exit_time": 14.0, "sl_k": 0.35, "sl_ref": 1, "slip": 0.0, "tp_r": 3}
s02_gross|IS|{"be_r": 0.5, "commission": 0.0, "exit_time": 16.0, "sl_k": 0.35, "sl_ref": 1, "slip": 0.0, "tp_r": 3}
s02_gross|IS|{"be_r": 0.5, "commission": 0.0, "exit_time": 18.0, "sl_k": 0.35, "sl_ref": 1, "slip": 0.0, "tp_r": 3}
s02_gross|IS|{"be_r": 0.5, "commission": 0.0, "sl_k": 0.35, "sl_ref": 1, "slip": 0.0, "tp_r": 3}
s02_gross|IS|{"be_r": 0.5, "commission": 0.0, "exit_time": 21.0, "sl_k": 0.35, "sl_ref": 1, "slip": 0.0, "tp_r": 3}
s02_gross|IS|{"be_r": 0.5, "commission": 0.0, "exit_time": 14.0, "sl_k": 0.35, "sl_ref": 1, "slip": 0.0, "tp_r": 3, "trail_r": 0.5}
s02_gross|IS|{"be_r": 0.5, "commission": 0.0, "exit_time": 16.0, "sl_k": 0.35, "sl_ref": 1, "slip": 0.0, "tp_r": 3, "trail_r": 0.5}
s02_gross|IS|{"be_r": 0.5, "commission": 0.0, "exit_time": 18.0, "sl_k": 0.35, "sl_ref": 1, "slip": 0.0, "tp_r": 3, "trail_r": 0.5}
s02_gross|IS|{"be_r": 0.5, "commission": 0.0, "sl_k": 0.35, "sl_ref": 1, "slip": 0.0, "tp_r": 3, "trail_r": 0.5}
s02_gross|IS|{"be_r": 0.5, "commission": 0.0, "exit_time": 21.0, "sl_k": 0.35, "sl_ref": 1, "slip": 0.0, "tp_r": 3, "trail_r": 0.5}
s02_gross|IS|{"be_r": 0.5, "commission": 0.0, "exit_time": 14.0, "sl_k": 0.35, "sl_ref": 1, "slip": 0.0, "tp_r": 3, "trail_r": 1}
s02_gross|IS|{"be_r": 0.5, "commission": 0.0, "exit_time": 16.0, "sl_k": 0.35, "sl_ref": 1, "slip": 0.0, "tp_r": 3, "trail_r": 1}
s02_gross|IS|{"be_r": 0.5, "commission": 0.0, "exit_time": 18.0, "sl_k": 0.35, "sl_ref": 1, "slip": 0.0, "tp_r": 3, "trail_r": 1}
s02_gross|IS|{"be_r": 0.5, "commission": 0.0, "sl_k": 0.35, "sl_ref": 1, "slip": 0.0, "tp_r": 3, "trail_r": 1}
s02_gross|IS|{"be_r": 0.5, "commission": 0.0, "exit_time": 21.0, "sl_k": 0.35, "sl_ref": 1, "slip": 0.0, "tp_r": 3, "trail_r": 1}
s02_gross|IS|{"be_r": 0.5, "commission": 0.0, "exit_time": 14.0, "sl_k": 0.35, "sl_ref": 1, "slip": 0.0, "tp_r": 3, "trail_r": 1.5}
s02_gross|IS|{"be_r": 0.5, "commission": 0.0, "exit_time": 16.0, "sl_k": 0.35, "sl_ref": 1, "slip": 0.0, "tp_r": 3, "trail_r": 1.5}
s02_gross|IS|{"be_r": 0.5, "commission": 0.0, "exit_time": 18.0, "sl_k": 0.35, "sl_ref": 1, "slip": 0.0, "tp_r": 3, "trail_r": 1.5}
s02_gross|IS|{"be_r": 0.5, "commission": 0.0, "sl_k": 0.35, "sl_ref": 1, "slip": 0.0, "tp_r": 3, "trail_r": 1.5}
s02_gross|IS|{"be_r": 0.5, "commission": 0.0, "exit_time": 21.0, "sl_k": 0.35, "sl_ref": 1, "slip": 0.0, "tp_r": 3, "trail_r": 1.5}
s02_gross|IS|{"be_r": 0.5, "commission": 0.0, "exit_time": 14.0, "sl_k": 0.35, "sl_ref": 1, "slip": 0.0, "tp_r": 3, "trail_r": 2}
s02_gross|IS|{"be_r": 0.5, "commission": 0.0, "exit_time": 16.0, "sl_k": 0.35, "sl_ref": 1, "slip": 0.0, "tp_r": 3, "trail_r": 2}
s02_gross|IS|{"be_r": 0.5, "commission": 0.0, "exit_time": 18.0, "sl_k": 0.35, "sl_ref": 1, "slip": 0.0, "tp_r": 3, "trail_r": 2}
s02_gross|IS|{"be_r": 0.5, "commission": 0.0, "sl_k": 0.35, "sl_ref": 1, "slip": 0.0, "tp_r": 3, "trail_r": 2}
s02_gross|IS|{"be_r": 0.5, "commission": 0.0, "exit_time": 21.0, "sl_k": 0.35, "sl_ref": 1, "slip": 0.0, "tp_r": 3, "trail_r": 2}
s02_gross|IS|{"be_r": 1, "commission": 0.0, "exit_time": 14.0, "sl_k": 0.35, "sl_ref": 1, "slip": 0.0, "tp_r": 3}
s02_gross|IS|{"be_r": 1, "commission": 0.0, "exit_time": 16.0, "sl_k": 0.35, "sl_ref": 1, "slip": 0.0, "tp_r": 3}
s02_gross|IS|{"be_r": 1, "commission": 0.0, "exit_time": 18.0, "sl_k": 0.35, "sl_ref": 1, "slip": 0.0, "tp_r": 3}
s02_gross|IS|{"be_r": 1, "commission": 0.0, "sl_k": 0.35, "sl_ref": 1, "slip": 0.0, "tp_r": 3}
s02_gross|IS|{"be_r": 1, "commission": 0.0, "exit_time": 21.0, "sl_k": 0.35, "sl_ref": 1, "slip": 0.0, "tp_r": 3}
s02_gross|IS|{"be_r": 1, "commission": 0.0, "exit_time": 14.0, "sl_k": 0.35, "sl_ref": 1, "slip": 0.0, "tp_r": 3, "trail_r": 0.5}
s02_gross|IS|{"be_r": 1, "commission": 0.0, "exit_time": 16.0, "sl_k": 0.35, "sl_ref": 1, "slip": 0.0, "tp_r": 3, "trail_r": 0.5}
s02_gross|IS|{"be_r": 1, "commission": 0.0, "exit_time": 18.0, "sl_k": 0.35, "sl_ref": 1, "slip": 0.0, "tp_r": 3, "trail_r": 0.5}
s02_gross|IS|{"be_r": 1, "commission": 0.0, "sl_k": 0.35, "sl_ref": 1, "slip": 0.0, "tp_r": 3, "trail_r": 0.5}
s02_gross|IS|{"be_r": 1, "commission": 0.0, "exit_time": 21.0, "sl_k": 0.35, "sl_ref": 1, "slip": 0.0, "tp_r": 3, "trail_r": 0.5}
s02_gross|IS|{"be_r": 1, "commission": 0.0, "exit_time": 14.0, "sl_k": 0.35, "sl_ref": 1, "slip": 0.0, "tp_r": 3, "trail_r": 1}
s02_gross|IS|{"be_r": 1, "commission": 0.0, "exit_time": 16.0, "sl_k": 0.35, "sl_ref": 1, "slip": 0.0, "tp_r": 3, "trail_r": 1}
s02_gross|IS|{"be_r": 1, "commission": 0.0, "exit_time": 18.0, "sl_k": 0.35, "sl_ref": 1, "slip": 0.0, "tp_r": 3, "trail_r": 1}
s02_gross|IS|{"be_r": 1, "commission": 0.0, "sl_k": 0.35, "sl_ref": 1, "slip": 0.0, "tp_r": 3, "trail_r": 1}
s02_gross|IS|{"be_r": 1, "commission": 0.0, "exit_time": 21.0, "sl_k": 0.35, "sl_ref": 1, "slip": 0.0, "tp_r": 3, "trail_r": 1}
s02_gross|IS|{"be_r": 1, "commission": 0.0, "exit_time": 14.0, "sl_k": 0.35, "sl_ref": 1, "slip": 0.0, "tp_r": 3, "trail_r": 1.5}
s02_gross|IS|{"be_r": 1, "commission": 0.0, "exit_time": 16.0, "sl_k": 0.35, "sl_ref": 1, "slip": 0.0, "tp_r": 3, "trail_r": 1.5}
s02_gross|IS|{"be_r": 1, "commission": 0.0, "exit_time": 18.0, "sl_k": 0.35, "sl_ref": 1, "slip": 0.0, "tp_r": 3, "trail_r": 1.5}
s02_gross|IS|{"be_r": 1, "commission": 0.0, "sl_k": 0.35, "sl_ref": 1, "slip": 0.0, "tp_r": 3, "trail_r": 1.5}
s02_gross|IS|{"be_r": 1, "commission": 0.0, "exit_time": 21.0, "sl_k": 0.35, "sl_ref": 1, "slip": 0.0, "tp_r": 3, "trail_r": 1.5}
s02_gross|IS|{"be_r": 1, "commission": 0.0, "exit_time": 14.0, "sl_k": 0.35, "sl_ref": 1, "slip": 0.0, "tp_r": 3, "trail_r": 2}
s02_gross|IS|{"be_r": 1, "commission": 0.0, "exit_time": 16.0, "sl_k": 0.35, "sl_ref": 1, "slip": 0.0, "tp_r": 3, "trail_r": 2}
s02_gross|IS|{"be_r": 1, "commission": 0.0, "exit_time": 18.0, "sl_k": 0.35, "sl_ref": 1, "slip": 0.0, "tp_r": 3, "trail_r": 2}
s02_gross|IS|{"be_r": 1, "commission": 0.0, "sl_k": 0.35, "sl_ref": 1, "slip": 0.0, "tp_r": 3, "trail_r": 2}
s02_gross|IS|{"be_r": 1, "commission": 0.0, "exit_time": 21.0, "sl_k": 0.35, "sl_ref": 1, "slip": 0.0, "tp_r": 3, "trail_r": 2}
s02_gross|IS|{"commission": 0.0, "exit_time": 14.0, "sl_k": 0.35, "sl_ref": 1, "slip": 0.0, "tp_r": 4}
s02_gross|IS|{"commission": 0.0, "exit_time": 16.0, "sl_k": 0.35, "sl_ref": 1, "slip": 0.0, "tp_r": 4}
s02_gross|IS|{"commission": 0.0, "exit_time": 18.0, "sl_k": 0.35, "sl_ref": 1, "slip": 0.0, "tp_r": 4}
s02_gross|IS|{"commission": 0.0, "sl_k": 0.35, "sl_ref": 1, "slip": 0.0, "tp_r": 4}
s02_gross|IS|{"commission": 0.0, "exit_time": 21.0, "sl_k": 0.35, "sl_ref": 1, "slip": 0.0, "tp_r": 4}
s02_gross|IS|{"commission": 0.0, "exit_time": 14.0, "sl_k": 0.35, "sl_ref": 1, "slip": 0.0, "tp_r": 4, "trail_r": 0.5}
s02_gross|IS|{"commission": 0.0, "exit_time": 16.0, "sl_k": 0.35, "sl_ref": 1, "slip": 0.0, "tp_r": 4, "trail_r": 0.5}
s02_gross|IS|{"commission": 0.0, "exit_time": 18.0, "sl_k": 0.35, "sl_ref": 1, "slip": 0.0, "tp_r": 4, "trail_r": 0.5}
s02_gross|IS|{"commission": 0.0, "sl_k": 0.35, "sl_ref": 1, "slip": 0.0, "tp_r": 4, "trail_r": 0.5}
s02_gross|IS|{"commission": 0.0, "exit_time": 21.0, "sl_k": 0.35, "sl_ref": 1, "slip": 0.0, "tp_r": 4, "trail_r": 0.5}
s02_gross|IS|{"commission": 0.0, "exit_time": 14.0, "sl_k": 0.35, "sl_ref": 1, "slip": 0.0, "tp_r": 4, "trail_r": 1}
s02_gross|IS|{"commission": 0.0, "exit_time": 16.0, "sl_k": 0.35, "sl_ref": 1, "slip": 0.0, "tp_r": 4, "trail_r": 1}
s02_gross|IS|{"commission": 0.0, "exit_time": 18.0, "sl_k": 0.35, "sl_ref": 1, "slip": 0.0, "tp_r": 4, "trail_r": 1}
s02_gross|IS|{"commission": 0.0, "sl_k": 0.35, "sl_ref": 1, "slip": 0.0, "tp_r": 4, "trail_r": 1}
s02_gross|IS|{"commission": 0.0, "exit_time": 21.0, "sl_k": 0.35, "sl_ref": 1, "slip": 0.0, "tp_r": 4, "trail_r": 1}
s02_gross|IS|{"commission": 0.0, "exit_time": 14.0, "sl_k": 0.35, "sl_ref": 1, "slip": 0.0, "tp_r": 4, "trail_r": 1.5}
s02_gross|IS|{"commission": 0.0, "exit_time": 16.0, "sl_k": 0.35, "sl_ref": 1, "slip": 0.0, "tp_r": 4, "trail_r": 1.5}
s02_gross|IS|{"commission": 0.0, "exit_time": 18.0, "sl_k": 0.35, "sl_ref": 1, "slip": 0.0, "tp_r": 4, "trail_r": 1.5}
s02_gross|IS|{"commission": 0.0, "sl_k": 0.35, "sl_ref": 1, "slip": 0.0, "tp_r": 4, "trail_r": 1.5}
s02_gross|IS|{"commission": 0.0, "exit_time": 21.0, "sl_k": 0.35, "sl_ref": 1, "slip": 0.0, "tp_r": 4, "trail_r": 1.5}
s02_gross|IS|{"commission": 0.0, "exit_time": 14.0, "sl_k": 0.35, "sl_ref": 1, "slip": 0.0, "tp_r": 4, "trail_r": 2}
s02_gross|IS|{"commission": 0.0, "exit_time": 16.0, "sl_k": 0.35, "sl_ref": 1, "slip": 0.0, "tp_r": 4, "trail_r": 2}
s02_gross|IS|{"commission": 0.0, "exit_time": 18.0, "sl_k": 0.35, "sl_ref": 1, "slip": 0.0, "tp_r": 4, "trail_r": 2}
s02_gross|IS|{"commission": 0.0, "sl_k": 0.35, "sl_ref": 1, "slip": 0.0, "tp_r": 4, "trail_r": 2}
s02_gross|IS|{"commission": 0.0, "exit_time": 21.0, "sl_k": 0.35, "sl_ref": 1, "slip": 0.0, "tp_r": 4, "trail_r": 2}
s02_gross|IS|{"be_r": 0.5, "commission": 0.0, "exit_time": 14.0, "sl_k": 0.35, "sl_ref": 1, "slip": 0.0, "tp_r": 4}
s02_gross|IS|{"be_r": 0.5, "commission": 0.0, "exit_time": 16.0, "sl_k": 0.35, "sl_ref": 1, "slip": 0.0, "tp_r": 4}
s02_gross|IS|{"be_r": 0.5, "commission": 0.0, "exit_time": 18.0, "sl_k": 0.35, "sl_ref": 1, "slip": 0.0, "tp_r": 4}
s02_gross|IS|{"be_r": 0.5, "commission": 0.0, "sl_k": 0.35, "sl_ref": 1, "slip": 0.0, "tp_r": 4}
s02_gross|IS|{"be_r": 0.5, "commission": 0.0, "exit_time": 21.0, "sl_k": 0.35, "sl_ref": 1, "slip": 0.0, "tp_r": 4}
s02_gross|IS|{"be_r": 0.5, "commission": 0.0, "exit_time": 14.0, "sl_k": 0.35, "sl_ref": 1, "slip": 0.0, "tp_r": 4, "trail_r": 0.5}
s02_gross|IS|{"be_r": 0.5, "commission": 0.0, "exit_time": 16.0, "sl_k": 0.35, "sl_ref": 1, "slip": 0.0, "tp_r": 4, "trail_r": 0.5}
s02_gross|IS|{"be_r": 0.5, "commission": 0.0, "exit_time": 18.0, "sl_k": 0.35, "sl_ref": 1, "slip": 0.0, "tp_r": 4, "trail_r": 0.5}
s02_gross|IS|{"be_r": 0.5, "commission": 0.0, "sl_k": 0.35, "sl_ref": 1, "slip": 0.0, "tp_r": 4, "trail_r": 0.5}
s02_gross|IS|{"be_r": 0.5, "commission": 0.0, "exit_time": 21.0, "sl_k": 0.35, "sl_ref": 1, "slip": 0.0, "tp_r": 4, "trail_r": 0.5}
s02_gross|IS|{"be_r": 0.5, "commission": 0.0, "exit_time": 14.0, "sl_k": 0.35, "sl_ref": 1, "slip": 0.0, "tp_r": 4, "trail_r": 1}
s02_gross|IS|{"be_r": 0.5, "commission": 0.0, "exit_time": 16.0, "sl_k": 0.35, "sl_ref": 1, "slip": 0.0, "tp_r": 4, "trail_r": 1}
s02_gross|IS|{"be_r": 0.5, "commission": 0.0, "exit_time": 18.0, "sl_k": 0.35, "sl_ref": 1, "slip": 0.0, "tp_r": 4, "trail_r": 1}
s02_gross|IS|{"be_r": 0.5, "commission": 0.0, "sl_k": 0.35, "sl_ref": 1, "slip": 0.0, "tp_r": 4, "trail_r": 1}
s02_gross|IS|{"be_r": 0.5, "commission": 0.0, "exit_time": 21.0, "sl_k": 0.35, "sl_ref": 1, "slip": 0.0, "tp_r": 4, "trail_r": 1}
s02_gross|IS|{"be_r": 0.5, "commission": 0.0, "exit_time": 14.0, "sl_k": 0.35, "sl_ref": 1, "slip": 0.0, "tp_r": 4, "trail_r": 1.5}
s02_gross|IS|{"be_r": 0.5, "commission": 0.0, "exit_time": 16.0, "sl_k": 0.35, "sl_ref": 1, "slip": 0.0, "tp_r": 4, "trail_r": 1.5}
s02_gross|IS|{"be_r": 0.5, "commission": 0.0, "exit_time": 18.0, "sl_k": 0.35, "sl_ref": 1, "slip": 0.0, "tp_r": 4, "trail_r": 1.5}
s02_gross|IS|{"be_r": 0.5, "commission": 0.0, "sl_k": 0.35, "sl_ref": 1, "slip": 0.0, "tp_r": 4, "trail_r": 1.5}
s02_gross|IS|{"be_r": 0.5, "commission": 0.0, "exit_time": 21.0, "sl_k": 0.35, "sl_ref": 1, "slip": 0.0, "tp_r": 4, "trail_r": 1.5}
s02_gross|IS|{"be_r": 0.5, "commission": 0.0, "exit_time": 14.0, "sl_k": 0.35, "sl_ref": 1, "slip": 0.0, "tp_r": 4, "trail_r": 2}
s02_gross|IS|{"be_r": 0.5, "commission": 0.0, "exit_time": 16.0, "sl_k": 0.35, "sl_ref": 1, "slip": 0.0, "tp_r": 4, "trail_r": 2}
s02_gross|IS|{"be_r": 0.5, "commission": 0.0, "exit_time": 18.0, "sl_k": 0.35, "sl_ref": 1, "slip": 0.0, "tp_r": 4, "trail_r": 2}
s02_gross|IS|{"be_r": 0.5, "commission": 0.0, "sl_k": 0.35, "sl_ref": 1, "slip": 0.0, "tp_r": 4, "trail_r": 2}
s02_gross|IS|{"be_r": 0.5, "commission": 0.0, "exit_time": 21.0, "sl_k": 0.35, "sl_ref": 1, "slip": 0.0, "tp_r": 4, "trail_r": 2}
s02_gross|IS|{"be_r": 1, "commission": 0.0, "exit_time": 14.0, "sl_k": 0.35, "sl_ref": 1, "slip": 0.0, "tp_r": 4}
s02_gross|IS|{"be_r": 1, "commission": 0.0, "exit_time": 16.0, "sl_k": 0.35, "sl_ref": 1, "slip": 0.0, "tp_r": 4}
s02_gross|IS|{"be_r": 1, "commission": 0.0, "exit_time": 18.0, "sl_k": 0.35, "sl_ref": 1, "slip": 0.0, "tp_r": 4}
s02_gross|IS|{"be_r": 1, "commission": 0.0, "sl_k": 0.35, "sl_ref": 1, "slip": 0.0, "tp_r": 4}
s02_gross|IS|{"be_r": 1, "commission": 0.0, "exit_time": 21.0, "sl_k": 0.35, "sl_ref": 1, "slip": 0.0, "tp_r": 4}
s02_gross|IS|{"be_r": 1, "commission": 0.0, "exit_time": 14.0, "sl_k": 0.35, "sl_ref": 1, "slip": 0.0, "tp_r": 4, "trail_r": 0.5}
s02_gross|IS|{"be_r": 1, "commission": 0.0, "exit_time": 16.0, "sl_k": 0.35, "sl_ref": 1, "slip": 0.0, "tp_r": 4, "trail_r": 0.5}
s02_gross|IS|{"be_r": 1, "commission": 0.0, "exit_time": 18.0, "sl_k": 0.35, "sl_ref": 1, "slip": 0.0, "tp_r": 4, "trail_r": 0.5}
s02_gross|IS|{"be_r": 1, "commission": 0.0, "sl_k": 0.35, "sl_ref": 1, "slip": 0.0, "tp_r": 4, "trail_r": 0.5}
s02_gross|IS|{"be_r": 1, "commission": 0.0, "exit_time": 21.0, "sl_k": 0.35, "sl_ref": 1, "slip": 0.0, "tp_r": 4, "trail_r": 0.5}
s02_gross|IS|{"be_r": 1, "commission": 0.0, "exit_time": 14.0, "sl_k": 0.35, "sl_ref": 1, "slip": 0.0, "tp_r": 4, "trail_r": 1}
s02_gross|IS|{"be_r": 1, "commission": 0.0, "exit_time": 16.0, "sl_k": 0.35, "sl_ref": 1, "slip": 0.0, "tp_r": 4, "trail_r": 1}
s02_gross|IS|{"be_r": 1, "commission": 0.0, "exit_time": 18.0, "sl_k": 0.35, "sl_ref": 1, "slip": 0.0, "tp_r": 4, "trail_r": 1}
s02_gross|IS|{"be_r": 1, "commission": 0.0, "sl_k": 0.35, "sl_ref": 1, "slip": 0.0, "tp_r": 4, "trail_r": 1}
s02_gross|IS|{"be_r": 1, "commission": 0.0, "exit_time": 21.0, "sl_k": 0.35, "sl_ref": 1, "slip": 0.0, "tp_r": 4, "trail_r": 1}
s02_gross|IS|{"be_r": 1, "commission": 0.0, "exit_time": 14.0, "sl_k": 0.35, "sl_ref": 1, "slip": 0.0, "tp_r": 4, "trail_r": 1.5}
s02_gross|IS|{"be_r": 1, "commission": 0.0, "exit_time": 16.0, "sl_k": 0.35, "sl_ref": 1, "slip": 0.0, "tp_r": 4, "trail_r": 1.5}
s02_gross|IS|{"be_r": 1, "commission": 0.0, "exit_time": 18.0, "sl_k": 0.35, "sl_ref": 1, "slip": 0.0, "tp_r": 4, "trail_r": 1.5}
s02_gross|IS|{"be_r": 1, "commission": 0.0, "sl_k": 0.35, "sl_ref": 1, "slip": 0.0, "tp_r": 4, "trail_r": 1.5}
s02_gross|IS|{"be_r": 1, "commission": 0.0, "exit_time": 21.0, "sl_k": 0.35, "sl_ref": 1, "slip": 0.0, "tp_r": 4, "trail_r": 1.5}
s02_gross|IS|{"be_r": 1, "commission": 0.0, "exit_time": 14.0, "sl_k": 0.35, "sl_ref": 1, "slip": 0.0, "tp_r": 4, "trail_r": 2}
s02_gross|IS|{"be_r": 1, "commission": 0.0, "exit_time": 16.0, "sl_k": 0.35, "sl_ref": 1, "slip": 0.0, "tp_r": 4, "trail_r": 2}
s02_gross|IS|{"be_r": 1, "commission": 0.0, "exit_time": 18.0, "sl_k": 0.35, "sl_ref": 1, "slip": 0.0, "tp_r": 4, "trail_r": 2}
s02_gross|IS|{"be_r": 1, "commission": 0.0, "sl_k": 0.35, "sl_ref": 1, "slip": 0.0, "tp_r": 4, "trail_r": 2}
s02_gross|IS|{"be_r": 1, "commission": 0.0, "exit_time": 21.0, "sl_k": 0.35, "sl_ref": 1, "slip": 0.0, "tp_r": 4, "trail_r": 2}
s02_gross|IS|{"commission": 0.0, "exit_time": 14.0, "sl_k": 0.5, "sl_ref": 1, "slip": 0.0}
s02_gross|IS|{"commission": 0.0, "exit_time": 16.0, "sl_k": 0.5, "sl_ref": 1, "slip": 0.0}
s02_gross|IS|{"commission": 0.0, "exit_time": 18.0, "sl_k": 0.5, "sl_ref": 1, "slip": 0.0}
s02_gross|IS|{"commission": 0.0, "sl_k": 0.5, "sl_ref": 1, "slip": 0.0}
s02_gross|IS|{"commission": 0.0, "exit_time": 21.0, "sl_k": 0.5, "sl_ref": 1, "slip": 0.0}
s02_gross|IS|{"commission": 0.0, "exit_time": 14.0, "sl_k": 0.5, "sl_ref": 1, "slip": 0.0, "trail_r": 0.5}
s02_gross|IS|{"commission": 0.0, "exit_time": 16.0, "sl_k": 0.5, "sl_ref": 1, "slip": 0.0, "trail_r": 0.5}
s02_gross|IS|{"commission": 0.0, "exit_time": 18.0, "sl_k": 0.5, "sl_ref": 1, "slip": 0.0, "trail_r": 0.5}
s02_gross|IS|{"commission": 0.0, "sl_k": 0.5, "sl_ref": 1, "slip": 0.0, "trail_r": 0.5}
s02_gross|IS|{"commission": 0.0, "exit_time": 21.0, "sl_k": 0.5, "sl_ref": 1, "slip": 0.0, "trail_r": 0.5}
s02_gross|IS|{"commission": 0.0, "exit_time": 14.0, "sl_k": 0.5, "sl_ref": 1, "slip": 0.0, "trail_r": 1}
s02_gross|IS|{"commission": 0.0, "exit_time": 16.0, "sl_k": 0.5, "sl_ref": 1, "slip": 0.0, "trail_r": 1}
s02_gross|IS|{"commission": 0.0, "exit_time": 18.0, "sl_k": 0.5, "sl_ref": 1, "slip": 0.0, "trail_r": 1}
s02_gross|IS|{"commission": 0.0, "sl_k": 0.5, "sl_ref": 1, "slip": 0.0, "trail_r": 1}
s02_gross|IS|{"commission": 0.0, "exit_time": 21.0, "sl_k": 0.5, "sl_ref": 1, "slip": 0.0, "trail_r": 1}
s02_gross|IS|{"commission": 0.0, "exit_time": 14.0, "sl_k": 0.5, "sl_ref": 1, "slip": 0.0, "trail_r": 1.5}
s02_gross|IS|{"commission": 0.0, "exit_time": 16.0, "sl_k": 0.5, "sl_ref": 1, "slip": 0.0, "trail_r": 1.5}
s02_gross|IS|{"commission": 0.0, "exit_time": 18.0, "sl_k": 0.5, "sl_ref": 1, "slip": 0.0, "trail_r": 1.5}
s02_gross|IS|{"commission": 0.0, "sl_k": 0.5, "sl_ref": 1, "slip": 0.0, "trail_r": 1.5}
s02_gross|IS|{"commission": 0.0, "exit_time": 21.0, "sl_k": 0.5, "sl_ref": 1, "slip": 0.0, "trail_r": 1.5}
s02_gross|IS|{"commission": 0.0, "exit_time": 14.0, "sl_k": 0.5, "sl_ref": 1, "slip": 0.0, "trail_r": 2}
s02_gross|IS|{"commission": 0.0, "exit_time": 16.0, "sl_k": 0.5, "sl_ref": 1, "slip": 0.0, "trail_r": 2}
s02_gross|IS|{"commission": 0.0, "exit_time": 18.0, "sl_k": 0.5, "sl_ref": 1, "slip": 0.0, "trail_r": 2}
s02_gross|IS|{"commission": 0.0, "sl_k": 0.5, "sl_ref": 1, "slip": 0.0, "trail_r": 2}
s02_gross|IS|{"commission": 0.0, "exit_time": 21.0, "sl_k": 0.5, "sl_ref": 1, "slip": 0.0, "trail_r": 2}
s02_gross|IS|{"be_r": 0.5, "commission": 0.0, "exit_time": 14.0, "sl_k": 0.5, "sl_ref": 1, "slip": 0.0}
s02_gross|IS|{"be_r": 0.5, "commission": 0.0, "exit_time": 16.0, "sl_k": 0.5, "sl_ref": 1, "slip": 0.0}
s02_gross|IS|{"be_r": 0.5, "commission": 0.0, "exit_time": 18.0, "sl_k": 0.5, "sl_ref": 1, "slip": 0.0}
s02_gross|IS|{"be_r": 0.5, "commission": 0.0, "sl_k": 0.5, "sl_ref": 1, "slip": 0.0}
s02_gross|IS|{"be_r": 0.5, "commission": 0.0, "exit_time": 21.0, "sl_k": 0.5, "sl_ref": 1, "slip": 0.0}
s02_gross|IS|{"be_r": 0.5, "commission": 0.0, "exit_time": 14.0, "sl_k": 0.5, "sl_ref": 1, "slip": 0.0, "trail_r": 0.5}
s02_gross|IS|{"be_r": 0.5, "commission": 0.0, "exit_time": 16.0, "sl_k": 0.5, "sl_ref": 1, "slip": 0.0, "trail_r": 0.5}
s02_gross|IS|{"be_r": 0.5, "commission": 0.0, "exit_time": 18.0, "sl_k": 0.5, "sl_ref": 1, "slip": 0.0, "trail_r": 0.5}
s02_gross|IS|{"be_r": 0.5, "commission": 0.0, "sl_k": 0.5, "sl_ref": 1, "slip": 0.0, "trail_r": 0.5}
s02_gross|IS|{"be_r": 0.5, "commission": 0.0, "exit_time": 21.0, "sl_k": 0.5, "sl_ref": 1, "slip": 0.0, "trail_r": 0.5}
s02_gross|IS|{"be_r": 0.5, "commission": 0.0, "exit_time": 14.0, "sl_k": 0.5, "sl_ref": 1, "slip": 0.0, "trail_r": 1}
s02_gross|IS|{"be_r": 0.5, "commission": 0.0, "exit_time": 16.0, "sl_k": 0.5, "sl_ref": 1, "slip": 0.0, "trail_r": 1}
s02_gross|IS|{"be_r": 0.5, "commission": 0.0, "exit_time": 18.0, "sl_k": 0.5, "sl_ref": 1, "slip": 0.0, "trail_r": 1}
s02_gross|IS|{"be_r": 0.5, "commission": 0.0, "sl_k": 0.5, "sl_ref": 1, "slip": 0.0, "trail_r": 1}
s02_gross|IS|{"be_r": 0.5, "commission": 0.0, "exit_time": 21.0, "sl_k": 0.5, "sl_ref": 1, "slip": 0.0, "trail_r": 1}
s02_gross|IS|{"be_r": 0.5, "commission": 0.0, "exit_time": 14.0, "sl_k": 0.5, "sl_ref": 1, "slip": 0.0, "trail_r": 1.5}
s02_gross|IS|{"be_r": 0.5, "commission": 0.0, "exit_time": 16.0, "sl_k": 0.5, "sl_ref": 1, "slip": 0.0, "trail_r": 1.5}
s02_gross|IS|{"be_r": 0.5, "commission": 0.0, "exit_time": 18.0, "sl_k": 0.5, "sl_ref": 1, "slip": 0.0, "trail_r": 1.5}
s02_gross|IS|{"be_r": 0.5, "commission": 0.0, "sl_k": 0.5, "sl_ref": 1, "slip": 0.0, "trail_r": 1.5}
s02_gross|IS|{"be_r": 0.5, "commission": 0.0, "exit_time": 21.0, "sl_k": 0.5, "sl_ref": 1, "slip": 0.0, "trail_r": 1.5}
s02_gross|IS|{"be_r": 0.5, "commission": 0.0, "exit_time": 14.0, "sl_k": 0.5, "sl_ref": 1, "slip": 0.0, "trail_r": 2}
s02_gross|IS|{"be_r": 0.5, "commission": 0.0, "exit_time": 16.0, "sl_k": 0.5, "sl_ref": 1, "slip": 0.0, "trail_r": 2}
s02_gross|IS|{"be_r": 0.5, "commission": 0.0, "exit_time": 18.0, "sl_k": 0.5, "sl_ref": 1, "slip": 0.0, "trail_r": 2}
s02_gross|IS|{"be_r": 0.5, "commission": 0.0, "sl_k": 0.5, "sl_ref": 1, "slip": 0.0, "trail_r": 2}
s02_gross|IS|{"be_r": 0.5, "commission": 0.0, "exit_time": 21.0, "sl_k": 0.5, "sl_ref": 1, "slip": 0.0, "trail_r": 2}
s02_gross|IS|{"be_r": 1, "commission": 0.0, "exit_time": 14.0, "sl_k": 0.5, "sl_ref": 1, "slip": 0.0}
s02_gross|IS|{"be_r": 1, "commission": 0.0, "exit_time": 16.0, "sl_k": 0.5, "sl_ref": 1, "slip": 0.0}
s02_gross|IS|{"be_r": 1, "commission": 0.0, "exit_time": 18.0, "sl_k": 0.5, "sl_ref": 1, "slip": 0.0}
s02_gross|IS|{"be_r": 1, "commission": 0.0, "sl_k": 0.5, "sl_ref": 1, "slip": 0.0}
s02_gross|IS|{"be_r": 1, "commission": 0.0, "exit_time": 21.0, "sl_k": 0.5, "sl_ref": 1, "slip": 0.0}
s02_gross|IS|{"be_r": 1, "commission": 0.0, "exit_time": 14.0, "sl_k": 0.5, "sl_ref": 1, "slip": 0.0, "trail_r": 0.5}
s02_gross|IS|{"be_r": 1, "commission": 0.0, "exit_time": 16.0, "sl_k": 0.5, "sl_ref": 1, "slip": 0.0, "trail_r": 0.5}
s02_gross|IS|{"be_r": 1, "commission": 0.0, "exit_time": 18.0, "sl_k": 0.5, "sl_ref": 1, "slip": 0.0, "trail_r": 0.5}
s02_gross|IS|{"be_r": 1, "commission": 0.0, "sl_k": 0.5, "sl_ref": 1, "slip": 0.0, "trail_r": 0.5}
s02_gross|IS|{"be_r": 1, "commission": 0.0, "exit_time": 21.0, "sl_k": 0.5, "sl_ref": 1, "slip": 0.0, "trail_r": 0.5}
s02_gross|IS|{"be_r": 1, "commission": 0.0, "exit_time": 14.0, "sl_k": 0.5, "sl_ref": 1, "slip": 0.0, "trail_r": 1}
s02_gross|IS|{"be_r": 1, "commission": 0.0, "exit_time": 16.0, "sl_k": 0.5, "sl_ref": 1, "slip": 0.0, "trail_r": 1}
s02_gross|IS|{"be_r": 1, "commission": 0.0, "exit_time": 18.0, "sl_k": 0.5, "sl_ref": 1, "slip": 0.0, "trail_r": 1}
s02_gross|IS|{"be_r": 1, "commission": 0.0, "sl_k": 0.5, "sl_ref": 1, "slip": 0.0, "trail_r": 1}
s02_gross|IS|{"be_r": 1, "commission": 0.0, "exit_time": 21.0, "sl_k": 0.5, "sl_ref": 1, "slip": 0.0, "trail_r": 1}
s02_gross|IS|{"be_r": 1, "commission": 0.0, "exit_time": 14.0, "sl_k": 0.5, "sl_ref": 1, "slip": 0.0, "trail_r": 1.5}
s02_gross|IS|{"be_r": 1, "commission": 0.0, "exit_time": 16.0, "sl_k": 0.5, "sl_ref": 1, "slip": 0.0, "trail_r": 1.5}
s02_gross|IS|{"be_r": 1, "commission": 0.0, "exit_time": 18.0, "sl_k": 0.5, "sl_ref": 1, "slip": 0.0, "trail_r": 1.5}
s02_gross|IS|{"be_r": 1, "commission": 0.0, "sl_k": 0.5, "sl_ref": 1, "slip": 0.0, "trail_r": 1.5}
s02_gross|IS|{"be_r": 1, "commission": 0.0, "exit_time": 21.0, "sl_k": 0.5, "sl_ref": 1, "slip": 0.0, "trail_r": 1.5}
s02_gross|IS|{"be_r": 1, "commission": 0.0, "exit_time": 14.0, "sl_k": 0.5, "sl_ref": 1, "slip": 0.0, "trail_r": 2}
s02_gross|IS|{"be_r": 1, "commission": 0.0, "exit_time": 16.0, "sl_k": 0.5, "sl_ref": 1, "slip": 0.0, "trail_r": 2}
s02_gross|IS|{"be_r": 1, "commission": 0.0, "exit_time": 18.0, "sl_k": 0.5, "sl_ref": 1, "slip": 0.0, "trail_r": 2}
s02_gross|IS|{"be_r": 1, "commission": 0.0, "sl_k": 0.5, "sl_ref": 1, "slip": 0.0, "trail_r": 2}
s02_gross|IS|{"be_r": 1, "commission": 0.0, "exit_time": 21.0, "sl_k": 0.5, "sl_ref": 1, "slip": 0.0, "trail_r": 2}
s02_gross|IS|{"commission": 0.0, "exit_time": 14.0, "sl_k": 0.5, "sl_ref": 1, "slip": 0.0, "tp_r": 1}
s02_gross|IS|{"commission": 0.0, "exit_time": 16.0, "sl_k": 0.5, "sl_ref": 1, "slip": 0.0, "tp_r": 1}
s02_gross|IS|{"commission": 0.0, "exit_time": 18.0, "sl_k": 0.5, "sl_ref": 1, "slip": 0.0, "tp_r": 1}
s02_gross|IS|{"commission": 0.0, "sl_k": 0.5, "sl_ref": 1, "slip": 0.0, "tp_r": 1}
s02_gross|IS|{"commission": 0.0, "exit_time": 21.0, "sl_k": 0.5, "sl_ref": 1, "slip": 0.0, "tp_r": 1}
s02_gross|IS|{"commission": 0.0, "exit_time": 14.0, "sl_k": 0.5, "sl_ref": 1, "slip": 0.0, "tp_r": 1, "trail_r": 0.5}
s02_gross|IS|{"commission": 0.0, "exit_time": 16.0, "sl_k": 0.5, "sl_ref": 1, "slip": 0.0, "tp_r": 1, "trail_r": 0.5}
s02_gross|IS|{"commission": 0.0, "exit_time": 18.0, "sl_k": 0.5, "sl_ref": 1, "slip": 0.0, "tp_r": 1, "trail_r": 0.5}
s02_gross|IS|{"commission": 0.0, "sl_k": 0.5, "sl_ref": 1, "slip": 0.0, "tp_r": 1, "trail_r": 0.5}
s02_gross|IS|{"commission": 0.0, "exit_time": 21.0, "sl_k": 0.5, "sl_ref": 1, "slip": 0.0, "tp_r": 1, "trail_r": 0.5}
s02_gross|IS|{"commission": 0.0, "exit_time": 14.0, "sl_k": 0.5, "sl_ref": 1, "slip": 0.0, "tp_r": 1, "trail_r": 1}
s02_gross|IS|{"commission": 0.0, "exit_time": 16.0, "sl_k": 0.5, "sl_ref": 1, "slip": 0.0, "tp_r": 1, "trail_r": 1}
s02_gross|IS|{"commission": 0.0, "exit_time": 18.0, "sl_k": 0.5, "sl_ref": 1, "slip": 0.0, "tp_r": 1, "trail_r": 1}
s02_gross|IS|{"commission": 0.0, "sl_k": 0.5, "sl_ref": 1, "slip": 0.0, "tp_r": 1, "trail_r": 1}
s02_gross|IS|{"commission": 0.0, "exit_time": 21.0, "sl_k": 0.5, "sl_ref": 1, "slip": 0.0, "tp_r": 1, "trail_r": 1}
s02_gross|IS|{"commission": 0.0, "exit_time": 14.0, "sl_k": 0.5, "sl_ref": 1, "slip": 0.0, "tp_r": 1, "trail_r": 1.5}
s02_gross|IS|{"commission": 0.0, "exit_time": 16.0, "sl_k": 0.5, "sl_ref": 1, "slip": 0.0, "tp_r": 1, "trail_r": 1.5}
s02_gross|IS|{"commission": 0.0, "exit_time": 18.0, "sl_k": 0.5, "sl_ref": 1, "slip": 0.0, "tp_r": 1, "trail_r": 1.5}
s02_gross|IS|{"commission": 0.0, "sl_k": 0.5, "sl_ref": 1, "slip": 0.0, "tp_r": 1, "trail_r": 1.5}
s02_gross|IS|{"commission": 0.0, "exit_time": 21.0, "sl_k": 0.5, "sl_ref": 1, "slip": 0.0, "tp_r": 1, "trail_r": 1.5}
s02_gross|IS|{"commission": 0.0, "exit_time": 14.0, "sl_k": 0.5, "sl_ref": 1, "slip": 0.0, "tp_r": 1, "trail_r": 2}
s02_gross|IS|{"commission": 0.0, "exit_time": 16.0, "sl_k": 0.5, "sl_ref": 1, "slip": 0.0, "tp_r": 1, "trail_r": 2}
s02_gross|IS|{"commission": 0.0, "exit_time": 18.0, "sl_k": 0.5, "sl_ref": 1, "slip": 0.0, "tp_r": 1, "trail_r": 2}
s02_gross|IS|{"commission": 0.0, "sl_k": 0.5, "sl_ref": 1, "slip": 0.0, "tp_r": 1, "trail_r": 2}
s02_gross|IS|{"commission": 0.0, "exit_time": 21.0, "sl_k": 0.5, "sl_ref": 1, "slip": 0.0, "tp_r": 1, "trail_r": 2}
s02_gross|IS|{"be_r": 0.5, "commission": 0.0, "exit_time": 14.0, "sl_k": 0.5, "sl_ref": 1, "slip": 0.0, "tp_r": 1}
s02_gross|IS|{"be_r": 0.5, "commission": 0.0, "exit_time": 16.0, "sl_k": 0.5, "sl_ref": 1, "slip": 0.0, "tp_r": 1}
s02_gross|IS|{"be_r": 0.5, "commission": 0.0, "exit_time": 18.0, "sl_k": 0.5, "sl_ref": 1, "slip": 0.0, "tp_r": 1}
s02_gross|IS|{"be_r": 0.5, "commission": 0.0, "sl_k": 0.5, "sl_ref": 1, "slip": 0.0, "tp_r": 1}
s02_gross|IS|{"be_r": 0.5, "commission": 0.0, "exit_time": 21.0, "sl_k": 0.5, "sl_ref": 1, "slip": 0.0, "tp_r": 1}
s02_gross|IS|{"be_r": 0.5, "commission": 0.0, "exit_time": 14.0, "sl_k": 0.5, "sl_ref": 1, "slip": 0.0, "tp_r": 1, "trail_r": 0.5}
s02_gross|IS|{"be_r": 0.5, "commission": 0.0, "exit_time": 16.0, "sl_k": 0.5, "sl_ref": 1, "slip": 0.0, "tp_r": 1, "trail_r": 0.5}
s02_gross|IS|{"be_r": 0.5, "commission": 0.0, "exit_time": 18.0, "sl_k": 0.5, "sl_ref": 1, "slip": 0.0, "tp_r": 1, "trail_r": 0.5}
s02_gross|IS|{"be_r": 0.5, "commission": 0.0, "sl_k": 0.5, "sl_ref": 1, "slip": 0.0, "tp_r": 1, "trail_r": 0.5}
s02_gross|IS|{"be_r": 0.5, "commission": 0.0, "exit_time": 21.0, "sl_k": 0.5, "sl_ref": 1, "slip": 0.0, "tp_r": 1, "trail_r": 0.5}
s02_gross|IS|{"be_r": 0.5, "commission": 0.0, "exit_time": 14.0, "sl_k": 0.5, "sl_ref": 1, "slip": 0.0, "tp_r": 1, "trail_r": 1}
s02_gross|IS|{"be_r": 0.5, "commission": 0.0, "exit_time": 16.0, "sl_k": 0.5, "sl_ref": 1, "slip": 0.0, "tp_r": 1, "trail_r": 1}
s02_gross|IS|{"be_r": 0.5, "commission": 0.0, "exit_time": 18.0, "sl_k": 0.5, "sl_ref": 1, "slip": 0.0, "tp_r": 1, "trail_r": 1}
s02_gross|IS|{"be_r": 0.5, "commission": 0.0, "sl_k": 0.5, "sl_ref": 1, "slip": 0.0, "tp_r": 1, "trail_r": 1}
s02_gross|IS|{"be_r": 0.5, "commission": 0.0, "exit_time": 21.0, "sl_k": 0.5, "sl_ref": 1, "slip": 0.0, "tp_r": 1, "trail_r": 1}
s02_gross|IS|{"be_r": 0.5, "commission": 0.0, "exit_time": 14.0, "sl_k": 0.5, "sl_ref": 1, "slip": 0.0, "tp_r": 1, "trail_r": 1.5}
s02_gross|IS|{"be_r": 0.5, "commission": 0.0, "exit_time": 16.0, "sl_k": 0.5, "sl_ref": 1, "slip": 0.0, "tp_r": 1, "trail_r": 1.5}
s02_gross|IS|{"be_r": 0.5, "commission": 0.0, "exit_time": 18.0, "sl_k": 0.5, "sl_ref": 1, "slip": 0.0, "tp_r": 1, "trail_r": 1.5}
s02_gross|IS|{"be_r": 0.5, "commission": 0.0, "sl_k": 0.5, "sl_ref": 1, "slip": 0.0, "tp_r": 1, "trail_r": 1.5}
s02_gross|IS|{"be_r": 0.5, "commission": 0.0, "exit_time": 21.0, "sl_k": 0.5, "sl_ref": 1, "slip": 0.0, "tp_r": 1, "trail_r": 1.5}
s02_gross|IS|{"be_r": 0.5, "commission": 0.0, "exit_time": 14.0, "sl_k": 0.5, "sl_ref": 1, "slip": 0.0, "tp_r": 1, "trail_r": 2}
s02_gross|IS|{"be_r": 0.5, "commission": 0.0, "exit_time": 16.0, "sl_k": 0.5, "sl_ref": 1, "slip": 0.0, "tp_r": 1, "trail_r": 2}
s02_gross|IS|{"be_r": 0.5, "commission": 0.0, "exit_time": 18.0, "sl_k": 0.5, "sl_ref": 1, "slip": 0.0, "tp_r": 1, "trail_r": 2}
s02_gross|IS|{"be_r": 0.5, "commission": 0.0, "sl_k": 0.5, "sl_ref": 1, "slip": 0.0, "tp_r": 1, "trail_r": 2}
s02_gross|IS|{"be_r": 0.5, "commission": 0.0, "exit_time": 21.0, "sl_k": 0.5, "sl_ref": 1, "slip": 0.0, "tp_r": 1, "trail_r": 2}
s02_gross|IS|{"be_r": 1, "commission": 0.0, "exit_time": 14.0, "sl_k": 0.5, "sl_ref": 1, "slip": 0.0, "tp_r": 1}
s02_gross|IS|{"be_r": 1, "commission": 0.0, "exit_time": 16.0, "sl_k": 0.5, "sl_ref": 1, "slip": 0.0, "tp_r": 1}
s02_gross|IS|{"be_r": 1, "commission": 0.0, "exit_time": 18.0, "sl_k": 0.5, "sl_ref": 1, "slip": 0.0, "tp_r": 1}
s02_gross|IS|{"be_r": 1, "commission": 0.0, "sl_k": 0.5, "sl_ref": 1, "slip": 0.0, "tp_r": 1}
s02_gross|IS|{"be_r": 1, "commission": 0.0, "exit_time": 21.0, "sl_k": 0.5, "sl_ref": 1, "slip": 0.0, "tp_r": 1}
s02_gross|IS|{"be_r": 1, "commission": 0.0, "exit_time": 14.0, "sl_k": 0.5, "sl_ref": 1, "slip": 0.0, "tp_r": 1, "trail_r": 0.5}
s02_gross|IS|{"be_r": 1, "commission": 0.0, "exit_time": 16.0, "sl_k": 0.5, "sl_ref": 1, "slip": 0.0, "tp_r": 1, "trail_r": 0.5}
s02_gross|IS|{"be_r": 1, "commission": 0.0, "exit_time": 18.0, "sl_k": 0.5, "sl_ref": 1, "slip": 0.0, "tp_r": 1, "trail_r": 0.5}
s02_gross|IS|{"be_r": 1, "commission": 0.0, "sl_k": 0.5, "sl_ref": 1, "slip": 0.0, "tp_r": 1, "trail_r": 0.5}
s02_gross|IS|{"be_r": 1, "commission": 0.0, "exit_time": 21.0, "sl_k": 0.5, "sl_ref": 1, "slip": 0.0, "tp_r": 1, "trail_r": 0.5}
s02_gross|IS|{"be_r": 1, "commission": 0.0, "exit_time": 14.0, "sl_k": 0.5, "sl_ref": 1, "slip": 0.0, "tp_r": 1, "trail_r": 1}
s02_gross|IS|{"be_r": 1, "commission": 0.0, "exit_time": 16.0, "sl_k": 0.5, "sl_ref": 1, "slip": 0.0, "tp_r": 1, "trail_r": 1}
s02_gross|IS|{"be_r": 1, "commission": 0.0, "exit_time": 18.0, "sl_k": 0.5, "sl_ref": 1, "slip": 0.0, "tp_r": 1, "trail_r": 1}
s02_gross|IS|{"be_r": 1, "commission": 0.0, "sl_k": 0.5, "sl_ref": 1, "slip": 0.0, "tp_r": 1, "trail_r": 1}
s02_gross|IS|{"be_r": 1, "commission": 0.0, "exit_time": 21.0, "sl_k": 0.5, "sl_ref": 1, "slip": 0.0, "tp_r": 1, "trail_r": 1}
s02_gross|IS|{"be_r": 1, "commission": 0.0, "exit_time": 14.0, "sl_k": 0.5, "sl_ref": 1, "slip": 0.0, "tp_r": 1, "trail_r": 1.5}
s02_gross|IS|{"be_r": 1, "commission": 0.0, "exit_time": 16.0, "sl_k": 0.5, "sl_ref": 1, "slip": 0.0, "tp_r": 1, "trail_r": 1.5}
s02_gross|IS|{"be_r": 1, "commission": 0.0, "exit_time": 18.0, "sl_k": 0.5, "sl_ref": 1, "slip": 0.0, "tp_r": 1, "trail_r": 1.5}
s02_gross|IS|{"be_r": 1, "commission": 0.0, "sl_k": 0.5, "sl_ref": 1, "slip": 0.0, "tp_r": 1, "trail_r": 1.5}
s02_gross|IS|{"be_r": 1, "commission": 0.0, "exit_time": 21.0, "sl_k": 0.5, "sl_ref": 1, "slip": 0.0, "tp_r": 1, "trail_r": 1.5}
s02_gross|IS|{"be_r": 1, "commission": 0.0, "exit_time": 14.0, "sl_k": 0.5, "sl_ref": 1, "slip": 0.0, "tp_r": 1, "trail_r": 2}
s02_gross|IS|{"be_r": 1, "commission": 0.0, "exit_time": 16.0, "sl_k": 0.5, "sl_ref": 1, "slip": 0.0, "tp_r": 1, "trail_r": 2}
s02_gross|IS|{"be_r": 1, "commission": 0.0, "exit_time": 18.0, "sl_k": 0.5, "sl_ref": 1, "slip": 0.0, "tp_r": 1, "trail_r": 2}
s02_gross|IS|{"be_r": 1, "commission": 0.0, "sl_k": 0.5, "sl_ref": 1, "slip": 0.0, "tp_r": 1, "trail_r": 2}
s02_gross|IS|{"be_r": 1, "commission": 0.0, "exit_time": 21.0, "sl_k": 0.5, "sl_ref": 1, "slip": 0.0, "tp_r": 1, "trail_r": 2}
s02_gross|IS|{"commission": 0.0, "exit_time": 14.0, "sl_k": 0.5, "sl_ref": 1, "slip": 0.0, "tp_r": 1.5}
s02_gross|IS|{"commission": 0.0, "exit_time": 16.0, "sl_k": 0.5, "sl_ref": 1, "slip": 0.0, "tp_r": 1.5}
s02_gross|IS|{"commission": 0.0, "exit_time": 18.0, "sl_k": 0.5, "sl_ref": 1, "slip": 0.0, "tp_r": 1.5}
s02_gross|IS|{"commission": 0.0, "sl_k": 0.5, "sl_ref": 1, "slip": 0.0, "tp_r": 1.5}
s02_gross|IS|{"commission": 0.0, "exit_time": 21.0, "sl_k": 0.5, "sl_ref": 1, "slip": 0.0, "tp_r": 1.5}
s02_gross|IS|{"commission": 0.0, "exit_time": 14.0, "sl_k": 0.5, "sl_ref": 1, "slip": 0.0, "tp_r": 1.5, "trail_r": 0.5}
s02_gross|IS|{"commission": 0.0, "exit_time": 16.0, "sl_k": 0.5, "sl_ref": 1, "slip": 0.0, "tp_r": 1.5, "trail_r": 0.5}
s02_gross|IS|{"commission": 0.0, "exit_time": 18.0, "sl_k": 0.5, "sl_ref": 1, "slip": 0.0, "tp_r": 1.5, "trail_r": 0.5}
s02_gross|IS|{"commission": 0.0, "sl_k": 0.5, "sl_ref": 1, "slip": 0.0, "tp_r": 1.5, "trail_r": 0.5}
s02_gross|IS|{"commission": 0.0, "exit_time": 21.0, "sl_k": 0.5, "sl_ref": 1, "slip": 0.0, "tp_r": 1.5, "trail_r": 0.5}
s02_gross|IS|{"commission": 0.0, "exit_time": 14.0, "sl_k": 0.5, "sl_ref": 1, "slip": 0.0, "tp_r": 1.5, "trail_r": 1}
s02_gross|IS|{"commission": 0.0, "exit_time": 16.0, "sl_k": 0.5, "sl_ref": 1, "slip": 0.0, "tp_r": 1.5, "trail_r": 1}
s02_gross|IS|{"commission": 0.0, "exit_time": 18.0, "sl_k": 0.5, "sl_ref": 1, "slip": 0.0, "tp_r": 1.5, "trail_r": 1}
s02_gross|IS|{"commission": 0.0, "sl_k": 0.5, "sl_ref": 1, "slip": 0.0, "tp_r": 1.5, "trail_r": 1}
s02_gross|IS|{"commission": 0.0, "exit_time": 21.0, "sl_k": 0.5, "sl_ref": 1, "slip": 0.0, "tp_r": 1.5, "trail_r": 1}
s02_gross|IS|{"commission": 0.0, "exit_time": 14.0, "sl_k": 0.5, "sl_ref": 1, "slip": 0.0, "tp_r": 1.5, "trail_r": 1.5}
s02_gross|IS|{"commission": 0.0, "exit_time": 16.0, "sl_k": 0.5, "sl_ref": 1, "slip": 0.0, "tp_r": 1.5, "trail_r": 1.5}
s02_gross|IS|{"commission": 0.0, "exit_time": 18.0, "sl_k": 0.5, "sl_ref": 1, "slip": 0.0, "tp_r": 1.5, "trail_r": 1.5}
s02_gross|IS|{"commission": 0.0, "sl_k": 0.5, "sl_ref": 1, "slip": 0.0, "tp_r": 1.5, "trail_r": 1.5}
s02_gross|IS|{"commission": 0.0, "exit_time": 21.0, "sl_k": 0.5, "sl_ref": 1, "slip": 0.0, "tp_r": 1.5, "trail_r": 1.5}
s02_gross|IS|{"commission": 0.0, "exit_time": 14.0, "sl_k": 0.5, "sl_ref": 1, "slip": 0.0, "tp_r": 1.5, "trail_r": 2}
s02_gross|IS|{"commission": 0.0, "exit_time": 16.0, "sl_k": 0.5, "sl_ref": 1, "slip": 0.0, "tp_r": 1.5, "trail_r": 2}
s02_gross|IS|{"commission": 0.0, "exit_time": 18.0, "sl_k": 0.5, "sl_ref": 1, "slip": 0.0, "tp_r": 1.5, "trail_r": 2}
s02_gross|IS|{"commission": 0.0, "sl_k": 0.5, "sl_ref": 1, "slip": 0.0, "tp_r": 1.5, "trail_r": 2}
s02_gross|IS|{"commission": 0.0, "exit_time": 21.0, "sl_k": 0.5, "sl_ref": 1, "slip": 0.0, "tp_r": 1.5, "trail_r": 2}
s02_gross|IS|{"be_r": 0.5, "commission": 0.0, "exit_time": 14.0, "sl_k": 0.5, "sl_ref": 1, "slip": 0.0, "tp_r": 1.5}
s02_gross|IS|{"be_r": 0.5, "commission": 0.0, "exit_time": 16.0, "sl_k": 0.5, "sl_ref": 1, "slip": 0.0, "tp_r": 1.5}
s02_gross|IS|{"be_r": 0.5, "commission": 0.0, "exit_time": 18.0, "sl_k": 0.5, "sl_ref": 1, "slip": 0.0, "tp_r": 1.5}
s02_gross|IS|{"be_r": 0.5, "commission": 0.0, "sl_k": 0.5, "sl_ref": 1, "slip": 0.0, "tp_r": 1.5}
s02_gross|IS|{"be_r": 0.5, "commission": 0.0, "exit_time": 21.0, "sl_k": 0.5, "sl_ref": 1, "slip": 0.0, "tp_r": 1.5}
s02_gross|IS|{"be_r": 0.5, "commission": 0.0, "exit_time": 14.0, "sl_k": 0.5, "sl_ref": 1, "slip": 0.0, "tp_r": 1.5, "trail_r": 0.5}
s02_gross|IS|{"be_r": 0.5, "commission": 0.0, "exit_time": 16.0, "sl_k": 0.5, "sl_ref": 1, "slip": 0.0, "tp_r": 1.5, "trail_r": 0.5}
s02_gross|IS|{"be_r": 0.5, "commission": 0.0, "exit_time": 18.0, "sl_k": 0.5, "sl_ref": 1, "slip": 0.0, "tp_r": 1.5, "trail_r": 0.5}
s02_gross|IS|{"be_r": 0.5, "commission": 0.0, "sl_k": 0.5, "sl_ref": 1, "slip": 0.0, "tp_r": 1.5, "trail_r": 0.5}
s02_gross|IS|{"be_r": 0.5, "commission": 0.0, "exit_time": 21.0, "sl_k": 0.5, "sl_ref": 1, "slip": 0.0, "tp_r": 1.5, "trail_r": 0.5}
s02_gross|IS|{"be_r": 0.5, "commission": 0.0, "exit_time": 14.0, "sl_k": 0.5, "sl_ref": 1, "slip": 0.0, "tp_r": 1.5, "trail_r": 1}
s02_gross|IS|{"be_r": 0.5, "commission": 0.0, "exit_time": 16.0, "sl_k": 0.5, "sl_ref": 1, "slip": 0.0, "tp_r": 1.5, "trail_r": 1}
s02_gross|IS|{"be_r": 0.5, "commission": 0.0, "exit_time": 18.0, "sl_k": 0.5, "sl_ref": 1, "slip": 0.0, "tp_r": 1.5, "trail_r": 1}
s02_gross|IS|{"be_r": 0.5, "commission": 0.0, "sl_k": 0.5, "sl_ref": 1, "slip": 0.0, "tp_r": 1.5, "trail_r": 1}
s02_gross|IS|{"be_r": 0.5, "commission": 0.0, "exit_time": 21.0, "sl_k": 0.5, "sl_ref": 1, "slip": 0.0, "tp_r": 1.5, "trail_r": 1}
s02_gross|IS|{"be_r": 0.5, "commission": 0.0, "exit_time": 14.0, "sl_k": 0.5, "sl_ref": 1, "slip": 0.0, "tp_r": 1.5, "trail_r": 1.5}
s02_gross|IS|{"be_r": 0.5, "commission": 0.0, "exit_time": 16.0, "sl_k": 0.5, "sl_ref": 1, "slip": 0.0, "tp_r": 1.5, "trail_r": 1.5}
s02_gross|IS|{"be_r": 0.5, "commission": 0.0, "exit_time": 18.0, "sl_k": 0.5, "sl_ref": 1, "slip": 0.0, "tp_r": 1.5, "trail_r": 1.5}
s02_gross|IS|{"be_r": 0.5, "commission": 0.0, "sl_k": 0.5, "sl_ref": 1, "slip": 0.0, "tp_r": 1.5, "trail_r": 1.5}
s02_gross|IS|{"be_r": 0.5, "commission": 0.0, "exit_time": 21.0, "sl_k": 0.5, "sl_ref": 1, "slip": 0.0, "tp_r": 1.5, "trail_r": 1.5}
s02_gross|IS|{"be_r": 0.5, "commission": 0.0, "exit_time": 14.0, "sl_k": 0.5, "sl_ref": 1, "slip": 0.0, "tp_r": 1.5, "trail_r": 2}
s02_gross|IS|{"be_r": 0.5, "commission": 0.0, "exit_time": 16.0, "sl_k": 0.5, "sl_ref": 1, "slip": 0.0, "tp_r": 1.5, "trail_r": 2}
s02_gross|IS|{"be_r": 0.5, "commission": 0.0, "exit_time": 18.0, "sl_k": 0.5, "sl_ref": 1, "slip": 0.0, "tp_r": 1.5, "trail_r": 2}
s02_gross|IS|{"be_r": 0.5, "commission": 0.0, "sl_k": 0.5, "sl_ref": 1, "slip": 0.0, "tp_r": 1.5, "trail_r": 2}
s02_gross|IS|{"be_r": 0.5, "commission": 0.0, "exit_time": 21.0, "sl_k": 0.5, "sl_ref": 1, "slip": 0.0, "tp_r": 1.5, "trail_r": 2}
s02_gross|IS|{"be_r": 1, "commission": 0.0, "exit_time": 14.0, "sl_k": 0.5, "sl_ref": 1, "slip": 0.0, "tp_r": 1.5}
s02_gross|IS|{"be_r": 1, "commission": 0.0, "exit_time": 16.0, "sl_k": 0.5, "sl_ref": 1, "slip": 0.0, "tp_r": 1.5}
s02_gross|IS|{"be_r": 1, "commission": 0.0, "exit_time": 18.0, "sl_k": 0.5, "sl_ref": 1, "slip": 0.0, "tp_r": 1.5}
s02_gross|IS|{"be_r": 1, "commission": 0.0, "sl_k": 0.5, "sl_ref": 1, "slip": 0.0, "tp_r": 1.5}
s02_gross|IS|{"be_r": 1, "commission": 0.0, "exit_time": 21.0, "sl_k": 0.5, "sl_ref": 1, "slip": 0.0, "tp_r": 1.5}
s02_gross|IS|{"be_r": 1, "commission": 0.0, "exit_time": 14.0, "sl_k": 0.5, "sl_ref": 1, "slip": 0.0, "tp_r": 1.5, "trail_r": 0.5}
s02_gross|IS|{"be_r": 1, "commission": 0.0, "exit_time": 16.0, "sl_k": 0.5, "sl_ref": 1, "slip": 0.0, "tp_r": 1.5, "trail_r": 0.5}
s02_gross|IS|{"be_r": 1, "commission": 0.0, "exit_time": 18.0, "sl_k": 0.5, "sl_ref": 1, "slip": 0.0, "tp_r": 1.5, "trail_r": 0.5}
s02_gross|IS|{"be_r": 1, "commission": 0.0, "sl_k": 0.5, "sl_ref": 1, "slip": 0.0, "tp_r": 1.5, "trail_r": 0.5}
s02_gross|IS|{"be_r": 1, "commission": 0.0, "exit_time": 21.0, "sl_k": 0.5, "sl_ref": 1, "slip": 0.0, "tp_r": 1.5, "trail_r": 0.5}
s02_gross|IS|{"be_r": 1, "commission": 0.0, "exit_time": 14.0, "sl_k": 0.5, "sl_ref": 1, "slip": 0.0, "tp_r": 1.5, "trail_r": 1}
s02_gross|IS|{"be_r": 1, "commission": 0.0, "exit_time": 16.0, "sl_k": 0.5, "sl_ref": 1, "slip": 0.0, "tp_r": 1.5, "trail_r": 1}
s02_gross|IS|{"be_r": 1, "commission": 0.0, "exit_time": 18.0, "sl_k": 0.5, "sl_ref": 1, "slip": 0.0, "tp_r": 1.5, "trail_r": 1}
s02_gross|IS|{"be_r": 1, "commission": 0.0, "sl_k": 0.5, "sl_ref": 1, "slip": 0.0, "tp_r": 1.5, "trail_r": 1}
s02_gross|IS|{"be_r": 1, "commission": 0.0, "exit_time": 21.0, "sl_k": 0.5, "sl_ref": 1, "slip": 0.0, "tp_r": 1.5, "trail_r": 1}
s02_gross|IS|{"be_r": 1, "commission": 0.0, "exit_time": 14.0, "sl_k": 0.5, "sl_ref": 1, "slip": 0.0, "tp_r": 1.5, "trail_r": 1.5}
s02_gross|IS|{"be_r": 1, "commission": 0.0, "exit_time": 16.0, "sl_k": 0.5, "sl_ref": 1, "slip": 0.0, "tp_r": 1.5, "trail_r": 1.5}
s02_gross|IS|{"be_r": 1, "commission": 0.0, "exit_time": 18.0, "sl_k": 0.5, "sl_ref": 1, "slip": 0.0, "tp_r": 1.5, "trail_r": 1.5}
s02_gross|IS|{"be_r": 1, "commission": 0.0, "sl_k": 0.5, "sl_ref": 1, "slip": 0.0, "tp_r": 1.5, "trail_r": 1.5}
s02_gross|IS|{"be_r": 1, "commission": 0.0, "exit_time": 21.0, "sl_k": 0.5, "sl_ref": 1, "slip": 0.0, "tp_r": 1.5, "trail_r": 1.5}
s02_gross|IS|{"be_r": 1, "commission": 0.0, "exit_time": 14.0, "sl_k": 0.5, "sl_ref": 1, "slip": 0.0, "tp_r": 1.5, "trail_r": 2}
s02_gross|IS|{"be_r": 1, "commission": 0.0, "exit_time": 16.0, "sl_k": 0.5, "sl_ref": 1, "slip": 0.0, "tp_r": 1.5, "trail_r": 2}
s02_gross|IS|{"be_r": 1, "commission": 0.0, "exit_time": 18.0, "sl_k": 0.5, "sl_ref": 1, "slip": 0.0, "tp_r": 1.5, "trail_r": 2}
s02_gross|IS|{"be_r": 1, "commission": 0.0, "sl_k": 0.5, "sl_ref": 1, "slip": 0.0, "tp_r": 1.5, "trail_r": 2}
s02_gross|IS|{"be_r": 1, "commission": 0.0, "exit_time": 21.0, "sl_k": 0.5, "sl_ref": 1, "slip": 0.0, "tp_r": 1.5, "trail_r": 2}
s02_gross|IS|{"commission": 0.0, "exit_time": 14.0, "sl_k": 0.5, "sl_ref": 1, "slip": 0.0, "tp_r": 2}
s02_gross|IS|{"commission": 0.0, "exit_time": 16.0, "sl_k": 0.5, "sl_ref": 1, "slip": 0.0, "tp_r": 2}
s02_gross|IS|{"commission": 0.0, "exit_time": 18.0, "sl_k": 0.5, "sl_ref": 1, "slip": 0.0, "tp_r": 2}
s02_gross|IS|{"commission": 0.0, "sl_k": 0.5, "sl_ref": 1, "slip": 0.0, "tp_r": 2}
s02_gross|IS|{"commission": 0.0, "exit_time": 21.0, "sl_k": 0.5, "sl_ref": 1, "slip": 0.0, "tp_r": 2}
s02_gross|IS|{"commission": 0.0, "exit_time": 14.0, "sl_k": 0.5, "sl_ref": 1, "slip": 0.0, "tp_r": 2, "trail_r": 0.5}
s02_gross|IS|{"commission": 0.0, "exit_time": 16.0, "sl_k": 0.5, "sl_ref": 1, "slip": 0.0, "tp_r": 2, "trail_r": 0.5}
s02_gross|IS|{"commission": 0.0, "exit_time": 18.0, "sl_k": 0.5, "sl_ref": 1, "slip": 0.0, "tp_r": 2, "trail_r": 0.5}
s02_gross|IS|{"commission": 0.0, "sl_k": 0.5, "sl_ref": 1, "slip": 0.0, "tp_r": 2, "trail_r": 0.5}
s02_gross|IS|{"commission": 0.0, "exit_time": 21.0, "sl_k": 0.5, "sl_ref": 1, "slip": 0.0, "tp_r": 2, "trail_r": 0.5}
s02_gross|IS|{"commission": 0.0, "exit_time": 14.0, "sl_k": 0.5, "sl_ref": 1, "slip": 0.0, "tp_r": 2, "trail_r": 1}
s02_gross|IS|{"commission": 0.0, "exit_time": 16.0, "sl_k": 0.5, "sl_ref": 1, "slip": 0.0, "tp_r": 2, "trail_r": 1}
s02_gross|IS|{"commission": 0.0, "exit_time": 18.0, "sl_k": 0.5, "sl_ref": 1, "slip": 0.0, "tp_r": 2, "trail_r": 1}
s02_gross|IS|{"commission": 0.0, "sl_k": 0.5, "sl_ref": 1, "slip": 0.0, "tp_r": 2, "trail_r": 1}
s02_gross|IS|{"commission": 0.0, "exit_time": 21.0, "sl_k": 0.5, "sl_ref": 1, "slip": 0.0, "tp_r": 2, "trail_r": 1}
s02_gross|IS|{"commission": 0.0, "exit_time": 14.0, "sl_k": 0.5, "sl_ref": 1, "slip": 0.0, "tp_r": 2, "trail_r": 1.5}
s02_gross|IS|{"commission": 0.0, "exit_time": 16.0, "sl_k": 0.5, "sl_ref": 1, "slip": 0.0, "tp_r": 2, "trail_r": 1.5}
s02_gross|IS|{"commission": 0.0, "exit_time": 18.0, "sl_k": 0.5, "sl_ref": 1, "slip": 0.0, "tp_r": 2, "trail_r": 1.5}
s02_gross|IS|{"commission": 0.0, "sl_k": 0.5, "sl_ref": 1, "slip": 0.0, "tp_r": 2, "trail_r": 1.5}
s02_gross|IS|{"commission": 0.0, "exit_time": 21.0, "sl_k": 0.5, "sl_ref": 1, "slip": 0.0, "tp_r": 2, "trail_r": 1.5}
s02_gross|IS|{"commission": 0.0, "exit_time": 14.0, "sl_k": 0.5, "sl_ref": 1, "slip": 0.0, "tp_r": 2, "trail_r": 2}
s02_gross|IS|{"commission": 0.0, "exit_time": 16.0, "sl_k": 0.5, "sl_ref": 1, "slip": 0.0, "tp_r": 2, "trail_r": 2}
s02_gross|IS|{"commission": 0.0, "exit_time": 18.0, "sl_k": 0.5, "sl_ref": 1, "slip": 0.0, "tp_r": 2, "trail_r": 2}
s02_gross|IS|{"commission": 0.0, "sl_k": 0.5, "sl_ref": 1, "slip": 0.0, "tp_r": 2, "trail_r": 2}
s02_gross|IS|{"commission": 0.0, "exit_time": 21.0, "sl_k": 0.5, "sl_ref": 1, "slip": 0.0, "tp_r": 2, "trail_r": 2}
s02_gross|IS|{"be_r": 0.5, "commission": 0.0, "exit_time": 14.0, "sl_k": 0.5, "sl_ref": 1, "slip": 0.0, "tp_r": 2}
s02_gross|IS|{"be_r": 0.5, "commission": 0.0, "exit_time": 16.0, "sl_k": 0.5, "sl_ref": 1, "slip": 0.0, "tp_r": 2}
s02_gross|IS|{"be_r": 0.5, "commission": 0.0, "exit_time": 18.0, "sl_k": 0.5, "sl_ref": 1, "slip": 0.0, "tp_r": 2}
s02_gross|IS|{"be_r": 0.5, "commission": 0.0, "sl_k": 0.5, "sl_ref": 1, "slip": 0.0, "tp_r": 2}
s02_gross|IS|{"be_r": 0.5, "commission": 0.0, "exit_time": 21.0, "sl_k": 0.5, "sl_ref": 1, "slip": 0.0, "tp_r": 2}
s02_gross|IS|{"be_r": 0.5, "commission": 0.0, "exit_time": 14.0, "sl_k": 0.5, "sl_ref": 1, "slip": 0.0, "tp_r": 2, "trail_r": 0.5}
s02_gross|IS|{"be_r": 0.5, "commission": 0.0, "exit_time": 16.0, "sl_k": 0.5, "sl_ref": 1, "slip": 0.0, "tp_r": 2, "trail_r": 0.5}
s02_gross|IS|{"be_r": 0.5, "commission": 0.0, "exit_time": 18.0, "sl_k": 0.5, "sl_ref": 1, "slip": 0.0, "tp_r": 2, "trail_r": 0.5}
s02_gross|IS|{"be_r": 0.5, "commission": 0.0, "sl_k": 0.5, "sl_ref": 1, "slip": 0.0, "tp_r": 2, "trail_r": 0.5}
s02_gross|IS|{"be_r": 0.5, "commission": 0.0, "exit_time": 21.0, "sl_k": 0.5, "sl_ref": 1, "slip": 0.0, "tp_r": 2, "trail_r": 0.5}
s02_gross|IS|{"be_r": 0.5, "commission": 0.0, "exit_time": 14.0, "sl_k": 0.5, "sl_ref": 1, "slip": 0.0, "tp_r": 2, "trail_r": 1}
s02_gross|IS|{"be_r": 0.5, "commission": 0.0, "exit_time": 16.0, "sl_k": 0.5, "sl_ref": 1, "slip": 0.0, "tp_r": 2, "trail_r": 1}
s02_gross|IS|{"be_r": 0.5, "commission": 0.0, "exit_time": 18.0, "sl_k": 0.5, "sl_ref": 1, "slip": 0.0, "tp_r": 2, "trail_r": 1}
s02_gross|IS|{"be_r": 0.5, "commission": 0.0, "sl_k": 0.5, "sl_ref": 1, "slip": 0.0, "tp_r": 2, "trail_r": 1}
s02_gross|IS|{"be_r": 0.5, "commission": 0.0, "exit_time": 21.0, "sl_k": 0.5, "sl_ref": 1, "slip": 0.0, "tp_r": 2, "trail_r": 1}
s02_gross|IS|{"be_r": 0.5, "commission": 0.0, "exit_time": 14.0, "sl_k": 0.5, "sl_ref": 1, "slip": 0.0, "tp_r": 2, "trail_r": 1.5}
s02_gross|IS|{"be_r": 0.5, "commission": 0.0, "exit_time": 16.0, "sl_k": 0.5, "sl_ref": 1, "slip": 0.0, "tp_r": 2, "trail_r": 1.5}
s02_gross|IS|{"be_r": 0.5, "commission": 0.0, "exit_time": 18.0, "sl_k": 0.5, "sl_ref": 1, "slip": 0.0, "tp_r": 2, "trail_r": 1.5}
s02_gross|IS|{"be_r": 0.5, "commission": 0.0, "sl_k": 0.5, "sl_ref": 1, "slip": 0.0, "tp_r": 2, "trail_r": 1.5}
s02_gross|IS|{"be_r": 0.5, "commission": 0.0, "exit_time": 21.0, "sl_k": 0.5, "sl_ref": 1, "slip": 0.0, "tp_r": 2, "trail_r": 1.5}
s02_gross|IS|{"be_r": 0.5, "commission": 0.0, "exit_time": 14.0, "sl_k": 0.5, "sl_ref": 1, "slip": 0.0, "tp_r": 2, "trail_r": 2}
s02_gross|IS|{"be_r": 0.5, "commission": 0.0, "exit_time": 16.0, "sl_k": 0.5, "sl_ref": 1, "slip": 0.0, "tp_r": 2, "trail_r": 2}
s02_gross|IS|{"be_r": 0.5, "commission": 0.0, "exit_time": 18.0, "sl_k": 0.5, "sl_ref": 1, "slip": 0.0, "tp_r": 2, "trail_r": 2}
s02_gross|IS|{"be_r": 0.5, "commission": 0.0, "sl_k": 0.5, "sl_ref": 1, "slip": 0.0, "tp_r": 2, "trail_r": 2}
s02_gross|IS|{"be_r": 0.5, "commission": 0.0, "exit_time": 21.0, "sl_k": 0.5, "sl_ref": 1, "slip": 0.0, "tp_r": 2, "trail_r": 2}
s02_gross|IS|{"be_r": 1, "commission": 0.0, "exit_time": 14.0, "sl_k": 0.5, "sl_ref": 1, "slip": 0.0, "tp_r": 2}
s02_gross|IS|{"be_r": 1, "commission": 0.0, "exit_time": 16.0, "sl_k": 0.5, "sl_ref": 1, "slip": 0.0, "tp_r": 2}
s02_gross|IS|{"be_r": 1, "commission": 0.0, "exit_time": 18.0, "sl_k": 0.5, "sl_ref": 1, "slip": 0.0, "tp_r": 2}
s02_gross|IS|{"be_r": 1, "commission": 0.0, "sl_k": 0.5, "sl_ref": 1, "slip": 0.0, "tp_r": 2}
s02_gross|IS|{"be_r": 1, "commission": 0.0, "exit_time": 21.0, "sl_k": 0.5, "sl_ref": 1, "slip": 0.0, "tp_r": 2}
s02_gross|IS|{"be_r": 1, "commission": 0.0, "exit_time": 14.0, "sl_k": 0.5, "sl_ref": 1, "slip": 0.0, "tp_r": 2, "trail_r": 0.5}
s02_gross|IS|{"be_r": 1, "commission": 0.0, "exit_time": 16.0, "sl_k": 0.5, "sl_ref": 1, "slip": 0.0, "tp_r": 2, "trail_r": 0.5}
s02_gross|IS|{"be_r": 1, "commission": 0.0, "exit_time": 18.0, "sl_k": 0.5, "sl_ref": 1, "slip": 0.0, "tp_r": 2, "trail_r": 0.5}
s02_gross|IS|{"be_r": 1, "commission": 0.0, "sl_k": 0.5, "sl_ref": 1, "slip": 0.0, "tp_r": 2, "trail_r": 0.5}
s02_gross|IS|{"be_r": 1, "commission": 0.0, "exit_time": 21.0, "sl_k": 0.5, "sl_ref": 1, "slip": 0.0, "tp_r": 2, "trail_r": 0.5}
s02_gross|IS|{"be_r": 1, "commission": 0.0, "exit_time": 14.0, "sl_k": 0.5, "sl_ref": 1, "slip": 0.0, "tp_r": 2, "trail_r": 1}
s02_gross|IS|{"be_r": 1, "commission": 0.0, "exit_time": 16.0, "sl_k": 0.5, "sl_ref": 1, "slip": 0.0, "tp_r": 2, "trail_r": 1}
s02_gross|IS|{"be_r": 1, "commission": 0.0, "exit_time": 18.0, "sl_k": 0.5, "sl_ref": 1, "slip": 0.0, "tp_r": 2, "trail_r": 1}
s02_gross|IS|{"be_r": 1, "commission": 0.0, "sl_k": 0.5, "sl_ref": 1, "slip": 0.0, "tp_r": 2, "trail_r": 1}
s02_gross|IS|{"be_r": 1, "commission": 0.0, "exit_time": 21.0, "sl_k": 0.5, "sl_ref": 1, "slip": 0.0, "tp_r": 2, "trail_r": 1}
s02_gross|IS|{"be_r": 1, "commission": 0.0, "exit_time": 14.0, "sl_k": 0.5, "sl_ref": 1, "slip": 0.0, "tp_r": 2, "trail_r": 1.5}
s02_gross|IS|{"be_r": 1, "commission": 0.0, "exit_time": 16.0, "sl_k": 0.5, "sl_ref": 1, "slip": 0.0, "tp_r": 2, "trail_r": 1.5}
s02_gross|IS|{"be_r": 1, "commission": 0.0, "exit_time": 18.0, "sl_k": 0.5, "sl_ref": 1, "slip": 0.0, "tp_r": 2, "trail_r": 1.5}
s02_gross|IS|{"be_r": 1, "commission": 0.0, "sl_k": 0.5, "sl_ref": 1, "slip": 0.0, "tp_r": 2, "trail_r": 1.5}
s02_gross|IS|{"be_r": 1, "commission": 0.0, "exit_time": 21.0, "sl_k": 0.5, "sl_ref": 1, "slip": 0.0, "tp_r": 2, "trail_r": 1.5}
s02_gross|IS|{"be_r": 1, "commission": 0.0, "exit_time": 14.0, "sl_k": 0.5, "sl_ref": 1, "slip": 0.0, "tp_r": 2, "trail_r": 2}
s02_gross|IS|{"be_r": 1, "commission": 0.0, "exit_time": 16.0, "sl_k": 0.5, "sl_ref": 1, "slip": 0.0, "tp_r": 2, "trail_r": 2}
s02_gross|IS|{"be_r": 1, "commission": 0.0, "exit_time": 18.0, "sl_k": 0.5, "sl_ref": 1, "slip": 0.0, "tp_r": 2, "trail_r": 2}
s02_gross|IS|{"be_r": 1, "commission": 0.0, "sl_k": 0.5, "sl_ref": 1, "slip": 0.0, "tp_r": 2, "trail_r": 2}
s02_gross|IS|{"be_r": 1, "commission": 0.0, "exit_time": 21.0, "sl_k": 0.5, "sl_ref": 1, "slip": 0.0, "tp_r": 2, "trail_r": 2}
s02_gross|IS|{"commission": 0.0, "exit_time": 14.0, "sl_k": 0.5, "sl_ref": 1, "slip": 0.0, "tp_r": 3}
s02_gross|IS|{"commission": 0.0, "exit_time": 16.0, "sl_k": 0.5, "sl_ref": 1, "slip": 0.0, "tp_r": 3}
s02_gross|IS|{"commission": 0.0, "exit_time": 18.0, "sl_k": 0.5, "sl_ref": 1, "slip": 0.0, "tp_r": 3}
s02_gross|IS|{"commission": 0.0, "sl_k": 0.5, "sl_ref": 1, "slip": 0.0, "tp_r": 3}
s02_gross|IS|{"commission": 0.0, "exit_time": 21.0, "sl_k": 0.5, "sl_ref": 1, "slip": 0.0, "tp_r": 3}
s02_gross|IS|{"commission": 0.0, "exit_time": 14.0, "sl_k": 0.5, "sl_ref": 1, "slip": 0.0, "tp_r": 3, "trail_r": 0.5}
s02_gross|IS|{"commission": 0.0, "exit_time": 16.0, "sl_k": 0.5, "sl_ref": 1, "slip": 0.0, "tp_r": 3, "trail_r": 0.5}
s02_gross|IS|{"commission": 0.0, "exit_time": 18.0, "sl_k": 0.5, "sl_ref": 1, "slip": 0.0, "tp_r": 3, "trail_r": 0.5}
s02_gross|IS|{"commission": 0.0, "sl_k": 0.5, "sl_ref": 1, "slip": 0.0, "tp_r": 3, "trail_r": 0.5}
s02_gross|IS|{"commission": 0.0, "exit_time": 21.0, "sl_k": 0.5, "sl_ref": 1, "slip": 0.0, "tp_r": 3, "trail_r": 0.5}
s02_gross|IS|{"commission": 0.0, "exit_time": 14.0, "sl_k": 0.5, "sl_ref": 1, "slip": 0.0, "tp_r": 3, "trail_r": 1}
s02_gross|IS|{"commission": 0.0, "exit_time": 16.0, "sl_k": 0.5, "sl_ref": 1, "slip": 0.0, "tp_r": 3, "trail_r": 1}
s02_gross|IS|{"commission": 0.0, "exit_time": 18.0, "sl_k": 0.5, "sl_ref": 1, "slip": 0.0, "tp_r": 3, "trail_r": 1}
s02_gross|IS|{"commission": 0.0, "sl_k": 0.5, "sl_ref": 1, "slip": 0.0, "tp_r": 3, "trail_r": 1}
s02_gross|IS|{"commission": 0.0, "exit_time": 21.0, "sl_k": 0.5, "sl_ref": 1, "slip": 0.0, "tp_r": 3, "trail_r": 1}
s02_gross|IS|{"commission": 0.0, "exit_time": 14.0, "sl_k": 0.5, "sl_ref": 1, "slip": 0.0, "tp_r": 3, "trail_r": 1.5}
s02_gross|IS|{"commission": 0.0, "exit_time": 16.0, "sl_k": 0.5, "sl_ref": 1, "slip": 0.0, "tp_r": 3, "trail_r": 1.5}
s02_gross|IS|{"commission": 0.0, "exit_time": 18.0, "sl_k": 0.5, "sl_ref": 1, "slip": 0.0, "tp_r": 3, "trail_r": 1.5}
s02_gross|IS|{"commission": 0.0, "sl_k": 0.5, "sl_ref": 1, "slip": 0.0, "tp_r": 3, "trail_r": 1.5}
s02_gross|IS|{"commission": 0.0, "exit_time": 21.0, "sl_k": 0.5, "sl_ref": 1, "slip": 0.0, "tp_r": 3, "trail_r": 1.5}
s02_gross|IS|{"commission": 0.0, "exit_time": 14.0, "sl_k": 0.5, "sl_ref": 1, "slip": 0.0, "tp_r": 3, "trail_r": 2}
s02_gross|IS|{"commission": 0.0, "exit_time": 16.0, "sl_k": 0.5, "sl_ref": 1, "slip": 0.0, "tp_r": 3, "trail_r": 2}
s02_gross|IS|{"commission": 0.0, "exit_time": 18.0, "sl_k": 0.5, "sl_ref": 1, "slip": 0.0, "tp_r": 3, "trail_r": 2}
s02_gross|IS|{"commission": 0.0, "sl_k": 0.5, "sl_ref": 1, "slip": 0.0, "tp_r": 3, "trail_r": 2}
s02_gross|IS|{"commission": 0.0, "exit_time": 21.0, "sl_k": 0.5, "sl_ref": 1, "slip": 0.0, "tp_r": 3, "trail_r": 2}
s02_gross|IS|{"be_r": 0.5, "commission": 0.0, "exit_time": 14.0, "sl_k": 0.5, "sl_ref": 1, "slip": 0.0, "tp_r": 3}
s02_gross|IS|{"be_r": 0.5, "commission": 0.0, "exit_time": 16.0, "sl_k": 0.5, "sl_ref": 1, "slip": 0.0, "tp_r": 3}
s02_gross|IS|{"be_r": 0.5, "commission": 0.0, "exit_time": 18.0, "sl_k": 0.5, "sl_ref": 1, "slip": 0.0, "tp_r": 3}
s02_gross|IS|{"be_r": 0.5, "commission": 0.0, "sl_k": 0.5, "sl_ref": 1, "slip": 0.0, "tp_r": 3}
s02_gross|IS|{"be_r": 0.5, "commission": 0.0, "exit_time": 21.0, "sl_k": 0.5, "sl_ref": 1, "slip": 0.0, "tp_r": 3}
s02_gross|IS|{"be_r": 0.5, "commission": 0.0, "exit_time": 14.0, "sl_k": 0.5, "sl_ref": 1, "slip": 0.0, "tp_r": 3, "trail_r": 0.5}
s02_gross|IS|{"be_r": 0.5, "commission": 0.0, "exit_time": 16.0, "sl_k": 0.5, "sl_ref": 1, "slip": 0.0, "tp_r": 3, "trail_r": 0.5}
s02_gross|IS|{"be_r": 0.5, "commission": 0.0, "exit_time": 18.0, "sl_k": 0.5, "sl_ref": 1, "slip": 0.0, "tp_r": 3, "trail_r": 0.5}
s02_gross|IS|{"be_r": 0.5, "commission": 0.0, "sl_k": 0.5, "sl_ref": 1, "slip": 0.0, "tp_r": 3, "trail_r": 0.5}
s02_gross|IS|{"be_r": 0.5, "commission": 0.0, "exit_time": 21.0, "sl_k": 0.5, "sl_ref": 1, "slip": 0.0, "tp_r": 3, "trail_r": 0.5}
s02_gross|IS|{"be_r": 0.5, "commission": 0.0, "exit_time": 14.0, "sl_k": 0.5, "sl_ref": 1, "slip": 0.0, "tp_r": 3, "trail_r": 1}
s02_gross|IS|{"be_r": 0.5, "commission": 0.0, "exit_time": 16.0, "sl_k": 0.5, "sl_ref": 1, "slip": 0.0, "tp_r": 3, "trail_r": 1}
s02_gross|IS|{"be_r": 0.5, "commission": 0.0, "exit_time": 18.0, "sl_k": 0.5, "sl_ref": 1, "slip": 0.0, "tp_r": 3, "trail_r": 1}
s02_gross|IS|{"be_r": 0.5, "commission": 0.0, "sl_k": 0.5, "sl_ref": 1, "slip": 0.0, "tp_r": 3, "trail_r": 1}
s02_gross|IS|{"be_r": 0.5, "commission": 0.0, "exit_time": 21.0, "sl_k": 0.5, "sl_ref": 1, "slip": 0.0, "tp_r": 3, "trail_r": 1}
s02_gross|IS|{"be_r": 0.5, "commission": 0.0, "exit_time": 14.0, "sl_k": 0.5, "sl_ref": 1, "slip": 0.0, "tp_r": 3, "trail_r": 1.5}
s02_gross|IS|{"be_r": 0.5, "commission": 0.0, "exit_time": 16.0, "sl_k": 0.5, "sl_ref": 1, "slip": 0.0, "tp_r": 3, "trail_r": 1.5}
s02_gross|IS|{"be_r": 0.5, "commission": 0.0, "exit_time": 18.0, "sl_k": 0.5, "sl_ref": 1, "slip": 0.0, "tp_r": 3, "trail_r": 1.5}
s02_gross|IS|{"be_r": 0.5, "commission": 0.0, "sl_k": 0.5, "sl_ref": 1, "slip": 0.0, "tp_r": 3, "trail_r": 1.5}
s02_gross|IS|{"be_r": 0.5, "commission": 0.0, "exit_time": 21.0, "sl_k": 0.5, "sl_ref": 1, "slip": 0.0, "tp_r": 3, "trail_r": 1.5}
s02_gross|IS|{"be_r": 0.5, "commission": 0.0, "exit_time": 14.0, "sl_k": 0.5, "sl_ref": 1, "slip": 0.0, "tp_r": 3, "trail_r": 2}
s02_gross|IS|{"be_r": 0.5, "commission": 0.0, "exit_time": 16.0, "sl_k": 0.5, "sl_ref": 1, "slip": 0.0, "tp_r": 3, "trail_r": 2}
s02_gross|IS|{"be_r": 0.5, "commission": 0.0, "exit_time": 18.0, "sl_k": 0.5, "sl_ref": 1, "slip": 0.0, "tp_r": 3, "trail_r": 2}
s02_gross|IS|{"be_r": 0.5, "commission": 0.0, "sl_k": 0.5, "sl_ref": 1, "slip": 0.0, "tp_r": 3, "trail_r": 2}
s02_gross|IS|{"be_r": 0.5, "commission": 0.0, "exit_time": 21.0, "sl_k": 0.5, "sl_ref": 1, "slip": 0.0, "tp_r": 3, "trail_r": 2}
s02_gross|IS|{"be_r": 1, "commission": 0.0, "exit_time": 14.0, "sl_k": 0.5, "sl_ref": 1, "slip": 0.0, "tp_r": 3}
s02_gross|IS|{"be_r": 1, "commission": 0.0, "exit_time": 16.0, "sl_k": 0.5, "sl_ref": 1, "slip": 0.0, "tp_r": 3}
s02_gross|IS|{"be_r": 1, "commission": 0.0, "exit_time": 18.0, "sl_k": 0.5, "sl_ref": 1, "slip": 0.0, "tp_r": 3}
s02_gross|IS|{"be_r": 1, "commission": 0.0, "sl_k": 0.5, "sl_ref": 1, "slip": 0.0, "tp_r": 3}
s02_gross|IS|{"be_r": 1, "commission": 0.0, "exit_time": 21.0, "sl_k": 0.5, "sl_ref": 1, "slip": 0.0, "tp_r": 3}
s02_gross|IS|{"be_r": 1, "commission": 0.0, "exit_time": 14.0, "sl_k": 0.5, "sl_ref": 1, "slip": 0.0, "tp_r": 3, "trail_r": 0.5}
s02_gross|IS|{"be_r": 1, "commission": 0.0, "exit_time": 16.0, "sl_k": 0.5, "sl_ref": 1, "slip": 0.0, "tp_r": 3, "trail_r": 0.5}
s02_gross|IS|{"be_r": 1, "commission": 0.0, "exit_time": 18.0, "sl_k": 0.5, "sl_ref": 1, "slip": 0.0, "tp_r": 3, "trail_r": 0.5}
s02_gross|IS|{"be_r": 1, "commission": 0.0, "sl_k": 0.5, "sl_ref": 1, "slip": 0.0, "tp_r": 3, "trail_r": 0.5}
s02_gross|IS|{"be_r": 1, "commission": 0.0, "exit_time": 21.0, "sl_k": 0.5, "sl_ref": 1, "slip": 0.0, "tp_r": 3, "trail_r": 0.5}
s02_gross|IS|{"be_r": 1, "commission": 0.0, "exit_time": 14.0, "sl_k": 0.5, "sl_ref": 1, "slip": 0.0, "tp_r": 3, "trail_r": 1}
s02_gross|IS|{"be_r": 1, "commission": 0.0, "exit_time": 16.0, "sl_k": 0.5, "sl_ref": 1, "slip": 0.0, "tp_r": 3, "trail_r": 1}
s02_gross|IS|{"be_r": 1, "commission": 0.0, "exit_time": 18.0, "sl_k": 0.5, "sl_ref": 1, "slip": 0.0, "tp_r": 3, "trail_r": 1}
s02_gross|IS|{"be_r": 1, "commission": 0.0, "sl_k": 0.5, "sl_ref": 1, "slip": 0.0, "tp_r": 3, "trail_r": 1}
s02_gross|IS|{"be_r": 1, "commission": 0.0, "exit_time": 21.0, "sl_k": 0.5, "sl_ref": 1, "slip": 0.0, "tp_r": 3, "trail_r": 1}
s02_gross|IS|{"be_r": 1, "commission": 0.0, "exit_time": 14.0, "sl_k": 0.5, "sl_ref": 1, "slip": 0.0, "tp_r": 3, "trail_r": 1.5}
s02_gross|IS|{"be_r": 1, "commission": 0.0, "exit_time": 16.0, "sl_k": 0.5, "sl_ref": 1, "slip": 0.0, "tp_r": 3, "trail_r": 1.5}
s02_gross|IS|{"be_r": 1, "commission": 0.0, "exit_time": 18.0, "sl_k": 0.5, "sl_ref": 1, "slip": 0.0, "tp_r": 3, "trail_r": 1.5}
s02_gross|IS|{"be_r": 1, "commission": 0.0, "sl_k": 0.5, "sl_ref": 1, "slip": 0.0, "tp_r": 3, "trail_r": 1.5}
s02_gross|IS|{"be_r": 1, "commission": 0.0, "exit_time": 21.0, "sl_k": 0.5, "sl_ref": 1, "slip": 0.0, "tp_r": 3, "trail_r": 1.5}
s02_gross|IS|{"be_r": 1, "commission": 0.0, "exit_time": 14.0, "sl_k": 0.5, "sl_ref": 1, "slip": 0.0, "tp_r": 3, "trail_r": 2}
s02_gross|IS|{"be_r": 1, "commission": 0.0, "exit_time": 16.0, "sl_k": 0.5, "sl_ref": 1, "slip": 0.0, "tp_r": 3, "trail_r": 2}
s02_gross|IS|{"be_r": 1, "commission": 0.0, "exit_time": 18.0, "sl_k": 0.5, "sl_ref": 1, "slip": 0.0, "tp_r": 3, "trail_r": 2}
s02_gross|IS|{"be_r": 1, "commission": 0.0, "sl_k": 0.5, "sl_ref": 1, "slip": 0.0, "tp_r": 3, "trail_r": 2}
s02_gross|IS|{"be_r": 1, "commission": 0.0, "exit_time": 21.0, "sl_k": 0.5, "sl_ref": 1, "slip": 0.0, "tp_r": 3, "trail_r": 2}
s02_gross|IS|{"commission": 0.0, "exit_time": 14.0, "sl_k": 0.5, "sl_ref": 1, "slip": 0.0, "tp_r": 4}
s02_gross|IS|{"commission": 0.0, "exit_time": 16.0, "sl_k": 0.5, "sl_ref": 1, "slip": 0.0, "tp_r": 4}
s02_gross|IS|{"commission": 0.0, "exit_time": 18.0, "sl_k": 0.5, "sl_ref": 1, "slip": 0.0, "tp_r": 4}
s02_gross|IS|{"commission": 0.0, "sl_k": 0.5, "sl_ref": 1, "slip": 0.0, "tp_r": 4}
s02_gross|IS|{"commission": 0.0, "exit_time": 21.0, "sl_k": 0.5, "sl_ref": 1, "slip": 0.0, "tp_r": 4}
s02_gross|IS|{"commission": 0.0, "exit_time": 14.0, "sl_k": 0.5, "sl_ref": 1, "slip": 0.0, "tp_r": 4, "trail_r": 0.5}
s02_gross|IS|{"commission": 0.0, "exit_time": 16.0, "sl_k": 0.5, "sl_ref": 1, "slip": 0.0, "tp_r": 4, "trail_r": 0.5}
s02_gross|IS|{"commission": 0.0, "exit_time": 18.0, "sl_k": 0.5, "sl_ref": 1, "slip": 0.0, "tp_r": 4, "trail_r": 0.5}
s02_gross|IS|{"commission": 0.0, "sl_k": 0.5, "sl_ref": 1, "slip": 0.0, "tp_r": 4, "trail_r": 0.5}
s02_gross|IS|{"commission": 0.0, "exit_time": 21.0, "sl_k": 0.5, "sl_ref": 1, "slip": 0.0, "tp_r": 4, "trail_r": 0.5}
s02_gross|IS|{"commission": 0.0, "exit_time": 14.0, "sl_k": 0.5, "sl_ref": 1, "slip": 0.0, "tp_r": 4, "trail_r": 1}
s02_gross|IS|{"commission": 0.0, "exit_time": 16.0, "sl_k": 0.5, "sl_ref": 1, "slip": 0.0, "tp_r": 4, "trail_r": 1}
s02_gross|IS|{"commission": 0.0, "exit_time": 18.0, "sl_k": 0.5, "sl_ref": 1, "slip": 0.0, "tp_r": 4, "trail_r": 1}
s02_gross|IS|{"commission": 0.0, "sl_k": 0.5, "sl_ref": 1, "slip": 0.0, "tp_r": 4, "trail_r": 1}
s02_gross|IS|{"commission": 0.0, "exit_time": 21.0, "sl_k": 0.5, "sl_ref": 1, "slip": 0.0, "tp_r": 4, "trail_r": 1}
s02_gross|IS|{"commission": 0.0, "exit_time": 14.0, "sl_k": 0.5, "sl_ref": 1, "slip": 0.0, "tp_r": 4, "trail_r": 1.5}
s02_gross|IS|{"commission": 0.0, "exit_time": 16.0, "sl_k": 0.5, "sl_ref": 1, "slip": 0.0, "tp_r": 4, "trail_r": 1.5}
s02_gross|IS|{"commission": 0.0, "exit_time": 18.0, "sl_k": 0.5, "sl_ref": 1, "slip": 0.0, "tp_r": 4, "trail_r": 1.5}
s02_gross|IS|{"commission": 0.0, "sl_k": 0.5, "sl_ref": 1, "slip": 0.0, "tp_r": 4, "trail_r": 1.5}
s02_gross|IS|{"commission": 0.0, "exit_time": 21.0, "sl_k": 0.5, "sl_ref": 1, "slip": 0.0, "tp_r": 4, "trail_r": 1.5}
s02_gross|IS|{"commission": 0.0, "exit_time": 14.0, "sl_k": 0.5, "sl_ref": 1, "slip": 0.0, "tp_r": 4, "trail_r": 2}
s02_gross|IS|{"commission": 0.0, "exit_time": 16.0, "sl_k": 0.5, "sl_ref": 1, "slip": 0.0, "tp_r": 4, "trail_r": 2}
s02_gross|IS|{"commission": 0.0, "exit_time": 18.0, "sl_k": 0.5, "sl_ref": 1, "slip": 0.0, "tp_r": 4, "trail_r": 2}
s02_gross|IS|{"commission": 0.0, "sl_k": 0.5, "sl_ref": 1, "slip": 0.0, "tp_r": 4, "trail_r": 2}
s02_gross|IS|{"commission": 0.0, "exit_time": 21.0, "sl_k": 0.5, "sl_ref": 1, "slip": 0.0, "tp_r": 4, "trail_r": 2}
s02_gross|IS|{"be_r": 0.5, "commission": 0.0, "exit_time": 14.0, "sl_k": 0.5, "sl_ref": 1, "slip": 0.0, "tp_r": 4}
s02_gross|IS|{"be_r": 0.5, "commission": 0.0, "exit_time": 16.0, "sl_k": 0.5, "sl_ref": 1, "slip": 0.0, "tp_r": 4}
s02_gross|IS|{"be_r": 0.5, "commission": 0.0, "exit_time": 18.0, "sl_k": 0.5, "sl_ref": 1, "slip": 0.0, "tp_r": 4}
s02_gross|IS|{"be_r": 0.5, "commission": 0.0, "sl_k": 0.5, "sl_ref": 1, "slip": 0.0, "tp_r": 4}
s02_gross|IS|{"be_r": 0.5, "commission": 0.0, "exit_time": 21.0, "sl_k": 0.5, "sl_ref": 1, "slip": 0.0, "tp_r": 4}
s02_gross|IS|{"be_r": 0.5, "commission": 0.0, "exit_time": 14.0, "sl_k": 0.5, "sl_ref": 1, "slip": 0.0, "tp_r": 4, "trail_r": 0.5}
s02_gross|IS|{"be_r": 0.5, "commission": 0.0, "exit_time": 16.0, "sl_k": 0.5, "sl_ref": 1, "slip": 0.0, "tp_r": 4, "trail_r": 0.5}
s02_gross|IS|{"be_r": 0.5, "commission": 0.0, "exit_time": 18.0, "sl_k": 0.5, "sl_ref": 1, "slip": 0.0, "tp_r": 4, "trail_r": 0.5}
s02_gross|IS|{"be_r": 0.5, "commission": 0.0, "sl_k": 0.5, "sl_ref": 1, "slip": 0.0, "tp_r": 4, "trail_r": 0.5}
s02_gross|IS|{"be_r": 0.5, "commission": 0.0, "exit_time": 21.0, "sl_k": 0.5, "sl_ref": 1, "slip": 0.0, "tp_r": 4, "trail_r": 0.5}
s02_gross|IS|{"be_r": 0.5, "commission": 0.0, "exit_time": 14.0, "sl_k": 0.5, "sl_ref": 1, "slip": 0.0, "tp_r": 4, "trail_r": 1}
s02_gross|IS|{"be_r": 0.5, "commission": 0.0, "exit_time": 16.0, "sl_k": 0.5, "sl_ref": 1, "slip": 0.0, "tp_r": 4, "trail_r": 1}
s02_gross|IS|{"be_r": 0.5, "commission": 0.0, "exit_time": 18.0, "sl_k": 0.5, "sl_ref": 1, "slip": 0.0, "tp_r": 4, "trail_r": 1}
s02_gross|IS|{"be_r": 0.5, "commission": 0.0, "sl_k": 0.5, "sl_ref": 1, "slip": 0.0, "tp_r": 4, "trail_r": 1}
s02_gross|IS|{"be_r": 0.5, "commission": 0.0, "exit_time": 21.0, "sl_k": 0.5, "sl_ref": 1, "slip": 0.0, "tp_r": 4, "trail_r": 1}
s02_gross|IS|{"be_r": 0.5, "commission": 0.0, "exit_time": 14.0, "sl_k": 0.5, "sl_ref": 1, "slip": 0.0, "tp_r": 4, "trail_r": 1.5}
s02_gross|IS|{"be_r": 0.5, "commission": 0.0, "exit_time": 16.0, "sl_k": 0.5, "sl_ref": 1, "slip": 0.0, "tp_r": 4, "trail_r": 1.5}
s02_gross|IS|{"be_r": 0.5, "commission": 0.0, "exit_time": 18.0, "sl_k": 0.5, "sl_ref": 1, "slip": 0.0, "tp_r": 4, "trail_r": 1.5}
s02_gross|IS|{"be_r": 0.5, "commission": 0.0, "sl_k": 0.5, "sl_ref": 1, "slip": 0.0, "tp_r": 4, "trail_r": 1.5}
s02_gross|IS|{"be_r": 0.5, "commission": 0.0, "exit_time": 21.0, "sl_k": 0.5, "sl_ref": 1, "slip": 0.0, "tp_r": 4, "trail_r": 1.5}
s02_gross|IS|{"be_r": 0.5, "commission": 0.0, "exit_time": 14.0, "sl_k": 0.5, "sl_ref": 1, "slip": 0.0, "tp_r": 4, "trail_r": 2}
s02_gross|IS|{"be_r": 0.5, "commission": 0.0, "exit_time": 16.0, "sl_k": 0.5, "sl_ref": 1, "slip": 0.0, "tp_r": 4, "trail_r": 2}
s02_gross|IS|{"be_r": 0.5, "commission": 0.0, "exit_time": 18.0, "sl_k": 0.5, "sl_ref": 1, "slip": 0.0, "tp_r": 4, "trail_r": 2}
s02_gross|IS|{"be_r": 0.5, "commission": 0.0, "sl_k": 0.5, "sl_ref": 1, "slip": 0.0, "tp_r": 4, "trail_r": 2}
s02_gross|IS|{"be_r": 0.5, "commission": 0.0, "exit_time": 21.0, "sl_k": 0.5, "sl_ref": 1, "slip": 0.0, "tp_r": 4, "trail_r": 2}
s02_gross|IS|{"be_r": 1, "commission": 0.0, "exit_time": 14.0, "sl_k": 0.5, "sl_ref": 1, "slip": 0.0, "tp_r": 4}
s02_gross|IS|{"be_r": 1, "commission": 0.0, "exit_time": 16.0, "sl_k": 0.5, "sl_ref": 1, "slip": 0.0, "tp_r": 4}
s02_gross|IS|{"be_r": 1, "commission": 0.0, "exit_time": 18.0, "sl_k": 0.5, "sl_ref": 1, "slip": 0.0, "tp_r": 4}
s02_gross|IS|{"be_r": 1, "commission": 0.0, "sl_k": 0.5, "sl_ref": 1, "slip": 0.0, "tp_r": 4}
s02_gross|IS|{"be_r": 1, "commission": 0.0, "exit_time": 21.0, "sl_k": 0.5, "sl_ref": 1, "slip": 0.0, "tp_r": 4}
s02_gross|IS|{"be_r": 1, "commission": 0.0, "exit_time": 14.0, "sl_k": 0.5, "sl_ref": 1, "slip": 0.0, "tp_r": 4, "trail_r": 0.5}
s02_gross|IS|{"be_r": 1, "commission": 0.0, "exit_time": 16.0, "sl_k": 0.5, "sl_ref": 1, "slip": 0.0, "tp_r": 4, "trail_r": 0.5}
s02_gross|IS|{"be_r": 1, "commission": 0.0, "exit_time": 18.0, "sl_k": 0.5, "sl_ref": 1, "slip": 0.0, "tp_r": 4, "trail_r": 0.5}
s02_gross|IS|{"be_r": 1, "commission": 0.0, "sl_k": 0.5, "sl_ref": 1, "slip": 0.0, "tp_r": 4, "trail_r": 0.5}
s02_gross|IS|{"be_r": 1, "commission": 0.0, "exit_time": 21.0, "sl_k": 0.5, "sl_ref": 1, "slip": 0.0, "tp_r": 4, "trail_r": 0.5}
s02_gross|IS|{"be_r": 1, "commission": 0.0, "exit_time": 14.0, "sl_k": 0.5, "sl_ref": 1, "slip": 0.0, "tp_r": 4, "trail_r": 1}
s02_gross|IS|{"be_r": 1, "commission": 0.0, "exit_time": 16.0, "sl_k": 0.5, "sl_ref": 1, "slip": 0.0, "tp_r": 4, "trail_r": 1}
s02_gross|IS|{"be_r": 1, "commission": 0.0, "exit_time": 18.0, "sl_k": 0.5, "sl_ref": 1, "slip": 0.0, "tp_r": 4, "trail_r": 1}
s02_gross|IS|{"be_r": 1, "commission": 0.0, "sl_k": 0.5, "sl_ref": 1, "slip": 0.0, "tp_r": 4, "trail_r": 1}
s02_gross|IS|{"be_r": 1, "commission": 0.0, "exit_time": 21.0, "sl_k": 0.5, "sl_ref": 1, "slip": 0.0, "tp_r": 4, "trail_r": 1}
s02_gross|IS|{"be_r": 1, "commission": 0.0, "exit_time": 14.0, "sl_k": 0.5, "sl_ref": 1, "slip": 0.0, "tp_r": 4, "trail_r": 1.5}
s02_gross|IS|{"be_r": 1, "commission": 0.0, "exit_time": 16.0, "sl_k": 0.5, "sl_ref": 1, "slip": 0.0, "tp_r": 4, "trail_r": 1.5}
s02_gross|IS|{"be_r": 1, "commission": 0.0, "exit_time": 18.0, "sl_k": 0.5, "sl_ref": 1, "slip": 0.0, "tp_r": 4, "trail_r": 1.5}
s02_gross|IS|{"be_r": 1, "commission": 0.0, "sl_k": 0.5, "sl_ref": 1, "slip": 0.0, "tp_r": 4, "trail_r": 1.5}
s02_gross|IS|{"be_r": 1, "commission": 0.0, "exit_time": 21.0, "sl_k": 0.5, "sl_ref": 1, "slip": 0.0, "tp_r": 4, "trail_r": 1.5}
s02_gross|IS|{"be_r": 1, "commission": 0.0, "exit_time": 14.0, "sl_k": 0.5, "sl_ref": 1, "slip": 0.0, "tp_r": 4, "trail_r": 2}
s02_gross|IS|{"be_r": 1, "commission": 0.0, "exit_time": 16.0, "sl_k": 0.5, "sl_ref": 1, "slip": 0.0, "tp_r": 4, "trail_r": 2}
s02_gross|IS|{"be_r": 1, "commission": 0.0, "exit_time": 18.0, "sl_k": 0.5, "sl_ref": 1, "slip": 0.0, "tp_r": 4, "trail_r": 2}
s02_gross|IS|{"be_r": 1, "commission": 0.0, "sl_k": 0.5, "sl_ref": 1, "slip": 0.0, "tp_r": 4, "trail_r": 2}
s02_gross|IS|{"be_r": 1, "commission": 0.0, "exit_time": 21.0, "sl_k": 0.5, "sl_ref": 1, "slip": 0.0, "tp_r": 4, "trail_r": 2}
s02_gross|IS|{"commission": 0.0, "exit_time": 14.0, "sl_k": 0.75, "sl_ref": 1, "slip": 0.0}
s02_gross|IS|{"commission": 0.0, "exit_time": 16.0, "sl_k": 0.75, "sl_ref": 1, "slip": 0.0}
s02_gross|IS|{"commission": 0.0, "exit_time": 18.0, "sl_k": 0.75, "sl_ref": 1, "slip": 0.0}
s02_gross|IS|{"commission": 0.0, "sl_k": 0.75, "sl_ref": 1, "slip": 0.0}
s02_gross|IS|{"commission": 0.0, "exit_time": 21.0, "sl_k": 0.75, "sl_ref": 1, "slip": 0.0}
s02_gross|IS|{"commission": 0.0, "exit_time": 14.0, "sl_k": 0.75, "sl_ref": 1, "slip": 0.0, "trail_r": 0.5}
s02_gross|IS|{"commission": 0.0, "exit_time": 16.0, "sl_k": 0.75, "sl_ref": 1, "slip": 0.0, "trail_r": 0.5}
s02_gross|IS|{"commission": 0.0, "exit_time": 18.0, "sl_k": 0.75, "sl_ref": 1, "slip": 0.0, "trail_r": 0.5}
s02_gross|IS|{"commission": 0.0, "sl_k": 0.75, "sl_ref": 1, "slip": 0.0, "trail_r": 0.5}
s02_gross|IS|{"commission": 0.0, "exit_time": 21.0, "sl_k": 0.75, "sl_ref": 1, "slip": 0.0, "trail_r": 0.5}
s02_gross|IS|{"commission": 0.0, "exit_time": 14.0, "sl_k": 0.75, "sl_ref": 1, "slip": 0.0, "trail_r": 1}
s02_gross|IS|{"commission": 0.0, "exit_time": 16.0, "sl_k": 0.75, "sl_ref": 1, "slip": 0.0, "trail_r": 1}
s02_gross|IS|{"commission": 0.0, "exit_time": 18.0, "sl_k": 0.75, "sl_ref": 1, "slip": 0.0, "trail_r": 1}
s02_gross|IS|{"commission": 0.0, "sl_k": 0.75, "sl_ref": 1, "slip": 0.0, "trail_r": 1}
s02_gross|IS|{"commission": 0.0, "exit_time": 21.0, "sl_k": 0.75, "sl_ref": 1, "slip": 0.0, "trail_r": 1}
s02_gross|IS|{"commission": 0.0, "exit_time": 14.0, "sl_k": 0.75, "sl_ref": 1, "slip": 0.0, "trail_r": 1.5}
s02_gross|IS|{"commission": 0.0, "exit_time": 16.0, "sl_k": 0.75, "sl_ref": 1, "slip": 0.0, "trail_r": 1.5}
s02_gross|IS|{"commission": 0.0, "exit_time": 18.0, "sl_k": 0.75, "sl_ref": 1, "slip": 0.0, "trail_r": 1.5}
s02_gross|IS|{"commission": 0.0, "sl_k": 0.75, "sl_ref": 1, "slip": 0.0, "trail_r": 1.5}
s02_gross|IS|{"commission": 0.0, "exit_time": 21.0, "sl_k": 0.75, "sl_ref": 1, "slip": 0.0, "trail_r": 1.5}
s02_gross|IS|{"commission": 0.0, "exit_time": 14.0, "sl_k": 0.75, "sl_ref": 1, "slip": 0.0, "trail_r": 2}
s02_gross|IS|{"commission": 0.0, "exit_time": 16.0, "sl_k": 0.75, "sl_ref": 1, "slip": 0.0, "trail_r": 2}
s02_gross|IS|{"commission": 0.0, "exit_time": 18.0, "sl_k": 0.75, "sl_ref": 1, "slip": 0.0, "trail_r": 2}
s02_gross|IS|{"commission": 0.0, "sl_k": 0.75, "sl_ref": 1, "slip": 0.0, "trail_r": 2}
s02_gross|IS|{"commission": 0.0, "exit_time": 21.0, "sl_k": 0.75, "sl_ref": 1, "slip": 0.0, "trail_r": 2}
s02_gross|IS|{"be_r": 0.5, "commission": 0.0, "exit_time": 14.0, "sl_k": 0.75, "sl_ref": 1, "slip": 0.0}
s02_gross|IS|{"be_r": 0.5, "commission": 0.0, "exit_time": 16.0, "sl_k": 0.75, "sl_ref": 1, "slip": 0.0}
s02_gross|IS|{"be_r": 0.5, "commission": 0.0, "exit_time": 18.0, "sl_k": 0.75, "sl_ref": 1, "slip": 0.0}
s02_gross|IS|{"be_r": 0.5, "commission": 0.0, "sl_k": 0.75, "sl_ref": 1, "slip": 0.0}
s02_gross|IS|{"be_r": 0.5, "commission": 0.0, "exit_time": 21.0, "sl_k": 0.75, "sl_ref": 1, "slip": 0.0}
s02_gross|IS|{"be_r": 0.5, "commission": 0.0, "exit_time": 14.0, "sl_k": 0.75, "sl_ref": 1, "slip": 0.0, "trail_r": 0.5}
s02_gross|IS|{"be_r": 0.5, "commission": 0.0, "exit_time": 16.0, "sl_k": 0.75, "sl_ref": 1, "slip": 0.0, "trail_r": 0.5}
s02_gross|IS|{"be_r": 0.5, "commission": 0.0, "exit_time": 18.0, "sl_k": 0.75, "sl_ref": 1, "slip": 0.0, "trail_r": 0.5}
s02_gross|IS|{"be_r": 0.5, "commission": 0.0, "sl_k": 0.75, "sl_ref": 1, "slip": 0.0, "trail_r": 0.5}
s02_gross|IS|{"be_r": 0.5, "commission": 0.0, "exit_time": 21.0, "sl_k": 0.75, "sl_ref": 1, "slip": 0.0, "trail_r": 0.5}
s02_gross|IS|{"be_r": 0.5, "commission": 0.0, "exit_time": 14.0, "sl_k": 0.75, "sl_ref": 1, "slip": 0.0, "trail_r": 1}
s02_gross|IS|{"be_r": 0.5, "commission": 0.0, "exit_time": 16.0, "sl_k": 0.75, "sl_ref": 1, "slip": 0.0, "trail_r": 1}
s02_gross|IS|{"be_r": 0.5, "commission": 0.0, "exit_time": 18.0, "sl_k": 0.75, "sl_ref": 1, "slip": 0.0, "trail_r": 1}
s02_gross|IS|{"be_r": 0.5, "commission": 0.0, "sl_k": 0.75, "sl_ref": 1, "slip": 0.0, "trail_r": 1}
s02_gross|IS|{"be_r": 0.5, "commission": 0.0, "exit_time": 21.0, "sl_k": 0.75, "sl_ref": 1, "slip": 0.0, "trail_r": 1}
s02_gross|IS|{"be_r": 0.5, "commission": 0.0, "exit_time": 14.0, "sl_k": 0.75, "sl_ref": 1, "slip": 0.0, "trail_r": 1.5}
s02_gross|IS|{"be_r": 0.5, "commission": 0.0, "exit_time": 16.0, "sl_k": 0.75, "sl_ref": 1, "slip": 0.0, "trail_r": 1.5}
s02_gross|IS|{"be_r": 0.5, "commission": 0.0, "exit_time": 18.0, "sl_k": 0.75, "sl_ref": 1, "slip": 0.0, "trail_r": 1.5}
s02_gross|IS|{"be_r": 0.5, "commission": 0.0, "sl_k": 0.75, "sl_ref": 1, "slip": 0.0, "trail_r": 1.5}
s02_gross|IS|{"be_r": 0.5, "commission": 0.0, "exit_time": 21.0, "sl_k": 0.75, "sl_ref": 1, "slip": 0.0, "trail_r": 1.5}
s02_gross|IS|{"be_r": 0.5, "commission": 0.0, "exit_time": 14.0, "sl_k": 0.75, "sl_ref": 1, "slip": 0.0, "trail_r": 2}
s02_gross|IS|{"be_r": 0.5, "commission": 0.0, "exit_time": 16.0, "sl_k": 0.75, "sl_ref": 1, "slip": 0.0, "trail_r": 2}
s02_gross|IS|{"be_r": 0.5, "commission": 0.0, "exit_time": 18.0, "sl_k": 0.75, "sl_ref": 1, "slip": 0.0, "trail_r": 2}
s02_gross|IS|{"be_r": 0.5, "commission": 0.0, "sl_k": 0.75, "sl_ref": 1, "slip": 0.0, "trail_r": 2}
s02_gross|IS|{"be_r": 0.5, "commission": 0.0, "exit_time": 21.0, "sl_k": 0.75, "sl_ref": 1, "slip": 0.0, "trail_r": 2}
s02_gross|IS|{"be_r": 1, "commission": 0.0, "exit_time": 14.0, "sl_k": 0.75, "sl_ref": 1, "slip": 0.0}
s02_gross|IS|{"be_r": 1, "commission": 0.0, "exit_time": 16.0, "sl_k": 0.75, "sl_ref": 1, "slip": 0.0}
s02_gross|IS|{"be_r": 1, "commission": 0.0, "exit_time": 18.0, "sl_k": 0.75, "sl_ref": 1, "slip": 0.0}
s02_gross|IS|{"be_r": 1, "commission": 0.0, "sl_k": 0.75, "sl_ref": 1, "slip": 0.0}
s02_gross|IS|{"be_r": 1, "commission": 0.0, "exit_time": 21.0, "sl_k": 0.75, "sl_ref": 1, "slip": 0.0}
s02_gross|IS|{"be_r": 1, "commission": 0.0, "exit_time": 14.0, "sl_k": 0.75, "sl_ref": 1, "slip": 0.0, "trail_r": 0.5}
s02_gross|IS|{"be_r": 1, "commission": 0.0, "exit_time": 16.0, "sl_k": 0.75, "sl_ref": 1, "slip": 0.0, "trail_r": 0.5}
s02_gross|IS|{"be_r": 1, "commission": 0.0, "exit_time": 18.0, "sl_k": 0.75, "sl_ref": 1, "slip": 0.0, "trail_r": 0.5}
s02_gross|IS|{"be_r": 1, "commission": 0.0, "sl_k": 0.75, "sl_ref": 1, "slip": 0.0, "trail_r": 0.5}
s02_gross|IS|{"be_r": 1, "commission": 0.0, "exit_time": 21.0, "sl_k": 0.75, "sl_ref": 1, "slip": 0.0, "trail_r": 0.5}
s02_gross|IS|{"be_r": 1, "commission": 0.0, "exit_time": 14.0, "sl_k": 0.75, "sl_ref": 1, "slip": 0.0, "trail_r": 1}
s02_gross|IS|{"be_r": 1, "commission": 0.0, "exit_time": 16.0, "sl_k": 0.75, "sl_ref": 1, "slip": 0.0, "trail_r": 1}
s02_gross|IS|{"be_r": 1, "commission": 0.0, "exit_time": 18.0, "sl_k": 0.75, "sl_ref": 1, "slip": 0.0, "trail_r": 1}
s02_gross|IS|{"be_r": 1, "commission": 0.0, "sl_k": 0.75, "sl_ref": 1, "slip": 0.0, "trail_r": 1}
s02_gross|IS|{"be_r": 1, "commission": 0.0, "exit_time": 21.0, "sl_k": 0.75, "sl_ref": 1, "slip": 0.0, "trail_r": 1}
s02_gross|IS|{"be_r": 1, "commission": 0.0, "exit_time": 14.0, "sl_k": 0.75, "sl_ref": 1, "slip": 0.0, "trail_r": 1.5}
s02_gross|IS|{"be_r": 1, "commission": 0.0, "exit_time": 16.0, "sl_k": 0.75, "sl_ref": 1, "slip": 0.0, "trail_r": 1.5}
s02_gross|IS|{"be_r": 1, "commission": 0.0, "exit_time": 18.0, "sl_k": 0.75, "sl_ref": 1, "slip": 0.0, "trail_r": 1.5}
s02_gross|IS|{"be_r": 1, "commission": 0.0, "sl_k": 0.75, "sl_ref": 1, "slip": 0.0, "trail_r": 1.5}
s02_gross|IS|{"be_r": 1, "commission": 0.0, "exit_time": 21.0, "sl_k": 0.75, "sl_ref": 1, "slip": 0.0, "trail_r": 1.5}
s02_gross|IS|{"be_r": 1, "commission": 0.0, "exit_time": 14.0, "sl_k": 0.75, "sl_ref": 1, "slip": 0.0, "trail_r": 2}
s02_gross|IS|{"be_r": 1, "commission": 0.0, "exit_time": 16.0, "sl_k": 0.75, "sl_ref": 1, "slip": 0.0, "trail_r": 2}
s02_gross|IS|{"be_r": 1, "commission": 0.0, "exit_time": 18.0, "sl_k": 0.75, "sl_ref": 1, "slip": 0.0, "trail_r": 2}
s02_gross|IS|{"be_r": 1, "commission": 0.0, "sl_k": 0.75, "sl_ref": 1, "slip": 0.0, "trail_r": 2}
s02_gross|IS|{"be_r": 1, "commission": 0.0, "exit_time": 21.0, "sl_k": 0.75, "sl_ref": 1, "slip": 0.0, "trail_r": 2}
s02_gross|IS|{"commission": 0.0, "exit_time": 14.0, "sl_k": 0.75, "sl_ref": 1, "slip": 0.0, "tp_r": 1}
s02_gross|IS|{"commission": 0.0, "exit_time": 16.0, "sl_k": 0.75, "sl_ref": 1, "slip": 0.0, "tp_r": 1}
s02_gross|IS|{"commission": 0.0, "exit_time": 18.0, "sl_k": 0.75, "sl_ref": 1, "slip": 0.0, "tp_r": 1}
s02_gross|IS|{"commission": 0.0, "sl_k": 0.75, "sl_ref": 1, "slip": 0.0, "tp_r": 1}
s02_gross|IS|{"commission": 0.0, "exit_time": 21.0, "sl_k": 0.75, "sl_ref": 1, "slip": 0.0, "tp_r": 1}
s02_gross|IS|{"commission": 0.0, "exit_time": 14.0, "sl_k": 0.75, "sl_ref": 1, "slip": 0.0, "tp_r": 1, "trail_r": 0.5}
s02_gross|IS|{"commission": 0.0, "exit_time": 16.0, "sl_k": 0.75, "sl_ref": 1, "slip": 0.0, "tp_r": 1, "trail_r": 0.5}
s02_gross|IS|{"commission": 0.0, "exit_time": 18.0, "sl_k": 0.75, "sl_ref": 1, "slip": 0.0, "tp_r": 1, "trail_r": 0.5}
s02_gross|IS|{"commission": 0.0, "sl_k": 0.75, "sl_ref": 1, "slip": 0.0, "tp_r": 1, "trail_r": 0.5}
s02_gross|IS|{"commission": 0.0, "exit_time": 21.0, "sl_k": 0.75, "sl_ref": 1, "slip": 0.0, "tp_r": 1, "trail_r": 0.5}
s02_gross|IS|{"commission": 0.0, "exit_time": 14.0, "sl_k": 0.75, "sl_ref": 1, "slip": 0.0, "tp_r": 1, "trail_r": 1}
s02_gross|IS|{"commission": 0.0, "exit_time": 16.0, "sl_k": 0.75, "sl_ref": 1, "slip": 0.0, "tp_r": 1, "trail_r": 1}
s02_gross|IS|{"commission": 0.0, "exit_time": 18.0, "sl_k": 0.75, "sl_ref": 1, "slip": 0.0, "tp_r": 1, "trail_r": 1}
s02_gross|IS|{"commission": 0.0, "sl_k": 0.75, "sl_ref": 1, "slip": 0.0, "tp_r": 1, "trail_r": 1}
s02_gross|IS|{"commission": 0.0, "exit_time": 21.0, "sl_k": 0.75, "sl_ref": 1, "slip": 0.0, "tp_r": 1, "trail_r": 1}
s02_gross|IS|{"commission": 0.0, "exit_time": 14.0, "sl_k": 0.75, "sl_ref": 1, "slip": 0.0, "tp_r": 1, "trail_r": 1.5}
s02_gross|IS|{"commission": 0.0, "exit_time": 16.0, "sl_k": 0.75, "sl_ref": 1, "slip": 0.0, "tp_r": 1, "trail_r": 1.5}
s02_gross|IS|{"commission": 0.0, "exit_time": 18.0, "sl_k": 0.75, "sl_ref": 1, "slip": 0.0, "tp_r": 1, "trail_r": 1.5}
s02_gross|IS|{"commission": 0.0, "sl_k": 0.75, "sl_ref": 1, "slip": 0.0, "tp_r": 1, "trail_r": 1.5}
s02_gross|IS|{"commission": 0.0, "exit_time": 21.0, "sl_k": 0.75, "sl_ref": 1, "slip": 0.0, "tp_r": 1, "trail_r": 1.5}
s02_gross|IS|{"commission": 0.0, "exit_time": 14.0, "sl_k": 0.75, "sl_ref": 1, "slip": 0.0, "tp_r": 1, "trail_r": 2}
s02_gross|IS|{"commission": 0.0, "exit_time": 16.0, "sl_k": 0.75, "sl_ref": 1, "slip": 0.0, "tp_r": 1, "trail_r": 2}
s02_gross|IS|{"commission": 0.0, "exit_time": 18.0, "sl_k": 0.75, "sl_ref": 1, "slip": 0.0, "tp_r": 1, "trail_r": 2}
s02_gross|IS|{"commission": 0.0, "sl_k": 0.75, "sl_ref": 1, "slip": 0.0, "tp_r": 1, "trail_r": 2}
s02_gross|IS|{"commission": 0.0, "exit_time": 21.0, "sl_k": 0.75, "sl_ref": 1, "slip": 0.0, "tp_r": 1, "trail_r": 2}
s02_gross|IS|{"be_r": 0.5, "commission": 0.0, "exit_time": 14.0, "sl_k": 0.75, "sl_ref": 1, "slip": 0.0, "tp_r": 1}
s02_gross|IS|{"be_r": 0.5, "commission": 0.0, "exit_time": 16.0, "sl_k": 0.75, "sl_ref": 1, "slip": 0.0, "tp_r": 1}
s02_gross|IS|{"be_r": 0.5, "commission": 0.0, "exit_time": 18.0, "sl_k": 0.75, "sl_ref": 1, "slip": 0.0, "tp_r": 1}
s02_gross|IS|{"be_r": 0.5, "commission": 0.0, "sl_k": 0.75, "sl_ref": 1, "slip": 0.0, "tp_r": 1}
s02_gross|IS|{"be_r": 0.5, "commission": 0.0, "exit_time": 21.0, "sl_k": 0.75, "sl_ref": 1, "slip": 0.0, "tp_r": 1}
s02_gross|IS|{"be_r": 0.5, "commission": 0.0, "exit_time": 14.0, "sl_k": 0.75, "sl_ref": 1, "slip": 0.0, "tp_r": 1, "trail_r": 0.5}
s02_gross|IS|{"be_r": 0.5, "commission": 0.0, "exit_time": 16.0, "sl_k": 0.75, "sl_ref": 1, "slip": 0.0, "tp_r": 1, "trail_r": 0.5}
s02_gross|IS|{"be_r": 0.5, "commission": 0.0, "exit_time": 18.0, "sl_k": 0.75, "sl_ref": 1, "slip": 0.0, "tp_r": 1, "trail_r": 0.5}
s02_gross|IS|{"be_r": 0.5, "commission": 0.0, "sl_k": 0.75, "sl_ref": 1, "slip": 0.0, "tp_r": 1, "trail_r": 0.5}
s02_gross|IS|{"be_r": 0.5, "commission": 0.0, "exit_time": 21.0, "sl_k": 0.75, "sl_ref": 1, "slip": 0.0, "tp_r": 1, "trail_r": 0.5}
s02_gross|IS|{"be_r": 0.5, "commission": 0.0, "exit_time": 14.0, "sl_k": 0.75, "sl_ref": 1, "slip": 0.0, "tp_r": 1, "trail_r": 1}
s02_gross|IS|{"be_r": 0.5, "commission": 0.0, "exit_time": 16.0, "sl_k": 0.75, "sl_ref": 1, "slip": 0.0, "tp_r": 1, "trail_r": 1}
s02_gross|IS|{"be_r": 0.5, "commission": 0.0, "exit_time": 18.0, "sl_k": 0.75, "sl_ref": 1, "slip": 0.0, "tp_r": 1, "trail_r": 1}
s02_gross|IS|{"be_r": 0.5, "commission": 0.0, "sl_k": 0.75, "sl_ref": 1, "slip": 0.0, "tp_r": 1, "trail_r": 1}
s02_gross|IS|{"be_r": 0.5, "commission": 0.0, "exit_time": 21.0, "sl_k": 0.75, "sl_ref": 1, "slip": 0.0, "tp_r": 1, "trail_r": 1}
s02_gross|IS|{"be_r": 0.5, "commission": 0.0, "exit_time": 14.0, "sl_k": 0.75, "sl_ref": 1, "slip": 0.0, "tp_r": 1, "trail_r": 1.5}
s02_gross|IS|{"be_r": 0.5, "commission": 0.0, "exit_time": 16.0, "sl_k": 0.75, "sl_ref": 1, "slip": 0.0, "tp_r": 1, "trail_r": 1.5}
s02_gross|IS|{"be_r": 0.5, "commission": 0.0, "exit_time": 18.0, "sl_k": 0.75, "sl_ref": 1, "slip": 0.0, "tp_r": 1, "trail_r": 1.5}
s02_gross|IS|{"be_r": 0.5, "commission": 0.0, "sl_k": 0.75, "sl_ref": 1, "slip": 0.0, "tp_r": 1, "trail_r": 1.5}
s02_gross|IS|{"be_r": 0.5, "commission": 0.0, "exit_time": 21.0, "sl_k": 0.75, "sl_ref": 1, "slip": 0.0, "tp_r": 1, "trail_r": 1.5}
s02_gross|IS|{"be_r": 0.5, "commission": 0.0, "exit_time": 14.0, "sl_k": 0.75, "sl_ref": 1, "slip": 0.0, "tp_r": 1, "trail_r": 2}
s02_gross|IS|{"be_r": 0.5, "commission": 0.0, "exit_time": 16.0, "sl_k": 0.75, "sl_ref": 1, "slip": 0.0, "tp_r": 1, "trail_r": 2}
s02_gross|IS|{"be_r": 0.5, "commission": 0.0, "exit_time": 18.0, "sl_k": 0.75, "sl_ref": 1, "slip": 0.0, "tp_r": 1, "trail_r": 2}
s02_gross|IS|{"be_r": 0.5, "commission": 0.0, "sl_k": 0.75, "sl_ref": 1, "slip": 0.0, "tp_r": 1, "trail_r": 2}
s02_gross|IS|{"be_r": 0.5, "commission": 0.0, "exit_time": 21.0, "sl_k": 0.75, "sl_ref": 1, "slip": 0.0, "tp_r": 1, "trail_r": 2}
s02_gross|IS|{"be_r": 1, "commission": 0.0, "exit_time": 14.0, "sl_k": 0.75, "sl_ref": 1, "slip": 0.0, "tp_r": 1}
s02_gross|IS|{"be_r": 1, "commission": 0.0, "exit_time": 16.0, "sl_k": 0.75, "sl_ref": 1, "slip": 0.0, "tp_r": 1}
s02_gross|IS|{"be_r": 1, "commission": 0.0, "exit_time": 18.0, "sl_k": 0.75, "sl_ref": 1, "slip": 0.0, "tp_r": 1}
s02_gross|IS|{"be_r": 1, "commission": 0.0, "sl_k": 0.75, "sl_ref": 1, "slip": 0.0, "tp_r": 1}
s02_gross|IS|{"be_r": 1, "commission": 0.0, "exit_time": 21.0, "sl_k": 0.75, "sl_ref": 1, "slip": 0.0, "tp_r": 1}
s02_gross|IS|{"be_r": 1, "commission": 0.0, "exit_time": 14.0, "sl_k": 0.75, "sl_ref": 1, "slip": 0.0, "tp_r": 1, "trail_r": 0.5}
s02_gross|IS|{"be_r": 1, "commission": 0.0, "exit_time": 16.0, "sl_k": 0.75, "sl_ref": 1, "slip": 0.0, "tp_r": 1, "trail_r": 0.5}
s02_gross|IS|{"be_r": 1, "commission": 0.0, "exit_time": 18.0, "sl_k": 0.75, "sl_ref": 1, "slip": 0.0, "tp_r": 1, "trail_r": 0.5}
s02_gross|IS|{"be_r": 1, "commission": 0.0, "sl_k": 0.75, "sl_ref": 1, "slip": 0.0, "tp_r": 1, "trail_r": 0.5}
s02_gross|IS|{"be_r": 1, "commission": 0.0, "exit_time": 21.0, "sl_k": 0.75, "sl_ref": 1, "slip": 0.0, "tp_r": 1, "trail_r": 0.5}
s02_gross|IS|{"be_r": 1, "commission": 0.0, "exit_time": 14.0, "sl_k": 0.75, "sl_ref": 1, "slip": 0.0, "tp_r": 1, "trail_r": 1}
s02_gross|IS|{"be_r": 1, "commission": 0.0, "exit_time": 16.0, "sl_k": 0.75, "sl_ref": 1, "slip": 0.0, "tp_r": 1, "trail_r": 1}
s02_gross|IS|{"be_r": 1, "commission": 0.0, "exit_time": 18.0, "sl_k": 0.75, "sl_ref": 1, "slip": 0.0, "tp_r": 1, "trail_r": 1}
s02_gross|IS|{"be_r": 1, "commission": 0.0, "sl_k": 0.75, "sl_ref": 1, "slip": 0.0, "tp_r": 1, "trail_r": 1}
s02_gross|IS|{"be_r": 1, "commission": 0.0, "exit_time": 21.0, "sl_k": 0.75, "sl_ref": 1, "slip": 0.0, "tp_r": 1, "trail_r": 1}
s02_gross|IS|{"be_r": 1, "commission": 0.0, "exit_time": 14.0, "sl_k": 0.75, "sl_ref": 1, "slip": 0.0, "tp_r": 1, "trail_r": 1.5}
s02_gross|IS|{"be_r": 1, "commission": 0.0, "exit_time": 16.0, "sl_k": 0.75, "sl_ref": 1, "slip": 0.0, "tp_r": 1, "trail_r": 1.5}
s02_gross|IS|{"be_r": 1, "commission": 0.0, "exit_time": 18.0, "sl_k": 0.75, "sl_ref": 1, "slip": 0.0, "tp_r": 1, "trail_r": 1.5}
s02_gross|IS|{"be_r": 1, "commission": 0.0, "sl_k": 0.75, "sl_ref": 1, "slip": 0.0, "tp_r": 1, "trail_r": 1.5}
s02_gross|IS|{"be_r": 1, "commission": 0.0, "exit_time": 21.0, "sl_k": 0.75, "sl_ref": 1, "slip": 0.0, "tp_r": 1, "trail_r": 1.5}
s02_gross|IS|{"be_r": 1, "commission": 0.0, "exit_time": 14.0, "sl_k": 0.75, "sl_ref": 1, "slip": 0.0, "tp_r": 1, "trail_r": 2}
s02_gross|IS|{"be_r": 1, "commission": 0.0, "exit_time": 16.0, "sl_k": 0.75, "sl_ref": 1, "slip": 0.0, "tp_r": 1, "trail_r": 2}
s02_gross|IS|{"be_r": 1, "commission": 0.0, "exit_time": 18.0, "sl_k": 0.75, "sl_ref": 1, "slip": 0.0, "tp_r": 1, "trail_r": 2}
s02_gross|IS|{"be_r": 1, "commission": 0.0, "sl_k": 0.75, "sl_ref": 1, "slip": 0.0, "tp_r": 1, "trail_r": 2}
s02_gross|IS|{"be_r": 1, "commission": 0.0, "exit_time": 21.0, "sl_k": 0.75, "sl_ref": 1, "slip": 0.0, "tp_r": 1, "trail_r": 2}
s02_gross|IS|{"commission": 0.0, "exit_time": 14.0, "sl_k": 0.75, "sl_ref": 1, "slip": 0.0, "tp_r": 1.5}
s02_gross|IS|{"commission": 0.0, "exit_time": 16.0, "sl_k": 0.75, "sl_ref": 1, "slip": 0.0, "tp_r": 1.5}
s02_gross|IS|{"commission": 0.0, "exit_time": 18.0, "sl_k": 0.75, "sl_ref": 1, "slip": 0.0, "tp_r": 1.5}
s02_gross|IS|{"commission": 0.0, "sl_k": 0.75, "sl_ref": 1, "slip": 0.0, "tp_r": 1.5}
s02_gross|IS|{"commission": 0.0, "exit_time": 21.0, "sl_k": 0.75, "sl_ref": 1, "slip": 0.0, "tp_r": 1.5}
s02_gross|IS|{"commission": 0.0, "exit_time": 14.0, "sl_k": 0.75, "sl_ref": 1, "slip": 0.0, "tp_r": 1.5, "trail_r": 0.5}
s02_gross|IS|{"commission": 0.0, "exit_time": 16.0, "sl_k": 0.75, "sl_ref": 1, "slip": 0.0, "tp_r": 1.5, "trail_r": 0.5}
s02_gross|IS|{"commission": 0.0, "exit_time": 18.0, "sl_k": 0.75, "sl_ref": 1, "slip": 0.0, "tp_r": 1.5, "trail_r": 0.5}
s02_gross|IS|{"commission": 0.0, "sl_k": 0.75, "sl_ref": 1, "slip": 0.0, "tp_r": 1.5, "trail_r": 0.5}
s02_gross|IS|{"commission": 0.0, "exit_time": 21.0, "sl_k": 0.75, "sl_ref": 1, "slip": 0.0, "tp_r": 1.5, "trail_r": 0.5}
s02_gross|IS|{"commission": 0.0, "exit_time": 14.0, "sl_k": 0.75, "sl_ref": 1, "slip": 0.0, "tp_r": 1.5, "trail_r": 1}
s02_gross|IS|{"commission": 0.0, "exit_time": 16.0, "sl_k": 0.75, "sl_ref": 1, "slip": 0.0, "tp_r": 1.5, "trail_r": 1}
s02_gross|IS|{"commission": 0.0, "exit_time": 18.0, "sl_k": 0.75, "sl_ref": 1, "slip": 0.0, "tp_r": 1.5, "trail_r": 1}
s02_gross|IS|{"commission": 0.0, "sl_k": 0.75, "sl_ref": 1, "slip": 0.0, "tp_r": 1.5, "trail_r": 1}
s02_gross|IS|{"commission": 0.0, "exit_time": 21.0, "sl_k": 0.75, "sl_ref": 1, "slip": 0.0, "tp_r": 1.5, "trail_r": 1}
s02_gross|IS|{"commission": 0.0, "exit_time": 14.0, "sl_k": 0.75, "sl_ref": 1, "slip": 0.0, "tp_r": 1.5, "trail_r": 1.5}
s02_gross|IS|{"commission": 0.0, "exit_time": 16.0, "sl_k": 0.75, "sl_ref": 1, "slip": 0.0, "tp_r": 1.5, "trail_r": 1.5}
s02_gross|IS|{"commission": 0.0, "exit_time": 18.0, "sl_k": 0.75, "sl_ref": 1, "slip": 0.0, "tp_r": 1.5, "trail_r": 1.5}
s02_gross|IS|{"commission": 0.0, "sl_k": 0.75, "sl_ref": 1, "slip": 0.0, "tp_r": 1.5, "trail_r": 1.5}
s02_gross|IS|{"commission": 0.0, "exit_time": 21.0, "sl_k": 0.75, "sl_ref": 1, "slip": 0.0, "tp_r": 1.5, "trail_r": 1.5}
s02_gross|IS|{"commission": 0.0, "exit_time": 14.0, "sl_k": 0.75, "sl_ref": 1, "slip": 0.0, "tp_r": 1.5, "trail_r": 2}
s02_gross|IS|{"commission": 0.0, "exit_time": 16.0, "sl_k": 0.75, "sl_ref": 1, "slip": 0.0, "tp_r": 1.5, "trail_r": 2}
s02_gross|IS|{"commission": 0.0, "exit_time": 18.0, "sl_k": 0.75, "sl_ref": 1, "slip": 0.0, "tp_r": 1.5, "trail_r": 2}
s02_gross|IS|{"commission": 0.0, "sl_k": 0.75, "sl_ref": 1, "slip": 0.0, "tp_r": 1.5, "trail_r": 2}
s02_gross|IS|{"commission": 0.0, "exit_time": 21.0, "sl_k": 0.75, "sl_ref": 1, "slip": 0.0, "tp_r": 1.5, "trail_r": 2}
s02_gross|IS|{"be_r": 0.5, "commission": 0.0, "exit_time": 14.0, "sl_k": 0.75, "sl_ref": 1, "slip": 0.0, "tp_r": 1.5}
s02_gross|IS|{"be_r": 0.5, "commission": 0.0, "exit_time": 16.0, "sl_k": 0.75, "sl_ref": 1, "slip": 0.0, "tp_r": 1.5}
s02_gross|IS|{"be_r": 0.5, "commission": 0.0, "exit_time": 18.0, "sl_k": 0.75, "sl_ref": 1, "slip": 0.0, "tp_r": 1.5}
s02_gross|IS|{"be_r": 0.5, "commission": 0.0, "sl_k": 0.75, "sl_ref": 1, "slip": 0.0, "tp_r": 1.5}
s02_gross|IS|{"be_r": 0.5, "commission": 0.0, "exit_time": 21.0, "sl_k": 0.75, "sl_ref": 1, "slip": 0.0, "tp_r": 1.5}
s02_gross|IS|{"be_r": 0.5, "commission": 0.0, "exit_time": 14.0, "sl_k": 0.75, "sl_ref": 1, "slip": 0.0, "tp_r": 1.5, "trail_r": 0.5}
s02_gross|IS|{"be_r": 0.5, "commission": 0.0, "exit_time": 16.0, "sl_k": 0.75, "sl_ref": 1, "slip": 0.0, "tp_r": 1.5, "trail_r": 0.5}
s02_gross|IS|{"be_r": 0.5, "commission": 0.0, "exit_time": 18.0, "sl_k": 0.75, "sl_ref": 1, "slip": 0.0, "tp_r": 1.5, "trail_r": 0.5}
s02_gross|IS|{"be_r": 0.5, "commission": 0.0, "sl_k": 0.75, "sl_ref": 1, "slip": 0.0, "tp_r": 1.5, "trail_r": 0.5}
s02_gross|IS|{"be_r": 0.5, "commission": 0.0, "exit_time": 21.0, "sl_k": 0.75, "sl_ref": 1, "slip": 0.0, "tp_r": 1.5, "trail_r": 0.5}
s02_gross|IS|{"be_r": 0.5, "commission": 0.0, "exit_time": 14.0, "sl_k": 0.75, "sl_ref": 1, "slip": 0.0, "tp_r": 1.5, "trail_r": 1}
s02_gross|IS|{"be_r": 0.5, "commission": 0.0, "exit_time": 16.0, "sl_k": 0.75, "sl_ref": 1, "slip": 0.0, "tp_r": 1.5, "trail_r": 1}
s02_gross|IS|{"be_r": 0.5, "commission": 0.0, "exit_time": 18.0, "sl_k": 0.75, "sl_ref": 1, "slip": 0.0, "tp_r": 1.5, "trail_r": 1}
s02_gross|IS|{"be_r": 0.5, "commission": 0.0, "sl_k": 0.75, "sl_ref": 1, "slip": 0.0, "tp_r": 1.5, "trail_r": 1}
s02_gross|IS|{"be_r": 0.5, "commission": 0.0, "exit_time": 21.0, "sl_k": 0.75, "sl_ref": 1, "slip": 0.0, "tp_r": 1.5, "trail_r": 1}
s02_gross|IS|{"be_r": 0.5, "commission": 0.0, "exit_time": 14.0, "sl_k": 0.75, "sl_ref": 1, "slip": 0.0, "tp_r": 1.5, "trail_r": 1.5}
s02_gross|IS|{"be_r": 0.5, "commission": 0.0, "exit_time": 16.0, "sl_k": 0.75, "sl_ref": 1, "slip": 0.0, "tp_r": 1.5, "trail_r": 1.5}
s02_gross|IS|{"be_r": 0.5, "commission": 0.0, "exit_time": 18.0, "sl_k": 0.75, "sl_ref": 1, "slip": 0.0, "tp_r": 1.5, "trail_r": 1.5}
s02_gross|IS|{"be_r": 0.5, "commission": 0.0, "sl_k": 0.75, "sl_ref": 1, "slip": 0.0, "tp_r": 1.5, "trail_r": 1.5}
s02_gross|IS|{"be_r": 0.5, "commission": 0.0, "exit_time": 21.0, "sl_k": 0.75, "sl_ref": 1, "slip": 0.0, "tp_r": 1.5, "trail_r": 1.5}
s02_gross|IS|{"be_r": 0.5, "commission": 0.0, "exit_time": 14.0, "sl_k": 0.75, "sl_ref": 1, "slip": 0.0, "tp_r": 1.5, "trail_r": 2}
s02_gross|IS|{"be_r": 0.5, "commission": 0.0, "exit_time": 16.0, "sl_k": 0.75, "sl_ref": 1, "slip": 0.0, "tp_r": 1.5, "trail_r": 2}
s02_gross|IS|{"be_r": 0.5, "commission": 0.0, "exit_time": 18.0, "sl_k": 0.75, "sl_ref": 1, "slip": 0.0, "tp_r": 1.5, "trail_r": 2}
s02_gross|IS|{"be_r": 0.5, "commission": 0.0, "sl_k": 0.75, "sl_ref": 1, "slip": 0.0, "tp_r": 1.5, "trail_r": 2}
s02_gross|IS|{"be_r": 0.5, "commission": 0.0, "exit_time": 21.0, "sl_k": 0.75, "sl_ref": 1, "slip": 0.0, "tp_r": 1.5, "trail_r": 2}
s02_gross|IS|{"be_r": 1, "commission": 0.0, "exit_time": 14.0, "sl_k": 0.75, "sl_ref": 1, "slip": 0.0, "tp_r": 1.5}
s02_gross|IS|{"be_r": 1, "commission": 0.0, "exit_time": 16.0, "sl_k": 0.75, "sl_ref": 1, "slip": 0.0, "tp_r": 1.5}
s02_gross|IS|{"be_r": 1, "commission": 0.0, "exit_time": 18.0, "sl_k": 0.75, "sl_ref": 1, "slip": 0.0, "tp_r": 1.5}
s02_gross|IS|{"be_r": 1, "commission": 0.0, "sl_k": 0.75, "sl_ref": 1, "slip": 0.0, "tp_r": 1.5}
s02_gross|IS|{"be_r": 1, "commission": 0.0, "exit_time": 21.0, "sl_k": 0.75, "sl_ref": 1, "slip": 0.0, "tp_r": 1.5}
s02_gross|IS|{"be_r": 1, "commission": 0.0, "exit_time": 14.0, "sl_k": 0.75, "sl_ref": 1, "slip": 0.0, "tp_r": 1.5, "trail_r": 0.5}
s02_gross|IS|{"be_r": 1, "commission": 0.0, "exit_time": 16.0, "sl_k": 0.75, "sl_ref": 1, "slip": 0.0, "tp_r": 1.5, "trail_r": 0.5}
s02_gross|IS|{"be_r": 1, "commission": 0.0, "exit_time": 18.0, "sl_k": 0.75, "sl_ref": 1, "slip": 0.0, "tp_r": 1.5, "trail_r": 0.5}
s02_gross|IS|{"be_r": 1, "commission": 0.0, "sl_k": 0.75, "sl_ref": 1, "slip": 0.0, "tp_r": 1.5, "trail_r": 0.5}
s02_gross|IS|{"be_r": 1, "commission": 0.0, "exit_time": 21.0, "sl_k": 0.75, "sl_ref": 1, "slip": 0.0, "tp_r": 1.5, "trail_r": 0.5}
s02_gross|IS|{"be_r": 1, "commission": 0.0, "exit_time": 14.0, "sl_k": 0.75, "sl_ref": 1, "slip": 0.0, "tp_r": 1.5, "trail_r": 1}
s02_gross|IS|{"be_r": 1, "commission": 0.0, "exit_time": 16.0, "sl_k": 0.75, "sl_ref": 1, "slip": 0.0, "tp_r": 1.5, "trail_r": 1}
s02_gross|IS|{"be_r": 1, "commission": 0.0, "exit_time": 18.0, "sl_k": 0.75, "sl_ref": 1, "slip": 0.0, "tp_r": 1.5, "trail_r": 1}
s02_gross|IS|{"be_r": 1, "commission": 0.0, "sl_k": 0.75, "sl_ref": 1, "slip": 0.0, "tp_r": 1.5, "trail_r": 1}
s02_gross|IS|{"be_r": 1, "commission": 0.0, "exit_time": 21.0, "sl_k": 0.75, "sl_ref": 1, "slip": 0.0, "tp_r": 1.5, "trail_r": 1}
s02_gross|IS|{"be_r": 1, "commission": 0.0, "exit_time": 14.0, "sl_k": 0.75, "sl_ref": 1, "slip": 0.0, "tp_r": 1.5, "trail_r": 1.5}
s02_gross|IS|{"be_r": 1, "commission": 0.0, "exit_time": 16.0, "sl_k": 0.75, "sl_ref": 1, "slip": 0.0, "tp_r": 1.5, "trail_r": 1.5}
s02_gross|IS|{"be_r": 1, "commission": 0.0, "exit_time": 18.0, "sl_k": 0.75, "sl_ref": 1, "slip": 0.0, "tp_r": 1.5, "trail_r": 1.5}
s02_gross|IS|{"be_r": 1, "commission": 0.0, "sl_k": 0.75, "sl_ref": 1, "slip": 0.0, "tp_r": 1.5, "trail_r": 1.5}
s02_gross|IS|{"be_r": 1, "commission": 0.0, "exit_time": 21.0, "sl_k": 0.75, "sl_ref": 1, "slip": 0.0, "tp_r": 1.5, "trail_r": 1.5}
s02_gross|IS|{"be_r": 1, "commission": 0.0, "exit_time": 14.0, "sl_k": 0.75, "sl_ref": 1, "slip": 0.0, "tp_r": 1.5, "trail_r": 2}
s02_gross|IS|{"be_r": 1, "commission": 0.0, "exit_time": 16.0, "sl_k": 0.75, "sl_ref": 1, "slip": 0.0, "tp_r": 1.5, "trail_r": 2}
s02_gross|IS|{"be_r": 1, "commission": 0.0, "exit_time": 18.0, "sl_k": 0.75, "sl_ref": 1, "slip": 0.0, "tp_r": 1.5, "trail_r": 2}
s02_gross|IS|{"be_r": 1, "commission": 0.0, "sl_k": 0.75, "sl_ref": 1, "slip": 0.0, "tp_r": 1.5, "trail_r": 2}
s02_gross|IS|{"be_r": 1, "commission": 0.0, "exit_time": 21.0, "sl_k": 0.75, "sl_ref": 1, "slip": 0.0, "tp_r": 1.5, "trail_r": 2}
s02_gross|IS|{"commission": 0.0, "exit_time": 14.0, "sl_k": 0.75, "sl_ref": 1, "slip": 0.0, "tp_r": 2}
s02_gross|IS|{"commission": 0.0, "exit_time": 16.0, "sl_k": 0.75, "sl_ref": 1, "slip": 0.0, "tp_r": 2}
s02_gross|IS|{"commission": 0.0, "exit_time": 18.0, "sl_k": 0.75, "sl_ref": 1, "slip": 0.0, "tp_r": 2}
s02_gross|IS|{"commission": 0.0, "sl_k": 0.75, "sl_ref": 1, "slip": 0.0, "tp_r": 2}
s02_gross|IS|{"commission": 0.0, "exit_time": 21.0, "sl_k": 0.75, "sl_ref": 1, "slip": 0.0, "tp_r": 2}
s02_gross|IS|{"commission": 0.0, "exit_time": 14.0, "sl_k": 0.75, "sl_ref": 1, "slip": 0.0, "tp_r": 2, "trail_r": 0.5}
s02_gross|IS|{"commission": 0.0, "exit_time": 16.0, "sl_k": 0.75, "sl_ref": 1, "slip": 0.0, "tp_r": 2, "trail_r": 0.5}
s02_gross|IS|{"commission": 0.0, "exit_time": 18.0, "sl_k": 0.75, "sl_ref": 1, "slip": 0.0, "tp_r": 2, "trail_r": 0.5}
s02_gross|IS|{"commission": 0.0, "sl_k": 0.75, "sl_ref": 1, "slip": 0.0, "tp_r": 2, "trail_r": 0.5}
s02_gross|IS|{"commission": 0.0, "exit_time": 21.0, "sl_k": 0.75, "sl_ref": 1, "slip": 0.0, "tp_r": 2, "trail_r": 0.5}
s02_gross|IS|{"commission": 0.0, "exit_time": 14.0, "sl_k": 0.75, "sl_ref": 1, "slip": 0.0, "tp_r": 2, "trail_r": 1}
s02_gross|IS|{"commission": 0.0, "exit_time": 16.0, "sl_k": 0.75, "sl_ref": 1, "slip": 0.0, "tp_r": 2, "trail_r": 1}
s02_gross|IS|{"commission": 0.0, "exit_time": 18.0, "sl_k": 0.75, "sl_ref": 1, "slip": 0.0, "tp_r": 2, "trail_r": 1}
s02_gross|IS|{"commission": 0.0, "sl_k": 0.75, "sl_ref": 1, "slip": 0.0, "tp_r": 2, "trail_r": 1}
s02_gross|IS|{"commission": 0.0, "exit_time": 21.0, "sl_k": 0.75, "sl_ref": 1, "slip": 0.0, "tp_r": 2, "trail_r": 1}
s02_gross|IS|{"commission": 0.0, "exit_time": 14.0, "sl_k": 0.75, "sl_ref": 1, "slip": 0.0, "tp_r": 2, "trail_r": 1.5}
s02_gross|IS|{"commission": 0.0, "exit_time": 16.0, "sl_k": 0.75, "sl_ref": 1, "slip": 0.0, "tp_r": 2, "trail_r": 1.5}
s02_gross|IS|{"commission": 0.0, "exit_time": 18.0, "sl_k": 0.75, "sl_ref": 1, "slip": 0.0, "tp_r": 2, "trail_r": 1.5}
s02_gross|IS|{"commission": 0.0, "sl_k": 0.75, "sl_ref": 1, "slip": 0.0, "tp_r": 2, "trail_r": 1.5}
s02_gross|IS|{"commission": 0.0, "exit_time": 21.0, "sl_k": 0.75, "sl_ref": 1, "slip": 0.0, "tp_r": 2, "trail_r": 1.5}
s02_gross|IS|{"commission": 0.0, "exit_time": 14.0, "sl_k": 0.75, "sl_ref": 1, "slip": 0.0, "tp_r": 2, "trail_r": 2}
s02_gross|IS|{"commission": 0.0, "exit_time": 16.0, "sl_k": 0.75, "sl_ref": 1, "slip": 0.0, "tp_r": 2, "trail_r": 2}
s02_gross|IS|{"commission": 0.0, "exit_time": 18.0, "sl_k": 0.75, "sl_ref": 1, "slip": 0.0, "tp_r": 2, "trail_r": 2}
s02_gross|IS|{"commission": 0.0, "sl_k": 0.75, "sl_ref": 1, "slip": 0.0, "tp_r": 2, "trail_r": 2}
s02_gross|IS|{"commission": 0.0, "exit_time": 21.0, "sl_k": 0.75, "sl_ref": 1, "slip": 0.0, "tp_r": 2, "trail_r": 2}
s02_gross|IS|{"be_r": 0.5, "commission": 0.0, "exit_time": 14.0, "sl_k": 0.75, "sl_ref": 1, "slip": 0.0, "tp_r": 2}
s02_gross|IS|{"be_r": 0.5, "commission": 0.0, "exit_time": 16.0, "sl_k": 0.75, "sl_ref": 1, "slip": 0.0, "tp_r": 2}
s02_gross|IS|{"be_r": 0.5, "commission": 0.0, "exit_time": 18.0, "sl_k": 0.75, "sl_ref": 1, "slip": 0.0, "tp_r": 2}
s02_gross|IS|{"be_r": 0.5, "commission": 0.0, "sl_k": 0.75, "sl_ref": 1, "slip": 0.0, "tp_r": 2}
s02_gross|IS|{"be_r": 0.5, "commission": 0.0, "exit_time": 21.0, "sl_k": 0.75, "sl_ref": 1, "slip": 0.0, "tp_r": 2}
s02_gross|IS|{"be_r": 0.5, "commission": 0.0, "exit_time": 14.0, "sl_k": 0.75, "sl_ref": 1, "slip": 0.0, "tp_r": 2, "trail_r": 0.5}
s02_gross|IS|{"be_r": 0.5, "commission": 0.0, "exit_time": 16.0, "sl_k": 0.75, "sl_ref": 1, "slip": 0.0, "tp_r": 2, "trail_r": 0.5}
s02_gross|IS|{"be_r": 0.5, "commission": 0.0, "exit_time": 18.0, "sl_k": 0.75, "sl_ref": 1, "slip": 0.0, "tp_r": 2, "trail_r": 0.5}
s02_gross|IS|{"be_r": 0.5, "commission": 0.0, "sl_k": 0.75, "sl_ref": 1, "slip": 0.0, "tp_r": 2, "trail_r": 0.5}
s02_gross|IS|{"be_r": 0.5, "commission": 0.0, "exit_time": 21.0, "sl_k": 0.75, "sl_ref": 1, "slip": 0.0, "tp_r": 2, "trail_r": 0.5}
s02_gross|IS|{"be_r": 0.5, "commission": 0.0, "exit_time": 14.0, "sl_k": 0.75, "sl_ref": 1, "slip": 0.0, "tp_r": 2, "trail_r": 1}
s02_gross|IS|{"be_r": 0.5, "commission": 0.0, "exit_time": 16.0, "sl_k": 0.75, "sl_ref": 1, "slip": 0.0, "tp_r": 2, "trail_r": 1}
s02_gross|IS|{"be_r": 0.5, "commission": 0.0, "exit_time": 18.0, "sl_k": 0.75, "sl_ref": 1, "slip": 0.0, "tp_r": 2, "trail_r": 1}
s02_gross|IS|{"be_r": 0.5, "commission": 0.0, "sl_k": 0.75, "sl_ref": 1, "slip": 0.0, "tp_r": 2, "trail_r": 1}
s02_gross|IS|{"be_r": 0.5, "commission": 0.0, "exit_time": 21.0, "sl_k": 0.75, "sl_ref": 1, "slip": 0.0, "tp_r": 2, "trail_r": 1}
s02_gross|IS|{"be_r": 0.5, "commission": 0.0, "exit_time": 14.0, "sl_k": 0.75, "sl_ref": 1, "slip": 0.0, "tp_r": 2, "trail_r": 1.5}
s02_gross|IS|{"be_r": 0.5, "commission": 0.0, "exit_time": 16.0, "sl_k": 0.75, "sl_ref": 1, "slip": 0.0, "tp_r": 2, "trail_r": 1.5}
s02_gross|IS|{"be_r": 0.5, "commission": 0.0, "exit_time": 18.0, "sl_k": 0.75, "sl_ref": 1, "slip": 0.0, "tp_r": 2, "trail_r": 1.5}
s02_gross|IS|{"be_r": 0.5, "commission": 0.0, "sl_k": 0.75, "sl_ref": 1, "slip": 0.0, "tp_r": 2, "trail_r": 1.5}
s02_gross|IS|{"be_r": 0.5, "commission": 0.0, "exit_time": 21.0, "sl_k": 0.75, "sl_ref": 1, "slip": 0.0, "tp_r": 2, "trail_r": 1.5}
s02_gross|IS|{"be_r": 0.5, "commission": 0.0, "exit_time": 14.0, "sl_k": 0.75, "sl_ref": 1, "slip": 0.0, "tp_r": 2, "trail_r": 2}
s02_gross|IS|{"be_r": 0.5, "commission": 0.0, "exit_time": 16.0, "sl_k": 0.75, "sl_ref": 1, "slip": 0.0, "tp_r": 2, "trail_r": 2}
s02_gross|IS|{"be_r": 0.5, "commission": 0.0, "exit_time": 18.0, "sl_k": 0.75, "sl_ref": 1, "slip": 0.0, "tp_r": 2, "trail_r": 2}
s02_gross|IS|{"be_r": 0.5, "commission": 0.0, "sl_k": 0.75, "sl_ref": 1, "slip": 0.0, "tp_r": 2, "trail_r": 2}
s02_gross|IS|{"be_r": 0.5, "commission": 0.0, "exit_time": 21.0, "sl_k": 0.75, "sl_ref": 1, "slip": 0.0, "tp_r": 2, "trail_r": 2}
s02_gross|IS|{"be_r": 1, "commission": 0.0, "exit_time": 14.0, "sl_k": 0.75, "sl_ref": 1, "slip": 0.0, "tp_r": 2}
s02_gross|IS|{"be_r": 1, "commission": 0.0, "exit_time": 16.0, "sl_k": 0.75, "sl_ref": 1, "slip": 0.0, "tp_r": 2}
s02_gross|IS|{"be_r": 1, "commission": 0.0, "exit_time": 18.0, "sl_k": 0.75, "sl_ref": 1, "slip": 0.0, "tp_r": 2}
s02_gross|IS|{"be_r": 1, "commission": 0.0, "sl_k": 0.75, "sl_ref": 1, "slip": 0.0, "tp_r": 2}
s02_gross|IS|{"be_r": 1, "commission": 0.0, "exit_time": 21.0, "sl_k": 0.75, "sl_ref": 1, "slip": 0.0, "tp_r": 2}
s02_gross|IS|{"be_r": 1, "commission": 0.0, "exit_time": 14.0, "sl_k": 0.75, "sl_ref": 1, "slip": 0.0, "tp_r": 2, "trail_r": 0.5}
s02_gross|IS|{"be_r": 1, "commission": 0.0, "exit_time": 16.0, "sl_k": 0.75, "sl_ref": 1, "slip": 0.0, "tp_r": 2, "trail_r": 0.5}
s02_gross|IS|{"be_r": 1, "commission": 0.0, "exit_time": 18.0, "sl_k": 0.75, "sl_ref": 1, "slip": 0.0, "tp_r": 2, "trail_r": 0.5}
s02_gross|IS|{"be_r": 1, "commission": 0.0, "sl_k": 0.75, "sl_ref": 1, "slip": 0.0, "tp_r": 2, "trail_r": 0.5}
s02_gross|IS|{"be_r": 1, "commission": 0.0, "exit_time": 21.0, "sl_k": 0.75, "sl_ref": 1, "slip": 0.0, "tp_r": 2, "trail_r": 0.5}
s02_gross|IS|{"be_r": 1, "commission": 0.0, "exit_time": 14.0, "sl_k": 0.75, "sl_ref": 1, "slip": 0.0, "tp_r": 2, "trail_r": 1}
s02_gross|IS|{"be_r": 1, "commission": 0.0, "exit_time": 16.0, "sl_k": 0.75, "sl_ref": 1, "slip": 0.0, "tp_r": 2, "trail_r": 1}
s02_gross|IS|{"be_r": 1, "commission": 0.0, "exit_time": 18.0, "sl_k": 0.75, "sl_ref": 1, "slip": 0.0, "tp_r": 2, "trail_r": 1}
s02_gross|IS|{"be_r": 1, "commission": 0.0, "sl_k": 0.75, "sl_ref": 1, "slip": 0.0, "tp_r": 2, "trail_r": 1}
s02_gross|IS|{"be_r": 1, "commission": 0.0, "exit_time": 21.0, "sl_k": 0.75, "sl_ref": 1, "slip": 0.0, "tp_r": 2, "trail_r": 1}
s02_gross|IS|{"be_r": 1, "commission": 0.0, "exit_time": 14.0, "sl_k": 0.75, "sl_ref": 1, "slip": 0.0, "tp_r": 2, "trail_r": 1.5}
s02_gross|IS|{"be_r": 1, "commission": 0.0, "exit_time": 16.0, "sl_k": 0.75, "sl_ref": 1, "slip": 0.0, "tp_r": 2, "trail_r": 1.5}
s02_gross|IS|{"be_r": 1, "commission": 0.0, "exit_time": 18.0, "sl_k": 0.75, "sl_ref": 1, "slip": 0.0, "tp_r": 2, "trail_r": 1.5}
s02_gross|IS|{"be_r": 1, "commission": 0.0, "sl_k": 0.75, "sl_ref": 1, "slip": 0.0, "tp_r": 2, "trail_r": 1.5}
s02_gross|IS|{"be_r": 1, "commission": 0.0, "exit_time": 21.0, "sl_k": 0.75, "sl_ref": 1, "slip": 0.0, "tp_r": 2, "trail_r": 1.5}
s02_gross|IS|{"be_r": 1, "commission": 0.0, "exit_time": 14.0, "sl_k": 0.75, "sl_ref": 1, "slip": 0.0, "tp_r": 2, "trail_r": 2}
s02_gross|IS|{"be_r": 1, "commission": 0.0, "exit_time": 16.0, "sl_k": 0.75, "sl_ref": 1, "slip": 0.0, "tp_r": 2, "trail_r": 2}
s02_gross|IS|{"be_r": 1, "commission": 0.0, "exit_time": 18.0, "sl_k": 0.75, "sl_ref": 1, "slip": 0.0, "tp_r": 2, "trail_r": 2}
s02_gross|IS|{"be_r": 1, "commission": 0.0, "sl_k": 0.75, "sl_ref": 1, "slip": 0.0, "tp_r": 2, "trail_r": 2}
s02_gross|IS|{"be_r": 1, "commission": 0.0, "exit_time": 21.0, "sl_k": 0.75, "sl_ref": 1, "slip": 0.0, "tp_r": 2, "trail_r": 2}
s02_gross|IS|{"commission": 0.0, "exit_time": 14.0, "sl_k": 0.75, "sl_ref": 1, "slip": 0.0, "tp_r": 3}
s02_gross|IS|{"commission": 0.0, "exit_time": 16.0, "sl_k": 0.75, "sl_ref": 1, "slip": 0.0, "tp_r": 3}
s02_gross|IS|{"commission": 0.0, "exit_time": 18.0, "sl_k": 0.75, "sl_ref": 1, "slip": 0.0, "tp_r": 3}
s02_gross|IS|{"commission": 0.0, "sl_k": 0.75, "sl_ref": 1, "slip": 0.0, "tp_r": 3}
s02_gross|IS|{"commission": 0.0, "exit_time": 21.0, "sl_k": 0.75, "sl_ref": 1, "slip": 0.0, "tp_r": 3}
s02_gross|IS|{"commission": 0.0, "exit_time": 14.0, "sl_k": 0.75, "sl_ref": 1, "slip": 0.0, "tp_r": 3, "trail_r": 0.5}
s02_gross|IS|{"commission": 0.0, "exit_time": 16.0, "sl_k": 0.75, "sl_ref": 1, "slip": 0.0, "tp_r": 3, "trail_r": 0.5}
s02_gross|IS|{"commission": 0.0, "exit_time": 18.0, "sl_k": 0.75, "sl_ref": 1, "slip": 0.0, "tp_r": 3, "trail_r": 0.5}
s02_gross|IS|{"commission": 0.0, "sl_k": 0.75, "sl_ref": 1, "slip": 0.0, "tp_r": 3, "trail_r": 0.5}
s02_gross|IS|{"commission": 0.0, "exit_time": 21.0, "sl_k": 0.75, "sl_ref": 1, "slip": 0.0, "tp_r": 3, "trail_r": 0.5}
s02_gross|IS|{"commission": 0.0, "exit_time": 14.0, "sl_k": 0.75, "sl_ref": 1, "slip": 0.0, "tp_r": 3, "trail_r": 1}
s02_gross|IS|{"commission": 0.0, "exit_time": 16.0, "sl_k": 0.75, "sl_ref": 1, "slip": 0.0, "tp_r": 3, "trail_r": 1}
s02_gross|IS|{"commission": 0.0, "exit_time": 18.0, "sl_k": 0.75, "sl_ref": 1, "slip": 0.0, "tp_r": 3, "trail_r": 1}
s02_gross|IS|{"commission": 0.0, "sl_k": 0.75, "sl_ref": 1, "slip": 0.0, "tp_r": 3, "trail_r": 1}
s02_gross|IS|{"commission": 0.0, "exit_time": 21.0, "sl_k": 0.75, "sl_ref": 1, "slip": 0.0, "tp_r": 3, "trail_r": 1}
s02_gross|IS|{"commission": 0.0, "exit_time": 14.0, "sl_k": 0.75, "sl_ref": 1, "slip": 0.0, "tp_r": 3, "trail_r": 1.5}
s02_gross|IS|{"commission": 0.0, "exit_time": 16.0, "sl_k": 0.75, "sl_ref": 1, "slip": 0.0, "tp_r": 3, "trail_r": 1.5}
s02_gross|IS|{"commission": 0.0, "exit_time": 18.0, "sl_k": 0.75, "sl_ref": 1, "slip": 0.0, "tp_r": 3, "trail_r": 1.5}
s02_gross|IS|{"commission": 0.0, "sl_k": 0.75, "sl_ref": 1, "slip": 0.0, "tp_r": 3, "trail_r": 1.5}
s02_gross|IS|{"commission": 0.0, "exit_time": 21.0, "sl_k": 0.75, "sl_ref": 1, "slip": 0.0, "tp_r": 3, "trail_r": 1.5}
s02_gross|IS|{"commission": 0.0, "exit_time": 14.0, "sl_k": 0.75, "sl_ref": 1, "slip": 0.0, "tp_r": 3, "trail_r": 2}
s02_gross|IS|{"commission": 0.0, "exit_time": 16.0, "sl_k": 0.75, "sl_ref": 1, "slip": 0.0, "tp_r": 3, "trail_r": 2}
s02_gross|IS|{"commission": 0.0, "exit_time": 18.0, "sl_k": 0.75, "sl_ref": 1, "slip": 0.0, "tp_r": 3, "trail_r": 2}
s02_gross|IS|{"commission": 0.0, "sl_k": 0.75, "sl_ref": 1, "slip": 0.0, "tp_r": 3, "trail_r": 2}
s02_gross|IS|{"commission": 0.0, "exit_time": 21.0, "sl_k": 0.75, "sl_ref": 1, "slip": 0.0, "tp_r": 3, "trail_r": 2}
s02_gross|IS|{"be_r": 0.5, "commission": 0.0, "exit_time": 14.0, "sl_k": 0.75, "sl_ref": 1, "slip": 0.0, "tp_r": 3}
s02_gross|IS|{"be_r": 0.5, "commission": 0.0, "exit_time": 16.0, "sl_k": 0.75, "sl_ref": 1, "slip": 0.0, "tp_r": 3}
s02_gross|IS|{"be_r": 0.5, "commission": 0.0, "exit_time": 18.0, "sl_k": 0.75, "sl_ref": 1, "slip": 0.0, "tp_r": 3}
s02_gross|IS|{"be_r": 0.5, "commission": 0.0, "sl_k": 0.75, "sl_ref": 1, "slip": 0.0, "tp_r": 3}
s02_gross|IS|{"be_r": 0.5, "commission": 0.0, "exit_time": 21.0, "sl_k": 0.75, "sl_ref": 1, "slip": 0.0, "tp_r": 3}
s02_gross|IS|{"be_r": 0.5, "commission": 0.0, "exit_time": 14.0, "sl_k": 0.75, "sl_ref": 1, "slip": 0.0, "tp_r": 3, "trail_r": 0.5}
s02_gross|IS|{"be_r": 0.5, "commission": 0.0, "exit_time": 16.0, "sl_k": 0.75, "sl_ref": 1, "slip": 0.0, "tp_r": 3, "trail_r": 0.5}
s02_gross|IS|{"be_r": 0.5, "commission": 0.0, "exit_time": 18.0, "sl_k": 0.75, "sl_ref": 1, "slip": 0.0, "tp_r": 3, "trail_r": 0.5}
s02_gross|IS|{"be_r": 0.5, "commission": 0.0, "sl_k": 0.75, "sl_ref": 1, "slip": 0.0, "tp_r": 3, "trail_r": 0.5}
s02_gross|IS|{"be_r": 0.5, "commission": 0.0, "exit_time": 21.0, "sl_k": 0.75, "sl_ref": 1, "slip": 0.0, "tp_r": 3, "trail_r": 0.5}
s02_gross|IS|{"be_r": 0.5, "commission": 0.0, "exit_time": 14.0, "sl_k": 0.75, "sl_ref": 1, "slip": 0.0, "tp_r": 3, "trail_r": 1}
s02_gross|IS|{"be_r": 0.5, "commission": 0.0, "exit_time": 16.0, "sl_k": 0.75, "sl_ref": 1, "slip": 0.0, "tp_r": 3, "trail_r": 1}
s02_gross|IS|{"be_r": 0.5, "commission": 0.0, "exit_time": 18.0, "sl_k": 0.75, "sl_ref": 1, "slip": 0.0, "tp_r": 3, "trail_r": 1}
s02_gross|IS|{"be_r": 0.5, "commission": 0.0, "sl_k": 0.75, "sl_ref": 1, "slip": 0.0, "tp_r": 3, "trail_r": 1}
s02_gross|IS|{"be_r": 0.5, "commission": 0.0, "exit_time": 21.0, "sl_k": 0.75, "sl_ref": 1, "slip": 0.0, "tp_r": 3, "trail_r": 1}
s02_gross|IS|{"be_r": 0.5, "commission": 0.0, "exit_time": 14.0, "sl_k": 0.75, "sl_ref": 1, "slip": 0.0, "tp_r": 3, "trail_r": 1.5}
s02_gross|IS|{"be_r": 0.5, "commission": 0.0, "exit_time": 16.0, "sl_k": 0.75, "sl_ref": 1, "slip": 0.0, "tp_r": 3, "trail_r": 1.5}
s02_gross|IS|{"be_r": 0.5, "commission": 0.0, "exit_time": 18.0, "sl_k": 0.75, "sl_ref": 1, "slip": 0.0, "tp_r": 3, "trail_r": 1.5}
s02_gross|IS|{"be_r": 0.5, "commission": 0.0, "sl_k": 0.75, "sl_ref": 1, "slip": 0.0, "tp_r": 3, "trail_r": 1.5}
s02_gross|IS|{"be_r": 0.5, "commission": 0.0, "exit_time": 21.0, "sl_k": 0.75, "sl_ref": 1, "slip": 0.0, "tp_r": 3, "trail_r": 1.5}
s02_gross|IS|{"be_r": 0.5, "commission": 0.0, "exit_time": 14.0, "sl_k": 0.75, "sl_ref": 1, "slip": 0.0, "tp_r": 3, "trail_r": 2}
s02_gross|IS|{"be_r": 0.5, "commission": 0.0, "exit_time": 16.0, "sl_k": 0.75, "sl_ref": 1, "slip": 0.0, "tp_r": 3, "trail_r": 2}
s02_gross|IS|{"be_r": 0.5, "commission": 0.0, "exit_time": 18.0, "sl_k": 0.75, "sl_ref": 1, "slip": 0.0, "tp_r": 3, "trail_r": 2}
s02_gross|IS|{"be_r": 0.5, "commission": 0.0, "sl_k": 0.75, "sl_ref": 1, "slip": 0.0, "tp_r": 3, "trail_r": 2}
s02_gross|IS|{"be_r": 0.5, "commission": 0.0, "exit_time": 21.0, "sl_k": 0.75, "sl_ref": 1, "slip": 0.0, "tp_r": 3, "trail_r": 2}
s02_gross|IS|{"be_r": 1, "commission": 0.0, "exit_time": 14.0, "sl_k": 0.75, "sl_ref": 1, "slip": 0.0, "tp_r": 3}
s02_gross|IS|{"be_r": 1, "commission": 0.0, "exit_time": 16.0, "sl_k": 0.75, "sl_ref": 1, "slip": 0.0, "tp_r": 3}
s02_gross|IS|{"be_r": 1, "commission": 0.0, "exit_time": 18.0, "sl_k": 0.75, "sl_ref": 1, "slip": 0.0, "tp_r": 3}
s02_gross|IS|{"be_r": 1, "commission": 0.0, "sl_k": 0.75, "sl_ref": 1, "slip": 0.0, "tp_r": 3}
s02_gross|IS|{"be_r": 1, "commission": 0.0, "exit_time": 21.0, "sl_k": 0.75, "sl_ref": 1, "slip": 0.0, "tp_r": 3}
s02_gross|IS|{"be_r": 1, "commission": 0.0, "exit_time": 14.0, "sl_k": 0.75, "sl_ref": 1, "slip": 0.0, "tp_r": 3, "trail_r": 0.5}
s02_gross|IS|{"be_r": 1, "commission": 0.0, "exit_time": 16.0, "sl_k": 0.75, "sl_ref": 1, "slip": 0.0, "tp_r": 3, "trail_r": 0.5}
s02_gross|IS|{"be_r": 1, "commission": 0.0, "exit_time": 18.0, "sl_k": 0.75, "sl_ref": 1, "slip": 0.0, "tp_r": 3, "trail_r": 0.5}
s02_gross|IS|{"be_r": 1, "commission": 0.0, "sl_k": 0.75, "sl_ref": 1, "slip": 0.0, "tp_r": 3, "trail_r": 0.5}
s02_gross|IS|{"be_r": 1, "commission": 0.0, "exit_time": 21.0, "sl_k": 0.75, "sl_ref": 1, "slip": 0.0, "tp_r": 3, "trail_r": 0.5}
s02_gross|IS|{"be_r": 1, "commission": 0.0, "exit_time": 14.0, "sl_k": 0.75, "sl_ref": 1, "slip": 0.0, "tp_r": 3, "trail_r": 1}
s02_gross|IS|{"be_r": 1, "commission": 0.0, "exit_time": 16.0, "sl_k": 0.75, "sl_ref": 1, "slip": 0.0, "tp_r": 3, "trail_r": 1}
s02_gross|IS|{"be_r": 1, "commission": 0.0, "exit_time": 18.0, "sl_k": 0.75, "sl_ref": 1, "slip": 0.0, "tp_r": 3, "trail_r": 1}
s02_gross|IS|{"be_r": 1, "commission": 0.0, "sl_k": 0.75, "sl_ref": 1, "slip": 0.0, "tp_r": 3, "trail_r": 1}
s02_gross|IS|{"be_r": 1, "commission": 0.0, "exit_time": 21.0, "sl_k": 0.75, "sl_ref": 1, "slip": 0.0, "tp_r": 3, "trail_r": 1}
s02_gross|IS|{"be_r": 1, "commission": 0.0, "exit_time": 14.0, "sl_k": 0.75, "sl_ref": 1, "slip": 0.0, "tp_r": 3, "trail_r": 1.5}
s02_gross|IS|{"be_r": 1, "commission": 0.0, "exit_time": 16.0, "sl_k": 0.75, "sl_ref": 1, "slip": 0.0, "tp_r": 3, "trail_r": 1.5}
s02_gross|IS|{"be_r": 1, "commission": 0.0, "exit_time": 18.0, "sl_k": 0.75, "sl_ref": 1, "slip": 0.0, "tp_r": 3, "trail_r": 1.5}
s02_gross|IS|{"be_r": 1, "commission": 0.0, "sl_k": 0.75, "sl_ref": 1, "slip": 0.0, "tp_r": 3, "trail_r": 1.5}
s02_gross|IS|{"be_r": 1, "commission": 0.0, "exit_time": 21.0, "sl_k": 0.75, "sl_ref": 1, "slip": 0.0, "tp_r": 3, "trail_r": 1.5}
s02_gross|IS|{"be_r": 1, "commission": 0.0, "exit_time": 14.0, "sl_k": 0.75, "sl_ref": 1, "slip": 0.0, "tp_r": 3, "trail_r": 2}
s02_gross|IS|{"be_r": 1, "commission": 0.0, "exit_time": 16.0, "sl_k": 0.75, "sl_ref": 1, "slip": 0.0, "tp_r": 3, "trail_r": 2}
s02_gross|IS|{"be_r": 1, "commission": 0.0, "exit_time": 18.0, "sl_k": 0.75, "sl_ref": 1, "slip": 0.0, "tp_r": 3, "trail_r": 2}
s02_gross|IS|{"be_r": 1, "commission": 0.0, "sl_k": 0.75, "sl_ref": 1, "slip": 0.0, "tp_r": 3, "trail_r": 2}
s02_gross|IS|{"be_r": 1, "commission": 0.0, "exit_time": 21.0, "sl_k": 0.75, "sl_ref": 1, "slip": 0.0, "tp_r": 3, "trail_r": 2}
s02_gross|IS|{"commission": 0.0, "exit_time": 14.0, "sl_k": 0.75, "sl_ref": 1, "slip": 0.0, "tp_r": 4}
s02_gross|IS|{"commission": 0.0, "exit_time": 16.0, "sl_k": 0.75, "sl_ref": 1, "slip": 0.0, "tp_r": 4}
s02_gross|IS|{"commission": 0.0, "exit_time": 18.0, "sl_k": 0.75, "sl_ref": 1, "slip": 0.0, "tp_r": 4}
s02_gross|IS|{"commission": 0.0, "sl_k": 0.75, "sl_ref": 1, "slip": 0.0, "tp_r": 4}
s02_gross|IS|{"commission": 0.0, "exit_time": 21.0, "sl_k": 0.75, "sl_ref": 1, "slip": 0.0, "tp_r": 4}
s02_gross|IS|{"commission": 0.0, "exit_time": 14.0, "sl_k": 0.75, "sl_ref": 1, "slip": 0.0, "tp_r": 4, "trail_r": 0.5}
s02_gross|IS|{"commission": 0.0, "exit_time": 16.0, "sl_k": 0.75, "sl_ref": 1, "slip": 0.0, "tp_r": 4, "trail_r": 0.5}
s02_gross|IS|{"commission": 0.0, "exit_time": 18.0, "sl_k": 0.75, "sl_ref": 1, "slip": 0.0, "tp_r": 4, "trail_r": 0.5}
s02_gross|IS|{"commission": 0.0, "sl_k": 0.75, "sl_ref": 1, "slip": 0.0, "tp_r": 4, "trail_r": 0.5}
s02_gross|IS|{"commission": 0.0, "exit_time": 21.0, "sl_k": 0.75, "sl_ref": 1, "slip": 0.0, "tp_r": 4, "trail_r": 0.5}
s02_gross|IS|{"commission": 0.0, "exit_time": 14.0, "sl_k": 0.75, "sl_ref": 1, "slip": 0.0, "tp_r": 4, "trail_r": 1}
s02_gross|IS|{"commission": 0.0, "exit_time": 16.0, "sl_k": 0.75, "sl_ref": 1, "slip": 0.0, "tp_r": 4, "trail_r": 1}
s02_gross|IS|{"commission": 0.0, "exit_time": 18.0, "sl_k": 0.75, "sl_ref": 1, "slip": 0.0, "tp_r": 4, "trail_r": 1}
s02_gross|IS|{"commission": 0.0, "sl_k": 0.75, "sl_ref": 1, "slip": 0.0, "tp_r": 4, "trail_r": 1}
s02_gross|IS|{"commission": 0.0, "exit_time": 21.0, "sl_k": 0.75, "sl_ref": 1, "slip": 0.0, "tp_r": 4, "trail_r": 1}
s02_gross|IS|{"commission": 0.0, "exit_time": 14.0, "sl_k": 0.75, "sl_ref": 1, "slip": 0.0, "tp_r": 4, "trail_r": 1.5}
s02_gross|IS|{"commission": 0.0, "exit_time": 16.0, "sl_k": 0.75, "sl_ref": 1, "slip": 0.0, "tp_r": 4, "trail_r": 1.5}
s02_gross|IS|{"commission": 0.0, "exit_time": 18.0, "sl_k": 0.75, "sl_ref": 1, "slip": 0.0, "tp_r": 4, "trail_r": 1.5}
s02_gross|IS|{"commission": 0.0, "sl_k": 0.75, "sl_ref": 1, "slip": 0.0, "tp_r": 4, "trail_r": 1.5}
s02_gross|IS|{"commission": 0.0, "exit_time": 21.0, "sl_k": 0.75, "sl_ref": 1, "slip": 0.0, "tp_r": 4, "trail_r": 1.5}
s02_gross|IS|{"commission": 0.0, "exit_time": 14.0, "sl_k": 0.75, "sl_ref": 1, "slip": 0.0, "tp_r": 4, "trail_r": 2}
s02_gross|IS|{"commission": 0.0, "exit_time": 16.0, "sl_k": 0.75, "sl_ref": 1, "slip": 0.0, "tp_r": 4, "trail_r": 2}
s02_gross|IS|{"commission": 0.0, "exit_time": 18.0, "sl_k": 0.75, "sl_ref": 1, "slip": 0.0, "tp_r": 4, "trail_r": 2}
s02_gross|IS|{"commission": 0.0, "sl_k": 0.75, "sl_ref": 1, "slip": 0.0, "tp_r": 4, "trail_r": 2}
s02_gross|IS|{"commission": 0.0, "exit_time": 21.0, "sl_k": 0.75, "sl_ref": 1, "slip": 0.0, "tp_r": 4, "trail_r": 2}
s02_gross|IS|{"be_r": 0.5, "commission": 0.0, "exit_time": 14.0, "sl_k": 0.75, "sl_ref": 1, "slip": 0.0, "tp_r": 4}
s02_gross|IS|{"be_r": 0.5, "commission": 0.0, "exit_time": 16.0, "sl_k": 0.75, "sl_ref": 1, "slip": 0.0, "tp_r": 4}
s02_gross|IS|{"be_r": 0.5, "commission": 0.0, "exit_time": 18.0, "sl_k": 0.75, "sl_ref": 1, "slip": 0.0, "tp_r": 4}
s02_gross|IS|{"be_r": 0.5, "commission": 0.0, "sl_k": 0.75, "sl_ref": 1, "slip": 0.0, "tp_r": 4}
s02_gross|IS|{"be_r": 0.5, "commission": 0.0, "exit_time": 21.0, "sl_k": 0.75, "sl_ref": 1, "slip": 0.0, "tp_r": 4}
s02_gross|IS|{"be_r": 0.5, "commission": 0.0, "exit_time": 14.0, "sl_k": 0.75, "sl_ref": 1, "slip": 0.0, "tp_r": 4, "trail_r": 0.5}
s02_gross|IS|{"be_r": 0.5, "commission": 0.0, "exit_time": 16.0, "sl_k": 0.75, "sl_ref": 1, "slip": 0.0, "tp_r": 4, "trail_r": 0.5}
s02_gross|IS|{"be_r": 0.5, "commission": 0.0, "exit_time": 18.0, "sl_k": 0.75, "sl_ref": 1, "slip": 0.0, "tp_r": 4, "trail_r": 0.5}
s02_gross|IS|{"be_r": 0.5, "commission": 0.0, "sl_k": 0.75, "sl_ref": 1, "slip": 0.0, "tp_r": 4, "trail_r": 0.5}
s02_gross|IS|{"be_r": 0.5, "commission": 0.0, "exit_time": 21.0, "sl_k": 0.75, "sl_ref": 1, "slip": 0.0, "tp_r": 4, "trail_r": 0.5}
s02_gross|IS|{"be_r": 0.5, "commission": 0.0, "exit_time": 14.0, "sl_k": 0.75, "sl_ref": 1, "slip": 0.0, "tp_r": 4, "trail_r": 1}
s02_gross|IS|{"be_r": 0.5, "commission": 0.0, "exit_time": 16.0, "sl_k": 0.75, "sl_ref": 1, "slip": 0.0, "tp_r": 4, "trail_r": 1}
s02_gross|IS|{"be_r": 0.5, "commission": 0.0, "exit_time": 18.0, "sl_k": 0.75, "sl_ref": 1, "slip": 0.0, "tp_r": 4, "trail_r": 1}
s02_gross|IS|{"be_r": 0.5, "commission": 0.0, "sl_k": 0.75, "sl_ref": 1, "slip": 0.0, "tp_r": 4, "trail_r": 1}
s02_gross|IS|{"be_r": 0.5, "commission": 0.0, "exit_time": 21.0, "sl_k": 0.75, "sl_ref": 1, "slip": 0.0, "tp_r": 4, "trail_r": 1}
s02_gross|IS|{"be_r": 0.5, "commission": 0.0, "exit_time": 14.0, "sl_k": 0.75, "sl_ref": 1, "slip": 0.0, "tp_r": 4, "trail_r": 1.5}
s02_gross|IS|{"be_r": 0.5, "commission": 0.0, "exit_time": 16.0, "sl_k": 0.75, "sl_ref": 1, "slip": 0.0, "tp_r": 4, "trail_r": 1.5}
s02_gross|IS|{"be_r": 0.5, "commission": 0.0, "exit_time": 18.0, "sl_k": 0.75, "sl_ref": 1, "slip": 0.0, "tp_r": 4, "trail_r": 1.5}
s02_gross|IS|{"be_r": 0.5, "commission": 0.0, "sl_k": 0.75, "sl_ref": 1, "slip": 0.0, "tp_r": 4, "trail_r": 1.5}
s02_gross|IS|{"be_r": 0.5, "commission": 0.0, "exit_time": 21.0, "sl_k": 0.75, "sl_ref": 1, "slip": 0.0, "tp_r": 4, "trail_r": 1.5}
s02_gross|IS|{"be_r": 0.5, "commission": 0.0, "exit_time": 14.0, "sl_k": 0.75, "sl_ref": 1, "slip": 0.0, "tp_r": 4, "trail_r": 2}
s02_gross|IS|{"be_r": 0.5, "commission": 0.0, "exit_time": 16.0, "sl_k": 0.75, "sl_ref": 1, "slip": 0.0, "tp_r": 4, "trail_r": 2}
s02_gross|IS|{"be_r": 0.5, "commission": 0.0, "exit_time": 18.0, "sl_k": 0.75, "sl_ref": 1, "slip": 0.0, "tp_r": 4, "trail_r": 2}
s02_gross|IS|{"be_r": 0.5, "commission": 0.0, "sl_k": 0.75, "sl_ref": 1, "slip": 0.0, "tp_r": 4, "trail_r": 2}
s02_gross|IS|{"be_r": 0.5, "commission": 0.0, "exit_time": 21.0, "sl_k": 0.75, "sl_ref": 1, "slip": 0.0, "tp_r": 4, "trail_r": 2}
s02_gross|IS|{"be_r": 1, "commission": 0.0, "exit_time": 14.0, "sl_k": 0.75, "sl_ref": 1, "slip": 0.0, "tp_r": 4}
s02_gross|IS|{"be_r": 1, "commission": 0.0, "exit_time": 16.0, "sl_k": 0.75, "sl_ref": 1, "slip": 0.0, "tp_r": 4}
s02_gross|IS|{"be_r": 1, "commission": 0.0, "exit_time": 18.0, "sl_k": 0.75, "sl_ref": 1, "slip": 0.0, "tp_r": 4}
s02_gross|IS|{"be_r": 1, "commission": 0.0, "sl_k": 0.75, "sl_ref": 1, "slip": 0.0, "tp_r": 4}
s02_gross|IS|{"be_r": 1, "commission": 0.0, "exit_time": 21.0, "sl_k": 0.75, "sl_ref": 1, "slip": 0.0, "tp_r": 4}
s02_gross|IS|{"be_r": 1, "commission": 0.0, "exit_time": 14.0, "sl_k": 0.75, "sl_ref": 1, "slip": 0.0, "tp_r": 4, "trail_r": 0.5}
s02_gross|IS|{"be_r": 1, "commission": 0.0, "exit_time": 16.0, "sl_k": 0.75, "sl_ref": 1, "slip": 0.0, "tp_r": 4, "trail_r": 0.5}
s02_gross|IS|{"be_r": 1, "commission": 0.0, "exit_time": 18.0, "sl_k": 0.75, "sl_ref": 1, "slip": 0.0, "tp_r": 4, "trail_r": 0.5}
s02_gross|IS|{"be_r": 1, "commission": 0.0, "sl_k": 0.75, "sl_ref": 1, "slip": 0.0, "tp_r": 4, "trail_r": 0.5}
s02_gross|IS|{"be_r": 1, "commission": 0.0, "exit_time": 21.0, "sl_k": 0.75, "sl_ref": 1, "slip": 0.0, "tp_r": 4, "trail_r": 0.5}
s02_gross|IS|{"be_r": 1, "commission": 0.0, "exit_time": 14.0, "sl_k": 0.75, "sl_ref": 1, "slip": 0.0, "tp_r": 4, "trail_r": 1}
s02_gross|IS|{"be_r": 1, "commission": 0.0, "exit_time": 16.0, "sl_k": 0.75, "sl_ref": 1, "slip": 0.0, "tp_r": 4, "trail_r": 1}
s02_gross|IS|{"be_r": 1, "commission": 0.0, "exit_time": 18.0, "sl_k": 0.75, "sl_ref": 1, "slip": 0.0, "tp_r": 4, "trail_r": 1}
s02_gross|IS|{"be_r": 1, "commission": 0.0, "sl_k": 0.75, "sl_ref": 1, "slip": 0.0, "tp_r": 4, "trail_r": 1}
s02_gross|IS|{"be_r": 1, "commission": 0.0, "exit_time": 21.0, "sl_k": 0.75, "sl_ref": 1, "slip": 0.0, "tp_r": 4, "trail_r": 1}
s02_gross|IS|{"be_r": 1, "commission": 0.0, "exit_time": 14.0, "sl_k": 0.75, "sl_ref": 1, "slip": 0.0, "tp_r": 4, "trail_r": 1.5}
s02_gross|IS|{"be_r": 1, "commission": 0.0, "exit_time": 16.0, "sl_k": 0.75, "sl_ref": 1, "slip": 0.0, "tp_r": 4, "trail_r": 1.5}
s02_gross|IS|{"be_r": 1, "commission": 0.0, "exit_time": 18.0, "sl_k": 0.75, "sl_ref": 1, "slip": 0.0, "tp_r": 4, "trail_r": 1.5}
s02_gross|IS|{"be_r": 1, "commission": 0.0, "sl_k": 0.75, "sl_ref": 1, "slip": 0.0, "tp_r": 4, "trail_r": 1.5}
s02_gross|IS|{"be_r": 1, "commission": 0.0, "exit_time": 21.0, "sl_k": 0.75, "sl_ref": 1, "slip": 0.0, "tp_r": 4, "trail_r": 1.5}
s02_gross|IS|{"be_r": 1, "commission": 0.0, "exit_time": 14.0, "sl_k": 0.75, "sl_ref": 1, "slip": 0.0, "tp_r": 4, "trail_r": 2}
s02_gross|IS|{"be_r": 1, "commission": 0.0, "exit_time": 16.0, "sl_k": 0.75, "sl_ref": 1, "slip": 0.0, "tp_r": 4, "trail_r": 2}
s02_gross|IS|{"be_r": 1, "commission": 0.0, "exit_time": 18.0, "sl_k": 0.75, "sl_ref": 1, "slip": 0.0, "tp_r": 4, "trail_r": 2}
s02_gross|IS|{"be_r": 1, "commission": 0.0, "sl_k": 0.75, "sl_ref": 1, "slip": 0.0, "tp_r": 4, "trail_r": 2}
s02_gross|IS|{"be_r": 1, "commission": 0.0, "exit_time": 21.0, "sl_k": 0.75, "sl_ref": 1, "slip": 0.0, "tp_r": 4, "trail_r": 2}
s02_gross|IS|{"commission": 0.0, "exit_time": 14.0, "sl_ref": 2, "slip": 0.0}
s02_gross|IS|{"commission": 0.0, "exit_time": 16.0, "sl_ref": 2, "slip": 0.0}
s02_gross|IS|{"commission": 0.0, "exit_time": 18.0, "sl_ref": 2, "slip": 0.0}
s02_gross|IS|{"commission": 0.0, "sl_ref": 2, "slip": 0.0}
s02_gross|IS|{"commission": 0.0, "exit_time": 21.0, "sl_ref": 2, "slip": 0.0}
s02_gross|IS|{"commission": 0.0, "exit_time": 14.0, "sl_ref": 2, "slip": 0.0, "trail_r": 0.5}
s02_gross|IS|{"commission": 0.0, "exit_time": 16.0, "sl_ref": 2, "slip": 0.0, "trail_r": 0.5}
s02_gross|IS|{"commission": 0.0, "exit_time": 18.0, "sl_ref": 2, "slip": 0.0, "trail_r": 0.5}
s02_gross|IS|{"commission": 0.0, "sl_ref": 2, "slip": 0.0, "trail_r": 0.5}
s02_gross|IS|{"commission": 0.0, "exit_time": 21.0, "sl_ref": 2, "slip": 0.0, "trail_r": 0.5}
s02_gross|IS|{"commission": 0.0, "exit_time": 14.0, "sl_ref": 2, "slip": 0.0, "trail_r": 1}
s02_gross|IS|{"commission": 0.0, "exit_time": 16.0, "sl_ref": 2, "slip": 0.0, "trail_r": 1}
s02_gross|IS|{"commission": 0.0, "exit_time": 18.0, "sl_ref": 2, "slip": 0.0, "trail_r": 1}
s02_gross|IS|{"commission": 0.0, "sl_ref": 2, "slip": 0.0, "trail_r": 1}
s02_gross|IS|{"commission": 0.0, "exit_time": 21.0, "sl_ref": 2, "slip": 0.0, "trail_r": 1}
s02_gross|IS|{"commission": 0.0, "exit_time": 14.0, "sl_ref": 2, "slip": 0.0, "trail_r": 1.5}
s02_gross|IS|{"commission": 0.0, "exit_time": 16.0, "sl_ref": 2, "slip": 0.0, "trail_r": 1.5}
s02_gross|IS|{"commission": 0.0, "exit_time": 18.0, "sl_ref": 2, "slip": 0.0, "trail_r": 1.5}
s02_gross|IS|{"commission": 0.0, "sl_ref": 2, "slip": 0.0, "trail_r": 1.5}
s02_gross|IS|{"commission": 0.0, "exit_time": 21.0, "sl_ref": 2, "slip": 0.0, "trail_r": 1.5}
s02_gross|IS|{"commission": 0.0, "exit_time": 14.0, "sl_ref": 2, "slip": 0.0, "trail_r": 2}
s02_gross|IS|{"commission": 0.0, "exit_time": 16.0, "sl_ref": 2, "slip": 0.0, "trail_r": 2}
s02_gross|IS|{"commission": 0.0, "exit_time": 18.0, "sl_ref": 2, "slip": 0.0, "trail_r": 2}
s02_gross|IS|{"commission": 0.0, "sl_ref": 2, "slip": 0.0, "trail_r": 2}
s02_gross|IS|{"commission": 0.0, "exit_time": 21.0, "sl_ref": 2, "slip": 0.0, "trail_r": 2}
s02_gross|IS|{"be_r": 0.5, "commission": 0.0, "exit_time": 14.0, "sl_ref": 2, "slip": 0.0}
s02_gross|IS|{"be_r": 0.5, "commission": 0.0, "exit_time": 16.0, "sl_ref": 2, "slip": 0.0}
s02_gross|IS|{"be_r": 0.5, "commission": 0.0, "exit_time": 18.0, "sl_ref": 2, "slip": 0.0}
s02_gross|IS|{"be_r": 0.5, "commission": 0.0, "sl_ref": 2, "slip": 0.0}
s02_gross|IS|{"be_r": 0.5, "commission": 0.0, "exit_time": 21.0, "sl_ref": 2, "slip": 0.0}
s02_gross|IS|{"be_r": 0.5, "commission": 0.0, "exit_time": 14.0, "sl_ref": 2, "slip": 0.0, "trail_r": 0.5}
s02_gross|IS|{"be_r": 0.5, "commission": 0.0, "exit_time": 16.0, "sl_ref": 2, "slip": 0.0, "trail_r": 0.5}
s02_gross|IS|{"be_r": 0.5, "commission": 0.0, "exit_time": 18.0, "sl_ref": 2, "slip": 0.0, "trail_r": 0.5}
s02_gross|IS|{"be_r": 0.5, "commission": 0.0, "sl_ref": 2, "slip": 0.0, "trail_r": 0.5}
s02_gross|IS|{"be_r": 0.5, "commission": 0.0, "exit_time": 21.0, "sl_ref": 2, "slip": 0.0, "trail_r": 0.5}
s02_gross|IS|{"be_r": 0.5, "commission": 0.0, "exit_time": 14.0, "sl_ref": 2, "slip": 0.0, "trail_r": 1}
s02_gross|IS|{"be_r": 0.5, "commission": 0.0, "exit_time": 16.0, "sl_ref": 2, "slip": 0.0, "trail_r": 1}
s02_gross|IS|{"be_r": 0.5, "commission": 0.0, "exit_time": 18.0, "sl_ref": 2, "slip": 0.0, "trail_r": 1}
s02_gross|IS|{"be_r": 0.5, "commission": 0.0, "sl_ref": 2, "slip": 0.0, "trail_r": 1}
s02_gross|IS|{"be_r": 0.5, "commission": 0.0, "exit_time": 21.0, "sl_ref": 2, "slip": 0.0, "trail_r": 1}
s02_gross|IS|{"be_r": 0.5, "commission": 0.0, "exit_time": 14.0, "sl_ref": 2, "slip": 0.0, "trail_r": 1.5}
s02_gross|IS|{"be_r": 0.5, "commission": 0.0, "exit_time": 16.0, "sl_ref": 2, "slip": 0.0, "trail_r": 1.5}
s02_gross|IS|{"be_r": 0.5, "commission": 0.0, "exit_time": 18.0, "sl_ref": 2, "slip": 0.0, "trail_r": 1.5}
s02_gross|IS|{"be_r": 0.5, "commission": 0.0, "sl_ref": 2, "slip": 0.0, "trail_r": 1.5}
s02_gross|IS|{"be_r": 0.5, "commission": 0.0, "exit_time": 21.0, "sl_ref": 2, "slip": 0.0, "trail_r": 1.5}
s02_gross|IS|{"be_r": 0.5, "commission": 0.0, "exit_time": 14.0, "sl_ref": 2, "slip": 0.0, "trail_r": 2}
s02_gross|IS|{"be_r": 0.5, "commission": 0.0, "exit_time": 16.0, "sl_ref": 2, "slip": 0.0, "trail_r": 2}
s02_gross|IS|{"be_r": 0.5, "commission": 0.0, "exit_time": 18.0, "sl_ref": 2, "slip": 0.0, "trail_r": 2}
s02_gross|IS|{"be_r": 0.5, "commission": 0.0, "sl_ref": 2, "slip": 0.0, "trail_r": 2}
s02_gross|IS|{"be_r": 0.5, "commission": 0.0, "exit_time": 21.0, "sl_ref": 2, "slip": 0.0, "trail_r": 2}
s02_gross|IS|{"be_r": 1, "commission": 0.0, "exit_time": 14.0, "sl_ref": 2, "slip": 0.0}
s02_gross|IS|{"be_r": 1, "commission": 0.0, "exit_time": 16.0, "sl_ref": 2, "slip": 0.0}
s02_gross|IS|{"be_r": 1, "commission": 0.0, "exit_time": 18.0, "sl_ref": 2, "slip": 0.0}
s02_gross|IS|{"be_r": 1, "commission": 0.0, "sl_ref": 2, "slip": 0.0}
s02_gross|IS|{"be_r": 1, "commission": 0.0, "exit_time": 21.0, "sl_ref": 2, "slip": 0.0}
s02_gross|IS|{"be_r": 1, "commission": 0.0, "exit_time": 14.0, "sl_ref": 2, "slip": 0.0, "trail_r": 0.5}
s02_gross|IS|{"be_r": 1, "commission": 0.0, "exit_time": 16.0, "sl_ref": 2, "slip": 0.0, "trail_r": 0.5}
s02_gross|IS|{"be_r": 1, "commission": 0.0, "exit_time": 18.0, "sl_ref": 2, "slip": 0.0, "trail_r": 0.5}
s02_gross|IS|{"be_r": 1, "commission": 0.0, "sl_ref": 2, "slip": 0.0, "trail_r": 0.5}
s02_gross|IS|{"be_r": 1, "commission": 0.0, "exit_time": 21.0, "sl_ref": 2, "slip": 0.0, "trail_r": 0.5}
s02_gross|IS|{"be_r": 1, "commission": 0.0, "exit_time": 14.0, "sl_ref": 2, "slip": 0.0, "trail_r": 1}
s02_gross|IS|{"be_r": 1, "commission": 0.0, "exit_time": 16.0, "sl_ref": 2, "slip": 0.0, "trail_r": 1}
s02_gross|IS|{"be_r": 1, "commission": 0.0, "exit_time": 18.0, "sl_ref": 2, "slip": 0.0, "trail_r": 1}
s02_gross|IS|{"be_r": 1, "commission": 0.0, "sl_ref": 2, "slip": 0.0, "trail_r": 1}
s02_gross|IS|{"be_r": 1, "commission": 0.0, "exit_time": 21.0, "sl_ref": 2, "slip": 0.0, "trail_r": 1}
s02_gross|IS|{"be_r": 1, "commission": 0.0, "exit_time": 14.0, "sl_ref": 2, "slip": 0.0, "trail_r": 1.5}
s02_gross|IS|{"be_r": 1, "commission": 0.0, "exit_time": 16.0, "sl_ref": 2, "slip": 0.0, "trail_r": 1.5}
s02_gross|IS|{"be_r": 1, "commission": 0.0, "exit_time": 18.0, "sl_ref": 2, "slip": 0.0, "trail_r": 1.5}
s02_gross|IS|{"be_r": 1, "commission": 0.0, "sl_ref": 2, "slip": 0.0, "trail_r": 1.5}
s02_gross|IS|{"be_r": 1, "commission": 0.0, "exit_time": 21.0, "sl_ref": 2, "slip": 0.0, "trail_r": 1.5}
s02_gross|IS|{"be_r": 1, "commission": 0.0, "exit_time": 14.0, "sl_ref": 2, "slip": 0.0, "trail_r": 2}
s02_gross|IS|{"be_r": 1, "commission": 0.0, "exit_time": 16.0, "sl_ref": 2, "slip": 0.0, "trail_r": 2}
s02_gross|IS|{"be_r": 1, "commission": 0.0, "exit_time": 18.0, "sl_ref": 2, "slip": 0.0, "trail_r": 2}
s02_gross|IS|{"be_r": 1, "commission": 0.0, "sl_ref": 2, "slip": 0.0, "trail_r": 2}
s02_gross|IS|{"be_r": 1, "commission": 0.0, "exit_time": 21.0, "sl_ref": 2, "slip": 0.0, "trail_r": 2}
s02_gross|IS|{"commission": 0.0, "exit_time": 14.0, "sl_ref": 2, "slip": 0.0, "tp_r": 1}
s02_gross|IS|{"commission": 0.0, "exit_time": 16.0, "sl_ref": 2, "slip": 0.0, "tp_r": 1}
s02_gross|IS|{"commission": 0.0, "exit_time": 18.0, "sl_ref": 2, "slip": 0.0, "tp_r": 1}
s02_gross|IS|{"commission": 0.0, "sl_ref": 2, "slip": 0.0, "tp_r": 1}
s02_gross|IS|{"commission": 0.0, "exit_time": 21.0, "sl_ref": 2, "slip": 0.0, "tp_r": 1}
s02_gross|IS|{"commission": 0.0, "exit_time": 14.0, "sl_ref": 2, "slip": 0.0, "tp_r": 1, "trail_r": 0.5}
s02_gross|IS|{"commission": 0.0, "exit_time": 16.0, "sl_ref": 2, "slip": 0.0, "tp_r": 1, "trail_r": 0.5}
s02_gross|IS|{"commission": 0.0, "exit_time": 18.0, "sl_ref": 2, "slip": 0.0, "tp_r": 1, "trail_r": 0.5}
s02_gross|IS|{"commission": 0.0, "sl_ref": 2, "slip": 0.0, "tp_r": 1, "trail_r": 0.5}
s02_gross|IS|{"commission": 0.0, "exit_time": 21.0, "sl_ref": 2, "slip": 0.0, "tp_r": 1, "trail_r": 0.5}
s02_gross|IS|{"commission": 0.0, "exit_time": 14.0, "sl_ref": 2, "slip": 0.0, "tp_r": 1, "trail_r": 1}
s02_gross|IS|{"commission": 0.0, "exit_time": 16.0, "sl_ref": 2, "slip": 0.0, "tp_r": 1, "trail_r": 1}
s02_gross|IS|{"commission": 0.0, "exit_time": 18.0, "sl_ref": 2, "slip": 0.0, "tp_r": 1, "trail_r": 1}
s02_gross|IS|{"commission": 0.0, "sl_ref": 2, "slip": 0.0, "tp_r": 1, "trail_r": 1}
s02_gross|IS|{"commission": 0.0, "exit_time": 21.0, "sl_ref": 2, "slip": 0.0, "tp_r": 1, "trail_r": 1}
s02_gross|IS|{"commission": 0.0, "exit_time": 14.0, "sl_ref": 2, "slip": 0.0, "tp_r": 1, "trail_r": 1.5}
s02_gross|IS|{"commission": 0.0, "exit_time": 16.0, "sl_ref": 2, "slip": 0.0, "tp_r": 1, "trail_r": 1.5}
s02_gross|IS|{"commission": 0.0, "exit_time": 18.0, "sl_ref": 2, "slip": 0.0, "tp_r": 1, "trail_r": 1.5}
s02_gross|IS|{"commission": 0.0, "sl_ref": 2, "slip": 0.0, "tp_r": 1, "trail_r": 1.5}
s02_gross|IS|{"commission": 0.0, "exit_time": 21.0, "sl_ref": 2, "slip": 0.0, "tp_r": 1, "trail_r": 1.5}
s02_gross|IS|{"commission": 0.0, "exit_time": 14.0, "sl_ref": 2, "slip": 0.0, "tp_r": 1, "trail_r": 2}
s02_gross|IS|{"commission": 0.0, "exit_time": 16.0, "sl_ref": 2, "slip": 0.0, "tp_r": 1, "trail_r": 2}
s02_gross|IS|{"commission": 0.0, "exit_time": 18.0, "sl_ref": 2, "slip": 0.0, "tp_r": 1, "trail_r": 2}
s02_gross|IS|{"commission": 0.0, "sl_ref": 2, "slip": 0.0, "tp_r": 1, "trail_r": 2}
s02_gross|IS|{"commission": 0.0, "exit_time": 21.0, "sl_ref": 2, "slip": 0.0, "tp_r": 1, "trail_r": 2}
s02_gross|IS|{"be_r": 0.5, "commission": 0.0, "exit_time": 14.0, "sl_ref": 2, "slip": 0.0, "tp_r": 1}
s02_gross|IS|{"be_r": 0.5, "commission": 0.0, "exit_time": 16.0, "sl_ref": 2, "slip": 0.0, "tp_r": 1}
s02_gross|IS|{"be_r": 0.5, "commission": 0.0, "exit_time": 18.0, "sl_ref": 2, "slip": 0.0, "tp_r": 1}
s02_gross|IS|{"be_r": 0.5, "commission": 0.0, "sl_ref": 2, "slip": 0.0, "tp_r": 1}
s02_gross|IS|{"be_r": 0.5, "commission": 0.0, "exit_time": 21.0, "sl_ref": 2, "slip": 0.0, "tp_r": 1}
s02_gross|IS|{"be_r": 0.5, "commission": 0.0, "exit_time": 14.0, "sl_ref": 2, "slip": 0.0, "tp_r": 1, "trail_r": 0.5}
s02_gross|IS|{"be_r": 0.5, "commission": 0.0, "exit_time": 16.0, "sl_ref": 2, "slip": 0.0, "tp_r": 1, "trail_r": 0.5}
s02_gross|IS|{"be_r": 0.5, "commission": 0.0, "exit_time": 18.0, "sl_ref": 2, "slip": 0.0, "tp_r": 1, "trail_r": 0.5}
s02_gross|IS|{"be_r": 0.5, "commission": 0.0, "sl_ref": 2, "slip": 0.0, "tp_r": 1, "trail_r": 0.5}
s02_gross|IS|{"be_r": 0.5, "commission": 0.0, "exit_time": 21.0, "sl_ref": 2, "slip": 0.0, "tp_r": 1, "trail_r": 0.5}
s02_gross|IS|{"be_r": 0.5, "commission": 0.0, "exit_time": 14.0, "sl_ref": 2, "slip": 0.0, "tp_r": 1, "trail_r": 1}
s02_gross|IS|{"be_r": 0.5, "commission": 0.0, "exit_time": 16.0, "sl_ref": 2, "slip": 0.0, "tp_r": 1, "trail_r": 1}
s02_gross|IS|{"be_r": 0.5, "commission": 0.0, "exit_time": 18.0, "sl_ref": 2, "slip": 0.0, "tp_r": 1, "trail_r": 1}
s02_gross|IS|{"be_r": 0.5, "commission": 0.0, "sl_ref": 2, "slip": 0.0, "tp_r": 1, "trail_r": 1}
s02_gross|IS|{"be_r": 0.5, "commission": 0.0, "exit_time": 21.0, "sl_ref": 2, "slip": 0.0, "tp_r": 1, "trail_r": 1}
s02_gross|IS|{"be_r": 0.5, "commission": 0.0, "exit_time": 14.0, "sl_ref": 2, "slip": 0.0, "tp_r": 1, "trail_r": 1.5}
s02_gross|IS|{"be_r": 0.5, "commission": 0.0, "exit_time": 16.0, "sl_ref": 2, "slip": 0.0, "tp_r": 1, "trail_r": 1.5}
s02_gross|IS|{"be_r": 0.5, "commission": 0.0, "exit_time": 18.0, "sl_ref": 2, "slip": 0.0, "tp_r": 1, "trail_r": 1.5}
s02_gross|IS|{"be_r": 0.5, "commission": 0.0, "sl_ref": 2, "slip": 0.0, "tp_r": 1, "trail_r": 1.5}
s02_gross|IS|{"be_r": 0.5, "commission": 0.0, "exit_time": 21.0, "sl_ref": 2, "slip": 0.0, "tp_r": 1, "trail_r": 1.5}
s02_gross|IS|{"be_r": 0.5, "commission": 0.0, "exit_time": 14.0, "sl_ref": 2, "slip": 0.0, "tp_r": 1, "trail_r": 2}
s02_gross|IS|{"be_r": 0.5, "commission": 0.0, "exit_time": 16.0, "sl_ref": 2, "slip": 0.0, "tp_r": 1, "trail_r": 2}
s02_gross|IS|{"be_r": 0.5, "commission": 0.0, "exit_time": 18.0, "sl_ref": 2, "slip": 0.0, "tp_r": 1, "trail_r": 2}
s02_gross|IS|{"be_r": 0.5, "commission": 0.0, "sl_ref": 2, "slip": 0.0, "tp_r": 1, "trail_r": 2}
s02_gross|IS|{"be_r": 0.5, "commission": 0.0, "exit_time": 21.0, "sl_ref": 2, "slip": 0.0, "tp_r": 1, "trail_r": 2}
s02_gross|IS|{"be_r": 1, "commission": 0.0, "exit_time": 14.0, "sl_ref": 2, "slip": 0.0, "tp_r": 1}
s02_gross|IS|{"be_r": 1, "commission": 0.0, "exit_time": 16.0, "sl_ref": 2, "slip": 0.0, "tp_r": 1}
s02_gross|IS|{"be_r": 1, "commission": 0.0, "exit_time": 18.0, "sl_ref": 2, "slip": 0.0, "tp_r": 1}
s02_gross|IS|{"be_r": 1, "commission": 0.0, "sl_ref": 2, "slip": 0.0, "tp_r": 1}
s02_gross|IS|{"be_r": 1, "commission": 0.0, "exit_time": 21.0, "sl_ref": 2, "slip": 0.0, "tp_r": 1}
s02_gross|IS|{"be_r": 1, "commission": 0.0, "exit_time": 14.0, "sl_ref": 2, "slip": 0.0, "tp_r": 1, "trail_r": 0.5}
s02_gross|IS|{"be_r": 1, "commission": 0.0, "exit_time": 16.0, "sl_ref": 2, "slip": 0.0, "tp_r": 1, "trail_r": 0.5}
s02_gross|IS|{"be_r": 1, "commission": 0.0, "exit_time": 18.0, "sl_ref": 2, "slip": 0.0, "tp_r": 1, "trail_r": 0.5}
s02_gross|IS|{"be_r": 1, "commission": 0.0, "sl_ref": 2, "slip": 0.0, "tp_r": 1, "trail_r": 0.5}
s02_gross|IS|{"be_r": 1, "commission": 0.0, "exit_time": 21.0, "sl_ref": 2, "slip": 0.0, "tp_r": 1, "trail_r": 0.5}
s02_gross|IS|{"be_r": 1, "commission": 0.0, "exit_time": 14.0, "sl_ref": 2, "slip": 0.0, "tp_r": 1, "trail_r": 1}
s02_gross|IS|{"be_r": 1, "commission": 0.0, "exit_time": 16.0, "sl_ref": 2, "slip": 0.0, "tp_r": 1, "trail_r": 1}
s02_gross|IS|{"be_r": 1, "commission": 0.0, "exit_time": 18.0, "sl_ref": 2, "slip": 0.0, "tp_r": 1, "trail_r": 1}
s02_gross|IS|{"be_r": 1, "commission": 0.0, "sl_ref": 2, "slip": 0.0, "tp_r": 1, "trail_r": 1}
s02_gross|IS|{"be_r": 1, "commission": 0.0, "exit_time": 21.0, "sl_ref": 2, "slip": 0.0, "tp_r": 1, "trail_r": 1}
s02_gross|IS|{"be_r": 1, "commission": 0.0, "exit_time": 14.0, "sl_ref": 2, "slip": 0.0, "tp_r": 1, "trail_r": 1.5}
s02_gross|IS|{"be_r": 1, "commission": 0.0, "exit_time": 16.0, "sl_ref": 2, "slip": 0.0, "tp_r": 1, "trail_r": 1.5}
s02_gross|IS|{"be_r": 1, "commission": 0.0, "exit_time": 18.0, "sl_ref": 2, "slip": 0.0, "tp_r": 1, "trail_r": 1.5}
s02_gross|IS|{"be_r": 1, "commission": 0.0, "sl_ref": 2, "slip": 0.0, "tp_r": 1, "trail_r": 1.5}
s02_gross|IS|{"be_r": 1, "commission": 0.0, "exit_time": 21.0, "sl_ref": 2, "slip": 0.0, "tp_r": 1, "trail_r": 1.5}
s02_gross|IS|{"be_r": 1, "commission": 0.0, "exit_time": 14.0, "sl_ref": 2, "slip": 0.0, "tp_r": 1, "trail_r": 2}
s02_gross|IS|{"be_r": 1, "commission": 0.0, "exit_time": 16.0, "sl_ref": 2, "slip": 0.0, "tp_r": 1, "trail_r": 2}
s02_gross|IS|{"be_r": 1, "commission": 0.0, "exit_time": 18.0, "sl_ref": 2, "slip": 0.0, "tp_r": 1, "trail_r": 2}
s02_gross|IS|{"be_r": 1, "commission": 0.0, "sl_ref": 2, "slip": 0.0, "tp_r": 1, "trail_r": 2}
s02_gross|IS|{"be_r": 1, "commission": 0.0, "exit_time": 21.0, "sl_ref": 2, "slip": 0.0, "tp_r": 1, "trail_r": 2}
s02_gross|IS|{"commission": 0.0, "exit_time": 14.0, "sl_ref": 2, "slip": 0.0, "tp_r": 1.5}
s02_gross|IS|{"commission": 0.0, "exit_time": 16.0, "sl_ref": 2, "slip": 0.0, "tp_r": 1.5}
s02_gross|IS|{"commission": 0.0, "exit_time": 18.0, "sl_ref": 2, "slip": 0.0, "tp_r": 1.5}
s02_gross|IS|{"commission": 0.0, "sl_ref": 2, "slip": 0.0, "tp_r": 1.5}
s02_gross|IS|{"commission": 0.0, "exit_time": 21.0, "sl_ref": 2, "slip": 0.0, "tp_r": 1.5}
s02_gross|IS|{"commission": 0.0, "exit_time": 14.0, "sl_ref": 2, "slip": 0.0, "tp_r": 1.5, "trail_r": 0.5}
s02_gross|IS|{"commission": 0.0, "exit_time": 16.0, "sl_ref": 2, "slip": 0.0, "tp_r": 1.5, "trail_r": 0.5}
s02_gross|IS|{"commission": 0.0, "exit_time": 18.0, "sl_ref": 2, "slip": 0.0, "tp_r": 1.5, "trail_r": 0.5}
s02_gross|IS|{"commission": 0.0, "sl_ref": 2, "slip": 0.0, "tp_r": 1.5, "trail_r": 0.5}
s02_gross|IS|{"commission": 0.0, "exit_time": 21.0, "sl_ref": 2, "slip": 0.0, "tp_r": 1.5, "trail_r": 0.5}
s02_gross|IS|{"commission": 0.0, "exit_time": 14.0, "sl_ref": 2, "slip": 0.0, "tp_r": 1.5, "trail_r": 1}
s02_gross|IS|{"commission": 0.0, "exit_time": 16.0, "sl_ref": 2, "slip": 0.0, "tp_r": 1.5, "trail_r": 1}
s02_gross|IS|{"commission": 0.0, "exit_time": 18.0, "sl_ref": 2, "slip": 0.0, "tp_r": 1.5, "trail_r": 1}
s02_gross|IS|{"commission": 0.0, "sl_ref": 2, "slip": 0.0, "tp_r": 1.5, "trail_r": 1}
s02_gross|IS|{"commission": 0.0, "exit_time": 21.0, "sl_ref": 2, "slip": 0.0, "tp_r": 1.5, "trail_r": 1}
s02_gross|IS|{"commission": 0.0, "exit_time": 14.0, "sl_ref": 2, "slip": 0.0, "tp_r": 1.5, "trail_r": 1.5}
s02_gross|IS|{"commission": 0.0, "exit_time": 16.0, "sl_ref": 2, "slip": 0.0, "tp_r": 1.5, "trail_r": 1.5}
s02_gross|IS|{"commission": 0.0, "exit_time": 18.0, "sl_ref": 2, "slip": 0.0, "tp_r": 1.5, "trail_r": 1.5}
s02_gross|IS|{"commission": 0.0, "sl_ref": 2, "slip": 0.0, "tp_r": 1.5, "trail_r": 1.5}
s02_gross|IS|{"commission": 0.0, "exit_time": 21.0, "sl_ref": 2, "slip": 0.0, "tp_r": 1.5, "trail_r": 1.5}
s02_gross|IS|{"commission": 0.0, "exit_time": 14.0, "sl_ref": 2, "slip": 0.0, "tp_r": 1.5, "trail_r": 2}
s02_gross|IS|{"commission": 0.0, "exit_time": 16.0, "sl_ref": 2, "slip": 0.0, "tp_r": 1.5, "trail_r": 2}
s02_gross|IS|{"commission": 0.0, "exit_time": 18.0, "sl_ref": 2, "slip": 0.0, "tp_r": 1.5, "trail_r": 2}
s02_gross|IS|{"commission": 0.0, "sl_ref": 2, "slip": 0.0, "tp_r": 1.5, "trail_r": 2}
s02_gross|IS|{"commission": 0.0, "exit_time": 21.0, "sl_ref": 2, "slip": 0.0, "tp_r": 1.5, "trail_r": 2}
s02_gross|IS|{"be_r": 0.5, "commission": 0.0, "exit_time": 14.0, "sl_ref": 2, "slip": 0.0, "tp_r": 1.5}
s02_gross|IS|{"be_r": 0.5, "commission": 0.0, "exit_time": 16.0, "sl_ref": 2, "slip": 0.0, "tp_r": 1.5}
s02_gross|IS|{"be_r": 0.5, "commission": 0.0, "exit_time": 18.0, "sl_ref": 2, "slip": 0.0, "tp_r": 1.5}
s02_gross|IS|{"be_r": 0.5, "commission": 0.0, "sl_ref": 2, "slip": 0.0, "tp_r": 1.5}
s02_gross|IS|{"be_r": 0.5, "commission": 0.0, "exit_time": 21.0, "sl_ref": 2, "slip": 0.0, "tp_r": 1.5}
s02_gross|IS|{"be_r": 0.5, "commission": 0.0, "exit_time": 14.0, "sl_ref": 2, "slip": 0.0, "tp_r": 1.5, "trail_r": 0.5}
s02_gross|IS|{"be_r": 0.5, "commission": 0.0, "exit_time": 16.0, "sl_ref": 2, "slip": 0.0, "tp_r": 1.5, "trail_r": 0.5}
s02_gross|IS|{"be_r": 0.5, "commission": 0.0, "exit_time": 18.0, "sl_ref": 2, "slip": 0.0, "tp_r": 1.5, "trail_r": 0.5}
s02_gross|IS|{"be_r": 0.5, "commission": 0.0, "sl_ref": 2, "slip": 0.0, "tp_r": 1.5, "trail_r": 0.5}
s02_gross|IS|{"be_r": 0.5, "commission": 0.0, "exit_time": 21.0, "sl_ref": 2, "slip": 0.0, "tp_r": 1.5, "trail_r": 0.5}
s02_gross|IS|{"be_r": 0.5, "commission": 0.0, "exit_time": 14.0, "sl_ref": 2, "slip": 0.0, "tp_r": 1.5, "trail_r": 1}
s02_gross|IS|{"be_r": 0.5, "commission": 0.0, "exit_time": 16.0, "sl_ref": 2, "slip": 0.0, "tp_r": 1.5, "trail_r": 1}
s02_gross|IS|{"be_r": 0.5, "commission": 0.0, "exit_time": 18.0, "sl_ref": 2, "slip": 0.0, "tp_r": 1.5, "trail_r": 1}
s02_gross|IS|{"be_r": 0.5, "commission": 0.0, "sl_ref": 2, "slip": 0.0, "tp_r": 1.5, "trail_r": 1}
s02_gross|IS|{"be_r": 0.5, "commission": 0.0, "exit_time": 21.0, "sl_ref": 2, "slip": 0.0, "tp_r": 1.5, "trail_r": 1}
s02_gross|IS|{"be_r": 0.5, "commission": 0.0, "exit_time": 14.0, "sl_ref": 2, "slip": 0.0, "tp_r": 1.5, "trail_r": 1.5}
s02_gross|IS|{"be_r": 0.5, "commission": 0.0, "exit_time": 16.0, "sl_ref": 2, "slip": 0.0, "tp_r": 1.5, "trail_r": 1.5}
s02_gross|IS|{"be_r": 0.5, "commission": 0.0, "exit_time": 18.0, "sl_ref": 2, "slip": 0.0, "tp_r": 1.5, "trail_r": 1.5}
s02_gross|IS|{"be_r": 0.5, "commission": 0.0, "sl_ref": 2, "slip": 0.0, "tp_r": 1.5, "trail_r": 1.5}
s02_gross|IS|{"be_r": 0.5, "commission": 0.0, "exit_time": 21.0, "sl_ref": 2, "slip": 0.0, "tp_r": 1.5, "trail_r": 1.5}
s02_gross|IS|{"be_r": 0.5, "commission": 0.0, "exit_time": 14.0, "sl_ref": 2, "slip": 0.0, "tp_r": 1.5, "trail_r": 2}
s02_gross|IS|{"be_r": 0.5, "commission": 0.0, "exit_time": 16.0, "sl_ref": 2, "slip": 0.0, "tp_r": 1.5, "trail_r": 2}
s02_gross|IS|{"be_r": 0.5, "commission": 0.0, "exit_time": 18.0, "sl_ref": 2, "slip": 0.0, "tp_r": 1.5, "trail_r": 2}
s02_gross|IS|{"be_r": 0.5, "commission": 0.0, "sl_ref": 2, "slip": 0.0, "tp_r": 1.5, "trail_r": 2}
s02_gross|IS|{"be_r": 0.5, "commission": 0.0, "exit_time": 21.0, "sl_ref": 2, "slip": 0.0, "tp_r": 1.5, "trail_r": 2}
s02_gross|IS|{"be_r": 1, "commission": 0.0, "exit_time": 14.0, "sl_ref": 2, "slip": 0.0, "tp_r": 1.5}
s02_gross|IS|{"be_r": 1, "commission": 0.0, "exit_time": 16.0, "sl_ref": 2, "slip": 0.0, "tp_r": 1.5}
s02_gross|IS|{"be_r": 1, "commission": 0.0, "exit_time": 18.0, "sl_ref": 2, "slip": 0.0, "tp_r": 1.5}
s02_gross|IS|{"be_r": 1, "commission": 0.0, "sl_ref": 2, "slip": 0.0, "tp_r": 1.5}
s02_gross|IS|{"be_r": 1, "commission": 0.0, "exit_time": 21.0, "sl_ref": 2, "slip": 0.0, "tp_r": 1.5}
s02_gross|IS|{"be_r": 1, "commission": 0.0, "exit_time": 14.0, "sl_ref": 2, "slip": 0.0, "tp_r": 1.5, "trail_r": 0.5}
s02_gross|IS|{"be_r": 1, "commission": 0.0, "exit_time": 16.0, "sl_ref": 2, "slip": 0.0, "tp_r": 1.5, "trail_r": 0.5}
s02_gross|IS|{"be_r": 1, "commission": 0.0, "exit_time": 18.0, "sl_ref": 2, "slip": 0.0, "tp_r": 1.5, "trail_r": 0.5}
s02_gross|IS|{"be_r": 1, "commission": 0.0, "sl_ref": 2, "slip": 0.0, "tp_r": 1.5, "trail_r": 0.5}
s02_gross|IS|{"be_r": 1, "commission": 0.0, "exit_time": 21.0, "sl_ref": 2, "slip": 0.0, "tp_r": 1.5, "trail_r": 0.5}
s02_gross|IS|{"be_r": 1, "commission": 0.0, "exit_time": 14.0, "sl_ref": 2, "slip": 0.0, "tp_r": 1.5, "trail_r": 1}
s02_gross|IS|{"be_r": 1, "commission": 0.0, "exit_time": 16.0, "sl_ref": 2, "slip": 0.0, "tp_r": 1.5, "trail_r": 1}
s02_gross|IS|{"be_r": 1, "commission": 0.0, "exit_time": 18.0, "sl_ref": 2, "slip": 0.0, "tp_r": 1.5, "trail_r": 1}
s02_gross|IS|{"be_r": 1, "commission": 0.0, "sl_ref": 2, "slip": 0.0, "tp_r": 1.5, "trail_r": 1}
s02_gross|IS|{"be_r": 1, "commission": 0.0, "exit_time": 21.0, "sl_ref": 2, "slip": 0.0, "tp_r": 1.5, "trail_r": 1}
s02_gross|IS|{"be_r": 1, "commission": 0.0, "exit_time": 14.0, "sl_ref": 2, "slip": 0.0, "tp_r": 1.5, "trail_r": 1.5}
s02_gross|IS|{"be_r": 1, "commission": 0.0, "exit_time": 16.0, "sl_ref": 2, "slip": 0.0, "tp_r": 1.5, "trail_r": 1.5}
s02_gross|IS|{"be_r": 1, "commission": 0.0, "exit_time": 18.0, "sl_ref": 2, "slip": 0.0, "tp_r": 1.5, "trail_r": 1.5}
s02_gross|IS|{"be_r": 1, "commission": 0.0, "sl_ref": 2, "slip": 0.0, "tp_r": 1.5, "trail_r": 1.5}
s02_gross|IS|{"be_r": 1, "commission": 0.0, "exit_time": 21.0, "sl_ref": 2, "slip": 0.0, "tp_r": 1.5, "trail_r": 1.5}
s02_gross|IS|{"be_r": 1, "commission": 0.0, "exit_time": 14.0, "sl_ref": 2, "slip": 0.0, "tp_r": 1.5, "trail_r": 2}
s02_gross|IS|{"be_r": 1, "commission": 0.0, "exit_time": 16.0, "sl_ref": 2, "slip": 0.0, "tp_r": 1.5, "trail_r": 2}
s02_gross|IS|{"be_r": 1, "commission": 0.0, "exit_time": 18.0, "sl_ref": 2, "slip": 0.0, "tp_r": 1.5, "trail_r": 2}
s02_gross|IS|{"be_r": 1, "commission": 0.0, "sl_ref": 2, "slip": 0.0, "tp_r": 1.5, "trail_r": 2}
s02_gross|IS|{"be_r": 1, "commission": 0.0, "exit_time": 21.0, "sl_ref": 2, "slip": 0.0, "tp_r": 1.5, "trail_r": 2}
s02_gross|IS|{"commission": 0.0, "exit_time": 14.0, "sl_ref": 2, "slip": 0.0, "tp_r": 2}
s02_gross|IS|{"commission": 0.0, "exit_time": 16.0, "sl_ref": 2, "slip": 0.0, "tp_r": 2}
s02_gross|IS|{"commission": 0.0, "exit_time": 18.0, "sl_ref": 2, "slip": 0.0, "tp_r": 2}
s02_gross|IS|{"commission": 0.0, "sl_ref": 2, "slip": 0.0, "tp_r": 2}
s02_gross|IS|{"commission": 0.0, "exit_time": 21.0, "sl_ref": 2, "slip": 0.0, "tp_r": 2}
s02_gross|IS|{"commission": 0.0, "exit_time": 14.0, "sl_ref": 2, "slip": 0.0, "tp_r": 2, "trail_r": 0.5}
s02_gross|IS|{"commission": 0.0, "exit_time": 16.0, "sl_ref": 2, "slip": 0.0, "tp_r": 2, "trail_r": 0.5}
s02_gross|IS|{"commission": 0.0, "exit_time": 18.0, "sl_ref": 2, "slip": 0.0, "tp_r": 2, "trail_r": 0.5}
s02_gross|IS|{"commission": 0.0, "sl_ref": 2, "slip": 0.0, "tp_r": 2, "trail_r": 0.5}
s02_gross|IS|{"commission": 0.0, "exit_time": 21.0, "sl_ref": 2, "slip": 0.0, "tp_r": 2, "trail_r": 0.5}
s02_gross|IS|{"commission": 0.0, "exit_time": 14.0, "sl_ref": 2, "slip": 0.0, "tp_r": 2, "trail_r": 1}
s02_gross|IS|{"commission": 0.0, "exit_time": 16.0, "sl_ref": 2, "slip": 0.0, "tp_r": 2, "trail_r": 1}
s02_gross|IS|{"commission": 0.0, "exit_time": 18.0, "sl_ref": 2, "slip": 0.0, "tp_r": 2, "trail_r": 1}
s02_gross|IS|{"commission": 0.0, "sl_ref": 2, "slip": 0.0, "tp_r": 2, "trail_r": 1}
s02_gross|IS|{"commission": 0.0, "exit_time": 21.0, "sl_ref": 2, "slip": 0.0, "tp_r": 2, "trail_r": 1}
s02_gross|IS|{"commission": 0.0, "exit_time": 14.0, "sl_ref": 2, "slip": 0.0, "tp_r": 2, "trail_r": 1.5}
s02_gross|IS|{"commission": 0.0, "exit_time": 16.0, "sl_ref": 2, "slip": 0.0, "tp_r": 2, "trail_r": 1.5}
s02_gross|IS|{"commission": 0.0, "exit_time": 18.0, "sl_ref": 2, "slip": 0.0, "tp_r": 2, "trail_r": 1.5}
s02_gross|IS|{"commission": 0.0, "sl_ref": 2, "slip": 0.0, "tp_r": 2, "trail_r": 1.5}
s02_gross|IS|{"commission": 0.0, "exit_time": 21.0, "sl_ref": 2, "slip": 0.0, "tp_r": 2, "trail_r": 1.5}
s02_gross|IS|{"commission": 0.0, "exit_time": 14.0, "sl_ref": 2, "slip": 0.0, "tp_r": 2, "trail_r": 2}
s02_gross|IS|{"commission": 0.0, "exit_time": 16.0, "sl_ref": 2, "slip": 0.0, "tp_r": 2, "trail_r": 2}
s02_gross|IS|{"commission": 0.0, "exit_time": 18.0, "sl_ref": 2, "slip": 0.0, "tp_r": 2, "trail_r": 2}
s02_gross|IS|{"commission": 0.0, "sl_ref": 2, "slip": 0.0, "tp_r": 2, "trail_r": 2}
s02_gross|IS|{"commission": 0.0, "exit_time": 21.0, "sl_ref": 2, "slip": 0.0, "tp_r": 2, "trail_r": 2}
s02_gross|IS|{"be_r": 0.5, "commission": 0.0, "exit_time": 14.0, "sl_ref": 2, "slip": 0.0, "tp_r": 2}
s02_gross|IS|{"be_r": 0.5, "commission": 0.0, "exit_time": 16.0, "sl_ref": 2, "slip": 0.0, "tp_r": 2}
s02_gross|IS|{"be_r": 0.5, "commission": 0.0, "exit_time": 18.0, "sl_ref": 2, "slip": 0.0, "tp_r": 2}
s02_gross|IS|{"be_r": 0.5, "commission": 0.0, "sl_ref": 2, "slip": 0.0, "tp_r": 2}
s02_gross|IS|{"be_r": 0.5, "commission": 0.0, "exit_time": 21.0, "sl_ref": 2, "slip": 0.0, "tp_r": 2}
s02_gross|IS|{"be_r": 0.5, "commission": 0.0, "exit_time": 14.0, "sl_ref": 2, "slip": 0.0, "tp_r": 2, "trail_r": 0.5}
s02_gross|IS|{"be_r": 0.5, "commission": 0.0, "exit_time": 16.0, "sl_ref": 2, "slip": 0.0, "tp_r": 2, "trail_r": 0.5}
s02_gross|IS|{"be_r": 0.5, "commission": 0.0, "exit_time": 18.0, "sl_ref": 2, "slip": 0.0, "tp_r": 2, "trail_r": 0.5}
s02_gross|IS|{"be_r": 0.5, "commission": 0.0, "sl_ref": 2, "slip": 0.0, "tp_r": 2, "trail_r": 0.5}
s02_gross|IS|{"be_r": 0.5, "commission": 0.0, "exit_time": 21.0, "sl_ref": 2, "slip": 0.0, "tp_r": 2, "trail_r": 0.5}
s02_gross|IS|{"be_r": 0.5, "commission": 0.0, "exit_time": 14.0, "sl_ref": 2, "slip": 0.0, "tp_r": 2, "trail_r": 1}
s02_gross|IS|{"be_r": 0.5, "commission": 0.0, "exit_time": 16.0, "sl_ref": 2, "slip": 0.0, "tp_r": 2, "trail_r": 1}
s02_gross|IS|{"be_r": 0.5, "commission": 0.0, "exit_time": 18.0, "sl_ref": 2, "slip": 0.0, "tp_r": 2, "trail_r": 1}
s02_gross|IS|{"be_r": 0.5, "commission": 0.0, "sl_ref": 2, "slip": 0.0, "tp_r": 2, "trail_r": 1}
s02_gross|IS|{"be_r": 0.5, "commission": 0.0, "exit_time": 21.0, "sl_ref": 2, "slip": 0.0, "tp_r": 2, "trail_r": 1}
s02_gross|IS|{"be_r": 0.5, "commission": 0.0, "exit_time": 14.0, "sl_ref": 2, "slip": 0.0, "tp_r": 2, "trail_r": 1.5}
s02_gross|IS|{"be_r": 0.5, "commission": 0.0, "exit_time": 16.0, "sl_ref": 2, "slip": 0.0, "tp_r": 2, "trail_r": 1.5}
s02_gross|IS|{"be_r": 0.5, "commission": 0.0, "exit_time": 18.0, "sl_ref": 2, "slip": 0.0, "tp_r": 2, "trail_r": 1.5}
s02_gross|IS|{"be_r": 0.5, "commission": 0.0, "sl_ref": 2, "slip": 0.0, "tp_r": 2, "trail_r": 1.5}
s02_gross|IS|{"be_r": 0.5, "commission": 0.0, "exit_time": 21.0, "sl_ref": 2, "slip": 0.0, "tp_r": 2, "trail_r": 1.5}
s02_gross|IS|{"be_r": 0.5, "commission": 0.0, "exit_time": 14.0, "sl_ref": 2, "slip": 0.0, "tp_r": 2, "trail_r": 2}
s02_gross|IS|{"be_r": 0.5, "commission": 0.0, "exit_time": 16.0, "sl_ref": 2, "slip": 0.0, "tp_r": 2, "trail_r": 2}
s02_gross|IS|{"be_r": 0.5, "commission": 0.0, "exit_time": 18.0, "sl_ref": 2, "slip": 0.0, "tp_r": 2, "trail_r": 2}
s02_gross|IS|{"be_r": 0.5, "commission": 0.0, "sl_ref": 2, "slip": 0.0, "tp_r": 2, "trail_r": 2}
s02_gross|IS|{"be_r": 0.5, "commission": 0.0, "exit_time": 21.0, "sl_ref": 2, "slip": 0.0, "tp_r": 2, "trail_r": 2}
s02_gross|IS|{"be_r": 1, "commission": 0.0, "exit_time": 14.0, "sl_ref": 2, "slip": 0.0, "tp_r": 2}
s02_gross|IS|{"be_r": 1, "commission": 0.0, "exit_time": 16.0, "sl_ref": 2, "slip": 0.0, "tp_r": 2}
s02_gross|IS|{"be_r": 1, "commission": 0.0, "exit_time": 18.0, "sl_ref": 2, "slip": 0.0, "tp_r": 2}
s02_gross|IS|{"be_r": 1, "commission": 0.0, "sl_ref": 2, "slip": 0.0, "tp_r": 2}
s02_gross|IS|{"be_r": 1, "commission": 0.0, "exit_time": 21.0, "sl_ref": 2, "slip": 0.0, "tp_r": 2}
s02_gross|IS|{"be_r": 1, "commission": 0.0, "exit_time": 14.0, "sl_ref": 2, "slip": 0.0, "tp_r": 2, "trail_r": 0.5}
s02_gross|IS|{"be_r": 1, "commission": 0.0, "exit_time": 16.0, "sl_ref": 2, "slip": 0.0, "tp_r": 2, "trail_r": 0.5}
s02_gross|IS|{"be_r": 1, "commission": 0.0, "exit_time": 18.0, "sl_ref": 2, "slip": 0.0, "tp_r": 2, "trail_r": 0.5}
s02_gross|IS|{"be_r": 1, "commission": 0.0, "sl_ref": 2, "slip": 0.0, "tp_r": 2, "trail_r": 0.5}
s02_gross|IS|{"be_r": 1, "commission": 0.0, "exit_time": 21.0, "sl_ref": 2, "slip": 0.0, "tp_r": 2, "trail_r": 0.5}
s02_gross|IS|{"be_r": 1, "commission": 0.0, "exit_time": 14.0, "sl_ref": 2, "slip": 0.0, "tp_r": 2, "trail_r": 1}
s02_gross|IS|{"be_r": 1, "commission": 0.0, "exit_time": 16.0, "sl_ref": 2, "slip": 0.0, "tp_r": 2, "trail_r": 1}
s02_gross|IS|{"be_r": 1, "commission": 0.0, "exit_time": 18.0, "sl_ref": 2, "slip": 0.0, "tp_r": 2, "trail_r": 1}
s02_gross|IS|{"be_r": 1, "commission": 0.0, "sl_ref": 2, "slip": 0.0, "tp_r": 2, "trail_r": 1}
s02_gross|IS|{"be_r": 1, "commission": 0.0, "exit_time": 21.0, "sl_ref": 2, "slip": 0.0, "tp_r": 2, "trail_r": 1}
s02_gross|IS|{"be_r": 1, "commission": 0.0, "exit_time": 14.0, "sl_ref": 2, "slip": 0.0, "tp_r": 2, "trail_r": 1.5}
s02_gross|IS|{"be_r": 1, "commission": 0.0, "exit_time": 16.0, "sl_ref": 2, "slip": 0.0, "tp_r": 2, "trail_r": 1.5}
s02_gross|IS|{"be_r": 1, "commission": 0.0, "exit_time": 18.0, "sl_ref": 2, "slip": 0.0, "tp_r": 2, "trail_r": 1.5}
s02_gross|IS|{"be_r": 1, "commission": 0.0, "sl_ref": 2, "slip": 0.0, "tp_r": 2, "trail_r": 1.5}
s02_gross|IS|{"be_r": 1, "commission": 0.0, "exit_time": 21.0, "sl_ref": 2, "slip": 0.0, "tp_r": 2, "trail_r": 1.5}
s02_gross|IS|{"be_r": 1, "commission": 0.0, "exit_time": 14.0, "sl_ref": 2, "slip": 0.0, "tp_r": 2, "trail_r": 2}
s02_gross|IS|{"be_r": 1, "commission": 0.0, "exit_time": 16.0, "sl_ref": 2, "slip": 0.0, "tp_r": 2, "trail_r": 2}
s02_gross|IS|{"be_r": 1, "commission": 0.0, "exit_time": 18.0, "sl_ref": 2, "slip": 0.0, "tp_r": 2, "trail_r": 2}
s02_gross|IS|{"be_r": 1, "commission": 0.0, "sl_ref": 2, "slip": 0.0, "tp_r": 2, "trail_r": 2}
s02_gross|IS|{"be_r": 1, "commission": 0.0, "exit_time": 21.0, "sl_ref": 2, "slip": 0.0, "tp_r": 2, "trail_r": 2}
s02_gross|IS|{"commission": 0.0, "exit_time": 14.0, "sl_ref": 2, "slip": 0.0, "tp_r": 3}
s02_gross|IS|{"commission": 0.0, "exit_time": 16.0, "sl_ref": 2, "slip": 0.0, "tp_r": 3}
s02_gross|IS|{"commission": 0.0, "exit_time": 18.0, "sl_ref": 2, "slip": 0.0, "tp_r": 3}
s02_gross|IS|{"commission": 0.0, "sl_ref": 2, "slip": 0.0, "tp_r": 3}
s02_gross|IS|{"commission": 0.0, "exit_time": 21.0, "sl_ref": 2, "slip": 0.0, "tp_r": 3}
s02_gross|IS|{"commission": 0.0, "exit_time": 14.0, "sl_ref": 2, "slip": 0.0, "tp_r": 3, "trail_r": 0.5}
s02_gross|IS|{"commission": 0.0, "exit_time": 16.0, "sl_ref": 2, "slip": 0.0, "tp_r": 3, "trail_r": 0.5}
s02_gross|IS|{"commission": 0.0, "exit_time": 18.0, "sl_ref": 2, "slip": 0.0, "tp_r": 3, "trail_r": 0.5}
s02_gross|IS|{"commission": 0.0, "sl_ref": 2, "slip": 0.0, "tp_r": 3, "trail_r": 0.5}
s02_gross|IS|{"commission": 0.0, "exit_time": 21.0, "sl_ref": 2, "slip": 0.0, "tp_r": 3, "trail_r": 0.5}
s02_gross|IS|{"commission": 0.0, "exit_time": 14.0, "sl_ref": 2, "slip": 0.0, "tp_r": 3, "trail_r": 1}
s02_gross|IS|{"commission": 0.0, "exit_time": 16.0, "sl_ref": 2, "slip": 0.0, "tp_r": 3, "trail_r": 1}
s02_gross|IS|{"commission": 0.0, "exit_time": 18.0, "sl_ref": 2, "slip": 0.0, "tp_r": 3, "trail_r": 1}
s02_gross|IS|{"commission": 0.0, "sl_ref": 2, "slip": 0.0, "tp_r": 3, "trail_r": 1}
s02_gross|IS|{"commission": 0.0, "exit_time": 21.0, "sl_ref": 2, "slip": 0.0, "tp_r": 3, "trail_r": 1}
s02_gross|IS|{"commission": 0.0, "exit_time": 14.0, "sl_ref": 2, "slip": 0.0, "tp_r": 3, "trail_r": 1.5}
s02_gross|IS|{"commission": 0.0, "exit_time": 16.0, "sl_ref": 2, "slip": 0.0, "tp_r": 3, "trail_r": 1.5}
s02_gross|IS|{"commission": 0.0, "exit_time": 18.0, "sl_ref": 2, "slip": 0.0, "tp_r": 3, "trail_r": 1.5}
s02_gross|IS|{"commission": 0.0, "sl_ref": 2, "slip": 0.0, "tp_r": 3, "trail_r": 1.5}
s02_gross|IS|{"commission": 0.0, "exit_time": 21.0, "sl_ref": 2, "slip": 0.0, "tp_r": 3, "trail_r": 1.5}
s02_gross|IS|{"commission": 0.0, "exit_time": 14.0, "sl_ref": 2, "slip": 0.0, "tp_r": 3, "trail_r": 2}
s02_gross|IS|{"commission": 0.0, "exit_time": 16.0, "sl_ref": 2, "slip": 0.0, "tp_r": 3, "trail_r": 2}
s02_gross|IS|{"commission": 0.0, "exit_time": 18.0, "sl_ref": 2, "slip": 0.0, "tp_r": 3, "trail_r": 2}
s02_gross|IS|{"commission": 0.0, "sl_ref": 2, "slip": 0.0, "tp_r": 3, "trail_r": 2}
s02_gross|IS|{"commission": 0.0, "exit_time": 21.0, "sl_ref": 2, "slip": 0.0, "tp_r": 3, "trail_r": 2}
s02_gross|IS|{"be_r": 0.5, "commission": 0.0, "exit_time": 14.0, "sl_ref": 2, "slip": 0.0, "tp_r": 3}
s02_gross|IS|{"be_r": 0.5, "commission": 0.0, "exit_time": 16.0, "sl_ref": 2, "slip": 0.0, "tp_r": 3}
s02_gross|IS|{"be_r": 0.5, "commission": 0.0, "exit_time": 18.0, "sl_ref": 2, "slip": 0.0, "tp_r": 3}
s02_gross|IS|{"be_r": 0.5, "commission": 0.0, "sl_ref": 2, "slip": 0.0, "tp_r": 3}
s02_gross|IS|{"be_r": 0.5, "commission": 0.0, "exit_time": 21.0, "sl_ref": 2, "slip": 0.0, "tp_r": 3}
s02_gross|IS|{"be_r": 0.5, "commission": 0.0, "exit_time": 14.0, "sl_ref": 2, "slip": 0.0, "tp_r": 3, "trail_r": 0.5}
s02_gross|IS|{"be_r": 0.5, "commission": 0.0, "exit_time": 16.0, "sl_ref": 2, "slip": 0.0, "tp_r": 3, "trail_r": 0.5}
s02_gross|IS|{"be_r": 0.5, "commission": 0.0, "exit_time": 18.0, "sl_ref": 2, "slip": 0.0, "tp_r": 3, "trail_r": 0.5}
s02_gross|IS|{"be_r": 0.5, "commission": 0.0, "sl_ref": 2, "slip": 0.0, "tp_r": 3, "trail_r": 0.5}
s02_gross|IS|{"be_r": 0.5, "commission": 0.0, "exit_time": 21.0, "sl_ref": 2, "slip": 0.0, "tp_r": 3, "trail_r": 0.5}
s02_gross|IS|{"be_r": 0.5, "commission": 0.0, "exit_time": 14.0, "sl_ref": 2, "slip": 0.0, "tp_r": 3, "trail_r": 1}
s02_gross|IS|{"be_r": 0.5, "commission": 0.0, "exit_time": 16.0, "sl_ref": 2, "slip": 0.0, "tp_r": 3, "trail_r": 1}
s02_gross|IS|{"be_r": 0.5, "commission": 0.0, "exit_time": 18.0, "sl_ref": 2, "slip": 0.0, "tp_r": 3, "trail_r": 1}
s02_gross|IS|{"be_r": 0.5, "commission": 0.0, "sl_ref": 2, "slip": 0.0, "tp_r": 3, "trail_r": 1}
s02_gross|IS|{"be_r": 0.5, "commission": 0.0, "exit_time": 21.0, "sl_ref": 2, "slip": 0.0, "tp_r": 3, "trail_r": 1}
s02_gross|IS|{"be_r": 0.5, "commission": 0.0, "exit_time": 14.0, "sl_ref": 2, "slip": 0.0, "tp_r": 3, "trail_r": 1.5}
s02_gross|IS|{"be_r": 0.5, "commission": 0.0, "exit_time": 16.0, "sl_ref": 2, "slip": 0.0, "tp_r": 3, "trail_r": 1.5}
s02_gross|IS|{"be_r": 0.5, "commission": 0.0, "exit_time": 18.0, "sl_ref": 2, "slip": 0.0, "tp_r": 3, "trail_r": 1.5}
s02_gross|IS|{"be_r": 0.5, "commission": 0.0, "sl_ref": 2, "slip": 0.0, "tp_r": 3, "trail_r": 1.5}
s02_gross|IS|{"be_r": 0.5, "commission": 0.0, "exit_time": 21.0, "sl_ref": 2, "slip": 0.0, "tp_r": 3, "trail_r": 1.5}
s02_gross|IS|{"be_r": 0.5, "commission": 0.0, "exit_time": 14.0, "sl_ref": 2, "slip": 0.0, "tp_r": 3, "trail_r": 2}
s02_gross|IS|{"be_r": 0.5, "commission": 0.0, "exit_time": 16.0, "sl_ref": 2, "slip": 0.0, "tp_r": 3, "trail_r": 2}
s02_gross|IS|{"be_r": 0.5, "commission": 0.0, "exit_time": 18.0, "sl_ref": 2, "slip": 0.0, "tp_r": 3, "trail_r": 2}
s02_gross|IS|{"be_r": 0.5, "commission": 0.0, "sl_ref": 2, "slip": 0.0, "tp_r": 3, "trail_r": 2}
s02_gross|IS|{"be_r": 0.5, "commission": 0.0, "exit_time": 21.0, "sl_ref": 2, "slip": 0.0, "tp_r": 3, "trail_r": 2}
s02_gross|IS|{"be_r": 1, "commission": 0.0, "exit_time": 14.0, "sl_ref": 2, "slip": 0.0, "tp_r": 3}
s02_gross|IS|{"be_r": 1, "commission": 0.0, "exit_time": 16.0, "sl_ref": 2, "slip": 0.0, "tp_r": 3}
s02_gross|IS|{"be_r": 1, "commission": 0.0, "exit_time": 18.0, "sl_ref": 2, "slip": 0.0, "tp_r": 3}
s02_gross|IS|{"be_r": 1, "commission": 0.0, "sl_ref": 2, "slip": 0.0, "tp_r": 3}
s02_gross|IS|{"be_r": 1, "commission": 0.0, "exit_time": 21.0, "sl_ref": 2, "slip": 0.0, "tp_r": 3}
s02_gross|IS|{"be_r": 1, "commission": 0.0, "exit_time": 14.0, "sl_ref": 2, "slip": 0.0, "tp_r": 3, "trail_r": 0.5}
s02_gross|IS|{"be_r": 1, "commission": 0.0, "exit_time": 16.0, "sl_ref": 2, "slip": 0.0, "tp_r": 3, "trail_r": 0.5}
s02_gross|IS|{"be_r": 1, "commission": 0.0, "exit_time": 18.0, "sl_ref": 2, "slip": 0.0, "tp_r": 3, "trail_r": 0.5}
s02_gross|IS|{"be_r": 1, "commission": 0.0, "sl_ref": 2, "slip": 0.0, "tp_r": 3, "trail_r": 0.5}
s02_gross|IS|{"be_r": 1, "commission": 0.0, "exit_time": 21.0, "sl_ref": 2, "slip": 0.0, "tp_r": 3, "trail_r": 0.5}
s02_gross|IS|{"be_r": 1, "commission": 0.0, "exit_time": 14.0, "sl_ref": 2, "slip": 0.0, "tp_r": 3, "trail_r": 1}
s02_gross|IS|{"be_r": 1, "commission": 0.0, "exit_time": 16.0, "sl_ref": 2, "slip": 0.0, "tp_r": 3, "trail_r": 1}
s02_gross|IS|{"be_r": 1, "commission": 0.0, "exit_time": 18.0, "sl_ref": 2, "slip": 0.0, "tp_r": 3, "trail_r": 1}
s02_gross|IS|{"be_r": 1, "commission": 0.0, "sl_ref": 2, "slip": 0.0, "tp_r": 3, "trail_r": 1}
s02_gross|IS|{"be_r": 1, "commission": 0.0, "exit_time": 21.0, "sl_ref": 2, "slip": 0.0, "tp_r": 3, "trail_r": 1}
s02_gross|IS|{"be_r": 1, "commission": 0.0, "exit_time": 14.0, "sl_ref": 2, "slip": 0.0, "tp_r": 3, "trail_r": 1.5}
s02_gross|IS|{"be_r": 1, "commission": 0.0, "exit_time": 16.0, "sl_ref": 2, "slip": 0.0, "tp_r": 3, "trail_r": 1.5}
s02_gross|IS|{"be_r": 1, "commission": 0.0, "exit_time": 18.0, "sl_ref": 2, "slip": 0.0, "tp_r": 3, "trail_r": 1.5}
s02_gross|IS|{"be_r": 1, "commission": 0.0, "sl_ref": 2, "slip": 0.0, "tp_r": 3, "trail_r": 1.5}
s02_gross|IS|{"be_r": 1, "commission": 0.0, "exit_time": 21.0, "sl_ref": 2, "slip": 0.0, "tp_r": 3, "trail_r": 1.5}
s02_gross|IS|{"be_r": 1, "commission": 0.0, "exit_time": 14.0, "sl_ref": 2, "slip": 0.0, "tp_r": 3, "trail_r": 2}
s02_gross|IS|{"be_r": 1, "commission": 0.0, "exit_time": 16.0, "sl_ref": 2, "slip": 0.0, "tp_r": 3, "trail_r": 2}
s02_gross|IS|{"be_r": 1, "commission": 0.0, "exit_time": 18.0, "sl_ref": 2, "slip": 0.0, "tp_r": 3, "trail_r": 2}
s02_gross|IS|{"be_r": 1, "commission": 0.0, "sl_ref": 2, "slip": 0.0, "tp_r": 3, "trail_r": 2}
s02_gross|IS|{"be_r": 1, "commission": 0.0, "exit_time": 21.0, "sl_ref": 2, "slip": 0.0, "tp_r": 3, "trail_r": 2}
s02_gross|IS|{"commission": 0.0, "exit_time": 14.0, "sl_ref": 2, "slip": 0.0, "tp_r": 4}
s02_gross|IS|{"commission": 0.0, "exit_time": 16.0, "sl_ref": 2, "slip": 0.0, "tp_r": 4}
s02_gross|IS|{"commission": 0.0, "exit_time": 18.0, "sl_ref": 2, "slip": 0.0, "tp_r": 4}
s02_gross|IS|{"commission": 0.0, "sl_ref": 2, "slip": 0.0, "tp_r": 4}
s02_gross|IS|{"commission": 0.0, "exit_time": 21.0, "sl_ref": 2, "slip": 0.0, "tp_r": 4}
s02_gross|IS|{"commission": 0.0, "exit_time": 14.0, "sl_ref": 2, "slip": 0.0, "tp_r": 4, "trail_r": 0.5}
s02_gross|IS|{"commission": 0.0, "exit_time": 16.0, "sl_ref": 2, "slip": 0.0, "tp_r": 4, "trail_r": 0.5}
s02_gross|IS|{"commission": 0.0, "exit_time": 18.0, "sl_ref": 2, "slip": 0.0, "tp_r": 4, "trail_r": 0.5}
s02_gross|IS|{"commission": 0.0, "sl_ref": 2, "slip": 0.0, "tp_r": 4, "trail_r": 0.5}
s02_gross|IS|{"commission": 0.0, "exit_time": 21.0, "sl_ref": 2, "slip": 0.0, "tp_r": 4, "trail_r": 0.5}
s02_gross|IS|{"commission": 0.0, "exit_time": 14.0, "sl_ref": 2, "slip": 0.0, "tp_r": 4, "trail_r": 1}
s02_gross|IS|{"commission": 0.0, "exit_time": 16.0, "sl_ref": 2, "slip": 0.0, "tp_r": 4, "trail_r": 1}
s02_gross|IS|{"commission": 0.0, "exit_time": 18.0, "sl_ref": 2, "slip": 0.0, "tp_r": 4, "trail_r": 1}
s02_gross|IS|{"commission": 0.0, "sl_ref": 2, "slip": 0.0, "tp_r": 4, "trail_r": 1}
s02_gross|IS|{"commission": 0.0, "exit_time": 21.0, "sl_ref": 2, "slip": 0.0, "tp_r": 4, "trail_r": 1}
s02_gross|IS|{"commission": 0.0, "exit_time": 14.0, "sl_ref": 2, "slip": 0.0, "tp_r": 4, "trail_r": 1.5}
s02_gross|IS|{"commission": 0.0, "exit_time": 16.0, "sl_ref": 2, "slip": 0.0, "tp_r": 4, "trail_r": 1.5}
s02_gross|IS|{"commission": 0.0, "exit_time": 18.0, "sl_ref": 2, "slip": 0.0, "tp_r": 4, "trail_r": 1.5}
s02_gross|IS|{"commission": 0.0, "sl_ref": 2, "slip": 0.0, "tp_r": 4, "trail_r": 1.5}
s02_gross|IS|{"commission": 0.0, "exit_time": 21.0, "sl_ref": 2, "slip": 0.0, "tp_r": 4, "trail_r": 1.5}
s02_gross|IS|{"commission": 0.0, "exit_time": 14.0, "sl_ref": 2, "slip": 0.0, "tp_r": 4, "trail_r": 2}
s02_gross|IS|{"commission": 0.0, "exit_time": 16.0, "sl_ref": 2, "slip": 0.0, "tp_r": 4, "trail_r": 2}
s02_gross|IS|{"commission": 0.0, "exit_time": 18.0, "sl_ref": 2, "slip": 0.0, "tp_r": 4, "trail_r": 2}
s02_gross|IS|{"commission": 0.0, "sl_ref": 2, "slip": 0.0, "tp_r": 4, "trail_r": 2}
s02_gross|IS|{"commission": 0.0, "exit_time": 21.0, "sl_ref": 2, "slip": 0.0, "tp_r": 4, "trail_r": 2}
s02_gross|IS|{"be_r": 0.5, "commission": 0.0, "exit_time": 14.0, "sl_ref": 2, "slip": 0.0, "tp_r": 4}
s02_gross|IS|{"be_r": 0.5, "commission": 0.0, "exit_time": 16.0, "sl_ref": 2, "slip": 0.0, "tp_r": 4}
s02_gross|IS|{"be_r": 0.5, "commission": 0.0, "exit_time": 18.0, "sl_ref": 2, "slip": 0.0, "tp_r": 4}
s02_gross|IS|{"be_r": 0.5, "commission": 0.0, "sl_ref": 2, "slip": 0.0, "tp_r": 4}
s02_gross|IS|{"be_r": 0.5, "commission": 0.0, "exit_time": 21.0, "sl_ref": 2, "slip": 0.0, "tp_r": 4}
s02_gross|IS|{"be_r": 0.5, "commission": 0.0, "exit_time": 14.0, "sl_ref": 2, "slip": 0.0, "tp_r": 4, "trail_r": 0.5}
s02_gross|IS|{"be_r": 0.5, "commission": 0.0, "exit_time": 16.0, "sl_ref": 2, "slip": 0.0, "tp_r": 4, "trail_r": 0.5}
s02_gross|IS|{"be_r": 0.5, "commission": 0.0, "exit_time": 18.0, "sl_ref": 2, "slip": 0.0, "tp_r": 4, "trail_r": 0.5}
s02_gross|IS|{"be_r": 0.5, "commission": 0.0, "sl_ref": 2, "slip": 0.0, "tp_r": 4, "trail_r": 0.5}
s02_gross|IS|{"be_r": 0.5, "commission": 0.0, "exit_time": 21.0, "sl_ref": 2, "slip": 0.0, "tp_r": 4, "trail_r": 0.5}
s02_gross|IS|{"be_r": 0.5, "commission": 0.0, "exit_time": 14.0, "sl_ref": 2, "slip": 0.0, "tp_r": 4, "trail_r": 1}
s02_gross|IS|{"be_r": 0.5, "commission": 0.0, "exit_time": 16.0, "sl_ref": 2, "slip": 0.0, "tp_r": 4, "trail_r": 1}
s02_gross|IS|{"be_r": 0.5, "commission": 0.0, "exit_time": 18.0, "sl_ref": 2, "slip": 0.0, "tp_r": 4, "trail_r": 1}
s02_gross|IS|{"be_r": 0.5, "commission": 0.0, "sl_ref": 2, "slip": 0.0, "tp_r": 4, "trail_r": 1}
s02_gross|IS|{"be_r": 0.5, "commission": 0.0, "exit_time": 21.0, "sl_ref": 2, "slip": 0.0, "tp_r": 4, "trail_r": 1}
s02_gross|IS|{"be_r": 0.5, "commission": 0.0, "exit_time": 14.0, "sl_ref": 2, "slip": 0.0, "tp_r": 4, "trail_r": 1.5}
s02_gross|IS|{"be_r": 0.5, "commission": 0.0, "exit_time": 16.0, "sl_ref": 2, "slip": 0.0, "tp_r": 4, "trail_r": 1.5}
s02_gross|IS|{"be_r": 0.5, "commission": 0.0, "exit_time": 18.0, "sl_ref": 2, "slip": 0.0, "tp_r": 4, "trail_r": 1.5}
s02_gross|IS|{"be_r": 0.5, "commission": 0.0, "sl_ref": 2, "slip": 0.0, "tp_r": 4, "trail_r": 1.5}
s02_gross|IS|{"be_r": 0.5, "commission": 0.0, "exit_time": 21.0, "sl_ref": 2, "slip": 0.0, "tp_r": 4, "trail_r": 1.5}
s02_gross|IS|{"be_r": 0.5, "commission": 0.0, "exit_time": 14.0, "sl_ref": 2, "slip": 0.0, "tp_r": 4, "trail_r": 2}
s02_gross|IS|{"be_r": 0.5, "commission": 0.0, "exit_time": 16.0, "sl_ref": 2, "slip": 0.0, "tp_r": 4, "trail_r": 2}
s02_gross|IS|{"be_r": 0.5, "commission": 0.0, "exit_time": 18.0, "sl_ref": 2, "slip": 0.0, "tp_r": 4, "trail_r": 2}
s02_gross|IS|{"be_r": 0.5, "commission": 0.0, "sl_ref": 2, "slip": 0.0, "tp_r": 4, "trail_r": 2}
s02_gross|IS|{"be_r": 0.5, "commission": 0.0, "exit_time": 21.0, "sl_ref": 2, "slip": 0.0, "tp_r": 4, "trail_r": 2}
s02_gross|IS|{"be_r": 1, "commission": 0.0, "exit_time": 14.0, "sl_ref": 2, "slip": 0.0, "tp_r": 4}
s02_gross|IS|{"be_r": 1, "commission": 0.0, "exit_time": 16.0, "sl_ref": 2, "slip": 0.0, "tp_r": 4}
s02_gross|IS|{"be_r": 1, "commission": 0.0, "exit_time": 18.0, "sl_ref": 2, "slip": 0.0, "tp_r": 4}
s02_gross|IS|{"be_r": 1, "commission": 0.0, "sl_ref": 2, "slip": 0.0, "tp_r": 4}
s02_gross|IS|{"be_r": 1, "commission": 0.0, "exit_time": 21.0, "sl_ref": 2, "slip": 0.0, "tp_r": 4}
s02_gross|IS|{"be_r": 1, "commission": 0.0, "exit_time": 14.0, "sl_ref": 2, "slip": 0.0, "tp_r": 4, "trail_r": 0.5}
s02_gross|IS|{"be_r": 1, "commission": 0.0, "exit_time": 16.0, "sl_ref": 2, "slip": 0.0, "tp_r": 4, "trail_r": 0.5}
s02_gross|IS|{"be_r": 1, "commission": 0.0, "exit_time": 18.0, "sl_ref": 2, "slip": 0.0, "tp_r": 4, "trail_r": 0.5}
s02_gross|IS|{"be_r": 1, "commission": 0.0, "sl_ref": 2, "slip": 0.0, "tp_r": 4, "trail_r": 0.5}
s02_gross|IS|{"be_r": 1, "commission": 0.0, "exit_time": 21.0, "sl_ref": 2, "slip": 0.0, "tp_r": 4, "trail_r": 0.5}
s02_gross|IS|{"be_r": 1, "commission": 0.0, "exit_time": 14.0, "sl_ref": 2, "slip": 0.0, "tp_r": 4, "trail_r": 1}
s02_gross|IS|{"be_r": 1, "commission": 0.0, "exit_time": 16.0, "sl_ref": 2, "slip": 0.0, "tp_r": 4, "trail_r": 1}
s02_gross|IS|{"be_r": 1, "commission": 0.0, "exit_time": 18.0, "sl_ref": 2, "slip": 0.0, "tp_r": 4, "trail_r": 1}
s02_gross|IS|{"be_r": 1, "commission": 0.0, "sl_ref": 2, "slip": 0.0, "tp_r": 4, "trail_r": 1}
s02_gross|IS|{"be_r": 1, "commission": 0.0, "exit_time": 21.0, "sl_ref": 2, "slip": 0.0, "tp_r": 4, "trail_r": 1}
s02_gross|IS|{"be_r": 1, "commission": 0.0, "exit_time": 14.0, "sl_ref": 2, "slip": 0.0, "tp_r": 4, "trail_r": 1.5}
s02_gross|IS|{"be_r": 1, "commission": 0.0, "exit_time": 16.0, "sl_ref": 2, "slip": 0.0, "tp_r": 4, "trail_r": 1.5}
s02_gross|IS|{"be_r": 1, "commission": 0.0, "exit_time": 18.0, "sl_ref": 2, "slip": 0.0, "tp_r": 4, "trail_r": 1.5}
s02_gross|IS|{"be_r": 1, "commission": 0.0, "sl_ref": 2, "slip": 0.0, "tp_r": 4, "trail_r": 1.5}
s02_gross|IS|{"be_r": 1, "commission": 0.0, "exit_time": 21.0, "sl_ref": 2, "slip": 0.0, "tp_r": 4, "trail_r": 1.5}
s02_gross|IS|{"be_r": 1, "commission": 0.0, "exit_time": 14.0, "sl_ref": 2, "slip": 0.0, "tp_r": 4, "trail_r": 2}
s02_gross|IS|{"be_r": 1, "commission": 0.0, "exit_time": 16.0, "sl_ref": 2, "slip": 0.0, "tp_r": 4, "trail_r": 2}
s02_gross|IS|{"be_r": 1, "commission": 0.0, "exit_time": 18.0, "sl_ref": 2, "slip": 0.0, "tp_r": 4, "trail_r": 2}
s02_gross|IS|{"be_r": 1, "commission": 0.0, "sl_ref": 2, "slip": 0.0, "tp_r": 4, "trail_r": 2}
s02_gross|IS|{"be_r": 1, "commission": 0.0, "exit_time": 21.0, "sl_ref": 2, "slip": 0.0, "tp_r": 4, "trail_r": 2}
s04_net|IS custom hold {'mh': 15}|{}
s04_gross|IS custom hold {'mh': 15}|{}
s04_net|IS custom hold {'mh': 30}|{}
s04_gross|IS custom hold {'mh': 30}|{}
s04_net|IS custom hold {'mh': 60}|{}
s04_gross|IS custom hold {'mh': 60}|{}
s04_net|IS custom hold {'mh': 120}|{}
s04_gross|IS custom hold {'mh': 120}|{}
s04_net|IS custom hold {'mh': 180}|{}
s04_gross|IS custom hold {'mh': 180}|{}
s04_net|IS custom hold {'mh': 240}|{}
s04_gross|IS custom hold {'mh': 240}|{}
s04_net|IS custom hold {'mh': 360}|{}
s04_gross|IS custom hold {'mh': 360}|{}
s04_net|IS custom tstop {'tsm': 15, 'tst': 0.0}|{}
s04_gross|IS custom tstop {'tsm': 15, 'tst': 0.0}|{}
s04_net|IS custom tstop {'tsm': 15, 'tst': 0.25}|{}
s04_gross|IS custom tstop {'tsm': 15, 'tst': 0.25}|{}
s04_net|IS custom tstop {'tsm': 30, 'tst': 0.0}|{}
s04_gross|IS custom tstop {'tsm': 30, 'tst': 0.0}|{}
s04_net|IS custom tstop {'tsm': 30, 'tst': 0.25}|{}
s04_gross|IS custom tstop {'tsm': 30, 'tst': 0.25}|{}
s04_net|IS custom tstop {'tsm': 60, 'tst': 0.0}|{}
s04_gross|IS custom tstop {'tsm': 60, 'tst': 0.0}|{}
s04_net|IS custom tstop {'tsm': 60, 'tst': 0.25}|{}
s04_gross|IS custom tstop {'tsm': 60, 'tst': 0.25}|{}
s04_net|IS custom tstop {'tsm': 120, 'tst': 0.0}|{}
s04_gross|IS custom tstop {'tsm': 120, 'tst': 0.0}|{}
s04_net|IS custom tstop {'tsm': 120, 'tst': 0.25}|{}
s04_gross|IS custom tstop {'tsm': 120, 'tst': 0.25}|{}
s04_net|IS custom hold+trail2 {'mh': 120, 'tr': 2.0}|{}
s04_gross|IS custom hold+trail2 {'mh': 120, 'tr': 2.0}|{}
s04_net|IS custom hold+trail2 {'mh': 240, 'tr': 2.0}|{}
s04_gross|IS custom hold+trail2 {'mh': 240, 'tr': 2.0}|{}
s04_net|IS custom hold {'mh': 15}|{"sl_k": 0.75, "sl_ref": 1}
s04_gross|IS custom hold {'mh': 15}|{"sl_k": 0.75, "sl_ref": 1}
s04_net|IS custom hold {'mh': 30}|{"sl_k": 0.75, "sl_ref": 1}
s04_gross|IS custom hold {'mh': 30}|{"sl_k": 0.75, "sl_ref": 1}
s04_net|IS custom hold {'mh': 60}|{"sl_k": 0.75, "sl_ref": 1}
s04_gross|IS custom hold {'mh': 60}|{"sl_k": 0.75, "sl_ref": 1}
s04_net|IS custom hold {'mh': 120}|{"sl_k": 0.75, "sl_ref": 1}
s04_gross|IS custom hold {'mh': 120}|{"sl_k": 0.75, "sl_ref": 1}
s04_net|IS custom hold {'mh': 180}|{"sl_k": 0.75, "sl_ref": 1}
s04_gross|IS custom hold {'mh': 180}|{"sl_k": 0.75, "sl_ref": 1}
s04_net|IS custom hold {'mh': 240}|{"sl_k": 0.75, "sl_ref": 1}
s04_gross|IS custom hold {'mh': 240}|{"sl_k": 0.75, "sl_ref": 1}
s04_net|IS custom hold {'mh': 360}|{"sl_k": 0.75, "sl_ref": 1}
s04_gross|IS custom hold {'mh': 360}|{"sl_k": 0.75, "sl_ref": 1}
s04_net|IS custom tstop {'tsm': 15, 'tst': 0.0}|{"sl_k": 0.75, "sl_ref": 1}
s04_gross|IS custom tstop {'tsm': 15, 'tst': 0.0}|{"sl_k": 0.75, "sl_ref": 1}
s04_net|IS custom tstop {'tsm': 15, 'tst': 0.25}|{"sl_k": 0.75, "sl_ref": 1}
s04_gross|IS custom tstop {'tsm': 15, 'tst': 0.25}|{"sl_k": 0.75, "sl_ref": 1}
s04_net|IS custom tstop {'tsm': 30, 'tst': 0.0}|{"sl_k": 0.75, "sl_ref": 1}
s04_gross|IS custom tstop {'tsm': 30, 'tst': 0.0}|{"sl_k": 0.75, "sl_ref": 1}
s04_net|IS custom tstop {'tsm': 30, 'tst': 0.25}|{"sl_k": 0.75, "sl_ref": 1}
s04_gross|IS custom tstop {'tsm': 30, 'tst': 0.25}|{"sl_k": 0.75, "sl_ref": 1}
s04_net|IS custom tstop {'tsm': 60, 'tst': 0.0}|{"sl_k": 0.75, "sl_ref": 1}
s04_gross|IS custom tstop {'tsm': 60, 'tst': 0.0}|{"sl_k": 0.75, "sl_ref": 1}
s04_net|IS custom tstop {'tsm': 60, 'tst': 0.25}|{"sl_k": 0.75, "sl_ref": 1}
s04_gross|IS custom tstop {'tsm': 60, 'tst': 0.25}|{"sl_k": 0.75, "sl_ref": 1}
s04_net|IS custom tstop {'tsm': 120, 'tst': 0.0}|{"sl_k": 0.75, "sl_ref": 1}
s04_gross|IS custom tstop {'tsm': 120, 'tst': 0.0}|{"sl_k": 0.75, "sl_ref": 1}
s04_net|IS custom tstop {'tsm': 120, 'tst': 0.25}|{"sl_k": 0.75, "sl_ref": 1}
s04_gross|IS custom tstop {'tsm': 120, 'tst': 0.25}|{"sl_k": 0.75, "sl_ref": 1}
s04_net|IS custom hold+trail2 {'mh': 120, 'tr': 2.0}|{"sl_k": 0.75, "sl_ref": 1}
s04_gross|IS custom hold+trail2 {'mh': 120, 'tr': 2.0}|{"sl_k": 0.75, "sl_ref": 1}
s04_net|IS custom hold+trail2 {'mh': 240, 'tr': 2.0}|{"sl_k": 0.75, "sl_ref": 1}
s04_gross|IS custom hold+trail2 {'mh': 240, 'tr': 2.0}|{"sl_k": 0.75, "sl_ref": 1}
s04_exitT|IS|{"exit_time": 9.0}
s04_exitT_gross|IS|{"commission": 0.0, "exit_time": 9.0, "slip": 0.0}
s04_exitT|IS|{"exit_time": 10.0}
s04_exitT_gross|IS|{"commission": 0.0, "exit_time": 10.0, "slip": 0.0}
s04_exitT|IS|{"exit_time": 11.0}
s04_exitT_gross|IS|{"commission": 0.0, "exit_time": 11.0, "slip": 0.0}
s04_exitT|IS|{"exit_time": 12.0}
s04_exitT_gross|IS|{"commission": 0.0, "exit_time": 12.0, "slip": 0.0}
s04_exitT|IS|{"exit_time": 13.0}
s04_exitT_gross|IS|{"commission": 0.0, "exit_time": 13.0, "slip": 0.0}
s05_net|IS|{"exit_time": 18.0, "sl_ref": 1}
s05_net|IS|{"sl_ref": 1}
s05_net|IS|{"exit_time": 21.0, "sl_ref": 1}
s05_net|IS|{"exit_time": 18.0, "sl_ref": 1, "trail_r": 1.5}
s05_net|IS|{"sl_ref": 1, "trail_r": 1.5}
s05_net|IS|{"exit_time": 21.0, "sl_ref": 1, "trail_r": 1.5}
s05_net|IS|{"exit_time": 18.0, "sl_ref": 1, "trail_r": 2}
s05_net|IS|{"sl_ref": 1, "trail_r": 2}
s05_net|IS|{"exit_time": 21.0, "sl_ref": 1, "trail_r": 2}
s05_net|IS|{"be_r": 1, "exit_time": 18.0, "sl_ref": 1}
s05_net|IS|{"be_r": 1, "sl_ref": 1}
s05_net|IS|{"be_r": 1, "exit_time": 21.0, "sl_ref": 1}
s05_net|IS|{"be_r": 1, "exit_time": 18.0, "sl_ref": 1, "trail_r": 1.5}
s05_net|IS|{"be_r": 1, "sl_ref": 1, "trail_r": 1.5}
s05_net|IS|{"be_r": 1, "exit_time": 21.0, "sl_ref": 1, "trail_r": 1.5}
s05_net|IS|{"be_r": 1, "exit_time": 18.0, "sl_ref": 1, "trail_r": 2}
s05_net|IS|{"be_r": 1, "sl_ref": 1, "trail_r": 2}
s05_net|IS|{"be_r": 1, "exit_time": 21.0, "sl_ref": 1, "trail_r": 2}
s05_net|IS|{"exit_time": 18.0, "sl_ref": 1, "tp_r": 3}
s05_net|IS|{"sl_ref": 1, "tp_r": 3}
s05_net|IS|{"exit_time": 21.0, "sl_ref": 1, "tp_r": 3}
s05_net|IS|{"exit_time": 18.0, "sl_ref": 1, "tp_r": 3, "trail_r": 1.5}
s05_net|IS|{"sl_ref": 1, "tp_r": 3, "trail_r": 1.5}
s05_net|IS|{"exit_time": 21.0, "sl_ref": 1, "tp_r": 3, "trail_r": 1.5}
s05_net|IS|{"exit_time": 18.0, "sl_ref": 1, "tp_r": 3, "trail_r": 2}
s05_net|IS|{"sl_ref": 1, "tp_r": 3, "trail_r": 2}
s05_net|IS|{"exit_time": 21.0, "sl_ref": 1, "tp_r": 3, "trail_r": 2}
s05_net|IS|{"be_r": 1, "exit_time": 18.0, "sl_ref": 1, "tp_r": 3}
s05_net|IS|{"be_r": 1, "sl_ref": 1, "tp_r": 3}
s05_net|IS|{"be_r": 1, "exit_time": 21.0, "sl_ref": 1, "tp_r": 3}
s05_net|IS|{"be_r": 1, "exit_time": 18.0, "sl_ref": 1, "tp_r": 3, "trail_r": 1.5}
s05_net|IS|{"be_r": 1, "sl_ref": 1, "tp_r": 3, "trail_r": 1.5}
s05_net|IS|{"be_r": 1, "exit_time": 21.0, "sl_ref": 1, "tp_r": 3, "trail_r": 1.5}
s05_net|IS|{"be_r": 1, "exit_time": 18.0, "sl_ref": 1, "tp_r": 3, "trail_r": 2}
s05_net|IS|{"be_r": 1, "sl_ref": 1, "tp_r": 3, "trail_r": 2}
s05_net|IS|{"be_r": 1, "exit_time": 21.0, "sl_ref": 1, "tp_r": 3, "trail_r": 2}
s05_net|IS|{"exit_time": 18.0, "sl_k": 1.5, "sl_ref": 1}
s05_net|IS|{"sl_k": 1.5, "sl_ref": 1}
s05_net|IS|{"exit_time": 21.0, "sl_k": 1.5, "sl_ref": 1}
s05_net|IS|{"exit_time": 18.0, "sl_k": 1.5, "sl_ref": 1, "trail_r": 1.5}
s05_net|IS|{"sl_k": 1.5, "sl_ref": 1, "trail_r": 1.5}
s05_net|IS|{"exit_time": 21.0, "sl_k": 1.5, "sl_ref": 1, "trail_r": 1.5}
s05_net|IS|{"exit_time": 18.0, "sl_k": 1.5, "sl_ref": 1, "trail_r": 2}
s05_net|IS|{"sl_k": 1.5, "sl_ref": 1, "trail_r": 2}
s05_net|IS|{"exit_time": 21.0, "sl_k": 1.5, "sl_ref": 1, "trail_r": 2}
s05_net|IS|{"be_r": 1, "exit_time": 18.0, "sl_k": 1.5, "sl_ref": 1}
s05_net|IS|{"be_r": 1, "sl_k": 1.5, "sl_ref": 1}
s05_net|IS|{"be_r": 1, "exit_time": 21.0, "sl_k": 1.5, "sl_ref": 1}
s05_net|IS|{"be_r": 1, "exit_time": 18.0, "sl_k": 1.5, "sl_ref": 1, "trail_r": 1.5}
s05_net|IS|{"be_r": 1, "sl_k": 1.5, "sl_ref": 1, "trail_r": 1.5}
s05_net|IS|{"be_r": 1, "exit_time": 21.0, "sl_k": 1.5, "sl_ref": 1, "trail_r": 1.5}
s05_net|IS|{"be_r": 1, "exit_time": 18.0, "sl_k": 1.5, "sl_ref": 1, "trail_r": 2}
s05_net|IS|{"be_r": 1, "sl_k": 1.5, "sl_ref": 1, "trail_r": 2}
s05_net|IS|{"be_r": 1, "exit_time": 21.0, "sl_k": 1.5, "sl_ref": 1, "trail_r": 2}
s05_net|IS|{"exit_time": 18.0, "sl_k": 1.5, "sl_ref": 1, "tp_r": 3}
s05_net|IS|{"sl_k": 1.5, "sl_ref": 1, "tp_r": 3}
s05_net|IS|{"exit_time": 21.0, "sl_k": 1.5, "sl_ref": 1, "tp_r": 3}
s05_net|IS|{"exit_time": 18.0, "sl_k": 1.5, "sl_ref": 1, "tp_r": 3, "trail_r": 1.5}
s05_net|IS|{"sl_k": 1.5, "sl_ref": 1, "tp_r": 3, "trail_r": 1.5}
s05_net|IS|{"exit_time": 21.0, "sl_k": 1.5, "sl_ref": 1, "tp_r": 3, "trail_r": 1.5}
s05_net|IS|{"exit_time": 18.0, "sl_k": 1.5, "sl_ref": 1, "tp_r": 3, "trail_r": 2}
s05_net|IS|{"sl_k": 1.5, "sl_ref": 1, "tp_r": 3, "trail_r": 2}
s05_net|IS|{"exit_time": 21.0, "sl_k": 1.5, "sl_ref": 1, "tp_r": 3, "trail_r": 2}
s05_net|IS|{"be_r": 1, "exit_time": 18.0, "sl_k": 1.5, "sl_ref": 1, "tp_r": 3}
s05_net|IS|{"be_r": 1, "sl_k": 1.5, "sl_ref": 1, "tp_r": 3}
s05_net|IS|{"be_r": 1, "exit_time": 21.0, "sl_k": 1.5, "sl_ref": 1, "tp_r": 3}
s05_net|IS|{"be_r": 1, "exit_time": 18.0, "sl_k": 1.5, "sl_ref": 1, "tp_r": 3, "trail_r": 1.5}
s05_net|IS|{"be_r": 1, "sl_k": 1.5, "sl_ref": 1, "tp_r": 3, "trail_r": 1.5}
s05_net|IS|{"be_r": 1, "exit_time": 21.0, "sl_k": 1.5, "sl_ref": 1, "tp_r": 3, "trail_r": 1.5}
s05_net|IS|{"be_r": 1, "exit_time": 18.0, "sl_k": 1.5, "sl_ref": 1, "tp_r": 3, "trail_r": 2}
s05_net|IS|{"be_r": 1, "sl_k": 1.5, "sl_ref": 1, "tp_r": 3, "trail_r": 2}
s05_net|IS|{"be_r": 1, "exit_time": 21.0, "sl_k": 1.5, "sl_ref": 1, "tp_r": 3, "trail_r": 2}
s05_net|IS|{"exit_time": 18.0, "sl_k": 2.0, "sl_ref": 1}
s05_net|IS|{"sl_k": 2.0, "sl_ref": 1}
s05_net|IS|{"exit_time": 21.0, "sl_k": 2.0, "sl_ref": 1}
s05_net|IS|{"exit_time": 18.0, "sl_k": 2.0, "sl_ref": 1, "trail_r": 1.5}
s05_net|IS|{"sl_k": 2.0, "sl_ref": 1, "trail_r": 1.5}
s05_net|IS|{"exit_time": 21.0, "sl_k": 2.0, "sl_ref": 1, "trail_r": 1.5}
s05_net|IS|{"exit_time": 18.0, "sl_k": 2.0, "sl_ref": 1, "trail_r": 2}
s05_net|IS|{"sl_k": 2.0, "sl_ref": 1, "trail_r": 2}
s05_net|IS|{"exit_time": 21.0, "sl_k": 2.0, "sl_ref": 1, "trail_r": 2}
s05_net|IS|{"be_r": 1, "exit_time": 18.0, "sl_k": 2.0, "sl_ref": 1}
s05_net|IS|{"be_r": 1, "sl_k": 2.0, "sl_ref": 1}
s05_net|IS|{"be_r": 1, "exit_time": 21.0, "sl_k": 2.0, "sl_ref": 1}
s05_net|IS|{"be_r": 1, "exit_time": 18.0, "sl_k": 2.0, "sl_ref": 1, "trail_r": 1.5}
s05_net|IS|{"be_r": 1, "sl_k": 2.0, "sl_ref": 1, "trail_r": 1.5}
s05_net|IS|{"be_r": 1, "exit_time": 21.0, "sl_k": 2.0, "sl_ref": 1, "trail_r": 1.5}
s05_net|IS|{"be_r": 1, "exit_time": 18.0, "sl_k": 2.0, "sl_ref": 1, "trail_r": 2}
s05_net|IS|{"be_r": 1, "sl_k": 2.0, "sl_ref": 1, "trail_r": 2}
s05_net|IS|{"be_r": 1, "exit_time": 21.0, "sl_k": 2.0, "sl_ref": 1, "trail_r": 2}
s05_net|IS|{"exit_time": 18.0, "sl_k": 2.0, "sl_ref": 1, "tp_r": 3}
s05_net|IS|{"sl_k": 2.0, "sl_ref": 1, "tp_r": 3}
s05_net|IS|{"exit_time": 21.0, "sl_k": 2.0, "sl_ref": 1, "tp_r": 3}
s05_net|IS|{"exit_time": 18.0, "sl_k": 2.0, "sl_ref": 1, "tp_r": 3, "trail_r": 1.5}
s05_net|IS|{"sl_k": 2.0, "sl_ref": 1, "tp_r": 3, "trail_r": 1.5}
s05_net|IS|{"exit_time": 21.0, "sl_k": 2.0, "sl_ref": 1, "tp_r": 3, "trail_r": 1.5}
s05_net|IS|{"exit_time": 18.0, "sl_k": 2.0, "sl_ref": 1, "tp_r": 3, "trail_r": 2}
s05_net|IS|{"sl_k": 2.0, "sl_ref": 1, "tp_r": 3, "trail_r": 2}
s05_net|IS|{"exit_time": 21.0, "sl_k": 2.0, "sl_ref": 1, "tp_r": 3, "trail_r": 2}
s05_net|IS|{"be_r": 1, "exit_time": 18.0, "sl_k": 2.0, "sl_ref": 1, "tp_r": 3}
s05_net|IS|{"be_r": 1, "sl_k": 2.0, "sl_ref": 1, "tp_r": 3}
s05_net|IS|{"be_r": 1, "exit_time": 21.0, "sl_k": 2.0, "sl_ref": 1, "tp_r": 3}
s05_net|IS|{"be_r": 1, "exit_time": 18.0, "sl_k": 2.0, "sl_ref": 1, "tp_r": 3, "trail_r": 1.5}
s05_net|IS|{"be_r": 1, "sl_k": 2.0, "sl_ref": 1, "tp_r": 3, "trail_r": 1.5}
s05_net|IS|{"be_r": 1, "exit_time": 21.0, "sl_k": 2.0, "sl_ref": 1, "tp_r": 3, "trail_r": 1.5}
s05_net|IS|{"be_r": 1, "exit_time": 18.0, "sl_k": 2.0, "sl_ref": 1, "tp_r": 3, "trail_r": 2}
s05_net|IS|{"be_r": 1, "sl_k": 2.0, "sl_ref": 1, "tp_r": 3, "trail_r": 2}
s05_net|IS|{"be_r": 1, "exit_time": 21.0, "sl_k": 2.0, "sl_ref": 1, "tp_r": 3, "trail_r": 2}
s05_net|IS|{"exit_time": 18.0, "sl_k": 3.0, "sl_ref": 1}
s05_net|IS|{"sl_k": 3.0, "sl_ref": 1}
s05_net|IS|{"exit_time": 21.0, "sl_k": 3.0, "sl_ref": 1}
s05_net|IS|{"exit_time": 18.0, "sl_k": 3.0, "sl_ref": 1, "trail_r": 1.5}
s05_net|IS|{"sl_k": 3.0, "sl_ref": 1, "trail_r": 1.5}
s05_net|IS|{"exit_time": 21.0, "sl_k": 3.0, "sl_ref": 1, "trail_r": 1.5}
s05_net|IS|{"exit_time": 18.0, "sl_k": 3.0, "sl_ref": 1, "trail_r": 2}
s05_net|IS|{"sl_k": 3.0, "sl_ref": 1, "trail_r": 2}
s05_net|IS|{"exit_time": 21.0, "sl_k": 3.0, "sl_ref": 1, "trail_r": 2}
s05_net|IS|{"be_r": 1, "exit_time": 18.0, "sl_k": 3.0, "sl_ref": 1}
s05_net|IS|{"be_r": 1, "sl_k": 3.0, "sl_ref": 1}
s05_net|IS|{"be_r": 1, "exit_time": 21.0, "sl_k": 3.0, "sl_ref": 1}
s05_net|IS|{"be_r": 1, "exit_time": 18.0, "sl_k": 3.0, "sl_ref": 1, "trail_r": 1.5}
s05_net|IS|{"be_r": 1, "sl_k": 3.0, "sl_ref": 1, "trail_r": 1.5}
s05_net|IS|{"be_r": 1, "exit_time": 21.0, "sl_k": 3.0, "sl_ref": 1, "trail_r": 1.5}
s05_net|IS|{"be_r": 1, "exit_time": 18.0, "sl_k": 3.0, "sl_ref": 1, "trail_r": 2}
s05_net|IS|{"be_r": 1, "sl_k": 3.0, "sl_ref": 1, "trail_r": 2}
s05_net|IS|{"be_r": 1, "exit_time": 21.0, "sl_k": 3.0, "sl_ref": 1, "trail_r": 2}
s05_net|IS|{"exit_time": 18.0, "sl_k": 3.0, "sl_ref": 1, "tp_r": 3}
s05_net|IS|{"sl_k": 3.0, "sl_ref": 1, "tp_r": 3}
s05_net|IS|{"exit_time": 21.0, "sl_k": 3.0, "sl_ref": 1, "tp_r": 3}
s05_net|IS|{"exit_time": 18.0, "sl_k": 3.0, "sl_ref": 1, "tp_r": 3, "trail_r": 1.5}
s05_net|IS|{"sl_k": 3.0, "sl_ref": 1, "tp_r": 3, "trail_r": 1.5}
s05_net|IS|{"exit_time": 21.0, "sl_k": 3.0, "sl_ref": 1, "tp_r": 3, "trail_r": 1.5}
s05_net|IS|{"exit_time": 18.0, "sl_k": 3.0, "sl_ref": 1, "tp_r": 3, "trail_r": 2}
s05_net|IS|{"sl_k": 3.0, "sl_ref": 1, "tp_r": 3, "trail_r": 2}
s05_net|IS|{"exit_time": 21.0, "sl_k": 3.0, "sl_ref": 1, "tp_r": 3, "trail_r": 2}
s05_net|IS|{"be_r": 1, "exit_time": 18.0, "sl_k": 3.0, "sl_ref": 1, "tp_r": 3}
s05_net|IS|{"be_r": 1, "sl_k": 3.0, "sl_ref": 1, "tp_r": 3}
s05_net|IS|{"be_r": 1, "exit_time": 21.0, "sl_k": 3.0, "sl_ref": 1, "tp_r": 3}
s05_net|IS|{"be_r": 1, "exit_time": 18.0, "sl_k": 3.0, "sl_ref": 1, "tp_r": 3, "trail_r": 1.5}
s05_net|IS|{"be_r": 1, "sl_k": 3.0, "sl_ref": 1, "tp_r": 3, "trail_r": 1.5}
s05_net|IS|{"be_r": 1, "exit_time": 21.0, "sl_k": 3.0, "sl_ref": 1, "tp_r": 3, "trail_r": 1.5}
s05_net|IS|{"be_r": 1, "exit_time": 18.0, "sl_k": 3.0, "sl_ref": 1, "tp_r": 3, "trail_r": 2}
s05_net|IS|{"be_r": 1, "sl_k": 3.0, "sl_ref": 1, "tp_r": 3, "trail_r": 2}
s05_net|IS|{"be_r": 1, "exit_time": 21.0, "sl_k": 3.0, "sl_ref": 1, "tp_r": 3, "trail_r": 2}
s05_net|IS|{"exit_time": 18.0, "sl_k": 2.0}
s05_net|IS|{"sl_k": 2.0}
s05_net|IS|{"exit_time": 21.0, "sl_k": 2.0}
s05_net|IS|{"exit_time": 18.0, "sl_k": 2.0, "trail_r": 1.5}
s05_net|IS|{"sl_k": 2.0, "trail_r": 1.5}
s05_net|IS|{"exit_time": 21.0, "sl_k": 2.0, "trail_r": 1.5}
s05_net|IS|{"exit_time": 18.0, "sl_k": 2.0, "trail_r": 2}
s05_net|IS|{"sl_k": 2.0, "trail_r": 2}
s05_net|IS|{"exit_time": 21.0, "sl_k": 2.0, "trail_r": 2}
s05_net|IS|{"be_r": 1, "exit_time": 18.0, "sl_k": 2.0}
s05_net|IS|{"be_r": 1, "sl_k": 2.0}
s05_net|IS|{"be_r": 1, "exit_time": 21.0, "sl_k": 2.0}
s05_net|IS|{"be_r": 1, "exit_time": 18.0, "sl_k": 2.0, "trail_r": 1.5}
s05_net|IS|{"be_r": 1, "sl_k": 2.0, "trail_r": 1.5}
s05_net|IS|{"be_r": 1, "exit_time": 21.0, "sl_k": 2.0, "trail_r": 1.5}
s05_net|IS|{"be_r": 1, "exit_time": 18.0, "sl_k": 2.0, "trail_r": 2}
s05_net|IS|{"be_r": 1, "sl_k": 2.0, "trail_r": 2}
s05_net|IS|{"be_r": 1, "exit_time": 21.0, "sl_k": 2.0, "trail_r": 2}
s05_net|IS|{"exit_time": 18.0, "sl_k": 2.0, "tp_r": 3}
s05_net|IS|{"sl_k": 2.0, "tp_r": 3}
s05_net|IS|{"exit_time": 21.0, "sl_k": 2.0, "tp_r": 3}
s05_net|IS|{"exit_time": 18.0, "sl_k": 2.0, "tp_r": 3, "trail_r": 1.5}
s05_net|IS|{"sl_k": 2.0, "tp_r": 3, "trail_r": 1.5}
s05_net|IS|{"exit_time": 21.0, "sl_k": 2.0, "tp_r": 3, "trail_r": 1.5}
s05_net|IS|{"exit_time": 18.0, "sl_k": 2.0, "tp_r": 3, "trail_r": 2}
s05_net|IS|{"sl_k": 2.0, "tp_r": 3, "trail_r": 2}
s05_net|IS|{"exit_time": 21.0, "sl_k": 2.0, "tp_r": 3, "trail_r": 2}
s05_net|IS|{"be_r": 1, "exit_time": 18.0, "sl_k": 2.0, "tp_r": 3}
s05_net|IS|{"be_r": 1, "sl_k": 2.0, "tp_r": 3}
s05_net|IS|{"be_r": 1, "exit_time": 21.0, "sl_k": 2.0, "tp_r": 3}
s05_net|IS|{"be_r": 1, "exit_time": 18.0, "sl_k": 2.0, "tp_r": 3, "trail_r": 1.5}
s05_net|IS|{"be_r": 1, "sl_k": 2.0, "tp_r": 3, "trail_r": 1.5}
s05_net|IS|{"be_r": 1, "exit_time": 21.0, "sl_k": 2.0, "tp_r": 3, "trail_r": 1.5}
s05_net|IS|{"be_r": 1, "exit_time": 18.0, "sl_k": 2.0, "tp_r": 3, "trail_r": 2}
s05_net|IS|{"be_r": 1, "sl_k": 2.0, "tp_r": 3, "trail_r": 2}
s05_net|IS|{"be_r": 1, "exit_time": 21.0, "sl_k": 2.0, "tp_r": 3, "trail_r": 2}
s05_net|IS|{"exit_time": 18.0, "sl_k": 3.0}
s05_net|IS|{"sl_k": 3.0}
s05_net|IS|{"exit_time": 21.0, "sl_k": 3.0}
s05_net|IS|{"exit_time": 18.0, "sl_k": 3.0, "trail_r": 1.5}
s05_net|IS|{"sl_k": 3.0, "trail_r": 1.5}
s05_net|IS|{"exit_time": 21.0, "sl_k": 3.0, "trail_r": 1.5}
s05_net|IS|{"exit_time": 18.0, "sl_k": 3.0, "trail_r": 2}
s05_net|IS|{"sl_k": 3.0, "trail_r": 2}
s05_net|IS|{"exit_time": 21.0, "sl_k": 3.0, "trail_r": 2}
s05_net|IS|{"be_r": 1, "exit_time": 18.0, "sl_k": 3.0}
s05_net|IS|{"be_r": 1, "sl_k": 3.0}
s05_net|IS|{"be_r": 1, "exit_time": 21.0, "sl_k": 3.0}
s05_net|IS|{"be_r": 1, "exit_time": 18.0, "sl_k": 3.0, "trail_r": 1.5}
s05_net|IS|{"be_r": 1, "sl_k": 3.0, "trail_r": 1.5}
s05_net|IS|{"be_r": 1, "exit_time": 21.0, "sl_k": 3.0, "trail_r": 1.5}
s05_net|IS|{"be_r": 1, "exit_time": 18.0, "sl_k": 3.0, "trail_r": 2}
s05_net|IS|{"be_r": 1, "sl_k": 3.0, "trail_r": 2}
s05_net|IS|{"be_r": 1, "exit_time": 21.0, "sl_k": 3.0, "trail_r": 2}
s05_net|IS|{"exit_time": 18.0, "sl_k": 3.0, "tp_r": 3}
s05_net|IS|{"sl_k": 3.0, "tp_r": 3}
s05_net|IS|{"exit_time": 21.0, "sl_k": 3.0, "tp_r": 3}
s05_net|IS|{"exit_time": 18.0, "sl_k": 3.0, "tp_r": 3, "trail_r": 1.5}
s05_net|IS|{"sl_k": 3.0, "tp_r": 3, "trail_r": 1.5}
s05_net|IS|{"exit_time": 21.0, "sl_k": 3.0, "tp_r": 3, "trail_r": 1.5}
s05_net|IS|{"exit_time": 18.0, "sl_k": 3.0, "tp_r": 3, "trail_r": 2}
s05_net|IS|{"sl_k": 3.0, "tp_r": 3, "trail_r": 2}
s05_net|IS|{"exit_time": 21.0, "sl_k": 3.0, "tp_r": 3, "trail_r": 2}
s05_net|IS|{"be_r": 1, "exit_time": 18.0, "sl_k": 3.0, "tp_r": 3}
s05_net|IS|{"be_r": 1, "sl_k": 3.0, "tp_r": 3}
s05_net|IS|{"be_r": 1, "exit_time": 21.0, "sl_k": 3.0, "tp_r": 3}
s05_net|IS|{"be_r": 1, "exit_time": 18.0, "sl_k": 3.0, "tp_r": 3, "trail_r": 1.5}
s05_net|IS|{"be_r": 1, "sl_k": 3.0, "tp_r": 3, "trail_r": 1.5}
s05_net|IS|{"be_r": 1, "exit_time": 21.0, "sl_k": 3.0, "tp_r": 3, "trail_r": 1.5}
s05_net|IS|{"be_r": 1, "exit_time": 18.0, "sl_k": 3.0, "tp_r": 3, "trail_r": 2}
s05_net|IS|{"be_r": 1, "sl_k": 3.0, "tp_r": 3, "trail_r": 2}
s05_net|IS|{"be_r": 1, "exit_time": 21.0, "sl_k": 3.0, "tp_r": 3, "trail_r": 2}
s05_gross|IS|{"commission": 0.0, "exit_time": 18.0, "sl_ref": 1, "slip": 0.0}
s05_gross|IS|{"commission": 0.0, "sl_ref": 1, "slip": 0.0}
s05_gross|IS|{"commission": 0.0, "exit_time": 21.0, "sl_ref": 1, "slip": 0.0}
s05_gross|IS|{"commission": 0.0, "exit_time": 18.0, "sl_ref": 1, "slip": 0.0, "trail_r": 1.5}
s05_gross|IS|{"commission": 0.0, "sl_ref": 1, "slip": 0.0, "trail_r": 1.5}
s05_gross|IS|{"commission": 0.0, "exit_time": 21.0, "sl_ref": 1, "slip": 0.0, "trail_r": 1.5}
s05_gross|IS|{"commission": 0.0, "exit_time": 18.0, "sl_ref": 1, "slip": 0.0, "trail_r": 2}
s05_gross|IS|{"commission": 0.0, "sl_ref": 1, "slip": 0.0, "trail_r": 2}
s05_gross|IS|{"commission": 0.0, "exit_time": 21.0, "sl_ref": 1, "slip": 0.0, "trail_r": 2}
s05_gross|IS|{"be_r": 1, "commission": 0.0, "exit_time": 18.0, "sl_ref": 1, "slip": 0.0}
s05_gross|IS|{"be_r": 1, "commission": 0.0, "sl_ref": 1, "slip": 0.0}
s05_gross|IS|{"be_r": 1, "commission": 0.0, "exit_time": 21.0, "sl_ref": 1, "slip": 0.0}
s05_gross|IS|{"be_r": 1, "commission": 0.0, "exit_time": 18.0, "sl_ref": 1, "slip": 0.0, "trail_r": 1.5}
s05_gross|IS|{"be_r": 1, "commission": 0.0, "sl_ref": 1, "slip": 0.0, "trail_r": 1.5}
s05_gross|IS|{"be_r": 1, "commission": 0.0, "exit_time": 21.0, "sl_ref": 1, "slip": 0.0, "trail_r": 1.5}
s05_gross|IS|{"be_r": 1, "commission": 0.0, "exit_time": 18.0, "sl_ref": 1, "slip": 0.0, "trail_r": 2}
s05_gross|IS|{"be_r": 1, "commission": 0.0, "sl_ref": 1, "slip": 0.0, "trail_r": 2}
s05_gross|IS|{"be_r": 1, "commission": 0.0, "exit_time": 21.0, "sl_ref": 1, "slip": 0.0, "trail_r": 2}
s05_gross|IS|{"commission": 0.0, "exit_time": 18.0, "sl_ref": 1, "slip": 0.0, "tp_r": 3}
s05_gross|IS|{"commission": 0.0, "sl_ref": 1, "slip": 0.0, "tp_r": 3}
s05_gross|IS|{"commission": 0.0, "exit_time": 21.0, "sl_ref": 1, "slip": 0.0, "tp_r": 3}
s05_gross|IS|{"commission": 0.0, "exit_time": 18.0, "sl_ref": 1, "slip": 0.0, "tp_r": 3, "trail_r": 1.5}
s05_gross|IS|{"commission": 0.0, "sl_ref": 1, "slip": 0.0, "tp_r": 3, "trail_r": 1.5}
s05_gross|IS|{"commission": 0.0, "exit_time": 21.0, "sl_ref": 1, "slip": 0.0, "tp_r": 3, "trail_r": 1.5}
s05_gross|IS|{"commission": 0.0, "exit_time": 18.0, "sl_ref": 1, "slip": 0.0, "tp_r": 3, "trail_r": 2}
s05_gross|IS|{"commission": 0.0, "sl_ref": 1, "slip": 0.0, "tp_r": 3, "trail_r": 2}
s05_gross|IS|{"commission": 0.0, "exit_time": 21.0, "sl_ref": 1, "slip": 0.0, "tp_r": 3, "trail_r": 2}
s05_gross|IS|{"be_r": 1, "commission": 0.0, "exit_time": 18.0, "sl_ref": 1, "slip": 0.0, "tp_r": 3}
s05_gross|IS|{"be_r": 1, "commission": 0.0, "sl_ref": 1, "slip": 0.0, "tp_r": 3}
s05_gross|IS|{"be_r": 1, "commission": 0.0, "exit_time": 21.0, "sl_ref": 1, "slip": 0.0, "tp_r": 3}
s05_gross|IS|{"be_r": 1, "commission": 0.0, "exit_time": 18.0, "sl_ref": 1, "slip": 0.0, "tp_r": 3, "trail_r": 1.5}
s05_gross|IS|{"be_r": 1, "commission": 0.0, "sl_ref": 1, "slip": 0.0, "tp_r": 3, "trail_r": 1.5}
s05_gross|IS|{"be_r": 1, "commission": 0.0, "exit_time": 21.0, "sl_ref": 1, "slip": 0.0, "tp_r": 3, "trail_r": 1.5}
s05_gross|IS|{"be_r": 1, "commission": 0.0, "exit_time": 18.0, "sl_ref": 1, "slip": 0.0, "tp_r": 3, "trail_r": 2}
s05_gross|IS|{"be_r": 1, "commission": 0.0, "sl_ref": 1, "slip": 0.0, "tp_r": 3, "trail_r": 2}
s05_gross|IS|{"be_r": 1, "commission": 0.0, "exit_time": 21.0, "sl_ref": 1, "slip": 0.0, "tp_r": 3, "trail_r": 2}
s05_gross|IS|{"commission": 0.0, "exit_time": 18.0, "sl_k": 1.5, "sl_ref": 1, "slip": 0.0}
s05_gross|IS|{"commission": 0.0, "sl_k": 1.5, "sl_ref": 1, "slip": 0.0}
s05_gross|IS|{"commission": 0.0, "exit_time": 21.0, "sl_k": 1.5, "sl_ref": 1, "slip": 0.0}
s05_gross|IS|{"commission": 0.0, "exit_time": 18.0, "sl_k": 1.5, "sl_ref": 1, "slip": 0.0, "trail_r": 1.5}
s05_gross|IS|{"commission": 0.0, "sl_k": 1.5, "sl_ref": 1, "slip": 0.0, "trail_r": 1.5}
s05_gross|IS|{"commission": 0.0, "exit_time": 21.0, "sl_k": 1.5, "sl_ref": 1, "slip": 0.0, "trail_r": 1.5}
s05_gross|IS|{"commission": 0.0, "exit_time": 18.0, "sl_k": 1.5, "sl_ref": 1, "slip": 0.0, "trail_r": 2}
s05_gross|IS|{"commission": 0.0, "sl_k": 1.5, "sl_ref": 1, "slip": 0.0, "trail_r": 2}
s05_gross|IS|{"commission": 0.0, "exit_time": 21.0, "sl_k": 1.5, "sl_ref": 1, "slip": 0.0, "trail_r": 2}
s05_gross|IS|{"be_r": 1, "commission": 0.0, "exit_time": 18.0, "sl_k": 1.5, "sl_ref": 1, "slip": 0.0}
s05_gross|IS|{"be_r": 1, "commission": 0.0, "sl_k": 1.5, "sl_ref": 1, "slip": 0.0}
s05_gross|IS|{"be_r": 1, "commission": 0.0, "exit_time": 21.0, "sl_k": 1.5, "sl_ref": 1, "slip": 0.0}
s05_gross|IS|{"be_r": 1, "commission": 0.0, "exit_time": 18.0, "sl_k": 1.5, "sl_ref": 1, "slip": 0.0, "trail_r": 1.5}
s05_gross|IS|{"be_r": 1, "commission": 0.0, "sl_k": 1.5, "sl_ref": 1, "slip": 0.0, "trail_r": 1.5}
s05_gross|IS|{"be_r": 1, "commission": 0.0, "exit_time": 21.0, "sl_k": 1.5, "sl_ref": 1, "slip": 0.0, "trail_r": 1.5}
s05_gross|IS|{"be_r": 1, "commission": 0.0, "exit_time": 18.0, "sl_k": 1.5, "sl_ref": 1, "slip": 0.0, "trail_r": 2}
s05_gross|IS|{"be_r": 1, "commission": 0.0, "sl_k": 1.5, "sl_ref": 1, "slip": 0.0, "trail_r": 2}
s05_gross|IS|{"be_r": 1, "commission": 0.0, "exit_time": 21.0, "sl_k": 1.5, "sl_ref": 1, "slip": 0.0, "trail_r": 2}
s05_gross|IS|{"commission": 0.0, "exit_time": 18.0, "sl_k": 1.5, "sl_ref": 1, "slip": 0.0, "tp_r": 3}
s05_gross|IS|{"commission": 0.0, "sl_k": 1.5, "sl_ref": 1, "slip": 0.0, "tp_r": 3}
s05_gross|IS|{"commission": 0.0, "exit_time": 21.0, "sl_k": 1.5, "sl_ref": 1, "slip": 0.0, "tp_r": 3}
s05_gross|IS|{"commission": 0.0, "exit_time": 18.0, "sl_k": 1.5, "sl_ref": 1, "slip": 0.0, "tp_r": 3, "trail_r": 1.5}
s05_gross|IS|{"commission": 0.0, "sl_k": 1.5, "sl_ref": 1, "slip": 0.0, "tp_r": 3, "trail_r": 1.5}
s05_gross|IS|{"commission": 0.0, "exit_time": 21.0, "sl_k": 1.5, "sl_ref": 1, "slip": 0.0, "tp_r": 3, "trail_r": 1.5}
s05_gross|IS|{"commission": 0.0, "exit_time": 18.0, "sl_k": 1.5, "sl_ref": 1, "slip": 0.0, "tp_r": 3, "trail_r": 2}
s05_gross|IS|{"commission": 0.0, "sl_k": 1.5, "sl_ref": 1, "slip": 0.0, "tp_r": 3, "trail_r": 2}
s05_gross|IS|{"commission": 0.0, "exit_time": 21.0, "sl_k": 1.5, "sl_ref": 1, "slip": 0.0, "tp_r": 3, "trail_r": 2}
s05_gross|IS|{"be_r": 1, "commission": 0.0, "exit_time": 18.0, "sl_k": 1.5, "sl_ref": 1, "slip": 0.0, "tp_r": 3}
s05_gross|IS|{"be_r": 1, "commission": 0.0, "sl_k": 1.5, "sl_ref": 1, "slip": 0.0, "tp_r": 3}
s05_gross|IS|{"be_r": 1, "commission": 0.0, "exit_time": 21.0, "sl_k": 1.5, "sl_ref": 1, "slip": 0.0, "tp_r": 3}
s05_gross|IS|{"be_r": 1, "commission": 0.0, "exit_time": 18.0, "sl_k": 1.5, "sl_ref": 1, "slip": 0.0, "tp_r": 3, "trail_r": 1.5}
s05_gross|IS|{"be_r": 1, "commission": 0.0, "sl_k": 1.5, "sl_ref": 1, "slip": 0.0, "tp_r": 3, "trail_r": 1.5}
s05_gross|IS|{"be_r": 1, "commission": 0.0, "exit_time": 21.0, "sl_k": 1.5, "sl_ref": 1, "slip": 0.0, "tp_r": 3, "trail_r": 1.5}
s05_gross|IS|{"be_r": 1, "commission": 0.0, "exit_time": 18.0, "sl_k": 1.5, "sl_ref": 1, "slip": 0.0, "tp_r": 3, "trail_r": 2}
s05_gross|IS|{"be_r": 1, "commission": 0.0, "sl_k": 1.5, "sl_ref": 1, "slip": 0.0, "tp_r": 3, "trail_r": 2}
s05_gross|IS|{"be_r": 1, "commission": 0.0, "exit_time": 21.0, "sl_k": 1.5, "sl_ref": 1, "slip": 0.0, "tp_r": 3, "trail_r": 2}
s05_gross|IS|{"commission": 0.0, "exit_time": 18.0, "sl_k": 2.0, "sl_ref": 1, "slip": 0.0}
s05_gross|IS|{"commission": 0.0, "sl_k": 2.0, "sl_ref": 1, "slip": 0.0}
s05_gross|IS|{"commission": 0.0, "exit_time": 21.0, "sl_k": 2.0, "sl_ref": 1, "slip": 0.0}
s05_gross|IS|{"commission": 0.0, "exit_time": 18.0, "sl_k": 2.0, "sl_ref": 1, "slip": 0.0, "trail_r": 1.5}
s05_gross|IS|{"commission": 0.0, "sl_k": 2.0, "sl_ref": 1, "slip": 0.0, "trail_r": 1.5}
s05_gross|IS|{"commission": 0.0, "exit_time": 21.0, "sl_k": 2.0, "sl_ref": 1, "slip": 0.0, "trail_r": 1.5}
s05_gross|IS|{"commission": 0.0, "exit_time": 18.0, "sl_k": 2.0, "sl_ref": 1, "slip": 0.0, "trail_r": 2}
s05_gross|IS|{"commission": 0.0, "sl_k": 2.0, "sl_ref": 1, "slip": 0.0, "trail_r": 2}
s05_gross|IS|{"commission": 0.0, "exit_time": 21.0, "sl_k": 2.0, "sl_ref": 1, "slip": 0.0, "trail_r": 2}
s05_gross|IS|{"be_r": 1, "commission": 0.0, "exit_time": 18.0, "sl_k": 2.0, "sl_ref": 1, "slip": 0.0}
s05_gross|IS|{"be_r": 1, "commission": 0.0, "sl_k": 2.0, "sl_ref": 1, "slip": 0.0}
s05_gross|IS|{"be_r": 1, "commission": 0.0, "exit_time": 21.0, "sl_k": 2.0, "sl_ref": 1, "slip": 0.0}
s05_gross|IS|{"be_r": 1, "commission": 0.0, "exit_time": 18.0, "sl_k": 2.0, "sl_ref": 1, "slip": 0.0, "trail_r": 1.5}
s05_gross|IS|{"be_r": 1, "commission": 0.0, "sl_k": 2.0, "sl_ref": 1, "slip": 0.0, "trail_r": 1.5}
s05_gross|IS|{"be_r": 1, "commission": 0.0, "exit_time": 21.0, "sl_k": 2.0, "sl_ref": 1, "slip": 0.0, "trail_r": 1.5}
s05_gross|IS|{"be_r": 1, "commission": 0.0, "exit_time": 18.0, "sl_k": 2.0, "sl_ref": 1, "slip": 0.0, "trail_r": 2}
s05_gross|IS|{"be_r": 1, "commission": 0.0, "sl_k": 2.0, "sl_ref": 1, "slip": 0.0, "trail_r": 2}
s05_gross|IS|{"be_r": 1, "commission": 0.0, "exit_time": 21.0, "sl_k": 2.0, "sl_ref": 1, "slip": 0.0, "trail_r": 2}
s05_gross|IS|{"commission": 0.0, "exit_time": 18.0, "sl_k": 2.0, "sl_ref": 1, "slip": 0.0, "tp_r": 3}
s05_gross|IS|{"commission": 0.0, "sl_k": 2.0, "sl_ref": 1, "slip": 0.0, "tp_r": 3}
s05_gross|IS|{"commission": 0.0, "exit_time": 21.0, "sl_k": 2.0, "sl_ref": 1, "slip": 0.0, "tp_r": 3}
s05_gross|IS|{"commission": 0.0, "exit_time": 18.0, "sl_k": 2.0, "sl_ref": 1, "slip": 0.0, "tp_r": 3, "trail_r": 1.5}
s05_gross|IS|{"commission": 0.0, "sl_k": 2.0, "sl_ref": 1, "slip": 0.0, "tp_r": 3, "trail_r": 1.5}
s05_gross|IS|{"commission": 0.0, "exit_time": 21.0, "sl_k": 2.0, "sl_ref": 1, "slip": 0.0, "tp_r": 3, "trail_r": 1.5}
s05_gross|IS|{"commission": 0.0, "exit_time": 18.0, "sl_k": 2.0, "sl_ref": 1, "slip": 0.0, "tp_r": 3, "trail_r": 2}
s05_gross|IS|{"commission": 0.0, "sl_k": 2.0, "sl_ref": 1, "slip": 0.0, "tp_r": 3, "trail_r": 2}
s05_gross|IS|{"commission": 0.0, "exit_time": 21.0, "sl_k": 2.0, "sl_ref": 1, "slip": 0.0, "tp_r": 3, "trail_r": 2}
s05_gross|IS|{"be_r": 1, "commission": 0.0, "exit_time": 18.0, "sl_k": 2.0, "sl_ref": 1, "slip": 0.0, "tp_r": 3}
s05_gross|IS|{"be_r": 1, "commission": 0.0, "sl_k": 2.0, "sl_ref": 1, "slip": 0.0, "tp_r": 3}
s05_gross|IS|{"be_r": 1, "commission": 0.0, "exit_time": 21.0, "sl_k": 2.0, "sl_ref": 1, "slip": 0.0, "tp_r": 3}
s05_gross|IS|{"be_r": 1, "commission": 0.0, "exit_time": 18.0, "sl_k": 2.0, "sl_ref": 1, "slip": 0.0, "tp_r": 3, "trail_r": 1.5}
s05_gross|IS|{"be_r": 1, "commission": 0.0, "sl_k": 2.0, "sl_ref": 1, "slip": 0.0, "tp_r": 3, "trail_r": 1.5}
s05_gross|IS|{"be_r": 1, "commission": 0.0, "exit_time": 21.0, "sl_k": 2.0, "sl_ref": 1, "slip": 0.0, "tp_r": 3, "trail_r": 1.5}
s05_gross|IS|{"be_r": 1, "commission": 0.0, "exit_time": 18.0, "sl_k": 2.0, "sl_ref": 1, "slip": 0.0, "tp_r": 3, "trail_r": 2}
s05_gross|IS|{"be_r": 1, "commission": 0.0, "sl_k": 2.0, "sl_ref": 1, "slip": 0.0, "tp_r": 3, "trail_r": 2}
s05_gross|IS|{"be_r": 1, "commission": 0.0, "exit_time": 21.0, "sl_k": 2.0, "sl_ref": 1, "slip": 0.0, "tp_r": 3, "trail_r": 2}
s05_gross|IS|{"commission": 0.0, "exit_time": 18.0, "sl_k": 3.0, "sl_ref": 1, "slip": 0.0}
s05_gross|IS|{"commission": 0.0, "sl_k": 3.0, "sl_ref": 1, "slip": 0.0}
s05_gross|IS|{"commission": 0.0, "exit_time": 21.0, "sl_k": 3.0, "sl_ref": 1, "slip": 0.0}
s05_gross|IS|{"commission": 0.0, "exit_time": 18.0, "sl_k": 3.0, "sl_ref": 1, "slip": 0.0, "trail_r": 1.5}
s05_gross|IS|{"commission": 0.0, "sl_k": 3.0, "sl_ref": 1, "slip": 0.0, "trail_r": 1.5}
s05_gross|IS|{"commission": 0.0, "exit_time": 21.0, "sl_k": 3.0, "sl_ref": 1, "slip": 0.0, "trail_r": 1.5}
s05_gross|IS|{"commission": 0.0, "exit_time": 18.0, "sl_k": 3.0, "sl_ref": 1, "slip": 0.0, "trail_r": 2}
s05_gross|IS|{"commission": 0.0, "sl_k": 3.0, "sl_ref": 1, "slip": 0.0, "trail_r": 2}
s05_gross|IS|{"commission": 0.0, "exit_time": 21.0, "sl_k": 3.0, "sl_ref": 1, "slip": 0.0, "trail_r": 2}
s05_gross|IS|{"be_r": 1, "commission": 0.0, "exit_time": 18.0, "sl_k": 3.0, "sl_ref": 1, "slip": 0.0}
s05_gross|IS|{"be_r": 1, "commission": 0.0, "sl_k": 3.0, "sl_ref": 1, "slip": 0.0}
s05_gross|IS|{"be_r": 1, "commission": 0.0, "exit_time": 21.0, "sl_k": 3.0, "sl_ref": 1, "slip": 0.0}
s05_gross|IS|{"be_r": 1, "commission": 0.0, "exit_time": 18.0, "sl_k": 3.0, "sl_ref": 1, "slip": 0.0, "trail_r": 1.5}
s05_gross|IS|{"be_r": 1, "commission": 0.0, "sl_k": 3.0, "sl_ref": 1, "slip": 0.0, "trail_r": 1.5}
s05_gross|IS|{"be_r": 1, "commission": 0.0, "exit_time": 21.0, "sl_k": 3.0, "sl_ref": 1, "slip": 0.0, "trail_r": 1.5}
s05_gross|IS|{"be_r": 1, "commission": 0.0, "exit_time": 18.0, "sl_k": 3.0, "sl_ref": 1, "slip": 0.0, "trail_r": 2}
s05_gross|IS|{"be_r": 1, "commission": 0.0, "sl_k": 3.0, "sl_ref": 1, "slip": 0.0, "trail_r": 2}
s05_gross|IS|{"be_r": 1, "commission": 0.0, "exit_time": 21.0, "sl_k": 3.0, "sl_ref": 1, "slip": 0.0, "trail_r": 2}
s05_gross|IS|{"commission": 0.0, "exit_time": 18.0, "sl_k": 3.0, "sl_ref": 1, "slip": 0.0, "tp_r": 3}
s05_gross|IS|{"commission": 0.0, "sl_k": 3.0, "sl_ref": 1, "slip": 0.0, "tp_r": 3}
s05_gross|IS|{"commission": 0.0, "exit_time": 21.0, "sl_k": 3.0, "sl_ref": 1, "slip": 0.0, "tp_r": 3}
s05_gross|IS|{"commission": 0.0, "exit_time": 18.0, "sl_k": 3.0, "sl_ref": 1, "slip": 0.0, "tp_r": 3, "trail_r": 1.5}
s05_gross|IS|{"commission": 0.0, "sl_k": 3.0, "sl_ref": 1, "slip": 0.0, "tp_r": 3, "trail_r": 1.5}
s05_gross|IS|{"commission": 0.0, "exit_time": 21.0, "sl_k": 3.0, "sl_ref": 1, "slip": 0.0, "tp_r": 3, "trail_r": 1.5}
s05_gross|IS|{"commission": 0.0, "exit_time": 18.0, "sl_k": 3.0, "sl_ref": 1, "slip": 0.0, "tp_r": 3, "trail_r": 2}
s05_gross|IS|{"commission": 0.0, "sl_k": 3.0, "sl_ref": 1, "slip": 0.0, "tp_r": 3, "trail_r": 2}
s05_gross|IS|{"commission": 0.0, "exit_time": 21.0, "sl_k": 3.0, "sl_ref": 1, "slip": 0.0, "tp_r": 3, "trail_r": 2}
s05_gross|IS|{"be_r": 1, "commission": 0.0, "exit_time": 18.0, "sl_k": 3.0, "sl_ref": 1, "slip": 0.0, "tp_r": 3}
s05_gross|IS|{"be_r": 1, "commission": 0.0, "sl_k": 3.0, "sl_ref": 1, "slip": 0.0, "tp_r": 3}
s05_gross|IS|{"be_r": 1, "commission": 0.0, "exit_time": 21.0, "sl_k": 3.0, "sl_ref": 1, "slip": 0.0, "tp_r": 3}
s05_gross|IS|{"be_r": 1, "commission": 0.0, "exit_time": 18.0, "sl_k": 3.0, "sl_ref": 1, "slip": 0.0, "tp_r": 3, "trail_r": 1.5}
s05_gross|IS|{"be_r": 1, "commission": 0.0, "sl_k": 3.0, "sl_ref": 1, "slip": 0.0, "tp_r": 3, "trail_r": 1.5}
s05_gross|IS|{"be_r": 1, "commission": 0.0, "exit_time": 21.0, "sl_k": 3.0, "sl_ref": 1, "slip": 0.0, "tp_r": 3, "trail_r": 1.5}
s05_gross|IS|{"be_r": 1, "commission": 0.0, "exit_time": 18.0, "sl_k": 3.0, "sl_ref": 1, "slip": 0.0, "tp_r": 3, "trail_r": 2}
s05_gross|IS|{"be_r": 1, "commission": 0.0, "sl_k": 3.0, "sl_ref": 1, "slip": 0.0, "tp_r": 3, "trail_r": 2}
s05_gross|IS|{"be_r": 1, "commission": 0.0, "exit_time": 21.0, "sl_k": 3.0, "sl_ref": 1, "slip": 0.0, "tp_r": 3, "trail_r": 2}
s05_gross|IS|{"commission": 0.0, "exit_time": 18.0, "sl_k": 2.0, "slip": 0.0}
s05_gross|IS|{"commission": 0.0, "sl_k": 2.0, "slip": 0.0}
s05_gross|IS|{"commission": 0.0, "exit_time": 21.0, "sl_k": 2.0, "slip": 0.0}
s05_gross|IS|{"commission": 0.0, "exit_time": 18.0, "sl_k": 2.0, "slip": 0.0, "trail_r": 1.5}
s05_gross|IS|{"commission": 0.0, "sl_k": 2.0, "slip": 0.0, "trail_r": 1.5}
s05_gross|IS|{"commission": 0.0, "exit_time": 21.0, "sl_k": 2.0, "slip": 0.0, "trail_r": 1.5}
s05_gross|IS|{"commission": 0.0, "exit_time": 18.0, "sl_k": 2.0, "slip": 0.0, "trail_r": 2}
s05_gross|IS|{"commission": 0.0, "sl_k": 2.0, "slip": 0.0, "trail_r": 2}
s05_gross|IS|{"commission": 0.0, "exit_time": 21.0, "sl_k": 2.0, "slip": 0.0, "trail_r": 2}
s05_gross|IS|{"be_r": 1, "commission": 0.0, "exit_time": 18.0, "sl_k": 2.0, "slip": 0.0}
s05_gross|IS|{"be_r": 1, "commission": 0.0, "sl_k": 2.0, "slip": 0.0}
s05_gross|IS|{"be_r": 1, "commission": 0.0, "exit_time": 21.0, "sl_k": 2.0, "slip": 0.0}
s05_gross|IS|{"be_r": 1, "commission": 0.0, "exit_time": 18.0, "sl_k": 2.0, "slip": 0.0, "trail_r": 1.5}
s05_gross|IS|{"be_r": 1, "commission": 0.0, "sl_k": 2.0, "slip": 0.0, "trail_r": 1.5}
s05_gross|IS|{"be_r": 1, "commission": 0.0, "exit_time": 21.0, "sl_k": 2.0, "slip": 0.0, "trail_r": 1.5}
s05_gross|IS|{"be_r": 1, "commission": 0.0, "exit_time": 18.0, "sl_k": 2.0, "slip": 0.0, "trail_r": 2}
s05_gross|IS|{"be_r": 1, "commission": 0.0, "sl_k": 2.0, "slip": 0.0, "trail_r": 2}
s05_gross|IS|{"be_r": 1, "commission": 0.0, "exit_time": 21.0, "sl_k": 2.0, "slip": 0.0, "trail_r": 2}
s05_gross|IS|{"commission": 0.0, "exit_time": 18.0, "sl_k": 2.0, "slip": 0.0, "tp_r": 3}
s05_gross|IS|{"commission": 0.0, "sl_k": 2.0, "slip": 0.0, "tp_r": 3}
s05_gross|IS|{"commission": 0.0, "exit_time": 21.0, "sl_k": 2.0, "slip": 0.0, "tp_r": 3}
s05_gross|IS|{"commission": 0.0, "exit_time": 18.0, "sl_k": 2.0, "slip": 0.0, "tp_r": 3, "trail_r": 1.5}
s05_gross|IS|{"commission": 0.0, "sl_k": 2.0, "slip": 0.0, "tp_r": 3, "trail_r": 1.5}
s05_gross|IS|{"commission": 0.0, "exit_time": 21.0, "sl_k": 2.0, "slip": 0.0, "tp_r": 3, "trail_r": 1.5}
s05_gross|IS|{"commission": 0.0, "exit_time": 18.0, "sl_k": 2.0, "slip": 0.0, "tp_r": 3, "trail_r": 2}
s05_gross|IS|{"commission": 0.0, "sl_k": 2.0, "slip": 0.0, "tp_r": 3, "trail_r": 2}
s05_gross|IS|{"commission": 0.0, "exit_time": 21.0, "sl_k": 2.0, "slip": 0.0, "tp_r": 3, "trail_r": 2}
s05_gross|IS|{"be_r": 1, "commission": 0.0, "exit_time": 18.0, "sl_k": 2.0, "slip": 0.0, "tp_r": 3}
s05_gross|IS|{"be_r": 1, "commission": 0.0, "sl_k": 2.0, "slip": 0.0, "tp_r": 3}
s05_gross|IS|{"be_r": 1, "commission": 0.0, "exit_time": 21.0, "sl_k": 2.0, "slip": 0.0, "tp_r": 3}
s05_gross|IS|{"be_r": 1, "commission": 0.0, "exit_time": 18.0, "sl_k": 2.0, "slip": 0.0, "tp_r": 3, "trail_r": 1.5}
s05_gross|IS|{"be_r": 1, "commission": 0.0, "sl_k": 2.0, "slip": 0.0, "tp_r": 3, "trail_r": 1.5}
s05_gross|IS|{"be_r": 1, "commission": 0.0, "exit_time": 21.0, "sl_k": 2.0, "slip": 0.0, "tp_r": 3, "trail_r": 1.5}
s05_gross|IS|{"be_r": 1, "commission": 0.0, "exit_time": 18.0, "sl_k": 2.0, "slip": 0.0, "tp_r": 3, "trail_r": 2}
s05_gross|IS|{"be_r": 1, "commission": 0.0, "sl_k": 2.0, "slip": 0.0, "tp_r": 3, "trail_r": 2}
s05_gross|IS|{"be_r": 1, "commission": 0.0, "exit_time": 21.0, "sl_k": 2.0, "slip": 0.0, "tp_r": 3, "trail_r": 2}
s05_gross|IS|{"commission": 0.0, "exit_time": 18.0, "sl_k": 3.0, "slip": 0.0}
s05_gross|IS|{"commission": 0.0, "sl_k": 3.0, "slip": 0.0}
s05_gross|IS|{"commission": 0.0, "exit_time": 21.0, "sl_k": 3.0, "slip": 0.0}
s05_gross|IS|{"commission": 0.0, "exit_time": 18.0, "sl_k": 3.0, "slip": 0.0, "trail_r": 1.5}
s05_gross|IS|{"commission": 0.0, "sl_k": 3.0, "slip": 0.0, "trail_r": 1.5}
s05_gross|IS|{"commission": 0.0, "exit_time": 21.0, "sl_k": 3.0, "slip": 0.0, "trail_r": 1.5}
s05_gross|IS|{"commission": 0.0, "exit_time": 18.0, "sl_k": 3.0, "slip": 0.0, "trail_r": 2}
s05_gross|IS|{"commission": 0.0, "sl_k": 3.0, "slip": 0.0, "trail_r": 2}
s05_gross|IS|{"commission": 0.0, "exit_time": 21.0, "sl_k": 3.0, "slip": 0.0, "trail_r": 2}
s05_gross|IS|{"be_r": 1, "commission": 0.0, "exit_time": 18.0, "sl_k": 3.0, "slip": 0.0}
s05_gross|IS|{"be_r": 1, "commission": 0.0, "sl_k": 3.0, "slip": 0.0}
s05_gross|IS|{"be_r": 1, "commission": 0.0, "exit_time": 21.0, "sl_k": 3.0, "slip": 0.0}
s05_gross|IS|{"be_r": 1, "commission": 0.0, "exit_time": 18.0, "sl_k": 3.0, "slip": 0.0, "trail_r": 1.5}
s05_gross|IS|{"be_r": 1, "commission": 0.0, "sl_k": 3.0, "slip": 0.0, "trail_r": 1.5}
s05_gross|IS|{"be_r": 1, "commission": 0.0, "exit_time": 21.0, "sl_k": 3.0, "slip": 0.0, "trail_r": 1.5}
s05_gross|IS|{"be_r": 1, "commission": 0.0, "exit_time": 18.0, "sl_k": 3.0, "slip": 0.0, "trail_r": 2}
s05_gross|IS|{"be_r": 1, "commission": 0.0, "sl_k": 3.0, "slip": 0.0, "trail_r": 2}
s05_gross|IS|{"be_r": 1, "commission": 0.0, "exit_time": 21.0, "sl_k": 3.0, "slip": 0.0, "trail_r": 2}
s05_gross|IS|{"commission": 0.0, "exit_time": 18.0, "sl_k": 3.0, "slip": 0.0, "tp_r": 3}
s05_gross|IS|{"commission": 0.0, "sl_k": 3.0, "slip": 0.0, "tp_r": 3}
s05_gross|IS|{"commission": 0.0, "exit_time": 21.0, "sl_k": 3.0, "slip": 0.0, "tp_r": 3}
s05_gross|IS|{"commission": 0.0, "exit_time": 18.0, "sl_k": 3.0, "slip": 0.0, "tp_r": 3, "trail_r": 1.5}
s05_gross|IS|{"commission": 0.0, "sl_k": 3.0, "slip": 0.0, "tp_r": 3, "trail_r": 1.5}
s05_gross|IS|{"commission": 0.0, "exit_time": 21.0, "sl_k": 3.0, "slip": 0.0, "tp_r": 3, "trail_r": 1.5}
s05_gross|IS|{"commission": 0.0, "exit_time": 18.0, "sl_k": 3.0, "slip": 0.0, "tp_r": 3, "trail_r": 2}
s05_gross|IS|{"commission": 0.0, "sl_k": 3.0, "slip": 0.0, "tp_r": 3, "trail_r": 2}
s05_gross|IS|{"commission": 0.0, "exit_time": 21.0, "sl_k": 3.0, "slip": 0.0, "tp_r": 3, "trail_r": 2}
s05_gross|IS|{"be_r": 1, "commission": 0.0, "exit_time": 18.0, "sl_k": 3.0, "slip": 0.0, "tp_r": 3}
s05_gross|IS|{"be_r": 1, "commission": 0.0, "sl_k": 3.0, "slip": 0.0, "tp_r": 3}
s05_gross|IS|{"be_r": 1, "commission": 0.0, "exit_time": 21.0, "sl_k": 3.0, "slip": 0.0, "tp_r": 3}
s05_gross|IS|{"be_r": 1, "commission": 0.0, "exit_time": 18.0, "sl_k": 3.0, "slip": 0.0, "tp_r": 3, "trail_r": 1.5}
s05_gross|IS|{"be_r": 1, "commission": 0.0, "sl_k": 3.0, "slip": 0.0, "tp_r": 3, "trail_r": 1.5}
s05_gross|IS|{"be_r": 1, "commission": 0.0, "exit_time": 21.0, "sl_k": 3.0, "slip": 0.0, "tp_r": 3, "trail_r": 1.5}
s05_gross|IS|{"be_r": 1, "commission": 0.0, "exit_time": 18.0, "sl_k": 3.0, "slip": 0.0, "tp_r": 3, "trail_r": 2}
s05_gross|IS|{"be_r": 1, "commission": 0.0, "sl_k": 3.0, "slip": 0.0, "tp_r": 3, "trail_r": 2}
s05_gross|IS|{"be_r": 1, "commission": 0.0, "exit_time": 21.0, "sl_k": 3.0, "slip": 0.0, "tp_r": 3, "trail_r": 2}
s07_F0_default_slip0.10|IS|{"slip": 0.1}
s07_F0_default_spread+0.10|IS|{}
s07_F0_default_both|IS|{"slip": 0.1}
s07_F1_W1_trail2_slip0.10|IS|{"slip": 0.1, "trail_r": 2.0}
s07_F1_W1_trail2_spread+0.10|IS|{"trail_r": 2.0}
s07_F1_W1_trail2_both|IS|{"slip": 0.1, "trail_r": 2.0}
s07_F2_ATR0.75_BE1_trail1.5_x21_slip0.10|IS|{"be_r": 1.0, "exit_time": 21.0, "sl_k": 0.75, "sl_ref": 1, "slip": 0.1, "trail_r": 1.5}
s07_F2_ATR0.75_BE1_trail1.5_x21_spread+0.10|IS|{"be_r": 1.0, "exit_time": 21.0, "sl_k": 0.75, "sl_ref": 1, "trail_r": 1.5}
s07_F2_ATR0.75_BE1_trail1.5_x21_both|IS|{"be_r": 1.0, "exit_time": 21.0, "sl_k": 0.75, "sl_ref": 1, "slip": 0.1, "trail_r": 1.5}
s07_F3_ATR1.5_timeexit_slip0.10|IS|{"sl_k": 1.5, "sl_ref": 1, "slip": 0.1}
s07_F3_ATR1.5_timeexit_spread+0.10|IS|{"sl_k": 1.5, "sl_ref": 1}
s07_F3_ATR1.5_timeexit_both|IS|{"sl_k": 1.5, "sl_ref": 1, "slip": 0.1}
s08_F0_default|VAL|{}
s08_F1_W1_trail2|VAL|{"trail_r": 2.0}
s08_F2_ATR0.75_BE1_trail1.5_x21|VAL|{"be_r": 1.0, "exit_time": 21.0, "sl_k": 0.75, "sl_ref": 1, "trail_r": 1.5}
s08_F3_ATR1.5_timeexit|VAL|{"sl_k": 1.5, "sl_ref": 1}
s08_G0_default_GROSS|VAL|{"commission": 0.0, "slip": 0.0}
s08_G3_ATR1.5_timeexit_GROSS|VAL|{"commission": 0.0, "sl_k": 1.5, "sl_ref": 1, "slip": 0.0}
