dir,mfe_dir,mfe_mirror,maxfav_nostop,maxadv_nostop
-1,0.2683486238532339,0.8915137614678974,0.2683486238532339,0.8915137614678974
1,5.075268817204315,0.15770609318998577,5.075268817204315,0.15770609318998577
-1,0.4727722772278036,3.4027227722772198,0.4727722772278036,3.4027227722772198
-1,1.9878197320341708,0.5115712545675902,1.9878197320341708,0.5115712545675902
-1,0.6295673076923144,1.0611538461538426,1.3817788461538334,1.0611538461538426
1,0.0,1.15419501133788,2.9541950113377666,1.15419501133788
-1,3.5739984591679086,0.033898305084714885,3.5739984591679086,0.033898305084714885
-1,1.244604316546686,0.7517985611510773,1.244604316546686,4.653956834532075
-1,0.3807439824944871,5.192560175054781,0.3807439824944871,5.192560175054781
-1,1.838253638253585,0.1164241164241064,1.838253638253585,0.1164241164241064
1,6.050967741935157,0.40322580645159517,6.050967741935157,1.0096774193548295
1,1.9019047619047007,0.28333333333334326,1.9019047619047007,1.4761904761905251
1,1.354302670623167,0.7658753709198517,1.354302670623167,0.7722922848664645
1,0.3493775933609858,0.29595435684647675,0.3493775933609858,0.29595435684647675
1,1.9395199063232171,0.6487119437939095,1.9395199063232171,0.6487119437939095
-1,0.4341563786008582,2.876543209876606,0.4341563786008582,2.876543209876606
1,1.7189460476787668,0.03136762860727718,1.7189460476787668,0.03136762860727718
-1,0.2701458173445886,0.6756523407521322,0.2701458173445886,0.6756523407521322
1,0.025094102885798924,1.012547051442928,0.025094102885798924,1.012547051442928
1,0.21096345514949927,1.1782392026577855,1.2641196013289286,1.1782392026577855
1,1.5573440643862655,0.41649899396381335,1.5573440643862655,0.41649899396381335
1,1.1242236024844285,0.15631469979298193,1.1242236024844285,0.15631469979298193
-1,0.18815331010451664,1.9518728222996706,0.18815331010451664,1.9518728222996706
-1,0.22842639593906774,1.8494077834179594,0.22842639593906774,1.8494077834179594
-1,1.5233644859812017,0.922990654205603,1.5233644859812017,0.922990654205603
1,1.1925320886814008,0.23497666277713353,1.1925320886814008,0.23497666277713353
-1,0.3661217948717699,0.2348557692307631,0.3661217948717699,0.2348557692307631
-1,0.06126482213437447,1.7382411067193428,0.06126482213437447,1.7382411067193428
-1,0.4432234432234536,3.3995879120878616,0.4432234432234536,3.3995879120878616
-1,0.2794759825327992,1.152401746724864,4.293722707423652,1.152401746724864
1,0.614725697786357,0.2131857555341841,0.614725697786357,0.2131857555341841
1,1.4861666666666906,0.21666666666662118,1.4861666666666906,0.9783333333333152
1,0.04133064516127535,1.0134072580645428,0.04133064516127535,1.0134072580645428
-1,1.9017467248908206,0.3105622270742056,1.9017467248908206,0.3105622270742056
-1,0.6816367265469229,0.4583832335329197,0.6816367265469229,0.4583832335329197
-1,3.7817638266068725,0.22421524663676948,3.7817638266068725,0.22421524663676948
1,0.14528593508502066,2.042194744976909,0.14528593508502066,2.042194744976909
-1,0.21599999999998545,2.447400000000016,0.21599999999998545,2.447400000000016
-1,1.7866948257655781,0.18268215417106792,1.7866948257655781,0.18268215417106792
1,0.1428571428571107,1.5053748231966553,0.1428571428571107,1.5053748231966553
1,0.1635048231511697,2.6784565916398364,0.1635048231511697,2.6784565916398364
-1,2.7547568710358763,0.019027484143793905,2.7547568710358763,0.019027484143793905
1,0.24640287769781444,2.101079136690544,0.24640287769781444,2.101079136690544
-1,3.579545454545447,0.0,3.579545454545447,0.3485795454545726
1,0.16501650165016238,0.9691969196919477,0.16501650165016238,0.9691969196919477
1,3.1134339080459568,0.3448275862069732,3.1134339080459568,0.3448275862069732
-1,2.432311977715925,0.3649025069637814,2.432311977715925,0.3649025069637814
1,5.894469696969356,0.2575757575757158,5.894469696969356,0.2575757575757158
-1,1.5416666666666639,0.2282738095238997,1.5416666666666639,0.41666666666670615
1,0.9017473118279878,0.16559139784945925,0.9017473118279878,0.16559139784945925
1,0.01739130434781027,2.2304782608695426,0.23478260869563636,2.2304782608695426
1,1.0660766961651387,0.19174041297937863,1.0660766961651387,0.19174041297937863
-1,0.44787644787647396,1.4202702702702472,0.44787644787647396,1.4202702702702472
1,0.18162393162390972,2.143589743589747,0.49358974358972524,2.143589743589747
-1,4.200747198007364,0.0,4.200747198007364,-0.05728518057285491
-1,0.26871165644166567,1.3801226993864935,0.26871165644166567,1.3801226993864935
-1,1.448430493273539,0.9970852017937399,1.448430493273539,0.9970852017937399
1,0.33113553113552757,2.6849816849816404,0.33113553113552757,2.6849816849816404
-1,0.1444695259594472,1.3920993227990783,0.42663656884884815,1.3920993227990783
1,0.0,4.643718592964795,2.9333542713568033,4.643718592964795
-1,0.16618911174796003,4.002865329512826,0.16618911174796003,4.002865329512826
-1,1.9774127310062268,0.562628336755708,1.9774127310062268,0.562628336755708
-1,2.2933753943218727,0.22712933753952358,2.2933753943218727,2.462066246056978
-1,1.7427207637230513,0.6157517899762168,1.7427207637230513,1.3794749403341586
-1,2.2221590909091615,0.14876033057847357,2.2221590909091615,0.25165289256195617
-1,0.0,2.174662162162178,2.5783783783783676,7.739864864864874
1,0.6720758693361591,0.25184404636458063,0.6720758693361591,0.25184404636458063
1,0.4976415094339912,1.7900943396225648,0.4976415094339912,1.7900943396225648
1,0.1847328244274183,4.077595419847377,0.1847328244274183,4.077595419847377
1,0.674186991869864,1.4353658536585872,0.674186991869864,1.4353658536585872
1,0.0,1.6105835240274826,0.42036613272304624,1.6105835240274826
1,1.0333556149732686,0.10227272727271,1.0333556149732686,0.10227272727271
-1,0.15253623188407628,1.0108695652173814,0.15253623188407628,1.0108695652173814
1,3.1611241217797774,0.24121779859489567,3.1611241217797774,0.24121779859489567
-1,2.8763723150356855,0.8369928400954693,2.8763723150356855,0.8369928400954693
-1,1.924929971988786,0.44201680672268984,1.924929971988786,0.44201680672268984
1,1.5888111888111354,0.0839160839160867,1.5888111888111354,0.5681818181818155
-1,1.3480106100795504,0.6305039787798313,1.3480106100795504,1.5362732095491036
-1,3.2434210526316596,0.7532894736842076,3.2434210526316596,0.7532894736842076
1,2.359420289855152,0.2850241545893412,2.359420289855152,0.2850241545893412
1,0.0772532188842475,3.653218884120164,0.0772532188842475,3.653218884120164
1,0.0,0.6286173633440483,-0.01800643086818065,0.6286173633440483
-1,4.906504065040552,0.0,4.906504065040552,-0.056910569105730884
1,0.48713318284421464,2.0519187358916513,0.48713318284421464,2.0519187358916513
-1,1.0270270270271147,0.0,1.0270270270271147,1.1744471744471303
-1,2.7500000000001292,0.07024793388423482,2.7500000000001292,0.16833677685950774
-1,0.22186234817812162,1.3497975708502183,0.22186234817812162,1.3497975708502183
1,0.5935400516795163,1.2325581395348413,0.5935400516795163,1.2325581395348413
1,0.8691558441558346,1.1568181818182421,4.1746753246753325,1.1568181818182421
-1,0.35189873417723644,1.2762025316455974,1.7322151898734355,1.2762025316455974
1,1.1496240601504362,0.19172932330819226,1.1496240601504362,0.6240601503759193
1,1.5786666666666687,0.5586666666666653,1.5786666666666687,0.5586666666666653
1,0.7994444444443313,1.0384027777777682,0.7994444444443313,1.0384027777777682
1,6.916666666666509,0.5624999999999408,6.916666666666509,0.5624999999999408
1,0.251572327043976,0.7869496855346215,0.251572327043976,0.7869496855346215
1,0.19999999999999304,1.7175572519084088,0.19999999999999304,1.7175572519084088
-1,0.13157894736840267,1.8815789473684277,0.13157894736840267,1.8815789473684277
1,11.977337110481606,0.0,11.977337110481606,0.0
-1,0.4716351501668273,1.0033370411568379,0.4716351501668273,1.0033370411568379
1,0.6495238095237819,0.9700952380952956,0.6495238095237819,0.9700952380952956
1,2.0360294117646904,0.03676470588237589,2.0360294117646904,0.2696078431372374
-1,2.1057208237987313,0.0,2.1057208237987313,0.7104691075514976
1,0.20034843205576466,1.4675522648083474,0.20034843205576466,1.4675522648083474
-1,1.0255555555553924,0.41666666666665086,1.0255555555553924,4.283333333333191
-1,0.15845070422539514,0.6807511737088896,0.15845070422539514,0.6807511737088896
1,1.0533333333334962,0.641666666666688,2.3166666666667757,2.129999999999965
-1,2.110309278350404,0.2886597938144749,2.110309278350404,0.2886597938144749
1,1.448979591836782,0.0,1.448979591836782,0.42346938775505705
-1,0.24065040650406444,0.7691056910569022,0.24065040650406444,0.7691056910569022
1,1.3469718309858751,0.0861971830985984,1.3469718309858751,1.8543661971830272
1,1.2488479262672996,0.4098694316436171,1.2488479262672996,0.4098694316436171
1,2.8599589322381,0.8028747433265327,2.8599589322381,0.8028747433265327
-1,0.15989159891602622,1.0861788617885506,0.3997967479674629,1.0861788617885506
-1,2.136186514886154,0.11908931698771137,2.136186514886154,0.11908931698771137
1,0.9632177033493483,4.196172248803983,0.9632177033493483,4.196172248803983
1,1.2897862232779678,0.6631828978622072,1.2897862232779678,0.6631828978622072
1,1.7167689161554203,0.8723926380368279,1.7167689161554203,0.8723926380368279
-1,0.7575552208835438,0.17871485943772478,0.7575552208835438,0.17871485943772478
1,1.0903703703704672,0.0,1.0903703703704672,0.39074074074069
-1,0.5414835164835196,1.3568681318681584,0.5414835164835196,1.3568681318681584
-1,0.10465116279060084,1.697093023255843,0.6710029069766801,1.697093023255843
-1,0.9215469613259644,0.5819060773480436,0.9215469613259644,0.5819060773480436
1,4.023346303502102,0.5525291828794194,4.023346303502102,0.5525291828794194
-1,0.0,3.0071684587813556,2.7448924731183797,3.0071684587813556
1,0.11059907834092111,3.7520737327190807,1.7225806451613344,3.7520737327190807
1,0.1710400763358793,2.959923664122174,0.1710400763358793,2.959923664122174
1,0.6127659574467962,1.6859574468084082,5.4318085106381,1.6859574468084082
1,0.5253623188406803,2.832699275362258,0.5253623188406803,2.832699275362258
1,0.2514619883040811,1.8888888888888593,0.3489278752436502,1.8888888888888593
1,3.977426636568767,0.8223476297968858,3.977426636568767,0.8223476297968858
1,0.09442060085827696,2.4608369098711242,2.5064377682402394,2.4608369098711242
1,0.33864915572229315,1.2675422138836836,0.33864915572229315,1.2675422138836836
1,2.5485714285714494,0.5400000000000935,2.5485714285714494,0.5400000000000935
1,0.5166666666665561,2.1549999999999288,2.0583333333330884,2.1549999999999288
1,1.0314285714284779,0.5028571428572052,1.5937142857142785,1.4408571428571773
1,0.7169117647058304,8.75430672268871,0.7169117647058304,8.75430672268871
1,0.23078703703702771,1.270370370370426,0.23078703703702771,1.270370370370426
1,0.7290000000000418,2.1033333333333153,0.7290000000000418,2.1033333333333153
-1,0.9398467432949635,1.4436781609194809,2.4329501915707277,1.4436781609194809
-1,1.8488188976377873,0.02047244094489937,1.8488188976377873,0.02047244094489937
1,0.6212918660287483,1.4808612440191293,0.6212918660287483,1.4808612440191293
1,0.8769414575866239,0.15053763440857176,0.8769414575866239,0.15053763440857176
1,0.6794183445189684,0.6890380313199918,0.6794183445189684,0.6890380313199918
1,2.223556581986217,0.006928406466454006,2.223556581986217,0.006928406466454006
-1,1.3619631901840696,0.2914110429447303,1.3619631901840696,1.0705521472392
1,0.6506410256411125,0.655528846153763,0.6506410256411125,0.655528846153763
-1,2.4540466392318816,0.0,2.4540466392318816,-0.24279835390946375
1,0.481481481481379,1.777777777777751,0.8907407407406234,1.777777777777751
1,1.1710491367861604,0.2682602921646732,1.1710491367861604,0.2682602921646732
-1,2.5422338568937164,0.19197207678878217,2.5422338568937164,0.19197207678878217
-1,1.5369928400954584,0.8467780429593623,1.5369928400954584,0.8467780429593623
1,0.11139240506318855,3.4172784810126435,0.11139240506318855,3.4172784810126435
-1,0.04584527220639221,1.0114613180515004,3.329512893982898,1.0114613180515004
1,0.4420506912442089,0.35138248847928105,0.4420506912442089,0.35138248847928105
1,0.646949152542389,1.0830508474576306,0.646949152542389,1.0830508474576306
1,0.29973890339429765,2.7310704960836123,0.38903394255881585,2.7310704960836123
1,0.19888734353266,1.149095966620321,0.5229485396383498,1.149095966620321
1,2.6998287671232686,0.0,2.6998287671232686,-0.018835616438377497
1,0.4807457212713899,2.0562347188265226,0.4807457212713899,2.0562347188265226
-1,0.8491620111731555,2.40968342644316,0.8491620111731555,2.40968342644316
1,0.4789789789789813,2.3723723723723706,0.4789789789789813,2.3723723723723706
1,1.0896984924624231,0.28234924623110663,1.0896984924624231,0.741206030150747
-1,2.5338350785341097,0.0,2.5338350785341097,1.5676701570681304
1,2.2405711206895598,0.23636853448278725,2.2405711206895598,0.23636853448278725
-1,0.43803552769070375,0.6551724137931059,0.43803552769070375,0.6551724137931059
-1,4.192264344262229,0.2684426229508025,4.192264344262229,0.2684426229508025
1,2.700812146892718,0.019774011299417246,2.700812146892718,0.019774011299417246
1,1.5824760765549355,0.0,1.5824760765549355,0.7877990430622177
1,1.1623168498168104,0.17216117216118101,1.1623168498168104,1.721291208791232
1,0.958176943699775,0.5466823056300137,0.958176943699775,0.5466823056300137
-1,0.7757009345794824,1.1093457943925416,0.7757009345794824,1.1093457943925416
1,0.5638297872340036,1.6953900709219376,0.5638297872340036,1.6953900709219376
-1,0.3671232876712636,1.2843835616438315,0.6931506849315444,1.2843835616438315
-1,0.2685119887164568,3.6565232722143297,0.2685119887164568,3.6565232722143297
1,0.25831202046029217,2.306905370843937,0.25831202046029217,2.306905370843937
1,2.8345945945945137,0.11351351351353178,2.8345945945945137,0.11351351351353178
1,1.0396793587174533,0.6899799599198352,1.0396793587174533,0.6899799599198352
1,0.22596153846145017,3.6163461538462487,0.22596153846145017,3.6163461538462487
1,0.12269938650295623,5.478527607362017,0.12269938650295623,5.478527607362017
1,0.43489583333336157,0.979166666666626,0.43489583333336157,0.979166666666626
1,0.023727735368930438,1.0162213740458081,0.023727735368930438,1.0162213740458081
1,0.1652173913043822,9.526086956520922,0.1652173913043822,9.526086956520922
-1,0.832713754646802,0.26189591078068897,0.832713754646802,0.26189591078068897
-1,1.231166039763549,0.0,1.231166039763549,-0.27673293927996
1,0.29968749999996713,0.4385416666666642,0.29968749999996713,0.4385416666666642
1,1.4993362831858563,0.4123340707964075,1.4993362831858563,0.5055862831858218
-1,0.3682546556951142,0.2927674317886439,0.3682546556951142,0.2927674317886439
1,0.31531531531528073,0.5835585585585789,0.31531531531528073,0.5835585585585789
1,2.2757044935263044,0.22086824067022978,2.2757044935263044,0.22086824067022978
-1,2.091289592760156,0.1245475113122279,2.091289592760156,0.1245475113122279
1,1.4514311270125424,0.3993738819319915,1.4514311270125424,0.3993738819319915
-1,0.24491600353669277,1.0019230769230867,0.24491600353669277,1.0019230769230867
1,2.7242647058823515,0.0,2.7242647058823515,-0.051903114186882926
1,1.4475896860986328,0.0,1.4475896860986328,4.623318385650264
1,0.6315079365079316,0.20650793650792704,0.6315079365079316,0.20650793650792704
1,1.2506527415143003,0.2924281984333801,3.412010443864147,2.0496083550912774
-1,1.202217741935468,0.03225806451609946,1.202217741935468,0.32152217741939354
1,0.47288801571712996,1.9774557956777628,0.47288801571712996,1.9774557956777628
-1,1.0005917159763846,0.32751479289941116,1.0005917159763846,0.5102810650888678
-1,1.784266304347863,0.8272826086956551,1.784266304347863,0.8272826086956551
1,4.576233183856544,0.012705530642721936,4.576233183856544,0.012705530642721936
-1,1.5413934426229507,0.10928961748636459,1.5413934426229507,0.10928961748636459
1,1.8321964529331474,0.2882673942701333,1.8321964529331474,0.2882673942701333
-1,0.6672654690618469,1.7301397205589093,0.6672654690618469,1.7301397205589093
1,0.21678321678318047,4.529603729603719,0.43310023310027745,4.529603729603719
1,2.41196013289037,0.5033222591362474,2.41196013289037,0.5033222591362474
1,5.390522875816928,0.28594771241829514,5.390522875816928,0.28594771241829514
-1,0.18676601423489406,0.6852090747330706,0.18676601423489406,0.6852090747330706
-1,0.5778611632269988,0.9251172607879882,0.5778611632269988,0.9251172607879882
1,0.0926517571884858,1.292864749733732,0.0926517571884858,1.292864749733732
-1,1.744186046511628,0.3534883720930402,1.744186046511628,0.3534883720930402
1,4.212908777969035,0.22267641996558651,4.212908777969035,1.981067125645495
1,0.7337110481586872,1.3031161473087662,1.0841359773371184,3.626062322946255
1,0.9563429913860517,0.7042873923257539,0.9563429913860517,0.7042873923257539
1,0.05338078291809979,1.2330960854092785,0.05338078291809979,1.2330960854092785
1,0.9008620689654625,5.726293103448188,0.9008620689654625,5.726293103448188
1,0.2484407484407853,0.8232848232848402,0.2484407484407853,0.8232848232848402
1,0.36147757255934143,1.8166886543535306,0.36147757255934143,1.8166886543535306
1,0.8586859235150501,0.06489015459722558,0.8586859235150501,0.06489015459722558
-1,2.7232500000000073,0.6563500000000204,2.7232500000000073,0.6563500000000204
1,2.389793064876964,0.7665548098434031,2.389793064876964,0.7665548098434031
-1,4.393736017897036,0.14010067114099573,4.393736017897036,0.14010067114099573
-1,4.213022113022219,0.0,4.213022113022219,2.643120393120419
1,0.4774051490514856,0.7209010840108543,0.4774051490514856,0.7209010840108543
1,1.4496613995485177,0.5369074492099059,1.4496613995485177,0.5369074492099059
-1,0.4613050075872536,0.6839150227617781,0.4613050075872536,0.6839150227617781
-1,0.0010638297872330646,1.2524999999999893,0.0010638297872330646,1.2524999999999893
-1,0.46134549600912855,1.542360319270236,0.46134549600912855,1.542360319270236
1,0.37522388059698136,1.3077114427860614,0.37522388059698136,1.3077114427860614
1,5.510413354531063,0.0,5.510413354531063,0.5225755166931361
-1,0.17750677506774065,3.4761517615175634,0.17750677506774065,3.4761517615175634
-1,0.757037037036997,0.9172839506173301,0.757037037036997,0.9172839506173301
1,4.207366071428488,0.0,4.207366071428488,-0.013169642857085148
1,0.16631863882441822,1.4343387470997824,0.16631863882441822,1.4343387470997824
-1,1.0605633802816725,0.737676056338066,1.0605633802816725,0.737676056338066
-1,1.791267942583721,0.0,1.791267942583721,0.0
1,1.3758620689655285,0.5013979496738211,1.3758620689655285,0.5013979496738211
-1,1.7075195312500044,0.8770507812500403,1.7075195312500044,0.8770507812500403
-1,3.383116883116887,0.5077922077921859,3.383116883116887,0.5077922077921859
1,4.384687499999865,0.6876041666666524,4.384687499999865,0.6876041666666524
-1,2.6307158119657434,0.3677350427350385,2.6307158119657434,0.782264957264959
1,0.5051354401805939,2.8291196388262208,0.5051354401805939,2.8291196388262208
1,0.7758888888888578,0.6541111111111301,0.7758888888888578,0.6541111111111301
-1,3.277777777777653,0.14814814814811902,3.277777777777653,0.14814814814811902
1,0.0,6.23074534161485,-0.009472049689464074,6.23074534161485
1,0.8086099585062513,0.7447095435684014,0.8086099585062513,0.7447095435684014
-1,1.0254087193460835,0.1979564032697535,1.0254087193460835,0.1979564032697535
1,0.037126865671653804,3.7052238805969506,0.037126865671653804,3.7052238805969506
1,1.9275933609957254,0.0,1.9275933609957254,0.8400414937759005
1,0.4651966626936527,0.9154350417163378,0.4651966626936527,0.9154350417163378
1,0.49981818181822746,0.7623181818181696,0.49981818181822746,0.7623181818181696
-1,2.2014846235418477,0.10922587486746481,2.2014846235418477,0.10922587486746481
1,0.0527472527472053,2.8562637362637857,0.6190109890109744,2.8562637362637857
1,1.174050632911458,0.5176160337553142,1.174050632911458,2.2951476793249803
-1,1.1473684210524906,0.0,1.9918421052629922,2.46421052631574
-1,2.800524934383261,0.15223097112859202,2.800524934383261,2.4417322834645714
-1,1.2736842105262998,0.5510366826156562,1.2736842105262998,0.7374800637958592
1,0.0,1.32405063291142,-0.0026582278481247974,1.32405063291142
1,0.7521624472573808,0.6483122362869381,0.7521624472573808,0.6483122362869381
-1,1.0401832460732714,0.01570680628270849,1.0401832460732714,2.838481675392737
-1,1.2472689075630539,0.6511554621848347,1.2472689075630539,0.6511554621848347
-1,0.6818658280922095,1.7345911949686317,0.9767295597483582,1.7345911949686317
-1,9.551428571428655,0.019999999999916845,9.551428571428655,0.30399999999995736
1,0.37988215488219745,1.1184343434343214,0.37988215488219745,1.1184343434343214
-1,0.4204684317718774,1.128360488798378,0.4204684317718774,1.128360488798378
-1,3.5955729166664754,0.480598958333408,3.5955729166664754,0.480598958333408
1,0.0,1.0742368742368673,-0.0360805860805794,1.0742368742368673
1,0.040529531568243383,2.824949083503091,0.6414460285133013,2.824949083503091
-1,0.48101265822779343,5.807489451476813,0.48101265822779343,5.807489451476813
-1,1.4009186351706475,0.04593175853017245,1.4009186351706475,0.35761154855642363
1,2.921515151515102,0.726969696969702,2.921515151515102,0.726969696969702
-1,0.27958833619213197,1.8141509433962313,0.27958833619213197,1.8141509433962313
1,1.1358836206895997,0.07521551724141219,1.1358836206895997,0.8080818965517338
1,1.411141304347847,0.2127717391303676,1.411141304347847,0.2127717391303676
1,1.8595050618672875,0.06861642294709576,1.8595050618672875,0.12024746906636392
-1,1.158399366085558,0.4984152139461007,1.158399366085558,0.4984152139461007
-1,1.6381644518272522,0.0,1.6381644518272522,-0.10780730897015679
-1,0.16820546163846006,1.420416124837471,0.16820546163846006,1.420416124837471
-1,0.31235955056178283,4.132343499197459,0.31235955056178283,4.132343499197459
1,0.7330555555555621,2.6933333333332072,0.7330555555555621,2.6933333333332072
1,1.8832786885245902,0.23606557377057882,1.8832786885245902,0.7444262295083098
-1,0.7219917012448266,0.6716804979253106,0.7219917012448266,0.6716804979253106
1,0.2646596858638702,3.602748691099489,0.2646596858638702,3.602748691099489
1,3.0997126436782487,0.0018390804597266648,3.0997126436782487,0.0018390804597266648
-1,1.0271604938271848,0.6060570987654239,1.0271604938271848,0.6060570987654239
-1,1.9930650684931006,0.0787671232876755,1.9930650684931006,0.5779109589040952
-1,0.43530092592592856,3.205208333333405,0.43530092592592856,3.205208333333405
1,0.24200000000000726,1.6727999999999763,0.24200000000000726,1.6727999999999763
1,1.6066747572814561,0.20631067961173286,1.6066747572814561,0.20631067961173286
1,0.75308310991962,4.017962466487877,0.75308310991962,4.017962466487877
1,0.0,1.07771587743739,2.011142061281327,1.07771587743739
1,0.2535483870966902,3.880322580645133,0.2535483870966902,3.880322580645133
1,1.5119604316547413,0.7464028776978654,1.5119604316547413,0.7464028776978654
1,0.5514285714286545,5.4628571428571115,0.5514285714286545,5.4628571428571115
1,4.67563850687609,0.6878192534381343,4.67563850687609,0.6878192534381343
1,4.231596091205295,0.7144951140064832,4.231596091205295,0.7144951140064832
-1,1.3538575667656225,0.27002967359047003,2.2440652818991826,1.5016320474778075
-1,0.21194605009631937,1.179094412331441,4.635260115606847,1.179094412331441
-1,3.357402234636693,0.5548882681563945,3.357402234636693,0.5548882681563945
1,1.131994459833791,0.5756232686980517,1.131994459833791,0.5756232686980517
1,3.3197129909365746,0.6916918429003405,3.3197129909365746,0.6916918429003405
1,0.23115727002968,2.471958456973315,0.31439169139469,2.471958456973315
-1,1.2969471947195252,0.17739273927389898,1.2969471947195252,0.2934405940593828
1,3.163588850174025,0.0,3.163588850174025,0.9653310104529511
-1,1.568145161290361,0.0,3.61491935483865,1.5082661290322001
1,3.1760050251256073,0.18680904522613986,3.1760050251256073,0.18680904522613986
1,7.611111111111045,0.6711419753086648,7.611111111111045,0.6711419753086648
1,4.061409395973151,0.1278523489932402,4.061409395973151,0.6021812080536778
-1,1.6730024213076042,0.884019370460035,1.6730024213076042,1.99055690072634
1,0.26418764302061715,0.85843821510296,0.26418764302061715,0.85843821510296
-1,2.9685598377281543,0.731744421906699,2.9685598377281543,0.731744421906699
-1,1.0759075907591575,0.21782178217817175,1.0759075907591575,2.273102310231059
1,1.6880617977528676,0.19410112359545342,1.6880617977528676,2.054143258426948
1,1.8803418803416079,0.7326923076922808,1.8803418803416079,0.7777777777777993
-1,5.042857142857002,0.0,5.042857142857002,-0.07417582417581714
1,0.17380352644837527,1.6499999999999455,0.17380352644837527,1.6499999999999455
1,0.8421666666664956,3.045333333333398,0.8421666666664956,3.045333333333398
-1,0.0,2.104340277777881,0.7428819444444743,2.104340277777881
-1,1.1295990566037921,0.07075471698106757,1.1295990566037921,3.509021226415082
1,0.3746875000000429,1.0482812500000334,2.1960156250001543,1.0482812500000334
-1,3.3469945355192587,0.35519125683054065,3.3469945355192587,0.4236338797813909
-1,2.152482269503595,0.8856973995271219,2.152482269503595,0.8856973995271219
1,0.1704545454546497,8.779403409090925,0.1704545454546497,8.779403409090925
1,0.8148648648649363,0.5033783783783946,0.8148648648649363,0.5033783783783946
1,1.5741097922848681,0.13516320474778293,1.5741097922848681,0.13516320474778293
-1,4.602511415525127,0.3561643835615187,4.602511415525127,0.3561643835615187
1,0.25610687022892803,2.648664122137267,0.25610687022892803,2.648664122137267
-1,1.1339516129031928,0.0,1.1339516129031928,1.711935483870997
-1,0.0,1.103814713896417,2.1067438692098075,1.103814713896417
-1,0.9167082294264187,2.6452618453865577,0.9167082294264187,2.6452618453865577
1,3.5041067761806244,0.10862422997946274,3.5041067761806244,0.10862422997946274
-1,0.26071428571429645,1.816875000000125,0.26071428571429645,1.816875000000125
-1,5.688805970149069,0.20559701492551213,5.688805970149069,0.20559701492551213
-1,2.1519230769230284,0.23753315649869708,2.1519230769230284,0.23753315649869708
1,0.17529761904759508,2.485267857142834,0.34717261904755065,2.485267857142834
1,0.060856269113171324,1.8724006116208045,0.060856269113171324,1.8724006116208045
-1,1.8953757225433305,0.5028901734103363,2.8276011560694667,2.9632947976877437
-1,0.7838254593175905,0.5288057742781901,0.7838254593175905,0.5288057742781901
-1,1.9388412017167218,0.3511802575107383,1.9388412017167218,0.6759656652360592
-1,2.2367965367965534,0.8292207792208272,2.2367965367965534,0.8292207792208272
-1,5.882058823529328,0.10588235294107734,5.882058823529328,0.9342647058822038
1,1.112033195020746,0.32406639004149224,1.112033195020746,0.6331950207469541
-1,0.4234317343173509,0.9939729397294,0.4234317343173509,0.9939729397294
-1,6.197719869706983,0.38094462540709045,6.197719869706983,0.38094462540709045
-1,0.567612687813036,2.3474123539231506,0.567612687813036,2.3474123539231506
1,0.5507142857142674,0.5193506493506789,0.5507142857142674,0.5193506493506789
1,0.5474308300396179,0.8693675889327934,0.5474308300396179,0.8693675889327934
-1,1.6980967078188605,0.0,1.6980967078188605,-0.015637860082261822
-1,0.6503623188406082,1.8326992753622584,0.6503623188406082,1.8326992753622584
-1,3.741319444444551,0.6657986111111448,3.741319444444551,0.6657986111111448
-1,1.1637345679012572,0.3103395061727634,1.1637345679012572,0.4608024691357821
1,0.46296296296299416,8.553703703704402,0.46296296296299416,8.553703703704402
1,0.4840677966101607,0.780056497175163,0.4840677966101607,0.780056497175163
-1,0.3910344827586211,0.5017241379310035,0.3910344827586211,0.5017241379310035
1,0.9804588607595058,1.5858386075949584,0.9804588607595058,1.5858386075949584
1,0.783739837398389,1.9220325203251811,0.783739837398389,1.9220325203251811
1,0.33991853360485563,1.0958248472505339,0.4067718940936581,1.0958248472505339
1,0.04465811965808329,1.8348290598290324,0.633867521367512,1.8348290598290324
-1,1.5496840442338362,0.0,1.5496840442338362,0.49510268562402066
-1,0.6524604569419733,3.461906854130045,0.6524604569419733,3.461906854130045
1,0.1042124542124462,2.072069597069621,0.1042124542124462,2.072069597069621
1,1.280016313213745,0.006688417618298228,1.280016313213745,0.33336052202284405
1,0.0,1.079658792650916,1.0972440944882482,1.421522309711231
1,1.859523809523822,0.789550264550277,1.859523809523822,0.789550264550277
-1,0.14583333333327272,2.8455357142858433,1.5415178571428916,3.429761904762041
1,1.4953964194373472,0.4361253196930926,1.4953964194373472,0.4361253196930926
1,0.9343049327353996,0.22690582959641506,0.9343049327353996,0.22690582959641506
1,0.9684640522875844,0.0834150326797165,0.9684640522875844,0.0834150326797165
-1,1.1510229132569447,0.15548281505725012,1.1510229132569447,0.15548281505725012
1,1.5109859154929224,0.08760563380286004,1.5109859154929224,1.0946478873240124
1,1.0229452054795072,0.5211187214611556,1.0229452054795072,0.5211187214611556
1,0.5931666666666237,3.257583333333438,0.5931666666666237,3.257583333333438
1,6.4485981308415905,0.12663551401857331,6.4485981308415905,0.12663551401857331
-1,0.295934139784937,0.5587365591397861,0.295934139784937,0.5587365591397861
-1,0.3366228070175574,1.608360745614008,1.057291666666645,1.608360745614008
-1,3.1938931297710065,0.0782442748091324,3.1938931297710065,0.27829198473280625
-1,1.1614317841079194,0.17938530734632707,1.1614317841079194,0.17938530734632707
1,0.07615894039735747,1.755339403973506,0.07615894039735747,1.755339403973506
1,0.09560301507537507,1.0408291457286785,1.0959798994975052,1.0408291457286785
1,0.6707978075517769,0.6330085261875598,0.6707978075517769,0.6330085261875598
1,0.5995623632385721,1.679649890590818,0.5995623632385721,1.679649890590818
1,0.2605691056910841,4.780284552845505,0.2605691056910841,4.780284552845505
-1,0.9673202614378658,2.8954248366011854,2.2850490196077184,2.8954248366011854
-1,0.1925675675676353,2.511824324324391,0.1925675675676353,2.511824324324391
-1,6.7092651757191035,0.3578274760383173,6.7092651757191035,0.3578274760383173
1,1.5236353711790394,0.4715065502183934,1.5236353711790394,0.4715065502183934
-1,6.291062176166456,0.2901554404145041,6.291062176166456,0.2901554404145041
-1,1.4312056737589183,0.04290780141847423,1.4312056737589183,0.898581560283665
1,11.503067484663411,0.5153374233130101,11.503067484663411,0.5153374233130101
-1,1.0785422343324405,0.19891008174387023,1.0785422343324405,3.8640326975476182
1,2.082478632478576,0.1042735042735635,2.082478632478576,0.1042735042735635
1,0.185185185185082,2.742165242165314,0.185185185185082,2.742165242165314
1,0.7751004016063571,5.278212851405685,0.7751004016063571,5.278212851405685
1,1.8455747126435844,0.391379310344786,1.8455747126435844,0.391379310344786
1,3.5807228915662748,0.2742685025817494,3.5807228915662748,0.2742685025817494
-1,1.074402390438277,0.27490039840639724,1.074402390438277,0.32833665338644774
-1,3.4580396475768844,0.0,3.4580396475768844,-0.024229074889794703
-1,0.17004920049196684,1.0994157441574457,0.17004920049196684,1.0994157441574457
-1,2.1978599221790476,0.6372568093385746,2.1978599221790476,0.6372568093385746
-1,1.2270386266094475,0.0,1.2270386266094475,2.224892703862717
-1,2.457063197025982,0.0,2.457063197025982,11.150185873605775
-1,1.1590330788803467,0.7356234096692187,1.1590330788803467,1.849427480916021
1,5.374615384615634,0.37826923076917546,5.374615384615634,0.37826923076917546
1,0.36955357142858847,1.74410714285714,0.36955357142858847,1.74410714285714
-1,1.081788793103448,0.7824353448275658,1.081788793103448,2.087823275862024
1,1.2810750279955176,0.31007838745803057,1.2810750279955176,0.31007838745803057
1,0.4395104895105115,0.5351648351648101,0.4395104895105115,0.5351648351648101
1,0.19672330097088506,1.3348907766990152,1.6878033980582539,1.3348907766990152
-1,0.09787234042554029,1.1896808510638366,0.09787234042554029,1.1896808510638366
-1,0.0630498533724106,1.0098607038123253,0.2986803519061329,1.0098607038123253
1,2.5162371134019703,0.015721649484574083,2.5162371134019703,0.015721649484574083
-1,3.3442896935931397,0.6030640668523964,3.3442896935931397,0.6030640668523964
1,0.8781250000000009,1.5535361842105886,1.4713815789473716,1.5535361842105886
1,1.6699288256227662,0.2153024911032135,1.6699288256227662,2.0270017793595105
1,0.8587985436893582,0.75788834951457,0.8587985436893582,0.75788834951457
1,0.8344262295081398,1.3826502732240877,0.8344262295081398,1.3826502732240877
1,1.529272598870079,0.309322033898316,1.529272598870079,2.7895480225988987
-1,2.62152034261252,0.8557815845824142,2.62152034261252,0.8557815845824142
1,0.2053533190577868,2.1021413276231975,0.2053533190577868,2.1021413276231975
-1,0.6944727891156531,0.33971088435373903,0.6944727891156531,0.33971088435373903
-1,3.641147859922068,0.13813229571984875,3.641147859922068,0.13813229571984875
-1,3.704584527220646,0.16361031518622096,3.704584527220646,0.5703438395415776
-1,1.1318318318319265,0.8813813813813159,1.1318318318319265,0.8813813813813159
1,0.28531598513012096,1.078996282527871,0.28531598513012096,1.078996282527871
-1,0.31690140845072,1.3591549295774399,1.969278169013992,1.3591549295774399
-1,0.8048736462093614,0.3375451263538552,0.8048736462093614,0.3375451263538552
1,0.8332278481012043,1.0427742616034072,0.8332278481012043,1.0427742616034072
1,0.011771058315326535,1.688282937365003,0.011771058315326535,1.688282937365003
1,0.5341850828729363,0.7959254143646461,0.5341850828729363,0.7959254143646461
-1,0.1042654028435801,1.2362559241706177,0.6968404423380898,1.2362559241706177
1,2.6300295857986637,0.17189349112429356,2.6300295857986637,0.17189349112429356
-1,1.031789638932548,0.05470957613812195,1.031789638932548,0.05470957613812195
-1,2.0284025787965496,0.06303724928367528,2.0284025787965496,0.06303724928367528
-1,4.59873949579847,0.20658263305321223,4.59873949579847,0.20658263305321223
-1,0.35836653386453876,5.74581673306776,0.35836653386453876,5.74581673306776
-1,2.746246648793563,0.340482573726535,2.746246648793563,0.340482573726535
1,0.8142133956385711,0.9767133956386667,0.8142133956385711,0.9767133956386667
-1,0.16993464052282337,2.4622549019608466,0.9850762527232927,2.4622549019608466
-1,0.7034337349397791,0.788674698795142,0.7034337349397791,0.788674698795142
-1,0.4926388888888893,1.913888888888873,0.4926388888888893,1.913888888888873
-1,1.237343750000033,0.6157031249999801,1.237343750000033,0.6157031249999801
-1,0.32323232323239376,1.4991919191918694,0.32323232323239376,1.4991919191918694
1,2.3913255360624635,0.6189083820662379,2.3913255360624635,0.76072124756331
-1,2.095782396088019,0.4257946210268851,2.095782396088019,0.4257946210268851
1,1.5694602272726816,0.5227982954545225,1.5694602272726816,0.5227982954545225
1,0.2830827067669185,1.7327067669172607,0.2830827067669185,1.7327067669172607
-1,1.617473118279544,0.2258064516129453,1.617473118279544,0.5697132616487686
1,0.8646153846153678,0.884153846153892,0.8646153846153678,0.884153846153892
-1,1.0913179916317528,0.18472803347280362,1.0913179916317528,0.18472803347280362
1,0.21097756410258509,1.0123397435897432,0.21097756410258509,1.0123397435897432
-1,0.7259717314486881,1.32031802120152,3.157950530035381,1.32031802120152
1,0.20273437500009528,1.8634765625000724,0.2137695312500344,1.8634765625000724
1,1.751256443298954,0.1610824742268043,1.751256443298954,0.1610824742268043
1,0.4648062015503564,0.5768992248062333,0.4648062015503564,0.5768992248062333
1,2.413336120401363,0.27357859531771944,2.413336120401363,0.27357859531771944
-1,0.8221625107480801,0.3666380051590662,0.8221625107480801,0.3666380051590662
-1,1.3931281618886897,0.5142074198988189,1.3931281618886897,0.5142074198988189
1,0.28152610441767845,2.865060240963851,0.28152610441767845,2.865060240963851
-1,0.6689727463312936,2.6200733752620637,0.6689727463312936,2.6200733752620637
-1,4.336768018018223,0.5379504504504251,4.336768018018223,0.5379504504504251
1,1.9594228094575674,0.41119610570236204,1.9594228094575674,0.41119610570236204
-1,0.5309333333333901,0.7075999999999112,0.5309333333333901,0.7075999999999112
1,0.7785714285713717,1.4621240601503538,0.7785714285713717,1.4621240601503538
1,2.7685153583617246,0.06962457337882132,2.7685153583617246,0.06962457337882132
1,0.20096153846155945,1.733373397435908,0.20096153846155945,1.733373397435908
-1,1.0695290858725042,0.46495844875344217,1.0695290858725042,1.360041551246498
1,1.497321428571517,0.061607142857110005,1.497321428571517,0.061607142857110005
1,1.0351098191214319,0.6740310077519499,1.0351098191214319,0.6740310077519499
-1,0.7542362768496639,2.2810859188543717,0.7542362768496639,2.2810859188543717
-1,0.7531043593130872,0.6563077939233738,0.7531043593130872,0.6563077939233738
1,1.2253629764065177,0.4605716878402839,1.2253629764065177,0.4605716878402839
-1,0.25649466192172643,1.0870106761565472,0.4520462633451979,1.0870106761565472
-1,0.4652567975831469,5.904758308157135,0.4652567975831469,5.904758308157135
1,3.548551637279551,0.7178841309823399,3.548551637279551,0.7178841309823399
1,1.74166666666657,0.3023255813953584,1.74166666666657,2.9403100775192654
-1,0.002336448598128731,8.532184579439301,0.002336448598128731,8.532184579439301
-1,1.0063136456211708,0.0,1.0063136456211708,1.6852851323828257
-1,1.3649908592322249,0.23199268738570833,1.3649908592322249,1.0821755027422646
1,3.056885856079428,0.0,3.056885856079428,-0.028039702233264803
-1,0.6136597938144388,0.02454590083456076,0.6136597938144388,0.02454590083456076
1,0.467358803986721,0.33223975636765457,0.467358803986721,0.33223975636765457
1,0.3173242467719072,0.6411764705882179,0.3173242467719072,0.6411764705882179
-1,1.6726388888889479,0.38333333333331016,1.6726388888889479,8.248541666666844
-1,0.6689115646258437,1.3044897959183384,0.6689115646258437,1.3044897959183384
-1,1.0928509532062407,0.0,1.0928509532062407,0.03624350086654635
-1,0.34718498659520264,3.8632372654156333,0.34718498659520264,3.8632372654156333
1,0.29311864406779436,0.8689491525423734,0.29311864406779436,0.8689491525423734
-1,2.888814016172471,0.692587601078177,2.888814016172471,0.692587601078177
1,1.2534452296819776,0.2305948174322501,1.2534452296819776,0.2305948174322501
1,3.900776397515371,0.5420289855073104,3.900776397515371,0.5420289855073104
1,1.7531428571428802,0.4038571428571426,2.466142857142878,1.6968214285714112
1,0.39782971619366186,0.7439899833054711,0.39782971619366186,0.7439899833054711
1,0.6839192708333348,1.609147135416653,0.6839192708333348,1.609147135416653
-1,0.6399629629629628,0.5463888888888909,0.6399629629629628,0.5463888888888909
-1,0.9008192389006184,2.9289376321352987,0.9008192389006184,2.9289376321352987
-1,0.8428274760383527,0.2785303514376827,0.8428274760383527,0.2785303514376827
1,0.8774647887323647,5.502867203219328,0.8774647887323647,5.502867203219328
1,0.14366197183101917,1.6011569416498515,5.652263581488912,1.6011569416498515
1,1.1040880503144488,0.13408805031443993,1.1040880503144488,0.7985220125785841
-1,1.1039779005524901,0.007734806629852382,1.1039779005524901,0.08403314917125626
1,1.9245283018867823,0.0,1.9245283018867823,0.7521869639794724
-1,0.9188838782412583,0.2434611048477992,0.9188838782412583,0.2434611048477992
-1,0.2597864768683319,1.0650059311980749,0.2597864768683319,1.0650059311980749
1,1.0057256990679255,0.2191744340878775,1.0057256990679255,0.2191744340878775
-1,0.22792937399680074,4.195626003210272,0.22792937399680074,4.195626003210272
1,0.20323785803238698,2.377708592777075,0.20323785803238698,2.377708592777075
1,1.7198136142625287,0.09546191247973013,1.7198136142625287,0.09546191247973013
1,0.1641732283464635,4.9657972440943245,0.1641732283464635,4.9657972440943245
-1,0.242902208201926,0.9997239747634225,0.242902208201926,0.9997239747634225
1,0.795637175324676,0.1896915584415401,0.795637175324676,0.1896915584415401
-1,2.7853911980438806,0.18337408312957781,2.7853911980438806,0.18337408312957781
1,1.393772032902508,0.0,1.393772032902508,-0.18213866039955154
-1,0.9946529080676046,1.4399155722326469,0.9946529080676046,1.4399155722326469
1,0.7432400932400676,0.7073426573426587,0.7432400932400676,0.7073426573426587
1,0.4577777777777993,1.233814814814785,0.4577777777777993,1.233814814814785
-1,0.9126262626262498,0.3916947250280558,0.9126262626262498,0.3916947250280558
1,0.1526832955404368,1.3392668178382408,0.1526832955404368,1.3392668178382408
1,0.7107874015748168,0.7995275590550934,0.7107874015748168,0.7995275590550934
-1,0.5367412140574928,1.3113418530351189,0.5367412140574928,1.3113418530351189
1,2.865575396825409,0.060317460317448,2.865575396825409,0.060317460317448
-1,0.0,0.8549214226633489,-0.03887510339121541,0.8549214226633489
1,1.383524229074851,0.0,1.383524229074851,0.6756167400880927
-1,0.6452830188679367,1.6602058319039161,0.6452830188679367,1.6602058319039161
1,0.9438453159041907,1.4789215686274413,1.3358932461874395,1.4789215686274413
1,0.6907274295572288,0.12512938470384974,0.6907274295572288,0.12512938470384974
1,0.0,1.0039301310043234,1.7404475982532284,1.7574781659388117
1,0.6762467191601172,1.874278215223114,0.6762467191601172,1.874278215223114
-1,0.3813068181818338,1.2301704545454517,0.8009943181818141,1.2301704545454517
-1,0.4867449664429232,1.508389261744997,1.4201761744966344,1.508389261744997
1,2.4446859903381726,0.5233091787439501,2.4446859903381726,0.5233091787439501
-1,1.966179906542072,0.21366822429903448,1.966179906542072,0.21366822429903448
1,0.16653225806448874,1.3078293010752686,0.26045026881720923,1.3078293010752686
1,0.7472721822542339,0.2945443645083968,0.7472721822542339,0.2945443645083968
-1,0.6347398477157148,1.2904822335025037,0.6347398477157148,1.2904822335025037
1,0.138771399798605,1.2064702920443093,0.138771399798605,1.2064702920443093
1,1.3611150568182113,0.016477272727238448,1.3611150568182113,1.1819957386363322
-1,0.720000000000012,1.1918248175182622,0.720000000000012,1.1918248175182622
-1,1.728819918144554,0.39549795361528695,1.728819918144554,0.39549795361528695
-1,0.9843291995490788,0.4463359639233237,0.9843291995490788,0.4463359639233237
-1,0.0,1.1616332819722264,0.592604006163328,1.1616332819722264
-1,1.1634680134680127,0.48131313131311404,1.1634680134680127,0.48131313131311404
-1,1.9319817073170529,0.25975609756095974,1.9319817073170529,0.25975609756095974
-1,0.8150145772594779,0.34959912536441945,0.8150145772594779,0.34959912536441945
1,0.06090356211989769,1.3900304083405612,0.06090356211989769,1.3900304083405612
-1,0.0,1.15812964930925,-0.034006376195553766,1.15812964930925
1,0.3992252066115909,1.2235537190082904,0.3992252066115909,1.2235537190082904
-1,0.07527743526507581,0.8365906288532863,0.07527743526507581,0.8365906288532863
-1,1.6237107623318563,0.45941704035873576,1.6237107623318563,0.847029147982049
1,2.1872058823529628,0.0935294117647017,2.1872058823529628,0.0935294117647017
-1,0.6316638370118816,1.8948217317487601,0.6316638370118816,1.8948217317487601
1,1.9496284501060814,0.7556263269639425,1.9496284501060814,0.7556263269639425
1,0.3760082493125543,0.5037809349220891,0.3760082493125543,0.5037809349220891
-1,0.7154394299287216,2.4700712589073692,0.7154394299287216,2.4700712589073692
1,0.3211640211640682,1.9386243386243458,2.9052248677249275,1.9386243386243458
1,1.1174189307624767,0.061919368974583736,1.1174189307624767,1.7647020157756264
1,1.0646157840083208,0.0040498442367588525,1.0646157840083208,0.10005192107996667
-1,0.19970637583890452,0.8436451342281904,0.19970637583890452,0.8436451342281904
-1,1.5388913427561524,0.1784452296819746,1.5388913427561524,0.1784452296819746
1,0.7023255813953342,1.2363201094391139,0.7023255813953342,1.2363201094391139
-1,0.5659558263518741,0.49961919268849997,0.5659558263518741,0.49961919268849997
1,0.7544134396355604,0.5748861047835895,0.7544134396355604,0.5748861047835895
-1,0.2959183673470293,2.2869897959184367,0.2959183673470293,2.2869897959184367
1,0.3668822768434678,0.2748059508408887,0.3668822768434678,0.2748059508408887
1,0.3324701195219056,0.8883067729083667,0.3324701195219056,0.8883067729083667
-1,2.787523900573585,0.07643403441687686,2.787523900573585,0.07643403441687686
-1,0.16091216216212675,1.2620608108107942,2.637939189189175,2.114864864864851
-1,1.1876604146101228,0.11253701875615854,1.1876604146101228,0.11253701875615854
1,0.018909710391801376,4.612862010221428,0.018909710391801376,4.612862010221428
1,0.39309006211178815,0.2971661490683282,0.39309006211178815,0.2971661490683282
-1,0.9572568940493187,0.13497822931785924,0.9572568940493187,0.13497822931785924
1,0.5685064935065152,0.6147727272727247,0.5685064935065152,0.6147727272727247
-1,1.7644219977553153,0.1200897867564707,1.7644219977553153,0.1200897867564707
1,1.684850374064819,0.46857855361599426,1.684850374064819,0.46857855361599426
-1,0.5042643923240414,0.2440298507462887,0.5042643923240414,0.2440298507462887
1,0.26833910034603276,0.5395040369088515,0.26833910034603276,0.5395040369088515
1,3.339376321353079,0.229281183932332,3.339376321353079,0.229281183932332
1,1.1810763888888238,0.3848379629629273,1.1810763888888238,1.8405671296295767
1,1.961973875181398,0.1287373004354366,1.961973875181398,0.1287373004354366
-1,0.0750535331906055,1.6261509635974367,0.0750535331906055,1.6261509635974367
1,0.057243816254430646,4.8562279151944585,0.057243816254430646,4.8562279151944585
-1,0.23350515463919688,0.9736008836524095,0.23350515463919688,0.9736008836524095
-1,0.40451612903228834,2.171989247311861,0.40451612903228834,2.171989247311861
1,0.3191002367798024,0.8257300710339508,0.3191002367798024,0.8257300710339508
1,2.3789984472049626,0.5418478260869375,2.3789984472049626,1.2015527950310545
1,0.7293628808863944,1.0409279778392975,1.186634349030519,1.0409279778392975
1,1.5157340116278735,0.05537790697678878,1.5157340116278735,0.9463662790697477
-1,0.7494764397905684,0.5392233856894088,0.7494764397905684,0.5392233856894088
-1,1.124042553191508,0.49078014184397994,1.124042553191508,0.49078014184397994
1,1.149057649667423,0.24556541019957318,1.149057649667423,0.2909090909091193
1,0.22900763358768997,3.8906488549618308,0.22900763358768997,3.8906488549618308
1,0.05388739946381256,2.334785522788256,0.05388739946381256,2.334785522788256
1,2.0990985576922716,0.2153846153846011,4.250901442307589,1.4390624999999664
-1,2.515813648293872,0.02578740157480389,2.515813648293872,0.02578740157480389
-1,0.6897304832714258,1.6589219330854876,0.6897304832714258,1.6589219330854876
-1,0.6155778894472448,1.7005653266331782,1.5255653266331752,4.512123115577788
1,0.6965144230768635,0.20600961538465898,0.6965144230768635,0.20600961538465898
1,6.875772471910222,0.07247191011230752,6.875772471910222,0.07247191011230752
-1,0.921621621621629,0.7587355212355235,0.921621621621629,0.7587355212355235
1,0.2829489291597902,1.9928336079076692,0.2829489291597902,1.9928336079076692
-1,2.223606811145519,0.22569659442718587,2.223606811145519,0.49481424148606756
1,0.10928853754943023,1.776926877470337,0.12485177865617492,1.776926877470337
-1,3.178890306122406,0.7599489795917753,3.178890306122406,0.7599489795917753
1,0.41912583518931684,0.29922048997774164,0.41912583518931684,0.29922048997774164
-1,0.5567391304347766,1.5126630434782706,2.5652717391304867,1.5126630434782706
-1,1.3296039603960603,0.31183168316827353,1.3296039603960603,0.31183168316827353
1,0.22984084880636016,0.6004973474801049,0.22984084880636016,0.6004973474801049
1,0.4964809384163389,1.2278592375365975,0.4964809384163389,1.2278592375365975
1,1.2601927809680455,0.1407711238720196,1.2601927809680455,0.1407711238720196
-1,0.0,3.6476119402985163,-0.12238805970145242,3.6476119402985163
1,0.6915669856459286,0.5092105263158435,0.6915669856459286,0.5092105263158435
-1,1.7690566037736386,0.6828301886791921,1.7690566037736386,0.6828301886791921
-1,2.7406250000000885,0.25781249999994865,2.7406250000000885,0.7609374999998748
-1,1.7100000000000921,0.0944444444444241,1.7100000000000921,0.5993749999999737
1,0.7071358267716166,2.199064960629874,0.7071358267716166,2.199064960629874
-1,8.155605158730282,0.4918650793650461,8.155605158730282,0.4918650793650461
-1,3.1445444915255885,0.7220338983050946,3.1445444915255885,0.7220338983050946
1,0.1326287978863783,0.8396631439894198,0.1326287978863783,0.8396631439894198
1,0.5006521739130775,1.5604347826087506,0.5006521739130775,1.5604347826087506
1,0.0,1.609095634095691,0.2477650727650665,1.609095634095691
-1,1.8933146067415039,0.005505617977525581,1.8933146067415039,1.086797752808992
1,0.4277012711864767,0.9868644067796345,0.4277012711864767,0.9868644067796345
1,0.7242077464789219,0.737147887323987,0.7242077464789219,0.737147887323987
1,2.0470319634703507,0.18264840182653047,2.0470319634703507,0.18264840182653047
-1,0.0627615062760939,1.3138075313808024,0.7216527196652167,1.3138075313808024
-1,0.07468879668052533,1.3112033195020316,0.07468879668052533,1.3112033195020316
1,1.2090277777777856,0.9995370370369954,1.2090277777777856,1.4217592592592398
1,2.039033264033275,0.12266112266110704,2.039033264033275,0.12266112266110704
-1,2.7263449367088093,0.8319620253164761,2.7263449367088093,0.8319620253164761
1,1.3564159292034348,0.15073746312689662,1.3564159292034348,0.6342920353982532
-1,1.7207783641161407,0.4327176781002944,1.7207783641161407,4.265897097625389
-1,1.1750652741514849,0.036553524804145,1.1750652741514849,0.8192558746736106
1,2.178798076923034,0.07692307692309375,2.178798076923034,0.07692307692309375
1,1.9727951635846903,0.20995732574678394,1.9727951635846903,0.20995732574678394
-1,1.0537597656250055,0.19921874999999628,1.0537597656250055,0.6961669921875073
-1,1.314050131926053,0.16358839050131713,1.314050131926053,0.16358839050131713
1,0.37393048128336415,1.4336229946524106,1.711163101604224,3.0631016042781023
1,0.2557262569832238,2.10748952513965,0.2557262569832238,2.10748952513965
1,0.0350754936120422,1.4097560975610355,0.0350754936120422,1.4097560975610355
-1,0.8179245283018701,0.5281446540880634,0.8179245283018701,0.5281446540880634
1,0.9963556851311821,4.929518950437212,0.9963556851311821,4.929518950437212
-1,0.17767175572517646,0.995062022900777,0.17767175572517646,0.995062022900777
1,0.48809218950063055,0.564820742637662,0.48809218950063055,0.564820742637662
-1,1.2800989345510219,0.7333333333333033,1.2800989345510219,0.7333333333333033
-1,7.900868983957147,0.5733957219252218,7.900868983957147,0.5733957219252218
-1,0.3535050071531084,1.1341917024320602,0.3535050071531084,1.1341917024320602
1,0.4272267845862256,0.488092229943133,0.4272267845862256,0.488092229943133
-1,1.213726265822717,0.13916139240506084,1.213726265822717,0.3015427215189634
-1,2.3835904628331237,0.3253856942496777,2.3835904628331237,0.3253856942496777
-1,1.0484032846715188,0.5629105839416013,1.0484032846715188,0.990191605839451
-1,1.4508865248227099,0.16707193515703195,1.4508865248227099,0.4472897669706141
1,2.463425925926027,0.029629629629561012,2.463425925926027,0.029629629629561012
-1,1.2004069767442478,0.9762790697674208,1.2004069767442478,0.9762790697674208
1,0.3071297989030764,2.5631170018281466,0.3071297989030764,2.5631170018281466
-1,0.48606271777002774,1.9800958188153164,0.48606271777002774,1.9800958188153164
-1,1.2406989247311706,0.7933870967741569,1.2406989247311706,0.7933870967741569
1,0.585744680851043,3.28686170212761,0.585744680851043,3.28686170212761
-1,1.2587837837838243,0.062370062370053624,1.2587837837838243,0.062370062370053624
1,0.7295480880648864,0.8306199304750699,0.7295480880648864,0.8306199304750699
-1,1.0056312769010098,0.2631994261118977,1.0056312769010098,0.2631994261118977
1,0.06693227091635254,0.8820717131473904,0.06693227091635254,0.8820717131473904
1,0.00556844547566471,1.0621229698375827,0.39762180974481204,1.0621229698375827
1,0.9647172236503294,0.5778920308483263,0.9647172236503294,0.5778920308483263
1,1.2624713958810176,0.0,1.2624713958810176,0.4967963386727536
-1,0.4062720848056783,0.6959805653710655,0.4062720848056783,0.6959805653710655
-1,1.540252525252572,0.6312121212120948,1.540252525252572,0.6312121212120948
-1,0.3911538461538231,1.559395604395598,0.3911538461538231,1.559395604395598
1,0.6599722991689865,0.32257617728527904,0.6599722991689865,0.32257617728527904
1,0.4714719271623778,0.6271623672230507,0.4714719271623778,0.6271623672230507
-1,0.0024630541871899113,1.1216748768472713,0.35080049261084933,1.1216748768472713
1,2.4987244897958907,0.2375000000000058,2.4987244897958907,0.2375000000000058
1,0.16205533596840627,2.6324110671936185,1.5405138339920565,2.6324110671936185
1,0.7756840796019343,0.5604477611940712,0.7756840796019343,0.5604477611940712
1,0.872242647058873,1.5817555147058848,0.872242647058873,1.5817555147058848
1,0.6355749486652899,0.20020533880906274,0.6355749486652899,0.20020533880906274
-1,0.37901234567903147,0.8528549382715935,0.37901234567903147,0.8528549382715935
1,0.15752393980850585,1.195622435020499,0.15752393980850585,1.195622435020499
1,0.1789575289575606,1.8373552123552563,1.3148648648649353,1.8373552123552563
-1,0.799603873239444,0.9114436619718045,0.799603873239444,0.9114436619718045
-1,1.602293577981712,0.7950688073393627,1.602293577981712,0.7950688073393627
-1,1.3270336605890631,0.7260168302945237,1.3270336605890631,0.7260168302945237
-1,1.7362612612612704,0.34331831831833814,1.7362612612612704,0.34331831831833814
-1,0.1884673748103152,1.4786039453718154,0.1884673748103152,1.4786039453718154
-1,0.9313953488371592,1.9577519379843509,0.9313953488371592,1.9577519379843509
1,1.8098703170028745,0.0,1.8098703170028745,-0.05792507204608258
1,0.1762295081966503,2.733606557377018,0.1762295081966503,2.733606557377018
1,1.0933727034120573,0.11023622047245833,1.0933727034120573,0.4383202099737656
1,1.8068273092369507,0.027911646586370117,1.8068273092369507,0.027911646586370117
-1,0.9155339805825878,1.0489077669902673,0.9155339805825878,1.0489077669902673
1,1.7669907407408447,0.05944444444442978,1.7669907407408447,0.05944444444442978
1,0.4677871148459671,3.263165266106434,0.6587535014006464,3.263165266106434
-1,0.11375266524520201,3.1879530916844243,0.11375266524520201,3.1879530916844243
1,0.21389610389608782,3.162727272727169,0.21389610389608782,3.162727272727169
1,0.85402621722845,1.5151685393257817,0.85402621722845,1.5151685393257817
-1,2.13333333333344,0.6813802083332522,2.13333333333344,2.1579427083333025
1,1.2581720430106815,0.376344086021498,1.2581720430106815,0.376344086021498
-1,0.5453642384105776,4.26920529801328,1.2490066225165422,4.26920529801328
1,0.6319548872180947,0.2909774436090531,0.6319548872180947,0.2909774436090531
-1,1.30335743801656,0.0991735537190137,1.30335743801656,1.3202479338842936
1,0.8307980049875344,1.5261845386533428,0.8307980049875344,1.5261845386533428
1,5.876327433628375,0.2964601769911838,5.876327433628375,0.2964601769911838
1,1.0988597972973109,0.06807432432428846,1.0988597972973109,0.22377533783779577
-1,0.5801104972375615,2.3095303867404016,0.5801104972375615,2.3095303867404016
-1,0.545126353790532,2.404332129963862,1.481949458483771,2.404332129963862
-1,3.7697771587742213,0.5282729805013248,3.7697771587742213,0.5282729805013248
-1,1.3761406844105761,0.3460076045627544,1.3761406844105761,1.164258555133036
-1,1.4617043121150775,0.6194045174537559,1.4617043121150775,0.6194045174537559
-1,3.2756622516557,0.4074503311257947,3.2756622516557,0.4074503311257947
-1,3.2730286738352534,0.1505376344084672,3.2730286738352534,0.1505376344084672
-1,0.4556730769231198,0.9983653846153577,0.4556730769231198,0.9983653846153577
-1,0.582840236686447,2.8071745562128916,0.582840236686447,2.8071745562128916
1,0.0013586956521418026,1.1769021739130952,0.0013586956521418026,1.1769021739130952
-1,0.3047337278105657,1.7805473372780727,1.2739644970413235,1.7805473372780727
1,0.9346638655461881,0.5009103641456686,0.9346638655461881,0.5009103641456686
1,1.0683147632311787,0.5941504178272212,1.0683147632311787,0.5941504178272212
1,0.12816901408454073,0.961066398390325,0.12816901408454073,0.961066398390325
1,0.6582969432314734,0.8078602620087068,0.6582969432314734,0.8078602620087068
1,1.6865889212829694,0.5619533527696425,1.6865889212829694,1.3488338192420033
-1,0.2483516483515749,2.1489010989011526,0.2483516483515749,2.1489010989011526
1,0.4809250764526418,0.8159021406727546,0.4809250764526418,0.8159021406727546
-1,0.5448028673834687,2.0244623655912455,1.7870967741934631,2.0244623655912455
1,0.9712628865979429,0.34355670103095987,0.9712628865979429,0.34355670103095987
-1,1.0462546816480838,0.0786516853932766,1.0462546816480838,2.4294007490638028
1,1.630681818181921,0.13749999999994186,1.630681818181921,1.0889204545454017
1,0.4761904761903731,4.50851648351647,0.4761904761903731,4.50851648351647
-1,0.5172727272727323,0.4148760330578153,0.5172727272727323,0.4148760330578153
1,4.043212669683161,0.3242081447963731,4.043212669683161,0.3242081447963731
-1,0.31022537562604263,0.72145242070117,0.31022537562604263,0.72145242070117
-1,0.019704433497518187,1.1421182266009786,0.5156403940886355,1.1421182266009786
-1,0.19758454106282608,0.6650966183574701,0.19758454106282608,0.6650966183574701
1,0.4730582524271877,1.5456917475727134,1.690533980582511,1.5456917475727134
-1,1.907590909090893,0.27786363636364925,1.907590909090893,0.27786363636364925
1,0.3650815217391103,1.1181385869564293,0.7021739130434824,1.1181385869564293
-1,0.2992424242423991,3.3958333333331736,0.2992424242423991,3.3958333333331736
-1,2.046685082872977,0.04604051565377671,2.046685082872977,0.04604051565377671
1,0.6517333333333226,1.3817333333333712,0.8802666666666482,1.3817333333333712
-1,1.5756249999998106,0.23928571428572473,1.5756249999998106,0.5058928571429204
1,1.0593869731801555,0.32432950191558746,1.0593869731801555,0.588026819923319
-1,0.8293736501080236,0.713822894168481,0.8293736501080236,0.713822894168481
-1,1.0520175438596373,0.3896491228070306,1.0520175438596373,0.5596491228070449
-1,5.817052023121444,0.06358381502897467,5.817052023121444,0.09710982658953232
-1,1.6073160535117057,0.2424749163879287,1.6073160535117057,0.2424749163879287
1,0.0898903775883411,1.062850182704001,0.0898903775883411,1.062850182704001
1,0.2587708066581195,1.0684379001280369,0.2587708066581195,1.0684379001280369
-1,3.7906040268455548,0.9194630872483959,3.7906040268455548,0.9194630872483959
-1,0.0035620052770506485,1.2709762532981672,0.8564643799472027,1.2709762532981672
1,1.2704356846472562,0.28319502074694075,1.2704356846472562,0.28319502074694075
1,1.9245155038759298,0.0050387596898911575,1.9245155038759298,0.07228682170534306
1,1.0791749502982035,0.6189860834989955,1.0791749502982035,0.6189860834989955
1,0.847302904564299,0.3540456431534689,0.847302904564299,0.3540456431534689
1,2.1079729729730334,0.07864864864863387,2.1079729729730334,0.07864864864863387
-1,0.7410576923077504,1.3936538461539085,2.2492307692308313,1.3936538461539085
1,1.1589907192575946,0.6766821345707312,1.1589907192575946,0.6766821345707312
-1,3.4540540540537386,0.40405405405417744,3.4540540540537386,0.8062741312741801
-1,0.022530329289447062,1.78405545927208,0.022530329289447062,1.78405545927208
1,0.0010606060606843468,1.6777272727272066,0.0010606060606843468,1.6777272727272066
1,1.8704152249135295,0.0783737024221413,1.8704152249135295,0.0783737024221413
-1,1.1370406189555526,0.0851063829787365,1.1370406189555526,0.0851063829787365
1,3.880693069307012,0.22871287128705034,3.880693069307012,0.22871287128705034
-1,1.0373271889401008,0.4922811059908086,1.0373271889401008,0.544700460829511
1,0.49276923076922685,1.2215384615384,0.49276923076922685,1.2215384615384
1,1.1847368421052293,0.013552631578955742,1.1847368421052293,0.013552631578955742
-1,2.3956140350876636,0.9969298245613765,2.3956140350876636,0.9969298245613765
1,0.03225806451605666,3.304269449715403,0.03225806451605666,3.304269449715403
-1,1.2245357142856912,0.35714285714285715,1.2245357142856912,0.35714285714285715
-1,0.24139344262292156,1.0561475409836754,0.7737021857922857,1.0561475409836754
-1,0.7824095022623582,1.4157239819004663,0.7824095022623582,1.4157239819004663
-1,2.3549234135666928,0.18085339168492212,2.3549234135666928,0.18085339168492212
1,0.6708708708708626,0.43933933933940683,0.6708708708708626,0.43933933933940683
-1,1.3695175438596914,0.49594298245611157,1.3695175438596914,0.49594298245611157
1,0.6555205047317664,1.4805993690852381,0.6555205047317664,1.4805993690852381
1,0.42721774193541767,2.346471774193627,0.42721774193541767,2.346471774193627
1,1.8831775700934592,0.0,1.8831775700934592,-0.05716510903429673
-1,3.5962039045551824,0.0,3.5962039045551824,-1.1193058568329093
1,1.7147522522522156,0.027702702702713015,1.7147522522522156,0.027702702702713015
1,0.28035714285715063,1.013157894736787,0.28035714285715063,1.013157894736787
1,0.013348946135888521,3.073711943793859,0.013348946135888521,3.073711943793859
-1,1.0275395033860202,0.2608352144469144,1.0275395033860202,0.32200902934537523
-1,2.6087339743590263,0.18269230769228703,2.6087339743590263,0.18269230769228703
1,0.08941798941799918,0.6269400352733228,0.08941798941799918,0.6269400352733228
-1,1.8503759398495725,0.35501253132838745,1.8503759398495725,0.35501253132838745
-1,0.29978118161923634,0.7661925601750328,0.29978118161923634,0.7661925601750328
-1,1.6011560693641345,0.0,1.6011560693641345,1.4903179190751437
-1,0.2978369384359345,1.2341930116472595,0.2978369384359345,1.2341930116472595
1,0.04758064516132616,1.8373655913979068,1.4745295698924492,1.8373655913979068
1,0.11885813148786753,1.241608996539755,0.11885813148786753,1.241608996539755
1,3.8809333333333296,0.25773333333333237,3.8809333333333296,0.25773333333333237
-1,0.15354330708656624,2.455314960629948,0.15354330708656624,2.455314960629948
-1,0.727030162412982,1.1225058004640434,0.727030162412982,1.1225058004640434
-1,0.44820717131474264,1.990139442231105,0.44820717131474264,1.990139442231105
1,3.110596026490162,0.10596026490056652,3.110596026490162,0.10596026490056652
-1,0.43406593406592925,1.455494505494557,0.43406593406592925,1.455494505494557
1,0.24678217821789786,1.8777227722771914,0.24678217821789786,1.8777227722771914
-1,0.19691119691119963,2.286486486486525,0.19691119691119963,2.286486486486525
-1,0.3466666666667152,0.7886666666666619,0.3466666666667152,0.7886666666666619
-1,1.1998644986449711,0.2249322493224702,1.1998644986449711,1.897289972899756
1,0.0,5.405498281787218,-0.0238831615119718,5.405498281787218
-1,0.332329317269024,1.3397590361445786,0.332329317269024,1.3397590361445786
1,1.163392857142915,0.18112244897960827,1.163392857142915,2.3289540816327468
1,1.9894067796610553,0.07110169491525095,1.9894067796610553,0.07110169491525095
1,1.696881287726368,0.315191146881267,1.696881287726368,0.315191146881267
1,0.6410179640718803,1.4766966067864222,0.6410179640718803,1.4766966067864222
-1,1.5739386792453578,0.5156839622641017,1.5739386792453578,0.5156839622641017
-1,1.2380395683453203,0.6359712230215995,1.2380395683453203,4.533812949640347
1,0.10142857142857663,1.038571428571426,0.10142857142857663,1.038571428571426
1,3.4531804733729614,0.0,3.4531804733729614,1.6538461538461202
1,1.223092868988443,0.07180762852397014,1.223092868988443,0.07180762852397014
-1,1.0532101167315189,0.6767023346303155,1.0532101167315189,0.6767023346303155
1,1.2062499999999545,0.3991250000000264,1.2062499999999545,0.3991250000000264
-1,0.6476368159203294,0.7309079601990462,0.6476368159203294,0.7309079601990462
1,3.2549086757989967,0.7817351598173271,3.2549086757989967,5.41632420091312
1,4.6584045584046025,0.0037037037036809113,4.6584045584046025,0.0037037037036809113
1,1.2049283154121635,0.0,1.2049283154121635,2.2686379928314975
-1,0.2185886402753862,1.0407917383820748,0.41858864027543313,1.0407917383820748
-1,0.24909365558917962,3.099093655589118,0.6354984894260429,3.099093655589118
1,0.5310836501900708,0.8035171102662019,0.5310836501900708,0.8035171102662019
-1,0.9219968798751932,1.8108424336974003,0.9219968798751932,1.8108424336974003
-1,1.139108910891014,0.8809900990098829,1.139108910891014,0.8809900990098829
1,3.270194647202009,0.0,3.270194647202009,-0.051094890510959
-1,0.07940476190480522,1.0394047619047229,1.3133333333333372,1.0394047619047229
-1,0.046961805555570155,1.4786458333333448,0.046961805555570155,1.4786458333333448
1,0.4522606382978521,3.204654255319178,0.4522606382978521,3.204654255319178
1,0.9319444444444714,1.82032828282836,1.8724747474748287,1.82032828282836
-1,1.5537037037036963,0.00881834215162725,1.5537037037036963,0.00881834215162725
-1,1.9322612085770248,0.29220272904489,1.9322612085770248,0.29220272904489
1,0.33425414364642897,1.2237569060774653,0.33425414364642897,1.2237569060774653
1,0.5283529411764689,4.156705882352927,0.5283529411764689,4.156705882352927
-1,1.4014519056261743,0.46578947368419416,1.4014519056261743,0.46578947368419416
1,3.0510638297873474,0.6981624758220322,3.0510638297873474,0.6981624758220322
-1,2.5095986038394527,0.12739965095986316,2.5095986038394527,0.12739965095986316
-1,1.4762635379060836,0.4874548736461781,1.4762635379060836,0.4874548736461781
-1,0.09146341463413324,1.5890243902439123,0.09146341463413324,1.5890243902439123
-1,0.05985037406478361,1.6029925187032732,0.549064837905225,1.6029925187032732
-1,0.464134615384633,0.7012499999999617,0.464134615384633,0.7012499999999617
1,1.184999999999929,0.3111458333333299,1.184999999999929,1.225729166666602
1,1.3803846153846413,0.19230769230769904,1.3803846153846413,2.4817307692308943
1,0.2833962264151,3.3274528301888253,2.366415094339729,3.3274528301888253
1,0.018228630278077647,0.5454685890834092,0.018228630278077647,0.5454685890834092
1,1.0301313628900368,0.30155993431854056,1.0301313628900368,0.30155993431854056
1,0.251878914404966,1.370250521920721,0.251878914404966,1.370250521920721
1,0.5422413793102605,1.5847701149425493,1.780244252873485,1.5847701149425493
1,0.48957142857138286,2.5911428571428456,0.48957142857138286,2.5911428571428456
-1,2.032415254237244,0.023305084745789555,2.032415254237244,0.023305084745789555
-1,1.098943661971812,0.14022887323950167,1.098943661971812,0.14022887323950167
1,1.5591932457785327,0.0018761726079208234,1.5591932457785327,0.0018761726079208234
-1,0.5527186761229478,0.30691489361703245,0.5527186761229478,0.30691489361703245
-1,0.4590731070496403,2.276762402088764,0.4590731070496403,2.276762402088764
-1,1.8671091445427914,0.12684365781719975,1.8671091445427914,0.19100294985252528
-1,0.10833333333334469,1.5580524344568318,0.10833333333334469,1.5580524344568318
-1,2.875302663438181,0.1962469733656237,2.875302663438181,0.35393462469731224
-1,0.207460317460278,2.4457142857141996,0.5307936507936436,2.4457142857141996
-1,0.14836795252226,2.764688427299795,0.14836795252226,2.764688427299795
-1,2.253056426332234,0.04702194357369542,2.253056426332234,0.04702194357369542
1,0.4552370452039619,0.4882579933847868,0.4552370452039619,0.4882579933847868
-1,0.24608626198080516,1.43470447284346,0.24608626198080516,1.43470447284346
-1,0.5801829268293486,1.2885670731706693,3.0285060975610296,1.2885670731706693
1,2.737417943107207,0.1137855579868685,2.737417943107207,0.1137855579868685
-1,2.230769230769269,0.06227106227092193,2.230769230769269,0.7552197802197192
1,2.4800000000000937,0.45848484848483056,2.4800000000000937,0.45848484848483056
1,0.6615384615384036,0.557495069033537,0.6615384615384036,0.557495069033537
-1,3.782692307692169,0.5658216783216493,3.782692307692169,0.5658216783216493
1,0.8059440559441065,0.45402097902103117,0.8059440559441065,0.45402097902103117
-1,2.1003861003861877,0.0,2.1003861003861877,3.133204633204648
1,2.113114754098446,0.4075409836065432,2.113114754098446,2.0413114754098287
-1,0.17414248021104506,1.5641820580474912,0.17414248021104506,1.5641820580474912
1,2.556335282651024,0.4326510721247326,2.556335282651024,0.4326510721247326
-1,4.356539509536741,0.816893732969962,4.356539509536741,0.816893732969962
1,0.3134615384616676,1.88675213675209,1.7237179487180105,1.88675213675209
1,2.5916478555303843,0.23171557562085368,2.5916478555303843,0.23171557562085368
-1,0.35353535353541155,1.6629629629628975,0.35353535353541155,1.6629629629628975
-1,1.082303370786488,0.5776685393258914,1.082303370786488,0.5776685393258914
1,1.7344623655914224,0.1296774193548566,1.7344623655914224,0.1296774193548566
-1,0.6117292225200706,1.1760053619303077,0.6117292225200706,1.1760053619303077
1,0.294855305466199,4.431350482314947,0.294855305466199,4.431350482314947
-1,3.180167597765223,0.4187150837988077,3.180167597765223,0.4187150837988077
1,0.5851063829787688,1.744680851063895,4.514361702127804,1.744680851063895
-1,1.2791866028708043,0.21363636363637897,1.2791866028708043,1.5972488038278216
1,0.0,5.935714285714184,-0.0033834586466219077,5.935714285714184
1,0.264251781472725,1.3268408551068258,0.264251781472725,1.3268408551068258
-1,1.3087531486145658,0.05667506297232616,1.3087531486145658,0.05667506297232616
1,0.13011583011583003,2.028957528957547,1.1680501930502847,2.028957528957547
1,0.34662921348317166,2.640168539325683,0.34662921348317166,2.640168539325683
1,0.144654088050323,2.9256289308176897,0.144654088050323,2.9256289308176897
-1,0.7742907801416713,5.13971631205649,0.7742907801416713,5.13971631205649
1,2.2545126353790366,0.08411552346576756,2.2545126353790366,0.7963898916968034
1,1.8578282828282584,0.22727272727274817,1.8578282828282584,0.22727272727274817
1,0.1840909090909024,1.1761363636363897,0.1840909090909024,1.1761363636363897
1,0.8957746478874175,0.7149999999999626,0.8957746478874175,0.7149999999999626
-1,0.658024691358042,0.8569444444444241,0.658024691358042,0.8569444444444241
1,3.522941176470581,0.1109803921568262,3.522941176470581,0.1109803921568262
1,3.753614457831137,0.0,3.753614457831137,-0.1888554216868604
1,0.4952593917710097,0.6449016100179018,0.4952593917710097,0.6449016100179018
1,5.045851528384388,0.039301310043732295,5.045851528384388,0.039301310043732295
1,1.0879101899826893,0.24050086355783787,1.0879101899826893,0.24050086355783787
-1,0.4690578158458019,0.6447537473233235,0.4690578158458019,0.6447537473233235
1,2.6333969465648766,0.330725190839684,2.6333969465648766,0.330725190839684
-1,0.6992105263157842,0.9174561403508951,0.6992105263157842,0.9174561403508951
-1,0.5553797468354286,0.7633966244725808,0.5553797468354286,0.7633966244725808
-1,1.5765981735160413,0.03401826484015782,1.5765981735160413,0.03401826484015782
1,3.6023474178403307,0.0,3.6023474178403307,-0.21948356807505165
-1,0.2114014251781692,1.7475059382422042,0.2114014251781692,1.7475059382422042
1,1.2255952380952435,0.9188492063492449,1.2255952380952435,0.9188492063492449
-1,1.6776455026455137,0.46759259259257674,1.6776455026455137,0.5156084656084876
-1,0.3772769089236284,0.6786568537258602,0.3772769089236284,0.6786568537258602
1,0.600087260034898,0.6046247818499184,0.600087260034898,0.6046247818499184
1,0.8134858044164186,0.10694006309146567,0.8134858044164186,0.10694006309146567
-1,0.0,1.0957735247208917,-0.0350877192982488,1.0957735247208917
1,0.09050387596901384,1.2809108527132194,0.5247093023255927,1.2809108527132194
1,4.515496368038898,0.22276029055686966,4.515496368038898,0.22276029055686966
1,0.30778032036613867,0.6496567505720944,0.30778032036613867,0.6496567505720944
-1,1.4453642384106078,0.39048013245030394,1.4453642384106078,0.39048013245030394
1,1.0692907801418345,0.0,1.0692907801418345,0.7839007092198872
-1,0.7642342342342152,0.9493693693693781,0.7642342342342152,0.9493693693693781
-1,5.25580110497216,0.20441988950275827,5.25580110497216,0.20441988950275827
1,1.1024625267665809,0.3640256959314329,1.1024625267665809,0.3640256959314329
1,0.21460506706409044,2.9050670640834326,0.21460506706409044,2.9050670640834326
-1,0.28356164383561944,1.310642781875644,0.28356164383561944,1.310642781875644
-1,0.8074503311258249,0.4980132450331219,0.8074503311258249,0.4980132450331219
1,0.4832283464567491,0.7524409448819037,0.4832283464567491,0.7524409448819037
-1,2.104221854304521,0.23211920529805077,2.104221854304521,4.119288079470066
1,0.4684734513273993,1.4211283185840995,0.4684734513273993,1.4211283185840995
1,0.2591029023746572,1.9740765171503645,0.2591029023746572,1.9740765171503645
-1,1.4182910547396574,0.55033377837114,1.4182910547396574,0.55033377837114
-1,0.02735124760079724,2.055470249520151,0.02735124760079724,2.055470249520151
-1,0.05956678700359737,1.9362815884476823,0.05956678700359737,1.9362815884476823
-1,0.08113590263693798,1.0925963488843855,0.08113590263693798,1.0925963488843855
1,0.07862595419847175,0.7476717557251938,0.07862595419847175,0.7476717557251938
1,0.95136612021855,0.8905737704918152,0.95136612021855,0.8905737704918152
-1,1.7553345388788708,0.13381555153707284,1.7553345388788708,0.6693490054249394
1,1.6918393782384051,0.08108808290146509,1.6918393782384051,0.32681347150255813
1,0.1965442764578964,2.023974082073358,0.1965442764578964,2.023974082073358
-1,0.0903790087463381,5.151603498542199,0.0903790087463381,5.151603498542199
-1,1.2017533252720676,0.19963724304716698,1.2017533252720676,0.19963724304716698
1,0.11576846307388336,1.88013972055888,0.11576846307388336,1.88013972055888
-1,2.0778911564627585,0.006802721088429587,2.0778911564627585,0.9454081632653177
-1,0.6056107954545517,1.4212357954545505,0.6056107954545517,1.4212357954545505
-1,0.4282971619365864,0.7510851419031748,0.4282971619365864,0.7510851419031748
-1,3.472758620689867,0.18965517241378635,3.472758620689867,0.18965517241378635
1,0.7604525862068947,1.8339439655173169,0.7604525862068947,1.8339439655173169
1,1.2150547445255442,0.6775547445254974,1.2150547445255442,0.6775547445254974
-1,2.691304347826136,0.6291666666666609,2.691304347826136,0.6291666666666609
1,3.9851102941176233,0.20248161764705444,3.9851102941176233,0.20248161764705444
1,0.6310269799826019,0.24482158398608353,0.6310269799826019,0.24482158398608353
-1,0.25824175824172985,2.021978021978002,0.25824175824172985,2.021978021978002
1,0.42758620689658994,3.4639080459770804,0.42758620689658994,3.4639080459770804
-1,3.6464426877469154,0.17588932806325489,3.6464426877469154,0.17588932806325489
1,0.0,1.9297752808988753,-0.02247191011233946,1.9297752808988753
1,3.2630530973451513,0.0044247787610579405,3.2630530973451513,0.0044247787610579405
-1,1.6107692307692558,0.7462499999999466,1.6107692307692558,0.7462499999999466
1,2.8835253456221213,0.11175115207376417,2.8835253456221213,0.7819124423963059
-1,0.8024653312789024,0.4262711864406698,0.8024653312789024,0.4262711864406698
-1,1.007918552036166,0.0,1.007918552036166,1.3125188536953023
-1,0.6834883720929958,1.8933720930232645,0.6834883720929958,1.8933720930232645
1,7.707482993197086,0.0,7.707482993197086,-0.015816326530585966
-1,2.893015521064285,0.33458980044346287,2.893015521064285,0.33458980044346287
-1,0.060133630289528124,2.353118040089066,0.7958797327394627,2.353118040089066
-1,0.1564417177914087,1.275000000000054,0.1564417177914087,1.275000000000054
-1,1.085650623885941,0.02869875222813435,1.085650623885941,0.6508912655971492
1,1.8810381355931678,0.7002118644068372,1.8810381355931678,0.7002118644068372
1,0.37075848303390196,2.367265469061906,0.37075848303390196,2.367265469061906
-1,1.2737804878048826,0.601524390243908,1.2737804878048826,0.601524390243908
1,0.22344322344318532,4.653113553113596,0.22344322344318532,4.653113553113596
1,0.8122278056951274,0.7358458961474051,0.8122278056951274,0.7358458961474051
-1,1.018693009118583,0.048632218844975664,1.018693009118583,0.048632218844975664
1,0.7685873605948855,3.4052044609667074,0.7685873605948855,3.4052044609667074
-1,0.06896551724140634,3.6710727969350088,0.06896551724140634,3.6710727969350088
-1,2.766153846154004,0.0,2.766153846154004,-0.07179487179492561
-1,2.0646868250540638,0.0836933045356,2.0646868250540638,0.0836933045356
1,1.5825651302605506,0.7419839679358449,1.5825651302605506,0.7419839679358449
-1,0.8799674267101563,1.3214983713354636,1.0807817589576718,1.3214983713354636
-1,0.6253283302064032,0.3789868667917466,0.6253283302064032,0.3789868667917466
-1,0.7386075949367353,1.1124208860759364,0.7386075949367353,1.1124208860759364
-1,0.8520029673590588,1.0920623145400243,0.8520029673590588,1.0920623145400243
-1,0.05194805194805514,2.53777056277063,0.05194805194805514,2.53777056277063
1,1.1141873278237198,0.1501377410468569,1.1141873278237198,1.003719008264469
-1,1.617837078651679,0.6891853932583951,1.617837078651679,0.6891853932583951
-1,5.401593137255026,0.14436274509802752,5.401593137255026,0.14436274509802752
1,0.5365691489361522,2.2587765957447306,0.5365691489361522,2.2587765957447306
-1,0.9290356394129835,0.4547169811320974,0.9290356394129835,0.4547169811320974
1,0.24559859154929964,1.5345070422535467,1.3165492957746974,1.5345070422535467
-1,0.6972996515679527,1.0729965156794592,0.6972996515679527,1.0729965156794592
-1,0.09090909090909909,1.5236166007905174,0.09090909090909909,1.5236166007905174
-1,0.20921305182339933,1.5678502879078575,0.4583493282149963,1.5678502879078575
-1,0.0,4.285423197492073,-0.018808777429520935,4.285423197492073
1,0.80868945868948,0.7183760683760874,0.80868945868948,0.7183760683760874
-1,0.4722222222221696,1.1621527777777267,0.4722222222221696,1.1621527777777267
-1,0.30867970660146715,2.282762836185766,1.1095354523227017,2.282762836185766
-1,0.3217680608365232,1.2710076045627487,0.3217680608365232,1.2710076045627487
1,0.5285515320333516,1.6178272980500716,0.5285515320333516,1.6178272980500716
-1,2.937147887324187,0.29507042253512755,2.937147887324187,0.4441901408450275
-1,0.12299465240642654,1.9450534759358211,0.12299465240642654,1.9450534759358211
1,2.816608391608548,0.7452797202796528,2.816608391608548,0.7452797202796528
1,0.3208333333333136,2.0014583333332516,1.300208333333281,2.0014583333332516
1,1.8693014705881925,0.18970588235296737,1.8693014705881925,1.139889705882429
1,0.6981651376146285,0.10378440366974469,0.6981651376146285,0.10378440366974469
-1,0.9673553719008164,1.239669421487566,0.9673553719008164,1.239669421487566
-1,1.4235849056604644,0.4764150943396071,1.4235849056604644,3.4836477987423096
1,3.198947368421141,0.0,3.198947368421141,-0.06315789473686646
-1,8.582352941176888,0.3309688581314257,8.582352941176888,0.3309688581314257
-1,0.5866863905326166,0.945710059171635,0.5866863905326166,0.945710059171635
-1,1.709462151394475,0.1593625498008336,1.709462151394475,0.1593625498008336
-1,0.8298742138363573,1.0265723270440041,1.4869496855345425,1.0265723270440041
-1,0.4360134003350554,1.0132328308207623,0.4360134003350554,1.0132328308207623
1,0.8071428571428273,0.8889795918367634,0.8071428571428273,0.8889795918367634
-1,0.08847184986596228,0.7274128686327086,0.08847184986596228,0.7274128686327086
-1,1.5598605577688904,0.04581673306773287,1.5598605577688904,0.04581673306773287
-1,0.9367796610169421,1.0430508474576103,1.7596610169491358,1.0430508474576103
1,0.6658894645940873,0.5557858376511172,0.6658894645940873,0.5557858376511172
-1,1.7820116054159074,0.3301740812379417,1.7820116054159074,0.3301740812379417
1,2.791584158415883,0.020792079207924582,2.791584158415883,0.020792079207924582
1,0.11553784860559381,0.8278220451527017,0.11553784860559381,0.8278220451527017
-1,0.4508510638297163,1.3452127659574802,0.4508510638297163,1.3452127659574802
1,1.3201098901098285,0.1082417582417679,1.3201098901098285,0.4358241758241468
-1,3.01346749226006,0.1393188854489297,3.01346749226006,0.1393188854489297
1,1.083100558659255,0.6357541899441658,1.083100558659255,0.6357541899441658
-1,1.9643222506393292,0.2020460358056712,1.9643222506393292,0.2020460358056712
1,0.0043668122270701165,1.518449781659349,0.0043668122270701165,1.518449781659349
1,0.7898601398601517,3.6152680652681233,0.7898601398601517,3.6152680652681233
-1,0.6848326359832702,0.855020920502047,0.6848326359832702,0.855020920502047
-1,1.9193436960275803,0.2590673575129448,1.9193436960275803,1.0720207253885843
1,1.0058472553699258,0.3090692124104874,1.0058472553699258,0.3090692124104874
-1,1.4340648854961804,0.5279580152671652,1.4340648854961804,0.5279580152671652
1,0.7169642857143143,0.2285714285714363,0.7169642857143143,0.2285714285714363
1,1.6520286396182127,0.4065632458233698,1.6520286396182127,0.4065632458233698
-1,1.1285472972973336,0.1937499999999556,1.1285472972973336,0.1937499999999556
1,0.3310276679842292,2.727865612648138,1.1462450592885858,2.727865612648138
-1,0.03578947368417797,1.229578947368473,0.03578947368417797,1.229578947368473
-1,0.5077127659574157,1.239228723404253,1.4881648936169987,2.377127659574501
-1,0.7890109890109395,0.9860439560439118,0.7890109890109395,0.9860439560439118
-1,1.861380145278346,0.3268765133172157,1.861380145278346,0.3268765133172157
-1,0.5307792207792319,3.4780519480519647,0.5307792207792319,3.4780519480519647
-1,1.4712941176470957,0.04235294117648557,1.4712941176470957,0.04235294117648557
1,1.5757621951218934,0.21448170731709826,1.5757621951218934,0.7411585365853842
1,0.3320413436692029,2.0505167958656414,0.3320413436692029,2.0505167958656414
1,0.29538461538462657,1.3976923076923133,0.6083076923076498,1.3976923076923133
-1,0.37678571428574315,1.6518750000000044,0.37678571428574315,1.6518750000000044
-1,2.320914542728594,0.0029985007496224274,2.320914542728594,0.0029985007496224274
1,0.7271653543306814,1.0034120734908523,0.7271653543306814,1.0034120734908523
-1,1.4230627306273624,0.1316728167281739,1.4230627306273624,0.1316728167281739
1,0.19483414899402438,0.20046220772159049,0.19483414899402438,0.20046220772159049
1,0.24431664411365545,0.5460081190798413,0.24431664411365545,0.5460081190798413
1,1.0024128686327116,0.4529490616621835,1.0024128686327116,0.4529490616621835
1,0.13186813186813598,1.4523809523809543,0.13186813186813598,1.4523809523809543
-1,0.6380126182965268,2.188328075709697,0.6380126182965268,2.188328075709697
-1,0.8572998430140791,0.42182103610676225,0.8572998430140791,0.42182103610676225
1,2.987519500779972,0.24219968798751781,2.987519500779972,0.24219968798751781
-1,0.08904109589048811,1.9981735159817784,0.08904109589048811,1.9981735159817784
1,0.4761467889908416,2.7118119266055594,0.4761467889908416,2.7118119266055594
-1,0.07096774193548955,1.6167741935482978,0.07096774193548955,1.6167741935482978
1,0.47556338028170725,1.0099999999999878,0.47556338028170725,1.0099999999999878
1,0.49344703770196646,0.4170556552962512,0.49344703770196646,0.4170556552962512
-1,3.016123778501729,0.03257328990232524,3.016123778501729,0.03257328990232524
1,1.0833333333333026,0.6598915989160262,1.0833333333333026,0.6598915989160262
1,1.780121951219577,0.0236585365853615,1.780121951219577,0.7032926829268236
-1,1.3692216981132437,0.719103773584899,1.3692216981132437,0.719103773584899
1,0.3741987179487369,2.643589743589778,0.5637820512821485,2.643589743589778
-1,0.07826086956521625,2.5752173913044514,1.0314492753624007,2.5752173913044514
1,0.779761904761908,3.3451058201058728,0.779761904761908,3.3451058201058728
1,2.724923547400683,0.31574923547401623,2.724923547400683,0.31574923547401623
1,0.2750809061489187,1.3114886731391964,1.172168284789698,1.3114886731391964
1,0.38226890756298226,0.45243697478995193,0.38226890756298226,0.45243697478995193
-1,0.5119942196531254,1.5434971098265133,0.5119942196531254,1.5434971098265133
1,0.3566066066066144,5.392792792792935,0.3566066066066144,5.392792792792935
-1,0.2179104477611906,2.6747761194029174,0.2179104477611906,2.6747761194029174
1,1.71848739495787,0.3880252100840594,1.71848739495787,0.3880252100840594
-1,3.65664062500003,0.6162109375000522,3.65664062500003,0.6162109375000522
-1,3.8970588235293073,0.6613235294117908,3.8970588235293073,0.6613235294117908
-1,0.8957489878543604,4.346963562753329,0.8957489878543604,4.346963562753329
-1,0.847080291970847,0.9773722627737592,0.847080291970847,0.9773722627737592
1,3.6074766355140544,0.8554906542056503,3.6074766355140544,0.8554906542056503
-1,1.731476997578663,0.2668280871670297,1.731476997578663,0.2668280871670297
1,2.8155052264809535,0.34843205574914216,2.8155052264809535,0.6135888501742279
-1,0.08802816901408704,2.9059859154930163,0.08802816901408704,2.9059859154930163
-1,1.3562857142857216,0.0,1.3562857142857216,-0.03874285714282451
-1,1.1527707808564465,0.1154911838790246,1.1527707808564465,0.6301007556674644
-1,1.2315298507461756,0.3585820895523199,1.2315298507461756,1.5975746268656528
1,8.218407310705114,0.0,8.218407310705114,-0.19190600522190965
-1,0.31403508771928934,1.0275438596491493,0.31403508771928934,1.0275438596491493
1,2.697588832487338,0.020304568527900035,2.697588832487338,0.020304568527900035
1,1.156552706552665,0.5538461538462086,1.156552706552665,0.8414529914530154
1,0.7332699619772253,0.5502851711026397,0.7332699619772253,0.5502851711026397
-1,1.0566037735850287,0.0,1.0566037735850287,3.236037735849193
1,0.13350125944583605,1.4464735516372857,0.4727959697733419,1.4464735516372857
-1,1.8432228915663738,0.4721385542168409,1.8432228915663738,0.4721385542168409
1,4.418750000000125,0.2916666666666808,4.418750000000125,0.2916666666666808
-1,1.6521594684385288,0.8696013289036783,1.6521594684385288,0.8696013289036783
1,0.31315240083507545,1.9918580375782906,0.31315240083507545,1.9918580375782906
1,3.4426229508197235,0.5573770491803511,3.4426229508197235,0.5573770491803511
-1,1.3570362473347193,0.25298507462686776,1.3570362473347193,0.25298507462686776
-1,1.3085129310344086,0.0,1.3085129310344086,0.12112068965519686
-1,0.47838753387535654,0.43780487804878676,0.47838753387535654,0.43780487804878676
1,2.198159057437428,0.0016936671575948723,2.198159057437428,0.0016936671575948723
1,0.6426724137930938,1.279597701149346,0.6426724137930938,1.279597701149346
-1,0.9163934426230105,0.837822014051496,0.9163934426230105,0.837822014051496
1,1.544006849315078,0.0,1.544006849315078,2.689383561643713
1,0.4979051819183992,0.6698456449834829,0.4979051819183992,0.6698456449834829
-1,0.6434243176179453,1.0121588089329971,0.6434243176179453,1.0121588089329971
-1,0.873392857142885,0.32973214285712643,0.873392857142885,0.32973214285712643
-1,1.466574585635395,0.5193370165745687,1.466574585635395,0.7741712707182579
-1,1.2916107382550794,0.02013422818790103,1.2916107382550794,5.04412751677851
1,0.5243970315398818,1.0376623376623337,0.5243970315398818,1.0376623376623337
1,2.9964041095889313,0.46712328767123246,2.9964041095889313,0.46712328767123246
1,1.5864686468647813,0.7859735973597298,1.5864686468647813,1.3277227722772853
1,2.480298013245085,0.09652317880796145,2.480298013245085,0.09652317880796145
1,0.2948830409357072,0.442251461988308,0.2948830409357072,0.442251461988308
-1,1.9435251798562232,0.17266187050360535,1.9435251798562232,0.17266187050360535
1,0.5892857142857089,1.0796296296296721,0.5892857142857089,1.0796296296296721
-1,0.10491071428569948,1.5735119047618553,2.376339285714203,1.5735119047618553
-1,0.0,5.06787003610112,0.5146209386281826,5.06787003610112
1,0.6125954198473341,0.6566793893129385,0.6125954198473341,0.6566793893129385
-1,3.444974874371904,0.45678391959792664,3.444974874371904,0.45678391959792664
1,1.1542768273717285,0.020217729393450245,1.1542768273717285,0.020217729393450245
1,0.4817369093231123,0.2506385696041008,0.4817369093231123,0.2506385696041008
-1,0.15909090909092002,1.0395348837209566,0.15909090909092002,1.0395348837209566
-1,0.25102880658437293,1.7123456790123581,0.25102880658437293,1.7123456790123581
1,2.9812307692307933,0.31184615384616055,2.9812307692307933,0.31184615384616055
-1,2.2625468164793165,0.4522471910112168,2.2625468164793165,0.4522471910112168
1,0.630901856763937,1.618302387267882,0.630901856763937,1.618302387267882
-1,0.23942598187312122,1.3314199395770387,0.23942598187312122,1.3314199395770387
1,0.3807339449541882,2.641284403669665,0.3807339449541882,2.641284403669665
-1,1.876571428571489,0.07099999999997765,1.876571428571489,0.21871428571427845
1,4.456521739129983,0.11413043478261944,4.456521739129983,0.11413043478261944
-1,0.01038152089280179,1.3759408253309182,0.01038152089280179,1.3759408253309182
1,0.09810916874771769,1.550838387442039,2.470567249375474,3.2131644666427412
1,4.157419354838603,0.08387096774195536,4.157419354838603,0.08387096774195536
1,0.08367346938768905,2.1225765306122732,0.08367346938768905,2.1225765306122732
1,1.0745471014492223,0.8702898550724825,1.0745471014492223,0.8702898550724825
-1,0.35421686746987835,2.6209638554216728,0.35421686746987835,2.6209638554216728
1,0.15694265694263243,0.7245102245102264,0.15694265694263243,0.7245102245102264
1,1.155670750863963,0.2387684574300951,1.155670750863963,0.7109644989003849
1,0.19060324825983518,0.9742459396751767,0.19060324825983518,0.9742459396751767
1,0.022670375521559066,1.0595966620306272,0.1805285118219422,1.0595966620306272
-1,3.7315851819943706,0.29603704501397576,3.7315851819943706,0.29603704501397576
1,0.3641380049287788,0.5845923068680767,0.3641380049287788,0.5845923068680767
-1,0.2875890736342005,0.6189429928741342,0.2875890736342005,0.6189429928741342
-1,0.20558419243982018,2.0939003436425567,0.20558419243982018,2.0939003436425567
1,0.03647638154295958,1.8854641619551873,0.03647638154295958,1.8854641619551873
1,0.1451449275362413,1.037065217391276,0.1451449275362413,1.037065217391276
1,0.7279334316410317,0.8345270697282611,0.7279334316410317,0.8345270697282611
-1,0.6629229456924077,1.3881148706283086,0.8932328689224143,1.3881148706283086
-1,0.5884529977794373,0.8992104613866234,0.5884529977794373,0.8992104613866234
1,0.0,5.145784267545742,-0.0028261893546198706,5.145784267545742
1,0.07701661937578619,2.617957032833521,0.07701661937578619,2.617957032833521
1,1.9067411805797947,0.0,1.9067411805797947,0.26231225986725865
1,0.4264367816092334,2.5736590038314864,0.4264367816092334,2.5736590038314864
-1,1.1304973821989346,0.16230366492155915,1.1304973821989346,0.7683246073299009
1,4.4755244755243515,0.3323023130715988,4.4755244755243515,0.3323023130715988
1,1.5712365591397808,0.008870967741909014,1.5712365591397808,0.008870967741909014
1,0.14949392712549042,1.2555668016193935,1.650202429149788,1.2555668016193935
1,1.500409836065564,0.23265027322403503,1.500409836065564,0.5724043715846941
-1,0.17753214527414013,1.3786374915406634,0.28535980148885676,1.3786374915406634
-1,0.5847254309578891,0.5987204549493816,0.5847254309578891,0.5987204549493816
-1,0.1356389502085139,1.3850870738287802,0.1356389502085139,1.3850870738287802
1,0.013961038961003416,2.8517857142855725,0.013961038961003416,2.8517857142855725
-1,0.23346137430644817,3.126973965002087,0.23346137430644817,3.126973965002087
-1,1.5846198156681506,0.20115207373272304,1.5846198156681506,0.20115207373272304
1,0.6635728542914071,0.6237524950099812,0.6635728542914071,0.6237524950099812
1,0.2788902795160406,2.811848143512443,2.20337922402991,2.811848143512443
1,2.2324389508592657,0.19987940910461546,2.2324389508592657,0.19987940910461546
1,0.5895640388525372,0.26270612152695005,0.5895640388525372,0.26270612152695005
1,4.214054054054029,0.08459459459462108,4.214054054054029,0.08459459459462108
-1,3.3060440921475758,0.11072578647513316,3.3060440921475758,0.11072578647513316
1,0.3398734177216045,1.9632911392405092,2.919198312236515,1.9632911392405092
-1,0.8915935465610468,0.814605151429447,0.8915935465610468,0.814605151429447
-1,2.755202312138671,0.6985549132948319,2.755202312138671,0.6985549132948319
1,1.5588089943168475,0.037064492216366506,1.5588089943168475,1.9755374351370991
-1,3.5632297644964424,0.09360775776765629,3.5632297644964424,0.40471007322380614
-1,2.4714024390244975,0.007317073170669758,2.4714024390244975,0.007317073170669758
-1,1.095261845386606,0.5447630922692889,1.095261845386606,0.5447630922692889
1,0.11620400258229929,1.4622336991606646,0.11620400258229929,1.4622336991606646
-1,0.7305609703270685,1.1079705436430916,0.7305609703270685,1.1079705436430916
1,0.930809002433129,0.19884428223842868,0.930809002433129,0.19884428223842868
-1,1.5140988372093322,0.5914244186045698,1.5140988372093322,0.5914244186045698
1,1.0255040322580342,0.3715725806451736,1.0255040322580342,0.3715725806451736
1,1.4136106325374522,0.09672655673148393,1.4136106325374522,0.09672655673148393
-1,1.3368471820311898,0.08798401543334836,1.3368471820311898,0.08798401543334836
1,0.5616156023132679,0.14254952627048575,0.5616156023132679,0.14254952627048575
1,0.5190747453822795,0.46685655100987816,0.5190747453822795,0.46685655100987816
1,0.7713470319635501,0.38127853881270846,0.7713470319635501,0.38127853881270846
-1,0.7128664495114078,1.893973941368102,1.6791530944625666,4.292019543974041
1,0.26594639517966306,3.286931227924336,0.26594639517966306,3.286931227924336
1,0.857443976037243,0.3724206789438568,0.857443976037243,0.3724206789438568
1,1.3277871621622355,0.09197635135134884,1.3277871621622355,0.09197635135134884
-1,0.989210140372924,0.2984496124031231,0.989210140372924,0.2984496124031231
-1,0.41635314773021587,1.2089290193127382,1.5971908703286684,1.2089290193127382
-1,3.732743186791463,0.2844638949671551,3.732743186791463,0.2844638949671551
1,1.2547663236038011,0.15960857094649758,1.2547663236038011,0.15960857094649758
-1,0.5802899358796317,1.86541678282684,0.7262336214107202,1.86541678282684
1,0.7740693196405357,0.9605905006418755,0.7740693196405357,0.9605905006418755
1,0.29779514373429594,1.4182947250906253,0.29779514373429594,1.4182947250906253
1,0.24021739130435257,4.345199275362292,0.24021739130435257,4.345199275362292
-1,0.5574410163339006,1.0444646098003845,0.5574410163339006,1.0444646098003845
1,1.243939393939355,0.11729055258465006,1.243939393939355,0.11729055258465006
1,1.8658412974225254,0.0,1.8658412974225254,-0.11294526498693182
1,1.4398241206030387,0.9878140703517329,1.4398241206030387,0.9878140703517329
-1,5.268589743589888,0.1817307692307779,5.268589743589888,0.1817307692307779
1,0.7190694395489694,1.1284807895664113,0.7190694395489694,1.1284807895664113
-1,1.1369251467710049,0.4101027397260161,1.1369251467710049,0.7239481409001455
-1,2.1398566593668376,0.2613975711726191,2.1398566593668376,0.2613975711726191
1,0.23017456359108013,1.462718204488809,0.23017456359108013,1.462718204488809
-1,0.1237240952675835,1.893906588307978,0.1237240952675835,1.893906588307978
1,0.06449062570588382,1.299186808222302,0.06449062570588382,1.299186808222302
-1,1.87784970447504,0.42260061919499126,1.87784970447504,0.42260061919499126
1,2.0142343422235243,0.4936320047947912,2.0142343422235243,0.4936320047947912
1,1.7592834348708144,0.39120974760661814,1.7592834348708144,0.39120974760661814
1,0.6760583123072408,1.9600504625736117,2.212363330529839,1.9600504625736117
-1,3.4747789911595333,0.15236609464384804,3.4747789911595333,0.15236609464384804
1,0.5440725901485101,0.9357176526042679,0.5440725901485101,0.9357176526042679
-1,0.38498817966903637,1.8600472813239082,1.494089834515345,1.8600472813239082
-1,1.249419392297307,0.05835107412425733,1.249419392297307,0.05835107412425733
-1,0.8278688524589904,4.991188524590046,0.8278688524589904,4.991188524590046
-1,1.3038732394365955,0.645492957746499,1.3038732394365955,0.645492957746499
-1,0.2794759825328985,1.0093886462881367,1.3792576419215201,2.054585152838429
1,1.4318627450980517,0.5681372549019483,1.4318627450980517,2.5348039215686597
1,1.7732087227413444,0.7005451713396182,1.7732087227413444,0.7005451713396182
-1,0.15601769911503466,3.24787610619464,0.15601769911503466,3.24787610619464
-1,0.846925004819764,0.2701947175631327,0.846925004819764,0.2701947175631327
-1,0.37832036490470106,1.7417493962972719,0.37832036490470106,1.7417493962972719
1,0.8205786280914087,6.017732151189925,0.8205786280914087,6.017732151189925
1,0.385906040268514,4.3511744966445995,0.385906040268514,4.3511744966445995
-1,0.39529085872581,1.0839335180055731,0.39529085872581,1.0839335180055731
-1,2.0394021739129973,0.5295289855072897,2.0394021739129973,0.5295289855072897
-1,0.1831950207468425,1.8304979253112075,0.1831950207468425,1.8304979253112075
1,7.0828729281771,0.5864640883976951,7.0828729281771,0.5864640883976951
1,0.49283242708837144,1.7161393969352048,0.49283242708837144,1.7161393969352048
1,1.2974769860210433,0.22945789294245852,1.2974769860210433,0.6771224002728728
-1,0.4706611570247677,3.4435261707987945,0.4706611570247677,3.4435261707987945
1,2.52461595409956,0.004256894317997068,2.52461595409956,0.004256894317997068
1,2.3678626875970203,0.0,2.3678626875970203,-0.006900120752106856
1,0.3530651677499076,1.2453890743017633,0.3530651677499076,1.2453890743017633
1,5.790893470790663,0.0,5.790893470790663,0.09621993127155123
1,1.3562385321101131,0.2091743119265804,1.3562385321101131,0.2091743119265804
-1,0.5907051282050999,5.177884615384861,0.5907051282050999,5.177884615384861
-1,0.15118505013676037,0.3073381950774661,0.15118505013676037,0.3073381950774661
-1,3.461160714285567,0.07008928571435365,3.461160714285567,0.5359375000001652
1,0.36021389218969363,0.5645187425732047,0.36021389218969363,0.5645187425732047
1,1.06848030018762,0.7008911819888051,1.06848030018762,0.7008911819888051
1,1.7614166666666808,0.05100000000000667,1.7614166666666808,1.6299166666666072
-1,0.4293522267206315,0.9629892037786862,0.4293522267206315,0.9629892037786862
1,1.2023907103825286,0.28763661202184576,1.2023907103825286,0.8937158469945319
-1,0.17434025828188823,2.60874040801044,0.17434025828188823,2.60874040801044
-1,0.23561158662562476,0.5111945018341263,0.23561158662562476,0.5111945018341263
-1,0.8844757783051655,0.6347200893480904,0.8844757783051655,0.6347200893480904
-1,0.2623617693523081,0.8882306477093064,0.2623617693523081,0.8882306477093064
1,1.7319428144671247,0.3307372239411041,1.7319428144671247,0.3307372239411041
-1,0.4574170585992504,0.46587009025038184,0.4574170585992504,0.46587009025038184
-1,3.2826943431729325,0.21221921674702207,3.2826943431729325,0.21221921674702207
1,0.18862831858408813,1.0326106194690101,0.18862831858408813,1.0326106194690101
-1,0.8732787170995157,1.6307303468712249,0.8732787170995157,1.6307303468712249
-1,0.25294117647057435,5.106862745097917,0.25294117647057435,5.106862745097917
1,0.4175944801630909,1.0360671161988426,1.123804296691249,1.0360671161988426
1,0.009812829365733423,2.801744502998307,0.009812829365733423,2.801744502998307
-1,0.9434472934472379,6.322934472934514,0.9434472934472379,6.322934472934514
-1,0.44898612593384807,2.0241728922092013,0.44898612593384807,2.0241728922092013
-1,2.720422535211191,0.33017605633803615,2.720422535211191,0.33017605633803615
1,1.2433114588591863,0.23296314992426265,1.2433114588591863,0.2741881204777986
1,1.7811936936936725,0.4015765765765495,1.7811936936936725,3.3373873873872917
1,0.9221271393642294,1.0387530562347183,1.7834352078238778,1.0387530562347183
-1,0.6881792267949749,1.1968644218777444,0.6881792267949749,1.1968644218777444
1,2.113427856547159,0.2617458993605534,2.113427856547159,0.2617458993605534
1,0.6262880562060985,4.964402810304439,0.6262880562060985,4.964402810304439
-1,0.3570179584121312,3.4698015122873502,0.3570179584121312,3.4698015122873502
1,0.7750456886525934,0.15174170681731372,0.7750456886525934,0.15174170681731372
1,1.145525727069357,0.2707774049217018,1.145525727069357,0.2707774049217018
1,0.05152198421649702,1.4482243517474387,0.05152198421649702,1.4482243517474387
-1,1.2696799999999713,0.1024000000000524,1.2696799999999713,3.970880000000034
1,1.4504912715825724,0.14623676428502427,1.4504912715825724,3.8177763998855805
1,2.075637104994946,0.0,2.075637104994946,-0.03608562691131945
-1,0.7481323372464969,1.2906616862326843,0.7481323372464969,1.2906616862326843
-1,1.1706707153702156,0.06430293828702394,1.1706707153702156,0.06430293828702394
-1,1.550522875817048,0.0,1.550522875817048,-0.009150326797407184
1,1.7689629211368785,0.13739883305101364,1.7689629211368785,0.13739883305101364
-1,0.7234375000000276,0.9069940476190141,0.7234375000000276,0.9069940476190141
-1,1.3964186146257889,0.27085567231399194,1.3964186146257889,1.1978876259918885
-1,0.056206088992923356,8.542857142857248,0.056206088992923356,8.542857142857248
-1,1.1688839285714234,0.005089285714307457,1.1688839285714234,0.005089285714307457
1,2.069367369589309,0.5087601078167477,2.069367369589309,0.5087601078167477
1,0.7543835427309737,3.4844677619770876,0.7543835427309737,3.4844677619770876
1,0.4663212435232819,1.6662016739737209,0.4663212435232819,1.6662016739737209
-1,0.4682828000558776,1.1860416375576008,0.4682828000558776,1.1860416375576008
1,4.1578852073147505,0.4948397609993937,4.1578852073147505,0.4948397609993937
-1,0.6257392001603571,1.6932444622632035,0.6257392001603571,1.6932444622632035
-1,3.17107843137261,0.26024955436719227,3.17107843137261,0.26024955436719227
-1,1.3424738998281704,0.06700145368046272,1.3424738998281704,2.0026760935641645
-1,0.017964824120606588,1.3668027638190965,0.8783291457286502,1.3668027638190965
1,0.3724725079815698,0.9056107366678684,0.3724725079815698,0.9056107366678684
1,2.8438899202795707,0.2908157693567798,2.8438899202795707,0.2908157693567798
1,1.5127126394733184,0.0,1.5127126394733184,2.7305652094384922
-1,0.4895479966993437,0.46195104061612197,0.4895479966993437,0.46195104061612197
-1,0.5802127659574118,2.3137234042553234,0.5802127659574118,2.3137234042553234
-1,0.3038095238094769,3.548571428571289,5.467777777777639,3.548571428571289
1,0.8893027413587303,0.42246722288440475,0.8893027413587303,0.42246722288440475
1,1.075235109717915,0.8900940438871363,1.075235109717915,0.8900940438871363
-1,0.0,1.9168035375868884,-0.0025268477574203287,1.9168035375868884
-1,0.0,1.3884815154292987,1.1597158570118773,4.984570730217047
-1,6.597391786903515,0.16389197188300422,6.597391786903515,0.16389197188300422
-1,3.6108243922314958,0.4528724704604118,3.6108243922314958,0.4528724704604118
-1,0.22094652448042904,1.9686697283412355,0.22094652448042904,1.9686697283412355
-1,0.18535127055303013,4.388116591928264,0.18535127055303013,4.388116591928264
-1,0.0,4.276379949288158,0.3594694753266753,4.276379949288158
1,0.17180256340336064,1.059994545950377,1.6288519225525204,3.751840741750846
-1,3.1334758111521537,0.0,3.1334758111521537,-0.0032057509228581886
1,2.298512798512814,0.1248391248391327,2.298512798512814,0.1248391248391327
1,0.43068391866911127,1.7063770794823898,0.43068391866911127,1.7063770794823898
-1,1.2888909651499465,0.49532841259460386,1.2888909651499465,0.49532841259460386
1,0.9767496477219686,3.5929231250978657,0.9767496477219686,3.5929231250978657
1,1.8733509234828887,0.1548609701643869,1.8733509234828887,0.1548609701643869
-1,0.4387291981846166,1.6465312297384678,2.954398098119778,1.6465312297384678
-1,0.45800316957214776,2.4913402762056065,0.7882046637990469,2.4913402762056065
-1,0.6024875621891015,1.7067164179104246,0.6024875621891015,1.7067164179104246
-1,2.2848948374760565,0.0,2.2848948374760565,0.9913001912046425
1,0.2594594594594661,2.636486486486422,0.7416891891892322,2.636486486486422
1,0.6733174508635498,0.5615445701806744,0.6733174508635498,0.5615445701806744
1,2.063316151202676,0.14776632302415085,2.063316151202676,0.14776632302415085
-1,1.1431027894535235,0.6299197554451256,1.1431027894535235,4.984715322888471
1,3.219660486395396,0.19299301709602734,3.219660486395396,0.9678545629664966
1,0.34908136482938223,4.428543307086676,0.34908136482938223,4.428543307086676
1,0.7065330107154678,3.2048047010024083,0.7065330107154678,3.2048047010024083
1,2.0650510204082724,0.443707482993133,2.3476190476192778,2.907993197278955
1,2.6930163580800905,0.11073161962969157,2.6930163580800905,0.11073161962969157
-1,0.006885471654854324,1.2518935047050406,1.3855864126693371,1.5348290107872375
1,0.15165523411867066,2.7008648971070275,0.39024753951680335,2.7008648971070275
1,0.0,5.229962894248502,-0.03339517625228812,5.229962894248502
1,0.5048295454545605,1.1362215909090678,2.0223011363636583,1.1362215909090678
1,0.2447747329308381,14.454946586160121,0.2447747329308381,14.454946586160121
1,0.41193609022555105,2.73684210526318,0.41193609022555105,2.73684210526318
1,0.7614903453902854,4.192276312210878,0.7614903453902854,4.192276312210878
1,0.7173949721612332,0.8404757887632839,0.7173949721612332,0.8404757887632839
1,1.485473034320011,0.3228618122389273,1.485473034320011,0.3228618122389273
-1,0.10838476591901612,0.9117115760951209,0.10838476591901612,0.9117115760951209
-1,1.4506805892224721,0.15103486854371376,1.4506805892224721,1.8403878426253566
-1,0.6521463646444275,0.9688737525740866,0.6521463646444275,0.9688737525740866
1,0.652430555555498,2.330555555555516,0.652430555555498,2.330555555555516
-1,1.1072107765451724,0.8152931854199563,1.1072107765451724,0.8152931854199563
1,1.4220338983050587,0.6768765133172157,1.4220338983050587,1.456416464891027
-1,0.8110588762032611,0.6923550481307775,0.8110588762032611,0.6923550481307775
1,0.3516216216216468,1.288423423423396,0.9963963963964406,1.288423423423396
-1,1.605342589797853,0.3264412918804849,1.605342589797853,0.3264412918804849
-1,0.5181818181817751,0.9956439393939134,0.5181818181817751,0.9956439393939134
1,0.007317073170780672,1.4101219512195005,1.8613414634147212,1.4101219512195005
-1,1.6349498327759981,0.37792642140456556,1.6349498327759981,2.1732441471571238
1,4.451654411764776,0.20906862745100016,4.451654411764776,0.20906862745100016
1,0.5418858367426073,1.9166179622053614,0.5418858367426073,1.9166179622053614
1,0.10328207482218862,1.1243401422997175,0.5856093642414619,1.1243401422997175
1,0.25799999999999274,3.4929000000000086,0.7380000000000109,3.4929000000000086
1,1.4233455882353874,0.13290441176470763,1.4233455882353874,0.8674632352941908
1,2.4504562043795515,0.11313868613136657,2.4504562043795515,0.11313868613136657
1,6.518433179724063,0.9716589861751023,6.518433179724063,0.9716589861751023
-1,0.5335470085469938,5.746688034188307,4.052136752136882,5.746688034188307
1,1.5926917926153612,0.326860531853793,1.5926917926153612,0.8389133346087392
1,0.5057815845824016,0.7689507494646335,0.5057815845824016,0.7689507494646335
1,0.8741279069767482,0.9712209302325121,0.8741279069767482,0.9712209302325121
1,0.7542145593869826,2.6339080459771607,0.7542145593869826,2.6339080459771607
-1,0.4821935077213904,2.185628742515023,0.4821935077213904,2.185628742515023
1,0.10131654264460642,2.0377790497995427,0.9068402976530162,2.0377790497995427
1,0.421632950610565,0.550665208675053,0.421632950610565,0.550665208675053
1,1.35875017916005,0.3234914719793655,1.35875017916005,0.3234914719793655
-1,0.07305194805192025,1.2224025974026587,0.07305194805192025,1.2224025974026587
-1,0.7925437031751758,1.1105957902246542,0.7925437031751758,1.1105957902246542
1,0.1561258455921554,0.7797433694835411,0.1561258455921554,0.7797433694835411
1,2.582587064676644,0.6343283582089467,2.582587064676644,0.6343283582089467
1,0.6730385638297852,0.1691489361702196,0.6730385638297852,0.1691489361702196
1,0.3039012168933255,0.40409806728702896,0.3039012168933255,0.40409806728702896
-1,1.129017166300781,0.07585381653291542,1.129017166300781,0.07585381653291542
1,1.2436428571428613,0.7887142857142797,1.2436428571428613,0.7887142857142797
-1,1.2078583061889856,0.013029315960900472,1.2078583061889856,0.36237785016285917
1,0.4130434782608827,0.42351440416710484,0.4130434782608827,0.42351440416710484
1,0.625083034409446,0.8703334661884045,0.625083034409446,0.8703334661884045
1,0.5733878412237952,0.3680601345114062,0.5733878412237952,0.3680601345114062
1,0.0,0.6728013029315869,-0.0037459283387477763,0.6728013029315869
-1,1.600350058343086,0.17934655775960545,1.600350058343086,0.17934655775960545
1,0.2827310632383526,0.3618137595552345,0.2827310632383526,0.3618137595552345
-1,0.44024345260051795,1.5338128611828323,0.44024345260051795,1.5338128611828323
-1,0.5329341317365318,4.926347305389328,0.8616766467066548,4.926347305389328
-1,0.24775862068962984,1.5430172413792915,0.24775862068962984,1.5430172413792915
-1,2.22928904192836,0.8468199311323279,2.22928904192836,0.8468199311323279
1,1.3624787775891791,0.28404074702886895,1.3624787775891791,0.28404074702886895
1,0.5417100062408583,1.7143748699813157,1.1443727896817053,1.7143748699813157
1,3.049344978166014,0.05371179039298496,3.049344978166014,0.05371179039298496
-1,0.8814814814814513,0.19841915085817363,0.8814814814814513,0.19841915085817363
-1,2.383407079646058,0.11133849557521726,2.383407079646058,0.11133849557521726
1,0.24011560693641976,1.4884682080924887,0.24011560693641976,1.4884682080924887
1,1.8304728546409688,0.11436077057793623,1.8304728546409688,0.11436077057793623
1,0.1781499202552141,1.4070972886762387,0.8480861244019338,1.4070972886762387
1,0.3329079824188174,0.4639869559052864,0.3329079824188174,0.4639869559052864
-1,0.20637552975859774,1.3165653215405069,0.9031693384927681,1.3165653215405069
-1,0.5962122983399412,1.4289221416880262,0.5962122983399412,1.4289221416880262
1,0.4773321038881151,0.5175964346088683,0.4773321038881151,0.5175964346088683
-1,1.1093413689194556,0.2066293585880323,1.1093413689194556,0.5015066724063354
1,5.637031249999955,0.20093750000000624,5.637031249999955,0.20093750000000624
1,0.9767650415783586,0.4762758845589485,0.9767650415783586,0.4762758845589485
-1,0.3570480928689933,2.9372305140961803,0.3570480928689933,2.9372305140961803
1,1.3762015503875817,0.01209302325580992,1.3762015503875817,0.01209302325580992
1,2.329962646744964,0.08175026680897389,2.329962646744964,1.7703308431163456
1,0.9706243329775969,2.2434364994664038,0.9706243329775969,2.2434364994664038
-1,0.14318205313759855,1.8072986663909818,0.4968468934146399,1.8072986663909818
-1,2.9627555762081768,0.6821561338289999,2.9627555762081768,0.6821561338289999
1,0.192596888373402,0.6309042914850231,0.192596888373402,0.6309042914850231
1,4.237281468531471,0.10017482517482104,4.237281468531471,0.10017482517482104
-1,0.9699248120300741,1.2172305764411084,0.9699248120300741,1.2172305764411084
1,4.848402555910568,0.735942492012776,4.848402555910568,0.735942492012776
1,0.6886599851521805,2.855697847067548,0.6886599851521805,2.855697847067548
1,0.424541751527481,2.170264765784132,0.424541751527481,2.170264765784132
1,0.17434877261466802,2.163363611340499,0.17434877261466802,2.163363611340499
-1,1.9715170992325068,0.1603612399316574,1.9715170992325068,0.1603612399316574
-1,0.465354223433244,1.94193460490463,0.465354223433244,1.94193460490463
-1,0.9191604797258671,0.5129497430039999,0.9191604797258671,0.5129497430039999
1,0.3180011520737373,0.7441676267281127,0.3180011520737373,0.7441676267281127
1,1.792754366052796,0.3802310255189786,1.792754366052796,0.47265038626295314
-1,0.3257063057256431,0.8285351093923398,0.3257063057256431,0.8285351093923398
1,1.947051214205904,0.10954312929968966,1.947051214205904,0.10954312929968966
-1,0.8325301204819421,1.3660240963855181,0.8325301204819421,1.3660240963855181
1,0.03136729222522116,4.802211796246648,0.03136729222522116,4.802211796246648
1,0.7953356890459534,1.2002826855123736,0.7953356890459534,1.2002826855123736
1,1.6419442292795994,0.7875677769171149,1.6419442292795994,0.7875677769171149
-1,0.2549295774647843,2.1884507042253496,0.38042253521127556,2.1884507042253496
1,3.7822485207100307,0.1189349112426153,3.7822485207100307,0.1189349112426153
-1,0.7375717017208514,0.6691098364138502,0.7375717017208514,0.6691098364138502
1,0.46082659478886634,0.8227762803234445,0.46082659478886634,0.8227762803234445
1,8.058514851485228,0.0,8.058514851485228,-0.03445544554455044
1,2.586004882017921,0.4051668022782694,2.586004882017921,0.4051668022782694
-1,0.17491264849756577,2.542697414395535,0.17491264849756577,2.542697414395535
-1,1.0681758125605463,0.23077600634194514,1.0681758125605463,0.5943803399982391
1,2.5658344283836416,0.2123521681997317,2.5658344283836416,1.5272010512483114
-1,0.5084909301428074,0.4909301428020065,0.5084909301428074,0.4909301428020065
1,1.5872803347280338,0.838995815899584,1.5872803347280338,0.838995815899584
1,0.8810337145403331,4.838779147482595,0.8810337145403331,4.838779147482595
1,2.2676587806325417,0.4612058000508796,2.2676587806325417,0.4612058000508796
1,1.5646306818182178,0.10020292207788775,1.5646306818182178,0.10020292207788775
1,0.6748411016949106,2.047086864406786,0.6748411016949106,2.047086864406786
-1,1.7946557851783664,0.5305712781361243,1.7946557851783664,0.5305712781361243
1,0.14276355573471183,1.0103557750453551,0.14276355573471183,1.0103557750453551
-1,0.6800383351588518,0.8897316538882778,0.6800383351588518,0.8897316538882778
1,0.7840324763193222,4.702029769959347,0.7840324763193222,4.702029769959347
-1,0.10299003322259873,1.777851605758585,0.10299003322259873,1.777851605758585
1,1.412901376146789,0.09243119266055476,1.412901376146789,0.5199541284403775
1,0.04356164383561447,1.8849315068493255,0.8298630136986032,1.8849315068493255
-1,0.0,1.080108595900862,2.9057815845824435,1.080108595900862
-1,0.2779255319148834,4.735106382978698,0.2779255319148834,4.735106382978698
1,0.31210275423728245,1.7479078389830462,0.31210275423728245,1.7479078389830462
-1,1.0092353525322815,0.6130585898708952,1.0092353525322815,0.6130585898708952
1,0.8919636087945466,0.4101592115238878,0.8919636087945466,0.4101592115238878
-1,0.11093990755011612,2.7649075500770395,0.11093990755011612,2.7649075500770395
1,1.9631578947368549,0.9237986270022953,1.9631578947368549,0.9237986270022953
1,2.4844029850746727,0.7148507462686555,2.4844029850746727,0.7148507462686555
1,0.04586498114409789,1.9488766133744042,0.04586498114409789,1.9488766133744042
-1,0.865361405390892,1.7886549550757678,0.865361405390892,1.7886549550757678
1,0.3751217475998143,1.1285654654236763,0.4302212327813854,1.1285654654236763
-1,1.8705753224183697,0.3901033568096474,1.8705753224183697,0.3901033568096474
1,1.6677330895794773,0.014292836961943157,1.6677330895794773,0.39737410669769907
-1,1.701155030800821,0.3646047227926056,1.701155030800821,0.3646047227926056
-1,1.0480027548209452,0.3515840220385624,1.0480027548209452,0.9409779614325082
1,0.7567789646672151,0.7557746736054085,0.7567789646672151,0.7557746736054085
1,1.457719885277273,0.04565009560229181,1.457719885277273,0.04565009560229181
-1,0.09031413612563065,1.2463350785340364,1.8685863874345394,1.2463350785340364
-1,2.7251375185540976,0.48939142582729683,2.7251375185540976,0.48939142582729683
1,2.144993702770766,0.17185138539038672,2.144993702770766,0.5700566750629547
-1,3.991228070175383,0.2714333002317123,3.991228070175383,0.2714333002317123
1,0.6193629205440159,0.3544022906227802,0.6193629205440159,0.3544022906227802
-1,0.15383206666054652,2.4688215364893202,0.15383206666054652,2.4688215364893202
1,1.2991084695393633,0.424368499257056,1.868053491827616,1.5985141158989613
1,0.004050446469676618,1.4574703120685106,0.6722360305624712,1.4574703120685106
1,1.6173236129988657,0.2556530334857211,1.6173236129988657,0.2556530334857211
-1,1.29694790790175,0.23665187791633177,1.29694790790175,0.5569494377725178
-1,0.2863056226284973,1.001581004944242,0.8616764401517777,1.001581004944242
1,0.11332406978538112,2.4844063609695852,0.11332406978538112,2.4844063609695852
1,1.1503429878049376,0.04382621951218162,1.1503429878049376,1.8977515243902434
1,2.739505781720175,0.10407096467605177,2.739505781720175,0.10407096467605177
-1,0.1569052783803387,1.322415039768625,0.1569052783803387,1.322415039768625
-1,0.0,1.6857882759161953,-0.06144549948990862,1.6857882759161953
-1,0.02972972972973305,1.7941216216215916,0.7629729729729272,1.7941216216215916
1,0.4040910845233645,1.337192847034623,0.4040910845233645,1.337192847034623
1,0.0,2.2611552567236886,0.5227689486552393,2.2611552567236886
-1,0.2610407970916994,0.8856536959741491,0.2610407970916994,0.8856536959741491
1,0.11117428157947817,1.8005995451725805,2.6298325408309555,1.8005995451725805
1,0.8692307692307791,5.21751012145743,0.8692307692307791,5.21751012145743
1,0.5554943440575865,1.9358381078301306,1.2951740855001959,1.9358381078301306
-1,0.0,0.9900457665903906,-0.034324942791781894,0.9900457665903906
1,1.5116546762589624,0.34136690647481005,1.5116546762589624,0.34136690647481005
-1,1.9225910064239888,0.5738758029978633,1.9225910064239888,3.130942184154169
1,4.345908183632725,0.041716566866279524,4.345908183632725,0.041716566866279524
1,0.4724669603524198,2.4543839704419463,0.4724669603524198,2.4543839704419463
1,0.7998515439430436,1.166775534441787,0.7998515439430436,1.166775534441787
1,0.7670967741935402,0.6985806451612887,0.7670967741935402,0.6985806451612887
1,0.0275449101796708,1.7409431137724989,1.3086826347305653,1.7409431137724989
1,0.7591197822141881,1.5446460980035852,0.7591197822141881,1.5446460980035852
-1,2.114478114478066,0.21531100478471368,2.114478114478066,0.21531100478471368
1,2.8081435472739673,0.2339544513457689,2.8081435472739673,0.2339544513457689
1,2.0863847865668896,0.5312563220716134,2.0863847865668896,0.5312563220716134
1,5.3630292053427615,0.3726511206701165,5.3630292053427615,0.3726511206701165
1,1.774228370382253,0.5054373900527734,1.774228370382253,0.5054373900527734
1,1.9037828013177853,0.2941610814495147,1.9037828013177853,0.2941610814495147
1,0.03713666496685376,0.3347144314125516,0.03713666496685376,0.3347144314125516
-1,0.5431163331395831,0.4987959810678357,0.5431163331395831,0.4987959810678357
-1,1.106426648721416,0.407267833109014,1.106426648721416,0.407267833109014
1,0.5641011927047098,0.7470717227362672,0.5641011927047098,0.7470717227362672
-1,0.6224614548665433,0.4696733002784593,0.6224614548665433,0.4696733002784593
-1,0.0,5.409702346880306,0.6852461362335538,5.409702346880306
1,1.1740932159985003,0.1333053964706451,1.1740932159985003,0.1333053964706451
1,1.2786811779769403,0.5497599231754146,1.2786811779769403,0.5497599231754146
-1,3.817729043659896,0.06012772623207916,3.817729043659896,0.06012772623207916
1,0.33931738266320266,0.16060617642562525,0.33931738266320266,0.16060617642562525
-1,0.7268053082093183,0.6661113345205909,0.7268053082093183,0.6661113345205909
1,2.0985138539042714,0.1520906801007549,2.0985138539042714,0.1520906801007549
1,0.8890139335477008,1.2324222936763114,0.8890139335477008,1.2324222936763114
-1,2.269802773074622,0.6356449915343424,2.269802773074622,0.6356449915343424
-1,0.0,0.8807717678100333,-0.0113126649076467,0.8807717678100333
-1,1.9126880313930363,0.16023544800523315,1.9126880313930363,0.33646173969913773
1,3.1977186311786183,0.6275075390061551,3.1977186311786183,1.570079979021847
-1,1.108431283905979,0.4788200723327122,1.108431283905979,0.4788200723327122
-1,1.1120518294927615,0.455035706397707,1.1120518294927615,2.3501067510859355
-1,0.37297535766056183,2.425474254742561,1.7836389991806894,2.425474254742561
1,1.303486421544179,0.12345287210409187,1.303486421544179,0.12345287210409187
-1,1.0538751493978133,0.19646961478348376,1.0538751493978133,0.8737703410867127
1,0.11784279511423093,1.0668749746378245,0.11784279511423093,1.0668749746378245
-1,1.818282548476482,0.9059210526315902,1.818282548476482,0.9059210526315902
-1,0.5432557894181658,0.7271720208893901,0.5432557894181658,0.7271720208893901
-1,0.25165806927044804,0.3584008843036075,0.25165806927044804,0.3584008843036075
1,0.42947598253275454,2.7359170305677205,1.0115174672489464,2.7359170305677205
1,0.0057709251101459875,1.2389207048458115,1.3967180616740213,1.2389207048458115
-1,0.18160442600277987,3.1630705394190675,0.18160442600277987,3.1630705394190675
1,0.22281577282632345,1.4456666900963016,0.22281577282632345,1.4456666900963016
1,0.8308453922315147,0.7609291698400709,0.8308453922315147,0.7609291698400709
-1,0.20781981362992383,0.5097264568213971,0.20781981362992383,0.5097264568213971
1,0.09876383572983752,1.0428261094445246,0.5005172235440035,1.0428261094445246
-1,7.506955762514407,0.09080325960421268,7.506955762514407,0.09080325960421268
-1,0.909159159159156,0.8164414414414625,0.909159159159156,0.8164414414414625
-1,0.9250097474331666,0.5513364813932305,0.9250097474331666,0.5513364813932305
-1,0.011102756892235839,1.4101002506265612,0.011102756892235839,1.4101002506265612
1,0.13689936536718478,1.7404599027445722,0.13689936536718478,1.7404599027445722
-1,0.8545204093107147,3.0092207354098592,0.8545204093107147,3.0092207354098592
-1,0.4746519246519464,1.2351760851760862,0.4746519246519464,1.2351760851760862
1,1.5643186003683323,0.17693370165745315,1.5643186003683323,0.17693370165745315
1,0.4363212435233027,0.5415025906735712,0.4363212435233027,0.5415025906735712
-1,0.3547880690737817,2.131554160125601,0.3547880690737817,2.131554160125601
1,0.060094637223951,1.1889984227128803,1.0976340694006153,3.489116719242873
1,0.7723328937322143,0.5340459498854724,0.7723328937322143,0.5340459498854724
1,1.5394244604317375,0.4473381294964036,1.5394244604317375,1.130143884892071
1,0.9587248322147495,0.04163870246086349,0.9587248322147495,0.04163870246086349
-1,0.2738390490036971,0.5912511759172064,0.2738390490036971,0.5912511759172064
1,0.0,2.545967741935478,-0.008657011191570738,2.545967741935478
1,1.0062528496059404,0.2934931283788228,1.0062528496059404,0.2934931283788228
1,0.19920870425322884,1.1942631058358022,0.5950049455984208,1.1942631058358022
-1,0.19044040282580024,1.4827897189237906,0.9447617616112938,1.4827897189237906
1,0.8151288445552837,0.509642560265991,0.8151288445552837,0.509642560265991
1,1.0887830687830622,0.6631746031746055,1.0887830687830622,0.6631746031746055
1,1.1027237354085644,0.5400291828794042,1.1027237354085644,0.5400291828794042
1,1.0659597692187746,0.23530329019176432,1.0659597692187746,2.0375799157960017
1,0.8549537648613291,0.7762219286657894,0.8549537648613291,0.7762219286657894
-1,0.4836118630104405,1.1214546310462419,0.4836118630104405,1.1214546310462419
-1,3.9459716767820807,0.24753064381767492,3.9459716767820807,0.24753064381767492
-1,1.721278449308497,0.4029184362409099,1.721278449308497,0.4029184362409099
1,0.8783213219771628,0.22060857538035086,0.8783213219771628,0.22060857538035086
1,0.8054009819967143,0.3589198036006512,0.8054009819967143,0.3589198036006512
-1,0.44952191729788166,2.483732770396073,0.44952191729788166,2.483732770396073
1,5.265055026585867,0.2653641647087871,5.265055026585867,0.2653641647087871
1,1.1385008517887543,0.25794293015330844,1.1385008517887543,0.4903747870528158
-1,7.903925059998523,0.3576681892080143,7.903925059998523,0.3576681892080143
1,0.0584619587488097,0.9849519646678492,0.0584619587488097,0.9849519646678492
-1,2.4839307787391847,0.6837453646477264,2.4839307787391847,0.6837453646477264
1,1.1613430583501216,0.5067152917504757,1.1613430583501216,0.5067152917504757
-1,2.0160683012259075,0.6644264448336135,2.0160683012259075,0.738309982486853
-1,0.0,1.1161566707466446,-0.04516523867808096,1.1161566707466446
1,0.25579227696405477,2.55386151797603,0.27203728362185386,2.55386151797603
-1,0.3730390492360068,0.6424448217317398,0.3730390492360068,0.6424448217317398
-1,0.01223348479552804,2.156821624140716,0.01223348479552804,2.156821624140716
-1,7.0078719264107505,0.3348664425968552,7.0078719264107505,0.3348664425968552
-1,1.4128333333333407,0.0,1.4128333333333407,-0.06886666666669043
1,0.557512070434542,0.739183943955308,0.557512070434542,0.739183943955308
1,0.7648644600868716,1.1025909839748322,0.7648644600868716,1.1025909839748322
1,2.5839701361440506,0.07079490557751784,2.5839701361440506,0.07079490557751784
1,2.1955176767676305,0.14936868686868457,2.1955176767676305,0.2917929292929454
1,0.63706896551725,1.1918784029038239,0.63706896551725,1.1918784029038239
-1,0.008683068017358136,1.4898697539796995,1.2722141823444046,1.4898697539796995
-1,1.7066279376815174,0.15104304198574003,1.7066279376815174,4.450158436757291
-1,0.07949244261989953,1.3217484605336551,0.07949244261989953,1.3217484605336551
-1,2.0261920752182587,0.5705507051712515,2.0261920752182587,0.5705507051712515
-1,0.6777312962288975,1.920092154722945,0.6777312962288975,1.920092154722945
-1,1.3069655172413808,0.8581379310344659,1.3069655172413808,1.9782068965517063
-1,2.352886247877689,0.37521222410865857,2.352886247877689,1.1519524617996162
1,0.9596038065643655,0.042208843141065495,0.9596038065643655,0.042208843141065495
1,1.0027044854880776,0.0,1.0027044854880776,1.7668865435356178
1,2.7204474561686647,0.04872539528879997,2.7204474561686647,0.04872539528879997
-1,0.13738329089363419,1.3486116163453348,0.13738329089363419,1.3486116163453348
-1,1.1687893411665966,0.28493495593789275,1.1687893411665966,0.28493495593789275
-1,0.4655067155067263,0.824908424908416,0.4655067155067263,0.824908424908416
1,0.7095801526718087,1.6238931297709795,1.6445801526717918,1.6238931297709795
1,0.09007263922519887,1.2277239709443206,0.47851089588376233,1.2277239709443206
-1,0.35801660113587636,0.837811271297505,0.35801660113587636,0.837811271297505
1,0.1601216448499268,1.396271320904377,0.5441623694300975,1.396271320904377
-1,0.17969483568077227,1.68896713615025,0.17969483568077227,1.68896713615025
1,1.2312063776653686,0.14481014279311485,1.2312063776653686,0.14481014279311485
1,0.9602803738317861,0.474709869569679,0.9602803738317861,0.474709869569679
1,0.31665825704604533,3.898003315793254,0.31665825704604533,3.898003315793254
1,0.0,1.5830882921922256,-0.05296757718798253,1.5830882921922256
-1,7.249836905871387,0.0,7.249836905871387,-0.02795899347625176
1,0.19783179012345017,0.6162114197530908,0.19783179012345017,0.6162114197530908
1,0.18583510060518546,1.2197925826307405,0.18583510060518546,1.2197925826307405
1,0.0,1.5714158872972244,-0.013199952645907025,1.5714158872972244
1,0.19102896427365657,3.5972613546714554,0.19102896427365657,3.5972613546714554
1,0.29141556180526346,1.3800053569037167,0.29141556180526346,1.3800053569037167
1,0.21497047701189329,1.441766735221906,1.0797949976779768,1.441766735221906
1,0.006832451064869855,2.0225593992367403,0.006832451064869855,2.0225593992367403
-1,1.5628436763551268,0.243047918303193,1.5628436763551268,0.243047918303193
1,0.7637931034482569,1.1673811742777092,0.7637931034482569,1.1673811742777092
-1,0.5501632272356037,0.7966363530371965,0.5501632272356037,0.7966363530371965
1,0.25987371548841565,2.4473195493376325,0.25987371548841565,2.4473195493376325
1,3.701844103517781,0.45436231210290223,3.701844103517781,0.8120254145358794
1,1.9960959973699246,0.2616092709788736,1.9960959973699246,0.301676666392675
1,0.27277737970566246,0.5750978338753212,0.27277737970566246,0.5750978338753212
-1,2.0536343612334695,0.06733480176213046,2.0536343612334695,0.06733480176213046
-1,0.8398269689737313,0.6924522673030736,0.8398269689737313,0.6924522673030736
-1,1.646299941480011,0.19460552215778565,1.646299941480011,0.19460552215778565
1,2.3306474513701025,0.11351696720148607,2.3306474513701025,0.7470893085332998
-1,0.06176134197485137,2.9239420510865415,0.06176134197485137,2.9239420510865415
1,0.42627531882969777,0.8130720180045239,0.42627531882969777,0.8130720180045239
1,0.9016008771929616,0.8842324561403618,0.9016008771929616,0.8842324561403618
1,0.40509118541033945,2.271301925025309,0.40509118541033945,2.271301925025309
-1,0.8760483870967769,1.2974462365591304,0.8760483870967769,1.2974462365591304
-1,0.19263754045305106,0.7021305285868612,0.19263754045305106,0.7021305285868612
-1,3.413782816229081,0.15513126491648746,3.413782816229081,0.15513126491648746
-1,1.9905373831775284,0.7990070093457834,1.9905373831775284,0.7990070093457834
1,0.4843031278748381,1.9497470101195815,0.4843031278748381,1.9497470101195815
1,1.2471681723419197,0.30960736622656326,1.2471681723419197,0.30960736622656326
-1,1.084148827726848,0.6721712538226158,1.084148827726848,0.6721712538226158
-1,2.4708762886598894,0.5863402061855655,2.4708762886598894,0.5863402061855655
-1,2.529367606915392,0.18510009099180413,2.529367606915392,0.18510009099180413
-1,2.2900854556698724,0.6831815370776393,2.2900854556698724,0.6831815370776393
1,0.20831573389650473,1.86693505807814,0.20831573389650473,1.86693505807814
1,0.48653214453309207,0.3637728765837515,0.48653214453309207,0.3637728765837515
-1,3.7605407575960093,0.03192343729084872,3.7605407575960093,0.03192343729084872
1,0.11433370660694685,2.191582680104506,0.2617581187010014,2.191582680104506
1,0.7129728618421023,0.9748972039473591,0.7129728618421023,0.9748972039473591
-1,2.610862235067473,0.04778420038536611,2.610862235067473,0.04778420038536611
1,1.8506391450125756,0.08595278010618311,1.8506391450125756,0.08595278010618311
-1,0.14127479609302376,1.648273084281588,0.14127479609302376,1.648273084281588
1,0.33327434324364447,1.2882059147396794,0.33327434324364447,1.2882059147396794
-1,0.5740401944186589,0.8571214024357042,0.5740401944186589,0.8571214024357042
-1,0.4261658031088021,1.5210168393782642,0.4261658031088021,1.5210168393782642
-1,0.6589198231568678,2.6228940136217287,0.6589198231568678,2.6228940136217287
-1,3.534205922779009,0.03486192677745831,3.534205922779009,0.03486192677745831
1,0.14756551815883778,0.6588898496740707,0.14756551815883778,0.6588898496740707
-1,0.16219008264461657,0.8514056965761472,0.16219008264461657,0.8514056965761472
1,0.2425263157894829,1.6314736842105289,0.2425263157894829,1.6314736842105289
1,0.40744033692091364,0.5261113710809757,0.40744033692091364,0.5261113710809757
-1,0.9782623769241295,1.8798710303702628,1.422514214394702,1.8798710303702628
1,0.38682252922426497,1.1993320176103917,1.1010323364202317,1.1993320176103917
-1,3.059992514970062,0.30490269461073904,3.059992514970062,0.30490269461073904
-1,2.6392795271578793,0.40181392030981977,2.6392795271578793,0.40181392030981977
1,3.4347074000234326,0.4369356162777111,3.4347074000234326,0.4369356162777111
1,1.6619752421958758,0.4584230355220534,1.6619752421958758,0.4584230355220534
-1,0.13259813574894821,1.481455953787594,0.13259813574894821,1.481455953787594
1,0.7454349904397535,0.9427103250478247,0.7454349904397535,0.9427103250478247
1,1.111928104575173,0.28958333333333075,1.111928104575173,0.28958333333333075
-1,2.262922403003762,0.1777221526908725,2.262922403003762,0.1777221526908725
1,0.2409587378641052,1.8999393203883288,0.2409587378641052,1.8999393203883288
-1,0.11436403508772158,2.109583333333319,0.11436403508772158,2.109583333333319
1,3.0903272101033012,0.09041331802529971,3.0903272101033012,0.09041331802529971
1,2.7351382488479286,0.6932411674347744,2.7351382488479286,0.6932411674347744
1,0.6574207147647835,1.5786145444093391,0.6574207147647835,1.5786145444093391
-1,0.19658077304260038,1.4704162537165517,0.19658077304260038,1.4704162537165517
1,1.2930042238648156,0.8075765575501653,1.2930042238648156,0.8075765575501653
-1,1.7057947019868063,0.4375165562913847,1.7057947019868063,0.4375165562913847
-1,0.16083440675539715,1.8962716473450258,1.8239229998568691,1.8962716473450258
-1,0.3875634517766413,1.6255329949238568,0.3875634517766413,1.6255329949238568
-1,3.4849277858751546,0.0,3.4849277858751546,-0.04107592420828732
1,2.7058312357664587,0.10101282512288667,2.7058312357664587,0.10101282512288667
-1,0.33966630785792107,1.6248654467168848,1.4158234660926048,1.6248654467168848
-1,0.9763297872339549,1.3615881458966759,0.9763297872339549,1.3615881458966759
1,2.4784181278144777,0.37350292229567067,2.4784181278144777,0.37350292229567067
1,2.2713071200850563,0.4895855472901214,2.2713071200850563,0.4895855472901214
1,0.7278372709207112,0.5871329211746816,0.7278372709207112,0.5871329211746816
1,0.5266242937853398,2.840960451977403,0.5266242937853398,2.840960451977403
-1,0.46075819672129587,1.5901127049180686,0.46075819672129587,1.5901127049180686
1,2.0927475110619786,0.20768805309733943,2.0927475110619786,0.20768805309733943
1,1.132890295358631,0.9304008438818756,1.132890295358631,0.9304008438818756
1,0.2397760161066842,2.5035548005536197,2.269000880835515,2.5035548005536197
1,1.8798599731863372,0.2614330403694412,1.8798599731863372,0.9859228362877774
-1,0.6416666666666677,0.8983333333333348,0.6416666666666677,0.8983333333333348
1,2.326059167275378,0.08592037983930911,2.326059167275378,0.08592037983930911
1,0.4974513438368725,1.5485634847080527,0.4974513438368725,1.5485634847080527
1,0.17118946221647183,1.3431959988115258,0.17118946221647183,1.3431959988115258
-1,0.8266573033708017,1.5437359550562129,0.8266573033708017,1.5437359550562129
1,0.2948841119250666,2.613816500540402,0.2948841119250666,2.613816500540402
-1,3.853641840087543,0.0,3.853641840087543,-0.02628696604597797
1,1.461422246155698,0.20880452342486316,1.461422246155698,0.20880452342486316
-1,0.23294642857140568,1.9660416666666782,0.23294642857140568,1.9660416666666782
-1,0.6273781212841664,1.054191438763413,1.3330261593340815,1.054191438763413
-1,0.8405375025546661,1.5475679542202467,0.8405375025546661,1.5475679542202467
-1,1.9503016591251814,0.24283559577678746,1.9503016591251814,2.025414781297133
1,0.6912952646240123,7.270125348189541,0.6912952646240123,7.270125348189541
-1,1.0068530701754268,0.149654927760578,1.0068530701754268,0.6213396542827899
1,0.17572972972974074,1.7268378378378386,0.17572972972974074,1.7268378378378386
1,0.3058429118774467,3.8032886334610434,0.3058429118774467,3.8032886334610434
-1,4.325916590284119,0.10815765352885677,4.325916590284119,0.10815765352885677
1,0.7654046028210783,1.3666666666666718,0.7654046028210783,1.3666666666666718
1,0.959552454282931,0.28924446583254393,0.959552454282931,0.28924446583254393
-1,0.6461944933716535,0.7668953369797149,0.6461944933716535,0.7668953369797149
1,1.7029104477611456,0.5107462686567168,1.7029104477611456,0.9355223880596995
1,1.1635343618513905,0.03443197755957495,1.1635343618513905,0.7293828892005619
1,1.3872215127004695,0.51227472683413,1.3872215127004695,0.6128494394777768
1,0.0,0.8111642480210789,-0.07058047493401735,0.8111642480210789
-1,4.56468565815331,0.6188605108055288,4.56468565815331,0.6188605108055288
-1,0.4056211180124152,2.208850931677031,0.4056211180124152,2.208850931677031
1,0.5055259310226309,0.7385611077663927,0.5055259310226309,0.7385611077663927
-1,0.15833333333333294,4.179791666666728,0.15833333333333294,4.179791666666728
1,1.0591959334564747,0.135767097966815,1.0591959334564747,0.135767097966815
1,0.8200305127632516,1.040094515144762,0.8200305127632516,1.040094515144762
1,0.796647149801139,0.6181230667255754,0.796647149801139,0.6181230667255754
1,1.426454741379334,0.04116379310343056,1.426454741379334,1.172952586206899
-1,0.3155397390273263,1.54979240806646,0.3155397390273263,1.54979240806646
-1,0.8442955260898082,0.6851330725937399,0.8442955260898082,0.6851330725937399
-1,0.021052631578928654,1.6727819548872218,1.1171428571428932,1.6727819548872218
1,1.7430845931167325,0.4004771094671576,1.7430845931167325,0.4004771094671576
1,0.7094841269841644,1.4886111111110827,0.7094841269841644,1.4886111111110827
-1,1.982194960212103,0.24088196286475638,1.982194960212103,0.2876989389920849
-1,2.2790313097162582,0.12979567837722344,2.2790313097162582,0.7455901808025995
1,0.7412291169450843,1.6400357995226293,0.7412291169450843,1.6400357995226293
1,0.8998945147678294,3.1178797468355213,0.8998945147678294,3.1178797468355213
-1,0.6701807228915972,1.6350150602409195,0.6701807228915972,1.6350150602409195
-1,0.1296874999999868,1.2759765624999804,1.9753515624999882,1.2759765624999804
1,0.24358264081255196,1.152031394275168,0.24358264081255196,1.152031394275168
-1,0.19550732914526128,2.019560251284983,0.19550732914526128,2.019560251284983
1,1.5024062816616304,0.2775835866261156,1.5024062816616304,0.2775835866261156
1,0.10131826741996543,3.8763653483993217,0.10131826741996543,3.8763653483993217
-1,0.32155172413790106,1.3150118906064376,0.32155172413790106,1.3150118906064376
-1,0.5023641961732327,1.231416318451766,0.5023641961732327,1.231416318451766
1,2.9492140782504572,0.6270715872202042,2.9492140782504572,1.3707927558516781
-1,0.04803493449779007,1.6084639095813187,2.76849473413811,1.6084639095813187
-1,7.630929791271401,0.4780834914610794,7.630929791271401,0.4780834914610794
1,0.10164910858994941,0.3658549432739117,0.10164910858994941,0.3658549432739117
1,0.12657295850064357,2.6258701472556574,0.12657295850064357,2.6258701472556574
1,1.7679765130984757,0.03712737127371821,1.7679765130984757,0.03712737127371821
1,1.0539079229121837,0.3101177730192979,1.0539079229121837,2.491488222697994
1,4.2414165103189925,0.17631332082551904,4.2414165103189925,0.17631332082551904
-1,0.2189056016597201,1.700129668049793,0.2189056016597201,1.700129668049793
1,0.4247208436724378,1.435514888337477,0.4247208436724378,1.435514888337477
1,0.24868366357212884,2.028162671470144,0.24868366357212884,2.028162671470144
1,0.26701173222913316,0.7902691511387173,0.26701173222913316,0.7902691511387173
1,0.2171228710462041,1.0006386861313787,0.2171228710462041,1.0006386861313787
1,1.4935892167337437,0.12127065011919297,1.4935892167337437,0.12127065011919297
-1,0.0,1.7365157480314461,-0.03937007874020999,1.7365157480314461
-1,1.0225662223722276,0.814366458579348,1.0225662223722276,2.041715876497406
1,0.278519477931624,1.834437580950508,1.6308408887117245,1.834437580950508
-1,0.5758323999593016,0.45603808166174836,0.5758323999593016,0.45603808166174836
1,0.2563763710849812,2.0533566803224454,0.2563763710849812,2.0533566803224454
1,0.25679785330949345,1.2367173524150152,0.791010733452601,1.2367173524150152
1,0.2658627087198565,1.9820964749536822,0.2658627087198565,1.9820964749536822
-1,1.0417134831460078,0.5165730337078568,1.0417134831460078,0.5165730337078568
-1,2.385398445092331,0.3521137026238954,2.385398445092331,0.3521137026238954
-1,0.06463223787167519,1.1771126760563726,1.925625978090703,1.1771126760563726
1,2.477423167848669,0.11182033096931009,2.477423167848669,1.5791962174940444
1,0.031227662616137148,1.3536231236597596,0.031227662616137148,1.3536231236597596
1,0.5490960743801256,0.8062758264463005,0.5490960743801256,0.8062758264463005
1,0.4905390688810462,3.4499727742989297,4.244418731282354,3.4499727742989297
1,0.0,4.150734169470891,0.7929795044355125,4.150734169470891
-1,3.947154669260728,0.12976653696496462,3.947154669260728,0.12976653696496462
1,0.510530546623795,1.6495980707395654,0.510530546623795,1.6495980707395654
1,0.947969348658997,0.12777777777779703,0.947969348658997,0.12777777777779703
-1,0.5127079482439966,3.8898798521256195,0.5127079482439966,3.8898798521256195
1,0.17468443197756148,1.4998246844319896,1.1473001402524576,1.8737377279102803
-1,0.06395939086293127,2.0039974619289116,1.8987309644669486,2.0039974619289116
1,0.22870215533260285,1.3709355258268154,0.22870215533260285,1.3709355258268154
1,0.018823157228711557,1.2358035431825627,0.018823157228711557,1.2358035431825627
-1,2.5989953526517353,0.07326407873155494,2.5989953526517353,0.07326407873155494
1,0.5593672456575329,2.4031017369727103,0.5593672456575329,2.4031017369727103
-1,0.6216337522441755,4.762246729930746,0.6216337522441755,4.762246729930746
1,0.11350643163405383,1.0765046847705848,1.22879942829915,1.0765046847705848
-1,1.283002670736353,0.1873330789774826,1.283002670736353,1.6252384586035808
-1,0.6037364606872864,0.5203576716278535,0.6037364606872864,0.5203576716278535
-1,0.5544535519125536,1.4854371584699357,0.5544535519125536,1.4854371584699357
-1,0.012914890869219244,1.3611326359292129,0.5770050368074761,1.3611326359292129
1,2.931310679611659,0.8087725381414598,2.931310679611659,0.8087725381414598
-1,0.4190538764783637,0.8967805519053621,0.4190538764783637,0.8967805519053621
1,0.671647391189205,0.6849783702657336,0.671647391189205,0.6849783702657336
1,3.824287208998061,0.3778446246403418,8.683167669369418,1.316832330630404
1,0.9907913165266136,0.38266806722688845,0.9907913165266136,0.38266806722688845
-1,5.262227722772258,0.22772277227724777,5.262227722772258,0.22772277227724777
-1,1.161017723369335,0.05650465923621325,1.161017723369335,0.8365156221450871
1,0.5112376639178193,0.7060125726646076,0.5112376639178193,0.7060125726646076
1,1.135734408393214,0.21257528657471655,1.135734408393214,0.21257528657471655
-1,0.573878787878791,0.8162424242424425,0.573878787878791,0.8162424242424425
1,5.706110625273166,0.0,5.706110625273166,1.0625819851333853
1,1.061237230419962,0.25147559591373825,1.061237230419962,0.25147559591373825
-1,2.9924545734523162,0.4317061903295583,2.9924545734523162,0.4317061903295583
-1,0.2264606741572982,1.5256741573033639,0.2264606741572982,1.5256741573033639
1,0.8306725916173239,1.1603302611366941,0.8306725916173239,1.1603302611366941
-1,2.8405057379236722,0.7902655457699685,2.8405057379236722,0.7902655457699685
1,1.0904269081501055,0.6245148771021997,1.0904269081501055,0.6245148771021997
1,0.1331365425370887,1.3874129579170484,0.1331365425370887,1.3874129579170484
1,2.7914559488953676,0.07985094490286486,2.7914559488953676,0.07985094490286486
1,0.49236011477757885,1.6780129124820722,3.06373744619796,1.6780129124820722
-1,0.05672514619881901,1.5904093567251762,0.05672514619881901,1.5904093567251762
-1,0.5093808630394339,1.78166041275794,0.5093808630394339,1.78166041275794
-1,0.2633909287257287,6.400899928005642,0.2633909287257287,6.400899928005642
1,0.8382525410476646,0.02859655981236614,0.8382525410476646,0.02859655981236614
-1,1.3700966850828986,0.1464088397789978,1.3700966850828986,1.8719613259668637
-1,0.0031217481789536884,1.4699011446409953,0.0031217481789536884,1.4699011446409953
1,1.2371685201026714,0.0,1.2371685201026714,2.6936127744511094
1,1.8632397572079056,0.021320182094078342,1.8632397572079056,0.021320182094078342
-1,0.9019313819577879,0.5256118042226432,0.9019313819577879,0.5256118042226432
-1,1.3683572536850188,0.15055275407294916,3.029043832428247,1.394346392552361
-1,4.837932967854542,0.7458572140543576,4.837932967854542,0.7458572140543576
-1,2.3625551876379998,0.7197571743929106,2.3625551876379998,0.7197571743929106
1,0.09608616077712016,2.422251161481103,0.09608616077712016,2.422251161481103
1,0.2288310412573986,1.1949410609037385,0.2288310412573986,1.1949410609037385
1,0.9221582466567477,1.6820393759286842,0.9221582466567477,1.6820393759286842
1,0.43881195335274903,2.222995626822182,0.43881195335274903,2.222995626822182
1,1.0155452436194912,0.5052204176334103,1.0155452436194912,1.990487238979097
-1,1.9442203315241073,0.20041807246593257,1.9442203315241073,0.8931714830570796
-1,0.14956076948735786,1.9100967419104142,0.14956076948735786,1.9100967419104142
-1,0.8085585585585131,0.5863363363363592,0.8085585585585131,0.5863363363363592
1,0.20645185978877736,1.6890019898974342,0.6879305066585188,1.6890019898974342
1,0.2559090909090704,1.634300699300678,0.2559090909090704,1.634300699300678
1,0.16648196655250425,2.72975015111833,0.16648196655250425,2.72975015111833
-1,0.15724296242600289,2.1907696025129533,0.15724296242600289,2.1907696025129533
1,0.6343528598582685,1.0515811301192504,0.6343528598582685,1.0515811301192504
-1,4.169899103138958,0.18452914798213305,4.169899103138958,0.18452914798213305
-1,2.294175754702059,0.979571676940069,2.294175754702059,0.979571676940069
1,1.4980263157894544,0.2769736842105407,1.4980263157894544,0.2769736842105407
1,0.7396042084168232,0.7019288577154,0.7396042084168232,0.7019288577154
-1,1.6819552529182615,0.6462548638132297,1.6819552529182615,0.6462548638132297
1,1.6356441048035273,0.1568231441048334,1.6356441048035273,1.7718886462883006
-1,0.27606806661832467,4.056179097272537,0.27606806661832467,4.056179097272537
-1,0.6951428571428118,1.309904761904796,0.6951428571428118,1.309904761904796
1,0.7405844155843594,1.4524170274170294,0.7405844155843594,1.4524170274170294
-1,3.978278688524452,0.10614754098367227,3.978278688524452,0.470765027322444
-1,0.12131695097223852,2.166855540975764,0.12131695097223852,2.166855540975764
1,2.180081033727587,0.8419294787559896,2.180081033727587,0.8419294787559896
