day,dir,i_entry,i_exit,entry,exit,pnl,risk,reason,date,t_entry,t_exit,R,width,atr,trend,slope100,atr_pct,atr_pct_t,rank250_t,a_vs_m100_t,slope100_t,a_vs_m20,close_prev,per,year,month,ym
36,1,48383,48789,1314.3799999999999,1308.58,-5.869999999999955,5.75,sl,2014-02-20,2014-02-20 06:01:00+00:00,2014-02-20 12:47:00+00:00,-1.0208695652173834,5.75,16.71285714285711,na,,1.274108020923293,T2mid,na,na,na,0.9667316718450456,1311.73,IS,2014,2,2014-02
38,1,51144,51987,1326.08,1337.56,11.410000000000018,7.410000000000082,time,2014-02-24,2014-02-24 05:56:00+00:00,2014-02-24 20:00:00+00:00,1.539811066126841,7.410000000000082,15.864285714285675,na,,1.198118398480906,T2mid,na,na,na,0.909183944982295,1324.1,IS,2014,2,2014-02
39,-1,52822,53062,1332.17,1337.96,-5.859999999999964,5.740000000000009,sl,2014-02-25,2014-02-25 10:43:00+00:00,2014-02-25 14:43:00+00:00,-1.0209059233449398,5.740000000000009,16.335714285714257,na,,1.2231450927119356,T2mid,na,na,na,0.9326262175217103,1335.55,IS,2014,2,2014-02
41,-1,55453,55571,1325.0,1330.96,-6.030000000000037,5.910000000000082,sl,2014-02-27,2014-02-27 08:07:00+00:00,2014-02-27 10:05:00+00:00,-1.0203045685279108,5.910000000000082,16.289999999999964,na,,1.224278134347425,T2mid,na,na,na,0.9267397704484364,1330.58,IS,2014,2,2014-02
42,-1,56895,57564,1327.79,1324.7575,2.9625000000000274,5.350000000000136,time,2014-02-28,2014-02-28 08:51:00+00:00,2014-02-28 20:00:00+00:00,0.5537383177570003,5.350000000000136,16.055714285714235,na,,1.2060449259514776,T2mid,na,na,na,0.9141727688112452,1331.27,IS,2014,2,2014-02
43,1,58125,58943,1344.68,1351.13,6.380000000000045,8.570000000000164,time,2014-03-03,2014-03-03 06:22:00+00:00,2014-03-03 20:00:00+00:00,0.7444574095682525,8.570000000000164,16.10999999999995,na,,1.2147489066505768,T2mid,na,na,na,0.918835017904938,1326.2,IS,2014,3,2014-03
70,1,95618,95950,1313.8899999999999,1308.09,-5.869999999999955,5.75,sl,2014-04-09,2014-04-09 05:38:00+00:00,2014-04-09 11:10:00+00:00,-1.0208695652173834,5.75,15.39071428571432,na,,1.1752225325072023,T2mid,na,na,na,0.8308125938650119,1309.6,IS,2014,4,2014-04
71,1,97050,97812,1317.48,1319.4,1.8500000000000727,6.779999999999973,time,2014-04-10,2014-04-10 06:18:00+00:00,2014-04-10 19:00:00+00:00,0.27286135693216523,6.779999999999973,15.39357142857146,na,,1.1736483248377145,T2mid,na,na,na,0.8376363039215498,1311.6,IS,2014,4,2014-04
73,1,99823,99982,1329.0,1324.27,-4.8000000000000185,4.680000000000064,sl,2014-04-14,2014-04-14 06:30:00+00:00,2014-04-14 09:09:00+00:00,-1.0256410256410156,4.680000000000064,14.198571428571459,na,,1.0771998656074244,T2mid,na,na,na,0.7871056898657867,1318.1,IS,2014,4,2014-04
74,-1,101202,101962,1318.8,1302.6174999999998,16.112500000000118,8.0300000000002,time,2014-04-15,2014-04-15 06:20:00+00:00,2014-04-15 19:00:00+00:00,2.0065379825653444,8.0300000000002,14.287142857142888,na,,1.0768770243263752,T2mid,na,T1low,na,0.8029626358627472,1326.72,IS,2014,4,2014-04
75,-1,102591,102695,1295.54,1303.74,-8.270000000000046,8.150000000000091,sl,2014-04-16,2014-04-16 06:22:00+00:00,2014-04-16 08:06:00+00:00,-1.0147239263803625,8.150000000000091,16.00785714285717,na,,1.2289252291862496,T2mid,na,T2mid,na,0.9066745422327225,1302.59,IS,2014,4,2014-04
78,1,106719,107224,1290.51,1285.67,-4.909999999999918,4.789999999999964,sl,2014-04-22,2014-04-22 05:51:00+00:00,2014-04-22 14:16:00+00:00,-1.0250521920667965,4.789999999999964,15.8057142857143,na,,1.2259143943003414,T2mid,na,T2mid,na,0.9290472101923118,1289.3,IS,2014,4,2014-04
97,1,132970,133799,1296.46,1293.6200000000001,-2.909999999999918,5.720000000000027,time,2014-05-19,2014-05-19 05:09:00+00:00,2014-05-19 19:00:00+00:00,-0.508741258741242,5.720000000000027,15.952142857142869,na,,1.2334925851260676,T2mid,na,T2mid,na,0.951575448986983,1293.25,IS,2014,5,2014-05
104,1,142427,142888,1265.23,1260.75,-4.5500000000000185,4.430000000000064,sl,2014-05-28,2014-05-28 05:58:00+00:00,2014-05-28 13:40:00+00:00,-1.0270880361173709,4.430000000000064,13.514999999999986,side,0.08396749900998486,1.0691908483908728,T2mid,na,T1low,T2mid,0.8385518460904349,1264.04,IS,2014,5,2014-05
106,-1,145308,145964,1255.3300000000002,1246.8774999999998,8.382500000000327,4.839999999999918,time,2014-05-30,2014-05-30 08:04:00+00:00,2014-05-30 19:00:00+00:00,1.7319214876034026,4.839999999999918,13.584285714285686,side,0.05842677172228921,1.0816633659762307,T2mid,na,T1low,T2mid,0.8599379169860099,1255.87,IS,2014,5,2014-05
113,1,154646,155476,1254.6499999999999,1259.9,5.180000000000227,4.449999999999818,time,2014-06-10,2014-06-10 05:10:00+00:00,2014-06-10 19:00:00+00:00,1.1640449438203233,4.449999999999818,11.666785714285684,side,-0.02497519482146104,0.9317253818799112,T1low,na,T1low,T2mid,0.8283485012539191,1252.17,IS,2014,6,2014-06
114,1,156211,156686,1262.5,1258.85,-3.720000000000091,3.6000000000001364,sl,2014-06-11,2014-06-11 08:28:00+00:00,2014-06-11 16:23:00+00:00,-1.0333333333333194,3.6000000000001364,11.693214285714264,side,-0.03431814320021091,0.928438150439816,T1low,na,T1low,T2mid,0.8462623048699941,1259.45,IS,2014,6,2014-06
116,-1,158780,158863,1271.77,1275.39,-3.690000000000118,3.5700000000001637,sl,2014-06-13,2014-06-13 05:32:00+00:00,2014-06-13 06:55:00+00:00,-1.033613445378137,3.5700000000001637,11.629642857142844,side,-0.055114917946419546,0.9137628745633638,T1low,na,T1low,T2mid,0.8717721500348704,1272.72,IS,2014,6,2014-06
117,1,160112,160600,1282.7855,1277.1555,-5.699999999999882,5.579999999999927,sl,2014-06-16,2014-06-16 04:53:00+00:00,2014-06-16 13:01:00+00:00,-1.0215053763440782,5.579999999999927,11.914642857142862,side,-0.06168702175264627,0.9332813367231845,T1low,na,T1low,T2mid,0.906859413821038,1276.64,IS,2014,6,2014-06
118,-1,161461,162333,1267.19,1270.8474999999999,-3.7274999999997998,5.869999999999891,time,2014-06-17,2014-06-17 04:28:00+00:00,2014-06-17 19:00:00+00:00,-0.6350085178875415,5.869999999999891,10.798928571428567,side,-0.06795839709746077,0.849012419723302,T1low,na,T1low,T1low,0.838248319663781,1271.94,IS,2014,6,2014-06
119,-1,162827,163203,1267.1100000000001,1271.35,-4.309999999999782,4.189999999999827,sl,2014-06-18,2014-06-18 04:12:00+00:00,2014-06-18 10:29:00+00:00,-1.0286396181384152,4.189999999999827,11.038214285714275,side,-0.07589416316558127,0.8691096708591938,T1low,na,T1low,T1low,0.8727955607641589,1270.06,IS,2014,6,2014-06
120,1,164351,165096,1279.3899999999999,1320.92,41.4600000000002,3.5299999999999727,time,2014-06-19,2014-06-19 06:35:00+00:00,2014-06-19 19:00:00+00:00,11.745042492917994,3.5299999999999727,11.273928571428558,side,-0.08366070507313335,0.8825476598661811,T1low,na,T1low,T1low,0.9068019482151658,1277.43,IS,2014,6,2014-06
135,1,184658,185440,1331.29,1336.8400000000001,5.480000000000182,4.870000000000118,time,2014-07-10,2014-07-10 05:57:00+00:00,2014-07-10 19:00:00+00:00,1.1252566735113037,4.870000000000118,12.082857142857117,side,-0.09565122069281416,0.9103266865206409,T1low,T1low,T1low,T1low,0.8973791076605593,1327.31,IS,2014,7,2014-07
137,-1,187321,188161,1330.76,1306.1074999999998,24.582500000000145,7.910000000000082,time,2014-07-14,2014-07-14 05:00:00+00:00,2014-07-14 19:00:00+00:00,3.107774968394424,7.910000000000082,12.239999999999993,side,-0.08541229645247188,0.9144769774443948,T1low,T1low,T1low,T1low,0.9051771951973218,1338.47,IS,2014,7,2014-07
156,1,213207,213717,1316.87,1308.52,-8.41999999999991,8.299999999999955,sl,2014-08-08,2014-08-08 04:00:00+00:00,2014-08-08 12:30:00+00:00,-1.0144578313252959,8.299999999999955,13.696428571428587,side,0.009928974703837239,1.044468484014595,T1low,T1low,T2mid,T2mid,0.9153858822911618,1311.33,IS,2014,8,2014-08
162,1,221680,221885,1302.6399999999999,1297.19,-5.519999999999818,5.399999999999864,sl,2014-08-18,2014-08-18 08:59:00+00:00,2014-08-18 12:24:00+00:00,-1.0222222222222144,5.399999999999864,13.911428571428571,side,0.031653526087074176,1.066393917459052,T2mid,T1low,T2mid,T2mid,0.9406855180508152,1304.53,IS,2014,8,2014-08
165,-1,225560,226362,1284.78,1276.4174999999998,8.292500000000182,5.970000000000027,time,2014-08-21,2014-08-21 05:34:00+00:00,2014-08-21 19:00:00+00:00,1.389028475711917,5.970000000000027,12.724285714285704,side,0.027792409944527113,0.9859660075848641,T1low,T1low,T1low,T2mid,0.8792608167737718,1290.54,IS,2014,8,2014-08
168,1,229335,230215,1280.08,1283.9,3.750000000000164,4.730000000000018,time,2014-08-26,2014-08-26 04:18:00+00:00,2014-08-26 19:00:00+00:00,0.7928118393234989,4.730000000000018,12.432142857142837,side,0.020333307090828256,0.9745044332812985,T1low,T1low,T1low,T2mid,0.8903678618382334,1275.74,IS,2014,8,2014-08
169,1,230814,231568,1284.52,1282.44,-2.149999999999927,4.470000000000027,time,2014-08-27,2014-08-27 06:23:00+00:00,2014-08-27 19:00:00+00:00,-0.48098434004472346,4.470000000000027,11.978571428571415,side,0.01879029108761597,0.935350909973171,T1low,T1low,T1low,T2mid,0.8711439413419346,1280.65,IS,2014,8,2014-08
170,1,232091,232928,1286.4654999999998,1289.8,3.264500000000162,3.7200000000000273,time,2014-08-28,2014-08-28 05:02:00+00:00,2014-08-28 19:00:00+00:00,0.8775537634408973,3.7200000000000273,11.604999999999986,side,0.01891412448843938,0.9046334694895689,T1low,T1low,T1low,T2mid,0.8569092827004208,1282.84,IS,2014,8,2014-08
173,-1,235845,236742,1281.02,1264.9474999999998,16.002500000000218,6.370000000000118,time,2014-09-02,2014-09-02 04:00:00+00:00,2014-09-02 19:00:00+00:00,2.5121664050235353,6.370000000000118,10.976428571428544,side,0.023535920057181484,0.8532339827765202,T1low,T1low,T1low,T2mid,0.8486796506313855,1286.45,IS,2014,9,2014-09
176,1,240035,240824,1264.07,1266.81,2.6700000000000093,6.869999999999891,time,2014-09-05,2014-09-05 05:50:00+00:00,2014-09-05 19:00:00+00:00,0.3886462882096145,6.869999999999891,11.828571428571422,side,0.0189445794341598,0.9400811785075638,T1low,T1low,T1low,T2mid,0.9373673336540912,1258.25,IS,2014,9,2014-09
177,1,241349,241682,1271.6699999999998,1265.89,-5.849999999999746,5.729999999999791,sl,2014-09-08,2014-09-08 05:10:00+00:00,2014-09-08 10:43:00+00:00,-1.0209424083769563,5.729999999999791,12.349285714285704,side,0.01626439653991496,0.9732813469326628,T1low,T1low,T1low,T2mid,0.9855971359592741,1268.83,IS,2014,9,2014-09
212,1,289529,289837,1231.98,1228.0,-4.0500000000000185,3.9300000000000637,sl,2014-10-27,2014-10-27 10:03:00+00:00,2014-10-27 15:11:00+00:00,-1.0305343511450262,3.9300000000000637,12.86428571428569,bear,-0.20621109617190686,1.0452310535186138,T1low,T1low,T2mid,T1low,0.8388742038031108,1230.76,IS,2014,10,2014-10
216,-1,294718,295617,1193.96,1172.1374999999998,21.752500000000218,8.680000000000064,time,2014-10-31,2014-10-31 05:01:00+00:00,2014-10-31 20:00:00+00:00,2.506048387096781,8.680000000000064,13.54571428571426,bear,-0.23843096652926912,1.1286778447276367,T2mid,T1low,T2mid,T1low,0.9061565991891203,1200.14,IS,2014,10,2014-10
219,-1,298806,299676,1161.95,1145.8574999999998,16.0225000000002,7.279999999999973,time,2014-11-05,2014-11-05 05:30:00+00:00,2014-11-05 20:00:00+00:00,2.2008928571428927,7.279999999999973,14.455714285714278,bear,-0.2747341436113207,1.236714999462244,T2mid,T2mid,T2mid,T1low,0.9755956469865139,1168.88,IS,2014,11,2014-11
236,-1,322307,322769,1181.5800000000002,1167.21,14.300000000000118,9.199999999999818,time,2014-11-28,2014-11-28 11:02:00+00:00,2014-11-28 18:44:00+00:00,1.554347826087,9.199999999999818,19.825000000000014,bear,-0.31217943980570373,1.6668208073045858,T3high,T3high,T3high,T1low,0.9587351811423998,1189.39,IS,2014,11,2014-11
237,1,323223,324030,1155.1499999999999,1211.88,56.660000000000245,8.379999999999882,time,2014-12-01,2014-12-01 06:33:00+00:00,2014-12-01 20:00:00+00:00,6.761336515513251,8.379999999999882,19.477857142857147,bear,-0.3105587136129005,1.66919677289032,T3high,T3high,T3high,T1low,0.9328778815677164,1166.9,IS,2014,12,2014-12
247,-1,337094,337783,1213.3,1198.2775,14.952500000000036,10.75,time,2014-12-15,2014-12-15 08:31:00+00:00,2014-12-15 20:00:00+00:00,1.390930232558143,10.75,21.994999999999987,bear,-0.26095421789361506,1.799417510676243,T3high,T3high,T3high,T1low,0.9732485445362421,1222.34,IS,2014,12,2014-12
253,1,345296,346036,1182.84,1174.76,-8.149999999999928,9.61999999999989,time,2014-12-23,2014-12-23 07:30:00+00:00,2014-12-23 20:00:00+00:00,-0.8471933471933493,9.61999999999989,22.129999999999995,bear,-0.24336775517915182,1.8851851536344968,T3high,T3high,T3high,T1low,0.9801421715486068,1173.89,IS,2014,12,2014-12
256,1,347738,348541,1186.06,1193.76,7.630000000000045,9.460000000000036,time,2014-12-26,2014-12-26 06:11:00+00:00,2014-12-26 20:00:00+00:00,0.8065539112050757,9.460000000000036,20.042142857142867,bear,-0.23411953152914614,1.7030618574596899,T3high,T3high,T3high,T1low,0.8910801476717881,1176.83,IS,2014,12,2014-12
258,1,350565,351277,1189.68,1199.78,10.029999999999909,8.940000000000055,time,2014-12-30,2014-12-30 08:04:00+00:00,2014-12-30 20:00:00+00:00,1.121923937360162,8.940000000000055,18.760714285714293,bear,-0.22183999245608801,1.5875635116070757,T3high,T3high,T3high,T1low,0.840385876781801,1181.73,IS,2014,12,2014-12
262,1,354517,355375,1194.31,1203.78,9.400000000000027,11.3599999999999,time,2015-01-05,2015-01-05 05:42:00+00:00,2015-01-05 20:00:00+00:00,0.827464788732404,11.3599999999999,19.43021428571428,bear,-0.1927704810738465,1.6348793657204395,T3high,T3high,T3high,T1low,0.8911532021636154,1188.48,IS,2015,1,2015-01
263,1,355940,356750,1208.09,1217.23,9.0700000000001,6.440000000000055,time,2015-01-06,2015-01-06 06:30:00+00:00,2015-01-06 20:00:00+00:00,1.4083850931677053,6.440000000000055,18.608071428571407,bear,-0.18441466659725908,1.546484224273543,T3high,T3high,T3high,T1low,0.8597009940848582,1203.25,IS,2015,1,2015-01
265,-1,358986,359186,1204.72,1214.17,-9.520000000000046,9.400000000000091,sl,2015-01-08,2015-01-08 11:34:00+00:00,2015-01-08 14:54:00+00:00,-1.0127659574468035,9.400000000000091,17.68735714285713,bear,-0.1655385204114888,1.458931590947922,T3high,T3high,T2mid,T1low,0.8331604753216795,1212.35,IS,2015,1,2015-01
267,1,361380,361547,1228.1499999999999,1222.3,-5.919999999999909,5.7999999999999545,sl,2015-01-12,2015-01-12 05:41:00+00:00,2015-01-12 08:28:00+00:00,-1.020689655172406,5.7999999999999545,16.863785714285704,bear,-0.14900064059701945,1.3789431877252303,T3high,T3high,T2mid,T1low,0.8115335362170035,1222.95,IS,2015,1,2015-01
268,1,362900,363554,1240.72,1230.62,-10.170000000000137,10.050000000000182,sl,2015-01-13,2015-01-13 08:10:00+00:00,2015-01-13 19:04:00+00:00,-1.011940298507458,10.050000000000182,17.289499999999975,bear,-0.1389391702149527,1.4041891365083472,T3high,T3high,T2mid,T1low,0.8446360084403224,1231.28,IS,2015,1,2015-01
293,-1,396746,397532,1226.1100000000001,1207.5320000000002,18.507999999999974,7.740000000000009,time,2015-02-17,2015-02-17 06:54:00+00:00,2015-02-17 20:00:00+00:00,2.3912144702842317,7.740000000000009,19.86714285714288,bull,0.11006032350462153,1.6128284048921824,T3high,T3high,T2mid,T2mid,0.9141804627204578,1231.82,IS,2015,2,2015-02
299,1,404910,405513,1210.25,1203.9,-6.419999999999909,6.2999999999999545,sl,2015-02-25,2015-02-25 05:39:00+00:00,2015-02-25 15:42:00+00:00,-1.019047619047612,6.2999999999999545,18.147857142857188,side,0.09669025748532262,1.506258737154386,T3high,T3high,T2mid,T2mid,0.8467969730349483,1204.83,IS,2015,2,2015-02
300,1,406273,407142,1209.61,1207.56,-2.1199999999999544,5.980000000000018,time,2015-02-26,2015-02-26 05:30:00+00:00,2015-02-26 20:00:00+00:00,-0.35451505016721535,5.980000000000018,17.680714285714316,side,0.09594377023158251,1.4667314517992711,T3high,T2mid,T1low,T2mid,0.8321413023197961,1205.45,IS,2015,2,2015-02
302,1,409036,409413,1223.2,1213.79,-9.480000000000082,9.360000000000127,sl,2015-03-02,2015-03-02 05:44:00+00:00,2015-03-02 12:03:00+00:00,-1.012820512820508,9.360000000000127,16.325000000000028,side,0.09694061689679591,1.3457147332063892,T2mid,T2mid,T1low,T2mid,0.7935942998713513,1213.11,IS,2015,3,2015-03
303,1,410423,411268,1210.97,1202.8500000000001,-8.189999999999891,15.590000000000146,time,2015-03-03,2015-03-03 05:54:00+00:00,2015-03-03 20:00:00+00:00,-0.5253367543296866,15.590000000000146,16.58928571428576,side,0.09838241354436553,1.374559667430545,T3high,T2mid,T1low,T2mid,0.8197256522069071,1206.88,IS,2015,3,2015-03
308,-1,417388,417724,1159.67,1169.16,-9.56000000000001,9.440000000000055,sl,2015-03-10,2015-03-10 06:39:00+00:00,2015-03-10 12:16:00+00:00,-1.0127118644067747,9.440000000000055,16.832857142857197,side,0.0969341859129898,1.4429111464059523,T3high,T2mid,T1low,T2mid,0.9010734803513911,1166.59,IS,2015,3,2015-03
310,1,420082,420696,1155.8899999999999,1150.0900000000001,-5.869999999999727,5.720000000000027,sl,2015-03-12,2015-03-12 05:43:00+00:00,2015-03-12 15:57:00+00:00,-1.0262237762237236,5.720000000000027,16.746428571428623,side,0.09183735089757826,1.449279841750638,T3high,T2mid,T1low,T2mid,0.92439625431247,1155.5,IS,2015,3,2015-03
311,1,421451,421975,1161.75,1153.81,-8.010000000000055,7.8900000000001,sl,2015-03-13,2015-03-13 05:42:00+00:00,2015-03-13 14:26:00+00:00,-1.0152091254752793,7.8900000000001,16.813571428571485,side,0.08729028163313486,1.4568935531268887,T3high,T2mid,T1low,T2mid,0.9413416087467715,1154.07,IS,2015,3,2015-03
312,1,422785,423247,1160.532,1153.8619999999999,-6.740000000000073,6.620000000000118,sl,2015-03-16,2015-03-16 05:00:00+00:00,2015-03-16 12:43:00+00:00,-1.0181268882175154,6.620000000000118,16.125000000000064,side,0.0833037421068445,1.3922225483932296,T3high,T2mid,T1low,T2mid,0.9155410817376434,1158.22,IS,2015,3,2015-03
322,-1,436619,437343,1192.18,1186.692,5.418000000000056,6.019999999999982,time,2015-03-30,2015-03-30 06:56:00+00:00,2015-03-30 19:00:00+00:00,0.900000000000012,6.019999999999982,16.615000000000027,side,0.01747921083222136,1.3862815282053873,T3high,T2mid,T1low,T2mid,0.9862415467130217,1198.53,IS,2015,3,2015-03
323,-1,437816,438311,1181.21,1187.42,-6.280000000000037,6.160000000000082,sl,2015-03-31,2015-03-31 04:00:00+00:00,2015-03-31 12:15:00+00:00,-1.0194805194805119,6.160000000000082,16.681428571428587,side,0.007661559604838294,1.4061728543731424,T3high,T2mid,T1low,T2mid,0.9899139325066372,1186.3,IS,2015,3,2015-03
324,-1,439478,439689,1182.68,1188.96,-6.349999999999973,6.230000000000018,sl,2015-04-01,2015-04-01 08:45:00+00:00,2015-04-01 12:16:00+00:00,-1.019261637239158,6.230000000000018,16.295714285714293,side,-0.0018083085625723503,1.3774440666177217,T3high,T2mid,T1low,T2mid,0.9673015280769275,1183.04,IS,2015,4,2015-04
330,-1,446178,446585,1196.16,1202.58,-6.489999999999846,6.369999999999891,sl,2015-04-09,2015-04-09 05:34:00+00:00,2015-04-09 12:21:00+00:00,-1.0188383045525835,6.369999999999891,14.888571428571415,side,-0.029336280400777,1.2390725146323969,T2mid,T2mid,T1low,T2mid,0.8928066613553987,1201.59,IS,2015,4,2015-04
332,-1,448814,449714,1203.66,1199.722,3.868000000000102,5.690000000000055,time,2015-04-13,2015-04-13 04:00:00+00:00,2015-04-13 19:00:00+00:00,0.6797891036906968,5.690000000000055,14.622142857142844,side,-0.03565091654511644,1.211615791548341,T2mid,T2mid,T1low,T2mid,0.8876776244183964,1206.83,IS,2015,4,2015-04
335,-1,452920,453154,1202.56,1207.51,-5.020000000000046,4.900000000000091,sl,2015-04-16,2015-04-16 04:00:00+00:00,2015-04-16 07:54:00+00:00,-1.0244897959183576,4.900000000000091,14.518571428571429,side,-0.04555012774010814,1.2070343630081914,T2mid,T2mid,T1low,T2mid,0.896174526086985,1202.83,IS,2015,4,2015-04
340,1,459780,460680,1189.282,1196.1000000000001,6.748000000000211,4.860000000000127,time,2015-04-23,2015-04-23 04:00:00+00:00,2015-04-23 19:00:00+00:00,1.388477366255151,4.860000000000127,13.903571428571436,side,-0.06591378367173724,1.1706594785227744,T2mid,T1low,T1low,T1low,0.9041335135561971,1187.67,IS,2015,4,2015-04
342,1,462568,463405,1183.5,1202.94,19.370000000000054,4.910000000000082,time,2015-04-27,2015-04-27 05:03:00+00:00,2015-04-27 19:00:00+00:00,3.9450101832993343,4.910000000000082,14.64714285714287,side,-0.07564598506085707,1.242230757114992,T2mid,T2mid,T1low,T1low,0.9651767286317104,1179.1,IS,2015,4,2015-04
358,-1,484448,485200,1220.26,1208.2920000000001,11.897999999999847,4.930000000000064,time,2015-05-19,2015-05-19 06:26:00+00:00,2015-05-19 19:00:00+00:00,2.413387423935029,4.930000000000064,15.711428571428542,bear,-0.12345033547856432,1.2823771667370134,T2mid,T2mid,T1low,T1low,0.9704360256065198,1225.18,IS,2015,5,2015-05
360,1,487061,487362,1212.76,1207.87,-4.9600000000001,4.8400000000001455,sl,2015-05-21,2015-05-21 05:01:00+00:00,2015-05-21 10:03:00+00:00,-1.024793388429742,4.8400000000001455,14.774285714285677,bear,-0.12908905431907142,1.2210557137662135,T2mid,T2mid,T1low,T1low,0.902238584614308,1209.96,IS,2015,5,2015-05
367,-1,496512,496901,1189.26,1193.55,-4.359999999999964,4.240000000000009,sl,2015-06-01,2015-06-01 06:51:00+00:00,2015-06-01 13:20:00+00:00,-1.028301886792442,4.240000000000009,13.878571428571393,bear,-0.14892197329229676,1.1659921555072246,T2mid,T1low,T1low,T1low,0.8814849596345202,1190.28,IS,2015,6,2015-06
370,1,500436,500575,1186.22,1181.94,-4.349999999999973,4.230000000000018,sl,2015-06-04,2015-06-04 04:37:00+00:00,2015-06-04 06:56:00+00:00,-1.0283687943262303,4.230000000000018,12.969999999999962,bear,-0.1493556633128839,1.0944501168707301,T2mid,T1low,T1low,T1low,0.8541805831271333,1185.07,IS,2015,6,2015-06
373,1,504506,505396,1176.46,1177.55,1.019999999999918,3.9600000000000364,time,2015-06-09,2015-06-09 04:06:00+00:00,2015-06-09 19:00:00+00:00,0.25757575757573453,3.9600000000000364,12.378571428571409,bear,-0.13927523515673051,1.0552556970411417,T1low,T1low,T1low,T1low,0.8486445193136414,1173.04,IS,2015,6,2015-06
377,-1,509992,510583,1180.16,1186.01,-5.919999999999909,5.7999999999999545,sl,2015-06-15,2015-06-15 05:37:00+00:00,2015-06-15 15:29:00+00:00,-1.020689655172406,5.7999999999999545,12.822857142857126,bear,-0.10768514631471386,1.0853950518754973,T2mid,T1low,T1low,T1low,0.9310744543189011,1181.4,IS,2015,6,2015-06
380,1,513974,514844,1188.22,1201.72,13.43,4.150000000000091,time,2015-06-18,2015-06-18 04:30:00+00:00,2015-06-18 19:00:00+00:00,3.236144578313182,4.150000000000091,13.044285714285722,side,-0.08329049156910263,1.1011738940625135,T2mid,T1low,T1low,T1low,0.9765566511946293,1184.58,IS,2015,6,2015-06
387,-1,523589,524286,1179.77,1180.102,-0.4020000000001073,7.620000000000118,time,2015-06-29,2015-06-29 07:23:00+00:00,2015-06-29 19:00:00+00:00,-0.05275590551182429,7.620000000000118,12.464285714285747,side,-0.03672811611927538,1.0606368197184872,T2mid,T1low,T1low,T2mid,0.9617901974563569,1175.17,IS,2015,6,2015-06
388,-1,524764,525641,1176.3500000000001,1172.372,3.9080000000000656,4.0499999999999545,time,2015-06-30,2015-06-30 04:23:00+00:00,2015-06-30 19:00:00+00:00,0.9649382716049654,4.0499999999999545,12.688571428571468,side,-0.03292885494667473,1.075147769268111,T2mid,T1low,T1low,T2mid,0.9845314829491637,1180.17,IS,2015,6,2015-06
392,-1,529869,530593,1167.57,1174.44,-6.9400000000001185,6.820000000000164,sl,2015-07-06,2015-07-06 04:56:00+00:00,2015-07-06 17:00:00+00:00,-1.0175953079178814,6.820000000000164,11.535714285714318,side,-0.02802829363580029,0.9873086516359396,T1low,T1low,T1low,T2mid,0.906870314737346,1168.4,IS,2015,7,2015-07
394,-1,532652,532977,1151.47,1156.55,-5.1499999999999275,5.029999999999973,sl,2015-07-08,2015-07-08 05:53:00+00:00,2015-07-08 11:18:00+00:00,-1.0238568588469097,5.029999999999973,12.060714285714328,side,-0.02796408583005012,1.0446427798077422,T1low,T1low,T1low,T2mid,0.9526227450316666,1154.53,IS,2015,7,2015-07
396,1,535306,536173,1162.74,1161.3400000000001,-1.4699999999998636,4.920000000000073,time,2015-07-10,2015-07-10 04:33:00+00:00,2015-07-10 19:00:00+00:00,-0.2987804878048459,4.920000000000073,12.18357142857144,side,-0.03069818265192357,1.0518130625353042,T1low,T1low,T1low,T2mid,0.968476397042958,1158.34,IS,2015,7,2015-07
397,1,536661,536681,1164.26,1160.69,-3.639999999999936,3.519999999999982,sl,2015-07-13,2015-07-13 04:17:00+00:00,2015-07-13 04:37:00+00:00,-1.0340909090908963,3.519999999999982,11.448571428571443,side,-0.03239034764595089,0.9841376269929292,T1low,T1low,T1low,T2mid,0.9150490979675718,1163.31,IS,2015,7,2015-07
417,1,564095,564993,1095.1,1103.3700000000001,8.200000000000209,5.4099999999998545,time,2015-08-10,2015-08-10 04:02:00+00:00,2015-08-10 19:00:00+00:00,1.515711645101743,5.4099999999998545,15.02642857142858,bear,-0.2269367444508968,1.3737820964919163,T3high,T2mid,T2mid,T1low,0.9976477952823123,1093.8,IS,2015,8,2015-08
425,1,575158,575982,1139.4199999999998,1152.92,13.430000000000227,6.769999999999982,time,2015-08-20,2015-08-20 05:16:00+00:00,2015-08-20 19:00:00+00:00,1.983751846381132,6.769999999999982,15.478571428571415,bear,-0.2587711216233593,1.3663872519285156,T2mid,T2mid,T3high,T1low,0.9542388107022699,1132.81,IS,2015,8,2015-08
426,-1,576654,577320,1153.25,1158.7820000000002,-5.602000000000153,14.88000000000011,time,2015-08-21,2015-08-21 07:14:00+00:00,2015-08-21 19:00:00+00:00,-0.37647849462366345,14.88000000000011,15.411428571428555,bear,-0.25575012662470314,1.3345076869028225,T2mid,T2mid,T3high,T1low,0.9516164601067343,1154.84,IS,2015,8,2015-08
427,-1,577911,578352,1155.46,1164.43,-9.040000000000028,8.920000000000073,sl,2015-08-24,2015-08-24 05:53:00+00:00,2015-08-24 13:14:00+00:00,-1.0134529147982012,8.920000000000073,15.85571428571427,bear,-0.25111556399897755,1.3665774001908442,T2mid,T2mid,T3high,T1low,0.9820298882508556,1160.25,IS,2015,8,2015-08
446,1,603858,604482,1132.24,1137.74,5.43,4.680000000000064,time,2015-09-18,2015-09-18 08:36:00+00:00,2015-09-18 19:00:00+00:00,1.1602564102563944,4.680000000000064,13.054285714285713,bear,-0.24109154846969783,1.1530322932320864,T2mid,T1low,T1low,T1low,0.8151159497532486,1132.17,IS,2015,9,2015-09
450,1,609083,609979,1136.1599999999999,1151.13,14.900000000000254,5.809999999999945,time,2015-09-24,2015-09-24 04:04:00+00:00,2015-09-24 19:00:00+00:00,2.5645438898451625,5.809999999999945,13.371428571428558,bear,-0.23175329719730223,1.1825064842035566,T2mid,T1low,T2mid,T1low,0.8779108348359886,1130.77,IS,2015,9,2015-09
451,-1,610610,611357,1146.0900000000001,1147.0220000000002,-1.0020000000000164,5.019999999999982,time,2015-09-25,2015-09-25 06:33:00+00:00,2015-09-25 19:00:00+00:00,-0.199601593625502,5.019999999999982,14.119285714285686,bear,-0.22715716686794832,1.2278387131639044,T2mid,T1low,T2mid,T1low,0.9402380204914507,1149.93,IS,2015,9,2015-09
452,-1,611990,612731,1143.56,1133.5420000000001,9.947999999999801,4.540000000000191,time,2015-09-28,2015-09-28 06:39:00+00:00,2015-09-28 19:00:00+00:00,2.1911894273126395,4.540000000000191,14.244285714285686,bear,-0.22253145242187478,1.2430761865698876,T2mid,T1low,T2mid,T1low,0.9613752940722725,1145.89,IS,2015,9,2015-09
454,-1,614766,615476,1122.8500000000001,1116.432,6.34800000000012,5.139999999999873,time,2015-09-30,2015-09-30 07:10:00+00:00,2015-09-30 19:00:00+00:00,1.235019455252972,5.139999999999873,14.131428571428549,bear,-0.2173144810703253,1.2546325773237699,T2mid,T1low,T2mid,T1low,0.9681926401894871,1126.34,IS,2015,9,2015-09
471,1,637956,638523,1169.45,1164.39,-5.129999999999946,5.009999999999991,sl,2015-10-23,2015-10-23 04:08:00+00:00,2015-10-23 13:35:00+00:00,-1.0239520958083743,5.009999999999991,14.82285714285719,side,-0.05908833486202935,1.2709409446070181,T2mid,T2mid,T2mid,T2mid,0.9350780433293706,1166.29,IS,2015,10,2015-10
477,1,646256,646539,1141.74,1136.99,-4.82,4.7000000000000455,sl,2015-11-02,2015-11-02 05:42:00+00:00,2015-11-02 10:25:00+00:00,-1.025531914893607,4.7000000000000455,15.28000000000002,side,-0.015052251724693495,1.3382027096853317,T2mid,T2mid,T2mid,T2mid,0.9546377490684335,1141.83,IS,2015,11,2015-11
478,1,647597,647865,1138.18,1133.06,-5.1900000000001185,5.070000000000164,sl,2015-11-03,2015-11-03 05:04:00+00:00,2015-11-03 09:32:00+00:00,-1.0236686390532448,5.070000000000164,14.78214285714286,side,-0.009622489510350624,1.3045062354074322,T2mid,T2mid,T2mid,T2mid,0.9286557265233395,1133.16,IS,2015,11,2015-11
482,1,653123,653671,1093.9199999999998,1089.07,-4.919999999999909,4.7999999999999545,sl,2015-11-09,2015-11-09 05:17:00+00:00,2015-11-09 14:25:00+00:00,-1.0249999999999908,4.7999999999999545,15.542142857142867,side,0.0024445583214499256,1.4266568929184482,T3high,T2mid,T2mid,T2mid,0.9922544957897916,1089.41,IS,2015,11,2015-11
484,1,655955,656125,1093.3999999999999,1088.58,-4.889999999999937,4.769999999999982,sl,2015-11-11,2015-11-11 06:37:00+00:00,2015-11-11 09:27:00+00:00,-1.0251572327043932,4.769999999999982,14.673571428571433,side,0.003433277758781625,1.3460633723726445,T2mid,T2mid,T2mid,T2mid,0.9470333464718462,1090.11,IS,2015,11,2015-11
486,1,658753,659151,1084.96,1080.17,-4.859999999999964,4.740000000000009,sl,2015-11-13,2015-11-13 07:22:00+00:00,2015-11-13 14:00:00+00:00,-1.025316455696193,4.740000000000009,14.352142857142862,side,0.0017409798431320918,1.3240839221299217,T2mid,T1low,T2mid,T2mid,0.9412255184399244,1083.93,IS,2015,11,2015-11
487,1,660000,660491,1093.62,1088.83,-4.859999999999964,4.740000000000009,sl,2015-11-16,2015-11-16 05:13:00+00:00,2015-11-16 13:24:00+00:00,-1.025316455696193,4.740000000000009,14.461428571428574,side,0.0011337238725280373,1.3342647572476427,T2mid,T1low,T2mid,T2mid,0.954846864182158,1083.85,IS,2015,11,2015-11
489,1,662814,663641,1070.71,1070.15,-0.6299999999999455,5.990000000000009,time,2015-11-18,2015-11-18 06:13:00+00:00,2015-11-18 20:00:00+00:00,-0.10517529215358006,5.990000000000009,14.314285714285704,side,-0.0011692480833355092,1.3387345885194815,T2mid,T1low,T2mid,T2mid,0.9555802980704794,1069.24,IS,2015,11,2015-11
494,-1,669882,670517,1074.3600000000001,1071.0720000000001,3.218000000000011,6.369999999999891,time,2015-11-25,2015-11-25 09:25:00+00:00,2015-11-25 20:00:00+00:00,0.5051805337519727,6.369999999999891,13.23357142857141,side,-0.010111678668207644,1.2306978981085486,T2mid,T1low,T1low,T2mid,0.904797718348927,1075.29,IS,2015,11,2015-11
496,-1,672424,672957,1066.77,1057.9409999999998,8.759000000000178,6.980000000000018,time,2015-11-27,2015-11-27 09:52:00+00:00,2015-11-27 18:45:00+00:00,1.254871060171942,6.980000000000018,12.136428571428562,side,-0.01502287513278558,1.1322457128463332,T2mid,T1low,T1low,T2mid,0.8457736207832023,1071.89,IS,2015,11,2015-11
516,-1,699591,700188,1071.57,1068.212,3.2879999999999474,4.7800000000002,time,2015-12-28,2015-12-28 10:03:00+00:00,2015-12-28 20:00:00+00:00,0.6878661087865711,4.7800000000002,14.494285714285736,bear,-0.1647068545274426,1.3466645961001698,T2mid,T2mid,T2mid,T1low,0.9257299270073014,1076.31,IS,2015,12,2015-12
517,1,700712,701321,1073.53,1067.93,-5.669999999999909,5.5499999999999545,sl,2015-12-29,2015-12-29 05:47:00+00:00,2015-12-29 15:56:00+00:00,-1.0216216216216136,5.5499999999999545,13.762857142857163,bear,-0.17366197122268748,1.2883072146006387,T2mid,T1low,T2mid,T1low,0.8772197397205099,1068.29,IS,2015,12,2015-12
521,1,706197,707060,1077.82,1078.56,0.670000000000009,5.160000000000082,time,2016-01-05,2016-01-05 05:37:00+00:00,2016-01-05 20:00:00+00:00,0.12984496124030978,5.160000000000082,13.494285714285736,bear,-0.19899311953796156,1.2576221541738803,T2mid,T1low,T1low,T1low,0.8678475616478643,1073.0,IS,2016,1,2016-01
522,1,707592,708440,1079.22,1093.65,14.360000000000063,4.120000000000118,time,2016-01-06,2016-01-06 05:52:00+00:00,2016-01-06 20:00:00+00:00,3.485436893203799,4.120000000000118,12.80928571428574,bear,-0.20317892126005438,1.1886864990985284,T2mid,T1low,T1low,T1low,0.8317120058622887,1077.6,IS,2016,1,2016-01
524,-1,710424,711197,1101.19,1102.9709999999998,-1.8509999999997218,11.629999999999882,time,2016-01-08,2016-01-08 07:07:00+00:00,2016-01-08 20:00:00+00:00,-0.15915735167667588,11.629999999999882,13.665000000000061,bear,-0.2041739927788728,1.2320023080321376,T2mid,T1low,T2mid,T1low,0.9002230441288607,1109.17,IS,2016,1,2016-01
525,-1,711903,712574,1102.5,1096.6409999999998,5.789000000000151,5.930000000000064,time,2016-01-11,2016-01-11 08:49:00+00:00,2016-01-11 20:00:00+00:00,0.9762225969646018,5.930000000000064,13.370000000000037,bear,-0.2020100573743636,1.210546330333379,T2mid,T1low,T1low,T1low,0.8876011816979096,1104.46,IS,2016,1,2016-01
526,1,713052,713396,1098.1519999999998,1093.1219999999998,-5.099999999999973,4.980000000000018,sl,2016-01-12,2016-01-12 05:00:00+00:00,2016-01-12 10:44:00+00:00,-1.0240963855421594,4.980000000000018,12.980000000000034,bear,-0.19800356806638036,1.184501104195948,T2mid,T1low,T1low,T1low,0.8684867674293577,1095.82,IS,2016,1,2016-01
527,-1,714568,715007,1082.89,1087.71,-4.889999999999937,4.769999999999982,sl,2016-01-13,2016-01-13 07:17:00+00:00,2016-01-13 14:37:00+00:00,-1.0251572327043932,4.769999999999982,12.827857142857154,bear,-0.19441019236102575,1.180713069433214,T2mid,T1low,T1low,T1low,0.8668475112947441,1086.45,IS,2016,1,2016-01
529,1,717261,718085,1082.19,1088.43,6.170000000000009,5.910000000000082,time,2016-01-15,2016-01-15 06:16:00+00:00,2016-01-15 20:00:00+00:00,1.0439932318104777,5.910000000000082,14.487857142857138,bear,-0.19022582450415632,1.3453798212262633,T2mid,T2mid,T2mid,T1low,0.9941404383275602,1076.86,IS,2016,1,2016-01
540,1,732099,732998,1122.522,1128.3400000000001,5.748000000000211,5.439999999999827,time,2016-02-01,2016-02-01 05:00:00+00:00,2016-02-01 20:00:00+00:00,1.056617647058896,5.439999999999827,14.261428571428562,bear,-0.16370388054980933,1.276053450316616,T2mid,T2mid,T2mid,T1low,0.9797580783669053,1117.62,IS,2016,2,2016-02
541,-1,733486,734053,1124.8500000000001,1130.39,-5.609999999999964,5.490000000000009,sl,2016-02-02,2016-02-02 05:10:00+00:00,2016-02-02 14:37:00+00:00,-1.0218579234972596,5.490000000000009,14.056428571428569,bear,-0.15979090530266357,1.245872205508453,T2mid,T2mid,T2mid,T1low,0.9638135259099263,1128.24,IS,2016,2,2016-02
567,-1,769493,769988,1251.43,1254.051,-2.690999999999867,13.5,time,2016-03-09,2016-03-09 11:45:00+00:00,2016-03-09 20:00:00+00:00,-0.19933333333332348,13.5,24.248571428571413,bull,0.2682497905146142,1.919553800431542,T3high,T3high,T3high,T3high,0.9927099507855888,1263.24,IS,2016,3,2016-03
569,-1,771957,772743,1269.46,1259.241,10.14900000000005,13.8599999999999,time,2016-03-11,2016-03-11 06:54:00+00:00,2016-03-11 20:00:00+00:00,0.7322510822510911,13.8599999999999,24.580714285714294,bull,0.3155738056552582,1.9340730241409279,T3high,T3high,T3high,T3high,0.9842521937100313,1270.93,IS,2016,3,2016-03
574,-1,779004,779686,1257.77,1253.7009999999998,3.9990000000001875,9.049999999999955,time,2016-03-18,2016-03-18 08:38:00+00:00,2016-03-18 20:00:00+00:00,0.441878453038697,9.049999999999955,24.817142857142876,bull,0.41636445571933794,1.971163283623075,T3high,T3high,T3high,T3high,0.9698837473847014,1259.01,IS,2016,3,2016-03
577,-1,783077,783820,1231.57,1220.1609999999998,11.339000000000105,17.74000000000001,time,2016-03-23,2016-03-23 07:37:00+00:00,2016-03-23 20:00:00+00:00,0.6391770011274013,17.74000000000001,24.00214285714289,bull,0.46835214956236376,1.922647798936461,T3high,T3high,T3high,T3high,0.9491447867368873,1248.39,IS,2016,3,2016-03
578,-1,784419,784753,1214.73,1223.21,-8.550000000000018,8.430000000000064,sl,2016-03-24,2016-03-24 07:00:00+00:00,2016-03-24 12:34:00+00:00,-1.0142348754448345,8.430000000000064,24.22857142857145,bull,0.47974895765770764,1.9827792813594214,T3high,T3high,T3high,T3high,0.9650208395567516,1221.95,IS,2016,3,2016-03
581,-1,788374,788595,1234.67,1242.61,-8.009999999999827,7.889999999999873,sl,2016-03-30,2016-03-30 04:00:00+00:00,2016-03-30 07:41:00+00:00,-1.0152091254752798,7.889999999999873,23.55642857142857,bull,0.505159557847569,1.9007696679142885,T3high,T3high,T3high,T3high,0.9601516258730568,1239.31,IS,2016,3,2016-03
585,1,793933,794786,1226.86,1228.41,1.4800000000001818,12.039999999999964,time,2016-04-05,2016-04-05 04:47:00+00:00,2016-04-05 19:00:00+00:00,0.12292358803988258,12.039999999999964,19.729999999999986,bull,0.5212089339067317,1.6223727921586675,T3high,T3high,T3high,T3high,0.8302424420946315,1216.12,IS,2016,4,2016-04
589,1,799415,800297,1252.06,1256.56,4.43,8.089999999999918,time,2016-04-11,2016-04-11 04:18:00+00:00,2016-04-11 19:00:00+00:00,0.5475896168108831,8.089999999999918,18.697857142857142,bull,0.5305918252916345,1.5082079422182992,T3high,T3high,T2mid,T3high,0.819602581824842,1239.74,IS,2016,4,2016-04
590,-1,800839,801019,1253.1200000000001,1259.77,-6.719999999999864,6.599999999999909,sl,2016-04-12,2016-04-12 05:03:00+00:00,2016-04-12 08:03:00+00:00,-1.0181818181818116,6.599999999999909,19.012857142857133,bull,0.5337229580907321,1.5111757058265813,T3high,T3high,T2mid,T3high,0.8451647830014489,1258.15,IS,2016,4,2016-04
592,1,803780,804235,1242.3,1229.02,-13.349999999999973,13.230000000000018,sl,2016-04-14,2016-04-14 08:09:00+00:00,2016-04-14 15:44:00+00:00,-1.009070294784577,13.230000000000018,17.394285714285697,bull,0.5386376462460332,1.4011717091279832,T3high,T3high,T2mid,T3high,0.7984275384057999,1241.41,IS,2016,4,2016-04
594,-1,806444,806643,1233.28,1239.59,-6.379999999999946,6.259999999999991,sl,2016-04-18,2016-04-18 06:41:00+00:00,2016-04-18 10:00:00+00:00,-1.0191693290734751,6.259999999999991,17.699285714285697,bull,0.5354400368089952,1.434825156198427,T3high,T3high,T2mid,T3high,0.8410380688606489,1233.55,IS,2016,4,2016-04
595,1,807798,808559,1235.26,1251.8300000000002,16.500000000000163,7.559999999999945,time,2016-04-19,2016-04-19 06:19:00+00:00,2016-04-19 19:00:00+00:00,2.18253968253972,7.559999999999945,16.55857142857141,bull,0.533065674343685,1.3443126794050262,T2mid,T3high,T1low,T3high,0.8021994563647021,1231.75,IS,2016,4,2016-04
596,-1,809062,809933,1249.3400000000001,1251.041,-1.7709999999997945,8.529999999999973,time,2016-04-20,2016-04-20 04:29:00+00:00,2016-04-20 19:00:00+00:00,-0.20762016412658854,8.529999999999973,17.144999999999964,bull,0.5326389569773432,1.371523194701094,T3high,T3high,T2mid,T3high,0.8449692768847046,1250.07,IS,2016,4,2016-04
597,1,810509,811312,1251.24,1248.93,-2.3799999999999453,7.8400000000001455,time,2016-04-21,2016-04-21 05:37:00+00:00,2016-04-21 19:00:00+00:00,-0.30357142857141595,7.8400000000001455,17.078571428571404,bull,0.5290127319710781,1.3724452485612553,T3high,T3high,T2mid,T3high,0.8563048172965687,1244.39,IS,2016,4,2016-04
600,-1,814583,815106,1235.15,1240.89,-5.810000000000009,5.690000000000055,sl,2016-04-26,2016-04-26 04:34:00+00:00,2016-04-26 13:17:00+00:00,-1.0210896309314506,5.690000000000055,17.63214285714285,bull,0.5157865911766953,1.424796597803902,T3high,T3high,T2mid,T3high,0.923404382663864,1237.52,IS,2016,4,2016-04
602,1,817360,818201,1250.01,1264.73,14.650000000000027,12.289999999999964,time,2016-04-28,2016-04-28 04:59:00+00:00,2016-04-28 19:00:00+00:00,1.1920260374288096,12.289999999999964,16.97499999999999,bull,0.5089831216568242,1.3634976224135706,T2mid,T3high,T2mid,T3high,0.9191983461005145,1244.96,IS,2016,4,2016-04
617,-1,838066,838869,1254.99,1254.8509999999999,0.06900000000012368,6.210000000000036,time,2016-05-19,2016-05-19 05:37:00+00:00,2016-05-19 19:00:00+00:00,0.011111111111130964,6.210000000000036,19.00500000000006,bull,0.438777402006962,1.507974291835282,T3high,T3high,T2mid,T3high,0.9972078031594945,1260.3,IS,2016,5,2016-05
620,-1,842203,842998,1244.3400000000001,1228.6309999999999,15.639000000000287,7.7999999999999545,time,2016-05-24,2016-05-24 05:45:00+00:00,2016-05-24 19:00:00+00:00,2.0050000000000483,7.7999999999999545,17.192142857142894,bull,0.39986792975810376,1.3756575653450234,T3high,T3high,T1low,T3high,0.902582987085065,1249.74,IS,2016,5,2016-05
621,-1,843608,844376,1223.27,1225.1309999999999,-1.9309999999998764,6.860000000000127,time,2016-05-25,2016-05-25 06:12:00+00:00,2016-05-25 19:00:00+00:00,-0.28148688046644904,6.860000000000127,17.76571428571432,bull,0.3841333892497018,1.4473086994471953,T3high,T3high,T2mid,T3high,0.9320120585992465,1227.5,IS,2016,5,2016-05
623,1,846449,846897,1223.08,1211.52,-11.629999999999946,11.509999999999991,sl,2016-05-27,2016-05-27 07:37:00+00:00,2016-05-27 15:06:00+00:00,-1.010425716768024,11.509999999999991,17.030000000000022,bull,0.35338233373739825,1.3960732876993092,T3high,T3high,T1low,T3high,0.8954287763812908,1219.85,IS,2016,5,2016-05
624,-1,847737,847978,1199.8,1209.26,-9.530000000000037,9.410000000000082,sl,2016-05-30,2016-05-30 06:07:00+00:00,2016-05-30 10:08:00+00:00,-1.0127523910733214,9.410000000000082,16.296428571428596,bull,0.33979726909481384,1.3435920992191108,T2mid,T2mid,T1low,T3high,0.8634670007247592,1212.9,IS,2016,5,2016-05
625,1,848833,849649,1214.33,1216.66,2.2600000000001548,6.079999999999927,time,2016-05-31,2016-05-31 05:24:00+00:00,2016-05-31 19:00:00+00:00,0.37171052631581936,6.079999999999927,16.33714285714289,bull,0.32484938313105166,1.3509362995024385,T2mid,T2mid,T1low,T3high,0.8730287478839395,1209.32,IS,2016,5,2016-05
626,-1,850133,850610,1213.72,1219.89,-6.240000000000073,6.120000000000118,sl,2016-06-01,2016-06-01 04:05:00+00:00,2016-06-01 12:02:00+00:00,-1.019607843137247,6.120000000000118,16.0271428571429,bull,0.3091575541178011,1.3188567478701891,T2mid,T2mid,T1low,T3high,0.8649728033553452,1215.23,IS,2016,6,2016-06
629,-1,854360,855158,1240.79,1245.6209999999999,-4.900999999999904,7.870000000000118,time,2016-06-06,2016-06-06 05:42:00+00:00,2016-06-06 19:00:00+00:00,-0.6227445997458488,7.870000000000118,16.901428571428596,bull,0.2584579159986135,1.358526530940326,T2mid,T2mid,T1low,T3high,0.9431732346393535,1244.1,IS,2016,6,2016-06
631,1,857061,857905,1249.21,1260.71,11.43,6.230000000000018,time,2016-06-08,2016-06-08 04:56:00+00:00,2016-06-08 19:00:00+00:00,1.8346709470304923,6.230000000000018,15.611428571428585,bull,0.22901808350359318,1.2547665167484012,T2mid,T2mid,T1low,T3high,0.8930202151240578,1244.17,IS,2016,6,2016-06
632,-1,858562,859002,1260.41,1266.35,-6.0099999999998275,5.889999999999873,sl,2016-06-09,2016-06-09 07:04:00+00:00,2016-06-09 14:24:00+00:00,-1.0203735144312323,5.889999999999873,15.882142857142867,bull,0.21568350820110577,1.2583503301648682,T2mid,T2mid,T1low,T3high,0.9179595577610611,1262.14,IS,2016,6,2016-06
634,1,861237,862030,1278.4199999999998,1282.3400000000001,3.8500000000003003,5.989999999999782,time,2016-06-13,2016-06-13 05:47:00+00:00,2016-06-13 19:00:00+00:00,0.6427378964942305,5.989999999999782,16.18571428571428,bull,0.19322108104783067,1.2710828099792897,T2mid,T2mid,T1low,T3high,0.9516110405358568,1273.38,IS,2016,6,2016-06
637,1,865294,866059,1301.31,1291.61,-9.770000000000046,9.650000000000091,sl,2016-06-16,2016-06-16 04:30:00+00:00,2016-06-16 17:15:00+00:00,-1.012435233160617,9.650000000000091,15.63285714285712,bull,0.16520521443987282,1.2102451125141958,T2mid,T2mid,T1low,T3high,0.951102072034485,1291.71,IS,2016,6,2016-06
658,-1,893989,894448,1326.73,1335.83,-9.16999999999991,9.049999999999955,sl,2016-07-15,2016-07-15 04:31:00+00:00,2016-07-15 12:10:00+00:00,-1.0132596685082824,9.049999999999955,21.117857142857165,bull,0.17038408425559348,1.5829765634871868,T3high,T3high,T2mid,T3high,0.8870267278119571,1334.06,IS,2016,7,2016-07
660,1,896872,897613,1331.77,1331.8,-0.04000000000002729,6.160000000000082,time,2016-07-19,2016-07-19 06:39:00+00:00,2016-07-19 19:00:00+00:00,-0.006493506493510838,6.160000000000082,20.33642857142859,bull,0.17737951313281897,1.531680517837239,T3high,T3high,T2mid,T3high,0.8460380688901017,1327.72,IS,2016,7,2016-07
661,-1,898204,898990,1330.47,1317.6209999999999,12.77900000000016,7.7000000000000455,time,2016-07-20,2016-07-20 05:54:00+00:00,2016-07-20 19:00:00+00:00,1.6596103896104006,7.7000000000000455,19.925714285714303,bull,0.18196805382603307,1.4961154415889644,T3high,T3high,T2mid,T3high,0.8286240047288846,1331.83,IS,2016,7,2016-07
663,-1,901017,901731,1324.32,1323.2009999999998,1.0490000000001418,9.38000000000011,time,2016-07-22,2016-07-22 07:06:00+00:00,2016-07-22 19:00:00+00:00,0.11183368869937416,9.38000000000011,20.902857142857165,bull,0.1876639246947543,1.5688006801853158,T3high,T3high,T2mid,T3high,0.8626481091987999,1332.41,IS,2016,7,2016-07
665,1,903815,904481,1322.52,1320.14,-2.4499999999998816,8.670000000000073,time,2016-07-26,2016-07-26 07:54:00+00:00,2016-07-26 19:00:00+00:00,-0.2825836216839517,8.670000000000073,19.924285714285734,bull,0.19723477238087891,1.5130721755063932,T3high,T3high,T2mid,T3high,0.8397785397957008,1316.81,IS,2016,7,2016-07
670,1,910632,911354,1354.01,1364.77,10.68999999999999,6.8900000000001,time,2016-08-02,2016-08-02 06:58:00+00:00,2016-08-02 19:00:00+00:00,1.5515239477503389,6.8900000000001,17.44714285714287,bull,0.2311779602745026,1.288639126177534,T2mid,T2mid,T1low,T3high,0.7938638542665389,1353.92,IS,2016,8,2016-08
672,-1,913209,913639,1351.49,1359.08,-7.659999999999918,7.539999999999964,sl,2016-08-04,2016-08-04 04:02:00+00:00,2016-08-04 11:12:00+00:00,-1.0159151193633893,7.539999999999964,16.567142857142876,bull,0.24117478986537386,1.2206404757519158,T2mid,T2mid,T1low,T3high,0.7850876005307483,1357.25,IS,2016,8,2016-08
674,1,915957,916188,1337.84,1331.43,-6.479999999999855,6.3599999999999,sl,2016-08-08,2016-08-08 04:03:00+00:00,2016-08-08 07:54:00+00:00,-1.018867924528295,6.3599999999999,17.718571428571458,bull,0.25358778103675017,1.3258533383646582,T2mid,T2mid,T2mid,T3high,0.8736306598366219,1336.39,IS,2016,8,2016-08
676,1,918704,919604,1350.58,1346.46,-4.189999999999891,9.819999999999936,time,2016-08-10,2016-08-10 04:00:00+00:00,2016-08-10 19:00:00+00:00,-0.426680244399177,9.819999999999936,16.67214285714288,bull,0.26048919803983056,1.2432341451826492,T2mid,T2mid,T1low,T3high,0.8594030460740331,1341.03,IS,2016,8,2016-08
677,-1,920160,920621,1341.53,1347.94,-6.480000000000082,6.360000000000127,sl,2016-08-11,2016-08-11 05:20:00+00:00,2016-08-11 13:01:00+00:00,-1.0188679245282943,6.360000000000127,16.200000000000028,bull,0.2644992382338484,1.2029494538460987,T2mid,T2mid,T1low,T3high,0.8574977173093178,1346.69,IS,2016,8,2016-08
678,1,921451,922217,1341.26,1334.77,-6.560000000000009,6.440000000000055,sl,2016-08-12,2016-08-12 04:02:00+00:00,2016-08-12 16:48:00+00:00,-1.0186335403726636,6.440000000000055,16.449285714285743,bull,0.2641108633119564,1.2288241408529488,T2mid,T2mid,T1low,T3high,0.8815856214529764,1338.62,IS,2016,8,2016-08
680,1,924219,925065,1346.98,1348.55,1.4999999999999363,6.880000000000109,time,2016-08-16,2016-08-16 04:25:00+00:00,2016-08-16 19:00:00+00:00,0.21802325581394078,6.880000000000109,17.090000000000014,bull,0.2618085900922938,1.2746882272211955,T2mid,T2mid,T1low,T3high,0.9329057287960456,1340.72,IS,2016,8,2016-08
682,-1,927158,927818,1350.25,1353.251,-3.070999999999976,5.730000000000018,time,2016-08-18,2016-08-18 08:00:00+00:00,2016-08-18 19:00:00+00:00,-0.535951134380448,5.730000000000018,16.67642857142859,bull,0.26395941656854977,1.2342396159884979,T2mid,T2mid,T1low,T3high,0.9299852218907215,1351.15,IS,2016,8,2016-08
683,-1,928620,929196,1345.6100000000001,1342.9309999999998,2.609000000000315,7.0499999999999545,time,2016-08-19,2016-08-19 09:24:00+00:00,2016-08-19 19:00:00+00:00,0.37007092198586267,7.0499999999999545,15.45857142857145,bull,0.2648535762222394,1.1436053848056171,T2mid,T2mid,T1low,T3high,0.8753579575789933,1351.74,IS,2016,8,2016-08
691,1,939350,939829,1315.5,1310.17,-5.3999999999999275,5.279999999999973,sl,2016-08-31,2016-08-31 04:36:00+00:00,2016-08-31 12:35:00+00:00,-1.0227272727272643,5.279999999999973,14.389999999999954,bull,0.24482571310275394,1.0966817565198799,T2mid,T1low,T1low,T3high,0.9038295886870974,1312.14,IS,2016,8,2016-08
692,-1,940901,941292,1306.1100000000001,1311.54,-5.499999999999837,5.379999999999882,sl,2016-09-01,2016-09-01 07:29:00+00:00,2016-09-01 14:00:00+00:00,-1.0223048327137467,5.379999999999882,13.980714285714239,bull,0.24013678371250186,1.067751747855001,T2mid,T1low,T1low,T3high,0.8853136003944143,1309.36,IS,2016,9,2016-09
696,1,945997,946209,1352.6399999999999,1347.41,-5.299999999999791,5.179999999999836,sl,2016-09-07,2016-09-07 04:36:00+00:00,2016-09-07 08:08:00+00:00,-1.0231660231660151,5.179999999999836,14.414285714285663,bull,0.22528865310663757,1.069340760429513,T2mid,T1low,T1low,T3high,0.9519025078244188,1347.96,IS,2016,9,2016-09
697,1,947363,947884,1347.56,1341.82,-5.810000000000009,5.690000000000055,sl,2016-09-08,2016-09-08 04:28:00+00:00,2016-09-08 13:09:00+00:00,-1.0210896309314506,5.690000000000055,14.40928571428565,bull,0.22390385779988967,1.0716729423964457,T2mid,T1low,T1low,T3high,0.95723226868745,1344.56,IS,2016,9,2016-09
699,1,950269,950473,1329.9099999999999,1324.8,-5.1799999999999,5.059999999999945,sl,2016-09-12,2016-09-12 06:59:00+00:00,2016-09-12 10:23:00+00:00,-1.0237154150197543,5.059999999999945,14.552142857142794,bull,0.21695283719055034,1.0961653314107036,T2mid,T1low,T1low,T3high,0.9825510735574949,1327.55,IS,2016,9,2016-09
701,1,952973,953747,1322.48,1323.32,0.7699999999999181,8.980000000000018,time,2016-09-14,2016-09-14 06:06:00+00:00,2016-09-14 19:00:00+00:00,0.08574610244987935,8.980000000000018,14.57428571428568,bull,0.20694617891214265,1.1043300736725172,T2mid,T1low,T1low,T3high,0.9989156057308889,1319.74,IS,2016,9,2016-09
710,-1,965331,966139,1334.29,1327.9509999999998,6.269000000000169,5.130000000000109,time,2016-09-27,2016-09-27 05:32:00+00:00,2016-09-27 19:00:00+00:00,1.22202729044835,5.130000000000109,12.650714285714246,bull,0.19624541415755078,0.9453318402452677,T1low,T1low,T1low,T3high,0.8929998512591292,1338.23,IS,2016,9,2016-09
713,1,969497,969970,1324.73,1319.6,-5.200000000000109,5.080000000000155,sl,2016-09-30,2016-09-30 06:18:00+00:00,2016-09-30 14:11:00+00:00,-1.023622047244085,5.080000000000155,12.50928571428569,bull,0.18786376045474193,0.9462251489603554,T1low,T1low,T1low,T3high,0.8938191079161666,1322.02,IS,2016,9,2016-09
714,-1,970731,971617,1314.99,1311.6009999999999,3.319000000000124,4.5499999999999545,time,2016-10-03,2016-10-03 04:14:00+00:00,2016-10-03 19:00:00+00:00,0.729450549450584,4.5499999999999545,12.877857142857108,bull,0.18425259762760454,0.9788580984233133,T1low,T1low,T1low,T3high,0.9251096800677323,1315.6,IS,2016,10,2016-10
715,-1,972279,972994,1307.8600000000001,1269.2109999999998,38.57900000000034,5.039999999999964,time,2016-10-04,2016-10-04 07:05:00+00:00,2016-10-04 19:00:00+00:00,7.654563492063615,5.039999999999964,12.444285714285668,bull,0.1804503754854497,0.9478688456805067,T1low,T1low,T1low,T3high,0.8976317504643491,1312.87,IS,2016,10,2016-10
729,1,991423,991734,1266.9199999999998,1262.55,-4.439999999999891,4.319999999999936,sl,2016-10-24,2016-10-24 06:40:00+00:00,2016-10-24 11:51:00+00:00,-1.0277777777777677,4.319999999999936,14.302142857142842,side,-0.03343614047466981,1.1298896237275118,T2mid,T1low,T1low,T2mid,0.9980013058799497,1265.8,IS,2016,10,2016-10
733,1,996770,996892,1271.85,1268.01,-3.909999999999918,3.7899999999999636,sl,2016-10-28,2016-10-28 04:01:00+00:00,2016-10-28 06:03:00+00:00,-1.0316622691292758,3.7899999999999636,10.078571428571406,side,-0.08325484763538686,0.7944578261696981,T1low,T1low,T1low,T1low,0.7180899113711139,1268.61,IS,2016,10,2016-10
734,-1,998306,999099,1275.98,1278.4209999999998,-2.5109999999998034,3.4300000000000637,time,2016-10-31,2016-10-31 06:47:00+00:00,2016-10-31 20:00:00+00:00,-0.7320699708454101,3.4300000000000637,11.058571428571424,side,-0.09265116262680141,0.8668086526337946,T1low,T1low,T1low,T1low,0.7930539903698406,1275.78,IS,2016,10,2016-10
736,1,1000946,1001846,1293.02,1296.25,3.1600000000000183,5.660000000000082,time,2016-11-02,2016-11-02 05:00:00+00:00,2016-11-02 20:00:00+00:00,0.5583038869257902,5.660000000000082,11.47785714285713,bear,-0.10736214044763519,0.8913386665364974,T1low,T1low,T1low,T1low,0.8377233568365772,1287.71,IS,2016,11,2016-11
737,-1,1002506,1003211,1296.27,1303.3609999999999,-7.160999999999895,10.240000000000009,time,2016-11-03,2016-11-03 08:15:00+00:00,2016-11-03 20:00:00+00:00,-0.6993164062499891,10.240000000000009,12.306428571428569,bear,-0.11193819685114546,0.9478148930551886,T1low,T1low,T1low,T1low,0.9057002499625464,1298.4,IS,2016,11,2016-11
738,-1,1003695,1004090,1297.66,1304.25,-6.659999999999918,6.539999999999964,sl,2016-11-04,2016-11-04 05:55:00+00:00,2016-11-04 12:30:00+00:00,-1.0183486238532042,6.539999999999964,12.861428571428567,bear,-0.11730115161767063,0.9878209348255427,T1low,T1low,T1low,T1low,0.9545291895831964,1302.0,IS,2016,11,2016-11
739,-1,1004972,1005857,1288.78,1280.6409999999998,8.069000000000123,6.850000000000136,time,2016-11-07,2016-11-07 05:15:00+00:00,2016-11-07 20:00:00+00:00,1.1779562043795566,6.850000000000136,13.272142857142853,bear,-0.12046373482677543,1.0174278530251788,T1low,T1low,T1low,T1low,0.9958437284783664,1304.48,IS,2016,11,2016-11
756,-1,1028120,1028836,1187.68,1174.1209999999999,13.489000000000196,7.129999999999882,time,2016-11-30,2016-11-30 08:04:00+00:00,2016-11-30 20:00:00+00:00,1.8918653576438176,7.129999999999882,20.223571428571404,bear,-0.26937934546692716,1.701203875281499,T3high,T3high,T3high,T1low,0.9521999845296508,1188.78,IS,2016,11,2016-11
757,1,1029319,1029903,1173.82,1161.94,-11.949999999999882,11.829999999999927,sl,2016-12-01,2016-12-01 05:05:00+00:00,2016-12-01 14:49:00+00:00,-1.010143702451391,11.829999999999927,19.10785714285711,bear,-0.27913312020581055,1.629876499582643,T3high,T2mid,T3high,T1low,0.885489765114,1172.35,IS,2016,12,2016-12
758,-1,1031008,1031304,1172.4,1177.93,-5.599999999999973,5.480000000000018,sl,2016-12-02,2016-12-02 10:16:00+00:00,2016-12-02 15:12:00+00:00,-1.0218978102189697,5.480000000000018,16.939999999999973,bear,-0.2895496132357496,1.4437910167902475,T3high,T2mid,T2mid,T1low,0.7776783108549016,1173.3,IS,2016,12,2016-12
759,-1,1032229,1032969,1171.45,1171.1509999999998,0.22900000000020554,9.86999999999989,time,2016-12-05,2016-12-05 07:40:00+00:00,2016-12-05 20:00:00+00:00,0.02320162107398258,9.86999999999989,16.409999999999986,bear,-0.29880549432011244,1.3947321451337351,T3high,T2mid,T2mid,T1low,0.7479599095572116,1176.57,IS,2016,12,2016-12
763,1,1037815,1037984,1170.6,1165.08,-5.589999999999982,5.470000000000027,sl,2016-12-09,2016-12-09 09:01:00+00:00,2016-12-09 11:50:00+00:00,-1.021937842778785,5.470000000000027,16.359285714285697,bear,-0.33963397644829063,1.397584509225289,T3high,T2mid,T2mid,T1low,0.7514773290284902,1170.54,IS,2016,12,2016-12
764,-1,1039146,1039453,1154.31,1160.1,-5.859999999999964,5.740000000000009,sl,2016-12-12,2016-12-12 08:21:00+00:00,2016-12-12 13:28:00+00:00,-1.0209059233449398,5.740000000000009,16.672857142857133,bear,-0.35116895549031435,1.439785247351675,T3high,T2mid,T2mid,T1low,0.779348695270387,1158.01,IS,2016,12,2016-12
767,-1,1043398,1043980,1134.68,1131.8609999999999,2.7490000000001875,9.61999999999989,time,2016-12-15,2016-12-15 10:18:00+00:00,2016-12-15 20:00:00+00:00,0.2857588357588585,9.61999999999989,16.12571428571427,bear,-0.3835007454867337,1.4110088188051162,T3high,T2mid,T2mid,T1low,0.8026822443530297,1142.85,IS,2016,12,2016-12
768,1,1044500,1045357,1131.53,1134.28,2.68,4.900000000000091,time,2016-12-16,2016-12-16 05:43:00+00:00,2016-12-16 20:00:00+00:00,0.546938775510194,4.900000000000091,16.08571428571427,bear,-0.39570734627458404,1.4260258584333714,T3high,T2mid,T2mid,T1low,0.8181251782383065,1128.01,IS,2016,12,2016-12
771,1,1048669,1049489,1136.75,1131.27,-5.5500000000000185,7.380000000000109,time,2016-12-21,2016-12-21 06:20:00+00:00,2016-12-21 20:00:00+00:00,-0.7520325203251946,7.380000000000109,14.903571428571436,bear,-0.41960657289246406,1.3165931755482814,T2mid,T1low,T2mid,T1low,0.8144504947596477,1131.98,IS,2016,12,2016-12
775,1,1052740,1053610,1138.11,1139.44,1.2600000000001546,6.470000000000027,time,2016-12-27,2016-12-27 05:30:00+00:00,2016-12-27 20:00:00+00:00,0.19474497681609726,6.470000000000027,12.279500000000033,bear,-0.4494064701023186,1.0835066455721363,T2mid,T1low,T1low,T1low,0.7665015550690193,1133.311,IS,2016,12,2016-12
776,1,1054094,1054438,1142.56,1138.7,-3.9299999999999,3.8099999999999454,sl,2016-12-28,2016-12-28 05:19:00+00:00,2016-12-28 11:03:00+00:00,-1.0314960629921144,3.8099999999999454,12.622357142857172,bear,-0.4552843749754122,1.108011582164272,T2mid,T1low,T1low,T1low,0.8070494488079678,1139.19,IS,2016,12,2016-12
777,1,1055558,1056354,1149.81,1155.49,5.610000000000063,7.490000000000009,time,2016-12-29,2016-12-29 06:44:00+00:00,2016-12-29 20:00:00+00:00,0.7489986648865229,7.490000000000009,12.515214285714299,bear,-0.45961494957515686,1.0955961802046974,T2mid,T1low,T1low,T1low,0.8174270732566999,1142.32,IS,2016,12,2016-12
778,-1,1057071,1057732,1157.94,1152.251,5.619000000000078,4.9500000000000455,time,2016-12-30,2016-12-30 08:59:00+00:00,2016-12-30 20:00:00+00:00,1.1351515151515206,4.9500000000000455,12.8002142857143,bear,-0.4620535744755111,1.1033716305244636,T2mid,T1low,T1low,T1low,0.8474994691393827,1160.1,IS,2016,12,2016-12
780,1,1058272,1058470,1158.6599999999999,1149.56,-9.16999999999991,9.049999999999955,sl,2017-01-03,2017-01-03 06:12:00+00:00,2017-01-03 09:30:00+00:00,-1.0132596685082824,9.049999999999955,12.184071428571444,bear,-0.4680433039758586,1.0591519904248705,T2mid,T1low,T1low,T1low,0.8307958012367191,1150.361,IS,2017,1,2017-01
781,1,1059628,1060476,1161.61,1162.67,0.9900000000001727,5.509999999999991,time,2017-01-04,2017-01-04 05:52:00+00:00,2017-01-04 20:00:00+00:00,0.17967332123415142,5.509999999999991,11.591928571428591,bear,-0.4686115890020476,1.0018346834183405,T1low,T1low,T1low,T1low,0.8053487779478546,1157.07,IS,2017,1,2017-01
782,1,1060968,1061854,1174.29,1180.75,6.390000000000036,8.480000000000018,time,2017-01-05,2017-01-05 05:14:00+00:00,2017-01-05 20:00:00+00:00,0.7535377358490593,8.480000000000018,10.87835714285716,bear,-0.4670886314737499,0.9331317941359216,T1low,T1low,T1low,T1low,0.7711658302500448,1165.79,IS,2017,1,2017-01
783,-1,1062362,1062842,1175.8400000000001,1181.87,-6.099999999999746,5.979999999999791,sl,2017-01-06,2017-01-06 05:30:00+00:00,2017-01-06 13:30:00+00:00,-1.0200668896321001,5.979999999999791,11.201214285714302,bear,-0.46313502395608763,0.9485962539349184,T1low,T1low,T1low,T1low,0.80884099409605,1180.82,IS,2017,1,2017-01
784,1,1063904,1064608,1176.56,1184.1100000000001,7.480000000000182,3.9200000000000728,time,2017-01-09,2017-01-09 08:16:00+00:00,2017-01-09 20:00:00+00:00,1.9081632653061333,3.9200000000000728,11.518357142857147,bear,-0.46112673859216163,0.9826440600297861,T1low,T1low,T1low,T1low,0.8475144596771436,1172.18,IS,2017,1,2017-01
785,1,1065141,1065978,1187.25,1186.57,-0.7500000000000637,7.100000000000136,time,2017-01-10,2017-01-10 06:03:00+00:00,2017-01-10 20:00:00+00:00,-0.10563380281690836,7.100000000000136,11.511928571428566,bear,-0.45769408734771627,0.973516382223285,T1low,T1low,T1low,T1low,0.86333598226049,1182.51,IS,2017,1,2017-01
787,1,1067893,1068734,1198.75,1196.1000000000001,-2.7199999999998634,5.8900000000001,time,2017-01-12,2017-01-12 05:59:00+00:00,2017-01-12 20:00:00+00:00,-0.4617996604413951,5.8900000000001,12.764071428571437,bear,-0.44933532388214964,1.0696179119414946,T2mid,T1low,T1low,T1low,0.9817758574132053,1193.33,IS,2017,1,2017-01
806,1,1093977,1094648,1235.3899999999999,1239.43,3.970000000000191,5.399999999999864,time,2017-02-08,2017-02-08 08:49:00+00:00,2017-02-08 20:00:00+00:00,0.7351851851852391,5.399999999999864,13.872857142857129,bear,-0.28800648233091186,1.1260253196260717,T2mid,T1low,T2mid,T1low,0.9954731649711527,1232.02,IS,2017,2,2017-02
815,-1,1106129,1106598,1232.3500000000001,1237.24,-4.959999999999873,4.839999999999918,sl,2017-02-21,2017-02-21 08:46:00+00:00,2017-02-21 16:35:00+00:00,-1.024793388429743,4.839999999999918,13.415714285714298,bear,-0.14699245738913486,1.0845450881344472,T2mid,T1low,T1low,T1low,0.942296741696205,1236.99,IS,2017,2,2017-02
823,-1,1116983,1117793,1231.3600000000001,1235.38,-4.089999999999982,3.9700000000000273,sl,2017-03-03,2017-03-03 05:54:00+00:00,2017-03-03 19:24:00+00:00,-1.0302267002518777,3.9700000000000273,12.574285714285711,side,-0.06463452316128955,1.0179712048999547,T1low,T1low,T1low,T2mid,0.9151995175499017,1235.23,IS,2017,3,2017-03
824,-1,1118325,1119206,1232.73,1227.4950000000001,5.1649999999999,3.990000000000009,time,2017-03-06,2017-03-06 05:19:00+00:00,2017-03-06 20:00:00+00:00,1.294486215538819,3.990000000000009,12.536428571428555,side,-0.05655257690369301,1.0155888343671868,T1low,T1low,T1low,T2mid,0.9187610258128336,1234.4,IS,2017,3,2017-03
827,-1,1122667,1122925,1203.69,1208.94,-5.32,5.2000000000000455,sl,2017-03-09,2017-03-09 08:46:00+00:00,2017-03-09 13:04:00+00:00,-1.0230769230769141,5.2000000000000455,12.297142857142846,side,-0.03390432074570003,1.0176552787320914,T1low,T1low,T1low,T2mid,0.9197563842290835,1208.38,IS,2017,3,2017-03
831,1,1128021,1128402,1203.97,1198.9,-5.139999999999937,5.019999999999982,sl,2017-03-15,2017-03-15 06:09:00+00:00,2017-03-15 12:30:00+00:00,-1.0239043824701106,5.019999999999982,12.572857142857142,side,-0.006931283253737042,1.0474762261815498,T1low,T1low,T1low,T2mid,0.9709653664012445,1200.3,IS,2017,3,2017-03
838,-1,1137654,1138130,1242.46,1246.59,-4.199999999999882,4.079999999999927,sl,2017-03-24,2017-03-24 05:51:00+00:00,2017-03-24 13:47:00+00:00,-1.0294117647058718,4.079999999999927,12.067857142857163,side,0.08644422870454585,0.9688855550891311,T1low,T1low,T1low,T2mid,0.9561782300374111,1245.54,IS,2017,3,2017-03
839,1,1139059,1139822,1258.05,1255.0900000000001,-3.029999999999809,6.539999999999964,time,2017-03-27,2017-03-27 06:17:00+00:00,2017-03-27 19:00:00+00:00,-0.46330275229355133,6.539999999999964,11.990000000000009,bull,0.10386296428827559,0.9644155593449382,T1low,T1low,T1low,T2mid,0.9524971415439358,1243.24,IS,2017,3,2017-03
841,1,1141827,1142578,1251.12,1253.4,2.2100000000002002,3.8799999999998818,time,2017-03-29,2017-03-29 06:29:00+00:00,2017-03-29 19:00:00+00:00,0.5695876288660483,3.8799999999998818,12.237142857142869,bull,0.13495215829053867,0.9782670762765103,T1low,T1low,T1low,T3high,0.977145562292175,1250.9,IS,2017,3,2017-03
847,-1,1149944,1150842,1253.48,1253.375,0.03500000000001818,5.319999999999936,time,2017-04-06,2017-04-06 04:02:00+00:00,2017-04-06 19:00:00+00:00,0.0065789473684245495,5.319999999999936,10.932857142857156,bull,0.20097680961024852,0.870367253356141,T1low,T1low,T1low,T3high,0.8883111004065481,1256.12,IS,2017,4,2017-04
850,1,1154169,1154963,1257.07,1273.52,16.380000000000045,4.029999999999973,time,2017-04-11,2017-04-11 05:46:00+00:00,2017-04-11 19:00:00+00:00,4.064516129032297,4.029999999999973,11.292142857142851,bull,0.22370021866441506,0.8992421088077827,T1low,T1low,T1low,T3high,0.9293234497069583,1255.74,IS,2017,4,2017-04
863,-1,1172137,1172850,1261.73,1257.335,4.3249999999999815,9.259999999999991,time,2017-05-01,2017-05-01 07:07:00+00:00,2017-05-01 19:00:00+00:00,0.4670626349891993,9.259999999999991,12.225000000000007,bull,0.2858209286304437,0.9642459951255301,T1low,T1low,T2mid,T3high,0.993810098945511,1267.83,IS,2017,5,2017-05
866,-1,1176197,1176985,1237.3,1227.085,10.144999999999918,3.880000000000109,time,2017-05-04,2017-05-04 05:52:00+00:00,2017-05-04 19:00:00+00:00,2.61469072164939,3.880000000000109,11.997857142857145,bull,0.2762436886012744,0.9690696193183919,T1low,T1low,T2mid,T3high,0.971067989790403,1238.08,IS,2017,5,2017-05
868,1,1179210,1179590,1234.7,1226.84,-7.930000000000128,7.810000000000173,sl,2017-05-08,2017-05-08 10:12:00+00:00,2017-05-08 16:32:00+00:00,-1.0153649167733614,7.810000000000173,12.297142857142846,bull,0.2568936598774681,1.001322611302335,T1low,T1low,T2mid,T3high,0.9836702510598904,1228.09,IS,2017,5,2017-05
870,-1,1181750,1181840,1220.69,1224.53,-3.909999999999918,3.7899999999999636,sl,2017-05-10,2017-05-10 06:37:00+00:00,2017-05-10 08:07:00+00:00,-1.0316622691292758,3.7899999999999636,12.006428571428566,bull,0.23620137750838813,0.9811418111519439,T1low,T1low,T2mid,T3high,0.9574313567455648,1223.72,IS,2017,5,2017-05
871,1,1183065,1183871,1221.1,1224.3300000000002,3.1600000000002457,4.169999999999845,time,2017-05-11,2017-05-11 05:34:00+00:00,2017-05-11 19:00:00+00:00,0.7577937649880966,4.169999999999845,12.104285714285718,bull,0.22411471366180374,0.9931314173191432,T1low,T1low,T2mid,T3high,0.9661620912796837,1218.8,IS,2017,5,2017-05
873,1,1185740,1186627,1230.68,1230.81,0.05999999999988176,3.740000000000009,time,2017-05-15,2017-05-15 04:13:00+00:00,2017-05-15 19:00:00+00:00,0.016042780748631448,3.740000000000009,11.434999999999993,bull,0.2005684024178942,0.9311737593850258,T1low,T1low,T1low,T3high,0.9179814614650201,1228.02,IS,2017,5,2017-05
874,1,1187235,1188005,1235.22,1237.27,1.9799999999999545,4.820000000000164,time,2017-05-16,2017-05-16 06:10:00+00:00,2017-05-16 19:00:00+00:00,0.4107883817427152,4.820000000000164,10.992857142857133,bull,0.18949866692032558,0.8929876966139569,T1low,T1low,T1low,T3high,0.8864926514424942,1231.02,IS,2017,5,2017-05
875,1,1188791,1189384,1244.8899999999999,1256.93,11.97000000000019,7.399999999999864,time,2017-05-17,2017-05-17 09:07:00+00:00,2017-05-17 19:00:00+00:00,1.617567567567623,7.399999999999864,10.827857142857138,bull,0.17895594957116767,0.8746602966886495,T1low,T1low,T1low,T3high,0.8784414169568922,1237.95,IS,2017,5,2017-05
876,-1,1189997,1190220,1257.6100000000001,1262.86,-5.319999999999773,5.199999999999818,sl,2017-05-18,2017-05-18 06:14:00+00:00,2017-05-18 09:57:00+00:00,-1.0230769230769152,5.199999999999818,12.146428571428553,bull,0.17174085724589488,0.9629628790693024,T1low,T1low,T2mid,T3high,0.988536350001743,1261.36,IS,2017,5,2017-05
882,1,1198150,1199031,1258.22,1269.01,10.719999999999963,5.110000000000127,time,2017-05-26,2017-05-26 04:19:00+00:00,2017-05-26 19:00:00+00:00,2.097847358121271,5.110000000000127,11.808571428571408,bull,0.13029551707030002,0.9402851796449743,T1low,T1low,T2mid,T2mid,0.9750228539411981,1255.85,IS,2017,5,2017-05
884,-1,1200865,1201538,1265.14,1263.175,1.8950000000001455,5.169999999999845,time,2017-05-30,2017-05-30 07:47:00+00:00,2017-05-30 19:00:00+00:00,0.3665377176015865,5.169999999999845,11.434999999999993,bull,0.12315230071771592,0.9024829132006372,T1low,T1low,T2mid,T2mid,0.9493650242989771,1267.06,IS,2017,5,2017-05
886,-1,1203468,1204297,1266.31,1267.9550000000002,-1.7150000000002092,3.8900000000001,time,2017-06-01,2017-06-01 05:11:00+00:00,2017-06-01 19:00:00+00:00,-0.44087403598975966,3.8900000000001,11.922142857142862,bull,0.11678675692078397,0.9394837595560998,T1low,T1low,T2mid,T2mid,0.9897796108127995,1269.01,IS,2017,6,2017-06
891,1,1210322,1210540,1287.36,1283.58,-3.8499999999999726,3.730000000000018,sl,2017-06-08,2017-06-08 05:37:00+00:00,2017-06-08 09:15:00+00:00,-1.0321715817694246,3.730000000000018,11.31428571428572,bull,0.1173208352799785,0.879079896375128,T1low,T1low,T1low,T2mid,0.9422317925900384,1287.06,IS,2017,6,2017-06
892,-1,1211725,1212501,1273.02,1270.9450000000002,2.0049999999998183,7.0,time,2017-06-09,2017-06-09 06:04:00+00:00,2017-06-09 19:00:00+00:00,0.28642857142854544,7.0,11.892142857142858,bull,0.1167084260800294,0.9307315262454103,T1low,T1low,T2mid,T2mid,0.9915106109918392,1277.72,IS,2017,6,2017-06
894,-1,1214626,1215158,1262.57,1267.04,-4.540000000000028,4.420000000000073,sl,2017-06-13,2017-06-13 08:28:00+00:00,2017-06-13 17:20:00+00:00,-1.0271493212669576,4.420000000000073,11.775714285714278,bull,0.11293865744601755,0.9306731488997999,T1low,T1low,T2mid,T2mid,0.9753673305782927,1265.29,IS,2017,6,2017-06
905,1,1229738,1230088,1253.44,1248.07,-5.4400000000001185,5.320000000000164,sl,2017-06-28,2017-06-28 08:12:00+00:00,2017-06-28 14:02:00+00:00,-1.0225563909774344,5.320000000000164,12.197142857142873,side,0.06802886306381417,0.9770141906219009,T1low,T1low,T2mid,T2mid,0.9991077305638862,1248.41,IS,2017,6,2017-06
906,1,1231002,1231090,1253.1699999999998,1248.85,-4.389999999999937,4.269999999999982,sl,2017-06-29,2017-06-29 06:18:00+00:00,2017-06-29 07:46:00+00:00,-1.0281030444964767,4.269999999999982,11.42857142857146,side,0.06617335949824335,0.9139639989580836,T1low,T1low,T2mid,T2mid,0.9380478052612782,1250.44,IS,2017,6,2017-06
907,-1,1232380,1233141,1243.68,1241.105,2.5050000000000456,4.430000000000064,time,2017-06-30,2017-06-30 06:18:00+00:00,2017-06-30 19:00:00+00:00,0.5654627539503407,4.430000000000064,11.2714285714286,side,0.06476687383272399,0.9042461750043002,T1low,T1low,T2mid,T2mid,0.9280469551767457,1246.5,IS,2017,6,2017-06
908,-1,1233733,1234515,1236.56,1221.815,14.67499999999989,5.3400000000001455,time,2017-07-03,2017-07-03 05:58:00+00:00,2017-07-03 19:00:00+00:00,2.7481273408238747,5.3400000000001455,11.43428571428574,side,0.06105993520123003,0.9211466687842473,T1low,T1low,T2mid,T2mid,0.9464936631397851,1241.31,IS,2017,7,2017-07
910,-1,1236282,1237030,1224.71,1223.605,1.0350000000000181,3.990000000000009,time,2017-07-05,2017-07-05 06:32:00+00:00,2017-07-05 19:00:00+00:00,0.25939849624060546,3.990000000000009,11.205000000000041,side,0.05011635980248406,0.9146490784124893,T1low,T1low,T2mid,T2mid,0.9303222056826361,1225.06,IS,2017,7,2017-07
911,-1,1237706,1238407,1223.75,1224.765,-1.0850000000001,4.569999999999936,time,2017-07-06,2017-07-06 07:19:00+00:00,2017-07-06 19:00:00+00:00,-0.23741794310724623,4.569999999999936,10.95000000000003,side,0.04495321261807048,0.8922169350107579,T1low,T1low,T1low,T2mid,0.9105271910859818,1227.28,IS,2017,7,2017-07
914,-1,1241683,1242317,1211.01,1215.91,-4.970000000000091,4.850000000000136,sl,2017-07-11,2017-07-11 04:52:00+00:00,2017-07-11 15:26:00+00:00,-1.024742268041227,4.850000000000136,11.880714285714314,side,0.02842345871999799,0.9784244266690534,T1low,T1low,T2mid,T2mid,0.9938188803479839,1214.27,IS,2017,7,2017-07
919,1,1248575,1249412,1238.22,1243.8300000000002,5.540000000000127,5.430000000000064,time,2017-07-18,2017-07-18 05:03:00+00:00,2017-07-18 19:00:00+00:00,1.0202578268876725,5.430000000000064,11.699285714285727,side,0.010166823613915358,0.9479092636876512,T1low,T1low,T2mid,T2mid,0.9908650937689041,1234.22,IS,2017,7,2017-07
921,-1,1251270,1251901,1237.4,1242.46,-5.129999999999946,5.009999999999991,sl,2017-07-20,2017-07-20 04:00:00+00:00,2017-07-20 14:31:00+00:00,-1.0239520958083743,5.009999999999991,11.658571428571447,side,0.009378077263653166,0.9390184547445128,T1low,T1low,T2mid,T2mid,0.9923274279252435,1241.57,IS,2017,7,2017-07
923,-1,1254103,1254335,1253.52,1257.07,-3.6199999999999544,3.5,sl,2017-07-24,2017-07-24 05:27:00+00:00,2017-07-24 09:19:00+00:00,-1.0342857142857012,3.5,11.100000000000023,side,0.008393557235974203,0.8847582457874367,T1low,T1low,T2mid,T2mid,0.9458653389655132,1254.58,IS,2017,7,2017-07
925,-1,1256867,1257561,1246.03,1249.87,-3.909999999999918,3.7899999999999636,sl,2017-07-26,2017-07-26 05:31:00+00:00,2017-07-26 17:05:00+00:00,-1.0316622691292758,3.7899999999999636,10.940714285714307,side,0.005183738413775776,0.8756774680418045,T1low,T1low,T2mid,T2mid,0.9414056858027025,1249.4,IS,2017,7,2017-07
928,-1,1260914,1261814,1267.2,1270.115,-2.9849999999999635,3.4700000000000273,time,2017-07-31,2017-07-31 04:00:00+00:00,2017-07-31 19:00:00+00:00,-0.860230547550415,3.4700000000000273,11.373571428571447,side,-0.004585858836587204,0.8960930500592044,T1low,T1low,T2mid,T2mid,0.9771978974565112,1269.24,IS,2017,7,2017-07
929,1,1262327,1262595,1270.58,1266.97,-3.6799999999999,3.5599999999999454,sl,2017-08-01,2017-08-01 04:37:00+00:00,2017-08-01 09:05:00+00:00,-1.033707865168527,3.5599999999999454,11.045000000000007,side,-0.007895257590919347,0.8701578022705256,T1low,T1low,T2mid,T2mid,0.9545798286904842,1269.31,IS,2017,8,2017-08
930,-1,1263710,1264326,1264.94,1271.0,-6.129999999999946,6.009999999999991,sl,2017-08-02,2017-08-02 04:41:00+00:00,2017-08-02 14:57:00+00:00,-1.0199667221297761,6.009999999999991,10.981428571428571,side,-0.01170083890925915,0.865592717625571,T1low,T1low,T2mid,T2mid,0.9500033986071873,1268.66,IS,2017,8,2017-08
934,1,1269227,1269823,1260.8799999999999,1256.91,-4.0399999999998,3.9199999999998454,sl,2017-08-08,2017-08-08 04:42:00+00:00,2017-08-08 14:38:00+00:00,-1.030612244897949,3.9199999999998454,10.875714285714285,side,-0.022782428423944262,0.8649917511623362,T1low,T1low,T2mid,T2mid,0.9456996009378722,1257.32,IS,2017,8,2017-08
935,1,1270745,1271465,1267.1499999999999,1276.51,9.290000000000127,5.899999999999864,time,2017-08-09,2017-08-09 07:00:00+00:00,2017-08-09 19:00:00+00:00,1.5745762711864986,5.899999999999864,11.284285714285716,side,-0.023920214401157245,0.8942368759785493,T1low,T1low,T2mid,T2mid,0.9846272745120637,1261.89,IS,2017,8,2017-08
966,-1,1313241,1313975,1295.74,1290.645,5.025000000000027,5.509999999999991,time,2017-09-21,2017-09-21 06:46:00+00:00,2017-09-21 19:00:00+00:00,0.9119782214156144,5.509999999999991,14.76928571428573,bull,0.1626819906071928,1.1352605548430181,T2mid,T3high,T3high,T3high,0.9736125891116627,1300.96,IS,2017,9,2017-09
967,1,1314494,1315355,1298.05,1296.3300000000002,-1.7899999999998,6.849999999999909,time,2017-09-22,2017-09-22 04:39:00+00:00,2017-09-22 19:00:00+00:00,-0.26131386861311295,6.849999999999909,14.831428571428594,bull,0.160807165312595,1.1481833333149027,T2mid,T3high,T3high,T3high,0.9678990707441754,1291.73,IS,2017,9,2017-09
968,1,1315844,1316734,1294.0,1308.67,14.600000000000072,4.539999999999964,time,2017-09-25,2017-09-25 04:10:00+00:00,2017-09-25 19:00:00+00:00,3.2158590308370463,4.539999999999964,14.313571428571452,bull,0.15938848962352595,1.1036757983322887,T2mid,T3high,T3high,T3high,0.9295604777919533,1296.9,IS,2017,9,2017-09
969,-1,1317408,1318114,1307.77,1298.125,9.574999999999982,5.730000000000018,time,2017-09-26,2017-09-26 07:14:00+00:00,2017-09-26 19:00:00+00:00,1.6710296684118588,5.730000000000018,14.639285714285734,bull,0.15893430556437824,1.1188179779500889,T2mid,T3high,T3high,T3high,0.9494403883926928,1308.46,IS,2017,9,2017-09
970,-1,1318849,1319494,1290.56,1285.825,4.6649999999999,5.540000000000191,time,2017-09-27,2017-09-27 08:15:00+00:00,2017-09-27 19:00:00+00:00,0.8420577617328049,5.540000000000191,15.426428571428573,bull,0.1563241259342353,1.1917637684390363,T2mid,T3high,T3high,T3high,0.9974390888790877,1294.42,IS,2017,9,2017-09
973,-1,1322768,1323631,1273.92,1273.615,0.23500000000006366,4.7000000000000455,time,2017-10-02,2017-10-02 04:37:00+00:00,2017-10-02 19:00:00+00:00,0.05000000000001306,4.7000000000000455,14.56428571428572,bull,0.14377620532243898,1.1381816111382157,T2mid,T3high,T3high,T3high,0.9410146713371274,1279.61,IS,2017,10,2017-10
975,1,1325558,1326097,1276.1399999999999,1271.83,-4.379999999999946,4.259999999999991,sl,2017-10-04,2017-10-04 05:08:00+00:00,2017-10-04 14:07:00+00:00,-1.0281690140844966,4.259999999999991,13.954285714285707,bull,0.13469930118590775,1.0967763667598607,T2mid,T3high,T3high,T3high,0.9083385253447643,1272.3,IS,2017,10,2017-10
978,1,1329747,1330527,1284.97,1282.9,-2.139999999999936,9.710000000000036,time,2017-10-09,2017-10-09 06:00:00+00:00,2017-10-09 19:00:00+00:00,-0.2203913491246064,9.710000000000036,13.399999999999993,bull,0.12842560071508946,1.0499263484501828,T1low,T2mid,T2mid,T2mid,0.8917557749029686,1276.28,IS,2017,10,2017-10
979,1,1331148,1331907,1288.1499999999999,1288.77,0.5500000000001182,6.089999999999918,time,2017-10-10,2017-10-10 06:21:00+00:00,2017-10-10 19:00:00+00:00,0.09031198686373162,6.089999999999918,13.661428571428555,bull,0.12830602035665478,1.064189677927661,T2mid,T3high,T3high,T2mid,0.9175187751704804,1283.74,IS,2017,10,2017-10
986,1,1340867,1341561,1281.95,1286.0800000000002,4.060000000000109,5.330000000000155,time,2017-10-19,2017-10-19 07:26:00+00:00,2017-10-19 19:00:00+00:00,0.7617260787992478,5.330000000000155,11.703571428571422,bull,0.1315042190358194,0.9143129455775931,T1low,T1low,T2mid,T2mid,0.8599018604529108,1280.04,IS,2017,10,2017-10
987,-1,1342169,1342941,1282.49,1279.535,2.8849999999999274,8.460000000000036,time,2017-10-20,2017-10-20 06:08:00+00:00,2017-10-20 19:00:00+00:00,0.34101654846334695,8.460000000000036,11.706428571428562,bull,0.13206585259567127,0.9074891526557436,T1low,T1low,T2mid,T2mid,0.8701007392856663,1289.98,IS,2017,10,2017-10
988,-1,1343616,1344136,1274.13,1278.01,-3.9499999999998816,3.8299999999999272,sl,2017-10-23,2017-10-23 07:16:00+00:00,2017-10-23 15:56:00+00:00,-1.0313315926892836,3.8299999999999272,11.937857142857151,bull,0.13297138753310891,0.9325868026105518,T1low,T1low,T2mid,T3high,0.895205804134563,1280.08,IS,2017,10,2017-10
990,-1,1346474,1346731,1271.5,1276.89,-5.4600000000001,5.3400000000001455,sl,2017-10-25,2017-10-25 08:55:00+00:00,2017-10-25 13:12:00+00:00,-1.0224719101123505,5.3400000000001455,12.139285714285718,bull,0.1365592360076406,0.95098203793856,T1low,T2mid,T2mid,T3high,0.9300811050425232,1276.5,IS,2017,10,2017-10
996,-1,1354929,1355062,1275.02,1281.33,-6.379999999999946,6.259999999999991,sl,2017-11-02,2017-11-02 11:55:00+00:00,2017-11-02 14:08:00+00:00,-1.0191693290734751,6.259999999999991,12.248571428571397,bull,0.13210614929222478,0.9604387504662708,T1low,T2mid,T2mid,T2mid,0.9958968908712337,1275.31,IS,2017,11,2017-11
998,1,1357282,1358110,1270.6299999999999,1280.57,9.870000000000054,4.569999999999936,time,2017-11-06,2017-11-06 06:12:00+00:00,2017-11-06 20:00:00+00:00,2.159737417943149,4.569999999999936,12.000714285714253,bull,0.1264009338314611,0.9452954097386612,T1low,T2mid,T2mid,T2mid,0.9863620085362184,1269.52,IS,2017,11,2017-11
1001,1,1361349,1362248,1284.1599999999999,1287.72,3.490000000000173,4.25,time,2017-11-09,2017-11-09 05:01:00+00:00,2017-11-09 20:00:00+00:00,0.821176470588276,4.25,11.752142857142823,bull,0.11624592890603185,0.9168683037629858,T1low,T1low,T2mid,T2mid,0.9807229202927905,1281.77,IS,2017,11,2017-11
1006,-1,1368243,1368753,1275.99,1279.47,-3.550000000000018,3.4300000000000637,sl,2017-11-16,2017-11-16 05:00:00+00:00,2017-11-16 13:30:00+00:00,-1.0349854227405109,3.4300000000000637,11.304999999999982,bull,0.10085411804386586,0.8836587615489224,T1low,T1low,T1low,T2mid,0.9542672816616923,1279.34,IS,2017,11,2017-11
1007,1,1369930,1370523,1284.01,1293.74,9.660000000000018,5.130000000000109,time,2017-11-17,2017-11-17 10:07:00+00:00,2017-11-17 20:00:00+00:00,1.883040935672478,5.130000000000109,11.059285714285693,side,0.0970592908718423,0.8645673142964337,T1low,T1low,T1low,T2mid,0.9360829977872089,1279.17,IS,2017,11,2017-11
1012,-1,1376426,1377103,1289.5,1288.72,0.7099999999999727,3.5599999999999454,time,2017-11-24,2017-11-24 07:27:00+00:00,2017-11-24 18:44:00+00:00,0.1994382022471864,3.5599999999999454,11.782857142857145,side,0.06980010778448183,0.9125084911526063,T1low,T1low,T2mid,T2mid,0.9978073160035706,1291.26,IS,2017,11,2017-11
1013,1,1377463,1378363,1290.6599999999999,1295.03,4.300000000000118,3.979999999999791,time,2017-11-27,2017-11-27 05:00:00+00:00,2017-11-27 20:00:00+00:00,1.0804020100503378,3.979999999999791,11.109285714285713,side,0.06212419874792621,0.8622410172370587,T1low,T1low,T1low,T2mid,0.9440851273055073,1288.42,IS,2017,11,2017-11
1014,-1,1378966,1379345,1292.88,1296.66,-3.8499999999999726,3.730000000000018,sl,2017-11-28,2017-11-28 07:05:00+00:00,2017-11-28 13:24:00+00:00,-1.0321715817694246,3.730000000000018,11.369999999999973,side,0.05512522578850265,0.8784128308533793,T1low,T1low,T1low,T2mid,0.9679066995828717,1294.38,IS,2017,11,2017-11
1030,1,1401132,1401808,1264.87,1265.69,0.7500000000001636,3.5499999999999545,time,2017-12-20,2017-12-20 08:44:00+00:00,2017-12-20 20:00:00+00:00,0.2112676056338516,3.5499999999999545,11.77357142857144,side,-0.06697031091943326,0.9331736055047231,T1low,T2mid,T2mid,T1low,0.9860848548661163,1261.67,IS,2017,12,2017-12
1034,1,1405095,1405945,1279.08,1282.57,3.4200000000000093,5.740000000000009,time,2017-12-26,2017-12-26 05:50:00+00:00,2017-12-26 20:00:00+00:00,0.5958188153310111,5.740000000000009,9.477357142857143,side,-0.08580202363294166,0.7441555831046178,T1low,T1low,T1low,T1low,0.8111390321877624,1273.572,IS,2017,12,2017-12
1036,1,1407804,1408704,1291.0465,1294.63,3.5135000000001857,3.7899999999999636,time,2017-12-28,2017-12-28 05:00:00+00:00,2017-12-28 20:00:00+00:00,0.9270448548813244,3.7899999999999636,8.853071428571411,side,-0.09041562840942977,0.687643902953234,T1low,T1low,T1low,T1low,0.7706606386553991,1287.45,IS,2017,12,2017-12
1039,1,1410589,1411462,1307.3999999999999,1315.79,8.3200000000001,3.240000000000009,time,2018-01-02,2018-01-02 05:27:00+00:00,2018-01-02 20:00:00+00:00,2.5679012345679246,3.240000000000009,8.730285714285676,side,-0.08609961208645062,0.6681114427203625,T1low,T1low,T1low,T1low,0.7931913159360862,1306.711,IS,2018,1,2018-01
1040,-1,1412067,1412842,1311.77,1313.203,-1.5029999999999928,9.340000000000146,time,2018-01-03,2018-01-03 07:05:00+00:00,2018-01-03 20:00:00+00:00,-0.16092077087794104,9.340000000000146,8.756714285714256,side,-0.08420454153342527,0.6633271434198601,T1low,T1low,T1low,T1low,0.809016287693935,1320.12,IS,2018,1,2018-01
1041,1,1413491,1414221,1311.11,1324.27,13.090000000000082,5.240000000000009,time,2018-01-04,2018-01-04 07:50:00+00:00,2018-01-04 20:00:00+00:00,2.4980916030534464,5.240000000000009,9.124571428571405,side,-0.08202004076278938,0.6959849453156225,T1low,T1low,T1low,T1low,0.8560217677629498,1311.03,IS,2018,1,2018-01
1044,1,1417462,1417668,1319.44,1315.68,-3.8299999999999907,3.7100000000000364,sl,2018-01-09,2018-01-09 05:04:00+00:00,2018-01-09 08:30:00+00:00,-1.0323450134770764,3.7100000000000364,9.926714285714281,side,-0.07171888646050982,0.7532164021605634,T1low,T1low,T1low,T1low,0.9608969680794612,1317.91,IS,2018,1,2018-01
1078,1,1463915,1464782,1337.98,1332.67,-5.379999999999946,10.980000000000018,time,2018-02-26,2018-02-26 05:33:00+00:00,2018-02-26 20:00:00+00:00,-0.4899817850637465,10.980000000000018,15.357142857142906,bull,0.14419984973936,1.1559152214142203,T2mid,T3high,T3high,T3high,0.9830818472793795,1328.57,IS,2018,2,2018-02
1079,-1,1465330,1466162,1331.5800000000002,1317.973,13.537000000000198,4.9699999999998,time,2018-02-27,2018-02-27 06:08:00+00:00,2018-02-27 20:00:00+00:00,2.72374245472852,4.9699999999998,14.497857142857177,bull,0.14622765028349188,1.0883133261411846,T2mid,T3high,T3high,T3high,0.9254682740885304,1332.14,IS,2018,2,2018-02
1081,-1,1468080,1468922,1313.6100000000001,1316.3029999999999,-2.762999999999756,4.269999999999982,time,2018-03-01,2018-03-01 05:58:00+00:00,2018-03-01 20:00:00+00:00,-0.6470725995315616,4.269999999999982,14.039285714285743,bull,0.14831300535405928,1.0657460384937405,T2mid,T3high,T3high,T3high,0.8913064180410759,1317.32,IS,2018,3,2018-03
1083,1,1470783,1471293,1327.05,1322.37,-4.750000000000064,4.630000000000109,sl,2018-03-05,2018-03-05 05:02:00+00:00,2018-03-05 13:32:00+00:00,-1.0259179265658644,4.630000000000109,14.542857142857136,bull,0.1525838000230774,1.0997736713318818,T2mid,T3high,T3high,T3high,0.9202842213744575,1322.35,IS,2018,3,2018-03
1085,-1,1473720,1474440,1331.99,1323.763,8.157000000000089,8.269999999999982,time,2018-03-07,2018-03-07 08:00:00+00:00,2018-03-07 20:00:00+00:00,0.9863361547763128,8.269999999999982,13.200714285714282,bull,0.15703165672663835,0.9858342010480853,T1low,T3high,T3high,T3high,0.8417672511956258,1339.04,IS,2018,3,2018-03
1086,1,1474990,1475381,1328.1,1323.56,-4.609999999999964,4.490000000000009,sl,2018-03-08,2018-03-08 06:10:00+00:00,2018-03-08 12:41:00+00:00,-1.0267260579064488,4.490000000000009,13.892142857142858,bull,0.15723385606618462,1.0489306828808946,T1low,T3high,T3high,T3high,0.8923585860092069,1324.41,IS,2018,3,2018-03
1089,-1,1479119,1479581,1318.55,1325.26,-6.780000000000037,6.660000000000082,sl,2018-03-13,2018-03-13 05:00:00+00:00,2018-03-13 12:42:00+00:00,-1.018018018018011,6.660000000000082,13.202142857142835,bull,0.15820825033532496,0.9964708660449422,T1low,T3high,T3high,T3high,0.8751503328629979,1324.89,IS,2018,3,2018-03
1090,1,1480529,1480694,1329.1599999999999,1323.94,-5.2899999999998,5.169999999999845,sl,2018-03-14,2018-03-14 05:30:00+00:00,2018-03-14 08:15:00+00:00,-1.0232108317214619,5.169999999999845,13.23285714285711,bull,0.15782946250542654,0.9977122521606483,T1low,T3high,T3high,T3high,0.8851409460105079,1326.32,IS,2018,3,2018-03
1095,1,1487486,1488294,1314.46,1333.32,18.7899999999999,4.660000000000082,time,2018-03-21,2018-03-21 06:32:00+00:00,2018-03-21 20:00:00+00:00,4.0321888412016245,4.660000000000082,12.84571428571428,bull,0.14664526624756125,0.9806113335201783,T1low,T3high,T2mid,T3high,0.9149997583269089,1309.97,IS,2018,3,2018-03
1096,-1,1488776,1489673,1329.3500000000001,1328.523,0.7570000000002255,5.4099999999998545,time,2018-03-22,2018-03-22 05:03:00+00:00,2018-03-22 20:00:00+00:00,0.13992606284662584,5.4099999999998545,13.450714285714298,bull,0.14614025539596254,1.0098361288703424,T1low,T3high,T3high,T3high,0.9691763724980575,1331.97,IS,2018,3,2018-03
1097,1,1490183,1491053,1338.98,1345.5800000000002,6.530000000000136,7.279999999999973,time,2018-03-23,2018-03-23 05:30:00+00:00,2018-03-23 20:00:00+00:00,0.896978021978044,7.279999999999973,13.447142857142873,bull,0.14585439969352632,1.0090755697155134,T1low,T3high,T3high,T3high,0.9773647596303612,1332.62,IS,2018,3,2018-03
1115,1,1515061,1515232,1353.01,1345.99,-7.089999999999982,5.009999999999991,sl,2018-04-19,2018-04-19 06:35:00+00:00,2018-04-19 09:26:00+00:00,-1.4151696606786417,5.009999999999991,14.273571428571424,bull,0.14508466087334276,1.0565346214282538,T1low,T3high,T3high,T3high,0.9742339663115804,1350.98,IS,2018,4,2018-04
1118,1,1519177,1519939,1328.0,1331.81,3.7399999999999456,5.970000000000027,time,2018-04-24,2018-04-24 06:18:00+00:00,2018-04-24 19:00:00+00:00,0.6264656616415291,5.970000000000027,14.16642857142855,bull,0.13790553248090595,1.0695357310031068,T2mid,T3high,T3high,T3high,0.9598176477135772,1324.54,IS,2018,4,2018-04
1119,-1,1520445,1521313,1327.77,1321.933,5.766999999999989,4.1400000000001,time,2018-04-25,2018-04-25 04:32:00+00:00,2018-04-25 19:00:00+00:00,1.3929951690820892,4.1400000000001,13.734285714285695,bull,0.13441026292771757,1.032016780202108,T1low,T3high,T2mid,T3high,0.9297872340425515,1330.82,IS,2018,4,2018-04
1125,1,1528764,1529556,1310.3799999999999,1313.77,3.3200000000001,4.990000000000009,time,2018-05-03,2018-05-03 05:48:00+00:00,2018-05-03 19:00:00+00:00,0.6653306613226642,4.990000000000009,12.18214285714287,side,0.08175501361700216,0.932804188238847,T1low,T2mid,T2mid,T2mid,0.8434843246932457,1305.97,IS,2018,5,2018-05
1127,-1,1531496,1532305,1313.97,1314.0929999999998,-0.19299999999981993,4.779999999999973,time,2018-05-07,2018-05-07 05:31:00+00:00,2018-05-07 19:00:00+00:00,-0.040376569037619464,4.779999999999973,11.937857142857135,side,0.06317957315993461,0.9081878736568454,T1low,T2mid,T2mid,T2mid,0.8452627506315571,1314.47,IS,2018,5,2018-05
1128,-1,1532784,1533640,1311.66,1316.96,-5.369999999999955,5.25,sl,2018-05-08,2018-05-08 04:00:00+00:00,2018-05-08 18:16:00+00:00,-1.0228571428571342,5.25,11.720714285714264,side,0.053857797468894214,0.8921299664112425,T1low,T1low,T1low,T2mid,0.8404204919397162,1313.79,IS,2018,5,2018-05
1129,-1,1534234,1534808,1309.97,1316.69,-6.790000000000028,6.670000000000073,sl,2018-05-09,2018-05-09 05:10:00+00:00,2018-05-09 14:44:00+00:00,-1.017991004497744,6.670000000000073,11.600714285714275,side,0.045311257330865516,0.8822171402497643,T1low,T1low,T1low,T2mid,0.8431517605679498,1314.95,IS,2018,5,2018-05
1130,1,1535600,1535728,1315.6499999999999,1310.98,-4.739999999999846,4.619999999999891,sl,2018-05-10,2018-05-10 04:58:00+00:00,2018-05-10 07:06:00+00:00,-1.0259740259740169,4.619999999999891,11.556428571428553,side,0.03638468011789961,0.8805635955339915,T1low,T1low,T1low,T2mid,0.8513381252565212,1312.39,IS,2018,5,2018-05
1132,-1,1538700,1539199,1318.6200000000001,1313.983,4.567000000000171,3.5599999999999454,time,2018-05-14,2018-05-14 10:41:00+00:00,2018-05-14 19:00:00+00:00,1.2828651685393935,3.5599999999999454,11.234285714285695,side,0.020967030184828525,0.8524254669695956,T1low,T1low,T1low,T2mid,0.8549870621235502,1317.92,IS,2018,5,2018-05
1135,-1,1542578,1543338,1289.47,1291.3529999999998,-1.9529999999998109,4.769999999999982,time,2018-05-17,2018-05-17 06:20:00+00:00,2018-05-17 19:00:00+00:00,-0.4094339622641129,4.769999999999982,12.021428571428569,side,-0.006250442017623664,0.9308113489298155,T1low,T2mid,T2mid,T2mid,0.9488131379330762,1291.5,IS,2018,5,2018-05
1138,-1,1546610,1546812,1289.75,1293.36,-3.6799999999999,3.5599999999999454,sl,2018-05-22,2018-05-22 04:38:00+00:00,2018-05-22 08:00:00+00:00,-1.033707865168527,3.5599999999999454,11.292857142857136,side,-0.0298660553733407,0.8733098609443232,T1low,T1low,T1low,T2mid,0.9215488549128871,1293.11,IS,2018,5,2018-05
1139,-1,1548036,1548299,1291.76,1295.44,-3.7500000000000635,3.630000000000109,sl,2018-05-23,2018-05-23 05:26:00+00:00,2018-05-23 09:49:00+00:00,-1.0330578512396558,3.630000000000109,11.196428571428571,side,-0.03628251105613903,0.8665832240544705,T1low,T1low,T1low,T2mid,0.9232400276824767,1292.02,IS,2018,5,2018-05
1141,1,1550985,1551610,1305.07,1302.79,-2.3499999999999726,3.509999999999991,time,2018-05-25,2018-05-25 08:35:00+00:00,2018-05-25 19:00:00+00:00,-0.6695156695156634,3.509999999999991,11.507142857142867,side,-0.04523057424615829,0.88178015595084,T1low,T1low,T1low,T2mid,0.9681984957164291,1304.99,IS,2018,5,2018-05
1143,-1,1553407,1553494,1297.07,1301.21,-4.2100000000001,4.0900000000001455,sl,2018-05-29,2018-05-29 06:58:00+00:00,2018-05-29 08:25:00+00:00,-1.0293398533007214,4.0900000000001455,11.073571428571443,side,-0.05297580518393647,0.8535333848657635,T1low,T1low,T1low,T2mid,0.9501919935767207,1297.38,IS,2018,5,2018-05
1144,-1,1554608,1555287,1298.3,1302.8,-4.57,4.4500000000000455,sl,2018-05-30,2018-05-30 04:00:00+00:00,2018-05-30 15:19:00+00:00,-1.026966292134821,4.4500000000000455,11.129285714285743,side,-0.05690429810471304,0.8557565984595195,T1low,T1low,T1low,T2mid,0.9622385741503009,1300.52,IS,2018,5,2018-05
1145,1,1556128,1556497,1304.74,1301.1,-3.7100000000001,3.5900000000001455,sl,2018-05-31,2018-05-31 06:21:00+00:00,2018-05-31 12:30:00+00:00,-1.033426183843997,3.5900000000001455,10.870714285714323,side,-0.06149300458080478,0.8348473478415448,T1low,T1low,T1low,T2mid,0.9452413411880918,1302.12,IS,2018,5,2018-05
1152,-1,1565690,1566277,1298.3,1301.16,-2.930000000000127,2.810000000000173,sl,2018-06-11,2018-06-11 05:06:00+00:00,2018-06-11 14:53:00+00:00,-1.0427046263345008,2.810000000000173,9.334285714285752,side,-0.0799479959138972,0.7189289345239959,T1low,T1low,T1low,T1low,0.855787271244882,1298.36,IS,2018,6,2018-06
1153,-1,1567041,1567651,1296.6100000000001,1299.68,-3.139999999999936,3.019999999999982,sl,2018-06-12,2018-06-12 04:40:00+00:00,2018-06-12 14:50:00+00:00,-1.0397350993377334,3.019999999999982,9.322857142857174,side,-0.0818748287548513,0.717490564108543,T1low,T1low,T1low,T1low,0.8619790118809412,1299.37,IS,2018,6,2018-06
1156,-1,1571259,1572040,1300.1200000000001,1279.8729999999998,20.177000000000298,2.849999999999909,time,2018-06-15,2018-06-15 05:59:00+00:00,2018-06-15 19:00:00+00:00,7.079649122807348,2.849999999999909,8.96214285714286,side,-0.0829029763282878,0.6879139435940175,T1low,T1low,T1low,T1low,0.8662572536186094,1302.8,IS,2018,6,2018-06
1158,1,1573899,1574068,1283.992,1278.952,-5.109999999999964,4.990000000000009,sl,2018-06-19,2018-06-19 04:00:00+00:00,2018-06-19 06:49:00+00:00,-1.0240480961923757,4.990000000000009,9.873571428571429,side,-0.08677749659955719,0.7719336258821979,T1low,T1low,T1low,T1low,0.9657822570784771,1279.07,IS,2018,6,2018-06
1162,-1,1579430,1580313,1266.77,1268.1429999999998,-1.44299999999982,5.660000000000082,time,2018-06-25,2018-06-25 04:17:00+00:00,2018-06-25 19:00:00+00:00,-0.2549469964663956,5.660000000000082,9.83214285714288,side,-0.09880104865889729,0.7746419426545503,T1low,T1low,T1low,T1low,0.9848216553446163,1269.25,IS,2018,6,2018-06
1163,-1,1580857,1581693,1263.01,1258.753,4.187000000000062,4.5,time,2018-06-26,2018-06-26 05:04:00+00:00,2018-06-26 19:00:00+00:00,0.9304444444444582,4.5,9.64928571428574,bear,-0.10311036812900148,0.7620785128722409,T1low,T1low,T1low,T1low,0.9734497332002641,1266.18,IS,2018,6,2018-06
1172,1,1592965,1593864,1259.22,1259.05,-0.24000000000007277,3.800000000000182,time,2018-07-09,2018-07-09 04:01:00+00:00,2018-07-09 19:00:00+00:00,-0.06315789473685823,3.800000000000182,9.949285714285777,bear,-0.14887831777327004,0.7929297241909365,T1low,T1low,T1low,T1low,0.9928542153001803,1254.75,IS,2018,7,2018-07
1197,-1,1627431,1628325,1207.16,1193.6529999999998,13.437000000000289,6.559999999999945,time,2018-08-13,2018-08-13 04:06:00+00:00,2018-08-13 19:00:00+00:00,2.0483231707317686,6.559999999999945,10.756428571428566,bear,-0.2830961276556152,0.8887553765598512,T1low,T1low,T2mid,T1low,0.9159056420736353,1210.28,IS,2018,8,2018-08
1198,1,1628942,1629592,1196.11,1192.25,-3.9299999999999,3.8099999999999454,sl,2018-08-14,2018-08-14 06:17:00+00:00,2018-08-14 17:07:00+00:00,-1.0314960629921144,3.8099999999999454,11.53142857142856,bear,-0.28678990162278395,0.9654255191912996,T1low,T2mid,T2mid,T1low,0.9779885929601045,1194.44,IS,2018,8,2018-08
1199,-1,1630184,1631084,1187.8,1177.0529999999999,10.67700000000007,6.690000000000055,time,2018-08-15,2018-08-15 04:00:00+00:00,2018-08-15 19:00:00+00:00,1.5959641255605357,6.690000000000055,11.225714285714275,bear,-0.28940788820897584,0.9400353619818013,T1low,T1low,T2mid,T1low,0.9522857341949705,1194.18,IS,2018,8,2018-08
1214,1,1650808,1651525,1194.55,1196.0800000000002,1.4600000000002,3.6900000000000546,time,2018-09-05,2018-09-05 07:03:00+00:00,2018-09-05 19:00:00+00:00,0.39566395663961473,3.6900000000000546,12.250714285714318,bear,-0.3114298067570202,1.0279169563445478,T1low,T2mid,T3high,T1low,0.983166758863034,1191.8,IS,2018,9,2018-09
1216,-1,1653563,1654279,1199.1200000000001,1196.283,2.7670000000002166,4.240000000000009,time,2018-09-07,2018-09-07 07:04:00+00:00,2018-09-07 19:00:00+00:00,0.6525943396226912,4.240000000000009,11.088571428571461,bear,-0.3052980295189238,0.9238705438600485,T1low,T1low,T2mid,T1low,0.8903341620713301,1200.23,IS,2018,9,2018-09
1219,-1,1657520,1658187,1193.3700000000001,1198.39,-5.089999999999982,4.970000000000027,sl,2018-09-12,2018-09-12 04:07:00+00:00,2018-09-12 15:14:00+00:00,-1.0241448692152826,4.970000000000027,11.243571428571451,bear,-0.3005833673881592,0.9388576486390431,T1low,T2mid,T2mid,T1low,0.9027666261384231,1197.58,IS,2018,9,2018-09
1221,1,1660358,1660811,1205.77,1201.94,-3.899999999999927,3.7799999999999727,sl,2018-09-14,2018-09-14 05:26:00+00:00,2018-09-14 12:59:00+00:00,-1.0317460317460199,3.7799999999999727,10.544285714285738,bear,-0.2963553480855926,0.8771335641141754,T1low,T1low,T2mid,T1low,0.8552648731326205,1202.13,IS,2018,9,2018-09
1225,-1,1665954,1666270,1202.94,1206.45,-3.5799999999999907,3.4600000000000364,sl,2018-09-20,2018-09-20 06:59:00+00:00,2018-09-20 12:15:00+00:00,-1.034682080924842,3.4600000000000364,10.724285714285722,bear,-0.2900480546034054,0.8910470366484199,T1low,T1low,T2mid,T1low,0.8973761281453573,1203.56,IS,2018,9,2018-09
1226,1,1667317,1667522,1210.02,1206.64,-3.4499999999998816,3.3299999999999272,sl,2018-09-21,2018-09-21 06:45:00+00:00,2018-09-21 10:10:00+00:00,-1.036036036036023,3.3299999999999272,10.477857142857147,bear,-0.28693261010800897,0.8683067160733526,T1low,T1low,T2mid,T1low,0.883193198888556,1206.7,IS,2018,9,2018-09
1230,1,1672662,1672773,1198.52,1195.07,-3.5200000000000453,3.400000000000091,sl,2018-09-27,2018-09-27 04:02:00+00:00,2018-09-27 05:53:00+00:00,-1.0352941176470445,3.400000000000091,11.046428571428578,bear,-0.2751069340284979,0.9242790444155978,T1low,T1low,T2mid,T1low,0.9695195345804689,1195.14,IS,2018,9,2018-09
1253,-1,1704461,1705303,1226.26,1223.773,2.41700000000008,4.180000000000064,time,2018-10-30,2018-10-30 05:58:00+00:00,2018-10-30 20:00:00+00:00,0.5782296650717808,4.180000000000064,12.662857142857158,bear,-0.13282103895847813,1.0295173208391322,T1low,T2mid,T3high,T1low,0.9960333958850695,1229.98,IS,2018,10,2018-10
1254,-1,1705961,1706681,1215.3500000000001,1217.013,-1.7329999999997836,7.379999999999882,time,2018-10-31,2018-10-31 08:00:00+00:00,2018-10-31 20:00:00+00:00,-0.2348238482384568,7.379999999999882,12.749285714285731,bear,-0.1235928591245302,1.0428863569967879,T1low,T3high,T3high,T1low,0.9995715881758337,1222.5,IS,2018,10,2018-10
1257,-1,1709901,1710757,1231.4,1230.4129999999998,0.9170000000003073,3.5299999999999727,time,2018-11-05,2018-11-05 05:44:00+00:00,2018-11-05 20:00:00+00:00,0.25977337110490495,3.5299999999999727,11.310000000000011,side,-0.09382015812267987,0.9176545042961818,T1low,T2mid,T2mid,T1low,0.8875610289295338,1232.49,IS,2018,11,2018-11
1259,1,1712810,1713517,1232.09,1227.39,-4.769999999999818,9.069999999999936,time,2018-11-07,2018-11-07 08:13:00+00:00,2018-11-07 20:00:00+00:00,-0.5259095920617257,9.069999999999936,11.508571428571438,side,-0.07669599932898563,0.937348012556927,T1low,T2mid,T2mid,T1low,0.9088268225751404,1227.78,IS,2018,11,2018-11
1260,-1,1714123,1714838,1222.63,1226.71,-4.1499999999999275,4.029999999999973,sl,2018-11-08,2018-11-08 07:07:00+00:00,2018-11-08 19:02:00+00:00,-1.0297766749379542,4.029999999999973,11.650714285714278,side,-0.0693368368462281,0.9503029596830569,T1low,T2mid,T2mid,T1low,0.9226774673462327,1226.0,IS,2018,11,2018-11
1263,1,1718161,1718318,1205.1499999999999,1201.48,-3.7399999999998452,3.619999999999891,sl,2018-11-13,2018-11-13 05:32:00+00:00,2018-11-13 08:09:00+00:00,-1.0331491712707066,3.619999999999891,11.609999999999982,side,-0.0523564332465671,0.9657134301542131,T1low,T2mid,T2mid,T2mid,0.9406331652184456,1202.22,IS,2018,11,2018-11
1265,1,1720887,1721370,1212.252,1208.362,-3.9599999999998725,3.839999999999918,sl,2018-11-15,2018-11-15 05:00:00+00:00,2018-11-15 13:03:00+00:00,-1.0312499999999887,3.839999999999918,12.17071428571426,side,-0.04438464816156495,1.0050882630182474,T1low,T2mid,T2mid,T2mid,0.9999266442687138,1210.91,IS,2018,11,2018-11
1267,-1,1723645,1724263,1219.55,1223.49,-4.010000000000055,3.8900000000001,sl,2018-11-19,2018-11-19 05:00:00+00:00,2018-11-19 15:18:00+00:00,-1.0308483290488308,3.8900000000001,11.84785714285712,side,-0.03436990270809936,0.9687853358128736,T1low,T2mid,T2mid,T2mid,0.9845669852199181,1222.96,IS,2018,11,2018-11
1275,1,1734233,1735133,1225.3319999999999,1223.91,-1.4919999999997982,4.550000000000182,time,2018-11-29,2018-11-29 05:00:00+00:00,2018-11-29 20:00:00+00:00,-0.3279120879120304,4.550000000000182,10.658571428571447,side,0.014515384990753935,0.8729736212434126,T1low,T1low,T2mid,T2mid,0.9439703435667453,1220.95,IS,2018,11,2018-11
1277,1,1737034,1737889,1226.1019999999999,1230.93,4.758000000000202,4.869999999999891,time,2018-12-03,2018-12-03 05:45:00+00:00,2018-12-03 20:00:00+00:00,0.9770020533881536,4.869999999999891,10.539285714285743,side,0.025598801624102257,0.8637979947943828,T1low,T1low,T1low,T2mid,0.9447765160125406,1220.11,IS,2018,12,2018-12
1278,1,1738369,1739269,1237.252,1237.66,0.33800000000012914,6.480000000000018,time,2018-12-04,2018-12-04 05:00:00+00:00,2018-12-04 20:00:00+00:00,0.05216049382718028,6.480000000000018,10.950000000000045,side,0.03174552873926341,0.8894267867731308,T1low,T1low,T2mid,T2mid,0.9829601013096565,1231.13,IS,2018,12,2018-12
1279,-1,1739747,1740289,1234.3700000000001,1238.75,-4.449999999999882,4.329999999999927,sl,2018-12-05,2018-12-05 05:03:00+00:00,2018-12-05 14:05:00+00:00,-1.0277136258660409,4.329999999999927,10.414285714285743,side,0.037284803906145636,0.8407635378499312,T1low,T1low,T1low,T2mid,0.9394844434134634,1238.67,IS,2018,12,2018-12
1280,-1,1741217,1741674,1237.19,1240.74,-3.6199999999999544,3.5,sl,2018-12-06,2018-12-06 06:34:00+00:00,2018-12-06 14:11:00+00:00,-1.0342857142857012,3.5,10.217142857142903,side,0.042555659672274766,0.8251676121712259,T1low,T1low,T1low,T2mid,0.9276986535917239,1238.19,IS,2018,12,2018-12
1281,1,1742669,1743402,1240.52,1249.65,9.060000000000109,3.25,time,2018-12-07,2018-12-07 07:47:00+00:00,2018-12-07 20:00:00+00:00,2.787692307692341,3.25,10.081428571428612,side,0.04725240327699506,0.8147794080293387,T1low,T1low,T1low,T2mid,0.9216553750714266,1237.32,IS,2018,12,2018-12
1283,1,1745308,1745884,1247.1599999999999,1243.5,-3.7299999999998543,3.6099999999999,sl,2018-12-11,2018-12-11 05:50:00+00:00,2018-12-11 15:26:00+00:00,-1.0332409972299053,3.6099999999999,10.467857142857188,side,0.05963594202548575,0.8414405600187445,T1low,T1low,T1low,T2mid,0.9691883419637758,1244.04,IS,2018,12,2018-12
1292,1,1757652,1758476,1264.308,1268.885,4.506999999999998,5.519999999999982,time,2018-12-24,2018-12-24 05:00:00+00:00,2018-12-24 18:44:00+00:00,0.8164855072463791,5.519999999999982,10.339071428571433,bull,0.10774216577332725,0.8235449408827564,T1low,T1low,T1low,T2mid,0.9975909144635048,1255.435,IS,2018,12,2018-12
1299,1,1764341,1765174,1284.2279999999998,1278.8349999999998,-5.463000000000029,5.343000000000075,sl,2019-01-02,2019-01-02 05:00:00+00:00,2019-01-02 18:53:00+00:00,-1.0224592925322764,5.343000000000075,10.350714285714323,bull,0.14908137467081656,0.8079438651017568,T1low,T1low,T2mid,T3high,0.9911012228209769,1281.118,IS,2019,1,2019-01
1307,1,1775415,1776250,1292.685,1291.798,-0.9569999999999437,4.747000000000071,time,2019-01-14,2019-01-14 06:05:00+00:00,2019-01-14 20:00:00+00:00,-0.2016010111649314,4.747000000000071,10.558499999999997,bull,0.17794197478603693,0.8202847320682889,T1low,T1low,T2mid,T3high,0.9829652342355087,1287.175,IS,2019,1,2019-01
1310,-1,1779609,1780377,1291.2150000000001,1291.0420000000001,0.10300000000000181,4.052999999999884,time,2019-01-17,2019-01-17 07:11:00+00:00,2019-01-17 20:00:00+00:00,0.025413274117938506,4.052999999999884,10.036357142857128,bull,0.19281442410321548,0.7762760912886395,T1low,T1low,T1low,T3high,0.931236715814698,1292.885,IS,2019,1,2019-01
1315,-1,1786118,1787016,1281.2350000000001,1280.222,0.9430000000001473,3.439999999999827,time,2019-01-24,2019-01-24 05:02:00+00:00,2019-01-24 20:00:00+00:00,0.2741279069768008,3.439999999999827,10.207571428571375,bull,0.20416957660088247,0.7951710825835869,T1low,T1low,T2mid,T3high,0.9533206051363697,1283.695,IS,2019,1,2019-01
1316,1,1787520,1788373,1283.088,1298.405,15.247000000000007,3.038000000000011,time,2019-01-25,2019-01-25 05:39:00+00:00,2019-01-25 20:00:00+00:00,5.01876234364712,3.038000000000011,9.219499999999941,bull,0.20572959747412248,0.7195286129592369,T1low,T1low,T1low,T3high,0.8674045067427707,1281.325,IS,2019,1,2019-01
1317,1,1788853,1789272,1303.425,1299.635,-3.8599999999999635,3.740000000000009,sl,2019-01-28,2019-01-28 05:00:00+00:00,2019-01-28 11:59:00+00:00,-1.032085561497314,3.740000000000009,10.011071428571379,bull,0.20902193052278886,0.7683477248344223,T1low,T1low,T2mid,T3high,0.9450714914503207,1302.935,IS,2019,1,2019-01
1319,1,1791639,1792110,1314.658,1310.498,-4.229999999999855,4.1099999999999,sl,2019-01-30,2019-01-30 05:34:00+00:00,2019-01-30 13:25:00+00:00,-1.0291970802919606,4.1099999999999,9.39264285714283,bull,0.21600402123076362,0.7166427871119052,T1low,T1low,T1low,T3high,0.8944507080095964,1310.645,IS,2019,1,2019-01
1320,1,1793016,1793884,1320.738,1320.858,0.049999999999890854,3.303000000000111,time,2019-01-31,2019-01-31 05:32:00+00:00,2019-01-31 20:00:00+00:00,0.015137753557338533,3.303000000000111,9.633357142857124,bull,0.22168314829415844,0.7302766763490344,T1low,T1low,T1low,T3high,0.9220701129350776,1319.138,IS,2019,1,2019-01
1321,-1,1794400,1794721,1317.405,1321.788,-4.4530000000000385,4.333000000000084,sl,2019-02-01,2019-02-01 05:40:00+00:00,2019-02-01 11:01:00+00:00,-1.0276944380336839,4.333000000000084,9.683571428571424,bull,0.22678597495780461,0.7330513308961369,T1low,T1low,T1low,T3high,0.9316331617974754,1320.995,IS,2019,2,2019-02
1322,-1,1795829,1796637,1312.1580000000001,1313.819,-1.730999999999831,5.246999999999844,time,2019-02-04,2019-02-04 06:31:00+00:00,2019-02-04 20:00:00+00:00,-0.3299028016008924,5.246999999999844,9.594285714285693,bull,0.23056035917734477,0.7283489437801575,T1low,T1low,T1low,T3high,0.9313138687902728,1317.265,IS,2019,2,2019-02
1323,1,1797110,1797378,1314.875,1311.178,-3.766999999999889,3.6469999999999345,sl,2019-02-05,2019-02-05 05:00:00+00:00,2019-02-05 09:29:00+00:00,-1.03290375651219,3.6469999999999345,9.658571428571397,bull,0.2336899441504294,0.7363523234034113,T1low,T1low,T1low,T3high,0.9480836223497278,1311.678,IS,2019,2,2019-02
1324,1,1798715,1798851,1315.815,1312.685,-3.200000000000109,3.0800000000001546,sl,2019-02-06,2019-02-06 08:50:00+00:00,2019-02-06 11:06:00+00:00,-1.0389610389610222,3.0800000000001546,9.593571428571408,bull,0.23687534833880522,0.7296057510598852,T1low,T1low,T1low,T3high,0.9508497542700101,1314.898,IS,2019,2,2019-02
1327,-1,1802792,1803510,1310.425,1308.652,1.7029999999999108,4.3400000000001455,time,2019-02-11,2019-02-11 08:02:00+00:00,2019-02-11 20:00:00+00:00,0.3923963133640216,4.3400000000001455,9.757142857142851,bull,0.24484112067466318,0.7425838111292977,T1low,T1low,T1low,T3high,0.9822412790133311,1313.945,IS,2019,2,2019-02
1333,-1,1810636,1810812,1323.308,1326.478,-3.2400000000000726,3.1200000000001182,sl,2019-02-19,2019-02-19 05:07:00+00:00,2019-02-19 08:03:00+00:00,-1.0384615384615223,3.1200000000001182,9.684928571428568,bull,0.24841051350528826,0.7301841247247045,T1low,T1low,T1low,T3high,0.9888183719272418,1326.368,IS,2019,2,2019-02
1350,-1,1834133,1834916,1302.585,1296.219,6.295999999999985,7.099999999999909,time,2019-03-14,2019-03-14 06:57:00+00:00,2019-03-14 20:00:00+00:00,0.886760563380291,7.099999999999909,11.452571428571414,bull,0.2387189715807393,0.874684109723495,T1low,T2mid,T3high,T3high,0.9972403232497632,1309.338,IS,2019,3,2019-03
1356,1,1842318,1843143,1310.325,1312.305,1.9100000000000181,3.497000000000071,time,2019-03-22,2019-03-22 06:15:00+00:00,2019-03-22 20:00:00+00:00,0.5461824420932169,3.497000000000071,11.624714285714276,bull,0.22974164383567475,0.888328738291102,T1low,T2mid,T3high,T3high,0.9624581815687245,1308.605,IS,2019,3,2019-03
1357,1,1843625,1844513,1316.4879999999998,1322.108,5.550000000000118,5.426999999999907,time,2019-03-25,2019-03-25 05:10:00+00:00,2019-03-25 20:00:00+00:00,1.0226644555003157,5.426999999999907,11.187785714285708,bull,0.22906321899552315,0.8520294510432159,T1low,T2mid,T2mid,T3high,0.9264030396481509,1313.075,IS,2019,3,2019-03
1359,-1,1846370,1846655,1314.688,1318.425,-3.8069999999998525,3.686999999999898,sl,2019-03-27,2019-03-27 05:00:00+00:00,2019-03-27 09:45:00+00:00,-1.0325467860048705,3.686999999999898,11.704642857142842,bull,0.2276398430471956,0.8891686651460198,T1low,T2mid,T3high,T3high,0.965583359898931,1316.358,IS,2019,3,2019-03
1360,1,1847746,1847959,1311.0349999999999,1307.218,-3.8869999999997797,3.7669999999998254,sl,2019-03-28,2019-03-28 05:02:00+00:00,2019-03-28 08:35:00+00:00,-1.0318555880010511,3.7669999999998254,11.897714285714269,bull,0.22511177700847465,0.9086837429469363,T1low,T3high,T3high,T3high,0.9791804812897096,1309.335,IS,2019,3,2019-03
1366,-1,1855988,1856518,1287.348,1292.908,-5.629999999999946,5.509999999999991,sl,2019-04-05,2019-04-05 06:06:00+00:00,2019-04-05 14:56:00+00:00,-1.0217785843920064,5.509999999999991,12.028214285714284,bull,0.18155556228246678,0.930387284653701,T1low,T3high,T3high,T3high,0.9931357186204927,1292.818,IS,2019,4,2019-04
1367,1,1857245,1858134,1296.738,1297.618,0.8099999999998817,5.3400000000001455,time,2019-04-08,2019-04-08 04:08:00+00:00,2019-04-08 19:00:00+00:00,0.1516853932584007,5.3400000000001455,12.050357142857138,bull,0.17518647294394973,0.9332788982877852,T1low,T3high,T3high,T3high,0.9988339388621634,1291.185,IS,2019,4,2019-04
1369,1,1860159,1860499,1305.128,1301.098,-4.099999999999973,3.980000000000018,sl,2019-04-10,2019-04-10 06:54:00+00:00,2019-04-10 12:34:00+00:00,-1.0301507537688328,3.980000000000018,11.783428571428544,bull,0.16424859584745546,0.9033358175323833,T1low,T3high,T3high,T3high,0.9779297716150317,1304.435,IS,2019,4,2019-04
1372,-1,1864292,1865016,1287.05,1288.1490000000001,-1.1690000000001601,4.088000000000193,time,2019-04-15,2019-04-15 06:56:00+00:00,2019-04-15 19:00:00+00:00,-0.2859589041096147,4.088000000000193,11.513285714285692,bull,0.14574142525524716,0.8923803256673847,T1low,T2mid,T3high,T3high,0.9581045476768253,1290.177,IS,2019,4,2019-04
1373,-1,1865556,1866393,1284.6380000000001,1276.5320000000002,8.035999999999994,3.990000000000009,time,2019-04-16,2019-04-16 05:03:00+00:00,2019-04-16 19:00:00+00:00,2.014035087719292,3.990000000000009,11.459499999999982,bull,0.13787990011497833,0.8898315613575714,T1low,T2mid,T3high,T3high,0.9570855699513086,1287.828,IS,2019,4,2019-04
1375,-1,1868291,1868454,1271.488,1274.738,-3.32,3.2000000000000455,sl,2019-04-18,2019-04-18 04:48:00+00:00,2019-04-18 07:31:00+00:00,-1.0374999999999852,3.2000000000000455,10.572357142857154,bull,0.1175474734250535,0.829745931686964,T1low,T2mid,T2mid,T2mid,0.8895522549521344,1274.168,IS,2019,4,2019-04
1376,1,1869925,1870190,1279.815,1275.338,-4.547000000000089,4.427000000000135,sl,2019-04-22,2019-04-22 09:06:00+00:00,2019-04-22 13:33:00+00:00,-1.0271063925909083,4.427000000000135,10.10421428571429,bull,0.1080068559970509,0.7921922645065008,T1low,T1low,T2mid,T2mid,0.8556362244074001,1275.475,IS,2019,4,2019-04
1378,1,1872596,1873263,1272.085,1275.055,2.9000000000000274,3.336999999999989,time,2019-04-24,2019-04-24 07:53:00+00:00,2019-04-24 19:00:00+00:00,0.8690440515433134,3.336999999999989,9.968285714285733,side,0.08836393463287047,0.7839858271793152,T1low,T1low,T2mid,T2mid,0.8549376268490971,1271.488,IS,2019,4,2019-04
1379,1,1873738,1874638,1276.805,1277.098,0.22299999999989267,3.4470000000001164,time,2019-04-25,2019-04-25 04:00:00+00:00,2019-04-25 19:00:00+00:00,0.06469393675656662,3.4470000000001164,10.226642857142874,side,0.08018047620911495,0.8022419045138665,T1low,T1low,T2mid,T2mid,0.8826903952942274,1274.758,IS,2019,4,2019-04
1380,1,1875256,1875624,1281.055,1277.438,-3.6869999999999616,3.5670000000000073,sl,2019-04-26,2019-04-26 06:22:00+00:00,2019-04-26 12:30:00+00:00,-1.0336417157274893,3.5670000000000073,9.921642857142874,side,0.07222746723974938,0.7763608210176526,T1low,T1low,T2mid,T2mid,0.8637308948749054,1277.968,IS,2019,4,2019-04
1382,1,1877858,1878405,1283.135,1279.855,-3.3499999999999726,3.230000000000018,sl,2019-04-30,2019-04-30 04:03:00+00:00,2019-04-30 13:11:00+00:00,-1.0371517027863633,3.230000000000018,10.08071428571431,side,0.05830363317943647,0.7874278465463667,T1low,T1low,T2mid,T2mid,0.8965020665665354,1280.208,IS,2019,4,2019-04
1383,-1,1879361,1879804,1279.275,1283.555,-4.349999999999973,4.230000000000018,sl,2019-05-01,2019-05-01 06:12:00+00:00,2019-05-01 13:35:00+00:00,-1.0283687943262303,4.230000000000018,9.843571428571456,side,0.051323746088349276,0.7674712909712518,T1low,T1low,T2mid,T2mid,0.8872972780686419,1282.598,IS,2019,5,2019-05
1384,-1,1880726,1881505,1272.605,1271.429,1.1059999999999308,5.166999999999916,time,2019-05-02,2019-05-02 06:01:00+00:00,2019-05-02 19:00:00+00:00,0.21405070640602838,5.166999999999916,10.16700000000003,side,0.04354416740893754,0.7958089119326744,T1low,T1low,T2mid,T2mid,0.9271284635499045,1277.568,IS,2019,5,2019-05
1386,-1,1883475,1884246,1281.518,1281.469,-0.021000000000021835,3.5499999999999545,time,2019-05-06,2019-05-06 06:09:00+00:00,2019-05-06 19:00:00+00:00,-0.005915492957752705,3.5499999999999545,10.2069285714286,side,0.02736119403588659,0.7981801780163515,T1low,T1low,T2mid,T2mid,0.9488150352825196,1278.775,IS,2019,5,2019-05
1388,1,1886144,1886692,1287.258,1284.155,-3.1730000000000653,3.053000000000111,sl,2019-05-08,2019-05-08 04:57:00+00:00,2019-05-08 14:05:00+00:00,-1.039305601048133,3.053000000000111,9.601928571428598,side,0.012281640231889497,0.7475529232346189,T1low,T1low,T1low,T2mid,0.9124585649515932,1284.448,IS,2019,5,2019-05
1389,1,1887525,1888363,1282.788,1284.795,1.9370000000000618,3.2100000000000364,time,2019-05-09,2019-05-09 05:02:00+00:00,2019-05-09 19:00:00+00:00,0.603426791277271,3.2100000000000364,9.984071428571431,side,0.005271240616047705,0.779324888774604,T1low,T1low,T2mid,T2mid,0.956954603585815,1281.118,IS,2019,5,2019-05
1391,-1,1890229,1890734,1283.385,1288.468,-5.153000000000084,5.033000000000129,sl,2019-05-13,2019-05-13 04:12:00+00:00,2019-05-13 12:37:00+00:00,-1.0238426385853272,5.033000000000129,10.149571428571416,side,-0.007245693776721976,0.7895396306176494,T1low,T1low,T2mid,T2mid,0.9871923577941791,1285.505,IS,2019,5,2019-05
1401,1,1903851,1904621,1287.368,1284.895,-2.542999999999956,3.6130000000000564,time,2019-05-27,2019-05-27 04:08:00+00:00,2019-05-27 16:59:00+00:00,-0.7038472183780561,3.6130000000000564,9.848928571428555,side,-0.044938599834953755,0.76668329199243,T1low,T1low,T2mid,T2mid,0.9583063584879613,1284.615,IS,2019,5,2019-05
1402,-1,1905026,1905880,1282.568,1278.689,3.8089999999999056,3.9300000000000637,time,2019-05-28,2019-05-28 04:46:00+00:00,2019-05-28 19:00:00+00:00,0.9692111959287134,3.9300000000000637,9.545571428571407,side,-0.04764146847327072,0.7427604780594459,T1low,T1low,T1low,T2mid,0.9312139374793766,1285.148,IS,2019,5,2019-05
1403,1,1906480,1907251,1281.998,1282.045,-0.02299999999997454,2.9329999999999927,time,2019-05-29,2019-05-29 06:09:00+00:00,2019-05-29 19:00:00+00:00,-0.00784180020456004,2.9329999999999927,9.427928571428554,side,-0.05057086661931366,0.7369726182603432,T1low,T1low,T1low,T2mid,0.9216057981336198,1279.278,IS,2019,5,2019-05
1404,-1,1907823,1908223,1277.145,1280.288,-3.213000000000029,3.0930000000000746,sl,2019-05-30,2019-05-30 05:34:00+00:00,2019-05-30 12:14:00+00:00,-1.038797284190091,3.0930000000000746,9.273642857142834,side,-0.05385144796958585,0.7245724090220188,T1low,T1low,T1low,T2mid,0.9104995576575717,1279.878,IS,2019,5,2019-05
1405,1,1909154,1910002,1293.098,1306.218,13.050000000000118,4.923000000000002,time,2019-05-31,2019-05-31 04:52:00+00:00,2019-05-31 19:00:00+00:00,2.650822669104228,4.923000000000002,9.840785714285678,side,-0.05522868883800349,0.763936514048298,T1low,T1low,T2mid,T2mid,0.9650434343444931,1288.168,IS,2019,5,2019-05
1406,1,1910540,1911381,1312.805,1326.1380000000001,13.263000000000083,5.7970000000000255,time,2019-06-03,2019-06-03 04:59:00+00:00,2019-06-03 19:00:00+00:00,2.287907538381926,5.7970000000000255,9.806714285714245,side,-0.05520620453902543,0.7513025243882987,T1low,T1low,T2mid,T2mid,0.9635931171318595,1305.295,IS,2019,6,2019-06
1442,-1,1959958,1960330,1415.808,1424.298,-8.56000000000001,8.440000000000055,sl,2019-07-23,2019-07-23 05:30:00+00:00,2019-07-23 11:42:00+00:00,-1.0142180094786675,8.440000000000055,21.98928571428574,bull,0.2556513356357115,1.5439767303623328,T3high,T3high,T3high,T3high,0.9449264570353129,1424.198,IS,2019,7,2019-07
1449,-1,1969757,1970177,1404.1480000000001,1414.778,-10.699999999999882,10.579999999999927,sl,2019-08-01,2019-08-01 07:59:00+00:00,2019-08-01 14:59:00+00:00,-1.0113421550094477,10.579999999999927,18.248142857142852,bull,0.2982248815003377,1.2898237643745416,T2mid,T3high,T3high,T3high,0.7975122577309971,1414.778,IS,2019,8,2019-08
1451,1,1972408,1973175,1455.955,1467.285,11.260000000000154,18.057000000000016,time,2019-08-05,2019-08-05 06:13:00+00:00,2019-08-05 19:00:00+00:00,0.6235808827601564,18.057000000000016,21.251285714285732,bull,0.31434115629009385,1.4752018449865423,T3high,T3high,T3high,T3high,0.9459544532205335,1440.568,IS,2019,8,2019-08
1453,1,1975184,1975933,1490.138,1503.065,12.857000000000134,17.87999999999988,time,2019-08-07,2019-08-07 06:31:00+00:00,2019-08-07 19:00:00+00:00,0.7190715883669027,17.87999999999988,22.012428571428586,bull,0.33617507474635283,1.4941427764659165,T3high,T3high,T3high,T3high,0.9951147433100981,1473.248,IS,2019,8,2019-08
1455,1,1977914,1978291,1507.885,1498.965,-8.990000000000073,8.870000000000118,sl,2019-08-09,2019-08-09 06:02:00+00:00,2019-08-09 12:19:00+00:00,-1.01352874859075,8.870000000000118,21.502928571428566,bull,0.36371488678419567,1.4311642880247541,T3high,T3high,T3high,T3high,0.9874444351143827,1502.478,IS,2019,8,2019-08
1471,-1,2000017,2000569,1522.608,1529.815,-7.277000000000108,7.157000000000153,sl,2019-09-02,2019-09-02 06:41:00+00:00,2019-09-02 15:53:00+00:00,-1.0167668017325628,7.157000000000153,23.44692857142864,bull,0.525992629773157,1.542563119913884,T3high,T3high,T3high,T3high,0.952316574901476,1519.998,IS,2019,9,2019-09
1473,-1,2002506,2003173,1540.018,1550.045,-10.097000000000044,9.97700000000009,sl,2019-09-04,2019-09-04 06:03:00+00:00,2019-09-04 17:10:00+00:00,-1.012027663626336,9.97700000000009,20.227214285714336,bull,0.5389224595292115,1.309020104976407,T2mid,T3high,T3high,T3high,0.8285323314597468,1545.218,IS,2019,9,2019-09
1474,-1,2004000,2004663,1541.6480000000001,1518.589,22.989000000000196,11.2199999999998,time,2019-09-05,2019-09-05 07:57:00+00:00,2019-09-05 19:00:00+00:00,2.0489304812834765,11.2199999999998,20.51528571428576,bull,0.544675564231976,1.3218969659156858,T2mid,T3high,T3high,T3high,0.8428870055286829,1551.958,IS,2019,9,2019-09
1475,-1,2005301,2005688,1512.598,1520.215,-7.686999999999962,7.567000000000007,sl,2019-09-06,2019-09-06 06:38:00+00:00,2019-09-06 13:05:00+00:00,-1.0158583322320542,7.567000000000007,22.12192857142861,bull,0.546246128204757,1.4572710677485419,T3high,T3high,T3high,T3high,0.9077429278546808,1518.038,IS,2019,9,2019-09
1476,-1,2006764,2006988,1504.488,1512.498,-8.079999999999991,7.960000000000036,sl,2019-09-09,2019-09-09 08:01:00+00:00,2019-09-09 11:45:00+00:00,-1.0150753768844163,7.960000000000036,22.51285714285718,bull,0.5462913278881442,1.4944826760827603,T3high,T3high,T3high,T3high,0.9226164862591095,1506.398,IS,2019,9,2019-09
1479,1,2010780,2011562,1498.415,1498.2050000000002,-0.279999999999809,9.156999999999925,time,2019-09-12,2019-09-12 05:58:00+00:00,2019-09-12 19:00:00+00:00,-0.03057770012010607,9.156999999999925,23.10057142857147,bull,0.5391843480651278,1.5433738405655069,T3high,T3high,T3high,T3high,0.9601903469410874,1496.758,IS,2019,9,2019-09
1481,-1,2013506,2014320,1502.2150000000001,1502.0520000000001,0.09300000000001091,9.799999999999955,time,2019-09-16,2019-09-16 05:26:00+00:00,2019-09-16 19:00:00+00:00,0.009489795918368503,9.799999999999955,22.893928571428596,bull,0.5336646198118722,1.5380536494073627,T3high,T3high,T3high,T3high,0.9702292797255027,1488.5,IS,2019,9,2019-09
1488,-1,2023155,2023980,1527.95,1504.659,23.22099999999994,7.048000000000002,time,2019-09-25,2019-09-25 05:15:00+00:00,2019-09-25 19:00:00+00:00,3.2946935300794458,7.048000000000002,22.288214285714325,bull,0.5085811550054287,1.455587270115315,T3high,T3high,T3high,T3high,0.9851796038285722,1531.218,IS,2019,9,2019-09
1491,-1,2027351,2028119,1490.9850000000001,1473.902,17.013000000000083,7.362999999999829,time,2019-09-30,2019-09-30 06:12:00+00:00,2019-09-30 19:00:00+00:00,2.3106070895016266,7.362999999999829,20.671071428571477,bull,0.4898641311211023,1.3812962949881307,T3high,T3high,T3high,T3high,0.9320531498481689,1496.498,IS,2019,9,2019-09
1492,-1,2028701,2029198,1462.538,1474.695,-12.226999999999926,12.106999999999971,sl,2019-10-01,2019-10-01 05:45:00+00:00,2019-10-01 14:02:00+00:00,-1.0099116213760597,12.106999999999971,21.91557142857146,bull,0.48170052656389084,1.487942071819354,T3high,T3high,T3high,T3high,0.9846861087972593,1472.878,IS,2019,10,2019-10
1514,1,2059130,2059874,1499.508,1511.208,11.630000000000045,5.563000000000102,time,2019-10-31,2019-10-31 07:36:00+00:00,2019-10-31 20:00:00+00:00,2.090598597878812,5.563000000000102,15.029214285714293,bull,0.24109849456962928,1.0051722115021182,T1low,T2mid,T1low,T3high,0.734824420621491,1495.188,IS,2019,10,2019-10
1529,-1,2079621,2080482,1470.255,1464.932,5.2530000000000925,5.269999999999982,time,2019-11-21,2019-11-21 05:39:00+00:00,2019-11-21 20:00:00+00:00,0.9967741935484081,5.269999999999982,15.414857142857143,bull,0.10496106308343973,1.0455180766668686,T1low,T2mid,T1low,T2mid,0.9798716043463279,1474.375,IS,2019,11,2019-11
1535,1,2087633,2088083,1458.6979999999999,1455.085,-3.682999999999829,3.5629999999998745,sl,2019-11-29,2019-11-29 05:30:00+00:00,2019-11-29 13:00:00+00:00,-1.0336794835812402,3.5629999999998745,11.710285714285712,side,0.0426710732730979,0.8043027232493939,T1low,T2mid,T1low,T2mid,0.7706355261172511,1455.955,IS,2019,11,2019-11
1538,1,2091591,2091812,1480.145,1476.075,-4.139999999999937,4.019999999999982,sl,2019-12-04,2019-12-04 05:31:00+00:00,2019-12-04 09:12:00+00:00,-1.0298507462686457,4.019999999999982,11.985214285714294,side,0.014667785756982226,0.8116956778546353,T1low,T2mid,T1low,T2mid,0.8097482702249472,1476.565,IS,2019,12,2019-12
1545,1,2101360,2102097,1469.985,1476.998,6.943000000000147,5.226999999999862,time,2019-12-13,2019-12-13 07:43:00+00:00,2019-12-13 20:00:00+00:00,1.3282953893247236,5.226999999999862,12.769642857142864,side,-0.04408145472550056,0.87163310231176,T1low,T2mid,T1low,T2mid,0.9605488574290826,1465.025,IS,2019,12,2019-12
1552,1,2110832,2111638,1489.615,1498.395,8.709999999999972,5.267000000000053,time,2019-12-24,2019-12-24 05:18:00+00:00,2019-12-24 18:44:00+00:00,1.6536928042528736,5.267000000000053,11.07692857142857,side,-0.09395839514546062,0.7457112120243979,T1low,T2mid,T1low,T1low,0.9080398624797726,1485.418,IS,2019,12,2019-12
1554,1,2112025,2112897,1504.058,1509.698,5.5700000000001,6.313000000000102,time,2019-12-26,2019-12-26 05:27:00+00:00,2019-12-26 20:00:00+00:00,0.8823063519721226,6.313000000000102,10.979357142857143,side,-0.09389311593408046,0.7322720198256679,T1low,T1low,T1low,T1low,0.9172406220797491,1499.355,IS,2019,12,2019-12
1555,-1,2113462,2114061,1509.058,1513.898,-4.909999999999918,4.789999999999964,sl,2019-12-27,2019-12-27 06:26:00+00:00,2019-12-27 16:25:00+00:00,-1.0250521920667965,4.789999999999964,10.529357142857148,side,-0.09093277047066299,0.6967846779312998,T1low,T1low,T1low,T1low,0.8840072886179361,1511.135,IS,2019,12,2019-12
1557,1,2116257,2117028,1524.118,1519.6380000000001,-4.549999999999791,9.312999999999874,time,2019-12-31,2019-12-31 07:09:00+00:00,2019-12-31 20:00:00+00:00,-0.488564372382675,9.312999999999874,10.375571428571448,side,-0.08435279185271598,0.6849353178467115,T1low,T1low,T1low,T1low,0.8764891197637573,1514.825,IS,2019,12,2019-12
1559,1,2117571,2118405,1521.185,1526.6580000000001,5.403000000000183,4.019999999999982,time,2020-01-02,2020-01-02 06:06:00+00:00,2020-01-02 20:00:00+00:00,1.3440298507463204,4.019999999999982,8.479357142857127,side,-0.07588989895262149,0.5584825736180709,T1low,T1low,T1low,T1low,0.7332299988665927,1518.285,IS,2020,1,2020-01
1560,1,2118900,2119784,1541.018,1547.7250000000001,6.637000000000107,12.240000000000009,time,2020-01-03,2020-01-03 05:16:00+00:00,2020-01-03 20:00:00+00:00,0.5422385620915116,12.240000000000009,8.547428571428554,side,-0.06927661468961632,0.559120299453438,T1low,T1low,T1low,T1low,0.7500836811166489,1528.728,IS,2020,1,2020-01
1578,1,2143614,2144372,1569.2749999999999,1576.528,7.183000000000156,5.889999999999873,time,2020-01-29,2020-01-29 07:22:00+00:00,2020-01-29 20:00:00+00:00,1.2195246179966572,5.889999999999873,15.203714285714309,side,0.08588546526898577,0.9693866165332051,T1low,T2mid,T2mid,T2mid,0.8806301255832566,1568.385,IS,2020,1,2020-01
1579,1,2144980,2145427,1580.815,1575.958,-4.926999999999971,4.807000000000016,sl,2020-01-30,2020-01-30 07:08:00+00:00,2020-01-30 14:35:00+00:00,-1.0249635947576357,4.807000000000016,14.734642857142878,side,0.09302974023608272,0.9343493706158155,T1low,T2mid,T1low,T2mid,0.838274418905176,1576.995,IS,2020,1,2020-01
1580,1,2146389,2147132,1575.5349999999999,1586.708,11.103000000000229,4.579999999999927,time,2020-01-31,2020-01-31 07:37:00+00:00,2020-01-31 20:00:00+00:00,2.4242358078603505,4.579999999999927,14.476785714285727,side,0.09983945799838437,0.9191113948952423,T1low,T2mid,T1low,T2mid,0.809943674596663,1575.085,IS,2020,1,2020-01
1581,-1,2147636,2148510,1579.458,1578.1205,1.2675000000000909,10.507000000000062,time,2020-02-03,2020-02-03 05:25:00+00:00,2020-02-03 20:00:00+00:00,0.12063386313886774,10.507000000000062,14.66935714285715,bull,0.10699259358362119,0.9229929147818823,T1low,T2mid,T1low,T2mid,0.8097700287185641,1589.325,IS,2020,2,2020-02
1582,-1,2149026,2149889,1573.718,1552.9505000000001,20.697499999999927,5.777000000000044,time,2020-02-04,2020-02-04 05:37:00+00:00,2020-02-04 20:00:00+00:00,3.58274190756444,5.777000000000044,15.147214285714297,bull,0.11402520457229737,0.9594586951948122,T1low,T2mid,T2mid,T2mid,0.8276226236598431,1578.725,IS,2020,2,2020-02
1583,1,2150377,2150642,1558.145,1552.025,-6.189999999999891,6.069999999999936,sl,2020-02-05,2020-02-05 05:08:00+00:00,2020-02-05 09:33:00+00:00,-1.0197693574958742,6.069999999999936,16.48435714285717,bull,0.11875567943378776,1.0607571561498754,T2mid,T2mid,T2mid,T2mid,0.8942750447658728,1554.018,IS,2020,2,2020-02
1584,-1,2151753,2151859,1552.7350000000001,1558.065,-5.3999999999999275,5.279999999999973,sl,2020-02-06,2020-02-06 05:04:00+00:00,2020-02-06 06:50:00+00:00,-1.0227272727272643,5.279999999999973,16.83314285714287,bull,0.12275878650516675,1.0818180441028704,T2mid,T2mid,T2mid,T2mid,0.9148068994818352,1556.005,IS,2020,2,2020-02
1586,1,2154727,2155409,1575.008,1574.795,-0.28299999999996545,7.053000000000111,time,2020-02-10,2020-02-10 08:38:00+00:00,2020-02-10 20:00:00+00:00,-0.04012476960158245,7.053000000000111,17.68500000000004,bull,0.13554673967367736,1.1262910792142165,T2mid,T2mid,T3high,T3high,0.969277819710178,1570.198,IS,2020,2,2020-02
1587,-1,2156007,2156395,1566.788,1572.245,-5.52699999999988,5.406999999999925,sl,2020-02-11,2020-02-11 06:58:00+00:00,2020-02-11 13:26:00+00:00,-1.0221934529313772,5.406999999999925,16.73878571428577,bull,0.1436593590205281,1.064879378984332,T2mid,T2mid,T2mid,T3high,0.9239787433198331,1571.895,IS,2020,2,2020-02
1589,1,2158679,2159546,1574.278,1575.868,1.519999999999918,5.210000000000036,time,2020-02-13,2020-02-13 05:33:00+00:00,2020-02-13 20:00:00+00:00,0.2917466410748383,5.210000000000036,16.183428571428635,bull,0.15807933427805132,1.030976810575443,T1low,T2mid,T2mid,T3high,0.9116265295841686,1569.718,IS,2020,2,2020-02
1593,1,2163996,2164821,1604.788,1606.448,1.5900000000000818,5.283000000000129,time,2020-02-19,2020-02-19 06:15:00+00:00,2020-02-19 20:00:00+00:00,0.30096536059058165,5.283000000000129,14.92771428571434,bull,0.1800538668226,0.9325129722679739,T1low,T2mid,T2mid,T3high,0.8972453415695756,1600.805,IS,2020,2,2020-02
1594,-1,2165440,2165661,1605.8880000000001,1611.968,-6.1499999999999275,6.029999999999973,sl,2020-02-20,2020-02-20 07:19:00+00:00,2020-02-20 11:00:00+00:00,-1.0199004975124304,6.029999999999973,14.90628571428577,bull,0.1883913178121842,0.925686642154746,T1low,T2mid,T2mid,T3high,0.9139978031257298,1610.295,IS,2020,2,2020-02
1595,1,2166690,2167581,1626.5249999999999,1644.005,17.410000000000245,7.579999999999927,time,2020-02-21,2020-02-21 05:09:00+00:00,2020-02-21 20:00:00+00:00,2.2968337730871258,7.579999999999927,14.924142857142897,bull,0.19836751330390637,0.9200875971938272,T1low,T2mid,T2mid,T3high,0.9320251667939107,1622.035,IS,2020,2,2020-02
1596,1,2168186,2168930,1667.848,1658.428,-9.489999999999846,9.36999999999989,sl,2020-02-24,2020-02-24 07:05:00+00:00,2020-02-24 19:29:00+00:00,-1.0128068303094937,9.36999999999989,15.598642857142895,bull,0.20979032692716415,0.949314538747751,T1low,T2mid,T2mid,T3high,0.9883440831892442,1643.148,IS,2020,2,2020-02
1627,-1,2210900,2211645,1655.95,1645.7435,10.136500000000005,18.827999999999975,time,2020-04-07,2020-04-07 06:35:00+00:00,2020-04-07 19:00:00+00:00,0.5383736987465487,18.827999999999975,45.625,bull,0.2789726955425878,2.7400460507903945,T3high,T3high,T3high,T3high,0.8258113394401353,1665.118,IS,2020,4,2020-04
1631,-1,2216308,2216505,1713.778,1725.548,-11.839999999999982,11.720000000000027,sl,2020-04-14,2020-04-14 04:46:00+00:00,2020-04-14 08:03:00+00:00,-1.0102389078498255,11.720000000000027,38.40500000000002,bull,0.28969983389164317,2.238043179285879,T3high,T3high,T3high,T3high,0.6999747112378119,1716.008,IS,2020,4,2020-04
1632,-1,2217781,2218542,1719.595,1718.3235,1.20150000000006,11.353000000000065,time,2020-04-15,2020-04-15 06:19:00+00:00,2020-04-15 19:00:00+00:00,0.10583105787017115,11.353000000000065,35.313928571428605,bull,0.2943549990300281,2.047174770866489,T3high,T3high,T3high,T3high,0.6543485367671101,1725.008,IS,2020,4,2020-04
1634,-1,2220422,2221302,1703.65,1683.7135,19.866500000000023,14.827999999999975,time,2020-04-17,2020-04-17 04:20:00+00:00,2020-04-17 19:00:00+00:00,1.339796331265178,14.827999999999975,33.4406428571429,bull,0.3008740654729597,1.9571520039436616,T3high,T3high,T3high,T3high,0.6497897516152313,1708.638,IS,2020,4,2020-04
1635,1,2221789,2222682,1683.088,1689.358,6.1999999999999815,11.440000000000055,time,2020-04-20,2020-04-20 04:07:00+00:00,2020-04-20 19:00:00+00:00,0.5419580419580378,11.440000000000055,34.95085714285718,bull,0.3004816566421147,2.0779369025918686,T3high,T3high,T3high,T3high,0.6943253385710835,1681.998,IS,2020,4,2020-04
1638,1,2226164,2226822,1719.6979999999999,1729.068,9.300000000000118,12.319999999999936,time,2020-04-23,2020-04-23 08:02:00+00:00,2020-04-23 19:00:00+00:00,0.7548701298701433,12.319999999999936,35.63007142857149,bull,0.30409409048945457,2.081137411367642,T3high,T3high,T3high,T3high,0.7663305022187786,1712.048,IS,2020,4,2020-04
1641,-1,2230125,2230383,1695.585,1712.102,-16.587000000000053,16.4670000000001,sl,2020-04-28,2020-04-28 05:04:00+00:00,2020-04-28 09:22:00+00:00,-1.0072873018764774,16.4670000000001,33.05850000000006,bull,0.311527189165799,1.9310976913398115,T3high,T3high,T3high,T3high,0.7848748546544544,1711.902,IS,2020,4,2020-04
1649,1,2241398,2241625,1720.618,1711.128,-9.56000000000001,9.440000000000055,sl,2020-05-08,2020-05-08 08:57:00+00:00,2020-05-08 12:44:00+00:00,-1.0127118644067747,9.440000000000055,29.350285714285715,bull,0.2966575451342997,1.7120977172030438,T3high,T3high,T2mid,T3high,0.8681856986550216,1714.288,IS,2020,5,2020-05
1650,-1,2242571,2243381,1702.348,1697.8635000000002,4.414499999999798,9.660000000000082,time,2020-05-11,2020-05-11 05:30:00+00:00,2020-05-11 19:00:00+00:00,0.45698757763972675,9.660000000000082,28.783357142857135,bull,0.2936016180138529,1.6917374987573313,T3high,T3high,T2mid,T3high,0.8673057705523629,1701.408,IS,2020,5,2020-05
1651,1,2243927,2244761,1702.248,1702.195,-0.12300000000011097,8.593000000000075,time,2020-05-12,2020-05-12 05:06:00+00:00,2020-05-12 19:00:00+00:00,-0.01431397649250668,8.593000000000075,27.47871428571427,bull,0.2896931669819159,1.6190063199415923,T3high,T3high,T2mid,T3high,0.841852293001588,1697.258,IS,2020,5,2020-05
1653,-1,2246644,2246807,1711.868,1719.568,-7.770000000000046,7.650000000000091,sl,2020-05-14,2020-05-14 04:24:00+00:00,2020-05-14 07:07:00+00:00,-1.0156862745097979,7.650000000000091,25.04199999999998,bull,0.28583601478332205,1.4586286956450818,T3high,T3high,T1low,T3high,0.7897987667588755,1716.818,IS,2020,5,2020-05
1655,1,2249480,2249933,1763.5349999999999,1745.698,-17.906999999999762,17.786999999999807,sl,2020-05-18,2020-05-18 05:40:00+00:00,2020-05-18 13:13:00+00:00,-1.0067465002529914,17.786999999999807,25.119642857142804,bull,0.28743906594669966,1.4423081655291947,T3high,T3high,T1low,T3high,0.8157138484865577,1741.628,IS,2020,5,2020-05
1658,-1,2253651,2254419,1737.555,1725.0435,12.441500000000069,10.932999999999993,time,2020-05-21,2020-05-21 06:12:00+00:00,2020-05-21 19:00:00+00:00,1.1379767675843846,10.932999999999993,24.217285714285676,bull,0.2907764081456965,1.386429201991694,T3high,T3high,T1low,T3high,0.8262098820006506,1746.738,IS,2020,5,2020-05
1661,1,2257419,2257708,1735.375,1725.585,-9.859999999999964,9.740000000000009,sl,2020-05-26,2020-05-26 04:00:00+00:00,2020-05-26 08:49:00+00:00,-1.0123203285420899,9.740000000000009,22.962999999999948,bull,0.2928623485868053,1.3299871767991547,T2mid,T2mid,T1low,T3high,0.8306278283136947,1726.558,IS,2020,5,2020-05
1662,-1,2258801,2259699,1707.3880000000001,1713.8135,-6.495499999999829,8.45699999999988,time,2020-05-27,2020-05-27 04:02:00+00:00,2020-05-27 19:00:00+00:00,-0.7680619605060803,8.45699999999988,22.987571428571382,bull,0.29431652041726153,1.3435497205993006,T2mid,T2mid,T1low,T3high,0.8458514312868245,1710.958,IS,2020,5,2020-05
1664,1,2261649,2262459,1722.508,1730.905,8.326999999999934,10.029999999999973,time,2020-05-29,2020-05-29 05:30:00+00:00,2020-05-29 19:00:00+00:00,0.8302093718843426,10.029999999999973,21.62021428571427,bull,0.2995529671273071,1.2575609542079171,T2mid,T2mid,T1low,T3high,0.8281308908803086,1719.218,IS,2020,5,2020-05
1665,1,2262952,2263364,1740.555,1731.628,-8.997000000000135,8.87700000000018,sl,2020-06-01,2020-06-01 04:13:00+00:00,2020-06-01 11:05:00+00:00,-1.0135180804325732,8.87700000000018,21.985357142857115,bull,0.30068940593717675,1.2717892481239963,T2mid,T2mid,T1low,T3high,0.8579650372174162,1728.695,IS,2020,6,2020-06
1666,-1,2264360,2264876,1736.315,1743.125,-6.879999999999946,6.759999999999991,sl,2020-06-02,2020-06-02 04:41:00+00:00,2020-06-02 13:17:00+00:00,-1.0177514792899343,6.759999999999991,21.97671428571425,bull,0.3033679202357267,1.263074562755354,T2mid,T2mid,T1low,T3high,0.871835697930582,1739.938,IS,2020,6,2020-06
1667,-1,2265931,2266599,1720.405,1697.3905,22.944499999999998,11.452999999999975,time,2020-06-03,2020-06-03 07:52:00+00:00,2020-06-03 19:00:00+00:00,2.003361564655553,11.452999999999975,22.342642857142827,bull,0.30328098343812376,1.2910359804612526,T2mid,T2mid,T1low,T3high,0.90039850500175,1730.598,IS,2020,6,2020-06
1668,1,2267089,2267979,1705.248,1716.618,11.29999999999989,7.940000000000055,time,2020-06-04,2020-06-04 04:10:00+00:00,2020-06-04 19:00:00+00:00,1.4231738035264248,7.940000000000055,23.56714285714283,bull,0.3005206858312111,1.3871037774257147,T3high,T3high,T1low,T3high,0.9611800543340281,1699.018,IS,2020,6,2020-06
1669,-1,2268801,2269359,1706.875,1682.9235,23.881499999999896,9.063000000000102,time,2020-06-05,2020-06-05 09:42:00+00:00,2020-06-05 19:00:00+00:00,2.635054617676225,9.063000000000102,23.68392857142856,bull,0.2994554177098394,1.381834721440123,T3high,T3high,T1low,T3high,0.9772351297129884,1713.948,IS,2020,6,2020-06
1685,1,2290607,2290782,1774.955,1767.478,-7.546999999999862,7.426999999999907,sl,2020-06-29,2020-06-29 05:10:00+00:00,2020-06-29 08:05:00+00:00,-1.0161572640366172,7.426999999999907,22.86985714285715,bull,0.28797318609174477,1.2914271258343026,T2mid,T2mid,T1low,T3high,0.9170189737445906,1770.898,IS,2020,6,2020-06
1690,1,2297356,2298096,1776.818,1785.208,8.3200000000001,6.9500000000000455,time,2020-07-06,2020-07-06 06:40:00+00:00,2020-07-06 19:00:00+00:00,1.19712230215828,6.9500000000000455,19.481071428571422,bull,0.2862696041472226,1.0976376974186324,T2mid,T2mid,T1low,T3high,0.7996784104421605,1774.818,IS,2020,7,2020-07
1696,1,2305617,2305849,1802.4679999999998,1795.738,-6.799999999999791,6.679999999999836,sl,2020-07-14,2020-07-14 06:26:00+00:00,2020-07-14 10:18:00+00:00,-1.017964071856281,6.679999999999836,19.352428571428568,bull,0.30503830640725577,1.0737223791938477,T2mid,T2mid,T1low,T3high,0.857623279350048,1802.368,IS,2020,7,2020-07
1703,1,2315301,2316028,1876.465,1888.728,12.193000000000147,12.505999999999858,time,2020-07-23,2020-07-23 06:53:00+00:00,2020-07-23 19:00:00+00:00,0.9749720134335748,12.505999999999858,19.094928571428568,bull,0.34049176084856414,1.021775952854646,T1low,T2mid,T1low,T3high,0.9533218932851768,1868.798,IS,2020,7,2020-07
1731,1,2353786,2354351,1989.465,1965.135,-24.399999999999928,24.279999999999973,sl,2020-09-01,2020-09-01 05:20:00+00:00,2020-09-01 14:45:00+00:00,-1.0049423393739685,24.279999999999973,48.663642857142854,bull,0.45583230099073146,2.475528533959046,T3high,T3high,T3high,T3high,0.9876301781323928,1965.788,IS,2020,9,2020-09
1732,-1,2355295,2355986,1958.6280000000002,1941.6235000000001,16.934500000000007,14.439999999999827,time,2020-09-02,2020-09-02 07:29:00+00:00,2020-09-02 19:00:00+00:00,1.172749307479239,14.439999999999827,44.51742857142857,bull,0.4629323617342111,2.2583945687560845,T3high,T3high,T3high,T3high,0.8939068955272021,1971.198,IS,2020,9,2020-09
1741,1,2367322,2367853,1967.008,1954.988,-12.089999999999982,11.970000000000027,sl,2020-09-15,2020-09-15 05:00:00+00:00,2020-09-15 13:51:00+00:00,-1.0100250626566378,11.970000000000027,33.6226428571428,bull,0.4728434767432303,1.7180285234262418,T3high,T3high,T3high,T3high,0.7246501864863846,1957.048,IS,2020,9,2020-09
1742,1,2368644,2369542,1960.098,1958.1680000000001,-1.9999999999998364,10.25,time,2020-09-16,2020-09-16 04:02:00+00:00,2020-09-16 19:00:00+00:00,-0.19512195121949624,10.25,31.587642857142814,bull,0.4729811989464769,1.6160437104729297,T3high,T3high,T2mid,T3high,0.6955686473093221,1954.628,IS,2020,9,2020-09
1743,-1,2370352,2370922,1937.528,1944.8105,-7.352500000000028,23.287000000000035,time,2020-09-17,2020-09-17 09:30:00+00:00,2020-09-17 19:00:00+00:00,-0.3157341005711348,23.287000000000035,28.50692857142854,bull,0.4737803479627264,1.455030505922757,T3high,T3high,T2mid,T3high,0.6465070295816038,1959.198,IS,2020,9,2020-09
1744,1,2371588,2371993,1955.485,1945.768,-9.786999999999871,9.666999999999916,sl,2020-09-18,2020-09-18 07:06:00+00:00,2020-09-18 13:51:00+00:00,-1.0124133650563727,9.666999999999916,26.913357142857112,bull,0.4710226964288478,1.3830602747304683,T3high,T3high,T1low,T3high,0.6304439998166158,1945.928,IS,2020,9,2020-09
1745,-1,2373025,2373682,1946.818,1908.7935,37.95449999999999,8.590000000000146,time,2020-09-21,2020-09-21 08:03:00+00:00,2020-09-21 19:00:00+00:00,4.418451688009237,8.590000000000146,26.38285714285712,bull,0.46901879751075803,1.3531627211143928,T2mid,T2mid,T1low,T3high,0.6405922807728313,1949.718,IS,2020,9,2020-09
1746,-1,2374302,2375062,1906.518,1904.7235,1.7244999999999708,13.319999999999936,time,2020-09-22,2020-09-22 06:20:00+00:00,2020-09-22 19:00:00+00:00,0.12946696696696539,13.319999999999936,29.518571428571413,bull,0.46401387565563523,1.542899674708989,T3high,T3high,T2mid,T3high,0.7395701434212376,1913.188,IS,2020,9,2020-09
1747,-1,2375542,2376442,1892.578,1863.4535,29.054499999999898,12.580000000000155,time,2020-09-23,2020-09-23 04:00:00+00:00,2020-09-23 19:00:00+00:00,2.3095786963433658,12.580000000000155,28.428571428571413,bull,0.45781541222036654,1.4973691449856634,T3high,T3high,T2mid,T3high,0.7351811131602591,1898.568,IS,2020,9,2020-09
1748,-1,2376978,2377622,1853.3980000000001,1868.798,-15.469999999999864,15.349999999999909,sl,2020-09-24,2020-09-24 04:56:00+00:00,2020-09-24 15:40:00+00:00,-1.0078175895765444,15.349999999999909,29.925928571428553,bull,0.44654074128582255,1.6102125237786737,T3high,T3high,T2mid,T3high,0.7989391287152163,1858.508,IS,2020,9,2020-09
1749,1,2378322,2378691,1870.638,1861.665,-9.042999999999957,8.923000000000002,sl,2020-09-25,2020-09-25 04:20:00+00:00,2020-09-25 10:29:00+00:00,-1.0134483917964758,8.923000000000002,29.70421428571428,bull,0.4380802959370998,1.590622883390913,T3high,T3high,T2mid,T3high,0.8205558960899,1867.458,IS,2020,9,2020-09
1752,-1,2382450,2382974,1887.568,1899.235,-11.736999999999917,11.616999999999962,sl,2020-09-30,2020-09-30 04:08:00+00:00,2020-09-30 12:52:00+00:00,-1.0103296892485112,11.616999999999962,29.613499999999995,bull,0.41044885643305795,1.5597151236037432,T3high,T3high,T2mid,T3high,0.8914146067297358,1898.648,IS,2020,9,2020-09
1754,-1,2385257,2385304,1891.018,1905.628,-14.6799999999999,14.559999999999945,sl,2020-10-02,2020-10-02 04:55:00+00:00,2020-10-02 05:42:00+00:00,-1.008241758241755,14.559999999999945,30.014714285714295,bull,0.39723692567021457,1.5751059151766975,T3high,T3high,T2mid,T3high,0.9429629978703981,1905.568,IS,2020,10,2020-10
1755,-1,2386629,2387074,1891.6280000000002,1904.158,-12.599999999999746,12.47999999999979,sl,2020-10-05,2020-10-05 04:47:00+00:00,2020-10-05 12:12:00+00:00,-1.0096153846153813,12.47999999999979,30.29185714285716,bull,0.391942426321895,1.5952587090233319,T3high,T3high,T2mid,T3high,0.9686038431385549,1898.868,IS,2020,10,2020-10
1760,-1,2393800,2394381,1921.305,1923.3505,-2.115499999999947,11.692999999999984,time,2020-10-12,2020-10-12 09:19:00+00:00,2020-10-12 19:00:00+00:00,-0.18092020867185069,11.692999999999984,29.84385714285715,bull,0.36003033119090866,1.546619960160879,T3high,T3high,T2mid,T3high,0.9913829922533306,1929.618,IS,2020,10,2020-10
1761,-1,2394868,2395148,1910.415,1925.355,-15.010000000000055,14.8900000000001,sl,2020-10-13,2020-10-13 04:07:00+00:00,2020-10-13 08:47:00+00:00,-1.0080591000671562,14.8900000000001,29.091000000000026,bull,0.35374550595433735,1.5121256980800992,T3high,T2mid,T2mid,T3high,0.9737027296377535,1923.848,IS,2020,10,2020-10
1762,1,2396256,2397141,1897.798,1902.565,4.6970000000000525,15.353000000000065,time,2020-10-14,2020-10-14 04:15:00+00:00,2020-10-14 19:00:00+00:00,0.3059336937406391,15.353000000000065,28.29364285714288,bull,0.3432489071893805,1.4954293458137007,T3high,T2mid,T2mid,T3high,0.9522639561033179,1892.008,IS,2020,10,2020-10
1766,1,2401912,2402661,1904.118,1910.325,6.137000000000107,9.450000000000045,time,2020-10-20,2020-10-20 06:31:00+00:00,2020-10-20 19:00:00+00:00,0.6494179894179977,9.450000000000045,26.735785714285726,bull,0.306158733245914,1.404745241517959,T3high,T2mid,T1low,T3high,0.901428795744439,1903.248,IS,2020,10,2020-10
1767,1,2403305,2404041,1920.395,1922.9080000000001,2.4430000000001475,10.279999999999973,time,2020-10-21,2020-10-21 06:44:00+00:00,2020-10-21 19:00:00+00:00,0.23764591439690214,10.279999999999973,26.627928571428583,bull,0.29739481543555857,1.3935355733214039,T3high,T2mid,T1low,T3high,0.900525846839031,1910.818,IS,2020,10,2020-10
1771,1,2408797,2408915,1910.268,1901.818,-8.520000000000046,8.400000000000091,sl,2020-10-27,2020-10-27 06:16:00+00:00,2020-10-27 08:14:00+00:00,-1.0142857142857087,8.400000000000091,23.213571428571413,bull,0.24686954190278962,1.2203872374058913,T2mid,T2mid,T1low,T3high,0.8104476651655875,1902.148,IS,2020,10,2020-10
1774,1,2413277,2413761,1878.0449999999998,1877.538,-0.5769999999998345,13.736999999999853,time,2020-10-30,2020-10-30 11:56:00+00:00,2020-10-30 20:00:00+00:00,-0.04200334862050235,13.736999999999853,23.28878571428569,bull,0.2071593533774899,1.2464927898372993,T2mid,T2mid,T1low,T3high,0.8413125996911025,1868.345,IS,2020,10,2020-10
1775,1,2414282,2415081,1885.578,1894.115,8.467000000000034,12.220000000000027,time,2020-11-02,2020-11-02 06:41:00+00:00,2020-11-02 20:00:00+00:00,0.6928805237315888,12.220000000000027,24.042357142857117,bull,0.19325768599315526,1.2799122006080113,T2mid,T2mid,T1low,T3high,0.8784517005936315,1878.438,IS,2020,11,2020-11
1776,-1,2415628,2415818,1890.538,1898.508,-8.040000000000028,7.920000000000073,sl,2020-11-03,2020-11-03 06:07:00+00:00,2020-11-03 09:17:00+00:00,-1.0151515151515094,7.920000000000073,22.878285714285685,bull,0.18016241150334397,1.207470714228411,T2mid,T2mid,T1low,T3high,0.8482856695270281,1894.728,IS,2020,11,2020-11
1778,1,2418366,2419221,1909.695,1949.555,39.79000000000013,7.287000000000035,time,2020-11-05,2020-11-05 05:45:00+00:00,2020-11-05 20:00:00+00:00,5.460408947440639,7.287000000000035,23.951357142857123,bull,0.15526591027618927,1.2574772153764278,T2mid,T2mid,T1low,T3high,0.9187594682621243,1904.715,IS,2020,11,2020-11
1796,1,2442776,2443623,1787.088,1813.4550000000002,26.29700000000019,10.288000000000011,time,2020-12-01,2020-12-01 05:53:00+00:00,2020-12-01 20:00:00+00:00,2.5560847589424727,10.288000000000011,25.412714285714305,bear,-0.10278942556831289,1.4287039472495358,T3high,T2mid,T1low,T1low,0.8218096545275556,1778.725,IS,2020,12,2020-12
1798,1,2445626,2446144,1837.2079999999999,1826.138,-11.139999999999937,11.019999999999982,sl,2020-12-03,2020-12-03 07:27:00+00:00,2020-12-03 16:05:00+00:00,-1.010889292196003,11.019999999999982,26.56135714285717,bear,-0.1334296881074088,1.4510557116205363,T3high,T2mid,T1low,T1low,0.8505579442728205,1830.485,IS,2020,12,2020-12
1801,-1,2449982,2450152,1860.95,1871.718,-10.83800000000003,10.718000000000075,sl,2020-12-08,2020-12-08 11:03:00+00:00,2020-12-08 13:53:00+00:00,-1.0111961186788536,10.718000000000075,27.432785714285746,bear,-0.1736460154257232,1.471798878922136,T3high,T2mid,T1low,T1low,0.8889509721639073,1863.895,IS,2020,12,2020-12
1802,-1,2451397,2451897,1855.488,1833.6905000000002,21.7274999999999,14.8900000000001,time,2020-12-09,2020-12-09 11:40:00+00:00,2020-12-09 20:00:00+00:00,1.4592008059099901,14.8900000000001,26.990642857142884,bear,-0.1824849957486064,1.4433537446433218,T3high,T2mid,T1low,T1low,0.884054641351791,1869.995,IS,2020,12,2020-12
1806,1,2456516,2457416,1836.1319999999998,1851.678,15.476000000000276,10.427000000000135,time,2020-12-15,2020-12-15 05:00:00+00:00,2020-12-15 20:00:00+00:00,1.4842236501390693,10.427000000000135,26.329357142857166,bear,-0.20983927175450232,1.4409138201324143,T3high,T2mid,T1low,T1low,0.8995420184134613,1827.268,IS,2020,12,2020-12
1810,1,2462036,2462323,1900.182,1882.9650000000001,-17.28699999999987,17.166999999999916,sl,2020-12-21,2020-12-21 05:00:00+00:00,2020-12-21 09:47:00+00:00,-1.006990155530958,17.166999999999916,26.76307142857143,bear,-0.20398864450594467,1.4229333642010333,T3high,T2mid,T1low,T1low,0.9534591819142438,1880.838,IS,2020,12,2020-12
1811,-1,2463459,2464315,1875.488,1865.0735,10.344500000000089,8.700000000000045,time,2020-12-22,2020-12-22 05:44:00+00:00,2020-12-22 20:00:00+00:00,1.189022988505751,8.700000000000045,27.56699999999999,bear,-0.20064186350705657,1.467129685067656,T3high,T2mid,T1low,T1low,0.9935880107695457,1878.975,IS,2020,12,2020-12
1816,-1,2470309,2470712,1877.438,1886.008,-8.639999999999937,8.519999999999982,sl,2020-12-30,2020-12-30 08:11:00+00:00,2020-12-30 14:54:00+00:00,-1.0140845070422482,8.519999999999982,26.1955714285714,bear,-0.15779428089297123,1.3943768066657904,T3high,T2mid,T1low,T1low,0.9655769441905897,1878.658,IS,2020,12,2020-12
1817,-1,2471511,2472054,1886.848,1899.808,-13.030000000000037,12.910000000000082,sl,2020-12-31,2020-12-31 05:13:00+00:00,2020-12-31 14:16:00+00:00,-1.009295120061964,12.910000000000082,24.356642857142837,bear,-0.15540404615419057,1.285325890703894,T2mid,T2mid,T1low,T1low,0.9010010697295332,1894.978,IS,2020,12,2020-12
1818,1,2472959,2473777,1925.195,1942.338,17.07300000000003,15.287000000000035,time,2021-01-04,2021-01-04 06:22:00+00:00,2021-01-04 20:00:00+00:00,1.116831294564008,15.287000000000035,23.93821428571427,bear,-0.153628861219521,1.2612881212841793,T2mid,T2mid,T1low,T1low,0.8898398521920862,1897.918,IS,2021,1,2021-01
1819,1,2474404,2475157,1943.965,1951.145,7.110000000000063,9.736999999999853,time,2021-01-05,2021-01-05 07:27:00+00:00,2021-01-05 20:00:00+00:00,0.7302043750642057,9.736999999999853,25.63621428571428,bear,-0.1450071280936868,1.3203191423927407,T2mid,T2mid,T1low,T1low,0.9542801314588965,1941.668,IS,2021,1,2021-01
1820,1,2475863,2476100,1955.228,1941.305,-13.993000000000002,13.873000000000047,sl,2021-01-06,2021-01-06 08:46:00+00:00,2021-01-06 12:43:00+00:00,-1.0086498954804264,13.873000000000047,25.50599999999999,bear,-0.13686326556634937,1.307927560935086,T2mid,T2mid,T1low,T1low,0.9490450786047053,1950.108,IS,2021,1,2021-01
1838,1,2500310,2501136,1863.815,1859.29,-4.595000000000091,14.873000000000047,time,2021-02-01,2021-02-01 06:14:00+00:00,2021-02-01 20:00:00+00:00,-0.30894910240032786,14.873000000000047,26.0725714285714,side,-0.0950130936172536,1.411580610172091,T3high,T2mid,T2mid,T1low,0.8497428360216033,1847.048,IS,2021,2,2021-02
1839,-1,2501748,2502516,1852.575,1837.0149999999999,15.490000000000173,11.349999999999909,time,2021-02-02,2021-02-02 07:12:00+00:00,2021-02-02 20:00:00+00:00,1.3647577092511274,11.349999999999909,25.887428571428536,side,-0.09144825510388888,1.3936066759490702,T3high,T2mid,T2mid,T1low,0.8433635130745257,1857.585,IS,2021,2,2021-02
1840,-1,2503162,2503896,1836.355,1833.433,2.8520000000000256,8.38000000000011,time,2021-02-03,2021-02-03 07:46:00+00:00,2021-02-03 20:00:00+00:00,0.34033412887828024,8.38000000000011,26.856999999999953,side,-0.08996496459048907,1.4625406722666168,T3high,T2mid,T2mid,T1low,0.8730290857223911,1836.325,IS,2021,2,2021-02
1841,-1,2504378,2505276,1820.948,1795.407,25.471000000000167,13.636999999999944,time,2021-02-04,2021-02-04 05:02:00+00:00,2021-02-04 20:00:00+00:00,1.8677861699787544,13.636999999999944,25.895785714285676,side,-0.08706787759454332,1.4118107491875684,T3high,T2mid,T2mid,T1low,0.8440487267189659,1834.225,IS,2021,2,2021-02
1843,-1,2507367,2507527,1808.2630000000001,1818.805,-10.611999999999917,10.491999999999962,sl,2021-02-08,2021-02-08 08:51:00+00:00,2021-02-08 11:31:00+00:00,-1.0114372855508917,10.491999999999962,26.524214285714265,side,-0.08547400445948422,1.462156143923108,T3high,T2mid,T2mid,T1low,0.8721698412890407,1814.048,IS,2021,2,2021-02
1844,1,2508686,2509416,1843.1879999999999,1837.345,-5.9129999999998475,13.329999999999927,time,2021-02-09,2021-02-09 07:50:00+00:00,2021-02-09 20:00:00+00:00,-0.4435858964741095,13.329999999999927,27.869285714285702,side,-0.08307633698466295,1.5225972839646076,T3high,T2mid,T2mid,T1low,0.9246284553891713,1830.378,IS,2021,2,2021-02
1845,1,2509932,2510796,1845.19,1842.9260000000002,-2.333999999999896,11.225000000000136,time,2021-02-10,2021-02-10 05:36:00+00:00,2021-02-10 20:00:00+00:00,-0.20792873051223767,11.225000000000136,26.353999999999992,side,-0.07973440008291999,1.4353756872826493,T3high,T2mid,T2mid,T1low,0.8819320295915117,1836.035,IS,2021,2,2021-02
1846,1,2511389,2511986,1842.075,1833.895,-8.250000000000064,8.13000000000011,sl,2021-02-11,2021-02-11 06:53:00+00:00,2021-02-11 16:50:00+00:00,-1.0147601476014703,8.13000000000011,26.677785714285715,side,-0.07861994654576235,1.448364385861841,T3high,T2mid,T2mid,T1low,0.8996123483921882,1841.925,IS,2021,2,2021-02
1847,-1,2512775,2513309,1819.078,1827.848,-8.839999999999982,8.720000000000027,sl,2021-02-12,2021-02-12 06:59:00+00:00,2021-02-12 15:53:00+00:00,-1.013761467889903,8.720000000000027,26.232000000000003,side,-0.07980769570960453,1.436059704434037,T3high,T2mid,T2mid,T1low,0.89289949568227,1826.665,IS,2021,2,2021-02
1849,-1,2515586,2516076,1817.945,1795.533,22.342000000000034,8.38000000000011,time,2021-02-16,2021-02-16 11:50:00+00:00,2021-02-16 20:00:00+00:00,2.6661097852028335,8.38000000000011,26.032214285714304,side,-0.08858307214212219,1.431446489499548,T3high,T2mid,T2mid,T1low,0.9077772346433953,1818.595,IS,2021,2,2021-02
1850,-1,2516739,2517456,1786.405,1772.193,14.141999999999989,8.560000000000173,time,2021-02-17,2021-02-17 08:03:00+00:00,2021-02-17 20:00:00+00:00,1.652102803738283,8.560000000000173,27.310928571428594,side,-0.09574976245674019,1.5272305039481615,T3high,T2mid,T2mid,T1low,0.9618264673398532,1788.265,IS,2021,2,2021-02
1851,1,2518161,2518521,1785.661,1776.915,-8.816000000000095,8.69600000000014,sl,2021-02-18,2021-02-18 08:45:00+00:00,2021-02-18 14:45:00+00:00,-1.0137994480220738,8.69600000000014,26.997142857142894,bear,-0.10208371807583398,1.518326899846908,T3high,T2mid,T2mid,T1low,0.9633667777629396,1778.085,IS,2021,2,2021-02
1852,1,2519366,2520216,1772.805,1780.026,7.151000000000003,12.315000000000055,time,2021-02-19,2021-02-19 05:50:00+00:00,2021-02-19 20:00:00+00:00,0.5806739748274439,12.315000000000055,25.929714285714308,bear,-0.10731662966292518,1.463759792040757,T3high,T1low,T2mid,T1low,0.9396551824552637,1771.446,IS,2021,2,2021-02
1853,1,2520747,2521596,1789.605,1807.9550000000002,18.280000000000136,9.009999999999991,time,2021-02-22,2021-02-22 05:51:00+00:00,2021-02-22 20:00:00+00:00,2.028856825749185,9.009999999999991,26.385214285714305,bear,-0.11213887728769507,1.4794910774664045,T3high,T2mid,T2mid,T1low,0.9685404547664169,1783.398,IS,2021,2,2021-02
1854,-1,2522337,2522976,1806.015,1803.953,1.9920000000001254,9.809999999999945,time,2021-02-23,2021-02-23 09:21:00+00:00,2021-02-23 20:00:00+00:00,0.20305810397554908,9.809999999999945,26.194642857142885,bear,-0.11318208925094926,1.4469500317423507,T3high,T2mid,T2mid,T1low,0.974735421362927,1810.335,IS,2021,2,2021-02
1855,-1,2523624,2524356,1804.9650000000001,1797.533,7.3620000000002435,8.72999999999979,time,2021-02-24,2021-02-24 07:48:00+00:00,2021-02-24 20:00:00+00:00,0.843298969072213,8.72999999999979,26.554142857142875,bear,-0.11499154923286652,1.4705692711236262,T3high,T2mid,T2mid,T1low,0.9951321884540391,1805.705,IS,2021,2,2021-02
1856,-1,2524943,2525735,1793.775,1773.473,20.232000000000134,10.279999999999973,time,2021-02-25,2021-02-25 06:48:00+00:00,2021-02-25 20:00:00+00:00,1.968093385214026,10.279999999999973,25.16507142857144,bear,-0.11579662303366245,1.3957603962678944,T3high,T1low,T1low,T1low,0.9524556191302164,1802.965,IS,2021,2,2021-02
1857,-1,2526246,2527115,1764.951,1727.473,37.408000000000065,10.604000000000042,time,2021-02-26,2021-02-26 05:31:00+00:00,2021-02-26 20:00:00+00:00,3.527725386646541,10.604000000000042,26.284071428571433,bear,-0.12214667319593293,1.4851645790324437,T3high,T2mid,T2mid,T1low,0.9947262696325423,1769.775,IS,2021,2,2021-02
1873,-1,2548429,2549255,1732.3880000000001,1739.7759999999998,-7.457999999999693,10.549999999999955,time,2021-03-22,2021-03-22 06:14:00+00:00,2021-03-22 20:00:00+00:00,-0.7069194312795948,10.549999999999955,27.120999999999963,bear,-0.21130557877358613,1.5543385192376664,T3high,T2mid,T2mid,T1low,0.8978409032464769,1744.858,IS,2021,3,2021-03
1874,1,2550043,2550271,1740.4679999999998,1730.918,-9.619999999999955,9.5,sl,2021-03-23,2021-03-23 10:08:00+00:00,2021-03-23 13:56:00+00:00,-1.0126315789473637,9.5,25.99528571428568,bear,-0.21585742907711833,1.4946708606084917,T3high,T2mid,T2mid,T1low,0.8608581947273747,1739.198,IS,2021,3,2021-03
1875,1,2551393,2552015,1734.359,1732.905,-1.523999999999951,10.684999999999945,time,2021-03-24,2021-03-24 09:38:00+00:00,2021-03-24 20:00:00+00:00,-0.14262985493682345,10.684999999999945,24.726071428571395,bear,-0.22041957519389319,1.4316981565953055,T3high,T1low,T1low,T1low,0.8213130212985238,1727.045,IS,2021,3,2021-03
1876,-1,2552628,2553004,1731.788,1739.049,-7.3309999999999675,7.211000000000013,sl,2021-03-25,2021-03-25 07:13:00+00:00,2021-03-25 13:29:00+00:00,-1.0166412425461038,7.211000000000013,23.429499999999962,bear,-0.2227641892365982,1.3507942932191308,T2mid,T1low,T1low,T1low,0.7804952450568702,1734.498,IS,2021,3,2021-03
1879,-1,2556615,2557412,1704.555,1681.9859999999999,22.499000000000187,9.712999999999965,time,2021-03-30,2021-03-30 05:43:00+00:00,2021-03-30 19:00:00+00:00,2.3163801091321186,9.712999999999965,21.115999999999936,bear,-0.2244821919747644,1.233729736298737,T2mid,T1low,T1low,T1low,0.7244555200572836,1711.558,IS,2021,3,2021-03
1880,1,2558043,2558792,1686.365,1707.665,21.229999999999954,8.527000000000044,time,2021-03-31,2021-03-31 06:31:00+00:00,2021-03-31 19:00:00+00:00,2.4897384777764566,8.527000000000044,22.31557142857137,bear,-0.2256403653507282,1.325681710787878,T2mid,T1low,T1low,T1low,0.7766827612713183,1683.328,IS,2021,3,2021-03
1881,1,2559370,2560172,1714.088,1726.518,12.360000000000063,8.400000000000091,time,2021-04-01,2021-04-01 05:38:00+00:00,2021-04-01 19:00:00+00:00,1.471428571428563,8.400000000000091,23.51914285714281,bear,-0.23055365918680212,1.3771457413578503,T3high,T1low,T1low,T1low,0.8297806550334872,1707.818,IS,2021,4,2021-04
1883,1,2562067,2562932,1735.388,1743.255,7.797000000000189,8.230000000000018,time,2021-04-06,2021-04-06 04:35:00+00:00,2021-04-06 19:00:00+00:00,0.9473876063183684,8.230000000000018,23.10364285714284,bear,-0.23602678411999728,1.337675917590319,T2mid,T1low,T1low,T1low,0.8430743590849684,1727.148,IS,2021,4,2021-04
1887,-1,2567640,2567893,1736.608,1743.308,-6.770000000000046,6.650000000000091,sl,2021-04-12,2021-04-12 05:28:00+00:00,2021-04-12 09:41:00+00:00,-1.0180451127819479,6.650000000000091,22.109357142857156,bear,-0.2342644717752534,1.2684453229011328,T2mid,T1low,T1low,T1low,0.876539649110587,1743.028,IS,2021,4,2021-04
1888,-1,2569022,2569450,1727.905,1736.278,-8.443000000000048,8.323000000000093,sl,2021-04-13,2021-04-13 05:30:00+00:00,2021-04-13 12:39:00+00:00,-1.014417878168924,8.323000000000093,22.10935714285717,bear,-0.2352988658425689,1.2761622096578544,T2mid,T1low,T1low,T1low,0.8953760267770191,1732.488,IS,2021,4,2021-04
1894,1,2577313,2578111,1784.658,1793.018,8.290000000000127,8.440000000000055,time,2021-04-21,2021-04-21 05:42:00+00:00,2021-04-21 19:00:00+00:00,0.9822274881516675,8.440000000000055,22.634500000000052,bear,-0.2419901972345639,1.272925538256661,T2mid,T1low,T1low,T1low,0.9875030072310687,1778.148,IS,2021,4,2021-04
1896,-1,2580061,2580425,1782.748,1789.595,-6.91699999999998,6.7970000000000255,sl,2021-04-23,2021-04-23 05:32:00+00:00,2021-04-23 11:36:00+00:00,-1.0176548477269316,6.7970000000000255,21.169000000000064,bear,-0.2474026795373196,1.1867707770380158,T2mid,T1low,T1low,T1low,0.9347868771019571,1783.748,IS,2021,4,2021-04
1897,1,2581439,2581841,1782.848,1773.738,-9.1799999999999,9.059999999999945,sl,2021-04-26,2021-04-26 05:30:00+00:00,2021-04-26 12:12:00+00:00,-1.013245033112578,9.059999999999945,22.147071428571476,bear,-0.2487132453222701,1.2464456927255056,T2mid,T1low,T1low,T1low,0.9812610064271459,1776.818,IS,2021,4,2021-04
1899,-1,2584294,2584951,1766.275,1776.175,-9.969999999999864,9.849999999999909,sl,2021-04-28,2021-04-28 07:06:00+00:00,2021-04-28 18:03:00+00:00,-1.0121827411167468,9.849999999999909,21.80264285714291,bear,-0.2468677972906759,1.228063300518141,T2mid,T1low,T1low,T1low,0.9648868947921879,1775.368,IS,2021,4,2021-04
1900,-1,2585619,2586388,1782.278,1773.636,8.572000000000052,7.5470000000000255,time,2021-04-29,2021-04-29 06:11:00+00:00,2021-04-29 19:00:00+00:00,1.1358155558500098,7.5470000000000255,21.44642857142862,bear,-0.24516809935067665,1.2030118207280425,T2mid,T1low,T1low,T1low,0.9509513393211342,1782.728,IS,2021,4,2021-04
1902,1,2588385,2589148,1775.628,1792.028,16.33000000000009,8.343000000000075,time,2021-05-03,2021-05-03 06:17:00+00:00,2021-05-03 19:00:00+00:00,1.9573294977825655,8.343000000000075,21.42050000000003,bear,-0.23881606271361688,1.2112735152350012,T2mid,T1low,T1low,T1low,0.9566750035091299,1768.428,IS,2021,5,2021-05
1905,1,2592388,2593288,1790.115,1813.828,23.642999999999965,8.187000000000126,time,2021-05-06,2021-05-06 04:00:00+00:00,2021-05-06 19:00:00+00:00,2.88787101502377,8.187000000000126,21.355000000000018,bear,-0.23196904463811863,1.1959109980130695,T2mid,T1low,T1low,T1low,0.9601476270733553,1785.668,IS,2021,5,2021-05
1906,1,2594039,2594668,1822.2079999999999,1830.625,8.347000000000143,9.409999999999854,time,2021-05-07,2021-05-07 08:31:00+00:00,2021-05-07 19:00:00+00:00,0.8870350690754806,9.409999999999854,22.207857142857165,bear,-0.22790984141201523,1.224276259034507,T2mid,T1low,T1low,T1low,0.9970039535755495,1813.958,IS,2021,5,2021-05
1923,1,2617112,2617257,1914.435,1906.058,-8.446999999999953,8.326999999999998,sl,2021-06-01,2021-06-01 06:07:00+00:00,2021-06-01 08:32:00+00:00,-1.0144109523237606,8.326999999999998,21.447071428571398,side,0.00550703653590037,1.1243561685816392,T2mid,T1low,T1low,T2mid,0.923405892460035,1907.498,IS,2021,6,2021-06
1926,1,2621289,2622025,1872.078,1891.415,19.26699999999999,16.712999999999965,time,2021-06-04,2021-06-04 06:44:00+00:00,2021-06-04 19:00:00+00:00,1.152815173816791,16.712999999999965,21.912357142857104,side,0.0444972612163229,1.1707895724303161,T2mid,T1low,T1low,T2mid,0.9488318721747873,1871.588,IS,2021,6,2021-06
1948,1,2651243,2651982,1799.728,1790.708,-9.089999999999982,8.970000000000027,sl,2021-07-06,2021-07-06 04:00:00+00:00,2021-07-06 16:19:00+00:00,-1.0133779264213996,8.970000000000027,25.92799999999998,bull,0.17266243764480868,1.4470946482948293,T3high,T2mid,T2mid,T3high,0.9657101491456465,1791.728,IS,2021,7,2021-07
1949,1,2652774,2653523,1802.848,1803.838,0.920000000000009,9.051999999999907,time,2021-07-07,2021-07-07 06:31:00+00:00,2021-07-07 19:00:00+00:00,0.10163499779054556,9.051999999999907,23.450857142857103,bull,0.1757004421199923,1.3062230280572635,T2mid,T1low,T2mid,T3high,0.8714237729146803,1795.318,IS,2021,7,2021-07
1950,-1,2654039,2654210,1796.218,1805.408,-9.259999999999827,9.139999999999873,sl,2021-07-08,2021-07-08 04:36:00+00:00,2021-07-08 07:27:00+00:00,-1.013129102844634,9.139999999999873,20.436714285714224,bull,0.177025396743334,1.1321413811971288,T2mid,T1low,T1low,T3high,0.7610761958000792,1805.138,IS,2021,7,2021-07
1951,-1,2655528,2655988,1799.1680000000001,1807.648,-8.549999999999791,8.429999999999836,sl,2021-07-09,2021-07-09 06:25:00+00:00,2021-07-09 14:05:00+00:00,-1.0142348754448347,8.429999999999836,19.566428571428528,bull,0.17726581834027683,1.0852644752245266,T2mid,T1low,T1low,T3high,0.7325092459470711,1802.918,IS,2021,7,2021-07
1952,-1,2656777,2657663,1802.1580000000001,1806.7459999999999,-4.657999999999738,8.5,time,2021-07-12,2021-07-12 04:14:00+00:00,2021-07-12 19:00:00+00:00,-0.5479999999999692,8.5,18.944285714285684,bull,0.17730094459486956,1.0478973068541364,T1low,T1low,T1low,T3high,0.7154266535946595,1807.838,IS,2021,7,2021-07
1953,-1,2658259,2658311,1806.208,1812.598,-6.459999999999873,6.339999999999918,sl,2021-07-13,2021-07-13 05:56:00+00:00,2021-07-13 06:48:00+00:00,-1.018927444794946,6.339999999999918,19.056142857142845,bull,0.1782162487429318,1.0546855480572837,T1low,T1low,T1low,T3high,0.7263523884239818,1806.808,IS,2021,7,2021-07
1954,1,2659533,2660423,1813.465,1825.028,11.493000000000102,8.96699999999987,time,2021-07-14,2021-07-14 04:10:00+00:00,2021-07-14 19:00:00+00:00,1.2816995650719603,8.96699999999987,18.836357142857132,bull,0.1814413482142534,1.0421059669812656,T1low,T1low,T1low,T3high,0.7245849577779495,1807.528,IS,2021,7,2021-07
1956,-1,2662357,2663183,1825.478,1813.576,11.832000000000043,6.420000000000073,time,2021-07-16,2021-07-16 05:14:00+00:00,2021-07-16 19:00:00+00:00,1.8429906542055934,6.420000000000073,19.35964285714285,bull,0.19022419382718803,1.0580207682565423,T2mid,T1low,T1low,T3high,0.7700753823491684,1829.798,IS,2021,7,2021-07
1957,-1,2663765,2664563,1810.968,1807.806,3.0920000000000347,6.160000000000082,time,2021-07-19,2021-07-19 05:42:00+00:00,2021-07-19 19:00:00+00:00,0.5019480519480509,6.160000000000082,19.922499999999996,bull,0.19024703070015225,1.0997500480252247,T2mid,T1low,T1low,T3high,0.8107037367101447,1811.548,IS,2021,7,2021-07
1958,1,2665426,2665688,1819.088,1810.658,-8.500000000000064,8.38000000000011,sl,2021-07-20,2021-07-20 10:23:00+00:00,2021-07-20 14:45:00+00:00,-1.014319809069207,8.38000000000011,19.492714285714296,bull,0.18704107566219647,1.0757936687521479,T2mid,T1low,T1low,T3high,0.8126564501691147,1811.938,IS,2021,7,2021-07
1960,-1,2667852,2668318,1797.1680000000001,1803.738,-6.639999999999937,6.519999999999982,sl,2021-07-22,2021-07-22 04:49:00+00:00,2021-07-22 12:35:00+00:00,-1.0184049079754531,6.519999999999982,19.54985714285713,bull,0.17886768476072198,1.0839304961420182,T2mid,T1low,T1low,T3high,0.854866394525442,1803.608,IS,2021,7,2021-07
1961,-1,2669302,2669412,1802.108,1808.448,-6.410000000000146,6.290000000000191,sl,2021-07-23,2021-07-23 05:59:00+00:00,2021-07-23 07:49:00+00:00,-1.0190779014308349,6.290000000000191,19.156285714285705,bull,0.17286698857872346,1.0598937086921334,T2mid,T1low,T1low,T3high,0.8541922266940329,1807.378,IS,2021,7,2021-07
1962,1,2670563,2671168,1807.238,1798.278,-9.030000000000037,8.910000000000082,sl,2021-07-26,2021-07-26 04:00:00+00:00,2021-07-26 14:05:00+00:00,-1.0134680134680083,8.910000000000082,19.872071428571434,bull,0.1647766732211608,1.102963506013296,T2mid,T1low,T1low,T3high,0.9022034357532445,1801.698,IS,2021,7,2021-07
1965,1,2674793,2675603,1817.4579999999999,1831.1480000000001,13.620000000000282,9.169999999999845,time,2021-07-29,2021-07-29 05:30:00+00:00,2021-07-29 19:00:00+00:00,1.4852780806979837,9.169999999999845,18.37492857142859,bull,0.14094950356411076,1.0159876196342426,T1low,T1low,T1low,T3high,0.8906514643094072,1808.578,IS,2021,7,2021-07
1967,-1,2677608,2678205,1808.298,1816.758,-8.530000000000037,8.410000000000082,sl,2021-08-02,2021-08-02 06:25:00+00:00,2021-08-02 16:22:00+00:00,-1.0142687277051075,8.410000000000082,19.11700000000001,bull,0.13183203184025918,1.0542087285857826,T1low,T1low,T1low,T2mid,0.9629321943371734,1813.398,IS,2021,8,2021-08
1969,1,2680379,2680890,1814.748,1808.845,-5.97300000000002,5.8530000000000655,sl,2021-08-04,2021-08-04 06:38:00+00:00,2021-08-04 15:09:00+00:00,-1.0205023065094743,5.8530000000000655,17.537500000000005,bull,0.12124657560697033,0.9686026384653028,T1low,T1low,T1low,T2mid,0.9134286191016615,1810.598,IS,2021,8,2021-08
1987,-1,2705183,2705952,1813.208,1811.206,1.93200000000018,9.820999999999913,time,2021-08-30,2021-08-30 06:11:00+00:00,2021-08-30 19:00:00+00:00,0.19672131147542993,9.820999999999913,20.43942857142851,side,-0.032673783193888105,1.1254212778529462,T2mid,T1low,T1low,T2mid,0.8838847909093462,1816.158,IS,2021,8,2021-08
1988,1,2706432,2706967,1816.152,1809.962,-6.260000000000055,6.1400000000001,sl,2021-08-31,2021-08-31 04:00:00+00:00,2021-08-31 12:55:00+00:00,-1.0195439739413603,6.1400000000001,20.075214285714228,side,-0.03952949826896346,1.1091229588882605,T2mid,T1low,T1low,T2mid,0.8657028990495836,1810.008,IS,2021,8,2021-08
1994,-1,2714615,2714685,1794.508,1800.948,-6.510000000000055,6.3900000000001,sl,2021-09-08,2021-09-08 06:24:00+00:00,2021-09-08 07:34:00+00:00,-1.0187793427229974,6.3900000000001,18.86314285714281,side,-0.06606365273262979,1.050819951843186,T1low,T1low,T1low,T1low,0.8328564591679284,1795.088,IS,2021,9,2021-09
1996,1,2717324,2717759,1799.888,1792.562,-7.396000000000022,7.276000000000067,sl,2021-09-10,2021-09-10 05:33:00+00:00,2021-09-10 12:48:00+00:00,-1.0164925783397407,7.276000000000067,19.502928571428534,side,-0.07423739679828796,1.0864427057958603,T2mid,T1low,T1low,T1low,0.8824599288417481,1795.118,IS,2021,9,2021-09
1997,1,2718611,2719511,1792.648,1792.404,-0.3139999999999145,8.920000000000073,time,2021-09-13,2021-09-13 04:00:00+00:00,2021-09-13 19:00:00+00:00,-0.03520179372196322,8.920000000000073,18.55907142857138,side,-0.07981802272423777,1.038532340965177,T1low,T1low,T1low,T1low,0.8531850079645307,1787.048,IS,2021,9,2021-09
2018,1,2747654,2748491,1758.9379999999999,1759.188,0.18000000000022737,8.230000000000018,time,2021-10-12,2021-10-12 05:03:00+00:00,2021-10-12 19:00:00+00:00,0.02187120291618797,8.230000000000018,22.699500000000025,bear,-0.15040727427846096,1.2945119468405815,T2mid,T2mid,T2mid,T1low,0.9764479739640932,1753.518,IS,2021,10,2021-10
2020,1,2750513,2751251,1793.788,1798.6680000000001,4.810000000000109,7.1400000000001,time,2021-10-14,2021-10-14 06:42:00+00:00,2021-10-14 19:00:00+00:00,0.6736694677871207,7.1400000000001,22.37335714285718,bear,-0.13873089364314406,1.2478530968470463,T2mid,T2mid,T2mid,T1low,0.9505606899043365,1792.948,IS,2021,10,2021-10
2023,1,2754486,2755386,1775.079,1770.474,-4.6750000000000185,12.049999999999955,time,2021-10-19,2021-10-19 04:00:00+00:00,2021-10-19 19:00:00+00:00,-0.3879668049792561,12.049999999999955,22.215142857142887,bear,-0.11901779003564504,1.259677473445324,T2mid,T1low,T2mid,T1low,0.9342554369090267,1763.558,IS,2021,10,2021-10
2024,1,2755866,2756766,1774.568,1786.248,11.610000000000063,7.774000000000115,time,2021-10-20,2021-10-20 04:00:00+00:00,2021-10-20 19:00:00+00:00,1.493439670697182,7.774000000000115,22.09471428571432,bear,-0.1127715251603368,1.2490383657151534,T2mid,T1low,T2mid,T1low,0.9295714248579213,1768.938,IS,2021,10,2021-10
2025,-1,2757429,2758146,1781.068,1781.2859999999998,-0.2879999999998472,8.25,time,2021-10-21,2021-10-21 07:03:00+00:00,2021-10-21 19:00:00+00:00,-0.03490909090907239,8.25,20.640142857142887,bear,-0.10444973884394347,1.1582844745579237,T2mid,T1low,T2mid,T1low,0.8727889333932193,1781.958,IS,2021,10,2021-10
2027,1,2760007,2760906,1799.0639999999999,1808.008,8.874000000000187,6.849999999999909,time,2021-10-25,2021-10-25 04:01:00+00:00,2021-10-25 19:00:00+00:00,1.295474452554789,6.849999999999909,21.10900000000002,side,-0.09072991658164171,1.17820217143291,T2mid,T1low,T2mid,T1low,0.9062319507433441,1791.628,IS,2021,10,2021-10
2029,-1,2762836,2763257,1787.008,1794.288,-7.349999999999973,7.230000000000018,sl,2021-10-27,2021-10-27 05:11:00+00:00,2021-10-27 12:12:00+00:00,-1.0165975103734377,7.230000000000018,21.426928571428594,side,-0.07206242337697519,1.1957138185529395,T2mid,T1low,T2mid,T1low,0.9295634373429307,1791.978,IS,2021,10,2021-10
2030,1,2764293,2764780,1803.1779999999999,1794.014,-9.233999999999988,9.114000000000033,sl,2021-10-28,2021-10-28 06:28:00+00:00,2021-10-28 14:35:00+00:00,-1.0131665569453538,9.114000000000033,21.46935714285717,side,-0.06326997830953669,1.1950072661543532,T2mid,T1low,T2mid,T2mid,0.9372124033913155,1796.588,IS,2021,10,2021-10
2032,1,2767027,2767865,1787.308,1792.468,5.090000000000082,7.329999999999927,time,2021-11-01,2021-11-01 06:02:00+00:00,2021-11-01 20:00:00+00:00,0.694406548431123,7.329999999999927,22.04978571428574,side,-0.0463108643873247,1.23667605807138,T2mid,T1low,T2mid,T2mid,0.9827699993409934,1782.988,IS,2021,11,2021-11
2034,-1,2769802,2770625,1779.118,1773.716,5.332000000000043,8.340000000000146,time,2021-11-03,2021-11-03 06:17:00+00:00,2021-11-03 20:00:00+00:00,0.6393285371702578,8.340000000000146,19.837571428571437,side,-0.03299202546030238,1.1100811190680577,T2mid,T1low,T1low,T2mid,0.904499258995578,1787.038,IS,2021,11,2021-11
2065,1,2812050,2812887,1784.228,1796.808,12.509999999999927,8.760000000000218,time,2021-12-16,2021-12-16 06:03:00+00:00,2021-12-16 20:00:00+00:00,1.428082191780778,8.760000000000218,20.736642857142847,side,0.02250509382670111,1.1654087800366342,T2mid,T1low,T2mid,T2mid,0.8993854835831538,1779.345,IS,2021,12,2021-12
2066,1,2813383,2814267,1804.298,1801.415,-2.953000000000038,7.100000000000136,time,2021-12-17,2021-12-17 05:16:00+00:00,2021-12-17 20:00:00+00:00,-0.4159154929577438,7.100000000000136,19.983571428571427,side,0.026681282983943944,1.1110329218708401,T2mid,T1low,T2mid,T2mid,0.8712094200355428,1798.648,IS,2021,12,2021-12
2070,1,2818927,2819461,1808.4279999999999,1803.028,-5.469999999999864,5.349999999999909,sl,2021-12-23,2021-12-23 05:40:00+00:00,2021-12-23 14:34:00+00:00,-1.022429906542048,5.349999999999909,17.83128571428571,side,0.03711417561624144,0.988667225981261,T1low,T1low,T1low,T2mid,0.8216894305713109,1803.568,IS,2021,12,2021-12
2071,-1,2820484,2820884,1806.464,1811.764,-5.369999999999955,5.25,sl,2021-12-27,2021-12-27 08:38:00+00:00,2021-12-27 15:18:00+00:00,-1.0228571428571342,5.25,17.250785714285694,side,0.0401328855998354,0.9539490705246312,T1low,T1low,T1low,T2mid,0.8056329693361359,1808.355,IS,2021,12,2021-12
2076,-1,2827188,2828063,1824.018,1802.0249999999999,21.923000000000165,7.3900000000001,time,2022-01-03,2022-01-03 05:25:00+00:00,2022-01-03 20:00:00+00:00,2.966576454668453,7.3900000000001,17.660714285714253,side,0.03099615186320267,0.9655528241941707,T1low,T1low,T1low,T2mid,0.8971986356049049,1829.078,VAL,2022,1,2022-01
2079,-1,2831306,2832203,1805.008,1788.2549999999999,16.683000000000156,6.380000000000109,time,2022-01-06,2022-01-06 05:03:00+00:00,2022-01-06 20:00:00+00:00,2.614890282131641,6.380000000000109,18.500500000000006,side,0.0333920882000193,1.0220265631335705,T1low,T1low,T1low,T2mid,0.9742494767312074,1810.178,VAL,2022,1,2022-01
2082,1,2835486,2836343,1807.818,1820.7150000000001,12.827000000000162,6.712999999999965,time,2022-01-11,2022-01-11 05:43:00+00:00,2022-01-11 20:00:00+00:00,1.9107701474750822,6.712999999999965,18.144500000000043,side,0.03189797041519715,1.0074188490512426,T1low,T1low,T1low,T2mid,0.982544967185392,1801.088,VAL,2022,1,2022-01
2091,1,2847622,2848199,1838.217,1832.717,-5.57,5.4500000000000455,sl,2022-01-24,2022-01-24 05:00:00+00:00,2022-01-24 14:37:00+00:00,-1.0220183486238448,5.4500000000000455,17.596214285714332,side,0.06505270346723264,0.9592730572566266,T1low,T1low,T1low,T2mid,0.9623164628042694,1834.328,VAL,2022,1,2022-01
2094,-1,2851799,2852662,1812.858,1793.245,19.543000000000056,8.950000000000045,time,2022-01-27,2022-01-27 05:37:00+00:00,2022-01-27 20:00:00+00:00,2.1835754189944088,8.950000000000045,17.832214285714322,side,0.08093525836048673,0.9788088823815597,T1low,T1low,T1low,T2mid,0.973595448435137,1821.828,VAL,2022,1,2022-01
2136,-1,2909551,2910410,1942.118,1927.735,14.313000000000038,16.090000000000146,time,2022-03-28,2022-03-28 04:41:00+00:00,2022-03-28 19:00:00+00:00,0.8895587321317532,16.090000000000146,39.538428571428554,bull,0.21570793916774286,2.019649125469868,T3high,T3high,T3high,T3high,0.9744903510072211,1957.688,VAL,2022,3,2022-03
2139,-1,2913657,2913868,1923.719,1934.048,-10.398999999999951,10.278999999999996,sl,2022-03-31,2022-03-31 04:08:00+00:00,2022-03-31 07:39:00+00:00,-1.0116742873820366,10.278999999999996,31.838142857142834,bull,0.22798669239056657,1.6474270829806732,T3high,T3high,T3high,T3high,0.7849950406609444,1932.598,VAL,2022,3,2022-03
2143,-1,2919361,2919450,1916.493,1925.163,-8.740000000000073,8.620000000000118,sl,2022-04-06,2022-04-06 07:12:00+00:00,2022-04-06 08:41:00+00:00,-1.0139211136890898,8.620000000000118,27.803571428571413,bull,0.25533226154805533,1.446025523158474,T3high,T3high,T3high,T3high,0.7082638147607637,1922.758,VAL,2022,4,2022-04
2147,1,2924688,2924994,1959.467,1950.007,-9.530000000000037,9.410000000000082,sl,2022-04-12,2022-04-12 04:00:00+00:00,2022-04-12 09:06:00+00:00,-1.0127523910733214,9.410000000000082,26.58899999999999,bull,0.28249715945807846,1.3623074944588527,T2mid,T3high,T2mid,T3high,0.7488811926702404,1951.762,VAL,2022,4,2022-04
2148,1,2926164,2926968,1972.182,1975.8020000000001,3.5500000000001184,9.413999999999987,time,2022-04-13,2022-04-13 05:36:00+00:00,2022-04-13 19:00:00+00:00,0.37709793923944374,9.413999999999987,26.313999999999997,bull,0.28724108819394,1.3379895682169256,T2mid,T3high,T2mid,T3high,0.7654607239479504,1966.682,VAL,2022,4,2022-04
2150,1,2928970,2929656,1988.488,1978.051,-10.507000000000126,10.387000000000171,sl,2022-04-18,2022-04-18 06:23:00+00:00,2022-04-18 17:49:00+00:00,-1.0115529026667904,10.387000000000171,25.502571428571418,bull,0.29409809283243554,1.292435576229865,T2mid,T3high,T2mid,T3high,0.7837766255496174,1973.218,VAL,2022,4,2022-04
2152,-1,2931587,2931952,1942.508,1951.418,-8.979999999999855,8.8599999999999,sl,2022-04-20,2022-04-20 04:01:00+00:00,2022-04-20 10:06:00+00:00,-1.0135440180586859,8.8599999999999,24.268285714285703,bull,0.298290891643647,1.244706199571513,T2mid,T3high,T2mid,T3high,0.7894556151958054,1949.72,VAL,2022,4,2022-04
2154,1,2934466,2934616,1953.562,1945.792,-7.839999999999982,7.720000000000027,sl,2022-04-22,2022-04-22 06:00:00+00:00,2022-04-22 08:30:00+00:00,-1.0155440414507713,7.720000000000027,23.291071428571417,bull,0.2977097814289766,1.1937050422657425,T2mid,T2mid,T2mid,T3high,0.8040915393146697,1951.158,VAL,2022,4,2022-04
2155,-1,2935758,2936626,1921.6290000000001,1898.9099999999999,22.649000000000278,11.183999999999969,time,2022-04-25,2022-04-25 04:32:00+00:00,2022-04-25 19:00:00+00:00,2.025125178826926,11.183999999999969,23.832071428571403,bull,0.29540742518385826,1.2343695384579854,T2mid,T2mid,T2mid,T3high,0.8478986269541082,1930.708,VAL,2022,4,2022-04
2156,1,2937145,2937321,1905.013,1897.228,-7.854999999999855,7.7349999999999,sl,2022-04-26,2022-04-26 04:39:00+00:00,2022-04-26 07:35:00+00:00,-1.0155138978668334,7.7349999999999,25.256357142857123,bull,0.289312365129107,1.329741765592477,T2mid,T3high,T2mid,T3high,0.921996560136593,1899.343,VAL,2022,4,2022-04
2157,-1,2938518,2938985,1896.728,1906.878,-10.219999999999864,10.099999999999909,sl,2022-04-27,2022-04-27 04:32:00+00:00,2022-04-27 12:19:00+00:00,-1.0118811881188075,10.099999999999909,24.461714285714265,bull,0.2845953098760561,1.28448877336318,T2mid,T3high,T2mid,T3high,0.9123860163543401,1904.393,VAL,2022,4,2022-04
2158,-1,2939866,2940076,1877.448,1886.658,-9.27999999999981,9.159999999999854,sl,2022-04-28,2022-04-28 04:00:00+00:00,2022-04-28 07:30:00+00:00,-1.013100436681218,9.159999999999854,24.985999999999972,bull,0.2779597269653075,1.325680402044176,T2mid,T3high,T2mid,T3high,0.9460357417844166,1884.768,VAL,2022,4,2022-04
2159,1,2941297,2942146,1905.788,1907.993,2.1349999999999274,13.269999999999982,time,2022-04-29,2022-04-29 04:51:00+00:00,2022-04-29 19:00:00+00:00,0.16088922381310702,13.269999999999982,25.510285714285665,bull,0.2721098971404068,1.3477766801998798,T2mid,T3high,T2mid,T3high,0.9775976779235753,1892.768,VAL,2022,4,2022-04
2179,1,2969038,2969745,1856.363,1852.8780000000002,-3.5549999999999,8.485000000000127,time,2022-05-27,2022-05-27 07:13:00+00:00,2022-05-27 19:00:00+00:00,-0.4189746611667468,8.485000000000127,27.2041428571429,side,0.08600543833010253,1.4695425803799973,T3high,T3high,T2mid,T2mid,0.9283978593060104,1851.198,VAL,2022,5,2022-05
2180,1,2970224,2971092,1860.977,1855.703,-5.344000000000115,12.86999999999989,time,2022-05-30,2022-05-30 04:00:00+00:00,2022-05-30 18:28:00+00:00,-0.4152292152292277,12.86999999999989,25.94842857142862,side,0.0756237378850225,1.4004693649109432,T3high,T3high,T2mid,T2mid,0.8856191292639776,1852.838,VAL,2022,5,2022-05
2181,1,2971597,2971929,1855.018,1845.838,-9.250000000000064,9.13000000000011,sl,2022-05-31,2022-05-31 06:24:00+00:00,2022-05-31 11:56:00+00:00,-1.013143483022996,9.13000000000011,24.947357142857186,side,0.06564512752815033,1.345365635390326,T2mid,T3high,T2mid,T2mid,0.8546147109625684,1854.318,VAL,2022,5,2022-05
2187,-1,2979733,2980262,1846.583,1853.608,-7.094999999999864,6.974999999999909,sl,2022-06-08,2022-06-08 04:00:00+00:00,2022-06-08 12:49:00+00:00,-1.0172043010752625,6.974999999999909,21.269142857142892,side,0.013039559613907077,1.1480990210343722,T2mid,T2mid,T1low,T2mid,0.7774195148568881,1852.553,VAL,2022,6,2022-06
2190,-1,2984082,2984773,1859.983,1826.095,33.81799999999992,17.330000000000155,time,2022-06-13,2022-06-13 07:29:00+00:00,2022-06-13 19:00:00+00:00,1.9514137334102493,17.330000000000155,21.711000000000013,side,-0.008886462176126451,1.1603719432742687,T2mid,T2mid,T1low,T2mid,0.840052931344022,1871.038,VAL,2022,6,2022-06
2191,1,2985368,2985724,1827.9579999999999,1817.613,-10.4149999999998,10.294999999999845,sl,2022-06-14,2022-06-14 05:55:00+00:00,2022-06-14 11:51:00+00:00,-1.011656143759102,10.294999999999845,25.128500000000013,side,-0.01888625802931339,1.379922548390782,T3high,T3high,T2mid,T2mid,0.9854188132896337,1821.008,VAL,2022,6,2022-06
2205,-1,3004766,3005290,1805.328,1807.887,-2.628999999999969,8.820000000000164,time,2022-07-04,2022-07-04 09:44:00+00:00,2022-07-04 18:28:00+00:00,-0.29807256235826757,8.820000000000164,22.433642857142882,bear,-0.17602552934596596,1.239018426903315,T2mid,T2mid,T1low,T1low,0.8878161493998143,1810.598,VAL,2022,7,2022-07
2208,1,3008426,3009311,1746.914,1739.698,-7.285999999999895,10.506000000000085,time,2022-07-07,2022-07-07 04:15:00+00:00,2022-07-07 19:00:00+00:00,-0.6935084713496893,10.506000000000085,22.13385714285719,bear,-0.21210747592712312,1.2727497957432812,T2mid,T2mid,T1low,T1low,0.8697251996304708,1739.058,VAL,2022,7,2022-07
2209,-1,3009998,3010422,1738.768,1746.508,-7.810000000000009,7.690000000000055,sl,2022-07-08,2022-07-08 07:27:00+00:00,2022-07-08 14:31:00+00:00,-1.0156046814044153,7.690000000000055,21.6636428571429,bear,-0.22578422151750946,1.2452702550674954,T2mid,T2mid,T1low,T1low,0.8476264497483469,1739.674,VAL,2022,7,2022-07
2213,-1,3015443,3016211,1725.294,1711.1609999999998,14.063000000000265,8.95399999999995,time,2022-07-14,2022-07-14 06:12:00+00:00,2022-07-14 19:00:00+00:00,1.570582979673927,8.95399999999995,22.903642857142877,bear,-0.26979414121656015,1.3206290301403147,T2mid,T2mid,T1low,T1low,0.9132011623663188,1734.298,VAL,2022,7,2022-07
2214,-1,3016691,3017591,1708.258,1705.0929999999998,3.095000000000191,8.210000000000036,time,2022-07-15,2022-07-15 04:00:00+00:00,2022-07-15 19:00:00+00:00,0.37697929354447957,8.210000000000036,24.4802142857143,bear,-0.28138778651013313,1.4313504091541485,T3high,T2mid,T1low,T1low,0.9843920989668454,1710.288,VAL,2022,7,2022-07
2215,1,3018174,3018971,1717.638,1707.554,-10.153999999999833,10.220000000000027,time,2022-07-18,2022-07-18 05:43:00+00:00,2022-07-18 19:00:00+00:00,-0.9935420743639731,10.220000000000027,24.287357142857154,bear,-0.29320265068265705,1.4221446062624008,T3high,T2mid,T1low,T1low,0.985910408552484,1707.798,VAL,2022,7,2022-07
2227,1,3034628,3035281,1769.2939999999999,1754.828,-14.535999999999895,14.41599999999994,sl,2022-08-03,2022-08-03 04:00:00+00:00,2022-08-03 14:53:00+00:00,-1.0083240843507184,14.41599999999994,23.26964285714283,bear,-0.3297021013907039,1.3225235328199356,T2mid,T2mid,T1low,T1low,0.9883570912706159,1759.488,VAL,2022,8,2022-08
2228,1,3036008,3036908,1771.4479999999999,1794.548,23.030000000000136,8.209999999999809,time,2022-08-04,2022-08-04 04:00:00+00:00,2022-08-04 19:00:00+00:00,2.8051157125457578,8.209999999999809,21.955642857142834,bear,-0.33097073325583404,1.2451535345980256,T2mid,T2mid,T1low,T1low,0.9328992050997919,1763.288,VAL,2022,8,2022-08
2233,-1,3042951,3043335,1784.294,1792.274,-8.049999999999791,7.929999999999836,sl,2022-08-11,2022-08-11 04:45:00+00:00,2022-08-11 11:09:00+00:00,-1.0151324085750262,7.929999999999836,22.57371428571425,bear,-0.318825824654385,1.2603775198218146,T2mid,T2mid,T1low,T1low,0.945466044377656,1791.028,VAL,2022,8,2022-08
2235,-1,3045695,3046566,1793.798,1778.995,14.73300000000011,7.740000000000009,time,2022-08-15,2022-08-15 04:29:00+00:00,2022-08-15 19:00:00+00:00,1.9034883720930353,7.740000000000009,21.535928571428535,bear,-0.30752232521626993,1.1952598250965734,T2mid,T2mid,T1low,T1low,0.912367863062057,1801.778,VAL,2022,8,2022-08
2241,1,3054199,3054445,1740.474,1734.045,-6.49899999999986,6.378999999999905,sl,2022-08-23,2022-08-23 08:14:00+00:00,2022-08-23 12:20:00+00:00,-1.0188117259758516,6.378999999999905,20.369857142857136,bear,-0.29493336945109283,1.1736438840370138,T2mid,T1low,T1low,T1low,0.9018481407118136,1735.608,VAL,2022,8,2022-08
2243,1,3056754,3057605,1757.664,1755.868,-1.8660000000000492,7.786000000000058,time,2022-08-25,2022-08-25 04:49:00+00:00,2022-08-25 19:00:00+00:00,-0.2396609298741376,7.786000000000058,19.409499999999998,bear,-0.29076640820185357,1.1083998428441553,T2mid,T1low,T1low,T1low,0.870495484672876,1751.128,VAL,2022,8,2022-08
2245,-1,3059494,3059996,1723.198,1736.588,-13.459999999999873,13.339999999999918,sl,2022-08-29,2022-08-29 04:30:00+00:00,2022-08-29 12:52:00+00:00,-1.0089955022488721,13.339999999999918,18.794857142857136,bear,-0.2858525419428518,1.0818192627374257,T2mid,T1low,T1low,T1low,0.8635117329600932,1737.338,VAL,2022,8,2022-08
2246,-1,3060918,3061743,1733.651,1724.571,9.010000000000154,6.633000000000038,time,2022-08-30,2022-08-30 05:15:00+00:00,2022-08-30 19:00:00+00:00,1.3583597165686871,6.633000000000038,19.35799999999998,bear,-0.2822162069634354,1.1141718189007455,T2mid,T1low,T1low,T1low,0.8984035148232501,1737.434,VAL,2022,8,2022-08
2248,-1,3063861,3064503,1702.124,1694.8609999999999,7.193000000000147,9.044000000000096,time,2022-09-01,2022-09-01 08:18:00+00:00,2022-09-01 19:00:00+00:00,0.7953339230429092,9.044000000000096,19.644071428571433,bear,-0.27554666897532115,1.1480657831921206,T2mid,T1low,T1low,T1low,0.9252025058990639,1711.058,VAL,2022,9,2022-09
2251,-1,3067894,3068492,1712.268,1700.335,11.862999999999992,14.248000000000047,time,2022-09-06,2022-09-06 09:02:00+00:00,2022-09-06 19:00:00+00:00,0.8326080853453083,14.248000000000047,19.306499999999996,bear,-0.2611547895612647,1.127157809683054,T2mid,T1low,T1low,T1low,0.93634398328728,1712.848,VAL,2022,9,2022-09
2252,-1,3068988,3069209,1692.238,1703.738,-11.57,11.450000000000045,sl,2022-09-07,2022-09-07 04:16:00+00:00,2022-09-07 07:57:00+00:00,-1.010480349344974,11.450000000000045,19.619214285714275,bear,-0.25807635849403426,1.1538650903435077,T2mid,T1low,T1low,T1low,0.9615975734338054,1700.304,VAL,2022,9,2022-09
2285,-1,3114698,3115400,1651.678,1651.0749999999998,0.5330000000002928,19.019999999999982,time,2022-10-24,2022-10-24 07:18:00+00:00,2022-10-24 19:00:00+00:00,0.028023133543653697,19.019999999999982,27.07299999999998,bear,-0.26893018020704085,1.6335625819858577,T3high,T3high,T3high,T1low,0.9726221474507093,1657.298,VAL,2022,10,2022-10
2288,-1,3118802,3119538,1662.057,1658.8439999999998,3.143000000000193,8.54099999999994,time,2022-10-27,2022-10-27 06:44:00+00:00,2022-10-27 19:00:00+00:00,0.36798969675684523,8.54099999999994,26.78835714285713,bear,-0.26116594630245404,1.608921934744102,T3high,T3high,T3high,T1low,0.9640871824144189,1664.988,VAL,2022,10,2022-10
2291,1,3122871,3123736,1639.998,1647.9170000000001,7.849000000000096,9.471000000000004,time,2022-11-01,2022-11-01 05:35:00+00:00,2022-11-01 20:00:00+00:00,0.828740365325741,9.471000000000004,25.290785714285725,bear,-0.2539063554850198,1.549445042314999,T3high,T2mid,T2mid,T1low,0.920024102916022,1632.248,VAL,2022,11,2022-11
2293,-1,3125719,3126492,1632.558,1631.215,1.2730000000000745,8.25,time,2022-11-03,2022-11-03 07:05:00+00:00,2022-11-03 20:00:00+00:00,0.15430303030303932,8.25,25.787357142857154,bear,-0.2526796153281847,1.5785813192181304,T3high,T2mid,T3high,T1low,0.9491574529549587,1633.578,VAL,2022,11,2022-11
2294,1,3126969,3127865,1647.237,1680.497,33.18999999999999,17.658999999999878,time,2022-11-04,2022-11-04 05:00:00+00:00,2022-11-04 20:00:00+00:00,1.8794948751345049,17.658999999999878,25.27457142857143,bear,-0.25007658087801754,1.5509792308590535,T3high,T2mid,T2mid,T1low,0.9352496783661863,1629.588,VAL,2022,11,2022-11
2307,1,3144993,3145346,1742.788,1732.857,-10.00100000000004,9.881000000000085,sl,2022-11-23,2022-11-23 07:37:00+00:00,2022-11-23 13:30:00+00:00,-1.0121445197854422,9.881000000000085,26.616714285714288,bear,-0.10527161249071201,1.5288193487708939,T3high,T2mid,T3high,T1low,0.9630702960369761,1740.998,VAL,2022,11,2022-11
2309,-1,3147623,3148267,1752.097,1754.8145,-2.7874999999999726,8.81100000000015,time,2022-11-25,2022-11-25 07:59:00+00:00,2022-11-25 18:43:00+00:00,-0.3163659062535382,8.81100000000015,23.368071428571447,side,-0.09272993043247475,1.3313570096616207,T2mid,T2mid,T2mid,T1low,0.8500714102806127,1755.207,VAL,2022,11,2022-11
2310,1,3148760,3149207,1753.807,1745.887,-7.990000000000073,7.870000000000118,sl,2022-11-28,2022-11-28 07:13:00+00:00,2022-11-28 14:40:00+00:00,-1.0152477763659407,7.870000000000118,23.372285714285745,side,-0.08621941453930089,1.3321967191543258,T2mid,T2mid,T2mid,T1low,0.854206499458571,1754.417,VAL,2022,11,2022-11
2311,1,3150007,3150907,1754.1370000000002,1750.037,-4.170000000000137,13.961000000000013,time,2022-11-29,2022-11-29 05:00:00+00:00,2022-11-29 20:00:00+00:00,-0.29868920564430435,13.961000000000013,21.378642857142886,side,-0.08160401008266424,1.2278757467740593,T2mid,T2mid,T1low,T1low,0.7869692215341206,1741.108,VAL,2022,11,2022-11
2312,1,3151405,3152194,1755.6779999999999,1747.558,-8.189999999999891,8.069999999999936,sl,2022-11-30,2022-11-30 05:20:00+00:00,2022-11-30 18:29:00+00:00,-1.014869888475831,8.069999999999936,21.28728571428574,side,-0.07704827934051568,1.2173032188757946,T2mid,T2mid,T1low,T1low,0.7904126312405839,1748.725,VAL,2022,11,2022-11
2313,1,3152765,3153665,1779.9479999999999,1803.027,23.009000000000178,8.099999999999909,time,2022-12-01,2022-12-01 05:00:00+00:00,2022-12-01 20:00:00+00:00,2.8406172839506714,8.099999999999909,19.535214285714297,side,-0.06967737930299106,1.1016628404889952,T2mid,T1low,T1low,T1low,0.7338752610891797,1773.248,VAL,2022,12,2022-12
2314,1,3154305,3154655,1802.4479999999999,1795.388,-7.129999999999946,7.009999999999991,sl,2022-12-02,2022-12-02 07:40:00+00:00,2022-12-02 13:30:00+00:00,-1.0171184022824473,7.009999999999991,20.04664285714286,side,-0.062086808159687985,1.1124058101802932,T2mid,T1low,T1low,T2mid,0.7605565214280751,1802.098,VAL,2022,12,2022-12
2315,-1,3155656,3156425,1798.4270000000001,1768.3039999999999,30.053000000000274,11.280999999999949,time,2022-12-05,2022-12-05 07:11:00+00:00,2022-12-05 20:00:00+00:00,2.664036876163497,11.280999999999949,20.235214285714278,side,-0.05528033386532346,1.125899947348072,T2mid,T1low,T1low,T2mid,0.7780872259255288,1797.248,VAL,2022,12,2022-12
2316,-1,3157015,3157287,1768.1280000000002,1776.088,-8.02999999999981,7.9099999999998545,sl,2022-12-06,2022-12-06 06:50:00+00:00,2022-12-06 11:22:00+00:00,-1.0151706700379213,7.9099999999998545,21.97371428571429,side,-0.050982479290266294,1.2420443344324044,T2mid,T2mid,T2mid,T2mid,0.8536196046814889,1769.157,VAL,2022,12,2022-12
2319,1,3161060,3161940,1797.4379999999999,1799.497,1.9890000000001964,9.089999999999918,time,2022-12-09,2022-12-09 05:20:00+00:00,2022-12-09 20:00:00+00:00,0.21881188118814238,9.089999999999918,21.503500000000013,side,-0.035342051149257085,1.2019319448341554,T2mid,T2mid,T1low,T2mid,0.8731606970516774,1789.078,VAL,2022,12,2022-12
2320,-1,3162427,3162811,1786.598,1794.868,-8.339999999999982,8.220000000000027,sl,2022-12-12,2022-12-12 05:07:00+00:00,2022-12-12 11:31:00+00:00,-1.0145985401459798,8.220000000000027,21.3057142857143,side,-0.027661418241495865,1.186685411957038,T2mid,T1low,T1low,T2mid,0.8799945361744639,1795.397,VAL,2022,12,2022-12
2336,1,3181805,3182629,1843.105,1838.895,-4.280000000000037,16.37000000000012,time,2023-01-03,2023-01-03 06:16:00+00:00,2023-01-03 20:00:00+00:00,-0.2614538790470376,16.37000000000012,19.685642857142852,bull,0.15401305478237587,1.076132764652112,T2mid,T1low,T1low,T3high,0.8601120646447089,1829.295,VAL,2023,1,2023-01
2337,1,3183110,3184009,1847.105,1852.275,5.1000000000000725,11.007000000000062,time,2023-01-04,2023-01-04 05:01:00+00:00,2023-01-04 20:00:00+00:00,0.46334150994821877,11.007000000000062,19.982285714285712,bull,0.1682082901795012,1.0881535370357749,T2mid,T1low,T1low,T3high,0.8767298445637258,1836.348,VAL,2023,1,2023-01
2338,-1,3184659,3185389,1850.047,1834.5919999999999,15.385000000000154,8.77800000000002,time,2023-01-05,2023-01-05 07:50:00+00:00,2023-01-05 20:00:00+00:00,1.752677147414003,8.77800000000002,19.61585714285715,bull,0.18266191508240417,1.0576593047768175,T2mid,T1low,T1low,T3high,0.865157320161481,1854.648,VAL,2023,1,2023-01
2339,1,3185995,3186769,1840.805,1868.678,27.803000000000047,9.557000000000016,time,2023-01-06,2023-01-06 07:06:00+00:00,2023-01-06 20:00:00+00:00,2.909176519828398,9.557000000000016,20.607785714285715,bull,0.1947570368309433,1.1244341466551564,T2mid,T1low,T1low,T3high,0.9107052189672671,1832.725,VAL,2023,1,2023-01
2340,1,3187321,3188149,1879.415,1875.015,-4.469999999999864,12.3900000000001,time,2023-01-09,2023-01-09 06:12:00+00:00,2023-01-09 20:00:00+00:00,-0.36077481840192316,12.3900000000001,22.301714285714297,bull,0.20845257430635514,1.1954190712958686,T2mid,T2mid,T2mid,T3high,0.983399557567209,1865.598,VAL,2023,1,2023-01
2341,1,3188865,3189529,1875.965,1876.435,0.4000000000000273,8.170000000000073,time,2023-01-10,2023-01-10 08:56:00+00:00,2023-01-10 20:00:00+00:00,0.04895960832313632,8.170000000000073,20.824357142857156,bull,0.22137935147814264,1.113354904812951,T2mid,T1low,T1low,T3high,0.9199919910418325,1870.415,VAL,2023,1,2023-01
2342,1,3190015,3190595,1878.375,1871.848,-6.597000000000044,6.477000000000089,sl,2023-01-11,2023-01-11 05:06:00+00:00,2023-01-11 14:46:00+00:00,-1.018527095877714,6.477000000000089,20.88935714285716,bull,0.2356041988197094,1.1128141182505087,T2mid,T1low,T1low,T3high,0.9271822790693404,1877.165,VAL,2023,1,2023-01
2343,1,3191392,3191899,1884.845,1875.685,-9.230000000000082,9.110000000000127,sl,2023-01-12,2023-01-12 05:03:00+00:00,2023-01-12 13:30:00+00:00,-1.0131723380900057,9.110000000000127,19.73471428571429,bull,0.24996052725930024,1.0514834355375264,T1low,T1low,T1low,T3high,0.8841082685911743,1876.845,VAL,2023,1,2023-01
2346,-1,3195398,3196188,1907.9370000000001,1908.202,-0.3349999999998727,10.937999999999874,time,2023-01-17,2023-01-17 06:50:00+00:00,2023-01-17 20:00:00+00:00,-0.03062717132929937,10.937999999999874,21.597642857142887,bull,0.298016180502138,1.1261412083428477,T2mid,T1low,T1low,T3high,0.9891215828195964,1917.845,VAL,2023,1,2023-01
2347,-1,3196684,3196850,1897.178,1910.235,-13.12699999999979,13.006999999999834,sl,2023-01-18,2023-01-18 05:17:00+00:00,2023-01-18 08:03:00+00:00,-1.0092258014915012,13.006999999999834,21.436214285714318,bull,0.31134598460865476,1.1231628426128164,T2mid,T1low,T1low,T3high,0.9903382399747103,1908.558,VAL,2023,1,2023-01
2373,1,3232464,3232901,1830.405,1823.045,-7.4299999999999,7.309999999999945,sl,2023-02-23,2023-02-23 06:13:00+00:00,2023-02-23 13:30:00+00:00,-1.0164158686730445,7.309999999999945,23.19007142857145,bull,0.4027814277374979,1.2706505518229012,T2mid,T2mid,T2mid,T3high,0.8737745972066543,1825.055,VAL,2023,2,2023-02
2377,1,3237861,3238748,1831.635,1838.135,6.43,8.646999999999935,time,2023-03-01,2023-03-01 05:13:00+00:00,2023-03-01 20:00:00+00:00,0.7436105007517114,8.646999999999935,20.52707142857144,bull,0.3758492676963387,1.1245276462667773,T2mid,T1low,T1low,T3high,0.7952993653329578,1825.395,VAL,2023,3,2023-03
2378,-1,3239362,3239820,1830.895,1838.195,-7.369999999999955,7.25,sl,2023-03-02,2023-03-02 07:16:00+00:00,2023-03-02 14:54:00+00:00,-1.0165517241379247,7.25,19.829,bull,0.36886668760821323,1.0797315509331737,T2mid,T1low,T1low,T3high,0.7760926146990326,1836.475,VAL,2023,3,2023-03
2381,1,3243449,3243594,1850.445,1844.045,-6.469999999999864,6.349999999999909,sl,2023-03-07,2023-03-07 07:24:00+00:00,2023-03-07 09:49:00+00:00,-1.0188976377952688,6.349999999999909,18.28885714285712,bull,0.34297418626797743,0.9905921523764115,T1low,T1low,T1low,T3high,0.757742068085037,1846.255,VAL,2023,3,2023-03
2384,1,3247587,3248343,1834.815,1863.698,28.813000000000038,7.0900000000001455,time,2023-03-10,2023-03-10 07:24:00+00:00,2023-03-10 20:00:00+00:00,4.063892806770021,7.0900000000001455,18.7010714285714,bull,0.30275935592679315,1.0211269116268786,T1low,T1low,T1low,T3high,0.822995011546573,1831.415,VAL,2023,3,2023-03
2385,-1,3248947,3249088,1872.008,1888.775,-16.837000000000053,16.7170000000001,sl,2023-03-13,2023-03-13 07:04:00+00:00,2023-03-13 09:25:00+00:00,-1.0071783214691603,16.7170000000001,20.99607142857141,bull,0.2945389282032196,1.1243189330343553,T2mid,T1low,T1low,T3high,0.9388165153393463,1867.448,VAL,2023,3,2023-03
2405,1,3276124,3277020,1998.165,2004.385,6.150000000000027,9.5,time,2023-04-11,2023-04-11 04:04:00+00:00,2023-04-11 19:00:00+00:00,0.6473684210526344,9.5,31.459357142857147,bull,0.2612648981508183,1.5799528285980895,T3high,T3high,T3high,T3high,0.9422789907969533,1991.158,VAL,2023,4,2023-04
2406,1,3277539,3278084,2019.365,2003.325,-16.109999999999964,15.990000000000009,sl,2023-04-12,2023-04-12 04:40:00+00:00,2023-04-12 13:45:00+00:00,-1.0075046904315168,15.990000000000009,29.23807142857142,bull,0.26153787469336914,1.4592055004582236,T3high,T3high,T3high,T3high,0.8681310664065668,2003.698,VAL,2023,4,2023-04
2408,-1,3280462,3281156,2038.4950000000001,2006.632,31.793000000000056,8.789999999999964,time,2023-04-14,2023-04-14 07:26:00+00:00,2023-04-14 19:00:00+00:00,3.6169510807736276,8.789999999999964,27.750928571428567,bull,0.2657460764952631,1.3604236620217016,T2mid,T3high,T3high,T3high,0.8155280582643292,2039.874,VAL,2023,4,2023-04
2409,1,3281591,3282162,2006.248,1995.295,-11.022999999999975,10.90300000000002,sl,2023-04-17,2023-04-17 04:15:00+00:00,2023-04-17 13:46:00+00:00,-1.0110061450976753,10.90300000000002,29.699999999999996,bull,0.26614589843808323,1.48240726968532,T3high,T3high,T3high,T3high,0.868279331600325,2003.498,VAL,2023,4,2023-04
2415,-1,3289801,3290637,1991.515,2000.865,-9.41999999999991,9.299999999999955,sl,2023-04-25,2023-04-25 04:08:00+00:00,2023-04-25 18:04:00+00:00,-1.0129032258064468,9.299999999999955,29.85014285714289,bull,0.26402299796686973,1.4981942883758192,T3high,T3high,T3high,T3high,0.906505244863705,1992.408,VAL,2023,4,2023-04
2417,1,3292556,3293068,2000.7949999999998,1989.428,-11.436999999999735,11.31699999999978,sl,2023-04-27,2023-04-27 04:03:00+00:00,2023-04-27 12:35:00+00:00,-1.0106035168330791,11.31699999999978,28.684642857142876,bull,0.26037730626211897,1.4415059820425304,T3high,T3high,T3high,T3high,0.8982111599747887,1989.908,VAL,2023,4,2023-04
2435,-1,3317184,3317689,1960.115,1971.685,-11.639999999999937,11.519999999999982,sl,2023-05-23,2023-05-23 05:33:00+00:00,2023-05-23 13:58:00+00:00,-1.0104166666666627,11.519999999999982,29.17514285714284,bull,0.2281705739462783,1.4801016893188086,T3high,T3high,T3high,T3high,0.9512424546662814,1971.158,VAL,2023,5,2023-05
2438,1,3321229,3322129,1948.825,1946.085,-2.810000000000009,12.120000000000118,time,2023-05-26,2023-05-26 04:00:00+00:00,2023-05-26 19:00:00+00:00,-0.23184818481848032,12.120000000000118,23.702428571428545,bull,0.21289629026568643,1.220469898233978,T2mid,T2mid,T1low,T3high,0.7874364782083023,1942.074,VAL,2023,5,2023-05
2440,-1,3323778,3324063,1939.185,1946.505,-7.390000000000164,7.270000000000209,sl,2023-05-30,2023-05-30 04:00:00+00:00,2023-05-30 08:45:00+00:00,-1.0165061898211762,7.270000000000209,23.528857142857127,bull,0.20094690331442186,1.211049816705019,T2mid,T2mid,T1low,T3high,0.7961108499600618,1942.848,VAL,2023,5,2023-05
2451,1,3338834,3339680,1949.5449999999998,1942.1939999999997,-7.421000000000113,7.301000000000158,sl,2023-06-14,2023-06-14 04:00:00+00:00,2023-06-14 18:06:00+00:00,-1.0164361046431931,7.301000000000158,24.048571428571417,bull,0.18976955438227852,1.2371440712108177,T2mid,T2mid,T1low,T3high,0.9422690862805365,1943.878,VAL,2023,6,2023-06
2452,-1,3340281,3340795,1932.255,1945.255,-13.07,12.950000000000045,sl,2023-06-15,2023-06-15 05:07:00+00:00,2023-06-15 13:41:00+00:00,-1.0092664092664057,12.950000000000045,23.672857142857115,bull,0.1897187562541936,1.2178372926457635,T2mid,T2mid,T1low,T3high,0.9391017639823216,1943.844,VAL,2023,6,2023-06
2455,1,3344300,3344671,1952.945,1945.005,-8.009999999999827,7.889999999999873,sl,2023-06-20,2023-06-20 06:40:00+00:00,2023-06-20 12:51:00+00:00,-1.0152091254752798,7.889999999999873,23.631714285714274,bull,0.19188954902618055,1.2106237351981772,T2mid,T2mid,T1low,T3high,0.9719264307238319,1952.028,VAL,2023,6,2023-06
2462,-1,3353820,3354321,1902.598,1912.705,-10.176999999999971,10.057000000000016,sl,2023-06-29,2023-06-29 06:29:00+00:00,2023-06-29 14:50:00+00:00,-1.0119319876702748,10.057000000000016,20.768357142857163,bull,0.1597240422913459,1.087517078188932,T2mid,T1low,T1low,T3high,0.8764828066549605,1909.704,VAL,2023,6,2023-06
2475,1,3371194,3372093,1960.555,1976.605,15.979999999999954,5.920000000000073,time,2023-07-18,2023-07-18 04:01:00+00:00,2023-07-18 19:00:00+00:00,2.6993243243242833,5.920000000000073,18.05764285714284,side,0.035270618124521605,0.9237553180231941,T1low,T1low,T1low,T2mid,0.8738572852204332,1954.808,VAL,2023,7,2023-07
2480,1,3378136,3378475,1963.455,1953.145,-10.379999999999946,10.259999999999991,sl,2023-07-25,2023-07-25 05:46:00+00:00,2023-07-25 11:25:00+00:00,-1.0116959064327442,10.259999999999991,18.46478571428567,side,-0.010223846293953495,0.9446038635992393,T1low,T1low,T1low,T2mid,0.9439381640479921,1954.765,VAL,2023,7,2023-07
2482,1,3381019,3381300,1982.135,1971.095,-11.109999999999964,10.990000000000009,sl,2023-07-27,2023-07-27 07:49:00+00:00,2023-07-27 12:30:00+00:00,-1.01091901728844,10.990000000000009,17.374714285714244,side,-0.030483986459771746,0.8804911516514102,T1low,T1low,T1low,T2mid,0.9048195966502696,1973.298,VAL,2023,7,2023-07
2483,1,3382170,3383070,1954.875,1958.855,3.9100000000000183,9.509999999999991,time,2023-07-28,2023-07-28 04:00:00+00:00,2023-07-28 19:00:00+00:00,0.4111461619348078,9.509999999999991,18.39899999999997,side,-0.04389281654722651,0.9451112235489297,T1low,T1low,T1low,T2mid,0.9647639757926956,1946.755,VAL,2023,7,2023-07
2484,-1,3383554,3383987,1953.558,1960.034,-6.546000000000113,6.426000000000158,sl,2023-07-31,2023-07-31 04:04:00+00:00,2023-07-31 11:17:00+00:00,-1.0186741363211878,6.426000000000158,18.671071428571395,side,-0.05525516340960631,0.9533523156437003,T1low,T1low,T1low,T2mid,0.9859378583239784,1958.465,VAL,2023,7,2023-07
2498,1,3403229,3403372,1895.115,1889.105,-6.079999999999991,5.960000000000036,sl,2023-08-18,2023-08-18 10:14:00+00:00,2023-08-18 12:37:00+00:00,-1.0201342281879118,5.960000000000036,17.05014285714289,bear,-0.12508790787393612,0.9022490343710552,T1low,T1low,T1low,T1low,0.91264123693012,1889.738,VAL,2023,8,2023-08
2499,1,3404241,3405135,1893.655,1894.435,0.7099999999999727,8.849999999999909,time,2023-08-21,2023-08-21 04:06:00+00:00,2023-08-21 19:00:00+00:00,0.0802259887005627,8.849999999999909,16.21892857142861,bear,-0.12968605117353713,0.8584814022980773,T1low,T1low,T1low,T1low,0.872824713165043,1889.258,VAL,2023,8,2023-08
2501,1,3407015,3407875,1903.0049999999999,1916.435,13.360000000000063,5.336999999999989,time,2023-08-23,2023-08-23 04:40:00+00:00,2023-08-23 19:00:00+00:00,2.5032789956904797,5.336999999999989,15.006785714285732,bear,-0.13777749225836822,0.790768095357536,T1low,T1low,T1low,T1low,0.8208431130659191,1897.748,VAL,2023,8,2023-08
2502,1,3408364,3408834,1921.585,1916.085,-5.57,5.4500000000000455,sl,2023-08-24,2023-08-24 04:12:00+00:00,2023-08-24 12:02:00+00:00,-1.0220183486238448,5.4500000000000455,15.954428571428593,bear,-0.13664311665510806,0.8323231841442673,T1low,T1low,T1low,T1low,0.8760804067995259,1916.855,VAL,2023,8,2023-08
2505,1,3412478,3412891,1925.7949999999998,1920.528,-5.336999999999826,5.216999999999871,sl,2023-08-29,2023-08-29 04:03:00+00:00,2023-08-29 10:56:00+00:00,-1.0230017251293766,5.216999999999871,15.409428571428602,bear,-0.13547569705627463,0.8023119818844984,T1low,T1low,T1low,T1low,0.8702889035461949,1920.628,VAL,2023,8,2023-08
2508,-1,3416611,3416849,1938.575,1944.005,-5.500000000000064,5.380000000000109,sl,2023-09-01,2023-09-01 04:07:00+00:00,2023-09-01 08:05:00+00:00,-1.0223048327137458,5.380000000000109,15.388714285714318,bear,-0.1247680207070348,0.7932498685906765,T1low,T1low,T1low,T1low,0.8989717667735719,1939.958,VAL,2023,9,2023-09
2509,1,3418108,3418523,1946.075,1939.365,-6.780000000000037,6.660000000000082,sl,2023-09-04,2023-09-04 06:05:00+00:00,2023-09-04 13:00:00+00:00,-1.018018018018011,6.660000000000082,15.74657142857146,bear,-0.12224859745788354,0.8119978789901734,T1low,T1low,T1low,T1low,0.9317560896438868,1939.238,VAL,2023,9,2023-09
2513,1,3423469,3424045,1927.185,1919.545,-7.709999999999873,7.589999999999918,sl,2023-09-08,2023-09-08 06:09:00+00:00,2023-09-08 15:45:00+00:00,-1.015810276679836,7.589999999999918,14.659428571428569,bear,-0.11665926218339326,0.7636757768556882,T1low,T1low,T1low,T1low,0.9117236397689402,1919.588,VAL,2023,9,2023-09
2514,1,3424741,3425619,1924.105,1921.7050000000002,-2.4699999999998634,7.471000000000004,time,2023-09-11,2023-09-11 04:22:00+00:00,2023-09-11 19:00:00+00:00,-0.33061169856777706,7.471000000000004,14.549428571428589,bear,-0.11684005546461286,0.7584708924153366,T1low,T1low,T1low,T1low,0.9170597827603996,1918.258,VAL,2023,9,2023-09
2517,-1,3428964,3429718,1907.375,1908.532,-1.2269999999999255,5.400000000000091,time,2023-09-14,2023-09-14 06:11:00+00:00,2023-09-14 19:00:00+00:00,-0.2272222222222046,5.400000000000091,13.933499999999997,bear,-0.11501564535221102,0.7299975637932524,T1low,T1low,T1low,T1low,0.9129988212440038,1908.705,VAL,2023,9,2023-09
2518,1,3430198,3431098,1915.965,1923.895,7.860000000000063,6.190000000000055,time,2023-09-15,2023-09-15 04:00:00+00:00,2023-09-15 19:00:00+00:00,1.2697899838449103,6.190000000000055,13.45971428571428,bear,-0.11502680036493268,0.7046203494967187,T1low,T1low,T1low,T1low,0.8924519102234172,1910.208,VAL,2023,9,2023-09
2519,1,3431598,3432470,1929.435,1931.358,1.8530000000000018,7.007000000000062,time,2023-09-18,2023-09-18 04:21:00+00:00,2023-09-18 19:00:00+00:00,0.2644498358784052,7.007000000000062,13.981357142857146,bear,-0.11371472800851883,0.727158725882421,T1low,T1low,T1low,T1low,0.9339679741919282,1922.738,VAL,2023,9,2023-09
2522,-1,3435990,3436599,1924.035,1920.125,3.840000000000082,6.899999999999864,time,2023-09-21,2023-09-21 08:51:00+00:00,2023-09-21 19:00:00+00:00,0.5565217391304577,6.899999999999864,13.408642857142874,bear,-0.10052806186361755,0.6943939418039433,T1low,T1low,T1low,T1low,0.9178851202383009,1930.985,VAL,2023,9,2023-09
2523,1,3437205,3437978,1925.465,1924.865,-0.6699999999999091,5.480000000000018,time,2023-09-22,2023-09-22 06:06:00+00:00,2023-09-22 19:00:00+00:00,-0.12226277372261074,5.480000000000018,13.310571428571441,side,-0.09444668332555801,0.693275177208395,T1low,T1low,T1low,T1low,0.917154943510819,1919.955,VAL,2023,9,2023-09
2526,-1,3441216,3442113,1899.355,1876.262,23.023000000000074,4.420000000000073,time,2023-09-27,2023-09-27 04:03:00+00:00,2023-09-27 19:00:00+00:00,5.208823529411696,4.420000000000073,13.43057142857143,side,-0.0820073952598053,0.7066025557916811,T1low,T1low,T1low,T1low,0.9478058537450895,1900.725,VAL,2023,9,2023-09
2557,-1,3484166,3484555,1947.685,1954.505,-6.890000000000164,6.770000000000209,sl,2023-11-09,2023-11-09 08:11:00+00:00,2023-11-09 14:40:00+00:00,-1.0177252584933458,6.770000000000209,22.19957142857137,side,0.001407216631673402,1.1379697831700948,T2mid,T2mid,T3high,T2mid,0.8827235899936738,1950.805,VAL,2023,11,2023-11
2564,-1,3494031,3494529,1973.2150000000001,1978.752,-5.6069999999998075,11.819999999999936,time,2023-11-20,2023-11-20 11:42:00+00:00,2023-11-20 20:00:00+00:00,-0.4743654822334888,11.819999999999936,22.191071428571377,side,0.0130571461086959,1.120535944217848,T2mid,T2mid,T3high,T2mid,0.907510862818125,1980.398,VAL,2023,11,2023-11
2565,1,3495194,3495909,1994.245,2000.005,5.690000000000218,13.559999999999945,time,2023-11-21,2023-11-21 08:05:00+00:00,2023-11-21 20:00:00+00:00,0.41961651917405907,13.559999999999945,21.528999999999947,side,0.016334854601103115,1.0866673901357486,T2mid,T2mid,T3high,T2mid,0.8874428889312544,1981.195,VAL,2023,11,2023-11
2567,1,3497922,3498434,1998.175,1990.008,-8.236999999999917,8.116999999999962,sl,2023-11-23,2023-11-23 07:33:00+00:00,2023-11-23 16:05:00+00:00,-1.0147837871134602,8.116999999999962,22.393999999999956,side,0.02462500508515529,1.125129876785364,T2mid,T2mid,T3high,T2mid,0.9405517622070491,1990.348,VAL,2023,11,2023-11
2571,-1,3502978,3503720,2042.665,2046.6019999999999,-4.006999999999898,9.149999999999864,time,2023-11-29,2023-11-29 07:36:00+00:00,2023-11-29 20:00:00+00:00,-0.437923497267755,9.149999999999864,21.6323571428571,side,0.046007298668377244,1.0581714238195727,T2mid,T2mid,T3high,T2mid,0.9552390486878487,2044.315,VAL,2023,11,2023-11
2590,1,3527754,3528555,2065.0750000000003,2061.515,-3.6300000000004,11.639999999999873,time,2023-12-26,2023-12-26 06:39:00+00:00,2023-12-26 20:00:00+00:00,-0.31185567010313053,11.639999999999873,24.85707142857148,bull,0.19742882326315464,1.20972230188568,T2mid,T2mid,T3high,T3high,0.8801797494085671,2054.775,VAL,2023,12,2023-12
2592,-1,3530615,3531315,2079.048,2068.3120000000004,10.665999999999421,9.257000000000062,time,2023-12-28,2023-12-28 08:20:00+00:00,2023-12-28 20:00:00+00:00,1.152209139029853,9.257000000000062,24.97849999999999,bull,0.21119048107118027,1.2012157148456186,T2mid,T2mid,T3high,T3high,0.8740124998890929,2079.435,VAL,2023,12,2023-12
