day,dir,i_entry,i_exit,entry,exit,pnl,risk,reason,date,t_entry,t_exit,R,width,atr
16,1,21049,21832,1236.99,1263.67,26.610000000000063,5.519999999999982,time,2014-01-23,2014-01-23 06:57:00+00:00,2014-01-23 20:00:00+00:00,4.8206521739130705,5.519999999999982,13.525714285714246
18,-1,23777,24597,1270.46,1252.8075,17.582500000000145,5.8599999999999,time,2014-01-27,2014-01-27 06:19:00+00:00,2014-01-27 20:00:00+00:00,3.0004266211604858,5.8599999999999,14.699999999999964
21,-1,27991,28771,1261.07,1244.9774999999997,16.0225000000002,6.490000000000009,time,2014-01-30,2014-01-30 07:00:00+00:00,2014-01-30 20:00:00+00:00,2.468798151001568,6.490000000000009,15.757857142857103
27,1,36195,36979,1262.86,1266.94,4.010000000000154,6.740000000000009,time,2014-02-07,2014-02-07 06:56:00+00:00,2014-02-07 20:00:00+00:00,0.5949554896142654,6.740000000000009,18.559999999999945
32,1,43101,43903,1307.1399999999999,1319.68,12.47000000000019,7.379999999999882,time,2014-02-14,2014-02-14 06:38:00+00:00,2014-02-14 20:00:00+00:00,1.6897018970190232,7.379999999999882,18.21285714285711
34,-1,45559,46433,1320.23,1323.8174999999999,-3.6574999999998634,8.809999999999945,time,2014-02-18,2014-02-18 05:26:00+00:00,2014-02-18 20:00:00+00:00,-0.41515323496025947,8.809999999999945,18.056428571428537
35,-1,46938,47153,1314.8,1322.26,-7.530000000000037,7.410000000000082,sl,2014-02-19,2014-02-19 05:10:00+00:00,2014-02-19 08:45:00+00:00,-1.0161943319837994,7.410000000000082,17.864285714285675
38,1,51144,51987,1326.08,1337.56,11.410000000000018,7.410000000000082,time,2014-02-24,2014-02-24 05:56:00+00:00,2014-02-24 20:00:00+00:00,1.539811066126841,7.410000000000082,15.864285714285675
39,-1,52822,53062,1332.17,1337.96,-5.859999999999964,5.740000000000009,sl,2014-02-25,2014-02-25 10:43:00+00:00,2014-02-25 14:43:00+00:00,-1.0209059233449398,5.740000000000009,16.335714285714257
41,-1,55453,55571,1325.0,1330.96,-6.030000000000037,5.910000000000082,sl,2014-02-27,2014-02-27 08:07:00+00:00,2014-02-27 10:05:00+00:00,-1.0203045685279108,5.910000000000082,16.289999999999964
43,1,58125,58943,1344.68,1351.13,6.380000000000045,8.570000000000164,time,2014-03-03,2014-03-03 06:22:00+00:00,2014-03-03 20:00:00+00:00,0.7444574095682525,8.570000000000164,16.10999999999995
48,1,65450,65946,1338.36,1339.6200000000001,1.1900000000002182,10.389999999999873,time,2014-03-10,2014-03-10 11:43:00+00:00,2014-03-10 20:00:00+00:00,0.11453320500483473,10.389999999999873,17.697142857142826
50,1,67918,68730,1359.52,1367.0,7.410000000000018,14.200000000000045,time,2014-03-12,2014-03-12 06:28:00+00:00,2014-03-12 20:00:00+00:00,0.5218309859154926,14.200000000000045,17.78142857142856
51,1,69244,69677,1374.36,1364.78,-9.649999999999928,9.529999999999973,sl,2014-03-13,2014-03-13 05:21:00+00:00,2014-03-13 12:34:00+00:00,-1.0125918153200373,9.529999999999973,18.343571428571426
52,-1,70635,71063,1369.54,1376.4,-6.930000000000128,6.810000000000173,sl,2014-03-14,2014-03-14 05:22:00+00:00,2014-03-14 12:30:00+00:00,-1.0176211453744421,6.810000000000173,18.202142857142867
53,-1,72220,72891,1379.18,1366.2675,12.842500000000136,9.160000000000082,time,2014-03-17,2014-03-17 08:48:00+00:00,2014-03-17 20:00:00+00:00,1.4020196506550242,9.160000000000082,18.187142857142867
54,-1,73777,74277,1357.3700000000001,1355.3374999999999,1.9625000000002546,10.019999999999982,time,2014-03-18,2014-03-18 11:40:00+00:00,2014-03-18 20:00:00+00:00,0.1958582834331595,10.019999999999982,19.20571428571431
55,-1,74898,75670,1352.78,1329.2074999999998,23.502500000000218,6.690000000000055,time,2014-03-19,2014-03-19 07:08:00+00:00,2014-03-19 20:00:00+00:00,3.5130792227204823,6.690000000000055,18.7571428571429
58,-1,79055,79834,1324.63,1309.7375,14.822500000000154,9.470000000000027,time,2014-03-24,2014-03-24 07:01:00+00:00,2014-03-24 20:00:00+00:00,1.5652059134107827,9.470000000000027,19.26928571428576
64,1,87221,88051,1285.45,1277.56,-7.9600000000001,7.8400000000001455,sl,2014-04-01,2014-04-01 04:19:00+00:00,2014-04-01 18:09:00+00:00,-1.0153061224489734,7.8400000000001455,18.832857142857183
70,1,95618,95950,1313.8899999999999,1308.09,-5.869999999999955,5.75,sl,2014-04-09,2014-04-09 05:38:00+00:00,2014-04-09 11:10:00+00:00,-1.0208695652173834,5.75,15.39071428571432
71,1,97050,97812,1317.48,1319.4,1.8500000000000727,6.779999999999973,time,2014-04-10,2014-04-10 06:18:00+00:00,2014-04-10 19:00:00+00:00,0.27286135693216523,6.779999999999973,15.39357142857146
74,-1,101202,101962,1318.8,1302.6174999999998,16.112500000000118,8.0300000000002,time,2014-04-15,2014-04-15 06:20:00+00:00,2014-04-15 19:00:00+00:00,2.0065379825653444,8.0300000000002,14.287142857142888
75,-1,102591,102695,1295.54,1303.74,-8.270000000000046,8.150000000000091,sl,2014-04-16,2014-04-16 06:22:00+00:00,2014-04-16 08:06:00+00:00,-1.0147239263803625,8.150000000000091,16.00785714285717
87,1,119252,119970,1309.36,1309.23,-0.19999999999988177,9.490000000000009,time,2014-05-05,2014-05-05 07:02:00+00:00,2014-05-05 19:00:00+00:00,-0.021074815595351064,9.490000000000009,18.33928571428573
89,1,122078,122333,1313.48,1306.88,-6.669999999999909,6.5499999999999545,sl,2014-05-07,2014-05-07 07:49:00+00:00,2014-05-07 12:05:00+00:00,-1.0183206106870162,6.5499999999999545,16.262857142857165
92,1,126003,126903,1291.57,1295.97,4.330000000000091,10.420000000000073,time,2014-05-12,2014-05-12 04:00:00+00:00,2014-05-12 19:00:00+00:00,0.41554702495202117,10.420000000000073,16.484285714285743
97,1,132970,133799,1296.46,1293.6200000000001,-2.909999999999918,5.720000000000027,time,2014-05-19,2014-05-19 05:09:00+00:00,2014-05-19 19:00:00+00:00,-0.508741258741242,5.720000000000027,15.952142857142869
106,-1,145308,145964,1255.3300000000002,1246.8774999999998,8.382500000000327,4.839999999999918,time,2014-05-30,2014-05-30 08:04:00+00:00,2014-05-30 19:00:00+00:00,1.7319214876034026,4.839999999999918,13.584285714285686
113,1,154646,155476,1254.6499999999999,1259.9,5.180000000000227,4.449999999999818,time,2014-06-10,2014-06-10 05:10:00+00:00,2014-06-10 19:00:00+00:00,1.1640449438203233,4.449999999999818,11.666785714285684
117,1,160112,160600,1282.7855,1277.1555,-5.699999999999882,5.579999999999927,sl,2014-06-16,2014-06-16 04:53:00+00:00,2014-06-16 13:01:00+00:00,-1.0215053763440782,5.579999999999927,11.914642857142862
118,-1,161461,162333,1267.19,1270.8474999999999,-3.7274999999997998,5.869999999999891,time,2014-06-17,2014-06-17 04:28:00+00:00,2014-06-17 19:00:00+00:00,-0.6350085178875415,5.869999999999891,10.798928571428567
119,-1,162827,163203,1267.1100000000001,1271.35,-4.309999999999782,4.189999999999827,sl,2014-06-18,2014-06-18 04:12:00+00:00,2014-06-18 10:29:00+00:00,-1.0286396181384152,4.189999999999827,11.038214285714275
121,-1,165760,166197,1310.52,1319.56,-9.109999999999964,8.990000000000009,sl,2014-06-20,2014-06-20 07:01:00+00:00,2014-06-20 14:18:00+00:00,-1.0133481646273588,8.990000000000009,13.268928571428546
128,-1,175379,176100,1324.91,1328.3674999999998,-3.5274999999997543,8.519999999999982,time,2014-07-01,2014-07-01 06:58:00+00:00,2014-07-01 19:00:00+00:00,-0.41402582159621615,8.519999999999982,14.79999999999997
134,1,183171,184070,1323.6254999999999,1330.44,6.74450000000018,5.629999999999882,time,2014-07-09,2014-07-09 04:00:00+00:00,2014-07-09 19:00:00+00:00,1.1979573712256344,5.629999999999882,14.347142857142833
135,1,184658,185440,1331.29,1336.8400000000001,5.480000000000182,4.870000000000118,time,2014-07-10,2014-07-10 05:57:00+00:00,2014-07-10 19:00:00+00:00,1.1252566735113037,4.870000000000118,12.082857142857117
137,-1,187321,188161,1330.76,1306.1074999999998,24.582500000000145,7.910000000000082,time,2014-07-14,2014-07-14 05:00:00+00:00,2014-07-14 19:00:00+00:00,3.107774968394424,7.910000000000082,12.239999999999993
140,1,191369,192269,1303.2755,1316.23,12.884500000000052,5.610000000000127,time,2014-07-17,2014-07-17 04:00:00+00:00,2014-07-17 19:00:00+00:00,2.2967023172905097,5.610000000000127,14.095714285714296
141,-1,192762,193642,1314.72,1310.4174999999998,4.232500000000236,7.130000000000109,time,2014-07-18,2014-07-18 04:19:00+00:00,2014-07-18 19:00:00+00:00,0.5936185133240072,7.130000000000109,15.3407142857143
145,-1,198280,199106,1296.0800000000002,1292.1874999999998,3.822500000000382,8.75,time,2014-07-24,2014-07-24 05:13:00+00:00,2014-07-24 19:00:00+00:00,0.4368571428571865,8.75,14.818571428571447
147,1,200991,201851,1307.98,1304.03,-4.020000000000046,6.740000000000009,time,2014-07-28,2014-07-28 04:38:00+00:00,2014-07-28 19:00:00+00:00,-0.5964391691394718,6.740000000000009,16.362857142857187
156,1,213207,213717,1316.87,1308.52,-8.41999999999991,8.299999999999955,sl,2014-08-08,2014-08-08 04:00:00+00:00,2014-08-08 12:30:00+00:00,-1.0144578313252959,8.299999999999955,13.696428571428587
162,1,221680,221885,1302.6399999999999,1297.19,-5.519999999999818,5.399999999999864,sl,2014-08-18,2014-08-18 08:59:00+00:00,2014-08-18 12:24:00+00:00,-1.0222222222222144,5.399999999999864,13.911428571428571
165,-1,225560,226362,1284.78,1276.4174999999998,8.292500000000182,5.970000000000027,time,2014-08-21,2014-08-21 05:34:00+00:00,2014-08-21 19:00:00+00:00,1.389028475711917,5.970000000000027,12.724285714285704
168,1,229335,230215,1280.08,1283.9,3.750000000000164,4.730000000000018,time,2014-08-26,2014-08-26 04:18:00+00:00,2014-08-26 19:00:00+00:00,0.7928118393234989,4.730000000000018,12.432142857142837
169,1,230814,231568,1284.52,1282.44,-2.149999999999927,4.470000000000027,time,2014-08-27,2014-08-27 06:23:00+00:00,2014-08-27 19:00:00+00:00,-0.48098434004472346,4.470000000000027,11.978571428571415
173,-1,235845,236742,1281.02,1264.9474999999998,16.002500000000218,6.370000000000118,time,2014-09-02,2014-09-02 04:00:00+00:00,2014-09-02 19:00:00+00:00,2.5121664050235353,6.370000000000118,10.976428571428544
176,1,240035,240824,1264.07,1266.81,2.6700000000000093,6.869999999999891,time,2014-09-05,2014-09-05 05:50:00+00:00,2014-09-05 19:00:00+00:00,0.3886462882096145,6.869999999999891,11.828571428571422
177,1,241349,241682,1271.6699999999998,1265.89,-5.849999999999746,5.729999999999791,sl,2014-09-08,2014-09-08 05:10:00+00:00,2014-09-08 10:43:00+00:00,-1.0209424083769563,5.729999999999791,12.349285714285704
182,1,248285,249025,1234.83,1233.19,-1.7099999999998727,8.680000000000064,time,2014-09-15,2014-09-15 06:34:00+00:00,2014-09-15 19:00:00+00:00,-0.19700460829491476,8.680000000000064,13.919999999999991
183,1,249767,250073,1238.35,1232.4,-6.019999999999818,5.899999999999864,sl,2014-09-16,2014-09-16 08:40:00+00:00,2014-09-16 13:46:00+00:00,-1.0203389830508403,5.899999999999864,13.692142857142844
185,1,252270,252725,1223.85,1217.03,-6.889999999999937,6.769999999999982,sl,2014-09-18,2014-09-18 04:38:00+00:00,2014-09-18 12:13:00+00:00,-1.0177252584933465,6.769999999999982,14.594999999999995
191,-1,260512,260616,1221.73,1228.26,-6.599999999999973,6.480000000000018,sl,2014-09-26,2014-09-26 05:11:00+00:00,2014-09-26 06:55:00+00:00,-1.0185185185185115,6.480000000000018,14.858571428571443
195,-1,266112,266813,1212.68,1212.8874999999998,-0.27749999999975444,9.569999999999936,time,2014-10-02,2014-10-02 07:19:00+00:00,2014-10-02 19:00:00+00:00,-0.02899686520373629,9.569999999999936,14.705714285714325
197,1,268793,269543,1190.1299999999999,1207.3,17.100000000000072,7.079999999999927,time,2014-10-06,2014-10-06 06:30:00+00:00,2014-10-06 19:00:00+00:00,2.4152542372881705,7.079999999999927,15.621428571428623
200,1,272773,273655,1225.53,1224.76,-0.8399999999999819,6.599999999999909,time,2014-10-09,2014-10-09 04:09:00+00:00,2014-10-09 19:00:00+00:00,-0.1272727272727263,6.599999999999909,16.33928571428578
202,1,275593,275701,1234.81,1229.12,-5.760000000000055,5.6400000000001,sl,2014-10-13,2014-10-13 05:45:00+00:00,2014-10-13 07:33:00+00:00,-1.0212765957446726,5.6400000000001,16.006428571428614
204,-1,278466,278740,1223.56,1230.7,-7.2100000000001,7.0900000000001455,sl,2014-10-15,2014-10-15 07:48:00+00:00,2014-10-15 12:22:00+00:00,-1.0169252468265095,7.0900000000001455,15.467142857142871
216,-1,294718,295617,1193.96,1172.1374999999998,21.752500000000218,8.680000000000064,time,2014-10-31,2014-10-31 05:01:00+00:00,2014-10-31 20:00:00+00:00,2.506048387096781,8.680000000000064,13.54571428571426
217,1,296171,296930,1171.21,1167.39,-3.889999999999936,9.600000000000136,time,2014-11-03,2014-11-03 07:19:00+00:00,2014-11-03 20:00:00+00:00,-0.4052083333333209,9.600000000000136,15.45714285714283
219,-1,298806,299676,1161.95,1145.8574999999998,16.0225000000002,7.279999999999973,time,2014-11-05,2014-11-05 05:30:00+00:00,2014-11-05 20:00:00+00:00,2.2008928571428927,7.279999999999973,14.455714285714278
220,1,300176,301054,1146.3799999999999,1144.79,-1.6599999999999182,8.240000000000009,time,2014-11-06,2014-11-06 05:21:00+00:00,2014-11-06 20:00:00+00:00,-0.2014563106796015,8.240000000000009,16.029285714285702
221,1,301627,302432,1142.07,1170.97,28.83000000000009,10.879999999999882,time,2014-11-07,2014-11-07 06:35:00+00:00,2014-11-07 20:00:00+00:00,2.649816176470625,10.879999999999882,16.128571428571426
222,-1,303317,303808,1168.29,1151.5475,16.672500000000063,8.840000000000146,time,2014-11-10,2014-11-10 11:49:00+00:00,2014-11-10 20:00:00+00:00,1.886029411764682,8.840000000000146,18.51928571428571
223,-1,304286,304668,1147.69,1157.26,-9.639999999999937,9.519999999999982,sl,2014-11-11,2014-11-11 05:00:00+00:00,2014-11-11 11:23:00+00:00,-1.012605042016802,9.519999999999982,19.988571428571422
225,-1,307202,307759,1156.49,1167.85,-11.4299999999999,11.309999999999945,sl,2014-11-13,2014-11-13 07:43:00+00:00,2014-11-13 17:00:00+00:00,-1.0106100795755928,11.309999999999945,20.90571428571429
236,-1,322307,322769,1181.5800000000002,1167.21,14.300000000000118,9.199999999999818,time,2014-11-28,2014-11-28 11:02:00+00:00,2014-11-28 18:44:00+00:00,1.554347826087,9.199999999999818,19.825000000000014
237,1,323223,324030,1155.1499999999999,1211.88,56.660000000000245,8.379999999999882,time,2014-12-01,2014-12-01 06:33:00+00:00,2014-12-01 20:00:00+00:00,6.761336515513251,8.379999999999882,19.477857142857147
247,-1,337094,337783,1213.3,1198.2775,14.952500000000036,10.75,time,2014-12-15,2014-12-15 08:31:00+00:00,2014-12-15 20:00:00+00:00,1.390930232558143,10.75,21.994999999999987
250,1,341039,341915,1199.75,1195.91,-3.909999999999918,10.569999999999936,time,2014-12-18,2014-12-18 05:24:00+00:00,2014-12-18 20:00:00+00:00,-0.36991485335855645,10.569999999999936,25.95928571428572
253,1,345296,346036,1182.84,1174.76,-8.149999999999928,9.61999999999989,time,2014-12-23,2014-12-23 07:30:00+00:00,2014-12-23 20:00:00+00:00,-0.8471933471933493,9.61999999999989,22.129999999999995
256,1,347738,348541,1186.06,1193.76,7.630000000000045,9.460000000000036,time,2014-12-26,2014-12-26 06:11:00+00:00,2014-12-26 20:00:00+00:00,0.8065539112050757,9.460000000000036,20.042142857142867
258,1,350565,351277,1189.68,1199.78,10.029999999999909,8.940000000000055,time,2014-12-30,2014-12-30 08:04:00+00:00,2014-12-30 20:00:00+00:00,1.121923937360162,8.940000000000055,18.760714285714293
262,1,354517,355375,1194.31,1203.78,9.400000000000027,11.3599999999999,time,2015-01-05,2015-01-05 05:42:00+00:00,2015-01-05 20:00:00+00:00,0.827464788732404,11.3599999999999,19.43021428571428
265,-1,358986,359186,1204.72,1214.17,-9.520000000000046,9.400000000000091,sl,2015-01-08,2015-01-08 11:34:00+00:00,2015-01-08 14:54:00+00:00,-1.0127659574468035,9.400000000000091,17.68735714285713
268,1,362900,363554,1240.72,1230.62,-10.170000000000137,10.050000000000182,sl,2015-01-13,2015-01-13 08:10:00+00:00,2015-01-13 19:04:00+00:00,-1.011940298507458,10.050000000000182,17.289499999999975
274,1,370723,371316,1297.9099999999999,1290.47,-7.5099999999998275,7.389999999999873,sl,2015-01-21,2015-01-21 05:00:00+00:00,2015-01-21 14:53:00+00:00,-1.016238159675231,7.389999999999873,19.272357142857118
278,1,376307,377132,1280.26,1293.8300000000002,13.500000000000163,7.940000000000055,time,2015-01-27,2015-01-27 06:15:00+00:00,2015-01-27 20:00:00+00:00,1.7002518891687746,7.940000000000055,20.107857142857142
280,-1,379112,379883,1278.05,1256.632,21.347999999999892,7.7000000000000455,time,2015-01-29,2015-01-29 07:08:00+00:00,2015-01-29 20:00:00+00:00,2.7724675324675023,7.7000000000000455,21.35928571428573
293,-1,396746,397532,1226.1100000000001,1207.5320000000002,18.507999999999974,7.740000000000009,time,2015-02-17,2015-02-17 06:54:00+00:00,2015-02-17 20:00:00+00:00,2.3912144702842317,7.740000000000009,19.86714285714288
302,1,409036,409413,1223.2,1213.79,-9.480000000000082,9.360000000000127,sl,2015-03-02,2015-03-02 05:44:00+00:00,2015-03-02 12:03:00+00:00,-1.012820512820508,9.360000000000127,16.325000000000028
303,1,410423,411268,1210.97,1202.8500000000001,-8.189999999999891,15.590000000000146,time,2015-03-03,2015-03-03 05:54:00+00:00,2015-03-03 20:00:00+00:00,-0.5253367543296866,15.590000000000146,16.58928571428576
308,-1,417388,417724,1159.67,1169.16,-9.56000000000001,9.440000000000055,sl,2015-03-10,2015-03-10 06:39:00+00:00,2015-03-10 12:16:00+00:00,-1.0127118644067747,9.440000000000055,16.832857142857197
311,1,421451,421975,1161.75,1153.81,-8.010000000000055,7.8900000000001,sl,2015-03-13,2015-03-13 05:42:00+00:00,2015-03-13 14:26:00+00:00,-1.0152091254752793,7.8900000000001,16.813571428571485
312,1,422785,423247,1160.532,1153.8619999999999,-6.740000000000073,6.620000000000118,sl,2015-03-16,2015-03-16 05:00:00+00:00,2015-03-16 12:43:00+00:00,-1.0181268882175154,6.620000000000118,16.125000000000064
315,-1,427040,427795,1170.1200000000001,1170.492,-0.4419999999998436,7.619999999999891,time,2015-03-19,2015-03-19 07:24:00+00:00,2015-03-19 20:00:00+00:00,-0.05800524934381232,7.619999999999891,17.46428571428576
322,-1,436619,437343,1192.18,1186.692,5.418000000000056,6.019999999999982,time,2015-03-30,2015-03-30 06:56:00+00:00,2015-03-30 19:00:00+00:00,0.900000000000012,6.019999999999982,16.615000000000027
323,-1,437816,438311,1181.21,1187.42,-6.280000000000037,6.160000000000082,sl,2015-03-31,2015-03-31 04:00:00+00:00,2015-03-31 12:15:00+00:00,-1.0194805194805119,6.160000000000082,16.681428571428587
324,-1,439478,439689,1182.68,1188.96,-6.349999999999973,6.230000000000018,sl,2015-04-01,2015-04-01 08:45:00+00:00,2015-04-01 12:16:00+00:00,-1.019261637239158,6.230000000000018,16.295714285714293
330,-1,446178,446585,1196.16,1202.58,-6.489999999999846,6.369999999999891,sl,2015-04-09,2015-04-09 05:34:00+00:00,2015-04-09 12:21:00+00:00,-1.0188383045525835,6.369999999999891,14.888571428571415
332,-1,448814,449714,1203.66,1199.722,3.868000000000102,5.690000000000055,time,2015-04-13,2015-04-13 04:00:00+00:00,2015-04-13 19:00:00+00:00,0.6797891036906968,5.690000000000055,14.622142857142844
347,1,469417,470247,1184.6699999999998,1189.95,5.2100000000002,6.959999999999809,time,2015-05-04,2015-05-04 05:06:00+00:00,2015-05-04 19:00:00+00:00,0.7485632183908538,6.959999999999809,17.42928571428576
350,-1,473584,474324,1186.64,1183.512,3.0580000000001566,6.059999999999945,time,2015-05-07,2015-05-07 06:38:00+00:00,2015-05-07 19:00:00+00:00,0.504620462046235,6.059999999999945,16.78714285714289
377,-1,509992,510583,1180.16,1186.01,-5.919999999999909,5.7999999999999545,sl,2015-06-15,2015-06-15 05:37:00+00:00,2015-06-15 15:29:00+00:00,-1.020689655172406,5.7999999999999545,12.822857142857126
387,-1,523589,524286,1179.77,1180.102,-0.4020000000001073,7.620000000000118,time,2015-06-29,2015-06-29 07:23:00+00:00,2015-06-29 19:00:00+00:00,-0.05275590551182429,7.620000000000118,12.464285714285747
392,-1,529869,530593,1167.57,1174.44,-6.9400000000001185,6.820000000000164,sl,2015-07-06,2015-07-06 04:56:00+00:00,2015-07-06 17:00:00+00:00,-1.0175953079178814,6.820000000000164,11.535714285714318
394,-1,532652,532977,1151.47,1156.55,-5.1499999999999275,5.029999999999973,sl,2015-07-08,2015-07-08 05:53:00+00:00,2015-07-08 11:18:00+00:00,-1.0238568588469097,5.029999999999973,12.060714285714328
396,1,535306,536173,1162.74,1161.3400000000001,-1.4699999999998636,4.920000000000073,time,2015-07-10,2015-07-10 04:33:00+00:00,2015-07-10 19:00:00+00:00,-0.2987804878048459,4.920000000000073,12.18357142857144
403,1,545027,545741,1105.8709999999999,1098.8700000000001,-7.070999999999749,8.849999999999909,time,2015-07-21,2015-07-21 07:05:00+00:00,2015-07-21 19:00:00+00:00,-0.7989830508474375,8.849999999999909,14.309285714285709
404,-1,546328,547117,1092.53,1093.912,-1.452000000000062,10.560000000000173,time,2015-07-22,2015-07-22 05:51:00+00:00,2015-07-22 19:00:00+00:00,-0.13750000000000362,10.560000000000173,14.689999999999989
405,1,547644,548244,1099.6519999999998,1093.502,-6.219999999999864,6.099999999999909,sl,2015-07-23,2015-07-23 04:57:00+00:00,2015-07-23 14:57:00+00:00,-1.0196721311475339,6.099999999999909,14.951428571428567
410,-1,554587,555367,1092.24,1089.0620000000001,3.1079999999998837,6.329999999999927,time,2015-07-30,2015-07-30 06:00:00+00:00,2015-07-30 19:00:00+00:00,0.49099526066349436,6.329999999999927,15.7157142857143
417,1,564095,564993,1095.1,1103.3700000000001,8.200000000000209,5.4099999999998545,time,2015-08-10,2015-08-10 04:02:00+00:00,2015-08-10 19:00:00+00:00,1.515711645101743,5.4099999999998545,15.02642857142858
418,1,565678,566360,1107.21,1108.95,1.670000000000009,13.38000000000011,time,2015-08-11,2015-08-11 07:38:00+00:00,2015-08-11 19:00:00+00:00,0.12481315396113568,13.38000000000011,15.482142857142858
419,1,566944,567730,1113.3,1124.28,10.910000000000018,11.490000000000009,time,2015-08-12,2015-08-12 05:54:00+00:00,2015-08-12 19:00:00+00:00,0.9495213228894699,11.490000000000009,16.157142857142844
420,-1,568389,569109,1120.52,1114.5420000000001,5.907999999999838,6.110000000000127,time,2015-08-13,2015-08-13 07:00:00+00:00,2015-08-13 19:00:00+00:00,0.9669394435351415,6.110000000000127,16.53857142857141
425,1,575158,575982,1139.4199999999998,1152.92,13.430000000000227,6.769999999999982,time,2015-08-20,2015-08-20 05:16:00+00:00,2015-08-20 19:00:00+00:00,1.983751846381132,6.769999999999982,15.478571428571415
426,-1,576654,577320,1153.25,1158.7820000000002,-5.602000000000153,14.88000000000011,time,2015-08-21,2015-08-21 07:14:00+00:00,2015-08-21 19:00:00+00:00,-0.37647849462366345,14.88000000000011,15.411428571428555
427,-1,577911,578352,1155.46,1164.43,-9.040000000000028,8.920000000000073,sl,2015-08-24,2015-08-24 05:53:00+00:00,2015-08-24 13:14:00+00:00,-1.0134529147982012,8.920000000000073,15.85571428571427
429,-1,580589,581455,1134.47,1127.212,7.188000000000038,11.930000000000064,time,2015-08-26,2015-08-26 04:34:00+00:00,2015-08-26 19:00:00+00:00,0.6025146689019278,11.930000000000064,17.50071428571427
431,1,583394,583758,1132.3799999999999,1124.39,-8.059999999999782,7.939999999999827,sl,2015-08-28,2015-08-28 05:30:00+00:00,2015-08-28 11:34:00+00:00,-1.0151133501259393,7.939999999999827,18.404285714285688
433,1,586066,586952,1142.57,1140.26,-2.3799999999999453,8.170000000000073,time,2015-09-01,2015-09-01 04:14:00+00:00,2015-09-01 19:00:00+00:00,-0.29130966952263454,8.170000000000073,17.203571428571422
446,1,603858,604482,1132.24,1137.74,5.43,4.680000000000064,time,2015-09-18,2015-09-18 08:36:00+00:00,2015-09-18 19:00:00+00:00,1.1602564102563944,4.680000000000064,13.054285714285713
450,1,609083,609979,1136.1599999999999,1151.13,14.900000000000254,5.809999999999945,time,2015-09-24,2015-09-24 04:04:00+00:00,2015-09-24 19:00:00+00:00,2.5645438898451625,5.809999999999945,13.371428571428558
451,-1,610610,611357,1146.0900000000001,1147.0220000000002,-1.0020000000000164,5.019999999999982,time,2015-09-25,2015-09-25 06:33:00+00:00,2015-09-25 19:00:00+00:00,-0.199601593625502,5.019999999999982,14.119285714285686
454,-1,614766,615476,1122.8500000000001,1116.432,6.34800000000012,5.139999999999873,time,2015-09-30,2015-09-30 07:10:00+00:00,2015-09-30 19:00:00+00:00,1.235019455252972,5.139999999999873,14.131428571428549
461,1,624191,625091,1145.3519999999999,1156.75,11.328000000000138,5.880000000000109,time,2015-10-09,2015-10-09 04:00:00+00:00,2015-10-09 19:00:00+00:00,1.9265306122448858,5.880000000000109,15.759999999999991
464,1,628518,628661,1174.77,1166.48,-8.359999999999964,8.240000000000009,sl,2015-10-14,2015-10-14 07:25:00+00:00,2015-10-14 09:48:00+00:00,-1.014563106796111,8.240000000000009,16.760714285714307
467,-1,632635,632981,1171.1000000000001,1177.97,-6.939999999999891,6.819999999999936,sl,2015-10-19,2015-10-19 07:14:00+00:00,2015-10-19 13:00:00+00:00,-1.017595307917882,6.819999999999936,16.52285714285717
489,1,662814,663641,1070.71,1070.15,-0.6299999999999455,5.990000000000009,time,2015-11-18,2015-11-18 06:13:00+00:00,2015-11-18 20:00:00+00:00,-0.10517529215358006,5.990000000000009,14.314285714285704
494,-1,669882,670517,1074.3600000000001,1071.0720000000001,3.218000000000011,6.369999999999891,time,2015-11-25,2015-11-25 09:25:00+00:00,2015-11-25 20:00:00+00:00,0.5051805337519727,6.369999999999891,13.23357142857141
496,-1,672424,672957,1066.77,1057.9409999999998,8.759000000000178,6.980000000000018,time,2015-11-27,2015-11-27 09:52:00+00:00,2015-11-27 18:45:00+00:00,1.254871060171942,6.980000000000018,12.136428571428562
503,1,681665,682064,1073.53,1067.74,-5.859999999999964,5.740000000000009,sl,2015-12-08,2015-12-08 06:23:00+00:00,2015-12-08 13:03:00+00:00,-1.0209059233449398,5.740000000000009,15.797857142857115
506,-1,686058,686303,1065.71,1072.96,-7.32,7.2000000000000455,sl,2015-12-11,2015-12-11 10:43:00+00:00,2015-12-11 14:48:00+00:00,-1.0166666666666604,7.2000000000000455,15.330714285714278
507,-1,687258,687991,1070.99,1065.832,5.0879999999999015,6.400000000000091,time,2015-12-14,2015-12-14 07:47:00+00:00,2015-12-14 20:00:00+00:00,0.7949999999999733,6.400000000000091,15.772857142857138
510,-1,691559,692126,1064.67,1051.222,13.378000000000092,8.180000000000064,time,2015-12-17,2015-12-17 10:33:00+00:00,2015-12-17 20:00:00+00:00,1.6354523227383848,8.180000000000064,16.884999999999973
512,1,694011,694878,1070.02,1080.0,9.910000000000018,6.110000000000127,time,2015-12-21,2015-12-21 05:33:00+00:00,2015-12-21 20:00:00+00:00,1.6219312602291016,6.110000000000127,17.448571428571427
517,1,700712,701321,1073.53,1067.93,-5.669999999999909,5.5499999999999545,sl,2015-12-29,2015-12-29 05:47:00+00:00,2015-12-29 15:56:00+00:00,-1.0216216216216136,5.5499999999999545,13.762857142857163
521,1,706197,707060,1077.82,1078.56,0.670000000000009,5.160000000000082,time,2016-01-05,2016-01-05 05:37:00+00:00,2016-01-05 20:00:00+00:00,0.12984496124030978,5.160000000000082,13.494285714285736
524,-1,710424,711197,1101.19,1102.9709999999998,-1.8509999999997218,11.629999999999882,time,2016-01-08,2016-01-08 07:07:00+00:00,2016-01-08 20:00:00+00:00,-0.15915735167667588,11.629999999999882,13.665000000000061
525,-1,711903,712574,1102.5,1096.6409999999998,5.789000000000151,5.930000000000064,time,2016-01-11,2016-01-11 08:49:00+00:00,2016-01-11 20:00:00+00:00,0.9762225969646018,5.930000000000064,13.370000000000037
526,1,713052,713396,1098.1519999999998,1093.1219999999998,-5.099999999999973,4.980000000000018,sl,2016-01-12,2016-01-12 05:00:00+00:00,2016-01-12 10:44:00+00:00,-1.0240963855421594,4.980000000000018,12.980000000000034
527,-1,714568,715007,1082.89,1087.71,-4.889999999999937,4.769999999999982,sl,2016-01-13,2016-01-13 07:17:00+00:00,2016-01-13 14:37:00+00:00,-1.0251572327043932,4.769999999999982,12.827857142857154
529,1,717261,718085,1082.19,1088.43,6.170000000000009,5.910000000000082,time,2016-01-15,2016-01-15 06:16:00+00:00,2016-01-15 20:00:00+00:00,1.0439932318104777,5.910000000000082,14.487857142857138
532,1,721210,721979,1093.68,1103.3400000000001,9.590000000000082,5.860000000000127,time,2016-01-20,2016-01-20 07:11:00+00:00,2016-01-20 20:00:00+00:00,1.6365187713310363,5.860000000000127,15.573571428571427
536,1,726666,727490,1113.72,1121.94,8.150000000000027,6.240000000000009,time,2016-01-26,2016-01-26 06:15:00+00:00,2016-01-26 20:00:00+00:00,1.306089743589746,6.240000000000009,15.905714285714273
538,-1,729348,730247,1118.79,1115.841,2.8790000000000693,5.960000000000036,time,2016-01-28,2016-01-28 05:01:00+00:00,2016-01-28 20:00:00+00:00,0.48305369127517644,5.960000000000036,15.173571428571401
540,1,732099,732998,1122.522,1128.3400000000001,5.748000000000211,5.439999999999827,time,2016-02-01,2016-02-01 05:00:00+00:00,2016-02-01 20:00:00+00:00,1.056617647058896,5.439999999999827,14.261428571428562
541,-1,733486,734053,1124.8500000000001,1130.39,-5.609999999999964,5.490000000000009,sl,2016-02-02,2016-02-02 05:10:00+00:00,2016-02-02 14:37:00+00:00,-1.0218579234972596,5.490000000000009,14.056428571428569
548,1,743332,744020,1214.35,1244.4,29.98000000000018,16.11999999999989,time,2016-02-11,2016-02-11 08:32:00+00:00,2016-02-11 20:00:00+00:00,1.8598014888337708,16.11999999999989,16.319999999999986
549,-1,744499,744578,1232.57,1243.33,-10.829999999999991,10.710000000000036,sl,2016-02-12,2016-02-12 05:00:00+00:00,2016-02-12 06:19:00+00:00,-1.0112044817927128,10.710000000000036,20.34357142857141
550,-1,746011,746667,1214.39,1209.6934999999999,4.626500000000242,20.36999999999989,time,2016-02-15,2016-02-15 07:14:00+00:00,2016-02-15 18:11:00+00:00,0.22712322042220257,20.36999999999989,20.50214285714284
551,1,747318,747927,1208.8799999999999,1203.66,-5.2899999999998,18.059999999999945,time,2016-02-16,2016-02-16 09:51:00+00:00,2016-02-16 20:00:00+00:00,-0.2929125138427362,18.059999999999945,21.932857142857138
552,1,748547,749306,1209.6699999999998,1208.26,-1.4799999999998545,13.939999999999827,time,2016-02-17,2016-02-17 07:21:00+00:00,2016-02-17 20:00:00+00:00,-0.1061692969870784,13.939999999999827,22.869285714285702
555,-1,752698,753441,1214.5,1207.9809999999998,6.4490000000002325,11.539999999999964,time,2016-02-22,2016-02-22 07:37:00+00:00,2016-02-22 20:00:00+00:00,0.5588388214904898,11.539999999999964,25.419999999999977
558,1,756756,757578,1236.8,1238.3,1.43,12.809999999999945,time,2016-02-25,2016-02-25 06:18:00+00:00,2016-02-25 20:00:00+00:00,0.11163153786104653,12.809999999999945,27.856428571428523
565,1,766646,767231,1268.6499999999999,1267.67,-1.0499999999997909,11.980000000000018,time,2016-03-07,2016-03-07 10:15:00+00:00,2016-03-07 20:00:00+00:00,-0.08764607679464018,11.980000000000018,24.969999999999978
567,-1,769493,769988,1251.43,1254.051,-2.690999999999867,13.5,time,2016-03-09,2016-03-09 11:45:00+00:00,2016-03-09 20:00:00+00:00,-0.19933333333332348,13.5,24.248571428571413
569,-1,771957,772743,1269.46,1259.241,10.14900000000005,13.8599999999999,time,2016-03-11,2016-03-11 06:54:00+00:00,2016-03-11 20:00:00+00:00,0.7322510822510911,13.8599999999999,24.580714285714294
574,-1,779004,779686,1257.77,1253.7009999999998,3.9990000000001875,9.049999999999955,time,2016-03-18,2016-03-18 08:38:00+00:00,2016-03-18 20:00:00+00:00,0.441878453038697,9.049999999999955,24.817142857142876
577,-1,783077,783820,1231.57,1220.1609999999998,11.339000000000105,17.74000000000001,time,2016-03-23,2016-03-23 07:37:00+00:00,2016-03-23 20:00:00+00:00,0.6391770011274013,17.74000000000001,24.00214285714289
585,1,793933,794786,1226.86,1228.41,1.4800000000001818,12.039999999999964,time,2016-04-05,2016-04-05 04:47:00+00:00,2016-04-05 19:00:00+00:00,0.12292358803988258,12.039999999999964,19.729999999999986
589,1,799415,800297,1252.06,1256.56,4.43,8.089999999999918,time,2016-04-11,2016-04-11 04:18:00+00:00,2016-04-11 19:00:00+00:00,0.5475896168108831,8.089999999999918,18.697857142857142
592,1,803780,804235,1242.3,1229.02,-13.349999999999973,13.230000000000018,sl,2016-04-14,2016-04-14 08:09:00+00:00,2016-04-14 15:44:00+00:00,-1.009070294784577,13.230000000000018,17.394285714285697
594,-1,806444,806643,1233.28,1239.59,-6.379999999999946,6.259999999999991,sl,2016-04-18,2016-04-18 06:41:00+00:00,2016-04-18 10:00:00+00:00,-1.0191693290734751,6.259999999999991,17.699285714285697
595,1,807798,808559,1235.26,1251.8300000000002,16.500000000000163,7.559999999999945,time,2016-04-19,2016-04-19 06:19:00+00:00,2016-04-19 19:00:00+00:00,2.18253968253972,7.559999999999945,16.55857142857141
596,-1,809062,809933,1249.3400000000001,1251.041,-1.7709999999997945,8.529999999999973,time,2016-04-20,2016-04-20 04:29:00+00:00,2016-04-20 19:00:00+00:00,-0.20762016412658854,8.529999999999973,17.144999999999964
597,1,810509,811312,1251.24,1248.93,-2.3799999999999453,7.8400000000001455,time,2016-04-21,2016-04-21 05:37:00+00:00,2016-04-21 19:00:00+00:00,-0.30357142857141595,7.8400000000001455,17.078571428571404
602,1,817360,818201,1250.01,1264.73,14.650000000000027,12.289999999999964,time,2016-04-28,2016-04-28 04:59:00+00:00,2016-04-28 19:00:00+00:00,1.1920260374288096,12.289999999999964,16.97499999999999
605,-1,821555,821603,1289.3600000000001,1296.86,-7.569999999999773,7.449999999999818,sl,2016-05-03,2016-05-03 05:59:00+00:00,2016-05-03 06:47:00+00:00,-1.01610738255033,7.449999999999818,19.53857142857144
606,-1,823154,823316,1278.76,1287.61,-8.91999999999991,8.799999999999955,sl,2016-05-04,2016-05-04 09:43:00+00:00,2016-05-04 12:25:00+00:00,-1.0136363636363586,8.799999999999955,19.709285714285734
614,1,833957,834619,1279.4099999999999,1272.32,-7.159999999999918,7.039999999999964,sl,2016-05-16,2016-05-16 06:02:00+00:00,2016-05-16 17:04:00+00:00,-1.0170454545454481,7.039999999999964,19.13071428571433
615,-1,835341,835850,1273.94,1280.84,-6.969999999999864,6.849999999999909,sl,2016-05-17,2016-05-17 06:09:00+00:00,2016-05-17 14:38:00+00:00,-1.017518248175176,6.849999999999909,19.450000000000045
620,-1,842203,842998,1244.3400000000001,1228.6309999999999,15.639000000000287,7.7999999999999545,time,2016-05-24,2016-05-24 05:45:00+00:00,2016-05-24 19:00:00+00:00,2.0050000000000483,7.7999999999999545,17.192142857142894
621,-1,843608,844376,1223.27,1225.1309999999999,-1.9309999999998764,6.860000000000127,time,2016-05-25,2016-05-25 06:12:00+00:00,2016-05-25 19:00:00+00:00,-0.28148688046644904,6.860000000000127,17.76571428571432
623,1,846449,846897,1223.08,1211.52,-11.629999999999946,11.509999999999991,sl,2016-05-27,2016-05-27 07:37:00+00:00,2016-05-27 15:06:00+00:00,-1.010425716768024,11.509999999999991,17.030000000000022
624,-1,847737,847978,1199.8,1209.26,-9.530000000000037,9.410000000000082,sl,2016-05-30,2016-05-30 06:07:00+00:00,2016-05-30 10:08:00+00:00,-1.0127523910733214,9.410000000000082,16.296428571428596
625,1,848833,849649,1214.33,1216.66,2.2600000000001548,6.079999999999927,time,2016-05-31,2016-05-31 05:24:00+00:00,2016-05-31 19:00:00+00:00,0.37171052631581936,6.079999999999927,16.33714285714289
626,-1,850133,850610,1213.72,1219.89,-6.240000000000073,6.120000000000118,sl,2016-06-01,2016-06-01 04:05:00+00:00,2016-06-01 12:02:00+00:00,-1.019607843137247,6.120000000000118,16.0271428571429
629,-1,854360,855158,1240.79,1245.6209999999999,-4.900999999999904,7.870000000000118,time,2016-06-06,2016-06-06 05:42:00+00:00,2016-06-06 19:00:00+00:00,-0.6227445997458488,7.870000000000118,16.901428571428596
631,1,857061,857905,1249.21,1260.71,11.43,6.230000000000018,time,2016-06-08,2016-06-08 04:56:00+00:00,2016-06-08 19:00:00+00:00,1.8346709470304923,6.230000000000018,15.611428571428585
632,-1,858562,859002,1260.41,1266.35,-6.0099999999998275,5.889999999999873,sl,2016-06-09,2016-06-09 07:04:00+00:00,2016-06-09 14:24:00+00:00,-1.0203735144312323,5.889999999999873,15.882142857142867
634,1,861237,862030,1278.4199999999998,1282.3400000000001,3.8500000000003003,5.989999999999782,time,2016-06-13,2016-06-13 05:47:00+00:00,2016-06-13 19:00:00+00:00,0.6427378964942305,5.989999999999782,16.18571428571428
637,1,865294,866059,1301.31,1291.61,-9.770000000000046,9.650000000000091,sl,2016-06-16,2016-06-16 04:30:00+00:00,2016-06-16 17:15:00+00:00,-1.012435233160617,9.650000000000091,15.63285714285712
638,1,867034,867543,1286.1699999999998,1293.1000000000001,6.860000000000291,9.629999999999882,time,2016-06-17,2016-06-17 10:31:00+00:00,2016-06-17 19:00:00+00:00,0.7123572170301532,9.629999999999882,17.197142857142826
639,-1,868048,868922,1280.98,1286.9109999999998,-6.000999999999813,11.230000000000018,time,2016-06-20,2016-06-20 04:26:00+00:00,2016-06-20 19:00:00+00:00,-0.5343722172751383,11.230000000000018,17.912142857142822
640,-1,869475,870300,1285.0900000000001,1269.571,15.449000000000233,9.009999999999991,time,2016-06-21,2016-06-21 05:14:00+00:00,2016-06-21 19:00:00+00:00,1.7146503884572972,9.009999999999991,18.654999999999955
642,1,872289,872559,1266.95,1259.59,-7.430000000000128,7.310000000000173,sl,2016-06-23,2016-06-23 06:10:00+00:00,2016-06-23 10:40:00+00:00,-1.016415868673044,7.310000000000173,19.64714285714282
644,-1,874921,875817,1322.97,1327.8609999999999,-4.960999999999849,12.370000000000118,time,2016-06-27,2016-06-27 04:04:00+00:00,2016-06-27 19:00:00+00:00,-0.40105092966853695,12.370000000000118,25.060714285714248
645,-1,876317,877195,1316.24,1313.331,2.8390000000001057,9.720000000000027,time,2016-06-28,2016-06-28 04:22:00+00:00,2016-06-28 19:00:00+00:00,0.29207818930042156,9.720000000000027,25.665714285714248
648,1,880470,881328,1331.1,1337.53,6.360000000000063,10.490000000000009,time,2016-07-01,2016-07-01 04:42:00+00:00,2016-07-01 19:00:00+00:00,0.6062917063870408,10.490000000000009,25.454285714285707
651,1,884444,885223,1371.27,1363.0800000000002,-8.259999999999827,12.549999999999955,time,2016-07-06,2016-07-06 06:01:00+00:00,2016-07-06 19:00:00+00:00,-0.6581673306772795,12.549999999999955,26.637857142857147
654,-1,888574,889355,1363.0800000000002,1354.491,8.519000000000169,9.629999999999882,time,2016-07-11,2016-07-11 05:59:00+00:00,2016-07-11 19:00:00+00:00,0.8846313603323233,9.629999999999882,25.87357142857143
656,1,891362,892105,1340.48,1343.39,2.840000000000082,12.88000000000011,time,2016-07-13,2016-07-13 06:37:00+00:00,2016-07-13 19:00:00+00:00,0.22049689440994238,12.88000000000011,26.620000000000022
657,-1,892613,893481,1337.31,1332.4209999999998,4.819000000000123,9.77000000000021,time,2016-07-14,2016-07-14 04:32:00+00:00,2016-07-14 19:00:00+00:00,0.49324462640737154,9.77000000000021,26.350000000000023
658,-1,893989,894448,1326.73,1335.83,-9.16999999999991,9.049999999999955,sl,2016-07-15,2016-07-15 04:31:00+00:00,2016-07-15 12:10:00+00:00,-1.0132596685082824,9.049999999999955,21.117857142857165
661,-1,898204,898990,1330.47,1317.6209999999999,12.77900000000016,7.7000000000000455,time,2016-07-20,2016-07-20 05:54:00+00:00,2016-07-20 19:00:00+00:00,1.6596103896104006,7.7000000000000455,19.925714285714303
663,-1,901017,901731,1324.32,1323.2009999999998,1.0490000000001418,9.38000000000011,time,2016-07-22,2016-07-22 07:06:00+00:00,2016-07-22 19:00:00+00:00,0.11183368869937416,9.38000000000011,20.902857142857165
665,1,903815,904481,1322.52,1320.14,-2.4499999999998816,8.670000000000073,time,2016-07-26,2016-07-26 07:54:00+00:00,2016-07-26 19:00:00+00:00,-0.2825836216839517,8.670000000000073,19.924285714285734
670,1,910632,911354,1354.01,1364.77,10.68999999999999,6.8900000000001,time,2016-08-02,2016-08-02 06:58:00+00:00,2016-08-02 19:00:00+00:00,1.5515239477503389,6.8900000000001,17.44714285714287
672,-1,913209,913639,1351.49,1359.08,-7.659999999999918,7.539999999999964,sl,2016-08-04,2016-08-04 04:02:00+00:00,2016-08-04 11:12:00+00:00,-1.0159151193633893,7.539999999999964,16.567142857142876
674,1,915957,916188,1337.84,1331.43,-6.479999999999855,6.3599999999999,sl,2016-08-08,2016-08-08 04:03:00+00:00,2016-08-08 07:54:00+00:00,-1.018867924528295,6.3599999999999,17.718571428571458
676,1,918704,919604,1350.58,1346.46,-4.189999999999891,9.819999999999936,time,2016-08-10,2016-08-10 04:00:00+00:00,2016-08-10 19:00:00+00:00,-0.426680244399177,9.819999999999936,16.67214285714288
677,-1,920160,920621,1341.53,1347.94,-6.480000000000082,6.360000000000127,sl,2016-08-11,2016-08-11 05:20:00+00:00,2016-08-11 13:01:00+00:00,-1.0188679245282943,6.360000000000127,16.200000000000028
678,1,921451,922217,1341.26,1334.77,-6.560000000000009,6.440000000000055,sl,2016-08-12,2016-08-12 04:02:00+00:00,2016-08-12 16:48:00+00:00,-1.0186335403726636,6.440000000000055,16.449285714285743
680,1,924219,925065,1346.98,1348.55,1.4999999999999363,6.880000000000109,time,2016-08-16,2016-08-16 04:25:00+00:00,2016-08-16 19:00:00+00:00,0.21802325581394078,6.880000000000109,17.090000000000014
683,-1,928620,929196,1345.6100000000001,1342.9309999999998,2.609000000000315,7.0499999999999545,time,2016-08-19,2016-08-19 09:24:00+00:00,2016-08-19 19:00:00+00:00,0.37007092198586267,7.0499999999999545,15.45857142857145
691,1,939350,939829,1315.5,1310.17,-5.3999999999999275,5.279999999999973,sl,2016-08-31,2016-08-31 04:36:00+00:00,2016-08-31 12:35:00+00:00,-1.0227272727272643,5.279999999999973,14.389999999999954
692,-1,940901,941292,1306.1100000000001,1311.54,-5.499999999999837,5.379999999999882,sl,2016-09-01,2016-09-01 07:29:00+00:00,2016-09-01 14:00:00+00:00,-1.0223048327137467,5.379999999999882,13.980714285714239
696,1,945997,946209,1352.6399999999999,1347.41,-5.299999999999791,5.179999999999836,sl,2016-09-07,2016-09-07 04:36:00+00:00,2016-09-07 08:08:00+00:00,-1.0231660231660151,5.179999999999836,14.414285714285663
697,1,947363,947884,1347.56,1341.82,-5.810000000000009,5.690000000000055,sl,2016-09-08,2016-09-08 04:28:00+00:00,2016-09-08 13:09:00+00:00,-1.0210896309314506,5.690000000000055,14.40928571428565
701,1,952973,953747,1322.48,1323.32,0.7699999999999181,8.980000000000018,time,2016-09-14,2016-09-14 06:06:00+00:00,2016-09-14 19:00:00+00:00,0.08574610244987935,8.980000000000018,14.57428571428568
704,1,957093,957878,1316.98,1313.5800000000002,-3.4699999999998634,7.539999999999964,time,2016-09-19,2016-09-19 05:55:00+00:00,2016-09-19 19:00:00+00:00,-0.46021220159149606,7.539999999999964,14.586428571428558
710,-1,965331,966139,1334.29,1327.9509999999998,6.269000000000169,5.130000000000109,time,2016-09-27,2016-09-27 05:32:00+00:00,2016-09-27 19:00:00+00:00,1.22202729044835,5.130000000000109,12.650714285714246
713,1,969497,969970,1324.73,1319.6,-5.200000000000109,5.080000000000155,sl,2016-09-30,2016-09-30 06:18:00+00:00,2016-09-30 14:11:00+00:00,-1.023622047244085,5.080000000000155,12.50928571428569
714,-1,970731,971617,1314.99,1311.6009999999999,3.319000000000124,4.5499999999999545,time,2016-10-03,2016-10-03 04:14:00+00:00,2016-10-03 19:00:00+00:00,0.729450549450584,4.5499999999999545,12.877857142857108
715,-1,972279,972994,1307.8600000000001,1269.2109999999998,38.57900000000034,5.039999999999964,time,2016-10-04,2016-10-04 07:05:00+00:00,2016-10-04 19:00:00+00:00,7.654563492063615,5.039999999999964,12.444285714285668
716,1,973470,974082,1274.6619999999998,1266.6319999999998,-8.099999999999973,7.980000000000018,sl,2016-10-05,2016-10-05 04:00:00+00:00,2016-10-05 14:12:00+00:00,-1.0150375939849567,7.980000000000018,14.851428571428528
719,1,977684,978441,1264.2,1259.16,-5.109999999999964,7.570000000000164,time,2016-10-10,2016-10-10 06:23:00+00:00,2016-10-10 19:00:00+00:00,-0.6750330250990559,7.570000000000164,16.20357142857139
725,1,985906,986663,1260.87,1262.39,1.4500000000002091,5.679999999999836,time,2016-10-18,2016-10-18 06:23:00+00:00,2016-10-18 19:00:00+00:00,0.25528169014088925,5.679999999999836,14.684999999999977
733,1,996770,996892,1271.85,1268.01,-3.909999999999918,3.7899999999999636,sl,2016-10-28,2016-10-28 04:01:00+00:00,2016-10-28 06:03:00+00:00,-1.0316622691292758,3.7899999999999636,10.078571428571406
736,1,1000946,1001846,1293.02,1296.25,3.1600000000000183,5.660000000000082,time,2016-11-02,2016-11-02 05:00:00+00:00,2016-11-02 20:00:00+00:00,0.5583038869257902,5.660000000000082,11.47785714285713
737,-1,1002506,1003211,1296.27,1303.3609999999999,-7.160999999999895,10.240000000000009,time,2016-11-03,2016-11-03 08:15:00+00:00,2016-11-03 20:00:00+00:00,-0.6993164062499891,10.240000000000009,12.306428571428569
738,-1,1003695,1004090,1297.66,1304.25,-6.659999999999918,6.539999999999964,sl,2016-11-04,2016-11-04 05:55:00+00:00,2016-11-04 12:30:00+00:00,-1.0183486238532042,6.539999999999964,12.861428571428567
739,-1,1004972,1005857,1288.78,1280.6409999999998,8.069000000000123,6.850000000000136,time,2016-11-07,2016-11-07 05:15:00+00:00,2016-11-07 20:00:00+00:00,1.1779562043795566,6.850000000000136,13.272142857142853
741,1,1007710,1008609,1332.49,1272.38,-60.1799999999999,63.73000000000002,time,2016-11-09,2016-11-09 05:01:00+00:00,2016-11-09 20:00:00+00:00,-0.9442962498038582,63.73000000000002,15.143571428571411
742,1,1009277,1009630,1288.72,1274.35,-14.440000000000119,14.320000000000164,sl,2016-11-10,2016-11-10 08:10:00+00:00,2016-11-10 14:03:00+00:00,-1.0083798882681532,14.320000000000164,19.342857142857124
744,-1,1011870,1012742,1213.52,1217.6509999999998,-4.200999999999858,16.539999999999964,time,2016-11-14,2016-11-14 05:28:00+00:00,2016-11-14 20:00:00+00:00,-0.25399032648124953,16.539999999999964,24.196428571428555
745,1,1013440,1013506,1231.32,1222.66,-8.729999999999855,8.6099999999999,sl,2016-11-15,2016-11-15 08:39:00+00:00,2016-11-15 09:45:00+00:00,-1.0139372822299602,8.6099999999999,24.489999999999977
748,-1,1017512,1017860,1205.5,1216.03,-10.599999999999973,10.480000000000018,sl,2016-11-18,2016-11-18 07:41:00+00:00,2016-11-18 13:29:00+00:00,-1.011450381679385,10.480000000000018,24.647857142857106
753,1,1024128,1024820,1186.76,1183.8300000000002,-2.999999999999836,15.829999999999927,time,2016-11-25,2016-11-25 07:12:00+00:00,2016-11-25 18:44:00+00:00,-0.18951358180668668,15.829999999999927,24.96857142857139
756,-1,1028120,1028836,1187.68,1174.1209999999999,13.489000000000196,7.129999999999882,time,2016-11-30,2016-11-30 08:04:00+00:00,2016-11-30 20:00:00+00:00,1.8918653576438176,7.129999999999882,20.223571428571404
757,1,1029319,1029903,1173.82,1161.94,-11.949999999999882,11.829999999999927,sl,2016-12-01,2016-12-01 05:05:00+00:00,2016-12-01 14:49:00+00:00,-1.010143702451391,11.829999999999927,19.10785714285711
759,-1,1032229,1032969,1171.45,1171.1509999999998,0.22900000000020554,9.86999999999989,time,2016-12-05,2016-12-05 07:40:00+00:00,2016-12-05 20:00:00+00:00,0.02320162107398258,9.86999999999989,16.409999999999986
767,-1,1043398,1043980,1134.68,1131.8609999999999,2.7490000000001875,9.61999999999989,time,2016-12-15,2016-12-15 10:18:00+00:00,2016-12-15 20:00:00+00:00,0.2857588357588585,9.61999999999989,16.12571428571427
771,1,1048669,1049489,1136.75,1131.27,-5.5500000000000185,7.380000000000109,time,2016-12-21,2016-12-21 06:20:00+00:00,2016-12-21 20:00:00+00:00,-0.7520325203251946,7.380000000000109,14.903571428571436
775,1,1052740,1053610,1138.11,1139.44,1.2600000000001546,6.470000000000027,time,2016-12-27,2016-12-27 05:30:00+00:00,2016-12-27 20:00:00+00:00,0.19474497681609726,6.470000000000027,12.279500000000033
777,1,1055558,1056354,1149.81,1155.49,5.610000000000063,7.490000000000009,time,2016-12-29,2016-12-29 06:44:00+00:00,2016-12-29 20:00:00+00:00,0.7489986648865229,7.490000000000009,12.515214285714299
778,-1,1057071,1057732,1157.94,1152.251,5.619000000000078,4.9500000000000455,time,2016-12-30,2016-12-30 08:59:00+00:00,2016-12-30 20:00:00+00:00,1.1351515151515206,4.9500000000000455,12.8002142857143
780,1,1058272,1058470,1158.6599999999999,1149.56,-9.16999999999991,9.049999999999955,sl,2017-01-03,2017-01-03 06:12:00+00:00,2017-01-03 09:30:00+00:00,-1.0132596685082824,9.049999999999955,12.184071428571444
781,1,1059628,1060476,1161.61,1162.67,0.9900000000001727,5.509999999999991,time,2017-01-04,2017-01-04 05:52:00+00:00,2017-01-04 20:00:00+00:00,0.17967332123415142,5.509999999999991,11.591928571428591
782,1,1060968,1061854,1174.29,1180.75,6.390000000000036,8.480000000000018,time,2017-01-05,2017-01-05 05:14:00+00:00,2017-01-05 20:00:00+00:00,0.7535377358490593,8.480000000000018,10.87835714285716
783,-1,1062362,1062842,1175.8400000000001,1181.87,-6.099999999999746,5.979999999999791,sl,2017-01-06,2017-01-06 05:30:00+00:00,2017-01-06 13:30:00+00:00,-1.0200668896321001,5.979999999999791,11.201214285714302
785,1,1065141,1065978,1187.25,1186.57,-0.7500000000000637,7.100000000000136,time,2017-01-10,2017-01-10 06:03:00+00:00,2017-01-10 20:00:00+00:00,-0.10563380281690836,7.100000000000136,11.511928571428566
787,1,1067893,1068734,1198.75,1196.1000000000001,-2.7199999999998634,5.8900000000001,time,2017-01-12,2017-01-12 05:59:00+00:00,2017-01-12 20:00:00+00:00,-0.4617996604413951,5.8900000000001,12.764071428571437
788,1,1069372,1069783,1196.6699999999998,1191.18,-5.559999999999782,5.439999999999827,sl,2017-01-13,2017-01-13 07:39:00+00:00,2017-01-13 14:30:00+00:00,-1.0220588235294041,5.439999999999827,13.243357142857137
792,1,1074747,1075074,1204.9099999999999,1197.55,-7.4299999999999,7.309999999999945,sl,2017-01-19,2017-01-19 09:21:00+00:00,2017-01-19 14:48:00+00:00,-1.0164158686730445,7.309999999999945,13.758857142857144
793,1,1075987,1076084,1208.36,1203.13,-5.299999999999791,5.179999999999836,sl,2017-01-20,2017-01-20 07:03:00+00:00,2017-01-20 08:40:00+00:00,-1.0231660231660151,5.179999999999836,13.565285714285713
794,-1,1077239,1078139,1214.1000000000001,1216.305,-2.274999999999927,5.279999999999973,time,2017-01-23,2017-01-23 05:00:00+00:00,2017-01-23 20:00:00+00:00,-0.43087121212120055,5.279999999999973,14.512857142857131
796,-1,1079987,1080870,1204.74,1198.335,6.334999999999972,4.920000000000073,time,2017-01-25,2017-01-25 05:17:00+00:00,2017-01-25 20:00:00+00:00,1.2876016260162355,4.920000000000073,14.022142857142853
800,1,1085900,1086381,1203.01,1212.71,9.630000000000045,6.940000000000055,time,2017-01-31,2017-01-31 11:59:00+00:00,2017-01-31 20:00:00+00:00,1.3876080691642607,6.940000000000055,14.135000000000007
802,1,1088282,1089138,1216.87,1216.0,-0.9399999999998909,7.279999999999973,time,2017-02-02,2017-02-02 05:44:00+00:00,2017-02-02 20:00:00+00:00,-0.12912087912086462,7.279999999999973,14.012857142857147
806,1,1093977,1094648,1235.3899999999999,1239.43,3.970000000000191,5.399999999999864,time,2017-02-08,2017-02-08 08:49:00+00:00,2017-02-08 20:00:00+00:00,0.7351851851852391,5.399999999999864,13.872857142857129
815,-1,1106129,1106598,1232.3500000000001,1237.24,-4.959999999999873,4.839999999999918,sl,2017-02-21,2017-02-21 08:46:00+00:00,2017-02-21 16:35:00+00:00,-1.024793388429743,4.839999999999918,13.415714285714298
827,-1,1122667,1122925,1203.69,1208.94,-5.32,5.2000000000000455,sl,2017-03-09,2017-03-09 08:46:00+00:00,2017-03-09 13:04:00+00:00,-1.0230769230769141,5.2000000000000455,12.297142857142846
831,1,1128021,1128402,1203.97,1198.9,-5.139999999999937,5.019999999999982,sl,2017-03-15,2017-03-15 06:09:00+00:00,2017-03-15 12:30:00+00:00,-1.0239043824701106,5.019999999999982,12.572857142857142
832,1,1129368,1130231,1225.7,1226.22,0.4499999999999818,5.660000000000082,time,2017-03-16,2017-03-16 05:37:00+00:00,2017-03-16 20:00:00+00:00,0.07950530035335253,5.660000000000082,13.22142857142858
834,1,1132089,1132517,1235.09,1230.07,-5.089999999999982,4.970000000000027,sl,2017-03-20,2017-03-20 05:00:00+00:00,2017-03-20 12:08:00+00:00,-1.0241448692152826,4.970000000000027,12.90285714285715
839,1,1139059,1139822,1258.05,1255.0900000000001,-3.029999999999809,6.539999999999964,time,2017-03-27,2017-03-27 06:17:00+00:00,2017-03-27 19:00:00+00:00,-0.46330275229355133,6.539999999999964,11.990000000000009
847,-1,1149944,1150842,1253.48,1253.375,0.03500000000001818,5.319999999999936,time,2017-04-06,2017-04-06 04:02:00+00:00,2017-04-06 19:00:00+00:00,0.0065789473684245495,5.319999999999936,10.932857142857156
850,1,1154169,1154963,1257.07,1273.52,16.380000000000045,4.029999999999973,time,2017-04-11,2017-04-11 05:46:00+00:00,2017-04-11 19:00:00+00:00,4.064516129032297,4.029999999999973,11.292142857142851
851,-1,1155555,1156340,1273.93,1275.515,-1.6550000000000364,5.740000000000009,time,2017-04-12,2017-04-12 05:55:00+00:00,2017-04-12 19:00:00+00:00,-0.2883275261324101,5.740000000000009,12.344999999999995
853,-1,1158300,1159096,1290.25,1286.075,4.104999999999954,5.110000000000127,time,2017-04-17,2017-04-17 05:44:00+00:00,2017-04-17 19:00:00+00:00,0.8033268101760963,5.110000000000127,12.370000000000005
859,-1,1166537,1167362,1272.89,1264.4750000000001,8.344999999999963,5.169999999999845,time,2017-04-25,2017-04-25 05:15:00+00:00,2017-04-25 19:00:00+00:00,1.614119922630602,5.169999999999845,12.988571428571406
863,-1,1172137,1172850,1261.73,1257.335,4.3249999999999815,9.259999999999991,time,2017-05-01,2017-05-01 07:07:00+00:00,2017-05-01 19:00:00+00:00,0.4670626349891993,9.259999999999991,12.225000000000007
868,1,1179210,1179590,1234.7,1226.84,-7.930000000000128,7.810000000000173,sl,2017-05-08,2017-05-08 10:12:00+00:00,2017-05-08 16:32:00+00:00,-1.0153649167733614,7.810000000000173,12.297142857142846
874,1,1187235,1188005,1235.22,1237.27,1.9799999999999545,4.820000000000164,time,2017-05-16,2017-05-16 06:10:00+00:00,2017-05-16 19:00:00+00:00,0.4107883817427152,4.820000000000164,10.992857142857133
875,1,1188791,1189384,1244.8899999999999,1256.93,11.97000000000019,7.399999999999864,time,2017-05-17,2017-05-17 09:07:00+00:00,2017-05-17 19:00:00+00:00,1.617567567567623,7.399999999999864,10.827857142857138
876,-1,1189997,1190220,1257.6100000000001,1262.86,-5.319999999999773,5.199999999999818,sl,2017-05-18,2017-05-18 06:14:00+00:00,2017-05-18 09:57:00+00:00,-1.0230769230769152,5.199999999999818,12.146428571428553
882,1,1198150,1199031,1258.22,1269.01,10.719999999999963,5.110000000000127,time,2017-05-26,2017-05-26 04:19:00+00:00,2017-05-26 19:00:00+00:00,2.097847358121271,5.110000000000127,11.808571428571408
884,-1,1200865,1201538,1265.14,1263.175,1.8950000000001455,5.169999999999845,time,2017-05-30,2017-05-30 07:47:00+00:00,2017-05-30 19:00:00+00:00,0.3665377176015865,5.169999999999845,11.434999999999993
889,1,1207534,1208424,1284.98,1291.06,6.009999999999927,5.350000000000136,time,2017-06-06,2017-06-06 04:10:00+00:00,2017-06-06 19:00:00+00:00,1.1233644859812661,5.350000000000136,12.506428571428549
892,-1,1211725,1212501,1273.02,1270.9450000000002,2.0049999999998183,7.0,time,2017-06-09,2017-06-09 06:04:00+00:00,2017-06-09 19:00:00+00:00,0.28642857142854544,7.0,11.892142857142858
894,-1,1214626,1215158,1262.57,1267.04,-4.540000000000028,4.420000000000073,sl,2017-06-13,2017-06-13 08:28:00+00:00,2017-06-13 17:20:00+00:00,-1.0271493212669576,4.420000000000073,11.775714285714278
896,-1,1217231,1218016,1262.05,1254.4950000000001,7.484999999999836,4.570000000000164,time,2017-06-15,2017-06-15 05:55:00+00:00,2017-06-15 19:00:00+00:00,1.6378555798686145,4.570000000000164,12.897142857142853
898,-1,1220052,1220767,1250.96,1245.315,5.5749999999999815,4.559999999999945,time,2017-06-19,2017-06-19 07:05:00+00:00,2017-06-19 19:00:00+00:00,1.2225877192982562,4.559999999999945,12.94142857142856
901,1,1224104,1224839,1253.97,1246.65,-7.389999999999937,7.269999999999982,sl,2017-06-22,2017-06-22 05:46:00+00:00,2017-06-22 18:01:00+00:00,-1.0165061898211767,7.269999999999982,12.365714285714294
905,1,1229738,1230088,1253.44,1248.07,-5.4400000000001185,5.320000000000164,sl,2017-06-28,2017-06-28 08:12:00+00:00,2017-06-28 14:02:00+00:00,-1.0225563909774344,5.320000000000164,12.197142857142873
906,1,1231002,1231090,1253.1699999999998,1248.85,-4.389999999999937,4.269999999999982,sl,2017-06-29,2017-06-29 06:18:00+00:00,2017-06-29 07:46:00+00:00,-1.0281030444964767,4.269999999999982,11.42857142857146
907,-1,1232380,1233141,1243.68,1241.105,2.5050000000000456,4.430000000000064,time,2017-06-30,2017-06-30 06:18:00+00:00,2017-06-30 19:00:00+00:00,0.5654627539503407,4.430000000000064,11.2714285714286
908,-1,1233733,1234515,1236.56,1221.815,14.67499999999989,5.3400000000001455,time,2017-07-03,2017-07-03 05:58:00+00:00,2017-07-03 19:00:00+00:00,2.7481273408238747,5.3400000000001455,11.43428571428574
909,1,1235079,1235771,1225.24,1223.02,-2.290000000000027,4.670000000000073,time,2017-07-04,2017-07-04 05:28:00+00:00,2017-07-04 17:18:00+00:00,-0.49036402569592963,4.670000000000073,12.413571428571474
910,-1,1236282,1237030,1224.71,1223.605,1.0350000000000181,3.990000000000009,time,2017-07-05,2017-07-05 06:32:00+00:00,2017-07-05 19:00:00+00:00,0.25939849624060546,3.990000000000009,11.205000000000041
911,-1,1237706,1238407,1223.75,1224.765,-1.0850000000001,4.569999999999936,time,2017-07-06,2017-07-06 07:19:00+00:00,2017-07-06 19:00:00+00:00,-0.23741794310724623,4.569999999999936,10.95000000000003
914,-1,1241683,1242317,1211.01,1215.91,-4.970000000000091,4.850000000000136,sl,2017-07-11,2017-07-11 04:52:00+00:00,2017-07-11 15:26:00+00:00,-1.024742268041227,4.850000000000136,11.880714285714314
916,1,1244384,1244995,1223.85,1218.1,-5.82,5.7000000000000455,sl,2017-07-13,2017-07-13 04:01:00+00:00,2017-07-13 14:12:00+00:00,-1.0210526315789392,5.7000000000000455,12.382857142857167
919,1,1248575,1249412,1238.22,1243.8300000000002,5.540000000000127,5.430000000000064,time,2017-07-18,2017-07-18 05:03:00+00:00,2017-07-18 19:00:00+00:00,1.0202578268876725,5.430000000000064,11.699285714285727
921,-1,1251270,1251901,1237.4,1242.46,-5.129999999999946,5.009999999999991,sl,2017-07-20,2017-07-20 04:00:00+00:00,2017-07-20 14:31:00+00:00,-1.0239520958083743,5.009999999999991,11.658571428571447
930,-1,1263710,1264326,1264.94,1271.0,-6.129999999999946,6.009999999999991,sl,2017-08-02,2017-08-02 04:41:00+00:00,2017-08-02 14:57:00+00:00,-1.0199667221297761,6.009999999999991,10.981428571428571
934,1,1269227,1269823,1260.8799999999999,1256.91,-4.0399999999998,3.9199999999998454,sl,2017-08-08,2017-08-08 04:42:00+00:00,2017-08-08 14:38:00+00:00,-1.030612244897949,3.9199999999998454,10.875714285714285
935,1,1270745,1271465,1267.1499999999999,1276.51,9.290000000000127,5.899999999999864,time,2017-08-09,2017-08-09 07:00:00+00:00,2017-08-09 19:00:00+00:00,1.5745762711864986,5.899999999999864,11.284285714285716
937,1,1273598,1273856,1288.96,1283.9,-5.129999999999946,5.009999999999991,sl,2017-08-11,2017-08-11 08:35:00+00:00,2017-08-11 12:53:00+00:00,-1.0239520958083743,5.009999999999991,11.710714285714273
939,-1,1276187,1276978,1273.0800000000002,1271.775,1.2350000000000636,8.059999999999945,time,2017-08-15,2017-08-15 05:49:00+00:00,2017-08-15 19:00:00+00:00,0.15322580645162184,8.059999999999945,12.143571428571429
941,1,1279019,1279471,1289.37,1282.32,-7.119999999999955,7.0,sl,2017-08-17,2017-08-17 07:02:00+00:00,2017-08-17 14:34:00+00:00,-1.0171428571428507,7.0,12.137142857142862
943,1,1281683,1282493,1286.55,1291.41,4.790000000000127,5.970000000000027,time,2017-08-21,2017-08-21 05:30:00+00:00,2017-08-21 19:00:00+00:00,0.8023450586264833,5.970000000000027,12.630000000000011
944,-1,1283108,1283872,1287.26,1285.555,1.6349999999999272,5.1400000000001,time,2017-08-22,2017-08-22 06:16:00+00:00,2017-08-22 19:00:00+00:00,0.31809338521398745,5.1400000000001,12.753571428571442
949,1,1290038,1290610,1319.5,1313.87,-5.700000000000109,5.580000000000155,sl,2017-08-29,2017-08-29 06:50:00+00:00,2017-08-29 16:22:00+00:00,-1.0215053763440773,5.580000000000155,14.226428571428576
950,1,1291248,1291383,1313.3799999999999,1307.52,-5.9299999999999,5.809999999999945,sl,2017-08-30,2017-08-30 04:01:00+00:00,2017-08-30 06:16:00+00:00,-1.0206540447504227,5.809999999999945,14.482857142857158
954,-1,1296750,1297274,1332.14,1338.6,-6.529999999999809,6.4099999999998545,sl,2017-09-05,2017-09-05 07:46:00+00:00,2017-09-05 16:30:00+00:00,-1.0187207488299466,6.4099999999998545,15.309999999999977
957,1,1300715,1301191,1353.87,1347.36,-6.579999999999991,6.460000000000036,sl,2017-09-08,2017-09-08 04:53:00+00:00,2017-09-08 12:49:00+00:00,-1.0185758513931817,6.460000000000036,15.626428571428553
966,-1,1313241,1313975,1295.74,1290.645,5.025000000000027,5.509999999999991,time,2017-09-21,2017-09-21 06:46:00+00:00,2017-09-21 19:00:00+00:00,0.9119782214156144,5.509999999999991,14.76928571428573
967,1,1314494,1315355,1298.05,1296.3300000000002,-1.7899999999998,6.849999999999909,time,2017-09-22,2017-09-22 04:39:00+00:00,2017-09-22 19:00:00+00:00,-0.26131386861311295,6.849999999999909,14.831428571428594
969,-1,1317408,1318114,1307.77,1298.125,9.574999999999982,5.730000000000018,time,2017-09-26,2017-09-26 07:14:00+00:00,2017-09-26 19:00:00+00:00,1.6710296684118588,5.730000000000018,14.639285714285734
970,-1,1318849,1319494,1290.56,1285.825,4.6649999999999,5.540000000000191,time,2017-09-27,2017-09-27 08:15:00+00:00,2017-09-27 19:00:00+00:00,0.8420577617328049,5.540000000000191,15.426428571428573
978,1,1329747,1330527,1284.97,1282.9,-2.139999999999936,9.710000000000036,time,2017-10-09,2017-10-09 06:00:00+00:00,2017-10-09 19:00:00+00:00,-0.2203913491246064,9.710000000000036,13.399999999999993
979,1,1331148,1331907,1288.1499999999999,1288.77,0.5500000000001182,6.089999999999918,time,2017-10-10,2017-10-10 06:21:00+00:00,2017-10-10 19:00:00+00:00,0.09031198686373162,6.089999999999918,13.661428571428555
986,1,1340867,1341561,1281.95,1286.0800000000002,4.060000000000109,5.330000000000155,time,2017-10-19,2017-10-19 07:26:00+00:00,2017-10-19 19:00:00+00:00,0.7617260787992478,5.330000000000155,11.703571428571422
987,-1,1342169,1342941,1282.49,1279.535,2.8849999999999274,8.460000000000036,time,2017-10-20,2017-10-20 06:08:00+00:00,2017-10-20 19:00:00+00:00,0.34101654846334695,8.460000000000036,11.706428571428562
990,-1,1346474,1346731,1271.5,1276.89,-5.4600000000001,5.3400000000001455,sl,2017-10-25,2017-10-25 08:55:00+00:00,2017-10-25 13:12:00+00:00,-1.0224719101123505,5.3400000000001455,12.139285714285718
996,-1,1354929,1355062,1275.02,1281.33,-6.379999999999946,6.259999999999991,sl,2017-11-02,2017-11-02 11:55:00+00:00,2017-11-02 14:08:00+00:00,-1.0191693290734751,6.259999999999991,12.248571428571397
998,1,1357282,1358110,1270.6299999999999,1280.57,9.870000000000054,4.569999999999936,time,2017-11-06,2017-11-06 06:12:00+00:00,2017-11-06 20:00:00+00:00,2.159737417943149,4.569999999999936,12.000714285714253
1001,1,1361349,1362248,1284.1599999999999,1287.72,3.490000000000173,4.25,time,2017-11-09,2017-11-09 05:01:00+00:00,2017-11-09 20:00:00+00:00,0.821176470588276,4.25,11.752142857142823
1007,1,1369930,1370523,1284.01,1293.74,9.660000000000018,5.130000000000109,time,2017-11-17,2017-11-17 10:07:00+00:00,2017-11-17 20:00:00+00:00,1.883040935672478,5.130000000000109,11.059285714285693
1013,1,1377463,1378363,1290.6599999999999,1295.03,4.300000000000118,3.979999999999791,time,2017-11-27,2017-11-27 05:00:00+00:00,2017-11-27 20:00:00+00:00,1.0804020100503378,3.979999999999791,11.109285714285713
1034,1,1405095,1405945,1279.08,1282.57,3.4200000000000093,5.740000000000009,time,2017-12-26,2017-12-26 05:50:00+00:00,2017-12-26 20:00:00+00:00,0.5958188153310111,5.740000000000009,9.477357142857143
1036,1,1407804,1408704,1291.0465,1294.63,3.5135000000001857,3.7899999999999636,time,2017-12-28,2017-12-28 05:00:00+00:00,2017-12-28 20:00:00+00:00,0.9270448548813244,3.7899999999999636,8.853071428571411
1039,1,1410589,1411462,1307.3999999999999,1315.79,8.3200000000001,3.240000000000009,time,2018-01-02,2018-01-02 05:27:00+00:00,2018-01-02 20:00:00+00:00,2.5679012345679246,3.240000000000009,8.730285714285676
1040,-1,1412067,1412842,1311.77,1313.203,-1.5029999999999928,9.340000000000146,time,2018-01-03,2018-01-03 07:05:00+00:00,2018-01-03 20:00:00+00:00,-0.16092077087794104,9.340000000000146,8.756714285714256
1041,1,1413491,1414221,1311.11,1324.27,13.090000000000082,5.240000000000009,time,2018-01-04,2018-01-04 07:50:00+00:00,2018-01-04 20:00:00+00:00,2.4980916030534464,5.240000000000009,9.124571428571405
1044,1,1417462,1417668,1319.44,1315.68,-3.8299999999999907,3.7100000000000364,sl,2018-01-09,2018-01-09 05:04:00+00:00,2018-01-09 08:30:00+00:00,-1.0323450134770764,3.7100000000000364,9.926714285714281
1045,1,1419021,1419737,1312.45,1318.93,6.410000000000018,4.259999999999991,time,2018-01-10,2018-01-10 08:04:00+00:00,2018-01-10 20:00:00+00:00,1.5046948356807586,4.259999999999991,10.269571428571421
1046,-1,1420376,1420705,1316.45,1320.71,-4.329999999999991,4.210000000000036,sl,2018-01-11,2018-01-11 07:39:00+00:00,2018-01-11 13:08:00+00:00,-1.0285035629453572,4.210000000000036,11.2195714285714
1047,1,1421838,1422497,1330.29,1337.47,7.110000000000063,7.559999999999945,time,2018-01-12,2018-01-12 09:01:00+00:00,2018-01-12 20:00:00+00:00,0.9404761904762057,7.559999999999945,11.001714285714261
1048,1,1422994,1423756,1342.86,1339.94,-2.9899999999998452,6.309999999999945,time,2018-01-15,2018-01-15 05:18:00+00:00,2018-01-15 18:00:00+00:00,-0.4738510301109146,6.309999999999945,12.06364285714283
1050,-1,1425527,1426396,1334.66,1329.3029999999999,5.287000000000198,9.180000000000064,time,2018-01-17,2018-01-17 05:31:00+00:00,2018-01-17 20:00:00+00:00,0.5759259259259435,9.180000000000064,12.0650714285714
1051,1,1426944,1427776,1329.57,1328.52,-1.1199999999999546,5.420000000000073,time,2018-01-18,2018-01-18 06:08:00+00:00,2018-01-18 20:00:00+00:00,-0.20664206642065305,5.420000000000073,12.764357142857127
1052,1,1428255,1429155,1332.442,1334.32,1.807999999999929,5.4500000000000455,time,2018-01-19,2018-01-19 05:00:00+00:00,2018-01-19 20:00:00+00:00,0.3317431192660393,5.4500000000000455,12.431499999999996
1053,-1,1429745,1430275,1330.24,1334.89,-4.720000000000091,4.600000000000136,sl,2018-01-22,2018-01-22 06:51:00+00:00,2018-01-22 15:41:00+00:00,-1.0260869565217285,4.600000000000136,12.85285714285713
1056,1,1433827,1434332,1364.5,1355.88,-8.689999999999891,8.569999999999936,sl,2018-01-25,2018-01-25 05:53:00+00:00,2018-01-25 14:18:00+00:00,-1.0140023337222819,8.569999999999936,12.107857142857126
1057,1,1435237,1436053,1353.77,1350.3500000000001,-3.4899999999998452,7.930000000000064,time,2018-01-26,2018-01-26 06:24:00+00:00,2018-01-26 20:00:00+00:00,-0.4401008827238105,7.930000000000064,13.095714285714264
1058,-1,1436697,1437432,1346.21,1343.193,2.947000000000053,6.039999999999964,time,2018-01-29,2018-01-29 07:45:00+00:00,2018-01-29 20:00:00+00:00,0.4879139072847799,6.039999999999964,13.369285714285704
1059,-1,1437961,1438202,1334.66,1341.43,-6.839999999999982,6.720000000000027,sl,2018-01-30,2018-01-30 05:49:00+00:00,2018-01-30 09:50:00+00:00,-1.0178571428571361,6.720000000000027,13.617857142857133
1060,1,1439343,1440146,1342.82,1336.38,-6.5099999999998275,6.389999999999873,sl,2018-01-31,2018-01-31 05:52:00+00:00,2018-01-31 19:15:00+00:00,-1.018779342722998,6.389999999999873,13.259285714285706
1061,-1,1440791,1441570,1341.3700000000001,1346.97,-5.669999999999909,5.5499999999999545,sl,2018-02-01,2018-02-01 07:00:00+00:00,2018-02-01 19:59:00+00:00,-1.0216216216216136,5.5499999999999545,13.725714285714275
1065,1,1446302,1446629,1330.7,1324.3,-6.470000000000091,6.350000000000136,sl,2018-02-07,2018-02-07 06:52:00+00:00,2018-02-07 12:19:00+00:00,-1.018897637795268,6.350000000000136,15.320000000000018
1066,-1,1447806,1448311,1309.6100000000001,1319.15,-9.609999999999964,9.490000000000009,sl,2018-02-08,2018-02-08 08:56:00+00:00,2018-02-08 17:21:00+00:00,-1.0126448893572133,9.490000000000009,16.177142857142876
1067,-1,1449134,1449849,1315.92,1314.543,1.30700000000018,6.039999999999964,time,2018-02-09,2018-02-09 08:05:00+00:00,2018-02-09 20:00:00+00:00,0.2163907284768523,6.039999999999964,16.49071428571431
1070,-1,1453335,1453694,1330.81,1336.9,-6.160000000000146,6.040000000000191,sl,2018-02-14,2018-02-14 09:07:00+00:00,2018-02-14 15:06:00+00:00,-1.019867549668866,6.040000000000191,15.94428571428575
1072,1,1455848,1456414,1359.47,1352.31,-7.230000000000082,7.110000000000127,sl,2018-02-16,2018-02-16 05:01:00+00:00,2018-02-16 14:27:00+00:00,-1.016877637130795,7.110000000000127,16.758571428571454
1074,-1,1458426,1459266,1340.19,1329.963,10.157000000000089,6.220000000000027,time,2018-02-20,2018-02-20 06:00:00+00:00,2018-02-20 20:00:00+00:00,1.6329581993569202,6.220000000000027,16.41857142857147
1078,1,1463915,1464782,1337.98,1332.67,-5.379999999999946,10.980000000000018,time,2018-02-26,2018-02-26 05:33:00+00:00,2018-02-26 20:00:00+00:00,-0.4899817850637465,10.980000000000018,15.357142857142906
1085,-1,1473720,1474440,1331.99,1323.763,8.157000000000089,8.269999999999982,time,2018-03-07,2018-03-07 08:00:00+00:00,2018-03-07 20:00:00+00:00,0.9863361547763128,8.269999999999982,13.200714285714282
1089,-1,1479119,1479581,1318.55,1325.26,-6.780000000000037,6.660000000000082,sl,2018-03-13,2018-03-13 05:00:00+00:00,2018-03-13 12:42:00+00:00,-1.018018018018011,6.660000000000082,13.202142857142835
1090,1,1480529,1480694,1329.1599999999999,1323.94,-5.2899999999998,5.169999999999845,sl,2018-03-14,2018-03-14 05:30:00+00:00,2018-03-14 08:15:00+00:00,-1.0232108317214619,5.169999999999845,13.23285714285711
1095,1,1487486,1488294,1314.46,1333.32,18.7899999999999,4.660000000000082,time,2018-03-21,2018-03-21 06:32:00+00:00,2018-03-21 20:00:00+00:00,4.0321888412016245,4.660000000000082,12.84571428571428
1096,-1,1488776,1489673,1329.3500000000001,1328.523,0.7570000000002255,5.4099999999998545,time,2018-03-22,2018-03-22 05:03:00+00:00,2018-03-22 20:00:00+00:00,0.13992606284662584,5.4099999999998545,13.450714285714298
1097,1,1490183,1491053,1338.98,1345.5800000000002,6.530000000000136,7.279999999999973,time,2018-03-23,2018-03-23 05:30:00+00:00,2018-03-23 20:00:00+00:00,0.896978021978044,7.279999999999973,13.447142857142873
1103,-1,1498608,1499260,1337.14,1332.463,4.607000000000134,5.2000000000000455,time,2018-04-03,2018-04-03 08:08:00+00:00,2018-04-03 19:00:00+00:00,0.8859615384615566,5.2000000000000455,14.645714285714316
1112,-1,1510957,1511362,1342.03,1348.6,-6.639999999999937,6.519999999999982,sl,2018-04-16,2018-04-16 07:09:00+00:00,2018-04-16 13:54:00+00:00,-1.0184049079754531,6.519999999999982,15.594999999999995
1113,-1,1512378,1513047,1343.64,1346.6129999999998,-3.042999999999729,5.6099999999999,time,2018-04-17,2018-04-17 07:51:00+00:00,2018-04-17 19:00:00+00:00,-0.5424242424242037,5.6099999999999,15.372142857142876
1115,1,1515061,1515232,1353.01,1345.99,-7.089999999999982,5.009999999999991,sl,2018-04-19,2018-04-19 06:35:00+00:00,2018-04-19 09:26:00+00:00,-1.4151696606786417,5.009999999999991,14.273571428571424
1118,1,1519177,1519939,1328.0,1331.81,3.7399999999999456,5.970000000000027,time,2018-04-24,2018-04-24 06:18:00+00:00,2018-04-24 19:00:00+00:00,0.6264656616415291,5.970000000000027,14.16642857142855
1125,1,1528764,1529556,1310.3799999999999,1313.77,3.3200000000001,4.990000000000009,time,2018-05-03,2018-05-03 05:48:00+00:00,2018-05-03 19:00:00+00:00,0.6653306613226642,4.990000000000009,12.18214285714287
1127,-1,1531496,1532305,1313.97,1314.0929999999998,-0.19299999999981993,4.779999999999973,time,2018-05-07,2018-05-07 05:31:00+00:00,2018-05-07 19:00:00+00:00,-0.040376569037619464,4.779999999999973,11.937857142857135
1128,-1,1532784,1533640,1311.66,1316.96,-5.369999999999955,5.25,sl,2018-05-08,2018-05-08 04:00:00+00:00,2018-05-08 18:16:00+00:00,-1.0228571428571342,5.25,11.720714285714264
1129,-1,1534234,1534808,1309.97,1316.69,-6.790000000000028,6.670000000000073,sl,2018-05-09,2018-05-09 05:10:00+00:00,2018-05-09 14:44:00+00:00,-1.017991004497744,6.670000000000073,11.600714285714275
1130,1,1535600,1535728,1315.6499999999999,1310.98,-4.739999999999846,4.619999999999891,sl,2018-05-10,2018-05-10 04:58:00+00:00,2018-05-10 07:06:00+00:00,-1.0259740259740169,4.619999999999891,11.556428571428553
1135,-1,1542578,1543338,1289.47,1291.3529999999998,-1.9529999999998109,4.769999999999982,time,2018-05-17,2018-05-17 06:20:00+00:00,2018-05-17 19:00:00+00:00,-0.4094339622641129,4.769999999999982,12.021428571428569
1143,-1,1553407,1553494,1297.07,1301.21,-4.2100000000001,4.0900000000001455,sl,2018-05-29,2018-05-29 06:58:00+00:00,2018-05-29 08:25:00+00:00,-1.0293398533007214,4.0900000000001455,11.073571428571443
1144,-1,1554608,1555287,1298.3,1302.8,-4.57,4.4500000000000455,sl,2018-05-30,2018-05-30 04:00:00+00:00,2018-05-30 15:19:00+00:00,-1.026966292134821,4.4500000000000455,11.129285714285743
1158,1,1573899,1574068,1283.992,1278.952,-5.109999999999964,4.990000000000009,sl,2018-06-19,2018-06-19 04:00:00+00:00,2018-06-19 06:49:00+00:00,-1.0240480961923757,4.990000000000009,9.873571428571429
1160,-1,1576732,1577481,1264.73,1269.93,-5.270000000000046,5.150000000000091,sl,2018-06-21,2018-06-21 05:14:00+00:00,2018-06-21 17:43:00+00:00,-1.0233009708737772,5.150000000000091,10.253571428571442
1162,-1,1579430,1580313,1266.77,1268.1429999999998,-1.44299999999982,5.660000000000082,time,2018-06-25,2018-06-25 04:17:00+00:00,2018-06-25 19:00:00+00:00,-0.2549469964663956,5.660000000000082,9.83214285714288
1163,-1,1580857,1581693,1263.01,1258.753,4.187000000000062,4.5,time,2018-06-26,2018-06-26 05:04:00+00:00,2018-06-26 19:00:00+00:00,0.9304444444444582,4.5,9.64928571428574
1167,-1,1586377,1587209,1250.39,1241.683,8.637000000000107,3.6699999999998454,time,2018-07-02,2018-07-02 05:08:00+00:00,2018-07-02 19:00:00+00:00,2.353405994550537,3.6699999999998454,10.256428571428598
1168,-1,1587764,1587867,1237.8600000000001,1242.86,-5.069999999999773,4.949999999999818,sl,2018-07-03,2018-07-03 05:17:00+00:00,2018-07-03 07:00:00+00:00,-1.024242424242416,4.949999999999818,10.82785714285717
1169,1,1589238,1589846,1260.4099999999999,1256.7,-3.779999999999809,7.529999999999973,time,2018-07-04,2018-07-04 06:51:00+00:00,2018-07-04 16:59:00+00:00,-0.5019920318724864,7.529999999999973,11.54071428571433
1172,1,1592965,1593864,1259.22,1259.05,-0.24000000000007277,3.800000000000182,time,2018-07-09,2018-07-09 04:01:00+00:00,2018-07-09 19:00:00+00:00,-0.06315789473685823,3.800000000000182,9.949285714285777
1178,1,1601231,1601778,1241.762,1237.5720000000001,-4.2599999999998275,4.139999999999873,sl,2018-07-17,2018-07-17 04:00:00+00:00,2018-07-17 13:07:00+00:00,-1.0289855072463667,4.139999999999873,10.592857142857172
1180,-1,1604080,1604805,1223.4,1228.41,-5.079999999999991,4.960000000000036,sl,2018-07-19,2018-07-19 05:31:00+00:00,2018-07-19 17:36:00+00:00,-1.0241935483870874,4.960000000000036,11.265000000000018
1181,1,1605495,1606269,1224.02,1229.9,5.810000000000109,8.38000000000011,time,2018-07-20,2018-07-20 06:06:00+00:00,2018-07-20 19:00:00+00:00,0.6933174224343716,8.38000000000011,11.829285714285723
1183,-1,1608174,1608337,1220.3300000000002,1224.8,-4.5399999999998,4.419999999999845,sl,2018-07-24,2018-07-24 04:48:00+00:00,2018-07-24 07:31:00+00:00,-1.0271493212669591,4.419999999999845,11.545714285714293
1184,1,1609651,1610402,1227.3799999999999,1231.96,4.510000000000154,4.189999999999827,time,2018-07-25,2018-07-25 06:29:00+00:00,2018-07-25 19:00:00+00:00,1.0763723150358808,4.189999999999827,11.770000000000014
1185,-1,1610887,1611782,1230.81,1223.6629999999998,7.077000000000162,4.210000000000036,time,2018-07-26,2018-07-26 04:05:00+00:00,2018-07-26 19:00:00+00:00,1.6809976247031118,4.210000000000036,11.944285714285716
1187,-1,1613791,1614195,1219.06,1223.86,-4.869999999999955,4.75,sl,2018-07-30,2018-07-30 06:32:00+00:00,2018-07-30 13:16:00+00:00,-1.0252631578947273,4.75,12.356428571428571
1197,-1,1627431,1628325,1207.16,1193.6529999999998,13.437000000000289,6.559999999999945,time,2018-08-13,2018-08-13 04:06:00+00:00,2018-08-13 19:00:00+00:00,2.0483231707317686,6.559999999999945,10.756428571428566
1199,-1,1630184,1631084,1187.8,1177.0529999999999,10.67700000000007,6.690000000000055,time,2018-08-15,2018-08-15 04:00:00+00:00,2018-08-15 19:00:00+00:00,1.5959641255605357,6.690000000000055,11.225714285714275
1200,1,1631653,1632464,1175.7935,1175.64,-0.2234999999998945,15.539999999999964,time,2018-08-16,2018-08-16 05:29:00+00:00,2018-08-16 19:00:00+00:00,-0.014382239382232627,15.539999999999964,11.836428571428558
1201,1,1633192,1633844,1179.27,1180.73,1.3900000000000363,7.3900000000001,time,2018-08-17,2018-08-17 08:08:00+00:00,2018-08-17 19:00:00+00:00,0.18809201623816205,7.3900000000001,12.689999999999989
1205,-1,1638469,1639357,1190.13,1185.543,4.517000000000216,6.289999999999964,time,2018-08-23,2018-08-23 04:12:00+00:00,2018-08-23 19:00:00+00:00,0.718124006359339,6.289999999999964,12.416428571428582
1206,1,1639871,1640736,1187.86,1205.45,17.520000000000145,4.769999999999982,time,2018-08-24,2018-08-24 04:35:00+00:00,2018-08-24 19:00:00+00:00,3.6729559748428118,4.769999999999982,12.220000000000027
1212,1,1648176,1648886,1200.56,1200.94,0.31000000000010913,4.869999999999891,time,2018-09-03,2018-09-03 05:10:00+00:00,2018-09-03 17:00:00+00:00,0.0636550308008452,4.869999999999891,12.800000000000036
1216,-1,1653563,1654279,1199.1200000000001,1196.283,2.7670000000002166,4.240000000000009,time,2018-09-07,2018-09-07 07:04:00+00:00,2018-09-07 19:00:00+00:00,0.6525943396226912,4.240000000000009,11.088571428571461
1219,-1,1657520,1658187,1193.3700000000001,1198.39,-5.089999999999982,4.970000000000027,sl,2018-09-12,2018-09-12 04:07:00+00:00,2018-09-12 15:14:00+00:00,-1.0241448692152826,4.970000000000027,11.243571428571451
1221,1,1660358,1660811,1205.77,1201.94,-3.899999999999927,3.7799999999999727,sl,2018-09-14,2018-09-14 05:26:00+00:00,2018-09-14 12:59:00+00:00,-1.0317460317460199,3.7799999999999727,10.544285714285738
1237,-1,1682522,1683197,1195.18,1187.3829999999998,7.7270000000002526,8.75,time,2018-10-08,2018-10-08 07:45:00+00:00,2018-10-08 19:00:00+00:00,0.8830857142857431,8.75,11.236428571428585
1241,-1,1687956,1688306,1217.49,1223.24,-5.82,5.7000000000000455,sl,2018-10-12,2018-10-12 06:31:00+00:00,2018-10-12 12:21:00+00:00,-1.0210526315789392,5.7000000000000455,13.508571428571438
1250,1,1700217,1700414,1237.8819999999998,1233.042,-4.909999999999918,4.789999999999964,sl,2018-10-25,2018-10-25 04:09:00+00:00,2018-10-25 07:26:00+00:00,-1.0250521920667965,4.789999999999964,12.822857142857174
1254,-1,1705961,1706681,1215.3500000000001,1217.013,-1.7329999999997836,7.379999999999882,time,2018-10-31,2018-10-31 08:00:00+00:00,2018-10-31 20:00:00+00:00,-0.2348238482384568,7.379999999999882,12.749285714285731
1259,1,1712810,1713517,1232.09,1227.39,-4.769999999999818,9.069999999999936,time,2018-11-07,2018-11-07 08:13:00+00:00,2018-11-07 20:00:00+00:00,-0.5259095920617257,9.069999999999936,11.508571428571438
1275,1,1734233,1735133,1225.3319999999999,1223.91,-1.4919999999997982,4.550000000000182,time,2018-11-29,2018-11-29 05:00:00+00:00,2018-11-29 20:00:00+00:00,-0.3279120879120304,4.550000000000182,10.658571428571447
1277,1,1737034,1737889,1226.1019999999999,1230.93,4.758000000000202,4.869999999999891,time,2018-12-03,2018-12-03 05:45:00+00:00,2018-12-03 20:00:00+00:00,0.9770020533881536,4.869999999999891,10.539285714285743
1278,1,1738369,1739269,1237.252,1237.66,0.33800000000012914,6.480000000000018,time,2018-12-04,2018-12-04 05:00:00+00:00,2018-12-04 20:00:00+00:00,0.05216049382718028,6.480000000000018,10.950000000000045
1279,-1,1739747,1740289,1234.3700000000001,1238.75,-4.449999999999882,4.329999999999927,sl,2018-12-05,2018-12-05 05:03:00+00:00,2018-12-05 14:05:00+00:00,-1.0277136258660409,4.329999999999927,10.414285714285743
1292,1,1757652,1758476,1264.308,1268.885,4.506999999999998,5.519999999999982,time,2018-12-24,2018-12-24 05:00:00+00:00,2018-12-24 18:44:00+00:00,0.8164855072463791,5.519999999999982,10.339071428571433
1294,1,1758841,1759734,1273.008,1266.368,-6.7100000000001,8.790000000000191,time,2018-12-26,2018-12-26 05:05:00+00:00,2018-12-26 20:00:00+00:00,-0.7633674630261609,8.790000000000191,10.436928571428568
1296,1,1761632,1762487,1278.4279999999999,1279.305,0.80700000000018,4.173000000000002,time,2018-12-28,2018-12-28 05:45:00+00:00,2018-12-28 20:00:00+00:00,0.19338605319918037,4.173000000000002,10.790500000000018
1299,1,1764341,1765174,1284.2279999999998,1278.8349999999998,-5.463000000000029,5.343000000000075,sl,2019-01-02,2019-01-02 05:00:00+00:00,2019-01-02 18:53:00+00:00,-1.0224592925322764,5.343000000000075,10.350714285714323
1300,1,1765763,1766218,1289.675,1285.028,-4.716999999999935,4.59699999999998,sl,2019-01-03,2019-01-03 05:43:00+00:00,2019-01-03 13:18:00+00:00,-1.0261039808570709,4.59699999999998,10.70307142857145
1301,-1,1767098,1767996,1294.095,1284.569,9.456000000000067,4.393000000000029,time,2019-01-04,2019-01-04 05:01:00+00:00,2019-01-04 20:00:00+00:00,2.152515365353973,4.393000000000029,10.750428571428595
1302,1,1768503,1769373,1289.7849999999999,1288.265,-1.5899999999997545,7.179999999999836,time,2019-01-07,2019-01-07 05:30:00+00:00,2019-01-07 20:00:00+00:00,-0.22144846796654466,7.179999999999836,11.440428571428583
1303,-1,1769862,1770742,1282.348,1285.3590000000002,-3.0810000000001945,7.712999999999965,time,2019-01-08,2019-01-08 05:19:00+00:00,2019-01-08 20:00:00+00:00,-0.39945546479971583,7.712999999999965,11.94685714285715
1304,-1,1771251,1771792,1281.545,1287.015,-5.540000000000028,5.420000000000073,sl,2019-01-09,2019-01-09 05:33:00+00:00,2019-01-09 14:35:00+00:00,-1.0221402214022053,5.420000000000073,11.553500000000001
1305,1,1772632,1772924,1297.068,1291.535,-5.602999999999902,5.482999999999947,sl,2019-01-10,2019-01-10 05:37:00+00:00,2019-01-10 10:29:00+00:00,-1.0218858289257626,5.482999999999947,10.846714285714288
1306,1,1773975,1774538,1293.078,1287.665,-5.483000000000011,5.363000000000056,sl,2019-01-11,2019-01-11 05:00:00+00:00,2019-01-11 14:23:00+00:00,-1.0223755360805433,5.363000000000056,11.012785714285721
1307,1,1775415,1776250,1292.685,1291.798,-0.9569999999999437,4.747000000000071,time,2019-01-14,2019-01-14 06:05:00+00:00,2019-01-14 20:00:00+00:00,-0.2016010111649314,4.747000000000071,10.558499999999997
1310,-1,1779609,1780377,1291.2150000000001,1291.0420000000001,0.10300000000000181,4.052999999999884,time,2019-01-17,2019-01-17 07:11:00+00:00,2019-01-17 20:00:00+00:00,0.025413274117938506,4.052999999999884,10.036357142857128
1317,1,1788853,1789272,1303.425,1299.635,-3.8599999999999635,3.740000000000009,sl,2019-01-28,2019-01-28 05:00:00+00:00,2019-01-28 11:59:00+00:00,-1.032085561497314,3.740000000000009,10.011071428571379
1319,1,1791639,1792110,1314.658,1310.498,-4.229999999999855,4.1099999999999,sl,2019-01-30,2019-01-30 05:34:00+00:00,2019-01-30 13:25:00+00:00,-1.0291970802919606,4.1099999999999,9.39264285714283
1321,-1,1794400,1794721,1317.405,1321.788,-4.4530000000000385,4.333000000000084,sl,2019-02-01,2019-02-01 05:40:00+00:00,2019-02-01 11:01:00+00:00,-1.0276944380336839,4.333000000000084,9.683571428571424
1322,-1,1795829,1796637,1312.1580000000001,1313.819,-1.730999999999831,5.246999999999844,time,2019-02-04,2019-02-04 06:31:00+00:00,2019-02-04 20:00:00+00:00,-0.3299028016008924,5.246999999999844,9.594285714285693
1323,1,1797110,1797378,1314.875,1311.178,-3.766999999999889,3.6469999999999345,sl,2019-02-05,2019-02-05 05:00:00+00:00,2019-02-05 09:29:00+00:00,-1.03290375651219,3.6469999999999345,9.658571428571397
1327,-1,1802792,1803510,1310.425,1308.652,1.7029999999999108,4.3400000000001455,time,2019-02-11,2019-02-11 08:02:00+00:00,2019-02-11 20:00:00+00:00,0.3923963133640216,4.3400000000001455,9.757142857142851
1329,1,1805367,1805833,1313.445,1309.395,-4.119999999999955,4.0,sl,2019-02-13,2019-02-13 05:00:00+00:00,2019-02-13 12:46:00+00:00,-1.0299999999999887,4.0,10.013571428571415
1332,1,1809768,1810269,1325.2749999999999,1326.325,0.9800000000001818,4.426999999999907,time,2019-02-18,2019-02-18 09:37:00+00:00,2019-02-18 17:59:00+00:00,0.22136887282588713,4.426999999999907,9.868214285714284
1335,-1,1813594,1814284,1337.338,1326.7920000000001,10.475999999999821,4.037000000000035,time,2019-02-21,2019-02-21 08:30:00+00:00,2019-02-21 20:00:00+00:00,2.594996284369515,4.037000000000035,10.087857142857128
1337,1,1816218,1816640,1331.825,1327.515,-4.379999999999946,4.259999999999991,sl,2019-02-25,2019-02-25 06:14:00+00:00,2019-02-25 13:16:00+00:00,-1.0281690140844966,4.259999999999991,11.219071428571429
1340,1,1820354,1820802,1321.2549999999999,1317.158,-4.16699999999998,4.0470000000000255,sl,2019-02-28,2019-02-28 07:17:00+00:00,2019-02-28 14:45:00+00:00,-1.0296515937731539,4.0470000000000255,11.32071428571427
1348,1,1831278,1832177,1296.985,1301.548,4.493000000000102,4.509999999999991,time,2019-03-12,2019-03-12 05:00:00+00:00,2019-03-12 20:00:00+00:00,0.9962305986696476,4.509999999999991,12.249571428571423
1350,-1,1834133,1834916,1302.585,1296.219,6.295999999999985,7.099999999999909,time,2019-03-14,2019-03-14 06:57:00+00:00,2019-03-14 20:00:00+00:00,0.886760563380291,7.099999999999909,11.452571428571414
1351,1,1835445,1836283,1299.965,1301.718,1.6830000000001564,5.986999999999853,time,2019-03-15,2019-03-15 06:02:00+00:00,2019-03-15 20:00:00+00:00,0.28110906965094334,5.986999999999853,11.837571428571405
1353,1,1838131,1839031,1307.9879999999998,1306.348,-1.7099999999998727,4.379999999999882,time,2019-03-19,2019-03-19 05:00:00+00:00,2019-03-19 20:00:00+00:00,-0.39041095890409105,4.379999999999882,12.327571428571398
1355,1,1840869,1841228,1319.118,1314.445,-4.743000000000002,4.623000000000047,sl,2019-03-21,2019-03-21 05:00:00+00:00,2019-03-21 10:59:00+00:00,-1.0259571706683872,4.623000000000047,12.19185714285712
1357,1,1843625,1844513,1316.4879999999998,1322.108,5.550000000000118,5.426999999999907,time,2019-03-25,2019-03-25 05:10:00+00:00,2019-03-25 20:00:00+00:00,1.0226644555003157,5.426999999999907,11.187785714285708
1366,-1,1855988,1856518,1287.348,1292.908,-5.629999999999946,5.509999999999991,sl,2019-04-05,2019-04-05 06:06:00+00:00,2019-04-05 14:56:00+00:00,-1.0217785843920064,5.509999999999991,12.028214285714284
1367,1,1857245,1858134,1296.738,1297.618,0.8099999999998817,5.3400000000001455,time,2019-04-08,2019-04-08 04:08:00+00:00,2019-04-08 19:00:00+00:00,0.1516853932584007,5.3400000000001455,12.050357142857138
1372,-1,1864292,1865016,1287.05,1288.1490000000001,-1.1690000000001601,4.088000000000193,time,2019-04-15,2019-04-15 06:56:00+00:00,2019-04-15 19:00:00+00:00,-0.2859589041096147,4.088000000000193,11.513285714285692
1376,1,1869925,1870190,1279.815,1275.338,-4.547000000000089,4.427000000000135,sl,2019-04-22,2019-04-22 09:06:00+00:00,2019-04-22 13:33:00+00:00,-1.0271063925909083,4.427000000000135,10.10421428571429
1380,1,1875256,1875624,1281.055,1277.438,-3.6869999999999616,3.5670000000000073,sl,2019-04-26,2019-04-26 06:22:00+00:00,2019-04-26 12:30:00+00:00,-1.0336417157274893,3.5670000000000073,9.921642857142874
1383,-1,1879361,1879804,1279.275,1283.555,-4.349999999999973,4.230000000000018,sl,2019-05-01,2019-05-01 06:12:00+00:00,2019-05-01 13:35:00+00:00,-1.0283687943262303,4.230000000000018,9.843571428571456
1384,-1,1880726,1881505,1272.605,1271.429,1.1059999999999308,5.166999999999916,time,2019-05-02,2019-05-02 06:01:00+00:00,2019-05-02 19:00:00+00:00,0.21405070640602838,5.166999999999916,10.16700000000003
1391,-1,1890229,1890734,1283.385,1288.468,-5.153000000000084,5.033000000000129,sl,2019-05-13,2019-05-13 04:12:00+00:00,2019-05-13 12:37:00+00:00,-1.0238426385853272,5.033000000000129,10.149571428571416
1392,-1,1891754,1892490,1298.008,1296.152,1.7859999999999945,5.186999999999898,time,2019-05-14,2019-05-14 06:44:00+00:00,2019-05-14 19:00:00+00:00,0.34432234432235004,5.186999999999898,10.792428571428559
1401,1,1903851,1904621,1287.368,1284.895,-2.542999999999956,3.6130000000000564,time,2019-05-27,2019-05-27 04:08:00+00:00,2019-05-27 16:59:00+00:00,-0.7038472183780561,3.6130000000000564,9.848928571428555
1402,-1,1905026,1905880,1282.568,1278.689,3.8089999999999056,3.9300000000000637,time,2019-05-28,2019-05-28 04:46:00+00:00,2019-05-28 19:00:00+00:00,0.9692111959287134,3.9300000000000637,9.545571428571407
1405,1,1909154,1910002,1293.098,1306.218,13.050000000000118,4.923000000000002,time,2019-05-31,2019-05-31 04:52:00+00:00,2019-05-31 19:00:00+00:00,2.650822669104228,4.923000000000002,9.840785714285678
1406,1,1910540,1911381,1312.805,1326.1380000000001,13.263000000000083,5.7970000000000255,time,2019-06-03,2019-06-03 04:59:00+00:00,2019-06-03 19:00:00+00:00,2.287907538381926,5.7970000000000255,9.806714285714245
1407,1,1912044,1912351,1327.3349999999998,1321.5919999999999,-5.812999999999938,5.692999999999984,sl,2019-06-04,2019-06-04 07:04:00+00:00,2019-06-04 12:11:00+00:00,-1.0210785174775963,5.692999999999984,10.736928571428523
1409,1,1914727,1915513,1332.658,1334.2150000000001,1.4870000000002437,5.4500000000000455,time,2019-06-06,2019-06-06 05:54:00+00:00,2019-06-06 19:00:00+00:00,0.2728440366972901,5.4500000000000455,11.166928571428539
1411,-1,1917383,1918266,1328.7250000000001,1328.082,0.573000000000029,8.88299999999981,time,2019-06-10,2019-06-10 04:17:00+00:00,2019-06-10 19:00:00+00:00,0.06450523471800532,8.88299999999981,11.961428571428558
1413,1,1920215,1921013,1333.7649999999999,1332.595,-1.2399999999998454,7.776999999999816,time,2019-06-12,2019-06-12 05:42:00+00:00,2019-06-12 19:00:00+00:00,-0.15944451588014333,7.776999999999816,12.826214285714254
1414,1,1921628,1922389,1337.705,1341.198,3.4230000000001657,5.329999999999927,time,2019-06-13,2019-06-13 06:19:00+00:00,2019-06-13 19:00:00+00:00,0.6422138836773381,5.329999999999927,12.67957142857139
1415,1,1923002,1923658,1347.858,1341.808,-6.119999999999955,6.0,sl,2019-06-14,2019-06-14 06:13:00+00:00,2019-06-14 17:09:00+00:00,-1.0199999999999925,6.0,13.212214285714253
1416,-1,1924440,1924821,1336.045,1343.505,-7.530000000000037,7.410000000000082,sl,2019-06-17,2019-06-17 07:15:00+00:00,2019-06-17 13:36:00+00:00,-1.0161943319837994,7.410000000000082,14.407714285714244
1420,-1,1929977,1930656,1388.038,1398.402,-10.434000000000033,23.7170000000001,time,2019-06-21,2019-06-21 07:41:00+00:00,2019-06-21 19:00:00+00:00,-0.4399375975038997,23.7170000000001,16.86250000000002
1421,-1,1931146,1931815,1401.405,1411.155,-9.82,9.700000000000045,sl,2019-06-24,2019-06-24 04:10:00+00:00,2019-06-24 15:19:00+00:00,-1.0123711340206138,9.700000000000045,17.341214285714322
1422,1,1932515,1932614,1436.465,1422.498,-14.036999999999871,13.916999999999916,sl,2019-06-25,2019-06-25 04:00:00+00:00,2019-06-25 05:39:00+00:00,-1.0086225479629198,13.916999999999916,18.550285714285742
1426,-1,1938116,1938929,1390.135,1384.262,5.803000000000047,7.513000000000147,time,2019-07-01,2019-07-01 05:27:00+00:00,2019-07-01 19:00:00+00:00,0.7723945161719596,7.513000000000147,19.58578571428573
1427,1,1939469,1940309,1391.4579999999999,1408.395,16.867000000000125,7.62299999999982,time,2019-07-02,2019-07-02 05:00:00+00:00,2019-07-02 19:00:00+00:00,2.212645939918736,7.62299999999982,20.855571428571448
1430,-1,1943447,1944219,1414.385,1399.852,14.462999999999901,8.503000000000156,time,2019-07-05,2019-07-05 06:08:00+00:00,2019-07-05 19:00:00+00:00,1.700929083852715,8.503000000000156,24.22957142857147
1442,-1,1959958,1960330,1415.808,1424.298,-8.56000000000001,8.440000000000055,sl,2019-07-23,2019-07-23 05:30:00+00:00,2019-07-23 11:42:00+00:00,-1.0142180094786675,8.440000000000055,21.98928571428574
1449,-1,1969757,1970177,1404.1480000000001,1414.778,-10.699999999999882,10.579999999999927,sl,2019-08-01,2019-08-01 07:59:00+00:00,2019-08-01 14:59:00+00:00,-1.0113421550094477,10.579999999999927,18.248142857142852
1451,1,1972408,1973175,1455.955,1467.285,11.260000000000154,18.057000000000016,time,2019-08-05,2019-08-05 06:13:00+00:00,2019-08-05 19:00:00+00:00,0.6235808827601564,18.057000000000016,21.251285714285732
1452,-1,1973653,1974553,1459.9950000000001,1471.029,-11.103999999999878,14.769999999999982,time,2019-08-06,2019-08-06 04:00:00+00:00,2019-08-06 19:00:00+00:00,-0.7517941773865872,14.769999999999982,22.714857142857163
1453,1,1975184,1975933,1490.138,1503.065,12.857000000000134,17.87999999999988,time,2019-08-07,2019-08-07 06:31:00+00:00,2019-08-07 19:00:00+00:00,0.7190715883669027,17.87999999999988,22.012428571428586
1455,1,1977914,1978291,1507.885,1498.965,-8.990000000000073,8.870000000000118,sl,2019-08-09,2019-08-09 06:02:00+00:00,2019-08-09 12:19:00+00:00,-1.01352874859075,8.870000000000118,21.502928571428566
1457,1,1980644,1981130,1518.2179999999998,1509.545,-8.742999999999775,8.62299999999982,sl,2019-08-13,2019-08-13 05:34:00+00:00,2019-08-13 13:40:00+00:00,-1.0139162704395173,8.62299999999982,23.096214285714268
1458,1,1982297,1982829,1503.945,1518.108,14.09300000000001,9.809999999999945,time,2019-08-14,2019-08-14 10:08:00+00:00,2019-08-14 19:00:00+00:00,1.4365953109072467,9.809999999999945,26.109999999999996
1459,-1,1983452,1984137,1514.808,1524.228,-9.490000000000073,9.370000000000118,sl,2019-08-15,2019-08-15 06:23:00+00:00,2019-08-15 17:48:00+00:00,-1.0128068303094935,9.370000000000118,26.62092857142857
1460,-1,1984826,1985588,1516.698,1514.452,2.1760000000000947,11.196999999999889,time,2019-08-16,2019-08-16 06:18:00+00:00,2019-08-16 19:00:00+00:00,0.19433776904529038,11.196999999999889,27.16092857142858
1466,-1,1993137,1993860,1537.998,1528.002,9.926000000000094,11.200000000000045,time,2019-08-26,2019-08-26 06:57:00+00:00,2019-08-26 19:00:00+00:00,0.8862500000000049,11.200000000000045,24.790357142857165
1473,-1,2002506,2003173,1540.018,1550.045,-10.097000000000044,9.97700000000009,sl,2019-09-04,2019-09-04 06:03:00+00:00,2019-09-04 17:10:00+00:00,-1.012027663626336,9.97700000000009,20.227214285714336
1474,-1,2004000,2004663,1541.6480000000001,1518.589,22.989000000000196,11.2199999999998,time,2019-09-05,2019-09-05 07:57:00+00:00,2019-09-05 19:00:00+00:00,2.0489304812834765,11.2199999999998,20.51528571428576
1476,-1,2006764,2006988,1504.488,1512.498,-8.079999999999991,7.960000000000036,sl,2019-09-09,2019-09-09 08:01:00+00:00,2019-09-09 11:45:00+00:00,-1.0150753768844163,7.960000000000036,22.51285714285718
1479,1,2010780,2011562,1498.415,1498.2050000000002,-0.279999999999809,9.156999999999925,time,2019-09-12,2019-09-12 05:58:00+00:00,2019-09-12 19:00:00+00:00,-0.03057770012010607,9.156999999999925,23.10057142857147
1481,-1,2013506,2014320,1502.2150000000001,1502.0520000000001,0.09300000000001091,9.799999999999955,time,2019-09-16,2019-09-16 05:26:00+00:00,2019-09-16 19:00:00+00:00,0.009489795918368503,9.799999999999955,22.893928571428596
1491,-1,2027351,2028119,1490.9850000000001,1473.902,17.013000000000083,7.362999999999829,time,2019-09-30,2019-09-30 06:12:00+00:00,2019-09-30 19:00:00+00:00,2.3106070895016266,7.362999999999829,20.671071428571477
1492,-1,2028701,2029198,1462.538,1474.695,-12.226999999999926,12.106999999999971,sl,2019-10-01,2019-10-01 05:45:00+00:00,2019-10-01 14:02:00+00:00,-1.0099116213760597,12.106999999999971,21.91557142857146
1499,-1,2038396,2039154,1505.395,1495.142,10.182999999999929,10.702999999999975,time,2019-10-10,2019-10-10 06:22:00+00:00,2019-10-10 19:00:00+00:00,0.9514154909838319,10.702999999999975,22.79242857142856
1514,1,2059130,2059874,1499.508,1511.208,11.630000000000045,5.563000000000102,time,2019-10-31,2019-10-31 07:36:00+00:00,2019-10-31 20:00:00+00:00,2.090598597878812,5.563000000000102,15.029214285714293
1527,-1,2077004,2077610,1468.9650000000001,1475.328,-6.432999999999829,6.3129999999998745,sl,2019-11-19,2019-11-19 07:57:00+00:00,2019-11-19 18:03:00+00:00,-1.019008395374617,6.3129999999998745,16.30649999999998
1545,1,2101360,2102097,1469.985,1476.998,6.943000000000147,5.226999999999862,time,2019-12-13,2019-12-13 07:43:00+00:00,2019-12-13 20:00:00+00:00,1.3282953893247236,5.226999999999862,12.769642857142864
1552,1,2110832,2111638,1489.615,1498.395,8.709999999999972,5.267000000000053,time,2019-12-24,2019-12-24 05:18:00+00:00,2019-12-24 18:44:00+00:00,1.6536928042528736,5.267000000000053,11.07692857142857
1554,1,2112025,2112897,1504.058,1509.698,5.5700000000001,6.313000000000102,time,2019-12-26,2019-12-26 05:27:00+00:00,2019-12-26 20:00:00+00:00,0.8823063519721226,6.313000000000102,10.979357142857143
1555,-1,2113462,2114061,1509.058,1513.898,-4.909999999999918,4.789999999999964,sl,2019-12-27,2019-12-27 06:26:00+00:00,2019-12-27 16:25:00+00:00,-1.0250521920667965,4.789999999999964,10.529357142857148
1557,1,2116257,2117028,1524.118,1519.6380000000001,-4.549999999999791,9.312999999999874,time,2019-12-31,2019-12-31 07:09:00+00:00,2019-12-31 20:00:00+00:00,-0.488564372382675,9.312999999999874,10.375571428571448
1559,1,2117571,2118405,1521.185,1526.6580000000001,5.403000000000183,4.019999999999982,time,2020-01-02,2020-01-02 06:06:00+00:00,2020-01-02 20:00:00+00:00,1.3440298507463204,4.019999999999982,8.479357142857127
1560,1,2118900,2119784,1541.018,1547.7250000000001,6.637000000000107,12.240000000000009,time,2020-01-03,2020-01-03 05:16:00+00:00,2020-01-03 20:00:00+00:00,0.5422385620915116,12.240000000000009,8.547428571428554
1562,1,2121708,2122544,1565.555,1571.135,5.509999999999927,10.257000000000062,time,2020-01-07,2020-01-07 06:04:00+00:00,2020-01-07 20:00:00+00:00,0.5371941113385876,10.257000000000062,11.41485714285711
1563,-1,2123257,2123924,1583.488,1554.4805000000001,28.937499999999936,27.787000000000035,time,2020-01-08,2020-01-08 08:53:00+00:00,2020-01-08 20:00:00+00:00,1.0414042537877388,27.787000000000035,13.86178571428567
1564,-1,2124485,2125304,1553.685,1553.0605,0.5544999999998981,7.550000000000182,time,2020-01-09,2020-01-09 06:21:00+00:00,2020-01-09 20:00:00+00:00,0.07344370860925625,7.550000000000182,17.48207142857138
1565,1,2126001,2126684,1552.715,1558.805,6.020000000000145,7.0,time,2020-01-10,2020-01-10 08:37:00+00:00,2020-01-10 20:00:00+00:00,0.8600000000000207,7.0,18.627785714285682
1567,1,2128757,2129443,1545.2849999999999,1545.958,0.6030000000002291,9.406999999999925,time,2020-01-14,2020-01-14 08:34:00+00:00,2020-01-14 20:00:00+00:00,0.06410120123314914,9.406999999999925,19.329928571428564
1572,-1,2135371,2136095,1559.8880000000001,1558.6305,1.1875000000001636,8.569999999999936,time,2020-01-21,2020-01-21 07:56:00+00:00,2020-01-21 20:00:00+00:00,0.1385647607934857,8.569999999999936,20.2490714285714
1574,-1,2138043,2138539,1555.708,1563.498,-7.859999999999964,7.740000000000009,sl,2020-01-23,2020-01-23 06:28:00+00:00,2020-01-23 14:44:00+00:00,-1.0155038759689863,7.740000000000009,21.473999999999982
1578,1,2143614,2144372,1569.2749999999999,1576.528,7.183000000000156,5.889999999999873,time,2020-01-29,2020-01-29 07:22:00+00:00,2020-01-29 20:00:00+00:00,1.2195246179966572,5.889999999999873,15.203714285714309
1581,-1,2147636,2148510,1579.458,1578.1205,1.2675000000000909,10.507000000000062,time,2020-02-03,2020-02-03 05:25:00+00:00,2020-02-03 20:00:00+00:00,0.12063386313886774,10.507000000000062,14.66935714285715
1582,-1,2149026,2149889,1573.718,1552.9505000000001,20.697499999999927,5.777000000000044,time,2020-02-04,2020-02-04 05:37:00+00:00,2020-02-04 20:00:00+00:00,3.58274190756444,5.777000000000044,15.147214285714297
1583,1,2150377,2150642,1558.145,1552.025,-6.189999999999891,6.069999999999936,sl,2020-02-05,2020-02-05 05:08:00+00:00,2020-02-05 09:33:00+00:00,-1.0197693574958742,6.069999999999936,16.48435714285717
1586,1,2154727,2155409,1575.008,1574.795,-0.28299999999996545,7.053000000000111,time,2020-02-10,2020-02-10 08:38:00+00:00,2020-02-10 20:00:00+00:00,-0.04012476960158245,7.053000000000111,17.68500000000004
1593,1,2163996,2164821,1604.788,1606.448,1.5900000000000818,5.283000000000129,time,2020-02-19,2020-02-19 06:15:00+00:00,2020-02-19 20:00:00+00:00,0.30096536059058165,5.283000000000129,14.92771428571434
1594,-1,2165440,2165661,1605.8880000000001,1611.968,-6.1499999999999275,6.029999999999973,sl,2020-02-20,2020-02-20 07:19:00+00:00,2020-02-20 11:00:00+00:00,-1.0199004975124304,6.029999999999973,14.90628571428577
1595,1,2166690,2167581,1626.5249999999999,1644.005,17.410000000000245,7.579999999999927,time,2020-02-21,2020-02-21 05:09:00+00:00,2020-02-21 20:00:00+00:00,2.2968337730871258,7.579999999999927,14.924142857142897
1596,1,2168186,2168930,1667.848,1658.428,-9.489999999999846,9.36999999999989,sl,2020-02-24,2020-02-24 07:05:00+00:00,2020-02-24 19:29:00+00:00,-1.0128068303094937,9.36999999999989,15.598642857142895
1597,-1,2169524,2170094,1642.7050000000002,1658.695,-16.059999999999782,15.939999999999827,sl,2020-02-25,2020-02-25 06:23:00+00:00,2020-02-25 15:53:00+00:00,-1.0075282308657438,15.939999999999827,16.707714285714328
1598,1,2170938,2171340,1646.225,1636.805,-9.489999999999846,9.36999999999989,sl,2020-02-26,2020-02-26 06:57:00+00:00,2020-02-26 13:39:00+00:00,-1.0128068303094937,9.36999999999989,18.054428571428616
1599,1,2172201,2172358,1652.695,1643.192,-9.57299999999993,9.452999999999975,sl,2020-02-27,2020-02-27 05:00:00+00:00,2020-02-27 07:37:00+00:00,-1.0126943827356347,9.452999999999975,19.077071428571458
1600,-1,2173627,2174481,1634.695,1583.5235,51.10149999999992,13.373000000000047,time,2020-02-28,2020-02-28 05:46:00+00:00,2020-02-28 20:00:00+00:00,3.8212442982127977,13.373000000000047,19.86921428571431
1601,1,2175188,2175861,1606.568,1594.845,-11.792999999999957,25.00299999999993,time,2020-03-02,2020-03-02 08:47:00+00:00,2020-03-02 20:00:00+00:00,-0.4716634003919526,25.00299999999993,25.315428571428583
1602,1,2176707,2177241,1601.148,1626.448,25.23000000000018,11.440000000000055,time,2020-03-03,2020-03-03 11:06:00+00:00,2020-03-03 20:00:00+00:00,2.2054195804195857,11.440000000000055,26.557571428571432
1605,1,2180493,2181104,1679.2079999999999,1667.498,-11.77999999999981,11.659999999999854,sl,2020-03-06,2020-03-06 05:12:00+00:00,2020-03-06 15:23:00+00:00,-1.0102915951972518,11.659999999999854,32.90592857142857
1608,1,2184673,2185280,1664.305,1650.545,-13.829999999999991,13.710000000000036,sl,2020-03-11,2020-03-11 05:01:00+00:00,2020-03-11 15:08:00+00:00,-1.008752735229756,13.710000000000036,38.94714285714287
1610,1,2187447,2188074,1583.898,1551.265,-32.70299999999981,32.582999999999856,sl,2020-03-13,2020-03-13 05:15:00+00:00,2020-03-13 15:42:00+00:00,-1.0036829021268745,32.582999999999856,44.485500000000016
1611,-1,2189085,2189712,1523.795,1509.6035000000002,14.121499999999905,36.87300000000005,time,2020-03-16,2020-03-16 09:33:00+00:00,2020-03-16 20:00:00+00:00,0.3829767038212211,36.87300000000005,47.86550000000001
1612,-1,2190264,2190777,1485.305,1519.238,-34.00299999999999,33.88300000000004,sl,2020-03-17,2020-03-17 06:12:00+00:00,2020-03-17 14:45:00+00:00,-1.0035415990319616,33.88300000000004,53.277857142857165
1617,-1,2197123,2197276,1560.288,1584.328,-24.109999999999964,23.99000000000001,sl,2020-03-24,2020-03-24 05:41:00+00:00,2020-03-24 08:18:00+00:00,-1.0050020842017489,23.99000000000001,60.002428571428595
1618,-1,2198476,2199346,1604.95,1609.4035000000001,-4.523500000000077,26.704999999999927,time,2020-03-25,2020-03-25 05:20:00+00:00,2020-03-25 20:00:00+00:00,-0.16938775510204415,26.704999999999927,64.6237142857143
1627,-1,2210900,2211645,1655.95,1645.7435,10.136500000000005,18.827999999999975,time,2020-04-07,2020-04-07 06:35:00+00:00,2020-04-07 19:00:00+00:00,0.5383736987465487,18.827999999999975,45.625
1634,-1,2220422,2221302,1703.65,1683.7135,19.866500000000023,14.827999999999975,time,2020-04-17,2020-04-17 04:20:00+00:00,2020-04-17 19:00:00+00:00,1.339796331265178,14.827999999999975,33.4406428571429
1641,-1,2230125,2230383,1695.585,1712.102,-16.587000000000053,16.4670000000001,sl,2020-04-28,2020-04-28 05:04:00+00:00,2020-04-28 09:22:00+00:00,-1.0072873018764774,16.4670000000001,33.05850000000006
1655,1,2249480,2249933,1763.5349999999999,1745.698,-17.906999999999762,17.786999999999807,sl,2020-05-18,2020-05-18 05:40:00+00:00,2020-05-18 13:13:00+00:00,-1.0067465002529914,17.786999999999807,25.119642857142804
1658,-1,2253651,2254419,1737.555,1725.0435,12.441500000000069,10.932999999999993,time,2020-05-21,2020-05-21 06:12:00+00:00,2020-05-21 19:00:00+00:00,1.1379767675843846,10.932999999999993,24.217285714285676
1661,1,2257419,2257708,1735.375,1725.585,-9.859999999999964,9.740000000000009,sl,2020-05-26,2020-05-26 04:00:00+00:00,2020-05-26 08:49:00+00:00,-1.0123203285420899,9.740000000000009,22.962999999999948
1662,-1,2258801,2259699,1707.3880000000001,1713.8135,-6.495499999999829,8.45699999999988,time,2020-05-27,2020-05-27 04:02:00+00:00,2020-05-27 19:00:00+00:00,-0.7680619605060803,8.45699999999988,22.987571428571382
1664,1,2261649,2262459,1722.508,1730.905,8.326999999999934,10.029999999999973,time,2020-05-29,2020-05-29 05:30:00+00:00,2020-05-29 19:00:00+00:00,0.8302093718843426,10.029999999999973,21.62021428571427
1665,1,2262952,2263364,1740.555,1731.628,-8.997000000000135,8.87700000000018,sl,2020-06-01,2020-06-01 04:13:00+00:00,2020-06-01 11:05:00+00:00,-1.0135180804325732,8.87700000000018,21.985357142857115
1667,-1,2265931,2266599,1720.405,1697.3905,22.944499999999998,11.452999999999975,time,2020-06-03,2020-06-03 07:52:00+00:00,2020-06-03 19:00:00+00:00,2.003361564655553,11.452999999999975,22.342642857142827
1669,-1,2268801,2269359,1706.875,1682.9235,23.881499999999896,9.063000000000102,time,2020-06-05,2020-06-05 09:42:00+00:00,2020-06-05 19:00:00+00:00,2.635054617676225,9.063000000000102,23.68392857142856
1670,1,2269840,2270739,1688.858,1699.068,10.140000000000036,11.329999999999927,time,2020-06-08,2020-06-08 04:01:00+00:00,2020-06-08 19:00:00+00:00,0.8949691085613505,11.329999999999927,24.232714285714287
1671,-1,2271236,2271466,1694.258,1704.626,-10.437999999999938,10.317999999999984,sl,2020-06-09,2020-06-09 04:17:00+00:00,2020-06-09 08:07:00+00:00,-1.0116301608838878,10.317999999999984,24.341785714285702
1680,-1,2283840,2284175,1744.718,1758.598,-13.949999999999882,13.829999999999927,sl,2020-06-22,2020-06-22 07:22:00+00:00,2020-06-22 12:57:00+00:00,-1.0086767895878492,13.829999999999927,26.536571428571442
1681,-1,2285200,2285517,1747.585,1760.378,-12.862999999999893,12.742999999999938,sl,2020-06-23,2020-06-23 07:02:00+00:00,2020-06-23 12:19:00+00:00,-1.009416934787723,12.742999999999938,26.298500000000008
1690,1,2297356,2298096,1776.818,1785.208,8.3200000000001,6.9500000000000455,time,2020-07-06,2020-07-06 06:40:00+00:00,2020-07-06 19:00:00+00:00,1.19712230215828,6.9500000000000455,19.481071428571422
1703,1,2315301,2316028,1876.465,1888.728,12.193000000000147,12.505999999999858,time,2020-07-23,2020-07-23 06:53:00+00:00,2020-07-23 19:00:00+00:00,0.9749720134335748,12.505999999999858,19.094928571428568
1704,1,2316508,2317408,1890.195,1901.1380000000001,10.87300000000021,8.75,time,2020-07-24,2020-07-24 04:00:00+00:00,2020-07-24 19:00:00+00:00,1.2426285714285956,8.75,21.230571428571416
1705,1,2318307,2318788,1944.478,1935.1280000000002,-9.41999999999991,39.22000000000003,time,2020-07-27,2020-07-27 10:59:00+00:00,2020-07-27 19:00:00+00:00,-0.24018357980621885,39.22000000000003,21.80864285714285
1706,-1,2319479,2320168,1932.758,1955.9435,-23.255500000000048,48.172000000000025,time,2020-07-28,2020-07-28 07:31:00+00:00,2020-07-28 19:00:00+00:00,-0.4827596944282993,48.172000000000025,23.567714285714278
1709,1,2323423,2324308,1971.508,1971.3980000000001,-0.17999999999989996,16.100000000000136,time,2020-07-31,2020-07-31 04:15:00+00:00,2020-07-31 19:00:00+00:00,-0.011180124223596176,16.100000000000136,29.392000000000003
1710,-1,2325162,2325688,1969.505,1974.9535,-5.5184999999999675,14.722999999999956,time,2020-08-03,2020-08-03 10:14:00+00:00,2020-08-03 19:00:00+00:00,-0.37482170753243116,14.722999999999956,30.37414285714286
1712,1,2327710,2328448,2030.865,2039.795,8.860000000000063,21.47700000000009,time,2020-08-05,2020-08-05 06:42:00+00:00,2020-08-05 19:00:00+00:00,0.41253433906039144,21.47700000000009,33.96092857142859
1714,-1,2330309,2331208,2052.868,2032.4235,20.374499999999834,19.699999999999818,time,2020-08-07,2020-08-07 04:01:00+00:00,2020-08-07 19:00:00+00:00,1.0342385786802042,19.699999999999818,37.68257142857145
1716,-1,2333137,2333968,2014.555,1922.7505,91.73449999999997,15.329999999999927,time,2020-08-11,2020-08-11 05:09:00+00:00,2020-08-11 19:00:00+00:00,5.983985649054168,15.329999999999927,40.909214285714306
1717,-1,2334476,2334659,1872.428,1927.728,-55.369999999999955,55.25,sl,2020-08-12,2020-08-12 04:28:00+00:00,2020-08-12 07:31:00+00:00,-1.0021719457013567,55.25,47.75542857142859
1720,1,2338656,2339426,1949.248,1979.9750000000001,30.65700000000009,19.850000000000136,time,2020-08-17,2020-08-17 06:10:00+00:00,2020-08-17 19:00:00+00:00,1.544433249370271,19.850000000000136,52.23671428571431
1723,1,2342675,2343043,1952.228,1924.805,-27.493000000000002,27.373000000000047,sl,2020-08-20,2020-08-20 04:09:00+00:00,2020-08-20 10:17:00+00:00,-1.004383881927445,27.373000000000047,54.8854285714286
1731,1,2353786,2354351,1989.465,1965.135,-24.399999999999928,24.279999999999973,sl,2020-09-01,2020-09-01 05:20:00+00:00,2020-09-01 14:45:00+00:00,-1.0049423393739685,24.279999999999973,48.663642857142854
1741,1,2367322,2367853,1967.008,1954.988,-12.089999999999982,11.970000000000027,sl,2020-09-15,2020-09-15 05:00:00+00:00,2020-09-15 13:51:00+00:00,-1.0100250626566378,11.970000000000027,33.6226428571428
1743,-1,2370352,2370922,1937.528,1944.8105,-7.352500000000028,23.287000000000035,time,2020-09-17,2020-09-17 09:30:00+00:00,2020-09-17 19:00:00+00:00,-0.3157341005711348,23.287000000000035,28.50692857142854
1744,1,2371588,2371993,1955.485,1945.768,-9.786999999999871,9.666999999999916,sl,2020-09-18,2020-09-18 07:06:00+00:00,2020-09-18 13:51:00+00:00,-1.0124133650563727,9.666999999999916,26.913357142857112
1746,-1,2374302,2375062,1906.518,1904.7235,1.7244999999999708,13.319999999999936,time,2020-09-22,2020-09-22 06:20:00+00:00,2020-09-22 19:00:00+00:00,0.12946696696696539,13.319999999999936,29.518571428571413
1747,-1,2375542,2376442,1892.578,1863.4535,29.054499999999898,12.580000000000155,time,2020-09-23,2020-09-23 04:00:00+00:00,2020-09-23 19:00:00+00:00,2.3095786963433658,12.580000000000155,28.428571428571413
1748,-1,2376978,2377622,1853.3980000000001,1868.798,-15.469999999999864,15.349999999999909,sl,2020-09-24,2020-09-24 04:56:00+00:00,2020-09-24 15:40:00+00:00,-1.0078175895765444,15.349999999999909,29.925928571428553
1752,-1,2382450,2382974,1887.568,1899.235,-11.736999999999917,11.616999999999962,sl,2020-09-30,2020-09-30 04:08:00+00:00,2020-09-30 12:52:00+00:00,-1.0103296892485112,11.616999999999962,29.613499999999995
1754,-1,2385257,2385304,1891.018,1905.628,-14.6799999999999,14.559999999999945,sl,2020-10-02,2020-10-02 04:55:00+00:00,2020-10-02 05:42:00+00:00,-1.008241758241755,14.559999999999945,30.014714285714295
1755,-1,2386629,2387074,1891.6280000000002,1904.158,-12.599999999999746,12.47999999999979,sl,2020-10-05,2020-10-05 04:47:00+00:00,2020-10-05 12:12:00+00:00,-1.0096153846153813,12.47999999999979,30.29185714285716
1759,1,2392333,2393001,1912.838,1928.005,15.097000000000143,17.88000000000011,time,2020-10-09,2020-10-09 07:52:00+00:00,2020-10-09 19:00:00+00:00,0.8443512304250588,17.88000000000011,32.534285714285716
1760,-1,2393800,2394381,1921.305,1923.3505,-2.115499999999947,11.692999999999984,time,2020-10-12,2020-10-12 09:19:00+00:00,2020-10-12 19:00:00+00:00,-0.18092020867185069,11.692999999999984,29.84385714285715
1761,-1,2394868,2395148,1910.415,1925.355,-15.010000000000055,14.8900000000001,sl,2020-10-13,2020-10-13 04:07:00+00:00,2020-10-13 08:47:00+00:00,-1.0080591000671562,14.8900000000001,29.091000000000026
1762,1,2396256,2397141,1897.798,1902.565,4.6970000000000525,15.353000000000065,time,2020-10-14,2020-10-14 04:15:00+00:00,2020-10-14 19:00:00+00:00,0.3059336937406391,15.353000000000065,28.29364285714288
1766,1,2401912,2402661,1904.118,1910.325,6.137000000000107,9.450000000000045,time,2020-10-20,2020-10-20 06:31:00+00:00,2020-10-20 19:00:00+00:00,0.6494179894179977,9.450000000000045,26.735785714285726
1767,1,2403305,2404041,1920.395,1922.9080000000001,2.4430000000001475,10.279999999999973,time,2020-10-21,2020-10-21 06:44:00+00:00,2020-10-21 19:00:00+00:00,0.23764591439690214,10.279999999999973,26.627928571428583
1771,1,2408797,2408915,1910.268,1901.818,-8.520000000000046,8.400000000000091,sl,2020-10-27,2020-10-27 06:16:00+00:00,2020-10-27 08:14:00+00:00,-1.0142857142857087,8.400000000000091,23.213571428571413
1774,1,2413277,2413761,1878.0449999999998,1877.538,-0.5769999999998345,13.736999999999853,time,2020-10-30,2020-10-30 11:56:00+00:00,2020-10-30 20:00:00+00:00,-0.04200334862050235,13.736999999999853,23.28878571428569
1775,1,2414282,2415081,1885.578,1894.115,8.467000000000034,12.220000000000027,time,2020-11-02,2020-11-02 06:41:00+00:00,2020-11-02 20:00:00+00:00,0.6928805237315888,12.220000000000027,24.042357142857117
1779,1,2419869,2420601,1947.258,1951.748,4.420000000000009,11.740000000000009,time,2020-11-06,2020-11-06 07:48:00+00:00,2020-11-06 20:00:00+00:00,0.3764906303236802,11.740000000000009,26.389928571428545
1780,1,2421111,2421475,1964.655,1952.498,-12.226999999999926,12.106999999999971,sl,2020-11-09,2020-11-09 05:30:00+00:00,2020-11-09 11:34:00+00:00,-1.0099116213760597,12.106999999999971,26.62349999999997
1781,1,2422544,2422821,1884.9279999999999,1867.375,-17.622999999999884,17.50299999999993,sl,2020-11-10,2020-11-10 06:23:00+00:00,2020-11-10 11:00:00+00:00,-1.0068559675484177,17.50299999999993,33.455642857142834
1791,-1,2436588,2437159,1821.1380000000001,1804.1935,16.87450000000006,15.0,time,2020-11-24,2020-11-24 10:29:00+00:00,2020-11-24 20:00:00+00:00,1.1249666666666707,15.0,34.05792857142858
1796,1,2442776,2443623,1787.088,1813.4550000000002,26.29700000000019,10.288000000000011,time,2020-12-01,2020-12-01 05:53:00+00:00,2020-12-01 20:00:00+00:00,2.5560847589424727,10.288000000000011,25.412714285714305
1798,1,2445626,2446144,1837.2079999999999,1826.138,-11.139999999999937,11.019999999999982,sl,2020-12-03,2020-12-03 07:27:00+00:00,2020-12-03 16:05:00+00:00,-1.010889292196003,11.019999999999982,26.56135714285717
1801,-1,2449982,2450152,1860.95,1871.718,-10.83800000000003,10.718000000000075,sl,2020-12-08,2020-12-08 11:03:00+00:00,2020-12-08 13:53:00+00:00,-1.0111961186788536,10.718000000000075,27.432785714285746
1802,-1,2451397,2451897,1855.488,1833.6905000000002,21.7274999999999,14.8900000000001,time,2020-12-09,2020-12-09 11:40:00+00:00,2020-12-09 20:00:00+00:00,1.4592008059099901,14.8900000000001,26.990642857142884
1806,1,2456516,2457416,1836.1319999999998,1851.678,15.476000000000276,10.427000000000135,time,2020-12-15,2020-12-15 05:00:00+00:00,2020-12-15 20:00:00+00:00,1.4842236501390693,10.427000000000135,26.329357142857166
1810,1,2462036,2462323,1900.182,1882.9650000000001,-17.28699999999987,17.166999999999916,sl,2020-12-21,2020-12-21 05:00:00+00:00,2020-12-21 09:47:00+00:00,-1.006990155530958,17.166999999999916,26.76307142857143
1814,-1,2467440,2468258,1885.568,1876.5005,8.997499999999881,14.480000000000018,time,2020-12-28,2020-12-28 06:22:00+00:00,2020-12-28 20:00:00+00:00,0.6213743093922562,14.480000000000018,27.331071428571413
1817,-1,2471511,2472054,1886.848,1899.808,-13.030000000000037,12.910000000000082,sl,2020-12-31,2020-12-31 05:13:00+00:00,2020-12-31 14:16:00+00:00,-1.009295120061964,12.910000000000082,24.356642857142837
1818,1,2472959,2473777,1925.195,1942.338,17.07300000000003,15.287000000000035,time,2021-01-04,2021-01-04 06:22:00+00:00,2021-01-04 20:00:00+00:00,1.116831294564008,15.287000000000035,23.93821428571427
1819,1,2474404,2475157,1943.965,1951.145,7.110000000000063,9.736999999999853,time,2021-01-05,2021-01-05 07:27:00+00:00,2021-01-05 20:00:00+00:00,0.7302043750642057,9.736999999999853,25.63621428571428
1820,1,2475863,2476100,1955.228,1941.305,-13.993000000000002,13.873000000000047,sl,2021-01-06,2021-01-06 08:46:00+00:00,2021-01-06 12:43:00+00:00,-1.0086498954804264,13.873000000000047,25.50599999999999
1821,1,2477114,2477338,1924.585,1914.595,-10.06000000000001,9.940000000000055,sl,2021-01-07,2021-01-07 06:37:00+00:00,2021-01-07 10:21:00+00:00,-1.0120724346076413,9.940000000000055,27.54714285714283
1822,-1,2478471,2479297,1906.3500000000001,1846.7459999999999,59.53400000000027,10.14799999999991,time,2021-01-08,2021-01-08 06:14:00+00:00,2021-01-08 20:00:00+00:00,5.866574694521166,10.14799999999991,27.534142857142847
1823,1,2479870,2480677,1849.338,1846.844,-2.5639999999999143,32.40000000000009,time,2021-01-11,2021-01-11 06:33:00+00:00,2021-01-11 20:00:00+00:00,-0.07913580246913293,32.40000000000009,31.411999999999985
1828,1,2486709,2487455,1832.355,1837.288,4.862999999999992,22.076999999999998,time,2021-01-18,2021-01-18 05:33:00+00:00,2021-01-18 17:59:00+00:00,0.22027449381709438,22.076999999999998,33.152928571428596
1838,1,2500310,2501136,1863.815,1859.29,-4.595000000000091,14.873000000000047,time,2021-02-01,2021-02-01 06:14:00+00:00,2021-02-01 20:00:00+00:00,-0.30894910240032786,14.873000000000047,26.0725714285714
1839,-1,2501748,2502516,1852.575,1837.0149999999999,15.490000000000173,11.349999999999909,time,2021-02-02,2021-02-02 07:12:00+00:00,2021-02-02 20:00:00+00:00,1.3647577092511274,11.349999999999909,25.887428571428536
1841,-1,2504378,2505276,1820.948,1795.407,25.471000000000167,13.636999999999944,time,2021-02-04,2021-02-04 05:02:00+00:00,2021-02-04 20:00:00+00:00,1.8677861699787544,13.636999999999944,25.895785714285676
1843,-1,2507367,2507527,1808.2630000000001,1818.805,-10.611999999999917,10.491999999999962,sl,2021-02-08,2021-02-08 08:51:00+00:00,2021-02-08 11:31:00+00:00,-1.0114372855508917,10.491999999999962,26.524214285714265
1844,1,2508686,2509416,1843.1879999999999,1837.345,-5.9129999999998475,13.329999999999927,time,2021-02-09,2021-02-09 07:50:00+00:00,2021-02-09 20:00:00+00:00,-0.4435858964741095,13.329999999999927,27.869285714285702
1845,1,2509932,2510796,1845.19,1842.9260000000002,-2.333999999999896,11.225000000000136,time,2021-02-10,2021-02-10 05:36:00+00:00,2021-02-10 20:00:00+00:00,-0.20792873051223767,11.225000000000136,26.353999999999992
1852,1,2519366,2520216,1772.805,1780.026,7.151000000000003,12.315000000000055,time,2021-02-19,2021-02-19 05:50:00+00:00,2021-02-19 20:00:00+00:00,0.5806739748274439,12.315000000000055,25.929714285714308
1854,-1,2522337,2522976,1806.015,1803.953,1.9920000000001254,9.809999999999945,time,2021-02-23,2021-02-23 09:21:00+00:00,2021-02-23 20:00:00+00:00,0.20305810397554908,9.809999999999945,26.194642857142885
1856,-1,2524943,2525735,1793.775,1773.473,20.232000000000134,10.279999999999973,time,2021-02-25,2021-02-25 06:48:00+00:00,2021-02-25 20:00:00+00:00,1.968093385214026,10.279999999999973,25.16507142857144
1857,-1,2526246,2527115,1764.951,1727.473,37.408000000000065,10.604000000000042,time,2021-02-26,2021-02-26 05:31:00+00:00,2021-02-26 20:00:00+00:00,3.527725386646541,10.604000000000042,26.284071428571433
1858,1,2527605,2528057,1751.595,1737.185,-14.480000000000082,14.360000000000127,sl,2021-03-01,2021-03-01 05:10:00+00:00,2021-03-01 12:42:00+00:00,-1.0083565459609996,14.360000000000127,28.22635714285715
1859,1,2529305,2529875,1728.426,1734.616,6.120000000000054,21.309999999999945,time,2021-03-02,2021-03-02 10:30:00+00:00,2021-03-02 20:00:00+00:00,0.28718911309244816,21.309999999999945,29.76407142857142
1873,-1,2548429,2549255,1732.3880000000001,1739.7759999999998,-7.457999999999693,10.549999999999955,time,2021-03-22,2021-03-22 06:14:00+00:00,2021-03-22 20:00:00+00:00,-0.7069194312795948,10.549999999999955,27.120999999999963
1874,1,2550043,2550271,1740.4679999999998,1730.918,-9.619999999999955,9.5,sl,2021-03-23,2021-03-23 10:08:00+00:00,2021-03-23 13:56:00+00:00,-1.0126315789473637,9.5,25.99528571428568
1875,1,2551393,2552015,1734.359,1732.905,-1.523999999999951,10.684999999999945,time,2021-03-24,2021-03-24 09:38:00+00:00,2021-03-24 20:00:00+00:00,-0.14262985493682345,10.684999999999945,24.726071428571395
1879,-1,2556615,2557412,1704.555,1681.9859999999999,22.499000000000187,9.712999999999965,time,2021-03-30,2021-03-30 05:43:00+00:00,2021-03-30 19:00:00+00:00,2.3163801091321186,9.712999999999965,21.115999999999936
1880,1,2558043,2558792,1686.365,1707.665,21.229999999999954,8.527000000000044,time,2021-03-31,2021-03-31 06:31:00+00:00,2021-03-31 19:00:00+00:00,2.4897384777764566,8.527000000000044,22.31557142857137
1881,1,2559370,2560172,1714.088,1726.518,12.360000000000063,8.400000000000091,time,2021-04-01,2021-04-01 05:38:00+00:00,2021-04-01 19:00:00+00:00,1.471428571428563,8.400000000000091,23.51914285714281
1883,1,2562067,2562932,1735.388,1743.255,7.797000000000189,8.230000000000018,time,2021-04-06,2021-04-06 04:35:00+00:00,2021-04-06 19:00:00+00:00,0.9473876063183684,8.230000000000018,23.10364285714284
1888,-1,2569022,2569450,1727.905,1736.278,-8.443000000000048,8.323000000000093,sl,2021-04-13,2021-04-13 05:30:00+00:00,2021-04-13 12:39:00+00:00,-1.014417878168924,8.323000000000093,22.10935714285717
1892,1,2574674,2575001,1783.5049999999999,1773.018,-10.556999999999853,10.436999999999898,sl,2021-04-19,2021-04-19 07:43:00+00:00,2021-04-19 13:10:00+00:00,-1.0114975567691824,10.436999999999898,24.25414285714292
1893,-1,2576099,2576300,1765.438,1775.578,-10.209999999999873,10.089999999999918,sl,2021-04-20,2021-04-20 08:28:00+00:00,2021-04-20 11:49:00+00:00,-1.0118929633300253,10.089999999999918,23.984142857142924
1894,1,2577313,2578111,1784.658,1793.018,8.290000000000127,8.440000000000055,time,2021-04-21,2021-04-21 05:42:00+00:00,2021-04-21 19:00:00+00:00,0.9822274881516675,8.440000000000055,22.634500000000052
1897,1,2581439,2581841,1782.848,1773.738,-9.1799999999999,9.059999999999945,sl,2021-04-26,2021-04-26 05:30:00+00:00,2021-04-26 12:12:00+00:00,-1.013245033112578,9.059999999999945,22.147071428571476
1899,-1,2584294,2584951,1766.275,1776.175,-9.969999999999864,9.849999999999909,sl,2021-04-28,2021-04-28 07:06:00+00:00,2021-04-28 18:03:00+00:00,-1.0121827411167468,9.849999999999909,21.80264285714291
1900,-1,2585619,2586388,1782.278,1773.636,8.572000000000052,7.5470000000000255,time,2021-04-29,2021-04-29 06:11:00+00:00,2021-04-29 19:00:00+00:00,1.1358155558500098,7.5470000000000255,21.44642857142862
1902,1,2588385,2589148,1775.628,1792.028,16.33000000000009,8.343000000000075,time,2021-05-03,2021-05-03 06:17:00+00:00,2021-05-03 19:00:00+00:00,1.9573294977825655,8.343000000000075,21.42050000000003
1905,1,2592388,2593288,1790.115,1813.828,23.642999999999965,8.187000000000126,time,2021-05-06,2021-05-06 04:00:00+00:00,2021-05-06 19:00:00+00:00,2.88787101502377,8.187000000000126,21.355000000000018
1906,1,2594039,2594668,1822.2079999999999,1830.625,8.347000000000143,9.409999999999854,time,2021-05-07,2021-05-07 08:31:00+00:00,2021-05-07 19:00:00+00:00,0.8870350690754806,9.409999999999854,22.207857142857165
1910,-1,2599577,2599889,1813.105,1822.915,-9.879999999999946,9.759999999999991,sl,2021-05-13,2021-05-13 08:50:00+00:00,2021-05-13 14:02:00+00:00,-1.0122950819672085,9.759999999999991,23.499000000000006
1912,1,2602073,2602947,1853.028,1866.765,13.66700000000008,9.519999999999982,time,2021-05-17,2021-05-17 04:26:00+00:00,2021-05-17 19:00:00+00:00,1.43560924369749,9.519999999999982,23.89342857142859
1915,1,2606276,2607086,1877.5349999999999,1874.355,-3.249999999999836,13.75,time,2021-05-20,2021-05-20 05:30:00+00:00,2021-05-20 19:00:00+00:00,-0.23636363636362445,13.75,24.547714285714278
1918,1,2610482,2611225,1880.878,1899.278,18.33000000000009,8.213999999999942,time,2021-05-25,2021-05-25 06:37:00+00:00,2021-05-25 19:00:00+00:00,2.2315558802045556,8.213999999999942,23.318428571428562
1919,1,2611787,2612527,1907.6879999999999,1896.848,-10.909999999999918,10.789999999999964,sl,2021-05-26,2021-05-26 05:22:00+00:00,2021-05-26 17:42:00+00:00,-1.011121408711766,10.789999999999964,24.02442857142856
1923,1,2617112,2617257,1914.435,1906.058,-8.446999999999953,8.326999999999998,sl,2021-06-01,2021-06-01 06:07:00+00:00,2021-06-01 08:32:00+00:00,-1.0144109523237606,8.326999999999998,21.447071428571398
1926,1,2621289,2622025,1872.078,1891.415,19.26699999999999,16.712999999999965,time,2021-06-04,2021-06-04 06:44:00+00:00,2021-06-04 19:00:00+00:00,1.152815173816791,16.712999999999965,21.912357142857104
1932,-1,2629404,2630303,1863.058,1864.926,-1.9379999999999382,12.490000000000009,time,2021-06-14,2021-06-14 04:01:00+00:00,2021-06-14 19:00:00+00:00,-0.15516413130503898,12.490000000000009,23.58042857142857
1933,1,2630907,2631402,1867.848,1858.548,-9.369999999999955,9.25,sl,2021-06-15,2021-06-15 06:04:00+00:00,2021-06-15 14:19:00+00:00,-1.0129729729729682,9.25,23.942285714285713
1935,-1,2633671,2634443,1814.268,1778.386,35.81200000000006,10.910000000000082,time,2021-06-17,2021-06-17 06:08:00+00:00,2021-06-17 19:00:00+00:00,3.28249312557285,10.910000000000082,26.792285714285722
1936,1,2634923,2635499,1786.348,1773.628,-12.790000000000028,12.670000000000073,sl,2021-06-18,2021-06-18 04:00:00+00:00,2021-06-18 13:36:00+00:00,-1.0094711917916301,12.670000000000073,29.252071428571444
1942,1,2643278,2644103,1782.758,1778.788,-4.040000000000028,12.190000000000055,time,2021-06-28,2021-06-28 05:15:00+00:00,2021-06-28 19:00:00+00:00,-0.331419196062347,12.190000000000055,27.872999999999983
1945,1,2647343,2648243,1776.269,1774.618,-1.7210000000000674,10.519999999999982,time,2021-07-01,2021-07-01 04:00:00+00:00,2021-07-01 19:00:00+00:00,-0.1635931558935428,10.519999999999982,28.068714285714254
1949,1,2652774,2653523,1802.848,1803.838,0.920000000000009,9.051999999999907,time,2021-07-07,2021-07-07 06:31:00+00:00,2021-07-07 19:00:00+00:00,0.10163499779054556,9.051999999999907,23.450857142857103
1950,-1,2654039,2654210,1796.218,1805.408,-9.259999999999827,9.139999999999873,sl,2021-07-08,2021-07-08 04:36:00+00:00,2021-07-08 07:27:00+00:00,-1.013129102844634,9.139999999999873,20.436714285714224
1951,-1,2655528,2655988,1799.1680000000001,1807.648,-8.549999999999791,8.429999999999836,sl,2021-07-09,2021-07-09 06:25:00+00:00,2021-07-09 14:05:00+00:00,-1.0142348754448347,8.429999999999836,19.566428571428528
1952,-1,2656777,2657663,1802.1580000000001,1806.7459999999999,-4.657999999999738,8.5,time,2021-07-12,2021-07-12 04:14:00+00:00,2021-07-12 19:00:00+00:00,-0.5479999999999692,8.5,18.944285714285684
1954,1,2659533,2660423,1813.465,1825.028,11.493000000000102,8.96699999999987,time,2021-07-14,2021-07-14 04:10:00+00:00,2021-07-14 19:00:00+00:00,1.2816995650719603,8.96699999999987,18.836357142857132
1958,1,2665426,2665688,1819.088,1810.658,-8.500000000000064,8.38000000000011,sl,2021-07-20,2021-07-20 10:23:00+00:00,2021-07-20 14:45:00+00:00,-1.014319809069207,8.38000000000011,19.492714285714296
1962,1,2670563,2671168,1807.238,1798.278,-9.030000000000037,8.910000000000082,sl,2021-07-26,2021-07-26 04:00:00+00:00,2021-07-26 14:05:00+00:00,-1.0134680134680083,8.910000000000082,19.872071428571434
1965,1,2674793,2675603,1817.4579999999999,1831.1480000000001,13.620000000000282,9.169999999999845,time,2021-07-29,2021-07-29 05:30:00+00:00,2021-07-29 19:00:00+00:00,1.4852780806979837,9.169999999999845,18.37492857142859
1967,-1,2677608,2678205,1808.298,1816.758,-8.530000000000037,8.410000000000082,sl,2021-08-02,2021-08-02 06:25:00+00:00,2021-08-02 16:22:00+00:00,-1.0142687277051075,8.410000000000082,19.11700000000001
1972,1,2684443,2685256,1741.783,1728.188,-13.6649999999998,56.85500000000002,time,2021-08-09,2021-08-09 05:27:00+00:00,2021-08-09 19:00:00+00:00,-0.2403482543311898,56.85500000000002,19.577571428571414
1974,1,2687493,2688016,1735.108,1751.318,16.140000000000036,11.069999999999936,time,2021-08-11,2021-08-11 10:17:00+00:00,2021-08-11 19:00:00+00:00,1.4579945799458112,11.069999999999936,23.809714285714286
1980,1,2695715,2696295,1788.898,1779.828,-9.139999999999937,14.490000000000009,time,2021-08-19,2021-08-19 09:20:00+00:00,2021-08-19 19:00:00+00:00,-0.6307798481711477,14.490000000000009,25.277714285714247
1982,1,2698192,2699055,1788.605,1804.824,16.14900000000005,12.167000000000144,time,2021-08-23,2021-08-23 04:37:00+00:00,2021-08-23 19:00:00+00:00,1.3272787046930106,12.167000000000144,24.787214285714235
1984,-1,2700943,2701813,1793.3880000000001,1792.5159999999998,0.8020000000002983,9.11999999999989,time,2021-08-25,2021-08-25 04:30:00+00:00,2021-08-25 19:00:00+00:00,0.08793859649126183,9.11999999999989,25.189857142857104
1987,-1,2705183,2705952,1813.208,1811.206,1.93200000000018,9.820999999999913,time,2021-08-30,2021-08-30 06:11:00+00:00,2021-08-30 19:00:00+00:00,0.19672131147542993,9.820999999999913,20.43942857142851
1996,1,2717324,2717759,1799.888,1792.562,-7.396000000000022,7.276000000000067,sl,2021-09-10,2021-09-10 05:33:00+00:00,2021-09-10 12:48:00+00:00,-1.0164925783397407,7.276000000000067,19.502928571428534
1997,1,2718611,2719511,1792.648,1792.404,-0.3139999999999145,8.920000000000073,time,2021-09-13,2021-09-13 04:00:00+00:00,2021-09-13 19:00:00+00:00,-0.03520179372196322,8.920000000000073,18.55907142857138
2002,1,2725747,2726411,1755.078,1761.594,6.446000000000076,13.049999999999955,time,2021-09-20,2021-09-20 07:56:00+00:00,2021-09-20 19:00:00+00:00,0.49394636015326426,13.049999999999955,20.854928571428527
2007,1,2732609,2732768,1760.788,1748.094,-12.76399999999996,12.644000000000005,sl,2021-09-27,2021-09-27 07:18:00+00:00,2021-09-27 09:57:00+00:00,-1.009490667510278,12.644000000000005,24.7285714285714
2013,-1,2740696,2741591,1759.298,1761.983,-2.7549999999999453,9.720000000000027,time,2021-10-05,2021-10-05 04:05:00+00:00,2021-10-05 19:00:00+00:00,-0.2834362139917631,9.720000000000027,25.728785714285728
2018,1,2747654,2748491,1758.9379999999999,1759.188,0.18000000000022737,8.230000000000018,time,2021-10-12,2021-10-12 05:03:00+00:00,2021-10-12 19:00:00+00:00,0.02187120291618797,8.230000000000018,22.699500000000025
2023,1,2754486,2755386,1775.079,1770.474,-4.6750000000000185,12.049999999999955,time,2021-10-19,2021-10-19 04:00:00+00:00,2021-10-19 19:00:00+00:00,-0.3879668049792561,12.049999999999955,22.215142857142887
2024,1,2755866,2756766,1774.568,1786.248,11.610000000000063,7.774000000000115,time,2021-10-20,2021-10-20 04:00:00+00:00,2021-10-20 19:00:00+00:00,1.493439670697182,7.774000000000115,22.09471428571432
2025,-1,2757429,2758146,1781.068,1781.2859999999998,-0.2879999999998472,8.25,time,2021-10-21,2021-10-21 07:03:00+00:00,2021-10-21 19:00:00+00:00,-0.03490909090907239,8.25,20.640142857142887
2030,1,2764293,2764780,1803.1779999999999,1794.014,-9.233999999999988,9.114000000000033,sl,2021-10-28,2021-10-28 06:28:00+00:00,2021-10-28 14:35:00+00:00,-1.0131665569453538,9.114000000000033,21.46935714285717
2034,-1,2769802,2770625,1779.118,1773.716,5.332000000000043,8.340000000000146,time,2021-11-03,2021-11-03 06:17:00+00:00,2021-11-03 20:00:00+00:00,0.6393285371702578,8.340000000000146,19.837571428571437
2037,1,2773861,2774041,1821.043,1812.798,-8.314999999999891,8.194999999999936,sl,2021-11-08,2021-11-08 05:56:00+00:00,2021-11-08 08:56:00+00:00,-1.0146430750457542,8.194999999999936,22.18928571428572
2040,1,2777984,2778845,1853.734,1861.938,8.134000000000178,10.935999999999922,time,2021-11-11,2021-11-11 05:39:00+00:00,2021-11-11 20:00:00+00:00,0.743782004389195,10.935999999999922,23.41557142857146
2042,-1,2780841,2781195,1856.298,1865.958,-9.730000000000082,9.610000000000127,sl,2021-11-15,2021-11-15 07:16:00+00:00,2021-11-15 13:10:00+00:00,-1.0124869927159161,9.610000000000127,23.224428571428593
2051,1,2792946,2793565,1799.298,1789.888,-9.480000000000082,9.360000000000127,sl,2021-11-26,2021-11-26 06:20:00+00:00,2021-11-26 16:39:00+00:00,-1.012820512820508,9.360000000000127,23.011785714285743
2065,1,2812050,2812887,1784.228,1796.808,12.509999999999927,8.760000000000218,time,2021-12-16,2021-12-16 06:03:00+00:00,2021-12-16 20:00:00+00:00,1.428082191780778,8.760000000000218,20.736642857142847
2066,1,2813383,2814267,1804.298,1801.415,-2.953000000000038,7.100000000000136,time,2021-12-17,2021-12-17 05:16:00+00:00,2021-12-17 20:00:00+00:00,-0.4159154929577438,7.100000000000136,19.983571428571427
2076,-1,2827188,2828063,1824.018,1802.0249999999999,21.923000000000165,7.3900000000001,time,2022-01-03,2022-01-03 05:25:00+00:00,2022-01-03 20:00:00+00:00,2.966576454668453,7.3900000000001,17.660714285714253
2082,1,2835486,2836343,1807.818,1820.7150000000001,12.827000000000162,6.712999999999965,time,2022-01-11,2022-01-11 05:43:00+00:00,2022-01-11 20:00:00+00:00,1.9107701474750822,6.712999999999965,18.144500000000043
2085,1,2839618,2840061,1827.2079999999999,1819.468,-7.809999999999782,7.689999999999827,sl,2022-01-14,2022-01-14 05:35:00+00:00,2022-01-14 12:58:00+00:00,-1.0156046814044157,7.689999999999827,18.487214285714327
2086,1,2841003,2841741,1820.2079999999999,1818.958,-1.3199999999997727,7.157999999999902,time,2022-01-17,2022-01-17 05:40:00+00:00,2022-01-17 17:58:00+00:00,-0.18440905280801773,7.157999999999902,18.768428571428622
2087,-1,2842166,2843002,1815.118,1814.2849999999999,0.7630000000000836,7.476000000000113,time,2022-01-18,2022-01-18 06:04:00+00:00,2022-01-18 20:00:00+00:00,0.1020599250936426,7.476000000000113,18.404642857142903
2094,-1,2851799,2852662,1812.858,1793.245,19.543000000000056,8.950000000000045,time,2022-01-27,2022-01-27 05:37:00+00:00,2022-01-27 20:00:00+00:00,2.1835754189944088,8.950000000000045,17.832214285714322
2106,-1,2868447,2868841,1851.328,1860.588,-9.329999999999991,9.210000000000036,sl,2022-02-14,2022-02-14 07:05:00+00:00,2022-02-14 13:39:00+00:00,-1.0130293159609072,9.210000000000036,21.067928571428574
2107,1,2869708,2869894,1878.978,1870.008,-9.040000000000028,8.920000000000073,sl,2022-02-15,2022-02-15 05:06:00+00:00,2022-02-15 08:12:00+00:00,-1.0134529147982012,8.920000000000073,21.38292857142856
2109,1,2872527,2873361,1876.254,1899.798,23.474000000000096,8.505999999999858,time,2022-02-17,2022-02-17 06:05:00+00:00,2022-02-17 20:00:00+00:00,2.7596990359746636,8.505999999999858,20.847214285714276
2110,-1,2874171,2874741,1888.188,1895.8149999999998,-7.696999999999726,14.11999999999989,time,2022-02-18,2022-02-18 10:30:00+00:00,2022-02-18 20:00:00+00:00,-0.5451133144475768,14.11999999999989,21.85921428571427
2111,-1,2875304,2876089,1889.1480000000001,1905.426,-16.347999999999793,18.95999999999981,time,2022-02-21,2022-02-21 06:23:00+00:00,2022-02-21 19:28:00+00:00,-0.862236286919829,18.95999999999981,21.968714285714263
2112,-1,2876659,2877350,1905.1380000000001,1901.895,3.1730000000001657,8.6099999999999,time,2022-02-22,2022-02-22 08:29:00+00:00,2022-02-22 20:00:00+00:00,0.36852497096401887,8.6099999999999,22.937071428571407
2114,1,2879489,2880059,1949.0529999999999,1909.998,-39.12499999999984,39.00499999999988,sl,2022-02-24,2022-02-24 09:39:00+00:00,2022-02-24 19:09:00+00:00,-1.003076528650172,39.00499999999988,23.490142857142832
2115,1,2880718,2880976,1921.528,1904.201,-17.397,17.277000000000044,sl,2022-02-25,2022-02-25 07:08:00+00:00,2022-02-25 11:26:00+00:00,-1.0069456502865055,17.277000000000044,28.75299999999996
2116,-1,2882112,2882870,1904.358,1906.8049999999998,-2.516999999999889,14.88000000000011,time,2022-02-28,2022-02-28 07:22:00+00:00,2022-02-28 20:00:00+00:00,-0.1691532258064429,14.88000000000011,30.37799999999996
2118,1,2884873,2885055,1943.738,1930.888,-12.920000000000137,12.800000000000182,sl,2022-03-02,2022-03-02 07:23:00+00:00,2022-03-02 10:25:00+00:00,-1.0093749999999964,12.800000000000182,34.310142857142814
2121,-1,2888922,2889158,1984.768,2000.94,-16.242000000000026,16.12200000000007,sl,2022-03-07,2022-03-07 05:52:00+00:00,2022-03-07 09:48:00+00:00,-1.0074432452549282,16.12200000000007,34.76249999999997
2122,1,2890329,2891150,1999.978,2039.272,39.22399999999987,18.99000000000001,time,2022-03-08,2022-03-08 06:19:00+00:00,2022-03-08 20:00:00+00:00,2.0655081621906186,18.99000000000001,35.23821428571426
2123,-1,2891873,2892530,2034.9080000000001,1989.705,45.1330000000002,24.110000000000127,time,2022-03-09,2022-03-09 09:03:00+00:00,2022-03-09 20:00:00+00:00,1.8719618415595174,24.110000000000127,40.0317857142857
2124,1,2893321,2893910,1989.9379999999999,1996.065,6.05700000000018,19.37999999999988,time,2022-03-10,2022-03-10 10:11:00+00:00,2022-03-10 20:00:00+00:00,0.31253869969041365,19.37999999999988,43.58478571428571
2136,-1,2909551,2910410,1942.118,1927.735,14.313000000000038,16.090000000000146,time,2022-03-28,2022-03-28 04:41:00+00:00,2022-03-28 19:00:00+00:00,0.8895587321317532,16.090000000000146,39.538428571428554
2147,1,2924688,2924994,1959.467,1950.007,-9.530000000000037,9.410000000000082,sl,2022-04-12,2022-04-12 04:00:00+00:00,2022-04-12 09:06:00+00:00,-1.0127523910733214,9.410000000000082,26.58899999999999
2148,1,2926164,2926968,1972.182,1975.8020000000001,3.5500000000001184,9.413999999999987,time,2022-04-13,2022-04-13 05:36:00+00:00,2022-04-13 19:00:00+00:00,0.37709793923944374,9.413999999999987,26.313999999999997
2150,1,2928970,2929656,1988.488,1978.051,-10.507000000000126,10.387000000000171,sl,2022-04-18,2022-04-18 06:23:00+00:00,2022-04-18 17:49:00+00:00,-1.0115529026667904,10.387000000000171,25.502571428571418
2152,-1,2931587,2931952,1942.508,1951.418,-8.979999999999855,8.8599999999999,sl,2022-04-20,2022-04-20 04:01:00+00:00,2022-04-20 10:06:00+00:00,-1.0135440180586859,8.8599999999999,24.268285714285703
2155,-1,2935758,2936626,1921.6290000000001,1898.9099999999999,22.649000000000278,11.183999999999969,time,2022-04-25,2022-04-25 04:32:00+00:00,2022-04-25 19:00:00+00:00,2.025125178826926,11.183999999999969,23.832071428571403
2157,-1,2938518,2938985,1896.728,1906.878,-10.219999999999864,10.099999999999909,sl,2022-04-27,2022-04-27 04:32:00+00:00,2022-04-27 12:19:00+00:00,-1.0118811881188075,10.099999999999909,24.461714285714265
2158,-1,2939866,2940076,1877.448,1886.658,-9.27999999999981,9.159999999999854,sl,2022-04-28,2022-04-28 04:00:00+00:00,2022-04-28 07:30:00+00:00,-1.013100436681218,9.159999999999854,24.985999999999972
2159,1,2941297,2942146,1905.788,1907.993,2.1349999999999274,13.269999999999982,time,2022-04-29,2022-04-29 04:51:00+00:00,2022-04-29 19:00:00+00:00,0.16088922381310702,13.269999999999982,25.510285714285665
2160,-1,2942662,2943526,1884.318,1860.329,23.919000000000032,15.420000000000073,time,2022-05-02,2022-05-02 04:36:00+00:00,2022-05-02 19:00:00+00:00,1.551167315175092,15.420000000000073,25.998142857142803
2164,1,2948238,2949046,1877.888,1882.348,4.390000000000036,11.836999999999989,time,2022-05-06,2022-05-06 05:32:00+00:00,2022-05-06 19:00:00+00:00,0.37087099771902005,11.836999999999989,28.95414285714282
2166,1,2950906,2951552,1864.6670000000001,1852.6970000000001,-12.040000000000028,11.920000000000073,sl,2022-05-10,2022-05-10 04:00:00+00:00,2022-05-10 14:46:00+00:00,-1.0100671140939559,11.920000000000073,28.572142857142826
2180,1,2970224,2971092,1860.977,1855.703,-5.344000000000115,12.86999999999989,time,2022-05-30,2022-05-30 04:00:00+00:00,2022-05-30 18:28:00+00:00,-0.4152292152292277,12.86999999999989,25.94842857142862
2181,1,2971597,2971929,1855.018,1845.838,-9.250000000000064,9.13000000000011,sl,2022-05-31,2022-05-31 06:24:00+00:00,2022-05-31 11:56:00+00:00,-1.013143483022996,9.13000000000011,24.947357142857186
2190,-1,2984082,2984773,1859.983,1826.095,33.81799999999992,17.330000000000155,time,2022-06-13,2022-06-13 07:29:00+00:00,2022-06-13 19:00:00+00:00,1.9514137334102493,17.330000000000155,21.711000000000013
2191,1,2985368,2985724,1827.9579999999999,1817.613,-10.4149999999998,10.294999999999845,sl,2022-06-14,2022-06-14 05:55:00+00:00,2022-06-14 11:51:00+00:00,-1.011656143759102,10.294999999999845,25.128500000000013
2192,1,2986749,2987533,1819.298,1830.598,11.229999999999954,11.660000000000082,time,2022-06-15,2022-06-15 05:56:00+00:00,2022-06-15 19:00:00+00:00,0.9631217838764902,11.660000000000082,25.188142857142875
2194,1,2989700,2989992,1851.9679999999998,1841.508,-10.52999999999981,10.409999999999854,sl,2022-06-17,2022-06-17 09:07:00+00:00,2022-06-17 13:59:00+00:00,-1.0115273775216096,10.409999999999854,28.725285714285715
2205,-1,3004766,3005290,1805.328,1807.887,-2.628999999999969,8.820000000000164,time,2022-07-04,2022-07-04 09:44:00+00:00,2022-07-04 18:28:00+00:00,-0.29807256235826757,8.820000000000164,22.433642857142882
2208,1,3008426,3009311,1746.914,1739.698,-7.285999999999895,10.506000000000085,time,2022-07-07,2022-07-07 04:15:00+00:00,2022-07-07 19:00:00+00:00,-0.6935084713496893,10.506000000000085,22.13385714285719
2209,-1,3009998,3010422,1738.768,1746.508,-7.810000000000009,7.690000000000055,sl,2022-07-08,2022-07-08 07:27:00+00:00,2022-07-08 14:31:00+00:00,-1.0156046814044153,7.690000000000055,21.6636428571429
2213,-1,3015443,3016211,1725.294,1711.1609999999998,14.063000000000265,8.95399999999995,time,2022-07-14,2022-07-14 06:12:00+00:00,2022-07-14 19:00:00+00:00,1.570582979673927,8.95399999999995,22.903642857142877
2215,1,3018174,3018971,1717.638,1707.554,-10.153999999999833,10.220000000000027,time,2022-07-18,2022-07-18 05:43:00+00:00,2022-07-18 19:00:00+00:00,-0.9935420743639731,10.220000000000027,24.287357142857154
2221,1,3026548,3026726,1728.124,1718.148,-10.046000000000113,9.926000000000158,sl,2022-07-26,2022-07-26 07:19:00+00:00,2022-07-26 10:17:00+00:00,-1.0120894620189353,9.926000000000158,24.247142857142844
2224,1,3030507,3031089,1763.868,1752.524,-11.414000000000051,11.294000000000096,sl,2022-07-29,2022-07-29 04:18:00+00:00,2022-07-29 14:00:00+00:00,-1.0106251106782322,11.294000000000096,23.801357142857114
2226,-1,3033463,3033744,1770.6680000000001,1780.388,-9.7899999999998,9.669999999999845,sl,2022-08-02,2022-08-02 07:35:00+00:00,2022-08-02 12:16:00+00:00,-1.0124095139606988,9.669999999999845,23.727928571428542
2227,1,3034628,3035281,1769.2939999999999,1754.828,-14.535999999999895,14.41599999999994,sl,2022-08-03,2022-08-03 04:00:00+00:00,2022-08-03 14:53:00+00:00,-1.0083240843507184,14.41599999999994,23.26964285714283
2228,1,3036008,3036908,1771.4479999999999,1794.548,23.030000000000136,8.209999999999809,time,2022-08-04,2022-08-04 04:00:00+00:00,2022-08-04 19:00:00+00:00,2.8051157125457578,8.209999999999809,21.955642857142834
2233,-1,3042951,3043335,1784.294,1792.274,-8.049999999999791,7.929999999999836,sl,2022-08-11,2022-08-11 04:45:00+00:00,2022-08-11 11:09:00+00:00,-1.0151324085750262,7.929999999999836,22.57371428571425
2235,-1,3045695,3046566,1793.798,1778.995,14.73300000000011,7.740000000000009,time,2022-08-15,2022-08-15 04:29:00+00:00,2022-08-15 19:00:00+00:00,1.9034883720930353,7.740000000000009,21.535928571428535
2243,1,3056754,3057605,1757.664,1755.868,-1.8660000000000492,7.786000000000058,time,2022-08-25,2022-08-25 04:49:00+00:00,2022-08-25 19:00:00+00:00,-0.2396609298741376,7.786000000000058,19.409499999999998
2245,-1,3059494,3059996,1723.198,1736.588,-13.459999999999873,13.339999999999918,sl,2022-08-29,2022-08-29 04:30:00+00:00,2022-08-29 12:52:00+00:00,-1.0089955022488721,13.339999999999918,18.794857142857136
2248,-1,3063861,3064503,1702.124,1694.8609999999999,7.193000000000147,9.044000000000096,time,2022-09-01,2022-09-01 08:18:00+00:00,2022-09-01 19:00:00+00:00,0.7953339230429092,9.044000000000096,19.644071428571433
2251,-1,3067894,3068492,1712.268,1700.335,11.862999999999992,14.248000000000047,time,2022-09-06,2022-09-06 09:02:00+00:00,2022-09-06 19:00:00+00:00,0.8326080853453083,14.248000000000047,19.306499999999996
2252,-1,3068988,3069209,1692.238,1703.738,-11.57,11.450000000000045,sl,2022-09-07,2022-09-07 04:16:00+00:00,2022-09-07 07:57:00+00:00,-1.010480349344974,11.450000000000045,19.619214285714275
2254,1,3071738,3072632,1720.548,1715.458,-5.159999999999918,11.3900000000001,time,2022-09-09,2022-09-09 04:06:00+00:00,2022-09-09 19:00:00+00:00,-0.453028972783132,11.3900000000001,21.163571428571426
2260,-1,3080020,3080912,1668.0130000000001,1671.405,-3.461999999999825,11.801999999999907,time,2022-09-19,2022-09-19 04:08:00+00:00,2022-09-19 19:00:00+00:00,-0.2933401118454374,11.801999999999907,23.47935714285716
2263,-1,3084336,3084411,1656.535,1671.568,-15.102999999999902,14.982999999999947,sl,2022-09-22,2022-09-22 07:04:00+00:00,2022-09-22 08:19:00+00:00,-1.008009076953878,14.982999999999947,24.292071428571425
2265,1,3087115,3087703,1645.818,1626.518,-19.369999999999955,19.25,sl,2022-09-26,2022-09-26 07:23:00+00:00,2022-09-26 17:11:00+00:00,-1.006233766233764,19.25,26.747000000000007
2275,-1,3100732,3101609,1686.9840000000002,1670.105,16.809000000000133,11.1099999999999,time,2022-10-10,2022-10-10 04:23:00+00:00,2022-10-10 19:00:00+00:00,1.5129612961296386,11.1099999999999,28.441285714285755
2276,-1,3102462,3102778,1661.258,1673.538,-12.349999999999973,12.230000000000018,sl,2022-10-11,2022-10-11 10:14:00+00:00,2022-10-11 15:30:00+00:00,-1.0098119378577233,12.230000000000018,29.387928571428606
2279,1,3106328,3106529,1670.168,1658.868,-11.369999999999955,11.25,sl,2022-10-14,2022-10-14 05:41:00+00:00,2022-10-14 09:02:00+00:00,-1.0106666666666626,11.25,27.970499999999998
2285,-1,3114698,3115400,1651.678,1651.0749999999998,0.5330000000002928,19.019999999999982,time,2022-10-24,2022-10-24 07:18:00+00:00,2022-10-24 19:00:00+00:00,0.028023133543653697,19.019999999999982,27.07299999999998
2291,1,3122871,3123736,1639.998,1647.9170000000001,7.849000000000096,9.471000000000004,time,2022-11-01,2022-11-01 05:35:00+00:00,2022-11-01 20:00:00+00:00,0.828740365325741,9.471000000000004,25.290785714285725
2294,1,3126969,3127865,1647.237,1680.497,33.18999999999999,17.658999999999878,time,2022-11-04,2022-11-04 05:00:00+00:00,2022-11-04 20:00:00+00:00,1.8794948751345049,17.658999999999878,25.27457142857143
2302,1,3138198,3138841,1781.368,1774.308,-7.129999999999946,11.151000000000067,time,2022-11-16,2022-11-16 09:17:00+00:00,2022-11-16 20:00:00+00:00,-0.6394045377096137,11.151000000000067,29.057999999999993
2303,-1,3139323,3140221,1761.777,1760.994,0.7130000000001291,12.840999999999894,time,2022-11-17,2022-11-17 05:02:00+00:00,2022-11-17 20:00:00+00:00,0.05552527061756366,12.840999999999894,28.970928571428576
2307,1,3144993,3145346,1742.788,1732.857,-10.00100000000004,9.881000000000085,sl,2022-11-23,2022-11-23 07:37:00+00:00,2022-11-23 13:30:00+00:00,-1.0121445197854422,9.881000000000085,26.616714285714288
2309,-1,3147623,3148267,1752.097,1754.8145,-2.7874999999999726,8.81100000000015,time,2022-11-25,2022-11-25 07:59:00+00:00,2022-11-25 18:43:00+00:00,-0.3163659062535382,8.81100000000015,23.368071428571447
2311,1,3150007,3150907,1754.1370000000002,1750.037,-4.170000000000137,13.961000000000013,time,2022-11-29,2022-11-29 05:00:00+00:00,2022-11-29 20:00:00+00:00,-0.29868920564430435,13.961000000000013,21.378642857142886
2312,1,3151405,3152194,1755.6779999999999,1747.558,-8.189999999999891,8.069999999999936,sl,2022-11-30,2022-11-30 05:20:00+00:00,2022-11-30 18:29:00+00:00,-1.014869888475831,8.069999999999936,21.28728571428574
2313,1,3152765,3153665,1779.9479999999999,1803.027,23.009000000000178,8.099999999999909,time,2022-12-01,2022-12-01 05:00:00+00:00,2022-12-01 20:00:00+00:00,2.8406172839506714,8.099999999999909,19.535214285714297
2315,-1,3155656,3156425,1798.4270000000001,1768.3039999999999,30.053000000000274,11.280999999999949,time,2022-12-05,2022-12-05 07:11:00+00:00,2022-12-05 20:00:00+00:00,2.664036876163497,11.280999999999949,20.235214285714278
2316,-1,3157015,3157287,1768.1280000000002,1776.088,-8.02999999999981,7.9099999999998545,sl,2022-12-06,2022-12-06 06:50:00+00:00,2022-12-06 11:22:00+00:00,-1.0151706700379213,7.9099999999998545,21.97371428571429
2319,1,3161060,3161940,1797.4379999999999,1799.497,1.9890000000001964,9.089999999999918,time,2022-12-09,2022-12-09 05:20:00+00:00,2022-12-09 20:00:00+00:00,0.21881188118814238,9.089999999999918,21.503500000000013
2320,-1,3162427,3162811,1786.598,1794.868,-8.339999999999982,8.220000000000027,sl,2022-12-12,2022-12-12 05:07:00+00:00,2022-12-12 11:31:00+00:00,-1.0145985401459798,8.220000000000027,21.3057142857143
2323,-1,3166727,3167459,1789.4550000000002,1778.1319999999998,11.25300000000032,18.2199999999998,time,2022-12-15,2022-12-15 07:48:00+00:00,2022-12-15 20:00:00+00:00,0.6176180021954141,18.2199999999998,23.901357142857155
2326,1,3170881,3171599,1796.115,1818.4850000000001,22.300000000000118,11.559999999999945,time,2022-12-20,2022-12-20 08:02:00+00:00,2022-12-20 20:00:00+00:00,1.929065743944656,11.559999999999945,24.668571428571436
2336,1,3181805,3182629,1843.105,1838.895,-4.280000000000037,16.37000000000012,time,2023-01-03,2023-01-03 06:16:00+00:00,2023-01-03 20:00:00+00:00,-0.2614538790470376,16.37000000000012,19.685642857142852
2337,1,3183110,3184009,1847.105,1852.275,5.1000000000000725,11.007000000000062,time,2023-01-04,2023-01-04 05:01:00+00:00,2023-01-04 20:00:00+00:00,0.46334150994821877,11.007000000000062,19.982285714285712
2338,-1,3184659,3185389,1850.047,1834.5919999999999,15.385000000000154,8.77800000000002,time,2023-01-05,2023-01-05 07:50:00+00:00,2023-01-05 20:00:00+00:00,1.752677147414003,8.77800000000002,19.61585714285715
2339,1,3185995,3186769,1840.805,1868.678,27.803000000000047,9.557000000000016,time,2023-01-06,2023-01-06 07:06:00+00:00,2023-01-06 20:00:00+00:00,2.909176519828398,9.557000000000016,20.607785714285715
2340,1,3187321,3188149,1879.415,1875.015,-4.469999999999864,12.3900000000001,time,2023-01-09,2023-01-09 06:12:00+00:00,2023-01-09 20:00:00+00:00,-0.36077481840192316,12.3900000000001,22.301714285714297
2341,1,3188865,3189529,1875.965,1876.435,0.4000000000000273,8.170000000000073,time,2023-01-10,2023-01-10 08:56:00+00:00,2023-01-10 20:00:00+00:00,0.04895960832313632,8.170000000000073,20.824357142857156
2343,1,3191392,3191899,1884.845,1875.685,-9.230000000000082,9.110000000000127,sl,2023-01-12,2023-01-12 05:03:00+00:00,2023-01-12 13:30:00+00:00,-1.0131723380900057,9.110000000000127,19.73471428571429
2345,-1,3194237,3194927,1916.645,1914.0819999999999,2.493000000000102,12.190000000000055,time,2023-01-16,2023-01-16 06:28:00+00:00,2023-01-16 17:58:00+00:00,0.20451189499590572,12.190000000000055,22.628357142857162
2346,-1,3195398,3196188,1907.9370000000001,1908.202,-0.3349999999998727,10.937999999999874,time,2023-01-17,2023-01-17 06:50:00+00:00,2023-01-17 20:00:00+00:00,-0.03062717132929937,10.937999999999874,21.597642857142887
2347,-1,3196684,3196850,1897.178,1910.235,-13.12699999999979,13.006999999999834,sl,2023-01-18,2023-01-18 05:17:00+00:00,2023-01-18 08:03:00+00:00,-1.0092258014915012,13.006999999999834,21.436214285714318
2348,1,3198142,3198947,1910.915,1929.565,18.58000000000009,10.009999999999991,time,2023-01-19,2023-01-19 06:35:00+00:00,2023-01-19 20:00:00+00:00,1.8561438561438668,10.009999999999991,22.400000000000027
2349,-1,3199427,3199615,1923.578,1934.708,-11.20000000000011,11.080000000000155,sl,2023-01-20,2023-01-20 05:00:00+00:00,2023-01-20 08:08:00+00:00,-1.010830324909743,11.080000000000155,23.934857142857172
2352,-1,3203568,3204316,1927.525,1939.528,-12.07299999999993,11.952999999999975,sl,2023-01-25,2023-01-25 05:02:00+00:00,2023-01-25 17:30:00+00:00,-1.0100393206726308,11.952999999999975,24.45678571428571
2355,-1,3207870,3208605,1924.1770000000001,1923.492,0.6150000000001727,10.197999999999865,time,2023-01-30,2023-01-30 07:45:00+00:00,2023-01-30 20:00:00+00:00,0.06030594234165335,10.197999999999865,23.71285714285713
2356,-1,3209121,3209686,1918.698,1927.268,-8.639999999999937,8.519999999999982,sl,2023-01-31,2023-01-31 05:36:00+00:00,2023-01-31 15:01:00+00:00,-1.0140845070422482,8.519999999999982,23.780714285714257
2360,1,3214605,3215254,1878.657,1863.6499999999999,-15.077000000000062,14.957000000000107,sl,2023-02-06,2023-02-06 05:00:00+00:00,2023-02-06 15:49:00+00:00,-1.0080229992645553,14.957000000000107,29.172999999999984
2364,-1,3220124,3220290,1853.6380000000001,1865.395,-11.826999999999835,11.70699999999988,sl,2023-02-10,2023-02-10 05:00:00+00:00,2023-02-10 07:46:00+00:00,-1.0102502776116815,11.70699999999988,28.511071428571427
2367,-1,3224265,3225163,1846.435,1835.685,10.68,13.513000000000147,time,2023-02-15,2023-02-15 05:02:00+00:00,2023-02-15 20:00:00+00:00,0.7903500333012569,13.513000000000147,27.390428571428597
2369,-1,3227113,3227634,1823.665,1834.255,-10.660000000000146,10.540000000000191,sl,2023-02-17,2023-02-17 06:30:00+00:00,2023-02-17 15:11:00+00:00,-1.0113851992409821,10.540000000000191,27.267214285714317
2377,1,3237861,3238748,1831.635,1838.135,6.43,8.646999999999935,time,2023-03-01,2023-03-01 05:13:00+00:00,2023-03-01 20:00:00+00:00,0.7436105007517114,8.646999999999935,20.52707142857144
2378,-1,3239362,3239820,1830.895,1838.195,-7.369999999999955,7.25,sl,2023-03-02,2023-03-02 07:16:00+00:00,2023-03-02 14:54:00+00:00,-1.0165517241379247,7.25,19.829
2384,1,3247587,3248343,1834.815,1863.698,28.813000000000038,7.0900000000001455,time,2023-03-10,2023-03-10 07:24:00+00:00,2023-03-10 20:00:00+00:00,4.063892806770021,7.0900000000001455,18.7010714285714
2385,-1,3248947,3249088,1872.008,1888.775,-16.837000000000053,16.7170000000001,sl,2023-03-13,2023-03-13 07:04:00+00:00,2023-03-13 09:25:00+00:00,-1.0071783214691603,16.7170000000001,20.99607142857141
2386,-1,3250228,3251103,1901.4650000000001,1902.762,-1.3669999999997982,12.468999999999824,time,2023-03-14,2023-03-14 05:25:00+00:00,2023-03-14 20:00:00+00:00,-0.10963188707994366,12.468999999999824,23.38064285714282
2388,1,3253327,3253863,1924.335,1920.305,-4.099999999999973,16.830000000000155,time,2023-03-16,2023-03-16 11:04:00+00:00,2023-03-16 20:00:00+00:00,-0.24361259655376918,16.830000000000155,25.646071428571386
2389,1,3254343,3255243,1931.235,1976.155,44.85000000000007,12.799999999999955,time,2023-03-17,2023-03-17 05:00:00+00:00,2023-03-17 20:00:00+00:00,3.503906250000018,12.799999999999955,26.151785714285683
2400,1,3269529,3270181,1964.485,1982.2450000000001,17.690000000000218,14.839999999999918,time,2023-04-03,2023-04-03 08:08:00+00:00,2023-04-03 19:00:00+00:00,1.1920485175202369,14.839999999999918,35.42157142857142
2403,1,3273821,3274003,2020.998,2007.915,-13.153000000000084,13.03300000000013,sl,2023-04-06,2023-04-06 10:40:00+00:00,2023-04-06 13:42:00+00:00,-1.0092073966086053,13.03300000000013,36.45442857142856
2406,1,3277539,3278084,2019.365,2003.325,-16.109999999999964,15.990000000000009,sl,2023-04-12,2023-04-12 04:40:00+00:00,2023-04-12 13:45:00+00:00,-1.0075046904315168,15.990000000000009,29.23807142857142
2409,1,3281591,3282162,2006.248,1995.295,-11.022999999999975,10.90300000000002,sl,2023-04-17,2023-04-17 04:15:00+00:00,2023-04-17 13:46:00+00:00,-1.0110061450976753,10.90300000000002,29.699999999999996
2417,1,3292556,3293068,2000.7949999999998,1989.428,-11.436999999999735,11.31699999999978,sl,2023-04-27,2023-04-27 04:03:00+00:00,2023-04-27 12:35:00+00:00,-1.0106035168330791,11.31699999999978,28.684642857142876
2422,-1,3299534,3300025,2038.295,2057.0250000000005,-18.800000000000473,18.680000000000064,sl,2023-05-04,2023-05-04 06:21:00+00:00,2023-05-04 14:32:00+00:00,-1.0064239828694008,18.680000000000064,33.42407142857142
2435,-1,3317184,3317689,1960.115,1971.685,-11.639999999999937,11.519999999999982,sl,2023-05-23,2023-05-23 05:33:00+00:00,2023-05-23 13:58:00+00:00,-1.0104166666666627,11.519999999999982,29.17514285714284
2438,1,3321229,3322129,1948.825,1946.085,-2.810000000000009,12.120000000000118,time,2023-05-26,2023-05-26 04:00:00+00:00,2023-05-26 19:00:00+00:00,-0.23184818481848032,12.120000000000118,23.702428571428545
2452,-1,3340281,3340795,1932.255,1945.255,-13.07,12.950000000000045,sl,2023-06-15,2023-06-15 05:07:00+00:00,2023-06-15 13:41:00+00:00,-1.0092664092664057,12.950000000000045,23.672857142857115
2462,-1,3353820,3354321,1902.598,1912.705,-10.176999999999971,10.057000000000016,sl,2023-06-29,2023-06-29 06:29:00+00:00,2023-06-29 14:50:00+00:00,-1.0119319876702748,10.057000000000016,20.768357142857163
2480,1,3378136,3378475,1963.455,1953.145,-10.379999999999946,10.259999999999991,sl,2023-07-25,2023-07-25 05:46:00+00:00,2023-07-25 11:25:00+00:00,-1.0116959064327442,10.259999999999991,18.46478571428567
2482,1,3381019,3381300,1982.135,1971.095,-11.109999999999964,10.990000000000009,sl,2023-07-27,2023-07-27 07:49:00+00:00,2023-07-27 12:30:00+00:00,-1.01091901728844,10.990000000000009,17.374714285714244
2483,1,3382170,3383070,1954.875,1958.855,3.9100000000000183,9.509999999999991,time,2023-07-28,2023-07-28 04:00:00+00:00,2023-07-28 19:00:00+00:00,0.4111461619348078,9.509999999999991,18.39899999999997
2489,-1,3390453,3391350,1938.054,1937.262,0.7220000000001436,7.110999999999876,time,2023-08-07,2023-08-07 04:03:00+00:00,2023-08-07 19:00:00+00:00,0.10153283645059151,7.110999999999876,20.11142857142857
2490,-1,3392059,3392729,1931.025,1925.5349999999999,5.420000000000236,6.869999999999891,time,2023-08-08,2023-08-08 07:50:00+00:00,2023-08-08 19:00:00+00:00,0.7889374090247921,6.869999999999891,18.985714285714284
2499,1,3404241,3405135,1893.655,1894.435,0.7099999999999727,8.849999999999909,time,2023-08-21,2023-08-21 04:06:00+00:00,2023-08-21 19:00:00+00:00,0.0802259887005627,8.849999999999909,16.21892857142861
2501,1,3407015,3407875,1903.0049999999999,1916.435,13.360000000000063,5.336999999999989,time,2023-08-23,2023-08-23 04:40:00+00:00,2023-08-23 19:00:00+00:00,2.5032789956904797,5.336999999999989,15.006785714285732
2509,1,3418108,3418523,1946.075,1939.365,-6.780000000000037,6.660000000000082,sl,2023-09-04,2023-09-04 06:05:00+00:00,2023-09-04 13:00:00+00:00,-1.018018018018011,6.660000000000082,15.74657142857146
2513,1,3423469,3424045,1927.185,1919.545,-7.709999999999873,7.589999999999918,sl,2023-09-08,2023-09-08 06:09:00+00:00,2023-09-08 15:45:00+00:00,-1.015810276679836,7.589999999999918,14.659428571428569
2514,1,3424741,3425619,1924.105,1921.7050000000002,-2.4699999999998634,7.471000000000004,time,2023-09-11,2023-09-11 04:22:00+00:00,2023-09-11 19:00:00+00:00,-0.33061169856777706,7.471000000000004,14.549428571428589
2517,-1,3428964,3429718,1907.375,1908.532,-1.2269999999999255,5.400000000000091,time,2023-09-14,2023-09-14 06:11:00+00:00,2023-09-14 19:00:00+00:00,-0.2272222222222046,5.400000000000091,13.933499999999997
2518,1,3430198,3431098,1915.965,1923.895,7.860000000000063,6.190000000000055,time,2023-09-15,2023-09-15 04:00:00+00:00,2023-09-15 19:00:00+00:00,1.2697899838449103,6.190000000000055,13.45971428571428
2519,1,3431598,3432470,1929.435,1931.358,1.8530000000000018,7.007000000000062,time,2023-09-18,2023-09-18 04:21:00+00:00,2023-09-18 19:00:00+00:00,0.2644498358784052,7.007000000000062,13.981357142857146
2522,-1,3435990,3436599,1924.035,1920.125,3.840000000000082,6.899999999999864,time,2023-09-21,2023-09-21 08:51:00+00:00,2023-09-21 19:00:00+00:00,0.5565217391304577,6.899999999999864,13.408642857142874
2523,1,3437205,3437978,1925.465,1924.865,-0.6699999999999091,5.480000000000018,time,2023-09-22,2023-09-22 06:06:00+00:00,2023-09-22 19:00:00+00:00,-0.12226277372261074,5.480000000000018,13.310571428571441
2529,-1,3445361,3446252,1842.7350000000001,1830.902,11.763000000000083,6.0499999999999545,time,2023-10-02,2023-10-02 04:09:00+00:00,2023-10-02 19:00:00+00:00,1.9442975206611854,6.0499999999999545,17.224571428571444
2530,1,3446982,3447631,1828.068,1823.615,-4.522999999999975,12.773000000000138,time,2023-10-03,2023-10-03 08:11:00+00:00,2023-10-03 19:00:00+00:00,-0.35410631801455617,12.773000000000138,17.57121428571431
2532,1,3449489,3449669,1828.645,1821.625,-7.089999999999982,6.970000000000027,sl,2023-10-05,2023-10-05 04:00:00+00:00,2023-10-05 07:00:00+00:00,-1.0172166427546563,6.970000000000027,18.279285714285738
2534,1,3452263,3452768,1852.7649999999999,1846.098,-6.736999999999917,6.616999999999962,sl,2023-10-09,2023-10-09 04:16:00+00:00,2023-10-09 12:41:00+00:00,-1.0181351065437443,6.616999999999962,18.87107142857144
2540,1,3460838,3461421,1921.7749999999999,1921.935,0.09000000000008185,9.409999999999854,time,2023-10-17,2023-10-17 09:17:00+00:00,2023-10-17 19:00:00+00:00,0.009564293305003533,9.409999999999854,24.854642857142853
2541,1,3462231,3462800,1942.695,1950.425,7.660000000000018,18.96699999999987,time,2023-10-18,2023-10-18 09:31:00+00:00,2023-10-18 19:00:00+00:00,0.40385933463384144,18.96699999999987,23.977428571428554
2543,1,3464879,3465560,1982.2549999999999,1980.035,-2.2899999999997998,10.299999999999955,time,2023-10-20,2023-10-20 07:39:00+00:00,2023-10-20 19:00:00+00:00,-0.22233009708736018,10.299999999999955,25.108642857142836
2544,1,3466252,3466940,1978.135,1977.385,-0.8200000000000001,13.809999999999945,time,2023-10-23,2023-10-23 07:32:00+00:00,2023-10-23 19:00:00+00:00,-0.059377262853005305,13.809999999999945,25.355785714285698
2545,-1,3467705,3468320,1971.2350000000001,1973.962,-2.7969999999998616,9.449999999999818,time,2023-10-24,2023-10-24 08:45:00+00:00,2023-10-24 19:00:00+00:00,-0.295978835978827,9.449999999999818,25.39078571428568
2564,-1,3494031,3494529,1973.2150000000001,1978.752,-5.6069999999998075,11.819999999999936,time,2023-11-20,2023-11-20 11:42:00+00:00,2023-11-20 20:00:00+00:00,-0.4743654822334888,11.819999999999936,22.191071428571377
2565,1,3495194,3495909,1994.245,2000.005,5.690000000000218,13.559999999999945,time,2023-11-21,2023-11-21 08:05:00+00:00,2023-11-21 20:00:00+00:00,0.41961651917405907,13.559999999999945,21.528999999999947
2567,1,3497922,3498434,1998.175,1990.008,-8.236999999999917,8.116999999999962,sl,2023-11-23,2023-11-23 07:33:00+00:00,2023-11-23 16:05:00+00:00,-1.0147837871134602,8.116999999999962,22.393999999999956
2571,-1,3502978,3503720,2042.665,2046.6019999999999,-4.006999999999898,9.149999999999864,time,2023-11-29,2023-11-29 07:36:00+00:00,2023-11-29 20:00:00+00:00,-0.437923497267755,9.149999999999864,21.6323571428571
2574,-1,3507064,3507859,2081.535,2031.212,50.252999999999865,39.279999999999745,time,2023-12-04,2023-12-04 06:45:00+00:00,2023-12-04 20:00:00+00:00,1.2793533604888032,39.279999999999745,22.177142857142794
2575,-1,3508591,3509239,2030.304,2020.022,10.212000000000153,10.80099999999993,time,2023-12-05,2023-12-05 09:12:00+00:00,2023-12-05 20:00:00+00:00,0.9454680122211108,10.80099999999993,27.04021428571421
2579,-1,3514034,3514759,1994.7150000000001,1981.8419999999999,12.803000000000274,12.939999999999827,time,2023-12-11,2023-12-11 07:55:00+00:00,2023-12-11 20:00:00+00:00,0.989412673879478,12.939999999999827,28.57942857142851
2590,1,3527754,3528555,2065.0750000000003,2061.515,-3.6300000000004,11.639999999999873,time,2023-12-26,2023-12-26 06:39:00+00:00,2023-12-26 20:00:00+00:00,-0.31185567010313053,11.639999999999873,24.85707142857148
2592,-1,3530615,3531315,2079.048,2068.3120000000004,10.665999999999421,9.257000000000062,time,2023-12-28,2023-12-28 08:20:00+00:00,2023-12-28 20:00:00+00:00,1.152209139029853,9.257000000000062,24.97849999999999
