j,year,w,w_atr,p_re,p16,p20,rh,rl,side,brk_min,ft16,ft20,move16_from_brkbar,move20_from_brkbar,other16,other20,hit1w_before_other
1,2014,22.830000000000155,,1225.1,1223.33,1225.36,1227.66,1204.83,1,7.016666666666667,-0.1896627244853318,-0.10074463425318293,-0.10337275514674163,-0.014454664914592746,0.0,0.0,0.0
2,2014,15.3599999999999,,1235.79,1235.81,1237.51,1238.59,1223.23,0,,,,,,,,
3,2014,13.370000000000118,,1239.79,1241.7,1240.04,1246.18,1232.81,1,15.0,-0.335078534031412,-0.4592370979805569,-0.25056095736723105,-0.374719521316376,1.0,1.0,0.0
4,2014,8.269999999999982,,1241.03,1226.03,1230.6,1245.15,1236.88,-1,10.8,1.3119709794437922,0.7593712212817672,1.3434099153567294,0.7908101571947044,0.0,0.0,1.0
5,2014,5.2000000000000455,,1226.34,1223.41,1223.01,1230.68,1225.48,-1,8.483333333333333,0.39807692307690734,0.4750000000000011,0.526923076923074,0.6038461538461678,1.0,1.0,0.0
6,2014,3.8200000000001637,,1227.02,1226.44,1228.23,1227.94,1224.12,1,9.6,-0.392670157068046,0.07591623036647938,-0.22251308900520225,0.2460732984293231,1.0,1.0,0.0
7,2014,10.149999999999864,,1233.83,1245.08,1244.85,1237.55,1227.4,1,8.5,0.7418719211822733,0.7192118226601038,0.9044334975369418,0.8817733990147723,0.0,0.0,1.0
8,2014,7.490000000000009,,1249.11,1248.74,1253.1,1254.86,1247.37,-1,8.766666666666667,-0.18291054739654428,-0.7650200267022712,-0.1415220293724892,-0.7236315086782161,0.0,0.0,0.0
9,2014,3.5900000000001455,,1252.75,1252.93,1242.83,1254.21,1250.62,-1,8.8,-0.6434540389972365,2.169916434540292,-0.437325905292507,2.3760445682450215,1.0,1.0,0.0
10,2014,5.529999999999973,,1241.02,1240.94,1238.75,1243.94,1238.41,-1,9.0,-0.45750452079565734,-0.061482820976477365,-0.36347197106690793,0.03254972875227207,0.0,0.0,0.0
11,2014,4.579999999999927,,1241.76,1242.18,1241.79,1243.72,1239.14,-1,7.783333333333333,-0.6637554585152864,-0.5786026200873157,-0.50436681222712,-0.4192139737991492,1.0,1.0,0.0
12,2014,3.2999999999999545,,1243.88,1249.39,1252.87,1244.37,1241.07,1,7.0,1.5212121212122056,2.575757575757611,1.6696969696969899,2.7242424242423957,1.0,1.0,0.0
14,2014,4.259999999999991,,1252.72,1240.89,1242.61,1255.33,1251.07,-1,8.15,2.389671361502314,1.9859154929577592,2.509389671361467,2.105633802816912,0.0,0.0,1.0
15,2014,4.3599999999999,0.294367283950611,1240.44,1240.44,1239.53,1243.54,1239.18,-1,8.116666666666667,-0.28899082568807793,-0.08027522935777914,-0.2935779816513766,-0.08486238532107783,0.0,0.0,0.0
16,2014,5.579999999999927,0.4125475285171061,1236.98,1259.24,1263.72,1237.0,1231.42,1,7.0,3.9856630824373296,4.788530465949888,3.989247311828007,4.792114695340566,0.0,0.0,1.0
17,2014,4.039999999999964,0.2740310077519363,1259.05,1266.31,1265.58,1262.73,1258.69,-1,7.033333333333333,-1.886138613861376,-1.7054455445544392,-1.8292079207920642,-1.6485148514851273,1.0,1.0,0.0
18,2014,8.209999999999809,0.5585034013605326,1268.3,1261.52,1252.45,1276.37,1268.16,-1,7.016666666666667,0.8087697929354756,1.9135200974421926,0.8246041412911254,1.9293544457978424,0.0,0.0,1.0
19,2014,5.2000000000000455,0.34671619755203537,1259.05,1252.05,1251.51,1260.95,1255.75,-1,8.416666666666666,0.711538461538464,0.81538461538461,0.8076923076923094,0.9115384615384553,1.0,1.0,0.0
20,2014,4.410000000000082,0.2950819672131212,1255.88,1263.64,1265.44,1256.03,1251.62,-1,8.183333333333334,-2.7256235827664366,-3.1337868480725413,-2.6575963718820432,-3.0657596371881475,1.0,1.0,0.0
21,2014,6.490000000000009,0.4118580300077075,1261.7,1243.02,1244.62,1267.61,1261.12,-1,7.0,2.7889060092449744,2.5423728813559285,2.878274268104782,2.6317411402157367,0.0,0.0,1.0
22,2014,2.7800000000002,0.17004543865782462,1242.44,1244.21,1240.98,1244.65,1241.87,-1,7.183333333333334,-0.8417266187050277,0.3201438848920175,-0.7841726618704701,0.37769784172657517,1.0,1.0,1.0
23,2014,4.569999999999936,0.2734772387262205,1245.87,1262.8,1257.18,1246.98,1242.41,-1,7.75,-4.461706783369837,-3.2319474835886624,-4.358862144420158,-3.1291028446389832,1.0,1.0,0.0
24,2014,4.809999999999945,0.27384002277255687,1257.95,1251.52,1253.9,1260.78,1255.97,-1,9.6,0.9251559251559451,0.430353430353422,0.9417879417879468,0.4469854469854237,0.0,0.0,1.0
25,2014,3.1000000000001364,0.173759859070353,1254.28,1260.01,1259.12,1255.72,1252.62,1,8.016666666666667,1.3838709677418628,1.0967741935482949,1.480645161290231,1.193548387096663,1.0,1.0,1.0
26,2014,4.2000000000000455,0.22373577869944372,1257.88,1254.86,1257.27,1259.16,1254.96,1,8.433333333333334,-1.0238095238095561,-0.45000000000001894,-0.9309523809523904,-0.35714285714285327,1.0,1.0,1.0
27,2014,6.740000000000009,0.3631465517241395,1261.68,1263.55,1266.99,1262.81,1256.07,1,7.766666666666667,0.10979228486647004,0.6201780415430354,0.12166172106823965,0.632047477744805,0.0,0.0,1.0
28,2014,9.6400000000001,0.4988541435647285,1272.68,1274.54,1275.09,1274.66,1265.02,1,8.966666666666667,-0.012448132780095123,0.04460580912861326,0.04460580912863685,0.10165975103734523,0.0,0.0,0.0
29,2014,13.689999999999827,0.727390033777365,1283.64,1289.69,1291.79,1287.32,1273.63,1,13.0,0.17311906501096772,0.3265157048940894,0.1884587289992832,0.34185536888240486,0.0,0.0,0.0
30,2014,4.269999999999982,0.21684561810795064,1287.24,1293.54,1291.81,1288.15,1283.88,1,10.0,1.2622950819671888,0.8571428571428267,1.283372365339588,0.8782201405152262,0.0,0.0,1.0
31,2014,4.8599999999999,0.26782129502066,1289.51,1296.48,1300.4,1293.11,1288.25,-1,7.583333333333333,-1.6934156378601208,-2.50000000000007,-1.6111111111111294,-2.4176954732510785,1.0,1.0,0.0
32,2014,7.970000000000027,0.4376029492509239,1306.82,1315.96,1319.73,1307.68,1299.71,1,7.033333333333333,1.0388958594730169,1.5119196988707544,1.0589711417816845,1.5319949811794222,0.0,0.0,1.0
34,2014,13.029999999999973,0.7216266466236796,1318.4,1321.77,1323.46,1329.09,1316.06,-1,10.166666666666666,-0.43821949347659617,-0.5679201841903382,-0.42824251726783874,-0.5579432079815807,0.0,0.0,0.0
35,2014,7.970000000000027,0.44614154338264944,1317.85,1320.57,1315.03,1322.26,1314.29,0,,,,,,,,
36,2014,6.019999999999982,0.36020172664330247,1313.46,1315.43,1320.74,1314.6,1308.58,1,8.316666666666666,0.13787375415285003,1.0199335548172954,0.18770764119603198,1.0697674418604775,1.0,1.0,0.0
37,2014,4.970000000000027,0.29588365368260117,1318.35,1322.43,1324.1,1320.9,1315.93,1,7.966666666666667,0.3078470824949626,0.6438631790744066,0.45271629778671785,0.7887323943661617,0.0,0.0,1.0
38,2014,9.660000000000082,0.6089149031967649,1327.93,1336.58,1337.61,1328.28,1318.62,1,7.0,0.8592132505175863,0.9658385093167545,0.8954451345755476,1.0020703933747157,0.0,0.0,1.0
39,2014,5.740000000000009,0.3513773502404909,1334.55,1339.55,1342.92,1337.96,1332.22,-1,10.716666666666667,-1.277003484320543,-1.8641114982578446,-1.1515679442508517,-1.7386759581881537,1.0,1.0,0.0
40,2014,7.779999999999973,0.4970792259948882,1342.87,1324.45,1328.94,1345.29,1337.51,-1,12.2,1.678663239074549,1.101542416452438,1.7390745501285374,1.1619537275064262,0.0,0.0,1.0
41,2014,5.910000000000082,0.3627992633517554,1327.99,1332.89,1329.15,1330.96,1325.05,-1,8.116666666666667,-1.3265651438240333,-0.6937394247039051,-1.2402707275803813,-0.6074450084602531,1.0,1.0,0.0
42,2014,5.350000000000136,0.33321469881663024,1329.88,1325.91,1324.4,1333.19,1327.84,-1,8.85,0.36074766355136206,0.6429906542055588,0.4224299065420436,0.7046728971962403,0.0,0.0,1.0
43,2014,8.570000000000164,0.5319677219118678,1343.38,1352.53,1351.18,1344.63,1336.06,1,7.116666666666666,0.9218203033838638,0.7642940490081481,0.963827304550739,0.8063010501750233,0.0,0.0,1.0
44,2014,15.600000000000136,0.9340518347446866,1337.95,1337.15,1336.49,1352.43,1336.83,-1,10.816666666666666,-0.020512820512830827,0.021794871794866357,0.043589743589732714,0.0858974358974299,0.0,0.0,0.0
45,2014,5.060000000000173,0.29170269713816205,1334.59,1338.46,1337.36,1337.92,1332.86,-1,10.283333333333333,-1.106719367588922,-0.8893280632410764,-1.075098814229223,-0.8577075098813775,1.0,1.0,0.0
46,2014,5.460000000000036,0.3247652632026201,1335.43,1345.16,1350.81,1338.92,1333.46,-1,7.65,-2.142857142857137,-3.1776556776556397,-2.0329670329670444,-3.0677655677655475,1.0,1.0,0.0
47,2014,4.579999999999927,0.27117783886656416,1350.15,1334.38,1338.51,1352.06,1347.48,-1,8.566666666666666,2.86026200873365,1.958515283842832,2.9672489082969724,2.065502183406154,1.0,1.0,0.0
48,2014,10.389999999999873,0.587100419761053,1331.66,1341.47,1339.67,1338.31,1327.92,1,11.733333333333333,0.3041385948027065,0.1308950914340851,0.3214629451395533,0.1482194417709319,0.0,0.0,0.0
49,2014,6.0,0.33910621291025855,1341.08,1339.32,1346.89,1343.75,1337.75,1,8.0,-0.7383333333333439,0.52333333333335,-0.6650000000000015,0.5966666666666924,1.0,1.0,1.0
50,2014,17.75,0.9982325058246974,1357.7,1365.27,1367.05,1363.02,1345.27,1,12.65,0.1267605633802817,0.22704225352112523,0.14197183098591445,0.242253521126758,0.0,0.0,0.0
51,2014,9.920000000000073,0.5407889100891751,1369.71,1370.0,1371.48,1374.7,1364.78,1,8.233333333333333,-0.4737903225806463,-0.32459677419354876,-0.3860887096774092,-0.23689516129031168,1.0,1.0,0.0
52,2014,8.660000000000082,0.4757681591649377,1368.91,1374.9,1381.03,1376.4,1367.74,1,12.533333333333333,-0.17321016166281591,0.5346420323325448,-0.14203233256351114,0.5658198614318496,0.0,0.0,1.0
53,2014,9.160000000000082,0.5036525017673438,1384.05,1375.92,1365.91,1388.39,1379.23,-1,8.8,0.36135371179038384,1.4541484716157005,0.5360262008733417,1.6288209606986586,0.0,0.0,1.0
54,2014,10.019999999999982,0.5217197262719412,1361.24,1357.08,1354.98,1367.44,1357.42,-1,11.666666666666666,0.0339321357285575,0.2435129740519021,0.04391217564870812,0.2534930139720527,0.0,0.0,0.0
55,2014,6.690000000000055,0.3566641279512588,1353.94,1341.02,1328.85,1359.52,1352.83,-1,7.133333333333334,1.7653213751868235,3.5844544095664905,1.8535127055306413,3.6726457399103083,0.0,0.0,1.0
56,2014,6.4699999999998,0.31876407657656614,1330.78,1331.27,1326.95,1333.86,1327.39,1,7.616666666666666,-0.4003091190108189,-1.068006182380227,-0.3570324574961386,-1.0247295208655467,1.0,1.0,0.0
57,2014,5.0,0.245769257776841,1330.73,1335.79,1333.0,1335.05,1330.05,-1,7.516666666666667,-1.148000000000002,-0.5900000000000091,-0.9980000000000018,-0.4400000000000091,1.0,1.0,0.0
58,2014,9.470000000000027,0.4914556844719578,1325.27,1310.52,1309.38,1334.15,1324.68,-1,7.033333333333333,1.4952481520591385,1.6156282998943938,1.5036958817317811,1.6240760295670367,0.0,0.0,1.0
59,2014,7.069999999999936,0.3595481128991205,1312.99,1311.96,1311.61,1316.45,1309.38,1,8.933333333333334,-0.6350777934936421,-0.6845827439887113,-0.5261669024045348,-0.575671852899604,1.0,1.0,0.0
60,2014,6.220000000000027,0.31345163960980593,1314.37,1303.28,1301.19,1315.48,1309.26,1,7.833333333333333,-1.9614147909967832,-2.297427652733103,-1.9051446945337756,-2.2411575562700956,1.0,1.0,0.0
61,2014,4.730000000000018,0.24256410256410288,1303.31,1295.7,1292.51,1306.68,1301.95,-1,7.983333333333333,1.321353065539107,1.9957716701902788,1.3276955602536888,2.0021141649048606,0.0,0.0,1.0
62,2014,5.560000000000173,0.29285176824681053,1297.22,1290.69,1292.62,1297.42,1291.86,1,7.0,-1.2104316546762246,-0.8633093525179915,-1.1744604316546348,-0.8273381294964017,1.0,1.0,0.0
63,2014,3.519999999999982,0.18784783105892974,1295.85,1291.55,1283.62,1298.41,1294.89,-1,7.633333333333334,0.9488636363636826,3.2017045454546214,0.9659090909091217,3.2187500000000604,0.0,0.0,1.0
64,2014,9.090000000000146,0.4826670712281035,1285.83,1279.31,1278.63,1286.65,1277.56,1,8.683333333333334,-0.8074807480748105,-0.8822882288228662,-0.7700770077007577,-0.8448844884488134,0.0,0.0,0.0
65,2014,3.480000000000018,0.19606422793673856,1282.91,1291.86,1290.05,1283.84,1280.36,1,7.6,2.304597701149408,1.7844827586206908,2.494252873563158,1.9741379310344411,0.0,0.0,1.0
66,2014,3.589999999999918,0.19938905859482972,1293.43,1285.93,1285.98,1293.79,1290.2,-1,8.316666666666666,1.1894150417827518,1.175487465181093,1.25905292479111,1.245125348189451,0.0,0.0,1.0
67,2014,3.300000000000182,0.18907305095151394,1286.88,1299.19,1302.64,1287.38,1284.08,1,8.5,3.578787878787665,4.6242424242421665,3.581818181818034,4.627272727272536,0.0,0.0,1.0
68,2014,3.3599999999999,0.19578789644551114,1301.56,1300.3,1297.56,1304.02,1300.66,-1,7.2,0.10714285714289823,0.9226190476191157,0.21130952380954093,1.0267857142857584,0.0,0.0,1.0
69,2014,9.299999999999955,0.5613520738121894,1305.34,1308.6,1308.95,1306.12,1296.82,1,7.0,0.26666666666666994,0.3043010752688353,0.35053763440860286,0.3881720430107683,0.0,0.0,0.0
70,2014,5.75,0.373601893535062,1312.63,1306.11,1309.5,1313.84,1308.09,-1,12.166666666666666,0.3443478260869597,-0.24521739130436207,0.3808695652174008,-0.20869565217392094,0.0,1.0,1.0
71,2014,6.779999999999973,0.4404435989049205,1315.89,1320.06,1319.45,1317.43,1310.65,1,7.3,0.3879056047197481,0.2979351032448363,0.4808259587020655,0.39085545722715365,0.0,0.0,1.0
72,2014,5.180000000000064,0.335880691028673,1320.99,1316.35,1318.7,1321.51,1316.33,-1,7.966666666666667,-0.003861003861000302,-0.4575289575289747,0.1332046332046421,-0.3204633204633323,1.0,1.0,0.0
73,2014,4.680000000000064,0.329610624811353,1326.98,1329.14,1326.18,1328.95,1324.27,1,7.5,0.04059829059830171,-0.5918803418803299,0.34401709401711655,-0.2884615384615151,1.0,1.0,0.0
74,2014,8.0300000000002,0.5620437956204508,1320.05,1302.18,1302.26,1326.88,1318.85,-1,7.333333333333333,2.07596513075958,2.0660024906599634,2.1257783312577225,2.1158156911581054,0.0,0.0,1.0
75,2014,8.150000000000091,0.5091249832671504,1297.94,1299.71,1302.61,1303.74,1295.59,-1,7.366666666666666,-0.5055214723926469,-0.8613496932515219,-0.40245398773005353,-0.7582822085889285,1.0,1.0,0.0
76,2014,4.460000000000036,0.28405058684378337,1301.22,1298.81,1295.44,1303.97,1299.51,-1,7.633333333333334,0.15695067264574883,0.9125560538116375,0.1973094170403816,0.9529147982062702,0.0,0.0,1.0
77,2014,19.700000000000045,1.2669974274163922,1285.7,1286.92,1289.11,1301.5,1281.8,0,,,,,,,,
78,2014,5.460000000000036,0.3454446854663794,1289.48,1281.69,1282.76,1291.13,1285.67,1,7.466666666666667,-1.7289377289377275,-1.5329670329670444,-1.5952380952380913,-1.3992673992674083,1.0,1.0,0.0
79,2014,4.429999999999836,0.2726753132556502,1284.46,1282.81,1284.34,1287.08,1282.65,-1,7.716666666666667,-0.036117381489810474,-0.3814898419864311,0.0609480812641065,-0.2844243792325141,1.0,1.0,0.0
80,2014,3.980000000000018,0.25159163769359394,1286.85,1289.7,1291.67,1286.98,1283.0,-1,8.833333333333334,-1.6834170854271393,-2.1783919597990034,-1.3668341708542788,-1.8618090452261427,1.0,1.0,1.0
81,2014,3.490000000000009,0.20416179174327317,1291.84,1301.61,1301.4,1294.39,1290.9,-1,7.916666666666667,-3.068767908309393,-3.008595988538674,-2.985673352435478,-2.9255014326647593,1.0,1.0,0.0
82,2014,4.869999999999891,0.29456493562601943,1301.68,1293.78,1298.04,1306.32,1301.45,-1,7.0,1.5749486652977915,0.7002053388090674,1.622176591375825,0.7474332648871009,0.0,0.0,1.0
83,2014,3.1699999999998454,0.18692612248335364,1295.33,1298.7,1295.38,1296.58,1293.41,-1,7.533333333333333,-1.668769716088398,-0.6214511041009853,-1.555205047318708,-0.5078864353312952,1.0,1.0,1.0
84,2014,4.190000000000055,0.24948962232052055,1292.75,1292.62,1292.11,1296.3,1292.11,-1,8.033333333333333,-0.12171837708830173,-0.0,-0.07637231503578333,0.0453460620525184,1.0,1.0,1.0
85,2014,4.839999999999918,0.2895355296329482,1289.67,1280.62,1284.19,1292.76,1287.92,-1,7.5,1.5082644628099804,0.7706611570248102,1.6384297520661566,0.9008264462809863,0.0,0.0,1.0
86,2014,2.9600000000000364,0.17567510280215565,1282.39,1294.96,1299.78,1284.43,1281.47,-1,7.1,-4.557432432432379,-6.185810810810716,-4.45945945945942,-6.087837837837757,1.0,1.0,0.0
87,2014,9.490000000000009,0.5174683544303799,1305.67,1310.94,1309.28,1309.31,1299.82,1,8.916666666666666,0.1717597471022242,-0.0031612223393016527,0.26238145416227676,0.08746048472075094,0.0,0.0,0.0
88,2014,4.240000000000009,0.22852743022136698,1309.44,1308.52,1307.31,1312.1,1307.86,1,8.15,-0.8443396226414904,-1.1297169811320644,-0.7122641509433905,-0.9976415094339645,1.0,1.0,0.0
89,2014,6.5499999999999545,0.4027582572030887,1311.73,1297.27,1290.06,1313.43,1306.88,1,9.05,-2.4671755725191136,-3.5679389312977525,-2.400000000000021,-3.50076335877866,1.0,1.0,0.0
90,2014,4.920000000000073,0.2844752818733776,1290.3,1288.63,1290.43,1292.2,1287.28,1,7.75,-0.7256097560975373,-0.3597560975609666,-0.6402439024389872,-0.2743902439024165,1.0,1.0,0.0
91,2014,4.370000000000118,0.25321799594388295,1292.38,1289.31,1286.51,1292.63,1288.26,-1,10.2,-0.2402745995423172,0.4004576659038793,0.0068649885583459734,0.6475972540045425,1.0,1.0,0.0
92,2014,11.220000000000027,0.6806482364156344,1288.4,1297.58,1296.02,1292.32,1281.1,1,10.0,0.4688057040998198,0.32976827094474476,0.5802139037433133,0.4411764705882383,0.0,0.0,1.0
93,2014,8.279999999999973,0.48942368587713464,1291.78,1298.05,1293.28,1298.47,1290.19,-1,8.15,-0.9492753623188316,-0.3731884057970928,-0.8067632850241649,-0.23067632850242611,0.0,1.0,0.0
94,2014,4.269999999999982,0.2507129676228804,1293.96,1304.45,1305.04,1295.66,1291.39,1,8.016666666666667,2.058548009367682,2.1967213114753914,2.1217798594847737,2.2599531615924837,0.0,0.0,1.0
95,2014,4.190000000000055,0.2598334514528732,1302.86,1300.64,1295.71,1306.97,1302.78,-1,7.0,0.5107398568018723,1.6873508353221585,0.5298329355608046,1.7064439140810908,0.0,0.0,1.0
96,2014,3.5699999999999363,0.21980825050575703,1295.75,1294.71,1292.06,1298.09,1294.52,-1,7.616666666666666,-0.0532212885154224,0.6890756302521234,0.10364145658260433,0.84593837535015,0.0,0.0,1.0
97,2014,5.720000000000027,0.35857251600770307,1295.55,1299.33,1293.67,1296.41,1290.69,1,7.033333333333333,0.510489510489481,-0.47902097902097834,0.6573426573426526,-0.3321678321678067,0.0,0.0,1.0
98,2014,3.769999999999982,0.2369366133955813,1292.46,1293.83,1294.72,1294.62,1290.85,-1,7.45,-0.7904509283819715,-1.0265251989390283,-0.5066312997347119,-0.7427055702917688,1.0,1.0,1.0
99,2014,3.0399999999999636,0.1929721151666264,1294.32,1289.88,1290.63,1296.08,1293.04,-1,7.85,1.0394736842104908,0.7927631578946984,1.1546052631579056,0.9078947368421131,0.0,0.0,1.0
100,2014,4.139999999999873,0.2660546247417865,1293.4,1297.74,1294.71,1294.06,1289.92,1,7.033333333333333,0.8888888888889316,0.15700483091790118,0.9420289855072973,0.2101449275362669,0.0,0.0,1.0
101,2014,2.3299999999999272,0.1623531753931864,1294.83,1293.6,1292.54,1295.35,1293.02,-1,9.6,-0.248927038626586,0.20600858369100136,-0.21888412017167674,0.2360515021459106,0.0,0.0,1.0
103,2014,4.920000000000073,0.367811181716245,1288.47,1268.45,1266.72,1293.21,1288.29,-1,7.0,4.032520325203175,4.384146341463337,4.069105691056847,4.420731707317008,0.0,0.0,1.0
104,2014,4.430000000000064,0.32778394376619074,1264.66,1258.07,1258.17,1265.18,1260.75,1,7.7,-1.604966139954859,-1.5823927765236772,-1.5575620767494338,-1.534988713318252,1.0,1.0,0.0
105,2014,4.069999999999936,0.2997842899984174,1257.75,1256.07,1255.33,1259.57,1255.5,-1,7.333333333333333,-0.1400491400491266,0.0417690417690603,-0.10810810810806734,0.07371007371011956,0.0,1.0,1.0
106,2014,4.839999999999918,0.3562940372278841,1257.56,1246.56,1246.52,1260.22,1255.38,-1,9.066666666666666,1.8223140495868415,1.8305785123967515,1.9690082644628375,1.9772727272727475,0.0,0.0,1.0
107,2014,6.1749999999999545,0.46533534287867145,1242.584,1245.273,1243.184,1248.562,1242.387,-1,7.0,-0.4673684210526297,-0.12906882591093624,-0.4354655870445135,-0.09716599190281999,1.0,1.0,0.0
108,2014,3.8700000000001182,0.2915018965378193,1245.17,1245.15,1245.32,1245.49,1241.62,1,7.2,-0.0878552971575989,-0.04392764857882883,-0.04909560723509597,-0.0051679586563258915,1.0,1.0,0.0
109,2014,3.25,0.2593405340705069,1246.1,1244.79,1243.74,1246.76,1243.51,1,13.25,-0.6061538461538546,-0.9292307692307636,-1.0799999999999972,-1.4030769230769062,1.0,1.0,0.0
110,2014,3.0799999999999272,0.26064617523498085,1244.46,1254.1,1253.01,1244.8,1241.72,1,11.466666666666667,3.019480519480576,2.6655844155844903,3.05194805194808,2.698051948051994,1.0,1.0,0.0
111,2014,3.9500000000000455,0.3225900539594617,1254.96,1250.79,1252.53,1256.56,1252.61,-1,11.0,0.46075949367086466,0.02025316455694337,0.584810126582258,0.14430379746833666,1.0,1.0,0.0
112,2014,2.6599999999998545,0.2206357199988032,1252.69,1253.0,1253.79,1254.08,1251.42,1,7.516666666666667,-0.40601503759397983,-0.10902255639096974,-0.22180451127817685,0.07518796992483325,0.0,0.0,1.0
113,2014,5.25,0.44999540821012146,1254.81,1260.04,1259.95,1255.4,1250.15,1,7.083333333333333,0.8838095238094995,0.866666666666658,0.9238095238095065,0.906666666666665,0.0,0.0,1.0
114,2014,3.6000000000001364,0.3078708652759659,1261.04,1261.55,1259.84,1262.45,1258.85,1,10.0,-0.25000000000001577,-0.7250000000000079,-0.2,-0.674999999999992,0.0,1.0,0.0
115,2014,1.9200000000000728,0.17154344427072382,1260.58,1272.12,1273.46,1261.67,1259.75,1,7.733333333333333,5.442708333333032,6.140624999999749,5.437499999999704,6.13541666666642,0.0,0.0,1.0
116,2014,4.770000000000209,0.41015876915519456,1271.65,1274.72,1275.74,1275.39,1270.62,1,7.916666666666667,-0.14046121593292313,0.07337526205448505,0.06708595387839042,0.2809224318657986,0.0,0.0,0.0
117,2014,6.5499999999999545,0.5497437127184397,1281.93,1274.34,1273.14,1283.7,1277.15,1,7.733333333333333,-1.4290076335878157,-1.6122137404580181,-1.4152671755725261,-1.5984732824427286,1.0,1.0,0.0
118,2014,9.799999999999955,0.907497436915034,1264.64,1270.26,1270.49,1273.11,1263.31,-1,13.5,-0.7091836734693957,-0.7326530612244997,-0.7306122448979709,-0.7540816326530749,0.0,0.0,0.0
119,2014,4.559999999999945,0.4131102986378445,1268.41,1270.56,1272.84,1271.35,1266.79,-1,9.0,-0.8267543859649182,-1.3267543859649182,-0.7982456140350693,-1.2982456140350693,1.0,1.0,0.0
120,2014,3.5299999999999727,0.3131117939620469,1277.15,1297.58,1320.97,1279.34,1275.81,1,7.616666666666666,5.167138810198343,11.793201133144597,5.2209631728045265,11.847025495750781,0.0,0.0,1.0
121,2014,8.990000000000009,0.6775226764998808,1314.12,1315.01,1315.19,1319.56,1310.57,-1,8.016666666666667,-0.49388209121246385,-0.5139043381535165,-0.4682981090100147,-0.4883203559510674,1.0,1.0,0.0
122,2014,5.25,0.3882315656032121,1314.36,1315.36,1315.8,1315.2,1309.95,1,7.866666666666666,0.03047619047616276,0.11428571428569696,0.08761904761901124,0.17142857142854545,1.0,1.0,0.0
123,2014,4.079999999999927,0.2994181475074648,1314.84,1319.29,1320.57,1317.76,1313.68,1,9.366666666666667,0.375,0.6887254901960773,0.4117647058823759,0.7254901960784532,0.0,0.0,1.0
124,2014,10.009999999999991,0.712636664124079,1312.04,1318.58,1320.03,1319.42,1309.41,1,13.5,-0.08391608391609853,0.060939060939051,-0.014985014985024084,0.12987012987012544,0.0,0.0,0.0
125,2014,4.369999999999891,0.31292517006801973,1317.07,1314.7,1315.47,1319.62,1315.25,-1,8.25,0.1258581235697868,-0.05034324942792512,0.15789473684212169,-0.018306636155590215,0.0,0.0,1.0
126,2014,5.740000000000009,0.40752573659922053,1319.15,1319.13,1318.86,1321.23,1315.49,1,7.616666666666666,-0.3658536585365689,-0.4128919860627377,-0.31010452961671947,-0.3571428571428883,1.0,1.0,0.0
127,2014,3.6000000000001364,0.2503352704515074,1316.54,1317.94,1327.37,1317.44,1313.84,-1,8.183333333333334,-1.1388888888888837,-3.758333333333183,-1.1194444444443945,-3.738888888888694,1.0,1.0,1.0
128,2014,8.519999999999982,0.5756756756756756,1326.27,1328.93,1328.01,1333.48,1324.96,-1,7.966666666666667,-0.46596244131455816,-0.35798122065727245,-0.44366197183098366,-0.3356807511736979,0.0,0.0,0.0
129,2014,2.3999999999998636,0.1596502898412911,1325.11,1329.48,1328.45,1326.56,1324.16,1,7.7,1.216666666666766,0.7875000000000865,1.3083333333334495,0.8791666666667697,1.0,1.0,0.0
130,2014,5.820000000000164,0.39511201629329096,1323.34,1320.87,1319.36,1327.39,1321.57,-1,7.683333333333334,0.12027491408935151,0.37972508591064846,0.2061855670103113,0.46563573883160825,0.0,0.0,1.0
132,2014,6.150000000000091,0.41495975709673455,1313.55,1315.01,1317.52,1319.0,1312.85,-1,7.016666666666667,-0.3512195121951301,-0.7593495934959356,-0.3382113821138043,-0.7463414634146098,0.0,0.0,0.0
133,2014,3.550000000000182,0.24630786004560742,1317.3,1315.25,1317.52,1320.14,1316.59,1,11.983333333333333,-1.377464788732352,-0.73802816901408,-1.30422535211264,-0.664788732394368,1.0,1.0,1.0
134,2014,6.509999999999991,0.45374887981678796,1322.53,1324.71,1330.49,1324.21,1317.7,1,7.066666666666666,0.07680491551459304,0.9646697388632844,0.12135176651305142,1.0092165898617427,0.0,0.0,1.0
135,2014,4.870000000000118,0.4030503665169177,1330.43,1337.92,1336.89,1331.24,1326.37,1,10.0,1.3716632443531624,1.1601642710472184,1.577002053388065,1.365503080082121,0.0,0.0,1.0
136,2014,3.6900000000000546,0.29623258214347614,1338.05,1335.72,1337.45,1338.71,1335.02,-1,9.15,-0.18970189701897971,-0.6585365853658611,-0.07859078590784806,-0.5474254742547295,1.0,1.0,0.0
137,2014,11.420000000000073,0.9330065359477189,1327.85,1308.35,1305.75,1338.9,1327.48,-1,7.0,1.6751313485113823,1.9028021015761716,1.7075306479859786,1.9352014010507679,0.0,0.0,1.0
138,2014,4.179999999999836,0.30001025325539654,1308.78,1296.02,1293.97,1309.85,1305.67,1,8.633333333333333,-3.3086124401915,-3.7990430622010773,-3.186602870813507,-3.6770334928230843,1.0,1.0,0.0
139,2014,4.210000000000036,0.2927531912780036,1298.09,1302.6,1299.12,1298.18,1293.97,1,7.016666666666667,1.0498812351543485,0.22327790973867437,1.0807600950118563,0.2541567695961822,0.0,0.0,1.0
140,2014,9.779999999999973,0.6938279112192132,1307.21,1302.56,1316.28,1307.3,1297.52,1,7.016666666666667,-0.4846625766871189,0.9182004089979594,-0.4826175869120696,0.9202453987730087,0.0,0.0,1.0
141,2014,9.960000000000036,0.6492526889230357,1314.44,1306.53,1310.06,1321.9,1311.94,-1,7.233333333333333,0.5431726907630584,0.18875502008033154,0.5491967871485951,0.19477911646586824,0.0,0.0,0.0
142,2014,5.399999999999864,0.35469644365205016,1311.72,1312.53,1313.46,1312.62,1307.22,1,7.65,-0.016666666666651928,0.15555555555558642,0.0,0.17222222222223837,0.0,0.0,1.0
143,2014,7.279999999999973,0.4756615485135554,1305.88,1305.85,1305.97,1313.08,1305.8,-1,7.0,-0.006868131868125647,-0.023351648351658434,0.004120879120906621,-0.012362637362626164,1.0,1.0,0.0
144,2014,3.4400000000000546,0.22151694954234233,1305.6,1306.57,1304.79,1308.68,1305.24,-1,7.016666666666667,-0.3866279069767169,0.13081395348838323,-0.30523255813951683,0.21220930232558333,1.0,1.0,0.0
145,2014,9.050000000000182,0.6107201388219531,1297.15,1291.44,1291.83,1304.88,1295.83,-1,7.016666666666667,0.485082872928153,0.4419889502762342,0.5469613259668449,0.5038674033149261,0.0,0.0,0.0
146,2014,2.5699999999999363,0.16330050378976557,1292.39,1294.95,1302.27,1293.33,1290.76,1,7.116666666666666,0.6303501945525908,3.478599221789991,0.8287937743191292,3.677042801556529,0.0,0.0,1.0
147,2014,7.819999999999936,0.47791164658634017,1305.64,1304.45,1304.08,1309.01,1301.19,0,,,,,,,,
148,2014,2.7899999999999636,0.17318435754189684,1304.67,1298.22,1299.85,1306.44,1303.65,1,8.166666666666666,-2.946236559139833,-2.3620071684588644,-2.795698924731203,-2.211469534050234,1.0,1.0,1.0
149,2014,2.1699999999998454,0.13370890365739965,1299.03,1294.54,1295.44,1300.07,1297.9,-1,10.4,1.5483870967743625,1.1336405529954892,1.695852534562362,1.2811059907834887,1.0,1.0,1.0
150,2014,5.240000000000009,0.3325777495693176,1293.27,1286.89,1282.1,1296.55,1291.31,1,9.916666666666666,-1.8435114503816483,-2.7576335877862634,-1.7251908396946465,-2.6393129770992614,1.0,1.0,0.0
151,2014,2.3500000000001364,0.14212276988207645,1284.18,1294.78,1293.7,1284.4,1282.05,1,7.083333333333333,4.417021276595438,3.9574468085103893,4.4510638297869916,3.9914893617019422,1.0,1.0,0.0
152,2014,2.759999999999991,0.18190377553902579,1293.55,1291.27,1287.24,1294.06,1291.3,1,7.316666666666666,-1.0108695652173814,-2.4710144927536084,-0.8695652173913402,-2.329710144927567,1.0,1.0,0.0
153,2014,5.130000000000109,0.3588846691984883,1291.64,1284.89,1290.22,1292.25,1287.12,1,8.183333333333334,-1.4346978557504373,-0.39571150097464514,-1.411306042884962,-0.3723196881091698,1.0,1.0,0.0
154,2014,4.430000000000064,0.3069841112706075,1291.38,1308.27,1307.95,1291.89,1287.46,1,7.133333333333334,3.6975169300224935,3.625282167042825,3.7629796839728744,3.6907449209932057,0.0,0.0,1.0
155,2014,2.3300000000001546,0.16575203252033605,1306.7,1306.15,1313.15,1307.9,1305.57,1,8.15,-0.7510729613733407,2.253218884120022,-0.4678111587982171,2.5364806866951457,1.0,1.0,0.0
156,2014,10.660000000000082,0.7783050847457678,1318.47,1311.46,1310.44,1319.18,1308.52,1,7.066666666666666,-0.724202626641648,-0.8198874296435218,-0.6866791744840413,-0.782363977485915,1.0,1.0,0.0
157,2014,6.259999999999991,0.44293945213787433,1305.87,1306.66,1308.43,1311.29,1305.03,0,,,,,,,,
158,2014,3.5,0.2574881765633211,1307.69,1314.76,1309.87,1309.03,1305.53,1,7.683333333333334,1.6371428571428623,0.23999999999997662,1.6657142857142648,0.2685714285713792,0.0,0.0,1.0
159,2014,2.400000000000091,0.17292846114256943,1309.9,1314.0,1312.22,1310.14,1307.74,1,7.033333333333333,1.6083333333332308,0.8666666666666035,1.6791666666665916,0.9374999999999645,1.0,1.0,0.0
160,2014,3.5,0.26196204223469666,1311.81,1312.96,1313.33,1313.95,1310.45,1,7.7,-0.28285714285714547,-0.17714285714289094,-0.1457142857142831,-0.04000000000002858,1.0,1.0,0.0
161,2014,2.380000000000109,0.1850597056373315,1313.29,1302.72,1304.5,1313.4,1311.02,1,7.383333333333334,-4.487394957983014,-3.7394957983191945,-4.415966386554415,-3.668067226890596,1.0,1.0,0.0
162,2014,5.399999999999864,0.38817005545285527,1301.73,1298.37,1298.97,1302.59,1297.19,1,10.0,-0.7814814814815063,-0.6703703703703671,-0.7166666666667066,-0.6055555555555675,1.0,1.0,0.0
163,2014,3.0,0.22363026462914656,1299.58,1295.23,1294.87,1300.33,1297.33,1,9.533333333333333,-1.6999999999999698,-1.820000000000012,-1.5500000000000302,-1.6700000000000728,1.0,1.0,0.0
164,2014,2.6100000000001273,0.1981346925496246,1295.86,1293.29,1290.01,1296.65,1294.04,-1,8.716666666666667,0.28735632183906645,1.5440613026819066,0.4482758620689715,1.7049808429118116,1.0,1.0,0.0
165,2014,6.349999999999909,0.499045694397658,1285.75,1278.31,1276.06,1290.8,1284.45,-1,7.016666666666667,0.9669291338582974,1.3212598425197197,1.0551181102362428,1.409448818897665,0.0,0.0,1.0
166,2014,4.180000000000064,0.32605304212169023,1280.18,1277.21,1280.15,1280.46,1276.28,1,7.1,-0.7775119617224762,-0.07416267942582314,-0.7631578947368436,-0.05980861244019048,1.0,1.0,0.0
168,2014,8.370000000000118,0.67325481183569,1282.45,1283.59,1283.95,1283.67,1275.3,1,7.35,-0.009557945041834347,0.0334528076463523,-0.009557945041834347,0.0334528076463523,0.0,0.0,0.0
169,2014,4.470000000000027,0.3731663685152084,1283.74,1282.75,1282.49,1284.47,1280.0,1,7.416666666666667,-0.38478747203579794,-0.44295302013422955,-0.37807606263983096,-0.43624161073826256,0.0,0.0,0.0
170,2014,4.329999999999927,0.3731150366221398,1285.79,1288.75,1289.85,1287.02,1282.69,1,7.366666666666666,0.39953810623557673,0.6535796766743591,0.4734411085450321,0.7274826789838145,0.0,0.0,1.0
171,2014,3.259999999999991,0.28698987612400145,1288.43,1289.02,1286.7,1290.97,1287.71,-1,8.733333333333333,-0.40184049079753037,0.3098159509202435,-0.26687116564413904,0.4447852760736348,1.0,1.0,1.0
173,2014,7.289999999999964,0.6641504522678451,1282.53,1263.79,1264.59,1287.44,1280.15,-1,7.75,2.2441700960219766,2.134430727023354,2.2757201646090848,2.165980795610462,0.0,0.0,1.0
174,2014,3.7800000000002,0.3136743524391136,1267.83,1267.21,1269.91,1268.14,1264.36,1,7.2,-0.24603174603174985,0.46825396825393867,-0.2063492063491882,0.5079365079365002,1.0,1.0,0.0
175,2014,5.160000000000082,0.4295397788084268,1271.45,1269.0,1263.84,1273.25,1268.09,1,12.783333333333333,-0.8236434108527001,-1.8236434108527002,-0.6472868217054002,-1.6472868217054002,1.0,1.0,0.0
176,2014,7.529999999999973,0.6365942028985487,1264.69,1265.71,1266.86,1264.68,1257.15,1,7.0,0.13678618857901415,0.2895086321380935,0.13545816733067537,0.2881806108897548,0.0,0.0,1.0
177,2014,5.729999999999791,0.46399444733644013,1269.21,1257.14,1254.74,1271.62,1265.89,-1,11.716666666666667,1.5270506108203001,1.9458987783595982,1.5532286212914814,1.9720767888307795,0.0,0.0,1.0
178,2014,4.190000000000055,0.3176304959930735,1255.7,1254.92,1249.61,1258.0,1253.81,-1,8.666666666666666,-0.2649164677804565,1.0023866348448665,-0.2553699284009904,1.0119331742243327,0.0,0.0,1.0
179,2014,3.9500000000000455,0.2986283615941283,1256.91,1249.3,1247.93,1257.45,1253.5,1,7.566666666666666,-2.063291139240506,-2.4101265822784486,-2.0101265822784717,-2.356962025316415,1.0,1.0,0.0
180,2014,3.490000000000009,0.26990001657184,1246.74,1239.24,1238.78,1249.93,1246.44,-1,7.016666666666667,2.0630372492836755,2.1948424068768086,2.186246418338069,2.318051575931203,1.0,1.0,0.0
181,2014,9.38000000000011,0.7007844602166691,1236.81,1228.52,1228.57,1241.44,1232.06,-1,15.016666666666667,0.3773987206822945,0.37206823027718217,0.5202558635394512,0.5149253731343388,0.0,0.0,0.0
182,2014,8.680000000000064,0.6235632183908095,1232.98,1233.02,1233.24,1234.78,1226.1,1,7.566666666666666,-0.2027649769585228,-0.1774193548387042,-0.044930875576048065,-0.019585253456229437,0.0,0.0,0.0
183,2014,5.899999999999864,0.4309040638530866,1235.6,1232.77,1236.41,1238.3,1232.4,1,9.666666666666666,-0.9372881355932374,-0.3203389830508333,-0.8186440677966168,-0.20169491525421265,1.0,1.0,0.0
184,2014,3.8299999999999272,0.27544048903271734,1237.89,1235.8,1231.0,1238.07,1234.24,1,7.433333333333334,-0.592689295039171,-1.8459530026109845,-0.5613577023499039,-1.8146214099217173,0.0,1.0,0.0
185,2014,7.190000000000055,0.4926344638574893,1223.94,1225.54,1226.11,1224.22,1217.03,1,7.2,0.18358831710708293,0.2628650904033183,0.19749652294854825,0.2767732962447836,1.0,1.0,0.0
186,2014,10.330000000000155,0.6939206372055192,1223.55,1217.05,1215.33,1228.45,1218.12,-1,15.316666666666666,0.1035818005808248,0.2700871248789857,0.24878993223619533,0.41529525653435617,0.0,0.0,0.0
187,2014,9.670000000000073,0.620383099624237,1212.89,1213.37,1216.89,1217.77,1208.1,0,,,,,,,,
188,2014,5.8400000000001455,0.39834348355664817,1218.82,1221.77,1224.37,1219.94,1214.1,1,9.283333333333333,0.31335616438354136,0.7585616438355695,0.4058219178081904,0.8510273972602185,0.0,0.0,1.0
189,2014,4.089999999999918,0.2645292432781985,1223.13,1220.07,1218.05,1224.26,1220.17,1,7.283333333333333,-1.024449877750645,-1.5183374083129977,-0.9144254278728812,-1.4083129584352339,1.0,1.0,0.0
190,2014,5.370000000000118,0.3634166384686113,1211.42,1220.77,1222.16,1216.74,1211.37,-1,7.0,-1.7504655493482093,-2.0093109869646097,-1.7411545623835574,-1.9999999999999576,1.0,1.0,0.0
191,2014,6.660000000000082,0.4482261321026875,1223.03,1215.17,1214.72,1228.26,1221.6,1,7.916666666666667,-1.965465465465429,-2.0330330330330026,-1.8768768768768538,-1.9444444444444273,1.0,1.0,0.0
192,2014,3.979999999999791,0.2695563833389628,1216.36,1217.78,1217.36,1219.12,1215.14,1,8.766666666666667,-0.33668341708542426,-0.44221105527640286,-0.33165829145728787,-0.43718592964826647,0.0,0.0,1.0
193,2014,3.8199999999999363,0.26151589242053297,1216.66,1212.73,1208.17,1218.76,1214.94,-1,10.183333333333334,0.5785340314136317,1.7722513089005483,0.32722513089005784,1.5209424083769745,1.0,1.0,1.0
194,2014,4.6400000000001,0.3149575757575815,1206.78,1215.29,1215.08,1209.14,1204.5,1,10.366666666666667,1.3254310344827007,1.2801724137930386,1.8254310344827251,1.780172413793063,0.0,0.0,1.0
195,2014,9.569999999999936,0.6507674373421349,1220.87,1214.65,1212.53,1222.3,1212.73,-1,8.316666666666666,-0.20062695924765783,0.020898641588301653,-0.02716823406478502,0.19435736677117446,0.0,0.0,0.0
196,2014,4.880000000000109,0.3322795583872445,1210.98,1193.95,1191.89,1215.19,1210.31,-1,7.166666666666667,3.352459016393347,3.77459016393431,3.415983606557269,3.838114754098232,0.0,0.0,1.0
197,2014,7.079999999999927,0.45322359396432854,1187.89,1200.37,1207.35,1190.08,1183.0,1,7.5,1.4533898305084845,2.439265536723186,1.5084745762711789,2.4943502824858808,0.0,0.0,1.0
198,2014,4.180000000000064,0.24962675425500427,1205.3,1210.81,1210.4,1206.99,1202.81,1,8.116666666666667,0.9138755980860952,0.8157894736842177,0.9497607655502313,0.8516746411483537,0.0,0.0,1.0
199,2014,5.460000000000036,0.3449302829294717,1213.72,1210.33,1218.32,1214.49,1209.03,1,7.05,-0.7619047619047719,0.7014652014651834,-0.7216117216117268,0.7417582417582285,0.0,1.0,1.0
200,2014,7.459999999999809,0.45656830601091547,1226.07,1226.47,1224.81,1226.34,1218.88,1,7.0,0.017426273458460116,-0.20509383378016244,0.05361930294907523,-0.16890080428954735,0.0,0.0,0.0
201,2014,4.279999999999973,0.26257668711656196,1223.55,1221.08,1222.44,1224.86,1220.58,-1,8.65,-0.1168224299065428,-0.43457943925236897,0.007009345794386193,-0.31074766355143996,1.0,1.0,0.0
202,2014,5.6400000000001,0.35235842741756074,1233.81,1230.23,1231.68,1234.76,1229.12,1,7.183333333333334,-0.803191489361683,-0.5460992907801192,-0.7606382978723205,-0.5035460992907567,1.0,1.0,0.0
203,2014,3.650000000000091,0.23491012733876326,1233.79,1233.33,1233.82,1236.98,1233.33,-1,7.75,-0.0,-0.1342465753424649,0.052054794520561595,-0.0821917808219033,1.0,1.0,0.0
204,2014,7.0900000000001455,0.4583910593885746,1225.49,1239.93,1239.63,1230.7,1223.61,-1,8.8,-2.301833568406182,-2.2595204513398985,-2.1720733427362164,-2.129760225669933,1.0,1.0,0.0
205,2014,7.769999999999982,0.47950277704310884,1240.18,1239.21,1240.2,1245.05,1237.28,-1,13.5,-0.24839124839125717,-0.375804375804386,-0.07207207207206522,-0.1994851994851941,0.0,0.0,0.0
206,2014,3.910000000000082,0.2517360312715619,1240.54,1233.86,1238.6,1240.73,1236.82,1,7.0,-1.757033248081835,-0.5447570332480983,-1.7084398976981903,-0.49616368286445367,1.0,1.0,0.0
207,2014,3.7000000000000455,0.23646489546243335,1238.08,1244.25,1245.6,1238.24,1234.54,1,7.0,1.624324324324302,1.9891891891891378,1.6675675675675667,2.0324324324324023,0.0,0.0,1.0
208,2014,4.990000000000009,0.3212988088120323,1248.49,1252.3,1249.77,1250.25,1245.26,1,8.1,0.4108216432865633,-0.09619238476954255,0.6272545090180113,0.1202404809619054,0.0,0.0,0.0
209,2014,2.0799999999999272,0.13699661272110927,1248.35,1244.26,1243.58,1249.11,1247.03,1,7.783333333333333,-2.331730769230807,-2.658653846153926,-2.283653846153926,-2.610576923077045,1.0,1.0,0.0
210,2014,3.259999999999991,0.21975058982136794,1243.99,1226.76,1229.84,1244.41,1241.15,1,7.233333333333333,-5.414110429447896,-4.469325153374296,-5.315950920245391,-4.371165644171791,1.0,1.0,0.0
211,2014,3.839999999999918,0.2679826529086234,1231.01,1229.37,1230.73,1232.77,1228.93,1,7.866666666666666,-0.8854166666667093,-0.5312500000000019,-0.796875000000062,-0.44270833333335463,0.0,1.0,0.0
212,2014,3.9300000000000637,0.3054969461410383,1230.05,1229.03,1228.15,1231.93,1228.0,-1,15.183333333333334,-0.26208651399489974,-0.038167938931320235,-0.1704834605598122,0.05343511450376733,0.0,0.0,0.0
213,2014,9.720000000000027,0.7722165474974495,1228.25,1229.65,1228.52,1232.15,1222.43,1,12.566666666666666,-0.25720164609053425,-0.373456790123467,-0.1944444444444308,-0.3106995884773635,0.0,0.0,0.0
214,2014,2.300000000000182,0.18930041152264906,1229.92,1223.13,1211.23,1230.4,1228.1,1,7.483333333333333,-3.1608695652171335,-8.334782608695024,-3.0652173913040857,-8.239130434781977,1.0,1.0,0.0
215,2014,10.759999999999991,0.8461970565105049,1206.34,1198.57,1198.69,1215.58,1204.82,-1,7.683333333333334,0.5808550185873611,0.5697026022304728,0.5910780669145105,0.5799256505576221,0.0,0.0,0.0
216,2014,18.610000000000127,1.3738662729382107,1187.0,1166.06,1171.78,1202.69,1184.08,-1,7.016666666666667,0.9682966147232595,0.6609349811929001,1.0311660397635638,0.7238044062332044,0.0,0.0,1.0
217,2014,9.600000000000136,0.621072088724594,1169.97,1168.37,1167.44,1171.16,1161.56,1,7.316666666666666,-0.2906250000000158,-0.38749999999999735,-0.2458333333333431,-0.3427083333333247,0.0,0.0,0.0
218,2014,4.519999999999982,0.2886597938144321,1167.79,1171.21,1168.69,1168.37,1163.85,1,10.383333333333333,0.6283185840708312,0.07079646017702765,0.6880530973451637,0.13053097345136017,0.0,0.0,1.0
219,2014,23.089999999999918,1.5972922225516308,1148.22,1147.65,1145.5,1169.28,1146.19,-1,8.916666666666666,-0.06323083585968131,0.029883066262453746,-0.016024252923348616,0.07708964919878644,0.0,0.0,0.0
220,2014,8.88000000000011,0.5539860077536723,1144.89,1146.4,1144.84,1146.97,1138.09,1,13.45,-0.06418918918918123,-0.2398648648648742,0.024774774774777544,-0.15090090090091543,0.0,0.0,0.0
221,2014,13.129999999999882,0.8140832595216934,1141.38,1162.77,1171.02,1144.27,1131.14,1,7.2,1.4089870525514216,2.0373191165270557,1.4310738766184412,2.059405940594075,0.0,0.0,1.0
222,2014,8.840000000000146,0.4773402244764225,1172.2,1163.67,1151.19,1177.18,1168.34,-1,11.816666666666666,0.5282805429863991,1.940045248868731,0.5441176470588084,1.9558823529411402,0.0,0.0,1.0
223,2014,11.180000000000064,0.559319611206407,1150.48,1154.6,1168.39,1157.26,1146.08,1,11.383333333333333,-0.23792486583184855,0.9955277280858718,-0.12432915921288838,1.1091234347048318,0.0,0.0,1.0
224,2014,8.610000000000127,0.40437451776309746,1167.14,1164.95,1158.88,1168.94,1160.33,1,13.316666666666666,-0.46341463414633566,-1.1684088269453887,-0.29500580720092057,-0.9999999999999736,0.0,1.0,0.0
225,2014,11.309999999999945,0.5410004100040974,1159.12,1161.9,1160.89,1167.85,1156.54,-1,7.716666666666667,-0.47391688771000473,-0.3846153846153985,-0.43147656940761564,-0.3421750663130095,0.0,1.0,0.0
226,2014,12.949999999999818,0.6015461694150349,1154.18,1175.37,1188.01,1162.59,1149.64,-1,13.016666666666667,-1.9868725868725987,-2.962934362934396,-1.9088803088803203,-2.884942084942118,1.0,1.0,0.0
227,2014,12.110000000000127,0.49654404873477553,1188.6,1184.17,1185.22,1194.17,1182.06,-1,15.083333333333334,-0.17423616845583031,-0.26094137076796436,-0.15276630883568265,-0.23947151114781673,0.0,0.0,0.0
228,2014,5.779999999999973,0.2372116202034403,1188.01,1194.92,1194.09,1189.17,1183.39,1,7.5,0.9948096885813196,0.8512110726643372,1.1470588235294361,1.0034602076124537,0.0,0.0,1.0
229,2014,4.460000000000036,0.18359845923138146,1194.57,1179.76,1186.28,1195.99,1191.53,1,8.083333333333334,-3.6390134529147726,-2.1771300448430395,-3.5426008968609475,-2.0807174887892144,1.0,1.0,1.0
230,2014,12.599999999999909,0.5076989494891311,1181.13,1188.82,1194.23,1189.36,1176.76,1,9.466666666666667,-0.042857142857140276,0.3865079365079487,-0.04047619047619005,0.3888888888888989,0.0,0.0,0.0
231,2014,3.8300000000001546,0.16437768240343997,1193.5,1204.83,1199.41,1194.94,1191.11,1,7.25,2.582245430809262,1.1671018276762002,2.707571801566442,1.29242819843338,1.0,1.0,1.0
232,2014,4.960000000000036,0.20732071415776096,1199.91,1199.06,1198.09,1203.64,1198.68,-1,7.816666666666666,-0.07661290322578206,0.11895161290325428,-0.008064516129024864,0.18750000000001146,0.0,0.0,1.0
233,2014,5.089999999999918,0.212811706734355,1199.41,1199.64,1198.46,1200.73,1195.64,1,8.6,-0.2141453831041131,-0.44597249508841225,-0.08840864440075154,-0.3202357563850507,1.0,1.0,0.0
234,2014,3.3799999999998818,0.14987964018750255,1200.04,1198.86,1197.68,1201.58,1198.2,-1,8.866666666666667,-0.1952662721893129,0.15384615384615385,-0.050295857988121695,0.298816568047345,0.0,0.0,0.0
237,2014,13.379999999999882,0.6869338809637255,1154.76,1197.49,1211.93,1160.1,1146.72,1,8.666666666666666,2.7944693572496586,3.873692077727998,2.7406576980568307,3.8198804185351705,0.0,0.0,1.0
238,2014,7.319999999999936,0.320360123792551,1207.3,1201.01,1199.28,1210.58,1203.26,-1,8.1,0.30737704918033054,0.5437158469945428,0.49453551912570354,0.7308743169399157,0.0,0.0,1.0
239,2014,7.329999999999927,0.3151235989559313,1200.64,1211.18,1209.29,1201.86,1194.53,1,7.75,1.271487039563473,1.0136425648022016,1.3574351978172092,1.099590723055938,0.0,0.0,1.0
240,2014,5.009999999999991,0.21125869702719774,1206.22,1209.27,1207.53,1209.58,1204.57,-1,7.283333333333333,-0.9381237524950208,-0.5908183632734614,-0.9021956087824331,-0.5548902195608738,1.0,1.0,0.0
241,2014,4.289999999999964,0.20198419371111334,1204.43,1194.93,1190.69,1205.94,1201.65,1,7.216666666666667,-2.566433566433586,-3.554778554778585,-2.5524475524475845,-3.5407925407925833,1.0,1.0,0.0
242,2014,6.019999999999982,0.2755148741418759,1193.34,1193.45,1203.32,1194.57,1188.55,1,7.483333333333333,-0.1860465116278894,1.4534883720930276,-0.10465116279067835,1.5348837209302386,0.0,0.0,1.0
243,2014,6.120000000000118,0.280982520578499,1204.83,1229.62,1229.77,1205.46,1199.34,1,7.916666666666667,3.9477124183005534,3.9722222222221366,3.99019607843127,4.014705882352853,0.0,0.0,1.0
244,2014,11.240000000000009,0.49687401326176256,1235.12,1228.24,1228.17,1238.15,1226.91,-1,10.666666666666666,-0.11832740213522475,-0.11209964412811298,-0.07117437722419519,-0.06494661921708342,0.0,0.0,0.0
245,2014,10.660000000000082,0.4814504161558847,1223.44,1222.6,1226.96,1232.68,1222.02,-1,7.183333333333334,-0.05440900562851058,-0.46341463414634304,0.04878048780487597,-0.36022514071295647,0.0,0.0,0.0
246,2014,9.3900000000001,0.42981853849926904,1220.04,1222.93,1222.13,1226.75,1217.36,1,9.233333333333333,-0.4068157614483382,-0.4920127795526988,-0.3439829605963774,-0.429179978700738,1.0,1.0,0.0
247,2014,10.75,0.48874744260059133,1219.57,1213.27,1197.92,1224.1,1213.35,-1,8.516666666666667,0.007441860465109511,1.435348837209287,0.05953488372093954,1.4874418604651172,0.0,0.0,1.0
248,2014,5.809999999999945,0.24726410505836344,1197.78,1191.28,1193.9,1199.28,1193.47,1,9.616666666666667,-1.3769363166953659,-0.9259896729776131,-1.2839931153184347,-0.8330464716006822,1.0,1.0,1.0
249,2014,3.5299999999999727,0.13797146765682908,1198.65,1196.53,1187.78,1199.36,1195.83,1,7.25,-0.8016997167138666,-3.280453257790373,-0.7337110481586228,-3.2124645892351293,1.0,1.0,0.0
250,2014,12.769999999999982,0.49192416696475166,1198.88,1195.0,1195.96,1201.9,1189.13,1,10.166666666666666,-0.5403288958496555,-0.4651527016444842,-0.5121378230227074,-0.43696162881753603,0.0,0.0,0.0
251,2014,5.620000000000118,0.2170363014454421,1199.81,1198.29,1195.61,1201.18,1195.56,1,7.116666666666666,-0.5142348754448468,-0.9911032028469834,-0.4252669039145996,-0.9021352313167361,1.0,1.0,0.0
252,2014,4.6400000000001,0.21960784313725967,1198.8,1189.28,1175.21,1199.45,1194.81,1,7.2,-2.1918103448275548,-5.224137931034372,-2.1659482758620126,-5.19827586206883,1.0,1.0,0.0
253,2014,9.61999999999989,0.4347040216900087,1179.54,1179.21,1174.81,1182.79,1173.17,1,7.516666666666667,-0.3721413721413688,-0.8295218295218408,-0.36590436590436815,-0.8232848232848402,0.0,0.0,0.0
256,2014,12.289999999999964,0.6132078833885719,1186.4,1193.92,1193.81,1188.84,1176.55,1,10.416666666666666,0.4133441822620154,0.4043938161106625,0.4434499593165225,0.43449959316516956,0.0,0.0,0.0
257,2014,5.0,0.24745475113122162,1195.98,1181.54,1181.0,1197.41,1192.41,-1,10.833333333333334,2.1740000000000235,2.2820000000000165,2.251999999999998,2.359999999999991,0.0,0.0,1.0
258,2014,8.940000000000055,0.4765276984580267,1187.27,1205.65,1199.83,1189.63,1180.69,1,8.15,1.7919463087248193,1.1409395973154088,1.8534675615212597,1.2024608501118494,0.0,0.0,1.0
259,2014,4.470000000000027,0.2241966108981493,1200.36,1184.16,1183.88,1203.77,1199.3,-1,7.366666666666666,3.3870246085010693,3.4496644295301455,3.4004474272930034,3.4630872483220796,0.0,0.0,1.0
261,2015,4.069999999999936,0.20525714779739102,1186.93,1187.88,1185.16,1188.28,1184.21,-1,10.55,-0.9017199017199337,-0.23341523341524825,-0.8697788697789303,-0.20147420147424486,1.0,1.0,1.0
262,2015,14.759999999999991,0.7596416479488864,1196.39,1198.65,1203.83,1197.66,1182.9,1,7.333333333333333,0.06707317073170797,0.4180216802167919,0.15989159891599788,0.5108401084010818,0.0,0.0,0.0
263,2015,8.860000000000127,0.4761374672281304,1208.43,1208.82,1217.28,1210.46,1201.6,1,7.383333333333334,-0.1851015801354488,0.7697516930022391,-0.17945823927766621,0.7753950338600217,0.0,0.0,1.0
264,2015,6.589999999999918,0.35120844483864794,1213.71,1214.42,1215.65,1218.57,1211.98,-1,11.566666666666666,-0.37025796661609783,-0.5569044006069982,-0.2564491654021359,-0.4430955993930363,0.0,0.0,0.0
265,2015,9.400000000000091,0.5314530556531557,1208.37,1212.47,1207.57,1214.17,1204.77,-1,11.566666666666666,-0.8191489361702097,-0.2978723404255242,-0.7542553191489202,-0.23297872340423467,1.0,1.0,0.0
266,2015,6.279999999999973,0.34896782208674065,1212.3,1217.89,1220.1,1214.21,1207.93,9,,,,,,,,
267,2015,8.769999999999982,0.5200493026053284,1227.76,1225.76,1233.39,1231.07,1222.3,-1,8.466666666666667,-0.39452679589510187,-1.264538198403668,-0.3306727480045721,-1.2006841505131383,0.0,1.0,0.0
268,2015,10.050000000000182,0.581277654067509,1235.61,1235.38,1233.74,1240.67,1230.62,1,8.183333333333334,-0.526368159203967,-0.6895522388059641,-0.48457711442784107,-0.6477611940298381,0.0,1.0,0.0
269,2015,9.509999999999991,0.5310030989139842,1230.84,1238.34,1232.91,1234.49,1224.98,1,13.5,0.40483701366981206,-0.16614090431124381,0.29022082018927375,-0.2807570977917821,0.0,0.0,1.0
270,2015,6.289999999999964,0.3309618037155202,1227.67,1259.09,1258.11,1232.26,1225.97,1,9.716666666666667,4.2655007949125725,4.109697933227355,4.696343402225777,4.540540540540558,0.0,0.0,1.0
271,2015,7.380000000000109,0.3635685456202574,1260.31,1272.26,1276.77,1263.64,1256.26,-1,8.5,-2.16802168021677,-2.779132791327871,-2.1178861788617414,-2.7289972899728423,1.0,1.0,0.0
273,2015,4.480000000000018,0.2315476256400614,1276.03,1291.92,1293.2,1278.47,1273.99,1,7.616666666666666,3.002232142857141,3.2879464285714195,3.149553571428587,3.4352678571428656,0.0,0.0,1.0
274,2015,12.930000000000064,0.6709091111251168,1300.02,1289.84,1292.73,1303.4,1290.47,1,13.183333333333334,-1.0487238979118412,-0.8252126836813627,-1.018561484918794,-0.7950502706883157,1.0,1.0,0.0
275,2015,10.350000000000136,0.5060594419027069,1287.17,1299.3,1303.65,1293.65,1283.3,-1,12.35,-1.5458937198067428,-1.9661835748792142,-1.4502415458937,-1.8705314009661713,1.0,1.0,0.0
276,2015,8.519999999999982,0.41630601703196934,1296.63,1290.7,1291.09,1301.86,1293.34,-1,7.85,0.3098591549295632,0.26408450704225406,0.32629107981220407,0.28051643192489495,0.0,0.0,1.0
277,2015,8.360000000000127,0.41861296899031375,1293.0,1279.3,1281.1,1299.15,1290.79,-1,7.783333333333333,1.3744019138755783,1.159090909090898,1.4569377990430477,1.2416267942583674,0.0,0.0,1.0
278,2015,10.730000000000018,0.5336222514297903,1282.64,1294.35,1293.88,1283.0,1272.27,1,7.0,1.057781919850875,1.013979496738126,1.0913327120223475,1.0475302889095983,0.0,0.0,1.0
279,2015,5.119999999999891,0.24127368810797548,1289.02,1288.08,1285.09,1293.61,1288.49,-1,7.0,0.0800781250000177,0.664062500000032,0.18359375000001457,0.7675781250000288,0.0,0.0,1.0
280,2015,7.7000000000000455,0.3604989465939891,1282.31,1264.26,1256.24,1285.8,1278.1,-1,7.133333333333334,1.7974025974025762,2.8389610389610094,1.9428571428571362,2.984415584415569,0.0,0.0,1.0
281,2015,4.800000000000182,0.21265149837031266,1260.81,1273.55,1282.25,1261.92,1257.12,1,7.266666666666667,2.4229166666665503,4.235416666666491,2.529166666666544,4.341666666666485,0.0,0.0,1.0
282,2015,4.680000000000064,0.2014016967908546,1279.56,1272.84,1280.17,1283.26,1278.58,-1,7.5,1.2264957264957117,-0.33974358974361624,1.2200854700854613,-0.3461538461538667,0.0,0.0,1.0
283,2015,8.8599999999999,0.38096993150894826,1279.34,1258.66,1263.09,1280.8,1271.94,1,7.833333333333333,-2.498871331828456,-1.9988713318284692,-2.436794582392795,-1.9367945823928077,1.0,1.0,0.0
284,2015,9.0,0.37443166622091417,1265.01,1261.93,1265.59,1265.64,1256.64,1,7.533333333333333,-0.41222222222222626,-0.005555555555575766,-0.37555555555554243,0.031111111111108078,0.0,0.0,0.0
285,2015,4.050000000000182,0.1810518248874493,1269.97,1260.85,1265.27,1273.67,1269.62,-1,7.416666666666667,2.16543209876533,1.0740740740740033,2.3037037037036385,1.2123456790123115,0.0,0.0,1.0
286,2015,6.440000000000055,0.29706754530477963,1267.88,1233.87,1234.4,1268.69,1262.25,-1,13.166666666666666,4.406832298136625,4.324534161490632,4.47049689440993,4.388198757763937,0.0,0.0,1.0
287,2015,4.820000000000164,0.20107869721982827,1239.61,1240.92,1241.07,1239.91,1235.09,1,7.533333333333333,0.20954356846472127,0.2406639004148994,0.20954356846472127,0.2406639004148994,0.0,0.0,0.0
288,2015,7.339999999999918,0.3188729597219594,1244.13,1237.77,1234.29,1245.81,1238.47,-1,10.016666666666667,0.0953678474114514,0.569482288828353,0.1648501362397888,0.6389645776566903,0.0,0.0,1.0
289,2015,5.360000000000127,0.23713816205284308,1237.47,1222.79,1220.54,1238.63,1233.27,-1,10.75,1.955223880596972,2.374999999999947,1.9925373134328004,2.4123134328357754,0.0,0.0,1.0
290,2015,4.820000000000164,0.21734789190582726,1222.25,1222.66,1222.27,1223.89,1219.07,1,8.416666666666666,-0.25518672199169634,-0.3360995850622538,0.0643153526971291,-0.016597510373428326,0.0,0.0,1.0
291,2015,8.3900000000001,0.38294265314772347,1230.35,1232.29,1229.06,1231.16,1222.77,1,13.6,0.13468414779497834,-0.2502979737783208,0.30631704410010796,-0.07866507747319118,0.0,0.0,0.0
293,2015,9.430000000000064,0.47465305241964745,1225.34,1207.73,1207.14,1233.9,1224.47,-1,7.016666666666667,1.775185577942725,1.8377518557794073,1.812301166489905,1.8748674443265871,0.0,0.0,1.0
294,2015,4.5499999999999545,0.21633554083884957,1209.51,1206.19,1207.9,1210.86,1206.31,-1,10.633333333333333,0.02637362637360265,-0.3494505494505849,0.04395604395605439,-0.3318681318681332,1.0,1.0,0.0
295,2015,4.739999999999782,0.23932487016732826,1214.77,1208.6,1207.8,1217.62,1212.88,1,8.483333333333333,-1.902953586497974,-2.071729957805989,-1.734177215189959,-1.902953586497974,1.0,1.0,1.0
296,2015,3.800000000000182,0.19912415316091792,1208.51,1206.61,1199.87,1209.67,1205.87,-1,9.083333333333334,-0.19473684210525624,1.5789473684209772,-0.0973684210525982,1.6763157894736351,1.0,1.0,1.0
297,2015,3.8099999999999454,0.19982767017569825,1202.84,1204.33,1201.27,1204.76,1200.95,-1,8.016666666666667,-0.8871391076115303,-0.08398950131232046,-0.6797900262467074,0.12335958005250236,1.0,1.0,1.0
298,2015,6.269999999999982,0.34199555849923857,1199.39,1199.44,1199.93,1204.47,1198.2,-1,7.133333333333334,-0.1977671451355682,-0.2759170653907533,-0.1977671451355682,-0.2759170653907533,0.0,0.0,1.0
299,2015,7.899999999999864,0.4353131026882269,1211.04,1203.96,1203.44,1211.8,1203.9,-1,15.7,-0.007594936708853983,0.058227848101271434,0.13544303797467783,0.20126582278480323,0.0,0.0,0.0
300,2015,9.480000000000018,0.5361774330384197,1211.22,1208.83,1207.61,1213.06,1203.58,1,8.066666666666666,-0.44620253164557067,-0.5748945147679362,-0.39451476793248963,-0.5232067510548551,0.0,0.0,0.0
301,2015,3.8199999999999363,0.23936979679526893,1210.0,1217.6,1213.66,1212.22,1208.4,-1,8.016666666666667,-2.408376963350778,-1.376963350785361,-2.225130890052393,-1.1937172774869762,1.0,1.0,1.0
302,2015,9.38000000000011,0.5745788667687652,1221.35,1208.42,1205.44,1223.17,1213.79,-1,12.05,0.5724946695095766,0.8901918976545642,0.6652452025586286,0.9829424307036162,0.0,0.0,0.0
303,2015,16.050000000000182,0.9674919268030222,1209.24,1203.35,1202.9,1211.38,1195.33,1,14.516666666666667,-0.5003115264797576,-0.5283489096573161,-0.4143302180685368,-0.44236760124609525,0.0,0.0,0.0
304,2015,4.759999999999991,0.29038302322541143,1206.95,1202.49,1199.75,1208.9,1204.14,-1,8.566666666666666,0.3466386554622046,0.922268907563048,0.3592436974789999,0.9348739495798433,0.0,0.0,1.0
305,2015,4.769999999999982,0.2950037549145183,1202.76,1206.18,1200.64,1205.86,1201.09,-1,7.6,-1.0670859538784412,0.09433962264147167,-1.0482180293501089,0.11320754716980412,1.0,1.0,0.0
306,2015,3.5,0.21555516452577783,1199.0,1176.34,1168.23,1200.64,1197.14,-1,8.15,5.942857142857195,8.260000000000023,6.022857142857187,8.340000000000016,0.0,0.0,1.0
307,2015,5.939999999999827,0.32445086028636144,1172.43,1168.45,1166.73,1173.35,1167.41,1,7.266666666666667,-0.8249158249158259,-1.1144781144781286,-0.8265993265993261,-1.1161616161616288,1.0,1.0,0.0
308,2015,9.820000000000164,0.5833828396842988,1160.75,1162.92,1161.02,1169.16,1159.34,-1,7.9,-0.3645621181262826,-0.17107942973523785,-0.33401221995925845,-0.1405295315682137,1.0,1.0,0.0
309,2015,3.8400000000001455,0.22943963125774358,1163.3,1152.37,1153.77,1165.13,1161.29,-1,8.95,2.3229166666665977,1.9583333333332544,2.440104166666605,2.075520833333262,0.0,0.0,1.0
310,2015,16.38000000000011,0.9781190019193893,1164.94,1151.18,1153.29,1166.5,1150.12,-1,15.95,-0.06471306471307484,-0.19352869352869667,-0.06349206349206085,-0.1923076923076827,0.0,0.0,0.0
311,2015,7.8900000000001,0.4692637750116871,1158.57,1153.88,1155.18,1161.7,1153.81,-1,14.433333333333334,-0.008871989860603653,-0.1736375158428518,0.08618504435992747,-0.0785804816223207,0.0,0.0,0.0
312,2015,10.529999999999973,0.6530232558139492,1162.94,1152.6,1154.75,1164.06,1153.53,-1,14.366666666666667,0.08831908831909459,-0.11585944919278542,0.10066476733145067,-0.10351377018042934,0.0,0.0,0.0
313,2015,4.9099999999998545,0.3058373376045457,1156.29,1149.37,1148.43,1156.87,1151.96,-1,12.35,0.5274949083503507,0.7189409368635595,0.67413441955199,0.8655804480651987,1.0,1.0,1.0
314,2015,4.740000000000009,0.2872602917622608,1148.43,1151.57,1170.77,1152.92,1148.18,-1,7.016666666666667,-0.7151898734176932,-4.7658227848101005,-0.6772151898734241,-4.727848101265831,0.0,1.0,0.0
315,2015,7.619999999999891,0.43631901840490056,1172.59,1170.89,1170.1,1177.79,1170.17,-1,7.4,-0.09448818897638289,0.009186351706058362,-0.03937007874018192,0.06430446194225933,0.0,0.0,1.0
316,2015,4.9500000000000455,0.27948056138086963,1171.55,1183.2,1183.24,1173.67,1168.72,1,10.266666666666667,1.9252525252525021,1.9333333333333027,2.234343434343403,2.2424242424242036,0.0,0.0,1.0
317,2015,5.829999999999927,0.32843748742504864,1183.17,1187.27,1190.54,1186.76,1180.93,-1,8.433333333333334,-1.087478559176672,-1.6483704974271045,-0.9914236706689614,-1.5523156089193941,1.0,1.0,0.0
318,2015,4.6400000000001,0.2691638352531752,1188.04,1189.33,1193.65,1189.96,1185.32,1,8.533333333333333,-0.13577586206898612,0.7952586206896498,-0.11206896551723504,0.8189655172414009,0.0,0.0,1.0
319,2015,5.519999999999982,0.32165154416049113,1188.75,1197.87,1195.59,1192.12,1186.6,1,7.733333333333333,1.04166666666667,0.6286231884058041,1.2445652173912887,0.8315217391304227,0.0,0.0,1.0
320,2015,8.889999999999873,0.5178928095872088,1203.03,1204.46,1203.29,1203.31,1194.42,1,7.166666666666667,0.1293588301462438,-0.0022497187851498422,0.13273340832396857,0.0011248593925749211,0.0,0.0,1.0
321,2015,6.310000000000173,0.38655756355840515,1202.78,1199.33,1198.57,1206.14,1199.83,-1,7.916666666666667,0.07923930269413412,0.19968304278921656,0.11251980982567622,0.23296354992075863,0.0,0.0,1.0
322,2015,6.019999999999982,0.36232320192596884,1194.4,1184.95,1186.3,1198.25,1192.23,-1,7.933333333333334,1.2093023255813944,0.9850498338870567,1.303986710963444,1.0797342192691062,0.0,0.0,1.0
323,2015,7.690000000000055,0.4609916930718535,1182.99,1187.92,1183.13,1187.42,1179.73,-1,8.15,-1.065019505851755,-0.4421326397919463,-1.0208062418725723,-0.3979193758127635,1.0,1.0,0.0
324,2015,6.230000000000018,0.3823091084421856,1187.46,1198.96,1204.29,1188.96,1182.73,-1,9.75,-2.605136436597106,-3.4606741573033517,-2.5409309791332073,-3.396468699839453,1.0,1.0,0.0
325,2015,3.6000000000001364,0.21181810540473187,1203.98,1196.68,1200.69,1204.94,1201.34,1,7.433333333333334,-2.294444444444355,-1.1805555555555107,-2.163888888888797,-1.0499999999999525,1.0,1.0,0.0
327,2015,3.0499999999999545,0.18169439598314713,1216.86,1222.39,1218.12,1218.68,1215.63,1,7.95,1.216393442622981,-0.18360655737710857,1.3508196721312065,-0.04918032786888301,0.0,0.0,1.0
328,2015,4.819999999999936,0.28905547226386447,1214.34,1213.68,1209.16,1215.75,1210.93,-1,9.333333333333334,-0.5705394190871445,0.3672199170124492,-0.5228215767634886,0.41493775933610505,0.0,0.0,0.0
329,2015,3.8199999999999363,0.2523236612408547,1210.47,1203.51,1200.96,1211.57,1207.75,1,8.2,-2.1099476439790785,-2.7774869109947846,-2.1125654450261964,-2.7801047120419025,1.0,1.0,0.0
330,2015,10.049999999999955,0.6750143926309705,1194.65,1195.46,1193.94,1202.58,1192.53,0,,,,,,,,
331,2015,4.349999999999909,0.3054622059487323,1196.42,1207.65,1207.02,1197.49,1193.14,1,9.283333333333333,2.3356321839081136,2.190804597701189,2.227586206896611,2.082758620689686,0.0,0.0,1.0
332,2015,6.480000000000018,0.44316349958478013,1204.06,1199.36,1199.33,1209.43,1202.95,-1,8.883333333333333,0.5540123456790332,0.5586419753086587,0.6404320987654444,0.6450617283950697,0.0,0.0,1.0
333,2015,5.8400000000001455,0.3926427508044092,1195.68,1197.52,1192.88,1201.4,1195.56,-1,7.0,-0.3356164383561622,0.45890410958900163,-0.31506849315066304,0.4794520547945008,0.0,0.0,1.0
334,2015,4.319999999999936,0.28435751563307704,1193.97,1195.63,1203.29,1195.05,1190.73,-1,8.516666666666667,-1.134259259259297,-2.9074074074074376,-1.0972222222222405,-2.870370370370381,1.0,1.0,0.0
335,2015,7.5,0.5165797500737971,1201.55,1197.2,1199.68,1207.51,1200.01,1,8.9,-1.3746666666666594,-1.0439999999999903,-1.2333333333333334,-0.9026666666666643,1.0,1.0,0.0
336,2015,4.120000000000118,0.2827450980392241,1200.11,1205.3,1204.19,1201.45,1197.33,1,7.316666666666666,0.9344660194174268,0.6650485436893036,0.9951456310679105,0.7257281553397872,0.0,0.0,1.0
337,2015,3.730000000000018,0.26336493847085063,1204.98,1193.68,1194.37,1206.6,1202.87,1,7.883333333333334,-3.463806970509325,-3.2788203753351097,-3.407506702412862,-3.2225201072386462,1.0,1.0,0.0
338,2015,3.589999999999918,0.2465780307118622,1196.96,1197.77,1202.28,1197.01,1193.42,-1,8.366666666666667,-1.2116991643454063,-2.4679665738161845,-1.0167130919220542,-2.272980501392832,1.0,1.0,0.0
339,2015,4.650000000000091,0.3476821192053048,1202.67,1187.38,1186.86,1203.89,1199.24,1,7.466666666666667,-3.550537634408531,-3.662365591397821,-3.537634408602042,-3.6494623655913325,1.0,1.0,0.0
340,2015,5.559999999999945,0.3998972514770059,1189.31,1191.84,1196.15,1189.83,1184.27,1,9.2,0.3615107913669084,1.136690647482055,0.4280575539568175,1.203237410071964,0.0,0.0,1.0
341,2015,3.5,0.2456509750839722,1192.52,1178.28,1178.46,1194.33,1190.83,1,7.466666666666667,-4.585714285714273,-4.534285714285683,-4.50285714285714,-4.451428571428551,1.0,1.0,0.0
342,2015,5.0900000000001455,0.3475080464254461,1183.21,1203.25,1202.99,1183.63,1178.54,1,11.933333333333334,3.854616895874132,3.803536345775903,3.9351669941059724,3.884086444007744,0.0,0.0,1.0
343,2015,3.0699999999999363,0.19072553805191497,1201.08,1213.03,1212.71,1202.3,1199.23,1,8.216666666666667,3.4951140065147364,3.3908794788274585,3.752442996742743,3.648208469055465,0.0,0.0,1.0
344,2015,3.369999999999891,0.20846588900670907,1209.7,1210.23,1205.85,1212.3,1208.93,-1,7.183333333333334,-0.3857566765578625,0.9139465875371675,-0.32047477744806,0.9792284866469699,1.0,1.0,1.0
345,2015,5.190000000000055,0.3174173255864776,1204.03,1182.46,1183.96,1206.23,1201.04,-1,8.4,3.579961464354476,3.290944123314017,3.685934489402636,3.3969171483621765,1.0,1.0,0.0
346,2015,3.5800000000001546,0.20750186304546672,1182.15,1173.61,1174.72,1185.17,1181.59,-1,7.083333333333333,2.2290502793295177,1.918994413407708,2.2681564245809405,1.9581005586591307,0.0,0.0,1.0
347,2015,7.220000000000027,0.4142453178148441,1184.35,1191.4,1190.0,1184.88,1177.66,1,7.083333333333333,0.9030470914127364,0.7091412742382094,0.9584487534626104,0.7645429362880832,0.0,0.0,1.0
348,2015,3.3099999999999454,0.19177288528388978,1188.23,1196.38,1193.45,1189.0,1185.69,1,7.133333333333334,2.2296072507553566,1.3444108761329665,2.3111782477342047,1.4259818731118141,0.0,0.0,1.0
349,2015,3.369999999999891,0.19660790932199182,1195.98,1189.52,1190.31,1196.83,1193.46,1,7.533333333333333,-2.169139465875425,-1.934718100890265,-2.0296735905044927,-1.7952522255193324,1.0,1.0,0.0
350,2015,6.059999999999945,0.3609905539954007,1188.96,1182.97,1183.12,1192.75,1186.69,-1,7.633333333333334,0.6138613861386238,0.5891089108911214,0.6749174917491675,0.650165016501665,0.0,0.0,1.0
351,2015,2.8700000000001182,0.1684696016771555,1183.51,1185.37,1187.96,1184.74,1181.87,1,7.433333333333334,0.21951219512190098,1.1219512195121584,0.24738675958180478,1.1498257839720623,1.0,1.0,1.0
352,2015,2.480000000000018,0.14928838629229993,1188.67,1187.98,1183.1,1190.35,1187.87,-1,7.483333333333333,-0.044354838709728436,1.9233870967741722,0.05645161290317405,2.0241935483870748,1.0,1.0,1.0
353,2015,3.980000000000018,0.23794679079301462,1182.15,1190.75,1194.07,1184.76,1180.78,1,8.283333333333333,1.5050251256281362,2.3391959798994733,1.5628140703517586,2.3969849246230956,0.0,0.0,1.0
354,2015,3.240000000000009,0.1965763813651143,1192.44,1214.14,1214.31,1194.46,1191.22,1,7.833333333333333,6.074074074074077,6.126543209876498,6.206790123456812,6.259259259259233,0.0,0.0,1.0
355,2015,2.980000000000018,0.1705014508153185,1214.56,1221.6,1222.06,1215.27,1212.29,1,7.216666666666667,2.124161073825466,2.27852348993286,2.271812080536893,2.4261744966442866,0.0,0.0,1.0
356,2015,4.129999999999882,0.24250304072473422,1218.13,1223.22,1224.83,1222.01,1217.88,-1,7.0,-1.2929782082324628,-1.682808716707026,-1.2324455205811293,-1.6222760290556926,1.0,1.0,1.0
357,2015,8.740000000000009,0.5438947415210933,1229.27,1228.32,1225.01,1230.31,1221.57,1,7.3,-0.22768878718535548,-0.6064073226544564,-0.16704805491991245,-0.5457665903890133,0.0,0.0,0.0
358,2015,4.930000000000064,0.31378432442262694,1222.64,1209.23,1207.9,1225.24,1220.31,-1,7.433333333333334,2.2474645030425524,2.517241379310283,2.3204868154158027,2.590263691683533,0.0,0.0,1.0
359,2015,3.0299999999999727,0.18697932736809506,1206.52,1210.52,1210.79,1209.55,1206.52,-1,7.0,-1.320132013201332,-1.409240924092416,-1.320132013201332,-1.409240924092416,1.0,1.0,1.0
360,2015,4.8400000000001455,0.32759620963064306,1211.44,1205.95,1205.75,1212.71,1207.87,-1,12.866666666666667,0.39669421487598916,0.4380165289255841,0.41115702479337796,0.45247933884297287,0.0,0.0,1.0
361,2015,3.5599999999999454,0.24612345679012052,1208.31,1206.08,1205.22,1209.1,1205.54,1,7.0,-0.8483146067415809,-1.0898876404494218,-0.6264044943820372,-0.8679775280898779,1.0,1.0,1.0
363,2015,3.6400000000001,0.2639047125841613,1204.59,1188.88,1188.35,1207.49,1203.85,-1,7.216666666666667,4.112637362637194,4.258241758241641,4.239010989010827,4.384615384615274,0.0,0.0,1.0
364,2015,3.9700000000000273,0.27022559315441697,1189.64,1187.14,1187.4,1190.48,1186.51,1,8.883333333333333,-0.8413098236775555,-0.775818639798465,-0.795969773299706,-0.7304785894206155,1.0,1.0,0.0
365,2015,3.0,0.21105527638191027,1188.09,1186.99,1189.3,1189.88,1186.88,1,8.233333333333333,-0.9633333333333667,-0.19333333333338487,-0.8499999999999849,-0.08000000000000303,1.0,1.0,0.0
366,2015,2.8799999999998818,0.20281690140844313,1189.14,1190.48,1190.82,1190.58,1187.7,-1,7.7,-0.9652777777778079,-1.08333333333334,-0.8333333333333991,-0.9513888888889311,1.0,1.0,0.0
367,2015,4.240000000000009,0.3055069480185295,1191.04,1200.25,1189.06,1193.55,1189.31,-1,7.85,-2.5801886792452904,0.05896226415094327,-2.471698113207546,0.16745283018868748,1.0,1.0,1.0
368,2015,3.199999999999818,0.22664036019627432,1187.42,1193.62,1193.74,1189.58,1186.38,1,7.533333333333333,1.2625000000000604,1.3000000000000995,1.5687500000000836,1.6062500000001225,1.0,1.0,0.0
369,2015,3.6599999999998545,0.28392530614505507,1192.56,1191.17,1185.49,1195.33,1191.67,-1,7.016666666666667,0.13661202185792892,1.688524590164019,0.3524590163934467,1.9043715846995368,0.0,0.0,1.0
370,2015,4.230000000000018,0.32613723978411957,1184.82,1175.25,1177.25,1186.17,1181.94,-1,7.933333333333334,1.5815602836879494,1.1087470449172658,1.6477541371158386,1.174940898345155,0.0,0.0,1.0
371,2015,1.759999999999991,0.13706402625577074,1178.12,1169.19,1170.58,1178.36,1176.6,1,7.0,-5.210227272727212,-4.420454545454553,-5.073863636363569,-4.284090909090911,1.0,1.0,0.0
372,2015,8.0,0.6061590084970512,1173.12,1170.92,1173.99,1177.58,1169.58,0,,,,,,,,
373,2015,5.919999999999845,0.47824581650316195,1177.89,1176.81,1177.6,1178.37,1172.45,1,9.566666666666666,-0.26351351351351116,-0.1300675675675679,-0.16385135135136025,-0.030405405405416953,0.0,0.0,0.0
374,2015,6.740000000000009,0.5435483870967759,1181.49,1188.08,1186.44,1181.96,1175.22,1,7.0,0.9080118694361844,0.6646884272997051,0.9777448071216482,0.734421364985169,0.0,0.0,1.0
375,2015,2.1900000000000546,0.17090301003344943,1186.87,1179.15,1182.2,1187.88,1185.69,-1,7.183333333333334,2.9863013698629226,1.5936073059360376,3.0456621004564743,1.6529680365295893,0.0,0.0,1.0
376,2015,2.6200000000001182,0.20566302214747223,1182.66,1182.23,1180.4,1183.95,1181.33,1,8.25,-0.6564885496183014,-1.3549618320609902,-0.5954198473281965,-1.2938931297708853,1.0,1.0,0.0
377,2015,6.2000000000000455,0.4835115864527671,1180.2,1181.9,1187.76,1186.01,1179.81,-1,8.733333333333333,-0.33709677419356937,-1.282258064516127,-0.31774193548387303,-1.2629032258064306,0.0,1.0,1.0
378,2015,3.6700000000000728,0.29326484018265453,1185.38,1178.11,1181.45,1187.42,1183.75,-1,7.5,1.5367847411444109,0.6267029972751795,1.5667574931879797,0.6566757493187484,1.0,1.0,0.0
379,2015,4.009999999999991,0.3123400467341709,1179.38,1175.49,1187.01,1182.23,1178.22,-1,7.766666666666667,0.6807980049875373,-2.192019950124684,0.7331670822942796,-2.139650872817942,0.0,1.0,0.0
380,2015,4.870000000000118,0.3733435549227993,1187.78,1202.08,1201.77,1188.89,1184.02,1,8.5,2.70841889117033,2.644763860369521,2.6550308008212573,2.5913757700204485,0.0,0.0,1.0
381,2015,2.7999999999999545,0.19993879424665575,1200.54,1200.4,1200.53,1201.84,1199.04,-1,8.066666666666666,-0.48571428571433906,-0.532142857142869,-0.3857142857143472,-0.43214285714287715,1.0,1.0,0.0
382,2015,2.6800000000000637,0.20591625048021975,1197.47,1185.22,1183.79,1200.02,1197.34,-1,7.016666666666667,4.522388059701345,5.055970149253595,4.597014925373001,5.130597014925251,0.0,0.0,1.0
383,2015,3.769999999999982,0.27818478891055504,1186.77,1178.26,1176.93,1188.08,1184.31,-1,8.916666666666666,1.6047745358090142,1.9575596816975909,1.64190981432363,1.9946949602122064,0.0,0.0,1.0
384,2015,3.3600000000001273,0.25331179321487163,1177.86,1172.72,1174.25,1179.39,1176.03,1,7.816666666666666,-1.985119047618994,-1.5297619047618765,-1.9583333333332376,-1.50297619047612,1.0,1.0,0.0
385,2015,3.269999999999982,0.2516905822200212,1176.94,1172.72,1173.09,1178.02,1174.75,-1,9.216666666666667,0.6207951070336343,0.5076452599388658,0.6880733944954167,0.5749235474006482,0.0,0.0,0.0
386,2015,1.7300000000000182,0.14034884394738484,1173.58,1171.66,1173.82,1175.19,1173.46,-1,7.0,1.0404624277456276,-0.20809248554907292,1.1098265895952746,-0.13872832369942575,1.0,1.0,1.0
387,2015,7.620000000000118,0.611346704871068,1184.11,1176.67,1179.71,1187.44,1179.82,-1,8.383333333333333,0.4133858267716292,0.01443569553804439,0.46719160104985435,0.06824146981626952,0.0,0.0,0.0
388,2015,4.660000000000082,0.3672596262103183,1177.27,1170.09,1171.98,1180.45,1175.79,-1,7.733333333333333,1.2231759656652244,0.817596566523579,1.2703862660944139,0.8648068669527686,0.0,0.0,1.0
389,2015,2.3099999999999454,0.18557410914098305,1173.69,1169.46,1168.37,1175.04,1172.73,-1,8.416666666666666,1.4155844155844413,1.8874458874459872,1.5108225108225504,1.9826839826840965,0.0,0.0,1.0
390,2015,1.7000000000000455,0.14039641340255177,1167.12,1163.38,1163.66,1168.72,1167.02,-1,7.0,2.141176470588103,1.9764705882351823,2.1999999999998128,2.035294117646892,0.0,0.0,1.0
392,2015,8.13000000000011,0.7047678018575926,1167.24,1167.15,1170.19,1174.44,1166.31,-1,7.15,-0.10332103321034862,-0.4772447724477315,-0.05781057810578364,-0.43173431734316653,0.0,0.0,0.0
393,2015,3.0699999999999363,0.2664600123992495,1167.87,1153.32,1156.68,1169.98,1166.91,-1,8.75,4.426710097720009,3.3322475570033325,4.5635179153095375,3.469055374592861,0.0,0.0,1.0
394,2015,5.990000000000009,0.49665383476458297,1150.77,1160.63,1161.77,1156.55,1150.56,-1,7.0,-1.6811352253756509,-1.8714524207011718,-1.6460767946577817,-1.8363939899833026,1.0,1.0,0.0
395,2015,7.7000000000000455,0.654642618570477,1163.44,1163.47,1160.72,1163.66,1155.96,1,7.033333333333333,-0.024675324675331615,-0.38181818181818666,0.03636363636363261,-0.32077922077922244,0.0,0.0,0.0
396,2015,5.059999999999945,0.41531336108342126,1162.61,1160.47,1161.39,1162.83,1157.77,1,7.0,-0.46640316205532123,-0.2845849802371231,-0.42292490118575016,-0.24110671936755199,0.0,0.0,0.0
397,2015,4.860000000000127,0.4245071125530428,1160.97,1153.74,1156.87,1164.21,1159.35,-1,8.366666666666667,1.1543209876542702,0.5102880658436117,1.2777777777777517,0.6337448559670934,0.0,0.0,1.0
398,2015,2.759999999999991,0.23924215218871753,1156.37,1155.78,1154.55,1157.43,1154.67,-1,7.15,-0.40217391304344335,0.0434782608696082,-0.3079710144927217,0.13768115942032985,1.0,1.0,0.0
399,2015,2.8799999999998818,0.25380838474127065,1154.62,1145.47,1148.94,1156.77,1153.89,-1,7.116666666666666,2.9236111111112564,1.7187500000000864,2.95138888888901,1.74652777777784,0.0,0.0,1.0
400,2015,3.240000000000009,0.27312138728323754,1147.11,1145.13,1144.87,1149.27,1146.03,-1,8.633333333333333,0.2777777777777349,0.35802469135804893,0.3765432098764804,0.45679012345679443,0.0,0.0,1.0
401,2015,1.6199999999998909,0.13908137609614551,1144.59,1132.73,1132.33,1145.26,1143.64,1,7.583333333333333,-7.7345679012350725,-7.981481481482058,-7.617283950617747,-7.864197530864733,1.0,1.0,0.0
402,2015,48.47000000000003,4.135665529010237,1109.19,1106.21,1105.46,1132.9,1084.43,0,,,,,,,,
403,2015,8.849999999999909,0.6184795088104567,1103.09,1108.09,1098.92,1105.81,1096.96,1,8.083333333333334,0.25762711864406734,-0.7785310734463213,0.29152542372880835,-0.7446327683615803,0.0,0.0,0.0
404,2015,11.600000000000136,0.789652825051065,1092.33,1093.48,1093.52,1103.14,1091.54,-1,7.0,-0.16724137931034758,-0.17068965517241336,-0.09913793103448944,-0.10258620689655522,0.0,0.0,0.0
405,2015,6.319999999999936,0.42270208293521466,1098.37,1093.24,1089.89,1099.79,1093.47,1,8.666666666666666,-1.0363924050632944,-1.5664556962025258,-0.9319620253164809,-1.4620253164557124,1.0,1.0,0.0
406,2015,13.899999999999864,0.8726457399103054,1085.08,1082.12,1096.73,1091.1,1077.2,0,,,,,,,,
407,2015,6.150000000000091,0.3652328836854219,1098.57,1095.39,1095.01,1100.46,1094.31,1,7.266666666666667,-0.8243902439024164,-0.8861788617886122,-0.7349593495934821,-0.7967479674796778,1.0,1.0,0.0
408,2015,4.910000000000082,0.29849320422077014,1096.34,1095.42,1095.24,1097.26,1092.35,1,7.283333333333333,-0.37474541751525203,-0.4114052953156717,-0.370672097759655,-0.40733197556007467,1.0,1.0,0.0
409,2015,4.680000000000064,0.2975206611570285,1098.92,1094.25,1097.1,1099.28,1094.6,-1,13.35,0.07478632478630433,-0.534188034188027,0.2948717948718142,-0.3141025641025171,0.0,1.0,0.0
410,2015,6.329999999999927,0.40278156531223935,1092.66,1093.94,1088.67,1098.62,1092.29,-1,7.0,-0.2606635071090221,0.5718799368088361,-0.20221169036334716,0.6303317535545111,0.0,0.0,1.0
411,2015,5.690000000000055,0.3485756793418841,1084.37,1094.22,1094.27,1089.39,1083.7,-1,7.016666666666667,-1.8488576449911918,-1.8576449912126247,-1.7978910369068402,-1.8066783831282731,1.0,1.0,0.0
412,2015,5.460000000000036,0.32003349382457835,1095.91,1092.14,1086.45,1097.43,1091.97,1,7.95,-0.9688644688644558,-2.0109890109890007,-0.8003663003662751,-1.8424908424908202,1.0,1.0,0.0
413,2015,6.129999999999882,0.3502142419914236,1086.37,1092.0,1087.45,1087.09,1080.96,1,7.066666666666666,0.8009787928222147,0.05872756933118014,0.8515497553018153,0.1092985318107807,0.0,0.0,1.0
414,2015,3.8099999999999454,0.21764321854088134,1088.3,1084.4,1085.14,1088.34,1084.53,-1,9.233333333333333,0.03412073490810594,-0.16010498687667613,0.16010498687661645,-0.03412073490816562,1.0,1.0,0.0
415,2015,3.7799999999999727,0.21367141761214362,1086.76,1089.53,1090.59,1087.22,1083.44,1,14.066666666666666,0.6111111111111011,0.8915343915343691,0.8968253968253697,1.1772486772486377,0.0,0.0,1.0
416,2015,3.3599999999999,0.19311137567223047,1088.31,1097.24,1094.02,1091.29,1087.93,-1,7.0,-2.7708333333333997,-1.8125000000000295,-2.6577380952381935,-1.6994047619048234,1.0,1.0,0.0
417,2015,7.819999999999936,0.5204164091838145,1096.78,1103.01,1103.42,1097.46,1089.64,1,7.766666666666667,0.7097186700767263,0.7621483375959188,0.7340153452685494,0.7864450127877418,0.0,0.0,1.0
418,2015,13.38000000000011,0.8642214532872042,1101.05,1107.24,1109.0,1107.16,1093.78,1,8.65,0.005979073243641748,0.13751868460387917,0.009715994020934834,0.14125560538117224,0.0,0.0,0.0
419,2015,12.240000000000009,0.7575596816976139,1112.3,1122.08,1124.33,1114.0,1101.76,1,7.35,0.6601307189542419,0.8439542483660065,0.6952614379084955,0.8790849673202601,0.0,0.0,0.0
420,2015,6.110000000000127,0.3694394057182426,1122.3,1115.67,1114.15,1126.68,1120.57,-1,8.0,0.8019639934533161,1.050736497544961,0.9901800327331961,1.238952536824841,0.0,0.0,1.0
421,2015,3.5499999999999545,0.2255400254129578,1114.66,1115.05,1113.76,1115.93,1112.38,1,7.483333333333333,-0.2478873239436959,-0.6112676056338311,-0.16056338028167427,-0.5239436619718095,0.0,1.0,1.0
422,2015,4.379999999999882,0.2879278771657905,1118.26,1117.26,1117.11,1118.26,1113.88,1,7.0,-0.2283105022831112,-0.26255707762559866,-0.2283105022831112,-0.26255707762559866,0.0,0.0,1.0
423,2015,3.0,0.1958498484495224,1118.91,1116.9,1116.42,1119.66,1116.66,1,7.483333333333333,-0.9199999999999969,-1.080000000000003,-0.8999999999999394,-1.0599999999999454,1.0,1.0,0.0
424,2015,2.1399999999998727,0.13969971090179167,1117.77,1127.52,1129.91,1118.35,1116.21,1,7.233333333333333,4.285046728972252,5.401869158878907,4.4018691588788,5.5186915887854555,0.0,0.0,1.0
425,2015,9.450000000000045,0.6105214582371977,1140.59,1149.16,1152.97,1142.05,1132.6,1,13.416666666666666,0.7523809523809623,1.1555555555555577,0.7746031746031882,1.1777777777777836,0.0,0.0,1.0
426,2015,14.88000000000011,0.9655172413793185,1164.75,1153.59,1158.39,1168.18,1153.3,-1,8.233333333333333,-0.01948924731182537,-0.3420698924731255,0.048387096774195025,-0.27419354838710513,0.0,0.0,0.0
427,2015,9.120000000000118,0.5751869537796278,1156.82,1158.43,1154.26,1164.43,1155.31,-1,7.05,-0.34210526315790324,0.11513157894736194,-0.27631578947367863,0.1809210526315866,1.0,1.0,0.0
428,2015,5.240000000000009,0.31533700137551685,1153.56,1135.87,1139.31,1156.53,1151.29,-1,7.4,2.9427480916030624,2.2862595419847325,3.118320610687045,2.461832061068715,0.0,0.0,1.0
429,2015,13.340000000000146,0.7622546018529945,1136.61,1122.54,1126.82,1146.45,1133.11,-1,10.7,0.7923538230884424,0.47151424287855287,0.8493253373313197,0.5284857571214301,0.0,0.0,1.0
430,2015,6.039999999999964,0.32113018380677344,1127.06,1123.2,1123.98,1129.11,1123.07,1,11.1,-0.9784768211920348,-0.8493377483443564,-0.9569536423841072,-0.8278145695364288,1.0,1.0,0.0
431,2015,7.959999999999809,0.43250795622136723,1130.65,1136.42,1134.68,1132.35,1124.39,1,8.55,0.5113065326633495,0.2927135678392224,0.5879396984924844,0.3693467336683574,1.0,1.0,0.0
432,2015,5.990000000000009,0.3282705707351452,1133.91,1131.57,1134.26,1135.18,1129.19,-1,13.083333333333334,-0.39732888146909484,-0.8464106844741116,-0.3539232053422183,-0.8030050083472351,0.0,1.0,0.0
433,2015,8.210000000000036,0.47722648951629876,1141.39,1138.44,1140.31,1142.56,1134.35,1,7.083333333333333,-0.5018270401948688,-0.2740560292326419,-0.4506699147381278,-0.2228989037759009,0.0,0.0,0.0
434,2015,4.569999999999936,0.27760662993013885,1139.32,1133.67,1133.85,1140.0,1135.43,1,7.016666666666667,-1.3851203501094125,-1.345733041575531,-1.334792122538292,-1.2954048140044103,1.0,1.0,0.0
435,2015,2.4600000000000364,0.15122508123298722,1132.67,1124.43,1124.68,1133.81,1131.35,1,8.066666666666666,-3.8130081300811964,-3.7113821138210352,-3.491869918699102,-3.390243902438941,1.0,1.0,0.0
436,2015,3.060000000000173,0.18543046357616946,1124.68,1119.71,1121.26,1126.63,1123.57,-1,11.7,1.261437908496628,0.7549019607842533,1.3039215686273804,0.7973856209150055,1.0,1.0,0.0
438,2015,2.959999999999809,0.17624292944327521,1120.56,1121.99,1121.58,1122.11,1119.15,-1,7.133333333333334,-0.9594594594594937,-0.8209459459459436,-0.8986486486487343,-0.7601351351351842,1.0,1.0,0.0
439,2015,3.1299999999998818,0.19494616958803412,1123.14,1110.36,1108.37,1125.35,1122.22,-1,7.083333333333333,3.7891373801918773,4.424920127795738,3.913738019169477,4.5495207667733375,0.0,0.0,1.0
440,2015,4.579999999999927,0.28319053087182655,1107.24,1109.18,1111.61,1108.33,1103.75,1,9.433333333333334,0.18558951965068776,0.7161572052401801,0.2772925764192144,0.8078602620087068,0.0,0.0,1.0
441,2015,1.9299999999998363,0.12371794871793818,1111.21,1099.46,1105.24,1112.81,1110.88,-1,7.033333333333333,5.917098445596395,2.922279792746414,5.927461139896904,2.932642487046923,0.0,0.0,1.0
442,2015,4.9500000000000455,0.3329649738144458,1107.39,1107.4,1109.25,1109.68,1104.73,-1,12.6,-0.5393939393939491,-0.913131313131301,-0.47474747474749796,-0.8484848484848498,0.0,1.0,0.0
443,2015,2.8199999999999363,0.20446423947381573,1108.34,1104.35,1103.71,1109.35,1106.53,-1,9.566666666666666,0.7730496453901109,1.0,0.8297872340426236,1.0567375886525125,0.0,0.0,1.0
444,2015,1.6299999999998818,0.13334891602874033,1105.35,1119.56,1119.09,1105.56,1103.93,1,7.033333333333333,8.588957055215348,8.300613496933101,8.705521472393302,8.417177914111056,0.0,0.0,1.0
445,2015,3.6700000000000728,0.285032730500394,1120.06,1118.06,1132.15,1122.89,1119.22,-1,9.75,0.3160762942779452,-3.5231607629427266,0.34604904632151406,-3.493188010899158,0.0,1.0,1.0
446,2015,4.680000000000064,0.35850295469468646,1129.28,1137.26,1137.79,1132.19,1127.51,1,9.683333333333334,1.083333333333305,1.1965811965811608,1.1452991452991084,1.2585470085469643,0.0,0.0,1.0
447,2015,3.509999999999991,0.2642930134997034,1139.17,1131.21,1132.34,1139.46,1135.95,1,7.133333333333334,-2.3504273504273567,-2.0284900284900673,-2.3048433048432875,-1.9829059829059985,1.0,1.0,0.0
448,2015,2.490000000000009,0.1907210854579283,1133.73,1124.91,1125.87,1134.68,1132.19,1,8.383333333333333,-3.923694779116444,-3.5381526104418235,-3.8674698795180107,-3.48192771084339,1.0,1.0,0.0
449,2015,4.350000000000136,0.32490396927017695,1126.08,1130.03,1131.0,1126.18,1121.83,1,7.066666666666666,0.8850574712643191,1.1080459770114448,0.9057471264367657,1.1287356321838915,0.0,0.0,1.0
450,2015,5.809999999999945,0.43450854700854336,1134.7,1154.54,1151.18,1136.11,1130.3,1,7.733333333333333,3.17211703958696,2.5938037865749233,3.235800344234102,2.657487091222065,0.0,0.0,1.0
451,2015,5.019999999999982,0.35554206505792424,1147.71,1144.66,1146.63,1151.16,1146.14,-1,7.55,0.2948207171314788,-0.09760956175299021,0.3884462151394074,-0.003984063745061605,0.0,0.0,1.0
452,2015,4.540000000000191,0.318724300471381,1146.19,1134.28,1133.15,1148.15,1143.61,-1,7.65,2.055066079295052,2.303964757709112,2.1740088105726216,2.422907488986682,0.0,0.0,1.0
453,2015,8.13000000000011,0.5378254500779743,1126.14,1131.38,1128.76,1133.74,1125.61,-1,7.0,-0.709717097170988,-0.38745387453875135,-0.6445264452644451,-0.3222632226322086,1.0,1.0,0.0
454,2015,5.139999999999873,0.3637282652648521,1126.56,1113.56,1116.04,1128.04,1122.9,-1,8.166666666666666,1.8171206225681666,1.3346303501946104,1.850194552529227,1.3677042801556707,0.0,0.0,1.0
455,2015,2.3299999999999272,0.16068965517240896,1114.16,1115.6,1113.85,1116.22,1113.89,-1,7.0,-0.7339055793990826,0.017167381974331434,-0.6180257510729065,0.1330472103005075,1.0,1.0,1.0
456,2015,2.6900000000000546,0.19116751269035942,1111.78,1136.18,1137.77,1113.91,1111.22,-1,7.016666666666667,-9.278810408921759,-9.869888475836214,-9.100371747211717,-9.691449814126173,1.0,1.0,1.0
457,2015,3.9300000000000637,0.24269960299956303,1134.64,1136.42,1135.52,1138.52,1134.59,-1,7.0,-0.46564885496186387,-0.23664122137405816,-0.4529262086513852,-0.2239185750635795,1.0,1.0,1.0
458,2015,2.599999999999909,0.1571200414382473,1136.7,1149.85,1147.43,1137.54,1134.94,1,7.2,4.734615384615529,3.8038461538463255,4.926923076923228,3.9961538461540242,0.0,0.0,1.0
459,2015,5.599999999999909,0.34420687535671396,1150.49,1147.19,1146.24,1151.79,1146.19,1,7.183333333333334,-0.8214285714285685,-0.9910714285714366,-0.7482142857143076,-0.9178571428571757,1.0,1.0,0.0
460,2015,4.6400000000001,0.2951653944020421,1142.8,1144.74,1142.18,1146.2,1141.56,-1,7.316666666666666,-0.6853448275862059,-0.13362068965519502,-0.6077586206896284,-0.05603448275861752,1.0,1.0,1.0
461,2015,8.930000000000064,0.5666243654822378,1148.19,1158.04,1156.8,1148.26,1139.33,1,7.0,1.0951847704367192,0.95632698768196,1.103023516237384,0.9641657334826247,0.0,0.0,1.0
462,2015,10.009999999999991,0.6075082365181196,1164.16,1161.11,1162.16,1164.83,1154.82,1,7.0,-0.3716283716283747,-0.26673326673325154,-0.30469530469532313,-0.19980019980019997,0.0,0.0,0.0
463,2015,10.860000000000127,0.6618203978583624,1155.36,1166.65,1165.54,1163.88,1153.02,-1,12.016666666666667,-1.2550644567219107,-1.152854511970519,-1.2025782688766131,-1.1003683241252216,1.0,1.0,0.0
464,2015,8.240000000000009,0.49162582569784774,1173.82,1176.16,1187.73,1174.72,1166.48,1,8.416666666666666,0.17475728155340448,1.5788834951456283,0.23665048543689846,1.6407766990291222,1.0,1.0,0.0
465,2015,5.559999999999945,0.33175638238929006,1185.72,1184.91,1186.31,1187.08,1181.52,1,13.283333333333333,-0.3902877697841487,-0.1384892086330916,-0.311151079136697,-0.059352517985639903,1.0,1.0,0.0
466,2015,7.0499999999999545,0.4088141490287008,1177.25,1183.12,1182.06,1183.04,1175.99,-1,8.15,-1.0113475177304863,-0.8609929078014149,-0.8595744680851042,-0.709219858156033,1.0,1.0,0.0
467,2015,6.819999999999936,0.41276154245201,1173.36,1170.83,1172.0,1177.97,1171.15,-1,8.233333333333333,0.04692082111439395,-0.12463343108503182,0.12316715542524242,-0.04838709677418333,1.0,1.0,0.0
468,2015,3.880000000000109,0.23567182958046518,1169.85,1177.76,1176.12,1171.22,1167.34,1,7.233333333333333,1.6855670103092215,1.2628865979380737,1.737113402061809,1.3144329896906612,0.0,0.0,1.0
469,2015,3.5900000000001455,0.2210007914871248,1176.17,1165.92,1167.32,1179.16,1175.57,-1,7.4,2.6880222841224155,2.2980501392756727,2.718662952646127,2.3286908077993838,0.0,0.0,1.0
470,2015,3.0399999999999636,0.1811526347152437,1165.36,1167.95,1164.67,1167.53,1164.49,1,7.716666666666667,0.13815789473686768,-0.9407894736841889,0.2631578947368303,-0.8157894736842263,1.0,1.0,0.0
471,2015,5.619999999999891,0.3791441788743168,1169.94,1163.54,1165.75,1170.01,1164.39,1,7.0,-1.1512455516014506,-0.7580071174377355,-1.138790035587227,-0.7455516014235117,1.0,1.0,1.0
472,2015,4.119999999999891,0.26646955557608,1164.49,1166.27,1163.61,1166.28,1162.16,1,10.233333333333333,-0.0024271844660172744,-0.6480582524272193,0.08252427184464252,-0.5631067961165596,0.0,0.0,0.0
473,2015,3.660000000000082,0.24689216536571737,1164.5,1166.95,1166.23,1165.97,1162.31,1,7.933333333333334,0.267759562841529,0.07103825136611615,0.30327868852461815,0.10655737704920527,1.0,1.0,0.0
474,2015,7.079999999999927,0.48631145128053466,1170.68,1179.38,1156.7,1172.31,1165.23,1,8.95,0.9985875706215023,-2.204802259887014,1.0734463276836461,-2.1299435028248705,0.0,1.0,1.0
475,2015,4.669999999999845,0.29756053158564366,1160.83,1149.85,1146.14,1162.61,1157.94,-1,7.733333333333333,1.7323340471092963,2.526766595289153,1.8758029978587325,2.6702355460385894,0.0,0.0,1.0
476,2015,4.669999999999845,0.3009159110783712,1147.34,1139.83,1141.45,1149.36,1144.69,1,7.566666666666666,-2.040685224839462,-1.6937901498929586,-1.8394004282656167,-1.492505353319113,1.0,1.0,0.0
477,2015,5.879999999999882,0.3848167539266933,1141.38,1134.51,1135.2,1142.87,1136.99,-1,10.433333333333334,0.42176870748300477,0.30442176870748294,0.42517006802721946,0.3078231292516976,0.0,0.0,0.0
478,2015,5.1400000000001,0.34771683981638746,1137.32,1122.93,1117.96,1138.2,1133.06,-1,9.533333333333333,1.9708171206225067,2.9377431906614038,2.1108949416341827,3.0778210116730795,0.0,0.0,1.0
479,2015,3.490000000000009,0.23891252261503143,1120.76,1112.52,1108.28,1122.79,1119.3,-1,7.5,1.9426934097421074,3.1575931232091556,1.9570200573065644,3.1719197707736124,0.0,0.0,1.0
480,2015,3.3299999999999272,0.22884351070095682,1109.44,1107.04,1105.17,1111.48,1108.15,-1,7.5,0.33333333333337883,0.8948948948949199,0.4204204204204569,0.9819819819819979,0.0,0.0,1.0
481,2015,5.070000000000164,0.35114277233601593,1109.44,1087.76,1087.91,1110.38,1105.31,-1,13.4,3.461538461538341,3.4319526627217556,3.5404339250492045,3.510848126232619,0.0,0.0,1.0
482,2015,5.380000000000109,0.34615561376902193,1093.38,1089.87,1090.5,1094.45,1089.07,1,8.783333333333333,-0.8513011152416472,-0.7342007434944173,-0.8122676579925705,-0.6951672862453407,1.0,1.0,0.0
483,2015,2.8400000000001455,0.18792834522853905,1092.77,1088.25,1088.26,1093.68,1090.84,-1,8.5,0.9119718309858399,0.90845070422528,1.00704225352104,1.00352112676048,1.0,1.0,0.0
484,2015,5.539999999999964,0.37754953025361176,1091.98,1087.97,1084.12,1094.12,1088.58,-1,9.45,0.11010830324908014,0.8050541516245606,0.21119133574008672,0.9061371841155672,0.0,0.0,0.0
485,2015,3.0699999999999363,0.20835757223191348,1087.85,1078.96,1083.29,1089.35,1086.28,-1,12.166666666666666,2.384364820846934,0.9739413680781991,2.449511400651511,1.0390879478827755,1.0,1.0,1.0
486,2015,4.740000000000009,0.3302642711392032,1083.39,1082.67,1082.85,1084.91,1080.17,1,7.366666666666666,-0.47257383966244826,-0.43459915611817906,-0.3396624472573622,-0.301687763713093,1.0,1.0,0.0
487,2015,9.259999999999991,0.6403240146201712,1097.68,1084.98,1082.14,1098.09,1088.83,-1,13.4,0.4157667386608977,0.7224622030237402,0.44600431965441534,0.7526997840172578,0.0,0.0,0.0
488,2015,8.139999999999873,0.5397366676138974,1078.88,1075.3,1071.9,1085.3,1077.16,-1,15.2,0.2285012285012477,0.6461916461916551,0.2751842751842806,0.6928746928746881,0.0,0.0,1.0
489,2015,7.240000000000009,0.5057884231536937,1071.39,1068.48,1070.2,1071.91,1064.67,1,9.9,-0.47375690607735627,-0.23618784530387213,-0.4475138121546968,-0.20994475138121269,0.0,0.0,0.0
490,2015,7.610000000000127,0.5510784668701278,1077.75,1082.94,1081.69,1079.13,1071.52,-1,13.25,-1.5006570302233748,-1.3363994743758085,-1.47043363994742,-1.306176084099854,1.0,1.0,0.0
491,2015,6.329999999999927,0.44206115628273096,1085.15,1079.04,1076.89,1086.5,1080.17,-1,8.283333333333333,0.17851500789891345,0.5181674565560838,0.30331753554503865,0.6429699842022091,1.0,1.0,0.0
492,2015,9.160000000000082,0.6334090684579726,1071.17,1069.11,1067.61,1076.68,1067.52,-1,13.466666666666667,-0.1735807860261904,-0.009825327510908007,-0.021834061135351124,0.14192139737993126,0.0,0.0,0.0
493,2015,3.380000000000109,0.2494201981868099,1071.87,1074.72,1075.16,1072.43,1069.05,1,7.2,0.6775147928993757,0.807692307692287,0.695266272189367,0.8254437869822784,0.0,0.0,1.0
494,2015,6.369999999999891,0.48135154099421706,1078.83,1071.68,1070.68,1080.78,1074.41,-1,9.416666666666666,0.42857142857143876,0.5855572998430271,0.4583987441130134,0.6153846153846017,0.0,0.0,1.0
497,2015,5.2199999999998,0.3978008818246005,1054.98,1062.51,1065.22,1058.35,1053.13,1,13.15,0.7969348659004294,1.3160919540230616,0.8180076628352769,1.3371647509579092,0.0,0.0,1.0
498,2015,11.409999999999854,0.8369485486744128,1072.46,1065.91,1068.39,1074.62,1063.21,0,,,,,,,,
499,2015,3.5699999999999363,0.2600145666423852,1067.68,1055.99,1054.08,1070.54,1066.97,-1,10.1,3.0756302521009005,3.6106442577031737,3.1232492997199692,3.6582633053222424,0.0,0.0,1.0
500,2015,8.659999999999854,0.6161195243418965,1053.26,1055.85,1065.2,1055.04,1046.38,1,12.666666666666666,0.09353348729791675,1.1732101616628468,0.28521939953808795,1.3648960739030178,0.0,0.0,1.0
501,2015,5.019999999999982,0.33966458846841596,1062.17,1083.53,1085.16,1064.93,1059.91,-1,7.816666666666666,-4.705179282868521,-5.029880478087668,-4.669322709163374,-4.994023904382521,1.0,1.0,0.0
502,2015,3.730000000000018,0.23652504755865733,1085.09,1076.36,1072.65,1086.59,1082.86,-1,8.25,1.7426273458444954,2.7372654155495333,1.8284182305630376,2.8230563002680755,0.0,0.0,1.0
503,2015,6.420000000000073,0.40638422932586327,1073.8,1075.25,1073.18,1074.16,1067.74,1,7.0,0.1697819314641598,-0.15264797507788272,0.22585669781931916,-0.09657320872272333,1.0,1.0,0.0
504,2015,4.589999999999918,0.28961600865332143,1077.49,1070.97,1074.26,1078.55,1073.96,-1,9.766666666666667,0.6514161220043709,-0.06535947712417427,0.694989106753837,-0.02178649237470824,1.0,1.0,0.0
505,2015,4.150000000000091,0.26433121019108896,1073.09,1072.48,1072.28,1076.41,1072.26,-1,10.25,-0.053012048192776495,-0.004819277108429246,0.009638554216858492,0.057831325301205744,0.0,0.0,0.0
506,2015,7.2000000000000455,0.469645436332296,1071.49,1074.6,1077.92,1072.96,1065.76,-1,10.716666666666667,-1.2277777777777588,-1.6888888888888896,-1.1458333333333262,-1.606944444444457,1.0,1.0,0.0
507,2015,6.400000000000091,0.4057603477945897,1073.73,1069.17,1065.44,1077.44,1071.04,-1,7.783333333333333,0.2921874999999788,0.8749999999999734,0.3296874999999797,0.9124999999999742,0.0,0.0,1.0
508,2015,4.9500000000000455,0.3043210960829116,1063.91,1059.8,1061.56,1066.15,1061.2,-1,9.75,0.2828282828282986,-0.07272727272725185,0.3414141414141493,-0.01414141414140115,1.0,1.0,0.0
509,2015,5.129999999999882,0.31989666384570137,1064.44,1075.14,1074.22,1066.36,1061.23,1,8.85,1.7115009746589478,1.5321637426901187,1.7582846003899448,1.5789473684211157,0.0,0.0,1.0
510,2015,8.180000000000064,0.4844536570920981,1067.71,1053.35,1050.83,1072.9,1064.72,-1,10.55,1.389975550122253,1.69804400977995,1.5403422982885133,1.8484107579462103,0.0,0.0,1.0
511,2015,6.839999999999918,0.39805462027683786,1057.1,1064.5,1066.19,1058.03,1051.19,1,12.233333333333333,0.9459064327485533,1.192982456140377,0.9722222222222472,1.2192982456140709,0.0,0.0,1.0
512,2015,7.040000000000191,0.40347142623220356,1069.98,1078.42,1080.05,1070.9,1063.86,1,7.583333333333333,1.0681818181817866,1.2997159090908545,1.1065340909090557,1.3380681818181235,0.0,0.0,1.0
513,2015,3.990000000000009,0.2228516715870105,1079.17,1076.17,1073.24,1079.86,1075.87,1,7.166666666666667,-0.9248120300751426,-1.6591478696741544,-0.8596491228069746,-1.5939849624059863,1.0,1.0,0.0
514,2015,2.7899999999999636,0.16304892302554444,1074.48,1069.37,1068.95,1075.46,1072.67,-1,8.466666666666667,1.1827956989248118,1.3333333333333606,1.4982078853047018,1.6487455197132506,0.0,0.0,1.0
516,2015,4.7800000000002,0.3297851369998162,1073.56,1069.62,1067.82,1076.4,1071.62,-1,10.05,0.4184100418409867,0.7949790794978652,0.5418410041841082,0.9184100418409866,0.0,0.0,1.0
517,2015,6.240000000000009,0.45339422877309526,1073.74,1068.49,1069.35,1074.17,1067.93,1,10.2,-0.9102564102564191,-0.7724358974359226,-0.8301282051282142,-0.6923076923077175,1.0,1.0,0.0
518,2015,2.8299999999999272,0.20974060349390639,1070.43,1061.76,1060.84,1071.1,1068.27,-1,8.316666666666666,2.3003533568905152,2.6254416961131644,2.4028268551237204,2.7279151943463695,1.0,1.0,0.0
519,2015,2.5599999999999454,0.19295789813717643,1062.57,1061.36,1059.58,1063.19,1060.63,1,7.5,-0.7148437500000756,-1.4101562500000797,-0.6171875000000736,-1.3125000000000777,1.0,1.0,0.0
520,2016,7.759999999999991,0.5904347826086934,1069.77,1077.78,1075.14,1070.04,1062.28,1,7.816666666666666,0.9974226804123735,0.6572164948453791,1.0270618556701079,0.6868556701031135,0.0,0.0,1.0
521,2016,6.4500000000000455,0.47798009739572567,1078.89,1076.95,1078.61,1079.06,1072.61,1,7.1,-0.3271317829457186,-0.06976744186047168,-0.308527131782945,-0.05116279069769803,0.0,0.0,0.0
522,2016,5.980000000000018,0.4668488261863608,1080.43,1087.53,1093.7,1081.03,1075.05,1,7.083333333333333,1.086956521739127,2.118729096989972,1.1555183946488397,2.187290969899685,0.0,0.0,1.0
523,2016,11.440000000000055,0.8442359390648894,1099.5,1102.72,1109.71,1102.77,1091.33,1,13.1,-0.004370629370625375,0.6066433566433586,0.12150349650350467,0.7325174825174886,0.0,0.0,0.0
524,2016,11.629999999999882,0.8510793999268079,1102.28,1102.93,1102.61,1112.87,1101.24,-1,7.116666666666666,-0.1453138435081747,-0.11779879621667282,-0.09458297506450108,-0.06706792777299919,0.0,0.0,0.0
525,2016,5.930000000000064,0.44353029169783453,1106.84,1099.33,1096.28,1108.48,1102.55,-1,8.816666666666666,0.5430016863406396,1.0573355817875068,0.6037099494098004,1.1180438448566674,0.0,0.0,1.0
526,2016,4.980000000000018,0.38366718027735014,1094.29,1088.21,1089.74,1098.01,1093.03,1,8.2,-1.9678714859437587,-1.6606425702811147,-1.929718875501981,-1.622489959839337,1.0,1.0,0.0
527,2016,4.769999999999982,0.3718469847987064,1085.22,1089.24,1093.59,1087.71,1082.94,-1,7.283333333333333,-1.3207547169811276,-2.232704402515703,-1.2767295597484154,-2.188679245282991,1.0,1.0,0.0
528,2016,4.439999999999827,0.3334942861741378,1090.65,1082.37,1076.26,1095.12,1090.68,-1,7.0,1.8716216216217334,3.2477477477478907,1.8648648648649826,3.24099099099114,0.0,0.0,1.0
529,2016,7.190000000000055,0.4962776709559769,1083.06,1090.29,1088.48,1083.42,1076.23,1,7.083333333333333,0.9554937413073489,0.7037552155771776,0.9805285118219612,0.7287899860917899,0.0,0.0,1.0
531,2016,5.320000000000164,0.34831408127953195,1088.76,1086.23,1087.48,1090.64,1085.32,1,8.1,-0.8289473684210426,-0.5939849624060122,-0.7593984962405713,-0.5244360902255409,1.0,1.0,0.0
532,2016,5.860000000000127,0.3762784937852671,1091.93,1101.96,1103.39,1093.63,1087.77,1,7.183333333333334,1.4215017064845983,1.66552901023887,1.5034129692832345,1.7474402730375063,0.0,0.0,1.0
533,2016,6.240000000000009,0.3845916795069345,1102.74,1094.6,1100.55,1103.45,1097.21,1,7.116666666666666,-1.4182692307692506,-0.46474358974360364,-1.3974358974358998,-0.44391025641025283,1.0,1.0,0.0
534,2016,3.6100000000001273,0.21608448415922787,1098.5,1099.83,1096.73,1101.44,1097.83,-1,7.15,-0.5540166204985955,0.3047091412742023,-0.49584487534623284,0.3628808864265649,1.0,1.0,1.0
535,2016,4.479999999999791,0.2845347729437783,1101.11,1106.2,1105.22,1102.11,1097.63,1,7.283333333333333,0.9129464285715037,0.6941964285714894,1.0558035714286247,0.8370535714286105,0.0,0.0,1.0
536,2016,7.740000000000009,0.48661756781031174,1114.8,1118.6,1121.99,1115.17,1107.43,1,7.1,0.4431524547803401,0.8811369509043835,0.4689922480619997,0.9069767441860431,0.0,0.0,0.0
537,2016,4.190000000000055,0.26905788459774743,1119.23,1116.43,1127.49,1122.19,1118.0,-1,7.216666666666667,0.3747016706443713,-2.2649164677804023,0.4701670644391412,-2.1694510739856323,0.0,1.0,0.0
538,2016,7.569999999999936,0.49889375323635693,1117.4,1115.5,1115.48,1124.8,1117.23,-1,7.85,0.22853368560106113,0.23117569352708253,0.27344782034345494,0.2760898282694763,0.0,0.0,0.0
539,2016,9.670000000000073,0.661972519681195,1115.17,1117.72,1116.29,1118.13,1108.46,1,15.633333333333333,-0.042399172699077434,-0.19027921406412943,0.028955532574971108,-0.1189245087900809,0.0,0.0,0.0
540,2016,5.509999999999991,0.3863568065711706,1121.58,1125.83,1128.39,1122.4,1116.89,1,7.133333333333334,0.6225045372050529,1.0871143375680614,0.6842105263157873,1.1488203266787957,0.0,0.0,1.0
541,2016,5.620000000000118,0.3998170638752054,1125.41,1127.72,1127.64,1130.39,1124.77,-1,7.5,-0.5249110320284668,-0.5106761565836402,-0.5231316725978634,-0.5088967971530368,1.0,1.0,0.0
542,2016,3.3099999999999454,0.24419033566949067,1127.94,1137.57,1138.32,1129.22,1125.91,-1,7.7,-3.5226586102719173,-3.7492447129909543,-3.4652567975831468,-3.6918429003021838,1.0,1.0,0.0
543,2016,3.9700000000000273,0.2970286447199673,1143.25,1151.66,1155.91,1143.54,1139.57,1,7.0,2.0453400503778494,3.1158690176322503,2.1183879093199054,3.188916876574306,0.0,0.0,1.0
544,2016,3.8700000000001182,0.2946647087616335,1154.2,1153.54,1162.34,1156.88,1153.01,1,9.233333333333333,-0.8630490956072464,1.410852713178202,-0.7235142118862711,1.5503875968991774,1.0,1.0,1.0
545,2016,4.279999999999973,0.2889660493827137,1166.0,1193.08,1195.09,1168.58,1164.3,-1,7.1,-6.724299065420597,-7.193925233644897,-6.672897196261712,-7.142523364486012,1.0,1.0,0.0
546,2016,4.910000000000082,0.29628033274428295,1192.87,1195.0,1190.44,1195.48,1190.57,-1,7.65,-0.9022403258655783,0.026476578411380774,-0.737270875763713,0.1914460285132462,1.0,1.0,1.0
547,2016,5.4699999999998,0.34273182957392223,1190.73,1192.16,1193.6,1194.37,1188.9,-1,7.283333333333333,-0.5959780621572414,-0.8592321755027404,-0.5338208409506727,-0.7970749542961717,0.0,1.0,1.0
548,2016,16.11999999999989,0.9877450980392098,1207.58,1246.6,1244.45,1214.3,1198.18,1,8.533333333333333,2.0037220843672565,1.8703473945409612,2.1147642679900835,1.9813895781637885,0.0,0.0,1.0
549,2016,13.75,0.6758891892840848,1244.36,1237.85,1238.05,1246.15,1232.4,0,,,,,,,,
551,2016,18.059999999999945,0.8234221324822487,1200.65,1215.77,1203.71,1208.83,1190.77,1,9.883333333333333,0.38427464008859774,-0.2834994462901388,0.3992248062015536,-0.26854928017718294,0.0,0.0,0.0
552,2016,13.939999999999827,0.6095511759377759,1206.72,1209.95,1208.31,1209.62,1195.68,1,7.35,0.02367288378767279,-0.09397417503586526,0.07675753228120155,-0.0408895265423365,0.0,0.0,0.0
553,2016,3.599999999999909,0.15509123919130613,1207.49,1214.91,1233.88,1210.26,1206.66,-1,7.083333333333333,-2.2916666666667247,-7.56111111111131,-2.241666666666769,-7.5111111111113535,1.0,1.0,1.0
554,2016,7.350000000000136,0.29053844199113993,1225.65,1230.86,1231.94,1232.19,1224.84,-1,7.216666666666667,-0.8190476190476014,-0.9659863945578238,-0.786394557823111,-0.9333333333333333,1.0,1.0,0.0
555,2016,11.539999999999964,0.45397324940991246,1217.07,1211.78,1207.62,1226.09,1214.55,-1,7.616666666666666,0.24003466204505983,0.6005199306759172,0.2616984402079715,0.622183708838829,0.0,0.0,1.0
556,2016,15.799999999999955,0.5956323881842898,1216.11,1224.92,1222.93,1222.96,1207.16,1,13.416666666666666,0.12405063291139506,-0.0018987341772134685,0.191772151898733,0.06582278481012446,0.0,0.0,0.0
557,2016,7.459999999999809,0.27806176783811914,1225.23,1247.64,1229.53,1231.86,1224.4,-1,7.2,-3.1152815013405637,-0.6876675603217176,-3.0563002680966176,-0.6286863270777714,1.0,1.0,0.0
558,2016,14.75,0.529500756429653,1236.43,1238.28,1238.35,1238.69,1223.94,1,7.65,-0.027796610169497075,-0.023050847457636983,-0.021016949152538673,-0.016271186440678584,0.0,0.0,0.0
559,2016,7.420000000000073,0.27370695333702527,1238.7,1216.97,1225.5,1240.28,1232.86,-1,8.283333333333333,2.141509433962226,0.9919137466307045,2.2048517520215283,1.0552560646900069,0.0,0.0,1.0
560,2016,8.490000000000009,0.31967940614830254,1226.5,1231.62,1238.76,1228.43,1219.94,1,7.15,0.37573616018843625,1.2167255594817334,0.383981154299174,1.224970553592471,0.0,0.0,1.0
561,2016,11.839999999999918,0.4357632955650756,1245.56,1234.29,1234.38,1248.48,1236.64,-1,14.616666666666667,0.19847972972974262,0.19087837837837893,0.2761824324324328,0.2685810810810691,0.0,0.0,0.0
562,2016,8.099999999999909,0.29485179407176,1227.39,1238.1,1239.74,1232.82,1224.72,1,13.066666666666666,0.6518518518518558,0.8543209876543396,0.8222222222222135,1.0246913580246972,0.0,0.0,1.0
563,2016,4.830000000000155,0.19958677685951082,1241.14,1253.84,1260.3,1242.19,1237.36,1,8.05,2.4120082815733936,3.749482401656174,2.4347826086955724,3.772256728778353,0.0,0.0,1.0
564,2016,7.0,0.2753505099603835,1261.85,1268.74,1259.69,1262.72,1255.72,1,8.283333333333333,0.8599999999999974,-0.43285714285713894,1.0185714285714442,-0.2742857142856922,1.0,1.0,1.0
565,2016,11.980000000000018,0.4797757308770536,1262.36,1266.43,1267.72,1268.6,1256.62,1,10.383333333333333,-0.18113522537561286,-0.07345575959932224,-0.15859766277127385,-0.05091819699498323,0.0,0.0,0.0
566,2016,7.680000000000064,0.3163934908630815,1269.54,1269.01,1263.38,1273.01,1265.33,1,7.816666666666666,-0.520833333333329,-1.2539062499999742,-0.4635416666666557,-1.1966145833333008,1.0,1.0,0.0
567,2016,13.5,0.5567338282078477,1256.06,1253.33,1253.69,1264.98,1251.48,-1,11.75,-0.1370370370370303,-0.1637037037037064,-0.07851851851851448,-0.10518518518519057,0.0,0.0,0.0
568,2016,9.460000000000036,0.4107685627442481,1245.97,1266.99,1267.9,1255.02,1245.56,-1,7.0,-2.2653276955602517,-2.361522198731507,-2.2219873150105602,-2.318181818181816,1.0,1.0,0.0
569,2016,15.649999999999864,0.6366779995931713,1269.25,1259.17,1258.88,1283.37,1267.72,-1,7.15,0.5463258785942511,0.5648562300319486,0.5840255591054283,0.6025559105431257,0.0,0.0,0.0
570,2016,4.970000000000027,0.19598895836854358,1253.1,1243.74,1233.05,1256.94,1251.97,1,9.35,-2.6559356136820873,-4.806841046277659,-2.579476861166975,-4.730382293762547,1.0,1.0,0.0
571,2016,10.8599999999999,0.4206623689234388,1229.45,1233.85,1233.45,1236.62,1225.76,1,12.6,-0.25506445672191597,-0.291896869244924,-0.11510128913443937,-0.1519337016574474,0.0,0.0,0.0
572,2016,4.970000000000027,0.2037481698389468,1234.41,1229.46,1260.73,1234.99,1230.02,1,7.05,-1.1126760563380165,5.179074446680054,-1.0724346076458546,5.219315895372215,1.0,1.0,0.0
573,2016,7.9500000000000455,0.3092869449230273,1258.58,1264.32,1256.8,1262.3,1254.35,1,7.433333333333334,0.2540880503144617,-0.6918238993710653,0.3157232704402486,-0.6301886792452782,0.0,0.0,1.0
574,2016,9.049999999999955,0.3646672806815544,1263.98,1253.71,1253.34,1266.87,1257.82,-1,8.633333333333333,0.454143646408831,0.4950276243093968,0.5624309392265131,0.6033149171270789,0.0,0.0,1.0
575,2016,14.870000000000118,0.6039629812295149,1242.99,1246.01,1244.19,1255.38,1240.51,0,,,,,,,,
576,2016,5.829999999999927,0.24130081300812675,1248.88,1252.17,1248.06,1248.85,1243.02,1,7.0,0.5694682675815104,-0.13550600343052718,0.5643224699828482,-0.14065180102918937,0.0,0.0,1.0
577,2016,17.74000000000001,0.7391006755349219,1234.65,1223.15,1219.8,1249.36,1231.62,-1,7.616666666666666,0.4774520856820629,0.6662908680946973,0.49379932356256967,0.6826381059752041,0.0,0.0,0.0
578,2016,8.430000000000064,0.3479363207547193,1215.11,1220.46,1217.09,1223.21,1214.78,-1,7.0,-0.6737841043890891,-0.2740213523131587,-0.6346381969157884,-0.23487544483985803,1.0,1.0,0.0
579,2016,7.509999999999991,0.3268973665391905,1215.47,1220.12,1219.93,1215.8,1208.29,1,7.116666666666666,0.5752330226364769,0.5499334221038767,0.6111850865512548,0.5858854860186546,0.0,0.0,0.0
580,2016,6.230000000000018,0.27260509454602355,1218.45,1226.06,1240.95,1222.92,1216.69,-1,8.133333333333333,-1.5040128410914708,-3.894060995184578,-1.4719101123595215,-3.8619582664526284,1.0,1.0,0.0
581,2016,8.029999999999973,0.34088359258922235,1237.17,1233.46,1228.29,1242.61,1234.58,1,8.683333333333334,-1.1394769613947564,-1.7833125778331238,-1.0124533001245217,-1.6562889165628891,1.0,1.0,0.0
582,2016,6.170000000000073,0.26304890675437315,1228.03,1234.76,1232.54,1229.99,1223.82,1,8.3,0.7730956239870219,0.41329011345217576,0.8055105348460241,0.44570502431117787,0.0,0.0,1.0
583,2016,5.080000000000155,0.23041534374393247,1232.46,1212.47,1220.06,1234.4,1229.32,1,7.5,-4.316929133858149,-2.822834645669234,-4.14370078740144,-2.649606299212525,1.0,1.0,0.0
584,2016,6.339999999999918,0.29581736377270096,1219.11,1218.19,1215.92,1222.48,1216.14,-1,7.5,-0.32334384858043863,0.034700315457418,-0.27760252365930815,0.0804416403785485,1.0,1.0,0.0
585,2016,12.319999999999936,0.6244298023314722,1226.43,1229.73,1228.46,1227.09,1214.77,1,7.033333333333333,0.21428571428572352,0.11120129870130888,0.23944805194805688,0.13636363636364224,0.0,0.0,0.0
586,2016,4.0900000000001455,0.2003288668089497,1228.8,1221.87,1222.89,1232.15,1228.06,-1,7.016666666666667,1.5134474327627956,1.2640586797065188,1.5476772616136747,1.2982885085573976,0.0,0.0,1.0
587,2016,8.509999999999991,0.4509633218516974,1228.36,1239.03,1240.07,1231.6,1223.09,1,9.9,0.8730904817861423,0.9952996474735648,0.9964747356051736,1.118683901292596,0.0,0.0,1.0
588,2016,5.329999999999927,0.27859916367980514,1236.15,1238.01,1240.0,1240.22,1234.89,-1,7.683333333333334,-0.5853658536585241,-0.9587242026266359,-0.5515947467167157,-0.9249530956848275,0.0,1.0,0.0
589,2016,8.579999999999927,0.4588761126179432,1249.03,1257.76,1256.61,1252.5,1243.92,1,8.216666666666667,0.6130536130536172,0.4790209790209714,0.7342657342657352,0.6002331002330894,0.0,0.0,0.0
590,2016,6.75,0.35502291682320253,1254.11,1254.34,1256.91,1259.77,1253.02,1,9.066666666666666,-0.8044444444444538,-0.42370370370368887,-0.7629629629629764,-0.3822222222222114,1.0,1.0,0.0
591,2016,8.910000000000082,0.4788299873325449,1248.61,1247.87,1243.86,1256.7,1247.79,-1,7.183333333333334,-0.008978675645334064,0.4410774410774442,0.07295173961841582,0.5230078563411941,0.0,0.0,0.0
592,2016,13.230000000000018,0.76059461235217,1234.4,1231.54,1225.88,1242.25,1229.02,1,9.15,-0.8095238095238112,-1.2373393801965131,-0.639455782312927,-1.067271352985629,0.0,1.0,0.0
593,2016,6.349999999999909,0.3527777777777731,1231.11,1229.38,1232.17,1231.56,1225.21,1,7.383333333333334,-0.3433070866141524,0.09606299212600568,-0.3433070866141524,0.09606299212600568,0.0,0.0,0.0
594,2016,6.259999999999991,0.35368658945074444,1235.81,1235.31,1233.48,1239.59,1233.33,-1,7.683333333333334,-0.31629392971246345,-0.0239616613418676,-0.041533546325877205,0.25079872204471865,1.0,1.0,0.0
595,2016,7.559999999999945,0.4565611250107815,1233.18,1253.57,1251.88,1235.21,1227.65,1,7.35,2.428571428571433,2.2050264550264806,2.4404761904762142,2.2169312169312616,0.0,0.0,1.0
596,2016,12.090000000000146,0.705161854768164,1246.9,1253.85,1250.68,1257.92,1245.83,-1,9.166666666666666,-0.6633581472291055,-0.40115798180314954,-0.6542597187758279,-0.39205955334987197,0.0,0.0,0.0
597,2016,11.350000000000136,0.6645754914261904,1253.12,1250.56,1248.98,1254.7,1243.35,1,7.233333333333333,-0.36475770925110573,-0.5039647577092474,-0.29427312775331327,-0.43348017621145496,0.0,0.0,1.0
598,2016,8.75,0.5116317921730781,1246.74,1242.45,1231.53,1252.47,1243.72,-1,13.666666666666666,0.14514285714285508,1.3931428571428635,0.2914285714285662,1.5394285714285745,0.0,0.0,1.0
599,2016,7.3900000000001,0.40325849703773586,1234.66,1239.99,1236.83,1237.43,1230.04,1,14.566666666666666,0.34641407307170646,-0.0811907983762014,0.5087956698240785,0.08119079837617063,0.0,0.0,0.0
600,2016,5.830000000000155,0.3306461413814146,1237.2,1241.68,1242.09,1240.89,1235.06,-1,7.5,-1.135506003430522,-1.205831903945075,-1.1012006861063297,-1.1715265866208826,1.0,1.0,0.0
601,2016,4.589999999999918,0.2624892773987944,1244.13,1244.58,1246.94,1246.82,1242.23,1,7.933333333333334,-0.48801742919391045,0.02614379084969943,-0.33551198257080417,0.17864923747280573,0.0,1.0,0.0
602,2016,17.389999999999873,1.0244477172312154,1253.24,1256.0,1264.78,1255.06,1237.67,1,7.616666666666666,0.05405405405405759,0.558941920644054,0.11558366877515847,0.6204715353651549,0.0,0.0,0.0
603,2016,15.889999999999873,0.8674257194104281,1274.83,1289.69,1291.1,1280.8,1264.91,1,14.15,0.5594713656387773,0.6482064191315315,0.634361233480191,0.7230962869729454,0.0,0.0,0.0
604,2016,4.580000000000155,0.2384440891004507,1293.8,1293.43,1290.53,1295.95,1291.37,1,8.433333333333334,-0.5502183406113311,-1.183406113537094,-0.13973799126634304,-0.7729257641921057,1.0,1.0,0.0
605,2016,7.619999999999891,0.38999780653651533,1289.58,1284.37,1286.22,1296.86,1289.24,1,7.783333333333333,-1.6391076115485812,-1.3963254593175887,-1.5262467191601412,-1.2834645669291487,1.0,1.0,0.0
606,2016,8.799999999999955,0.4464900518247354,1280.78,1283.47,1279.15,1287.61,1278.81,-1,10.716666666666667,-0.5295454545454665,-0.03863636363638037,-0.5011363636363755,-0.010227272727289316,1.0,1.0,0.0
607,2016,5.960000000000036,0.3047813858348262,1281.49,1277.08,1274.55,1283.25,1277.29,-1,8.9,0.03523489932886495,0.4597315436241598,0.13087248322147113,0.5553691275167659,1.0,1.0,0.0
608,2016,6.210000000000036,0.30974775545104866,1276.48,1291.14,1288.77,1280.52,1274.31,1,9.916666666666666,1.7101449275362408,1.3285024154589293,1.753623188405803,1.3719806763284914,0.0,0.0,1.0
609,2016,8.559999999999945,0.4129708122264686,1280.7,1267.33,1263.6,1287.5,1278.94,-1,7.916666666666667,1.3563084112149768,1.7920560747663836,1.3925233644859987,1.8282710280374055,0.0,0.0,1.0
610,2016,7.440000000000055,0.3613655287260631,1266.53,1260.73,1267.21,1266.8,1259.36,1,7.816666666666666,-0.815860215053749,0.055107526881731025,-0.7889784946236355,0.08198924731184447,1.0,1.0,0.0
611,2016,8.339999999999918,0.409339503575931,1272.52,1274.56,1275.97,1273.03,1264.69,1,7.05,0.18345323741007047,0.3525179856115208,0.24580335731414565,0.41486810551559594,0.0,0.0,0.0
612,2016,7.880000000000109,0.40445813169086836,1272.53,1272.8,1270.38,1278.46,1270.58,-1,7.783333333333333,-0.28172588832487266,0.02538071065987504,-0.26522842639592503,0.041878172588822676,1.0,1.0,0.0
613,2016,9.930000000000064,0.5214553638409625,1274.83,1271.3,1273.15,1274.8,1264.87,1,7.0,-0.35246727089627167,-0.1661631419939429,-0.35548841893252264,-0.16918429003019392,1.0,1.0,0.0
614,2016,7.039999999999964,0.36799462345517403,1277.89,1273.96,1272.68,1279.36,1272.32,1,7.033333333333333,-0.7670454545454392,-0.948863636363618,-0.6832386363636321,-0.865056818181811,0.0,1.0,1.0
615,2016,6.849999999999909,0.35218508997428755,1276.99,1281.09,1276.95,1280.84,1273.99,-1,7.15,-1.036496350364964,-0.43211678832117895,-0.8481751824817552,-0.24379562043797007,1.0,1.0,0.0
616,2016,7.330000000000155,0.37661479741633114,1273.97,1269.7,1262.83,1280.42,1273.09,-1,7.0,0.4624829467939701,1.3997271487039256,0.5825375170531912,1.5197817189631466,0.0,0.0,1.0
617,2016,8.86999999999989,0.4667192843988352,1253.08,1249.8,1254.49,1261.25,1252.38,-1,7.0,0.2908680947012611,-0.23788049605410663,0.36978579481398116,-0.1589627959413866,0.0,0.0,0.0
618,2016,6.490000000000009,0.36065573770491743,1254.34,1252.18,1251.79,1259.05,1252.56,-1,7.4,0.05855161787363347,0.1186440677966072,0.24961479198765618,0.3097072419106299,1.0,1.0,0.0
619,2016,5.940000000000055,0.33629893238434416,1250.12,1247.37,1250.65,1255.92,1249.98,-1,7.0,0.43939393939395677,-0.11279461279462401,0.4629629629629587,-0.08922558922562208,0.0,0.0,1.0
620,2016,8.200000000000045,0.4769620673895899,1244.59,1234.28,1228.27,1252.19,1243.99,-1,7.7,1.1841463414634126,1.9170731707317,1.1987804878048625,1.93170731707315,0.0,0.0,1.0
621,2016,6.860000000000127,0.38613702155034413,1225.34,1221.18,1224.77,1230.18,1223.32,-1,7.2,0.31195335276965497,-0.21137026239067325,0.3731778425655828,-0.15014577259474543,0.0,0.0,0.0
622,2016,12.0,0.6894004678074588,1229.92,1222.41,1219.99,1234.06,1222.06,-1,15.983333333333333,-0.029166666666678037,0.17249999999999469,-0.010000000000009853,0.19166666666666288,0.0,0.0,0.0
623,2016,11.509999999999991,0.6758661186142088,1220.26,1213.05,1208.8,1223.03,1211.52,1,9.666666666666666,-0.8670721112076478,-1.2363162467419662,-0.844483058210255,-1.2137271937445733,0.0,1.0,0.0
625,2016,6.1099999999999,0.37399440363762865,1213.2,1212.54,1216.71,1214.31,1208.2,1,15.05,-0.2896890343698872,0.3927986906710524,-0.20785597381342105,0.47463175122751855,0.0,0.0,0.0
626,2016,7.060000000000173,0.4405027186023806,1215.3,1211.03,1210.62,1219.89,1212.83,1,13.3,-1.2549575070821404,-1.3130311614730854,-1.2351274787535147,-1.2932011331444597,1.0,1.0,0.0
627,2016,4.839999999999918,0.3079300159054699,1214.69,1210.7,1210.84,1215.97,1211.13,1,7.766666666666667,-1.0888429752066262,-1.0599173553719412,-0.9545454545454481,-0.9256198347107633,1.0,1.0,0.0
628,2016,5.870000000000118,0.3780824438719245,1211.37,1239.39,1241.41,1213.41,1207.54,1,13.433333333333334,4.425894378194122,4.770017035775032,4.514480408858512,4.858603066439422,0.0,0.0,1.0
629,2016,8.110000000000127,0.47984109542727416,1241.56,1245.29,1245.26,1248.71,1240.6,-1,7.416666666666667,-0.5782983970406882,-0.5745992601726274,-0.5782983970406882,-0.5745992601726274,0.0,0.0,0.0
630,2016,4.460000000000036,0.26885980020668465,1242.07,1241.14,1244.16,1246.5,1242.04,-1,7.0,0.20179372197306195,-0.4753363228699778,0.20852017937215891,-0.46860986547088085,0.0,0.0,1.0
631,2016,6.7999999999999545,0.4355783308931153,1249.02,1260.99,1260.76,1249.73,1242.93,1,7.15,1.6558823529411861,1.6220588235294187,1.7132352941176718,1.6794117647059044,0.0,0.0,1.0
632,2016,5.889999999999873,0.3708567573645072,1261.19,1265.93,1270.06,1266.35,1260.46,-1,8.066666666666666,-0.9286926994906869,-1.629881154499171,-0.7928692699490957,-1.4940577249575797,1.0,1.0,0.0
633,2016,4.710000000000036,0.29197662061636764,1265.41,1276.7,1275.38,1269.19,1264.48,1,8.416666666666666,1.5944798301486056,1.3142250530785577,1.6305732484076443,1.3503184713375962,0.0,0.0,1.0
634,2016,10.909999999999854,0.674051191526911,1282.57,1282.87,1282.39,1283.29,1272.38,1,7.0,-0.03849679193401268,-0.08249312557285753,0.02749770852428584,-0.016498625114559,0.0,0.0,0.0
635,2016,4.210000000000036,0.27363045496750515,1279.52,1285.83,1285.29,1283.55,1279.34,-1,7.05,-1.5415676959619842,-1.413301662707837,-1.4964370546318053,-1.3681710213776583,1.0,1.0,0.0
636,2016,3.7799999999999727,0.24456973842314308,1285.68,1283.13,1291.36,1286.06,1282.28,1,7.0,-0.7751322751322374,1.4021164021164003,-0.6746031746031674,1.5026455026454701,1.0,1.0,0.0
637,2016,11.410000000000082,0.7298729781595604,1302.74,1312.86,1286.21,1303.02,1291.61,1,7.0,0.8624014022786896,-1.473269062226102,0.8869412795793005,-1.448729184925491,0.0,1.0,1.0
638,2016,9.629999999999882,0.5599767403223068,1283.01,1288.77,1293.15,1286.12,1276.49,1,11.55,0.27518172377986744,0.7300103842160214,0.30218068535826764,0.7570093457944217,0.0,0.0,1.0
639,2016,11.920000000000073,0.6654703513179461,1283.3,1286.48,1286.55,1292.26,1280.34,-1,11.916666666666666,-0.5151006711409448,-0.520973154362416,-0.4697986577181103,-0.47567114093958146,0.0,0.0,0.0
640,2016,11.320000000000164,0.6068078263200317,1283.22,1269.35,1269.21,1294.15,1282.83,-1,7.0,1.190812720848041,1.2031802120141073,1.2252650176678372,1.2376325088339035,0.0,0.0,1.0
641,2016,9.419999999999845,0.47730727470140455,1263.28,1267.08,1264.91,1270.59,1261.17,0,,,,,,,,
642,2016,7.310000000000173,0.3720642768850527,1265.35,1263.64,1261.51,1266.9,1259.59,1,7.166666666666667,-0.4459644322845299,-0.7373461012311864,-0.17099863201093987,-0.46238030095759636,1.0,1.0,0.0
643,2016,100.21000000000004,5.409238124614449,1319.51,1315.72,1318.11,1358.0,1257.79,0,,,,,,,,
644,2016,12.550000000000182,0.5007838107453407,1327.73,1324.16,1327.5,1335.39,1322.84,0,,,,,,,,
645,2016,13.129999999999882,0.511577424023151,1317.65,1312.68,1312.97,1326.01,1312.88,-1,8.583333333333334,0.015232292460018833,-0.006854531607000682,0.08987052551407822,0.0677837014470587,0.0,0.0,0.0
646,2016,8.779999999999973,0.34287308228730756,1320.67,1324.29,1322.86,1321.36,1312.58,1,8.0,0.333712984054678,0.17084282460136727,0.4259681093394101,0.2630979498860994,0.0,0.0,0.0
647,2016,3.9199999999998454,0.1529841384885509,1316.3,1319.34,1320.01,1317.85,1313.93,-1,8.033333333333333,-1.3801020408163438,-1.5510204081633079,-1.275510204081683,-1.4464285714286471,1.0,1.0,0.0
648,2016,15.460000000000036,0.607363340442251,1333.43,1336.15,1337.58,1336.02,1320.56,1,8.733333333333333,0.008408796895220495,0.10090556274255769,0.06338939197930245,0.15588615782663964,0.0,0.0,0.0
650,2016,14.279999999999973,0.5417739356656991,1342.58,1344.58,1355.08,1352.29,1338.01,1,14.7,-0.5399159663865583,0.19537815126050204,-0.504201680672273,0.23109243697478718,0.0,0.0,0.0
651,2016,12.549999999999955,0.4711339929745511,1370.12,1372.32,1363.13,1371.22,1358.67,1,10.7,0.08764940239043131,-0.644621513944219,0.13466135458166004,-0.5976095617529902,0.0,0.0,0.0
652,2016,5.230000000000018,0.20875862462222802,1367.93,1353.81,1360.3,1370.6,1365.37,-1,11.0,2.210325047801129,0.9694072657743631,2.3690248565965693,1.1281070745698032,0.0,0.0,1.0
653,2016,7.400000000000091,0.29821531375935895,1357.8,1354.87,1362.49,1361.97,1354.57,-1,8.116666666666667,-0.040540540540533895,-1.0702702702702669,0.006756756756781255,-1.0229729729729518,1.0,1.0,0.0
654,2016,10.129999999999882,0.39151920050795996,1362.63,1358.45,1354.13,1372.76,1362.63,-1,7.0,0.4126357354393003,0.8390918065153109,0.4126357354393003,0.8390918065153109,0.0,0.0,1.0
655,2016,5.870000000000118,0.2316756878664909,1355.7,1344.06,1334.02,1357.65,1351.78,-1,10.733333333333333,1.315161839863692,3.02555366269159,1.451448040885828,3.161839863713726,0.0,0.0,1.0
656,2016,12.88000000000011,0.48384673178061977,1338.79,1338.24,1343.44,1340.43,1327.55,1,7.616666666666666,-0.17003105590062392,0.23369565217391036,-0.1366459627329174,0.26708074534161685,0.0,0.0,0.0
657,2016,13.7800000000002,0.5229601518026636,1333.9,1328.59,1332.06,1347.13,1333.35,-1,7.0,0.3454281567489058,0.09361393323657075,0.38534107402032625,0.1335268505079912,0.0,0.0,0.0
658,2016,9.439999999999827,0.447015051581253,1333.31,1325.33,1328.81,1335.83,1326.39,1,13.2,-1.1122881355932408,-0.7436440677966218,-1.0942796610169856,-0.7256355932203667,1.0,1.0,0.0
659,2016,10.930000000000064,0.5248139383338506,1329.28,1330.47,1328.27,1334.66,1323.73,-1,12.633333333333333,-0.6166514181152762,-0.41537053979871336,-0.5763952424519595,-0.3751143641353966,1.0,1.0,0.0
660,2016,6.160000000000082,0.30290471005585,1327.84,1330.73,1331.85,1331.72,1325.56,1,9.383333333333333,-0.16071428571428506,0.02110389610387663,0.04545454545454042,0.22727272727270212,0.0,0.0,0.0
661,2016,8.910000000000082,0.4471608832807608,1329.96,1318.77,1317.26,1338.22,1329.31,-1,7.0,1.1829405162738347,1.3524130190796682,1.2558922558922505,1.425364758698084,0.0,0.0,1.0
662,2016,8.019999999999982,0.382711841297974,1316.4,1322.73,1330.14,1318.77,1310.75,1,8.666666666666666,0.4937655860349184,1.4177057356608658,0.547381546134677,1.4713216957606245,0.0,0.0,1.0
663,2016,9.38000000000011,0.44874248223073193,1325.8,1322.08,1322.84,1333.75,1324.37,-1,8.1,0.24413646055436428,0.1631130063965837,0.2963752665245139,0.2153518123667333,0.0,0.0,0.0
664,2016,10.289999999999964,0.4972387132403678,1317.96,1314.29,1317.28,1323.72,1313.43,-1,14.583333333333334,-0.08357628765791088,-0.37414965986393806,-0.008746355685123271,-0.29931972789115047,0.0,0.0,0.0
665,2016,8.670000000000073,0.43514734351473755,1319.0,1320.31,1320.19,1322.47,1313.8,1,8.933333333333334,-0.24913494809689316,-0.26297577854670745,-0.21799307958478478,-0.23183391003459908,0.0,0.0,0.0
666,2016,4.730000000000018,0.24236878705804896,1318.01,1327.15,1335.57,1320.44,1315.71,1,10.416666666666666,1.418604651162793,3.198731501057045,1.5496828752642973,3.3298097251585497,0.0,0.0,1.0
667,2016,4.320000000000164,0.21591517618079387,1338.95,1336.86,1335.15,1340.69,1336.37,1,7.15,-0.8865740740740763,-1.2824074074073504,-0.6689814814814793,-1.0648148148147534,1.0,1.0,1.0
668,2016,15.8599999999999,0.8605867989612737,1334.16,1346.86,1353.38,1343.76,1327.9,1,13.85,0.19546027742748603,0.6065573770491917,0.3032786885245886,0.7143757881462942,0.0,0.0,0.0
669,2016,5.460000000000036,0.2907237667820349,1347.62,1349.59,1352.87,1351.66,1346.2,0,,,,,,,,
670,2016,6.8900000000001,0.3949070662408963,1351.73,1365.73,1364.82,1353.96,1347.07,1,8.116666666666667,1.708272859216228,1.5761973875181048,1.7590711175616751,1.626995645863552,0.0,0.0,1.0
671,2016,4.490000000000009,0.2548343941298093,1362.78,1357.63,1357.96,1366.27,1361.78,1,13.233333333333333,-1.9242761692650012,-1.8507795100222557,-1.8440979955456471,-1.7706013363029018,1.0,1.0,0.0
672,2016,9.339999999999918,0.5637664913339601,1352.66,1363.12,1361.27,1359.08,1349.74,-1,7.883333333333334,-1.4325481798715203,-1.234475374732342,-1.3854389721627345,-1.1873661670235562,1.0,1.0,0.0
673,2016,5.6599999999998545,0.3419054193993692,1364.0,1338.37,1338.56,1364.59,1358.93,1,7.0,-4.632508833922385,-4.598939929328735,-4.528268551236885,-4.494699646643235,1.0,1.0,0.0
674,2016,6.789999999999964,0.3832137386116235,1336.63,1335.73,1335.62,1338.22,1331.43,-1,8.9,-0.633284241531661,-0.617083946980832,-0.488954344624441,-0.4727540500736121,0.0,0.0,0.0
675,2016,4.649999999999864,0.2634880803011211,1332.49,1341.2,1340.72,1337.12,1332.47,-1,7.0,-1.8774193548387688,-1.774193548387149,-1.8731182795699552,-1.7698924731183354,1.0,1.0,0.0
676,2016,12.670000000000073,0.7599503020436176,1350.95,1344.61,1346.51,1353.38,1340.71,1,7.316666666666666,-0.6921862667719146,-0.5422257300710401,-0.662983425414368,-0.5130228887134936,0.0,0.0,0.0
677,2016,7.860000000000127,0.4851851851851922,1343.04,1351.36,1340.94,1347.94,1340.08,1,14.016666666666667,0.4351145038167672,-0.8905852417302654,0.5458015267175438,-0.7798982188294888,0.0,0.0,0.0
678,2016,6.440000000000055,0.39150636154414264,1339.92,1352.64,1334.81,1341.21,1334.77,1,11.866666666666667,1.7748447204968893,-0.993788819875782,1.815217391304341,-0.9534161490683304,0.0,1.0,1.0
679,2016,3.6099999999999,0.20891203703703098,1339.41,1341.22,1340.2,1339.79,1336.18,1,7.083333333333333,0.39612188365653833,0.11357340720224189,0.5152354570637615,0.23268698060946505,1.0,1.0,0.0
680,2016,6.880000000000109,0.4025746050321886,1347.5,1346.76,1348.6,1346.93,1340.05,1,7.016666666666667,-0.02470930232559158,0.24273255813950856,-0.10755813953488334,0.1598837209302168,0.0,0.0,1.0
681,2016,7.0499999999999545,0.42827388700858826,1343.78,1346.79,1345.96,1347.81,1340.76,0,,,,,,,,
682,2016,5.730000000000018,0.34359874930397977,1353.11,1350.91,1352.89,1356.03,1350.3,-1,9.016666666666667,-0.10645724258291892,-0.45200698080281626,-0.08376963350785631,-0.4293193717277537,0.0,0.0,0.0
683,2016,7.0499999999999545,0.4560576656501212,1347.69,1346.27,1342.57,1352.71,1345.66,-1,10.4,-0.08652482269502183,0.438297872340449,-0.039716312056733975,0.48510638297873687,0.0,0.0,1.0
684,2016,8.199999999999818,0.5155379917370096,1333.31,1338.51,1338.49,1339.83,1331.63,0,,,,,,,,
685,2016,4.509999999999991,0.29836499385691256,1338.61,1341.28,1339.14,1339.72,1335.21,1,7.666666666666667,0.3458980044345784,-0.12860310421284443,0.4212860310420992,-0.05321507760532363,0.0,0.0,1.0
686,2016,3.9300000000000637,0.2635183677379228,1336.89,1326.82,1324.47,1339.39,1335.46,1,9.7,-3.198473282442738,-3.7964376590330358,-3.127226463104266,-3.7251908396945637,1.0,1.0,0.0
687,2016,3.730000000000018,0.24962952339978153,1326.28,1321.76,1322.44,1326.98,1323.25,-1,10.9,0.39946380697050987,0.21715817694368406,0.49597855227879356,0.31367292225196775,0.0,0.0,1.0
688,2016,4.160000000000082,0.30947446729369893,1324.16,1333.23,1320.76,1324.67,1320.51,1,7.283333333333333,2.057692307692254,-0.9399038461538474,2.0937499999999676,-0.9038461538461339,1.0,1.0,1.0
689,2016,6.439999999999827,0.44304668304667216,1318.66,1321.92,1323.98,1321.37,1314.93,1,12.1,0.08540372670810507,0.4052795031056207,0.2500000000000265,0.5698757763975422,0.0,0.0,0.0
690,2016,3.810000000000173,0.264543966671639,1322.61,1318.43,1313.15,1325.39,1321.58,-1,7.4,0.8267716535432338,2.212598425196707,0.8582677165353894,2.2440944881888627,0.0,0.0,1.0
691,2016,5.899999999999864,0.41000694927031844,1313.52,1308.62,1308.13,1316.07,1310.17,-1,13.583333333333334,0.26271186440681654,0.3457627118644086,0.40000000000003083,0.4830508474576229,0.0,0.0,1.0
692,2016,5.379999999999882,0.38481581770806006,1308.85,1313.69,1313.74,1311.54,1306.16,-1,8.483333333333333,-1.3996282527881299,-1.4089219330855194,-1.377323420074395,-1.3866171003717844,1.0,1.0,0.0
693,2016,3.980000000000018,0.30071779372875207,1312.34,1317.55,1323.43,1316.13,1312.15,-1,7.0,-1.3567839195979494,-2.834170854271337,-1.3090452261306564,-2.786432160804044,1.0,1.0,0.0
695,2016,3.5599999999999454,0.26210886142518774,1326.64,1340.04,1349.38,1328.34,1324.78,1,8.1,3.2865168539326475,5.910112359550706,3.4213483146068118,6.04494382022487,0.0,0.0,1.0
696,2016,5.179999999999836,0.3593657086223883,1350.52,1344.31,1344.6,1352.59,1347.41,-1,9.133333333333333,0.5984555984556437,0.542471042471093,0.6814671814671978,0.625482625482647,0.0,0.0,0.0
697,2016,6.070000000000164,0.42125613443713217,1346.99,1344.89,1337.42,1347.89,1341.82,1,8.4,-0.49423393739702126,-1.7248764415156088,-0.42668863261941486,-1.6573311367380024,1.0,1.0,0.0
698,2016,3.230000000000018,0.22544620600259485,1337.89,1333.59,1330.05,1339.48,1336.25,-1,7.35,0.8235294117647266,1.9195046439628516,0.9256965944272422,2.0216718266253673,0.0,0.0,1.0
699,2016,5.059999999999945,0.34771511313993786,1329.3,1325.02,1329.31,1329.86,1324.8,1,8.133333333333333,-0.9565217391304289,-0.10869565217390523,-0.9110671936759244,-0.06324110671940063,1.0,1.0,0.0
700,2016,3.9200000000000728,0.269085560186326,1329.15,1325.49,1317.73,1331.95,1328.03,-1,8.066666666666666,0.6479591836734481,2.6275510204081027,0.75,2.729591836734655,0.0,0.0,1.0
701,2016,8.980000000000018,0.6161536953538549,1321.81,1322.38,1323.37,1322.43,1313.45,1,9.966666666666667,-0.0055679287305071745,0.10467706013361083,0.014476614699343972,0.12472160356346199,0.0,0.0,0.0
702,2016,4.599999999999909,0.3103764036820997,1321.53,1320.77,1316.03,1325.61,1321.01,-1,7.666666666666667,0.05217391304348127,1.0826086956521992,0.08043478260872294,1.110869565217441,1.0,1.0,0.0
703,2016,5.0499999999999545,0.34901515525497095,1314.76,1310.43,1308.12,1318.01,1312.96,-1,10.983333333333333,0.5009900990099001,0.9584158415841959,0.5128712871287012,0.970297029702997,0.0,0.0,1.0
704,2016,7.539999999999964,0.516918858038292,1316.04,1313.55,1313.63,1316.93,1309.39,1,7.066666666666666,-0.4482758620689822,-0.4376657824933648,-0.39124668435014054,-0.38063660477452316,0.0,0.0,0.0
705,2016,3.410000000000082,0.24242116488092846,1315.64,1313.92,1314.36,1316.48,1313.07,1,7.916666666666667,-0.750733137829878,-0.6217008797654157,-0.7096774193547764,-0.580645161290314,1.0,1.0,0.0
706,2016,12.189999999999827,0.8937886246988476,1314.59,1325.67,1329.92,1320.09,1307.9,1,7.516666666666667,0.4577522559475171,0.8063986874487525,0.481542247744069,0.8301886792453045,0.0,0.0,1.0
707,2016,3.349999999999909,0.22670146945088362,1331.61,1336.88,1336.5,1334.75,1331.4,-1,7.05,-1.6358208955224378,-1.5223880597015067,-1.6179104477612596,-1.5044776119403285,1.0,1.0,0.0
708,2016,4.180000000000064,0.29953421712648304,1334.99,1339.31,1337.27,1337.91,1333.73,1,11.433333333333334,0.33492822966503405,-0.15311004784691157,0.38995215311001363,-0.09808612440193197,0.0,0.0,0.0
709,2016,7.2199999999998,0.5173243257075458,1334.41,1340.75,1337.33,1339.86,1332.64,1,14.166666666666666,0.1232686980609591,-0.3504155124653799,0.1662049861495954,-0.3074792243767436,0.0,0.0,0.0
710,2016,5.2999999999999545,0.41894867596408786,1334.3,1326.82,1327.59,1339.47,1334.17,-1,7.0,1.3867924528302262,1.241509433962304,1.4113207547169966,1.2660377358490744,0.0,0.0,1.0
711,2016,2.5599999999999454,0.197107188032774,1325.39,1320.6,1322.15,1327.47,1324.91,-1,7.266666666666667,1.6835937500001035,1.0781250000000195,1.7187500000000722,1.1132812499999882,0.0,0.0,1.0
712,2016,3.599999999999909,0.28381574501632395,1323.0,1318.27,1321.76,1325.79,1322.19,-1,7.1,1.0888888888889365,0.11944444444446514,1.2888888888889491,0.3194444444444778,0.0,0.0,1.0
713,2016,5.080000000000155,0.4060983269571307,1323.68,1322.34,1315.42,1324.68,1319.6,1,7.316666666666666,-0.46062992125985713,-1.8228346456692341,-0.4035433070866377,-1.7657480314960146,1.0,1.0,0.0
714,2016,5.599999999999909,0.4348549559043704,1314.91,1311.88,1311.24,1319.59,1313.99,-1,13.916666666666666,0.37678571428570257,0.49107142857143654,0.4803571428571198,0.5946428571428538,0.0,0.0,0.0
715,2016,5.039999999999964,0.40500516588221647,1311.03,1284.15,1268.85,1312.95,1307.91,-1,8.083333333333334,4.714285714285746,7.750000000000091,4.777777777777798,7.813492063492141,0.0,0.0,1.0
716,2016,8.599999999999909,0.57906887264332,1273.32,1268.17,1266.79,1275.08,1266.48,1,13.25,-0.8034883720930148,-0.9639534883720989,-0.6011627906976628,-0.761627906976747,1.0,1.0,0.0
717,2016,4.7199999999998,0.3238104571960473,1265.28,1251.63,1250.82,1269.35,1264.63,-1,7.233333333333333,2.75423728813571,2.9258474576272793,2.811440677966217,2.983050847457786,0.0,0.0,1.0
718,2016,9.269999999999982,0.612516518784218,1252.23,1256.39,1251.86,1259.53,1250.26,1,13.5,-0.3387270765911412,-0.8274002157497398,0.16289104638619137,-0.3257820927724072,0.0,1.0,0.0
719,2016,7.570000000000164,0.4671809565792486,1263.12,1259.93,1259.21,1264.15,1256.58,1,7.4,-0.5574636723910087,-0.6525759577278663,-0.5297225891677548,-0.6248348745046124,0.0,0.0,0.0
720,2016,4.599999999999909,0.28008524333492324,1258.14,1254.48,1255.88,1260.09,1255.49,1,7.316666666666666,-1.2195652173913067,-0.9152173913043244,-1.1739130434783038,-0.8695652173913215,1.0,1.0,0.0
721,2016,4.809999999999945,0.3189806262138194,1255.3,1252.69,1254.3,1257.76,1252.95,-1,13.1,0.05405405405405277,-0.2806652806652649,0.07484407484405489,-0.25987525987526283,1.0,1.0,0.0
722,2016,8.680000000000064,0.5855821125674691,1260.99,1257.24,1258.56,1261.77,1253.09,1,15.05,-0.521889400921652,-0.36981566820276646,-0.4562211981566829,-0.3041474654377973,0.0,0.0,0.0
723,2016,4.4500000000000455,0.29704858627759867,1255.7,1253.39,1252.73,1258.96,1254.51,-1,10.9,0.2516853932583999,0.3999999999999898,0.3415730337078576,0.4898876404494475,1.0,1.0,1.0
724,2016,4.720000000000027,0.30945022009928097,1254.84,1254.87,1255.47,1255.46,1250.74,1,7.233333333333333,-0.12500000000003011,0.002118644067794671,-0.09745762711865122,0.029661016949173568,1.0,1.0,0.0
725,2016,5.679999999999836,0.3867892407218144,1258.18,1259.69,1262.44,1260.82,1255.14,1,7.4,-0.1989436619718159,0.28521126760566284,-0.12676056338029015,0.3573943661971886,0.0,0.0,0.0
726,2016,4.379999999999882,0.2983796408933795,1261.74,1269.42,1268.13,1264.59,1260.21,1,10.366666666666667,1.1027397260274623,0.8082191780822572,1.2077625570776498,0.9132420091324448,0.0,0.0,1.0
727,2016,4.779999999999973,0.3204827355011719,1270.05,1266.55,1266.22,1272.97,1268.19,-1,8.383333333333333,0.3430962343096463,0.41213389121339716,0.41213389121339716,0.481171548117148,1.0,1.0,0.0
728,2016,4.819999999999936,0.3311576777739569,1264.14,1265.96,1267.59,1266.33,1261.51,-1,8.25,-0.9232365145228432,-1.2614107883817443,-0.9170124481328072,-1.2551867219917083,1.0,1.0,0.0
729,2016,4.319999999999936,0.3020526394646116,1264.98,1262.82,1263.68,1266.87,1262.55,-1,12.85,-0.06249999999999671,-0.2615740740741032,-0.018518518518501947,-0.21759259259260844,1.0,1.0,0.0
730,2016,4.809999999999945,0.40701118162586525,1266.76,1270.87,1275.02,1266.84,1262.03,1,7.0,0.8378378378378417,1.7006237006237332,0.8544698544698434,1.7172557172557348,0.0,0.0,1.0
731,2016,3.160000000000082,0.26800751196462885,1273.54,1268.71,1266.5,1276.42,1273.26,-1,7.0,1.4398734177214674,2.1392405063290556,1.5284810126581652,2.2278481012657534,0.0,0.0,1.0
732,2016,3.3900000000001,0.3017548321465002,1268.14,1266.96,1270.16,1268.38,1264.99,1,7.0,-0.41887905604720677,0.5250737463126608,-0.348082595870215,0.5958702064896526,0.0,0.0,1.0
733,2016,3.7899999999999636,0.37604535790219423,1268.47,1271.7,1277.41,1271.8,1268.01,-1,7.083333333333333,-0.9736147757256174,-2.480211081794243,-0.8311345646438314,-2.337730870712457,1.0,1.0,1.0
734,2016,3.8299999999999272,0.34633768246995866,1275.73,1274.05,1278.06,1279.46,1275.63,-1,7.05,0.4125326370757662,-0.6344647519581939,0.43603133159271656,-0.6109660574412435,0.0,0.0,1.0
735,2016,5.2000000000000455,0.4745762711864453,1279.41,1286.87,1287.22,1280.76,1275.56,1,9.366666666666667,1.1749999999999705,1.2423076923076883,1.2403846153845695,1.3076923076922875,0.0,0.0,1.0
736,2016,7.029999999999973,0.6124836641981438,1293.96,1304.14,1296.3,1294.34,1287.31,1,7.65,1.3940256045519517,0.27880512091039034,1.4068278805121108,0.29160739687054943,0.0,0.0,1.0
737,2016,10.240000000000009,0.832085437344014,1301.3,1298.76,1303.0,1306.56,1296.32,-1,8.25,-0.2382812500000051,-0.6523437500000057,-0.22363281249999625,-0.6376953124999968,0.0,0.0,1.0
738,2016,9.670000000000073,0.7518604909474679,1295.05,1304.36,1304.15,1304.25,1294.58,1,12.5,0.01137538779730084,-0.010341261633909854,0.20268872802479776,0.18097207859358705,0.0,0.0,0.0
739,2016,7.580000000000155,0.5711210376190851,1289.22,1281.74,1280.28,1295.68,1288.1,-1,7.333333333333333,0.839050131926091,1.031662269129258,0.866754617414222,1.059366754617389,0.0,0.0,1.0
740,2016,3.740000000000009,0.258363761965855,1284.21,1284.17,1277.53,1284.38,1280.64,1,7.0,-0.05614973262033045,-1.8315508021390694,-0.010695187165765648,-1.7860962566845047,1.0,1.0,0.0
741,2016,68.52999999999997,4.5253525777086026,1320.83,1288.48,1272.43,1337.24,1268.71,0,,,,,,,,
742,2016,14.320000000000164,0.7403249630723874,1287.44,1270.26,1259.2,1288.67,1274.35,1,8.516666666666667,-1.2856145251396558,-2.057960893854727,-1.2695530726256883,-2.0418994413407594,1.0,1.0,0.0
743,2016,14.329999999999927,0.6604556228601499,1262.85,1234.09,1221.83,1265.31,1250.98,-1,14.716666666666667,1.1786461967899642,2.0341939986043434,1.2428471737613582,2.0983949755757374,0.0,0.0,1.0
744,2016,17.5,0.7232472324723253,1219.29,1212.5,1217.29,1230.11,1212.61,-1,14.983333333333333,0.006285714285708569,-0.26742857142857507,0.039428571428574546,-0.2342857142857091,0.0,0.0,0.0
745,2016,8.6099999999999,0.3515720702327443,1226.24,1223.72,1223.36,1231.27,1222.66,1,8.65,-0.8768873403019793,-0.9186991869918901,-0.8118466898954809,-0.8536585365853916,1.0,1.0,0.0
746,2016,6.360000000000127,0.2591385331781195,1229.61,1224.32,1225.45,1232.95,1226.59,-1,7.366666666666666,0.3569182389937007,0.17924528301884432,0.48113207547171566,0.3034591194968593,0.0,0.0,0.0
747,2016,3.4300000000000637,0.1382268278641363,1226.32,1227.04,1214.68,1228.19,1224.76,1,7.966666666666667,-0.33527696793004946,-3.938775510204006,-0.3177842565598033,-3.9212827988337597,1.0,1.0,0.0
748,2016,10.480000000000018,0.4251890920682774,1208.51,1207.1,1209.14,1216.03,1205.55,-1,7.683333333333334,-0.14790076335877403,-0.34255725190841024,0.04103053435115104,-0.15362595419848515,0.0,0.0,0.0
749,2016,7.809999999999945,0.3124892826521845,1213.56,1214.24,1211.96,1213.98,1206.17,1,7.083333333333333,0.03329065300896194,-0.2586427656850187,0.10499359795133702,-0.18693982074264362,0.0,0.0,0.0
750,2016,6.569999999999936,0.26660869565217166,1215.0,1207.89,1210.44,1220.95,1214.38,-1,7.016666666666667,0.9878234398782454,0.5996955859969699,1.02283105022829,0.6347031963470146,0.0,0.0,1.0
751,2016,3.740000000000009,0.15428133655489484,1214.39,1183.99,1186.95,1214.99,1211.25,-1,8.516666666666667,7.288770053475916,6.497326203208528,7.5721925133689485,6.780748663101561,0.0,0.0,1.0
754,2016,11.039999999999964,0.44733871667969005,1191.28,1189.66,1192.43,1197.54,1186.5,-1,13.966666666666667,-0.2862318840579794,-0.5371376811594278,-0.24365942028986082,-0.49456521739130926,0.0,0.0,0.0
755,2016,6.320000000000164,0.2620232172471049,1192.0,1187.08,1188.66,1194.93,1188.61,-1,8.933333333333334,0.24208860759492612,-0.007911392405091868,0.28481012658229987,0.03481012658228189,0.0,0.0,1.0
756,2016,7.129999999999882,0.35255889520714323,1188.81,1176.16,1173.76,1194.86,1187.73,-1,8.066666666666666,1.6227208976157264,1.95932678821883,1.6493688639551454,1.9859747545582491,0.0,0.0,1.0
757,2016,14.740000000000009,0.7714104145639433,1175.52,1168.29,1172.05,1176.68,1161.94,-1,14.816666666666666,-0.4308005427408348,-0.6858887381275369,-0.36160108548167735,-0.6166892808683794,0.0,0.0,0.0
758,2016,5.480000000000018,0.32349468713105234,1173.6,1174.07,1174.5,1177.93,1172.45,-1,10.266666666666667,-0.2956204379561835,-0.3740875912408664,-0.23357664233576067,-0.31204379562044354,0.0,0.0,1.0
759,2016,9.86999999999989,0.6014625228519134,1174.2,1162.27,1170.79,1181.37,1171.5,-1,7.666666666666667,0.9351570415400324,0.0719351570415445,0.9746707193515932,0.11144883485310522,0.0,0.0,1.0
760,2016,5.870000000000118,0.3404308202154175,1170.4,1171.41,1168.49,1175.23,1169.36,0,,,,,,,,
761,2016,4.319999999999936,0.25368063420158216,1167.8,1178.16,1173.74,1169.86,1165.54,1,8.316666666666666,1.9212962962963667,0.8981481481481867,1.9814814814815507,0.9583333333333706,0.0,0.0,1.0
762,2016,4.2999999999999545,0.258657729655407,1175.88,1171.27,1170.38,1178.55,1174.25,-1,7.6,0.6930232558139651,0.8999999999999841,0.846511627907009,1.0534883720930281,0.0,0.0,1.0
763,2016,5.470000000000027,0.33436667685456256,1169.36,1161.4,1159.43,1170.55,1165.08,1,9.033333333333333,-1.672760511882965,-2.03290676416816,-1.6197440585008878,-1.9798903107860828,1.0,1.0,0.0
764,2016,5.740000000000009,0.3442721274955024,1157.71,1159.66,1162.18,1160.1,1154.36,-1,8.35,-0.9233449477352219,-1.3623693379791204,-0.8937282229965333,-1.332752613240432,1.0,1.0,0.0
765,2016,4.650000000000091,0.27941113352504976,1161.56,1156.62,1157.14,1164.97,1160.32,-1,8.2,0.795698924731177,0.6838709677418869,0.8322580645161382,0.7204301075268481,0.0,0.0,1.0
766,2016,4.7000000000000455,0.313154387968783,1161.88,1162.5,1149.47,1162.49,1157.79,1,7.366666666666666,0.0021276595744661292,-2.770212765957416,0.042553191489370965,-2.729787234042511,0.0,1.0,0.0
767,2016,9.61999999999989,0.5965627214741256,1140.94,1126.61,1131.5,1144.35,1134.73,-1,10.3,0.844074844074866,0.33575883575884147,0.9334719334719459,0.4251559251559215,0.0,0.0,1.0
768,2016,8.63000000000011,0.5365008880994744,1133.51,1128.57,1134.33,1135.21,1126.58,1,9.866666666666667,-0.7694090382387041,-0.10196987253767069,-0.7172653534183054,-0.049826187717272104,0.0,0.0,0.0
769,2016,6.789999999999964,0.4220012430080773,1141.44,1139.5,1139.08,1142.28,1135.49,0,,,,,,,,
770,2016,6.970000000000027,0.4459780621572231,1133.83,1127.72,1130.85,1139.65,1132.68,-1,8.4,0.7116212338593999,0.2625538020086295,0.7417503586800649,0.29268292682929453,0.0,0.0,1.0
771,2016,7.529999999999973,0.5052480230050302,1136.31,1130.99,1131.32,1136.85,1129.32,1,7.333333333333333,-0.778220451527214,-0.7343957503320043,-0.7476759628153921,-0.7038512616201824,0.0,0.0,0.0
772,2016,4.309999999999945,0.3011428856615222,1131.07,1132.66,1128.6,1132.56,1128.25,-1,13.75,-1.0232018561485239,-0.08120649651970151,-0.8329466357309028,0.10904872389791954,1.0,1.0,0.0
773,2016,3.8900000000001,0.27865329512894693,1130.87,1135.21,1132.59,1132.17,1128.28,1,9.316666666666666,0.7814910025706646,0.10796915167090863,0.8149100257069386,0.1413881748071826,0.0,0.0,0.0
775,2016,8.740000000000009,0.7117553646321093,1139.42,1136.78,1139.49,1140.33,1131.59,1,7.8,-0.4061784897025115,-0.09610983981692417,-0.2860411899313498,0.024027459954237548,0.0,0.0,1.0
776,2016,5.6599999999998545,0.4484106998353136,1143.67,1138.01,1141.8,1144.36,1138.7,-1,11.05,0.12190812720849334,-0.5477031802120121,0.17491166077739126,-0.4946996466431142,0.0,0.0,0.0
777,2016,7.920000000000073,0.6328297557829665,1149.33,1149.42,1155.54,1150.19,1142.27,1,15.95,-0.09722222222221903,0.6755050505050328,-0.06691919191918785,0.705808080808064,0.0,0.0,1.0
778,2016,4.9500000000000455,0.3867122760221679,1160.59,1157.13,1151.89,1162.94,1157.99,-1,8.983333333333333,0.17373737373735193,1.2323232323232027,0.2707070707070517,1.3292929292929023,0.0,0.0,1.0
780,2017,9.100000000000136,0.7468767770567061,1157.46,1154.85,1159.14,1158.66,1149.56,-1,9.5,-0.5813186813186686,-1.052747252747254,-0.4967032967032873,-0.9681318681318726,0.0,1.0,0.0
781,2017,7.220000000000027,0.6228471781473576,1162.23,1165.4,1162.72,1163.27,1156.05,1,8.166666666666666,0.29501385041552647,-0.07617728531855297,0.32548476454295394,-0.045706371191125486,0.0,0.0,0.0
782,2017,13.180000000000064,1.211580004858931,1178.47,1181.32,1180.8,1178.94,1165.76,1,8.033333333333333,0.18057663125947424,0.14112291350530282,0.1965098634294314,0.15705614567525997,0.0,0.0,0.0
783,2017,8.11999999999989,0.724921405204782,1174.19,1175.58,1172.17,1181.87,1173.75,-1,7.116666666666666,-0.22536945812807288,0.194581280788171,-0.1884236453201962,0.23152709359604767,1.0,1.0,0.0
784,2017,3.9200000000000728,0.3403263114159447,1174.02,1178.87,1184.16,1176.51,1172.59,1,8.266666666666667,0.6020408163264939,1.951530612244885,0.7551020408162638,2.104591836734655,0.0,0.0,1.0
785,2017,7.420000000000073,0.6445488220293303,1185.48,1188.74,1186.62,1187.52,1180.1,1,14.6,0.16442048517520422,-0.12129380053909462,0.22911051212938394,-0.05660377358491491,0.0,0.0,0.0
786,2017,5.060000000000173,0.43227542608177133,1190.22,1180.4,1191.74,1190.66,1185.6,1,8.433333333333334,-2.027667984189652,0.21343873517784395,-1.940711462450514,0.3003952569169822,1.0,1.0,0.0
787,2017,8.039999999999964,0.6298930592007668,1200.63,1201.48,1196.15,1200.85,1192.81,1,7.216666666666667,0.0783582089552378,-0.5845771144278408,0.07711442786071157,-0.5858208955223669,0.0,0.0,0.0
788,2017,5.439999999999827,0.41077197732554654,1195.62,1194.17,1197.79,1196.62,1191.18,1,7.65,-0.4503676470588044,0.21507352941178493,-0.3786764705882373,0.28676470588235203,1.0,1.0,0.0
790,2017,9.740000000000009,0.7222304612190432,1211.43,1212.73,1215.78,1212.79,1203.05,1,8.083333333333334,-0.00616016427104162,0.3069815195071875,0.05338809034907406,0.3665297741273032,0.0,0.0,0.0
791,2017,6.480000000000018,0.4615760338651915,1213.25,1215.24,1209.7,1217.42,1210.94,-1,7.6,-0.6635802469135713,0.1913580246913589,-0.6466049382716116,0.20833333333331872,0.0,0.0,0.0
792,2017,7.309999999999945,0.5312941274192169,1201.99,1199.45,1205.54,1204.86,1197.55,1,9.4,-0.7400820793433509,0.0930232558139629,-0.6812585499316082,0.15184678522570563,1.0,1.0,0.0
793,2017,5.179999999999836,0.38185705108626916,1207.74,1203.6,1212.45,1208.31,1203.13,1,7.05,-0.909266409266445,0.7992277992278438,-0.859073359073395,0.8494208494208938,1.0,1.0,0.0
794,2017,5.680000000000064,0.3913771040456785,1215.64,1217.41,1216.0,1219.43,1213.75,-1,7.383333333333334,-0.6443661971831057,-0.39612676056337587,-0.42781690140845713,-0.1795774647887272,0.0,0.0,0.0
795,2017,4.3599999999999,0.3113491456261087,1214.78,1214.17,1207.05,1218.51,1214.15,-1,7.866666666666666,-0.0045871559632986855,1.6284403669725458,0.07110091743118177,1.7041284403670263,0.0,0.0,1.0
796,2017,7.130000000000109,0.5084814833681501,1203.26,1196.72,1198.03,1209.71,1202.58,-1,7.1,0.821879382889174,0.6381486676016669,0.8457223001402356,0.6619915848527286,0.0,0.0,1.0
797,2017,6.660000000000082,0.48123870967742527,1196.2,1186.38,1189.18,1202.53,1195.87,-1,7.1,1.4249249249248745,1.0045045045044663,1.4684684684684464,1.0480480480480379,0.0,0.0,1.0
798,2017,6.589999999999918,0.4612769361531861,1182.02,1187.69,1191.26,1188.35,1181.76,-1,7.783333333333333,-0.8998482549317356,-1.4415781487101849,-0.8694992412746722,-1.4112291350531214,1.0,1.0,0.0
799,2017,3.8700000000001182,0.2748161298503757,1191.84,1198.21,1195.11,1195.64,1191.77,-1,7.05,-1.6640826873384647,-0.8630490956071877,-1.6279069767441245,-0.8268733850128477,1.0,1.0,0.0
800,2017,6.940000000000055,0.4909798372833428,1199.66,1212.4,1212.76,1202.96,1196.02,1,11.983333333333333,1.3602305475504295,1.4121037463976769,1.4596541786743558,1.5115273775216032,0.0,0.0,1.0
801,2017,4.880000000000109,0.3485003060599956,1207.19,1203.36,1208.85,1211.67,1206.79,1,8.983333333333333,-1.7028688524590136,-0.577868852459037,-1.6680327868852292,-0.5430327868852524,1.0,1.0,0.0
802,2017,7.620000000000118,0.5437863186869285,1213.57,1216.91,1216.05,1217.16,1209.54,1,8.766666666666667,-0.03280839895013073,-0.14566929133859713,0.0354330708661388,-0.0774278215223276,0.0,0.0,1.0
803,2017,5.829999999999927,0.41110103757428684,1213.08,1219.18,1216.37,1216.72,1210.89,-1,13.033333333333333,-1.4219554030874901,-0.9399656946826517,-1.3379073756432336,-0.8559176672383952,1.0,1.0,0.0
804,2017,4.980000000000018,0.34521687462864054,1223.7,1228.65,1233.3,1224.99,1220.01,1,11.35,0.7349397590361584,1.6686746987951637,0.8112449799197141,1.7449799196787195,0.0,0.0,1.0
805,2017,4.119999999999891,0.2856718339854317,1232.96,1234.62,1232.97,1235.52,1231.4,-1,7.833333333333333,-0.7815533980582245,-0.3810679611650432,-0.7475728155339827,-0.34708737864080136,0.0,1.0,0.0
806,2017,5.399999999999864,0.3892493049119461,1230.9,1241.67,1239.48,1235.34,1229.94,1,8.816666666666666,1.1722222222222805,0.7666666666667046,1.3703703703704218,0.9648148148148459,0.0,0.0,1.0
807,2017,3.5699999999999363,0.2519661222020525,1239.26,1234.13,1231.7,1242.28,1238.71,1,8.65,-2.282913165266109,-2.963585434173702,-2.142857142857143,-2.823529411764736,1.0,1.0,0.0
808,2017,4.690000000000055,0.32609883287807656,1223.9,1229.93,1232.93,1226.78,1222.09,-1,7.466666666666667,-1.6716417910447876,-2.3113006396588527,-1.5117270788912713,-2.1513859275053364,1.0,1.0,0.0
809,2017,3.8500000000001364,0.26138402599292904,1231.04,1223.03,1225.94,1231.67,1227.82,1,7.95,-2.2441558441557907,-1.4883116883116403,-2.231168831168731,-1.4753246753245806,1.0,1.0,0.0
810,2017,5.3400000000001455,0.35925036040366165,1229.62,1223.5,1229.63,1230.13,1224.79,1,12.6,-1.2415730337078519,-0.09363295880149558,-1.1479400749063562,0.0,1.0,1.0,0.0
811,2017,3.839999999999918,0.26332288401253345,1225.86,1224.91,1231.27,1228.51,1224.67,-1,7.216666666666667,-0.0625000000000037,-1.7187500000000129,-0.02604166666670275,-1.682291666666712,0.0,1.0,1.0
812,2017,4.650000000000091,0.320358250086124,1232.7,1240.41,1240.39,1236.71,1232.06,1,8.75,0.795698924731177,0.7913978494623638,0.8795698924731323,0.8752688172043191,0.0,0.0,1.0
813,2017,1.509999999999991,0.10442084465300008,1237.4,1239.23,1235.62,1238.78,1237.27,-1,7.883333333333334,-1.2980132450331445,1.0927152317881463,-1.1655629139072858,1.225165562914005,1.0,1.0,0.0
815,2017,4.839999999999918,0.36077095091043976,1234.81,1233.91,1236.49,1237.24,1232.4,-1,8.766666666666667,-0.31198347107438357,-0.8450413223140469,-0.24173553719010177,-0.7747933884297652,0.0,1.0,1.0
816,2017,4.009999999999991,0.3013095749248595,1234.51,1233.83,1237.34,1237.49,1233.48,1,9.4,-0.9127182044888006,-0.03740648379054646,-0.8927680798005393,-0.017456359102285254,1.0,1.0,0.0
817,2017,2.259999999999991,0.1757192047095406,1236.45,1249.58,1249.39,1237.95,1235.69,1,8.966666666666667,5.146017699115013,5.0619469026549115,5.464601769911487,5.3805309734513855,0.0,0.0,1.0
818,2017,5.920000000000073,0.4590418166712879,1252.96,1256.08,1258.28,1253.79,1247.87,1,7.45,0.3868243243243134,0.7584459459459382,0.4121621621621279,0.7837837837837527,0.0,0.0,1.0
819,2017,3.619999999999891,0.2861821672595767,1257.22,1259.68,1255.13,1259.0,1255.38,-1,8.116666666666667,-1.1878453038674266,0.06906077348066507,-1.0469613259668724,0.2099447513812193,1.0,1.0,0.0
820,2017,2.769999999999982,0.2130418062956639,1253.71,1257.36,1250.57,1254.44,1251.67,-1,8.416666666666666,-2.0541516245486875,0.3971119133574526,-1.9169675090252636,0.5342960288808765,1.0,1.0,0.0
821,2017,6.190000000000055,0.4814979442160282,1243.59,1243.8,1247.54,1248.41,1242.22,-1,12.166666666666666,-0.2552504038772073,-0.8594507269789805,-0.18416801292404889,-0.7883683360258221,0.0,1.0,0.0
822,2017,3.5900000000001455,0.28818807339450736,1244.39,1241.29,1233.25,1247.96,1244.37,-1,7.0,0.8579387186628976,3.097493036211543,0.8635097493036241,3.1030640668522698,0.0,0.0,1.0
823,2017,5.260000000000218,0.41831401954103087,1231.97,1225.37,1234.27,1235.38,1230.12,-1,7.15,0.9030418250950195,-0.7889733840304028,0.9923954372623214,-0.699619771863101,0.0,1.0,1.0
824,2017,4.869999999999891,0.38846789356730993,1232.2,1228.8,1227.19,1236.77,1231.9,-1,7.033333333333333,0.6365503080082558,0.9671457905544439,0.6960985626283729,1.026694045174561,0.0,0.0,1.0
825,2017,3.019999999999982,0.24180726336860064,1225.29,1220.13,1214.68,1227.01,1223.99,-1,9.083333333333334,1.278145695364213,3.0827814569536427,1.3543046357615705,3.1589403973510004,0.0,0.0,1.0
826,2017,2.7899999999999636,0.2290909090909064,1216.9,1207.78,1209.18,1218.48,1215.69,-1,7.466666666666667,2.83512544802874,2.3333333333333606,2.8996415770609403,2.397849462365561,0.0,0.0,1.0
827,2017,5.2000000000000455,0.42286245353160257,1206.11,1203.73,1202.58,1208.94,1203.74,-1,8.766666666666667,0.0019230769230751572,0.22307692307693686,0.08461538461539438,0.3057692307692561,0.0,0.0,0.0
828,2017,3.380000000000109,0.27374754136296164,1197.7,1201.98,1202.15,1200.17,1196.79,-1,7.366666666666666,-1.5355029585798483,-1.585798816568034,-1.426035502958515,-1.4763313609467006,1.0,1.0,0.0
829,2017,7.3599999999999,0.5787138444257154,1211.0,1204.81,1204.53,1211.11,1203.75,-1,12.35,-0.14402173913042932,-0.10597826086956295,-0.07201086956521466,-0.03396739130434829,0.0,0.0,0.0
830,2017,3.380000000000109,0.2704618198445449,1201.59,1205.78,1198.64,1204.93,1201.55,-1,7.0,-1.2514792899407934,0.8609467455620593,-1.2396449704141772,0.8727810650886754,1.0,1.0,0.0
831,2017,6.2999999999999545,0.5010794227928609,1204.11,1201.1,1219.73,1205.2,1198.9,-1,12.5,-0.3492063492063229,-3.3063492063492186,-0.190476190476163,-3.1476190476190586,0.0,1.0,0.0
832,2017,7.1400000000001,0.5400324149108662,1226.6,1228.37,1226.27,1227.13,1219.99,1,7.45,0.17366946778708184,-0.12044817927172483,0.24789915966385953,-0.04621848739494715,0.0,0.0,0.0
833,2017,3.5900000000001455,0.26950506729584445,1227.7,1229.36,1228.45,1227.96,1224.37,1,7.033333333333333,0.38997214484674286,0.13649025069637583,0.420612813370454,0.16713091922008694,0.0,0.0,0.0
834,2017,4.970000000000027,0.3851860053144395,1234.2,1233.45,1234.49,1235.04,1230.07,1,7.366666666666666,-0.3199195171025975,-0.11066398390341077,-0.28370221327964723,-0.07444668008046053,1.0,1.0,0.0
835,2017,8.450000000000045,0.6773159280888609,1230.08,1242.91,1244.56,1235.22,1226.77,1,13.383333333333333,0.9100591715976347,1.1053254437869666,0.9869822485207219,1.182248520710054,0.0,0.0,1.0
836,2017,4.579999999999927,0.35294765233664815,1247.44,1247.86,1247.8,1248.49,1243.91,1,8.066666666666666,-0.13755458515286445,-0.15065502183407545,-0.045851528384288145,-0.05895196506549915,0.0,0.0,0.0
837,2017,3.4299999999998363,0.27934845840603656,1247.23,1245.42,1246.16,1247.62,1244.19,1,7.033333333333333,-0.6413994169095986,-0.42565597667634947,-0.6239067055393512,-0.40816326530610214,1.0,1.0,1.0
838,2017,4.5499999999999545,0.3770346256288799,1242.46,1247.65,1247.94,1246.59,1242.04,-1,8.2,-1.2329670329670732,-1.2967032967033296,-1.1780219780220178,-1.2417582417582742,1.0,1.0,0.0
839,2017,6.539999999999964,0.545454545454542,1257.21,1255.06,1255.14,1258.0,1251.46,1,7.283333333333333,-0.4495412844036806,-0.4373088685015162,-0.38226299694189814,-0.37003058103973374,0.0,0.0,0.0
840,2017,2.790000000000191,0.22630359212052517,1253.46,1256.92,1248.84,1255.39,1252.6,-1,7.1,-1.5483870967741462,1.347670250895962,-1.4086021505375608,1.4874551971325474,1.0,1.0,0.0
841,2017,3.8799999999998818,0.31706747606816654,1249.06,1252.13,1253.45,1251.07,1247.19,1,9.75,0.27319587628871267,0.6134020618557169,0.3402061855670629,0.6804123711340672,0.0,0.0,0.0
842,2017,5.430000000000064,0.4512108262108315,1249.84,1248.65,1244.39,1253.65,1248.22,-1,13.516666666666667,-0.07918968692450436,0.7053406998158163,0.023941068139941114,0.8084714548802617,0.0,0.0,0.0
843,2017,4.710000000000036,0.3910800071170183,1242.12,1247.07,1250.01,1244.32,1239.61,1,14.283333333333333,0.5838641188959616,1.2080679405520192,0.6199575371549517,1.2441613588110094,0.0,0.0,1.0
844,2017,2.6699999999998454,0.22001177163035765,1247.48,1252.13,1252.23,1249.83,1247.16,-1,7.016666666666667,-1.8614232209739008,-1.8988764044944682,-1.8127340823971632,-1.8501872659177305,1.0,1.0,1.0
845,2017,2.6399999999998727,0.21730950141108968,1256.04,1256.77,1256.51,1257.04,1254.4,1,7.733333333333333,-0.10227272727272531,-0.2007575757575751,-0.053030303030343486,-0.15151515151519326,1.0,1.0,1.0
846,2017,2.730000000000018,0.2500000000000015,1254.8,1247.52,1252.36,1256.19,1253.46,1,8.016666666666667,-3.1758241758241814,-1.4029304029304501,-3.1135531135530927,-1.3406593406593617,1.0,1.0,0.0
847,2017,6.0499999999999545,0.5533777603554114,1254.17,1252.48,1253.07,1258.85,1252.8,-1,11.1,0.05289256198346095,-0.044628099173551046,0.06942148760331833,-0.028099173553693662,0.0,0.0,0.0
848,2017,18.819999999999936,1.6992132077905275,1265.41,1266.07,1255.78,1269.33,1250.51,1,13.5,-0.17321997874601497,-0.7199787460148778,0.160998937300743,-0.38575982996811986,0.0,0.0,0.0
849,2017,4.029999999999973,0.33406359168689476,1254.13,1251.67,1253.8,1255.77,1251.74,-1,12.183333333333334,0.01736972704713072,-0.5111662531017269,0.0843672456575485,-0.4441687344913091,0.0,1.0,1.0
850,2017,4.420000000000073,0.39142260737555223,1256.67,1272.58,1273.57,1257.41,1252.99,1,8.016666666666667,3.4321266968324875,3.656108597284975,3.5067873303166843,3.7307692307691713,0.0,0.0,1.0
851,2017,5.990000000000009,0.4852166869177814,1274.11,1276.19,1275.21,1279.72,1273.73,-1,8.4,-0.4106844741235447,-0.2470784641068474,-0.38564273789648446,-0.22203672787978718,0.0,0.0,0.0
852,2017,4.060000000000173,0.3204961939667463,1284.9,1284.06,1286.75,1287.92,1283.86,-1,7.233333333333333,-0.04926108374385147,-0.7118226600985165,0.01477832512313864,-0.6477832512315264,1.0,1.0,0.0
853,2017,8.279999999999973,0.6693613581244923,1288.13,1291.6,1285.77,1295.41,1287.13,-1,7.083333333333333,-0.5398550724637458,0.1642512077294845,-0.5132850241545911,0.1908212560386392,0.0,0.0,0.0
854,2017,4.120000000000118,0.33997406577862566,1283.74,1287.95,1290.65,1285.49,1281.37,1,10.25,0.5970873786407684,1.2524271844660033,0.6844660194174407,1.3398058252426757,1.0,1.0,0.0
855,2017,5.5,0.4467393826873987,1284.68,1279.79,1282.13,1289.82,1284.32,-1,7.0,0.8236363636363587,0.3981818181817868,0.8890909090909273,0.46363636363635535,0.0,0.0,1.0
856,2017,3.6800000000000637,0.28471953578337045,1279.41,1282.49,1280.7,1281.0,1277.32,1,7.833333333333333,0.40489130434782156,-0.08152173913042102,0.46739130434782544,-0.019021739130417152,1.0,1.0,0.0
857,2017,2.6400000000001,0.20992843348859172,1280.13,1283.99,1284.6,1281.88,1279.24,-1,8.016666666666667,-1.7992424242423561,-2.0303030303029153,-1.70454545454539,-1.9356060606059493,1.0,1.0,0.0
858,2017,8.410000000000082,0.6731461894688777,1272.05,1272.42,1275.61,1277.43,1269.02,-1,13.05,-0.4042806183115408,-0.7835909631391027,-0.4007134363852658,-0.7800237812128278,0.0,0.0,0.0
859,2017,5.429999999999836,0.4180598328200497,1273.01,1266.77,1264.17,1278.11,1272.68,-1,7.25,1.0883977900552966,1.5672191528545576,1.1546961325967164,1.6335174953959777,0.0,0.0,1.0
860,2017,3.75,0.27458158995815923,1262.81,1263.15,1267.02,1264.99,1261.24,1,7.166666666666667,-0.4906666666666448,0.541333333333326,-0.32800000000000484,0.7039999999999661,0.0,1.0,0.0
861,2017,2.800000000000182,0.20804585500479025,1267.09,1265.42,1264.86,1268.39,1265.59,-1,7.2,0.06071428571422655,0.2607142857142753,0.13571428571423466,0.3357142857142834,0.0,0.0,1.0
862,2017,2.6099999999999,0.19597747385357248,1265.03,1266.78,1267.52,1265.85,1263.24,1,7.333333333333333,0.3563218390804978,0.6398467432950715,0.5249042145593653,0.808429118773939,0.0,0.0,0.0
863,2017,9.259999999999991,0.7574642126789355,1262.67,1263.89,1257.03,1271.04,1261.78,-1,8.116666666666667,-0.2278617710583293,0.5129589632829379,-0.2170626349892001,0.5237580993520671,0.0,0.0,0.0
864,2017,2.849999999999909,0.2239685658153169,1255.9,1254.73,1256.22,1257.73,1254.88,-1,8.75,0.05263157894740201,-0.47017543859647754,0.06666666666668794,-0.45614035087719157,0.0,0.0,1.0
865,2017,1.7300000000000182,0.14958927799394875,1255.52,1249.76,1246.93,1256.85,1255.12,-1,7.05,3.098265895953667,4.734104046242625,3.11560693641621,4.751445086705168,0.0,0.0,1.0
866,2017,5.980000000000018,0.4984223373221423,1235.49,1229.45,1226.78,1241.23,1235.25,-1,7.116666666666666,0.9698996655518289,1.416387959866221,1.0401337792642154,1.4866220735786075,0.0,0.0,1.0
867,2017,8.210000000000036,0.6500028275745098,1233.11,1228.39,1228.65,1234.96,1226.75,1,10.6,-0.8002436053593066,-0.7685749086479802,-0.7819732034104527,-0.7503045066991263,1.0,1.0,0.0
868,2017,7.810000000000173,0.6351068773234346,1229.69,1228.22,1228.28,1234.65,1226.84,1,11.2,-0.823303457106264,-0.8156209987195874,-0.7861715749039355,-0.7784891165172589,0.0,1.0,0.0
869,2017,2.980000000000018,0.24570082449941266,1226.87,1218.05,1216.19,1228.49,1225.51,-1,7.316666666666666,2.5033557046979835,3.1275167785234497,2.6845637583892454,3.308724832214711,0.0,0.0,1.0
870,2017,3.7899999999999636,0.3156642274971712,1222.29,1220.8,1217.67,1224.54,1220.75,-1,7.616666666666666,-0.013192612137191294,0.8126649076517036,-0.01583113456462955,0.8100263852242654,1.0,1.0,0.0
871,2017,4.819999999999936,0.3982060663283317,1221.16,1224.75,1224.38,1221.7,1216.88,1,7.0,0.6327800829875508,0.556016597510394,0.7448132780082916,0.6680497925311348,0.0,0.0,1.0
872,2017,2.5800000000001546,0.2119593920544698,1226.69,1230.49,1227.91,1226.94,1224.36,1,7.3,1.3759689922479619,0.3759689922480501,1.4341085271317147,0.43410852713180276,0.0,0.0,1.0
873,2017,5.029999999999973,0.4398775688675099,1231.81,1234.0,1230.86,1231.92,1226.89,1,7.3,0.41351888667990827,-0.21073558648114882,0.4473161033797241,-0.17693836978133298,0.0,0.0,1.0
874,2017,4.820000000000164,0.438466536712166,1233.85,1238.12,1237.32,1235.17,1230.35,1,7.183333333333334,0.6120331950206883,0.4460580912862636,0.632780082987521,0.46680497925309616,0.0,0.0,0.0
875,2017,7.399999999999864,0.6834223893396539,1242.87,1259.91,1256.98,1244.84,1237.44,1,10.533333333333333,2.036486486486546,1.6405405405405844,2.050000000000048,1.6540540540540858,0.0,0.0,1.0
876,2017,5.199999999999818,0.4281093795942227,1259.14,1253.09,1248.35,1262.86,1257.66,-1,7.233333333333333,0.8788461538462161,1.7903846153847112,0.8980769230769685,1.8096153846154637,1.0,1.0,0.0
877,2017,4.309999999999945,0.3282023388632001,1249.63,1252.62,1254.27,1251.12,1246.81,1,7.316666666666666,0.3480278422273826,0.7308584686775246,0.4733178654292319,0.8561484918793738,0.0,0.0,1.0
878,2017,5.819999999999936,0.4617477048622878,1253.26,1259.64,1260.82,1257.54,1251.72,1,13.066666666666666,0.3608247422680686,0.5635738831615135,0.491408934707931,0.6941580756013759,0.0,0.0,0.0
879,2017,2.5900000000001455,0.19991178740766405,1262.54,1260.52,1253.16,1263.7,1261.11,-1,7.45,0.2277992277991834,3.069498069497827,0.27413127413127275,3.115830115829916,0.0,0.0,1.0
880,2017,5.769999999999982,0.465537113877362,1248.95,1252.2,1255.24,1253.71,1247.94,-1,7.3,-0.7383015597920285,-1.2651646447140343,-0.707105719237464,-1.2339688041594699,1.0,1.0,0.0
881,2017,3.2999999999999545,0.2733566061179778,1259.27,1255.51,1255.81,1259.58,1256.28,-1,11.5,0.23333333333333103,0.14242424242425267,0.34848484848488087,0.2575757575758025,0.0,0.0,0.0
882,2017,5.779999999999973,0.4894749576578742,1258.47,1267.68,1269.06,1258.84,1253.06,1,7.75,1.5294117647059147,1.768166089965411,1.574394463667851,1.8131487889273474,0.0,0.0,1.0
884,2017,5.169999999999845,0.4521206821162963,1267.67,1261.76,1262.87,1270.36,1265.19,-1,8.783333333333333,0.6634429400387168,0.44874274661513214,0.7562862669246032,0.5415860735010185,0.0,0.0,1.0
885,2017,3.0299999999999727,0.26013368492058403,1261.57,1267.08,1271.86,1262.52,1259.49,1,7.483333333333333,1.5049504950495005,3.082508250825083,1.590759075907584,3.1683168316831667,0.0,0.0,1.0
886,2017,4.339999999999918,0.36402851836318273,1266.91,1264.43,1267.65,1270.25,1265.91,-1,7.5,0.34101382488480325,-0.40092165898618476,0.3686635944700321,-0.37327188940095596,0.0,0.0,1.0
887,2017,6.720000000000027,0.5585040071237785,1260.35,1276.43,1277.25,1265.72,1259.0,1,13.5,1.593749999999999,1.7157738095237984,2.072916666666668,2.1949404761904674,0.0,0.0,1.0
888,2017,3.25,0.2553597485688632,1279.75,1280.99,1279.22,1281.93,1278.68,1,13.083333333333334,-0.289230769230786,-0.833846153846165,-0.0953846153845986,-0.6399999999999776,0.0,1.0,0.0
889,2017,7.600000000000136,0.6076874750128626,1286.84,1293.94,1291.11,1287.18,1279.58,1,7.25,0.8894736842105092,0.5171052631578639,0.9092105263157839,0.5368421052631387,0.0,0.0,1.0
890,2017,3.4200000000000728,0.28881650380022333,1291.85,1292.27,1283.2,1294.2,1290.78,-1,11.566666666666666,-0.43567251461987644,2.2163742690057795,-0.3713450292397529,2.280701754385903,0.0,0.0,1.0
891,2017,5.269999999999982,0.4657828282828264,1288.63,1276.3,1278.89,1288.85,1283.58,1,7.0,-2.3814041745730545,-1.8899430740037653,-2.339658444022808,-1.8481973434535186,1.0,1.0,0.0
892,2017,7.0,0.5886239413778604,1273.83,1266.78,1270.64,1280.07,1273.07,-1,7.066666666666666,0.8985714285714234,0.34714285714283377,0.9414285714285597,0.3899999999999701,0.0,0.0,1.0
893,2017,3.660000000000082,0.29914180629342724,1267.01,1266.63,1266.49,1270.0,1266.34,-1,7.933333333333334,-0.07923497267764604,-0.040983606557400985,-0.06284153005464838,-0.024590163934403313,1.0,1.0,0.0
894,2017,4.420000000000073,0.3753487807837017,1266.0,1263.87,1266.76,1267.04,1262.62,-1,9.466666666666667,-0.2828054298642487,-0.9366515837104145,-0.21266968325787597,-0.8665158371040417,0.0,1.0,0.0
895,2017,3.759999999999991,0.32197687931983576,1269.38,1277.62,1266.93,1270.01,1266.25,-1,12.25,-3.0239361702127443,-0.1808510638298046,-2.968085106382947,-0.12500000000000755,1.0,1.0,0.0
896,2017,4.570000000000164,0.3543420469650106,1262.72,1255.12,1254.19,1266.67,1262.1,-1,7.1,1.527352297592947,1.7308533916848077,1.5864332603938163,1.789934354485677,0.0,0.0,1.0
897,2017,3.3299999999999272,0.2596491228070119,1253.34,1255.11,1254.44,1255.07,1251.74,1,9.016666666666667,0.01201201201200135,-0.1891891891891578,0.06606606606600743,-0.13513513513515174,0.0,0.0,0.0
898,2017,4.559999999999945,0.35235677227066614,1251.72,1248.65,1245.01,1255.57,1251.01,-1,8.083333333333334,0.5175438596491071,1.3157894736842262,0.5372807017543525,1.3355263157894717,0.0,0.0,1.0
899,2017,3.1700000000000728,0.24271260596117605,1245.92,1242.65,1243.84,1245.95,1242.78,1,7.033333333333333,-1.0410094637223593,-0.6656151419558608,-0.9652996845425473,-0.589905362776049,1.0,1.0,0.0
900,2017,2.480000000000018,0.19830934429975022,1245.47,1244.75,1246.27,1246.89,1244.41,1,10.033333333333333,-0.8629032258064856,-0.25000000000004585,-0.8024193548387074,-0.18951612903226767,1.0,1.0,0.0
901,2017,8.009999999999991,0.6477587800369674,1253.97,1250.21,1249.1,1254.66,1246.65,0,,,,,,,,
902,2017,3.2100000000000364,0.2789571694599653,1252.68,1255.43,1255.69,1252.94,1249.73,1,7.0,0.7757009345794333,0.8566978193146321,0.8566978193146321,0.9376947040498308,0.0,0.0,1.0
903,2017,4.610000000000127,0.3922450467971413,1254.39,1244.5,1242.55,1257.92,1253.31,-1,9.016666666666667,1.9110629067244473,2.3340563991322547,1.9197396963122917,2.342733188720099,0.0,0.0,1.0
904,2017,4.440000000000055,0.3644251626898084,1245.06,1247.86,1250.15,1245.69,1241.25,1,7.033333333333333,0.4887387387386979,1.0045045045045005,0.5495495495495039,1.0653153153153063,0.0,0.0,1.0
905,2017,5.320000000000164,0.43616772077771254,1251.31,1249.33,1249.18,1253.39,1248.07,1,9.2,-0.7631578947368511,-0.7913533834586292,-0.5939849624060122,-0.6221804511277902,1.0,1.0,0.0
906,2017,4.269999999999982,0.3736249999999974,1252.47,1244.21,1245.32,1253.12,1248.85,-1,8.766666666666667,1.0866510538641434,0.8266978922716599,1.187353629976571,0.9274004683840874,0.0,0.0,1.0
907,2017,4.430000000000064,0.3930291508238323,1244.27,1242.37,1240.8,1248.16,1243.73,-1,7.3,0.30699774266368124,0.6613995485327362,0.3498871331828803,0.7042889390519353,0.0,0.0,1.0
908,2017,6.240000000000009,0.5457271364317836,1236.42,1222.61,1221.51,1241.95,1235.71,-1,7.233333333333333,2.099358974358993,2.2756410256410295,2.0897435897436174,2.266025641025654,0.0,0.0,1.0
910,2017,3.990000000000009,0.35609103078982546,1225.27,1221.33,1223.3,1228.75,1224.76,-1,7.533333333333333,0.8596491228070315,0.36591478696742685,0.9423558897243064,0.44862155388470165,0.0,0.0,1.0
911,2017,4.569999999999936,0.41735159817350903,1225.33,1223.81,1224.46,1228.37,1223.8,-1,8.316666666666666,-0.0021881838074378655,-0.14442013129104836,0.0021881838074378655,-0.14004376367617263,0.0,0.0,0.0
912,2017,7.1400000000001,0.6494282744282822,1220.41,1212.39,1209.77,1225.47,1218.33,-1,13.5,0.8319327731092079,1.1988795518207038,1.4523809523809168,1.8193277310924127,1.0,1.0,0.0
913,2017,3.4600000000000364,0.29827586206896806,1211.02,1211.91,1213.85,1213.75,1210.29,-1,7.05,-0.4682080924855784,-1.0289017341040196,-0.39595375722546355,-0.9566473988439048,1.0,1.0,1.0
914,2017,6.009999999999991,0.5058618409186537,1211.34,1208.62,1216.68,1215.91,1209.9,-1,8.15,0.21297836938439302,-1.128119800332776,0.23294509151415857,-1.1081530782030102,0.0,1.0,0.0
915,2017,3.7200000000000273,0.3079834417504451,1219.89,1222.85,1220.16,1220.45,1216.73,-1,11.566666666666666,-1.6451612903225392,-0.9220430107526986,-1.4838709677419197,-0.760752688172079,1.0,1.0,0.0
916,2017,5.7800000000002,0.4667743424088754,1223.15,1218.3,1218.33,1223.88,1218.1,1,7.533333333333333,-0.9653979238754259,-0.9602076124567457,-0.9550173010380261,-0.9498269896193459,1.0,1.0,0.0
917,2017,3.75,0.3048603449277041,1218.07,1228.77,1228.74,1218.47,1214.72,1,7.333333333333333,2.7466666666666546,2.7386666666666617,2.776000000000022,2.768000000000029,0.0,0.0,1.0
918,2017,2.5399999999999636,0.21181796521324436,1231.27,1233.46,1234.55,1232.22,1229.68,-1,7.416666666666667,-1.4881889763779634,-1.917322834645654,-1.3661417322834948,-1.7952755905511852,1.0,1.0,0.0
919,2017,6.029999999999973,0.5154160815678583,1237.81,1241.5,1243.88,1238.77,1232.74,1,13.083333333333334,0.45273631840796524,0.847429519071335,0.5024875621890524,0.8971807628524223,0.0,0.0,0.0
920,2017,4.309999999999945,0.3578460443600949,1239.57,1241.68,1241.64,1243.37,1239.06,-1,7.0,-0.6078886310905224,-0.5986078886311339,-0.48955916473321437,-0.48027842227382594,1.0,1.0,0.0
921,2017,5.019999999999982,0.43058448719519443,1238.05,1245.74,1243.8,1242.46,1237.44,-1,8.6,-1.653386454183264,-1.2669322709163193,-1.569721115537876,-1.1832669322709315,1.0,1.0,0.0
922,2017,3.019999999999982,0.25396444017299186,1246.24,1251.16,1255.1,1246.31,1243.29,1,7.033333333333333,1.6059602649007172,2.910596026490072,1.6556291390728577,2.9602649006622124,0.0,0.0,1.0
923,2017,3.6399999999998727,0.3279279279279158,1254.29,1254.81,1254.88,1257.07,1253.43,-1,7.15,-0.3791208791208599,-0.3983516483516748,-0.31318681318678915,-0.33241758241760405,1.0,1.0,0.0
924,2017,4.039999999999964,0.36175247841381103,1256.59,1250.06,1249.99,1256.87,1252.83,1,7.016666666666667,-1.6856435643564374,-1.702970297029689,-1.6064356435643732,-1.623762376237625,1.0,1.0,0.0
925,2017,5.179999999999836,0.4734608604818017,1245.58,1247.92,1256.29,1249.87,1244.69,-1,7.516666666666667,-0.6235521235521467,-2.2393822393822926,-0.5888030888031426,-2.2046332046332884,0.0,1.0,0.0
926,2017,5.1099999999999,0.42833193629504496,1263.09,1257.59,1260.87,1264.8,1259.69,1,13.65,-1.4109589041096238,-0.769080234833687,-1.244618395303376,-0.6027397260274393,1.0,1.0,0.0
927,2017,3.509999999999991,0.3140538122323755,1259.42,1266.33,1270.54,1260.8,1257.29,1,13.233333333333333,1.5754985754985718,2.7749287749287848,1.6495726495726435,2.8490028490028565,0.0,0.0,1.0
928,2017,3.75,0.32971173773786294,1268.64,1268.79,1269.81,1270.72,1266.97,-1,8.116666666666667,-0.48533333333331635,-0.7573333333333115,-0.4079999999999927,-0.6799999999999878,0.0,0.0,0.0
929,2017,3.6900000000000546,0.3340878225441423,1269.53,1272.84,1272.19,1270.66,1266.97,-1,10.083333333333334,-1.5907859078590254,-1.4146341463414498,-1.4661246612465513,-1.2899728997289757,1.0,1.0,1.0
930,2017,6.8900000000001,0.6274229218160622,1265.59,1270.46,1268.07,1271.0,1264.11,-1,13.783333333333333,-0.9216255442670601,-0.5747460087082698,-0.7721335268504875,-0.4252539912916972,0.0,1.0,0.0
931,2017,9.240000000000009,0.8305617977528086,1262.57,1269.01,1268.74,1266.14,1256.9,1,12.5,0.3106060606060485,0.28138528138527125,0.5497835497835414,0.5205627705627641,0.0,0.0,0.0
932,2017,2.9099999999998545,0.26880443388755554,1269.48,1257.37,1258.28,1270.09,1267.18,-1,13.5,3.3711340206187845,3.0584192439864384,3.6185567010311774,3.3058419243988313,0.0,0.0,1.0
933,2017,2.490000000000009,0.2181340341655722,1257.6,1257.9,1258.43,1259.0,1256.51,-1,10.733333333333333,-0.5582329317269458,-0.7710843373494239,-0.5381526104418235,-0.7510040160643018,0.0,1.0,0.0
934,2017,3.9199999999998454,0.36043609615130595,1259.99,1253.39,1255.88,1260.83,1256.91,1,9.133333333333333,-1.8979591836735001,-1.2627551020408196,-1.7984693877551614,-1.163265306122481,1.0,1.0,1.0
935,2017,5.899999999999864,0.522850993796671,1265.04,1271.76,1276.56,1267.1,1261.2,1,8.0,0.7898305084746085,1.603389830508518,0.9220338983051153,1.7355932203390247,0.0,0.0,1.0
936,2017,4.970000000000027,0.42653098755593966,1278.76,1286.59,1284.94,1279.52,1274.55,1,7.216666666666667,1.422535211267585,1.0905432595573528,1.5010060362172573,1.169014084507025,0.0,0.0,1.0
937,2017,5.009999999999991,0.42781335773101525,1285.42,1285.71,1289.81,1288.91,1283.9,1,13.5,-0.6387225548902298,0.17964071856284736,-0.19960079840319397,0.6187624750498831,1.0,1.0,0.0
938,2017,4.240000000000009,0.35400763358778736,1285.97,1284.05,1282.19,1289.45,1285.21,-1,7.05,0.27358490566039606,0.7122641509433905,0.36084905660376637,0.7995283018867607,0.0,0.0,1.0
939,2017,8.539999999999964,0.7032527498382418,1273.55,1271.03,1271.47,1281.19,1272.65,-1,13.0,0.1896955503513027,0.13817330210773637,0.23653395784543213,0.1850117096018658,0.0,0.0,0.0
940,2017,2.7799999999999727,0.2370424508191705,1272.85,1272.16,1282.39,1273.92,1271.14,-1,7.416666666666667,-0.36690647482014094,-4.046762589928098,-0.3345323741007456,-4.014388489208702,0.0,1.0,1.0
941,2017,7.0,0.5767419962335214,1287.46,1283.96,1286.37,1289.32,1282.32,1,8.033333333333333,-0.7657142857142715,-0.4214285714285779,-0.721428571428565,-0.37714285714287143,1.0,1.0,0.0
942,2017,3.3799999999998818,0.2874673470627441,1287.29,1294.47,1287.8,1289.28,1285.9,1,8.0,1.5355029585799516,-0.4378698224852278,1.6893491124261053,-0.28402366863907397,0.0,1.0,1.0
943,2017,6.029999999999973,0.4774346793349143,1284.81,1291.35,1291.46,1286.56,1280.53,1,7.3,0.7943615257048069,0.8126036484245627,0.8424543946931924,0.8606965174129483,0.0,0.0,1.0
944,2017,5.1400000000001,0.40302436292355825,1287.84,1285.58,1285.25,1292.45,1287.31,-1,7.266666666666667,0.3365758754863783,0.4007782101167131,0.39883268482493034,0.46303501945526515,0.0,0.0,1.0
945,2017,4.0,0.31244769290855323,1285.4,1289.09,1289.78,1286.66,1282.66,1,7.283333333333333,0.6074999999999591,0.7799999999999727,0.6549999999999727,0.8274999999999864,0.0,0.0,1.0
946,2017,4.019999999999982,0.3235598482235238,1289.8,1286.75,1285.61,1291.11,1287.09,-1,7.883333333333334,0.08457711442784072,0.3681592039801057,0.10696517412936955,0.3905472636816345,0.0,0.0,0.0
947,2017,2.1900000000000546,0.18628106203293504,1287.1,1290.28,1291.31,1287.28,1285.09,1,8.583333333333334,1.369863013698596,1.8401826484017683,1.5707762557077483,2.0410958904109204,1.0,1.0,1.0
948,2017,3.509999999999991,0.2738825103110013,1294.85,1303.62,1310.32,1295.27,1291.76,1,7.083333333333333,2.378917378917359,4.2877492877492855,2.5185185185185017,4.4273504273504285,0.0,0.0,1.0
949,2017,5.580000000000155,0.3922277451423515,1317.87,1319.19,1307.08,1319.45,1313.87,1,7.85,-0.04659498207885013,-2.2168458781361604,-0.014336917562710577,-2.1845878136200207,0.0,1.0,1.0
950,2017,5.809999999999945,0.40116393766028385,1310.45,1307.96,1307.23,1313.33,1307.52,-1,7.266666666666667,-0.07573149741825451,0.04991394148020075,0.024096385542146985,0.14974182444060224,1.0,1.0,0.0
951,2017,10.0,0.7067851373182547,1302.92,1316.46,1320.42,1308.9,1298.9,1,13.533333333333333,0.7559999999999946,1.1519999999999981,0.9289999999999964,1.325,0.0,0.0,1.0
952,2017,3.3099999999999454,0.2184509498892154,1319.11,1321.8,1325.0,1321.83,1318.52,-1,7.8,-0.9909365558912467,-1.957703927492485,-0.9697885196374892,-1.9365558912387273,1.0,1.0,0.0
954,2017,6.4099999999998545,0.4186806009144261,1335.77,1336.47,1343.51,1338.6,1332.19,-1,8.766666666666667,-0.6677067082683417,-1.765990639625615,-0.5585023400936051,-1.6567862714508785,0.0,1.0,0.0
955,2017,5.050000000000182,0.32736028152059365,1338.66,1339.34,1333.07,1342.38,1337.33,-1,8.75,-0.3980198019801819,0.8435643564356113,-0.28118811881184047,0.9603960396039528,0.0,0.0,1.0
956,2017,4.1099999999999,0.2631843754288004,1336.25,1346.59,1345.22,1336.52,1332.41,1,8.016666666666667,2.4501216545012605,2.1167883211679457,2.437956204379617,2.104622871046302,0.0,0.0,1.0
957,2017,10.050000000000182,0.643141198519005,1354.93,1344.02,1346.82,1357.41,1347.36,-1,14.066666666666666,0.3323383084576973,0.053731343283577496,0.3572139303482441,0.07860696517412431,0.0,0.0,0.0
958,2017,4.2000000000000455,0.2669451128160925,1337.47,1334.4,1329.61,1338.78,1334.58,-1,7.666666666666667,0.04285714285710342,1.183333333333327,0.07142857142855982,1.2119047619047834,1.0,1.0,0.0
959,2017,5.759999999999991,0.3511889208257116,1325.43,1327.29,1330.77,1328.99,1323.23,-1,11.783333333333333,-0.7048611111111027,-1.3090277777777735,-0.6545138888888867,-1.2586805555555576,1.0,1.0,0.0
960,2017,3.759999999999991,0.22686721544627797,1330.61,1323.21,1321.44,1333.1,1329.34,1,9.383333333333333,-2.6303191489361426,-3.101063829787203,-2.553191489361684,-3.0239361702127443,1.0,1.0,0.0
961,2017,3.959999999999809,0.23181133968889994,1320.72,1324.79,1326.76,1323.12,1319.16,1,8.5,0.4217171717172104,0.9191919191919888,0.4974747474747784,0.9949494949495568,1.0,1.0,0.0
962,2017,5.670000000000073,0.33359949569237657,1330.71,1321.35,1321.53,1334.22,1328.55,-1,8.116666666666667,1.2698412698412616,1.238095238095219,1.4303350970017679,1.3985890652557251,0.0,0.0,1.0
963,2017,5.129999999999882,0.32758620689654416,1317.86,1308.56,1306.73,1319.61,1314.48,-1,8.933333333333334,1.1539961013645632,1.5107212475633875,1.2046783625731396,1.561403508771964,0.0,0.0,1.0
964,2017,3.619999999999891,0.23738816806407076,1307.04,1309.49,1309.47,1309.75,1306.13,1,14.266666666666667,-0.07182320441988915,-0.07734806629833733,0.15469613259667467,0.1491712707182265,0.0,1.0,0.0
965,2017,4.25,0.28131057633208834,1313.66,1313.86,1300.99,1313.85,1309.6,1,7.25,0.0023529411764684482,-3.025882352941153,0.02823529411762138,-3.0,0.0,1.0,0.0
966,2017,5.509999999999991,0.37307152875175215,1297.47,1289.89,1290.34,1301.3,1295.79,-1,7.766666666666667,1.0707803992740241,0.9891107078040027,1.1887477313974528,1.1070780399274314,0.0,0.0,1.0
967,2017,7.480000000000018,0.5043344249662882,1297.71,1296.84,1296.38,1298.63,1291.15,0,,,,,,,,
968,2017,5.169999999999845,0.3611956684465179,1293.04,1298.18,1308.72,1294.58,1289.41,1,10.5,0.6963249516441478,2.735009671179985,0.7485493230174534,2.787234042553291,0.0,0.0,1.0
969,2017,5.730000000000018,0.3914125396438163,1311.17,1300.17,1297.82,1313.55,1307.82,-1,8.233333333333333,1.3350785340313855,1.7452006980802737,1.4345549738219898,1.844677137870878,0.0,0.0,1.0
970,2017,5.540000000000191,0.35912395240080874,1294.23,1287.26,1285.52,1296.15,1290.61,-1,9.25,0.6046931407941866,0.9187725631768489,0.6823104693140509,0.9963898916967132,0.0,0.0,1.0
971,2017,6.559999999999945,0.4305067266676003,1279.1,1283.58,1287.6,1284.79,1278.23,-1,7.016666666666667,-0.8155487804877978,-1.4283536585365806,-0.7378048780487741,-1.350609756097557,1.0,1.0,0.0
972,2017,4.009999999999991,0.26772855167151444,1284.17,1285.0,1282.12,1287.75,1283.74,-1,7.15,-0.3142144638403975,0.40399002493768627,-0.2468827930174592,0.47132169576062455,1.0,1.0,0.0
973,2017,5.2000000000000455,0.35703776360961553,1274.02,1273.41,1273.31,1278.67,1273.47,-1,7.516666666666667,0.011538461538450943,0.03076923076924624,0.07499999999997486,0.09423076923077016,0.0,0.0,0.0
974,2017,4.690000000000055,0.32375129431487987,1269.58,1273.28,1271.86,1272.96,1268.27,1,15.116666666666667,0.0682302771854867,-0.23454157782518628,0.13859275053301834,-0.16417910447765463,0.0,0.0,0.0
975,2017,4.800000000000182,0.3439803439803572,1276.39,1274.99,1274.48,1276.63,1271.83,1,7.083333333333333,-0.34166666666667456,-0.44791666666666863,-0.3374999999999645,-0.44374999999995857,1.0,1.0,1.0
976,2017,2.599999999999909,0.19243986254294873,1274.88,1273.84,1268.91,1275.54,1272.94,1,8.166666666666666,-0.6538461538461942,-2.550000000000044,-0.5730769230769466,-2.469230769230796,0.0,1.0,1.0
977,2017,2.6499999999998636,0.19853374003316804,1268.03,1272.4,1273.69,1269.57,1266.92,1,11.516666666666667,1.067924528302,1.5547169811322001,1.1320754716981716,1.6188679245283715,1.0,1.0,0.0
978,2017,9.710000000000036,0.7246268656716449,1284.11,1281.53,1282.95,1284.92,1275.21,1,7.0,-0.349124613800215,-0.2028836251287353,-0.26570545829041375,-0.1194644696189341,0.0,0.0,0.0
979,2017,6.089999999999918,0.44578061277841136,1286.6,1293.96,1288.82,1288.1,1282.01,1,7.366666666666666,0.9622331691297547,0.11822660098522775,0.981937602627274,0.13793103448274704,0.0,0.0,0.0
980,2017,4.930000000000064,0.3762127984301808,1288.28,1288.52,1289.69,1291.54,1286.61,0,,,,,,,,
981,2017,4.789999999999964,0.37428140871797483,1296.15,1293.76,1293.48,1296.36,1291.57,1,8.35,-0.5427974947807784,-0.6012526096033202,-0.521920668058459,-0.5803757828810008,1.0,1.0,0.0
982,2017,3.480000000000018,0.27148110999665837,1296.07,1299.18,1301.8,1296.66,1293.18,1,7.266666666666667,0.7241379310344738,1.4770114942528292,0.8620689655172369,1.6149425287355923,1.0,1.0,0.0
983,2017,3.5,0.2887618598621018,1302.38,1303.62,1295.3,1304.45,1300.95,1,7.733333333333333,-0.23714285714290131,-2.61428571428574,-0.12285714285716105,-2.5,0.0,1.0,0.0
984,2017,4.720000000000027,0.4044063647490847,1291.82,1284.86,1286.53,1295.73,1291.01,-1,7.383333333333334,1.302966101694927,0.9491525423728797,1.3792372881355832,1.0254237288135362,0.0,0.0,1.0
985,2017,5.680000000000064,0.488002454740724,1284.08,1280.68,1281.38,1288.79,1283.11,-1,7.766666666666667,0.4278169014084171,0.30457746478869213,0.4419014084506977,0.3186619718309727,0.0,0.0,1.0
986,2017,5.330000000000155,0.45541653951786515,1277.7,1287.63,1286.13,1281.9,1276.57,1,8.433333333333334,1.0750469043151691,0.7936210131331887,1.1350844277673557,0.8536585365853753,0.0,0.0,1.0
987,2017,8.460000000000036,0.7226798462383343,1283.71,1282.21,1279.23,1291.0,1282.54,-1,7.133333333333334,0.03900709219857279,0.39125295508273417,0.060283687943261076,0.4125295508274225,0.0,0.0,0.0
988,2017,3.8299999999999272,0.32082809788786537,1276.42,1274.15,1279.7,1278.01,1274.18,-1,8.266666666666667,0.007832898172316785,-1.4412532637075943,0.1044386422976165,-1.3446475195822947,0.0,1.0,0.0
989,2017,3.3899999999998727,0.276573426573416,1281.02,1274.38,1280.11,1283.57,1280.18,-1,8.016666666666667,1.710914454277337,0.020648967551671487,1.6519174041298288,-0.03834808259583677,0.0,0.0,1.0
990,2017,5.3400000000001455,0.4398940864960401,1274.06,1275.86,1277.38,1276.89,1271.55,-1,9.916666666666666,-0.8071161048688816,-1.0917602996254674,-0.66479400749061,-0.9494382022471958,1.0,1.0,0.0
991,2017,4.130000000000109,0.34747596153847105,1281.26,1273.73,1268.53,1282.45,1278.32,-1,8.5,1.1113801452784011,2.3704600484260787,1.1840193704599864,2.4430992736076638,0.0,0.0,1.0
992,2017,3.150000000000091,0.2636298421807824,1267.3,1269.34,1272.58,1268.5,1265.35,-1,7.733333333333333,-1.266666666666633,-2.2952380952380347,-1.238095238095159,-2.266666666666561,1.0,1.0,0.0
993,2017,3.369999999999891,0.28226144181871643,1269.74,1274.32,1275.46,1272.76,1269.39,-1,7.016666666666667,-1.462908011869435,-1.8011869436202175,-1.4183976261127975,-1.75667655786358,1.0,1.0,0.0
994,2017,3.1900000000000546,0.270912951167733,1277.28,1269.67,1270.61,1278.04,1274.85,-1,10.35,1.6238244514105793,1.329153605015654,1.7617554858933526,1.4670846394984274,0.0,0.0,1.0
995,2017,9.069999999999936,0.7636057489927194,1274.8,1276.62,1275.17,1276.95,1267.88,1,9.316666666666666,-0.036383682469697566,-0.19625137816978888,0.06945975744210432,-0.090407938257987,0.0,0.0,0.0
996,2017,6.259999999999991,0.5110800093305348,1278.73,1278.64,1276.1,1281.33,1275.07,-1,11.916666666666666,-0.5702875399361292,-0.1645367412140534,-0.47603833865815054,-0.07028753993607473,1.0,1.0,0.0
997,2017,3.2799999999999727,0.2710903831394989,1275.44,1268.57,1270.02,1278.66,1275.38,-1,7.0,2.076219512195192,1.6341463414634672,2.0945121951220047,1.6524390243902798,1.0,1.0,0.0
998,2017,4.569999999999936,0.38081066603177954,1268.78,1272.86,1280.62,1270.58,1266.01,1,8.9,0.49890590809628105,2.196936542669607,0.700218818380714,2.39824945295404,0.0,0.0,1.0
999,2017,2.730000000000018,0.2241116453617941,1278.72,1275.69,1276.33,1280.64,1277.91,-1,8.383333333333333,0.8131868131868177,0.5787545787546315,0.9413919413919118,0.7069597069597255,0.0,0.0,1.0
1000,2017,3.2999999999999545,0.27591973244146845,1277.18,1283.63,1282.04,1279.12,1275.82,1,8.25,1.3666666666667517,0.8848484848485191,1.4121212121212563,0.9303030303030239,0.0,0.0,1.0
1001,2017,5.070000000000164,0.4314106849814775,1283.35,1282.33,1287.77,1284.93,1279.86,1,7.783333333333333,-0.5128205128205232,0.5601577909269875,-0.46351084812624466,0.6094674556212659,0.0,0.0,0.0
1002,2017,2.8600000000001273,0.2504378283712905,1285.66,1283.59,1275.1,1286.98,1284.12,-1,7.25,0.18531468531466752,3.153846153846007,0.23076923076924913,3.1993006993005886,0.0,0.0,1.0
1003,2017,2.8599999999999,0.24596105411879549,1276.62,1278.7,1278.74,1277.6,1274.74,1,9.466666666666667,0.38461538461544575,0.3986013986014475,0.402097902097948,0.41608391608394973,0.0,0.0,0.0
1004,2017,2.589999999999918,0.22979910006970605,1276.14,1278.48,1281.21,1277.98,1275.39,-1,8.033333333333333,-1.193050193050199,-2.2471042471042937,-1.127413127413191,-2.1814671814672857,1.0,1.0,1.0
1005,2017,3.0499999999999545,0.2628662890913532,1280.76,1278.31,1277.83,1283.19,1280.14,1,7.25,-1.6000000000000596,-1.7573770491803957,-1.3967213114754278,-1.554098360655764,1.0,1.0,1.0
1006,2017,3.7899999999999636,0.33524988942945333,1277.51,1279.96,1278.33,1279.47,1275.68,-1,7.25,-1.1292875989445947,-0.6992084432717385,-1.092348284960459,-0.662269129287603,1.0,1.0,0.0
1007,2017,5.130000000000109,0.4638635923270792,1282.44,1287.04,1293.79,1283.96,1278.83,1,10.966666666666667,0.6003898635477313,1.9161793372319138,0.6608187134502536,1.976608187134436,0.0,0.0,1.0
1008,2017,3.6700000000000728,0.3151953867860935,1290.84,1285.3,1276.25,1294.13,1290.46,-1,7.1,1.4059945504087137,3.871934604904565,1.5258855585831133,3.991825613078965,0.0,0.0,1.0
1009,2017,2.339999999999918,0.19014452376805885,1280.28,1281.48,1280.67,1280.83,1278.49,1,7.416666666666667,0.27777777777782636,-0.06837606837600858,0.38888888888893747,0.04273504273510253,1.0,1.0,0.0
1010,2017,4.430000000000064,0.36965073310287816,1282.59,1288.5,1294.15,1283.39,1278.96,1,7.766666666666667,1.1534988713317893,2.4288939051918366,1.142212189616224,2.4176072234762715,0.0,0.0,1.0
1013,2017,4.649999999999864,0.41856876486850186,1290.06,1295.11,1295.08,1291.28,1286.63,1,8.016666666666667,0.8236559139785031,0.817204301075283,0.9139784946236827,0.9075268817204626,0.0,0.0,1.0
1014,2017,3.730000000000018,0.32805628847845447,1293.82,1294.91,1292.08,1296.66,1292.93,-1,7.083333333333333,-0.5308310991957127,0.22788203753354752,-0.38069705093835543,0.37801608579090484,1.0,1.0,0.0
1015,2017,3.1100000000001273,0.28161179742579356,1295.36,1285.33,1284.5,1295.93,1292.82,1,7.35,-3.4083601286172676,-3.67524115755614,-3.356913183279623,-3.6237942122184954,1.0,1.0,0.0
1016,2017,3.5800000000001546,0.3116527795050516,1283.72,1279.19,1274.67,1285.19,1281.61,-1,8.2,0.6759776536312125,1.9385474860333876,0.7709497206703553,2.03351955307253,0.0,0.0,1.0
1017,2017,2.8199999999999363,0.24353833816543888,1275.97,1274.27,1282.29,1276.7,1273.88,1,8.55,-0.8617021276596165,1.982269503546115,-0.7907801418439959,2.0531914893617356,1.0,1.0,0.0
1018,2017,2.089999999999918,0.16735300846487636,1274.83,1275.18,1275.23,1275.77,1273.68,-1,7.333333333333333,-0.7177033492823247,-0.7416267942583805,-0.5980861244019373,-0.622009569377993,1.0,1.0,1.0
1019,2017,2.660000000000082,0.21858308387627703,1275.46,1263.95,1265.68,1276.88,1274.22,-1,12.733333333333333,3.860902255638972,3.210526315789361,3.951127819548747,3.300751879699136,0.0,0.0,1.0
1020,2017,4.210000000000036,0.33926207333218633,1267.52,1263.35,1263.69,1268.31,1264.1,1,7.35,-1.1781472684085494,-1.0973871733966392,-1.0712589073634091,-0.9904988123514986,1.0,1.0,0.0
1021,2017,7.940000000000055,0.6394385641969691,1258.18,1252.61,1245.91,1264.05,1256.11,-1,10.5,0.44080604534004736,1.284634760705258,0.4433249370277311,1.2871536523929417,0.0,0.0,1.0
1022,2017,2.589999999999918,0.2059759145648657,1248.84,1247.6,1248.44,1249.5,1246.91,1,7.716666666666667,-0.7335907335907919,-0.4092664092664011,-0.6486486486486938,-0.32432432432430297,1.0,1.0,0.0
1023,2017,3.560000000000173,0.3026843192032224,1249.67,1247.36,1241.45,1250.42,1246.86,1,7.066666666666666,-0.8595505617977596,-2.5196629213482,-0.6797752808988639,-2.3398876404493043,1.0,1.0,0.0
1024,2017,3.1800000000000637,0.2666347248008684,1245.67,1237.12,1242.99,1245.66,1242.48,1,7.0,-2.685534591194975,-0.83962264150944,-2.6886792452830224,-0.8427672955974874,1.0,1.0,0.0
1025,2017,2.8200000000001637,0.24511082138202214,1243.49,1246.33,1256.54,1245.16,1242.34,-1,7.25,-1.4148936170211976,-5.035460992907526,-1.3794326241133499,-4.999999999999678,1.0,1.0,0.0
1026,2017,5.7000000000000455,0.4651705042261776,1256.86,1253.66,1255.04,1258.99,1253.29,-1,13.75,-0.06491228070177461,-0.3070175438596467,0.12280701754382675,-0.11929824561404531,0.0,0.0,0.0
1027,2017,2.769999999999982,0.2245252431681322,1254.86,1254.36,1256.07,1255.76,1252.99,1,7.233333333333333,-0.5054151624549098,0.11191335740070306,-0.39350180505420673,0.22382671480140612,0.0,0.0,1.0
1028,2017,3.9600000000000364,0.3280085197018135,1256.51,1263.51,1261.29,1256.64,1252.68,1,7.483333333333333,1.7348484848484413,1.174242424242379,1.7474747474747498,1.1868686868686875,0.0,0.0,1.0
1029,2017,4.399999999999864,0.3549613921862286,1263.43,1261.02,1261.53,1264.56,1260.16,1,8.266666666666667,-0.8045454545454712,-0.6886363636363788,-0.759090909090914,-0.6431818181818216,1.0,1.0,0.0
1030,2017,3.5499999999999545,0.3015227810471353,1263.13,1264.53,1265.74,1264.82,1261.27,1,9.416666666666666,-0.08169014084506122,0.2591549295774886,-0.05070422535213126,0.29014084507041854,0.0,0.0,0.0
1031,2017,3.240000000000009,0.29011832427246614,1265.61,1265.32,1266.74,1268.21,1264.97,-1,7.583333333333333,-0.10802469135799632,-0.5462962962962892,-0.061728395061742256,-0.5000000000000351,0.0,0.0,0.0
1032,2017,2.5499999999999545,0.2465810194778237,1266.9,1272.62,1274.69,1267.47,1264.92,1,7.35,2.0196078431372375,2.831372549019669,2.066666666666696,2.878431372549128,0.0,0.0,1.0
1034,2017,5.789999999999964,0.6109298101489979,1278.33,1281.73,1282.62,1279.08,1273.29,1,13.083333333333334,0.4576856649395695,0.6113989637305675,0.5267702936096673,0.6804835924006652,0.0,0.0,0.0
1035,2017,1.6600000000000819,0.17025266843952996,1282.41,1286.24,1288.56,1282.88,1281.22,1,7.083333333333333,2.0240963855420087,3.4216867469876844,2.1807228915662287,3.578313253011905,0.0,0.0,1.0
1036,2017,5.589999999999918,0.6314192814438815,1290.62,1293.84,1294.68,1292.59,1287.0,1,7.75,0.22361359570662223,0.3738819320214984,0.27012522361359803,0.4203935599284742,0.0,0.0,0.0
1037,2017,2.2899999999999636,0.25902256550297376,1295.56,1302.56,1302.93,1296.18,1293.89,1,8.166666666666666,2.786026200873355,2.947598253275156,2.86026200873365,3.021834061135451,0.0,0.0,1.0
1039,2018,5.790000000000191,0.6632085351486044,1309.82,1312.14,1315.84,1309.9,1304.11,1,7.0,0.38687392055266584,1.0259067357512317,0.40069084628671625,1.039723661485282,0.0,0.0,1.0
1040,2018,9.340000000000146,1.0666101114247228,1313.09,1316.44,1312.91,1321.16,1311.82,-1,7.083333333333333,-0.4946466809421891,-0.1167023554603992,-0.4603854389721507,-0.08244111349036079,0.0,0.0,0.0
1041,2018,5.240000000000009,0.5742735470941909,1310.05,1319.72,1324.32,1311.06,1305.82,1,7.833333333333333,1.6526717557252035,2.530534351145032,1.7290076335877729,2.606870229007601,0.0,0.0,1.0
1042,2018,5.7000000000000455,0.573712741024061,1318.26,1318.82,1320.5,1323.3,1317.6,-1,8.283333333333333,-0.21403508771930133,-0.5087719298245733,-0.13157894736842,-0.426315789473692,0.0,0.0,0.0
1043,2018,4.740000000000009,0.48228847188104207,1318.78,1319.65,1319.02,1322.06,1317.32,-1,7.766666666666667,-0.49156118143463085,-0.35864978902954475,-0.44303797468357226,-0.31012658227848616,0.0,0.0,0.0
1044,2018,4.379999999999882,0.44123361204252864,1317.92,1311.64,1313.61,1320.06,1315.68,-1,8.5,0.9223744292237609,0.4726027397260775,1.061643835616436,0.6118721461187525,0.0,0.0,1.0
1045,2018,4.259999999999991,0.4148177000013905,1309.98,1319.17,1318.98,1312.4,1308.14,1,8.066666666666666,1.5892018779342714,1.5446009389671225,1.6643192488263288,1.6197183098591796,0.0,0.0,1.0
1046,2018,4.210000000000036,0.37523714936909136,1317.9,1321.05,1323.09,1320.71,1316.5,-1,7.65,-1.0807600950118563,-1.5653206650831024,-0.9334916864608147,-1.4180522565320608,1.0,1.0,0.0
1047,2018,7.559999999999945,0.6871656365241746,1328.76,1331.17,1337.52,1330.24,1322.68,1,9.016666666666667,0.12301587301588232,0.9629629629629664,0.1825396825396983,1.0224867724867823,0.0,0.0,1.0
1049,2018,3.7799999999999727,0.31796960902716287,1340.04,1335.29,1338.64,1341.87,1338.09,-1,7.2,0.740740740740734,-0.14550264550269468,0.8068783068783006,-0.07936507936512806,0.0,0.0,1.0
1050,2018,10.870000000000118,0.900947836434584,1333.38,1336.04,1329.01,1343.89,1333.02,-1,7.133333333333334,-0.2778288868445215,0.36890524379024353,-0.23643054277828043,0.41030358785648463,0.0,0.0,0.0
1051,2018,5.730000000000018,0.4489062736078721,1328.13,1329.58,1328.57,1329.83,1324.1,1,10.516666666666667,-0.04363001745200684,-0.2198952879581129,0.00523560209423606,-0.17102966841187,0.0,0.0,0.0
1052,2018,6.339999999999918,0.509994771346975,1332.0,1333.15,1334.37,1333.04,1326.7,1,7.95,0.01735015772872693,0.20977917981071678,0.08832807570980758,0.2807570977917974,0.0,0.0,0.0
1053,2018,6.270000000000209,0.4878292764254919,1328.87,1334.55,1332.84,1334.89,1328.62,-1,7.0,-0.9457735247208717,-0.6730462519936024,-0.9059011164274121,-0.6331738437001427,1.0,1.0,0.0
1054,2018,5.1599999999998545,0.42524134683304693,1336.56,1338.09,1340.51,1338.12,1332.96,1,11.25,-0.0058139534883669694,0.4631782945736759,0.12596899224803912,0.5949612403100819,1.0,1.0,0.0
1055,2018,4.129999999999882,0.3460824803974284,1343.32,1353.37,1358.02,1343.53,1339.4,1,7.633333333333334,2.382566585956465,3.508474576271289,2.4624697336562074,3.5883777239710315,0.0,0.0,1.0
1056,2018,10.089999999999918,0.8333431655949446,1363.32,1357.53,1347.71,1365.97,1355.88,-1,14.3,-0.16352824578789663,0.809712586719538,-0.11397423191277234,0.8592666005946623,0.0,0.0,1.0
1057,2018,8.740000000000009,0.6673939129486218,1354.12,1352.01,1350.4,1354.53,1345.79,1,7.083333333333333,-0.28832951945079854,-0.4725400457665764,-0.26201372997711225,-0.4462242562928901,0.0,0.0,0.0
1058,2018,6.039999999999964,0.4517818026393095,1348.27,1341.24,1342.9,1352.3,1346.26,-1,7.75,0.8311258278145716,0.5562913907284636,0.9403973509933937,0.6655629139072857,0.0,0.0,1.0
1059,2018,7.0499999999999545,0.5177025963807995,1334.81,1341.35,1339.92,1341.43,1334.38,1,9.833333333333334,-0.011347517730518458,-0.21418439716312065,0.03404255319149087,-0.16879432624111132,0.0,0.0,1.0
1060,2018,8.459999999999809,0.6380434197058524,1343.91,1342.31,1343.41,1344.84,1336.38,1,13.7,-0.29905437352246217,-0.16903073286050457,-0.27541371158394884,-0.14539007092199124,0.0,1.0,0.0
1061,2018,5.5499999999999545,0.4043505412156506,1341.49,1342.08,1346.65,1346.97,1341.42,-1,7.0,-0.11891891891889367,-0.9423423423423534,-0.10630630630629243,-0.9297297297297521,0.0,0.0,0.0
1062,2018,3.6200000000001182,0.26765249537893676,1347.02,1330.24,1329.41,1349.97,1346.35,-1,9.5,4.450276243093749,4.679558011049523,4.563535911602056,4.792817679557829,0.0,0.0,1.0
1063,2018,4.670000000000073,0.32058448563303427,1331.7,1335.39,1334.4,1333.54,1328.87,1,8.05,0.3961456102783956,0.1841541755888895,0.41327623126339047,0.20128479657388434,0.0,0.0,1.0
1064,2018,10.25,0.6950835553402751,1343.8,1328.16,1326.43,1346.03,1335.78,-1,12.966666666666667,0.7434146341463308,0.9121951219512107,0.9775609756097543,1.146341463414634,0.0,0.0,0.0
1065,2018,6.710000000000036,0.4379895561357721,1330.48,1320.79,1314.5,1331.01,1324.3,1,7.183333333333334,-1.5230998509686993,-2.460506706408331,-1.3874813710879128,-2.324888226527545,1.0,1.0,0.0
1066,2018,9.490000000000009,0.5866301660190745,1310.79,1314.25,1317.51,1319.15,1309.66,-1,8.933333333333334,-0.4836670179135842,-0.8271865121180086,-0.4373024236038026,-0.7808219178082271,0.0,1.0,0.0
1067,2018,6.039999999999964,0.366266730194479,1320.07,1315.41,1314.25,1322.01,1315.97,-1,8.083333333333334,0.09271523178807099,0.28476821192053603,0.15066225165560596,0.342715231788071,0.0,0.0,0.0
1068,2018,10.440000000000055,0.6229647941351997,1323.68,1324.36,1322.41,1326.4,1315.96,0,,,,,,,,
1069,2018,6.349999999999909,0.37944427845831474,1325.63,1328.59,1328.19,1327.84,1321.49,1,7.666666666666667,0.11811023622047413,0.055118110236242746,0.2,0.1370078740157686,0.0,0.0,0.0
1070,2018,6.040000000000191,0.378819102230994,1334.22,1348.29,1353.66,1336.9,1330.86,-1,9.116666666666667,-2.885761589403893,-3.7748344370860036,-2.869205298013142,-3.758278145695253,1.0,1.0,1.0
1071,2018,4.519999999999982,0.26668914362777996,1352.48,1352.02,1354.81,1355.15,1350.63,1,8.25,-0.6924778761062216,-0.07522123893808559,-0.6526548672566499,-0.035398230088513824,1.0,1.0,0.0
1072,2018,7.580000000000155,0.4523058562782457,1357.52,1355.42,1347.59,1359.89,1352.31,1,8.216666666666667,-0.5897097625329731,-1.6226912928759802,-0.5672823218997186,-1.6002638522427257,1.0,1.0,0.0
1074,2018,7.490000000000009,0.45619072478900136,1339.66,1337.94,1329.67,1346.46,1338.97,-1,7.533333333333333,0.13751668891855426,1.2416555407209537,0.20827770360479886,1.3124165554071983,0.0,0.0,1.0
1075,2018,5.210000000000036,0.312765318811373,1328.05,1330.06,1326.3,1330.65,1325.44,-1,7.983333333333333,-0.8867562380038116,-0.16506717850285874,-0.8080614203454908,-0.08637236084453788,1.0,1.0,0.0
1076,2018,5.539999999999964,0.33250450141472687,1321.6,1328.26,1330.56,1326.77,1321.23,-1,7.0,-1.2689530685920611,-1.684115523465702,-1.202166064981972,-1.6173285198556129,1.0,1.0,0.0
1077,2018,4.929999999999836,0.31112513523258856,1326.47,1328.88,1328.97,1331.06,1326.13,-1,7.016666666666667,-0.5578093306288218,-0.576064908722112,-0.46450304259640307,-0.48275862068969333,1.0,1.0,0.0
1078,2018,13.099999999999909,0.8530232558139449,1339.53,1332.37,1332.72,1340.05,1326.95,1,7.416666666666667,-0.5862595419847417,-0.5595419847328228,-0.5763358778626133,-0.5496183206106943,0.0,0.0,0.0
1079,2018,5.259999999999991,0.36281223826181064,1332.88,1317.96,1317.68,1336.6,1331.34,-1,13.033333333333333,2.5437262357414268,2.5969581749049198,2.598859315589372,2.652091254752865,0.0,0.0,1.0
1080,2018,3.660000000000082,0.2495859717486656,1318.48,1318.61,1318.2,1319.16,1315.5,1,7.5,-0.1502732240437622,-0.2622950819672172,-0.06284153005464838,-0.17486338797810339,0.0,0.0,0.0
1081,2018,5.529999999999973,0.39389468328669275,1313.95,1305.74,1316.01,1317.93,1312.4,-1,8.033333333333333,1.2043399638336554,-0.6528028933092076,1.2603978300180942,-0.5967450271247687,0.0,0.0,1.0
1082,2018,3.8599999999999,0.2648630103416093,1317.04,1320.14,1322.72,1319.01,1315.15,1,11.05,0.29274611398967315,0.9611398963730914,0.37305699481867666,1.041450777202095,0.0,0.0,1.0
1083,2018,4.630000000000109,0.31836935166994873,1325.45,1321.44,1319.7,1327.0,1322.37,1,7.9,-1.2008639308854892,-1.5766738660906658,-1.164146868250485,-1.5399568034556617,1.0,1.0,0.0
1084,2018,3.4300000000000637,0.23725296442688204,1322.37,1336.01,1334.73,1324.18,1320.75,-1,7.25,-4.4489795918366495,-4.075801749271067,-4.28862973760926,-3.915451895043678,1.0,1.0,0.0
1085,2018,8.269999999999982,0.6264812510145543,1333.81,1326.98,1323.47,1340.31,1332.04,-1,8.0,0.6118500604594869,1.036275695284154,0.6432889963724242,1.0677146311970915,0.0,0.0,1.0
1086,2018,5.009999999999991,0.36063550825235163,1327.99,1319.23,1321.93,1328.57,1323.56,1,7.183333333333334,-1.8642714570858154,-1.3253493013971827,-1.8502994011976046,-1.3113772455089716,1.0,1.0,0.0
1087,2018,4.480000000000018,0.3344174886696895,1318.99,1322.4,1323.41,1321.23,1316.75,-1,13.266666666666667,-1.2611607142857295,-1.486607142857155,-1.2008928571428765,-1.4263392857143022,1.0,1.0,0.0
1088,2018,2.939999999999827,0.2139849233168578,1322.64,1318.03,1323.65,1324.07,1321.13,-1,8.45,1.0544217687075914,-0.8571428571429013,1.2551020408164189,-0.6564625850340738,0.0,0.0,1.0
1089,2018,7.039999999999964,0.5332467672996789,1319.26,1326.26,1325.8,1325.26,1318.22,-1,7.616666666666666,-1.1420454545454553,-1.0767045454545408,-1.0852272727272925,-1.019886363636378,1.0,1.0,0.0
1090,2018,5.990000000000009,0.45266112490553995,1326.1,1324.49,1325.1,1329.93,1323.94,-1,8.25,-0.09181969949915754,-0.193656093489124,-0.04507512520867803,-0.14691151919864448,0.0,0.0,0.0
1091,2018,2.8999999999998636,0.2223560983624413,1325.35,1316.34,1316.41,1327.83,1324.93,-1,7.05,2.962068965517431,2.9379310344828906,3.103448275862215,3.0793103448276744,0.0,0.0,1.0
1092,2018,4.639999999999873,0.34229107387500424,1317.49,1313.03,1313.46,1318.3,1313.66,1,7.216666666666667,-1.1357758620689928,-1.043103448275873,-1.0237068965517522,-0.9310344827586325,1.0,1.0,0.0
1093,2018,5.480000000000018,0.4082588335461916,1309.44,1318.08,1316.68,1313.1,1307.62,1,12.266666666666667,0.9087591240875915,0.6532846715328727,0.9598540145985353,0.7043795620438165,0.0,0.0,1.0
1094,2018,2.759999999999991,0.2188491164476659,1316.06,1311.44,1310.43,1317.31,1314.55,-1,7.5,1.126811594202866,1.4927536231883711,1.1811594202898557,1.5471014492753608,0.0,0.0,1.0
1095,2018,5.440000000000055,0.42348754448399023,1314.69,1324.81,1333.37,1315.19,1309.75,1,7.083333333333333,1.7683823529411387,3.3419117647058187,1.788602941176456,3.362132352941136,0.0,0.0,1.0
1096,2018,7.5,0.5575912059901221,1330.13,1328.62,1328.23,1334.81,1327.31,-1,15.633333333333333,-0.1746666666666594,-0.12266666666667637,-0.151999999999983,-0.1,0.0,0.0,0.0
1097,2018,11.490000000000009,0.8544566025709122,1342.83,1349.65,1345.63,1343.14,1331.65,1,12.333333333333334,0.5665796344647507,0.21671018276762463,0.5926892950391791,0.24281984334205298,0.0,0.0,0.0
1098,2018,5.460000000000036,0.3890472312703604,1345.2,1353.8,1354.56,1350.26,1344.8,-1,7.016666666666667,-1.6483516483516374,-1.7875457875457739,-1.6355311355311364,-1.7747252747252729,1.0,1.0,0.0
1099,2018,4.349999999999909,0.3223245474753822,1352.88,1341.99,1343.67,1355.09,1350.74,1,7.683333333333334,-3.011494252873605,-2.6252873563218584,-3.013793103448316,-2.627586206896569,1.0,1.0,0.0
1100,2018,5.060000000000173,0.3775113242739269,1341.85,1330.57,1325.15,1346.89,1341.83,-1,7.0,2.2252964426876694,3.2964426877468904,2.229249011857626,3.3003952569168473,0.0,0.0,1.0
1101,2018,3.5599999999999454,0.24775065864691137,1328.02,1322.4,1323.84,1328.21,1324.65,-1,7.65,0.6320224719101221,0.22752808988769246,0.7275280898876286,0.323033707865199,0.0,0.0,0.0
1102,2018,4.519999999999982,0.3228571428571412,1329.29,1337.09,1341.98,1330.23,1325.71,1,7.966666666666667,1.5176991150442318,2.5995575221239045,1.5730088495575063,2.654867256637179,0.0,0.0,1.0
1103,2018,5.2000000000000455,0.35505267264924156,1339.34,1329.33,1332.17,1342.39,1337.19,-1,9.133333333333333,1.5115384615384728,0.9653846153846034,1.619230769230769,1.0730769230768997,0.0,0.0,1.0
1104,2018,4.339999999999918,0.29731845762379466,1334.46,1335.95,1333.28,1335.78,1331.44,1,8.15,0.0391705069124599,-0.5760368663594578,0.07603686635948406,-0.5391705069124337,0.0,0.0,1.0
1105,2018,6.490000000000009,0.42771736572047264,1328.78,1323.96,1325.72,1334.32,1327.83,-1,7.25,0.5963020030816465,0.3251155624036821,0.6394453004622277,0.36825885978426337,0.0,0.0,0.0
1106,2018,6.630000000000109,0.43959270660668426,1328.28,1331.62,1332.66,1333.19,1326.56,-1,7.333333333333333,-0.7631975867269777,-0.9200603318250431,-0.7149321266967879,-0.8717948717948534,1.0,1.0,1.0
1107,2018,4.2999999999999545,0.2806657653037405,1332.89,1332.14,1337.21,1334.02,1329.72,-1,8.033333333333333,-0.5627906976744415,-1.7418604651162997,-0.5069767441860666,-1.6860465116279248,1.0,1.0,0.0
1108,2018,7.019999999999982,0.4600046805523038,1332.32,1339.65,1341.66,1338.03,1331.01,1,12.533333333333333,0.2307692307692482,0.517094017094034,0.3247863247863541,0.6111111111111399,0.0,0.0,0.0
1109,2018,2.9400000000000546,0.1915220324787155,1342.13,1358.97,1349.59,1342.63,1339.69,1,7.083333333333333,5.557823129251569,2.3673469387754014,5.615646258503294,2.4251700680271258,0.0,0.0,1.0
1110,2018,4.509999999999991,0.29587628865979343,1350.36,1338.14,1336.73,1353.09,1348.58,-1,8.933333333333334,2.314855875831452,2.6274944567627347,2.374722838137435,2.687361419068717,0.0,0.0,1.0
1111,2018,4.490000000000009,0.2822504602397745,1338.33,1345.41,1344.65,1340.93,1336.44,-1,7.783333333333333,-1.9977728285077971,-1.828507795100227,-1.9621380846325511,-1.7928730512249813,1.0,1.0,0.0
1112,2018,6.519999999999982,0.4180827188201336,1344.25,1349.18,1346.49,1348.6,1342.08,-1,8.15,-1.0889570552147478,-0.6763803680981739,-1.0766871165644174,-0.6641104294478435,1.0,1.0,0.0
1113,2018,5.6099999999999,0.36494586682774266,1345.88,1342.99,1346.32,1349.3,1343.69,-1,8.85,0.12477718360072335,-0.46880570409980904,0.2388591800356403,-0.3547237076648921,0.0,0.0,1.0
1114,2018,4.720000000000027,0.31469663777502765,1343.04,1350.61,1349.69,1346.9,1342.18,1,10.733333333333333,0.7860169491524973,0.5911016949152431,0.8898305084745326,0.6949152542372783,0.0,0.0,1.0
1115,2018,5.009999999999991,0.35099834859630635,1351.55,1345.87,1344.68,1352.96,1347.95,1,7.6,-1.4151696606786743,-1.6526946107784406,-1.383233532934147,-1.6207584830339132,1.0,1.0,0.0
1116,2018,4.919999999999845,0.33357547580995606,1342.9,1337.46,1335.41,1346.1,1341.18,-1,8.583333333333334,0.7560975609756391,1.1727642276423096,0.8902439024390283,1.3069105691056988,0.0,0.0,1.0
1117,2018,2.730000000000018,0.1924568205851265,1334.29,1323.78,1323.92,1334.94,1332.21,1,7.916666666666667,-4.08791208791209,-4.036630036630003,-4.054945054945005,-4.003663003662917,1.0,1.0,0.0
1118,2018,5.970000000000027,0.4214188473755887,1326.87,1327.81,1331.86,1327.95,1321.98,1,7.3,-0.02345058626467327,0.654941373534311,0.06197654941371678,0.740368509212701,0.0,0.0,0.0
1119,2018,6.579999999999927,0.47909298939046757,1326.71,1319.91,1321.64,1331.96,1325.38,-1,7.133333333333334,0.8313069908814723,0.5683890577507675,0.8753799392097348,0.61246200607903,0.0,0.0,1.0
1120,2018,2.689999999999827,0.194263901784781,1324.29,1317.72,1317.38,1324.58,1321.89,1,7.0,-2.5501858736060745,-2.676579925650662,-2.4423791821562673,-2.5687732342008545,1.0,1.0,0.0
1121,2018,2.6099999999999,0.19260977281112557,1317.25,1321.75,1325.0,1318.11,1315.5,-1,8.35,-2.394636015325762,-3.6398467432951587,-2.264367816092072,-3.5095785440614686,1.0,1.0,0.0
1122,2018,3.8999999999998636,0.28982430065289094,1321.74,1313.72,1318.03,1324.8,1320.9,-1,7.0,1.8410256410257217,0.7358974358974919,2.0564102564103237,0.9512820512820939,0.0,0.0,1.0
1123,2018,4.629999999999882,0.3382560141940113,1312.0,1303.01,1306.0,1315.8,1311.17,-1,7.4,1.7624190064795444,1.1166306695464805,1.812095032397476,1.1663066954644123,0.0,0.0,1.0
1124,2018,7.3599999999999,0.5710169021889641,1308.55,1305.91,1309.38,1311.8,1304.44,-1,14.8,-0.19972826086957163,-0.6711956521739296,-0.19021739130436277,-0.6616847826087207,0.0,1.0,0.0
1125,2018,4.990000000000009,0.4096159484022284,1309.24,1313.32,1313.82,1310.33,1305.34,1,9.65,0.5991983967935879,0.699398797595191,0.6593186372745407,0.7595190380761436,0.0,0.0,1.0
1126,2018,3.0699999999999363,0.2541991956470255,1312.79,1311.19,1314.44,1314.27,1311.2,-1,7.233333333333333,0.003257328990225118,-1.0553745928339011,0.12703583061885368,-0.9315960912052725,1.0,1.0,0.0
1127,2018,5.329999999999927,0.4464787889666668,1314.71,1313.44,1313.8,1318.8,1313.47,-1,7.15,0.005628517823634733,-0.06191369606002472,0.06566604127578121,-0.0018761726078782442,0.0,0.0,0.0
1128,2018,6.319999999999936,0.5392162837467199,1312.49,1307.71,1314.73,1316.96,1310.64,-1,10.0,0.4636075949367236,-0.6471518987341708,0.5553797468354472,-0.5553797468354472,0.0,1.0,0.0
1129,2018,6.740000000000009,0.5809987069761727,1310.85,1315.5,1312.77,1316.69,1309.95,-1,7.116666666666666,-0.8234421364985085,-0.4183976261127496,-0.7507418397626021,-0.34569732937684333,1.0,1.0,0.0
1130,2018,4.619999999999891,0.399777489338022,1313.37,1317.37,1321.47,1315.6,1310.98,-1,8.1,-1.3831168831168883,-2.270562770562826,-1.264069264069276,-2.151515151515214,1.0,1.0,0.0
1131,2018,3.6299999999998818,0.3136262651197138,1318.82,1322.15,1319.87,1322.03,1318.4,1,9.016666666666667,0.03305785123970307,-0.5950413223140916,0.11019283746559339,-0.5179063360882012,0.0,1.0,1.0
1132,2018,3.5599999999999454,0.31688708036622154,1320.4,1319.89,1313.69,1322.23,1318.67,-1,11.683333333333334,-0.3426966292134961,1.3988764044944086,-0.10393258426969773,1.6376404494382069,0.0,0.0,1.0
1133,2018,4.079999999999927,0.36575526669654246,1311.95,1294.24,1290.41,1314.74,1310.66,-1,8.866666666666667,4.024509803921658,4.963235294117736,4.073529411764752,5.012254901960829,0.0,0.0,1.0
1134,2018,3.759999999999991,0.3114424328481829,1294.77,1288.28,1291.62,1294.96,1291.2,1,7.966666666666667,-1.7765957446808722,-0.8882978723404664,-1.7632978723404589,-0.875000000000053,1.0,1.0,0.0
1135,2018,4.769999999999982,0.39679144385026593,1292.91,1289.62,1291.06,1294.29,1289.52,-1,7.333333333333333,-0.02096436058698311,-0.32285115303982587,0.09224318658282102,-0.20964360587002176,0.0,0.0,0.0
1136,2018,2.839999999999918,0.23701937406854756,1289.79,1291.99,1293.75,1290.57,1287.73,1,8.033333333333333,0.5000000000000401,1.1197183098592096,0.5774647887324462,1.1971830985916159,1.0,1.0,0.0
1137,2018,5.740000000000009,0.498665839280175,1286.69,1288.07,1291.87,1291.75,1286.01,-1,7.316666666666666,-0.35888501742159273,-1.0209059233449287,-0.325783972125416,-0.9878048780487519,0.0,1.0,0.0
1138,2018,5.059999999999945,0.44807084123971713,1290.22,1292.16,1291.79,1293.36,1288.3,-1,8.0,-0.7628458498024049,-0.689723320158112,-0.6798418972332197,-0.6067193675889268,1.0,1.0,0.0
1139,2018,5.210000000000036,0.46532695374800964,1290.41,1291.17,1294.25,1295.44,1290.23,-1,7.0,-0.18042226487524915,-0.7715930902111235,-0.14587332053742527,-0.7370441458732997,1.0,1.0,0.0
1140,2018,3.1900000000000546,0.28878111865503225,1294.14,1305.35,1304.95,1296.02,1292.83,-1,7.133333333333334,-3.924764890282059,-3.799373040752323,-3.9090909090907795,-3.783699059561044,1.0,1.0,0.0
1141,2018,3.509999999999991,0.3050279329608928,1302.14,1303.14,1302.84,1305.02,1301.51,1,9.766666666666667,-0.5356125356125033,-0.6210826210826408,-0.4957264957264996,-0.5811965811966371,0.0,0.0,0.0
1143,2018,4.0900000000001455,0.3693478681545634,1298.09,1302.43,1303.04,1301.21,1297.12,-1,7.966666666666667,-1.2982885085574534,-1.447432762836152,-1.2493887530562213,-1.3985330073349203,1.0,1.0,0.0
1144,2018,5.259999999999991,0.47262691739939466,1299.21,1300.81,1301.91,1302.8,1297.54,-1,7.466666666666667,-0.621673003802279,-0.8307984790874764,-0.5817490494296484,-0.7908745247148459,0.0,1.0,0.0
1145,2018,3.5900000000001455,0.3302450883763839,1303.26,1304.51,1300.57,1304.69,1301.1,1,7.35,-0.050139275766032415,-1.1476323119777023,0.08635097493034341,-1.0111420612813264,1.0,1.0,0.0
1146,2018,2.839999999999918,0.2609951424445238,1299.07,1294.92,1293.36,1300.48,1297.64,-1,11.833333333333334,0.9577464788732767,1.5070422535212407,1.1091549295774488,1.6584507042254126,0.0,0.0,1.0
1147,2018,3.740000000000009,0.33988964621876006,1291.38,1294.8,1292.44,1294.42,1290.68,-1,8.033333333333333,-1.1016042780748345,-0.4705882352941141,-1.0,-0.3689839572192796,1.0,1.0,0.0
1148,2018,2.8599999999999,0.29517139697750466,1291.37,1293.59,1297.21,1292.58,1289.72,1,7.95,0.35314685314686234,1.6188811188812138,0.4510489510489541,1.7167832167833055,0.0,0.0,1.0
1149,2018,2.400000000000091,0.2473862465027329,1298.53,1299.11,1295.9,1298.71,1296.31,1,7.116666666666666,0.1666666666666035,-1.1708333333332663,0.24999999999995262,-1.087499999999917,1.0,1.0,0.0
1150,2018,2.7200000000000273,0.28303850156087607,1297.29,1297.68,1297.01,1298.14,1295.42,1,8.233333333333333,-0.1691176470588352,-0.4154411764706242,-0.12867647058820056,-0.37499999999998956,1.0,1.0,1.0
1151,2018,4.360000000000127,0.45335710041593535,1295.73,1298.71,1298.76,1297.66,1293.3,1,8.916666666666666,0.24082568807337704,0.25229357798162316,0.5963302752293717,0.6077981651376178,0.0,0.0,0.0
1152,2018,3.630000000000109,0.388888888888899,1298.43,1300.67,1299.73,1301.16,1297.53,-1,7.433333333333334,-0.8650137741046847,-0.6060606060606004,-0.8567493112947752,-0.5977961432506907,0.0,1.0,0.0
1153,2018,3.3900000000001,0.36362243334355837,1298.05,1299.24,1295.41,1299.68,1296.29,-1,13.216666666666667,-0.870206489675504,0.259587020648925,-0.7286135693215204,0.4011799410029085,0.0,0.0,0.0
1154,2018,1.5899999999999181,0.17601012097729746,1295.62,1296.73,1299.5,1295.98,1294.39,-1,7.766666666666667,-1.4716981132075715,-3.213836477987524,-1.3710691823900478,-3.11320754717,1.0,1.0,1.0
1155,2018,2.849999999999909,0.32817897680538477,1299.58,1306.91,1302.86,1300.31,1297.46,1,7.066666666666666,2.3157894736843323,0.8947368421052757,2.417543859649235,0.9964912280701785,0.0,0.0,1.0
1156,2018,2.8899999999998727,0.3224675221168264,1300.25,1280.41,1279.58,1303.02,1300.13,-1,7.0,6.823529411765016,7.110726643598992,6.865051903114461,7.152249134948438,0.0,0.0,1.0
1157,2018,3.3799999999998818,0.32247512607331513,1279.53,1278.47,1279.12,1282.31,1278.93,-1,7.75,0.13609467455622853,-0.05621301775143013,0.19526627218938017,0.0029585798817214877,0.0,0.0,0.0
1158,2018,5.019999999999982,0.5084279823482583,1282.55,1273.99,1275.23,1283.96,1278.94,-1,10.15,0.986055776892443,0.7390438247012051,1.0398406374502085,0.7928286852589707,0.0,0.0,1.0
1159,2018,3.1800000000000637,0.3103304056880028,1274.31,1273.82,1269.45,1276.23,1273.05,-1,8.016666666666667,-0.24213836477986364,1.1320754716980619,-0.23270440251572147,1.141509433962204,1.0,1.0,0.0
1160,2018,5.970000000000027,0.5822361546499496,1264.82,1266.79,1268.58,1269.93,1263.96,-1,7.116666666666666,-0.4740368509212587,-0.7738693467336465,-0.4120603015075419,-0.7118927973199297,0.0,1.0,0.0
1161,2018,2.4500000000000455,0.24324515991774046,1269.01,1269.46,1269.5,1269.07,1266.62,1,7.016666666666667,0.15918367346942564,0.17551020408165538,0.14693877551025333,0.16326530612248308,0.0,0.0,0.0
1162,2018,7.460000000000036,0.7587359244460607,1265.1,1266.77,1267.85,1272.48,1265.02,-1,7.0,-0.23458445040214362,-0.37935656836459963,-0.2238605898123411,-0.3686327077747971,0.0,0.0,0.0
1163,2018,5.019999999999982,0.5202457620845329,1263.67,1259.44,1258.46,1267.56,1262.54,-1,8.55,0.6175298804780718,0.8127490039840521,0.7091633466135375,0.9043824701195179,0.0,0.0,1.0
1164,2018,6.060000000000173,0.6059134409370254,1256.15,1255.04,1253.94,1259.39,1253.33,1,12.95,-0.7178217821782199,-0.8993399339933812,-0.6138613861386009,-0.7953795379537622,0.0,1.0,0.0
1165,2018,2.9500000000000455,0.29272095825360117,1252.63,1250.35,1247.01,1254.01,1251.06,-1,7.633333333333334,0.24067796610170353,1.3728813559321669,0.36271186440682956,1.4949152542372928,1.0,1.0,0.0
1166,2018,5.790000000000191,0.570082284267547,1251.49,1251.24,1252.1,1251.88,1246.09,1,7.2,-0.11053540587220707,0.03799654576853068,-0.008635578583756973,0.13989637305698077,0.0,0.0,0.0
1167,2018,5.169999999999845,0.5040740998676624,1249.21,1246.75,1241.39,1254.11,1248.94,-1,7.016666666666667,0.4235976789168511,1.460348162475857,0.4448742746615132,1.481624758220519,0.0,0.0,1.0
1168,2018,5.0499999999999545,0.46638960353584796,1239.64,1254.62,1252.84,1242.86,1237.81,1,8.05,2.328712871287148,1.9762376237623975,2.382178217821798,2.029702970297048,0.0,0.0,1.0
1170,2018,4.7000000000000455,0.41645569620253386,1254.74,1257.14,1255.31,1258.02,1253.32,-1,8.983333333333333,-0.8127659574468354,-0.42340425531914677,-0.7553191489362016,-0.3659574468085129,0.0,1.0,0.0
1171,2018,5.920000000000073,0.5973763874873909,1255.32,1255.37,1255.12,1258.63,1252.71,0,,,,,,,,
1172,2018,4.550000000000182,0.4573192619714419,1259.81,1261.82,1259.1,1259.92,1255.37,1,7.0,0.4175824175823709,-0.180219780219809,0.4417582417582221,-0.1560439560439578,0.0,0.0,1.0
1173,2018,3.230000000000018,0.3306522374963442,1257.2,1254.31,1254.93,1260.2,1256.97,-1,7.233333333333333,0.8235294117647266,0.6315789473684063,0.8761609907121173,0.6842105263157969,0.0,0.0,1.0
1174,2018,7.789999999999964,0.7739142776043068,1250.85,1248.91,1243.76,1256.79,1249.0,-1,12.816666666666666,0.011553273427460663,0.6726572528883227,0.026957637997408215,0.6880616174582702,0.0,0.0,0.0
1175,2018,3.5799999999999272,0.33949739212896285,1243.17,1246.84,1246.13,1244.83,1241.25,1,8.266666666666667,0.5614525139664893,0.3631284916201699,0.5754189944134043,0.37709497206708487,0.0,0.0,1.0
1176,2018,3.910000000000082,0.3637450993421555,1245.73,1242.26,1240.92,1248.02,1244.11,-1,8.0,0.47314578005111774,0.8158567774935449,0.6342710997442369,0.9769820971866641,0.0,0.0,1.0
1177,2018,4.580000000000155,0.416471810859977,1244.88,1239.9,1239.93,1245.44,1240.86,-1,14.2,0.20960698689951454,0.20305676855890936,0.2445414847161251,0.23799126637551996,0.0,0.0,0.0
1178,2018,4.289999999999964,0.40498988536749375,1240.95,1226.73,1228.41,1241.72,1237.43,1,7.3,-3.494172494172526,-3.102564102564116,-3.4568764568764694,-3.0652680652680595,1.0,1.0,0.0
1179,2018,4.779999999999973,0.4237052045080372,1224.64,1224.38,1227.42,1229.05,1224.27,-1,7.016666666666667,-0.023012552301281998,-0.6589958158996044,0.01464435146442191,-0.6213389121339005,0.0,0.0,0.0
1180,2018,5.790000000000191,0.5139813581890973,1223.16,1217.63,1222.44,1228.41,1222.62,-1,7.383333333333334,0.8618307426596921,0.031088082901525104,0.8652849740932341,0.034542314335067166,0.0,1.0,1.0
1181,2018,8.38000000000011,0.7084113278183772,1222.03,1228.41,1229.95,1223.97,1215.59,1,8.0,0.5298329355608588,0.7136038186157446,0.6014319809069362,0.785202863961822,0.0,0.0,0.0
1182,2018,5.240000000000009,0.43718712753277744,1229.92,1224.81,1223.93,1234.99,1229.75,-1,7.95,0.9427480916030622,1.1106870229007493,0.9618320610686937,1.1297709923663808,0.0,0.0,1.0
1183,2018,6.720000000000027,0.5820341499628825,1220.51,1228.32,1224.37,1224.8,1218.08,1,8.516666666666667,0.523809523809519,-0.06398809523810445,0.6130952380952194,0.025297619047595938,0.0,0.0,0.0
1184,2018,4.189999999999827,0.35598980458792034,1226.32,1229.01,1232.01,1227.33,1223.14,1,7.616666666666666,0.40095465393797924,1.1169451073986292,0.45107398568023344,1.1670644391408835,0.0,0.0,1.0
1185,2018,5.919999999999845,0.49563449348162797,1229.63,1226.36,1223.37,1235.07,1229.15,-1,7.116666666666666,0.47128378378382835,0.9763513513514106,0.5388513513513746,1.0439189189189568,0.0,0.0,1.0
1186,2018,2.5299999999999727,0.2032594973028786,1224.16,1224.85,1222.83,1224.58,1222.05,1,8.35,0.10671936758892676,-0.6916996047430904,0.11857707509879753,-0.6798418972332197,1.0,1.0,0.0
1187,2018,4.75,0.3844152841204694,1221.04,1224.49,1222.3,1223.86,1219.11,-1,7.533333333333333,-1.1326315789473913,-0.6715789473684325,-1.0484210526315827,-0.5873684210526239,1.0,1.0,0.0
1188,2018,3.759999999999991,0.31703204047217465,1222.13,1221.28,1225.23,1223.24,1219.48,-1,8.733333333333333,-0.47872340425530824,-1.52925531914894,-0.2952127659574209,-1.3457446808510525,1.0,1.0,0.0
1189,2018,4.550000000000182,0.38554654400195215,1220.47,1217.25,1217.88,1224.65,1220.1,-1,7.016666666666667,0.6263736263735813,0.48791208791202445,0.6373626373626319,0.498901098901075,0.0,0.0,0.0
1190,2018,4.130000000000109,0.34635198274830187,1219.55,1214.41,1209.28,1221.0,1216.87,-1,9.25,0.5956416464890422,1.8377723970943627,0.6053268765133012,1.8474576271186216,0.0,0.0,1.0
1191,2018,3.849999999999909,0.31829455533245943,1207.66,1218.8,1214.57,1210.31,1206.46,-1,7.2,-3.2051948051948598,-2.10649350649353,-3.163636363636455,-2.0649350649351255,1.0,1.0,0.0
1192,2018,4.25,0.3350602545331683,1213.98,1210.62,1208.47,1217.76,1213.51,-1,7.0,0.6800000000000236,1.185882352941168,0.7905882352941476,1.296470588235292,0.0,0.0,1.0
1193,2018,3.2799999999999727,0.27019711679905656,1210.89,1211.26,1210.06,1210.98,1207.7,1,7.033333333333333,0.08536585365852897,-0.2804878048780733,0.1676829268292558,-0.19817073170734645,0.0,0.0,1.0
1194,2018,3.8700000000001182,0.318219194173627,1213.27,1210.27,1212.88,1214.65,1210.78,1,8.166666666666666,-1.1317829457364277,-0.45736434108525265,-1.0981912144702506,-0.4237726098190756,1.0,1.0,0.0
1195,2018,3.25,0.280569772460998,1214.9,1213.8,1212.29,1215.45,1212.2,1,7.1,-0.5076923076923356,-0.9723076923077175,-0.4153846153846574,-0.8800000000000392,1.0,1.0,0.0
1196,2018,5.599999999999909,0.5158234094348236,1207.76,1216.3,1211.64,1213.27,1207.67,-1,7.0,-1.5410714285714324,-0.7089285714285878,-1.5250000000000183,-0.6928571428571736,1.0,1.0,0.0
1197,2018,6.670000000000073,0.6200942957699785,1208.52,1197.32,1193.36,1213.77,1207.1,-1,8.283333333333333,1.4662668665666965,2.0599700149924827,1.518740629685157,2.112443778110943,0.0,0.0,1.0
1198,2018,3.8099999999999454,0.3304013875123841,1194.74,1197.85,1194.14,1196.06,1192.25,1,13.216666666666667,0.46981627296587647,-0.5039370078739824,0.5695538057742457,-0.40419947506561305,0.0,1.0,0.0
1199,2018,8.129999999999882,0.7242300839908276,1187.83,1178.94,1176.76,1194.54,1186.41,-1,9.983333333333333,0.9188191881918987,1.1869618696187247,0.9495694956949741,1.2177121771218,0.0,0.0,1.0
1200,2018,18.389999999999873,1.5536781123649661,1177.62,1179.54,1175.69,1178.55,1160.16,1,9.133333333333333,0.05383360522022925,-0.1555193039695443,0.05981511691136034,-0.1495377922784132,0.0,0.0,0.0
1201,2018,7.3900000000001,0.5823483057525695,1175.2,1178.73,1180.78,1179.22,1171.83,1,9.133333333333333,-0.06630581867388396,0.21109607577806824,0.05548037889040275,0.33288227334235493,0.0,0.0,0.0
1202,2018,3.730000000000018,0.28257575757575903,1185.99,1185.07,1190.03,1186.55,1182.82,1,7.733333333333333,-0.39678284182305923,0.9329758713136732,-0.3297587131367325,1.0,0.0,0.0,0.0
1203,2018,5.460000000000036,0.42830727853421025,1195.33,1189.37,1192.78,1195.75,1190.29,1,7.1,-1.1684981684981808,-0.5439560439560454,-1.1501831501831792,-0.5256410256410438,1.0,1.0,0.0
1204,2018,3.1700000000000728,0.2481270267248182,1195.11,1195.66,1195.19,1197.7,1194.53,-1,7.116666666666666,-0.3564668769716351,-0.20820189274450054,-0.24605678233437062,-0.09779179810723607,1.0,1.0,0.0
1205,2018,6.370000000000118,0.5130299718115491,1191.52,1189.34,1185.25,1196.47,1190.1,-1,7.983333333333333,0.11930926216640138,0.7613814756671615,0.15070643642072504,0.7927786499214852,0.0,0.0,0.0
1206,2018,6.410000000000082,0.524549918166945,1188.06,1205.92,1205.5,1189.45,1183.04,1,8.05,2.569422776911048,2.503900156006201,2.5881435257410192,2.5226209048361725,0.0,0.0,1.0
1207,2018,4.379999999999882,0.3312088149508385,1206.65,1210.89,1208.95,1207.85,1203.47,-1,10.166666666666666,-1.6940639269407016,-1.2511415525114535,-1.6872146118722144,-1.2442922374429664,1.0,1.0,0.0
1208,2018,4.3599999999999,0.32831325301203973,1209.61,1209.57,1200.72,1212.32,1207.96,1,9.15,-0.6307339449541429,-2.6605504587156363,-0.6192660550458962,-2.64908256880739,1.0,1.0,0.0
1209,2018,3.1000000000001364,0.22686879247256544,1203.28,1203.7,1205.54,1204.67,1201.57,-1,7.65,-0.6870967741935533,-1.280645161290275,-0.593548387096795,-1.1870967741935168,1.0,1.0,0.0
1210,2018,7.380000000000109,0.5420492104296789,1200.76,1200.37,1200.05,1207.75,1200.37,-1,14.566666666666666,-0.0,0.04336043360432677,0.19647696476965096,0.23983739837397772,0.0,0.0,0.0
1211,2018,7.099999999999909,0.5209643605869937,1205.12,1204.55,1198.59,1205.61,1198.51,1,8.083333333333334,-0.14929577464788155,-0.9887323943662073,-0.1295774647887443,-0.96901408450707,0.0,1.0,0.0
1213,2018,3.0699999999999363,0.2378659582710664,1199.76,1192.2,1192.75,1201.87,1198.8,-1,7.1,2.1498371335505038,1.9706840390879738,2.2052117263844044,2.026058631921875,0.0,0.0,1.0
1214,2018,3.6900000000000546,0.30120692670981647,1193.5,1196.5,1196.13,1194.5,1190.81,1,8.05,0.5420054200541925,0.4417344173441965,0.6910569105690831,0.5907859078590871,0.0,0.0,1.0
1215,2018,4.099999999999909,0.36509349955475484,1196.29,1203.81,1199.85,1199.82,1195.72,1,9.05,0.9731707317073409,0.007317073170725215,1.0390243902439233,0.0731707317073076,0.0,0.0,1.0
1216,2018,4.240000000000009,0.38237567637206876,1200.52,1197.55,1195.99,1203.41,1199.17,-1,8.066666666666666,0.38207547169814027,0.7500000000000134,0.48820754716979525,0.8561320754716684,0.0,0.0,1.0
1217,2018,4.670000000000073,0.4161945381628415,1192.39,1196.95,1195.73,1196.23,1191.56,-1,13.2,-1.1541755888650997,-0.8929336188436847,-1.0663811563169037,-0.8051391862954888,1.0,1.0,0.0
1218,2018,3.119999999999891,0.28227995347032664,1195.15,1191.79,1195.99,1196.11,1192.99,1,7.483333333333333,-1.3846153846154126,-0.038461538461504824,-1.371794871794911,-0.025641025641003217,1.0,1.0,0.0
1219,2018,5.790000000000191,0.5149609300552856,1194.38,1197.87,1207.88,1198.39,1192.6,0,,,,,,,,
1220,2018,3.449999999999818,0.300934579439236,1203.98,1203.14,1201.94,1207.12,1203.67,-1,8.25,0.1536231884057973,0.5014492753623505,0.3072463768115946,0.6550724637681479,1.0,1.0,0.0
1221,2018,3.7799999999999727,0.35848800975477235,1204.73,1198.54,1194.6,1205.72,1201.94,1,7.55,-1.89947089947093,-2.9417989417989943,-1.8650793650793664,-2.907407407407431,1.0,1.0,0.0
1222,2018,3.269999999999982,0.2964066040789878,1195.81,1203.32,1200.87,1195.99,1192.72,1,7.0,2.2415902140672683,1.4923547400611343,2.2966360856269215,1.547400611620787,0.0,0.0,1.0
1223,2018,3.089999999999918,0.2848864010536636,1199.73,1199.98,1197.67,1200.04,1196.95,1,7.083333333333333,-0.019417475728138196,-0.7669902912621209,0.03883495145634997,-0.7087378640776327,1.0,1.0,0.0
1224,2018,5.9500000000000455,0.542000130132088,1203.79,1203.36,1203.7,1204.04,1198.09,1,8.333333333333334,-0.11428571428572411,-0.05714285714284295,-0.08067226890756547,-0.023529411764684302,0.0,0.0,0.0
1225,2018,3.4600000000000364,0.32263220993739494,1205.22,1204.43,1206.62,1206.45,1202.99,-1,7.983333333333333,-0.4161849710982773,-1.0491329479768334,-0.15606936416183756,-0.7890173410403937,1.0,1.0,0.0
1226,2018,3.3299999999999272,0.31781307519257596,1209.08,1199.69,1197.03,1209.97,1206.64,1,7.766666666666667,-3.0870870870871463,-3.8858858858859873,-3.01501501501507,-3.8138138138139106,1.0,1.0,0.0
1227,2018,3.3500000000001364,0.29730586370841106,1195.32,1203.05,1199.14,1198.4,1195.05,-1,7.116666666666666,-2.38805970149244,-1.2208955223880533,-2.3313432835819783,-1.1641791044775918,1.0,1.0,0.0
1228,2018,2.380000000000109,0.21481529237316388,1198.93,1202.19,1201.23,1199.38,1197.0,1,7.316666666666666,1.180672268907486,0.7773109243696741,1.2478991596638198,0.8445378151260079,0.0,0.0,1.0
1229,2018,2.5599999999999454,0.23289362531677926,1201.77,1194.08,1198.03,1202.36,1199.8,-1,7.966666666666667,2.234375000000058,0.6914062500000077,2.2968750000000915,0.753906250000041,0.0,0.0,1.0
1230,2018,3.400000000000091,0.3077917879081878,1196.11,1182.98,1184.77,1198.47,1195.07,-1,7.25,3.5558823529410573,3.029411764705788,3.641176470588103,3.1147058823528337,0.0,0.0,1.0
1231,2018,2.4699999999998,0.2144496124030834,1184.16,1190.79,1191.99,1185.37,1182.9,-1,7.2,-3.194331983805875,-3.680161943320103,-3.12145748987881,-3.607287449393038,1.0,1.0,0.0
1232,2018,4.1099999999999,0.34413875598085275,1188.64,1187.76,1189.35,1192.07,1187.96,-1,7.483333333333333,0.048661800486630255,-0.3381995133819724,0.09245742092460302,-0.2944038929439996,0.0,0.0,0.0
1233,2018,4.279999999999973,0.3672468742338783,1191.83,1207.22,1202.68,1192.93,1188.65,1,7.233333333333333,3.338785046728985,2.2780373831775846,3.392523364485999,2.3317757009345987,0.0,0.0,1.0
1234,2018,4.130000000000109,0.34647651006712304,1205.88,1201.19,1198.28,1208.14,1204.01,-1,7.4,0.6828087167069883,1.3874092009684909,0.7046004842614474,1.4092009685229498,0.0,0.0,1.0
1235,2018,2.869999999999891,0.24196073708297258,1198.11,1203.84,1198.82,1198.78,1195.91,1,8.016666666666667,1.7630662020906405,0.01393728222995301,1.8954703832752733,0.14634146341458584,0.0,0.0,1.0
1236,2018,2.839999999999918,0.24724830545363352,1198.27,1202.0,1203.64,1200.26,1197.42,-1,8.166666666666666,-1.6126760563380491,-2.1901408450704953,-1.4577464788733168,-2.0352112676057628,1.0,1.0,0.0
1237,2018,8.75,0.7787171826330167,1196.59,1186.23,1187.09,1203.98,1195.23,-1,8.75,1.0285714285714285,0.9302857142857257,1.0308571428571407,0.9325714285714379,0.0,0.0,1.0
1238,2018,3.9700000000000273,0.32644191236931935,1190.7,1187.83,1189.25,1191.79,1187.82,-1,10.4,-0.0025188916876551226,-0.36020151133502615,-0.0,-0.357682619647371,0.0,0.0,1.0
1239,2018,2.6800000000000637,0.21965927053451703,1190.17,1187.78,1191.79,1191.25,1188.57,-1,8.5,0.2947761194029645,-1.2014925373134144,0.4402985074626999,-1.055970149253679,0.0,1.0,1.0
1240,2018,3.8299999999999272,0.30958429561200285,1192.92,1215.82,1224.0,1195.0,1191.17,1,8.15,5.436031331592776,7.571801566579778,5.5509138381202074,7.68668407310721,0.0,0.0,1.0
1241,2018,5.7000000000000455,0.42195431472081524,1218.85,1217.53,1219.13,1223.24,1217.54,-1,7.516666666666667,0.0017543859649106711,-0.2789473684210759,0.042105263157896,-0.23859649122809062,1.0,1.0,0.0
1242,2018,3.9400000000000546,0.29484712422493436,1221.86,1228.24,1225.85,1222.76,1218.82,1,7.033333333333333,1.3908629441624218,0.7842639593908313,1.4441624365482173,0.8375634517766266,0.0,0.0,1.0
1243,2018,3.509999999999991,0.24899923992905923,1225.4,1228.87,1225.67,1228.46,1224.95,1,8.433333333333334,0.11680911680907566,-0.7948717948717866,0.17094017094014546,-0.7407407407407167,0.0,0.0,1.0
1244,2018,5.259999999999991,0.3789625360230538,1222.57,1225.97,1222.74,1225.76,1220.5,1,9.666666666666666,0.03992395437263056,-0.5741444866920128,0.22623574144487768,-0.38783269961976563,0.0,0.0,0.0
1245,2018,2.6499999999998636,0.19886363636362595,1222.74,1224.82,1226.26,1224.06,1221.41,-1,7.116666666666666,-1.2867924528302,-1.830188679245343,-1.2,-1.7433962264151428,1.0,1.0,1.0
1246,2018,3.9700000000000273,0.3004486729012396,1228.67,1227.47,1225.95,1229.04,1225.07,1,7.216666666666667,-0.39546599496219786,-0.7783375314861202,-0.3904282115868876,-0.7732997481108099,1.0,1.0,0.0
1247,2018,3.3199999999999363,0.25121608474758944,1226.68,1221.07,1221.45,1229.46,1226.14,-1,7.083333333333333,1.5271084337350183,1.412650602409682,1.563253012048239,1.448795180722903,0.0,0.0,1.0
1248,2018,3.3599999999999,0.26884608790077424,1224.81,1232.11,1230.25,1225.02,1221.66,1,7.25,2.110119047619086,1.5565476190476708,2.26488095238099,1.7113095238095748,0.0,0.0,1.0
1249,2018,3.009999999999991,0.23238116245726143,1233.11,1230.31,1230.12,1233.54,1230.53,-1,7.116666666666666,0.07308970099668703,0.1362126245847452,0.16943521594684136,0.23255813953489954,0.0,0.0,1.0
1250,2018,4.789999999999964,0.37355169340463085,1237.52,1229.5,1228.92,1237.8,1233.01,1,7.15,-1.7327766179540747,-1.853862212943622,-1.7056367432150594,-1.8267223382046067,1.0,1.0,0.0
1251,2018,3.0499999999999545,0.23452518262206445,1232.13,1243.13,1234.95,1233.03,1229.98,1,7.2,3.31147540983616,0.6295081967213447,3.4163934426230256,0.7344262295082107,0.0,0.0,1.0
1252,2018,4.690000000000055,0.37569376895348566,1230.62,1230.2,1229.06,1235.28,1230.59,-1,7.0,0.08315565031980131,0.3262260127931674,0.08955223880593614,0.3326226012793022,0.0,0.0,1.0
1253,2018,4.6400000000001,0.3664259927797909,1227.04,1224.28,1223.48,1230.49,1225.85,-1,7.25,0.3383620689654962,0.510775862068931,0.49353448275860223,0.665948275862037,0.0,0.0,1.0
1254,2018,7.379999999999882,0.5788559583169824,1217.31,1216.56,1216.72,1222.78,1215.4,-1,8.0,-0.15718157181570097,-0.1788617886178804,-0.12195121951217859,-0.14363143631435804,0.0,0.0,0.0
1255,2018,6.789999999999964,0.6159528283548192,1222.03,1230.52,1233.1,1222.57,1215.78,1,7.05,1.170839469808555,1.5508100147275448,1.194403534609712,1.5743740795287018,0.0,0.0,1.0
1256,2018,3.480000000000018,0.2897240723120847,1232.63,1231.43,1232.96,1234.33,1230.85,1,7.55,-0.8333333333332897,-0.3936781609195068,-0.7270114942528619,-0.28735632183907894,1.0,1.0,0.0
1257,2018,4.269999999999982,0.3775419982316514,1230.69,1231.35,1230.12,1234.98,1230.71,-1,7.0,-0.14988290398123547,0.13817330210776302,-0.15456674473064574,0.1334894613583527,0.0,0.0,0.0
1258,2018,2.9200000000000728,0.2593250444049793,1230.25,1228.89,1225.74,1231.5,1228.58,1,7.966666666666667,-0.8938356164382997,-1.972602739725975,-0.8630136986301092,-1.9417808219177848,1.0,1.0,1.0
1259,2018,9.069999999999936,0.7881082423038668,1228.07,1227.82,1227.44,1232.04,1222.97,1,8.233333333333333,-0.46527012127894785,-0.5071664829106881,-0.4432194046306516,-0.4851157662623919,0.0,0.0,0.0
1260,2018,4.029999999999973,0.3459015388388183,1224.6,1224.09,1221.37,1226.71,1222.68,-1,7.116666666666666,-0.3498759305210581,0.3250620347394992,-0.17866004962779955,0.4962779156327577,0.0,1.0,0.0
1261,2018,5.470000000000027,0.4722787542399041,1219.15,1212.15,1209.09,1223.21,1217.74,-1,12.516666666666667,1.0219378427787733,1.5813528336380342,1.0749542961608505,1.6343692870201114,0.0,0.0,1.0
1262,2018,5.599999999999909,0.4632200886262856,1206.42,1203.82,1200.88,1211.37,1205.77,-1,7.416666666666667,0.34821428571429947,0.8732142857142772,0.3750000000000305,0.9000000000000081,0.0,0.0,0.0
1263,2018,3.619999999999891,0.3118001722652796,1203.19,1203.61,1200.02,1205.1,1201.48,-1,8.15,-0.5883977900552337,0.40331491712709405,-0.5027624309392241,0.48895027624310367,0.0,0.0,1.0
1264,2018,2.980000000000018,0.2566279141293005,1203.42,1201.75,1211.51,1204.43,1201.45,-1,8.0,-0.10067114093958145,-3.375838926174458,-0.016778523489917523,-3.291946308724794,0.0,1.0,1.0
1265,2018,5.389999999999873,0.44286636539702084,1213.49,1213.39,1214.27,1213.58,1208.19,1,8.1,-0.035250463821861165,0.12801484230056973,-0.016697588126144764,0.14656771799628615,1.0,1.0,0.0
1266,2018,2.9200000000000728,0.24702398936492312,1215.45,1220.81,1221.46,1216.68,1213.76,1,8.116666666666667,1.41438356164376,1.636986301369813,1.5890410958903278,1.8116438356163806,0.0,0.0,1.0
1267,2018,5.579999999999927,0.4709712425393328,1219.09,1222.54,1223.81,1223.5,1217.92,1,15.316666666666666,-0.17204301075269693,0.0555555555555465,-0.1272401433691838,0.10035842293905962,0.0,0.0,0.0
1268,2018,3.0299999999999727,0.2613195342820166,1223.42,1223.27,1221.19,1224.09,1221.06,1,7.066666666666666,-0.27062706270625203,-0.9570957095709207,-0.2211221122112471,-0.9075907590759158,1.0,1.0,1.0
1269,2018,3.019999999999982,0.26382129040309416,1222.27,1226.93,1226.64,1222.67,1219.65,1,7.116666666666666,1.4105960264900717,1.314569536423858,1.4105960264900717,1.314569536423858,0.0,0.0,1.0
1272,2018,3.7799999999999727,0.3611054247697012,1225.0,1222.8,1221.95,1225.93,1222.15,1,7.033333333333333,-0.8280423280423629,-1.0529100529100652,-0.7354497354497336,-0.9603174603174359,0.0,1.0,0.0
1273,2018,3.3600000000001273,0.3348042704626461,1220.66,1214.92,1213.34,1223.21,1219.85,-1,7.583333333333333,1.4672619047618005,1.9374999999999238,1.747023809523711,2.2172619047618345,1.0,1.0,0.0
1274,2018,2.769999999999982,0.2761714855433675,1214.09,1212.74,1222.35,1215.3,1212.53,-1,8.266666666666667,-0.07581227436824468,-3.545126353790614,-0.06137184115526133,-3.5306859205776306,1.0,1.0,0.0
1275,2018,5.240000000000009,0.49162310682214183,1225.24,1227.62,1223.96,1225.86,1220.62,1,7.0,0.3358778625954175,-0.3625954198473016,0.4541984732824194,-0.2442748091602997,0.0,0.0,0.0
1276,2018,1.990000000000009,0.19772888573456399,1224.22,1218.81,1220.81,1225.44,1223.45,-1,8.116666666666667,2.331658291457326,1.3266331658291899,2.618090452261313,1.6130653266331767,0.0,0.0,1.0
1277,2018,6.429999999999836,0.6100982717722634,1226.83,1232.9,1230.98,1227.6,1221.17,1,7.016666666666667,0.824261275272211,0.5256609642302015,0.8989113530327134,0.6003110419907038,0.0,0.0,1.0
1278,2018,7.829999999999927,0.7150684931506753,1237.19,1238.17,1237.71,1238.26,1230.43,1,8.35,-0.01149425287355287,-0.07024265644954784,0.012771392081754452,-0.04597701149424052,0.0,0.0,0.0
1279,2018,4.730000000000018,0.4541838134430732,1235.72,1237.28,1236.42,1238.75,1234.02,-1,7.7,-0.6892177589851963,-0.5073995771670363,-0.6575052854122385,-0.4756871035940785,0.0,1.0,0.0
1280,2018,4.8599999999999,0.4756711409395854,1235.96,1241.47,1236.83,1240.74,1235.88,-1,7.033333333333333,-1.1502057613168792,-0.1954732510287732,-1.1255144032922098,-0.17078189300410376,1.0,1.0,0.0
1281,2018,3.25,0.3223749468612712,1239.47,1245.05,1249.7,1240.47,1237.22,1,8.133333333333333,1.4092307692307469,2.8400000000000056,1.4646153846153818,2.8953846153846405,0.0,0.0,1.0
1282,2018,2.6700000000000728,0.2548578441399115,1248.2,1245.08,1242.9,1250.22,1247.55,-1,7.066666666666666,0.9250936329587865,1.7415730337077666,1.0149812734082257,1.8314606741572057,0.0,0.0,1.0
1283,2018,3.769999999999982,0.36015011941316627,1245.88,1243.58,1242.21,1247.27,1243.5,1,7.266666666666667,-0.9787798408488255,-1.3421750663129894,-0.9389920424403132,-1.302387267904477,1.0,1.0,0.0
1284,2018,3.3099999999999454,0.3201160541586006,1243.04,1245.91,1245.17,1246.0,1242.69,-1,7.166666666666667,-0.9728096676737403,-0.7492447129909544,-0.91238670694865,-0.6888217522658642,1.0,1.0,0.0
1285,2018,2.1800000000000637,0.2093996569468322,1245.75,1242.11,1241.82,1246.04,1243.86,1,7.05,-1.8027522935779583,-1.9357798165137174,-1.6972477064219897,-1.830275229357749,1.0,1.0,0.0
1286,2018,3.5,0.33990011098779005,1239.92,1235.93,1238.51,1242.92,1239.42,-1,7.583333333333333,0.9971428571428598,0.2600000000000234,1.0,0.26285714285716366,0.0,0.0,1.0
1287,2018,2.300000000000182,0.21769995267393977,1237.498,1242.558,1245.588,1238.025,1235.725,1,7.316666666666666,1.9708695652171928,3.288260869564903,1.9999999999998024,3.3173913043475123,0.0,0.0,1.0
1288,2018,3.852999999999838,0.36709472380445185,1245.255,1246.648,1248.848,1248.898,1245.045,-1,7.0,-0.41603944977936813,-0.9870230988839978,-0.36153646509209975,-0.9325201141967293,1.0,1.0,0.0
1289,2018,2.803000000000111,0.28678125639452645,1249.565,1254.315,1244.028,1251.258,1248.455,1,8.7,1.0906171958615396,-2.579379236532191,1.1655369247234832,-2.5044595076702474,1.0,1.0,0.0
1290,2018,4.650000000000091,0.4490708166052807,1246.828,1256.315,1262.575,1247.305,1242.655,1,7.116666666666666,1.9376344086021107,3.2838709677418674,2.043010752688132,3.389247311827889,0.0,0.0,1.0
1291,2018,3.9200000000000728,0.36400055714371615,1259.488,1259.068,1255.308,1262.555,1258.635,1,8.35,-0.8895408163265345,-1.848724489795902,-0.7390306122448675,-1.6982142857142353,1.0,1.0,0.0
1294,2018,10.467000000000098,1.002881252694768,1273.838,1278.098,1266.418,1274.635,1264.168,1,13.15,0.330849336008401,-0.7850386930352556,0.3697334479793498,-0.7461545810643069,0.0,0.0,0.0
1295,2018,4.150000000000091,0.3836832269014193,1268.708,1274.618,1275.945,1272.208,1268.058,-1,7.1,-1.5807228915662173,-1.900481927710788,-1.5428915662650313,-1.8626506024096021,1.0,1.0,0.0
1296,2018,6.9930000000001655,0.6480700616282984,1280.688,1278.268,1279.355,1281.198,1274.205,1,7.0,-0.41899041899041817,-0.263549263549268,-0.3460603460603483,-0.19061919061919808,0.0,0.0,0.0
1297,2018,3.1829999999999927,0.29666466946275094,1279.488,1280.378,1281.448,1280.548,1277.365,1,7.383333333333334,-0.053408733898860555,0.282752120640934,-0.00848256361924088,0.3276782909205537,0.0,0.0,1.0
1299,2019,8.620000000000118,0.8327927679249273,1285.775,1285.755,1281.475,1287.315,1278.695,1,8.683333333333334,-0.18097447795822785,-0.6774941995359705,-0.09895591647329773,-0.5954756380510403,0.0,1.0,0.0
1300,2019,7.190000000000055,0.6717697857090459,1292.105,1289.705,1293.298,1292.218,1285.028,1,7.05,-0.34951321279556724,0.15020862308761043,-0.25076495132129306,0.24895688456188456,1.0,1.0,0.0
1301,2019,4.643000000000029,0.43188975854783374,1294.298,1283.548,1284.215,1298.538,1293.895,-1,7.05,2.228516045660115,2.0848589274176184,2.2931294421709816,2.1494723239284848,0.0,0.0,1.0
1302,2019,9.332999999999856,0.8157911167163933,1289.755,1288.765,1288.315,1291.888,1282.555,1,8.05,-0.33461909353904085,-0.38283510125360765,-0.29711775420550235,-0.3453337619200692,0.0,0.0,0.0
1303,2019,8.419999999999845,0.7047878700913436,1283.375,1284.965,1285.005,1290.158,1281.738,-1,7.366666666666666,-0.3832541567695868,-0.3880047505938376,-0.35035629453680195,-0.35510688836105275,0.0,0.0,0.0
1304,2019,5.820000000000164,0.5037434543644924,1282.225,1289.995,1291.635,1287.015,1281.195,-1,9.65,-1.5120274914088843,-1.7938144329896497,-1.462199312714734,-1.7439862542954991,1.0,1.0,0.0
1305,2019,5.482999999999947,0.5054987027012738,1295.115,1290.025,1287.418,1297.018,1291.535,-1,10.483333333333333,0.2753966806492806,0.7508663140616868,0.37205909173809654,0.8475287251505027,0.0,0.0,0.0
1306,2019,6.900000000000091,0.6265444710369195,1293.058,1290.218,1288.015,1294.375,1287.475,1,7.4,-0.6024637681159233,-0.921739130434756,-0.5637681159420032,-0.8830434782608357,1.0,1.0,0.0
1307,2019,4.747000000000071,0.449590377421042,1291.345,1290.388,1291.848,1292.635,1287.888,1,7.75,-0.47335159047820463,-0.16578891931746847,-0.3469559721929929,-0.03939330103225673,0.0,0.0,0.0
1308,2019,3.5170000000000528,0.32272611080888436,1290.665,1291.095,1290.318,1293.325,1289.808,-1,7.983333333333333,-0.365936878021045,-0.14500995166334468,-0.32897355700878816,-0.10804663065108788,1.0,1.0,0.0
1309,2019,4.362999999999829,0.4191191101901179,1290.945,1292.888,1293.135,1292.658,1288.295,-1,12.0,-1.0527160210864146,-1.1093284437314022,-0.9702039880816211,-1.0268164107266087,1.0,1.0,0.0
1310,2019,4.052999999999884,0.403831783017447,1292.508,1290.368,1290.688,1295.318,1291.265,-1,7.183333333333334,0.2213175425611122,0.14236368122378848,0.3348137182334098,0.2558598568960861,0.0,0.0,0.0
1311,2019,2.1230000000000473,0.21369051470641617,1291.965,1283.268,1281.968,1292.368,1290.245,-1,7.633333333333334,3.286387187941454,3.8987282147902174,3.3193593970795425,3.931700423928306,0.0,0.0,1.0
1313,2019,2.8630000000000564,0.26852193020654636,1278.598,1280.208,1285.265,1280.228,1277.365,1,7.316666666666666,-0.006985679357311008,1.7593433461403896,0.11875654907444598,1.8850855745721466,0.0,0.0,1.0
1314,2019,2.6099999999999,0.25060697090653855,1284.145,1282.048,1283.435,1285.615,1283.005,1,8.3,-1.3666666666667218,-0.8352490421456503,-1.201915708812285,-0.6704980842912135,1.0,1.0,0.0
1315,2019,3.8199999999999363,0.37423201265166883,1281.245,1282.185,1279.868,1284.725,1280.905,-1,7.016666666666667,-0.3350785340314121,0.271465968586401,-0.27486910994763664,0.3316753926701764,0.0,0.0,1.0
1316,2019,3.7180000000000746,0.40327566570856316,1283.585,1297.438,1298.455,1283.718,1280.0,1,7.0,3.690155997848239,3.963690155997729,3.7259279182355534,3.999462076385044,0.0,0.0,1.0
1317,2019,4.920000000000073,0.4914558881238726,1301.695,1302.498,1302.478,1304.335,1299.415,-1,12.0,-0.6266260162601703,-0.6225609756097676,-0.598170731707305,-0.5941056910569021,0.0,0.0,0.0
1318,2019,3.7200000000000273,0.3828510938602725,1304.975,1310.848,1310.965,1306.355,1302.635,1,7.3,1.2077956989247056,1.239247311827921,1.2669354838709492,1.2983870967741644,0.0,0.0,1.0
1319,2019,4.940000000000055,0.5259435576477103,1314.385,1312.108,1319.865,1315.438,1310.498,1,8.533333333333333,-0.6740890688259348,0.8961538461538174,-0.6269230769230659,0.9433198380566863,1.0,1.0,0.0
1320,2019,3.660000000000082,0.37992985682191527,1319.355,1322.188,1320.908,1321.045,1317.385,1,7.366666666666666,0.31229508196721406,-0.037431693989116915,0.37704918032789025,0.02732240437155924,0.0,0.0,1.0
1321,2019,4.432999999999993,0.4577856457918413,1317.705,1318.198,1317.505,1321.788,1317.355,-1,7.333333333333333,-0.19016467403565893,-0.03383713061134473,-0.14956011730205548,0.006767426122258688,1.0,1.0,0.0
1322,2019,5.626999999999953,0.5864949374627718,1312.785,1313.835,1313.465,1317.455,1311.828,-1,8.4,-0.3566731828683275,-0.2909187844321943,-0.34476630531367886,-0.2790119068775457,0.0,0.0,0.0
1323,2019,4.076999999999998,0.422112113592665,1314.035,1314.545,1314.325,1315.255,1311.178,-1,9.483333333333333,-0.8258523424086248,-0.7718910963943919,-0.7211184694628541,-0.6671572234486212,1.0,1.0,0.0
1324,2019,3.0800000000001546,0.32104832104833786,1313.425,1312.058,1307.005,1315.765,1312.685,-1,11.1,0.203571428571403,1.8441558441556984,0.30097402597398076,1.9415584415582763,0.0,0.0,1.0
1325,2019,5.053000000000111,0.5121889412599585,1305.035,1308.925,1310.365,1307.758,1302.705,1,12.75,0.23095190975655863,0.5159311300217522,0.28893726499109523,0.5739164852562888,0.0,0.0,0.0
1326,2019,2.3430000000000746,0.2421222790584459,1308.565,1313.638,1315.078,1310.588,1308.245,-1,7.083333333333333,-2.301749893299128,-2.916346564233831,-2.284677763550861,-2.899274434485564,1.0,1.0,0.0
1327,2019,4.3400000000001455,0.4448023426061645,1311.575,1308.385,1308.298,1314.815,1310.475,-1,8.033333333333333,0.4815668202764627,0.5016129032257682,0.5506912442396359,0.5707373271889415,0.0,0.0,1.0
1328,2019,5.009999999999991,0.5018603319977095,1311.345,1309.755,1310.838,1311.415,1306.405,1,7.033333333333333,-0.33133732534927296,-0.11516966067864257,-0.29540918163668534,-0.07924151696605494,0.0,0.0,0.0
1329,2019,4.926999999999907,0.49203224195733497,1313.265,1314.415,1306.515,1314.205,1309.278,-1,12.833333333333334,-1.042622285366357,0.5607874974629535,-1.0066977877004526,0.5967119951288579,1.0,1.0,0.0
1330,2019,2.397000000000162,0.23119053688178862,1307.948,1309.315,1312.818,1309.315,1306.918,1,8.0,0.0,1.4614100959531466,0.020859407592803983,1.4822695035459506,1.0,1.0,0.0
1331,2019,3.3170000000000073,0.3474649826409683,1314.398,1314.465,1321.315,1314.645,1311.328,1,7.65,-0.05426590292434829,2.0108531805848835,0.04431715405484902,2.1094362375640805,0.0,0.0,1.0
1333,2019,3.7000000000000455,0.38203689089823406,1322.915,1338.115,1339.788,1326.478,1322.778,1,8.166666666666666,3.145135135135081,3.597297297297238,3.167567567567536,3.619729729729693,0.0,0.0,1.0
1334,2019,7.399999999999864,0.7387546706979533,1341.648,1344.738,1340.988,1346.655,1339.255,0,,,,,,,,
1335,2019,4.037000000000035,0.40018409686327666,1337.495,1331.995,1326.438,1341.425,1337.388,-1,8.5,1.3358929898439393,2.712410205598148,1.416893732970022,2.793410948724231,0.0,0.0,1.0
1336,2019,2.369999999999891,0.21487271479175538,1325.465,1329.295,1327.685,1326.408,1324.038,1,7.35,1.2181434599157401,0.5388185654008871,1.3953586497891006,0.7160337552742477,1.0,1.0,0.0
1337,2019,4.379999999999882,0.39040664175159867,1330.525,1329.245,1327.958,1331.895,1327.515,-1,13.266666666666667,-0.3949771689497346,-0.10114155251141452,-0.14543378995432896,0.1484018264839911,1.0,1.0,0.0
1338,2019,3.5329999999999018,0.31258176027097756,1327.635,1327.168,1329.248,1330.128,1326.595,-1,7.416666666666667,-0.16218511180296669,-0.7509198981036213,-0.026323238041282136,-0.6150580243419367,0.0,0.0,0.0
1339,2019,3.4600000000000364,0.3131829055408325,1326.378,1323.438,1319.005,1329.808,1326.348,-1,8.166666666666666,0.8410404624276948,2.122254335260049,0.8835260115606234,2.164739884392978,0.0,0.0,1.0
1340,2019,4.0470000000000255,0.35748627673670536,1319.928,1315.315,1313.595,1321.205,1317.158,1,7.366666666666666,-1.4553990610328231,-1.8804052384481966,-1.3968371633308585,-1.821843340746232,1.0,1.0,1.0
1341,2019,5.052999999999884,0.4278836266860122,1310.298,1305.478,1293.248,1315.138,1310.085,-1,7.033333333333333,0.9117356026123248,3.332079952503538,0.9499307342173096,3.3702750841085227,0.0,0.0,1.0
1342,2019,4.099999999999909,0.320401897850956,1294.465,1285.515,1287.008,1296.995,1292.895,-1,7.416666666666667,1.8000000000000111,1.4358536585366035,1.9048780487805168,1.5407317073171092,0.0,0.0,1.0
1343,2019,4.009999999999991,0.3032561958471075,1287.0,1284.148,1286.655,1289.535,1285.525,-1,7.383333333333334,0.3433915211970532,-0.2817955112219163,0.47057356608483175,-0.15461346633413772,0.0,0.0,1.0
1344,2019,4.647000000000162,0.3605759638193756,1290.345,1286.148,1285.798,1290.565,1285.918,1,7.133333333333334,-0.9505057026038283,-1.0258231116849337,-0.9511512803959369,-1.0264686894770423,1.0,1.0,0.0
1345,2019,4.616999999999962,0.36778796913762624,1284.558,1286.735,1285.498,1288.475,1283.858,-1,8.0,-0.6231319038336531,-0.355209010179795,-0.5235001082954162,-0.255577214641558,1.0,1.0,0.0
1346,2019,8.220000000000027,0.6651600187271361,1292.218,1296.868,1299.268,1293.348,1285.128,1,7.716666666666667,0.4282238442822348,0.7201946472019529,0.4492700729926972,0.7412408759124154,0.0,0.0,0.0
1347,2019,3.4400000000000546,0.26484239238028645,1297.335,1292.848,1293.715,1299.045,1295.605,-1,7.916666666666667,0.8014534883720983,0.5494186046511832,0.8334302325581152,0.5813953488372001,0.0,0.0,1.0
1348,2019,4.960000000000036,0.4049121252055497,1296.365,1297.015,1301.598,1297.355,1292.395,1,10.083333333333334,-0.06854838709675719,0.855443548387078,-0.01612903225804973,0.9078629032257854,0.0,0.0,0.0
1349,2019,4.063000000000102,0.33188634109342124,1304.728,1307.848,1310.638,1305.718,1301.655,1,8.416666666666666,0.5242431700713336,1.2109278857986026,0.5938961358601896,1.2805808515874586,0.0,0.0,1.0
1350,2019,7.2569999999998345,0.6336568206765656,1302.655,1295.475,1295.865,1309.735,1302.478,-1,7.05,0.9649993110101028,0.9112580956318324,0.9728537963346195,0.9191125809563491,0.0,0.0,1.0
1351,2019,8.126999999999953,0.6865428478331678,1300.415,1301.838,1301.768,1302.055,1293.928,1,7.316666666666666,-0.02670111972438778,-0.03531438415159791,0.0015996062507592026,-0.007013658176450929,0.0,0.0,0.0
1352,2019,5.79300000000012,0.47495842020193646,1303.508,1304.135,1302.745,1303.948,1298.155,1,7.25,0.032280338339356854,-0.20766442257900516,0.07198342827548898,-0.16796133264287305,0.0,0.0,0.0
1353,2019,4.379999999999882,0.35530112523610546,1305.495,1307.578,1306.398,1307.745,1303.365,1,10.516666666666667,-0.038127853881260464,-0.3075342465753462,0.022831050228290354,-0.24657534246579538,0.0,0.0,0.0
1354,2019,3.0699999999999363,0.2572682161819146,1305.065,1300.498,1314.298,1306.835,1303.765,-1,7.516666666666667,1.064169381107531,-3.4309446254072054,1.1465798045602784,-3.348534201954458,1.0,1.0,0.0
1355,2019,4.813000000000102,0.3947716860199521,1319.025,1310.445,1309.208,1319.198,1314.385,1,7.016666666666667,-1.8186162476625745,-2.0756285061291915,-1.7895283606897723,-2.046540619156389,1.0,1.0,0.0
1356,2019,4.507000000000062,0.38770845366399737,1311.035,1313.248,1312.355,1311.285,1306.778,1,7.016666666666667,0.43554470823162605,0.23740847570444235,0.49101397825603177,0.29287774572884806,0.0,0.0,0.0
1357,2019,5.919999999999845,0.5291484974046816,1315.725,1321.428,1322.158,1316.878,1310.958,1,7.166666666666667,0.7685810810811319,0.8918918918919105,0.7922297297297597,0.9155405405405384,0.0,0.0,1.0
1358,2019,4.772999999999911,0.41321608785989195,1318.215,1314.665,1315.748,1322.118,1317.345,-1,7.066666666666666,0.5614917242824458,0.33459040435784826,0.6578671694951097,0.4309658495705122,0.0,0.0,0.0
1359,2019,3.9869999999998527,0.34063405852377265,1316.705,1311.535,1309.165,1318.425,1314.438,-1,7.716666666666667,0.728116378229277,1.3225482819163112,0.8051166290443761,1.3995485327314106,1.0,1.0,0.0
1360,2019,5.026999999999816,0.42251813073337935,1310.388,1292.288,1290.595,1312.245,1307.218,-1,8.583333333333334,2.9699622040979925,3.3067435846430584,3.1822160334196647,3.5189974139647306,0.0,0.0,1.0
1361,2019,5.927000000000135,0.4747622698509085,1287.265,1295.428,1292.125,1292.595,1286.668,1,11.833333333333334,0.4779821157415251,-0.07929812721444518,0.49822844609416816,-0.05905179686180211,0.0,0.0,1.0
1362,2019,3.586999999999989,0.28022655617867803,1292.725,1292.128,1288.145,1293.855,1290.268,-1,7.366666666666666,-0.5185391692221649,0.5918594926122257,-0.4719821577920236,0.638416504042367,1.0,1.0,0.0
1363,2019,3.894999999999982,0.3029747419186357,1287.888,1290.505,1291.258,1289.175,1285.28,1,7.2,0.3414634146341876,0.534788189987187,0.4415917843389051,0.6349165596919044,1.0,1.0,0.0
1364,2019,3.5830000000000837,0.28163178224937835,1293.128,1290.338,1290.185,1293.708,1290.125,1,12.183333333333334,-0.940552609545085,-0.9832542562098956,-0.8894780909852222,-0.9321797376500328,1.0,1.0,0.0
1365,2019,2.759999999999991,0.230955440662263,1292.845,1287.408,1292.308,1293.008,1290.248,1,7.566666666666666,-2.028985507246433,-0.25362318840581444,-2.0326086956522267,-0.2572463768116082,1.0,1.0,0.0
1366,2019,5.509999999999991,0.4580896107366601,1288.735,1292.128,1291.685,1292.908,1287.398,-1,7.1,-0.8584392014519103,-0.7780399274047263,-0.8136116152450008,-0.7332123411978168,1.0,1.0,0.0
1367,2019,5.610000000000127,0.4655463679203451,1296.355,1299.485,1297.668,1296.958,1291.348,1,7.55,0.450445632798531,0.126559714794972,0.5074866310160276,0.1836007130124687,0.0,0.0,1.0
1368,2019,3.4529999999999745,0.27831063109534754,1299.015,1303.745,1304.228,1299.988,1296.535,1,8.85,1.0880393860410837,1.2279177526788416,1.20185346075873,1.3417318273964878,0.0,0.0,1.0
1369,2019,3.980000000000018,0.33776247514669744,1302.775,1306.868,1307.798,1305.078,1301.098,1,7.9,0.44974874371858176,0.6834170854271394,0.5510050251256216,0.7846733668341791,1.0,1.0,0.0
1370,2019,3.119999999999891,0.2772840383931656,1307.768,1296.415,1290.108,1309.108,1305.988,-1,8.0,3.068269230769368,5.089743589743803,3.2253205128206583,5.246794871795093,0.0,0.0,1.0
1371,2019,2.836999999999989,0.23506226030964403,1293.505,1292.748,1290.885,1293.955,1291.118,1,7.466666666666667,-0.4254494183996773,-1.0821290095170772,-0.3620021149101331,-1.018681706027533,1.0,1.0,0.0
1372,2019,4.088000000000193,0.35506805801994473,1288.035,1287.238,1287.795,1291.188,1287.1,-1,7.933333333333334,-0.03375733855189355,-0.17000978473584416,-0.002446183953030928,-0.13869863013698153,0.0,0.0,1.0
1373,2019,5.023000000000138,0.43832627950609937,1284.328,1276.595,1276.178,1288.678,1283.655,-1,10.05,1.4055345411108404,1.4885526577741701,1.4533147521401062,1.536332868803436,0.0,0.0,1.0
1374,2019,4.009999999999991,0.34021561937544254,1278.765,1273.755,1273.918,1278.785,1274.775,1,7.1,-1.2543640897755572,-1.213715710723242,-1.1877805486284116,-1.1471321695760965,1.0,1.0,0.0
1375,2019,3.2329999999999472,0.30579746373628813,1272.235,1275.698,1273.958,1274.738,1271.505,-1,7.666666666666667,-1.2969378286421442,-0.7587380142282755,-1.1979585524281195,-0.6597587380142509,1.0,1.0,0.0
1376,2019,4.427000000000135,0.4381340176305633,1278.555,1275.275,1275.178,1279.765,1275.338,-1,14.55,0.014230856110203879,0.03614185678785851,0.14524508696629368,0.16715608764394832,0.0,0.0,0.0
1377,2019,3.553000000000111,0.3631624674196457,1272.975,1268.985,1270.625,1276.428,1272.875,-1,7.0,1.0948494230227916,0.6332676611314184,1.1229946524063845,0.6614128905150114,0.0,0.0,1.0
1378,2019,3.336999999999989,0.33476167273352464,1269.748,1274.038,1275.105,1272.035,1268.698,1,8.95,0.6002397362900617,0.9199880131854798,0.6472879832184864,0.9670362601139046,0.0,0.0,1.0
1379,2019,3.4470000000001164,0.3370607586626078,1276.205,1279.688,1277.148,1276.755,1273.308,1,7.683333333333334,0.850884827386102,0.11401218450820669,0.9312445604873595,0.1943719176094641,0.0,0.0,1.0
1380,2019,3.5670000000000073,0.35951707306537667,1280.018,1286.558,1286.498,1281.005,1277.438,1,7.45,1.556770395290124,1.5399495374263883,1.6044294925707723,1.5876086347070366,1.0,1.0,0.0
1381,2019,1.9230000000000018,0.18571635520788027,1284.675,1279.698,1280.065,1286.618,1284.695,-1,7.0,2.5985439417575864,2.4076963078522504,2.5881435257409553,2.3972958918356193,0.0,0.0,1.0
1382,2019,4.242999999999938,0.4209027138099553,1282.878,1281.765,1283.848,1284.098,1279.855,1,9.35,-0.5498468065048057,-0.05892057506481349,-0.4713646005185079,0.019561630921484212,1.0,1.0,0.0
1383,2019,4.230000000000018,0.42972208112618887,1279.545,1281.895,1276.218,1283.555,1279.325,-1,7.2,-0.6075650118203133,0.7345153664302501,-0.5271867612293164,0.8148936170212469,1.0,1.0,0.0
1384,2019,5.166999999999916,0.5082128454804663,1272.935,1269.368,1271.075,1277.822,1272.655,-1,7.016666666666667,0.6361525062899338,0.3057867234371885,0.6748596864718669,0.34449390361912163,0.0,0.0,1.0
1385,2019,2.4400000000000546,0.25415721141327074,1271.875,1280.495,1279.158,1272.728,1270.288,-1,8.183333333333334,-4.183196721311333,-3.6352459016392182,-4.065573770491649,-3.5176229508195345,1.0,1.0,0.0
1386,2019,3.5499999999999545,0.347802962973325,1282.595,1279.488,1281.115,1285.118,1281.568,-1,7.15,0.5859154929577335,0.12760563380281137,0.70760563380281,0.24929577464788796,0.0,0.0,1.0
1387,2019,2.2899999999999636,0.22523535197414227,1282.268,1284.175,1285.028,1283.605,1281.315,-1,7.666666666666667,-1.2489082969432075,-1.6213973799126744,-1.0698689956332246,-1.4423580786026915,1.0,1.0,0.0
1388,2019,3.0599999999999454,0.31868597826328876,1287.035,1282.728,1280.555,1287.215,1284.155,1,7.016666666666667,-1.4663398692810237,-2.1764705882352855,-1.3944444444444122,-2.104575163398674,1.0,1.0,1.0
1389,2019,3.2100000000000364,0.3215121228814504,1282.048,1285.008,1284.845,1282.738,1279.528,1,7.216666666666667,0.7071651090342542,0.6563862928348745,0.7757009345794333,0.7249221183800535,0.0,0.0,1.0
1390,2019,3.8170000000000073,0.3766847121186495,1286.135,1287.628,1285.908,1286.885,1283.068,1,13.5,0.19465548860359883,-0.25596017815040273,0.4697406340057347,0.019124967251733103,0.0,0.0,0.0
1391,2019,5.650000000000091,0.5566737511788068,1284.378,1297.868,1299.538,1288.468,1282.818,-1,7.533333333333333,-2.663716814159241,-2.959292035398187,-2.6323893805309395,-2.9279646017698857,1.0,1.0,0.0
1392,2019,5.186999999999898,0.4806147166664372,1299.198,1295.815,1295.798,1303.245,1298.058,-1,7.733333333333333,0.43242722190090266,0.43570464623096883,0.48640832851358407,0.4896857528436502,0.0,0.0,0.0
1393,2019,3.727000000000089,0.34576949583842265,1295.408,1296.385,1296.025,1298.085,1294.358,-1,7.283333333333333,-0.5438690635900175,-0.44727662999734474,-0.4526428763079844,-0.3560504427153116,1.0,1.0,0.0
1394,2019,2.143000000000029,0.20056957963418873,1296.458,1287.255,1286.038,1297.218,1295.075,1,8.133333333333333,-4.649090060662544,-5.216985534297672,-4.549696686887479,-5.117592160522608,1.0,1.0,0.0
1395,2019,2.979999999999791,0.27933634184552936,1287.718,1275.935,1276.138,1287.735,1284.755,1,7.0,-3.959731543624424,-3.8916107382553,-3.954026845637905,-3.885906040268781,1.0,1.0,0.0
1396,2019,3.6099999999999,0.32639301490531586,1275.488,1277.855,1277.708,1278.645,1275.035,-1,7.133333333333334,-0.7811634349030511,-0.7404432132964199,-0.7617728531856167,-0.7210526315789855,0.0,1.0,0.0
1397,2019,2.759999999999991,0.25107049336911336,1275.745,1273.758,1274.475,1277.848,1275.088,-1,7.333333333333333,0.4818840579709897,0.22210144927538347,0.5025362318840392,0.24275362318843297,0.0,0.0,1.0
1398,2019,2.410000000000082,0.22780981189149124,1273.105,1275.205,1273.658,1275.268,1272.858,-1,7.366666666666666,-0.9738589211617843,-0.3319502074688495,-0.8755186721990988,-0.23360995850616406,1.0,1.0,0.0
1399,2019,1.8099999999999454,0.1792941442843748,1274.398,1285.405,1284.955,1274.565,1272.755,1,7.05,5.988950276243229,5.74033149171281,6.038674033149388,5.79005524861897,0.0,0.0,1.0
1400,2019,2.0230000000001382,0.2000211871888271,1283.135,1283.945,1284.308,1284.458,1282.435,1,7.283333333333333,-0.25358378645581425,-0.0741473059812559,-0.18932278793871085,-0.009886307464152469,1.0,1.0,0.0
1402,2019,4.272999999999911,0.4476421377153122,1283.015,1278.748,1278.335,1286.548,1282.275,-1,13.05,0.8254153990171115,0.922068804118918,0.9150479756611131,1.0117013807629196,0.0,0.0,1.0
1403,2019,2.9329999999999927,0.3110969687327164,1281.185,1282.255,1282.095,1281.948,1279.015,1,7.416666666666667,0.10467098533924894,0.05011933174222123,0.3989089669280858,0.3443573133310581,0.0,0.0,1.0
1404,2019,3.630000000000109,0.3914319384430657,1276.968,1283.645,1287.985,1280.288,1276.658,-1,7.016666666666667,-1.9247933884297161,-3.1203856749310352,-1.9146005509641424,-3.110192837465461,1.0,1.0,0.0
1405,2019,5.40300000000002,0.549041525429884,1292.465,1302.418,1306.268,1293.528,1288.125,1,7.733333333333333,1.6453821950767795,2.3579492874329007,1.6564871367758254,2.3690542291319465,0.0,0.0,1.0
1406,2019,5.7970000000000255,0.591125613646632,1311.108,1319.835,1326.188,1312.755,1306.958,1,8.216666666666667,1.2213213731240118,2.317233051578391,1.3368983957219192,2.432810074176299,0.0,0.0,1.0
1407,2019,5.692999999999984,0.5302261221285691,1324.468,1321.088,1326.048,1327.248,1321.555,1,8.066666666666666,-1.08203056385036,-0.21078517477604936,-1.0375900228350505,-0.16634463376073982,1.0,1.0,0.0
1408,2019,2.9099999999998545,0.2688807196552075,1327.168,1332.348,1328.635,1327.485,1324.575,1,7.0,1.6711340206186596,0.3951890034364771,1.7800687285224477,0.5041237113402651,0.0,0.0,1.0
1409,2019,5.4500000000000455,0.4880482547317709,1332.358,1335.708,1334.265,1332.608,1327.158,1,7.016666666666667,0.5688073394495615,0.3040366972477319,0.6060550458715749,0.3412844036697453,0.0,0.0,1.0
1410,2019,3.119999999999891,0.28215778356274934,1332.048,1344.955,1340.195,1335.168,1332.048,-1,7.0,-4.136858974359095,-2.611217948718019,-4.136858974359095,-2.611217948718019,1.0,1.0,0.0
1411,2019,10.9699999999998,0.9171145348142683,1326.955,1329.148,1327.728,1337.658,1326.688,-1,7.0,-0.2242479489516731,-0.09480401093892275,-0.19990884229717626,-0.07046490428442592,0.0,0.0,0.0
1412,2019,2.240000000000009,0.17978867950489422,1328.688,1325.828,1327.378,1329.808,1327.568,-1,7.45,0.7767857142857152,0.08482142857145258,0.9866071428571551,0.2946428571428925,0.0,0.0,1.0
1413,2019,9.256999999999834,0.7217250385649813,1335.015,1334.015,1332.645,1335.195,1325.938,1,7.0,-0.1274711029491042,-0.27546721400021607,-0.1080263584314592,-0.25602246948257107,0.0,0.0,0.0
1414,2019,5.329999999999927,0.4203612109467378,1335.778,1336.758,1341.248,1337.655,1332.325,1,7.483333333333333,-0.1682926829268193,0.6741088180112802,-0.11819887429641471,0.7242026266416848,0.0,0.0,1.0
1415,2019,6.0,0.4541252412540355,1346.368,1348.468,1340.978,1347.808,1341.808,1,7.333333333333333,0.11000000000001364,-1.1383333333333212,0.13383333333335182,-1.114499999999983,0.0,1.0,1.0
1416,2019,7.410000000000082,0.5143078112915772,1339.195,1337.955,1338.948,1343.505,1336.095,-1,8.25,-0.25101214574897157,-0.3850202429149843,-0.21727395411604347,-0.35128205128205625,0.0,0.0,0.0
1417,2019,7.319999999999936,0.5078169520081233,1345.805,1345.848,1346.548,1345.865,1338.545,1,7.0,-0.002322404371591926,0.09330601092896157,0.005874316939876101,0.10150273224042959,0.0,0.0,1.0
1418,2019,5.343000000000075,0.3538159544024839,1345.758,1343.968,1352.078,1347.468,1342.125,-1,9.5,-0.34493730114168986,-1.8628111547819268,-0.2657682949653852,-1.7836421486056222,0.0,1.0,0.0
1419,2019,36.29000000000019,2.324813075986797,1382.475,1382.768,1390.125,1393.928,1357.638,0,,,,,,,,
1420,2019,23.7170000000001,1.4064936990363275,1397.095,1392.578,1398.048,1411.805,1388.088,-1,8.683333333333334,-0.1893156807353371,-0.41995193321246344,-0.1767930176666512,-0.4074292701437775,0.0,0.0,0.0
1421,2019,10.426999999999907,0.601284306173972,1403.785,1408.448,1419.198,1411.155,1400.728,0,,,,,,,,
1422,2019,18.8599999999999,1.016695930751926,1423.228,1430.705,1424.335,1439.138,1420.278,0,,,,,,,,
1423,2019,18.690000000000055,0.9779452162310664,1408.665,1408.775,1409.595,1421.998,1403.308,-1,12.2,-0.29250936329588456,-0.3363830925628687,-0.2332798287854529,-0.2771535580524371,0.0,0.0,0.0
1424,2019,7.163000000000011,0.3645239618471562,1406.745,1405.065,1407.838,1412.048,1404.885,-1,7.333333333333333,-0.02512913583694868,-0.4122574340360142,-0.006561496579648945,-0.3936897947787145,0.0,0.0,0.0
1425,2019,16.269999999999982,0.8417248374973657,1415.058,1411.575,1410.445,1424.568,1408.298,-1,14.55,-0.20141364474493223,-0.13196066379839808,-0.13030116779349235,-0.06084818684695822,0.0,0.0,0.0
1426,2019,12.660000000000082,0.6463871393612751,1386.008,1394.715,1383.908,1397.698,1385.038,-1,7.016666666666667,-0.764375987361757,0.08925750394945513,-0.7156398104265314,0.13799368088468086,0.0,0.0,0.0
1427,2019,9.37299999999982,0.44942427169169374,1391.465,1394.038,1408.445,1393.158,1383.785,1,8.516666666666667,0.09388669582845685,1.6309612717380058,0.148298303638123,1.685372879547672,0.0,0.0,1.0
1428,2019,16.410000000000082,0.6924447150379343,1425.995,1418.775,1418.328,1437.688,1421.278,-1,12.583333333333334,0.1525289457647725,0.17976843388178126,0.23357708714197667,0.26081657525898544,0.0,0.0,0.0
1429,2019,7.866999999999962,0.318719542544939,1416.215,1416.375,1414.865,1421.595,1413.728,-1,7.25,-0.33646879369517574,-0.14452777424684748,-0.17630608872504772,0.015634930723280524,0.0,0.0,0.0
1430,2019,8.503000000000156,0.3509348081152369,1415.925,1395.098,1399.498,1422.938,1414.435,-1,7.133333333333334,2.2741385393390137,1.7566741150181846,2.308244149123791,1.7907797248029615,0.0,0.0,1.0
1431,2019,11.299999999999955,0.4333486731093702,1404.618,1396.528,1397.205,1405.665,1394.365,1,7.016666666666667,-0.8085840707964584,-0.7486725663716877,-0.7059292035398337,-0.6460176991150629,0.0,1.0,0.0
1432,2019,5.73700000000008,0.22012952664943933,1394.375,1393.468,1397.765,1396.405,1390.668,-1,9.45,-0.48805996165245646,-1.2370576956597714,-0.3242112602405615,-1.0732089942478764,0.0,1.0,0.0
1433,2019,5.100000000000136,0.1994965088111007,1393.318,1408.035,1415.455,1396.228,1391.128,-1,7.233333333333333,-3.3150980392156275,-4.769999999999872,-3.258235294117597,-4.7131372549018415,1.0,1.0,0.0
1434,2019,8.129999999999882,0.32138833435454983,1422.255,1409.165,1407.655,1427.078,1418.948,-1,12.366666666666667,1.2033210332103654,1.3890528905289403,1.2300123001230192,1.4157441574415939,0.0,0.0,1.0
1435,2019,6.376999999999953,0.2542185622433675,1405.545,1408.315,1416.568,1409.945,1403.568,1,8.333333333333334,-0.25560608436567256,1.0385761329779044,-0.21640269719302055,1.0777795201505564,1.0,1.0,0.0
1436,2019,8.150000000000091,0.3366486786318113,1412.895,1410.448,1412.748,1417.478,1409.328,-1,15.4,-0.13742331288344856,-0.41963190184049504,-0.08257668711656371,-0.3647852760736102,0.0,0.0,0.0
1437,2019,5.503000000000156,0.23918510285562375,1414.575,1410.095,1403.545,1416.468,1410.965,-1,13.5,0.15809558422676107,1.3483554424858504,0.7764855533345065,1.9667454115935958,0.0,0.0,1.0
1438,2019,3.509999999999991,0.15468444561963438,1404.125,1418.148,1422.148,1406.838,1403.328,-1,9.05,-4.222222222222215,-5.361823361823357,-4.0085470085470005,-5.1481481481481435,1.0,1.0,0.0
1439,2019,9.36999999999989,0.3924654296536035,1422.508,1422.235,1437.648,1428.158,1418.788,-1,11.9,-0.36787620064033394,-2.0128068303095112,-0.3191035218783398,-1.964034151547517,0.0,1.0,0.0
1440,2019,7.100000000000136,0.281103827423748,1441.115,1427.825,1423.118,1446.518,1439.418,-1,7.683333333333334,1.6328169014083977,2.2957746478872734,1.653521126760533,2.3164788732394084,0.0,0.0,1.0
1441,2019,7.807000000000016,0.3102800236191864,1428.025,1427.108,1428.098,1429.955,1422.148,0,,,,,,,,
1442,2019,10.160000000000082,0.4620432028585382,1415.648,1423.948,1418.935,1424.298,1414.138,1,12.7,-0.03444881889762857,-0.5278543307086627,0.06791338582677647,-0.4254921259842577,0.0,0.0,0.0
1443,2019,5.942999999999984,0.27912266341031283,1420.708,1423.705,1423.175,1422.348,1416.405,1,7.8,0.22833585731111805,0.13915530876661628,0.24516237590440584,0.15598182735990404,0.0,0.0,1.0
1444,2019,4.440000000000055,0.2092055842005382,1423.105,1417.988,1414.168,1426.078,1421.638,1,8.4,-1.8220720720720311,-2.682432432432418,-1.7747747747747262,-2.635135135135113,1.0,1.0,1.0
1445,2019,4.0900000000001455,0.202036596639552,1414.688,1420.248,1418.685,1417.765,1413.675,1,7.9,0.6070904645476428,0.22493887530557766,0.6193154034229924,0.23716381418092733,1.0,1.0,0.0
1446,2019,5.613000000000056,0.28156407766642694,1419.995,1420.458,1424.468,1424.198,1418.585,-1,7.133333333333334,-0.3336896490290448,-1.0481026189203597,-0.2428291466239164,-0.9572421165152313,0.0,1.0,0.0
1447,2019,3.59699999999998,0.18108916730196542,1422.958,1428.388,1431.598,1425.855,1422.258,1,7.633333333333334,0.7041979427300294,1.596608284681671,0.7117041979427189,1.6041145398943604,0.0,0.0,1.0
1448,2019,4.269999999999982,0.23310495962191527,1430.575,1427.535,1417.948,1431.875,1427.605,1,7.416666666666667,-1.016393442622936,-3.261592505854793,-0.9953161592505897,-3.240515222482447,1.0,1.0,0.0
1449,2019,10.579999999999927,0.5797850270477584,1407.508,1413.798,1439.145,1414.778,1404.198,-1,8.983333333333333,-0.9073724007561413,-3.3031190926276115,-0.836483931947067,-3.232230623818537,0.0,1.0,0.0
1450,2019,12.003000000000156,0.5788344223953006,1433.488,1446.728,1442.388,1442.228,1430.225,1,15.133333333333333,0.3749062734316372,0.013330000833112754,0.590102474381404,0.22852620178287947,0.0,0.0,0.0
1451,2019,18.057000000000016,0.8496897666695797,1452.735,1466.145,1467.335,1455.905,1437.848,1,7.233333333333333,0.5670930940909342,0.6329955142050204,0.5879714238245529,0.6538738439386391,0.0,0.0,0.0
1452,2019,18.5,0.8144449196246628,1461.368,1471.438,1470.675,1474.815,1456.315,0,,,,,,,,
1453,2019,17.87999999999988,0.812268393829454,1485.948,1501.295,1503.115,1490.088,1472.208,1,7.516666666666667,0.6267897091722696,0.7285794183445263,0.6476510067114223,0.749440715883679,0.0,0.0,1.0
1454,2019,14.960000000000036,0.6801457455168977,1501.075,1492.858,1506.955,1506.635,1491.675,-1,14.0,-0.0790775401069512,-1.0213903743315464,-0.045655080213903146,-0.9879679144384984,0.0,1.0,0.0
1455,2019,8.870000000000118,0.41250195156142083,1506.785,1501.935,1497.075,1507.835,1498.965,1,7.033333333333333,-0.6651634723788064,-1.2130777903043797,-0.6147688838782301,-1.1626832018038036,1.0,1.0,0.0
1456,2019,6.25,0.2854402630617466,1496.535,1503.648,1511.825,1501.445,1495.195,-1,7.066666666666666,-1.352479999999996,-2.6608000000000174,-1.337599999999984,-2.6459200000000056,1.0,1.0,1.0
1457,2019,10.482999999999947,0.453883907999763,1519.365,1504.555,1501.095,1520.028,1509.545,1,7.116666666666666,-1.476008776113711,-1.8060669655633013,-1.4079938948774269,-1.738052084327017,1.0,1.0,1.0
1458,2019,9.809999999999945,0.3757181156644943,1500.558,1515.378,1518.158,1503.895,1494.085,1,11.133333333333333,1.170540265035679,1.4539245667686034,1.2273190621814507,1.510703363914375,0.0,0.0,1.0
1459,2019,9.370000000000118,0.3519787063347089,1518.035,1518.498,1522.728,1524.228,1514.858,-1,7.383333333333334,-0.38847385272145724,-0.839914621131272,-0.3553895410885926,-0.8068303094984074,0.0,1.0,0.0
1460,2019,11.196999999999889,0.4122465831959206,1519.255,1505.145,1514.098,1527.945,1516.748,-1,7.3,1.0362597124229866,0.2366705367509259,1.0851120835938386,0.285522907921778,0.0,0.0,1.0
1461,2019,7.649999999999864,0.2737709066648212,1507.085,1501.135,1495.175,1512.685,1505.035,-1,9.066666666666666,0.5098039215686484,1.2888888888889285,0.5477124183006705,1.3267973856209505,0.0,0.0,1.0
1462,2019,5.3129999999998745,0.18589319051414954,1496.485,1502.725,1505.995,1499.398,1494.085,1,8.333333333333334,0.6261998870694667,1.2416713721061803,0.7071334462638666,1.32260493130058,0.0,0.0,1.0
1463,2019,6.720000000000027,0.24173096638428831,1502.595,1503.045,1503.108,1508.028,1501.308,-1,7.716666666666667,-0.2584821428571537,-0.267857142857135,-0.13988095238095993,-0.14925595238094122,0.0,0.0,0.0
1464,2019,4.663000000000011,0.18537122801836659,1500.315,1500.345,1498.925,1503.598,1498.935,-1,8.35,-0.30238044177569773,0.0021445421402511004,-0.29959253699333716,0.004932446922611664,1.0,1.0,1.0
1465,2019,4.269999999999982,0.17249936517463388,1494.605,1519.098,1527.298,1497.985,1493.715,-1,7.05,-5.944496487119472,-7.864871194379444,-5.860187353629981,-7.780562060889952,1.0,1.0,0.0
1466,2019,11.200000000000045,0.45178856986443605,1542.568,1534.255,1527.648,1549.248,1538.048,-1,7.95,0.3386607142857033,0.9285714285714329,0.5749999999999822,1.1649107142857118,0.0,0.0,1.0
1467,2019,6.307000000000016,0.2514716981132079,1531.535,1538.108,1539.188,1531.845,1525.538,1,7.0,0.9930236245441421,1.1642619311875781,1.042175360710298,1.213413667353734,0.0,0.0,1.0
1468,2019,12.740000000000009,0.5370267218667667,1538.915,1537.915,1542.018,1544.588,1531.848,1,12.383333333333333,-0.523783359497645,-0.2017268445839823,-0.4696232339089437,-0.14756671899528104,0.0,0.0,0.0
1469,2019,7.242999999999938,0.3095724382164794,1544.218,1539.045,1521.338,1545.138,1537.895,1,7.066666666666666,-0.8412260113212618,-3.285931243959707,-0.789728013254187,-3.234433245892632,1.0,1.0,0.0
1470,2019,7.527000000000044,0.3054859806581795,1529.545,1528.365,1525.328,1529.625,1522.098,1,7.0,-0.16739736946990616,-0.5708781719144415,-0.15676896505912805,-0.5602497675036633,1.0,1.0,0.0
1472,2019,5.523000000000138,0.2714347899348522,1526.515,1544.338,1543.648,1526.978,1521.455,1,7.0,3.143219264892172,3.0182871627737513,3.227050516023795,3.1021184139053744,0.0,0.0,1.0
1473,2019,9.97700000000009,0.4932463689301221,1541.665,1546.608,1554.048,1550.045,1540.068,-1,7.05,-0.6555076676355522,-1.4012228124686672,-0.6237345895559688,-1.3694497343890837,0.0,1.0,0.0
1474,2019,11.2199999999998,0.5469092732248318,1544.865,1513.898,1518.235,1552.918,1541.698,-1,8.95,2.4777183600713615,2.0911764705882896,2.4866310160428333,2.1000891265597614,0.0,0.0,1.0
1475,2019,7.567000000000007,0.34205878459317973,1517.755,1519.955,1507.328,1520.215,1512.648,-1,7.633333333333334,-0.9656402801638707,0.7030527289546625,-0.7991277917272392,0.8695652173912939,1.0,1.0,1.0
1476,2019,7.960000000000036,0.35357573450092117,1510.308,1498.805,1501.475,1512.498,1504.538,-1,9.016666666666667,0.7202261306532564,0.3847989949748854,0.7763819095477146,0.44095477386934356,1.0,1.0,0.0
1477,2019,12.860000000000127,0.5650547353620616,1488.768,1496.038,1490.888,1499.258,1486.398,1,14.666666666666666,-0.25038880248833556,-0.6508553654743418,-0.22628304821151268,-0.6267496111975189,0.0,0.0,0.0
1478,2019,8.45699999999988,0.3659104184243894,1494.228,1494.448,1497.135,1494.715,1486.258,1,7.0,-0.03157147924794007,0.2861534823223492,0.026013952938397825,0.3437389145086871,0.0,0.0,0.0
1479,2019,9.156999999999925,0.39639712066491467,1497.778,1510.435,1498.255,1498.365,1489.208,1,7.866666666666666,1.3181172873211788,-0.012012667904324653,1.363983837501377,0.03385388227587369,0.0,0.0,1.0
1480,2019,5.466999999999871,0.23798759347646375,1497.515,1495.678,1486.475,1500.955,1495.488,1,7.583333333333333,-0.9652460215840389,-2.6486189866472216,-0.8079385403329103,-2.491311505396093,1.0,1.0,1.0
1481,2019,10.907000000000153,0.4764145203812676,1503.835,1499.458,1501.698,1512.065,1501.158,-1,9.666666666666666,0.15586320711467813,-0.04950948931880292,0.19501237737232263,-0.010360319061158413,0.0,0.0,0.0
1482,2019,4.7000000000000455,0.202455309067415,1497.365,1501.795,1502.448,1500.835,1496.135,-1,7.066666666666666,-1.204255319148942,-1.3431914893617107,-1.0531914893617016,-1.1921276595744705,1.0,1.0,0.0
1483,2019,3.150000000000091,0.13625704071953978,1502.045,1506.998,1490.285,1503.535,1500.385,-1,11.866666666666667,-2.0993650793650365,3.206349206349085,-1.9206349206348508,3.385079365079271,1.0,1.0,0.0
1484,2019,8.3900000000001,0.3655215980133788,1496.488,1500.545,1499.428,1497.298,1488.908,1,8.033333333333333,0.3870083432657965,0.2538736591180076,0.39892729439808583,0.265792610250297,0.0,0.0,0.0
1485,2019,7.974999999999909,0.3479775848205057,1505.625,1504.328,1512.565,1505.975,1498.0,1,7.166666666666667,-0.20652037617554272,0.8263322884012816,-0.16639498432602048,0.8664576802508038,0.0,0.0,1.0
1486,2019,7.914999999999964,0.3378436059416061,1515.585,1525.898,1523.855,1519.49,1511.575,-1,8.1,-1.8096020214781972,-1.5514845230574894,-1.7565382185723417,-1.4984207201516337,1.0,1.0,0.0
1487,2019,3.272999999999911,0.1454412721588251,1520.915,1522.595,1533.808,1522.598,1519.325,-1,7.166666666666667,-0.9990834097158786,-4.424992361747736,-0.9257561869844348,-4.351665139016292,1.0,1.0,0.0
1488,2019,7.509999999999991,0.33694938067844854,1528.638,1517.855,1504.305,1535.048,1527.538,-1,13.05,1.2893475366178435,3.0936085219707024,1.3621837549933462,3.166444740346205,0.0,0.0,1.0
1489,2019,6.319999999999936,0.295026758473513,1508.335,1508.295,1507.715,1511.068,1504.748,-1,13.083333333333334,-0.5612341772151995,-0.46946202531644,-0.5110759493670967,-0.41930379746833707,1.0,1.0,0.0
1490,2019,2.7029999999999745,0.13198150124510696,1504.625,1493.175,1499.205,1507.308,1504.605,-1,7.0,4.228634850166545,1.9977802441731933,4.2360340362560684,2.005179430262717,0.0,0.0,1.0
1491,2019,7.362999999999829,0.3561982757131166,1493.708,1480.765,1473.548,1498.398,1491.035,-1,7.2,1.39481189732449,2.374983023224295,1.406084476436246,2.386255602336051,0.0,0.0,1.0
1492,2019,12.84699999999998,0.5862041992321163,1462.508,1483.425,1479.365,1474.695,1461.848,-1,7.166666666666667,-1.6795360784619002,-1.3635089904257867,-1.6595314081108405,-1.343504320074727,1.0,1.0,0.0
1493,2019,6.690000000000055,0.2899528818827455,1478.068,1495.475,1498.838,1482.385,1475.695,-1,7.133333333333334,-2.9566517189835295,-3.459342301943175,-2.941704035874391,-3.4443946188340364,1.0,1.0,0.0
1494,2019,5.126999999999953,0.225220504485393,1498.155,1513.735,1506.928,1502.695,1497.568,1,7.25,2.153306026916338,0.8256290228204045,2.2170860152135883,0.8894090111176546,1.0,1.0,0.0
1495,2019,3.6669999999999163,0.16080260351248277,1506.808,1506.648,1506.938,1509.975,1506.308,1,11.666666666666666,-0.9072811562585421,-0.8281974365966394,-0.8644668666485261,-0.7853831469866233,1.0,1.0,0.0
1496,2019,5.1469999999999345,0.22844588446771838,1505.268,1502.725,1492.628,1509.235,1504.088,-1,8.333333333333334,0.26481445502235745,2.2265397318826854,0.5002914319020941,2.4620167087624223,0.0,0.0,1.0
1497,2019,6.992999999999938,0.30300460532831264,1490.755,1501.998,1505.035,1493.838,1486.845,1,8.683333333333334,1.166881166881189,1.601172601172632,1.2516802516802852,1.6859716859717282,0.0,0.0,1.0
1498,2019,5.410000000000082,0.23857071760207502,1506.828,1507.688,1507.478,1509.288,1503.878,1,8.05,-0.2957486136783521,-0.33456561922364475,-0.12144177449166645,-0.1602587800369591,1.0,1.0,0.0
1499,2019,10.702999999999975,0.46958576469629554,1506.388,1493.285,1494.788,1516.148,1505.445,-1,7.366666666666666,1.1361300569933555,0.995702139587027,1.2064841633186996,1.0660562459123712,0.0,0.0,1.0
1500,2019,6.386999999999944,0.2748819536668121,1496.075,1478.075,1484.088,1497.165,1490.778,1,7.15,-2.9888836699546086,-2.0474401127289985,-2.9591357444809816,-2.0176921872553715,1.0,1.0,0.0
1501,2019,4.926999999999907,0.20334116495638208,1487.648,1491.268,1491.375,1488.125,1483.198,1,7.15,0.6379135376497034,0.6596306068601707,0.6683580271971142,0.6900750964075817,0.0,0.0,1.0
1502,2019,4.626999999999953,0.19454021262538118,1491.385,1479.238,1481.458,1495.395,1490.768,-1,7.466666666666667,2.49189539658528,2.0121028744326863,2.664793602766383,2.185001080613789,1.0,1.0,0.0
1503,2019,4.416999999999916,0.1934874232236189,1483.725,1485.328,1489.428,1484.895,1480.478,-1,7.233333333333333,-1.0980303373330316,-2.0262621688929623,-0.9877745075843647,-1.9160063391442954,1.0,1.0,0.0
1504,2019,6.029999999999973,0.2622121862507872,1490.168,1491.325,1492.125,1493.048,1487.018,-1,10.516666666666667,-0.7142620232172531,-0.8469320066334982,-0.6744610281923757,-0.8071310116086209,1.0,1.0,0.0
1505,2019,2.615000000000009,0.11609838394601363,1492.155,1490.918,1491.008,1493.415,1490.8,-1,7.233333333333333,-0.04512428298276778,-0.0795411089866474,0.04971319311667636,0.015296367112796742,0.0,0.0,1.0
1506,2019,3.7000000000000455,0.17863732140578842,1492.228,1488.345,1483.635,1492.755,1489.055,1,7.0,-1.1918918918918993,-2.4648648648648663,-1.0494594594594568,-2.322432432432424,1.0,1.0,0.0
1507,2019,5.037000000000035,0.25582812738077276,1485.078,1484.115,1487.588,1485.805,1480.768,1,7.433333333333334,-0.3355171729203977,0.35398054397456613,-0.26861226920787296,0.4208854476870908,0.0,0.0,0.0
1508,2019,2.910000000000082,0.16090492233198067,1489.235,1493.458,1492.545,1490.555,1487.645,1,7.716666666666667,0.9975945017181919,0.683848797250843,1.116838487972477,0.8030927835051282,0.0,0.0,1.0
1509,2019,2.617000000000189,0.15390690308461855,1492.785,1502.505,1503.158,1493.525,1490.908,-1,7.65,-4.431410011463266,-4.680932365303445,-4.317921283912635,-4.567443637752812,1.0,1.0,1.0
1510,2019,4.15300000000002,0.24809370399607572,1504.058,1511.645,1504.988,1504.868,1500.715,1,7.083333333333333,1.6318324103058057,0.028894774861574202,1.636648206116059,0.03371057067182744,0.0,1.0,1.0
1511,2019,3.8099999999999454,0.23144210909974144,1506.825,1490.255,1492.855,1507.018,1503.208,1,7.0,-4.399737532808441,-3.717322834645725,-4.349081364829442,-3.6666666666667265,1.0,1.0,0.0
1512,2019,2.893000000000029,0.17929013466016416,1492.225,1490.895,1488.215,1492.958,1490.065,1,7.033333333333333,-0.7131005876253305,-1.6394745938472581,-0.688904251641866,-1.6152782578637936,1.0,1.0,0.0
1513,2019,2.939999999999827,0.18705774885360132,1488.975,1494.628,1496.298,1489.888,1486.948,1,7.4,1.6122448979592816,2.1802721088436936,1.6676870748300368,2.2357142857144487,0.0,1.0,1.0
1514,2019,5.563000000000102,0.3701457637268434,1497.568,1509.605,1511.258,1499.458,1493.895,1,7.95,1.824015818802759,2.121157648750627,1.8515189645874108,2.148660794535279,0.0,0.0,1.0
1515,2019,4.356999999999971,0.3027616740787782,1510.175,1510.475,1513.048,1513.615,1509.258,-1,7.083333333333333,-0.27932063346336444,-0.8698645857241195,-0.280009180628829,-0.8705531328895841,1.0,1.0,0.0
1516,2019,3.3530000000000655,0.23433272431385915,1511.968,1509.045,1508.198,1513.738,1510.385,1,7.933333333333334,-1.3996421115418705,-1.6522517148821518,-1.1968386519534273,-1.4494482552937087,1.0,1.0,0.0
1517,2019,5.3900000000001,0.3984265688112216,1504.645,1485.755,1483.578,1507.755,1502.365,-1,11.083333333333334,3.0816326530611486,3.48552875695727,3.4328385899813703,3.8367346938774918,0.0,0.0,1.0
1518,2019,3.519999999999982,0.2422907488986771,1485.775,1488.595,1490.878,1487.288,1483.768,1,9.033333333333333,0.37130681818182476,1.0198863636363455,0.48210227272730827,1.1306818181818292,1.0,1.0,0.0
1519,2019,2.1529999999997926,0.15026896060062267,1491.548,1469.665,1467.765,1491.908,1489.755,1,7.033333333333333,-10.33116581514263,-11.213655364608512,-10.256850905713986,-11.139340455179868,1.0,1.0,0.0
1520,2019,5.319999999999936,0.3330248114215667,1470.108,1466.705,1461.875,1470.965,1465.645,1,7.35,-0.800751879699256,-1.7086466165413585,-0.7612781954887651,-1.6691729323308675,1.0,1.0,0.0
1521,2019,3.6770000000001346,0.22718165529538262,1463.575,1448.965,1456.208,1463.785,1460.108,1,7.016666666666667,-4.030459613815507,-2.060647266793506,-4.03589883056829,-2.066086483546288,1.0,1.0,0.0
1522,2019,8.1099999999999,0.47973161394998437,1451.125,1451.858,1459.278,1456.905,1448.795,-1,15.666666666666666,-0.3776818742293357,-1.2926017262638811,-0.2506781750924694,-1.165598027127015,0.0,1.0,0.0
1523,2019,5.927000000000135,0.34169683043638394,1461.648,1465.398,1463.605,1463.035,1457.108,1,9.216666666666667,0.39868398852704157,0.09617006917494911,0.4791631516787335,0.1766492323266411,0.0,0.0,0.0
1524,2019,5.507000000000062,0.3257272016730432,1465.285,1469.465,1471.355,1466.545,1461.038,1,7.3,0.5302342473215567,0.8734338115126006,0.564191029598681,0.9073905937897249,0.0,0.0,1.0
1525,2019,6.643000000000029,0.3994896951057144,1464.505,1468.508,1466.248,1469.718,1463.075,-1,9.25,-0.8178533794972105,-0.47764564202920184,-0.7275327412313808,-0.3873250037633722,0.0,0.0,0.0
1526,2019,5.363000000000056,0.33827120446210923,1464.938,1471.788,1471.368,1469.428,1464.065,-1,7.266666666666667,-1.4400522095841646,-1.36173783330222,-1.2418422524706343,-1.1635278761886898,1.0,1.0,1.0
1527,2019,6.3129999999998745,0.38714623003096205,1471.808,1473.158,1473.035,1475.328,1469.015,-1,7.95,-0.656264850308868,-0.6367812450499069,-0.6035165531443087,-0.5840329478853475,0.0,0.0,0.0
1528,2019,4.320000000000164,0.27100295289263543,1474.935,1469.315,1471.235,1476.198,1471.878,1,7.7,-1.5932870370369856,-1.1488425925925936,-1.3618055555555129,-0.917361111111121,1.0,1.0,0.0
1529,2019,6.309999999999945,0.4093453440094864,1470.495,1469.028,1464.578,1475.575,1469.265,-1,7.116666666666666,0.03755942947703361,0.7427892234548599,0.27369255150556326,0.9789223454833895,0.0,0.0,1.0
1530,2019,4.130000000000109,0.2672052054642658,1467.315,1464.665,1462.865,1467.575,1463.445,1,7.0,-0.7046004842615025,-1.1404358353510682,-0.6416464891041213,-1.0774818401936872,1.0,1.0,1.0
1531,2019,4.467000000000098,0.2869795060527419,1458.585,1457.675,1454.955,1462.085,1457.618,-1,8.05,-0.0127602417730054,0.5961495410790133,0.07387508394899202,0.6827848668010107,0.0,0.0,0.0
1532,2019,5.5499999999999545,0.3924876747757184,1457.155,1458.558,1461.748,1457.125,1451.575,1,7.0,0.258198198198199,0.8329729729729883,0.2527927927927985,0.8275675675675878,1.0,1.0,0.0
1533,2019,3.3129999999998745,0.23226071367764461,1459.745,1455.235,1454.475,1461.168,1457.855,-1,11.65,0.790824026562094,1.0202233625113906,0.9749471777845278,1.2043465137338245,0.0,0.0,1.0
1536,2019,2.990000000000009,0.26304379245555803,1460.118,1463.365,1462.275,1461.765,1458.775,-1,7.25,-1.5351170568561552,-1.170568561872906,-1.4782608695652373,-1.1137123745819881,1.0,1.0,1.0
1537,2019,4.079999999999927,0.36678867270274823,1461.028,1479.165,1478.508,1463.848,1459.768,1,8.733333333333333,3.7541666666667353,3.593137254902045,3.8970588235294477,3.7360294117647572,0.0,0.0,1.0
1538,2019,5.133000000000038,0.4282776993080789,1481.208,1472.925,1474.125,1481.208,1476.075,1,7.0,-1.6136762127411002,-1.3798947983635361,-1.6136762127411002,-1.3798947983635361,1.0,1.0,0.0
1539,2019,4.356999999999971,0.36543473181602787,1477.248,1476.205,1476.228,1478.045,1473.688,1,7.033333333333333,-0.4223089281616153,-0.41703006655956376,-0.30364929997707174,-0.29837043837502025,1.0,1.0,0.0
1540,2019,5.0,0.4191390883126059,1472.565,1461.805,1459.925,1476.385,1471.385,1,12.416666666666666,-2.9159999999999853,-3.2920000000000074,-2.8059999999999947,-3.1820000000000164,1.0,1.0,0.0
1541,2019,2.7199999999998,0.22332739044757646,1460.805,1461.685,1460.258,1461.735,1459.015,1,7.166666666666667,-0.018382352941161105,-0.543014705882342,0.06617647058817998,-0.458455882353001,0.0,0.0,1.0
1542,2019,2.740000000000009,0.23054962887279581,1462.175,1464.445,1465.308,1462.705,1459.965,1,7.083333333333333,0.6350364963503662,0.9500000000000207,0.6678832116788034,0.9828467153284579,0.0,0.0,1.0
1543,2019,2.1699999999998454,0.186772246062277,1463.6,1469.548,1477.498,1464.995,1462.825,1,7.6,2.0981566820278506,5.761751152074216,2.1258064516130806,5.789400921659445,1.0,1.0,0.0
1544,2019,2.339999999999918,0.1978165306023795,1473.395,1466.675,1469.565,1475.605,1473.265,-1,7.0,2.8162393162394768,1.581196581196656,2.8717948717949837,1.636752136752163,1.0,1.0,0.0
1545,2019,5.226999999999862,0.4093301636134696,1466.945,1472.418,1477.048,1469.935,1464.708,1,7.95,0.47503348000765505,1.360818825330064,0.5764300746125884,1.4622154199349973,0.0,0.0,1.0
1546,2019,4.670000000000073,0.35628456990273283,1476.885,1474.785,1476.188,1477.778,1473.108,1,7.35,-0.6408993576016898,-0.34047109207706494,-0.60171306209848,-0.30128479657385515,0.0,0.0,0.0
1547,2019,3.4400000000000546,0.2714814793936804,1477.228,1475.755,1475.445,1477.768,1474.328,1,7.083333333333333,-0.5851744186046186,-0.6752906976744348,-0.5377906976743836,-0.6279069767441999,1.0,1.0,0.0
1548,2019,2.6099999999999,0.20866049555439226,1477.048,1475.868,1475.048,1477.568,1474.958,1,7.033333333333333,-0.6513409961686247,-0.9655172413793404,-0.6015325670498942,-0.9157088122606099,1.0,1.0,0.0
1549,2019,3.173000000000002,0.2468615759084616,1476.348,1476.208,1479.685,1477.908,1474.735,-1,9.0,-0.4642294358651695,-1.5600378190986584,-0.303498266624706,-1.3993066498581948,0.0,1.0,0.0
1550,2019,1.747000000000071,0.13976239592679277,1478.915,1479.215,1477.895,1479.615,1477.868,-1,8.033333333333333,-0.7710360618202206,-0.015455065827156588,-0.6353749284486863,0.12020606754437771,1.0,1.0,0.0
1551,2019,5.48700000000008,0.4552069876862241,1483.408,1483.618,1485.558,1483.795,1478.308,1,7.016666666666667,-0.032258064516153095,0.3213049024967914,0.007836704938926927,0.3613996719518714,0.0,0.0,0.0
1554,2019,7.803000000000111,0.7106973476198941,1502.835,1512.008,1509.748,1505.498,1497.695,1,12.25,0.8342945021145582,0.5446623093681839,0.856080994489295,0.5664488017429207,0.0,0.0,0.0
1555,2019,6.1599999999998545,0.585030967838207,1508.685,1511.375,1512.438,1513.898,1507.738,-1,7.6,-0.5904220779220827,-0.7629870129870384,-0.509740259740288,-0.6823051948052437,0.0,1.0,0.0
1556,2019,2.803000000000111,0.26321367246191174,1513.415,1513.775,1515.518,1515.738,1512.935,-1,7.066666666666666,-0.29967891544777464,-0.9215126650017772,-0.11416339636109563,-0.7359971459150981,1.0,1.0,0.0
1557,2019,9.312999999999874,0.8975891172947308,1523.375,1521.898,1519.688,1524.068,1514.755,1,7.166666666666667,-0.23300762375175582,-0.4703103189090455,-0.2079888328143618,-0.4452915279716515,0.0,0.0,0.0
1559,2020,4.019999999999982,0.4740925440776326,1520.945,1529.115,1526.708,1521.135,1517.115,1,7.0,1.9850746268656851,1.3863184079602284,2.0323383084577387,1.433582089552282,0.0,0.0,1.0
1560,2020,15.039999999999964,1.7595935285465965,1541.218,1548.808,1547.775,1543.768,1528.728,1,7.833333333333333,0.3351063829787218,0.2664228723404303,0.37832446808511094,0.3096409574468194,0.0,0.0,0.0
1561,2020,12.970000000000027,1.3185584303359983,1574.325,1564.258,1564.795,1579.965,1566.995,-1,15.483333333333333,0.2110254433307515,0.16962220508865178,0.3004626060138725,0.2590593677717728,0.0,0.0,0.0
1562,2020,13.970000000000027,1.2238436123348075,1564.668,1568.498,1571.185,1569.218,1555.248,1,7.516666666666667,-0.051539012168935285,0.14080171796706278,-0.03342877594845168,0.1589119541875464,0.0,0.0,0.0
1563,2020,27.787000000000035,2.0045757864633074,1593.085,1573.468,1554.055,1611.325,1583.538,-1,8.883333333333333,0.36239968330513994,1.0610357361355998,0.40223845683232784,1.1008745096627877,0.0,0.0,1.0
1564,2020,21.180000000000064,1.211526911243771,1544.075,1546.635,1552.635,1561.285,1540.105,0,,,,,,,,
1565,2020,7.0,0.375782720896971,1547.825,1558.615,1558.855,1552.665,1545.665,1,13.5,0.8500000000000065,0.8842857142857221,1.4509999999999894,1.485285714285705,0.0,0.0,1.0
1566,2020,6.139999999999873,0.3185367173227438,1555.115,1551.365,1549.675,1559.955,1553.815,-1,7.083333333333333,0.39902280130294726,0.674267100977229,0.4022801302931724,0.6775244299674541,0.0,0.0,1.0
1567,2020,9.406999999999925,0.48665466947996633,1539.665,1542.925,1546.008,1545.235,1535.828,1,8.683333333333334,-0.24556181566917867,0.08217285000533053,-0.2423727011799714,0.08536196449453783,0.0,0.0,0.0
1568,2020,7.527000000000044,0.37339881578807743,1550.708,1548.935,1555.338,1553.815,1546.288,1,8.916666666666666,-0.6483326690580684,0.20233824897036032,-0.621761658031093,0.22890925999733577,0.0,0.0,0.0
1569,2020,6.5900000000001455,0.33042045698732964,1552.855,1550.695,1551.645,1558.035,1551.445,-1,14.6,0.11380880121395803,-0.030349013657062378,0.14461305007586547,0.00045523520484506725,0.0,0.0,0.0
1570,2020,7.582999999999856,0.3773977959473803,1556.795,1556.195,1559.618,1556.878,1549.295,1,7.016666666666667,-0.09006989318211864,0.36133456415667425,-0.05274957140974529,0.39865488592904763,0.0,0.0,0.0
1572,2020,8.569999999999936,0.4232292838825035,1565.438,1558.428,1558.205,1568.508,1559.938,-1,7.933333333333334,0.17619603267211226,0.20221703617271733,0.24154025670944593,0.267561260210051,0.0,0.0,1.0
1573,2020,7.194999999999936,0.33412499917073846,1552.065,1557.005,1557.548,1557.495,1550.3,1,9.25,-0.06810284920080417,0.007366226546228135,-0.05601111883249426,0.01945795691453805,0.0,0.0,0.0
1574,2020,8.133000000000038,0.3787370773959227,1557.285,1562.628,1562.775,1563.498,1555.365,-1,7.5,-0.8930284028033796,-0.9111029140538605,-0.7811385712528967,-0.7992130825033775,1.0,1.0,0.0
1575,2020,3.339999999999918,0.16019239531481408,1560.675,1569.978,1571.048,1562.665,1559.325,-1,8.1,-3.1895209580839166,-3.509880239521031,-3.161676646706716,-3.4820359281438304,1.0,1.0,0.0
1576,2020,5.800000000000182,0.2871500358937635,1578.865,1583.695,1580.848,1583.035,1577.235,-1,7.516666666666667,-1.1137931034482471,-0.6229310344827488,-0.9891379310344264,-0.49827586206892793,1.0,1.0,0.0
1577,2020,4.936999999999898,0.27166675837780735,1578.818,1570.145,1569.175,1582.965,1578.028,-1,7.083333333333333,1.596718655053717,1.7931942475187863,1.6001620417257958,1.7966376341908652,0.0,0.0,1.0
1578,2020,5.889999999999873,0.3874053332832113,1567.558,1569.765,1576.578,1569.225,1563.335,1,8.0,0.09168081494061166,1.2483870967742317,0.3016977928692839,1.458404074702904,0.0,0.0,1.0
1579,2020,4.807000000000016,0.3262379717381299,1579.238,1583.575,1579.715,1580.765,1575.958,1,7.316666666666666,0.5845641772415094,-0.21843145412943174,0.613064281256523,-0.1899313501144181,1.0,1.0,0.0
1580,2020,4.579999999999927,0.31636857037127875,1573.678,1588.168,1586.758,1575.485,1570.905,1,7.683333333333334,2.769213973799169,2.4613537117904625,2.7991266375546155,2.491266375545909,0.0,0.0,1.0
1581,2020,11.070000000000164,0.7546342959814298,1579.315,1575.508,1577.695,1590.015,1578.945,-1,7.033333333333333,0.3104787714543674,0.11291779584462344,0.3285456187895113,0.1309846431797673,0.0,0.0,0.0
1582,2020,9.039999999999964,0.5968094086135565,1571.285,1555.175,1552.525,1579.545,1570.505,-1,8.333333333333334,1.695796460177015,1.988938053097355,1.7414823008849558,2.034623893805296,0.0,0.0,1.0
1583,2020,8.649999999999864,0.524739904931506,1559.545,1555.995,1556.908,1560.675,1552.025,1,7.166666666666667,-0.5410404624277616,-0.43549132947978175,-0.49710982658962427,-0.3915606936416444,1.0,1.0,0.0
1584,2020,5.710000000000036,0.3392117591146736,1557.565,1563.295,1566.948,1558.095,1552.385,1,7.0,0.9106830122591966,1.55043782837128,1.0035026269702245,1.643257443082308,0.0,0.0,1.0
1585,2020,6.269999999999982,0.3663651882118707,1564.125,1566.215,1572.048,1569.065,1562.795,1,10.183333333333334,-0.4545454545454776,0.4757575757575687,-0.42631578947368576,0.5039872408293606,1.0,1.0,0.0
1586,2020,7.053000000000111,0.39881255301103163,1570.095,1574.115,1574.845,1574.958,1567.905,1,8.733333333333333,-0.1195236069757637,-0.016021551113009302,-0.07982418828868468,0.023677867574069714,0.0,0.0,0.0
1587,2020,5.426999999999907,0.3242170664367976,1567.058,1563.975,1568.425,1572.245,1566.818,-1,7.05,0.5238621706283625,-0.2961120324304401,0.5883545236779139,-0.23161967938088876,1.0,1.0,0.0
1588,2020,4.277000000000044,0.256963964621216,1566.085,1566.978,1565.445,1568.555,1564.278,-1,7.283333333333333,-0.6312836100070185,-0.27285480476967605,-0.5852232873509775,-0.22679448211363512,0.0,1.0,0.0
1589,2020,6.507000000000062,0.40207796334875406,1573.518,1575.885,1575.918,1575.525,1569.018,1,7.983333333333333,0.05532503457813071,0.06039649608111234,0.1659751037344271,0.17104656523740872,0.0,0.0,0.0
1590,2020,5.133000000000038,0.3319751649204514,1575.328,1581.395,1582.648,1578.108,1572.975,1,13.616666666666667,0.6403662575491935,0.8844730177284102,0.7825832846288765,1.0266900448080933,0.0,0.0,1.0
1592,2020,3.2000000000000455,0.22097485424538307,1585.255,1600.698,1601.415,1587.355,1584.155,1,7.25,4.169687499999964,4.393749999999921,4.332187499999956,4.556249999999912,0.0,0.0,1.0
1593,2020,6.133000000000038,0.41084655578310825,1603.568,1606.428,1606.498,1605.588,1599.455,1,7.533333333333333,0.13696396543292683,0.14837762921899172,0.176585684004578,0.1879993477906429,0.0,0.0,0.0
1594,2020,6.029999999999973,0.40452733266886115,1606.598,1617.795,1619.775,1611.968,1605.938,-1,7.316666666666666,-1.96633499170813,-2.2946932006633585,-1.9585406301824588,-2.286898839137687,1.0,1.0,0.0
1595,2020,12.900000000000091,0.8643712488872335,1631.295,1643.245,1644.055,1631.795,1618.895,1,7.033333333333333,0.8875968992247858,0.9503875968992174,0.9108527131782882,0.9736434108527197,0.0,0.0,1.0
1596,2020,9.36999999999989,0.6006932837563623,1666.085,1674.655,1653.635,1667.798,1658.428,1,7.1,0.7318036286019265,-1.5115261472785673,0.7940234791889158,-1.449306296691578,0.0,1.0,1.0
1597,2020,25.676999999999907,1.5368349949552722,1636.995,1654.595,1650.045,1658.695,1633.018,0,,,,,,,,
1598,2020,9.36999999999989,0.5189862400202488,1645.215,1637.775,1648.198,1646.175,1636.805,1,7.016666666666667,-0.8964781216648838,0.21590181430097777,-0.8018143009605131,0.3105656350053485,1.0,1.0,0.0
1599,2020,9.673000000000002,0.5070484762935304,1647.965,1651.885,1641.455,1652.558,1642.885,-1,7.616666666666666,-0.9304248940349424,0.14783417760778078,-0.8432750956269951,0.2349839760157281,1.0,1.0,0.0
1600,2020,21.519999999999982,1.083082586485192,1632.958,1583.665,1583.098,1648.118,1626.598,-1,7.333333333333333,1.9950278810408935,2.0213754646840165,2.034061338289971,2.060408921933094,0.0,0.0,1.0
1601,2020,25.00299999999993,0.9876585707191516,1602.215,1593.628,1594.895,1606.518,1581.515,1,8.783333333333333,-0.5155381354237546,-0.46486421629404795,-0.46994360676718927,-0.41926968763748257,0.0,0.0,0.0
1602,2020,11.440000000000055,0.4307622792531609,1594.995,1633.865,1626.498,1601.098,1589.658,1,11.116666666666667,2.8642482517482426,2.2202797202797178,2.9020979020978923,2.258129370629367,0.0,0.0,1.0
1603,2020,7.980000000000018,0.26280936911166625,1642.088,1642.988,1640.228,1647.518,1639.538,-1,7.016666666666667,-0.4323308270676739,-0.08646616541354048,-0.3312030075187999,0.014661654135333525,1.0,1.0,0.0
1604,2020,6.259999999999991,0.20224490926209646,1641.685,1659.928,1671.675,1641.778,1635.518,1,7.0,2.899361022364236,4.775878594249198,2.9142172523961967,4.7907348242811585,0.0,0.0,1.0
1605,2020,13.470000000000027,0.4093487278671025,1674.198,1663.898,1686.658,1680.968,1667.498,1,9.616666666666667,-1.2672605790645977,0.4224201930215156,-1.2492204899777257,0.44046028210838756,1.0,1.0,0.0
1606,2020,45.66000000000008,1.2682679068143332,1669.358,1665.0,1677.408,1702.968,1657.308,0,,,,,,,,
1607,2020,22.116999999999962,0.5855229443499989,1661.608,1654.388,1641.995,1671.365,1649.248,0,,,,,,,,
1608,2020,14.730000000000018,0.37820489307853167,1663.125,1649.685,1636.305,1665.275,1650.545,1,7.05,-1.058384249830287,-1.9667345553292594,-1.0461642905634803,-1.9545145960624526,1.0,1.0,0.0
1609,2020,19.256999999999834,0.4783414062915802,1637.038,1566.295,1571.578,1649.965,1630.708,-1,12.033333333333333,3.344913537934287,3.0705717401464723,3.476138547021883,3.2017967492340684,0.0,0.0,1.0
1610,2020,39.962999999999965,0.8983376605860326,1587.085,1534.598,1523.648,1591.228,1551.265,1,7.6,-1.4170607812226348,-1.691064234416841,-1.3817030753446975,-1.6557065285389034,1.0,1.0,0.0
1611,2020,36.87300000000005,0.7703460738945596,1543.975,1503.778,1509.178,1560.718,1523.845,-1,9.55,0.5442193474900329,0.39777072654787776,0.7026821793724418,0.5562335584302868,0.0,0.0,1.0
1612,2020,36.700000000000045,0.6888415181863283,1483.638,1532.365,1529.568,1519.238,1482.538,-1,8.033333333333333,-1.3576839237057203,-1.2814713896457743,-1.2822070844686637,-1.2059945504087175,1.0,1.0,0.0
1613,2020,35.01999999999998,0.6097099935333029,1512.598,1492.458,1494.988,1539.828,1504.808,-1,7.666666666666667,0.35265562535693645,0.2804111936036534,0.3889206167904026,0.3166761850371195,0.0,0.0,0.0
1614,2020,34.59999999999991,0.5725091596737957,1490.318,1479.835,1467.838,1498.638,1464.038,-1,12.25,-0.45656069364162044,-0.1098265895953747,-0.41011560693641885,-0.06338150289017311,0.0,0.0,0.0
1615,2020,34.72000000000003,0.6041487999801138,1499.888,1490.225,1489.148,1505.388,1470.668,1,7.45,-0.4367223502304147,-0.4677419354838709,-0.4234735023041529,-0.4544930875576091,0.0,0.0,0.0
1616,2020,16.409999999999854,0.2799986349853234,1487.838,1542.748,1553.648,1501.388,1484.978,1,12.016666666666667,2.520414381474741,3.1846435100548725,2.8001218769043543,3.464351005484486,0.0,0.0,1.0
1617,2020,27.312999999999874,0.45519824197591774,1572.148,1614.138,1626.548,1584.328,1557.015,1,8.3,1.0914216673379007,1.5457840588730722,1.230549555156887,1.6849119466920586,0.0,0.0,1.0
1618,2020,27.926999999999907,0.4321478625714561,1607.495,1612.648,1608.978,1631.705,1603.778,-1,7.516666666666667,-0.3176137787803889,-0.18619973502345624,-0.2606796290328355,-0.12926558527590287,0.0,0.0,0.0
1619,2020,17.007000000000062,0.2638395009058833,1601.078,1626.368,1628.27,1612.308,1595.301,1,10.15,0.826718410066437,0.9385547127653279,0.8684659257952565,0.9803022284941474,0.0,0.0,1.0
1620,2020,8.299999999999955,0.12879256416906557,1624.948,1624.048,1619.198,1628.048,1619.748,-1,7.316666666666666,-0.5180722891566238,0.06626506024095874,-0.35542168674699537,0.22891566265058721,1.0,1.0,0.0
1621,2020,17.972999999999956,0.2876251963247542,1619.84,1620.198,1613.588,1628.798,1610.825,0,,,,,,,,
1622,2020,7.460000000000036,0.12102965597401469,1614.858,1608.048,1583.958,1618.848,1611.388,1,7.966666666666667,-1.4477211796246516,-4.676943699731863,-1.249329758713122,-4.478552278820334,1.0,1.0,0.0
1623,2020,14.149999999999864,0.22596459849934653,1587.688,1586.378,1590.398,1589.118,1574.968,1,7.033333333333333,-0.19363957597173395,0.09045936395759611,-0.09611307420495692,0.18798586572437315,1.0,1.0,0.0
1624,2020,12.910000000000082,0.22164394716059455,1585.688,1607.988,1614.008,1595.728,1582.818,1,8.1,0.9496514329976695,1.4159566227730331,1.0627420604182758,1.5290472501936394,0.0,0.0,1.0
1625,2020,7.099999999999909,0.13093643260132587,1611.768,1618.068,1623.308,1615.418,1608.318,-1,7.633333333333334,-1.3732394366197358,-2.1112676056338313,-1.2771830985915633,-2.0152112676056584,1.0,1.0,0.0
1626,2020,10.1400000000001,0.21205467174546486,1618.938,1645.568,1659.348,1621.968,1611.828,1,7.116666666666666,2.3274161735699876,3.6863905325443307,2.3602564102563863,3.719230769230729,0.0,0.0,1.0
1627,2020,18.827999999999975,0.4126684931506844,1661.868,1651.055,1645.318,1674.828,1656.0,-1,8.416666666666666,0.26264074782238916,0.5673465052050154,0.40381346930103296,0.7085192266836592,0.0,0.0,0.0
1628,2020,11.13000000000011,0.25787467707742284,1645.388,1649.498,1651.835,1651.528,1640.398,1,8.116666666666667,-0.182389937106914,0.02758310871518539,-0.15453728661275926,0.05543575920934014,0.0,0.0,0.0
1629,2020,5.0499999999999545,0.1226585148777654,1648.208,1682.585,1678.918,1649.628,1644.578,1,7.016666666666667,6.526138613861466,5.800000000000045,6.611287128712919,5.885148514851498,0.0,0.0,1.0
1630,2020,12.289999999999964,0.2985131594927037,1683.038,1699.448,1720.998,1691.138,1678.848,1,8.2,0.6761594792514399,2.42961757526446,0.7664768104149797,2.519934906428,0.0,0.0,1.0
1631,2020,14.309999999999945,0.3726077333680494,1714.468,1731.678,1732.751,1725.548,1711.238,-1,7.466666666666667,-1.4283717679944188,-1.5033542976939205,-1.4081062194269858,-1.4830887491264875,1.0,1.0,0.0
1632,2020,11.353000000000065,0.3214878791249927,1724.798,1720.788,1717.898,1730.998,1719.645,-1,7.316666666666666,-0.1006782348278008,0.15388003170968562,0.012067294988103834,0.26662556152559025,0.0,0.0,1.0
1633,2020,7.610000000000127,0.22156505536007268,1714.958,1725.308,1714.595,1719.498,1711.888,1,7.25,0.7634691195794807,-0.6442838370564965,0.9802890932982801,-0.42746386333769704,0.0,1.0,1.0
1634,2020,25.910000000000082,0.77480567914578,1694.618,1689.278,1683.288,1718.528,1692.618,-1,7.033333333333333,0.128907757622536,0.3600926283288266,0.14627556927826907,0.3774604399845597,0.0,0.0,0.0
1635,2020,11.950000000000045,0.34190863906873414,1681.528,1690.708,1689.408,1683.548,1671.598,1,7.583333333333333,0.5991631799163225,0.49037656903764665,0.6619246861924729,0.5531380753137971,0.0,0.0,1.0
1636,2020,6.732999999999947,0.18781817928225558,1689.138,1683.408,1680.398,1692.248,1685.515,1,7.4,-1.312936283974486,-1.7599881182237085,-1.1139165305213217,-1.5609683647705441,1.0,1.0,0.0
1637,2020,11.79300000000012,0.33804875951326785,1684.348,1708.558,1714.938,1691.701,1679.908,1,8.333333333333334,1.4294072755023997,1.9704061731535525,1.50343424065122,2.044433138302373,0.0,0.0,1.0
1638,2020,12.319999999999936,0.34577533824758544,1716.328,1734.598,1729.118,1719.648,1707.328,1,9.066666666666666,1.213474025974036,0.7686688311688373,1.291639610389618,0.8468344155844194,0.0,0.0,1.0
1639,2020,9.440000000000055,0.2681116347384726,1724.558,1724.995,1724.245,1730.208,1720.768,1,7.533333333333333,-0.5522245762712037,-0.6316737288135761,-0.3414194915254412,-0.42086864406781366,1.0,1.0,0.0
1640,2020,7.59699999999998,0.21324655743489712,1721.868,1712.218,1712.885,1727.225,1719.628,-1,7.633333333333334,0.975385020402774,0.8875872054758399,1.124127945241541,1.0363301303146069,0.0,0.0,1.0
1641,2020,19.84400000000005,0.6002692197165636,1695.175,1699.328,1706.938,1712.102,1692.258,1,10.366666666666667,-0.6437210239871035,-0.26022979238056715,-0.4811026002822012,-0.09761136867566485,1.0,1.0,0.0
1642,2020,9.129999999999882,0.28215774962527934,1711.818,1700.985,1704.198,1713.138,1704.008,-1,9.0,0.33110624315445536,-0.020810514786424646,0.38806133625412553,0.03614457831324551,0.0,0.0,0.0
1643,2020,7.3900000000001,0.22653225665189727,1714.988,1705.558,1684.608,1716.188,1708.798,1,7.1,-1.438430311231389,-4.273342354533116,-1.0916102841677806,-3.9265223274695074,1.0,1.0,0.0
1644,2020,18.059999999999945,0.5595389844911812,1672.378,1688.368,1702.615,1690.338,1672.278,-1,7.0,-0.890919158361017,-1.679789590254711,-0.8853820598006676,-1.6742524916943617,0.0,1.0,0.0
1645,2020,8.720000000000027,0.275686393178298,1698.868,1701.545,1707.698,1701.278,1692.558,1,7.433333333333334,0.030619266055051827,0.7362385321100978,0.2083715596330277,0.9139908256880737,0.0,0.0,1.0
1646,2020,7.2999999999999545,0.24069599295339938,1703.548,1697.168,1707.578,1703.788,1696.488,1,7.0,-0.906849315068515,0.5191780821917791,-0.8739726027397464,0.5520547945205476,1.0,1.0,0.0
1647,2020,6.538000000000011,0.21643785084960604,1704.038,1689.245,1688.128,1707.538,1701.0,1,8.766666666666667,-2.7979504435607354,-2.9687977974915953,-2.7607831141021952,-2.9316304680330547,1.0,1.0,0.0
1648,2020,7.519999999999982,0.25516424016655403,1687.778,1696.208,1719.068,1693.788,1686.268,-1,7.0,-1.3218085106383084,-4.361702127659579,-1.1210106382978835,-4.160904255319154,1.0,1.0,0.0
1649,2020,9.440000000000055,0.3216323034090706,1716.058,1715.378,1704.828,1720.568,1711.128,1,9.95,-0.5497881355932229,-1.6673728813559234,-0.3569915254237393,-1.4745762711864399,1.0,1.0,0.0
1650,2020,10.069999999999936,0.3498549509016846,1704.638,1697.368,1697.438,1712.058,1701.988,-1,10.516666666666667,0.45878848063556577,0.4518371400198593,0.4856007944389405,0.47864945382323404,0.0,0.0,1.0
1651,2020,9.232999999999947,0.33600553155429225,1701.225,1709.608,1702.245,1702.838,1693.605,1,8.35,0.7332394671287794,-0.06422614534821595,0.7700639012238645,-0.02740171125313093,0.0,0.0,0.0
1652,2020,6.490000000000009,0.25020101996982,1704.118,1711.805,1712.478,1706.558,1700.068,-1,9.133333333333333,-1.8084745762711962,-1.9121725731895323,-1.6451463790447025,-1.7488443759630385,1.0,1.0,0.0
1653,2020,8.740000000000009,0.3490136570561463,1714.088,1731.768,1733.128,1719.568,1710.828,1,14.566666666666666,1.3958810068649923,1.5514874141876351,1.4954233409610895,1.6510297482837324,0.0,0.0,1.0
1654,2020,6.699999999999818,0.2676879523298485,1734.405,1742.558,1743.548,1735.128,1728.428,1,7.0,1.1089552238806366,1.2567164179104928,1.2168656716418271,1.3646268656716831,0.0,0.0,1.0
1655,2020,18.826999999999998,0.7494931399729879,1764.035,1742.598,1732.315,1764.525,1745.698,1,9.133333333333333,-1.1646571413395728,-1.7108408137249715,-1.1152599989376997,-1.6614436713230984,1.0,1.0,0.0
1656,2020,7.457000000000107,0.28497181618420253,1736.778,1743.765,1745.575,1740.115,1732.658,-1,7.5,-1.4894729784095533,-1.732197934826332,-1.4277859729113596,-1.6705109293281384,1.0,1.0,0.0
1657,2020,7.1870000000001255,0.2731475574498171,1748.195,1747.145,1751.208,1751.015,1743.828,1,8.066666666666666,-0.5384722415472452,0.02685404202031171,-0.50827883678864,0.05704744677891675,1.0,1.0,0.0
1658,2020,10.932999999999993,0.45145439208121746,1741.338,1721.298,1724.618,1748.538,1737.605,-1,7.2,1.4915393762004965,1.1878715814506622,1.4945577609073382,1.1908899661575039,0.0,0.0,1.0
1659,2020,6.017000000000053,0.25087633087633354,1729.428,1735.448,1734.988,1730.295,1724.278,1,7.0,0.8564068472660753,0.7799567890975474,1.0004985873358698,0.9240485291673419,0.0,0.0,1.0
1661,2020,9.740000000000009,0.424160606192572,1734.378,1712.115,1712.125,1735.325,1725.585,-1,9.816666666666666,1.382956878850104,1.3819301848049306,1.4712525667351042,1.4702258726899304,0.0,0.0,1.0
1662,2020,10.889999999999873,0.4737342539136009,1707.498,1698.748,1713.388,1715.895,1705.005,-1,9.966666666666667,0.5745638200183779,-0.7697887970615159,0.5840220385674908,-0.760330578512403,0.0,0.0,1.0
1663,2020,10.952999999999975,0.5004422136136517,1718.635,1721.848,1716.085,1719.508,1708.555,1,7.0,0.21364009860311545,-0.31251711859764536,0.29334428923582334,-0.2328129279649375,0.0,0.0,0.0
1664,2020,10.459999999999809,0.48380649061888986,1721.568,1734.698,1730.955,1722.888,1712.428,1,9.266666666666667,1.1290630975143774,0.7712237093690396,1.1790630975143699,0.821223709369032,0.0,0.0,1.0
1665,2020,12.897000000000162,0.5866177163371806,1743.425,1737.648,1737.045,1744.525,1731.628,-1,12.083333333333334,-0.4667752190431811,-0.4200201597270742,-0.30650538885011436,-0.25975032953400745,0.0,0.0,0.0
1666,2020,7.6400000000001,0.34764068462074005,1738.975,1740.125,1727.695,1743.125,1735.485,-1,7.316666666666666,-0.6073298429319424,1.0196335078533851,-0.5205497382199001,1.1064136125654271,1.0,1.0,0.0
1667,2020,11.452999999999975,0.5126072180999174,1724.378,1693.848,1696.965,1731.908,1720.455,-1,8.866666666666667,2.323146773771067,2.0509910067231347,2.4072295468436216,2.135073779795689,0.0,0.0,1.0
1668,2020,7.940000000000055,0.336909741165063,1701.055,1706.518,1716.668,1705.198,1697.258,1,9.983333333333333,0.16624685138538126,1.4445843828715015,0.19395465994961625,1.4722921914357363,0.0,0.0,1.0
1669,2020,9.063000000000102,0.3826645555304275,1709.355,1675.018,1682.498,1715.988,1706.925,-1,10.7,3.5205781749971936,2.695244400308908,3.5404391481848867,2.715105373496601,0.0,0.0,1.0
1670,2020,13.970000000000027,0.5764934061982337,1690.508,1692.818,1699.118,1691.448,1677.478,1,7.416666666666667,0.098067287043657,0.5490336435218204,0.1419470293486001,0.5929133858267635,0.0,0.0,0.0
1671,2020,10.92100000000005,0.4486523761315808,1698.268,1718.268,1713.085,1704.626,1693.705,-1,7.45,-2.2491530079663025,-1.7745627689772019,-2.2076732899917606,-1.73308305100266,1.0,1.0,0.0
1672,2020,6.730000000000018,0.2630219892189467,1717.865,1718.675,1727.855,1718.825,1712.095,1,7.233333333333333,-0.022288261515615238,1.3417533432392197,0.023774145616620217,1.3878157503714552,0.0,1.0,1.0
1673,2020,10.862999999999829,0.42369637349870226,1728.055,1743.445,1728.845,1737.648,1726.785,-1,12.35,-1.5336463223787276,-0.18963453926171203,-1.343735616312272,0.0002761668047435429,1.0,1.0,0.0
1674,2020,8.093000000000075,0.3092354132436695,1727.525,1738.395,1732.105,1730.228,1722.135,1,7.1,1.0091437044359126,0.2319288273816799,1.0342271098479938,0.25701223279376106,0.0,0.0,1.0
1675,2020,13.073000000000093,0.48841423222773184,1722.125,1716.448,1726.055,1734.038,1720.965,-1,7.116666666666666,0.34552130344984266,-0.38935209974757967,0.3725235217624001,-0.3623498814350223,0.0,0.0,1.0
1676,2020,8.696999999999889,0.32242415255022316,1726.395,1729.248,1725.728,1732.725,1724.028,-1,7.083333333333333,-0.6002069679199832,-0.19546970219616733,-0.4869495228239831,-0.08221225710016726,1.0,1.0,0.0
1677,2020,6.477000000000089,0.24405394712407047,1728.165,1726.878,1726.705,1729.015,1722.538,1,7.75,-0.32993669908910633,-0.35664659564615425,-0.22031804847925196,-0.2470279450362999,1.0,1.0,0.0
1678,2020,6.559999999999945,0.24801981133858664,1726.908,1721.895,1724.998,1730.258,1723.698,1,9.716666666666667,-1.274847560975629,-0.8018292682926882,-1.245884146341474,-0.7728658536585333,1.0,1.0,1.0
1679,2020,6.313000000000102,0.24217497691471285,1727.865,1737.775,1740.838,1727.948,1721.635,1,7.0,1.5566291778868746,2.0418184698241193,1.5697766513543359,2.0549659432915806,0.0,0.0,1.0
1680,2020,13.829999999999927,0.521167553134216,1752.608,1751.738,1755.725,1758.598,1744.768,-1,8.366666666666667,-0.503976861894437,-0.7922631959508271,-0.40874909616775484,-0.6970354302241448,1.0,1.0,0.0
1681,2020,12.742999999999938,0.48455235089453524,1752.478,1765.798,1768.165,1760.378,1747.635,-1,8.033333333333333,-1.4253315545789924,-1.6110805932668972,-1.2932590441811267,-1.4790080828690317,1.0,1.0,0.0
1682,2020,7.400000000000091,0.29666198001827293,1769.598,1773.835,1765.015,1773.498,1766.098,-1,7.7,-1.0455405405405385,0.14635135135133012,-0.7658108108108208,0.4260810810810478,1.0,1.0,0.0
1683,2020,7.772999999999911,0.31051721481278216,1761.848,1759.658,1763.065,1766.028,1758.255,1,7.6,-0.8195034092371274,-0.38119130322912637,-0.7625112569149881,-0.3241991509069871,1.0,1.0,0.0
1684,2020,8.180000000000064,0.35929195765801675,1759.438,1755.438,1767.438,1766.238,1758.058,1,9.833333333333334,-1.3202933985329914,0.1466992665036719,-1.2176039119804072,0.24938875305625613,1.0,1.0,0.0
1685,2020,7.426999999999907,0.3247506074745881,1773.028,1772.888,1771.355,1774.905,1767.478,-1,9.083333333333334,-0.728423320317749,-0.5220142722498992,-0.6893765988959142,-0.48296755082806436,0.0,0.0,0.0
1686,2020,4.8370000000002165,0.2250500162843815,1770.555,1780.998,1782.298,1773.505,1768.668,1,7.683333333333334,1.5491006822409763,1.8178623113499068,1.6167045689476094,1.8854661980565397,1.0,1.0,0.0
1687,2020,4.940000000000055,0.2382986934230137,1783.688,1765.638,1770.398,1785.098,1780.158,1,8.05,-3.9392712550606928,-2.975708502024268,-3.827935222672039,-2.8643724696356143,1.0,1.0,0.0
1688,2020,6.807000000000016,0.3207023967370462,1766.055,1775.438,1776.958,1770.975,1764.168,1,9.316666666666666,0.6556485970324933,0.8789481416189452,0.7183781401498587,0.9416776847363106,1.0,1.0,0.0
1690,2020,6.9500000000000455,0.3567565585641765,1772.795,1782.188,1785.258,1776.768,1769.818,1,7.683333333333334,0.7798561151079191,1.221582733812943,0.8589928057553939,1.3007194244604179,0.0,0.0,1.0
1691,2020,4.670000000000073,0.23894277506925998,1784.175,1793.818,1795.548,1787.038,1782.368,-1,7.25,-2.451820128479629,-2.8222698072804837,-2.2483940042826203,-2.6188436830834747,1.0,1.0,1.0
1692,2020,5.009999999999991,0.2505313164145514,1794.255,1811.898,1808.378,1796.458,1791.448,1,9.0,3.0818363273452807,2.3792415169660415,3.154291417165651,2.451696606786412,0.0,0.0,1.0
1693,2020,7.037000000000035,0.3440330770144105,1811.258,1805.998,1804.298,1812.905,1805.868,1,7.816666666666666,-0.9815262185590297,-1.223106437402292,-0.7996305243711702,-1.0412107432144326,1.0,1.0,0.0
1694,2020,8.419999999999845,0.415911031450883,1796.075,1802.275,1799.655,1804.128,1795.708,1,9.65,-0.22007125890734824,-0.5312351543943039,-0.1535629453681611,-0.46472684085511673,0.0,1.0,0.0
1695,2020,7.75,0.3881557058888768,1807.238,1807.575,1808.095,1807.335,1799.585,1,7.0,0.030967741935485044,0.09806451612903108,0.04348387096774053,0.11058064516128657,0.0,0.0,0.0
1696,2020,6.679999999999836,0.345176316003151,1797.065,1807.648,1807.978,1802.418,1795.738,-1,11.3,-1.7829341317365488,-1.8323353293413636,-1.5059880239521246,-1.5553892215569394,1.0,1.0,0.0
1697,2020,5.509999999999991,0.29058554078895754,1808.445,1808.075,1811.668,1811.108,1805.598,1,8.966666666666667,-0.55045372050815,0.10163339382939135,-0.5159709618874504,0.13611615245009098,1.0,1.0,0.0
1698,2020,5.643000000000029,0.29854322153991647,1808.098,1808.045,1796.725,1813.138,1807.495,-1,7.316666666666666,-0.09746588693960288,1.9085592769803166,-0.0809852915116259,1.9250398724082936,0.0,0.0,1.0
1699,2020,4.34699999999998,0.23552313318756082,1799.665,1808.775,1810.718,1799.955,1795.608,1,7.0,2.028985507246424,2.475960432482217,2.0956981826547434,2.5426731078905362,0.0,0.0,1.0
1700,2020,4.942999999999984,0.2608462936019112,1809.035,1817.145,1817.598,1810.508,1805.565,1,7.583333333333333,1.3427068581832826,1.4343516083350074,1.3938903499898636,1.4855351001415884,0.0,0.0,1.0
1701,2020,4.417000000000144,0.23899113416246837,1818.658,1836.235,1841.635,1820.085,1815.668,1,7.2,3.6563278243149964,4.878877065881651,3.8510301109348966,5.073579352501551,0.0,0.0,1.0
1702,2020,24.480000000000018,1.3365780606514428,1860.288,1855.675,1866.495,1865.738,1841.258,0,,,,,,,,
1703,2020,12.505999999999858,0.654938297004807,1869.195,1886.268,1888.778,1876.415,1863.909,1,9.0,0.787861826323379,0.9885654885655043,0.8318407164561121,1.0325443786982373,0.0,0.0,1.0
1704,2020,8.802999999999884,0.4146379210572303,1884.948,1903.015,1901.188,1890.068,1881.265,1,8.1,1.4707486084289774,1.2632057253209434,1.5298193797569324,1.3222764966488985,0.0,0.0,1.0
1705,2020,39.22000000000003,1.798369584797641,1934.808,1943.335,1935.178,1944.428,1905.208,1,11.983333333333333,-0.02786843447220994,-0.23584905660377342,-0.005940846506882894,-0.21392146863844638,0.0,0.0,0.0
1706,2020,48.172000000000025,2.0439826881811696,1939.628,1955.748,1955.518,1980.98,1932.808,-1,8.516666666666667,-0.4762102466162925,-0.4714356887818655,-0.42618118409034217,-0.42140662625591513,0.0,0.0,0.0
1707,2020,16.15000000000009,0.5983333465649454,1952.478,1956.265,1967.018,1963.928,1947.778,-1,15.233333333333333,-0.5255108359133147,-1.191331269349839,-0.404767801857585,-1.0705882352941094,0.0,1.0,0.0
1708,2020,14.8599999999999,0.5243524987649804,1958.608,1944.435,1953.835,1970.538,1955.678,-1,7.75,0.7565948855989395,0.12402422611036924,0.883781965006738,0.2512113055181677,0.0,0.0,1.0
1709,2020,18.697000000000116,0.636125476320091,1972.188,1972.798,1971.448,1974.055,1955.358,1,7.1,-0.06723003690431908,-0.1394341338182572,-0.045461838797662926,-0.11766593571160103,0.0,0.0,0.0
1710,2020,14.722999999999956,0.4847214971380718,1976.725,1973.938,1974.528,1984.278,1969.555,-1,11.233333333333333,-0.2976974801331285,-0.33777083474835096,-0.28187190110711835,-0.3219452557223408,0.0,0.0,0.0
1711,2020,6.988000000000056,0.2281700126875158,1976.068,1991.645,2004.785,1978.488,1971.5,1,8.75,1.8827990841442215,3.7631654264453083,1.9271608471665371,3.807527189467624,1.0,1.0,0.0
1712,2020,21.47700000000009,0.632403202840241,2021.408,2042.705,2039.845,2030.815,2009.338,1,7.7,0.5536154956464974,0.4204497834893111,0.5917958746566087,0.45863016249942246,0.0,0.0,1.0
1713,2020,15.620000000000118,0.4343948209521833,2048.965,2060.705,2060.618,2050.005,2034.385,1,7.05,0.6850192061459499,0.6794494238156049,0.7215108834827079,0.7159411011523629,0.0,0.0,1.0
1714,2020,25.432999999999993,0.6749274010721131,2061.035,2038.835,2031.998,2072.618,2047.185,-1,13.5,0.3283136083041683,0.5971375771635239,0.3944874769000867,0.6633114457594423,0.0,0.0,1.0
1715,2020,10.863000000000056,0.26684985155707286,2032.508,2036.208,2024.265,2036.078,2025.215,1,14.55,0.01196722820584631,-1.0874528215041714,0.11626622479979203,-0.9831538249102256,0.0,1.0,1.0
1716,2020,24.896999999999935,0.6085914978986552,2008.735,1949.725,1922.325,2029.935,2005.038,-1,7.2,2.221673293971171,3.322207494878908,2.234927902960203,3.33546210386794,0.0,0.0,1.0
1717,2020,65.41000000000008,1.3696872158139102,1880.208,1947.475,1928.045,1927.728,1862.318,1,8.516666666666667,0.30189573459715363,0.004846353768537026,0.3664577281761163,0.06940834734749973,0.0,0.0,0.0
1718,2020,29.930000000000064,0.5807727651364483,1928.708,1947.098,1949.635,1942.538,1912.608,1,15.016666666666667,0.15235549615769917,0.23711994654193,0.18219178082191656,0.2669562312061474,0.0,0.0,0.0
1719,2020,17.407000000000153,0.3249952323861701,1951.198,1947.325,1942.895,1962.075,1944.668,-1,7.716666666666667,-0.1526397426322818,0.1018555753432467,-0.03217096570344922,0.2223243522720793,0.0,0.0,0.0
1720,2020,19.850000000000136,0.3800009298331521,1942.515,1980.638,1980.025,1949.198,1929.348,1,7.166666666666667,1.5838790931989728,1.5529974811083016,1.6218136020151013,1.59093198992443,0.0,0.0,1.0
1721,2020,18.660000000000082,0.363788784153939,1997.775,1992.465,2003.975,1999.278,1980.618,1,7.416666666666667,-0.3651125401929299,0.25171489817791365,-0.33869239013934277,0.27813504823150076,1.0,1.0,0.0
1722,2020,21.853000000000065,0.4259612747288865,1987.085,1964.555,1946.118,2005.978,1984.125,-1,8.016666666666667,0.8955292179563391,1.739212007504688,0.9551548986409182,1.7988376881892671,0.0,0.0,1.0
1723,2020,30.319999999999936,0.5524234899713154,1943.178,1944.608,1949.185,1955.125,1924.805,-1,11.283333333333333,-0.6531332453825833,-0.8040897097625308,-0.5779353562005259,-0.7288918205804734,0.0,0.0,0.0
1724,2020,15.290000000000191,0.27800974839377823,1947.365,1944.715,1940.115,1955.765,1940.475,-1,8.233333333333333,-0.2773054283845622,0.02354480052321095,-0.20385873119685566,0.09699149771091752,0.0,0.0,1.0
1725,2020,7.62700000000018,0.13505944852011448,1933.355,1930.555,1927.725,1937.775,1930.148,1,7.583333333333333,-0.9466369476858341,-1.3176871640225443,-0.7958568244394641,-1.1669070407761741,1.0,1.0,1.0
1726,2020,11.059999999999945,0.201245894565554,1930.925,1917.875,1928.488,1937.425,1926.365,-1,9.333333333333334,0.7676311030741456,-0.19195298372514086,0.8933092224231608,-0.06627486437612576,0.0,0.0,1.0
1727,2020,13.582999999999856,0.25476643752754563,1918.648,1938.348,1946.165,1931.358,1917.775,-1,7.05,-1.5146138555547437,-2.090112640801014,-1.5020982109990604,-2.0775969962453305,1.0,1.0,1.0
1728,2020,15.866999999999962,0.29296374254197793,1939.745,1919.715,1930.248,1953.945,1938.078,-1,7.25,1.15730761958783,0.49347702779353037,1.206907417911397,0.5430768261170973,1.0,1.0,0.0
1729,2020,22.057000000000016,0.40217970307797135,1941.038,1961.495,1966.855,1945.345,1923.288,1,7.566666666666666,0.732193861359199,0.9752006165843031,0.7893185836695762,1.0323253388946805,0.0,0.0,1.0
1730,2020,10.876999999999953,0.19332028264639411,1969.348,1962.895,1970.805,1976.465,1965.588,-1,7.083333333333333,0.24758665073089964,-0.4796359290245583,0.31470074469063314,-0.4125218350648248,0.0,0.0,1.0
1731,2020,24.64300000000003,0.5063944775433705,1987.805,1976.868,1965.488,1989.778,1965.135,1,8.316666666666666,-0.5238810209795912,-0.9856754453597344,-0.5128028243314595,-0.9745972487116027,1.0,1.0,0.0
1732,2020,14.439999999999827,0.32436734248544324,1964.248,1943.045,1941.198,1973.118,1958.678,-1,8.483333333333333,1.0826177285318717,1.2105263157894894,1.159972299168989,1.287880886426607,0.0,0.0,1.0
1733,2020,18.95699999999988,0.4348099617121851,1932.258,1941.595,1933.248,1950.905,1931.948,-1,7.0,-0.508888537215804,-0.06857625151658821,-0.4925357387772352,-0.05222345307801948,0.0,0.0,0.0
1734,2020,16.164999999999964,0.3712592728692489,1934.308,1924.455,1935.798,1942.165,1926.0,1,13.5,-1.0955768635941896,-0.3938756572842546,-0.9662851840396012,-0.26458397772966613,1.0,1.0,0.0
1736,2020,9.159999999999854,0.23011730168442507,1931.378,1921.048,1931.725,1931.858,1922.698,1,7.0,-1.180131004366825,-0.014519650655026235,-1.1277292576419313,0.037882096069867414,1.0,1.0,0.0
1737,2020,11.349999999999909,0.31147640600527865,1927.938,1945.405,1949.498,1934.358,1923.008,-1,11.866666666666667,-1.9733039647577193,-2.3339207048458346,-1.925726872246709,-2.286343612334824,1.0,1.0,0.0
1738,2020,7.230000000000018,0.1982552286339943,1947.628,1954.998,1950.218,1950.758,1943.528,-1,7.433333333333334,-1.5864453665283538,-0.9253112033195073,-1.518672199170123,-0.8575380359612766,1.0,1.0,0.0
1739,2020,12.309999999999945,0.3509193459713698,1942.245,1948.895,1940.888,1949.318,1937.008,1,14.2,-0.03436230706742516,-0.6848090982940781,0.06393176279447912,-0.5865150284321737,0.0,0.0,0.0
1740,2020,11.886999999999944,0.3536444387776775,1947.428,1958.298,1956.685,1951.615,1939.728,1,13.716666666666667,0.5622108185412656,0.42651636241271645,0.7136367460250683,0.5779422898965192,0.0,0.0,0.0
1741,2020,14.226999999999862,0.42313746901003874,1967.708,1952.755,1956.225,1969.215,1954.988,1,11.9,-1.156955085400996,-0.9130526463766173,-1.0995290644549065,-0.8556266254305279,1.0,1.0,0.0
1742,2020,13.13000000000011,0.4156688759392841,1959.545,1964.565,1958.218,1962.928,1949.798,1,8.166666666666666,0.12467631378521934,-0.3587204874333585,0.2709063214013699,-0.21249047981720795,0.0,0.0,0.0
1743,2020,23.287000000000035,0.8168891272046667,1943.818,1944.215,1944.385,1960.865,1937.578,-1,10.5,-0.2850088031949128,-0.2923090136127456,-0.2536608408124669,-0.2609610512302997,0.0,0.0,0.0
1744,2020,9.666999999999916,0.35918967480300273,1954.255,1954.245,1951.435,1955.435,1945.768,1,9.9,-0.12309920347574893,-0.41377883521258246,-0.08823833660908999,-0.3789179683459235,1.0,1.0,0.0
1745,2020,8.590000000000146,0.3255902100931399,1952.178,1896.638,1908.368,1955.458,1946.868,-1,9.05,5.847497089639019,4.481955762514476,5.8587892898718446,4.4932479627473025,0.0,0.0,1.0
1746,2020,13.319999999999936,0.45124134927164306,1910.568,1900.518,1904.298,1919.888,1906.568,-1,7.333333333333333,0.454204204204203,0.17042042042041988,0.51576576576576,0.23198198198197695,0.0,0.0,0.0
1747,2020,23.083000000000084,0.8119648241206064,1885.048,1865.498,1863.028,1905.208,1882.125,-1,7.15,0.7203136507386342,0.8273188060477369,0.8465104189230123,0.953515574232115,0.0,0.0,0.0
1748,2020,19.950000000000045,0.6666459806713261,1851.488,1860.168,1862.375,1868.798,1848.848,-1,7.883333333333334,-0.5674185463659103,-0.6780451127819556,-0.5067669172932269,-0.6173934837092722,0.0,1.0,0.0
1749,2020,12.133000000000038,0.4084605599494073,1866.868,1862.508,1864.568,1873.798,1861.665,1,8.016666666666667,-0.9305200692326653,-0.760735185032555,-0.8464518255996002,-0.6766669413994899,1.0,1.0,0.0
1750,2020,8.893000000000029,0.29526912933766014,1856.908,1866.068,1881.568,1864.938,1856.045,-1,7.0,-1.1270662318677473,-2.870010120319333,-1.0300236140784946,-2.77296750253008,1.0,1.0,0.0
1751,2020,11.849999999999909,0.39333394976990016,1878.348,1886.718,1896.368,1887.158,1875.308,1,12.083333333333334,-0.03713080168774942,0.7772151898734267,0.05316455696203493,0.8675105485232111,0.0,0.0,0.0
1752,2020,12.209999999999809,0.4123119523190373,1887.515,1891.968,1889.965,1899.235,1887.025,-1,7.133333333333334,-0.40483210483210985,-0.2407862407862304,-0.401310401310415,-0.2372645372645356,1.0,1.0,0.0
1753,2020,10.8599999999999,0.3704831827829091,1892.878,1903.985,1909.415,1895.415,1884.555,1,7.25,0.7891344383057104,1.2891344383057208,0.8708103130755034,1.3708103130755138,0.0,0.0,1.0
1754,2020,19.300000000000182,0.6430179483396298,1905.318,1903.528,1903.115,1908.938,1889.638,1,7.383333333333334,-0.2803108808290171,-0.30170984455958744,-0.25077720207253223,-0.27217616580310255,0.0,0.0,0.0
1755,2020,12.740000000000009,0.4205750720372755,1894.525,1916.785,1913.788,1904.158,1891.418,-1,7.016666666666667,-1.991130298273169,-1.7558869701726925,-1.8592621664050322,-1.6240188383045557,1.0,1.0,0.0
1756,2020,6.3400000000001455,0.20545678023578448,1910.845,1911.198,1897.165,1914.428,1908.088,-1,9.416666666666666,-0.4905362776025325,1.7228706624605286,-0.35488958990535463,1.8585173501577064,1.0,1.0,0.0
1757,2020,14.406999999999925,0.44348432178327496,1885.638,1883.608,1885.475,1887.155,1872.748,1,7.133333333333334,-0.2461997640036124,-0.11660998125911518,-0.22745887415839944,-0.09786909141390221,0.0,0.0,0.0
1758,2020,6.949999999999818,0.2153450500516727,1888.645,1885.708,1892.408,1890.168,1883.218,1,7.533333333333333,-0.6417266187050252,0.32230215827339104,-0.5985611510791314,0.3654676258992849,1.0,1.0,1.0
1759,2020,17.88000000000011,0.5495740757003634,1908.238,1926.235,1928.055,1912.788,1894.908,1,8.883333333333333,0.7520693512304143,0.8538590604026823,0.7790827740492031,0.8808724832214712,0.0,0.0,0.0
1760,2020,11.692999999999984,0.3918059232098487,1930.398,1924.305,1922.925,1933.048,1921.355,-1,10.316666666666666,-0.25228769349183694,-0.13426836568886844,-0.15222782861540882,-0.03420850081244028,0.0,0.0,0.0
1761,2020,15.190000000000055,0.5221546182668193,1914.868,1892.435,1894.448,1925.355,1910.165,-1,13.933333333333334,1.1672152732060537,1.0346938775510082,1.26201448321264,1.1294930875575948,0.0,0.0,1.0
1762,2020,15.353000000000065,0.5426307272456476,1895.058,1907.068,1902.615,1897.748,1882.395,1,7.683333333333334,0.6070474825766884,0.31700644825115226,0.6710740571875099,0.3810330228619738,0.0,0.0,0.0
1763,2020,10.1099999999999,0.35545755680062713,1898.378,1899.558,1905.808,1901.888,1891.778,1,8.683333333333334,-0.2304648862512315,0.38773491592483794,-0.036597428288835006,0.5816023738872345,1.0,1.0,0.0
1764,2020,6.65300000000002,0.23593154737780725,1905.595,1902.148,1903.508,1910.588,1903.935,-1,7.383333333333334,0.2686006312941574,0.06418157222304313,0.30768074552833596,0.10326168645722171,1.0,1.0,0.0
1765,2020,12.029999999999973,0.4473413707100556,1907.838,1908.425,1902.895,1908.908,1896.878,1,7.033333333333333,-0.0401496259351578,-0.4998337489609255,0.04156275976724864,-0.41812136325851906,0.0,0.0,0.0
1766,2020,9.450000000000045,0.35345884729135263,1901.668,1908.798,1910.375,1904.068,1894.618,1,10.216666666666667,0.5005291005291,0.6674074074074059,0.547407407407405,0.7142857142857109,0.0,0.0,1.0
1767,2020,10.279999999999973,0.38606082228379857,1916.118,1927.388,1922.958,1920.345,1910.065,1,8.966666666666667,0.6851167315175011,0.25418287937743805,0.7305447470817131,0.29961089494165005,0.0,0.0,1.0
1768,2020,13.952999999999975,0.5329190208183842,1914.525,1898.995,1904.105,1924.538,1910.585,-1,13.166666666666666,0.830645739267553,0.46441625456891206,0.8922812298430494,0.5260517451444084,0.0,0.0,1.0
1769,2020,6.413000000000011,0.24295347779966694,1904.728,1897.838,1902.008,1907.648,1901.235,1,8.65,-1.529705286137522,-0.8794635895836368,-1.2443474193045383,-0.5941057227506532,1.0,1.0,1.0
1770,2020,7.569999999999936,0.296218035256596,1897.655,1904.268,1902.238,1902.355,1894.785,1,9.883333333333333,0.25270805812417796,-0.015455746367234185,0.30026420079262317,0.03210039630121104,0.0,0.0,0.0
1771,2020,8.497000000000071,0.36603587802701953,1908.595,1908.418,1907.595,1910.315,1901.818,-1,8.233333333333333,-0.7767447334353129,-0.6798870189478634,-0.7108391196892919,-0.6139814052018424,1.0,1.0,0.0
1772,2020,8.40300000000002,0.37528950138769374,1906.278,1882.235,1876.888,1910.768,1902.365,-1,8.35,2.395573009639422,3.031893371414974,2.4114006902296916,3.0477210520052442,0.0,0.0,1.0
1773,2020,9.182999999999993,0.38209052813029387,1882.658,1868.005,1869.118,1884.858,1875.675,-1,10.283333333333333,0.8352390286398619,0.7140368071436374,0.8787977785037507,0.7575955570075261,0.0,0.0,1.0
1774,2020,13.736999999999853,0.5898547124152278,1870.198,1879.178,1877.588,1877.995,1864.258,1,11.933333333333334,0.0861177840867899,-0.029628011938554983,0.12229744485696162,0.006551648831616737,0.0,0.0,0.0
1775,2020,12.220000000000027,0.5082696312757561,1883.908,1891.078,1894.165,1885.528,1873.308,1,7.883333333333334,0.454173486088375,0.7067921440261804,0.5673486088379687,0.8199672667757741,0.0,0.0,0.0
1776,2020,8.053000000000111,0.3519931563303997,1893.438,1907.315,1906.798,1898.508,1890.455,-1,7.45,-2.0936297032161795,-2.0294300260772196,-2.0162672296038564,-1.9520675524648965,1.0,1.0,0.0
1777,2020,35.593000000000075,1.5616052849299327,1899.338,1902.215,1899.348,1916.228,1880.635,0,,,,,,,,
1778,2020,8.086999999999989,0.33764266265854287,1909.308,1945.345,1949.605,1910.445,1902.358,1,7.05,4.315568195869932,4.842339557314225,4.448744899220989,4.975516260665282,0.0,0.0,1.0
1779,2020,11.740000000000009,0.4448666834479612,1940.855,1948.398,1951.798,1947.208,1935.468,1,7.816666666666666,0.10136286201020667,0.3909710391822755,0.1118398637137882,0.40144804088585706,0.0,0.0,1.0
1780,2020,12.916999999999916,0.48517287358911976,1956.758,1860.758,1866.568,1965.415,1952.498,-1,11.566666666666666,7.10226832855931,6.652473484555285,7.142525354184453,6.6927305101804295,0.0,0.0,1.0
1781,2020,21.962999999999965,0.6564811829736169,1888.028,1882.238,1877.098,1889.338,1867.375,1,7.05,-0.3232709556982161,-0.5573009151755237,-0.289122615307559,-0.5231525747848667,1.0,1.0,0.0
1782,2020,8.089999999999918,0.24095360270950247,1883.048,1862.538,1863.465,1884.378,1876.288,-1,7.45,1.6996291718170753,1.5850432632880374,1.8281829419035986,1.7135970333745607,0.0,0.0,1.0
1783,2020,9.940000000000055,0.2974209695034525,1869.428,1878.808,1876.828,1872.528,1862.588,1,9.616666666666667,0.6317907444667946,0.4325955734406369,0.7283702213279647,0.529175050301807,0.0,0.0,1.0
1784,2020,7.886999999999944,0.2353881672774233,1879.138,1891.698,1886.605,1881.865,1873.978,1,12.233333333333333,1.246735133764442,0.6009889691898115,1.4066184861164106,0.7608723215417801,0.0,0.0,1.0
1785,2020,11.420000000000073,0.33440982564171445,1890.178,1889.945,1886.145,1898.928,1887.508,-1,7.3,-0.21339754816111056,0.11935201401051206,-0.18450087565673884,0.1482486865148838,0.0,0.0,1.0
1786,2020,8.169999999999845,0.22926621981334355,1888.805,1888.528,1886.725,1892.368,1884.198,-1,8.116666666666667,-0.5299877600979204,-0.3093023255813787,-0.26193390452878096,-0.041248470012239344,1.0,1.0,0.0
1787,2020,7.509999999999991,0.2218489806425472,1879.855,1881.665,1874.075,1883.058,1875.548,1,8.0,-0.18548601864181502,-1.1961384820239624,-0.093209054593881,-1.1038615179760285,1.0,1.0,0.0
1788,2020,14.724999999999909,0.43848081234339686,1863.468,1859.998,1865.248,1872.778,1858.053,-1,8.2,-0.13208828522919852,-0.48862478777589,0.0047538200339515635,-0.3517826825127399,0.0,0.0,0.0
1789,2020,8.583000000000084,0.2584595927006193,1867.038,1874.345,1873.568,1869.688,1861.105,-1,7.7,-1.5425841780263172,-1.4520563905394201,-1.4214144238611122,-1.3308866363742153,1.0,1.0,0.0
1790,2020,5.65300000000002,0.17175509566304442,1873.875,1834.555,1837.995,1876.038,1870.385,-1,8.6,6.338227489828374,5.729701043693612,6.405979126127691,5.7974526799929285,0.0,0.0,1.0
1791,2020,15.0,0.4404260807741431,1828.438,1805.435,1803.768,1836.188,1821.188,-1,10.483333333333333,1.0502000000000105,1.1613333333333382,1.1133333333333364,1.2244666666666641,0.0,0.0,1.0
1792,2020,10.563000000000102,0.3097537168686589,1805.554,1810.458,1806.715,1812.058,1801.495,1,8.216666666666667,-0.15147211966296445,-0.5058222095995477,-0.10763987503549491,-0.4619899649720782,0.0,0.0,0.0
1795,2020,23.203000000000202,0.9138174514316013,1774.065,1773.025,1780.925,1787.448,1764.245,0,,,,,,,,
1796,2020,11.384999999999991,0.4480040924396667,1786.115,1810.265,1813.505,1788.135,1776.75,1,7.433333333333334,1.9437856829161289,2.228370663153284,1.9657444005270204,2.2503293807641755,0.0,0.0,1.0
1797,2020,7.920000000000073,0.3012748752839419,1812.768,1826.358,1829.458,1815.325,1807.405,1,7.683333333333334,1.3930555555555304,1.7844696969696854,1.4368686868686587,1.8282828282828139,0.0,0.0,1.0
1798,2020,11.019999999999982,0.414888438897538,1833.048,1831.015,1840.164,1837.158,1826.138,1,7.45,-0.5574410163339212,0.2727767695099901,-0.4721415607985466,0.35807622504536474,0.0,1.0,0.0
1799,2020,6.910000000000082,0.26192738920070985,1843.525,1831.955,1836.735,1844.688,1837.778,-1,8.016666666666667,0.842691751085387,0.15094066570189693,0.8947901591895686,0.20303907380607863,1.0,1.0,0.0
1800,2020,7.574000000000069,0.29952910801703014,1839.315,1864.188,1859.495,1842.308,1834.734,-1,8.266666666666667,-3.8888302086083852,-3.2692104568259497,-3.778716662265627,-3.159096910483191,1.0,1.0,1.0
1801,2020,10.718000000000075,0.390700387180097,1867.055,1866.455,1870.188,1871.718,1861.0,-1,11.05,-0.508956894943076,-0.8572494868445641,-0.31535734278782035,-0.6636499346893083,1.0,1.0,0.0
1802,2020,14.8900000000001,0.5516726696288957,1860.035,1848.085,1833.265,1870.428,1855.538,-1,11.666666666666666,0.5005372733378055,1.4958361316319517,0.5992612491605065,1.5945601074546527,0.0,0.0,1.0
1803,2020,8.247000000000071,0.28669262323576666,1834.898,1835.388,1835.384,1842.355,1834.108,-1,7.0,-0.15520795440765875,-0.15472292955014627,-0.05941554504668423,-0.05893052018917176,1.0,1.0,0.0
1804,2020,7.25,0.25028604118993103,1834.685,1844.418,1838.645,1840.555,1833.305,-1,7.533333333333333,-1.532827586206873,-0.7365517241379197,-1.520413793103436,-0.7241379310344828,1.0,1.0,1.0
1805,2020,5.8900000000001,0.21469429625522043,1833.505,1826.258,1825.235,1838.008,1832.118,-1,7.3,0.9949066213921562,1.1685908319184926,1.040747028862441,1.2144312393887773,1.0,1.0,1.0
1806,2020,15.447000000000116,0.5866835227380666,1840.015,1848.318,1851.728,1840.795,1825.348,1,7.083333333333333,0.4870201333592189,0.7077749724865612,0.5239205023629192,0.7446753414902615,0.0,0.0,0.0
1807,2020,7.580000000000155,0.2774944956095677,1857.105,1857.315,1861.208,1858.428,1850.848,1,8.55,-0.14683377308707568,0.3667546174142369,-0.0382585751978836,0.47532981530342905,1.0,1.0,0.0
1808,2020,9.297000000000025,0.3329164140852211,1869.088,1890.945,1884.015,1871.195,1861.898,1,7.1,2.124341185328595,1.3789394428310346,2.2405076906528847,1.4951059481553246,0.0,0.0,1.0
1809,2020,8.247000000000071,0.299406415073792,1882.885,1885.965,1879.075,1886.655,1878.408,-1,8.2,-0.916333212077113,-0.08087789499213507,-0.7138353340608576,0.12161998302412033,1.0,1.0,0.0
1810,2020,23.829999999999927,0.8904060232249634,1899.425,1877.498,1878.065,1906.638,1882.808,-1,9.783333333333333,0.22282836760385907,0.19903483004615832,0.5723877465379738,0.548594208980273,0.0,0.0,1.0
1811,2020,16.38000000000011,0.5941887038850842,1869.805,1861.578,1864.648,1884.238,1867.858,-1,7.233333333333333,0.3833943833943792,0.19597069597069688,0.392979242979248,0.20555555555556573,0.0,0.0,0.0
1812,2020,6.5499999999999545,0.23732006894445465,1865.488,1871.478,1871.535,1867.945,1861.395,1,7.216666666666667,0.5393893129771227,0.5480916030534612,0.6000000000000139,0.6087022900763523,1.0,1.0,0.0
1814,2020,22.889999999999873,0.8375083303931904,1886.668,1880.865,1876.075,1900.098,1877.208,-1,10.933333333333334,-0.15976408912188492,0.049497597204021165,-0.11140235910877976,0.09785932721712633,0.0,0.0,0.0
1815,2020,7.563000000000102,0.288447864877754,1878.448,1879.078,1878.585,1882.538,1874.975,1,8.216666666666667,-0.45749041385693373,-0.5226761866983897,-0.43990479968265944,-0.5050905725241154,1.0,1.0,0.0
1816,2020,8.519999999999982,0.325245815814014,1882.035,1885.238,1889.715,1886.008,1877.488,-1,8.183333333333334,-0.9096244131455419,-1.4350938967136018,-0.900586854460096,-1.4260563380281561,1.0,1.0,0.0
1817,2020,14.5,0.5953201385365687,1887.445,1898.674,1896.718,1899.808,1885.308,1,15.65,-0.07820689655172514,-0.21310344827585642,-0.05448275862068715,-0.18937931034481842,0.0,0.0,0.0
1818,2021,15.616999999999962,0.6523878437047745,1922.828,1942.84,1942.388,1925.475,1909.858,1,8.0,1.1119293078055998,1.0829864890824135,1.1629634372798778,1.1340206185566917,0.0,0.0,1.0
1819,2021,9.736999999999853,0.37981426943469465,1940.595,1943.448,1951.195,1943.915,1934.178,1,9.083333333333334,-0.047961384409970005,0.7476635514018777,0.06192872548013501,0.8575536612919827,0.0,0.0,0.0
1820,2021,13.873000000000047,0.5439112365717891,1944.915,1909.649,1918.305,1955.178,1941.305,1,8.766666666666667,-3.2818424277373364,-2.657896633749003,-3.2088228933900327,-2.5848770994016994,1.0,1.0,0.0
1821,2021,12.923000000000002,0.46912306176424884,1926.368,1913.668,1917.068,1927.518,1914.595,-1,10.35,0.07173256983673562,-0.19136423431091512,0.15066161108102732,-0.1124351930666234,0.0,0.0,0.0
1822,2021,10.730000000000018,0.3896979853584389,1907.298,1862.805,1846.368,1916.548,1905.818,-1,7.95,4.008667287977619,5.540540540540535,4.037558247903056,5.569431500465973,0.0,0.0,1.0
1823,2021,32.40000000000009,1.0314529479179966,1846.415,1848.805,1846.894,1849.288,1816.888,1,7.266666666666667,-0.014907407407405737,-0.07388888888888885,0.017685185185188,-0.04129629629629512,0.0,0.0,0.0
1824,2021,19.332999999999856,0.5808658627401704,1859.888,1841.608,1854.125,1860.495,1841.162,1,7.2,-0.9769306367351205,-0.3294884394558495,-0.9553612993327556,-0.30791910205348466,1.0,1.0,0.0
1825,2021,8.447000000000116,0.267879309563724,1859.228,1857.998,1853.465,1862.892,1854.445,-1,8.566666666666666,-0.4206227062862628,0.11601752101337809,-0.3669941991239604,0.16964602817568047,0.0,0.0,0.0
1826,2021,23.6099999999999,0.7561231702546685,1841.405,1847.665,1844.458,1852.128,1828.518,0,,,,,,,,
1827,2021,8.873000000000047,0.279392283211319,1849.198,1829.365,1828.395,1855.498,1846.625,1,9.75,-2.945227093429494,-3.0545475036627883,-2.9170517299673056,-3.0263721402006,1.0,1.0,0.0
1829,2021,7.467000000000098,0.22553656031827138,1840.668,1839.202,1839.145,1843.505,1836.038,1,8.283333333333333,-0.576268916566232,-0.5839025043524937,-0.545466720235709,-0.5531003080219706,1.0,1.0,0.0
1830,2021,15.073000000000093,0.4574338253305237,1852.588,1866.657,1868.075,1854.365,1839.292,1,7.3,0.815497910170493,0.9095734094075467,0.8283686061168845,0.9224441053539382,1.0,1.0,0.0
1831,2021,8.123000000000047,0.23599994189340479,1873.938,1863.945,1869.245,1874.915,1866.792,-1,7.566666666666666,0.35048627354425255,-0.30198202634494153,0.531823218022915,-0.12064508186627909,0.0,0.0,1.0
1832,2021,12.72999999999979,0.3689205833341899,1861.355,1855.838,1855.555,1869.831,1857.101,-1,9.75,0.09921445404557487,0.12144540455617239,0.24328358208955467,0.2655145326001522,0.0,0.0,1.0
1833,2021,10.730000000000018,0.32088417239140166,1850.605,1851.772,1854.858,1859.895,1849.165,1,10.8,-0.7570363466915222,-0.46943150046598564,-0.7290773532152917,-0.4414725069897551,0.0,1.0,0.0
1834,2021,8.576999999999998,0.25551391965476966,1854.975,1852.935,1851.575,1861.635,1853.058,-1,7.533333333333333,0.014340678558942208,0.17290427888538504,0.0909408884225222,0.24950448874896503,0.0,0.0,0.0
1835,2021,8.076999999999998,0.266169845163052,1848.385,1848.825,1841.505,1851.345,1843.268,1,8.033333333333333,-0.31199702859972545,-1.218274111675117,-0.1275225950229012,-1.0337996780982928,1.0,1.0,0.0
1836,2021,6.4529999999999745,0.21212519664702087,1837.122,1857.369,1843.698,1840.378,1833.925,1,8.233333333333333,2.633038896637231,0.5144893847822992,2.7198202386486905,0.6012707267937586,0.0,0.0,1.0
1837,2021,12.167000000000144,0.46366878079321167,1850.088,1858.365,1849.915,1851.585,1839.418,1,9.083333333333334,0.5572450069861011,-0.1372565135201819,0.6279280019725495,-0.06657351853373353,0.0,0.0,1.0
1838,2021,18.14300000000003,0.6958653867227756,1865.412,1860.035,1859.34,1867.035,1848.892,1,8.166666666666666,-0.3858237336713878,-0.42413051865734175,-0.16094361461719897,-0.1992503996031529,0.0,0.0,0.0
1839,2021,11.349999999999909,0.43843674811822325,1855.057,1833.017,1836.637,1863.975,1852.625,-1,7.2,1.7275770925110223,1.4086343612334964,1.899383259911909,1.5804405286343828,0.0,0.0,1.0
1840,2021,8.38000000000011,0.31202293629221894,1838.345,1833.505,1833.055,1844.785,1836.405,-1,7.766666666666667,0.3460620525059458,0.39976133651549706,0.3890214797135977,0.44272076372314895,0.0,0.0,0.0
1841,2021,18.797000000000025,0.7258710049346163,1823.61,1786.465,1795.029,1834.635,1815.838,-1,9.1,1.5626429749428103,1.107038357184654,1.589615364153858,1.1340107463957017,0.0,0.0,1.0
1842,2021,7.04300000000012,0.26038687528884086,1797.115,1805.838,1809.925,1798.948,1791.905,1,7.133333333333334,0.9782763027118778,1.5585687917080326,1.0214397273888738,1.6017322163850287,0.0,0.0,1.0
1843,2021,10.491999999999962,0.39556308386676214,1815.625,1836.548,1832.085,1818.805,1808.313,-1,8.85,-2.6910979794128864,-2.265726267632484,-2.6748951582157985,-2.249523446435396,1.0,1.0,0.0
1844,2021,13.329999999999927,0.4783043288822797,1840.048,1839.275,1837.395,1843.138,1829.808,1,7.85,-0.2897974493623293,-0.430832708177042,-0.26931732933232844,-0.41035258814704106,0.0,0.0,0.0
1845,2021,11.400000000000091,0.43257190559308245,1843.404,1841.044,1842.976,1845.315,1833.915,1,7.3,-0.3746491228070109,-0.2051754385964845,-0.3299122807017489,-0.16043859649122247,0.0,0.0,0.0
1846,2021,9.870000000000118,0.36997073541657627,1842.405,1838.475,1824.405,1843.765,1833.895,1,7.133333333333334,-0.5359675785207829,-1.9614994934143763,-0.4609929078014314,-1.8865248226950249,0.0,1.0,0.0
1847,2021,9.299999999999955,0.3545288197621208,1818.548,1828.118,1819.165,1827.848,1818.548,-1,7.0,-1.0290322580645144,-0.06634408602150159,-1.0290322580645144,-0.06634408602150159,1.0,1.0,0.0
1849,2021,8.38000000000011,0.3219088437128762,1823.464,1813.524,1795.155,1826.375,1817.995,-1,11.833333333333334,0.5335322195703992,2.72553699284005,0.6051312649164766,2.7971360381861277,0.0,0.0,1.0
1850,2021,8.560000000000173,0.31342764408806084,1792.561,1773.595,1771.815,1795.015,1786.455,-1,8.05,1.5023364485980888,1.7102803738317263,1.8200934579438799,2.0280373831775176,0.0,0.0,1.0
1851,2021,8.69600000000014,0.32210815959361255,1782.396,1778.236,1775.265,1785.611,1776.915,1,8.75,-0.848091076356932,-1.1897424103035692,-0.6174103035878367,-0.9590616375344737,1.0,1.0,0.0
1852,2021,16.9849999999999,0.6550399982369879,1772.015,1785.766,1780.076,1777.425,1760.44,1,13.966666666666667,0.4910803650279759,0.15607889314101164,0.638269060936131,0.3032675890491668,0.0,0.0,0.0
1853,2021,14.389999999999873,0.5453812064657372,1790.805,1808.855,1808.005,1794.935,1780.545,1,7.883333333333334,0.9673384294649198,0.9082696316886921,0.994371091035448,0.9353022932592202,0.0,0.0,1.0
1854,2021,9.809999999999945,0.37450405617287913,1811.925,1806.835,1803.575,1815.875,1806.065,-1,9.35,-0.0784913353720679,0.2538226299694213,0.10601427115188271,0.43832823649337194,0.0,0.0,1.0
1855,2021,8.72999999999979,0.3287622593192265,1808.085,1794.885,1797.155,1813.745,1805.015,-1,7.8,1.1603665521191697,0.9003436426117201,1.189003436426158,0.9289805269187081,0.0,0.0,1.0
1856,2021,10.990000000000009,0.4367164238414357,1796.565,1775.545,1773.095,1804.105,1793.115,-1,7.15,1.5987261146496745,1.821656050955411,1.658780709736124,1.8817106460418604,0.0,0.0,1.0
1857,2021,17.787000000000035,0.6767216429287712,1762.655,1729.905,1727.095,1775.605,1757.818,-1,7.25,1.5692921796817876,1.7272727272727215,1.6474391409456375,1.8054196885365714,0.0,0.0,1.0
1858,2021,18.940000000000055,0.6710040514311616,1753.675,1738.735,1724.365,1756.125,1737.185,1,7.25,-0.9181626187962012,-1.676874340021114,-0.8996832101372831,-1.658394931362196,1.0,1.0,0.0
1859,2021,21.309999999999945,0.7159638778296924,1721.696,1725.27,1734.666,1728.376,1707.066,1,10.5,-0.14575316752698275,0.2951665884561229,-0.08287189113092824,0.35804786485217743,0.0,0.0,0.0
1860,2021,7.471000000000004,0.2439453307211496,1732.675,1715.813,1715.634,1737.366,1729.895,-1,8.183333333333334,1.8848882345067426,1.9088475438361612,1.950475170659869,1.974434479989288,0.0,0.0,1.0
1861,2021,13.394999999999982,0.4282152105111726,1716.444,1718.625,1699.015,1719.959,1706.564,1,7.216666666666667,-0.09958939902949324,-1.5635684957073526,-0.06942889137738446,-1.5334079880552438,1.0,1.0,0.0
1862,2021,12.160000000000082,0.37784090909091184,1696.725,1696.938,1699.005,1699.354,1687.194,1,7.233333333333333,-0.19868421052630952,-0.028700657894731113,-0.1620888157894729,0.00789473684210551,1.0,1.0,0.0
1863,2021,10.379999999999882,0.3158848885208022,1704.298,1681.588,1684.995,1714.168,1703.788,-1,7.0,2.1387283236994508,1.810500963391169,2.187861271676329,1.8596339113680473,0.0,0.0,1.0
1864,2021,14.316000000000031,0.43785363807559813,1692.849,1713.015,1717.008,1694.33,1680.014,1,7.433333333333334,1.3051830120145385,1.5841017043867045,1.3370354847722852,1.6159541771444512,0.0,0.0,1.0
1865,2021,9.930999999999813,0.2941895895048612,1714.838,1718.985,1723.865,1719.475,1709.544,-1,11.45,-0.9506595509012166,-1.4420501460074697,-0.8797704158695013,-1.3711610109757546,1.0,1.0,0.0
1866,2021,12.713999999999942,0.3784218179962735,1732.261,1725.374,1724.658,1735.848,1723.134,1,7.416666666666667,-0.8238162655340554,-0.8801321378008578,-0.8017932987258146,-0.858109170992617,1.0,1.0,0.0
1867,2021,18.310999999999922,0.5572682867446755,1711.894,1707.108,1722.395,1727.895,1709.584,-1,7.216666666666667,0.13521926710721005,-0.6996340997214776,0.15509802850746315,-0.6797553383212245,0.0,0.0,0.0
1868,2021,12.384000000000015,0.3784601481306855,1723.618,1727.048,1730.824,1733.938,1721.554,1,13.6,-0.5563630490956146,-0.25145348837209536,-0.49475129198965967,-0.1898417312661404,0.0,0.0,0.0
1869,2021,7.720000000000027,0.2398989618732017,1730.975,1728.732,1732.447,1737.124,1729.404,-1,7.05,0.08704663212435532,-0.39417098445594323,0.143264248704662,-0.33795336787563657,1.0,1.0,0.0
1870,2021,8.368999999999915,0.26918870733545064,1736.904,1727.175,1745.055,1737.904,1729.535,-1,11.266666666666667,0.2819930696618654,-1.854462898793182,0.39909188672483925,-1.737364081730208,0.0,1.0,0.0
1871,2021,8.002999999999929,0.2642755549475282,1750.864,1730.488,1734.649,1755.408,1747.405,-1,7.366666666666666,2.1138323128826775,1.5939022866425339,2.23041359490192,1.7104835686617768,0.0,0.0,1.0
1872,2021,15.033999999999878,0.5239148995487063,1740.238,1739.858,1742.498,1743.425,1728.391,1,7.5,-0.23726220566715686,-0.06166023679658871,-0.16542503658375018,0.010176932286817963,0.0,0.0,0.0
1873,2021,13.552000000000135,0.49968658972752306,1730.475,1738.208,1739.398,1742.988,1729.436,-1,7.0,-0.6472845336481755,-0.7350944510035338,-0.5706168831168903,-0.6584268004722487,0.0,0.0,0.0
1874,2021,9.5,0.3654508784559843,1738.228,1730.168,1727.108,1740.418,1730.918,1,10.133333333333333,-1.0789473684210527,-1.4010526315789416,-1.0186315789473825,-1.3407368421052717,1.0,1.0,0.0
1875,2021,10.684999999999945,0.43213496454002986,1730.935,1733.608,1732.955,1734.309,1723.624,1,9.683333333333334,-0.06560598970519657,-0.12671970051474485,-0.0306036499766027,-0.09171736078615098,0.0,0.0,0.0
1876,2021,7.211000000000013,0.30777438699076054,1733.558,1730.745,1726.665,1739.049,1731.838,-1,7.216666666666667,0.15157398419082965,0.7173762307585623,0.20011094161700296,0.7659131881847356,1.0,1.0,0.0
1877,2021,6.586999999999989,0.2783679112294398,1728.128,1733.935,1731.675,1729.745,1723.158,1,9.65,0.6361014118718782,0.29300136632762513,0.664490663427958,0.3213906178837051,1.0,1.0,0.0
1878,2021,6.680000000000064,0.30269388494913935,1728.475,1710.808,1710.558,1732.788,1726.108,-1,7.233333333333333,2.290419161676618,2.3278443113772167,2.3203592814371037,2.357784431137702,0.0,0.0,1.0
1879,2021,9.812999999999874,0.46471869672285965,1705.038,1684.215,1681.608,1714.318,1704.505,-1,7.016666666666667,2.0676653418934525,2.3333333333333797,2.0975236930602614,2.3631916845001886,0.0,0.0,1.0
1880,2021,8.527000000000044,0.38210986562874394,1683.598,1703.818,1707.715,1686.315,1677.788,1,7.533333333333333,2.052656268324128,2.5096751495250094,2.063210976896914,2.520229858097795,0.0,0.0,1.0
1881,2021,9.290000000000191,0.3949973881458354,1714.518,1728.565,1726.568,1714.928,1705.638,1,7.666666666666667,1.467922497308898,1.252960172228163,1.5454251883745613,1.3304628632938262,0.0,0.0,1.0
1882,2021,7.617000000000189,0.3291143928521916,1722.448,1728.858,1725.788,1729.775,1722.158,-1,7.0,-0.8796113955625415,-0.4765655769988209,-0.8415386635157799,-0.43849284495205926,1.0,1.0,0.0
1883,2021,10.460000000000036,0.4527424555805999,1737.515,1743.438,1743.305,1737.568,1727.108,1,7.0,0.5611854684512522,0.5484703632887247,0.5662523900573596,0.5535372848948321,0.0,0.0,0.0
1884,2021,8.015999999999849,0.34358352621330046,1737.698,1741.026,1739.038,1743.764,1735.748,-1,12.166666666666666,-0.6584331337325499,-0.4104291417165701,-0.40269461077845886,-0.1546906187624791,0.0,0.0,0.0
1885,2021,12.240000000000009,0.5485380641113473,1743.035,1756.248,1754.875,1745.298,1733.058,1,8.6,0.8946078431372579,0.782434640522875,0.9258986928104637,0.8137254901960808,0.0,0.0,1.0
1886,2021,7.990000000000009,0.37087875653165747,1750.398,1744.938,1743.068,1757.238,1749.248,-1,7.033333333333333,0.5394242803504306,0.7734668335419345,0.6382978723404135,0.8723404255319173,0.0,0.0,1.0
1887,2021,8.240000000000009,0.3726928805192373,1738.365,1733.945,1730.295,1743.308,1735.068,1,12.333333333333334,-1.1362864077669959,-1.5792475728155224,-1.0400485436893392,-1.4830097087378658,1.0,1.0,0.0
1888,2021,11.400000000000091,0.5156187910096277,1727.608,1742.925,1745.118,1736.278,1724.878,-1,7.55,-1.583070175438586,-1.7754385964912147,-1.5157894736841961,-1.7081578947368246,1.0,1.0,0.0
1889,2021,8.513000000000147,0.37587241115046893,1743.798,1737.015,1736.158,1749.218,1740.705,-1,14.183333333333334,0.4334547163161944,0.5341242805121517,0.6237519088452782,0.7244214730412354,0.0,0.0,0.0
1890,2021,8.710000000000036,0.38213726104669477,1741.548,1764.648,1766.868,1742.958,1734.248,1,7.05,2.4902411021813706,2.745120551090672,2.588978185993095,2.843857634902397,0.0,0.0,1.0
1891,2021,6.509999999999991,0.27569892733333645,1765.948,1779.298,1777.988,1766.128,1759.618,1,9.283333333333333,2.023041474654392,1.8218125960061664,2.0721966205837217,1.8709677419354962,0.0,0.0,1.0
1892,2021,10.436999999999898,0.4303182372378156,1777.665,1775.755,1771.351,1783.455,1773.018,1,8.716666666666667,-0.73775989268946,-1.15972022611861,-0.6556481747628546,-1.0776085081920048,1.0,1.0,0.0
1893,2021,10.089999999999918,0.4206946256157296,1771.375,1775.498,1777.755,1775.578,1765.488,-1,9.466666666666667,-0.9920713577799873,-1.2157581764123044,-0.7839444995044743,-1.0076313181367915,1.0,1.0,0.0
1894,2021,9.470000000000027,0.41838785924142374,1784.678,1791.078,1793.068,1785.638,1776.168,1,7.133333333333334,0.5744456177402364,0.7845828933474174,0.6272439281943017,0.8373812038014826,0.0,0.0,1.0
1895,2021,7.5499999999999545,0.3514278209812685,1791.165,1784.858,1782.557,1797.748,1790.198,-1,7.066666666666666,0.7072847682119441,1.0120529801324665,0.8105960264900868,1.1153642384106093,0.0,0.0,1.0
1896,2021,6.98700000000008,0.33005810383107653,1784.735,1774.058,1776.625,1789.595,1782.608,-1,7.583333333333333,1.2237011592958147,0.8563045656218519,1.2723629597824528,0.9049663661084901,1.0,1.0,0.0
1897,2021,9.669999999999845,0.43662657752233464,1779.845,1777.598,1779.622,1783.408,1773.738,-1,13.2,-0.3991726990692825,-0.6084798345398251,-0.2823164426060043,-0.49162357807654694,0.0,0.0,0.0
1898,2021,10.363000000000056,0.4731346204017758,1782.998,1780.975,1776.665,1783.978,1773.615,1,13.333333333333334,-0.2897809514619454,-0.7056836823313772,-0.1923188265946304,-0.6082215574640623,0.0,0.0,0.0
1899,2021,9.849999999999909,0.4517800921906531,1769.355,1771.868,1781.518,1776.175,1766.325,-1,8.1,-0.5627411167512634,-1.5424365482233628,-0.4926903553299374,-1.472385786802037,0.0,1.0,0.0
1900,2021,7.5470000000000255,0.3519000832639471,1784.955,1768.548,1773.258,1789.875,1782.328,-1,7.183333333333334,1.8258910825493475,1.2018020405458998,1.84404399098978,1.2199549489863322,0.0,0.0,1.0
1901,2021,8.309999999999945,0.3776941631740044,1768.698,1770.328,1768.388,1773.588,1765.278,-1,15.083333333333334,-0.6077015643802632,-0.3742478941034802,-0.49578820697953285,-0.26233453670274975,0.0,0.0,0.0
1902,2021,8.343000000000075,0.38948670665951135,1774.078,1794.285,1792.078,1775.578,1767.235,1,7.35,2.242239002756795,1.9777058612009892,2.275800071916566,2.0112669303607604,0.0,0.0,1.0
1903,2021,9.289999999999964,0.42628646345460286,1787.128,1794.628,1777.607,1793.078,1783.788,-1,10.616666666666667,-1.1668460710441293,0.6653390742734192,-1.1410118406889076,0.6911733046286409,1.0,1.0,0.0
1904,2021,6.580000000000155,0.2909417074349378,1778.245,1782.855,1784.438,1783.238,1776.658,-1,7.383333333333334,-0.9417933130699043,-1.1823708206686956,-0.9022796352583565,-1.142857142857148,1.0,1.0,0.0
1905,2021,10.437000000000126,0.48873800046827987,1792.075,1815.458,1813.878,1792.315,1781.878,1,7.016666666666667,2.2173996359106782,2.066015138449709,2.243269138641346,2.091884641180377,0.0,0.0,1.0
1906,2021,9.409999999999854,0.42372390724003034,1818.008,1832.118,1830.675,1822.158,1812.748,1,9.616666666666667,1.058448459086099,0.9051009564293501,1.0800212539851402,0.9266737513283912,0.0,0.0,1.0
1907,2021,9.057999999999993,0.3987836363236127,1838.538,1839.398,1835.975,1839.058,1830.0,1,11.433333333333334,0.03753587988517536,-0.34036211084125484,0.16924265842348235,-0.20865533230294783,0.0,0.0,0.0
1908,2021,7.079999999999927,0.31320504313204695,1836.865,1829.468,1835.498,1838.338,1831.258,1,10.783333333333333,-1.2528248587570596,-0.40112994350281744,-1.2161016949152526,-0.3644067796610104,1.0,1.0,0.0
1909,2021,11.182999999999993,0.49086229005527393,1829.745,1826.966,1820.758,1837.098,1825.915,-1,13.5,-0.09398193686845493,0.46114638290261367,0.5400160958598067,1.0951444156308754,1.0,1.0,0.0
1910,2021,9.759999999999991,0.41533682284352474,1817.175,1823.908,1825.375,1822.915,1813.155,-1,9.833333333333334,-1.1017418032786823,-1.2520491803278728,-0.9880122950819478,-1.1383196721311384,1.0,1.0,0.0
1911,2021,7.231999999999971,0.3134467439592573,1826.638,1837.925,1841.605,1826.798,1819.566,1,7.0,1.5385785398230085,2.047428097345143,1.5607024336283297,2.0695519911504645,0.0,0.0,1.0
1912,2021,11.849999999999909,0.4959522642208814,1852.398,1864.478,1866.815,1855.308,1843.458,1,14.833333333333334,0.7738396624472694,0.9710548523206878,0.8928270042194292,1.0900421940928475,0.0,0.0,1.0
1913,2021,8.567000000000007,0.34428831828685463,1871.158,1866.824,1868.798,1873.755,1865.188,-1,12.483333333333333,-0.1909653320882416,-0.42138438193065214,-0.03957044472979676,-0.2699894945722073,1.0,1.0,0.0
1914,2021,7.947000000000116,0.32762641789463004,1871.398,1883.695,1863.139,1872.345,1864.398,1,7.033333333333333,1.4282119038630605,-1.158424562728073,1.5473763684409017,-1.039260098150232,1.0,1.0,0.0
1915,2021,15.229000000000042,0.6203836260577088,1873.494,1877.855,1874.405,1878.964,1863.735,1,15.1,-0.07282159038675688,-0.2993630573248379,-0.055748900124757396,-0.28229036706283844,0.0,0.0,0.0
1916,2021,6.713000000000193,0.26532772838788937,1875.815,1873.948,1879.255,1876.958,1870.245,1,9.083333333333334,-0.44838373305525164,0.3421719052584477,-0.29301355578725075,0.4975420825264486,1.0,1.0,1.0
1917,2021,7.199999999999818,0.2939821160879306,1885.448,1884.658,1883.088,1886.878,1879.678,-1,9.566666666666666,-0.6916666666666551,-0.4736111111111029,-0.6222222222222089,-0.4041666666666567,0.0,0.0,0.0
1918,2021,8.213999999999942,0.3522535823903817,1874.855,1890.468,1899.328,1880.828,1872.614,1,7.616666666666666,1.173606038470924,2.2522522522522683,1.2324080837594495,2.311054297540794,0.0,0.0,1.0
1919,2021,10.789999999999964,0.4491261870358134,1903.368,1899.895,1895.778,1907.638,1896.848,1,8.733333333333333,-0.7176088971269661,-1.0991658943466116,-0.6777571825764714,-1.059314179796117,0.0,1.0,0.0
1920,2021,10.09699999999998,0.4385478326694212,1901.668,1889.488,1897.635,1902.105,1892.008,1,7.033333333333333,-1.2495790828959084,-0.44270575418441477,-1.1805486778250835,-0.37367534911359,1.0,1.0,0.0
1921,2021,8.899999999999864,0.4056055599863221,1891.015,1894.778,1901.388,1898.398,1889.498,-1,7.283333333333333,-0.5932584269662982,-1.3359550561797815,-0.5752808988764266,-1.31797752808991,1.0,1.0,0.0
1923,2021,8.326999999999998,0.38825813714160157,1912.265,1894.905,1900.758,1914.385,1906.058,1,7.3,-2.3393779272246933,-1.6364837276329958,-2.2985468956406994,-1.5956526960490018,1.0,1.0,0.0
1924,2021,7.132000000000062,0.33958901593736973,1898.385,1901.448,1907.708,1902.145,1895.013,-1,12.233333333333333,-0.9022714526079805,-1.7800056085249654,-0.8749298934380195,-1.7526640493550045,1.0,1.0,0.0
1925,2021,9.13000000000011,0.4426758651262082,1901.465,1870.968,1872.283,1909.498,1900.368,-1,7.1,3.220153340635215,3.076122672508182,3.2285870755749735,3.084556407447941,0.0,0.0,1.0
1926,2021,16.712999999999965,0.7627203176289958,1866.718,1893.778,1891.465,1872.028,1855.315,1,7.733333333333333,1.3013821576018696,1.1629868964279266,1.340274038173885,1.201878776999942,0.0,0.0,1.0
1927,2021,8.400000000000091,0.3653807914098275,1883.468,1891.878,1898.768,1891.768,1883.368,-1,7.0,-1.013095238095226,-1.8333333333333244,-1.001190476190448,-1.8214285714285463,1.0,1.0,0.0
1928,2021,8.410000000000082,0.35818153056133945,1894.948,1894.608,1893.248,1903.238,1894.828,-1,7.0,0.026159334126043418,0.1878715814506435,0.0404280618311703,0.2021403091557704,1.0,1.0,0.0
1929,2021,4.893000000000029,0.22036357319556593,1893.155,1890.955,1890.688,1896.238,1891.345,-1,7.183333333333334,0.07970570202331856,0.13427345187000236,0.1825056202738655,0.23707337012054927,1.0,1.0,0.0
1930,2021,6.630000000000109,0.30682674635391727,1883.998,1888.694,1895.908,1889.238,1882.608,-1,8.216666666666667,-0.9179487179487048,-2.0060331825037307,-0.7339366515836961,-1.8220211161387223,1.0,1.0,1.0
1931,2021,3.589999999999918,0.16038241601143322,1900.218,1883.568,1877.098,1900.818,1897.228,1,7.1,-4.805013927576711,-6.607242339833027,-4.651810584958336,-6.454038997214652,1.0,1.0,0.0
1932,2021,15.503999999999905,0.6574944112248011,1863.728,1866.048,1864.548,1875.598,1860.094,-1,7.333333333333333,-0.3840299277605771,-0.2872807017543845,-0.2889576883384962,-0.19220846233230368,0.0,0.0,1.0
1933,2021,9.25,0.3863457361750877,1865.917,1859.698,1857.388,1867.798,1858.548,1,7.066666666666666,-0.8756756756756658,-1.1254054054054143,-0.8021621621621454,-1.0518918918918938,1.0,1.0,0.0
1934,2021,7.829999999999927,0.3314566312492032,1859.705,1856.358,1834.918,1860.878,1853.048,1,7.416666666666667,-0.5772669220945114,-3.3154533844189373,-0.5363984674329609,-3.2745849297573866,1.0,1.0,0.0
1935,2021,10.910000000000082,0.4072067652735892,1817.938,1778.518,1778.008,1825.228,1814.318,-1,7.133333333333334,3.2813932172318685,3.32813932172316,3.347387717690166,3.3941338221814568,0.0,0.0,1.0
1936,2021,13.470000000000027,0.4604802101926855,1785.095,1777.778,1770.648,1787.098,1773.628,1,8.466666666666667,-0.6919079435783161,-1.2212323682256876,-0.6763177431328791,-1.2056421677802507,1.0,1.0,0.0
1937,2021,10.3900000000001,0.3326442312090115,1773.228,1782.528,1783.648,1776.768,1766.378,1,7.166666666666667,0.5543792107795895,0.6621751684311661,0.6361886429258964,0.743984600577473,0.0,0.0,0.0
1938,2021,10.786999999999807,0.3451729544654508,1781.058,1779.738,1780.078,1789.995,1779.208,-1,8.2,-0.0491332159080358,-0.08065263743393959,-0.0009270418095847857,-0.032446463335488576,0.0,0.0,0.0
1939,2021,6.7000000000000455,0.21292002333494647,1781.268,1789.738,1778.708,1783.778,1777.078,1,9.266666666666667,0.8895522388059696,-0.7567164179104331,1.0526865671641885,-0.5935820895522141,0.0,0.0,1.0
1940,2021,7.129999999999882,0.23888498006499437,1776.505,1778.398,1776.458,1779.908,1772.778,1,9.35,-0.21178120617111024,-0.483870967741918,-0.18190743338009074,-0.4539971949508985,0.0,0.0,1.0
1941,2021,7.0470000000000255,0.25158551046169253,1780.498,1781.878,1778.038,1780.635,1773.588,1,7.0,0.17638711508442367,-0.3685256137363375,0.19582801191994845,-0.3490847169008128,0.0,0.0,1.0
1942,2021,15.160000000000082,0.5438955261364077,1785.558,1777.708,1778.838,1785.678,1770.518,1,7.0,-0.5257255936675451,-0.4511873350923554,-0.5178100263852154,-0.4432717678100258,0.0,0.0,0.0
1943,2021,5.089999999999918,0.18492183769644097,1778.155,1754.468,1763.748,1778.818,1773.728,-1,7.766666666666667,3.7838899803536936,1.9607072691552414,3.8133595284872626,1.9901768172888104,0.0,0.0,1.0
1944,2021,8.049999999999955,0.2803468639459491,1756.668,1765.458,1769.248,1764.538,1756.488,-1,7.0,-1.1142857142857239,-1.5850931677018711,-1.091925465838539,-1.5627329192546864,1.0,1.0,0.0
1945,2021,11.626999999999953,0.41423343732981693,1776.715,1774.078,1774.668,1777.155,1765.528,1,7.0,-0.26464264212608674,-0.21389868409736734,-0.22679969037584538,-0.176055732347126,0.0,0.0,0.0
1946,2021,4.7999999999999545,0.17612739881847728,1778.088,1782.718,1789.752,1779.668,1774.868,-1,8.2,-1.6354166666667105,-3.1008333333333655,-1.60208333333336,-3.067500000000015,1.0,1.0,0.0
1948,2021,13.436999999999898,0.5182428262881792,1803.905,1804.488,1796.545,1804.145,1790.708,1,7.0,0.02552653121977206,-0.5656024410210587,0.04338766093622744,-0.5477413113046034,0.0,1.0,0.0
1949,2021,9.051999999999907,0.38599868417846106,1801.805,1805.498,1803.888,1802.798,1793.746,1,7.55,0.29827662395051624,0.1204153778170492,0.32070260715864446,0.14284136102517742,0.0,0.0,0.0
1950,2021,9.279999999999973,0.45408473545509836,1797.928,1801.438,1800.138,1805.408,1796.128,1,8.45,-0.42780172413791073,-0.5678879310344824,-0.3049568965517172,-0.44504310344828896,0.0,1.0,1.0
1951,2021,8.429999999999836,0.4308399956193114,1800.148,1808.275,1812.008,1807.648,1799.218,-1,7.416666666666667,-1.074377224199311,-1.5172004744958734,-0.9913404507710986,-1.4341637010676607,1.0,1.0,0.0
1952,2021,10.483000000000175,0.5533594751527136,1802.235,1805.188,1806.368,1810.708,1800.225,-1,7.2,-0.473433177525528,-0.5859963750834615,-0.431174282171147,-0.5437374797290805,0.0,0.0,0.0
1953,2021,6.649999999999864,0.3489688364456836,1806.608,1812.718,1807.288,1812.598,1805.948,-1,9.3,-1.018045112781973,-0.20150375939848805,-0.9593984962406376,-0.14285714285715262,1.0,1.0,0.0
1954,2021,9.326999999999998,0.4951594371068111,1812.775,1820.448,1825.078,1813.775,1804.448,1,7.05,0.7154497694864376,1.2118580465315627,0.7365712447732518,1.232979521818377,0.0,0.0,1.0
1955,2021,6.2999999999999545,0.3220517838820728,1828.925,1821.018,1828.666,1829.858,1823.558,1,7.1,-1.4031746031746004,-0.18920634920635174,-1.3936507936507994,-0.1796825396825508,1.0,1.0,0.0
1956,2021,7.540000000000191,0.3894699946501475,1824.488,1812.568,1813.198,1831.948,1824.408,-1,7.0,1.5702917771882783,1.486737400530441,1.5809018567638953,1.497347480106058,0.0,0.0,1.0
1957,2021,6.803000000000111,0.34147320868365477,1810.938,1811.228,1807.428,1817.178,1810.375,-1,7.0,-0.1253858591797812,0.43319123915917107,-0.04262825224165205,0.5159488460973003,0.0,0.0,1.0
1958,2021,8.38000000000011,0.4299042132958155,1815.165,1809.448,1808.968,1819.038,1810.658,1,13.016666666666667,-1.1443914081145339,-1.201670644391385,-1.0680190930787232,-1.1252983293555745,1.0,1.0,0.0
1959,2021,4.740000000000009,0.24415190693088298,1808.348,1800.568,1804.198,1809.748,1805.008,1,7.033333333333333,-1.9367088607595033,-1.1708860759493553,-1.7046413502109519,-0.9388185654008037,1.0,1.0,0.0
1960,2021,6.6400000000001,0.339644425607792,1798.645,1803.508,1806.728,1803.738,1797.098,-1,9.133333333333333,-0.9653614457831303,-1.4503012048192716,-0.9397590361445656,-1.4246987951807069,1.0,1.0,0.0
1961,2021,6.400000000000091,0.33409399376557236,1802.258,1798.208,1801.708,1808.448,1802.048,-1,7.0,0.5999999999999787,0.053124999999986454,0.6328124999999839,0.08593749999999167,1.0,1.0,0.0
1962,2021,10.829999999999927,0.5449859637898089,1808.018,1801.548,1797.068,1809.108,1798.278,1,8.4,-0.6980609418282545,-1.1117266851338914,-0.5743305632502372,-0.9879963065558742,1.0,1.0,0.0
1963,2021,5.252999999999929,0.2740709270605033,1796.128,1797.438,1799.858,1799.768,1794.515,-1,7.483333333333333,-0.5564439367980281,-1.0171330668189453,-0.49305158956790035,-0.9537407195888176,1.0,1.0,0.0
1964,2021,9.410000000000082,0.49890176475043957,1805.438,1800.098,1802.148,1807.308,1797.898,-1,12.3,-0.23379383634431736,-0.4516471838469674,-0.18916046758766814,-0.40701381509031814,0.0,0.0,0.0
1965,2021,9.86999999999989,0.5371449451698483,1816.148,1827.738,1831.198,1818.108,1808.238,1,7.783333333333333,0.9756838905775295,1.3262411347518024,0.9787234042553382,1.3292806484296114,0.0,0.0,1.0
1966,2021,5.309999999999945,0.2796198013247494,1828.288,1822.618,1811.888,1831.058,1825.748,1,8.416666666666666,-1.589453860640328,-3.6101694915254745,-1.5531073446327976,-3.5738229755179445,1.0,1.0,0.0
1967,2021,8.410000000000082,0.43992258199508694,1811.418,1814.638,1816.268,1816.758,1808.348,-1,7.416666666666667,-0.7479191438763261,-0.9417360285374549,-0.686087990487506,-0.8799048751486348,0.0,1.0,0.0
1968,2021,4.5470000000000255,0.24216993513780952,1811.138,1811.328,1809.898,1813.855,1809.308,-1,7.366666666666666,-0.4442489553551727,-0.12975588299976135,-0.3562788651858108,-0.04178579283039941,1.0,1.0,0.0
1969,2021,5.8530000000000655,0.3337419814682859,1813.545,1811.568,1811.108,1814.698,1808.845,1,8.283333333333333,-0.5347684947890098,-0.6133606697420306,-0.3997949769348867,-0.4783871518879076,0.0,1.0,1.0
1970,2021,3.893000000000029,0.21210387649391693,1808.588,1802.848,1803.648,1812.378,1808.485,-1,7.0,1.4479835602362963,1.2424865142563455,1.4744413049062333,1.2689442589262825,1.0,1.0,0.0
1971,2021,5.269999999999982,0.2940391122234657,1800.388,1760.578,1763.443,1804.058,1798.788,-1,8.25,7.250474383301739,6.706831119544621,7.415559772296027,6.871916508538908,0.0,0.0,1.0
1972,2021,61.700000000000045,3.1515655670118186,1742.098,1729.608,1728.238,1746.578,1684.878,1,7.666666666666667,-0.275040518638574,-0.29724473257698386,-0.27131280388978923,-0.2935170178281991,0.0,0.0,0.0
1973,2021,7.470000000000027,0.31516517693007895,1733.785,1726.328,1730.148,1737.568,1730.098,1,7.883333333333334,-1.5046854082998617,-0.993306559571626,-1.4912985274431136,-0.9799196787148777,1.0,1.0,0.0
1974,2021,11.069999999999936,0.4649362805097533,1734.205,1745.708,1751.368,1735.058,1723.988,1,11.283333333333333,0.9620596205962197,1.473351400180672,1.0523938572719203,1.5636856368563725,0.0,0.0,1.0
1975,2021,4.670000000000073,0.18769773143549737,1751.255,1748.138,1751.635,1753.468,1748.798,1,7.483333333333333,-1.1413276231263536,-0.3925053533190696,-1.1134903640256884,-0.3646680942184043,1.0,1.0,0.0
1976,2021,5.329999999999927,0.21687132165951922,1755.728,1773.188,1776.768,1756.898,1751.568,1,7.066666666666666,3.0562851782364753,3.727954971857484,3.223264540337767,3.894934333958776,0.0,0.0,1.0
1977,2021,9.6400000000001,0.37777255270789667,1774.328,1788.488,1787.358,1782.448,1772.808,-1,7.083333333333333,-1.6265560165975002,-1.5093360995850418,-1.5653526970954346,-1.4481327800829762,1.0,1.0,0.0
1978,2021,8.059999999999945,0.30989698479351446,1791.448,1783.258,1783.048,1792.368,1784.308,1,7.016666666666667,-1.1302729528535933,-1.1563275434243176,-1.1191066997518664,-1.1451612903225907,1.0,1.0,0.0
1979,2021,7.216999999999871,0.2792570686271754,1790.578,1781.748,1785.608,1792.195,1784.978,1,7.216666666666667,-1.4475543854787414,-0.9127061105722748,-1.3828460579188302,-0.8479977830123635,1.0,1.0,0.0
1980,2021,14.490000000000009,0.573232209060495,1778.765,1780.452,1779.878,1788.848,1774.358,1,10.333333333333334,-0.5794340924775675,-0.6190476190476205,-0.5064182194616951,-0.5460317460317481,0.0,0.0,0.0
1981,2021,8.220000000000027,0.3280613932061547,1786.365,1782.325,1782.665,1786.848,1778.628,1,7.083333333333333,-0.5502433090024205,-0.5088807785888052,-0.538077858880777,-0.4967153284671618,1.0,1.0,0.0
1982,2021,12.167000000000144,0.49085790197135726,1786.148,1804.098,1804.874,1788.555,1776.388,1,9.95,1.2774718500862752,1.3412509246321827,1.362209254540961,1.4259883290868687,0.0,0.0,1.0
1983,2021,5.080000000000155,0.1926739470255073,1803.238,1804.538,1805.859,1805.728,1800.648,1,13.216666666666667,-0.23425196850394062,0.025787401574774434,-0.08267716535434251,0.17736220472437253,0.0,0.0,0.0
1984,2021,10.8599999999999,0.43112590668579426,1794.945,1784.348,1792.138,1802.558,1791.698,-1,12.416666666666666,0.676795580110516,-0.04051565377530675,0.713627992633524,-0.00368324125229871,0.0,0.0,0.0
1985,2021,5.926999999999907,0.23326249269104157,1786.338,1791.545,1790.938,1791.915,1785.988,-1,7.0,-0.9375738147460947,-0.8351611270457437,-0.8785220178842903,-0.7761093301839393,1.0,1.0,1.0
1986,2021,10.037000000000035,0.42786718024451015,1801.818,1807.598,1817.525,1802.565,1792.528,1,7.0,0.5014446547773124,1.4904852047424515,0.5758692836504885,1.5649098336156275,1.0,1.0,0.0
1987,2021,9.820999999999913,0.4804928849003298,1815.098,1811.698,1810.828,1823.079,1813.258,-1,7.183333333333334,0.15884329498014044,0.24742897871908007,0.19448121372567675,0.2830668974646164,0.0,0.0,0.0
1988,2021,7.567000000000007,0.3769324646952724,1817.135,1806.907,1815.028,1817.195,1809.628,1,7.0,-1.3595876833619667,-0.2863750495572769,-1.3516585172459437,-0.278445883441254,1.0,1.0,0.0
1989,2021,5.589999999999918,0.29176453044029027,1815.188,1809.745,1813.108,1815.838,1810.248,1,7.016666666666667,-1.0899821109123728,-0.48837209302326623,-1.0667262969589053,-0.46511627906979863,1.0,1.0,0.0
1990,2021,5.389999999999873,0.2869201520912487,1814.288,1812.418,1809.158,1815.918,1810.528,1,10.0,-0.6493506493506647,-1.2541743970315677,-0.5894248608534712,-1.1942486085343744,1.0,1.0,0.0
1991,2021,5.860000000000127,0.3323623900599258,1812.558,1830.227,1830.368,1814.708,1808.848,1,12.083333333333334,2.648293515358305,2.6723549488053777,2.66552901023887,2.6895904436859426,0.0,0.0,1.0
1993,2021,10.289999999999964,0.5863629703195972,1818.208,1796.677,1796.178,1827.128,1816.838,-1,7.033333333333333,1.9592808551992351,2.0077745383867764,1.9689990281827274,2.0174927113702688,0.0,0.0,1.0
1994,2021,6.3900000000001,0.3387558504112389,1796.135,1788.697,1791.378,1800.948,1794.558,-1,7.4,0.9172143974960895,0.4976525821596266,1.118622848200317,0.6990610328638542,1.0,1.0,0.0
1995,2021,4.230000000000018,0.222720332162442,1787.578,1788.988,1794.665,1790.748,1786.518,1,8.316666666666666,-0.41607565011819936,0.9260047281323639,-0.35200945626478164,0.9900709219857817,1.0,1.0,1.0
1996,2021,11.192000000000007,0.5738625334656715,1802.334,1796.564,1790.538,1803.754,1792.562,-1,13.8,-0.35757684060044476,0.1808434596139998,-0.2519656897784276,0.28645461043601694,0.0,0.0,0.0
1997,2021,9.680000000000064,0.5215778190873206,1792.948,1796.058,1792.454,1793.248,1783.568,1,7.016666666666667,0.29028925619833956,-0.08202479338843917,0.334090909090899,-0.03822314049587973,0.0,0.0,0.0
1998,2021,3.673000000000002,0.19352969071078624,1792.924,1804.194,1803.034,1793.318,1789.645,1,8.083333333333334,2.9610672474816147,2.6452491151647473,3.2069153280696954,2.891097195752828,1.0,1.0,0.0
1999,2021,3.2690000000000055,0.1671090923032552,1802.718,1793.927,1793.104,1804.567,1801.298,-1,7.366666666666666,2.2548179871520593,2.506576934842443,2.5686754359131685,2.820434383603552,1.0,1.0,0.0
2000,2021,10.279999999999973,0.5294251808035547,1786.728,1753.854,1753.944,1796.074,1785.794,-1,7.166666666666667,3.107003891050597,3.0982490272373755,3.1245136186770406,3.115758754863819,0.0,0.0,1.0
2001,2021,9.329999999999927,0.4546926073289654,1762.648,1751.374,1752.788,1762.768,1753.438,1,7.083333333333333,-1.2212218649517785,-1.0696677384780382,-1.1815648445873497,-1.0300107181136093,1.0,1.0,0.0
2002,2021,13.049999999999955,0.6257513640146719,1750.518,1765.057,1761.644,1755.028,1741.978,1,9.666666666666666,0.7685057471264392,0.506973180076629,0.7861302681992376,0.5245977011494274,0.0,0.0,0.0
2003,2021,5.410000000000082,0.25283580694481056,1762.618,1777.628,1775.284,1766.018,1760.608,-1,7.866666666666666,-3.146025878003646,-2.7127541589648683,-3.05914972273562,-2.625878003696842,1.0,1.0,0.0
2004,2021,7.129999999999882,0.3198825836719476,1777.664,1774.558,1766.958,1779.348,1772.218,1,7.383333333333334,-0.6718092566619976,-1.7377279102384402,-0.5778401122019897,-1.6437587657784323,1.0,1.0,0.0
2005,2021,7.880000000000109,0.3419471023454675,1765.288,1752.007,1750.758,1768.548,1760.668,-1,8.216666666666667,1.0991116751268668,1.2576142131979338,1.2513959390862615,1.4098984771573282,1.0,1.0,0.0
2006,2021,10.764000000000124,0.4481612114651483,1755.094,1748.987,1746.678,1755.188,1744.424,1,7.0,-0.5760869565217346,-0.7905982905982807,-0.5673541434410907,-0.7818654775176369,1.0,1.0,0.0
2007,2021,12.644000000000005,0.5113113807047958,1759.264,1748.924,1750.288,1760.738,1748.094,-1,10.95,-0.06564378361277498,-0.17352103764631122,-0.028155646947168173,-0.13603290098070442,0.0,0.0,0.0
2008,2021,7.316000000000031,0.31289408084461756,1748.488,1732.888,1734.518,1754.344,1747.028,-1,7.183333333333334,1.9327501366867195,1.709950792782933,1.9764898851831567,1.7536905412793702,0.0,0.0,1.0
2009,2021,8.059999999999945,0.33798598214820386,1739.388,1728.278,1725.378,1741.258,1733.198,1,8.033333333333333,-1.610421836228301,-1.9702233250620615,-1.5452853598014902,-1.9050868486352508,1.0,1.0,0.0
2010,2021,7.798000000000002,0.320556713744605,1731.708,1757.316,1756.778,1734.746,1726.948,-1,8.166666666666666,-3.894331879969214,-3.825339830725817,-3.859964093357288,-3.7909720441138908,1.0,1.0,0.0
2011,2021,6.2970000000000255,0.24101240629664766,1752.168,1758.638,1758.828,1756.795,1750.498,1,8.033333333333333,0.2926790535175226,0.3228521518183093,0.348261076703188,0.3784341750039747,1.0,1.0,0.0
2012,2021,7.863000000000056,0.301092150357351,1761.209,1766.408,1766.793,1765.558,1757.695,-1,7.716666666666667,-1.1081012336258302,-1.1570647335622397,-1.0597736232989694,-1.1087371232353789,1.0,1.0,1.0
2013,2021,12.833000000000084,0.4987798546930511,1757.958,1752.508,1761.605,1769.068,1756.235,-1,7.05,0.2904231278734386,-0.4184524273357814,0.3083456713161267,-0.4005298838930933,0.0,0.0,0.0
2014,2021,9.150000000000091,0.3513025068354562,1751.038,1759.815,1763.458,1759.988,1750.838,-1,7.016666666666667,-0.9810928961748634,-1.3792349726775948,-0.9475409836065559,-1.3456830601092873,1.0,1.0,0.0
2015,2021,7.742999999999938,0.3255002522280114,1756.305,1756.475,1755.685,1764.098,1756.355,-1,7.0,-0.015497869042992616,0.08652976882346353,-0.02195531447757287,0.08007232338888327,1.0,1.0,0.0
2016,2021,7.210000000000036,0.30785371611215107,1757.305,1758.798,1757.978,1760.448,1753.238,1,11.983333333333333,-0.22884882108184226,-0.3425797503467427,-0.09847434119279234,-0.21220527045769277,0.0,0.0,1.0
2017,2021,7.6099999999999,0.32206479385011166,1756.738,1757.348,1755.435,1760.878,1753.268,-1,9.916666666666666,-0.5361366622864626,-0.28475689881733834,-0.508541392904066,-0.2571616294349416,0.0,0.0,0.0
2018,2021,11.326999999999998,0.4989977752813932,1761.615,1762.505,1759.238,1761.985,1750.658,1,7.0,0.04590800741592736,-0.24251787763748953,0.07857332038492983,-0.20985256466848706,0.0,0.0,0.0
2019,2021,3.8230000000000928,0.17062448395354934,1762.522,1792.714,1793.695,1763.218,1759.395,1,7.266666666666667,7.715406748626511,7.972011509285672,7.992675908971828,8.249280669630988,1.0,1.0,1.0
2020,2021,7.1400000000001,0.31912957695218236,1791.294,1796.834,1798.718,1793.738,1786.598,1,7.7,0.43361344537814567,0.6974789915966314,0.5204481792717185,0.7843137254902042,0.0,0.0,0.0
2021,2021,5.0499999999999545,0.22816166883963243,1792.458,1774.898,1767.644,1796.378,1791.328,-1,7.35,3.2534653465346954,4.689900990099046,3.278415841584196,4.714851485148547,0.0,0.0,1.0
2022,2021,5.472999999999956,0.23538049421855012,1768.014,1770.328,1765.664,1772.008,1766.535,-1,7.05,-0.693038552896021,0.1591448931116575,-0.639503014799932,0.2126804312077465,0.0,0.0,1.0
2023,2021,14.793999999999869,0.6659421501421099,1777.474,1773.012,1770.524,1777.648,1762.854,1,7.166666666666667,-0.3133702852507779,-0.4815465729349795,-0.26713532513181243,-0.43531161281601405,0.0,0.0,0.0
2024,2021,10.294000000000096,0.46590328650033014,1776.378,1782.524,1786.298,1777.038,1766.744,1,7.05,0.5329318049348966,0.8995531377501365,0.5708179522051604,0.9374392850204003,0.0,0.0,1.0
2025,2021,8.25,0.39970653580747584,1785.918,1780.104,1780.908,1789.368,1781.118,-1,8.05,0.12290909090907834,0.025454545454549865,0.2247272727272778,0.12727272727274933,0.0,0.0,0.0
2026,2021,4.574000000000069,0.22278583182863806,1786.628,1811.854,1794.028,1787.998,1783.424,1,7.416666666666667,5.215566243987677,1.3183209444687105,5.344556187144681,1.4473108876257146,0.0,1.0,1.0
2027,2021,8.809999999999945,0.41735752522620384,1800.468,1806.934,1808.058,1800.974,1792.164,1,9.383333333333333,0.6765039727582376,0.8040862656072763,0.6946651532349521,0.8222474460839908,0.0,0.0,1.0
2028,2021,6.494000000000142,0.3099845887375103,1805.024,1785.864,1793.488,1808.218,1801.724,-1,8.466666666666667,2.4422543886663926,1.2682476131813514,2.4983061287341513,1.32429935324911,0.0,0.0,1.0
2029,2021,8.900000000000091,0.4153651779969836,1785.888,1791.958,1797.848,1794.288,1785.388,-1,8.666666666666666,-0.7382022471910221,-1.3999999999999897,-0.6651685393258441,-1.3269662921348118,1.0,1.0,0.0
2030,2021,9.114000000000033,0.42451201213690043,1802.068,1798.642,1800.652,1803.128,1794.014,1,7.5,-0.4922097871406474,-0.27166995830588947,-0.4691683124862656,-0.24862848365150766,1.0,1.0,0.0
2031,2021,7.4939999999999145,0.36087463496682004,1796.398,1776.858,1781.758,1800.628,1793.134,-1,7.983333333333333,2.171870829997365,1.5180144115292376,2.253803042433986,1.5999466239658588,0.0,0.0,1.0
2032,2021,7.729999999999791,0.35057030032684783,1782.388,1792.978,1792.518,1787.658,1779.928,1,10.166666666666666,0.688227684346741,0.6287192755498394,0.7469598965071502,0.6874514877102487,0.0,0.0,1.0
2033,2021,6.6059999999999945,0.30230741320641813,1793.678,1788.744,1788.234,1795.764,1789.158,1,7.1,-1.0626702997275186,-1.1398728428701148,-0.9588253103239578,-1.0360278534665541,1.0,1.0,0.0
2034,2021,9.370000000000118,0.4723360434385027,1780.048,1763.458,1773.338,1787.508,1778.138,-1,12.683333333333334,1.566702241195267,0.5122732123799246,1.6499466382070025,0.5955176093916603,0.0,0.0,1.0
2035,2021,7.514000000000124,0.35936186929936026,1772.725,1792.184,1793.704,1778.178,1770.664,1,10.516666666666667,1.863987223848766,2.0662762842693083,1.9110992813414511,2.113388341761994,0.0,0.0,1.0
2036,2021,6.970000000000027,0.3373668925459836,1796.518,1809.834,1816.718,1796.944,1789.974,1,7.05,1.8493543758967073,2.8370157819225303,1.8593974175035848,2.847058823529408,1.0,1.0,0.0
2037,2021,8.549999999999955,0.38532110091742905,1816.613,1821.408,1825.606,1821.348,1812.798,-1,8.933333333333334,-1.0070175438596427,-1.4980116959064398,-0.9035087719298187,-1.3945029239766158,1.0,1.0,0.0
2038,2021,5.329999999999927,0.24663202845092802,1823.858,1825.732,1830.213,1827.088,1821.758,-1,7.6,-0.7455909943714797,-1.5863039399624845,-0.6461538461538474,-1.4868667917448524,1.0,1.0,0.0
2039,2021,6.945000000000164,0.3301281398333647,1826.258,1851.358,1846.968,1830.948,1824.003,-1,7.583333333333333,-3.938804895608261,-3.306695464362794,-3.904247660187094,-3.272138228941627,1.0,1.0,0.0
2040,2021,12.789999999999964,0.5462177183681166,1852.064,1861.574,1861.988,1855.538,1842.748,1,7.683333333333334,0.4719311962470739,0.5043002345582536,0.49616888193901654,0.5285379202501963,0.0,0.0,0.0
2041,2021,7.240000000000009,0.31674208144796395,1857.618,1860.688,1863.728,1862.248,1855.008,-1,8.25,-0.7845303867403393,-1.2044198895027647,-0.7436464088397801,-1.1635359116022055,1.0,1.0,1.0
2042,2021,9.610000000000127,0.41378843705212387,1857.168,1861.898,1867.078,1865.958,1856.348,-1,7.266666666666667,-0.5775234131113299,-1.1165452653485823,-0.5712799167533753,-1.1103017689906276,1.0,1.0,0.0
2043,2021,7.013999999999896,0.31336281999731447,1864.973,1861.138,1851.538,1868.798,1861.784,1,8.866666666666667,-1.0921015112632158,-2.4607927003136933,-0.984602224123222,-2.3532934131736996,1.0,1.0,1.0
2044,2021,6.589999999999918,0.2833990686473232,1854.828,1862.698,1863.868,1856.024,1849.434,1,7.333333333333333,1.0127465857360074,1.1902883156297646,1.0637329286798298,1.241274658573587,0.0,0.0,1.0
2045,2021,8.336000000000013,0.3580690095297707,1863.708,1860.008,1858.788,1870.814,1862.478,-1,10.283333333333333,0.2963051823416535,0.44265834932822085,0.33589251439538753,0.48224568138195484,0.0,0.0,0.0
2046,2021,5.155999999999949,0.23061096699167824,1858.998,1860.268,1849.524,1863.634,1858.478,-1,7.0,-0.34716834755624154,1.7366175329713474,-0.24631497284716725,1.8374709076804217,1.0,1.0,1.0
2047,2021,8.02599999999984,0.3511364026987341,1842.348,1818.338,1803.594,1848.984,1840.958,-1,7.1,2.8183403937204794,4.655370047346222,2.840767505606829,4.677797159232571,0.0,0.0,1.0
2048,2021,9.059999999999945,0.3554862993158743,1803.809,1786.238,1788.038,1812.318,1803.258,-1,7.0,1.8785871964680005,1.6799116997792625,1.9394039735099358,1.740728476821198,0.0,0.0,1.0
2049,2021,7.1030000000000655,0.2774593891775181,1793.188,1784.495,1784.678,1795.958,1788.855,1,7.166666666666667,-1.6138251443052354,-1.588061382514412,-1.5810221033366063,-1.555258341545783,1.0,1.0,0.0
2052,2021,6.8599999999999,0.2798979963570083,1794.808,1786.868,1782.558,1796.598,1789.738,1,7.7,-1.418367346938799,-2.0466472303207244,-1.364431486880505,-1.9927113702624304,1.0,1.0,0.0
2053,2021,12.930000000000064,0.5204939833517855,1793.058,1784.328,1775.948,1795.838,1782.908,1,9.433333333333334,-0.8901778808971333,-1.5382830626449941,-0.8731631863882373,-1.5212683681360981,0.0,1.0,0.0
2054,2021,21.98199999999997,0.904197088334238,1788.058,1785.88,1782.085,1794.41,1772.428,0,,,,,,,,
2055,2021,6.817000000000007,0.28137281204763176,1777.998,1767.135,1766.698,1781.875,1775.058,-1,7.7,1.1622414551855644,1.2263458999559764,1.2223852134370068,1.2864896582074186,0.0,0.0,1.0
2056,2021,8.992999999999938,0.37496835603260326,1771.788,1770.618,1783.828,1776.358,1767.365,-1,9.1,-0.3617257867230014,-1.830646058045155,-0.28466585121760957,-1.753586122539763,1.0,1.0,0.0
2057,2021,6.660000000000082,0.2729548149123996,1784.365,1778.155,1778.258,1787.635,1780.975,-1,8.266666666666667,0.42342342342340866,0.40795795795793355,0.4699699699699806,0.45450450450450547,0.0,0.0,0.0
2058,2021,6.533000000000129,0.2806848486894452,1783.208,1782.428,1784.768,1783.258,1776.725,1,7.0,-0.1270472983315339,0.2311342415429299,-0.11939384662482126,0.23878769324964252,1.0,1.0,0.0
2059,2021,7.150000000000091,0.3100328616249972,1788.508,1782.408,1785.568,1791.518,1784.368,1,10.616666666666667,-1.2741258741258756,-0.832167832167828,-1.1902097902097737,-0.748251748251726,1.0,1.0,0.0
2060,2021,4.962999999999965,0.21677695516390239,1783.888,1779.415,1775.988,1787.028,1782.065,1,8.1,-1.533951239169879,-2.224461011484997,-1.4392504533548416,-2.1297602256699597,1.0,1.0,0.0
2061,2021,8.277000000000044,0.3712955516179591,1773.468,1783.04,1782.148,1779.545,1771.268,-1,8.25,-1.4222544400144825,-1.3144859248519782,-1.339253352664006,-1.2314848375015017,1.0,1.0,0.0
2062,2021,5.787000000000035,0.28459222779181054,1784.339,1786.768,1787.678,1788.135,1782.348,1,11.683333333333334,-0.23621911180230754,-0.0789701054086534,-0.2280974598237305,-0.07084845343007638,1.0,1.0,0.0
2063,2021,4.460000000000036,0.23653396671705135,1788.018,1774.038,1772.098,1789.415,1784.955,-1,7.766666666666667,2.4477578475335937,2.8827354260089386,2.5464125560537845,2.9813901345291294,0.0,0.0,1.0
2064,2021,6.326999999999998,0.32910395357218497,1768.108,1766.038,1769.458,1773.755,1767.428,-1,7.066666666666666,0.21969337758813032,-0.3208471629524219,0.30030030030031474,-0.24024024024023743,0.0,0.0,1.0
2065,2021,9.5,0.45812622927667745,1784.698,1797.228,1796.858,1784.918,1775.418,1,7.033333333333333,1.2957894736842288,1.2568421052631635,1.316842105263157,1.2778947368420919,0.0,0.0,1.0
2066,2021,9.980000000000018,0.4994102298316484,1805.975,1804.448,1801.465,1807.128,1797.148,1,7.066666666666666,-0.2685370741482797,-0.567434869739479,-0.19408817635269485,-0.49298597194389415,0.0,0.0,0.0
2067,2021,5.1400000000001,0.2570826337036956,1802.038,1793.668,1790.355,1804.058,1798.918,-1,7.5,1.021400778210097,1.6659533073929393,1.0544747081711998,1.6990272373540423,0.0,0.0,1.0
2068,2021,4.579999999999927,0.24957185115989033,1790.869,1785.875,1788.075,1793.308,1788.728,1,7.883333333333334,-1.622925764192164,-1.1425764192139805,-1.5240174672489364,-1.043668122270753,1.0,1.0,1.0
2069,2021,4.143000000000029,0.23150979092992044,1787.608,1795.595,1803.565,1791.078,1786.935,-1,7.216666666666667,-2.0902727492155493,-4.013999517258024,-2.0123099203475574,-3.9360366883900317,1.0,1.0,0.0
2070,2021,5.349999999999909,0.3000344498834262,1805.675,1805.858,1809.185,1808.378,1803.028,1,13.533333333333333,-0.47102803738318216,0.15084112149533271,-0.3833644859813445,0.2385046728971704,1.0,1.0,0.0
2071,2021,5.25,0.304333964084452,1809.134,1812.655,1809.109,1811.764,1806.514,-1,8.633333333333333,-1.1697142857143004,-0.4942857142857195,-1.0982857142857287,-0.42285714285714804,1.0,1.0,0.0
2072,2021,6.930000000000064,0.4042567376122978,1814.894,1811.354,1806.884,1815.328,1808.398,1,7.0,-0.5734487734487584,-1.2184704184704016,-0.5108225108225009,-1.155844155844144,0.0,1.0,0.0
2073,2021,3.660000000000082,0.21382340790446072,1805.928,1799.775,1804.998,1807.578,1803.918,-1,8.0,1.1319672131146745,-0.2950819672131504,1.2139344262294767,-0.21311475409834843,0.0,0.0,1.0
2074,2021,8.383000000000038,0.48030874125731343,1798.168,1807.108,1815.035,1805.458,1797.075,-1,7.333333333333333,-1.1968269116068062,-2.142431110580932,-1.1630681140403143,-2.1086723130144405,1.0,1.0,0.0
2075,2021,4.566000000000031,0.2546468549575772,1818.048,1821.958,1827.208,1819.164,1814.598,1,7.033333333333333,0.6119141480508273,1.7617170389838024,0.6360052562417821,1.785808147174757,0.0,0.0,1.0
