j,year,w,w_atr,p_re,p16,p20,rh,rl,side,brk_min,ft16,ft20,move16_from_brkbar,move20_from_brkbar,other16,other20,hit1w_before_other
1,2014,22.830000000000155,,1222.01,1223.33,1225.36,1227.66,1204.83,1,7.016666666666667,-0.1896627244853318,-0.10074463425318293,-0.10337275514674163,-0.014454664914592746,0.0,0.0,0.0
2,2014,12.660000000000082,,1230.49,1235.81,1237.51,1235.89,1223.23,1,6.766666666666667,-0.006319115323866832,0.12796208530804742,0.003159557661924436,0.1374407582938387,0.0,0.0,0.0
3,2014,13.370000000000118,,1239.31,1241.7,1240.04,1246.18,1232.81,1,15.0,-0.335078534031412,-0.4592370979805569,-0.25056095736723105,-0.374719521316376,1.0,1.0,0.0
4,2014,6.7999999999999545,,1240.39,1226.03,1230.6,1243.68,1236.88,1,6.316666666666666,-2.5955882352941484,-1.9235294117647415,-2.560294117647088,-1.888235294117681,1.0,1.0,0.0
5,2014,4.810000000000173,,1227.15,1223.41,1223.01,1230.68,1225.87,-1,5.6,0.5114345114344534,0.5945945945945524,0.6569646569646032,0.7401247401247022,1.0,1.0,0.0
6,2014,3.7000000000000455,,1226.69,1226.44,1228.23,1227.82,1224.12,1,5.7,-0.3729729729729364,0.11081081081083158,-0.29189189189186865,0.19189189189189937,1.0,1.0,0.0
7,2014,7.599999999999909,,1233.08,1245.08,1244.85,1235.0,1227.4,1,5.75,1.3263157894736906,1.296052631578951,1.396052631578951,1.3657894736842113,0.0,0.0,1.0
8,2014,7.490000000000009,,1250.15,1248.74,1253.1,1254.86,1247.37,-1,8.766666666666667,-0.18291054739654428,-0.7650200267022712,-0.1415220293724892,-0.7236315086782161,0.0,0.0,0.0
9,2014,3.5900000000001455,,1251.82,1252.93,1242.83,1254.21,1250.62,-1,8.8,-0.6434540389972365,2.169916434540292,-0.437325905292507,2.3760445682450215,1.0,1.0,0.0
10,2014,5.110000000000127,,1238.96,1240.94,1238.75,1243.94,1238.83,-1,5.0,-0.4129158512720303,0.015655577299398288,-0.3874755381604636,0.041095890410965,0.0,0.0,0.0
11,2014,2.8999999999998636,,1241.82,1242.18,1241.79,1242.04,1239.14,1,5.8,0.048275862069002286,-0.0862068965517282,0.0793103448275962,-0.05517241379313427,1.0,1.0,0.0
12,2014,3.009999999999991,,1241.72,1249.39,1252.87,1244.08,1241.07,1,5.983333333333333,1.7641196013289664,2.920265780730894,1.8637873754153302,3.019933554817258,1.0,1.0,0.0
14,2014,4.259999999999991,,1252.81,1240.89,1242.61,1255.33,1251.07,-1,8.15,2.389671361502314,1.9859154929577592,2.509389671361467,2.105633802816912,0.0,0.0,1.0
15,2014,2.7100000000000364,0.18296682098765707,1242.56,1240.44,1239.53,1243.54,1240.83,-1,6.166666666666667,0.14391143911434223,0.4797047970479473,0.28782287822876834,0.6236162361623734,0.0,0.0,1.0
16,2014,5.519999999999982,0.4081115335868186,1235.21,1259.24,1263.72,1236.94,1231.42,1,6.966666666666667,4.039855072463773,4.85144927536233,4.125000000000011,4.936594202898567,0.0,0.0,1.0
17,2014,4.039999999999964,0.2740310077519363,1259.44,1266.31,1265.58,1262.73,1258.69,-1,7.033333333333333,-1.886138613861376,-1.7054455445544392,-1.8292079207920642,-1.6485148514851273,1.0,1.0,0.0
18,2014,5.8599999999999,0.3986394557823071,1270.79,1261.52,1252.45,1276.37,1270.51,-1,6.316666666666666,1.5341296928327923,3.081911262798678,1.568259385665565,3.116040955631451,0.0,0.0,1.0
19,2014,3.2100000000000364,0.21403057579654544,1257.31,1252.05,1251.51,1258.96,1255.75,1,5.4,-2.152647975077883,-2.32087227414329,-1.9657320872273751,-2.133956386292782,1.0,1.0,0.0
20,2014,2.300000000000182,0.1538976246236326,1253.04,1263.64,1265.44,1253.92,1251.62,1,6.066666666666666,4.226086956521417,5.008695652173509,4.295652173912751,5.0782608695648435,1.0,1.0,0.0
21,2014,6.490000000000009,0.4118580300077075,1262.63,1243.02,1244.62,1267.61,1261.12,-1,7.0,2.7889060092449744,2.5423728813559285,2.878274268104782,2.6317411402157367,0.0,0.0,1.0
22,2014,2.7800000000002,0.17004543865782462,1243.77,1244.21,1240.98,1244.65,1241.87,-1,7.183333333333334,-0.8417266187050277,0.3201438848920175,-0.7841726618704701,0.37769784172657517,1.0,1.0,1.0
23,2014,3.1399999999998727,0.18790339816199333,1244.56,1262.8,1257.18,1245.55,1242.41,1,5.45,5.49363057324863,3.7038216560511406,5.560509554140364,3.7707006369428746,1.0,1.0,0.0
24,2014,3.6399999999998727,0.20723028750355166,1256.68,1251.52,1253.9,1259.61,1255.97,1,6.216666666666667,-2.2225274725275277,-1.568681318681321,-2.2197802197802776,-1.5659340659340708,1.0,1.0,0.0
25,2014,3.1000000000001364,0.173759859070353,1253.89,1260.01,1259.12,1255.72,1252.62,1,8.016666666666667,1.3838709677418628,1.0967741935482949,1.480645161290231,1.193548387096663,1.0,1.0,1.0
26,2014,4.2000000000000455,0.22373577869944372,1256.42,1254.86,1257.27,1259.16,1254.96,1,8.433333333333334,-1.0238095238095561,-0.45000000000001894,-0.9309523809523904,-0.35714285714285327,1.0,1.0,1.0
27,2014,6.740000000000009,0.3631465517241395,1261.11,1263.55,1266.99,1262.81,1256.07,1,7.766666666666667,0.10979228486647004,0.6201780415430354,0.12166172106823965,0.632047477744805,0.0,0.0,1.0
28,2014,4.990000000000009,0.25822429215642884,1268.21,1274.54,1275.09,1270.01,1265.02,1,6.033333333333333,0.907815631262518,1.018036072144272,0.9679358717434706,1.078156312625225,0.0,0.0,1.0
29,2014,13.689999999999827,0.727390033777365,1283.04,1289.69,1291.79,1287.32,1273.63,1,13.0,0.17311906501096772,0.3265157048940894,0.1884587289992832,0.34185536888240486,0.0,0.0,0.0
30,2014,4.029999999999973,0.20465757399883816,1285.21,1293.54,1291.81,1287.91,1283.88,1,6.833333333333333,1.3970223325061837,0.9677419354838437,1.4367245657568246,1.0074441687344846,0.0,0.0,1.0
31,2014,4.209999999999809,0.23200157449319975,1289.46,1296.48,1300.4,1293.11,1288.9,-1,5.866666666666666,-1.8004750593824872,-2.7315914489312405,-1.7244655581948505,-2.6555819477436033,1.0,1.0,0.0
32,2014,7.379999999999882,0.40520825162757285,1305.7,1315.96,1319.73,1307.09,1299.71,1,6.683333333333334,1.201897018970225,1.7127371273713148,1.2520325203252245,1.7628726287263143,0.0,0.0,1.0
34,2014,8.809999999999945,0.48791487005023726,1321.45,1321.77,1323.46,1329.09,1320.28,-1,5.433333333333334,-0.1691259931895594,-0.36095346197503786,-0.12826333711689997,-0.32009080590237843,0.0,0.0,0.0
35,2014,7.410000000000082,0.41479408236705867,1315.21,1320.57,1315.03,1322.26,1314.85,-1,5.166666666666667,-0.7719298245613987,-0.024291497975716825,-0.7219973009446491,0.02564102564103272,0.0,0.0,0.0
36,2014,5.75,0.3440464997008298,1312.12,1315.43,1320.74,1314.33,1308.58,1,6.616666666666666,0.1913043478261107,1.1147826086956665,0.24000000000001898,1.1634782608695746,1.0,1.0,0.0
37,2014,4.660000000000082,0.27742813403640604,1317.47,1322.43,1324.1,1320.9,1316.24,-1,5.25,-1.328326180257499,-1.686695278969906,-1.199570815450654,-1.5579399141630608,1.0,1.0,0.0
38,2014,7.410000000000082,0.4670868977937929,1321.94,1336.58,1337.61,1326.03,1318.62,1,5.95,1.4237516869095599,1.56275303643722,1.3900134952766316,1.5290148448042917,0.0,0.0,1.0
39,2014,5.740000000000009,0.3513773502404909,1332.94,1339.55,1342.92,1337.96,1332.22,-1,10.716666666666667,-1.277003484320543,-1.8641114982578446,-1.1515679442508517,-1.7386759581881537,1.0,1.0,0.0
40,2014,4.240000000000009,0.2709017889740794,1340.05,1324.45,1328.94,1341.75,1337.51,1,5.75,-4.080188679245263,-3.02122641509432,-4.056603773584908,-2.9976415094339646,1.0,1.0,0.0
41,2014,5.910000000000082,0.3627992633517554,1327.36,1332.89,1329.15,1330.96,1325.05,-1,8.116666666666667,-1.3265651438240333,-0.6937394247039051,-1.2402707275803813,-0.6074450084602531,1.0,1.0,0.0
42,2014,5.350000000000136,0.33321469881663024,1329.18,1325.91,1324.4,1333.19,1327.84,-1,8.85,0.36074766355136206,0.6429906542055588,0.4224299065420436,0.7046728971962403,0.0,0.0,1.0
43,2014,8.570000000000164,0.5319677219118678,1341.79,1352.53,1351.18,1344.63,1336.06,1,7.116666666666666,0.9218203033838638,0.7642940490081481,0.963827304550739,0.8063010501750233,0.0,0.0,1.0
44,2014,4.310000000000173,0.25806175690703365,1350.34,1337.15,1336.49,1352.43,1348.12,-1,6.1,2.5452436194894106,2.6983758700694698,2.7238979118328395,2.8770301624128987,0.0,0.0,1.0
45,2014,5.060000000000173,0.29170269713816205,1336.35,1338.46,1337.36,1337.92,1332.86,-1,10.283333333333333,-1.106719367588922,-0.8893280632410764,-1.075098814229223,-0.8577075098813775,1.0,1.0,0.0
46,2014,3.5800000000001546,0.21294132642223854,1337.08,1345.16,1350.81,1338.92,1335.34,-1,6.083333333333333,-2.7430167597764634,-4.32122905027915,-2.6899441340781265,-4.2681564245808135,1.0,1.0,1.0
47,2014,3.6900000000000546,0.21848170860647434,1350.22,1334.38,1338.51,1351.17,1347.48,1,5.3,-4.550135501354936,-3.430894308943061,-4.495934959349505,-3.3766937669376293,1.0,1.0,0.0
48,2014,10.389999999999873,0.587100419761053,1333.14,1341.47,1339.67,1338.31,1327.92,1,11.733333333333333,0.3041385948027065,0.1308950914340851,0.3214629451395533,0.1482194417709319,0.0,0.0,0.0
49,2014,6.0,0.33910621291025855,1341.76,1339.32,1346.89,1343.75,1337.75,1,8.0,-0.7383333333333439,0.52333333333335,-0.6650000000000015,0.5966666666666924,1.0,1.0,1.0
50,2014,14.200000000000045,0.7985860046597605,1356.99,1365.27,1367.05,1359.47,1345.27,1,6.466666666666667,0.4084507042253476,0.5338028169014016,0.4408450704225332,0.5661971830985871,0.0,0.0,0.0
51,2014,9.529999999999973,0.5195280557610671,1372.87,1370.0,1371.48,1374.31,1364.78,1,5.383333333333334,-0.45225603357816974,-0.2969569779643164,-0.4176285414480619,-0.2623294858342085,1.0,1.0,0.0
52,2014,6.810000000000173,0.37413177412393506,1370.47,1374.9,1381.03,1376.4,1369.59,-1,5.366666666666666,-0.7797356828193889,-1.679882525697469,-0.7444933920704897,-1.64464023494857,1.0,1.0,0.0
53,2014,9.160000000000082,0.5036525017673438,1383.77,1375.92,1365.91,1388.39,1379.23,-1,8.8,0.36135371179038384,1.4541484716157005,0.5360262008733417,1.6288209606986586,0.0,0.0,1.0
54,2014,10.019999999999982,0.5217197262719412,1360.94,1357.08,1354.98,1367.44,1357.42,-1,11.666666666666666,0.0339321357285575,0.2435129740519021,0.04391217564870812,0.2534930139720527,0.0,0.0,0.0
55,2014,6.690000000000055,0.3566641279512588,1353.83,1341.02,1328.85,1359.52,1352.83,-1,7.133333333333334,1.7653213751868235,3.5844544095664905,1.8535127055306413,3.6726457399103083,0.0,0.0,1.0
56,2014,6.4699999999998,0.31876407657656614,1333.51,1331.27,1326.95,1333.86,1327.39,1,7.616666666666666,-0.4003091190108189,-1.068006182380227,-0.3570324574961386,-1.0247295208655467,1.0,1.0,0.0
57,2014,5.0,0.245769257776841,1330.45,1335.79,1333.0,1335.05,1330.05,-1,7.516666666666667,-1.148000000000002,-0.5900000000000091,-0.9980000000000018,-0.4400000000000091,1.0,1.0,0.0
58,2014,9.470000000000027,0.4914556844719578,1327.24,1310.52,1309.38,1334.15,1324.68,-1,7.033333333333333,1.4952481520591385,1.6156282998943938,1.5036958817317811,1.6240760295670367,0.0,0.0,1.0
59,2014,4.6599999999998545,0.2369864506520317,1313.97,1311.96,1311.61,1314.04,1309.38,1,5.0,-0.4463519313304704,-0.5214592274678411,-0.4313304721030158,-0.5064377682403864,1.0,1.0,0.0
60,2014,6.039999999999964,0.3043806918397441,1312.86,1303.28,1301.19,1315.3,1309.26,1,6.383333333333334,-1.9900662251655719,-2.3360927152317856,-1.9337748344371082,-2.279801324503322,1.0,1.0,0.0
61,2014,4.100000000000136,0.21025641025641673,1303.09,1295.7,1292.51,1306.68,1302.58,-1,5.05,1.6780487804877202,2.4560975609755125,1.795121951219428,2.5731707317072203,0.0,0.0,1.0
62,2014,2.8400000000001455,0.14958615500376954,1293.69,1290.69,1292.62,1294.7,1291.86,1,5.883333333333334,-1.41197183098584,-0.7323943661972,-1.3204225352112,-0.64084507042256,1.0,1.0,1.0
63,2014,3.519999999999982,0.18784783105892974,1295.77,1291.55,1283.62,1298.41,1294.89,-1,7.633333333333334,0.9488636363636826,3.2017045454546214,0.9659090909091217,3.2187500000000604,0.0,0.0,1.0
64,2014,7.8400000000001455,0.4162937115982773,1284.68,1279.31,1278.63,1285.4,1277.56,1,6.9,-0.7767857142857184,-0.8635204081632469,-0.7193877551020402,-0.8061224489795688,0.0,0.0,0.0
65,2014,3.4300000000000637,0.19324721316753513,1282.3,1291.86,1290.05,1283.79,1280.36,1,6.983333333333333,2.3527696793002293,1.8250728862973395,2.495626822157372,1.9679300291544823,0.0,0.0,1.0
66,2014,2.5299999999999727,0.14051652318800145,1291.87,1285.93,1285.98,1292.73,1290.2,1,6.3,-2.6877470355731337,-2.6679841897233487,-2.573122529644293,-2.5533596837945085,1.0,1.0,0.0
67,2014,3.0,0.1718845917740941,1285.84,1299.19,1302.64,1287.08,1284.08,1,6.0,4.036666666666709,5.186666666666724,4.030000000000048,5.180000000000064,0.0,0.0,1.0
68,2014,3.3599999999999,0.19578789644551114,1302.52,1300.3,1297.56,1304.02,1300.66,-1,7.2,0.10714285714289823,0.9226190476191157,0.21130952380954093,1.0267857142857584,0.0,0.0,1.0
69,2014,4.650000000000091,0.28067603690610154,1300.84,1308.6,1308.95,1301.47,1296.82,1,6.516666666666667,1.533333333333278,1.608602150537607,1.5655913978494258,1.6408602150537548,0.0,0.0,1.0
70,2014,5.75,0.373601893535062,1311.66,1306.11,1309.5,1313.84,1308.09,-1,12.166666666666666,0.3443478260869597,-0.24521739130436207,0.3808695652174008,-0.20869565217392094,0.0,1.0,1.0
71,2014,6.779999999999973,0.4404435989049205,1315.48,1320.06,1319.45,1317.43,1310.65,1,7.3,0.3879056047197481,0.2979351032448363,0.4808259587020655,0.39085545722715365,0.0,0.0,1.0
72,2014,4.080000000000155,0.2645546755592705,1319.78,1316.35,1318.7,1320.41,1316.33,1,5.383333333333334,-0.995098039215691,-0.41911764705881654,-0.9191176470587887,-0.3431372549019143,1.0,1.0,0.0
73,2014,4.680000000000064,0.329610624811353,1326.53,1329.14,1326.18,1328.95,1324.27,1,7.5,0.04059829059830171,-0.5918803418803299,0.34401709401711655,-0.2884615384615151,1.0,1.0,0.0
74,2014,8.0300000000002,0.5620437956204508,1321.0,1302.18,1302.26,1326.88,1318.85,-1,7.333333333333333,2.07596513075958,2.0660024906599634,2.1257783312577225,2.1158156911581054,0.0,0.0,1.0
75,2014,8.150000000000091,0.5091249832671504,1299.06,1299.71,1302.61,1303.74,1295.59,-1,7.366666666666666,-0.5055214723926469,-0.8613496932515219,-0.40245398773005353,-0.7582822085889285,1.0,1.0,0.0
76,2014,3.589999999999918,0.2286416158675226,1300.93,1298.81,1295.44,1303.97,1300.38,-1,5.833333333333333,0.4373259052925347,1.3760445682451719,0.44568245125353007,1.3844011142061674,0.0,0.0,1.0
77,2014,19.700000000000045,1.2669974274163922,1286.04,1286.92,1289.11,1301.5,1281.8,0,,,,,,,,
78,2014,4.789999999999964,0.3030549530007205,1287.32,1281.69,1282.76,1290.46,1285.67,1,6.933333333333334,-1.8308977035490706,-1.6075156576200635,-1.7933194154488483,-1.569937369519841,1.0,1.0,0.0
79,2014,4.429999999999836,0.2726753132556502,1284.31,1282.81,1284.34,1287.08,1282.65,-1,7.716666666666667,-0.036117381489810474,-0.3814898419864311,0.0609480812641065,-0.2844243792325141,1.0,1.0,0.0
80,2014,3.980000000000018,0.25159163769359394,1286.32,1289.7,1291.67,1286.98,1283.0,-1,8.833333333333334,-1.6834170854271393,-2.1783919597990034,-1.3668341708542788,-1.8618090452261427,1.0,1.0,1.0
81,2014,3.490000000000009,0.20416179174327317,1291.52,1301.61,1301.4,1294.39,1290.9,-1,7.916666666666667,-3.068767908309393,-3.008595988538674,-2.985673352435478,-2.9255014326647593,1.0,1.0,0.0
82,2014,3.7100000000000364,0.22440162447075304,1303.96,1293.78,1298.04,1306.32,1302.61,-1,6.55,2.380053908355752,1.2318059299191082,2.460916442048523,1.3126684636118788,0.0,0.0,1.0
83,2014,3.0499999999999545,0.17985005475528323,1294.82,1298.7,1295.38,1296.58,1293.53,-1,6.083333333333333,-1.6950819672131638,-0.6065573770492341,-1.4721311475410086,-0.38360655737707877,1.0,1.0,1.0
84,2014,3.259999999999991,0.19411364409663107,1293.59,1292.62,1292.11,1296.3,1293.04,-1,6.95,0.12883435582824354,0.28527607361965224,0.23619631901846974,0.3926380368098784,1.0,1.0,1.0
85,2014,4.599999999999909,0.27517839593214005,1289.1,1280.62,1284.19,1292.76,1288.16,-1,5.983333333333333,1.6391304347826827,0.8630434782608926,1.6652173913043986,0.8891304347826084,0.0,0.0,1.0
86,2014,2.9600000000000364,0.17567510280215565,1283.53,1294.96,1299.78,1284.43,1281.47,-1,7.1,-4.557432432432379,-6.185810810810716,-4.45945945945942,-6.087837837837757,1.0,1.0,0.0
87,2014,9.490000000000009,0.5174683544303799,1305.03,1310.94,1309.28,1309.31,1299.82,1,8.916666666666666,0.1717597471022242,-0.0031612223393016527,0.26238145416227676,0.08746048472075094,0.0,0.0,0.0
88,2014,4.240000000000009,0.22852743022136698,1309.0,1308.52,1307.31,1312.1,1307.86,1,8.15,-0.8443396226414904,-1.1297169811320644,-0.7122641509433905,-0.9976415094339645,1.0,1.0,0.0
89,2014,6.5499999999999545,0.4027582572030887,1311.17,1297.27,1290.06,1313.43,1306.88,1,9.05,-2.4671755725191136,-3.5679389312977525,-2.400000000000021,-3.50076335877866,1.0,1.0,0.0
90,2014,4.920000000000073,0.2844752818733776,1290.17,1288.63,1290.43,1292.2,1287.28,1,7.75,-0.7256097560975373,-0.3597560975609666,-0.6402439024389872,-0.2743902439024165,1.0,1.0,0.0
91,2014,3.1400000000001,0.1819461115020129,1291.34,1289.31,1286.51,1291.4,1288.26,1,5.0,-0.6656050955414264,-1.5573248407643134,-0.6464968152865949,-1.538216560509482,1.0,1.0,0.0
92,2014,10.420000000000073,0.6321171678655029,1291.17,1297.58,1296.02,1291.52,1281.1,1,5.0,0.5815738963531577,0.43186180422264575,0.6151631477926881,0.4654510556621761,0.0,0.0,1.0
93,2014,5.819999999999936,0.34401519949334564,1293.01,1298.05,1293.28,1298.47,1292.65,-1,5.0,-0.9278350515463785,-0.10824742268039324,-0.8659793814433022,-0.046391752577316966,0.0,1.0,0.0
94,2014,4.269999999999982,0.2507129676228804,1295.3,1304.45,1305.04,1295.66,1291.39,1,8.016666666666667,2.058548009367682,2.1967213114753914,2.1217798594847737,2.2599531615924837,0.0,0.0,1.0
95,2014,3.240000000000009,0.20092133238837723,1304.5,1300.64,1295.71,1306.97,1303.73,-1,5.5,0.9537037037036757,2.475308641975296,0.793209876543188,2.314814814814808,0.0,0.0,1.0
96,2014,2.759999999999991,0.16993579030697428,1297.15,1294.71,1292.06,1297.28,1294.52,1,5.016666666666667,-0.9311594202898351,-1.8913043478261031,-0.8695652173912578,-1.8297101449275257,1.0,1.0,0.0
97,2014,5.720000000000027,0.35857251600770307,1295.12,1299.33,1293.67,1296.41,1290.69,1,7.033333333333333,0.510489510489481,-0.47902097902097834,0.6573426573426526,-0.3321678321678067,0.0,0.0,1.0
98,2014,3.769999999999982,0.2369366133955813,1293.65,1293.83,1294.72,1294.62,1290.85,-1,7.45,-0.7904509283819715,-1.0265251989390283,-0.5066312997347119,-0.7427055702917688,1.0,1.0,1.0
99,2014,3.0399999999999636,0.1929721151666264,1295.91,1289.88,1290.63,1296.08,1293.04,-1,7.85,1.0394736842104908,0.7927631578946984,1.1546052631579056,0.9078947368421131,0.0,0.0,1.0
100,2014,2.869999999999891,0.18443883406012598,1291.91,1297.74,1294.71,1292.79,1289.92,1,6.516666666666667,1.7247386759582697,0.6689895470383783,1.7526132404181756,0.6968641114982843,0.0,0.0,1.0
101,2014,2.3299999999999272,0.1623531753931864,1294.97,1293.6,1292.54,1295.35,1293.02,-1,9.6,-0.248927038626586,0.20600858369100136,-0.21888412017167674,0.2360515021459106,0.0,0.0,1.0
103,2014,2.1800000000000637,0.1629732471832166,1291.56,1268.45,1266.72,1293.21,1291.03,-1,5.433333333333334,10.357798165137279,11.15137614678864,10.362385321100577,11.155963302751939,0.0,0.0,1.0
104,2014,4.430000000000064,0.32778394376619074,1263.99,1258.07,1258.17,1265.18,1260.75,1,7.7,-1.604966139954859,-1.5823927765236772,-1.5575620767494338,-1.534988713318252,1.0,1.0,0.0
105,2014,3.8900000000001,0.286526016730686,1259.09,1256.07,1255.33,1259.39,1255.5,1,5.0,-0.853470437018015,-1.0437017994858788,-0.7763496143958623,-0.966580976863726,1.0,1.0,0.0
106,2014,4.839999999999918,0.3562940372278841,1257.35,1246.56,1246.52,1260.22,1255.38,-1,9.066666666666666,1.8223140495868415,1.8305785123967515,1.9690082644628375,1.9772727272727475,0.0,0.0,1.0
107,2014,2.1389999999998963,0.1611906556141599,1247.504,1245.273,1243.184,1248.562,1246.423,-1,5.75,0.5376344086022191,1.5142589995325806,0.5979429640018973,1.5745675549322586,1.0,1.0,1.0
108,2014,3.7490000000000236,0.2823877545530383,1242.97,1245.15,1245.32,1245.369,1241.62,1,6.766666666666667,-0.05841557748728252,-0.013070152040538241,0.07468658308887659,0.12003200853562086,1.0,1.0,0.0
109,2014,3.1900000000000546,0.2545527088261326,1245.25,1244.79,1243.74,1246.7,1243.51,1,6.766666666666667,-0.5987460815047176,-0.9278996865203717,-0.454545454545461,-0.7836990595611151,1.0,1.0,0.0
110,2014,2.8899999999998727,0.244567352736714,1243.84,1254.1,1253.01,1244.61,1241.72,1,6.95,3.283737024221601,2.9065743944638274,3.259515570934346,2.8823529411765723,1.0,1.0,0.0
111,2014,2.1800000000000637,0.1780370424383896,1253.29,1250.79,1252.53,1254.79,1252.61,1,6.066666666666666,-1.8348623853210473,-1.0366972477063876,-1.6605504587156021,-0.8623853211009423,1.0,1.0,0.0
112,2014,2.6599999999998545,0.2206357199988032,1252.84,1253.0,1253.79,1254.08,1251.42,1,7.516666666666667,-0.40601503759397983,-0.10902255639096974,-0.22180451127817685,0.07518796992483325,0.0,0.0,1.0
113,2014,4.449999999999818,0.38142467933999213,1254.1,1260.04,1259.95,1254.6,1250.15,1,6.333333333333333,1.2224719101124217,1.2022471910113157,1.2337078651685918,1.2134831460674858,0.0,0.0,1.0
114,2014,3.6000000000001364,0.3078708652759659,1261.81,1261.55,1259.84,1262.45,1258.85,1,10.0,-0.25000000000001577,-0.7250000000000079,-0.2,-0.674999999999992,0.0,1.0,0.0
115,2014,1.9200000000000728,0.17154344427072382,1261.07,1272.12,1273.46,1261.67,1259.75,1,7.733333333333333,5.442708333333032,6.140624999999749,5.437499999999704,6.13541666666642,0.0,0.0,1.0
116,2014,3.5700000000001637,0.30697417314130976,1272.46,1274.72,1275.74,1275.39,1271.82,-1,6.533333333333333,-0.812324929971977,-1.0980392156862446,-0.7619047619047347,-1.0476190476190022,1.0,1.0,0.0
117,2014,5.579999999999927,0.468331285033416,1281.34,1274.34,1273.14,1282.73,1277.15,1,5.983333333333333,-1.5035842293907185,-1.718637992831549,-1.4784946236559333,-1.6935483870967636,1.0,1.0,0.0
118,2014,5.869999999999891,0.5435724443562424,1268.26,1270.26,1270.49,1273.11,1267.24,-1,5.466666666666667,-0.5144804088586096,-0.5536626916524805,-0.471890971039188,-0.5110732538330589,0.0,0.0,1.0
119,2014,4.189999999999827,0.3795903840553767,1267.53,1270.56,1272.84,1271.35,1267.16,-1,5.2,-0.8114558472553708,-1.3556085918854583,-0.7732696897375042,-1.3174224343675918,1.0,1.0,0.0
120,2014,3.5299999999999727,0.3131117939620469,1277.25,1297.58,1320.97,1279.34,1275.81,1,7.616666666666666,5.167138810198343,11.793201133144597,5.2209631728045265,11.847025495750781,0.0,0.0,1.0
121,2014,8.990000000000009,0.6775226764998808,1312.97,1315.01,1315.19,1319.56,1310.57,-1,8.016666666666667,-0.49388209121246385,-0.5139043381535165,-0.4682981090100147,-0.4883203559510674,1.0,1.0,0.0
122,2014,4.069999999999936,0.30097189942953306,1312.38,1315.36,1315.8,1314.02,1309.95,1,6.616666666666666,0.32923832923831425,0.43734643734643747,0.3341523341523148,0.442260442260438,1.0,1.0,0.0
123,2014,4.079999999999927,0.2994181475074648,1315.48,1319.29,1320.57,1317.76,1313.68,1,9.366666666666667,0.375,0.6887254901960773,0.4117647058823759,0.7254901960784532,0.0,0.0,1.0
124,2014,10.009999999999991,0.712636664124079,1312.44,1318.58,1320.03,1319.42,1309.41,1,13.5,-0.08391608391609853,0.060939060939051,-0.014985014985024084,0.12987012987012544,0.0,0.0,0.0
125,2014,3.7399999999997817,0.2678123881131247,1316.62,1314.7,1315.47,1319.62,1315.88,-1,6.366666666666666,0.3155080213904098,0.10962566844922615,0.358288770053475,0.15240641711229133,0.0,0.0,1.0
126,2014,3.8199999999999363,0.2712105076322289,1317.97,1319.13,1318.86,1319.31,1315.49,1,5.333333333333333,-0.04712041884812547,-0.11780104712043271,0.0785340314136615,0.007853403141354244,1.0,1.0,0.0
127,2014,2.660000000000082,0.18496994983361248,1315.93,1317.94,1327.37,1316.5,1313.84,1,5.416666666666667,0.5413533834586505,4.086466165413367,0.5939849624060549,4.139097744360772,1.0,1.0,0.0
128,2014,8.519999999999982,0.5756756756756756,1327.04,1328.93,1328.01,1333.48,1324.96,-1,7.966666666666667,-0.46596244131455816,-0.35798122065727245,-0.44366197183098366,-0.3356807511736979,0.0,0.0,0.0
129,2014,2.369999999999891,0.15765466121827665,1326.34,1329.48,1328.45,1326.53,1324.16,1,5.216666666666667,1.244725738396701,0.8101265822785491,1.3164556962026421,0.8818565400844902,1.0,1.0,0.0
130,2014,4.710000000000036,0.3197556008146671,1322.75,1320.87,1319.36,1327.39,1322.68,-1,5.0,0.3842887473461059,0.7048832271762501,0.39915074309980775,0.719745222929952,0.0,0.0,1.0
132,2014,3.6900000000000546,0.24897585425804072,1316.57,1315.01,1317.52,1319.0,1315.31,-1,6.5,0.08130081300811655,-0.5989159891598926,0.13550135501354812,-0.5447154471544611,0.0,0.0,1.0
133,2014,2.990000000000009,0.2074536624046002,1317.18,1315.25,1317.52,1320.14,1317.15,-1,5.0,0.6354515050167509,-0.12374581939795644,0.6454849498327953,-0.11371237458191208,1.0,1.0,0.0
134,2014,5.629999999999882,0.3924126257094418,1323.3,1324.71,1330.49,1323.33,1317.7,1,5.0,0.24511545293075276,1.271758436944979,0.25044404973358997,1.2770870337478162,0.0,0.0,1.0
135,2014,4.870000000000118,0.4030503665169177,1329.29,1337.92,1336.89,1331.24,1326.37,1,10.0,1.3716632443531624,1.1601642710472184,1.577002053388065,1.365503080082121,0.0,0.0,1.0
136,2014,3.6900000000000546,0.29623258214347614,1337.89,1335.72,1337.45,1338.71,1335.02,-1,9.15,-0.18970189701897971,-0.6585365853658611,-0.07859078590784806,-0.5474254742547295,1.0,1.0,0.0
137,2014,7.910000000000082,0.6462418300653665,1332.88,1308.35,1305.75,1338.9,1330.99,-1,6.0,2.8621997471554823,3.1908975979772123,2.8394437420985845,3.1681415929203145,0.0,0.0,1.0
138,2014,3.619999999999891,0.259817492053719,1307.41,1296.02,1293.97,1309.29,1305.67,1,6.7,-3.6657458563536967,-4.232044198895138,-3.5359116022100388,-4.10220994475148,1.0,1.0,1.0
139,2014,3.2100000000000364,0.22321561615258767,1296.25,1302.6,1299.12,1297.18,1293.97,1,6.5,1.6884735202491539,0.6043613707164502,1.8130841121494923,0.7289719626167886,0.0,0.0,1.0
140,2014,5.610000000000127,0.397993311036798,1302.95,1302.56,1316.28,1303.13,1297.52,1,5.133333333333334,-0.10160427807489318,2.344028520499031,-0.09803921568626418,2.34759358288766,0.0,0.0,1.0
141,2014,7.130000000000109,0.46477627229129503,1315.89,1306.53,1310.06,1321.9,1314.77,-1,5.316666666666666,1.1556802244039106,0.6605890603085504,1.221598877980351,0.7265077138849908,0.0,0.0,1.0
142,2014,4.829999999999927,0.31725626348878144,1310.91,1312.53,1313.46,1312.05,1307.22,1,5.0,0.0993788819875829,0.2919254658385307,0.335403726708057,0.5279503105590048,0.0,0.0,1.0
143,2014,2.3899999999998727,0.1561581182619974,1311.87,1305.85,1305.97,1313.08,1310.69,-1,5.466666666666667,2.025104602510629,1.9748953974896564,2.033472803347442,1.9832635983264693,1.0,1.0,1.0
144,2014,3.4400000000000546,0.22151694954234233,1307.33,1306.57,1304.79,1308.68,1305.24,-1,7.016666666666667,-0.3866279069767169,0.13081395348838323,-0.30523255813951683,0.21220930232558333,1.0,1.0,0.0
145,2014,8.75,0.5904752723416555,1297.43,1291.44,1291.83,1304.88,1296.13,-1,6.216666666666667,0.5360000000000062,0.4914285714285922,0.5394285714285746,0.49485714285716054,0.0,0.0,0.0
146,2014,2.5699999999999363,0.16330050378976557,1291.2,1294.95,1302.27,1293.33,1290.76,1,7.116666666666666,0.6303501945525908,3.478599221789991,0.8287937743191292,3.677042801556529,0.0,0.0,1.0
147,2014,6.740000000000009,0.41190850357953496,1305.35,1304.45,1304.08,1307.93,1301.19,1,5.666666666666667,-0.51632047477745,-0.5712166172107019,-0.49554896142431953,-0.5504451038575714,0.0,0.0,0.0
148,2014,2.7899999999999636,0.17318435754189684,1305.68,1298.22,1299.85,1306.44,1303.65,1,8.166666666666666,-2.946236559139833,-2.3620071684588644,-2.795698924731203,-2.211469534050234,1.0,1.0,1.0
149,2014,2.1699999999998454,0.13370890365739965,1299.11,1294.54,1295.44,1300.07,1297.9,-1,10.4,1.5483870967743625,1.1336405529954892,1.695852534562362,1.2811059907834887,1.0,1.0,1.0
150,2014,2.5299999999999727,0.16057666152869524,1294.22,1286.89,1282.1,1296.55,1294.02,-1,5.25,2.818181818181802,4.711462450592965,2.853754940711414,4.747035573122577,1.0,1.0,1.0
151,2014,2.1000000000001364,0.1270033262776011,1283.36,1294.78,1293.7,1284.15,1282.05,1,6.783333333333333,5.061904761904377,4.54761904761873,5.128571428571087,4.61428571428544,1.0,1.0,0.0
152,2014,2.6799999999998363,0.17663120233498586,1292.47,1291.27,1287.24,1294.06,1291.38,-1,6.0,0.041044776119453,1.5447761194031169,0.08208955223882117,1.5858208955224848,1.0,1.0,0.0
153,2014,2.240000000000009,0.15670597641415204,1288.83,1284.89,1290.22,1289.36,1287.12,1,5.7,-1.995535714285617,0.3839285714286267,-1.9910714285713351,0.38839285714290833,1.0,1.0,1.0
154,2014,3.1599999999998545,0.21897737959707925,1289.85,1308.27,1307.95,1290.62,1287.46,1,6.6,5.5854430379749695,5.484177215190175,5.604430379747105,5.50316455696231,0.0,0.0,1.0
155,2014,2.3300000000001546,0.16575203252033605,1306.36,1306.15,1313.15,1307.9,1305.57,1,8.15,-0.7510729613733407,2.253218884120022,-0.4678111587982171,2.5364806866951457,1.0,1.0,0.0
156,2014,8.299999999999955,0.6059973924380664,1316.53,1311.46,1310.44,1316.82,1308.52,1,5.0,-0.645783132530112,-0.7686746987951707,-0.6108433734939716,-0.7337349397590303,1.0,1.0,0.0
157,2014,6.259999999999991,0.44293945213787433,1306.74,1306.66,1308.43,1311.29,1305.03,0,,,,,,,,
158,2014,2.980000000000018,0.2192327903310576,1306.14,1314.76,1309.87,1309.03,1306.05,-1,5.1,-2.922818791946303,-1.2818791946308432,-2.909395973154369,-1.2684563758389094,1.0,1.0,0.0
159,2014,1.6700000000000728,0.12032938754503858,1309.13,1314.0,1312.22,1309.41,1307.74,1,6.883333333333334,2.7485029940118073,1.682634730538816,2.7664670658680777,1.7005988023950864,1.0,1.0,1.0
160,2014,3.2899999999999636,0.24624431970061214,1313.51,1312.96,1313.33,1313.74,1310.45,1,5.75,-0.23708206686929523,-0.12462006079029982,-0.24012158054710406,-0.12765957446810863,1.0,1.0,1.0
161,2014,2.0799999999999272,0.16173285198555395,1311.8,1302.72,1304.5,1313.1,1311.02,1,6.6,-4.990384615384733,-4.134615384615485,-4.899038461538659,-4.043269230769411,1.0,1.0,0.0
162,2014,5.399999999999864,0.38817005545285527,1300.57,1298.37,1298.97,1302.59,1297.19,1,10.0,-0.7814814814815063,-0.6703703703703671,-0.7166666666667066,-0.6055555555555675,1.0,1.0,0.0
163,2014,2.6700000000000728,0.19903093551994586,1299.9,1295.23,1294.87,1300.0,1297.33,1,5.0,-1.7865168539325287,-1.92134831460673,-1.7490636704119646,-1.883895131086166,1.0,1.0,0.0
164,2014,2.6100000000001273,0.1981346925496246,1295.11,1293.29,1290.01,1296.65,1294.04,-1,8.716666666666667,0.28735632183906645,1.5440613026819066,0.4482758620689715,1.7049808429118116,1.0,1.0,0.0
165,2014,5.970000000000027,0.4691815426069409,1286.85,1278.31,1276.06,1290.8,1284.83,-1,6.566666666666666,1.0921273031825716,1.4690117252931225,1.120603015075381,1.497487437185932,0.0,0.0,1.0
166,2014,2.8299999999999272,0.22074882995319273,1279.04,1277.21,1280.15,1279.11,1276.28,1,5.0,-0.6713780918727605,0.36749116607781546,-0.646643109540627,0.39222614840994907,1.0,1.0,1.0
168,2014,4.730000000000018,0.3804653835104876,1279.01,1283.59,1283.95,1280.03,1275.3,1,5.45,0.7526427061310638,0.8287526427061432,0.7526427061310638,0.8287526427061432,0.0,0.0,1.0
169,2014,4.470000000000027,0.3731663685152084,1283.62,1282.75,1282.49,1284.47,1280.0,1,7.416666666666667,-0.38478747203579794,-0.44295302013422955,-0.37807606263983096,-0.43624161073826256,0.0,0.0,0.0
170,2014,3.7200000000000273,0.3205514864282664,1285.65,1288.75,1289.85,1286.41,1282.69,1,6.2,0.6290322580644895,0.9247311827956457,0.6344086021505061,0.9301075268816623,0.0,0.0,1.0
171,2014,3.019999999999982,0.2658617870841968,1289.99,1289.02,1286.7,1290.97,1287.95,-1,5.983333333333333,-0.35430463576157045,0.4139072847682144,-0.27814569536421296,0.4900662251655719,1.0,1.0,1.0
173,2014,6.370000000000118,0.5803344829830278,1281.22,1263.79,1264.59,1287.44,1281.07,-1,5.0,2.712715855572944,2.5871271585556848,2.7362637362636955,2.6106750392464364,0.0,0.0,1.0
174,2014,3.380000000000109,0.28048129927094767,1265.88,1267.21,1269.91,1267.74,1264.36,1,6.116666666666666,-0.15680473372779752,0.6420118343195275,0.0,0.7988165680473249,1.0,1.0,0.0
175,2014,5.160000000000082,0.4295397788084268,1272.33,1269.0,1263.84,1273.25,1268.09,1,12.783333333333333,-0.8236434108527001,-1.8236434108527002,-0.6472868217054002,-1.6472868217054002,1.0,1.0,0.0
176,2014,6.869999999999891,0.5807971014492664,1262.92,1265.71,1266.86,1264.02,1257.15,1,6.933333333333334,0.24599708879186047,0.41339155749635564,0.25909752547307147,0.42649199417756667,0.0,0.0,1.0
177,2014,5.729999999999791,0.46399444733644013,1270.79,1257.14,1254.74,1271.62,1265.89,-1,11.716666666666667,1.5270506108203001,1.9458987783595982,1.5532286212914814,1.9720767888307795,0.0,0.0,1.0
178,2014,4.089999999999918,0.3100498158977632,1255.33,1254.92,1249.61,1258.0,1253.91,-1,5.816666666666666,-0.24694376528117631,1.0513447432763492,-0.19315403422982383,1.1051344743277016,0.0,0.0,1.0
179,2014,3.9500000000000455,0.2986283615941283,1256.64,1249.3,1247.93,1257.45,1253.5,1,7.566666666666666,-2.063291139240506,-2.4101265822784486,-2.0101265822784717,-2.356962025316415,1.0,1.0,0.0
180,2014,2.8200000000001637,0.21808540020992292,1248.63,1239.24,1238.78,1249.93,1247.11,-1,5.8,2.7907801418437708,2.9539007092196607,2.8510638297870554,3.0141843971629454,1.0,1.0,0.0
181,2014,9.38000000000011,0.7007844602166691,1234.1,1228.52,1228.57,1241.44,1232.06,-1,15.016666666666667,0.3773987206822945,0.37206823027718217,0.5202558635394512,0.5149253731343388,0.0,0.0,0.0
182,2014,8.680000000000064,0.6235632183908095,1233.62,1233.02,1233.24,1234.78,1226.1,1,7.566666666666666,-0.2027649769585228,-0.1774193548387042,-0.044930875576048065,-0.019585253456229437,0.0,0.0,0.0
183,2014,5.899999999999864,0.4309040638530866,1236.59,1232.77,1236.41,1238.3,1232.4,1,9.666666666666666,-0.9372881355932374,-0.3203389830508333,-0.8186440677966168,-0.20169491525421265,1.0,1.0,0.0
184,2014,3.8299999999999272,0.27544048903271734,1236.57,1235.8,1231.0,1238.07,1234.24,1,7.433333333333334,-0.592689295039171,-1.8459530026109845,-0.5613577023499039,-1.8146214099217173,0.0,1.0,0.0
185,2014,6.769999999999982,0.46385748544021815,1223.0,1225.54,1226.11,1223.8,1217.03,1,6.283333333333333,0.25701624815362095,0.3412112259970386,0.31905465288033386,0.4032496307237516,1.0,1.0,0.0
186,2014,10.330000000000155,0.6939206372055192,1227.96,1217.05,1215.33,1228.45,1218.12,-1,15.316666666666666,0.1035818005808248,0.2700871248789857,0.24878993223619533,0.41529525653435617,0.0,0.0,0.0
187,2014,9.670000000000073,0.620383099624237,1213.1,1213.37,1216.89,1217.77,1208.1,0,,,,,,,,
188,2014,4.970000000000027,0.33900121802679845,1217.99,1221.77,1224.37,1219.07,1214.1,1,5.583333333333333,0.5432595573440705,1.0663983903420373,0.6116700201207137,1.1348088531186804,0.0,0.0,1.0
189,2014,3.7799999999999727,0.24447934953339928,1223.23,1220.07,1218.05,1223.95,1220.17,1,6.216666666666667,-1.0264550264550627,-1.5608465608465962,-1.0052910052910005,-1.539682539682534,1.0,1.0,0.0
190,2014,4.319999999999936,0.29235751921496145,1214.58,1220.77,1222.16,1216.74,1212.42,-1,6.966666666666667,-1.9328703703703778,-2.254629629629665,-1.8194444444444482,-2.1412037037037353,1.0,1.0,1.0
191,2014,6.480000000000018,0.4361119123161243,1223.54,1215.17,1214.72,1228.26,1221.78,-1,6.183333333333334,1.0200617283950435,1.0895061728394948,1.032407407407378,1.1018518518518292,1.0,1.0,0.0
192,2014,3.0599999999999454,0.2072468675922751,1218.26,1217.78,1217.36,1219.12,1216.06,-1,6.083333333333333,-0.5620915032679928,-0.42483660130718226,-0.5294117647058562,-0.3921568627450456,1.0,1.0,0.0
193,2014,3.8199999999999363,0.26151589242053297,1217.78,1212.73,1208.17,1218.76,1214.94,-1,10.183333333333334,0.5785340314136317,1.7722513089005483,0.32722513089005784,1.5209424083769745,1.0,1.0,1.0
194,2014,4.6400000000001,0.3149575757575815,1206.16,1215.29,1215.08,1209.14,1204.5,1,10.366666666666667,1.3254310344827007,1.2801724137930386,1.8254310344827251,1.780172413793063,0.0,0.0,1.0
195,2014,9.569999999999936,0.6507674373421349,1219.83,1214.65,1212.53,1222.3,1212.73,-1,8.316666666666666,-0.20062695924765783,0.020898641588301653,-0.02716823406478502,0.19435736677117446,0.0,0.0,0.0
196,2014,4.370000000000118,0.2975536209328412,1212.64,1193.95,1191.89,1215.19,1210.82,-1,6.866666666666666,3.860411899313372,4.3318077803202115,3.874141876430116,4.345537757436955,0.0,0.0,1.0
197,2014,7.079999999999927,0.45322359396432854,1188.26,1200.37,1207.35,1190.08,1183.0,1,7.5,1.4533898305084845,2.439265536723186,1.5084745762711789,2.4943502824858808,0.0,0.0,1.0
198,2014,4.180000000000064,0.24962675425500427,1204.65,1210.81,1210.4,1206.99,1202.81,1,8.116666666666667,0.9138755980860952,0.8157894736842177,0.9497607655502313,0.8516746411483537,0.0,0.0,1.0
199,2014,5.259999999999991,0.3322954740309535,1212.19,1210.33,1218.32,1214.29,1209.03,1,6.916666666666667,-0.7528517110266242,0.7661596958174867,-0.6901140684410866,0.8288973384030243,0.0,1.0,1.0
200,2014,6.599999999999909,0.40393442622950104,1225.13,1226.47,1224.81,1225.48,1218.88,1,5.166666666666667,0.15000000000000344,-0.10151515151516394,0.19393939393939247,-0.057575757575774905,0.0,0.0,1.0
201,2014,4.279999999999973,0.26257668711656196,1222.17,1221.08,1222.44,1224.86,1220.58,-1,8.65,-0.1168224299065428,-0.43457943925236897,0.007009345794386193,-0.31074766355143996,1.0,1.0,0.0
202,2014,5.6400000000001,0.35235842741756074,1232.45,1230.23,1231.68,1234.76,1229.12,1,7.183333333333334,-0.803191489361683,-0.5460992907801192,-0.7606382978723205,-0.5035460992907567,1.0,1.0,0.0
203,2014,3.650000000000091,0.23491012733876326,1233.83,1233.33,1233.82,1236.98,1233.33,-1,7.75,-0.0,-0.1342465753424649,0.052054794520561595,-0.0821917808219033,1.0,1.0,0.0
204,2014,7.0900000000001455,0.4583910593885746,1227.65,1239.93,1239.63,1230.7,1223.61,-1,8.8,-2.301833568406182,-2.2595204513398985,-2.1720733427362164,-2.129760225669933,1.0,1.0,0.0
205,2014,7.769999999999982,0.47950277704310884,1240.57,1239.21,1240.2,1245.05,1237.28,-1,13.5,-0.24839124839125717,-0.375804375804386,-0.07207207207206522,-0.1994851994851941,0.0,0.0,0.0
206,2014,2.660000000000082,0.17125776040469598,1238.58,1233.86,1238.6,1239.48,1236.82,1,6.883333333333334,-2.1127819548871973,-0.3308270676692038,-2.067669172932267,-0.2857142857142735,1.0,1.0,0.0
207,2014,2.660000000000082,0.1699990870081309,1235.7,1244.25,1245.6,1237.2,1234.54,1,6.366666666666666,2.6503759398495252,3.157894736841957,2.672932330826948,3.180451127819379,0.0,0.0,1.0
208,2014,2.880000000000109,0.1854389918594562,1247.21,1252.3,1249.77,1248.14,1245.26,1,5.533333333333333,1.4444444444443392,0.5659722222221597,1.559027777777722,0.6805555555555424,0.0,0.0,1.0
209,2014,2.0799999999999272,0.13699661272110927,1248.2,1244.26,1243.58,1249.11,1247.03,1,7.783333333333333,-2.331730769230807,-2.658653846153926,-2.283653846153926,-2.610576923077045,1.0,1.0,0.0
210,2014,2.5599999999999454,0.17256488035051887,1241.94,1226.76,1229.84,1243.71,1241.15,1,6.666666666666667,-6.621093750000159,-5.417968750000162,-6.453125000000131,-5.250000000000133,1.0,1.0,0.0
211,2014,3.839999999999918,0.2679826529086234,1230.01,1229.37,1230.73,1232.77,1228.93,1,7.866666666666666,-0.8854166666667093,-0.5312500000000019,-0.796875000000062,-0.44270833333335463,0.0,1.0,0.0
212,2014,3.9300000000000637,0.3054969461410383,1230.58,1229.03,1228.15,1231.93,1228.0,-1,15.183333333333334,-0.26208651399489974,-0.038167938931320235,-0.1704834605598122,0.05343511450376733,0.0,0.0,0.0
213,2014,9.720000000000027,0.7722165474974495,1227.55,1229.65,1228.52,1232.15,1222.43,1,12.566666666666666,-0.25720164609053425,-0.373456790123467,-0.1944444444444308,-0.3106995884773635,0.0,0.0,0.0
214,2014,2.230000000000018,0.1835390946502076,1229.86,1223.13,1211.23,1230.33,1228.1,1,5.8,-3.228699551569399,-8.565022421524553,-3.1659192825111604,-8.502242152466314,1.0,1.0,0.0
215,2014,3.2799999999999727,0.25794854510728954,1212.73,1198.57,1198.69,1215.58,1212.3,-1,5.05,4.185975609756138,4.149390243902443,4.228658536585437,4.192073170731742,0.0,0.0,1.0
216,2014,8.680000000000064,0.6407930816283544,1194.93,1166.06,1171.78,1202.69,1194.01,-1,5.016666666666667,3.2200460829492905,2.5610599078340845,3.2937788018433105,2.634792626728105,0.0,0.0,1.0
217,2014,9.600000000000136,0.621072088724594,1169.07,1168.37,1167.44,1171.16,1161.56,1,7.316666666666666,-0.2906250000000158,-0.38749999999999735,-0.2458333333333431,-0.3427083333333247,0.0,0.0,0.0
218,2014,4.519999999999982,0.2886597938144321,1166.96,1171.21,1168.69,1168.37,1163.85,1,10.383333333333333,0.6283185840708312,0.07079646017702765,0.6880530973451637,0.13053097345136017,0.0,0.0,1.0
219,2014,7.279999999999973,0.5036070757980021,1163.41,1147.65,1145.5,1169.28,1162.0,-1,5.5,1.9711538461538411,2.266483516483525,2.098901098901103,2.394230769230787,0.0,0.0,1.0
220,2014,8.240000000000009,0.5140590882759245,1144.77,1146.4,1144.84,1146.33,1138.09,1,5.35,0.00849514563108782,-0.1808252427184475,0.06553398058254738,-0.12378640776698795,0.0,0.0,0.0
221,2014,10.879999999999882,0.6745792736935269,1133.29,1162.77,1171.02,1142.02,1131.14,1,6.583333333333333,1.9071691176470795,2.665441176470617,2.3308823529411926,3.08915441176473,0.0,0.0,1.0
222,2014,8.840000000000146,0.4773402244764225,1173.03,1163.67,1151.19,1177.18,1168.34,-1,11.816666666666666,0.5282805429863991,1.940045248868731,0.5441176470588084,1.9558823529411402,0.0,0.0,1.0
223,2014,9.519999999999982,0.4762721555174378,1147.84,1154.6,1168.39,1157.26,1147.74,-1,5.0,-0.7205882352941085,-2.169117647058837,-0.7100840336134457,-2.1586134453781747,1.0,1.0,0.0
224,2014,5.960000000000036,0.2799154617732915,1164.37,1164.95,1158.88,1166.29,1160.33,1,5.8,-0.22483221476508555,-1.2432885906039948,-0.10067114093958145,-1.1191275167784906,0.0,1.0,0.0
225,2014,11.309999999999945,0.5410004100040974,1164.0,1161.9,1160.89,1167.85,1156.54,-1,7.716666666666667,-0.47391688771000473,-0.3846153846153985,-0.43147656940761564,-0.3421750663130095,0.0,1.0,0.0
226,2014,4.7999999999999545,0.22296691993762016,1159.34,1175.37,1188.01,1162.59,1157.79,-1,5.233333333333333,-3.6625000000000196,-6.295833333333398,-3.6416666666666577,-6.275000000000037,1.0,1.0,1.0
227,2014,12.110000000000127,0.49654404873477553,1187.27,1184.17,1185.22,1194.17,1182.06,-1,15.083333333333334,-0.17423616845583031,-0.26094137076796436,-0.15276630883568265,-0.23947151114781673,0.0,0.0,0.0
228,2014,4.369999999999891,0.1793451176970611,1186.45,1194.92,1194.09,1187.76,1183.39,1,5.716666666666667,1.638443935926833,1.4485125858123764,1.7185354691075923,1.5286041189931356,0.0,0.0,1.0
229,2014,4.460000000000036,0.18359845923138146,1194.04,1179.76,1186.28,1195.99,1191.53,1,8.083333333333334,-3.6390134529147726,-2.1771300448430395,-3.5426008968609475,-2.0807174887892144,1.0,1.0,1.0
230,2014,7.980000000000018,0.3215426680097861,1178.89,1188.82,1194.23,1184.74,1176.76,1,6.5,0.5112781954887116,1.1892230576441087,0.7030075187969783,1.3809523809523756,0.0,0.0,1.0
231,2014,3.8300000000001546,0.16437768240343997,1193.37,1204.83,1199.41,1194.94,1191.11,1,7.25,2.582245430809262,1.1671018276762002,2.707571801566442,1.29242819843338,1.0,1.0,1.0
232,2014,4.150000000000091,0.17346390398280656,1199.95,1199.06,1198.09,1203.19,1199.04,-1,5.266666666666667,-0.004819277108429246,0.22891566265060834,0.028915662650630267,0.26265060240966787,1.0,1.0,0.0
233,2014,5.089999999999918,0.212811706734355,1196.94,1199.64,1198.46,1200.73,1195.64,1,8.6,-0.2141453831041131,-0.44597249508841225,-0.08840864440075154,-0.3202357563850507,1.0,1.0,0.0
234,2014,3.3799999999998818,0.14987964018750255,1198.66,1198.86,1197.68,1201.58,1198.2,-1,8.866666666666667,-0.1952662721893129,0.15384615384615385,-0.050295857988121695,0.298816568047345,0.0,0.0,0.0
237,2014,8.379999999999882,0.4302321317246629,1152.05,1197.49,1211.93,1155.1,1146.72,1,6.55,5.058472553699367,6.781622911694625,5.133651551312719,6.856801909307977,0.0,0.0,1.0
238,2014,5.849999999999909,0.25602550876863533,1204.11,1201.01,1199.28,1209.11,1203.26,1,6.116666666666666,-1.3846153846153906,-1.6803418803418941,-1.3282051282051457,-1.6239316239316492,1.0,1.0,0.0
239,2014,6.410000000000082,0.27557193305696664,1199.33,1211.18,1209.29,1200.94,1194.53,1,5.45,1.5975039001559872,1.3026521060842124,1.7628705148205632,1.4680187207487885,0.0,0.0,1.0
240,2014,5.009999999999991,0.21125869702719774,1206.13,1209.27,1207.53,1209.58,1204.57,-1,7.283333333333333,-0.9381237524950208,-0.5908183632734614,-0.9021956087824331,-0.5548902195608738,1.0,1.0,0.0
241,2014,4.150000000000091,0.19539263494199205,1202.65,1194.93,1190.69,1205.94,1201.79,-1,5.15,1.6530120481927109,2.6746987951806425,1.713253012048131,2.7349397590360627,1.0,1.0,0.0
242,2014,6.019999999999982,0.2755148741418759,1192.9,1193.45,1203.32,1194.57,1188.55,1,7.483333333333333,-0.1860465116278894,1.4534883720930276,-0.10465116279067835,1.5348837209302386,0.0,0.0,1.0
243,2014,3.9500000000000455,0.18135309743219974,1201.23,1229.62,1229.77,1203.29,1199.34,1,6.283333333333333,6.6658227848100315,6.703797468354358,6.843037974683458,6.881012658227785,0.0,0.0,1.0
244,2014,5.599999999999909,0.2475528891695572,1231.74,1228.24,1228.17,1232.51,1226.91,1,5.533333333333333,-0.7625000000000092,-0.774999999999998,-0.6160714285714467,-0.6285714285714356,1.0,1.0,1.0
245,2014,5.759999999999991,0.26014581585908725,1228.32,1222.6,1226.96,1232.68,1226.92,-1,5.15,0.7500000000000296,-0.006944444444438139,0.7968750000000265,0.03993055555555878,0.0,0.0,1.0
246,2014,6.009999999999991,0.2751021742684319,1221.08,1222.93,1222.13,1226.75,1220.74,-1,5.3,-0.364392678868562,-0.2312811980033448,-0.34109816971713103,-0.2079866888519138,1.0,1.0,0.0
247,2014,10.75,0.48874744260059133,1216.71,1213.27,1197.92,1224.1,1213.35,-1,8.516666666666667,0.007441860465109511,1.435348837209287,0.05953488372093954,1.4874418604651172,0.0,0.0,1.0
248,2014,5.759999999999991,0.24513618677042762,1198.31,1191.28,1193.9,1199.23,1193.47,1,5.116666666666666,-1.3802083333333435,-0.925347222222211,-1.3506944444444418,-0.8958333333333095,1.0,1.0,1.0
249,2014,3.1399999999998727,0.12272816103184961,1197.01,1196.53,1187.78,1199.36,1196.22,-1,5.0,-0.09872611464966816,2.687898089172101,0.15286624203822854,2.9394904458599975,1.0,1.0,0.0
250,2014,10.569999999999936,0.40717607242109644,1197.54,1195.0,1195.96,1199.7,1189.13,1,5.516666666666667,-0.44465468306528605,-0.35383159886471444,-0.41059602649006094,-0.3197729422894893,0.0,0.0,1.0
251,2014,4.3900000000001,0.16953547390489188,1196.84,1198.29,1195.61,1199.95,1195.56,1,6.183333333333334,-0.37813211845103506,-0.9886104783599196,-0.298405466970368,-0.9088838268792524,1.0,1.0,0.0
252,2014,4.269999999999982,0.2020960108181195,1197.83,1189.28,1175.21,1199.08,1194.81,1,6.233333333333333,-2.2950819672131137,-5.5901639344262275,-2.2131147540983807,-5.508196721311495,1.0,1.0,0.0
253,2014,9.61999999999989,0.4347040216900087,1180.18,1179.21,1174.81,1182.79,1173.17,1,7.516666666666667,-0.3721413721413688,-0.8295218295218408,-0.36590436590436815,-0.8232848232848402,0.0,0.0,0.0
256,2014,9.460000000000036,0.4720054171567071,1184.58,1193.92,1193.81,1186.01,1176.55,1,6.2,0.8361522198731556,0.8245243128963979,0.8710359408033803,0.8594080338266227,0.0,0.0,1.0
257,2014,5.0,0.24745475113122162,1195.05,1181.54,1181.0,1197.41,1192.41,-1,10.833333333333334,2.1740000000000235,2.2820000000000165,2.251999999999998,2.359999999999991,0.0,0.0,1.0
258,2014,8.940000000000055,0.4765276984580267,1187.44,1205.65,1199.83,1189.63,1180.69,1,8.15,1.7919463087248193,1.1409395973154088,1.8534675615212597,1.2024608501118494,0.0,0.0,1.0
259,2014,4.470000000000027,0.2241966108981493,1201.31,1184.16,1183.88,1203.77,1199.3,-1,7.366666666666666,3.3870246085010693,3.4496644295301455,3.4004474272930034,3.4630872483220796,0.0,0.0,1.0
261,2015,4.069999999999936,0.20525714779739102,1184.69,1187.88,1185.16,1188.28,1184.21,-1,10.55,-0.9017199017199337,-0.23341523341524825,-0.8697788697789303,-0.20147420147424486,1.0,1.0,1.0
262,2015,11.3599999999999,0.5846564444918211,1191.69,1198.65,1203.83,1194.26,1182.9,1,5.716666666666667,0.3864436619718432,0.8424295774647905,0.4154929577464849,0.8714788732394323,0.0,0.0,0.0
263,2015,6.440000000000055,0.3460863757278941,1206.55,1208.82,1217.28,1208.04,1201.6,1,6.516666666666667,0.12111801242235498,1.4347826086956414,0.20652173913042174,1.5201863354037082,0.0,0.0,1.0
264,2015,4.470000000000027,0.23822484801650765,1215.13,1214.42,1215.65,1218.57,1214.1,-1,5.15,-0.0715883668904165,-0.34675615212531824,-0.033557046979885916,-0.30872483221478764,0.0,0.0,1.0
265,2015,9.400000000000091,0.5314530556531557,1207.25,1212.47,1207.57,1214.17,1204.77,-1,11.566666666666666,-0.8191489361702097,-0.2978723404255242,-0.7542553191489202,-0.23297872340423467,1.0,1.0,0.0
266,2015,5.029999999999973,0.27950766641660885,1211.36,1217.89,1220.1,1212.96,1207.93,1,5.75,0.9801192842942525,1.4194831013916325,1.0616302186879074,1.5009940357852873,1.0,1.0,0.0
267,2015,5.7999999999999545,0.34393226398071697,1225.47,1225.76,1233.39,1228.1,1222.3,1,5.9,-0.403448275862058,0.9120689655172814,-0.3775862068965641,0.9379310344827754,1.0,1.0,0.0
268,2015,10.050000000000182,0.581277654067509,1234.69,1235.38,1233.74,1240.67,1230.62,1,8.183333333333334,-0.526368159203967,-0.6895522388059641,-0.48457711442784107,-0.6477611940298381,0.0,1.0,0.0
269,2015,9.509999999999991,0.5310030989139842,1229.66,1238.34,1232.91,1234.49,1224.98,1,13.5,0.40483701366981206,-0.16614090431124381,0.29022082018927375,-0.2807570977917821,0.0,0.0,1.0
270,2015,5.259999999999991,0.2767661506428686,1230.86,1259.09,1258.11,1232.26,1227.0,-1,6.283333333333333,-6.100760456273759,-5.914448669201512,-5.996197718631183,-5.809885931558935,1.0,1.0,0.0
271,2015,5.759999999999991,0.28376081609385484,1258.82,1272.26,1276.77,1263.64,1257.88,-1,5.933333333333334,-2.4965277777777612,-3.279513888888872,-2.482638888888885,-3.2656249999999956,1.0,1.0,0.0
273,2015,4.480000000000018,0.2315476256400614,1276.61,1291.92,1293.2,1278.47,1273.99,1,7.616666666666666,3.002232142857141,3.2879464285714195,3.149553571428587,3.4352678571428656,0.0,0.0,1.0
274,2015,7.389999999999873,0.38345076034141556,1297.51,1289.84,1292.73,1297.86,1290.47,1,5.216666666666667,-1.0852503382950094,-0.6941813261163694,-1.0771312584573982,-0.6860622462787582,1.0,1.0,1.0
275,2015,4.670000000000073,0.22833793175706732,1293.49,1299.3,1303.65,1293.54,1288.87,1,5.0,1.2334047109207498,2.1648822269807217,1.2441113490363715,2.1755888650963433,1.0,1.0,0.0
276,2015,5.449999999999818,0.26629903671645094,1297.13,1290.7,1291.09,1301.86,1296.41,-1,5.133333333333334,1.0477064220183903,0.9761467889908884,1.0917431192660998,1.020183486238598,0.0,0.0,1.0
277,2015,6.300000000000182,0.31546192639222637,1294.05,1279.3,1281.1,1299.15,1292.85,-1,5.883333333333334,2.1507936507935814,1.8650793650793112,2.201587301587257,1.9158730158729866,0.0,0.0,1.0
278,2015,7.940000000000055,0.39487051969734915,1277.59,1294.35,1293.88,1280.21,1272.27,1,6.25,1.7808564231737753,1.7216624685138513,1.8450881612090382,1.7858942065491141,0.0,0.0,1.0
279,2015,5.119999999999891,0.24127368810797548,1289.83,1288.08,1285.09,1293.61,1288.49,-1,7.0,0.0800781250000177,0.664062500000032,0.18359375000001457,0.7675781250000288,0.0,0.0,1.0
280,2015,7.7000000000000455,0.3604989465939891,1282.22,1264.26,1256.24,1285.8,1278.1,-1,7.133333333333334,1.7974025974025762,2.8389610389610094,1.9428571428571362,2.984415584415569,0.0,0.0,1.0
281,2015,4.800000000000182,0.21265149837031266,1260.38,1273.55,1282.25,1261.92,1257.12,1,7.266666666666667,2.4229166666665503,4.235416666666491,2.529166666666544,4.341666666666485,0.0,0.0,1.0
282,2015,4.680000000000064,0.2014016967908546,1280.44,1272.84,1280.17,1283.26,1278.58,-1,7.5,1.2264957264957117,-0.33974358974361624,1.2200854700854613,-0.3461538461538667,0.0,0.0,1.0
283,2015,3.75,0.16124573850548218,1273.93,1258.66,1263.09,1275.69,1271.94,1,5.566666666666666,-4.541333333333326,-3.3600000000000363,-4.458666666666674,-3.277333333333384,1.0,1.0,1.0
284,2015,7.7999999999999545,0.3245074440581237,1263.86,1261.93,1265.59,1264.44,1256.64,1,5.2,-0.3217948717948725,0.1474358974358808,-0.2692307692307591,0.19999999999999418,0.0,0.0,1.0
285,2015,3.0800000000001546,0.13768879522304858,1271.51,1260.85,1265.27,1273.67,1270.59,-1,6.866666666666666,3.1623376623375066,1.7272727272726198,3.2435064935063336,1.808441558441447,0.0,0.0,1.0
286,2015,4.75,0.219110378912685,1265.82,1233.87,1234.4,1267.0,1262.25,1,5.166666666666667,-6.974736842105286,-6.863157894736823,-6.966315789473715,-6.854736842105251,1.0,1.0,0.0
287,2015,4.080000000000155,0.17020769391222046,1237.23,1240.92,1241.07,1239.17,1235.09,1,6.666666666666667,0.42892156862743475,0.46568627450975286,0.5024509803921824,0.5392156862745006,0.0,0.0,1.0
288,2015,6.599999999999909,0.28672500465462214,1242.42,1237.77,1234.29,1245.07,1238.47,1,6.083333333333333,-1.1060606060606144,-1.6333333333333517,-1.0878787878788125,-1.6151515151515499,1.0,1.0,0.0
289,2015,4.900000000000091,0.2167867526229338,1237.53,1222.79,1220.54,1238.17,1233.27,1,5.866666666666666,-3.1387755102040455,-3.597959183673425,-3.104081632653011,-3.5632653061223905,1.0,1.0,0.0
290,2015,4.820000000000164,0.21734789190582726,1221.08,1222.66,1222.27,1223.89,1219.07,1,8.416666666666666,-0.25518672199169634,-0.3360995850622538,0.0643153526971291,-0.016597510373428326,0.0,0.0,1.0
291,2015,6.059999999999945,0.2765950510220686,1227.93,1232.29,1229.06,1228.83,1222.77,1,5.633333333333334,0.5709570957095821,0.0379537953795413,0.5990099009900849,0.06600660066004409,0.0,0.0,0.0
293,2015,7.740000000000009,0.38958797727762995,1227.91,1207.73,1207.14,1233.9,1226.16,-1,6.9,2.381136950904398,2.457364341085266,2.412144702842384,2.488372093023252,0.0,0.0,1.0
294,2015,3.1900000000000546,0.151672609950758,1208.46,1206.19,1207.9,1209.5,1206.31,1,5.983333333333333,-1.0376175548588993,-0.5015673981190851,-0.9937304075234455,-0.45768025078363134,1.0,1.0,0.0
295,2015,4.739999999999782,0.23932487016732826,1215.08,1208.6,1207.8,1217.62,1212.88,1,8.483333333333333,-1.902953586497974,-2.071729957805989,-1.734177215189959,-1.902953586497974,1.0,1.0,1.0
296,2015,3.800000000000182,0.19912415316091792,1207.37,1206.61,1199.87,1209.67,1205.87,-1,9.083333333333334,-0.19473684210525624,1.5789473684209772,-0.0973684210525982,1.6763157894736351,1.0,1.0,1.0
297,2015,3.75,0.19668077773198928,1204.55,1204.33,1201.27,1204.7,1200.95,1,5.2,-0.0986666666666982,-0.9146666666666836,-0.05333333333334546,-0.869333333333331,1.0,1.0,0.0
298,2015,3.160000000000082,0.17236139790392743,1203.2,1199.44,1199.93,1204.47,1201.31,-1,5.716666666666667,0.5917721518986843,0.43670886075944493,0.7436708860759014,0.5886075949366619,0.0,0.0,1.0
299,2015,6.2999999999999545,0.34714842366276677,1207.68,1203.96,1203.44,1210.2,1203.9,1,6.066666666666666,-0.9904761904761991,-1.0730158730158794,-0.9650793650793605,-1.0476190476190408,1.0,1.0,0.0
300,2015,5.980000000000018,0.33822162970145075,1209.02,1208.83,1207.61,1209.56,1203.58,1,5.516666666666667,-0.12207357859532039,-0.32608695652174574,-0.08695652173912713,-0.2909698996655525,0.0,0.0,1.0
301,2015,2.980000000000018,0.18673350640050201,1209.16,1217.6,1213.66,1211.55,1208.57,-1,5.15,-3.0302013422818517,-1.7080536912752062,-2.983221476510006,-1.6610738255033608,1.0,1.0,0.0
302,2015,9.360000000000127,0.5733537519142488,1220.34,1208.42,1205.44,1223.15,1213.79,1,6.466666666666667,-1.5737179487179294,-1.8920940170939953,-1.548076923076903,-1.866452991452969,1.0,1.0,0.0
303,2015,15.590000000000146,0.9397631862217499,1208.68,1203.35,1202.9,1210.92,1195.33,1,6.1,-0.48556767158435493,-0.5144323284156451,-0.4611930724823597,-0.4900577293136499,0.0,0.0,0.0
304,2015,4.189999999999827,0.2556102662425265,1207.61,1202.49,1199.75,1208.33,1204.14,1,5.516666666666667,-1.3937947494033793,-2.047732696897442,-1.2840095465394041,-1.9379474940334667,1.0,1.0,0.0
305,2015,4.75,0.29376684189600993,1205.59,1206.18,1200.64,1205.84,1201.09,1,5.0,0.07157894736845169,-1.0947368421052248,0.12421052631582011,-1.0421052631578565,1.0,1.0,0.0
306,2015,3.5,0.21555516452577783,1199.49,1176.34,1168.23,1200.64,1197.14,-1,8.15,5.942857142857195,8.260000000000023,6.022857142857187,8.340000000000016,0.0,0.0,1.0
307,2015,4.349999999999909,0.2376029027349636,1170.95,1168.45,1166.73,1171.76,1167.41,1,5.933333333333334,-0.7609195402298884,-1.1563218390804777,-0.7241379310344666,-1.1195402298850559,1.0,1.0,0.0
308,2015,9.440000000000055,0.5608079436476294,1161.31,1162.92,1161.02,1169.16,1159.72,-1,6.65,-0.3389830508474605,-0.13771186440677405,-0.322033898305079,-0.1207627118643926,1.0,1.0,0.0
309,2015,3.8400000000001455,0.22943963125774358,1161.66,1152.37,1153.77,1165.13,1161.29,-1,8.95,2.3229166666665977,1.9583333333332544,2.440104166666605,2.075520833333262,0.0,0.0,1.0
310,2015,5.720000000000027,0.34156536574962737,1153.23,1151.18,1153.29,1155.84,1150.12,1,5.75,-0.8146853146852854,-0.44580419580418573,-0.8146853146852854,-0.44580419580418573,1.0,1.0,1.0
311,2015,7.8900000000001,0.4692637750116871,1159.39,1153.88,1155.18,1161.7,1153.81,-1,14.433333333333334,-0.008871989860603653,-0.1736375158428518,0.08618504435992747,-0.0785804816223207,0.0,0.0,0.0
312,2015,6.620000000000118,0.4105426356589204,1160.16,1152.6,1154.75,1160.15,1153.53,1,5.0,-1.1404833836858077,-0.8157099697885188,-1.1419939577039333,-0.8172205438066443,1.0,1.0,0.0
313,2015,4.519999999999982,0.2815447588538863,1154.92,1149.37,1148.43,1156.48,1151.96,1,6.783333333333333,-1.5730088495575567,-1.7809734513274307,-1.5685840707964986,-1.7765486725663728,1.0,1.0,0.0
314,2015,3.2899999999999636,0.19938530799532192,1150.37,1151.57,1170.77,1152.92,1149.63,-1,5.5,-0.5896656534953947,-6.425531914893649,-0.4863221884498258,-6.32218844984808,0.0,1.0,1.0
315,2015,7.619999999999891,0.43631901840490056,1170.69,1170.89,1170.1,1177.79,1170.17,-1,7.4,-0.09448818897638289,0.009186351706058362,-0.03937007874018192,0.06430446194225933,0.0,0.0,1.0
316,2015,3.7799999999999727,0.2134215195999333,1170.84,1183.2,1183.24,1173.67,1169.89,-1,5.7,-3.521164021164032,-3.531746031746033,-3.460317460317526,-3.470899470899527,1.0,1.0,0.0
317,2015,5.829999999999927,0.32843748742504864,1182.81,1187.27,1190.54,1186.76,1180.93,-1,8.433333333333334,-1.087478559176672,-1.6483704974271045,-0.9914236706689614,-1.5523156089193941,1.0,1.0,0.0
318,2015,4.6400000000001,0.2691638352531752,1186.25,1189.33,1193.65,1189.96,1185.32,1,8.533333333333333,-0.13577586206898612,0.7952586206896498,-0.11206896551723504,0.8189655172414009,0.0,0.0,1.0
319,2015,4.739999999999782,0.2762007824856273,1188.93,1197.87,1195.59,1192.12,1187.38,-1,5.566666666666666,-2.213080168776427,-1.7320675105485628,-1.9915611814346543,-1.51054852320679,1.0,1.0,0.0
320,2015,5.899999999999864,0.34370838881490495,1199.49,1204.46,1203.29,1200.32,1194.42,1,6.1,0.7016949152542705,0.5033898305084908,0.8135593220339095,0.6152542372881298,0.0,0.0,1.0
321,2015,4.370000000000118,0.2677110226228574,1202.58,1199.33,1198.57,1204.2,1199.83,1,6.233333333333333,-1.114416475972537,-1.288329519450791,-1.0755148741418576,-1.2494279176201117,1.0,1.0,0.0
322,2015,6.019999999999982,0.36232320192596884,1194.49,1184.95,1186.3,1198.25,1192.23,-1,7.933333333333334,1.2093023255813944,0.9850498338870567,1.303986710963444,1.0797342192691062,0.0,0.0,1.0
323,2015,6.160000000000082,0.36927292969084985,1181.31,1187.92,1183.13,1187.42,1181.26,-1,5.0,-1.0811688311688301,-0.30357142857144376,-1.0730519480519545,-0.2954545454545681,1.0,1.0,0.0
324,2015,6.230000000000018,0.3823091084421856,1187.77,1198.96,1204.29,1188.96,1182.73,-1,9.75,-2.605136436597106,-3.4606741573033517,-2.5409309791332073,-3.396468699839453,1.0,1.0,0.0
325,2015,2.9500000000000455,0.17357316970665138,1203.47,1196.68,1200.69,1204.29,1201.34,1,6.716666666666667,-2.579661016949079,-1.2203389830507978,-2.464406779660973,-1.1050847457626918,1.0,1.0,1.0
327,2015,3.0499999999999545,0.18169439598314713,1217.66,1222.39,1218.12,1218.68,1215.63,1,7.95,1.216393442622981,-0.18360655737710857,1.3508196721312065,-0.04918032786888301,0.0,0.0,1.0
328,2015,4.819999999999936,0.28905547226386447,1212.68,1213.68,1209.16,1215.75,1210.93,-1,9.333333333333334,-0.5705394190871445,0.3672199170124492,-0.5228215767634886,0.41493775933610505,0.0,0.0,0.0
329,2015,3.4200000000000728,0.22590233545648059,1209.7,1203.51,1200.96,1211.17,1207.75,1,5.766666666666667,-2.239766081871321,-2.9853801169590115,-2.2543859649122435,-2.9999999999999334,1.0,1.0,0.0
330,2015,6.369999999999891,0.4278449433889779,1198.04,1195.46,1193.94,1202.58,1196.21,-1,6.566666666666666,0.11773940345369119,0.35635792778650244,0.13971742543169355,0.37833594976450485,0.0,0.0,0.0
331,2015,3.4699999999998,0.24366755279127866,1195.67,1207.65,1207.02,1196.61,1193.14,1,5.516666666666667,3.181556195965656,3.0000000000001967,3.265129682997351,3.083573487031891,0.0,0.0,1.0
332,2015,5.690000000000055,0.3891358507156506,1203.71,1199.36,1199.33,1209.43,1203.74,-1,5.0,0.7697715289982543,0.7750439367311142,0.7644991212653945,0.7697715289982543,0.0,0.0,1.0
333,2015,3.019999999999982,0.2030447101762464,1200.64,1197.52,1192.88,1201.4,1198.38,-1,5.75,0.28476821192057367,1.8211920529801435,0.3046357615894299,1.8410596026489996,0.0,0.0,1.0
334,2015,4.319999999999936,0.28435751563307704,1191.01,1195.63,1203.29,1195.05,1190.73,-1,8.516666666666667,-1.134259259259297,-2.9074074074074376,-1.0972222222222405,-2.870370370370381,1.0,1.0,0.0
335,2015,4.900000000000091,0.3374987700482204,1202.85,1197.2,1199.68,1207.51,1202.61,-1,5.0,1.104081632653011,0.5979591836734249,1.1530612244897467,0.6469387755101605,1.0,1.0,0.0
336,2015,4.120000000000118,0.2827450980392241,1197.98,1205.3,1204.19,1201.45,1197.33,1,7.316666666666666,0.9344660194174268,0.6650485436893036,0.9951456310679105,0.7257281553397872,0.0,0.0,1.0
337,2015,2.8299999999999272,0.19981843857171167,1203.91,1193.68,1194.37,1206.6,1203.77,-1,5.333333333333333,3.565371024735045,3.321554770318139,3.579505300353407,3.3356890459365007,1.0,1.0,0.0
338,2015,3.3899999999998727,0.2328410930677439,1196.27,1197.77,1202.28,1196.81,1193.42,1,5.983333333333333,0.28318584070798597,1.613569321533992,0.31268436578170655,1.6430678466077127,1.0,1.0,0.0
339,2015,3.8299999999999272,0.2863704336680142,1199.58,1187.38,1186.86,1203.07,1199.24,1,6.816666666666666,-4.096605744125359,-4.232375979112361,-4.010443864229815,-4.1462140992168175,1.0,1.0,0.0
340,2015,4.860000000000127,0.34955047521192784,1188.91,1191.84,1196.15,1189.13,1184.27,1,5.6,0.557613168724226,1.444444444444403,0.5637860082304398,1.4506172839506166,0.0,0.0,1.0
341,2015,3.009999999999991,0.21125983857221547,1191.98,1178.28,1178.46,1194.33,1191.32,-1,5.416666666666667,4.332225913621263,4.272425249169415,4.365448504983435,4.305647840531587,1.0,1.0,0.0
342,2015,4.910000000000082,0.3352189603043065,1182.45,1203.25,1202.99,1183.45,1178.54,1,6.6,4.03258655804473,3.979633401221922,4.04684317718932,3.993890020366512,0.0,0.0,1.0
343,2015,3.0699999999999363,0.19072553805191497,1200.99,1213.03,1212.71,1202.3,1199.23,1,8.216666666666667,3.4951140065147364,3.3908794788274585,3.752442996742743,3.648208469055465,0.0,0.0,1.0
344,2015,3.0799999999999272,0.1905266878755696,1211.16,1210.23,1205.85,1212.3,1209.22,-1,6.766666666666667,-0.3279220779220827,1.0941558441559085,-0.2077922077922452,1.214285714285746,1.0,1.0,1.0
345,2015,3.339999999999918,0.20427242147568364,1203.22,1182.46,1183.96,1206.23,1202.89,-1,5.433333333333334,6.1167664670660375,5.667664670658841,6.15269461077858,5.703592814371383,1.0,1.0,0.0
346,2015,2.6900000000000546,0.15591620435538903,1182.49,1173.61,1174.72,1185.17,1182.48,-1,5.0,3.2973977695167056,2.884758364312206,3.3011152416356615,2.8884758364311613,0.0,0.0,1.0
347,2015,6.959999999999809,0.3993278963976766,1183.33,1191.4,1190.0,1184.62,1177.66,1,6.133333333333334,0.9741379310345383,0.7729885057471634,1.0000000000000326,0.7988505747126577,0.0,0.0,1.0
348,2015,3.3099999999999454,0.19177288528388978,1186.71,1196.38,1193.45,1189.0,1185.69,1,7.133333333333334,2.2296072507553566,1.3444108761329665,2.3111782477342047,1.4259818731118141,0.0,0.0,1.0
349,2015,3.369999999999891,0.19660790932199182,1195.93,1189.52,1190.31,1196.83,1193.46,1,7.533333333333333,-2.169139465875425,-1.934718100890265,-2.0296735905044927,-1.7952522255193324,1.0,1.0,0.0
350,2015,6.059999999999945,0.3609905539954007,1187.73,1182.97,1183.12,1192.75,1186.69,-1,7.633333333333334,0.6138613861386238,0.5891089108911214,0.6749174917491675,0.650165016501665,0.0,0.0,1.0
351,2015,2.8700000000001182,0.1684696016771555,1183.21,1185.37,1187.96,1184.74,1181.87,1,7.433333333333334,0.21951219512190098,1.1219512195121584,0.24738675958180478,1.1498257839720623,1.0,1.0,1.0
352,2015,2.3299999999999272,0.14025884679880865,1188.37,1187.98,1183.1,1190.35,1188.02,-1,5.783333333333333,0.01716738197423385,2.1115879828327153,0.03862660944202616,2.1330472103005076,1.0,1.0,1.0
353,2015,1.6400000000001,0.09804842635692614,1184.1,1190.75,1194.07,1184.76,1183.12,-1,6.333333333333333,-4.652439024390026,-6.676829268292304,-4.499999999999792,-6.524390243902069,1.0,1.0,1.0
354,2015,3.240000000000009,0.1965763813651143,1193.13,1214.14,1214.31,1194.46,1191.22,1,7.833333333333333,6.074074074074077,6.126543209876498,6.206790123456812,6.259259259259233,0.0,0.0,1.0
355,2015,2.980000000000018,0.1705014508153185,1213.73,1221.6,1222.06,1215.27,1212.29,1,7.216666666666667,2.124161073825466,2.27852348993286,2.271812080536893,2.4261744966442866,0.0,0.0,1.0
356,2015,3.6299999999998818,0.21314431908735637,1219.81,1223.22,1224.83,1222.01,1218.38,-1,6.65,-1.3333333333333541,-1.7768595041322393,-1.2754820936639835,-1.7190082644628684,1.0,1.0,1.0
357,2015,3.880000000000109,0.24145441614438207,1224.28,1228.32,1225.01,1225.45,1221.57,1,6.733333333333333,0.7396907216494356,-0.11340206185568098,0.8969072164948249,0.04381443298970824,0.0,0.0,1.0
358,2015,4.930000000000064,0.31378432442262694,1221.9,1209.23,1207.9,1225.24,1220.31,-1,7.433333333333334,2.2474645030425524,2.517241379310283,2.3204868154158027,2.590263691683533,0.0,0.0,1.0
359,2015,2.619999999999891,0.1616784942918789,1208.23,1210.52,1210.79,1209.55,1206.93,-1,6.966666666666667,-1.3702290076336137,-1.4732824427481148,-1.194656488549623,-1.297709923664124,1.0,1.0,1.0
360,2015,4.8400000000001455,0.32759620963064306,1210.79,1205.95,1205.75,1212.71,1207.87,-1,12.866666666666667,0.39669421487598916,0.4380165289255841,0.41115702479337796,0.45247933884297287,0.0,0.0,1.0
361,2015,2.0399999999999636,0.141037037037035,1207.14,1206.08,1205.22,1207.58,1205.54,1,5.1,-0.735294117647072,-1.156862745098011,-0.6225490196078454,-1.0441176470587843,1.0,1.0,1.0
363,2015,2.980000000000018,0.21605385810461095,1204.95,1188.88,1188.35,1207.49,1204.51,-1,6.1,5.244966442952949,5.422818791946303,5.2751677852348,5.453020134228154,0.0,0.0,1.0
364,2015,2.6700000000000728,0.18173862310385594,1188.47,1187.14,1187.4,1189.18,1186.51,1,5.166666666666667,-0.7640449438201903,-0.6666666666666383,-0.5355805243444933,-0.43820224719094136,1.0,1.0,0.0
365,2015,2.509999999999991,0.1765829145728643,1187.59,1186.99,1189.3,1189.39,1186.88,1,6.6,-0.9561752988048206,-0.03585657370523739,-0.848605577689199,0.07171314741038419,1.0,1.0,1.0
366,2015,2.7899999999999636,0.19647887323943478,1189.58,1190.48,1190.82,1190.49,1187.7,1,5.2,-0.0035842293906777904,0.11827956989244859,0.13978494623659682,0.26164874551972317,1.0,1.0,0.0
367,2015,4.240000000000009,0.3055069480185295,1190.9,1200.25,1189.06,1193.55,1189.31,-1,7.85,-2.5801886792452904,0.05896226415094327,-2.471698113207546,0.16745283018868748,1.0,1.0,1.0
368,2015,3.199999999999818,0.22664036019627432,1187.64,1193.62,1193.74,1189.58,1186.38,1,7.533333333333333,1.2625000000000604,1.3000000000000995,1.5687500000000836,1.6062500000001225,1.0,1.0,0.0
369,2015,3.6599999999998545,0.28392530614505507,1191.97,1191.17,1185.49,1195.33,1191.67,-1,7.016666666666667,0.13661202185792892,1.688524590164019,0.3524590163934467,1.9043715846995368,0.0,0.0,1.0
370,2015,4.230000000000018,0.32613723978411957,1184.26,1175.25,1177.25,1186.17,1181.94,-1,7.933333333333334,1.5815602836879494,1.1087470449172658,1.6477541371158386,1.174940898345155,0.0,0.0,1.0
371,2015,1.6700000000000728,0.1300550703676979,1177.42,1169.19,1170.58,1178.27,1176.6,1,5.833333333333333,-5.437125748502713,-4.6047904191615086,-5.359281437125542,-4.526946107784338,1.0,1.0,0.0
372,2015,8.0,0.6061590084970512,1174.06,1170.92,1173.99,1177.58,1169.58,0,,,,,,,,
373,2015,3.9600000000000364,0.31990767455280206,1175.3,1176.81,1177.6,1176.41,1172.45,1,5.1,0.10101010101006563,0.3005050505050041,0.3358585858585644,0.5353535353535028,0.0,0.0,1.0
374,2015,3.0,0.2419354838709682,1176.11,1188.08,1186.44,1178.78,1175.78,-1,5.083333333333333,-4.0999999999999845,-3.5533333333333608,-4.063333333333276,-3.5166666666666515,1.0,1.0,0.0
375,2015,1.6900000000000546,0.13188405797101901,1186.02,1179.15,1182.2,1187.49,1185.8,-1,5.133333333333334,3.9349112426033424,2.1301775147927766,3.970414201183191,2.165680473372625,1.0,1.0,0.0
376,2015,2.4300000000000637,0.190748528174942,1182.39,1182.23,1180.4,1183.76,1181.33,1,6.566666666666666,-0.6296296296296019,-1.3827160493826387,-0.5432098765431694,-1.2962962962962061,1.0,1.0,0.0
377,2015,5.7999999999999545,0.45231729055258174,1181.7,1181.9,1187.76,1186.01,1180.21,-1,6.616666666666666,-0.29137931034483927,-1.301724137931037,-0.24655172413794393,-1.2568965517241415,0.0,1.0,1.0
378,2015,3.6700000000000728,0.29326484018265453,1186.93,1178.11,1181.45,1187.42,1183.75,-1,7.5,1.5367847411444109,0.6267029972751795,1.5667574931879797,0.6566757493187484,1.0,1.0,0.0
379,2015,3.019999999999982,0.23522866362523503,1180.54,1175.49,1187.01,1182.23,1179.21,-1,6.283333333333333,1.2317880794702152,-2.5827814569536427,1.2847682119204984,-2.5298013245033597,0.0,1.0,1.0
380,2015,4.150000000000091,0.3181469718541301,1187.21,1202.08,1201.77,1188.17,1184.02,1,5.583333333333333,3.351807228915554,3.277108433734846,3.4409638554216047,3.3662650602408966,0.0,0.0,1.0
381,2015,2.7999999999999545,0.19993879424665575,1199.87,1200.4,1200.53,1201.84,1199.04,-1,8.066666666666666,-0.48571428571433906,-0.532142857142869,-0.3857142857143472,-0.43214285714287715,1.0,1.0,0.0
382,2015,1.9800000000000182,0.15213215520553325,1198.85,1185.22,1183.79,1200.02,1198.04,-1,6.333333333333333,6.474747474747383,7.196969696969631,6.737373737373634,7.459595959595882,0.0,0.0,1.0
383,2015,3.769999999999982,0.27818478891055504,1186.26,1178.26,1176.93,1188.08,1184.31,-1,8.916666666666666,1.6047745358090142,1.9575596816975909,1.64190981432363,1.9946949602122064,0.0,0.0,1.0
384,2015,3.3600000000001273,0.25331179321487163,1177.08,1172.72,1174.25,1179.39,1176.03,1,7.816666666666666,-1.985119047618994,-1.5297619047618765,-1.9583333333332376,-1.50297619047612,1.0,1.0,0.0
385,2015,3.0299999999999727,0.23321787893781704,1177.17,1172.72,1173.09,1177.78,1174.75,1,5.333333333333333,-1.669966996699667,-1.5478547854785798,-1.6270627062706626,-1.5049504950495756,1.0,1.0,0.0
386,2015,1.509999999999991,0.12250101408124138,1174.49,1171.66,1173.82,1175.19,1173.68,-1,6.816666666666666,1.3377483443708569,-0.0927152317879957,1.3973509933774255,-0.033112582781427036,1.0,1.0,1.0
387,2015,7.620000000000118,0.611346704871068,1181.9,1176.67,1179.71,1187.44,1179.82,-1,8.383333333333333,0.4133858267716292,0.01443569553804439,0.46719160104985435,0.06824146981626952,0.0,0.0,0.0
388,2015,4.0499999999999545,0.31918486827290693,1176.94,1170.09,1171.98,1180.45,1176.4,-1,5.383333333333334,1.5580246913580849,1.0913580246913883,1.60987654320989,1.1432098765431935,0.0,0.0,1.0
389,2015,2.3099999999999454,0.18557410914098305,1174.15,1169.46,1168.37,1175.04,1172.73,-1,8.416666666666666,1.4155844155844413,1.8874458874459872,1.5108225108225504,1.9826839826840965,0.0,0.0,1.0
390,2015,1.7000000000000455,0.14039641340255177,1167.86,1163.38,1163.66,1168.72,1167.02,-1,7.0,2.141176470588103,1.9764705882351823,2.1999999999998128,2.035294117646892,0.0,0.0,1.0
392,2015,6.820000000000164,0.5912074303405698,1168.13,1167.15,1170.19,1174.44,1167.62,-1,5.95,0.06891495601169921,-0.37683284457479505,0.07478005865102326,-0.37096774193547094,0.0,0.0,0.0
393,2015,2.900000000000091,0.2517048977061445,1167.44,1153.32,1156.68,1169.98,1167.08,-1,5.083333333333333,4.744827586206744,3.5862068965515648,4.748275862068811,3.5896551724136305,0.0,0.0,1.0
394,2015,5.029999999999973,0.41705655907609934,1153.98,1160.63,1161.77,1156.55,1151.52,-1,6.883333333333334,-1.8111332007952639,-2.0377733598409655,-1.8051689860835396,-2.031809145129241,1.0,1.0,0.0
395,2015,3.3899999999998727,0.2882127892147819,1158.02,1163.47,1160.72,1159.35,1155.96,1,6.416666666666667,1.2153392330384285,0.40412979351037454,1.2595870206490094,0.44837758112095544,0.0,0.0,1.0
396,2015,4.920000000000073,0.4038224775751947,1161.54,1160.47,1161.39,1162.69,1157.77,1,6.983333333333333,-0.4512195121951208,-0.2642276422764096,-0.37195121951217486,-0.18495934959346363,0.0,0.0,0.0
397,2015,3.519999999999982,0.3074619416021942,1161.68,1153.74,1156.87,1164.21,1160.69,-1,5.616666666666666,1.9744318181818412,1.0852272727273249,2.0255681818181586,1.1363636363636422,0.0,0.0,1.0
398,2015,2.6000000000001364,0.22537304191692037,1156.02,1155.78,1154.55,1157.43,1154.83,-1,6.033333333333333,-0.3653846153846137,0.10769230769229154,-0.3653846153846137,0.10769230769229154,1.0,1.0,0.0
399,2015,2.0599999999999454,0.18154349741910594,1155.17,1145.47,1148.94,1156.77,1154.71,-1,6.566666666666666,4.485436893204007,2.800970873786473,4.504854368932145,2.8203883495146114,0.0,0.0,1.0
400,2015,3.240000000000009,0.27312138728323754,1147.58,1145.13,1144.87,1149.27,1146.03,-1,8.633333333333333,0.2777777777777349,0.35802469135804893,0.3765432098764804,0.45679012345679443,0.0,0.0,1.0
401,2015,1.6199999999998909,0.13908137609614551,1144.69,1132.73,1132.33,1145.26,1143.64,1,7.583333333333333,-7.7345679012350725,-7.981481481482058,-7.617283950617747,-7.864197530864733,1.0,1.0,0.0
402,2015,48.47000000000003,4.135665529010237,1108.3,1106.21,1105.46,1132.9,1084.43,0,,,,,,,,
403,2015,8.849999999999909,0.6184795088104567,1103.7,1108.09,1098.92,1105.81,1096.96,1,8.083333333333334,0.25762711864406734,-0.7785310734463213,0.29152542372880835,-0.7446327683615803,0.0,0.0,0.0
404,2015,10.560000000000173,0.7188563648740763,1093.5,1093.48,1093.52,1103.14,1092.58,-1,6.85,-0.08522727272727995,-0.08901515151515522,-0.06155303030303791,-0.06534090909091318,0.0,0.0,0.0
405,2015,6.099999999999909,0.4079877699216451,1097.93,1093.24,1089.89,1099.57,1093.47,1,6.033333333333333,-1.0377049180327904,-1.5868852459016363,-1.0,-1.5491803278688456,1.0,1.0,1.0
406,2015,13.899999999999864,0.8726457399103054,1083.64,1082.12,1096.73,1091.1,1077.2,0,,,,,,,,
407,2015,4.75,0.2820904386188176,1097.91,1095.39,1095.01,1099.06,1094.31,1,6.666666666666667,-0.7726315789473359,-0.8526315789473589,-0.6336842105263139,-0.7136842105263369,1.0,1.0,1.0
408,2015,3.4500000000000455,0.20973555082722067,1094.56,1095.42,1095.24,1095.8,1092.35,1,5.65,-0.11014492753619616,-0.16231884057969218,-0.028985507246350066,-0.08115942028984609,1.0,1.0,0.0
409,2015,3.2100000000000364,0.20406865861411524,1096.99,1094.25,1097.1,1097.81,1094.6,1,6.35,-1.109034267912743,-0.22118380062306178,-1.0934579439252183,-0.2056074766355372,1.0,1.0,0.0
410,2015,6.329999999999927,0.40278156531223935,1093.09,1093.94,1088.67,1098.62,1092.29,-1,7.0,-0.2606635071090221,0.5718799368088361,-0.20221169036334716,0.6303317535545111,0.0,0.0,1.0
411,2015,5.4500000000000455,0.333873014483878,1084.78,1094.22,1094.27,1089.39,1083.94,-1,6.0,-1.886238532110071,-1.895412844036668,-1.8623853211009185,-1.8715596330275157,1.0,1.0,0.0
412,2015,5.460000000000036,0.32003349382457835,1096.02,1092.14,1086.45,1097.43,1091.97,1,7.95,-0.9688644688644558,-2.0109890109890007,-0.8003663003662751,-1.8424908424908202,1.0,1.0,0.0
413,2015,4.639999999999873,0.26508875739644244,1083.41,1092.0,1087.45,1085.6,1080.96,1,6.783333333333333,1.3793103448276436,0.3987068965517645,1.44612068965522,0.46551724137934075,0.0,0.0,1.0
414,2015,2.769999999999982,0.15823404602578636,1085.84,1084.4,1085.14,1087.3,1084.53,1,6.733333333333333,-1.0469314079421959,-0.7797833935017576,-0.9277978339350011,-0.6606498194945629,1.0,1.0,0.0
415,2015,2.1599999999998545,0.12209795292121757,1084.3,1089.53,1090.59,1085.6,1083.44,1,6.5,1.8194444444445965,2.310185185185345,1.8657407407408537,2.356481481481602,0.0,0.0,1.0
416,2015,3.240000000000009,0.18621454082679972,1088.55,1097.24,1094.02,1091.29,1088.05,-1,5.05,-2.8364197530864286,-1.842592592592596,-2.7407407407407667,-1.746913580246934,1.0,1.0,0.0
417,2015,5.4099999999998545,0.3600323240005605,1094.58,1103.01,1103.42,1095.05,1089.64,1,5.533333333333333,1.471349353049954,1.5471349353050543,1.4953789279113006,1.571164510166401,0.0,0.0,1.0
418,2015,13.38000000000011,0.8642214532872042,1101.07,1107.24,1109.0,1107.16,1093.78,1,8.65,0.005979073243641748,0.13751868460387917,0.009715994020934834,0.14125560538117224,0.0,0.0,0.0
419,2015,11.490000000000009,0.7111405835543778,1110.63,1122.08,1124.33,1113.25,1101.76,1,6.916666666666667,0.7684943429068686,0.9643167972149624,0.7745865970408926,0.9704090513489865,0.0,0.0,1.0
420,2015,6.110000000000127,0.3694394057182426,1121.39,1115.67,1114.15,1126.68,1120.57,-1,8.0,0.8019639934533161,1.050736497544961,0.9901800327331961,1.238952536824841,0.0,0.0,1.0
421,2015,3.5499999999999545,0.2255400254129578,1113.73,1115.05,1113.76,1115.93,1112.38,1,7.483333333333333,-0.2478873239436959,-0.6112676056338311,-0.16056338028167427,-0.5239436619718095,0.0,1.0,1.0
422,2015,3.5399999999999636,0.23270883222988936,1116.51,1117.26,1117.11,1117.42,1113.88,1,6.516666666666667,-0.045197740113017935,-0.08757062146897626,-0.031073446327655675,-0.073446327683614,0.0,0.0,1.0
423,2015,2.599999999999909,0.1697365353229135,1118.53,1116.9,1116.42,1119.26,1116.66,1,5.366666666666666,-0.9076923076923009,-1.092307692307699,-0.8961538461538495,-1.0807692307692476,1.0,1.0,0.0
424,2015,2.1399999999998727,0.13969971090179167,1118.16,1127.52,1129.91,1118.35,1116.21,1,7.233333333333333,4.285046728972252,5.401869158878907,4.4018691588788,5.5186915887854555,0.0,0.0,1.0
425,2015,6.769999999999982,0.4373788647900315,1138.12,1149.16,1152.97,1139.37,1132.6,1,6.35,1.44608567208275,2.008862629246702,1.4564254062038633,2.0192023633678153,0.0,0.0,1.0
426,2015,14.88000000000011,0.9655172413793185,1162.86,1153.59,1158.39,1168.18,1153.3,-1,8.233333333333333,-0.01948924731182537,-0.3420698924731255,0.048387096774195025,-0.27419354838710513,0.0,0.0,0.0
427,2015,8.920000000000073,0.5625732047932297,1158.95,1158.43,1154.26,1164.43,1155.51,-1,6.883333333333334,-0.3273542600896916,0.1401345291479809,-0.16143497757848013,0.3060538116591924,1.0,1.0,0.0
428,2015,5.240000000000009,0.31533700137551685,1154.76,1135.87,1139.31,1156.53,1151.29,-1,7.4,2.9427480916030624,2.2862595419847325,3.118320610687045,2.461832061068715,0.0,0.0,1.0
429,2015,11.930000000000064,0.6816864617770746,1137.35,1122.54,1126.82,1146.45,1134.52,-1,5.566666666666666,1.0041911148365428,0.6454316848281647,1.0385582564962308,0.6797988264878528,0.0,0.0,1.0
430,2015,6.039999999999964,0.32113018380677344,1127.37,1123.2,1123.98,1129.11,1123.07,1,11.1,-0.9784768211920348,-0.8493377483443564,-0.9569536423841072,-0.8278145695364288,1.0,1.0,0.0
431,2015,7.939999999999827,0.43142125281377686,1130.82,1136.42,1134.68,1132.33,1124.39,1,6.516666666666667,0.5151133501259741,0.29596977329977175,0.5390428211586985,0.31989924433249606,1.0,1.0,0.0
432,2015,5.990000000000009,0.3282705707351452,1134.39,1131.57,1134.26,1135.18,1129.19,-1,13.083333333333334,-0.39732888146909484,-0.8464106844741116,-0.3539232053422183,-0.8030050083472351,0.0,1.0,0.0
433,2015,8.170000000000073,0.47490139090720807,1141.5,1138.44,1140.31,1142.52,1134.35,1,5.666666666666667,-0.4993880048959475,-0.2705018359853142,-0.46634026927783495,-0.23745410036720163,0.0,0.0,0.0
434,2015,4.5499999999999545,0.2763917212652378,1138.89,1133.67,1133.85,1139.98,1135.43,1,6.766666666666667,-1.3868131868131888,-1.3472527472527847,-1.3362637362637337,-1.2967032967033296,1.0,1.0,0.0
435,2015,2.4600000000000364,0.15122508123298722,1133.46,1124.43,1124.68,1133.81,1131.35,1,8.066666666666666,-3.8130081300811964,-3.7113821138210352,-3.491869918699102,-3.390243902438941,1.0,1.0,0.0
436,2015,3.060000000000173,0.18543046357616946,1124.66,1119.71,1121.26,1126.63,1123.57,-1,11.7,1.261437908496628,0.7549019607842533,1.3039215686273804,0.7973856209150055,1.0,1.0,0.0
438,2015,2.8099999999999454,0.16731169991068437,1121.92,1121.99,1121.58,1121.96,1119.15,1,5.0,0.01067615658362039,-0.13523131672602012,0.024911032028447577,-0.12099644128119293,1.0,1.0,0.0
439,2015,3.1299999999998818,0.19494616958803412,1124.18,1110.36,1108.37,1125.35,1122.22,-1,7.083333333333333,3.7891373801918773,4.424920127795738,3.913738019169477,4.5495207667733375,0.0,0.0,1.0
440,2015,4.579999999999927,0.28319053087182655,1107.19,1109.18,1111.61,1108.33,1103.75,1,9.433333333333334,0.18558951965068776,0.7161572052401801,0.2772925764192144,0.8078602620087068,0.0,0.0,1.0
441,2015,1.9299999999998363,0.12371794871793818,1111.86,1099.46,1105.24,1112.81,1110.88,-1,7.033333333333333,5.917098445596395,2.922279792746414,5.927461139896904,2.932642487046923,0.0,0.0,1.0
442,2015,4.9500000000000455,0.3329649738144458,1109.17,1107.4,1109.25,1109.68,1104.73,-1,12.6,-0.5393939393939491,-0.913131313131301,-0.47474747474749796,-0.8484848484848498,0.0,1.0,0.0
443,2015,2.8199999999999363,0.20446423947381573,1108.06,1104.35,1103.71,1109.35,1106.53,-1,9.566666666666666,0.7730496453901109,1.0,0.8297872340426236,1.0567375886525125,0.0,0.0,1.0
444,2015,1.6299999999998818,0.13334891602874033,1105.06,1119.56,1119.09,1105.56,1103.93,1,7.033333333333333,8.588957055215348,8.300613496933101,8.705521472393302,8.417177914111056,0.0,0.0,1.0
445,2015,3.6700000000000728,0.285032730500394,1120.61,1118.06,1132.15,1122.89,1119.22,-1,9.75,0.3160762942779452,-3.5231607629427266,0.34604904632151406,-3.493188010899158,0.0,1.0,1.0
446,2015,4.680000000000064,0.35850295469468646,1127.66,1137.26,1137.79,1132.19,1127.51,1,9.683333333333334,1.083333333333305,1.1965811965811608,1.1452991452991084,1.2585470085469643,0.0,0.0,1.0
447,2015,2.75,0.20706717581885647,1137.38,1131.21,1132.34,1138.7,1135.95,1,6.8,-2.7236363636363667,-2.312727272727319,-2.6290909090909156,-2.218181818181868,1.0,1.0,0.0
448,2015,2.490000000000009,0.1907210854579283,1133.6,1124.91,1125.87,1134.68,1132.19,1,8.383333333333333,-3.923694779116444,-3.5381526104418235,-3.8674698795180107,-3.48192771084339,1.0,1.0,0.0
449,2015,3.6000000000001364,0.2688860435339413,1124.51,1130.03,1131.0,1125.43,1121.83,1,6.766666666666667,1.2777777777777042,1.547222222222146,1.2972222222221932,1.5666666666666351,0.0,0.0,1.0
450,2015,5.809999999999945,0.43450854700854336,1135.08,1154.54,1151.18,1136.11,1130.3,1,7.733333333333333,3.17211703958696,2.5938037865749233,3.235800344234102,2.657487091222065,0.0,0.0,1.0
451,2015,5.019999999999982,0.35554206505792424,1147.07,1144.66,1146.63,1151.16,1146.14,-1,7.55,0.2948207171314788,-0.09760956175299021,0.3884462151394074,-0.003984063745061605,0.0,0.0,1.0
452,2015,4.540000000000191,0.318724300471381,1145.68,1134.28,1133.15,1148.15,1143.61,-1,7.65,2.055066079295052,2.303964757709112,2.1740088105726216,2.422907488986682,0.0,0.0,1.0
453,2015,2.1800000000000637,0.14421395832349357,1131.96,1131.38,1128.76,1133.74,1131.56,-1,5.883333333333334,0.08256880733937204,1.2844036697247123,0.14678899082565458,1.3486238532109949,1.0,1.0,1.0
454,2015,5.139999999999873,0.3637282652648521,1125.34,1113.56,1116.04,1128.04,1122.9,-1,8.166666666666666,1.8171206225681666,1.3346303501946104,1.850194552529227,1.3677042801556707,0.0,0.0,1.0
455,2015,2.0599999999999454,0.14206896551723777,1114.92,1115.6,1113.85,1116.22,1114.16,-1,6.533333333333333,-0.6990291262135269,0.15048543689329175,-0.6553398058252159,0.1941747572816027,1.0,1.0,1.0
456,2015,2.6900000000000546,0.19116751269035942,1111.97,1136.18,1137.77,1113.91,1111.22,-1,7.016666666666667,-9.278810408921759,-9.869888475836214,-9.100371747211717,-9.691449814126173,1.0,1.0,1.0
457,2015,2.2100000000000364,0.13647992942214618,1137.45,1136.42,1135.52,1138.52,1136.31,-1,5.65,-0.049773755656165396,0.3574660633483939,0.027149321266943187,0.43438914027150255,1.0,1.0,1.0
458,2015,2.599999999999909,0.1571200414382473,1136.0,1149.85,1147.43,1137.54,1134.94,1,7.2,4.734615384615529,3.8038461538463255,4.926923076923228,3.9961538461540242,0.0,0.0,1.0
459,2015,3.1699999999998454,0.1948456776572764,1148.37,1147.19,1146.24,1149.36,1146.19,1,6.516666666666667,-0.6845425867507733,-0.984227129337553,-0.6088328075709559,-0.9085173501577357,1.0,1.0,1.0
460,2015,4.6400000000001,0.2951653944020421,1143.57,1144.74,1142.18,1146.2,1141.56,-1,7.316666666666666,-0.6853448275862059,-0.13362068965519502,-0.6077586206896284,-0.05603448275861752,1.0,1.0,1.0
461,2015,5.880000000000109,0.37309644670051473,1144.98,1158.04,1156.8,1145.21,1139.33,1,5.166666666666667,2.1819727891155933,1.9710884353740992,2.205782312925134,1.9948979591836395,0.0,0.0,1.0
462,2015,4.120000000000118,0.2500433500953773,1157.23,1161.11,1162.16,1158.94,1154.82,1,6.516666666666667,0.526699029126161,0.7815533980582366,0.5558252427184218,0.8106796116504975,0.0,0.0,1.0
463,2015,10.860000000000127,0.6618203978583624,1153.85,1166.65,1165.54,1163.88,1153.02,-1,12.016666666666667,-1.2550644567219107,-1.152854511970519,-1.2025782688766131,-1.1003683241252216,1.0,1.0,0.0
464,2015,8.240000000000009,0.49162582569784774,1172.14,1176.16,1187.73,1174.72,1166.48,1,8.416666666666666,0.17475728155340448,1.5788834951456283,0.23665048543689846,1.6407766990291222,1.0,1.0,0.0
465,2015,4.819999999999936,0.28760175595618215,1183.83,1184.91,1186.31,1186.34,1181.52,1,6.733333333333333,-0.2966804979252812,-0.006224066390035915,-0.23651452282155347,0.05394190871369177,1.0,1.0,1.0
466,2015,5.099999999999909,0.2957378950420355,1179.12,1183.12,1182.06,1183.04,1177.94,-1,5.283333333333333,-1.0156862745097899,-0.807843137254895,-0.9901960784313812,-0.7823529411764863,1.0,1.0,0.0
467,2015,6.819999999999936,0.41276154245201,1172.0,1170.83,1172.0,1177.97,1171.15,-1,8.233333333333333,0.04692082111439395,-0.12463343108503182,0.12316715542524242,-0.04838709677418333,1.0,1.0,0.0
468,2015,3.880000000000109,0.23567182958046518,1168.55,1177.76,1176.12,1171.22,1167.34,1,7.233333333333333,1.6855670103092215,1.2628865979380737,1.737113402061809,1.3144329896906612,0.0,0.0,1.0
469,2015,3.1200000000001182,0.19206754023393524,1177.06,1165.92,1167.32,1179.16,1176.04,-1,6.566666666666666,3.2435897435895855,2.794871794871698,3.285256410256286,2.8365384615383977,0.0,0.0,1.0
470,2015,3.0399999999999636,0.1811526347152437,1166.14,1167.95,1164.67,1167.53,1164.49,1,7.716666666666667,0.13815789473686768,-0.9407894736841889,0.2631578947368303,-0.8157894736842263,1.0,1.0,0.0
471,2015,5.009999999999991,0.3379915188897439,1168.93,1163.54,1165.75,1169.4,1164.39,1,6.9,-1.1696606786427421,-0.7285429141716762,-1.1556886227544858,-0.7145708582834199,1.0,1.0,1.0
472,2015,3.199999999999818,0.2069666451076287,1165.19,1166.27,1163.61,1165.36,1162.16,1,5.3,0.28437500000004173,-0.5468750000000311,0.32812500000000444,-0.5031250000000684,0.0,0.0,1.0
473,2015,2.7899999999999636,0.1882046834345156,1164.88,1166.95,1166.23,1165.1,1162.31,1,5.15,0.6630824372760432,0.4050179211469978,0.7921146953405251,0.5340501792114798,1.0,1.0,1.0
474,2015,3.5599999999999454,0.2445294868020755,1167.75,1179.38,1156.7,1168.79,1165.23,1,5.633333333333334,2.9747191011236818,-3.396067415730366,3.0702247191011884,-3.3005617977528594,0.0,1.0,1.0
475,2015,4.1599999999998545,0.26506462770798184,1160.15,1149.85,1146.14,1162.1,1157.94,1,6.383333333333334,-2.9447115384616414,-3.83653846153855,-2.908653846153981,-3.800480769230889,1.0,1.0,0.0
476,2015,3.2999999999999545,0.212638652368018,1147.57,1139.83,1141.45,1147.99,1144.69,1,5.033333333333333,-2.4727272727273317,-1.9818181818181981,-2.4424242424243285,-1.951515151515195,1.0,1.0,0.0
477,2015,4.7000000000000455,0.3075916230366518,1140.93,1134.51,1135.2,1141.69,1136.99,1,5.733333333333333,-1.5276595744680839,-1.3808510638297757,-1.4829787234042469,-1.3361702127659387,1.0,1.0,0.0
478,2015,5.070000000000164,0.3429813964725889,1137.38,1122.93,1117.96,1138.13,1133.06,1,5.15,-2.998027613412141,-3.9783037475344027,-2.998027613412141,-3.9783037475344027,1.0,1.0,0.0
479,2015,3.490000000000009,0.23891252261503143,1122.0,1112.52,1108.28,1122.79,1119.3,-1,7.5,1.9426934097421074,3.1575931232091556,1.9570200573065644,3.1719197707736124,0.0,0.0,1.0
480,2015,3.269999999999982,0.22472020420184413,1110.41,1107.04,1105.17,1111.42,1108.15,1,6.883333333333334,-1.3394495412844445,-1.9113149847094908,-0.7645259938837963,-1.3363914373088426,1.0,1.0,0.0
481,2015,3.259999999999991,0.22578411002275575,1108.12,1087.76,1087.91,1108.57,1105.31,1,5.666666666666667,-6.383435582822087,-6.337423312883408,-6.371165644171791,-6.325153374233113,1.0,1.0,0.0
482,2015,4.7999999999999545,0.30883772232179474,1093.19,1089.87,1090.5,1093.87,1089.07,1,6.366666666666666,-0.8333333333333413,-0.7020833333333173,-0.8104166666666952,-0.6791666666666712,1.0,1.0,0.0
483,2015,2.8400000000001455,0.18792834522853905,1092.68,1088.25,1088.26,1093.68,1090.84,-1,8.5,0.9119718309858399,0.90845070422528,1.00704225352104,1.00352112676048,1.0,1.0,0.0
484,2015,4.769999999999982,0.3250742345324428,1091.97,1087.97,1084.12,1093.35,1088.58,1,6.616666666666666,-1.1278825995806923,-1.9350104821803047,-0.9161425576519723,-1.7232704402515846,1.0,1.0,0.0
485,2015,3.0699999999999363,0.20835757223191348,1087.5,1078.96,1083.29,1089.35,1086.28,-1,12.166666666666666,2.384364820846934,0.9739413680781991,2.449511400651511,1.0390879478827755,1.0,1.0,1.0
486,2015,4.740000000000009,0.3302642711392032,1083.69,1082.67,1082.85,1084.91,1080.17,1,7.366666666666666,-0.47257383966244826,-0.43459915611817906,-0.3396624472573622,-0.301687763713093,1.0,1.0,0.0
487,2015,4.740000000000009,0.3277684480885119,1093.12,1084.98,1082.14,1093.57,1088.83,1,5.516666666666667,-1.8122362869198105,-2.411392405063252,-1.7341772151898758,-2.3333333333333175,1.0,1.0,0.0
488,2015,3.8199999999999363,0.2532916548261776,1082.15,1075.3,1071.9,1085.3,1081.48,-1,5.5,1.6178010471204625,2.507853403141384,1.714659685863891,2.6047120418848126,0.0,0.0,1.0
489,2015,5.990000000000009,0.41846307385229636,1068.3,1068.48,1070.2,1070.66,1064.67,1,6.216666666666667,-0.3639398998330652,-0.07679465776294418,-0.24373956594324445,0.04340567612687655,0.0,0.0,0.0
490,2015,7.610000000000127,0.5510784668701278,1077.6,1082.94,1081.69,1079.13,1071.52,-1,13.25,-1.5006570302233748,-1.3363994743758085,-1.47043363994742,-1.306176084099854,1.0,1.0,0.0
491,2015,4.069999999999936,0.28423205467151774,1083.55,1079.04,1076.89,1084.24,1080.17,1,5.666666666666667,-1.2776412776413089,-1.805896805896812,-1.240786240786249,-1.769041769041752,1.0,1.0,0.0
492,2015,9.160000000000082,0.6334090684579726,1071.09,1069.11,1067.61,1076.68,1067.52,-1,13.466666666666667,-0.1735807860261904,-0.009825327510908007,-0.021834061135351124,0.14192139737993126,0.0,0.0,0.0
493,2015,3.0900000000001455,0.22802024035421717,1071.85,1074.72,1075.16,1072.14,1069.05,1,5.683333333333334,0.8349514563106167,0.9773462783171002,0.9320388349514478,1.0744336569579311,0.0,0.0,1.0
494,2015,6.369999999999891,0.48135154099421706,1077.93,1071.68,1070.68,1080.78,1074.41,-1,9.416666666666666,0.42857142857143876,0.5855572998430271,0.4583987441130134,0.6153846153846017,0.0,0.0,1.0
497,2015,5.2199999999998,0.3978008818246005,1055.54,1062.51,1065.22,1058.35,1053.13,1,13.15,0.7969348659004294,1.3160919540230616,0.8180076628352769,1.3371647509579092,0.0,0.0,1.0
498,2015,11.409999999999854,0.8369485486744128,1070.6,1065.91,1068.39,1074.62,1063.21,0,,,,,,,,
499,2015,2.7000000000000455,0.19664967225055024,1068.21,1055.99,1054.08,1070.54,1067.84,-1,5.466666666666667,4.388888888888781,5.096296296296207,4.444444444444369,5.151851851851795,0.0,0.0,1.0
500,2015,8.659999999999854,0.6161195243418965,1051.95,1055.85,1065.2,1055.04,1046.38,1,12.666666666666666,0.09353348729791675,1.1732101616628468,0.28521939953808795,1.3648960739030178,0.0,0.0,1.0
501,2015,5.019999999999982,0.33966458846841596,1061.17,1083.53,1085.16,1064.93,1059.91,-1,7.816666666666666,-4.705179282868521,-5.029880478087668,-4.669322709163374,-4.994023904382521,1.0,1.0,0.0
502,2015,3.730000000000018,0.23652504755865733,1085.7,1076.36,1072.65,1086.59,1082.86,-1,8.25,1.7426273458444954,2.7372654155495333,1.8284182305630376,2.8230563002680755,0.0,0.0,1.0
503,2015,5.740000000000009,0.3633404168738991,1072.56,1075.25,1073.18,1073.48,1067.74,1,6.533333333333333,0.30836236933797545,-0.05226480836236133,0.31533101045295164,-0.045296167247385104,1.0,1.0,0.0
504,2015,4.430000000000064,0.27952046151073096,1077.09,1070.97,1074.26,1078.39,1073.96,1,5.333333333333333,-1.6749435665914145,-0.9322799097065575,-1.399548532731367,-0.6568848758465101,1.0,1.0,0.0
505,2015,4.130000000000109,0.2630573248407716,1074.53,1072.48,1072.28,1076.41,1072.28,-1,6.2,-0.04842615012107511,-0.0,-0.014527845036306017,0.03389830508476909,0.0,0.0,0.0
506,2015,7.2000000000000455,0.469645436332296,1067.79,1074.6,1077.92,1072.96,1065.76,-1,10.716666666666667,-1.2277777777777588,-1.6888888888888896,-1.1458333333333262,-1.606944444444457,1.0,1.0,0.0
507,2015,6.400000000000091,0.4057603477945897,1076.13,1069.17,1065.44,1077.44,1071.04,-1,7.783333333333333,0.2921874999999788,0.8749999999999734,0.3296874999999797,0.9124999999999742,0.0,0.0,1.0
508,2015,4.9500000000000455,0.3043210960829116,1063.58,1059.8,1061.56,1066.15,1061.2,-1,9.75,0.2828282828282986,-0.07272727272725185,0.3414141414141493,-0.01414141414140115,1.0,1.0,0.0
509,2015,5.129999999999882,0.31989666384570137,1064.49,1075.14,1074.22,1066.36,1061.23,1,8.85,1.7115009746589478,1.5321637426901187,1.7582846003899448,1.5789473684211157,0.0,0.0,1.0
510,2015,8.180000000000064,0.4844536570920981,1067.84,1053.35,1050.83,1072.9,1064.72,-1,10.55,1.389975550122253,1.69804400977995,1.5403422982885133,1.8484107579462103,0.0,0.0,1.0
511,2015,4.539999999999964,0.264205844452756,1054.08,1064.5,1066.19,1055.73,1051.19,1,6.016666666666667,1.9317180616740204,2.3039647577092777,1.9779735682819581,2.3502202643172154,0.0,0.0,1.0
512,2015,6.110000000000127,0.3501719338464131,1068.83,1078.42,1080.05,1069.97,1063.86,1,5.55,1.382978723404234,1.6497545008182843,1.5139116202945675,1.780687397708618,0.0,0.0,1.0
513,2015,3.990000000000009,0.2228516715870105,1077.37,1076.17,1073.24,1079.86,1075.87,1,7.166666666666667,-0.9248120300751426,-1.6591478696741544,-0.8596491228069746,-1.5939849624059863,1.0,1.0,0.0
514,2015,1.9800000000000182,0.11571213892135669,1073.73,1069.37,1068.95,1074.65,1072.67,1,5.633333333333334,-2.6666666666667433,-2.8787878787878753,-2.5454545454546187,-2.7575757575757507,1.0,1.0,0.0
516,2015,4.7800000000002,0.3297851369998162,1073.54,1069.62,1067.82,1076.4,1071.62,-1,10.05,0.4184100418409867,0.7949790794978652,0.5418410041841082,0.9184100418409866,0.0,0.0,1.0
517,2015,5.5499999999999545,0.403259290014528,1071.87,1068.49,1069.35,1073.48,1067.93,1,6.066666666666666,-0.8990990990991081,-0.74414414414417,-0.8522522522522625,-0.6972972972973243,1.0,1.0,0.0
518,2015,2.8299999999999272,0.20974060349390639,1070.66,1061.76,1060.84,1071.1,1068.27,-1,8.316666666666666,2.3003533568905152,2.6254416961131644,2.4028268551237204,2.7279151943463695,1.0,1.0,0.0
519,2015,2.5599999999999454,0.19295789813717643,1062.28,1061.36,1059.58,1063.19,1060.63,1,7.5,-0.7148437500000756,-1.4101562500000797,-0.6171875000000736,-1.3125000000000777,1.0,1.0,0.0
520,2016,3.0399999999999636,0.2313043478260836,1065.31,1077.78,1075.14,1065.32,1062.28,1,5.0,4.098684210526377,3.2302631578948295,4.101973684210584,3.233552631579037,0.0,0.0,1.0
521,2016,5.160000000000082,0.3823840779165839,1077.28,1076.95,1078.61,1077.77,1072.61,1,5.65,-0.15891472868215567,0.16279069767440016,-0.11627906976742239,0.20542635658913344,0.0,0.0,0.0
522,2016,4.120000000000118,0.3216416662019826,1078.31,1087.53,1093.7,1079.17,1075.05,1,5.933333333333334,2.0291262135921504,3.5266990291261058,2.0849514563105997,3.582524271844555,0.0,0.0,1.0
523,2016,11.440000000000055,0.8442359390648894,1099.44,1102.72,1109.71,1102.77,1091.33,1,13.1,-0.004370629370625375,0.6066433566433586,0.12150349650350467,0.7325174825174886,0.0,0.0,0.0
524,2016,11.629999999999882,0.8510793999268079,1102.74,1102.93,1102.61,1112.87,1101.24,-1,7.116666666666666,-0.1453138435081747,-0.11779879621667282,-0.09458297506450108,-0.06706792777299919,0.0,0.0,0.0
525,2016,5.930000000000064,0.44353029169783453,1103.9,1099.33,1096.28,1108.48,1102.55,-1,8.816666666666666,0.5430016863406396,1.0573355817875068,0.6037099494098004,1.1180438448566674,0.0,0.0,1.0
526,2016,4.980000000000018,0.38366718027735014,1097.78,1088.21,1089.74,1098.01,1093.03,1,8.2,-1.9678714859437587,-1.6606425702811147,-1.929718875501981,-1.622489959839337,1.0,1.0,0.0
527,2016,4.769999999999982,0.3718469847987064,1083.27,1089.24,1093.59,1087.71,1082.94,-1,7.283333333333333,-1.3207547169811276,-2.232704402515703,-1.2767295597484154,-2.188679245282991,1.0,1.0,0.0
528,2016,3.6599999999998545,0.2749074521165188,1094.68,1082.37,1076.26,1095.12,1091.46,-1,5.933333333333334,2.4836065573771875,4.153005464481052,2.519125683060217,4.188524590164081,0.0,0.0,1.0
529,2016,5.910000000000082,0.4079278213282117,1080.88,1090.29,1088.48,1082.14,1076.23,1,6.716666666666667,1.3790186125211084,1.0727580372250136,1.3942470389170718,1.087986463620977,0.0,0.0,1.0
531,2016,5.320000000000164,0.34831408127953195,1088.18,1086.23,1087.48,1090.64,1085.32,1,8.1,-0.8289473684210426,-0.5939849624060122,-0.7593984962405713,-0.5244360902255409,1.0,1.0,0.0
532,2016,5.860000000000127,0.3762784937852671,1092.37,1101.96,1103.39,1093.63,1087.77,1,7.183333333333334,1.4215017064845983,1.66552901023887,1.5034129692832345,1.7474402730375063,0.0,0.0,1.0
533,2016,5.369999999999891,0.3309707241910566,1101.92,1094.6,1100.55,1102.58,1097.21,1,5.083333333333333,-1.4860335195531063,-0.37802607076350353,-1.4655493482309643,-0.3575418994413616,1.0,1.0,0.0
534,2016,3.5499999999999545,0.2124930522895352,1099.59,1099.83,1096.73,1101.44,1097.89,-1,6.316666666666666,-0.5464788732393949,0.32676056338030895,-0.38591549295772065,0.48732394366198317,1.0,1.0,1.0
535,2016,4.4099999999998545,0.2800889171165356,1101.84,1106.2,1105.22,1102.04,1097.63,1,5.133333333333334,0.9433106575964215,0.7210884353741879,0.9546485260771372,0.7324263038549036,0.0,0.0,1.0
536,2016,6.240000000000009,0.392311837614515,1112.4,1118.6,1121.99,1113.67,1107.43,1,6.25,0.7900641025640752,1.3333333333333213,0.8685897435897175,1.4118589743589636,0.0,0.0,1.0
537,2016,4.190000000000055,0.26905788459774743,1119.84,1116.43,1127.49,1122.19,1118.0,-1,7.216666666666667,0.3747016706443713,-2.2649164677804023,0.4701670644391412,-2.1694510739856323,0.0,1.0,0.0
538,2016,5.960000000000036,0.39278821258767904,1120.09,1115.5,1115.48,1124.8,1118.84,-1,5.016666666666667,0.5604026845637412,0.5637583892617247,0.659395973154369,0.6627516778523526,0.0,0.0,1.0
539,2016,9.670000000000073,0.661972519681195,1115.43,1117.72,1116.29,1118.13,1108.46,1,15.633333333333333,-0.042399172699077434,-0.19027921406412943,0.028955532574971108,-0.1189245087900809,0.0,0.0,0.0
540,2016,5.439999999999827,0.38144846238604446,1122.15,1125.83,1128.39,1122.33,1116.89,1,6.0,0.6433823529411969,1.1139705882353612,0.6893382352941395,1.159926470588304,0.0,0.0,1.0
541,2016,5.490000000000009,0.390568626454597,1125.32,1127.72,1127.64,1130.39,1124.9,-1,5.166666666666667,-0.5136612021857799,-0.49908925318761466,-0.5009107468123853,-0.4863387978142201,1.0,1.0,0.0
542,2016,3.099999999999909,0.22869789745480704,1126.6,1137.57,1138.32,1129.01,1125.91,1,6.2,2.7612903225807086,3.0032258064516832,2.793548387096809,3.0354838709677843,1.0,1.0,0.0
543,2016,3.9700000000000273,0.2970286447199673,1141.11,1151.66,1155.91,1143.54,1139.57,1,7.0,2.0453400503778494,3.1158690176322503,2.1183879093199054,3.188916876574306,0.0,0.0,1.0
544,2016,3.8700000000001182,0.2946647087616335,1155.21,1153.54,1162.34,1156.88,1153.01,1,9.233333333333333,-0.8630490956072464,1.410852713178202,-0.7235142118862711,1.5503875968991774,1.0,1.0,1.0
545,2016,4.279999999999973,0.2889660493827137,1166.3,1193.08,1195.09,1168.58,1164.3,-1,7.1,-6.724299065420597,-7.193925233644897,-6.672897196261712,-7.142523364486012,1.0,1.0,0.0
546,2016,4.910000000000082,0.29628033274428295,1192.75,1195.0,1190.44,1195.48,1190.57,-1,7.65,-0.9022403258655783,0.026476578411380774,-0.737270875763713,0.1914460285132462,1.0,1.0,1.0
547,2016,5.4699999999998,0.34273182957392223,1191.31,1192.16,1193.6,1194.37,1188.9,-1,7.283333333333333,-0.5959780621572414,-0.8592321755027404,-0.5338208409506727,-0.7970749542961717,0.0,1.0,1.0
548,2016,16.11999999999989,0.9877450980392098,1208.89,1246.6,1244.45,1214.3,1198.18,1,8.533333333333333,2.0037220843672565,1.8703473945409612,2.1147642679900835,1.9813895781637885,0.0,0.0,1.0
549,2016,10.710000000000036,0.5264562339805507,1233.0,1237.85,1238.05,1243.33,1232.62,-1,5.0,-0.4883286647992531,-0.5070028011204524,-0.4528478057889722,-0.47152194211017157,1.0,1.0,0.0
551,2016,18.059999999999945,0.8234221324822487,1193.59,1215.77,1203.71,1208.83,1190.77,1,9.883333333333333,0.38427464008859774,-0.2834994462901388,0.3992248062015536,-0.26854928017718294,0.0,0.0,0.0
552,2016,13.939999999999827,0.6095511759377759,1208.46,1209.95,1208.31,1209.62,1195.68,1,7.35,0.02367288378767279,-0.09397417503586526,0.07675753228120155,-0.0408895265423365,0.0,0.0,0.0
553,2016,3.599999999999909,0.15509123919130613,1208.99,1214.91,1233.88,1210.26,1206.66,-1,7.083333333333333,-2.2916666666667247,-7.56111111111131,-2.241666666666769,-7.5111111111113535,1.0,1.0,1.0
554,2016,7.350000000000136,0.29053844199113993,1227.18,1230.86,1231.94,1232.19,1224.84,-1,7.216666666666667,-0.8190476190476014,-0.9659863945578238,-0.786394557823111,-0.9333333333333333,1.0,1.0,0.0
555,2016,11.539999999999964,0.45397324940991246,1215.63,1211.78,1207.62,1226.09,1214.55,-1,7.616666666666666,0.24003466204505983,0.6005199306759172,0.2616984402079715,0.622183708838829,0.0,0.0,1.0
556,2016,15.799999999999955,0.5956323881842898,1220.0,1224.92,1222.93,1222.96,1207.16,1,13.416666666666666,0.12405063291139506,-0.0018987341772134685,0.191772151898733,0.06582278481012446,0.0,0.0,0.0
557,2016,7.459999999999809,0.27806176783811914,1227.92,1247.64,1229.53,1231.86,1224.4,-1,7.2,-3.1152815013405637,-0.6876675603217176,-3.0563002680966176,-0.6286863270777714,1.0,1.0,0.0
558,2016,12.809999999999945,0.4598579450755136,1232.62,1238.28,1238.35,1236.75,1223.94,1,6.3,0.11943793911006864,0.12490241998438063,0.19672131147540925,0.20218579234972126,0.0,0.0,0.0
559,2016,7.060000000000173,0.26042737069534055,1237.29,1216.97,1225.5,1239.92,1232.86,1,5.583333333333333,-3.250708215297377,-2.0424929178469857,-3.12606232294609,-1.9178470254956985,1.0,1.0,0.0
560,2016,6.629999999999882,0.24964363519001243,1226.16,1231.62,1238.76,1226.57,1219.94,1,5.116666666666666,0.7616892911010625,1.8386123680241737,0.8144796380090438,1.8914027149321548,0.0,0.0,1.0
561,2016,11.839999999999918,0.4357632955650756,1244.8,1234.29,1234.38,1248.48,1236.64,-1,14.616666666666667,0.19847972972974262,0.19087837837837893,0.2761824324324328,0.2685810810810691,0.0,0.0,0.0
562,2016,8.099999999999909,0.29485179407176,1227.84,1238.1,1239.74,1232.82,1224.72,1,13.066666666666666,0.6518518518518558,0.8543209876543396,0.8222222222222135,1.0246913580246972,0.0,0.0,1.0
563,2016,4.480000000000018,0.18512396694214978,1239.15,1253.84,1260.3,1241.84,1237.36,1,6.683333333333334,2.6785714285714177,4.1205357142857055,2.7991071428571233,4.241071428571411,0.0,0.0,1.0
564,2016,7.0,0.2753505099603835,1261.85,1268.74,1259.69,1262.72,1255.72,1,8.283333333333333,0.8599999999999974,-0.43285714285713894,1.0185714285714442,-0.2742857142856922,1.0,1.0,1.0
565,2016,11.980000000000018,0.4797757308770536,1259.64,1266.43,1267.72,1268.6,1256.62,1,10.383333333333333,-0.18113522537561286,-0.07345575959932224,-0.15859766277127385,-0.05091819699498323,0.0,0.0,0.0
566,2016,7.680000000000064,0.3163934908630815,1265.5,1269.01,1263.38,1273.01,1265.33,1,7.816666666666666,-0.520833333333329,-1.2539062499999742,-0.4635416666666557,-1.1966145833333008,1.0,1.0,0.0
567,2016,13.5,0.5567338282078477,1254.4,1253.33,1253.69,1264.98,1251.48,-1,11.75,-0.1370370370370303,-0.1637037037037064,-0.07851851851851448,-0.10518518518519057,0.0,0.0,0.0
568,2016,6.129999999999882,0.2661745549283491,1249.93,1266.99,1267.9,1255.02,1248.89,-1,5.733333333333333,-2.9526916802610534,-3.101141924959275,-2.931484502447043,-3.079934747145265,1.0,1.0,1.0
569,2016,13.8599999999999,0.5638566820678189,1270.92,1259.17,1258.88,1283.37,1269.51,-1,6.9,0.7460317460317455,0.766955266955264,0.8275613275613355,0.848484848484854,0.0,0.0,1.0
570,2016,4.690000000000055,0.18494732691116197,1254.88,1243.74,1233.05,1256.66,1251.97,1,6.0,-2.754797441364589,-5.034115138592719,-2.6695095948826943,-4.948827292110824,1.0,1.0,0.0
571,2016,10.8599999999999,0.4206623689234388,1229.52,1233.85,1233.45,1236.62,1225.76,1,12.6,-0.25506445672191597,-0.291896869244924,-0.11510128913443937,-0.1519337016574474,0.0,0.0,0.0
572,2016,4.970000000000027,0.2037481698389468,1232.27,1229.46,1260.73,1234.99,1230.02,1,7.05,-1.1126760563380165,5.179074446680054,-1.0724346076458546,5.219315895372215,1.0,1.0,0.0
573,2016,7.9500000000000455,0.3092869449230273,1256.28,1264.32,1256.8,1262.3,1254.35,1,7.433333333333334,0.2540880503144617,-0.6918238993710653,0.3157232704402486,-0.6301886792452782,0.0,0.0,1.0
574,2016,9.049999999999955,0.3646672806815544,1262.68,1253.71,1253.34,1266.87,1257.82,-1,8.633333333333333,0.454143646408831,0.4950276243093968,0.5624309392265131,0.6033149171270789,0.0,0.0,1.0
575,2016,4.570000000000164,0.18561606080826898,1251.4,1246.01,1244.19,1255.38,1250.81,-1,5.683333333333334,1.0503282275710684,1.4485776805250883,1.1159737417942508,1.5142231947482707,0.0,0.0,1.0
576,2016,3.8900000000001,0.16100517368810446,1244.23,1252.17,1248.06,1246.91,1243.02,1,5.65,1.352185089974256,0.29562982005137123,1.5578406169665853,0.5012853470437006,0.0,0.0,1.0
577,2016,17.74000000000001,0.7391006755349219,1234.69,1223.15,1219.8,1249.36,1231.62,-1,7.616666666666666,0.4774520856820629,0.6662908680946973,0.49379932356256967,0.6826381059752041,0.0,0.0,0.0
578,2016,8.430000000000064,0.3479363207547193,1218.67,1220.46,1217.09,1223.21,1214.78,-1,7.0,-0.6737841043890891,-0.2740213523131587,-0.6346381969157884,-0.23487544483985803,1.0,1.0,0.0
579,2016,6.3900000000001,0.27814569536424266,1211.53,1220.12,1219.93,1214.68,1208.29,1,6.9,0.8513302034428392,0.8215962441314425,0.8654147104851152,0.8356807511737187,0.0,0.0,1.0
580,2016,5.650000000000091,0.2472261290826731,1218.95,1226.06,1240.95,1222.92,1217.27,-1,5.333333333333333,-1.555752212389349,-4.19115044247782,-1.5115044247787304,-4.146902654867201,1.0,1.0,0.0
581,2016,7.889999999999873,0.3349404166287584,1234.87,1233.46,1228.29,1242.61,1234.72,-1,5.0,0.15969581749049572,0.8149556400507183,0.1787072243345852,0.8339670468948078,1.0,1.0,0.0
582,2016,5.019999999999982,0.21402034228637484,1227.28,1234.76,1232.54,1228.84,1223.82,1,5.766666666666667,1.1792828685259151,0.737051792828697,1.2390438247012052,0.7968127490039869,0.0,0.0,1.0
583,2016,5.080000000000155,0.23041534374393247,1229.72,1212.47,1220.06,1234.4,1229.32,1,7.5,-4.316929133858149,-2.822834645669234,-4.14370078740144,-2.649606299212525,1.0,1.0,0.0
584,2016,6.339999999999918,0.29581736377270096,1218.6,1218.19,1215.92,1222.48,1216.14,-1,7.5,-0.32334384858043863,0.034700315457418,-0.27760252365930815,0.0804416403785485,1.0,1.0,0.0
585,2016,12.039999999999964,0.6102382159148491,1225.11,1229.73,1228.46,1226.81,1214.77,1,6.633333333333334,0.24252491694352837,0.13704318936877874,0.26993355481727654,0.16445182724252694,0.0,0.0,0.0
586,2016,4.0900000000001455,0.2003288668089497,1229.16,1221.87,1222.89,1232.15,1228.06,-1,7.016666666666667,1.5134474327627956,1.2640586797065188,1.5476772616136747,1.2982885085573976,0.0,0.0,1.0
587,2016,4.269999999999982,0.22627654339679693,1225.68,1239.03,1240.07,1227.36,1223.09,1,5.55,2.733021077283401,2.9765807962529487,2.7728337236533886,3.016393442622936,0.0,0.0,1.0
588,2016,4.3900000000001,0.22946535244922872,1237.71,1238.01,1240.0,1240.22,1235.83,-1,5.983333333333333,-0.49658314350797583,-0.949886104783594,-0.44419134396355375,-0.897494305239172,0.0,1.0,1.0
589,2016,8.089999999999918,0.4326699010581765,1250.04,1257.76,1256.61,1252.01,1243.92,1,5.533333333333333,0.7107540173053224,0.5686032138442467,0.7243510506798466,0.582200247218771,0.0,0.0,0.0
590,2016,6.599999999999909,0.34713351867157105,1254.52,1254.34,1256.91,1259.77,1253.17,-1,6.05,-0.1772727272727063,-0.5666666666666759,-0.14393939393936836,-0.5333333333333379,1.0,1.0,0.0
591,2016,4.9500000000000455,0.26601665962919163,1252.89,1247.87,1243.86,1256.7,1251.75,-1,5.8,0.7838383838383987,1.5939393939393995,0.8,1.610101010101001,0.0,0.0,1.0
592,2016,13.230000000000018,0.76059461235217,1232.74,1231.54,1225.88,1242.25,1229.02,1,9.15,-0.8095238095238112,-1.2373393801965131,-0.639455782312927,-1.067271352985629,0.0,1.0,0.0
593,2016,5.079999999999927,0.28222222222221843,1229.3,1229.38,1232.17,1230.29,1225.21,1,6.183333333333334,-0.17913385826769046,0.3700787401575071,0.019685039370105878,0.5688976377953034,0.0,0.0,1.0
594,2016,6.259999999999991,0.35368658945074444,1234.45,1235.31,1233.48,1239.59,1233.33,-1,7.683333333333334,-0.31629392971246345,-0.0239616613418676,-0.041533546325877205,0.25079872204471865,1.0,1.0,0.0
595,2016,7.559999999999945,0.4565611250107815,1233.43,1253.57,1251.88,1235.21,1227.65,1,7.35,2.428571428571433,2.2050264550264806,2.4404761904762142,2.2169312169312616,0.0,0.0,1.0
596,2016,8.529999999999973,0.497521143190434,1252.03,1253.85,1250.68,1257.92,1249.39,-1,5.483333333333333,-0.5228604923798151,-0.1512309495896797,-0.2848769050410134,0.08675263774912209,0.0,0.0,0.0
597,2016,7.8400000000001455,0.4590547887913099,1248.31,1250.56,1248.98,1251.19,1243.35,1,6.616666666666666,-0.08035714285715528,-0.2818877551020402,-0.011479591836753043,-0.21301020408163798,0.0,0.0,1.0
598,2016,8.75,0.5116317921730781,1249.7,1242.45,1231.53,1252.47,1243.72,-1,13.666666666666666,0.14514285714285508,1.3931428571428635,0.2914285714285662,1.5394285714285745,0.0,0.0,1.0
599,2016,4.360000000000127,0.23791705643904681,1233.76,1239.99,1236.83,1234.4,1230.04,1,6.083333333333333,1.282110091743063,0.5573394495412306,1.3463302752293456,0.6215596330275132,0.0,0.0,1.0
600,2016,5.690000000000055,0.3227060968199344,1235.85,1241.68,1242.09,1240.89,1235.2,-1,5.566666666666666,-1.138840070298762,-1.210896309314553,-1.0878734622144104,-1.1599297012302014,1.0,1.0,0.0
601,2016,4.589999999999918,0.2624892773987944,1243.74,1244.58,1246.94,1246.82,1242.23,1,7.933333333333334,-0.48801742919391045,0.02614379084969943,-0.33551198257080417,0.17864923747280573,0.0,1.0,0.0
602,2016,12.289999999999964,0.7240058910161985,1247.05,1256.0,1264.78,1249.96,1237.67,1,5.983333333333333,0.49145646867371695,1.2058584214808772,0.5313262815296983,1.2457282343368585,0.0,0.0,1.0
603,2016,15.889999999999873,0.8674257194104281,1274.66,1289.69,1291.1,1280.8,1264.91,1,14.15,0.5594713656387773,0.6482064191315315,0.634361233480191,0.7230962869729454,0.0,0.0,0.0
604,2016,4.360000000000127,0.22699044289911796,1291.59,1293.43,1290.53,1295.95,1291.59,-1,5.0,-0.4220183486238743,0.24311926605502626,-0.4220183486238743,0.24311926605502626,1.0,1.0,0.0
605,2016,7.449999999999818,0.38129706807047375,1294.37,1284.37,1286.22,1296.86,1289.41,-1,6.983333333333333,0.6765100671141361,0.428187919463105,0.7476510067114496,0.4993288590604185,1.0,1.0,0.0
606,2016,8.799999999999955,0.4464900518247354,1279.55,1283.47,1279.15,1287.61,1278.81,-1,10.716666666666667,-0.5295454545454665,-0.03863636363638037,-0.5011363636363755,-0.010227272727289316,1.0,1.0,0.0
607,2016,5.860000000000127,0.29966760419330696,1280.93,1277.08,1274.55,1283.15,1277.29,1,6.25,-1.0358361774744083,-1.4675767918088651,-0.9505119453924987,-1.3822525597269557,1.0,1.0,0.0
608,2016,6.210000000000036,0.30974775545104866,1278.48,1291.14,1288.77,1280.52,1274.31,1,9.916666666666666,1.7101449275362408,1.3285024154589293,1.753623188405803,1.3719806763284914,0.0,0.0,1.0
609,2016,3.980000000000018,0.1920121299838041,1284.04,1267.33,1263.6,1287.5,1283.52,-1,6.5,4.067839195979895,5.005025125628136,4.165829145728663,5.103015075376905,0.0,0.0,1.0
610,2016,6.850000000000136,0.33270885373300585,1264.69,1260.73,1267.21,1266.21,1259.36,1,6.7,-0.7999999999999867,0.14598540145985112,-0.7459854014598245,0.20000000000001328,1.0,1.0,0.0
611,2016,6.480000000000018,0.3180479596129576,1270.1,1274.56,1275.97,1271.17,1264.69,1,5.483333333333333,0.523148148148127,0.7407407407407316,0.5540123456789982,0.7716049382716028,0.0,0.0,1.0
612,2016,6.789999999999964,0.34851151195189634,1272.25,1272.8,1270.38,1278.46,1271.67,-1,5.983333333333333,-0.16642120765830454,0.18998527245949492,-0.025036818851229204,0.33136966126657025,1.0,1.0,0.0
613,2016,4.690000000000055,0.24628657164291307,1268.95,1271.3,1273.15,1269.56,1264.87,1,5.183333333333334,0.3710021321961597,0.7654584221748622,0.3901918976545642,0.7846481876332667,1.0,1.0,1.0
614,2016,7.039999999999964,0.36799462345517403,1276.43,1273.96,1272.68,1279.36,1272.32,1,7.033333333333333,-0.7670454545454392,-0.948863636363618,-0.6832386363636321,-0.865056818181811,0.0,1.0,1.0
615,2016,6.849999999999909,0.35218508997428755,1278.48,1281.09,1276.95,1280.84,1273.99,-1,7.15,-1.036496350364964,-0.43211678832117895,-0.8481751824817552,-0.24379562043797007,1.0,1.0,0.0
616,2016,6.310000000000173,0.324207281268358,1274.82,1269.7,1262.83,1280.42,1274.11,-1,6.616666666666666,0.6988906497622399,1.7876386687796615,0.7480190174326304,1.836767036450052,0.0,0.0,1.0
617,2016,6.210000000000036,0.32675611681136635,1257.48,1249.8,1254.49,1261.25,1255.04,-1,6.616666666666666,0.8438003220611882,0.08856682769725464,0.8888888888888807,0.13365539452494724,0.0,0.0,1.0
618,2016,5.2000000000000455,0.2889691580994737,1254.2,1252.18,1251.79,1259.05,1253.85,-1,5.016666666666667,0.3211538461538136,0.3961538461538322,0.3365384615384586,0.4115384615384772,1.0,1.0,0.0
619,2016,4.980000000000018,0.2819475897767718,1254.26,1247.37,1250.65,1255.92,1250.94,-1,6.933333333333334,0.7168674698795483,0.05823293172690011,0.8032128514056196,0.14457831325297135,0.0,0.0,1.0
620,2016,7.7999999999999545,0.4536956250778974,1245.02,1234.28,1228.27,1252.19,1244.39,-1,6.75,1.29615384615387,2.066666666666694,1.3205128205128225,2.091025641025646,0.0,0.0,1.0
621,2016,6.860000000000127,0.38613702155034413,1228.51,1221.18,1224.77,1230.18,1223.32,-1,7.2,0.31195335276965497,-0.21137026239067325,0.3731778425655828,-0.15014577259474543,0.0,0.0,0.0
622,2016,12.0,0.6894004678074588,1229.3,1222.41,1219.99,1234.06,1222.06,-1,15.983333333333333,-0.029166666666678037,0.17249999999999469,-0.010000000000009853,0.19166666666666288,0.0,0.0,0.0
623,2016,11.509999999999991,0.6758661186142088,1218.27,1213.05,1208.8,1223.03,1211.52,1,9.666666666666666,-0.8670721112076478,-1.2363162467419662,-0.844483058210255,-1.2137271937445733,0.0,1.0,0.0
625,2016,6.079999999999927,0.3721580972367909,1212.67,1212.54,1216.71,1214.28,1208.2,1,6.4,-0.2861842105263207,0.3996710526315942,-0.19078947368422627,0.4950657894736886,0.0,0.0,0.0
626,2016,6.120000000000118,0.38185221499242994,1214.22,1211.03,1210.62,1219.89,1213.77,-1,5.083333333333333,0.44771241830064645,0.5147058823529461,0.4738562091503325,0.5408496732026322,1.0,1.0,0.0
627,2016,4.679999999999836,0.2977505112474325,1214.56,1210.7,1210.84,1215.81,1211.13,1,6.0,-1.0918803418803587,-1.061965811965855,-1.0726495726496064,-1.0427350427351025,1.0,1.0,0.0
628,2016,4.360000000000127,0.2808244387191833,1211.22,1239.39,1241.41,1211.9,1207.54,1,5.233333333333333,6.305045871559451,6.7683486238530115,6.305045871559451,6.7683486238530115,0.0,0.0,1.0
629,2016,7.870000000000118,0.46564111233201544,1241.73,1245.29,1245.26,1248.71,1240.84,-1,6.7,-0.5654383735705183,-0.5616264294790351,-0.5501905972045569,-0.5463786531130737,0.0,0.0,0.0
630,2016,3.7000000000000455,0.2230451257320039,1243.07,1241.14,1244.16,1246.5,1242.8,-1,5.45,0.4486486486486038,-0.36756756756759745,0.50810810810807,-0.3081081081081314,0.0,0.0,1.0
631,2016,6.230000000000018,0.39906661786237274,1248.21,1260.99,1260.76,1249.16,1242.93,1,6.783333333333333,1.898876404494365,1.8619582664526284,1.9534510433386898,1.9165329052969533,0.0,0.0,1.0
632,2016,5.889999999999873,0.3708567573645072,1262.9,1265.93,1270.06,1266.35,1260.46,-1,8.066666666666666,-0.9286926994906869,-1.629881154499171,-0.7928692699490957,-1.4940577249575797,1.0,1.0,0.0
633,2016,3.8099999999999454,0.2361849096705597,1267.74,1276.7,1275.38,1269.19,1265.38,-1,6.15,-2.97112860892391,-2.624671916010536,-2.792650918635237,-2.4461942257218627,1.0,1.0,0.0
634,2016,5.989999999999782,0.3700794351279655,1274.59,1282.87,1282.39,1278.37,1272.38,1,6.783333333333333,0.7512520868113797,0.6711185308848674,0.8247078464106857,0.7445742904841735,0.0,0.0,1.0
635,2016,4.2000000000000455,0.2729805013927611,1279.96,1285.83,1285.29,1283.55,1279.35,-1,5.966666666666667,-1.5428571428571305,-1.414285714285712,-1.5357142857142259,-1.4071428571428073,1.0,1.0,0.0
636,2016,3.7799999999999727,0.24456973842314308,1283.78,1283.13,1291.36,1286.06,1282.28,1,7.0,-0.7751322751322374,1.4021164021164003,-0.6746031746031674,1.5026455026454701,1.0,1.0,0.0
637,2016,9.650000000000091,0.6172895915196996,1300.13,1312.86,1286.21,1301.26,1291.61,1,5.516666666666667,1.2020725388600828,-1.55958549222796,1.236269430051785,-1.5253886010362578,0.0,1.0,1.0
638,2016,9.629999999999882,0.5599767403223068,1284.06,1288.77,1293.15,1286.12,1276.49,1,11.55,0.27518172377986744,0.7300103842160214,0.30218068535826764,0.7570093457944217,0.0,0.0,1.0
639,2016,11.230000000000018,0.6269489970889682,1283.65,1286.48,1286.55,1292.26,1281.03,-1,5.433333333333334,-0.48530721282279937,-0.49154051647372865,-0.4487978628673157,-0.45503116651824504,0.0,0.0,0.0
640,2016,9.009999999999991,0.4829804341999471,1285.9,1269.35,1269.21,1294.15,1285.14,-1,6.233333333333333,1.7524972253052393,1.7680355160932386,1.769145394006667,1.7846836847946663,0.0,0.0,1.0
641,2016,4.419999999999845,0.22395946435033642,1268.35,1267.08,1264.91,1270.59,1266.17,-1,6.583333333333333,-0.20588235294115076,0.28506787330317535,-0.0678733031674129,0.4230769230769132,0.0,0.0,1.0
642,2016,7.310000000000173,0.3720642768850527,1265.02,1263.64,1261.51,1266.9,1259.59,1,7.166666666666667,-0.4459644322845299,-0.7373461012311864,-0.17099863201093987,-0.46238030095759636,1.0,1.0,0.0
643,2016,100.21000000000004,5.409238124614449,1336.22,1315.72,1318.11,1358.0,1257.79,0,,,,,,,,
644,2016,12.370000000000118,0.493601254097198,1323.99,1324.16,1327.5,1335.39,1323.02,-1,5.066666666666666,-0.0921584478577275,-0.3621665319320918,0.011317704122867528,-0.25869037995149674,0.0,0.0,0.0
645,2016,9.720000000000027,0.37871535121897076,1317.62,1312.68,1312.97,1326.01,1316.29,-1,5.366666666666666,0.3713991769547212,0.34156378600822296,0.4032921810699418,0.37345679012344357,0.0,0.0,1.0
646,2016,8.560000000000173,0.3342817294281801,1317.71,1324.29,1322.86,1321.14,1312.58,1,6.916666666666667,0.36799065420558413,0.2009345794392249,0.38084112149531835,0.21378504672895915,0.0,0.0,0.0
647,2016,3.9199999999998454,0.1529841384885509,1314.83,1319.34,1320.01,1317.85,1313.93,-1,8.033333333333333,-1.3801020408163438,-1.5510204081633079,-1.275510204081683,-1.4464285714286471,1.0,1.0,0.0
648,2016,10.490000000000009,0.41211134807498084,1330.41,1336.15,1337.58,1331.05,1320.56,1,6.5,0.4861773117254654,0.6224976167778805,0.5748331744518775,0.7111534795042926,0.0,0.0,0.0
650,2016,14.279999999999973,0.5417739356656991,1343.91,1344.58,1355.08,1352.29,1338.01,1,14.7,-0.5399159663865583,0.19537815126050204,-0.504201680672273,0.23109243697478718,0.0,0.0,0.0
651,2016,12.549999999999955,0.4711339929745511,1366.92,1372.32,1363.13,1371.22,1358.67,1,10.7,0.08764940239043131,-0.644621513944219,0.13466135458166004,-0.5976095617529902,0.0,0.0,0.0
652,2016,5.230000000000018,0.20875862462222802,1367.77,1353.81,1360.3,1370.6,1365.37,-1,11.0,2.210325047801129,0.9694072657743631,2.3690248565965693,1.1281070745698032,0.0,0.0,1.0
653,2016,7.400000000000091,0.29821531375935895,1358.99,1354.87,1362.49,1361.97,1354.57,-1,8.116666666666667,-0.040540540540533895,-1.0702702702702669,0.006756756756781255,-1.0229729729729518,1.0,1.0,0.0
654,2016,9.629999999999882,0.37219446208209794,1368.49,1358.45,1354.13,1372.76,1363.13,-1,6.983333333333333,0.48598130841122755,0.9345794392523479,0.49740394600207916,0.9460020768431996,0.0,0.0,1.0
655,2016,5.870000000000118,0.2316756878664909,1356.01,1344.06,1334.02,1357.65,1351.78,-1,10.733333333333333,1.315161839863692,3.02555366269159,1.451448040885828,3.161839863713726,0.0,0.0,1.0
656,2016,12.88000000000011,0.48384673178061977,1335.6,1338.24,1343.44,1340.43,1327.55,1,7.616666666666666,-0.17003105590062392,0.23369565217391036,-0.1366459627329174,0.26708074534161685,0.0,0.0,0.0
657,2016,9.77000000000021,0.3707779886148084,1339.65,1328.59,1332.06,1347.13,1337.36,-1,5.533333333333333,0.8976458546570926,0.5424769703172816,0.9099283520982507,0.5547594677584398,0.0,0.0,1.0
658,2016,9.049999999999955,0.42854726872991455,1328.88,1325.33,1328.81,1335.83,1326.78,-1,5.516666666666667,0.16022099447514396,-0.22430939226519148,0.19226519337016773,-0.19226519337016773,1.0,1.0,0.0
659,2016,10.930000000000064,0.5248139383338506,1328.5,1330.47,1328.27,1334.66,1323.73,-1,12.633333333333333,-0.6166514181152762,-0.41537053979871336,-0.5763952424519595,-0.3751143641353966,1.0,1.0,0.0
660,2016,6.160000000000082,0.30290471005585,1328.89,1330.73,1331.85,1331.72,1325.56,1,9.383333333333333,-0.16071428571428506,0.02110389610387663,0.04545454545454042,0.22727272727270212,0.0,0.0,0.0
661,2016,7.7000000000000455,0.38643533123028584,1333.2,1318.77,1317.26,1338.22,1330.52,-1,6.9,1.5259740259740169,1.7220779220779108,1.6051948051948122,1.801298701298706,0.0,0.0,1.0
662,2016,4.6099999999999,0.219987729224891,1314.82,1322.73,1330.14,1315.36,1310.75,1,6.05,1.5986984815618825,3.20607375271161,1.624728850325417,3.2321041214751443,0.0,0.0,1.0
663,2016,9.38000000000011,0.44874248223073193,1326.68,1322.08,1322.84,1333.75,1324.37,-1,8.1,0.24413646055436428,0.1631130063965837,0.2963752665245139,0.2153518123667333,0.0,0.0,0.0
664,2016,10.289999999999964,0.4972387132403678,1317.05,1314.29,1317.28,1323.72,1313.43,-1,14.583333333333334,-0.08357628765791088,-0.37414965986393806,-0.008746355685123271,-0.29931972789115047,0.0,0.0,0.0
665,2016,8.670000000000073,0.43514734351473755,1315.68,1320.31,1320.19,1322.47,1313.8,1,8.933333333333334,-0.24913494809689316,-0.26297577854670745,-0.21799307958478478,-0.23183391003459908,0.0,0.0,0.0
666,2016,4.3599999999999,0.22340970646365013,1317.83,1327.15,1335.57,1320.07,1315.71,1,5.933333333333334,1.623853211009247,3.5550458715597144,1.6949541284404288,3.6261467889908965,0.0,0.0,1.0
667,2016,4.320000000000164,0.21591517618079387,1337.67,1336.86,1335.15,1340.69,1336.37,1,7.15,-0.8865740740740763,-1.2824074074073504,-0.6689814814814793,-1.0648148148147534,1.0,1.0,1.0
668,2016,15.8599999999999,0.8605867989612737,1340.39,1346.86,1353.38,1343.76,1327.9,1,13.85,0.19546027742748603,0.6065573770491917,0.3032786885245886,0.7143757881462942,0.0,0.0,0.0
669,2016,5.460000000000036,0.2907237667820349,1350.0,1349.59,1352.87,1351.66,1346.2,0,,,,,,,,
670,2016,6.8900000000001,0.3949070662408963,1349.27,1365.73,1364.82,1353.96,1347.07,1,8.116666666666667,1.708272859216228,1.5761973875181048,1.7590711175616751,1.626995645863552,0.0,0.0,1.0
671,2016,4.490000000000009,0.2548343941298093,1364.21,1357.63,1357.96,1366.27,1361.78,1,13.233333333333333,-1.9242761692650012,-1.8507795100222557,-1.8440979955456471,-1.7706013363029018,1.0,1.0,0.0
672,2016,7.539999999999964,0.4551177028541837,1351.88,1363.12,1361.27,1359.08,1351.54,-1,5.033333333333333,-1.535809018567637,-1.2904509283819714,-1.5106100795755872,-1.2652519893899217,1.0,1.0,0.0
673,2016,2.9299999999998363,0.17699344149118756,1361.21,1338.37,1338.56,1361.86,1358.93,1,5.183333333333334,-8.017064846416833,-7.952218430034558,-7.982935153584098,-7.918088737201823,1.0,1.0,0.0
674,2016,6.3599999999999,0.35894541643150224,1336.96,1335.73,1335.62,1337.79,1331.43,1,5.116666666666666,-0.32389937106917893,-0.3411949685534759,-0.2610062893081931,-0.27830188679249007,1.0,1.0,0.0
675,2016,3.6799999999998363,0.2085239001092712,1335.02,1341.2,1340.72,1337.12,1333.44,-1,5.316666666666666,-2.1086956521740046,-1.978260869565298,-1.9429347826088068,-1.8125000000001004,1.0,1.0,0.0
676,2016,9.819999999999936,0.5890064693029387,1350.2,1344.61,1346.51,1350.53,1340.71,1,5.35,-0.6028513238289319,-0.40936863543788266,-0.5855397148676209,-0.3920570264765717,0.0,0.0,0.0
677,2016,6.360000000000127,0.39259259259259977,1342.33,1351.36,1340.94,1347.94,1341.58,-1,6.333333333333333,-1.5377358490565687,0.10062893081758803,-1.5078616352200827,0.130503144654074,1.0,1.0,0.0
678,2016,6.440000000000055,0.39150636154414264,1340.25,1352.64,1334.81,1341.21,1334.77,1,11.866666666666667,1.7748447204968893,-0.993788819875782,1.815217391304341,-0.9534161490683304,0.0,1.0,1.0
679,2016,3.6099999999999,0.20891203703703098,1338.83,1341.22,1340.2,1339.79,1336.18,1,7.083333333333333,0.39612188365653833,0.11357340720224189,0.5152354570637615,0.23268698060946505,1.0,1.0,0.0
680,2016,6.880000000000109,0.4025746050321886,1345.87,1346.76,1348.6,1346.93,1340.05,1,7.016666666666667,-0.02470930232559158,0.24273255813950856,-0.10755813953488334,0.1598837209302168,0.0,0.0,1.0
681,2016,3.9600000000000364,0.24056235355376396,1344.21,1346.79,1345.96,1347.81,1343.85,-1,5.816666666666666,-0.7424242424242494,-0.5328282828283101,-0.7348484848484413,-0.5252525252525021,0.0,1.0,1.0
682,2016,5.730000000000018,0.34359874930397977,1353.67,1350.91,1352.89,1356.03,1350.3,-1,9.016666666666667,-0.10645724258291892,-0.45200698080281626,-0.08376963350785631,-0.4293193717277537,0.0,0.0,0.0
683,2016,7.0499999999999545,0.4560576656501212,1347.07,1346.27,1342.57,1352.71,1345.66,-1,10.4,-0.08652482269502183,0.438297872340449,-0.039716312056733975,0.48510638297873687,0.0,0.0,1.0
684,2016,8.199999999999818,0.5155379917370096,1333.71,1338.51,1338.49,1339.83,1331.63,0,,,,,,,,
685,2016,4.509999999999991,0.29836499385691256,1336.29,1341.28,1339.14,1339.72,1335.21,1,7.666666666666667,0.3458980044345784,-0.12860310421284443,0.4212860310420992,-0.05321507760532363,0.0,0.0,1.0
686,2016,2.520000000000209,0.16897360984722895,1337.9,1326.82,1324.47,1339.39,1336.87,-1,5.283333333333333,3.988095238094889,4.920634920634458,3.999999999999729,4.932539682539298,1.0,1.0,0.0
687,2016,3.490000000000009,0.2335675701515377,1325.83,1321.76,1322.44,1326.74,1323.25,1,6.333333333333333,-1.426934097421205,-1.2320916905443964,-1.3954154727794,-1.2005730659025913,1.0,1.0,0.0
688,2016,3.589999999999918,0.2670705138423875,1323.88,1333.23,1320.76,1324.1,1320.51,1,5.1,2.5431754874652692,-0.9303621169916418,2.562674094707592,-0.9108635097493193,1.0,1.0,1.0
689,2016,6.439999999999827,0.44304668304667216,1317.77,1321.92,1323.98,1321.37,1314.93,1,12.1,0.08540372670810507,0.4052795031056207,0.2500000000000265,0.5698757763975422,0.0,0.0,0.0
690,2016,3.1700000000000728,0.2201061349997577,1323.56,1318.43,1313.15,1325.39,1322.22,-1,6.883333333333334,1.195583596214472,2.8611987381702613,1.2712933753942839,2.9369085173500733,0.0,0.0,1.0
691,2016,5.279999999999973,0.3669214732453085,1314.72,1308.62,1308.13,1315.45,1310.17,1,5.633333333333334,-1.293560606060642,-1.3863636363636316,-1.2537878787879078,-1.3465909090908972,1.0,1.0,0.0
692,2016,5.379999999999882,0.38481581770806006,1309.81,1313.69,1313.74,1311.54,1306.16,-1,8.483333333333333,-1.3996282527881299,-1.4089219330855194,-1.377323420074395,-1.3866171003717844,1.0,1.0,0.0
693,2016,3.490000000000009,0.2636947487721967,1312.94,1317.55,1323.43,1316.13,1312.64,-1,6.75,-1.4068767908309001,-3.091690544412589,-1.3638968481375298,-3.0487106017192183,1.0,1.0,0.0
695,2016,3.5599999999999454,0.26210886142518774,1327.64,1340.04,1349.38,1328.34,1324.78,1,8.1,3.2865168539326475,5.910112359550706,3.4213483146068118,6.04494382022487,0.0,0.0,1.0
696,2016,5.179999999999836,0.3593657086223883,1351.67,1344.31,1344.6,1352.59,1347.41,-1,9.133333333333333,0.5984555984556437,0.542471042471093,0.6814671814671978,0.625482625482647,0.0,0.0,0.0
697,2016,5.690000000000055,0.39488425122689297,1345.98,1344.89,1337.42,1347.51,1341.82,1,6.4,-0.46045694200349135,-1.7732864674867876,-0.23725834797889211,-1.5500878734621883,1.0,1.0,0.0
698,2016,3.0399999999999636,0.21218466447302672,1338.49,1333.59,1330.05,1339.29,1336.25,1,5.3,-1.8750000000000373,-3.0394736842105656,-1.802631578947396,-2.9671052631579244,1.0,1.0,0.0
699,2016,5.059999999999945,0.34771511313993786,1327.7,1325.02,1329.31,1329.86,1324.8,1,8.133333333333333,-0.9565217391304289,-0.10869565217390523,-0.9110671936759244,-0.06324110671940063,1.0,1.0,0.0
700,2016,3.9200000000000728,0.269085560186326,1330.37,1325.49,1317.73,1331.95,1328.03,-1,8.066666666666666,0.6479591836734481,2.6275510204081027,0.75,2.729591836734655,0.0,0.0,1.0
701,2016,8.980000000000018,0.6161536953538549,1320.02,1322.38,1323.37,1322.43,1313.45,1,9.966666666666667,-0.0055679287305071745,0.10467706013361083,0.014476614699343972,0.12472160356346199,0.0,0.0,0.0
702,2016,3.25,0.2192876765145313,1322.89,1320.77,1316.03,1325.61,1322.36,-1,5.016666666666667,0.48923076923074404,1.9476923076922854,0.578461538461572,2.0369230769231135,1.0,1.0,1.0
703,2016,4.25,0.2937256257096317,1313.96,1310.43,1308.12,1318.01,1313.76,-1,5.0,0.7835294117646887,1.3270588235294354,0.8305882352941112,1.3741176470588579,0.0,0.0,1.0
704,2016,7.539999999999964,0.516918858038292,1314.68,1313.55,1313.63,1316.93,1309.39,1,7.066666666666666,-0.4482758620689822,-0.4376657824933648,-0.39124668435014054,-0.38063660477452316,0.0,0.0,0.0
705,2016,3.410000000000082,0.24242116488092846,1315.52,1313.92,1314.36,1316.48,1313.07,1,7.916666666666667,-0.750733137829878,-0.6217008797654157,-0.7096774193547764,-0.580645161290314,1.0,1.0,0.0
706,2016,2.7999999999999545,0.20530009427044854,1315.29,1325.67,1329.92,1317.01,1314.21,1,5.3,3.0928571428572225,4.61071428571439,3.8107142857143734,5.328571428571541,1.0,1.0,1.0
707,2016,2.3199999999999363,0.15699922660479101,1332.82,1336.88,1336.5,1334.75,1332.43,-1,5.033333333333333,-1.9181034482759343,-1.754310344827607,-1.8491379310346159,-1.6853448275862883,1.0,1.0,0.0
708,2016,4.080000000000155,0.2923683267646121,1334.42,1339.31,1337.27,1337.91,1333.83,-1,5.45,-1.3431372549019143,-0.8431372549019422,-1.3333333333332962,-0.833333333333324,1.0,1.0,0.0
709,2016,7.2199999999998,0.5173243257075458,1334.04,1340.75,1337.33,1339.86,1332.64,1,14.166666666666666,0.1232686980609591,-0.3504155124653799,0.1662049861495954,-0.3074792243767436,0.0,0.0,0.0
710,2016,5.130000000000109,0.4055106995652518,1334.83,1326.82,1327.59,1339.47,1334.34,-1,6.533333333333333,1.4658869395711154,1.3157894736841826,1.5146198830409,1.3645224171539672,0.0,0.0,1.0
711,2016,2.5599999999999454,0.197107188032774,1325.34,1320.6,1322.15,1327.47,1324.91,-1,7.266666666666667,1.6835937500001035,1.0781250000000195,1.7187500000000722,1.1132812499999882,0.0,0.0,1.0
712,2016,3.599999999999909,0.28381574501632395,1324.54,1318.27,1321.76,1325.79,1322.19,-1,7.1,1.0888888888889365,0.11944444444446514,1.2888888888889491,0.3194444444444778,0.0,0.0,1.0
713,2016,5.080000000000155,0.4060983269571307,1322.22,1322.34,1315.42,1324.68,1319.6,1,7.316666666666666,-0.46062992125985713,-1.8228346456692341,-0.4035433070866377,-1.7657480314960146,1.0,1.0,0.0
714,2016,4.5499999999999545,0.35331965167230317,1315.54,1311.88,1311.24,1319.59,1315.04,-1,5.233333333333333,0.6945054945054695,0.8351648351648335,0.7692307692307769,0.909890109890141,0.0,0.0,1.0
715,2016,5.039999999999964,0.40500516588221647,1310.33,1284.15,1268.85,1312.95,1307.91,-1,8.083333333333334,4.714285714285746,7.750000000000091,4.777777777777798,7.813492063492141,0.0,0.0,1.0
716,2016,7.980000000000018,0.5373220469411341,1274.29,1268.17,1266.79,1274.46,1266.48,1,5.0,-0.7882205513784397,-0.9611528822055208,-0.7669172932330672,-0.9398496240601483,1.0,1.0,0.0
717,2016,4.169999999999845,0.28607830646345855,1265.66,1251.63,1250.82,1269.35,1265.18,-1,5.066666666666666,3.2494004796164164,3.4436450839330117,3.3093525179857233,3.5035971223023186,0.0,0.0,1.0
718,2016,9.269999999999982,0.612516518784218,1253.93,1256.39,1251.86,1259.53,1250.26,1,13.5,-0.3387270765911412,-0.8274002157497398,0.16289104638619137,-0.3257820927724072,0.0,1.0,0.0
719,2016,7.570000000000164,0.4671809565792486,1262.34,1259.93,1259.21,1264.15,1256.58,1,7.4,-0.5574636723910087,-0.6525759577278663,-0.5297225891677548,-0.6248348745046124,0.0,0.0,0.0
720,2016,4.599999999999909,0.28008524333492324,1258.83,1254.48,1255.88,1260.09,1255.49,1,7.316666666666666,-1.2195652173913067,-0.9152173913043244,-1.1739130434783038,-0.8695652173913215,1.0,1.0,0.0
721,2016,4.809999999999945,0.3189806262138194,1257.33,1252.69,1254.3,1257.76,1252.95,-1,13.1,0.05405405405405277,-0.2806652806652649,0.07484407484405489,-0.25987525987526283,1.0,1.0,0.0
722,2016,8.680000000000064,0.5855821125674691,1260.25,1257.24,1258.56,1261.77,1253.09,1,15.05,-0.521889400921652,-0.36981566820276646,-0.4562211981566829,-0.3041474654377973,0.0,0.0,0.0
723,2016,3.7899999999999636,0.25299194202069136,1255.95,1253.39,1252.73,1258.96,1255.17,-1,6.05,0.46965699208443,0.6437994722955351,0.49340369393137434,0.6675461741424794,1.0,1.0,1.0
724,2016,3.900000000000091,0.25568980050576634,1253.65,1254.87,1255.47,1254.64,1250.74,1,6.083333333333333,0.05897435897430396,0.2128205128204892,0.06666666666666278,0.220512820512848,1.0,1.0,0.0
725,2016,5.679999999999836,0.3867892407218144,1258.68,1259.69,1262.44,1260.82,1255.14,1,7.4,-0.1989436619718159,0.28521126760566284,-0.12676056338029015,0.3573943661971886,0.0,0.0,0.0
726,2016,2.5699999999999363,0.17507663860638972,1263.03,1269.42,1268.13,1264.59,1262.02,-1,5.383333333333334,-2.8793774319067214,-2.3774319066148943,-2.863813229572105,-2.361867704280278,1.0,1.0,0.0
727,2016,4.779999999999973,0.3204827355011719,1272.33,1266.55,1266.22,1272.97,1268.19,-1,8.383333333333333,0.3430962343096463,0.41213389121339716,0.41213389121339716,0.481171548117148,1.0,1.0,0.0
728,2016,4.819999999999936,0.3311576777739569,1262.1,1265.96,1267.59,1266.33,1261.51,-1,8.25,-0.9232365145228432,-1.2614107883817443,-0.9170124481328072,-1.2551867219917083,1.0,1.0,0.0
729,2016,4.319999999999936,0.3020526394646116,1263.61,1262.82,1263.68,1266.87,1262.55,-1,12.85,-0.06249999999999671,-0.2615740740741032,-0.018518518518501947,-0.21759259259260844,1.0,1.0,0.0
730,2016,3.4200000000000728,0.2893925657298346,1265.43,1270.87,1275.02,1265.45,1262.03,1,5.0,1.584795321637348,2.7982456140350096,1.5906432748537167,2.8040935672513783,0.0,0.0,1.0
731,2016,3.019999999999982,0.2561337614345422,1274.95,1268.71,1266.5,1276.42,1273.4,-1,6.966666666666667,1.5529801324503585,2.2847682119205737,1.6059602649006417,2.337748344370857,0.0,0.0,1.0
732,2016,2.4400000000000546,0.217192268565621,1266.39,1266.96,1270.16,1267.43,1264.99,1,6.1,-0.192622950819679,1.118852459016376,-0.15983606557371474,1.15163934426234,0.0,0.0,1.0
733,2016,3.7899999999999636,0.37604535790219423,1271.37,1271.7,1277.41,1271.8,1268.01,-1,7.083333333333333,-0.9736147757256174,-2.480211081794243,-0.8311345646438314,-2.337730870712457,1.0,1.0,1.0
734,2016,3.4300000000000637,0.31016664513629316,1276.71,1274.05,1278.06,1279.46,1276.03,-1,6.783333333333333,0.5772594752186535,-0.5918367346938586,0.6647230320699505,-0.5043731778425615,0.0,0.0,1.0
735,2016,2.2200000000000273,0.2026075619295985,1276.51,1286.87,1287.22,1277.78,1275.56,1,5.833333333333333,4.094594594594508,4.252252252252225,4.22522522522512,4.3828828828828374,0.0,0.0,1.0
736,2016,5.660000000000082,0.49312340531458854,1292.63,1304.14,1296.3,1292.97,1287.31,1,5.15,1.973498233215532,0.5883392226148196,1.9840989399293032,0.5989399293285907,0.0,0.0,1.0
737,2016,10.240000000000009,0.832085437344014,1304.7,1298.76,1303.0,1306.56,1296.32,-1,8.25,-0.2382812500000051,-0.6523437500000057,-0.22363281249999625,-0.6376953124999968,0.0,0.0,1.0
738,2016,6.539999999999964,0.5084971676107938,1298.84,1304.36,1304.15,1304.25,1297.71,-1,5.916666666666667,-1.0168195718654283,-0.9847094801223379,-1.0061162079510648,-0.9740061162079746,1.0,1.0,0.0
739,2016,6.850000000000136,0.5161186157903339,1290.16,1281.74,1280.28,1295.68,1288.83,-1,5.25,1.0350364963503325,1.2481751824817204,1.1036496350364664,1.3167883211678544,0.0,0.0,1.0
740,2016,3.369999999999891,0.23280371064836922,1282.63,1284.17,1277.53,1284.01,1280.64,1,6.966666666666667,0.04747774480714749,-1.922848664688495,0.10385756676562248,-1.86646884273002,1.0,1.0,0.0
741,2016,63.73000000000002,4.208386396868079,1331.17,1288.48,1272.43,1332.44,1268.71,1,5.016666666666667,-0.689785030597835,-0.9416287462733403,-0.68068413619959,-0.9325278518750952,0.0,0.0,0.0
742,2016,14.320000000000164,0.7403249630723874,1283.21,1270.26,1259.2,1288.67,1274.35,1,8.516666666666667,-1.2856145251396558,-2.057960893854727,-1.2695530726256883,-2.0418994413407594,1.0,1.0,0.0
743,2016,14.329999999999927,0.6604556228601499,1261.89,1234.09,1221.83,1265.31,1250.98,-1,14.716666666666667,1.1786461967899642,2.0341939986043434,1.2428471737613582,2.0983949755757374,0.0,0.0,1.0
744,2016,16.539999999999964,0.6835719557195562,1216.49,1212.5,1217.29,1230.11,1213.57,-1,5.466666666666667,0.06469165659008094,-0.22490931076179174,0.07436517533252847,-0.2152357920193442,0.0,0.0,0.0
745,2016,8.6099999999999,0.3515720702327443,1224.95,1223.72,1223.36,1231.27,1222.66,1,8.65,-0.8768873403019793,-0.9186991869918901,-0.8118466898954809,-0.8536585365853916,1.0,1.0,0.0
746,2016,6.360000000000127,0.2591385331781195,1229.46,1224.32,1225.45,1232.95,1226.59,-1,7.366666666666666,0.3569182389937007,0.17924528301884432,0.48113207547171566,0.3034591194968593,0.0,0.0,0.0
747,2016,3.4300000000000637,0.1382268278641363,1225.12,1227.04,1214.68,1228.19,1224.76,1,7.966666666666667,-0.33527696793004946,-3.938775510204006,-0.3177842565598033,-3.9212827988337597,1.0,1.0,0.0
748,2016,10.480000000000018,0.4251890920682774,1208.94,1207.1,1209.14,1216.03,1205.55,-1,7.683333333333334,-0.14790076335877403,-0.34255725190841024,0.04103053435115104,-0.15362595419848515,0.0,0.0,0.0
749,2016,7.809999999999945,0.3124892826521845,1210.79,1214.24,1211.96,1213.98,1206.17,1,7.083333333333333,0.03329065300896194,-0.2586427656850187,0.10499359795133702,-0.18693982074264362,0.0,0.0,0.0
750,2016,5.400000000000091,0.21913043478261268,1217.27,1207.89,1210.44,1220.95,1215.55,-1,6.883333333333334,1.4185185185184677,0.9462962962962619,1.4648148148147633,0.9925925925925574,0.0,0.0,1.0
751,2016,2.7799999999999727,0.11467971005951937,1213.54,1183.99,1186.95,1214.99,1212.21,-1,5.95,10.151079136690758,9.086330935251885,10.330935251798673,9.2661870503598,0.0,0.0,1.0
754,2016,11.039999999999964,0.44733871667969005,1193.33,1189.66,1192.43,1197.54,1186.5,-1,13.966666666666667,-0.2862318840579794,-0.5371376811594278,-0.24365942028986082,-0.49456521739130926,0.0,0.0,0.0
755,2016,6.320000000000164,0.2620232172471049,1191.61,1187.08,1188.66,1194.93,1188.61,-1,8.933333333333334,0.24208860759492612,-0.007911392405091868,0.28481012658229987,0.03481012658228189,0.0,0.0,1.0
756,2016,7.129999999999882,0.35255889520714323,1189.42,1176.16,1173.76,1194.86,1187.73,-1,8.066666666666666,1.6227208976157264,1.95932678821883,1.6493688639551454,1.9859747545582491,0.0,0.0,1.0
757,2016,11.829999999999927,0.6191170423535541,1171.4,1168.29,1172.05,1173.77,1161.94,1,5.083333333333333,-0.4632290786136984,-0.14539306846999475,-0.39729501267963435,-0.07945900253593072,1.0,1.0,0.0
758,2016,5.480000000000018,0.32349468713105234,1174.24,1174.07,1174.5,1177.93,1172.45,-1,10.266666666666667,-0.2956204379561835,-0.3740875912408664,-0.23357664233576067,-0.31204379562044354,0.0,0.0,1.0
759,2016,9.86999999999989,0.6014625228519134,1175.56,1162.27,1170.79,1181.37,1171.5,-1,7.666666666666667,0.9351570415400324,0.0719351570415445,0.9746707193515932,0.11144883485310522,0.0,0.0,1.0
760,2016,5.870000000000118,0.3404308202154175,1172.01,1171.41,1168.49,1175.23,1169.36,0,,,,,,,,
761,2016,2.5699999999999363,0.1509164884023286,1167.92,1178.16,1173.74,1169.86,1167.29,-1,5.366666666666666,-4.229571984435949,-2.509727626459224,-4.046692607004027,-2.326848249027302,1.0,1.0,0.0
762,2016,4.2999999999999545,0.258657729655407,1176.65,1171.27,1170.38,1178.55,1174.25,-1,7.6,0.6930232558139651,0.8999999999999841,0.846511627907009,1.0534883720930281,0.0,0.0,1.0
763,2016,5.470000000000027,0.33436667685456256,1167.47,1161.4,1159.43,1170.55,1165.08,1,9.033333333333333,-1.672760511882965,-2.03290676416816,-1.6197440585008878,-1.9798903107860828,1.0,1.0,0.0
764,2016,5.740000000000009,0.3442721274955024,1156.96,1159.66,1162.18,1160.1,1154.36,-1,8.35,-0.9233449477352219,-1.3623693379791204,-0.8937282229965333,-1.332752613240432,1.0,1.0,0.0
765,2016,3.509999999999991,0.21091033949954902,1161.95,1156.62,1157.14,1164.97,1161.46,-1,5.566666666666666,1.378917378917424,1.2307692307692157,1.4957264957264995,1.3475783475782914,0.0,0.0,1.0
766,2016,3.380000000000109,0.22520464496478942,1159.86,1162.5,1149.47,1161.17,1157.79,1,6.416666666666667,0.3934911242603208,-3.461538461538363,0.4852071005917299,-3.3698224852069543,0.0,1.0,1.0
767,2016,9.61999999999989,0.5965627214741256,1141.75,1126.61,1131.5,1144.35,1134.73,-1,10.3,0.844074844074866,0.33575883575884147,0.9334719334719459,0.4251559251559215,0.0,0.0,1.0
768,2016,4.900000000000091,0.30461811722913557,1129.96,1128.57,1134.33,1131.48,1126.58,1,5.716666666666667,-0.5938775510204138,0.5816326530611952,-0.5020408163265287,0.6734693877550803,0.0,0.0,1.0
769,2016,4.089999999999918,0.25419515226848466,1139.24,1139.5,1139.08,1139.58,1135.49,1,5.033333333333333,-0.019559902200471598,-0.12224938875305869,0.06601466992664724,-0.03667481662593984,0.0,0.0,0.0
770,2016,4.480000000000018,0.28665447897623525,1135.46,1127.72,1130.85,1139.65,1135.17,-1,5.15,1.662946428571432,0.9642857142857469,1.6808035714285585,0.9821428571428734,0.0,0.0,1.0
771,2016,7.380000000000109,0.49518332135155274,1135.94,1130.99,1131.32,1136.7,1129.32,1,6.683333333333334,-0.7737127371273648,-0.7289972899729037,-0.752032520325186,-0.7073170731707249,0.0,0.0,0.0
772,2016,2.9099999999998545,0.20332385087586935,1130.08,1132.66,1128.6,1132.56,1129.65,-1,5.466666666666667,-1.0343642611684334,0.3608247422681218,-1.0240549828179268,0.3711340206186284,1.0,1.0,0.0
773,2016,3.2899999999999636,0.2356733524355274,1131.27,1135.21,1132.59,1131.57,1128.28,1,5.033333333333333,1.106382978723447,0.310030395136776,1.191489361702163,0.3951367781154921,0.0,0.0,1.0
775,2016,6.470000000000027,0.5268944175251443,1137.02,1136.78,1139.49,1138.06,1131.59,1,6.333333333333333,-0.1978361669242608,0.22102009273571216,-0.17928902627512783,0.23956723338484512,0.0,0.0,1.0
776,2016,3.8099999999999454,0.30184536508349197,1141.62,1138.01,1141.8,1142.51,1138.7,1,5.533333333333333,-1.1811023622047414,-0.18635170603675763,-1.1391076115485512,-0.14435695538056756,1.0,1.0,0.0
777,2016,7.490000000000009,0.5984715745977753,1149.06,1149.42,1155.54,1149.76,1142.27,1,6.75,-0.045393858477959646,0.771695594125496,-0.021361815754319665,0.795727636849136,0.0,0.0,1.0
778,2016,4.9500000000000455,0.3867122760221679,1160.07,1157.13,1151.89,1162.94,1157.99,-1,8.983333333333333,0.17373737373735193,1.2323232323232027,0.2707070707070517,1.3292929292929023,0.0,0.0,1.0
780,2017,9.049999999999955,0.7427730585014345,1157.33,1154.85,1159.14,1158.61,1149.56,1,6.566666666666666,-0.4154696132596696,0.058563535911624616,-0.4110497237569112,0.06298342541438305,1.0,1.0,0.0
781,2017,5.509999999999991,0.4753307412177176,1160.08,1165.4,1162.72,1161.56,1156.05,1,5.933333333333334,0.6969147005444921,0.21052631578948888,0.7132486388384882,0.22686025408348495,0.0,0.0,1.0
782,2017,8.480000000000018,0.7795294720184907,1173.49,1181.32,1180.8,1174.24,1165.76,1,5.25,0.8349056603773481,0.7735849056603693,0.8502358490566062,0.7889150943396274,0.0,0.0,1.0
783,2017,5.979999999999791,0.5338706900399635,1177.39,1175.58,1172.17,1181.87,1175.89,-1,5.5,0.051839464882973856,0.6220735785953441,0.09866220735788732,0.6688963210702575,1.0,1.0,0.0
784,2017,3.9200000000000728,0.3403263114159447,1174.52,1178.87,1184.16,1176.51,1172.59,1,8.266666666666667,0.6020408163264939,1.951530612244885,0.7551020408162638,2.104591836734655,0.0,0.0,1.0
785,2017,7.100000000000136,0.6167515682490954,1184.65,1188.74,1186.62,1187.2,1180.1,1,6.066666666666666,0.21690140845069494,-0.08169014084509063,0.23802816901408763,-0.06056338028169794,0.0,0.0,0.0
786,2017,3.480000000000018,0.2972961428388381,1187.99,1180.4,1191.74,1189.08,1185.6,1,5.516666666666667,-2.494252873563158,0.7643678160919736,-2.3477011494252307,0.9109195402299012,1.0,1.0,0.0
787,2017,5.8900000000001,0.4614515073000741,1197.16,1201.48,1196.15,1198.7,1192.81,1,6.166666666666667,0.4719864176570332,-0.43293718166382195,0.4906621392190239,-0.4142614601018312,0.0,0.0,1.0
788,2017,5.439999999999827,0.41077197732554654,1194.35,1194.17,1197.79,1196.62,1191.18,1,7.65,-0.4503676470588044,0.21507352941178493,-0.3786764705882373,0.28676470588235203,1.0,1.0,0.0
790,2017,4.289999999999964,0.318107667210438,1206.61,1212.73,1215.78,1207.34,1203.05,1,5.2,1.2564102564102904,1.9673659673659967,1.2797202797202927,1.990675990675999,0.0,0.0,1.0
791,2017,4.460000000000036,0.3176896776294391,1214.86,1215.24,1209.7,1217.42,1212.96,-1,5.3,-0.5112107623318283,0.7309417040358664,-0.46860986547082983,0.7735426008968649,0.0,0.0,1.0
792,2017,7.309999999999945,0.5312941274192169,1203.25,1199.45,1205.54,1204.86,1197.55,1,9.4,-0.7400820793433509,0.0930232558139629,-0.6812585499316082,0.15184678522570563,1.0,1.0,0.0
793,2017,5.179999999999836,0.38185705108626916,1207.24,1203.6,1212.45,1208.31,1203.13,1,7.05,-0.909266409266445,0.7992277992278438,-0.859073359073395,0.8494208494208938,1.0,1.0,0.0
794,2017,5.279999999999973,0.3638153361551318,1214.24,1217.41,1216.0,1219.43,1214.15,-1,5.0,-0.6174242424242439,-0.35037878787877247,-0.6003787878788047,-0.3333333333333333,0.0,0.0,0.0
795,2017,3.240000000000009,0.23136954858454548,1215.56,1214.17,1207.05,1218.51,1215.27,-1,5.816666666666666,0.33950617283947715,2.5370370370370385,0.44135802469130625,2.6388888888888675,0.0,0.0,1.0
796,2017,4.920000000000073,0.35087361825684393,1205.3,1196.72,1198.03,1209.71,1204.79,-1,5.283333333333333,1.6402439024389872,1.3739837398373762,1.6483739837397926,1.3821138211381816,0.0,0.0,1.0
797,2017,4.7999999999999545,0.3468387096774161,1198.69,1186.38,1189.18,1202.53,1197.73,-1,5.783333333333333,2.3645833333333366,1.7812500000000073,2.3895833333333143,1.8062499999999848,0.0,0.0,1.0
798,2017,4.990000000000009,0.34928253587320657,1183.82,1187.69,1191.26,1188.35,1183.36,-1,5.116666666666666,-0.8677354709419132,-1.583166332665346,-0.8276553106212629,-1.5430861723446956,1.0,1.0,0.0
799,2017,2.790000000000191,0.1981232564037667,1193.64,1198.21,1195.11,1195.64,1192.85,-1,5.9,-1.9211469534049321,-0.8100358422938481,-1.867383512544688,-0.7562724014336041,1.0,1.0,1.0
800,2017,6.940000000000055,0.4909798372833428,1201.39,1212.4,1212.76,1202.96,1196.02,1,11.983333333333333,1.3602305475504295,1.4121037463976769,1.4596541786743558,1.5115273775216032,0.0,0.0,1.0
801,2017,3.410000000000082,0.24352173025913668,1208.46,1203.36,1208.85,1211.67,1208.26,-1,5.366666666666666,1.4369501466275583,-0.17302052785920938,1.451612903225785,-0.1583577712609826,1.0,1.0,0.0
802,2017,7.279999999999973,0.519522887144457,1214.86,1216.91,1216.05,1216.82,1209.54,1,5.766666666666667,0.012362637362657398,-0.10576923076922867,0.07417582417585068,-0.043956043956035376,0.0,0.0,1.0
803,2017,5.829999999999927,0.41110103757428684,1213.45,1219.18,1216.37,1216.72,1210.89,-1,13.033333333333333,-1.4219554030874901,-0.9399656946826517,-1.3379073756432336,-0.8559176672383952,1.0,1.0,0.0
804,2017,4.980000000000018,0.34521687462864054,1223.01,1228.65,1233.3,1224.99,1220.01,1,11.35,0.7349397590361584,1.6686746987951637,0.8112449799197141,1.7449799196787195,0.0,0.0,1.0
805,2017,4.119999999999891,0.2856718339854317,1232.45,1234.62,1232.97,1235.52,1231.4,-1,7.833333333333333,-0.7815533980582245,-0.3810679611650432,-0.7475728155339827,-0.34708737864080136,0.0,1.0,0.0
806,2017,5.399999999999864,0.3892493049119461,1232.78,1241.67,1239.48,1235.34,1229.94,1,8.816666666666666,1.1722222222222805,0.7666666666667046,1.3703703703704218,0.9648148148148459,0.0,0.0,1.0
807,2017,3.5699999999999363,0.2519661222020525,1241.22,1234.13,1231.7,1242.28,1238.71,1,8.65,-2.282913165266109,-2.963585434173702,-2.142857142857143,-2.823529411764736,1.0,1.0,0.0
808,2017,4.690000000000055,0.32609883287807656,1224.03,1229.93,1232.93,1226.78,1222.09,-1,7.466666666666667,-1.6716417910447876,-2.3113006396588527,-1.5117270788912713,-2.1513859275053364,1.0,1.0,0.0
809,2017,2.980000000000018,0.20231802531400148,1229.37,1223.03,1225.94,1231.67,1228.69,-1,5.75,1.8993288590604185,0.9228187919463031,1.993288590604033,1.0167785234899176,1.0,1.0,0.0
810,2017,3.9600000000000364,0.2664103796251825,1228.5,1223.5,1229.63,1228.75,1224.79,1,5.666666666666667,-1.3257575757575635,0.22222222222224775,-1.2979797979798113,0.25,1.0,1.0,1.0
811,2017,3.4700000000000273,0.23795062695924943,1225.5,1224.91,1231.27,1228.51,1225.04,-1,6.0,0.037463976945210586,-1.7953890489913455,0.15561959654177504,-1.677233429394781,0.0,1.0,1.0
812,2017,4.029999999999973,0.2776438167413002,1234.78,1240.41,1240.39,1236.71,1232.68,-1,6.65,-1.918114143920613,-1.91315136476429,-1.870967741935544,-1.8660049627792208,1.0,1.0,0.0
813,2017,1.509999999999991,0.10442084465300008,1238.41,1239.23,1235.62,1238.78,1237.27,-1,7.883333333333334,-1.2980132450331445,1.0927152317881463,-1.1655629139072858,1.225165562914005,1.0,1.0,0.0
815,2017,4.839999999999918,0.36077095091043976,1233.2,1233.91,1236.49,1237.24,1232.4,-1,8.766666666666667,-0.31198347107438357,-0.8450413223140469,-0.24173553719010177,-0.7747933884297652,0.0,1.0,1.0
816,2017,2.8099999999999454,0.21114212108200517,1235.62,1233.83,1237.34,1237.49,1234.68,-1,5.55,0.3024911032029014,-0.9466192170818172,0.4697508896797827,-0.7793594306049358,1.0,1.0,0.0
817,2017,2.230000000000018,0.1733866488948143,1237.42,1249.58,1249.39,1237.95,1235.72,-1,6.216666666666667,-6.215246636771205,-6.13004484304931,-6.134529147981939,-6.049327354260044,1.0,1.0,0.0
818,2017,2.520000000000209,0.19540293547495396,1249.89,1256.08,1258.28,1250.39,1247.87,1,5.983333333333333,2.257936507936252,3.1309523809520705,2.3174603174600925,3.1904761904759114,0.0,0.0,1.0
819,2017,3.619999999999891,0.2861821672595767,1256.22,1259.68,1255.13,1259.0,1255.38,-1,8.116666666666667,-1.1878453038674266,0.06906077348066507,-1.0469613259668724,0.2099447513812193,1.0,1.0,0.0
820,2017,1.8699999999998909,0.14382244684941187,1253.3,1257.36,1250.57,1253.54,1251.67,1,5.6,2.0427807486631866,-1.5882352941177544,2.0909090909091352,-1.540106951871806,1.0,1.0,0.0
821,2017,6.190000000000055,0.4814979442160282,1242.8,1243.8,1247.54,1248.41,1242.22,-1,12.166666666666666,-0.2552504038772073,-0.8594507269789805,-0.18416801292404889,-0.7883683360258221,0.0,1.0,0.0
822,2017,2.3600000000001273,0.18944954128441405,1246.73,1241.29,1233.25,1247.96,1245.6,-1,6.016666666666667,1.8262711864405563,5.2330508474573065,1.9999999999999036,5.406779661016653,0.0,0.0,1.0
823,2017,3.9700000000000273,0.3157236991592842,1233.91,1225.37,1234.27,1235.38,1231.41,-1,5.9,1.5214105793451258,-0.720403022669995,1.5969773299748367,-0.644836272040284,0.0,1.0,1.0
824,2017,3.990000000000009,0.3182724631075164,1233.26,1228.8,1227.19,1236.77,1232.78,-1,5.316666666666666,0.9974937343358419,1.4010025062656404,1.087719298245648,1.4912280701754466,0.0,0.0,1.0
825,2017,3.019999999999982,0.24180726336860064,1224.88,1220.13,1214.68,1227.01,1223.99,-1,9.083333333333334,1.278145695364213,3.0827814569536427,1.3543046357615705,3.1589403973510004,0.0,0.0,1.0
826,2017,2.7899999999999636,0.2290909090909064,1217.31,1207.78,1209.18,1218.48,1215.69,-1,7.466666666666667,2.83512544802874,2.3333333333333606,2.8996415770609403,2.397849462365561,0.0,0.0,1.0
827,2017,5.2000000000000455,0.42286245353160257,1204.83,1203.73,1202.58,1208.94,1203.74,-1,8.766666666666667,0.0019230769230751572,0.22307692307693686,0.08461538461539438,0.3057692307692561,0.0,0.0,0.0
828,2017,3.380000000000109,0.27374754136296164,1197.11,1201.98,1202.15,1200.17,1196.79,-1,7.366666666666666,-1.5355029585798483,-1.585798816568034,-1.426035502958515,-1.4763313609467006,1.0,1.0,0.0
829,2017,3.369999999999891,0.26498174670035657,1206.99,1204.81,1204.53,1207.12,1203.75,1,5.233333333333333,-0.685459940652825,-0.7685459940652825,-0.6528189910979575,-0.7359050445104149,1.0,1.0,1.0
830,2017,3.0399999999999636,0.24325560128028997,1203.0,1205.78,1198.64,1204.93,1201.89,-1,6.233333333333333,-1.2796052631578683,1.069078947368434,-1.2236842105263395,1.1249999999999627,1.0,1.0,0.0
831,2017,5.019999999999982,0.3992728099079636,1202.29,1201.1,1219.73,1203.92,1198.9,1,6.216666666666667,-0.5617529880478435,3.1494023904382478,-0.5358565737051921,3.175298804780899,1.0,1.0,0.0
832,2017,5.660000000000082,0.42809292274446836,1224.68,1228.37,1226.27,1225.65,1219.99,1,5.633333333333334,0.48056537102469266,0.10954063604238196,0.4893992932862088,0.11837455830389806,0.0,0.0,1.0
833,2017,3.0900000000001455,0.23196954260283142,1226.43,1229.36,1228.45,1227.46,1224.37,1,6.183333333333334,0.6148867313915126,0.320388349514551,0.6731391585759965,0.37864077669903484,0.0,0.0,1.0
834,2017,4.970000000000027,0.3851860053144395,1234.61,1233.45,1234.49,1235.04,1230.07,1,7.366666666666666,-0.3199195171025975,-0.11066398390341077,-0.28370221327964723,-0.07444668008046053,1.0,1.0,0.0
835,2017,8.450000000000045,0.6773159280888609,1228.65,1242.91,1244.56,1235.22,1226.77,1,13.383333333333333,0.9100591715976347,1.1053254437869666,0.9869822485207219,1.182248520710054,0.0,0.0,1.0
836,2017,2.5,0.19265701546760577,1244.91,1247.86,1247.8,1246.41,1243.91,1,6.1,0.5799999999999272,0.5559999999999491,0.6599999999999454,0.6359999999999673,0.0,0.0,1.0
837,2017,2.9400000000000546,0.2394415357766186,1246.78,1245.42,1246.16,1247.13,1244.19,1,6.633333333333334,-0.581632653061226,-0.3299319727891188,-0.5136054421768581,-0.26190476190475087,1.0,1.0,1.0
838,2017,4.079999999999927,0.3380881917727072,1243.83,1247.65,1247.94,1246.59,1242.51,-1,5.85,-1.2598039215686745,-1.3308823529412157,-1.2279411764706079,-1.2990196078431493,1.0,1.0,0.0
839,2017,6.539999999999964,0.545454545454542,1256.41,1255.06,1255.14,1258.0,1251.46,1,7.283333333333333,-0.4495412844036806,-0.4373088685015162,-0.38226299694189814,-0.37003058103973374,0.0,0.0,0.0
840,2017,2.790000000000191,0.22630359212052517,1253.97,1256.92,1248.84,1255.39,1252.6,-1,7.1,-1.5483870967741462,1.347670250895962,-1.4086021505375608,1.4874551971325474,1.0,1.0,0.0
841,2017,3.8799999999998818,0.31706747606816654,1248.54,1252.13,1253.45,1251.07,1247.19,1,9.75,0.27319587628871267,0.6134020618557169,0.3402061855670629,0.6804123711340672,0.0,0.0,0.0
842,2017,5.430000000000064,0.4512108262108315,1249.75,1248.65,1244.39,1253.65,1248.22,-1,13.516666666666667,-0.07918968692450436,0.7053406998158163,0.023941068139941114,0.8084714548802617,0.0,0.0,0.0
843,2017,4.710000000000036,0.3910800071170183,1241.14,1247.07,1250.01,1244.32,1239.61,1,14.283333333333333,0.5838641188959616,1.2080679405520192,0.6199575371549517,1.2441613588110094,0.0,0.0,1.0
844,2017,2.3599999999999,0.1944673337257124,1248.67,1252.13,1252.23,1249.83,1247.47,-1,6.333333333333333,-1.974576271186559,-2.0169491525424545,-1.919491525423895,-1.9618644067797903,1.0,1.0,1.0
845,2017,2.6399999999998727,0.21730950141108968,1255.6,1256.77,1256.51,1257.04,1254.4,1,7.733333333333333,-0.10227272727272531,-0.2007575757575751,-0.053030303030343486,-0.15151515151519326,1.0,1.0,1.0
846,2017,2.730000000000018,0.2500000000000015,1255.18,1247.52,1252.36,1256.19,1253.46,1,8.016666666666667,-3.1758241758241814,-1.4029304029304501,-3.1135531135530927,-1.3406593406593617,1.0,1.0,0.0
847,2017,5.319999999999936,0.48660655951913645,1253.94,1252.48,1253.07,1258.85,1253.53,-1,5.05,0.1973684210526254,0.08646616541354171,0.20300751879698123,0.09210526315789755,0.0,0.0,0.0
848,2017,18.819999999999936,1.6992132077905275,1262.98,1266.07,1255.78,1269.33,1250.51,1,13.5,-0.17321997874601497,-0.7199787460148778,0.160998937300743,-0.38575982996811986,0.0,0.0,0.0
849,2017,4.029999999999973,0.33406359168689476,1253.35,1251.67,1253.8,1255.77,1251.74,-1,12.183333333333334,0.01736972704713072,-0.5111662531017269,0.0843672456575485,-0.4441687344913091,0.0,1.0,1.0
850,2017,4.029999999999973,0.3568853184894658,1255.57,1272.58,1273.57,1257.02,1252.99,1,6.783333333333333,3.8610421836228412,4.106699751861059,3.9057071960298053,4.151364764268022,0.0,0.0,1.0
851,2017,5.740000000000009,0.46496557310652176,1275.1,1276.19,1275.21,1279.72,1273.98,-1,6.916666666666667,-0.3850174216027932,-0.2142857142857171,-0.3310104529616878,-0.16027874564461173,0.0,0.0,0.0
852,2017,2.8600000000001273,0.22576825486327493,1285.69,1284.06,1286.75,1287.92,1285.06,-1,6.35,0.3496503496503341,-0.5909090909090837,0.4265734265734171,-0.5139860139860006,1.0,1.0,0.0
853,2017,5.110000000000127,0.4130962004850546,1290.86,1291.6,1285.77,1295.41,1290.3,-1,6.733333333333333,-0.25440313111544466,0.8864970645792289,-0.24070450097847115,0.9001956947162024,0.0,0.0,0.0
854,2017,3.6900000000000546,0.30449133561240566,1283.43,1287.95,1290.65,1285.49,1281.8,-1,6.05,-1.6666666666666667,-2.398373983739839,-1.5636856368563405,-2.295392953929513,1.0,1.0,0.0
855,2017,3.689999999999827,0.2997215131120771,1286.47,1279.79,1282.13,1289.82,1286.13,-1,6.316666666666666,1.7181571815719356,1.0840108401084518,1.7615176151762342,1.1273712737127506,0.0,0.0,1.0
856,2017,2.9300000000000637,0.2266924564796954,1278.89,1282.49,1280.7,1281.0,1278.07,-1,6.25,-1.5085324232081831,-0.8976109215017243,-1.3720136518770971,-0.7610921501706381,1.0,1.0,0.0
857,2017,2.6400000000001,0.20992843348859172,1279.94,1283.99,1284.6,1281.88,1279.24,-1,8.016666666666667,-1.7992424242423561,-2.0303030303029153,-1.70454545454539,-1.9356060606059493,1.0,1.0,0.0
858,2017,8.410000000000082,0.6731461894688777,1275.54,1272.42,1275.61,1277.43,1269.02,-1,13.05,-0.4042806183115408,-0.7835909631391027,-0.4007134363852658,-0.7800237812128278,0.0,0.0,0.0
859,2017,5.169999999999845,0.39804223493179697,1274.11,1266.77,1264.17,1278.11,1272.94,-1,6.25,1.1934235976789667,1.6963249516441479,1.2263056092843536,1.7292069632495348,0.0,0.0,1.0
860,2017,3.75,0.27458158995815923,1264.45,1263.15,1267.02,1264.99,1261.24,1,7.166666666666667,-0.4906666666666448,0.541333333333326,-0.32800000000000484,0.7039999999999661,0.0,1.0,0.0
861,2017,2.800000000000182,0.20804585500479025,1266.78,1265.42,1264.86,1268.39,1265.59,-1,7.2,0.06071428571422655,0.2607142857142753,0.13571428571423466,0.3357142857142834,0.0,0.0,1.0
862,2017,2.6099999999999,0.19597747385357248,1265.08,1266.78,1267.52,1265.85,1263.24,1,7.333333333333333,0.3563218390804978,0.6398467432950715,0.5249042145593653,0.808429118773939,0.0,0.0,0.0
863,2017,9.259999999999991,0.7574642126789355,1263.45,1263.89,1257.03,1271.04,1261.78,-1,8.116666666666667,-0.2278617710583293,0.5129589632829379,-0.2170626349892001,0.5237580993520671,0.0,0.0,0.0
864,2017,1.900000000000091,0.14931237721022317,1256.93,1254.73,1256.22,1257.73,1255.83,-1,6.716666666666667,0.578947368420977,-0.20526315789477967,0.6526315789473419,-0.13157894736841474,0.0,0.0,1.0
865,2017,1.1299999999998818,0.09770860354516914,1256.2,1249.76,1246.93,1256.85,1255.72,-1,5.616666666666666,5.2743362831864244,7.778761061947685,5.336283185841242,7.840707964602502,0.0,0.0,1.0
866,2017,3.880000000000109,0.3233910817407961,1239.97,1229.45,1226.78,1241.23,1237.35,-1,6.866666666666666,2.0360824742267116,2.724226804123618,2.074742268041167,2.7628865979380737,0.0,0.0,1.0
867,2017,2.0699999999999363,0.16388621840184991,1228.62,1228.39,1228.65,1228.82,1226.75,1,5.066666666666666,-0.20772946859896113,-0.08212560386466214,-0.15458937198065031,-0.02898550724635134,1.0,1.0,1.0
868,2017,7.810000000000173,0.6351068773234346,1230.42,1228.22,1228.28,1234.65,1226.84,1,11.2,-0.823303457106264,-0.8156209987195874,-0.7861715749039355,-0.7784891165172589,0.0,1.0,0.0
869,2017,2.2000000000000455,0.18138987043581065,1228.01,1218.05,1216.19,1228.49,1226.29,-1,6.3,3.7454545454544723,4.590909090908955,3.7999999999999794,4.645454545454462,0.0,0.0,1.0
870,2017,3.7899999999999636,0.3156642274971712,1222.31,1220.8,1217.67,1224.54,1220.75,-1,7.616666666666666,-0.013192612137191294,0.8126649076517036,-0.01583113456462955,0.8100263852242654,1.0,1.0,0.0
871,2017,4.169999999999845,0.3445060781305194,1219.44,1224.75,1224.38,1221.05,1216.88,1,6.883333333333334,0.8872901678657512,0.7985611510792033,0.9328537170264375,0.8441247002398896,0.0,0.0,1.0
872,2017,2.5800000000001546,0.2119593920544698,1226.75,1230.49,1227.91,1226.94,1224.36,1,7.3,1.3759689922479619,0.3759689922480501,1.4341085271317147,0.43410852713180276,0.0,0.0,1.0
873,2017,3.740000000000009,0.3270660253607356,1229.92,1234.0,1230.86,1230.63,1226.89,1,5.533333333333333,0.9010695187165462,0.06149732620315247,0.9518716577539937,0.1122994652406001,0.0,0.0,1.0
874,2017,4.820000000000164,0.438466536712166,1233.78,1238.12,1237.32,1235.17,1230.35,1,7.183333333333334,0.6120331950206883,0.4460580912862636,0.632780082987521,0.46680497925309616,0.0,0.0,0.0
875,2017,7.399999999999864,0.6834223893396539,1243.62,1259.91,1256.98,1244.84,1237.44,1,10.533333333333333,2.036486486486546,1.6405405405405844,2.050000000000048,1.6540540540540858,0.0,0.0,1.0
876,2017,5.199999999999818,0.4281093795942227,1261.52,1253.09,1248.35,1262.86,1257.66,-1,7.233333333333333,0.8788461538462161,1.7903846153847112,0.8980769230769685,1.8096153846154637,1.0,1.0,0.0
877,2017,4.309999999999945,0.3282023388632001,1248.67,1252.62,1254.27,1251.12,1246.81,1,7.316666666666666,0.3480278422273826,0.7308584686775246,0.4733178654292319,0.8561484918793738,0.0,0.0,1.0
878,2017,5.819999999999936,0.4617477048622878,1252.75,1259.64,1260.82,1257.54,1251.72,1,13.066666666666666,0.3608247422680686,0.5635738831615135,0.491408934707931,0.6941580756013759,0.0,0.0,0.0
879,2017,2.5900000000001455,0.19991178740766405,1262.04,1260.52,1253.16,1263.7,1261.11,-1,7.45,0.2277992277991834,3.069498069497827,0.27413127413127275,3.115830115829916,0.0,0.0,1.0
880,2017,2.9400000000000546,0.23720608575380833,1251.67,1252.2,1255.24,1253.71,1250.77,-1,6.766666666666667,-0.4863945578231419,-1.5204081632652873,-0.42176870748298845,-1.4557823129251337,1.0,1.0,1.0
881,2017,3.1700000000000728,0.2625880125436429,1258.39,1255.51,1255.81,1259.45,1256.28,1,5.883333333333334,-1.2429022082018815,-1.1482649842271346,-1.157728706624602,-1.0630914826498552,1.0,1.0,0.0
882,2017,5.110000000000127,0.4327365110089639,1257.09,1267.68,1269.06,1258.17,1253.06,1,5.983333333333333,1.8610567514676621,2.1311154598825053,1.8669275929549365,2.1369863013697796,0.0,0.0,1.0
884,2017,5.169999999999845,0.4521206821162963,1267.94,1261.76,1262.87,1270.36,1265.19,-1,8.783333333333333,0.6634429400387168,0.44874274661513214,0.7562862669246032,0.5415860735010185,0.0,0.0,1.0
885,2017,3.0299999999999727,0.26013368492058403,1260.04,1267.08,1271.86,1262.52,1259.49,1,7.483333333333333,1.5049504950495005,3.082508250825083,1.590759075907584,3.1683168316831667,0.0,0.0,1.0
886,2017,3.8900000000001,0.3262836259061852,1268.47,1264.43,1267.65,1270.25,1266.36,-1,6.183333333333334,0.4961439588688398,-0.33161953727510485,0.6863753213367035,-0.14138817480724106,0.0,0.0,1.0
887,2017,6.720000000000027,0.5585040071237785,1261.23,1276.43,1277.25,1265.72,1259.0,1,13.5,1.593749999999999,1.7157738095237984,2.072916666666668,2.1949404761904674,0.0,0.0,1.0
888,2017,3.25,0.2553597485688632,1280.23,1280.99,1279.22,1281.93,1278.68,1,13.083333333333334,-0.289230769230786,-0.833846153846165,-0.0953846153845986,-0.6399999999999776,0.0,1.0,0.0
889,2017,5.350000000000136,0.427779998857742,1284.52,1293.94,1291.11,1284.93,1279.58,1,6.366666666666666,1.6841121495326656,1.1551401869158278,1.7028037383177375,1.1738317757008996,0.0,0.0,1.0
890,2017,3.019999999999982,0.25503679575340665,1291.18,1292.27,1283.2,1294.2,1291.18,-1,5.0,-0.3609271523178559,2.642384105960287,-0.3609271523178559,2.642384105960287,0.0,0.0,1.0
891,2017,3.730000000000018,0.3296717171717186,1283.94,1276.3,1278.89,1287.31,1283.58,1,6.7,-2.9517426273458276,-2.2573726541554433,-2.9008042895442046,-2.2064343163538207,1.0,1.0,0.0
892,2017,7.0,0.5886239413778604,1274.23,1266.78,1270.64,1280.07,1273.07,-1,7.066666666666666,0.8985714285714234,0.34714285714283377,0.9414285714285597,0.3899999999999701,0.0,0.0,1.0
893,2017,3.660000000000082,0.29914180629342724,1266.76,1266.63,1266.49,1270.0,1266.34,-1,7.933333333333334,-0.07923497267764604,-0.040983606557400985,-0.06284153005464838,-0.024590163934403313,1.0,1.0,0.0
894,2017,4.420000000000073,0.3753487807837017,1266.43,1263.87,1266.76,1267.04,1262.62,-1,9.466666666666667,-0.2828054298642487,-0.9366515837104145,-0.21266968325787597,-0.8665158371040417,0.0,1.0,0.0
895,2017,3.759999999999991,0.32197687931983576,1269.22,1277.62,1266.93,1270.01,1266.25,-1,12.25,-3.0239361702127443,-0.1808510638298046,-2.968085106382947,-0.12500000000000755,1.0,1.0,0.0
896,2017,4.570000000000164,0.3543420469650106,1264.77,1255.12,1254.19,1266.67,1262.1,-1,7.1,1.527352297592947,1.7308533916848077,1.5864332603938163,1.789934354485677,0.0,0.0,1.0
897,2017,3.259999999999991,0.2541910331384009,1253.11,1255.11,1254.44,1255.07,1251.81,-1,6.5,-1.0122699386502956,-0.8067484662577045,-0.9263803680981565,-0.7208588957055654,1.0,1.0,0.0
898,2017,4.559999999999945,0.35235677227066614,1252.74,1248.65,1245.01,1255.57,1251.01,-1,8.083333333333334,0.5175438596491071,1.3157894736842262,0.5372807017543525,1.3355263157894717,0.0,0.0,1.0
899,2017,3.0499999999999545,0.23352474706042867,1245.04,1242.65,1243.84,1245.83,1242.78,1,6.966666666666667,-1.042622950819634,-0.6524590163934554,-1.0065573770491745,-0.6163934426229958,1.0,1.0,0.0
900,2017,2.0299999999999727,0.16232579392277605,1246.16,1244.75,1246.27,1246.44,1244.41,1,5.0,-0.832512315270974,-0.08374384236456899,-0.694581280788227,0.054187192118178046,1.0,1.0,0.0
901,2017,7.269999999999982,0.5879158964879834,1252.09,1250.21,1249.1,1253.92,1246.65,1,6.783333333333333,-0.5103163686382456,-0.6629986244842058,-0.5006877579091997,-0.6533700137551598,0.0,1.0,0.0
902,2017,2.589999999999918,0.22507759155803087,1252.1,1255.43,1255.69,1252.32,1249.73,1,5.85,1.2007722007722879,1.3011583011583878,1.2664092664092959,1.366795366795396,0.0,0.0,1.0
903,2017,3.3400000000001455,0.28418621611767303,1254.94,1244.5,1242.55,1257.92,1254.58,-1,5.0,3.017964071856134,3.601796407185464,3.125748502993892,3.709580838323222,0.0,0.0,1.0
904,2017,4.190000000000055,0.3439057278536708,1244.54,1247.86,1250.15,1245.44,1241.25,1,6.05,0.5775656324581895,1.1241050119331684,0.6014319809069091,1.147971360381888,0.0,0.0,1.0
905,2017,5.320000000000164,0.43616772077771254,1252.43,1249.33,1249.18,1253.39,1248.07,1,9.2,-0.7631578947368511,-0.7913533834586292,-0.5939849624060122,-0.6221804511277902,1.0,1.0,0.0
906,2017,4.269999999999982,0.3736249999999974,1251.66,1244.21,1245.32,1253.12,1248.85,-1,8.766666666666667,1.0866510538641434,0.8266978922716599,1.187353629976571,0.9274004683840874,0.0,0.0,1.0
907,2017,4.430000000000064,0.3930291508238323,1246.62,1242.37,1240.8,1248.16,1243.73,-1,7.3,0.30699774266368124,0.6613995485327362,0.3498871331828803,0.7042889390519353,0.0,0.0,1.0
908,2017,5.3400000000001455,0.46701649175413457,1237.52,1222.61,1221.51,1241.95,1236.61,-1,6.966666666666667,2.6217228464418763,2.8277153558051493,2.749063670411922,2.955056179775195,0.0,0.0,1.0
910,2017,3.990000000000009,0.35609103078982546,1227.61,1221.33,1223.3,1228.75,1224.76,-1,7.533333333333333,0.8596491228070315,0.36591478696742685,0.9423558897243064,0.44862155388470165,0.0,0.0,1.0
911,2017,4.569999999999936,0.41735159817350903,1226.98,1223.81,1224.46,1228.37,1223.8,-1,8.316666666666666,-0.0021881838074378655,-0.14442013129104836,0.0021881838074378655,-0.14004376367617263,0.0,0.0,0.0
912,2017,7.1400000000001,0.6494282744282822,1220.66,1212.39,1209.77,1225.47,1218.33,-1,13.5,0.8319327731092079,1.1988795518207038,1.4523809523809168,1.8193277310924127,1.0,1.0,0.0
913,2017,3.4600000000000364,0.29827586206896806,1210.73,1211.91,1213.85,1213.75,1210.29,-1,7.05,-0.4682080924855784,-1.0289017341040196,-0.39595375722546355,-0.9566473988439048,1.0,1.0,1.0
914,2017,4.850000000000136,0.40822461371972435,1212.11,1208.62,1216.68,1215.91,1211.06,-1,5.866666666666666,0.5030927835051517,-1.15876288659793,0.5154639175257587,-1.146391752577323,0.0,1.0,0.0
915,2017,3.5699999999999363,0.295564754583081,1220.06,1222.85,1220.16,1220.3,1216.73,1,6.783333333333333,0.7142857142857143,-0.03921568627447484,0.7619047619047195,0.008403361344530322,1.0,1.0,0.0
916,2017,5.7000000000000455,0.4603137978772524,1223.33,1218.3,1218.33,1223.8,1218.1,1,6.55,-0.9649122807017467,-0.9596491228070146,-0.9228070175438506,-0.9175438596491187,1.0,1.0,0.0
917,2017,3.75,0.3048603449277041,1216.73,1228.77,1228.74,1218.47,1214.72,1,7.333333333333333,2.7466666666666546,2.7386666666666617,2.776000000000022,2.768000000000029,0.0,0.0,1.0
918,2017,2.4300000000000637,0.20264474624732468,1231.11,1233.46,1234.55,1232.22,1229.79,-1,6.35,-1.5102880658436117,-1.9588477366254593,-1.477366255144054,-1.9259259259259016,1.0,1.0,0.0
919,2017,5.430000000000064,0.4641308993223079,1237.1,1241.5,1243.88,1238.17,1232.74,1,6.683333333333334,0.6132596685082667,1.0515653775322227,0.6243093922652044,1.0626151012891605,0.0,0.0,1.0
920,2017,2.839999999999918,0.23579646542520952,1241.34,1241.68,1241.64,1243.37,1240.53,-1,6.65,-0.40492957746483244,-0.3908450704225913,-0.35563380281690843,-0.34154929577466736,1.0,1.0,1.0
921,2017,5.009999999999991,0.429726749172894,1237.73,1245.74,1243.8,1242.46,1237.45,-1,5.0,-1.6546906187624708,-1.2674650698602636,-1.598802395209582,-1.2115768463073746,1.0,1.0,0.0
922,2017,2.480000000000018,0.208553580009612,1245.12,1251.16,1255.1,1245.77,1243.29,1,6.583333333333333,2.173387096774218,3.7620967741934916,2.1774193548387304,3.766129032258004,0.0,0.0,1.0
923,2017,3.5,0.31531531531531465,1254.29,1254.81,1254.88,1257.07,1253.57,-1,6.45,-0.35428571428571687,-0.3742857142857637,-0.33142857142852983,-0.35142857142857664,1.0,1.0,0.0
924,2017,2.6700000000000728,0.23907898944676004,1254.95,1250.06,1249.99,1255.5,1252.83,1,5.066666666666666,-2.0374531835205643,-2.063670411984959,-1.9737827715355198,-1.9999999999999147,1.0,1.0,0.0
925,2017,3.7899999999999636,0.3464124828621753,1247.22,1247.92,1256.29,1249.87,1246.08,-1,6.516666666666667,-0.48548812664911956,-2.693931398416922,-0.4564643799472387,-2.664907651715041,0.0,1.0,0.0
926,2017,5.1099999999999,0.42833193629504496,1263.92,1257.59,1260.87,1264.8,1259.69,1,13.65,-1.4109589041096238,-0.769080234833687,-1.244618395303376,-0.6027397260274393,1.0,1.0,0.0
927,2017,3.2000000000000455,0.28631686585288274,1257.94,1266.33,1270.54,1260.8,1257.6,-1,5.066666666666666,-2.728124999999967,-4.043749999999959,-2.703124999999919,-4.018749999999912,1.0,1.0,0.0
928,2017,3.4700000000000273,0.3050932613201049,1267.34,1268.79,1269.81,1270.72,1267.25,-1,5.0,-0.4438040345821186,-0.7377521613832638,-0.41786743515851127,-0.7118155619596565,0.0,0.0,0.0
929,2017,3.5599999999999454,0.3223177908555856,1269.5,1272.84,1272.19,1270.53,1266.97,1,5.65,0.6488764044943767,0.4662921348314908,0.6938202247191194,0.5112359550562336,1.0,1.0,0.0
930,2017,6.009999999999991,0.5472876284636391,1265.87,1270.46,1268.07,1271.0,1264.99,-1,5.683333333333334,-0.9101497504159793,-0.5124792013311035,-0.8702163061564103,-0.4725457570715345,0.0,1.0,0.0
931,2017,9.240000000000009,0.8305617977528086,1261.89,1269.01,1268.74,1266.14,1256.9,1,12.5,0.3106060606060485,0.28138528138527125,0.5497835497835414,0.5205627705627641,0.0,0.0,0.0
932,2017,2.9099999999998545,0.26880443388755554,1267.86,1257.37,1258.28,1270.09,1267.18,-1,13.5,3.3711340206187845,3.0584192439864384,3.6185567010311774,3.3058419243988313,0.0,0.0,1.0
933,2017,2.490000000000009,0.2181340341655722,1258.44,1257.9,1258.43,1259.0,1256.51,-1,10.733333333333333,-0.5582329317269458,-0.7710843373494239,-0.5381526104418235,-0.7510040160643018,0.0,1.0,0.0
934,2017,3.9199999999998454,0.36043609615130595,1259.79,1253.39,1255.88,1260.83,1256.91,1,9.133333333333333,-1.8979591836735001,-1.2627551020408196,-1.7984693877551614,-1.163265306122481,1.0,1.0,1.0
935,2017,5.899999999999864,0.522850993796671,1265.08,1271.76,1276.56,1267.1,1261.2,1,8.0,0.7898305084746085,1.603389830508518,0.9220338983051153,1.7355932203390247,0.0,0.0,1.0
936,2017,2.4600000000000364,0.21111996567155358,1276.42,1286.59,1284.94,1277.01,1274.55,1,5.266666666666667,3.8943089430893436,3.223577235772336,3.9308943089429684,3.260162601625961,0.0,0.0,1.0
937,2017,5.009999999999991,0.42781335773101525,1285.94,1285.71,1289.81,1288.91,1283.9,1,13.5,-0.6387225548902298,0.17964071856284736,-0.19960079840319397,0.6187624750498831,1.0,1.0,0.0
938,2017,4.110000000000127,0.3431536259542094,1287.95,1284.05,1282.19,1289.45,1285.34,-1,6.733333333333333,0.31386861313866754,0.7664233576641767,0.34549878345499485,0.7980535279805039,0.0,0.0,1.0
939,2017,8.059999999999945,0.6637256631962781,1275.54,1271.03,1271.47,1281.19,1273.13,-1,6.883333333333334,0.2605459057072147,0.2059553349876046,0.30397022332506973,0.2493796526054596,0.0,0.0,0.0
940,2017,2.7799999999999727,0.2370424508191705,1272.91,1272.16,1282.39,1273.92,1271.14,-1,7.416666666666667,-0.36690647482014094,-4.046762589928098,-0.3345323741007456,-4.014388489208702,0.0,1.0,1.0
941,2017,7.0,0.5767419962335214,1287.19,1283.96,1286.37,1289.32,1282.32,1,8.033333333333333,-0.7657142857142715,-0.4214285714285779,-0.721428571428565,-0.37714285714287143,1.0,1.0,0.0
942,2017,3.3799999999998818,0.2874673470627441,1287.09,1294.47,1287.8,1289.28,1285.9,1,8.0,1.5355029585799516,-0.4378698224852278,1.6893491124261053,-0.28402366863907397,0.0,1.0,1.0
943,2017,5.970000000000027,0.4726840855106906,1285.83,1291.35,1291.46,1286.5,1280.53,1,6.533333333333333,0.8123953098827281,0.8308207705192653,0.8542713567839004,0.8726968174204376,0.0,0.0,1.0
944,2017,5.1400000000001,0.40302436292355825,1288.91,1285.58,1285.25,1292.45,1287.31,-1,7.266666666666667,0.3365758754863783,0.4007782101167131,0.39883268482493034,0.46303501945526515,0.0,0.0,1.0
945,2017,4.0,0.31244769290855323,1285.68,1289.09,1289.78,1286.66,1282.66,1,7.283333333333333,0.6074999999999591,0.7799999999999727,0.6549999999999727,0.8274999999999864,0.0,0.0,1.0
946,2017,4.019999999999982,0.3235598482235238,1288.07,1286.75,1285.61,1291.11,1287.09,-1,7.883333333333334,0.08457711442784072,0.3681592039801057,0.10696517412936955,0.3905472636816345,0.0,0.0,0.0
947,2017,1.9100000000000819,0.16246430524333894,1286.67,1290.28,1291.31,1287.0,1285.09,1,6.016666666666667,1.7172774869109069,2.256544502617676,1.8481675392669221,2.3874345549736913,1.0,1.0,1.0
948,2017,3.0299999999999727,0.23642849180693123,1293.99,1303.62,1310.32,1294.79,1291.76,1,6.85,2.9141914191419165,5.125412541254162,2.937293729372919,5.148514851485165,0.0,0.0,1.0
949,2017,5.580000000000155,0.3922277451423515,1316.38,1319.19,1307.08,1319.45,1313.87,1,7.85,-0.04659498207885013,-2.2168458781361604,-0.014336917562710577,-2.1845878136200207,0.0,1.0,1.0
950,2017,5.809999999999945,0.40116393766028385,1313.03,1307.96,1307.23,1313.33,1307.52,-1,7.266666666666667,-0.07573149741825451,0.04991394148020075,0.024096385542146985,0.14974182444060224,1.0,1.0,0.0
951,2017,10.0,0.7067851373182547,1302.98,1316.46,1320.42,1308.9,1298.9,1,13.533333333333333,0.7559999999999946,1.1519999999999981,0.9289999999999964,1.325,0.0,0.0,1.0
952,2017,3.3099999999999454,0.2184509498892154,1319.9,1321.8,1325.0,1321.83,1318.52,-1,7.8,-0.9909365558912467,-1.957703927492485,-0.9697885196374892,-1.9365558912387273,1.0,1.0,0.0
954,2017,6.4099999999998545,0.4186806009144261,1336.07,1336.47,1343.51,1338.6,1332.19,-1,8.766666666666667,-0.6677067082683417,-1.765990639625615,-0.5585023400936051,-1.6567862714508785,0.0,1.0,0.0
955,2017,4.7800000000002,0.3098578506274152,1337.71,1339.34,1333.07,1342.38,1337.6,-1,5.6,-0.3640167364016603,0.9476987447698291,-0.3514644351463945,0.9602510460250948,0.0,0.0,1.0
956,2017,3.4299999999998363,0.21964048849653633,1334.8,1346.59,1345.22,1335.84,1332.41,1,6.616666666666666,3.1341107871721614,2.734693877551183,3.1924198250729856,2.793002915452007,0.0,0.0,1.0
957,2017,6.460000000000036,0.41340220322713633,1353.15,1344.02,1346.82,1353.82,1347.36,1,6.0,-1.5170278637770742,-1.0835913312693437,-1.5170278637770742,-1.0835913312693437,1.0,1.0,0.0
958,2017,4.2000000000000455,0.2669451128160925,1337.46,1334.4,1329.61,1338.78,1334.58,-1,7.666666666666667,0.04285714285710342,1.183333333333327,0.07142857142855982,1.2119047619047834,1.0,1.0,0.0
959,2017,4.599999999999909,0.28046337427052853,1325.08,1327.29,1330.77,1328.99,1324.39,-1,5.55,-0.6304347826086785,-1.3869565217391322,-0.530434782608718,-1.2869565217391716,1.0,1.0,0.0
960,2017,3.619999999999891,0.21842003189242115,1331.61,1323.21,1321.44,1333.1,1329.48,-1,6.3,1.7320441988950748,2.2209944751381783,1.8646408839779567,2.3535911602210606,1.0,1.0,0.0
961,2017,3.959999999999809,0.23181133968889994,1321.54,1324.79,1326.76,1323.12,1319.16,1,8.5,0.4217171717172104,0.9191919191919888,0.4974747474747784,0.9949494949495568,1.0,1.0,0.0
962,2017,5.309999999999945,0.31241857533094863,1329.49,1321.35,1321.53,1334.22,1328.91,-1,5.4,1.4237288135593693,1.3898305084746112,1.4557438794727113,1.4218455743879532,0.0,0.0,1.0
963,2017,5.129999999999882,0.32758620689654416,1317.58,1308.56,1306.73,1319.61,1314.48,-1,8.933333333333334,1.1539961013645632,1.5107212475633875,1.2046783625731396,1.561403508771964,0.0,0.0,1.0
964,2017,3.619999999999891,0.23738816806407076,1308.9,1309.49,1309.47,1309.75,1306.13,1,14.266666666666667,-0.07182320441988915,-0.07734806629833733,0.15469613259667467,0.1491712707182265,0.0,1.0,0.0
965,2017,3.300000000000182,0.21842938868139827,1312.03,1313.86,1300.99,1312.9,1309.6,1,6.416666666666667,0.290909090909017,-3.609090909090735,0.3272727272726872,-3.572727272727065,0.0,1.0,0.0
966,2017,5.509999999999991,0.37307152875175215,1299.26,1289.89,1290.34,1301.3,1295.79,-1,7.766666666666667,1.0707803992740241,0.9891107078040027,1.1887477313974528,1.1070780399274314,0.0,0.0,1.0
967,2017,6.849999999999909,0.46185706029666046,1296.3,1296.84,1296.38,1298.0,1291.15,1,5.75,-0.16934306569344484,-0.2364963503649507,-0.1620437956204587,-0.22919708029196456,0.0,0.0,0.0
968,2017,4.539999999999964,0.3171814960826358,1293.36,1298.18,1308.72,1293.95,1289.41,1,5.166666666666667,0.9317180616740203,3.2533039647577313,1.0154185022026794,3.3370044052863905,0.0,0.0,1.0
969,2017,5.730000000000018,0.3914125396438163,1313.04,1300.17,1297.82,1313.55,1307.82,-1,8.233333333333333,1.3350785340313855,1.7452006980802737,1.4345549738219898,1.844677137870878,0.0,0.0,1.0
970,2017,5.540000000000191,0.35912395240080874,1294.52,1287.26,1285.52,1296.15,1290.61,-1,9.25,0.6046931407941866,0.9187725631768489,0.6823104693140509,0.9963898916967132,0.0,0.0,1.0
971,2017,4.190000000000055,0.27497304645385423,1281.13,1283.58,1287.6,1284.79,1280.6,-1,5.066666666666666,-0.7112171837708782,-1.6706443914080928,-0.6515513126491606,-1.6109785202863751,1.0,1.0,0.0
972,2017,4.009999999999991,0.26772855167151444,1284.86,1285.0,1282.12,1287.75,1283.74,-1,7.15,-0.3142144638403975,0.40399002493768627,-0.2468827930174592,0.47132169576062455,1.0,1.0,0.0
973,2017,4.7000000000000455,0.3227072094163836,1274.99,1273.41,1273.31,1278.67,1273.97,-1,5.616666666666666,0.1191489361702,0.14042553191490967,0.20212765957442744,0.2234042553191371,0.0,0.0,0.0
974,2017,4.690000000000055,0.32375129431487987,1269.53,1273.28,1271.86,1272.96,1268.27,1,15.116666666666667,0.0682302771854867,-0.23454157782518628,0.13859275053301834,-0.16417910447765463,0.0,0.0,0.0
975,2017,4.259999999999991,0.3052825552825548,1275.26,1274.99,1274.48,1276.09,1271.83,1,6.133333333333334,-0.25821596244129374,-0.3779342723004468,-0.13380281690139378,-0.25352112676054683,1.0,1.0,1.0
976,2017,2.1699999999998454,0.1606132698916091,1274.34,1273.84,1268.91,1275.11,1272.94,1,6.05,-0.5852534562212315,-2.857142857142977,-0.5714285714286164,-2.843317972350362,0.0,1.0,1.0
977,2017,2.009999999999991,0.15058596885535339,1268.2,1272.4,1273.69,1269.57,1267.56,-1,5.083333333333333,-2.4079601990050583,-3.0497512437811625,-2.338308457711476,-2.98009950248758,1.0,1.0,0.0
978,2017,9.710000000000036,0.7246268656716449,1282.23,1281.53,1282.95,1284.92,1275.21,1,7.0,-0.349124613800215,-0.2028836251287353,-0.26570545829041375,-0.1194644696189341,0.0,0.0,0.0
979,2017,6.089999999999918,0.44578061277841136,1286.58,1293.96,1288.82,1288.1,1282.01,1,7.366666666666666,0.9622331691297547,0.11822660098522775,0.981937602627274,0.13793103448274704,0.0,0.0,0.0
980,2017,4.930000000000064,0.3762127984301808,1287.35,1288.52,1289.69,1291.54,1286.61,0,,,,,,,,
981,2017,3.75,0.2930178043199199,1294.86,1293.76,1293.48,1295.32,1291.57,1,6.5,-0.41599999999998544,-0.4906666666666448,-0.3946666666666715,-0.4693333333333309,1.0,1.0,0.0
982,2017,3.480000000000018,0.27148110999665837,1295.96,1299.18,1301.8,1296.66,1293.18,1,7.266666666666667,0.7241379310344738,1.4770114942528292,0.8620689655172369,1.6149425287355923,1.0,1.0,0.0
983,2017,3.5,0.2887618598621018,1302.34,1303.62,1295.3,1304.45,1300.95,1,7.733333333333333,-0.23714285714290131,-2.61428571428574,-0.12285714285716105,-2.5,0.0,1.0,0.0
984,2017,3.400000000000091,0.29130966952265186,1293.01,1284.86,1286.53,1295.73,1292.33,-1,5.4,2.197058823529361,1.7058823529411176,2.264705882352894,1.7735294117646505,0.0,0.0,1.0
985,2017,3.4099999999998545,0.2929733046946794,1286.75,1280.68,1281.38,1288.79,1285.38,-1,6.2,1.3782991202346762,1.1730205278592876,1.5307917888563782,1.3255131964809896,0.0,0.0,1.0
986,2017,5.330000000000155,0.45541653951786515,1278.56,1287.63,1286.13,1281.9,1276.57,1,8.433333333333334,1.0750469043151691,0.7936210131331887,1.1350844277673557,0.8536585365853753,0.0,0.0,1.0
987,2017,8.460000000000036,0.7226798462383343,1284.39,1282.21,1279.23,1291.0,1282.54,-1,7.133333333333334,0.03900709219857279,0.39125295508273417,0.060283687943261076,0.4125295508274225,0.0,0.0,0.0
988,2017,3.8299999999999272,0.32082809788786537,1276.33,1274.15,1279.7,1278.01,1274.18,-1,8.266666666666667,0.007832898172316785,-1.4412532637075943,0.1044386422976165,-1.3446475195822947,0.0,1.0,0.0
989,2017,3.3899999999998727,0.276573426573416,1282.5,1274.38,1280.11,1283.57,1280.18,-1,8.016666666666667,1.710914454277337,0.020648967551671487,1.6519174041298288,-0.03834808259583677,0.0,0.0,1.0
990,2017,5.3400000000001455,0.4398940864960401,1272.91,1275.86,1277.38,1276.89,1271.55,-1,9.916666666666666,-0.8071161048688816,-1.0917602996254674,-0.66479400749061,-0.9494382022471958,1.0,1.0,0.0
991,2017,2.660000000000082,0.223798076923084,1279.65,1273.73,1268.53,1280.98,1278.32,1,6.35,-2.725563909774352,-4.680451127819422,-2.620300751879629,-4.5751879699246985,1.0,1.0,0.0
992,2017,3.150000000000091,0.2636298421807824,1267.95,1269.34,1272.58,1268.5,1265.35,-1,7.733333333333333,-1.266666666666633,-2.2952380952380347,-1.238095238095159,-2.266666666666561,1.0,1.0,0.0
993,2017,2.1800000000000637,0.18259048758600585,1271.65,1274.32,1275.46,1272.76,1270.58,-1,6.066666666666666,-1.7155963302751833,-2.238532110091728,-1.6743119266053932,-2.1972477064219373,1.0,1.0,0.0
994,2017,2.550000000000182,0.2165605095541557,1275.17,1269.67,1270.61,1277.4,1274.85,1,6.383333333333334,-3.0313725490193986,-2.6627450980391005,-2.901960784313465,-2.5333333333331667,1.0,1.0,0.0
995,2017,2.349999999999909,0.19784713452401695,1269.42,1276.62,1275.17,1270.23,1267.88,1,5.8,2.7191489361702637,2.1021276595745726,2.7319148936170614,2.11489361702137,0.0,0.0,1.0
996,2017,6.259999999999991,0.5110800093305348,1279.9,1278.64,1276.1,1281.33,1275.07,-1,11.916666666666666,-0.5702875399361292,-0.1645367412140534,-0.47603833865815054,-0.07028753993607473,1.0,1.0,0.0
997,2017,2.519999999999982,0.2082767577779079,1277.15,1268.57,1270.02,1278.66,1276.14,-1,6.516666666666667,3.0039682539683406,2.428571428571493,3.1746031746031975,2.5992063492063497,1.0,1.0,1.0
998,2017,4.569999999999936,0.38081066603177954,1269.56,1272.86,1280.62,1270.58,1266.01,1,8.9,0.49890590809628105,2.196936542669607,0.700218818380714,2.39824945295404,0.0,0.0,1.0
999,2017,2.730000000000018,0.2241116453617941,1278.72,1275.69,1276.33,1280.64,1277.91,-1,8.383333333333333,0.8131868131868177,0.5787545787546315,0.9413919413919118,0.7069597069597255,0.0,0.0,1.0
1000,2017,2.959999999999809,0.24749163879597125,1278.55,1283.63,1282.04,1279.12,1276.16,-1,6.45,-2.5236486486488205,-1.9864864864865748,-2.4324324324326048,-1.8952702702703588,1.0,1.0,0.0
1001,2017,4.25,0.3616361757734162,1283.15,1282.33,1287.77,1284.11,1279.86,1,5.133333333333334,-0.41882352941175827,0.8611764705882545,-0.3717647058823893,0.9082352941176235,0.0,0.0,0.0
1002,2017,2.7100000000000364,0.23730297723292873,1284.65,1283.59,1275.1,1286.98,1284.27,-1,5.016666666666667,0.2509225092251124,3.383763837638358,0.3062730627306802,3.4391143911439257,0.0,0.0,1.0
1003,2017,1.75,0.15050064500276475,1275.64,1278.7,1278.74,1276.49,1274.74,1,5.65,1.2628571428571636,1.2857142857142858,1.2857142857142858,1.3085714285714078,0.0,0.0,1.0
1004,2017,2.589999999999918,0.22979910006970605,1276.34,1278.48,1281.21,1277.98,1275.39,-1,8.033333333333333,-1.193050193050199,-2.2471042471042937,-1.127413127413191,-2.1814671814672857,1.0,1.0,1.0
1005,2017,3.0499999999999545,0.2628662890913532,1281.01,1278.31,1277.83,1283.19,1280.14,1,7.25,-1.6000000000000596,-1.7573770491803957,-1.3967213114754278,-1.554098360655764,1.0,1.0,1.0
1006,2017,3.4300000000000637,0.30340557275542407,1276.42,1279.96,1278.33,1279.47,1276.04,-1,5.0,-1.1428571428571428,-0.6676384839649916,-1.0320699708454513,-0.5568513119533,1.0,1.0,0.0
1007,2017,5.130000000000109,0.4638635923270792,1282.59,1287.04,1293.79,1283.96,1278.83,1,10.966666666666667,0.6003898635477313,1.9161793372319138,0.6608187134502536,1.976608187134436,0.0,0.0,1.0
1008,2017,3.1200000000001182,0.2679590209189726,1292.0,1285.3,1276.25,1294.13,1291.01,-1,5.916666666666667,1.8301282051281473,4.730769230769049,1.8557692307691487,4.75641025641005,0.0,0.0,1.0
1009,2017,1.8399999999999181,0.1495153520227457,1279.96,1281.48,1280.67,1280.33,1278.49,1,6.116666666666666,0.6250000000000773,0.18478260869573948,0.7608695652174746,0.32065217391313683,1.0,1.0,0.0
1010,2017,3.339999999999918,0.2786982953868093,1280.31,1288.5,1294.15,1282.3,1278.96,1,6.183333333333334,1.8562874251497596,3.5479041916168943,1.940119760479095,3.6317365269462294,0.0,0.0,1.0
1013,2017,3.979999999999791,0.3582588568121718,1290.29,1295.11,1295.08,1290.61,1286.63,1,6.116666666666666,1.1306532663317177,1.1231155778895132,1.1683417085427408,1.160804020100536,0.0,0.0,1.0
1014,2017,3.730000000000018,0.32805628847845447,1293.98,1294.91,1292.08,1296.66,1292.93,-1,7.083333333333333,-0.5308310991957127,0.22788203753354752,-0.38069705093835543,0.37801608579090484,1.0,1.0,0.0
1015,2017,3.1100000000001273,0.28161179742579356,1295.47,1285.33,1284.5,1295.93,1292.82,1,7.35,-3.4083601286172676,-3.67524115755614,-3.356913183279623,-3.6237942122184954,1.0,1.0,0.0
1016,2017,2.25,0.19587116030344576,1283.86,1279.19,1274.67,1285.19,1282.94,-1,6.166666666666667,1.6666666666666667,3.6755555555555475,1.813333333333301,3.822222222222182,0.0,0.0,1.0
1017,2017,2.8199999999999363,0.24353833816543888,1274.49,1274.27,1282.29,1276.7,1273.88,1,8.55,-0.8617021276596165,1.982269503546115,-0.7907801418439959,2.0531914893617356,1.0,1.0,0.0
1018,2017,2.0799999999999272,0.166552276366959,1274.44,1275.18,1275.23,1275.77,1273.69,-1,6.283333333333333,-0.7163461538461833,-0.7403846153846237,-0.5096153846154855,-0.5336538461539261,1.0,1.0,1.0
1019,2017,2.660000000000082,0.21858308387627703,1274.3,1263.95,1265.68,1276.88,1274.22,-1,12.733333333333333,3.860902255638972,3.210526315789361,3.951127819548747,3.300751879699136,0.0,0.0,1.0
1020,2017,3.1800000000000637,0.25625971334830516,1266.68,1263.35,1263.69,1267.28,1264.1,1,5.85,-1.2358490566037688,-1.1289308176100146,-1.16037735849056,-1.0534591194968057,1.0,1.0,0.0
1021,2017,2.2799999999999727,0.1836171191900582,1263.07,1252.61,1245.91,1264.05,1261.77,-1,5.95,4.017543859649207,6.956140350877233,4.105263157894842,7.043859649122868,0.0,0.0,1.0
1022,2017,2.490000000000009,0.1980231765507852,1248.45,1247.6,1248.44,1249.4,1246.91,1,6.333333333333333,-0.7228915662651306,-0.38554216867471197,-0.6706827309237215,-0.3333333333333029,1.0,1.0,0.0
1023,2017,2.1200000000001182,0.18025021255922363,1248.65,1247.36,1241.45,1248.98,1246.86,1,5.05,-0.7641509433962396,-3.551886792452619,-0.7311320754717432,-3.5188679245281227,1.0,1.0,1.0
1024,2017,2.2200000000000273,0.18614122297418972,1244.41,1237.12,1242.99,1244.7,1242.48,1,5.05,-3.414414414414442,-0.7702702702702772,-3.3738738738738365,-0.7297297297296717,1.0,1.0,0.0
1025,2017,2.8200000000001637,0.24511082138202214,1243.42,1246.33,1256.54,1245.16,1242.34,-1,7.25,-1.4148936170211976,-5.035460992907526,-1.3794326241133499,-4.999999999999678,1.0,1.0,0.0
1026,2017,5.7000000000000455,0.4651705042261776,1257.71,1253.66,1255.04,1258.99,1253.29,-1,13.75,-0.06491228070177461,-0.3070175438596467,0.12280701754382675,-0.11929824561404531,0.0,0.0,0.0
1027,2017,2.769999999999982,0.2245252431681322,1254.46,1254.36,1256.07,1255.76,1252.99,1,7.233333333333333,-0.5054151624549098,0.11191335740070306,-0.39350180505420673,0.22382671480140612,0.0,0.0,1.0
1028,2017,3.089999999999918,0.25594604188852715,1255.39,1263.51,1261.29,1255.77,1252.68,1,5.083333333333333,2.5048543689321083,1.7864077669903327,2.559870550161907,1.8414239482201311,0.0,0.0,1.0
1029,2017,2.339999999999918,0.1887749222081299,1262.39,1261.02,1261.53,1262.5,1260.16,1,5.083333333333333,-0.6324786324786624,-0.4145299145299407,-0.5854700854701564,-0.36752136752143477,1.0,1.0,1.0
1030,2017,3.5499999999999545,0.3015227810471353,1263.79,1264.53,1265.74,1264.82,1261.27,1,9.416666666666666,-0.08169014084506122,0.2591549295774886,-0.05070422535213126,0.29014084507041854,0.0,0.0,0.0
1031,2017,2.1700000000000728,0.19430764310841694,1267.48,1265.32,1266.74,1268.21,1266.04,-1,5.65,0.3317972350230429,-0.32258064516130047,0.502304147465488,-0.15207373271885538,0.0,0.0,1.0
1032,2017,2.189999999999827,0.21176958143388272,1266.3,1272.62,1274.69,1267.11,1264.92,1,5.766666666666667,2.5159817351600116,3.461187214612216,2.54794520547962,3.493150684931824,0.0,0.0,1.0
1034,2017,5.740000000000009,0.6056540777642964,1278.04,1281.73,1282.62,1279.03,1273.29,1,6.2,0.4703832752613312,0.6254355400696712,0.48606271777002774,0.6411149825783676,0.0,0.0,0.0
1035,2017,1.6600000000000819,0.17025266843952996,1282.01,1286.24,1288.56,1282.88,1281.22,1,7.083333333333333,2.0240963855420087,3.4216867469876844,2.1807228915662287,3.578313253011905,0.0,0.0,1.0
1036,2017,3.7899999999999636,0.42810001371597906,1290.74,1293.84,1294.68,1290.79,1287.0,1,5.016666666666667,0.8047493403693888,1.0263852242744427,0.8153034300791419,1.0369393139841956,0.0,0.0,1.0
1037,2017,2.2899999999999636,0.25902256550297376,1295.65,1302.56,1302.93,1296.18,1293.89,1,8.166666666666666,2.786026200873355,2.947598253275156,2.86026200873365,3.021834061135451,0.0,0.0,1.0
1039,2018,3.240000000000009,0.3711218745909177,1307.09,1312.14,1315.84,1307.35,1304.11,1,5.916666666666667,1.4783950617284498,2.620370370370366,1.5123456790123695,2.6543209876542853,0.0,0.0,1.0
1040,2018,9.340000000000146,1.0666101114247228,1313.53,1316.44,1312.91,1321.16,1311.82,-1,7.083333333333333,-0.4946466809421891,-0.1167023554603992,-0.4603854389721507,-0.08244111349036079,0.0,0.0,0.0
1041,2018,5.240000000000009,0.5742735470941909,1307.89,1319.72,1324.32,1311.06,1305.82,1,7.833333333333333,1.6526717557252035,2.530534351145032,1.7290076335877729,2.606870229007601,0.0,0.0,1.0
1042,2018,2.6900000000000546,0.27075215322013035,1321.85,1318.82,1320.5,1323.3,1320.61,-1,5.933333333333334,0.6654275092936532,0.04089219330851217,0.7249070631970282,0.10037174721188712,0.0,0.0,1.0
1043,2018,2.8299999999999272,0.28794860240998127,1320.12,1319.65,1319.02,1322.06,1319.23,-1,5.583333333333333,-0.1484098939929624,0.0742049469964812,-0.14134275618378137,0.08127208480566223,0.0,0.0,1.0
1044,2018,3.7100000000000364,0.37373897275749807,1318.74,1311.64,1313.61,1319.39,1315.68,1,5.066666666666666,-2.088948787061974,-1.557951482479823,-1.994609164420429,-1.4636118598382777,1.0,1.0,0.0
1045,2018,4.259999999999991,0.4148177000013905,1310.5,1319.17,1318.98,1312.4,1308.14,1,8.066666666666666,1.5892018779342714,1.5446009389671225,1.6643192488263288,1.6197183098591796,0.0,0.0,1.0
1046,2018,4.210000000000036,0.37523714936909136,1317.46,1321.05,1323.09,1320.71,1316.5,-1,7.65,-1.0807600950118563,-1.5653206650831024,-0.9334916864608147,-1.4180522565320608,1.0,1.0,0.0
1047,2018,7.559999999999945,0.6871656365241746,1329.53,1331.17,1337.52,1330.24,1322.68,1,9.016666666666667,0.12301587301588232,0.9629629629629664,0.1825396825396983,1.0224867724867823,0.0,0.0,1.0
1049,2018,3.7799999999999727,0.31796960902716287,1341.05,1335.29,1338.64,1341.87,1338.09,-1,7.2,0.740740740740734,-0.14550264550269468,0.8068783068783006,-0.07936507936512806,0.0,0.0,1.0
1050,2018,9.180000000000064,0.7608740697763982,1334.86,1336.04,1329.01,1343.89,1334.71,-1,5.516666666666667,-0.14488017429193006,0.6209150326797392,-0.11328976034857913,0.6525054466230902,0.0,0.0,0.0
1051,2018,5.420000000000073,0.4246198958036111,1327.12,1329.58,1328.57,1329.52,1324.1,1,6.183333333333334,0.011070110701096795,-0.1752767527675337,0.10701107011068625,-0.07933579335794426,0.0,0.0,0.0
1052,2018,5.4500000000000455,0.43840244540080014,1332.15,1333.15,1334.37,1332.15,1326.7,1,5.0,0.18348623853210855,0.4073394495412443,0.18348623853210855,0.4073394495412443,0.0,0.0,1.0
1053,2018,4.600000000000136,0.35789707680338984,1331.45,1334.55,1332.84,1334.89,1330.29,-1,6.85,-0.9260869565217097,-0.5543478260869302,-0.7717391304347498,-0.3999999999999703,1.0,1.0,0.0
1054,2018,4.180000000000064,0.3444784553802739,1336.13,1338.09,1340.51,1337.14,1332.96,1,6.2,0.2272727272726803,0.8062200956937415,0.30143540669855784,0.880382775119619,1.0,1.0,0.0
1055,2018,2.5699999999999363,0.21535883162745628,1341.02,1353.37,1358.02,1341.97,1339.4,1,5.983333333333333,4.435797665369707,6.245136186770565,4.548638132295765,6.357976653696624,0.0,0.0,1.0
1056,2018,8.569999999999936,0.7078048492714252,1363.4,1357.53,1347.71,1364.45,1355.88,1,5.95,-0.8074679113185675,-1.9533255542590588,-0.7759626604434237,-1.9218203033839147,1.0,1.0,0.0
1057,2018,7.930000000000064,0.6055416166684906,1351.91,1352.01,1350.4,1353.72,1345.79,1,6.416666666666667,-0.2156368221942021,-0.41866330390919415,-0.21311475409836583,-0.4161412358133579,0.0,0.0,0.0
1058,2018,6.039999999999964,0.4517818026393095,1348.29,1341.24,1342.9,1352.3,1346.26,-1,7.75,0.8311258278145716,0.5562913907284636,0.9403973509933937,0.6655629139072857,0.0,0.0,1.0
1059,2018,6.720000000000027,0.4934697088906396,1336.1,1341.35,1339.92,1341.43,1334.71,-1,5.816666666666666,-0.9880952380952152,-0.7752976190476213,-0.9642857142857131,-0.7514880952381192,1.0,1.0,0.0
1060,2018,6.389999999999873,0.4819264127565494,1340.61,1342.31,1343.41,1342.77,1336.38,1,5.866666666666666,-0.0719874804381918,0.10015649452270936,-0.018779342723023573,0.15336463223787758,0.0,1.0,0.0
1061,2018,5.5499999999999545,0.4043505412156506,1344.89,1342.08,1346.65,1346.97,1341.42,-1,7.0,-0.11891891891889367,-0.9423423423423534,-0.10630630630629243,-0.9297297297297521,0.0,0.0,0.0
1062,2018,3.6200000000001182,0.26765249537893676,1347.47,1330.24,1329.41,1349.97,1346.35,-1,9.5,4.450276243093749,4.679558011049523,4.563535911602056,4.792817679557829,0.0,0.0,1.0
1063,2018,4.670000000000073,0.32058448563303427,1330.35,1335.39,1334.4,1333.54,1328.87,1,8.05,0.3961456102783956,0.1841541755888895,0.41327623126339047,0.20128479657388434,0.0,0.0,1.0
1064,2018,10.25,0.6950835553402751,1342.35,1328.16,1326.43,1346.03,1335.78,-1,12.966666666666667,0.7434146341463308,0.9121951219512107,0.9775609756097543,1.146341463414634,0.0,0.0,0.0
1065,2018,6.350000000000136,0.4144908616188074,1329.07,1320.79,1314.5,1330.65,1324.3,1,6.95,-1.5527559055117977,-2.5433070866141327,-1.5212598425196653,-2.5118110236220006,1.0,1.0,0.0
1066,2018,9.490000000000009,0.5866301660190745,1310.98,1314.25,1317.51,1319.15,1309.66,-1,8.933333333333334,-0.4836670179135842,-0.8271865121180086,-0.4373024236038026,-0.7808219178082271,0.0,1.0,0.0
1067,2018,6.039999999999964,0.366266730194479,1317.56,1315.41,1314.25,1322.01,1315.97,-1,8.083333333333334,0.09271523178807099,0.28476821192053603,0.15066225165560596,0.342715231788071,0.0,0.0,0.0
1068,2018,10.440000000000055,0.6229647941351997,1323.87,1324.36,1322.41,1326.4,1315.96,0,,,,,,,,
1069,2018,4.670000000000073,0.27905587092919415,1325.97,1328.59,1328.19,1326.16,1321.49,1,5.083333333333333,0.5203426124196571,0.4346895074946341,0.5910064239828582,0.5053533190578352,0.0,0.0,0.0
1070,2018,6.040000000000191,0.378819102230994,1334.47,1348.29,1353.66,1336.9,1330.86,-1,9.116666666666667,-2.885761589403893,-3.7748344370860036,-2.869205298013142,-3.758278145695253,1.0,1.0,1.0
1071,2018,4.519999999999982,0.26668914362777996,1353.75,1352.02,1354.81,1355.15,1350.63,1,8.25,-0.6924778761062216,-0.07522123893808559,-0.6526548672566499,-0.035398230088513824,1.0,1.0,0.0
1072,2018,7.110000000000127,0.4242605063507017,1358.64,1355.42,1347.59,1359.42,1352.31,1,5.2,-0.5625879043600461,-1.6638537271448584,-0.5105485232067253,-1.6118143459915375,1.0,1.0,0.0
1074,2018,6.220000000000027,0.37883929348299034,1341.14,1337.94,1329.67,1346.46,1340.24,-1,6.0,0.369774919614139,1.699356913183262,0.42122186495174907,1.7508038585208723,0.0,0.0,1.0
1075,2018,5.150000000000091,0.30916341494790556,1326.14,1330.06,1326.3,1330.65,1325.5,-1,5.033333333333333,-0.8854368932038572,-0.15533980582523116,-0.8155339805825187,-0.08543689320389258,1.0,1.0,0.0
1076,2018,4.230000000000018,0.25387979079139167,1323.67,1328.26,1330.56,1326.77,1322.54,-1,6.883333333333334,-1.3522458628841614,-1.8959810874704368,-1.2624113475177057,-1.806146572103981,1.0,1.0,0.0
1077,2018,4.399999999999864,0.2776776054814184,1327.07,1328.88,1328.97,1331.06,1326.66,-1,5.266666666666667,-0.5045454545454764,-0.5250000000000039,-0.45454545454546863,-0.47499999999999615,1.0,1.0,0.0
1078,2018,10.980000000000018,0.7149767441860454,1336.72,1332.37,1332.72,1337.93,1326.95,1,5.55,-0.5063752276867179,-0.4744990892531901,-0.4808743169399081,-0.4489981785063803,0.0,0.0,0.0
1079,2018,4.9699999999998,0.3428092821599105,1332.09,1317.96,1317.68,1336.6,1331.63,-1,6.133333333333334,2.7505030181087773,2.806841046277788,2.782696177062472,2.8390342052314823,0.0,0.0,1.0
1080,2018,3.4200000000000728,0.23321967851924463,1317.42,1318.61,1318.2,1318.92,1315.5,1,6.916666666666667,-0.09064327485384976,-0.21052631578947717,-0.061403508771939154,-0.18128654970756658,0.0,0.0,1.0
1081,2018,4.269999999999982,0.3041465276011174,1314.51,1305.74,1316.01,1317.93,1313.66,-1,5.966666666666667,1.8548009367681748,-0.5503512880561872,1.920374707259972,-0.48477751756438997,0.0,0.0,1.0
1082,2018,3.1299999999998818,0.21477233740135424,1316.71,1320.14,1322.72,1318.28,1315.15,1,5.833333333333333,0.5942492012780184,1.4185303514377707,0.6613418530352211,1.4856230031949733,0.0,0.0,1.0
1083,2018,4.630000000000109,0.31836935166994873,1326.43,1321.44,1319.7,1327.0,1322.37,1,7.9,-1.2008639308854892,-1.5766738660906658,-1.164146868250485,-1.5399568034556617,1.0,1.0,0.0
1084,2018,3.3199999999999363,0.22964426877469932,1323.26,1336.01,1334.73,1324.07,1320.75,1,6.3,3.5963855421687603,3.210843373494062,3.647590361445823,3.262048192771125,1.0,1.0,0.0
1085,2018,8.269999999999982,0.6264812510145543,1332.64,1326.98,1323.47,1340.31,1332.04,-1,8.0,0.6118500604594869,1.036275695284154,0.6432889963724242,1.0677146311970915,0.0,0.0,1.0
1086,2018,4.490000000000009,0.3232042778549032,1327.37,1319.23,1321.93,1328.05,1323.56,1,6.7,-1.9643652561247034,-1.3630289532293716,-1.937639198218269,-1.3363028953229372,1.0,1.0,0.0
1087,2018,4.480000000000018,0.3344174886696895,1317.96,1322.4,1323.41,1321.23,1316.75,-1,13.266666666666667,-1.2611607142857295,-1.486607142857155,-1.2008928571428765,-1.4263392857143022,1.0,1.0,0.0
1088,2018,2.939999999999827,0.2139849233168578,1323.68,1318.03,1323.65,1324.07,1321.13,-1,8.45,1.0544217687075914,-0.8571428571429013,1.2551020408164189,-0.6564625850340738,0.0,0.0,1.0
1089,2018,6.660000000000082,0.5044635611102164,1318.94,1326.26,1325.8,1325.26,1318.6,-1,5.0,-1.1501501501501483,-1.0810810810810747,-1.099099099099076,-1.0300300300300023,1.0,1.0,0.0
1090,2018,5.169999999999845,0.39069415955952724,1327.6,1324.49,1325.1,1329.11,1323.94,1,5.516666666666667,-0.8936170212766014,-0.7756286266924779,-0.8568665377176395,-0.7388781431335161,1.0,1.0,0.0
1091,2018,2.4299999999998363,0.1863190755243867,1326.84,1316.34,1316.41,1327.36,1324.93,1,5.216666666666667,-4.534979423868611,-4.506172839506402,-4.4115226337451645,-4.382716049382955,1.0,1.0,0.0
1092,2018,3.269999999999982,0.24122668352829488,1316.4,1313.03,1313.46,1316.93,1313.66,1,5.533333333333333,-1.19266055045875,-1.0611620795107175,-1.113149847094838,-0.9816513761468055,1.0,1.0,1.0
1093,2018,3.009999999999991,0.2242443593018301,1311.49,1318.08,1316.68,1313.1,1310.09,-1,5.583333333333333,-2.654485049833898,-2.1893687707641747,-2.5116279069767335,-2.04651162790701,1.0,1.0,0.0
1094,2018,2.1900000000000546,0.17365201631173977,1315.45,1311.44,1310.43,1317.31,1315.12,-1,5.0,1.6803652968035363,2.141552511415393,1.8310502283104526,2.292237442922309,0.0,0.0,1.0
1095,2018,4.660000000000082,0.36276690391459726,1313.45,1324.81,1333.37,1314.41,1309.75,1,6.833333333333333,2.231759656652292,4.068669527896883,2.3197424892703338,4.156652360514925,0.0,0.0,1.0
1096,2018,5.4099999999998545,0.4022091232541973,1329.76,1328.62,1328.23,1334.81,1329.4,-1,5.05,0.1441774491682479,0.21626617375232982,0.17560073937154733,0.24768946395562924,0.0,0.0,0.0
1097,2018,7.279999999999973,0.5413789440135955,1337.78,1349.65,1345.63,1338.93,1331.65,1,5.5,1.4725274725274817,0.92032967032968,1.523351648351674,0.9711538461538722,0.0,0.0,1.0
1098,2018,4.670000000000073,0.3327565146579852,1347.89,1353.8,1354.56,1350.26,1345.59,-1,6.8,-1.7580299785867042,-1.9207708779443013,-1.7473233404710338,-1.910064239828631,1.0,1.0,0.0
1099,2018,3.650000000000091,0.27045622949085035,1353.95,1341.99,1343.67,1354.39,1350.74,1,5.416666666666667,-3.397260273972543,-2.936986301369797,-3.3342465753424024,-2.873972602739657,1.0,1.0,0.0
1100,2018,3.160000000000082,0.23575806021849785,1346.12,1330.57,1325.15,1346.89,1343.73,-1,5.533333333333333,4.164556962025235,5.879746835442862,4.24999999999991,5.965189873417538,0.0,0.0,1.0
1101,2018,3.480000000000018,0.2421832281155251,1327.38,1322.4,1323.84,1328.13,1324.65,1,6.933333333333334,-1.6465517241379277,-1.2327586206897037,-1.6149425287355923,-1.2011494252873682,1.0,1.0,0.0
1102,2018,4.519999999999982,0.3228571428571412,1329.23,1337.09,1341.98,1330.23,1325.71,1,7.966666666666667,1.5176991150442318,2.5995575221239045,1.5730088495575063,2.654867256637179,0.0,0.0,1.0
1103,2018,5.2000000000000455,0.35505267264924156,1337.87,1329.33,1332.17,1342.39,1337.19,-1,9.133333333333333,1.5115384615384728,0.9653846153846034,1.619230769230769,1.0730769230768997,0.0,0.0,1.0
1104,2018,3.619999999999891,0.2479937365433467,1334.55,1335.95,1333.28,1335.06,1331.44,1,5.316666666666666,0.24585635359119526,-0.49171270718232774,0.3204419889503085,-0.41712707182321446,0.0,0.0,1.0
1105,2018,4.519999999999982,0.29788636256649087,1330.48,1323.96,1325.72,1334.32,1329.8,-1,5.033333333333333,1.2920353982300756,0.9026548672566247,1.3384955752212342,0.9491150442477834,0.0,0.0,1.0
1106,2018,4.370000000000118,0.2897466256216034,1330.2,1331.62,1332.66,1333.19,1328.82,-1,5.4,-0.6407322654461965,-0.878718535469117,-0.5514874141875948,-0.7894736842105153,1.0,1.0,1.0
1107,2018,4.2999999999999545,0.2806657653037405,1332.46,1332.14,1337.21,1334.02,1329.72,-1,8.033333333333333,-0.5627906976744415,-1.7418604651162997,-0.5069767441860666,-1.6860465116279248,1.0,1.0,0.0
1108,2018,5.269999999999982,0.3453311490755896,1334.23,1339.65,1341.66,1338.03,1332.76,-1,6.216666666666667,-1.3074003795066649,-1.6888045540797194,-1.2846299810246689,-1.6660341555977236,1.0,1.0,0.0
1109,2018,2.9400000000000546,0.1915220324787155,1341.4,1358.97,1349.59,1342.63,1339.69,1,7.083333333333333,5.557823129251569,2.3673469387754014,5.615646258503294,2.4251700680271258,0.0,0.0,1.0
1110,2018,3.949999999999818,0.25913776944703604,1351.02,1338.14,1336.73,1353.09,1349.14,-1,5.583333333333333,2.7848101265824066,3.1417721518988997,3.0860759493671868,3.44303797468368,0.0,0.0,1.0
1111,2018,4.319999999999936,0.2715639172017384,1340.25,1345.41,1344.65,1340.76,1336.44,1,5.55,1.0763888888889257,0.9004629629629994,1.0995370370370532,0.9236111111111268,1.0,1.0,0.0
1112,2018,6.519999999999982,0.4180827188201336,1347.35,1349.18,1346.49,1348.6,1342.08,-1,8.15,-1.0889570552147478,-0.6763803680981739,-1.0766871165644174,-0.6641104294478435,1.0,1.0,0.0
1113,2018,5.6099999999999,0.36494586682774266,1344.94,1342.99,1346.32,1349.3,1343.69,-1,8.85,0.12477718360072335,-0.46880570409980904,0.2388591800356403,-0.3547237076648921,0.0,0.0,1.0
1114,2018,3.6200000000001182,0.24135631964949802,1344.65,1350.61,1349.69,1346.9,1343.28,-1,5.666666666666667,-2.0248618784529526,-1.7707182320441637,-1.9613259668507395,-1.7071823204419507,1.0,1.0,0.0
1115,2018,5.009999999999991,0.35099834859630635,1351.9,1345.87,1344.68,1352.96,1347.95,1,7.6,-1.4151696606786743,-1.6526946107784406,-1.383233532934147,-1.6207584830339132,1.0,1.0,0.0
1116,2018,4.579999999999927,0.31052351203447615,1343.08,1337.46,1335.41,1346.1,1341.52,-1,6.05,0.886462882096072,1.3340611353711784,0.9279475982532899,1.3755458515283963,0.0,0.0,1.0
1117,2018,2.5399999999999636,0.17906238984842895,1334.1,1323.78,1323.92,1334.75,1332.21,1,6.5,-4.318897637795348,-4.2637795275590875,-4.228346456692978,-4.173228346456717,1.0,1.0,0.0
1118,2018,5.970000000000027,0.4214188473755887,1326.55,1327.81,1331.86,1327.95,1321.98,1,7.3,-0.02345058626467327,0.654941373534311,0.06197654941371678,0.740368509212701,0.0,0.0,0.0
1119,2018,4.1400000000001,0.3014354066985723,1328.02,1319.91,1321.64,1331.96,1327.82,-1,5.533333333333333,1.9106280193235903,1.4927536231883303,1.9323671497584074,1.5144927536231474,0.0,0.0,1.0
1120,2018,2.689999999999827,0.194263901784781,1323.66,1317.72,1317.38,1324.58,1321.89,1,7.0,-2.5501858736060745,-2.676579925650662,-2.4423791821562673,-2.5687732342008545,1.0,1.0,0.0
1121,2018,2.6099999999999,0.19260977281112557,1317.41,1321.75,1325.0,1318.11,1315.5,-1,8.35,-2.394636015325762,-3.6398467432951587,-2.264367816092072,-3.5095785440614686,1.0,1.0,0.0
1122,2018,3.7200000000000273,0.2764477944689231,1321.08,1313.72,1318.03,1324.8,1321.08,-1,5.083333333333333,1.9784946236558725,0.8198924731182613,1.954301075268798,0.7956989247311868,0.0,0.0,1.0
1123,2018,3.849999999999909,0.2812711997077637,1312.18,1303.01,1306.0,1315.8,1311.95,-1,5.133333333333334,2.322077922077991,1.5454545454545938,2.3532467532467947,1.5766233766233972,0.0,0.0,1.0
1124,2018,7.3599999999999,0.5710169021889641,1310.7,1305.91,1309.38,1311.8,1304.44,-1,14.8,-0.19972826086957163,-0.6711956521739296,-0.19021739130436277,-0.6616847826087207,0.0,1.0,0.0
1125,2018,4.990000000000009,0.4096159484022284,1308.56,1313.32,1313.82,1310.33,1305.34,1,9.65,0.5991983967935879,0.699398797595191,0.6593186372745407,0.7595190380761436,0.0,0.0,1.0
1126,2018,3.0699999999999363,0.2541991956470255,1313.38,1311.19,1314.44,1314.27,1311.2,-1,7.233333333333333,0.003257328990225118,-1.0553745928339011,0.12703583061885368,-0.9315960912052725,1.0,1.0,0.0
1127,2018,4.779999999999973,0.4004068689044436,1317.34,1313.44,1313.8,1318.8,1314.02,-1,6.516666666666667,0.12133891213387668,0.04602510460251643,0.1359832635982986,0.06066945606693834,0.0,0.0,0.0
1128,2018,5.25,0.447924919251631,1312.0,1307.71,1314.73,1316.96,1311.71,-1,5.0,0.7619047619047619,-0.5752380952380918,0.8171428571428502,-0.5200000000000035,0.0,1.0,1.0
1129,2018,6.670000000000073,0.5749645957761289,1310.64,1315.5,1312.77,1316.69,1310.02,-1,6.166666666666667,-0.8215892053972951,-0.4122938530734588,-0.8155922038980502,-0.4062968515742139,1.0,1.0,0.0
1130,2018,4.619999999999891,0.399777489338022,1313.87,1317.37,1321.47,1315.6,1310.98,-1,8.1,-1.3831168831168883,-2.270562770562826,-1.264069264069276,-2.151515151515214,1.0,1.0,0.0
1131,2018,2.990000000000009,0.25833127622809304,1319.82,1322.15,1319.87,1322.03,1319.04,-1,6.633333333333334,-1.0401337792642535,-0.277591973244122,-1.0133779264214686,-0.250836120401337,1.0,1.0,0.0
1132,2018,3.5599999999999454,0.31688708036622154,1320.2,1319.89,1313.69,1322.23,1318.67,-1,11.683333333333334,-0.3426966292134961,1.3988764044944086,-0.10393258426969773,1.6376404494382069,0.0,0.0,1.0
1133,2018,1.6200000000001182,0.14522635589422858,1313.67,1294.24,1290.41,1314.74,1313.12,-1,5.25,11.654320987653398,14.018518518517377,11.722222222221372,14.086419753085352,0.0,0.0,1.0
1134,2018,3.339999999999918,0.2766536504555606,1294.0,1288.28,1291.62,1294.54,1291.2,1,6.85,-1.8742514970060313,-0.8742514970060312,-1.8502994011976692,-0.8502994011976692,1.0,1.0,0.0
1135,2018,4.769999999999982,0.39679144385026593,1291.95,1289.62,1291.06,1294.29,1289.52,-1,7.333333333333333,-0.02096436058698311,-0.32285115303982587,0.09224318658282102,-0.20964360587002176,0.0,0.0,0.0
1136,2018,2.839999999999918,0.23701937406854756,1288.63,1291.99,1293.75,1290.57,1287.73,1,8.033333333333333,0.5000000000000401,1.1197183098592096,0.5774647887324462,1.1971830985916159,1.0,1.0,0.0
1137,2018,3.4300000000000637,0.2979832454235243,1288.42,1288.07,1291.87,1291.75,1288.32,-1,5.0,0.07288629737609194,-1.0349854227404922,0.10204081632656849,-1.0058309037900157,0.0,1.0,1.0
1138,2018,3.5599999999999454,0.3152435167615387,1290.3,1292.16,1291.79,1293.36,1289.8,-1,5.633333333333334,-0.6629213483146527,-0.5589887640449549,-0.6629213483146527,-0.5589887640449549,1.0,1.0,0.0
1139,2018,3.630000000000109,0.3242105263157992,1292.92,1291.17,1294.25,1295.44,1291.81,-1,6.433333333333334,0.1763085399448632,-0.6721763085399397,0.21212121212120072,-0.6363636363636022,1.0,1.0,0.0
1140,2018,2.9600000000000364,0.2679599094730067,1294.95,1305.35,1304.95,1295.79,1292.83,1,6.416666666666667,3.2297297297296717,3.094594594594584,3.2668918918917993,3.131756756756712,1.0,1.0,0.0
1141,2018,3.509999999999991,0.3050279329608928,1302.28,1303.14,1302.84,1305.02,1301.51,1,9.766666666666667,-0.5356125356125033,-0.6210826210826408,-0.4957264957264996,-0.5811965811966371,0.0,0.0,0.0
1143,2018,4.0900000000001455,0.3693478681545634,1297.43,1302.43,1303.04,1301.21,1297.12,-1,7.966666666666667,-1.2982885085574534,-1.447432762836152,-1.2493887530562213,-1.3985330073349203,1.0,1.0,0.0
1144,2018,4.4500000000000455,0.39984596624093754,1298.68,1300.81,1301.91,1302.8,1298.35,-1,5.0,-0.5528089887640475,-0.8000000000000307,-0.47865168539322694,-0.7258426966292102,0.0,1.0,0.0
1145,2018,3.5900000000001455,0.3302450883763839,1302.53,1304.51,1300.57,1304.69,1301.1,1,7.35,-0.050139275766032415,-1.1476323119777023,0.08635097493034341,-1.0111420612813264,1.0,1.0,0.0
1146,2018,2.839999999999918,0.2609951424445238,1298.44,1294.92,1293.36,1300.48,1297.64,-1,11.833333333333334,0.9577464788732767,1.5070422535212407,1.1091549295774488,1.6584507042254126,0.0,0.0,1.0
1147,2018,2.5,0.22719896137617596,1293.52,1294.8,1292.44,1294.42,1291.92,-1,5.816666666666666,-1.1519999999999526,-0.20799999999999272,-1.0399999999999636,-0.09600000000000364,1.0,1.0,0.0
1148,2018,1.8699999999998909,0.19299668263913317,1291.88,1293.59,1297.21,1292.58,1290.71,-1,6.166666666666667,-1.5401069518716843,-3.4759358288772084,-1.33155080213912,-3.2673796791446437,1.0,1.0,0.0
1149,2018,1.4299999999998363,0.14740097187452256,1297.35,1299.11,1295.9,1298.11,1296.68,-1,5.316666666666666,-1.6993006993007793,0.5454545454545888,-1.7062937062937809,0.5384615384615874,1.0,1.0,0.0
1150,2018,2.6399999999998727,0.27471383975024605,1296.89,1297.68,1297.01,1298.06,1295.42,1,6.733333333333333,-0.1439393939393561,-0.3977272727272747,-0.060606060606008406,-0.314393939393927,1.0,1.0,1.0
1151,2018,1.900000000000091,0.19756387403447093,1296.4,1298.71,1298.76,1297.66,1295.76,-1,6.416666666666667,-1.552631578947318,-1.5789473684209772,-1.4578947368420259,-1.4842105263156848,1.0,1.0,1.0
1152,2018,2.810000000000173,0.3010407101316365,1299.28,1300.67,1299.73,1301.16,1298.35,-1,6.1,-0.8256227758007192,-0.4911032028469837,-0.7686832740213342,-0.43416370106759866,0.0,1.0,1.0
1153,2018,3.019999999999982,0.32393502911430894,1297.35,1299.24,1295.41,1299.68,1296.66,-1,5.666666666666667,-0.8543046357615705,0.4139072847682144,-0.7549668874172141,0.5132450331125709,0.0,0.0,1.0
1154,2018,1.4300000000000637,0.158298410690289,1295.23,1296.73,1299.5,1295.98,1294.55,-1,6.083333333333333,-1.524475524475501,-3.461538461538339,-1.4195804195803372,-3.3566433566431755,1.0,1.0,1.0
1155,2018,2.5299999999999727,0.29133081098864594,1299.11,1306.91,1302.86,1299.99,1297.46,1,6.133333333333334,2.7351778656127066,1.1343873517786252,2.7351778656127066,1.1343873517786252,0.0,0.0,1.0
1156,2018,2.849999999999909,0.3180043038176354,1301.19,1280.41,1279.58,1303.02,1300.17,-1,6.983333333333333,6.933333333333551,7.224561403509053,7.007017543859883,7.298245614035385,0.0,0.0,1.0
1157,2018,3.3799999999998818,0.32247512607331513,1280.2,1278.47,1279.12,1282.31,1278.93,-1,7.75,0.13609467455622853,-0.05621301775143013,0.19526627218938017,0.0029585798817214877,0.0,0.0,0.0
1158,2018,4.990000000000009,0.50538956811112,1283.7,1273.99,1275.23,1283.93,1278.94,1,5.383333333333334,-1.991983967935879,-1.7434869739479018,-1.9398797595190473,-1.69138276553107,1.0,1.0,0.0
1159,2018,3.1800000000000637,0.3103304056880028,1273.66,1273.82,1269.45,1276.23,1273.05,-1,8.016666666666667,-0.24213836477986364,1.1320754716980619,-0.23270440251572147,1.141509433962204,1.0,1.0,0.0
1160,2018,5.150000000000091,0.502264019505407,1265.86,1266.79,1268.58,1269.93,1264.78,-1,6.233333333333333,-0.3902912621359137,-0.737864077669881,-0.3669902912621047,-0.714563106796072,0.0,1.0,0.0
1161,2018,2.4500000000000455,0.24324515991774046,1267.82,1269.46,1269.5,1269.07,1266.62,1,7.016666666666667,0.15918367346942564,0.17551020408165538,0.14693877551025333,0.16326530612248308,0.0,0.0,0.0
1162,2018,5.660000000000082,0.5756629131856227,1267.52,1266.77,1267.85,1272.48,1266.82,-1,5.45,0.008833922261475937,-0.181978798586565,0.015901060070656687,-0.17491166077738424,0.0,0.0,0.0
1163,2018,4.5,0.4663557628247822,1264.23,1259.44,1258.46,1267.56,1263.06,-1,6.066666666666666,0.8044444444444202,1.022222222222202,0.8155555555555212,1.033333333333303,0.0,0.0,1.0
1164,2018,6.060000000000173,0.6059134409370254,1255.8,1255.04,1253.94,1259.39,1253.33,1,12.95,-0.7178217821782199,-0.8993399339933812,-0.6138613861386009,-0.7953795379537622,0.0,1.0,0.0
1165,2018,2.009999999999991,0.19944716138634802,1252.73,1250.35,1247.01,1254.01,1252.0,-1,5.983333333333333,0.8208955223881087,2.4825870646766326,0.8407960199005284,2.5024875621890526,1.0,1.0,1.0
1166,2018,3.4300000000000637,0.3377171390393192,1249.59,1251.24,1252.1,1249.52,1246.09,1,5.0,0.5014577259475205,0.7521865889212477,0.4810495626822333,0.7317784256559604,0.0,0.0,1.0
1167,2018,3.6699999999998454,0.3578243610279107,1250.84,1246.75,1241.39,1254.11,1250.44,-1,6.133333333333334,1.005449591280711,2.4659400544960044,1.0299727520436326,2.490463215258926,0.0,0.0,1.0
1168,2018,4.949999999999818,0.4571541658420561,1239.64,1254.62,1252.84,1242.86,1237.91,-1,6.35,-3.375757575757661,-3.016161616161694,-3.3717171717172607,-3.0121212121212935,1.0,1.0,0.0
1170,2018,2.7100000000000364,0.24012658227848319,1255.98,1257.14,1255.31,1258.02,1255.31,-1,5.6,-0.6752767527675757,-0.0,-0.6125461254612766,0.06273062730629907,0.0,1.0,1.0
1171,2018,5.920000000000073,0.5973763874873909,1253.73,1255.37,1255.12,1258.63,1252.71,0,,,,,,,,
1172,2018,3.800000000000182,0.3819369660420864,1258.83,1261.82,1259.1,1259.17,1255.37,1,5.183333333333334,0.6973684210525622,-0.018421052631621148,0.7131578947368176,-0.0026315789473659017,0.0,0.0,1.0
1173,2018,2.5900000000001455,0.2651360046797445,1259.06,1254.31,1254.93,1260.2,1257.61,-1,6.65,1.274131274131185,1.0347490347489134,1.3629343629342758,1.1235521235520043,0.0,0.0,1.0
1174,2018,7.789999999999964,0.7739142776043068,1250.75,1248.91,1243.76,1256.79,1249.0,-1,12.816666666666666,0.011553273427460663,0.6726572528883227,0.026957637997408215,0.6880616174582702,0.0,0.0,0.0
1175,2018,2.5499999999999545,0.24182076813655237,1243.59,1246.84,1246.13,1243.8,1241.25,1,5.15,1.1921568627451051,0.9137254901961553,1.1960784313725525,0.9176470588236029,0.0,0.0,1.0
1176,2018,2.3899999999998727,0.2223403548408407,1246.2,1242.26,1240.92,1248.02,1245.63,-1,5.733333333333333,1.4100418410043087,1.97071129707125,1.4267782426779345,1.9874476987448757,0.0,0.0,1.0
1177,2018,3.550000000000182,0.32281111977138516,1243.35,1239.9,1239.93,1244.41,1240.86,1,6.0,-1.2704225352112,-1.2619718309858559,-1.129577464788672,-1.121126760563328,1.0,1.0,0.0
1178,2018,4.139999999999873,0.39082939986512516,1241.47,1226.73,1228.41,1241.57,1237.43,1,5.016666666666667,-3.584541062802023,-3.1787439613527195,-3.584541062802023,-3.1787439613527195,1.0,1.0,0.0
1179,2018,2.509999999999991,0.22248955299480663,1227.66,1224.38,1227.42,1229.05,1226.54,-1,5.933333333333334,0.860557768924248,-0.35059760956179775,0.9601593625497463,-0.2509960159362994,0.0,0.0,1.0
1180,2018,4.960000000000036,0.4403018197958303,1224.87,1217.63,1222.44,1228.41,1223.45,-1,6.516666666666667,1.1733870967741722,0.2036290322580612,1.221774193548367,0.25201612903225623,0.0,1.0,1.0
1181,2018,8.38000000000011,0.7084113278183772,1218.76,1228.41,1229.95,1223.97,1215.59,1,8.0,0.5298329355608588,0.7136038186157446,0.6014319809069362,0.785202863961822,0.0,0.0,0.0
1182,2018,3.7799999999999727,0.31537544696066483,1232.28,1224.81,1223.93,1234.99,1231.21,-1,6.716666666666667,1.6931216931217294,1.9259259259259327,1.8624338624338663,2.0952380952380696,0.0,0.0,1.0
1183,2018,4.419999999999845,0.3828260331600952,1221.79,1228.32,1224.37,1224.8,1220.38,-1,5.8,-1.7963800904977614,-0.902714932126679,-1.680995475113144,-0.7873303167420617,1.0,1.0,0.0
1184,2018,4.189999999999827,0.35598980458792034,1223.99,1229.01,1232.01,1227.33,1223.14,1,7.616666666666666,0.40095465393797924,1.1169451073986292,0.45107398568023344,1.1670644391408835,0.0,0.0,1.0
1185,2018,4.210000000000036,0.3524698002631294,1231.18,1226.36,1223.37,1235.07,1230.86,-1,5.083333333333333,1.068883610451297,1.7790973871733835,1.102137767220917,1.8123515439430031,0.0,0.0,1.0
1186,2018,2.5299999999999727,0.2032594973028786,1223.74,1224.85,1222.83,1224.58,1222.05,1,8.35,0.10671936758892676,-0.6916996047430904,0.11857707509879753,-0.6798418972332197,1.0,1.0,0.0
1187,2018,4.75,0.3844152841204694,1220.16,1224.49,1222.3,1223.86,1219.11,-1,7.533333333333333,-1.1326315789473913,-0.6715789473684325,-1.0484210526315827,-0.5873684210526239,1.0,1.0,0.0
1188,2018,3.009999999999991,0.2537942664418205,1221.16,1221.28,1225.23,1223.24,1220.23,-1,5.05,-0.34883720930231155,-1.6611295681063174,0.016611295681048067,-1.2956810631229576,1.0,1.0,0.0
1189,2018,3.769999999999982,0.31945285074446034,1221.71,1217.25,1217.88,1224.65,1220.88,-1,5.966666666666667,0.9628647214854448,0.7957559681697651,0.9708222811671352,0.8037135278514556,0.0,0.0,1.0
1190,2018,4.130000000000109,0.34635198274830187,1219.52,1214.41,1209.28,1221.0,1216.87,-1,9.25,0.5956416464890422,1.8377723970943627,0.6053268765133012,1.8474576271186216,0.0,0.0,1.0
1191,2018,3.849999999999909,0.31829455533245943,1207.65,1218.8,1214.57,1210.31,1206.46,-1,7.2,-3.2051948051948598,-2.10649350649353,-3.163636363636455,-2.0649350649351255,1.0,1.0,0.0
1192,2018,4.25,0.3350602545331683,1216.0,1210.62,1208.47,1217.76,1213.51,-1,7.0,0.6800000000000236,1.185882352941168,0.7905882352941476,1.296470588235292,0.0,0.0,1.0
1193,2018,2.230000000000018,0.18370108855545916,1209.8,1211.26,1210.06,1209.93,1207.7,1,5.033333333333333,0.5964125560537742,0.05829596412550704,0.6188340807174307,0.0807174887891636,0.0,0.0,1.0
1194,2018,3.269999999999982,0.26888288499941154,1213.02,1210.27,1212.88,1214.05,1210.78,1,6.233333333333333,-1.1559633027522918,-0.3577981651375694,-1.1253822629969676,-0.32721712538224534,1.0,1.0,0.0
1195,2018,3.25,0.280569772460998,1214.86,1213.8,1212.29,1215.45,1212.2,1,7.1,-0.5076923076923356,-0.9723076923077175,-0.4153846153846574,-0.8800000000000392,1.0,1.0,0.0
1196,2018,1.9800000000000182,0.18238041976446012,1212.02,1216.3,1211.64,1213.27,1211.29,-1,5.933333333333334,-2.5303030303030023,-0.17676767676774405,-2.4191919191918787,-0.06565656565662017,1.0,1.0,1.0
1197,2018,6.559999999999945,0.6098678531110916,1207.64,1197.32,1193.36,1213.77,1207.21,-1,5.1,1.50762195121954,2.1112804878049163,1.5442073170732002,2.1478658536585766,0.0,0.0,1.0
1198,2018,3.8099999999999454,0.3304013875123841,1195.07,1197.85,1194.14,1196.06,1192.25,1,13.216666666666667,0.46981627296587647,-0.5039370078739824,0.5695538057742457,-0.40419947506561305,0.0,1.0,0.0
1199,2018,6.690000000000055,0.5959531687452332,1187.96,1178.94,1176.76,1194.54,1187.85,-1,5.0,1.331838565022389,1.65769805680117,1.3482810164424377,1.6741405082212188,0.0,0.0,1.0
1200,2018,15.539999999999964,1.3128960231730116,1172.64,1179.54,1175.69,1175.7,1160.16,1,6.5,0.24710424710424242,-0.0006435006435000597,0.2606177606177583,0.012870012870015827,0.0,0.0,0.0
1201,2018,7.3900000000001,0.5823483057525695,1176.11,1178.73,1180.78,1179.22,1171.83,1,9.133333333333333,-0.06630581867388396,0.21109607577806824,0.05548037889040275,0.33288227334235493,0.0,0.0,0.0
1202,2018,3.6400000000001,0.27575757575758336,1185.63,1185.07,1190.03,1186.46,1182.82,1,5.5,-0.38186813186814883,0.9807692307691863,-0.35439560439558465,1.0082417582417504,0.0,0.0,0.0
1203,2018,4.279999999999973,0.33574270185465127,1194.01,1189.37,1192.78,1194.57,1190.29,1,5.683333333333334,-1.2149532710280557,-0.41822429906541475,-1.1892523364486398,-0.39252336448599867,1.0,1.0,0.0
1204,2018,3.1700000000000728,0.2481270267248182,1195.35,1195.66,1195.19,1197.7,1194.53,-1,7.116666666666666,-0.3564668769716351,-0.20820189274450054,-0.24605678233437062,-0.09779179810723607,1.0,1.0,0.0
1205,2018,6.289999999999964,0.5065868952424749,1191.1,1189.34,1185.25,1196.47,1190.18,-1,5.216666666666667,0.13354531001592215,0.7837837837837984,0.1351351351351576,0.7853736089030339,0.0,0.0,0.0
1206,2018,4.769999999999982,0.3903436988543348,1186.7,1205.92,1205.5,1187.81,1183.04,1,5.616666666666666,3.7966457023061206,3.7085953878406963,3.825995807127897,3.737945492662473,0.0,0.0,1.0
1207,2018,4.379999999999882,0.3312088149508385,1207.09,1210.89,1208.95,1207.85,1203.47,-1,10.166666666666666,-1.6940639269407016,-1.2511415525114535,-1.6872146118722144,-1.2442922374429664,1.0,1.0,0.0
1208,2018,4.3599999999999,0.32831325301203973,1209.05,1209.57,1200.72,1212.32,1207.96,1,9.15,-0.6307339449541429,-2.6605504587156363,-0.6192660550458962,-2.64908256880739,1.0,1.0,0.0
1209,2018,3.0800000000001546,0.22540512284371156,1204.18,1203.7,1205.54,1204.65,1201.57,1,5.983333333333333,-0.30844155844155774,0.28896103896098313,-0.2175324675324064,0.3798701298701344,1.0,1.0,0.0
1210,2018,4.309999999999945,0.3165626147631236,1204.17,1200.37,1200.05,1207.75,1203.44,-1,5.95,0.7122969837587477,0.7865429234339079,0.7192575406032891,0.7935034802784492,0.0,0.0,1.0
1211,2018,4.420000000000073,0.3243186582809267,1202.62,1204.55,1198.59,1202.93,1198.51,1,5.083333333333333,0.3665158371040417,-0.9819004524887045,0.37330316742077746,-0.9751131221719688,0.0,1.0,1.0
1213,2018,2.8299999999999272,0.21927057391111224,1199.52,1192.2,1192.75,1201.87,1199.04,-1,5.416666666666667,2.4169611307420826,2.2226148409894435,2.4452296819788066,2.2508833922261675,0.0,0.0,1.0
1214,2018,3.6900000000000546,0.30120692670981647,1193.51,1196.5,1196.13,1194.5,1190.81,1,8.05,0.5420054200541925,0.4417344173441965,0.6910569105690831,0.5907859078590871,0.0,0.0,1.0
1215,2018,3.189999999999827,0.28406055209259284,1198.04,1203.81,1199.85,1199.82,1196.63,-1,6.083333333333333,-2.2507836990596317,-1.0094043887147255,-2.2319749216301807,-0.9905956112852745,1.0,1.0,0.0
1216,2018,4.240000000000009,0.38237567637206876,1200.4,1197.55,1195.99,1203.41,1199.17,-1,8.066666666666666,0.38207547169814027,0.7500000000000134,0.48820754716979525,0.8561320754716684,0.0,0.0,1.0
1217,2018,2.3099999999999454,0.2058692469285067,1194.3,1196.95,1195.73,1196.23,1193.92,-1,5.016666666666667,-1.3116883116883309,-0.7835497835497784,-1.1818181818182176,-0.6536796536796652,1.0,1.0,1.0
1218,2018,3.119999999999891,0.28227995347032664,1193.9,1191.79,1195.99,1196.11,1192.99,1,7.483333333333333,-1.3846153846154126,-0.038461538461504824,-1.371794871794911,-0.025641025641003217,1.0,1.0,0.0
1219,2018,4.970000000000027,0.44203036655866995,1194.0,1197.87,1207.88,1198.39,1193.42,-1,5.116666666666666,-0.8953722334003609,-2.9094567404426472,-0.8390342052313526,-2.853118712273639,0.0,1.0,0.0
1220,2018,3.1599999999998545,0.275638629283476,1205.53,1203.14,1201.94,1207.12,1203.96,-1,6.9,0.25949367088606773,0.6392405063291376,0.29746835443033876,0.6772151898734086,1.0,1.0,0.0
1221,2018,3.7799999999999727,0.35848800975477235,1205.25,1198.54,1194.6,1205.72,1201.94,1,7.55,-1.89947089947093,-2.9417989417989943,-1.8650793650793664,-2.907407407407431,1.0,1.0,0.0
1222,2018,3.0399999999999636,0.27555843314988293,1195.15,1203.32,1200.87,1195.76,1192.72,1,6.95,2.4868421052631695,1.680921052631566,2.5032894736842075,1.697368421052604,0.0,0.0,1.0
1223,2018,2.9099999999998545,0.2682910767204342,1198.87,1199.98,1197.67,1199.86,1196.95,1,6.9,0.04123711340210455,-0.7525773195876071,0.10996563573881524,-0.6838487972508964,1.0,1.0,0.0
1224,2018,2.9400000000000546,0.2678118290064464,1201.02,1203.36,1203.7,1201.03,1198.09,1,5.116666666666666,0.7925170068026817,0.9081632653061303,0.7959183673468961,0.9115646258503449,0.0,0.0,1.0
1225,2018,3.4600000000000364,0.32263220993739494,1205.08,1204.43,1206.62,1206.45,1202.99,-1,7.983333333333333,-0.4161849710982773,-1.0491329479768334,-0.15606936416183756,-0.7890173410403937,1.0,1.0,0.0
1226,2018,3.3299999999999272,0.31781307519257596,1209.05,1199.69,1197.03,1209.97,1206.64,1,7.766666666666667,-3.0870870870871463,-3.8858858858859873,-3.01501501501507,-3.8138138138139106,1.0,1.0,0.0
1227,2018,2.650000000000091,0.23518225039620427,1196.75,1203.05,1199.14,1198.4,1195.75,-1,6.633333333333334,-2.754716981131964,-1.2792452830188619,-2.6792452830187417,-1.2037735849056397,1.0,1.0,0.0
1228,2018,2.380000000000109,0.21481529237316388,1198.28,1202.19,1201.23,1199.38,1197.0,1,7.316666666666666,1.180672268907486,0.7773109243696741,1.2478991596638198,0.8445378151260079,0.0,0.0,1.0
1229,2018,2.4300000000000637,0.22106699590617207,1201.64,1194.08,1198.03,1202.23,1199.8,1,5.616666666666666,-3.353909465020526,-1.7283950617283685,-3.353909465020526,-1.7283950617283685,1.0,1.0,0.0
1230,2018,3.400000000000091,0.3077917879081878,1197.98,1182.98,1184.77,1198.47,1195.07,-1,7.25,3.5558823529410573,3.029411764705788,3.641176470588103,3.1147058823528337,0.0,0.0,1.0
1231,2018,2.1699999999998454,0.18840310077518038,1184.89,1190.79,1191.99,1185.07,1182.9,1,5.066666666666666,2.63594470046103,3.1889400921661593,2.6543778801845166,3.2073732718896464,1.0,1.0,0.0
1232,2018,4.039999999999964,0.33827751196171935,1188.84,1187.76,1189.35,1192.07,1188.03,-1,5.533333333333333,0.06683168316831294,-0.3267326732673139,0.11881188118812439,-0.27475247524750246,0.0,0.0,0.0
1233,2018,3.009999999999991,0.258274086785976,1191.27,1207.22,1202.68,1191.66,1188.65,1,5.55,5.169435215946842,3.6611295681063174,5.199335548172804,3.6910299003322793,0.0,0.0,1.0
1234,2018,4.130000000000109,0.34647651006712304,1206.74,1201.19,1198.28,1208.14,1204.01,-1,7.4,0.6828087167069883,1.3874092009684909,0.7046004842614474,1.4092009685229498,0.0,0.0,1.0
1235,2018,2.769999999999982,0.23353004937974048,1196.41,1203.84,1198.82,1198.78,1196.01,-1,5.45,-2.8267148014440355,-1.0144404332129833,-2.5992779783393014,-0.7870036101082493,1.0,1.0,0.0
1236,2018,2.5699999999999363,0.22374230458304253,1198.82,1202.0,1203.64,1200.26,1197.69,-1,6.15,-1.6770428015564405,-2.31517509727634,-1.6536964980545157,-2.291828793774415,1.0,1.0,0.0
1237,2018,8.75,0.7787171826330167,1196.48,1186.23,1187.09,1203.98,1195.23,-1,8.75,1.0285714285714285,0.9302857142857257,1.0308571428571407,0.9325714285714379,0.0,0.0,1.0
1238,2018,3.4500000000000455,0.2836837777516773,1190.88,1187.83,1189.25,1191.27,1187.82,1,5.216666666666667,-0.997101449275365,-0.5855072463767986,-0.9478260869565039,-0.5362318840579375,1.0,1.0,0.0
1239,2018,2.6800000000000637,0.21965927053451703,1189.38,1187.78,1191.79,1191.25,1188.57,-1,8.5,0.2947761194029645,-1.2014925373134144,0.4402985074626999,-1.055970149253679,0.0,1.0,1.0
1240,2018,3.8299999999999272,0.30958429561200285,1193.31,1215.82,1224.0,1195.0,1191.17,1,8.15,5.436031331592776,7.571801566579778,5.5509138381202074,7.68668407310721,0.0,0.0,1.0
1241,2018,5.7000000000000455,0.42195431472081524,1220.22,1217.53,1219.13,1223.24,1217.54,-1,7.516666666666667,0.0017543859649106711,-0.2789473684210759,0.042105263157896,-0.23859649122809062,1.0,1.0,0.0
1242,2018,3.2000000000000455,0.23946974556339856,1221.68,1228.24,1225.85,1222.02,1218.82,1,5.25,1.943749999999981,1.1968749999999602,1.9562499999999694,1.2093749999999488,0.0,0.0,1.0
1243,2018,3.0900000000001455,0.2192044590828579,1226.47,1228.87,1225.67,1228.46,1225.37,-1,6.266666666666667,-1.1326860841423414,-0.09708737864083099,-1.1035598705500627,-0.06796116504855226,1.0,1.0,0.0
1244,2018,4.240000000000009,0.305475504322767,1221.72,1225.97,1222.74,1225.76,1221.52,-1,6.1,-1.049528301886801,-0.2877358490566096,-1.0070754716981067,-0.24528301886791543,1.0,1.0,0.0
1245,2018,2.4099999999998545,0.18085334476842801,1223.53,1224.82,1226.26,1223.82,1221.41,1,5.25,0.41493775933612465,1.0124481327801667,0.4522821576763419,1.049792531120384,1.0,1.0,0.0
1246,2018,3.6100000000001273,0.27320395697065636,1227.2,1227.47,1225.95,1228.68,1225.07,1,6.883333333333334,-0.3351800554016603,-0.7562326869805878,-0.28808864265925954,-0.7091412742381871,1.0,1.0,0.0
1247,2018,3.3199999999999363,0.25121608474758944,1228.13,1221.07,1221.45,1229.46,1226.14,-1,7.083333333333333,1.5271084337350183,1.412650602409682,1.563253012048239,1.448795180722903,0.0,0.0,1.0
1248,2018,2.740000000000009,0.2192375835857577,1223.58,1232.11,1230.25,1224.4,1221.66,1,6.45,2.8138686131386073,2.1350364963503248,2.839416058394141,2.160583941605859,0.0,0.0,1.0
1249,2018,3.009999999999991,0.23238116245726143,1231.18,1230.31,1230.12,1233.54,1230.53,-1,7.116666666666666,0.07308970099668703,0.1362126245847452,0.16943521594684136,0.23255813953489954,0.0,0.0,1.0
1250,2018,4.789999999999964,0.37355169340463085,1237.34,1229.5,1228.92,1237.8,1233.01,1,7.15,-1.7327766179540747,-1.853862212943622,-1.7056367432150594,-1.8267223382046067,1.0,1.0,0.0
1251,2018,3.0499999999999545,0.23452518262206445,1232.19,1243.13,1234.95,1233.03,1229.98,1,7.2,3.31147540983616,0.6295081967213447,3.4163934426230256,0.7344262295082107,0.0,0.0,1.0
1252,2018,3.5599999999999454,0.2851748011672437,1233.07,1230.2,1229.06,1235.28,1231.72,-1,6.883333333333334,0.4269662921348329,0.7471910112359895,0.5533707865168701,0.8735955056180267,0.0,0.0,1.0
1253,2018,4.180000000000064,0.330099277978344,1227.72,1224.28,1223.48,1230.49,1226.31,-1,5.966666666666667,0.48564593301434017,0.6770334928229388,0.588516746411483,0.7799043062200817,0.0,0.0,1.0
1254,2018,7.379999999999882,0.5788559583169824,1216.67,1216.56,1216.72,1222.78,1215.4,-1,8.0,-0.15718157181570097,-0.1788617886178804,-0.12195121951217859,-0.14363143631435804,0.0,0.0,0.0
1255,2018,2.5699999999999363,0.23313678481176064,1218.26,1230.52,1233.1,1218.35,1215.78,1,5.066666666666666,4.73540856031143,5.739299610895084,4.743190661478738,5.747081712062392,0.0,0.0,1.0
1256,2018,3.25,0.27057564224548,1233.0,1231.43,1232.96,1234.33,1231.08,-1,6.533333333333333,-0.10769230769234966,-0.578461538461572,0.08923076923075804,-0.3815384615384643,1.0,1.0,0.0
1257,2018,3.5299999999999727,0.31211317418213697,1232.27,1231.35,1230.12,1234.98,1231.45,-1,5.733333333333333,0.028328611898055862,0.3767705382436728,0.08781869688390233,0.43626062322951925,0.0,0.0,1.0
1258,2018,2.9200000000000728,0.2593250444049793,1228.69,1228.89,1225.74,1231.5,1228.58,1,7.966666666666667,-0.8938356164382997,-1.972602739725975,-0.8630136986301092,-1.9417808219177848,1.0,1.0,1.0
1259,2018,9.069999999999936,0.7881082423038668,1229.44,1227.82,1227.44,1232.04,1222.97,1,8.233333333333333,-0.46527012127894785,-0.5071664829106881,-0.4432194046306516,-0.4851157662623919,0.0,0.0,0.0
1260,2018,4.029999999999973,0.3459015388388183,1223.42,1224.09,1221.37,1226.71,1222.68,-1,7.116666666666666,-0.3498759305210581,0.3250620347394992,-0.17866004962779955,0.4962779156327577,0.0,1.0,0.0
1261,2018,5.470000000000027,0.4722787542399041,1218.91,1212.15,1209.09,1223.21,1217.74,-1,12.516666666666667,1.0219378427787733,1.5813528336380342,1.0749542961608505,1.6343692870201114,0.0,0.0,1.0
1262,2018,2.5499999999999545,0.21093057607089757,1210.33,1203.82,1200.88,1211.37,1208.82,-1,5.3,1.9607843137255252,3.113725490196066,1.9921568627451942,3.145098039215735,0.0,0.0,1.0
1263,2018,3.619999999999891,0.3118001722652796,1204.3,1203.61,1200.02,1205.1,1201.48,-1,8.15,-0.5883977900552337,0.40331491712709405,-0.5027624309392241,0.48895027624310367,0.0,0.0,1.0
1264,2018,2.8900000000001,0.24887740665560393,1202.71,1201.75,1211.51,1204.43,1201.54,-1,6.016666666666667,-0.07266435986160177,-3.4498269896192673,0.07266435986160177,-3.3044982698960634,0.0,1.0,1.0
1265,2018,3.839999999999918,0.3155114736780267,1211.96,1213.39,1214.27,1212.03,1208.19,1,5.0,0.3541666666667074,0.5833333333333481,0.37239583333335785,0.6015624999999986,1.0,1.0,1.0
1266,2018,2.9200000000000728,0.24702398936492312,1215.31,1220.81,1221.46,1216.68,1213.76,1,8.116666666666667,1.41438356164376,1.636986301369813,1.5890410958903278,1.8116438356163806,0.0,0.0,1.0
1267,2018,3.8900000000001,0.3283294146018057,1219.6,1222.54,1223.81,1223.5,1219.61,-1,5.0,-0.7532133676092515,-1.0796915167094956,-0.7557840616966527,-1.0822622107968967,1.0,1.0,0.0
1268,2018,3.0299999999999727,0.2613195342820166,1222.11,1223.27,1221.19,1224.09,1221.06,1,7.066666666666666,-0.27062706270625203,-0.9570957095709207,-0.2211221122112471,-0.9075907590759158,1.0,1.0,1.0
1269,2018,2.1299999999998818,0.18607263197303403,1220.71,1226.93,1226.64,1221.78,1219.65,1,6.133333333333334,2.4178403755870312,2.281690140845257,2.558685446009553,2.4225352112677787,0.0,0.0,1.0
1272,2018,2.589999999999918,0.24742408734219665,1224.5,1222.8,1221.95,1224.74,1222.15,1,5.166666666666667,-0.7490347490347937,-1.0772200772200973,-0.683397683397698,-1.0115830115830013,0.0,1.0,1.0
1273,2018,2.3900000000001,0.23814946619218078,1221.79,1214.92,1213.34,1223.21,1220.82,-1,6.716666666666667,2.4686192468617643,3.129707112970588,2.4769874476985763,3.1380753138074002,1.0,1.0,0.0
1274,2018,1.7300000000000182,0.17248255234297255,1214.56,1212.74,1222.35,1215.3,1213.57,-1,5.833333333333333,0.47976878612712054,-5.075144508670451,0.6878612716763249,-4.867052023121246,1.0,1.0,0.0
1275,2018,4.550000000000182,0.42688647634367,1225.04,1227.62,1223.96,1225.17,1220.62,1,5.116666666666666,0.5384615384614769,-0.2659340659340633,0.5516483516483276,-0.25274725274721266,0.0,0.0,0.0
1276,2018,1.990000000000009,0.19772888573456399,1224.88,1218.81,1220.81,1225.44,1223.45,-1,8.116666666666667,2.331658291457326,1.3266331658291899,2.618090452261313,1.6130653266331767,0.0,0.0,1.0
1277,2018,4.869999999999891,0.4620806506268945,1225.03,1232.9,1230.98,1226.04,1221.17,1,5.766666666666667,1.4086242299795237,1.0143737166324776,1.4312114989733435,1.0369609856262973,0.0,0.0,1.0
1278,2018,6.480000000000018,0.5917808219178075,1236.96,1238.17,1237.71,1236.91,1230.43,1,5.0,0.1944444444444425,0.12345679012344943,0.1867283950617335,0.11574074074074042,0.0,0.0,0.0
1279,2018,4.329999999999927,0.4157750342935447,1234.75,1237.28,1236.42,1238.75,1234.42,-1,5.066666666666666,-0.6605080831408656,-0.4618937644341879,-0.6581986143186968,-0.4595842956120191,0.0,1.0,0.0
1280,2018,3.5,0.3425615212527949,1239.85,1241.47,1236.83,1240.74,1237.24,-1,6.566666666666666,-1.2085714285714337,0.11714285714288053,-1.1571428571428442,0.16857142857147014,1.0,1.0,0.0
1281,2018,3.25,0.3223749468612712,1239.89,1245.05,1249.7,1240.47,1237.22,1,8.133333333333333,1.4092307692307469,2.8400000000000056,1.4646153846153818,2.8953846153846405,0.0,0.0,1.0
1282,2018,2.6700000000000728,0.2548578441399115,1249.24,1245.08,1242.9,1250.22,1247.55,-1,7.066666666666666,0.9250936329587865,1.7415730337077666,1.0149812734082257,1.8314606741572057,0.0,0.0,1.0
1283,2018,3.6099999999999,0.3448652337086208,1246.46,1243.58,1242.21,1247.11,1243.5,1,5.85,-0.9778393351800749,-1.3573407202216066,-0.9473684210526779,-1.3268698060942095,1.0,1.0,0.0
1284,2018,3.0399999999999636,0.2940038684719487,1244.18,1245.91,1245.17,1246.0,1242.96,-1,6.483333333333333,-0.9703947368421318,-0.726973684210547,-0.9243421052632258,-0.6809210526316409,1.0,1.0,0.0
1285,2018,2.1800000000000637,0.2093996569468322,1244.27,1242.11,1241.82,1246.04,1243.86,1,7.05,-1.8027522935779583,-1.9357798165137174,-1.6972477064219897,-1.830275229357749,1.0,1.0,0.0
1286,2018,1.5900000000001455,0.1544117647058959,1241.53,1235.93,1238.51,1242.92,1241.33,-1,5.1,3.396226415093943,1.773584905660175,3.4402515723267464,1.8176100628929783,0.0,0.0,1.0
1287,2018,2.300000000000182,0.21769995267393977,1236.915,1242.558,1245.588,1238.025,1235.725,1,7.316666666666666,1.9708695652171928,3.288260869564903,1.9999999999998024,3.3173913043475123,0.0,0.0,1.0
1288,2018,3.519999999999982,0.33536813594386666,1248.285,1246.648,1248.848,1248.898,1245.378,-1,6.916666666666667,-0.36079545454545126,-0.9857954545454674,-0.29829545454544315,-0.9232954545454594,1.0,1.0,0.0
1289,2018,2.75,0.28135870677307045,1251.035,1254.315,1244.028,1251.205,1248.455,1,5.433333333333334,1.1309090909091373,-2.6098181818181483,1.2181818181818678,-2.5225454545454173,1.0,1.0,0.0
1290,2018,3.0799999999999272,0.2974490570202591,1245.185,1256.315,1262.575,1245.735,1242.655,1,6.066666666666666,3.4350649350650664,5.467532467532644,3.438311688311817,5.470779220779394,0.0,0.0,1.0
1291,2018,3.480000000000018,0.3231433517500294,1259.245,1259.068,1255.308,1262.555,1259.075,-1,5.033333333333333,0.0020114942528913246,1.0824712643678256,0.024999999999996733,1.105459770114931,1.0,1.0,0.0
1294,2018,8.790000000000191,0.8422017971899417,1272.465,1278.098,1266.418,1272.958,1264.168,1,5.866666666666666,0.5847554038680046,-0.7440273037542717,0.6203640500568665,-0.70841865756541,0.0,0.0,0.0
1295,2018,3.3330000000000837,0.30814848078612883,1269.528,1274.618,1275.945,1272.208,1268.875,-1,5.15,-1.7230723072306613,-2.1212121212120487,-1.70507050705066,-2.103210321032048,1.0,1.0,0.0
1296,2018,4.173000000000002,0.38672906723506745,1277.638,1278.268,1279.355,1278.378,1274.205,1,5.883333333333334,-0.02635993290196499,0.23412413132041426,0.0071890726096268155,0.26767313683200605,0.0,0.0,0.0
1297,2018,3.1829999999999927,0.29666466946275094,1278.058,1280.378,1281.448,1280.548,1277.365,1,7.383333333333334,-0.053408733898860555,0.282752120640934,-0.00848256361924088,0.3276782909205537,0.0,0.0,1.0
1299,2019,5.343000000000075,0.5161962597474348,1283.888,1285.755,1281.475,1284.038,1278.695,1,5.083333333333333,0.32135504398279513,-0.4796930563354045,0.32884147482688325,-0.4722066254913163,0.0,1.0,0.0
1300,2019,4.59699999999998,0.42950287968072975,1288.318,1289.705,1293.298,1289.625,1285.028,1,5.783333333333333,0.017402653904704718,0.7989993474004824,0.058081357406966835,0.8396780509027446,1.0,1.0,0.0
1301,2019,4.393000000000029,0.40863487169946894,1294.395,1283.548,1284.215,1298.538,1294.145,-1,5.016666666666667,2.4122467562030296,2.2604142954700657,2.425904848622776,2.2740723878898117,0.0,0.0,1.0
1302,2019,7.179999999999836,0.6275988661763271,1288.795,1288.765,1288.315,1289.735,1282.555,1,5.5,-0.1350974930361869,-0.19777158774371556,-0.0714484679665643,-0.13412256267409295,0.0,0.0,0.0
1303,2019,7.712999999999965,0.645609126130001,1282.915,1284.965,1285.005,1290.158,1282.445,-1,5.316666666666666,-0.3267211201866969,-0.33190716971349465,-0.33281472838065845,-0.33800077790745625,0.0,0.0,0.0
1304,2019,5.420000000000073,0.46912191110919393,1282.078,1289.995,1291.635,1287.015,1281.595,-1,5.55,-1.5498154981549355,-1.8523985239852083,-1.435424354243518,-1.7380073800737907,1.0,1.0,0.0
1305,2019,5.482999999999947,0.5054987027012738,1295.655,1290.025,1287.418,1297.018,1291.535,-1,10.483333333333333,0.2753966806492806,0.7508663140616868,0.37205909173809654,0.8475287251505027,0.0,0.0,0.0
1306,2019,5.363000000000056,0.48697942002478123,1292.738,1290.218,1288.015,1292.838,1287.475,1,5.0,-0.48853253775869165,-0.8993100876374818,-0.4698862576915822,-0.8806638075703723,1.0,1.0,0.0
1307,2019,4.747000000000071,0.449590377421042,1290.445,1290.388,1291.848,1292.635,1287.888,1,7.75,-0.47335159047820463,-0.16578891931746847,-0.3469559721929929,-0.03939330103225673,0.0,0.0,0.0
1308,2019,2.997000000000071,0.27500999547746224,1291.185,1291.095,1290.318,1293.325,1290.328,-1,5.283333333333333,-0.25592258925593414,0.0033366700033335564,-0.24591257924593346,0.013346680013334226,1.0,1.0,0.0
1309,2019,2.8029999999998836,0.2692621741606458,1289.555,1292.888,1293.135,1291.098,1288.295,1,5.833333333333333,0.6386014983945908,0.7267213699607988,0.6707099536211059,0.758829825187314,1.0,1.0,0.0
1310,2019,4.052999999999884,0.403831783017447,1291.418,1290.368,1290.688,1295.318,1291.265,-1,7.183333333333334,0.2213175425611122,0.14236368122378848,0.3348137182334098,0.2558598568960861,0.0,0.0,0.0
1311,2019,2.1230000000000473,0.21369051470641617,1291.855,1283.268,1281.968,1292.368,1290.245,-1,7.633333333333334,3.286387187941454,3.8987282147902174,3.3193593970795425,3.931700423928306,0.0,0.0,1.0
1313,2019,2.8230000000000928,0.264770313996888,1277.508,1280.208,1285.265,1280.228,1277.405,-1,5.5,-0.9929153382926033,-2.784272051009518,-0.9114417286574595,-2.7027984413743744,1.0,1.0,0.0
1314,2019,2.6099999999999,0.25060697090653855,1283.318,1282.048,1283.435,1285.615,1283.005,1,8.3,-1.3666666666667218,-0.8352490421456503,-1.201915708812285,-0.6704980842912135,1.0,1.0,0.0
1315,2019,3.439999999999827,0.33700474437740774,1281.598,1282.185,1279.868,1284.725,1281.285,-1,5.033333333333333,-0.2616279069767177,0.41191860465122526,-0.21802325581396445,0.4555232558139785,0.0,0.0,1.0
1316,2019,3.038000000000011,0.3295189543901546,1281.915,1297.438,1298.455,1283.038,1280.0,1,6.516666666666667,4.739960500329177,5.074720210664865,4.852863726135652,5.187623436471341,0.0,0.0,1.0
1317,2019,3.740000000000009,0.3735863865006628,1303.085,1302.498,1302.478,1303.155,1299.415,1,5.016666666666667,-0.17566844919784058,-0.18101604278072342,-0.11951871657751015,-0.12486631016039297,1.0,1.0,0.0
1318,2019,1.849999999999909,0.19039637732297424,1303.698,1310.848,1310.965,1304.485,1302.635,1,6.116666666666666,3.439459459459659,3.5027027027028845,3.4864864864866827,3.549729729729908,0.0,0.0,1.0
1319,2019,4.1099999999999,0.4375765226583022,1313.735,1312.108,1319.865,1314.608,1310.498,1,5.916666666666667,-0.6082725060827399,1.2790754257908004,-0.6002433090024716,1.2871046228710687,1.0,1.0,0.0
1320,2019,3.303000000000111,0.342871124886011,1319.608,1322.188,1320.908,1320.688,1317.385,1,5.666666666666667,0.4541326067211473,0.06660611565237436,0.5004541326067105,0.11292764153793745,0.0,0.0,1.0
1321,2019,4.333000000000084,0.4474588773327521,1318.265,1318.198,1317.505,1321.788,1317.455,-1,5.666666666666667,-0.17147472882532913,-0.011539349180747966,-0.10916224324952102,0.050773136395060155,1.0,1.0,0.0
1322,2019,5.246999999999844,0.5468880285884304,1312.545,1313.835,1313.465,1317.455,1312.208,-1,6.516666666666667,-0.3100819515913858,-0.2395654659805359,-0.28968934629312504,-0.21917286068227518,0.0,0.0,0.0
1323,2019,3.6469999999999345,0.37759207217866625,1314.498,1314.545,1314.325,1314.825,1311.178,1,5.116666666666666,-0.07677543186179812,-0.13709898546751,-0.07211406635588831,-0.1324376199616002,1.0,1.0,0.0
1324,2019,3.0800000000001546,0.32104832104833786,1313.915,1312.058,1307.005,1315.765,1312.685,-1,11.1,0.203571428571403,1.8441558441556984,0.30097402597398076,1.9415584415582763,0.0,0.0,1.0
1325,2019,5.053000000000111,0.5121889412599585,1303.105,1308.925,1310.365,1307.758,1302.705,1,12.75,0.23095190975655863,0.5159311300217522,0.28893726499109523,0.5739164852562888,0.0,0.0,0.0
1326,2019,2.3430000000000746,0.2421222790584459,1309.225,1313.638,1315.078,1310.588,1308.245,-1,7.083333333333333,-2.301749893299128,-2.916346564233831,-2.284677763550861,-2.899274434485564,1.0,1.0,0.0
1327,2019,4.3400000000001455,0.4448023426061645,1310.915,1308.385,1308.298,1314.815,1310.475,-1,8.033333333333333,0.4815668202764627,0.5016129032257682,0.5506912442396359,0.5707373271889415,0.0,0.0,1.0
1328,2019,2.9629999999999654,0.2968088151116165,1308.268,1309.755,1310.838,1309.368,1306.405,1,6.066666666666666,0.13061086736421718,0.49611879851503354,0.24873439082014467,0.6142423219709611,0.0,0.0,1.0
1329,2019,4.0,0.39945787859333814,1313.105,1314.415,1306.515,1313.278,1309.278,1,5.866666666666666,0.2842499999999859,-1.69074999999998,0.33424999999999727,-1.6407499999999686,1.0,1.0,0.0
1330,2019,2.2770000000000437,0.2196165425447673,1308.675,1309.315,1312.818,1309.195,1306.918,1,5.966666666666667,0.052700922266190574,1.59112867808519,0.11857707509880397,1.6570048309178034,1.0,1.0,0.0
1331,2019,1.900000000000091,0.19903028851910462,1312.608,1314.465,1321.315,1313.228,1311.328,1,6.366666666666666,0.6510526315788386,4.256315789473475,0.7826315789472534,4.38789473684189,0.0,0.0,1.0
1333,2019,3.1200000000001182,0.3221500269196002,1323.858,1338.115,1339.788,1326.478,1323.358,-1,5.116666666666666,-4.729807692307533,-5.266025641025462,-4.710576923076782,-5.246794871794711,1.0,1.0,0.0
1334,2019,7.399999999999864,0.7387546706979533,1343.148,1344.738,1340.988,1346.655,1339.255,0,,,,,,,,
1335,2019,4.037000000000035,0.40018409686327666,1340.135,1331.995,1326.438,1341.425,1337.388,-1,8.5,1.3358929898439393,2.712410205598148,1.416893732970022,2.793410948724231,0.0,0.0,1.0
1336,2019,2.369999999999891,0.21487271479175538,1324.448,1329.295,1327.685,1326.408,1324.038,1,7.35,1.2181434599157401,0.5388185654008871,1.3953586497891006,0.7160337552742477,1.0,1.0,0.0
1337,2019,4.259999999999991,0.379710569374852,1330.995,1329.245,1327.958,1331.775,1327.515,1,6.366666666666666,-0.5938967136150717,-0.8960093896713651,-0.5469483568075492,-0.8490610328638426,1.0,1.0,0.0
1338,2019,3.5329999999999018,0.31258176027097756,1328.968,1327.168,1329.248,1330.128,1326.595,-1,7.416666666666667,-0.16218511180296669,-0.7509198981036213,-0.026323238041282136,-0.6150580243419367,0.0,0.0,0.0
1339,2019,3.4329999999999927,0.31073899269412264,1327.905,1323.438,1319.005,1329.808,1326.375,-1,6.983333333333333,0.8555199533935055,2.1468103699388017,0.9117390037867429,2.2030294203320393,0.0,0.0,1.0
1340,2019,4.0470000000000255,0.35748627673670536,1318.735,1315.315,1313.595,1321.205,1317.158,1,7.366666666666666,-1.4553990610328231,-1.8804052384481966,-1.3968371633308585,-1.821843340746232,1.0,1.0,1.0
1341,2019,2.9429999999999836,0.24921066956994972,1313.095,1305.478,1293.248,1315.138,1312.195,-1,5.916666666666667,2.282364933741049,6.437988447162757,2.3061501868841563,6.461773700305864,0.0,0.0,1.0
1342,2019,3.519999999999982,0.2750767513257035,1296.028,1285.515,1287.008,1296.995,1293.475,-1,6.2,2.2613636363635936,1.837215909090882,2.273579545454537,1.8494318181818252,0.0,0.0,1.0
1343,2019,4.009999999999991,0.3032561958471075,1288.765,1284.148,1286.655,1289.535,1285.525,-1,7.383333333333334,0.3433915211970532,-0.2817955112219163,0.47057356608483175,-0.15461346633413772,0.0,0.0,1.0
1344,2019,3.400000000000091,0.26381714589753974,1287.205,1286.148,1285.798,1289.318,1285.918,1,6.816666666666666,-0.932352941176467,-1.0352941176470258,-0.8500000000000066,-0.9529411764705654,1.0,1.0,0.0
1345,2019,2.466999999999871,0.19652001729748406,1286.045,1286.735,1285.498,1288.475,1286.008,-1,5.0,-0.2946899067693149,0.2067288204296788,-0.27969193352244154,0.22172679367655213,1.0,1.0,1.0
1346,2019,2.8700000000001182,0.23223956858235437,1287.968,1296.868,1299.268,1287.998,1285.128,1,5.016666666666667,3.090592334494608,3.926829268292515,3.095121951219398,3.9313588850173047,0.0,0.0,1.0
1347,2019,2.7000000000000455,0.2078704823915041,1297.455,1292.848,1293.715,1298.305,1295.605,1,5.8,-2.0211111111111166,-1.7000000000000253,-1.9877777777777301,-1.6666666666666385,1.0,1.0,0.0
1348,2019,4.509999999999991,0.3681761461042363,1296.645,1297.015,1301.598,1296.905,1292.395,1,5.0,0.024390243902467305,1.040576496674056,0.08203991130823038,1.0982261640798192,0.0,0.0,1.0
1349,2019,4.063000000000102,0.33188634109342124,1304.768,1307.848,1310.638,1305.718,1301.655,1,8.416666666666666,0.5242431700713336,1.2109278857986026,0.5938961358601896,1.2805808515874586,0.0,0.0,1.0
1350,2019,7.099999999999909,0.6199481089711534,1302.975,1295.475,1295.865,1309.735,1302.635,-1,6.95,1.0084507042253765,0.953521126760573,1.047887323943683,0.9929577464788796,0.0,0.0,1.0
1351,2019,5.986999999999853,0.5057625236836593,1297.995,1301.838,1301.768,1299.915,1293.928,1,6.15,0.32119592450309825,0.3095039251712228,0.3479204944045277,0.33622849507265234,0.0,0.0,1.0
1352,2019,2.65300000000002,0.21751505071564314,1299.655,1304.135,1302.745,1300.808,1298.155,1,6.733333333333333,1.254052016584988,0.7301168488503141,1.3671315491895686,0.8431963814548947,0.0,0.0,1.0
1353,2019,4.379999999999882,0.35530112523610546,1307.648,1307.578,1306.398,1307.745,1303.365,1,10.516666666666667,-0.038127853881260464,-0.3075342465753462,0.022831050228290354,-0.24657534246579538,0.0,0.0,0.0
1354,2019,3.0699999999999363,0.2572682161819146,1304.755,1300.498,1314.298,1306.835,1303.765,-1,7.516666666666667,1.064169381107531,-3.4309446254072054,1.1465798045602784,-3.348534201954458,1.0,1.0,0.0
1355,2019,4.623000000000047,0.37918751391444394,1318.778,1310.445,1309.208,1319.008,1314.385,1,6.65,-1.8522604369457094,-2.1198356045857354,-1.8126757516764056,-2.080250919316432,1.0,1.0,0.0
1356,2019,3.497000000000071,0.3008245978395846,1308.118,1313.248,1312.355,1310.275,1306.778,1,6.266666666666667,0.8501572776665416,0.5947955390334244,0.8816128109808468,0.6262510723477295,0.0,0.0,1.0
1357,2019,5.426999999999907,0.4850825836850056,1315.688,1321.428,1322.158,1316.385,1310.958,1,5.233333333333333,0.9292426755113702,1.063755297586145,0.9673852957435213,1.1018979178182962,0.0,0.0,1.0
1358,2019,2.689999999999827,0.2328831502918623,1319.755,1314.665,1315.748,1322.118,1319.428,-1,5.083333333333333,1.7706319702603917,1.3680297397770633,1.7843866171004694,1.381784386617141,0.0,0.0,1.0
1359,2019,3.686999999999898,0.31500320385682506,1314.755,1311.535,1309.165,1318.425,1314.738,-1,5.033333333333333,0.8687279631136596,1.5115269867101293,0.8714401952807307,1.5142392188772005,1.0,1.0,0.0
1360,2019,3.7669999999998254,0.31661543633829803,1310.635,1292.288,1290.595,1310.985,1307.218,1,5.15,-4.963366073798979,-5.41279532784731,-4.958056809132141,-5.407486063180471,1.0,1.0,0.0
1361,2019,4.267000000000053,0.34179358958221795,1288.985,1295.428,1292.125,1292.595,1288.328,-1,6.583333333333333,-1.663932505273037,-0.8898523552847384,-1.54745722990391,-0.7733770799156113,1.0,1.0,0.0
1362,2019,3.4500000000000455,0.26952372980665035,1293.275,1292.128,1288.145,1293.718,1290.268,1,5.2,-0.4608695652174274,-1.6153623188405852,-0.41072463768119566,-1.5652173913043537,1.0,1.0,0.0
1363,2019,2.9969999999998436,0.23312331233122158,1287.258,1290.505,1291.258,1289.175,1286.178,-1,5.45,-1.443777110443852,-1.6950283616950925,-1.414748081414825,-1.6659993326660656,1.0,1.0,0.0
1364,2019,3.130000000000109,0.24602497305067383,1292.555,1290.338,1290.185,1293.255,1290.125,1,6.466666666666667,-0.9319488817891508,-0.9808306709265356,-0.9127795527156138,-0.9616613418529987,1.0,1.0,0.0
1365,2019,2.1769999999999072,0.1821702877977271,1292.348,1287.408,1292.308,1292.425,1290.248,1,5.0,-2.304547542489787,-0.053743683968749095,-2.2691777675701723,-0.018373909049134277,1.0,1.0,0.0
1366,2019,5.509999999999991,0.4580896107366601,1287.845,1292.128,1291.685,1292.908,1287.398,-1,7.1,-0.8584392014519103,-0.7780399274047263,-0.8136116152450008,-0.7332123411978168,1.0,1.0,0.0
1367,2019,5.3400000000001455,0.44314039299369945,1296.018,1299.485,1297.668,1296.688,1291.348,1,5.45,0.5237827715355284,0.18352059925089215,0.5425093632958531,0.20224719101121683,0.0,0.0,1.0
1368,2019,3.4529999999999745,0.27831063109534754,1299.415,1303.745,1304.228,1299.988,1296.535,1,8.85,1.0880393860410837,1.2279177526788416,1.20185346075873,1.3417318273964878,0.0,0.0,1.0
1369,2019,3.980000000000018,0.33776247514669744,1302.588,1306.868,1307.798,1305.078,1301.098,1,7.9,0.44974874371858176,0.6834170854271394,0.5510050251256216,0.7846733668341791,1.0,1.0,0.0
1370,2019,2.913000000000011,0.2588873089228598,1306.525,1296.415,1290.108,1309.108,1306.195,-1,5.083333333333333,3.3573635427394217,5.522485410229979,3.4030209406110448,5.568142808101602,0.0,0.0,1.0
1371,2019,2.836999999999989,0.23506226030964403,1291.915,1292.748,1290.885,1293.955,1291.118,1,7.466666666666667,-0.4254494183996773,-1.0821290095170772,-0.3620021149101331,-1.018681706027533,1.0,1.0,0.0
1372,2019,4.088000000000193,0.35506805801994473,1289.075,1287.238,1287.795,1291.188,1287.1,-1,7.933333333333334,-0.03375733855189355,-0.17000978473584416,-0.002446183953030928,-0.13869863013698153,0.0,0.0,1.0
1373,2019,3.990000000000009,0.3481827304856246,1285.185,1276.595,1276.178,1288.678,1284.688,-1,6.05,2.0283208020050267,2.1328320802004943,2.060150375939852,2.1646616541353194,0.0,0.0,1.0
1374,2019,3.269999999999982,0.27743268712161934,1276.738,1273.755,1273.918,1278.045,1274.775,1,6.566666666666666,-1.3119266055045833,-1.262079510703426,-1.2853211009174306,-1.2354740061162732,1.0,1.0,0.0
1375,2019,3.2000000000000455,0.30267611628708685,1272.505,1275.698,1273.958,1274.738,1271.538,-1,5.8,-1.3000000000000071,-0.756250000000012,-1.2812500000000244,-0.7375000000000294,1.0,1.0,0.0
1376,2019,4.427000000000135,0.4381340176305633,1278.285,1275.275,1275.178,1279.765,1275.338,-1,14.55,0.014230856110203879,0.03614185678785851,0.14524508696629368,0.16715608764394832,0.0,0.0,0.0
1377,2019,2.9300000000000637,0.299483824807079,1275.168,1268.985,1270.625,1276.428,1273.498,-1,6.833333333333333,1.540273037542679,0.9805460750853191,1.5641638225255918,1.004436860068232,0.0,0.0,1.0
1378,2019,3.336999999999989,0.33476167273352464,1269.588,1274.038,1275.105,1272.035,1268.698,1,8.95,0.6002397362900617,0.9199880131854798,0.6472879832184864,0.9670362601139046,0.0,0.0,1.0
1379,2019,3.4470000000001164,0.3370607586626078,1276.308,1279.688,1277.148,1276.755,1273.308,1,7.683333333333334,0.850884827386102,0.11401218450820669,0.9312445604873595,0.1943719176094641,0.0,0.0,1.0
1380,2019,3.5670000000000073,0.35951707306537667,1279.595,1286.558,1286.498,1281.005,1277.438,1,7.45,1.556770395290124,1.5399495374263883,1.6044294925707723,1.5876086347070366,1.0,1.0,0.0
1381,2019,1.6179999999999382,0.15626056304021763,1285.798,1279.698,1280.065,1286.618,1285.0,-1,6.3,3.276885043263356,3.05006180469724,3.2490729295426672,3.022249690976551,0.0,0.0,1.0
1382,2019,3.230000000000018,0.32041380287678134,1282.738,1281.765,1283.848,1283.085,1279.855,1,5.483333333333333,-0.40866873065013276,0.23622291021669214,-0.3414860681114031,0.3034055727554219,1.0,1.0,0.0
1383,2019,4.230000000000018,0.42972208112618887,1280.425,1281.895,1276.218,1283.555,1279.325,-1,7.2,-0.6075650118203133,0.7345153664302501,-0.5271867612293164,0.8148936170212469,1.0,1.0,0.0
1384,2019,5.166999999999916,0.5082128454804663,1274.505,1269.368,1271.075,1277.822,1272.655,-1,7.016666666666667,0.6361525062899338,0.3057867234371885,0.6748596864718669,0.34449390361912163,0.0,0.0,1.0
1385,2019,2.09699999999998,0.21842937390721792,1272.295,1280.495,1279.158,1272.385,1270.288,1,5.15,3.867429661421067,3.229852169766321,3.9341917024320834,3.2966142107773377,1.0,1.0,0.0
1386,2019,3.5499999999999545,0.347802962973325,1283.458,1279.488,1281.115,1285.118,1281.568,-1,7.15,0.5859154929577335,0.12760563380281137,0.70760563380281,0.24929577464788796,0.0,0.0,1.0
1387,2019,1.90300000000002,0.18717156105100613,1283.025,1284.175,1285.028,1283.218,1281.315,1,5.1,0.5028901734103363,0.9511297950603922,0.5622700998423148,1.0105097214923708,1.0,1.0,0.0
1388,2019,3.053000000000111,0.3179569580515926,1286.625,1282.728,1280.555,1287.208,1284.155,1,6.966666666666667,-1.4674091057975287,-2.179168031444408,-1.3550605961348816,-2.066819521781761,1.0,1.0,1.0
1389,2019,3.2100000000000364,0.3215121228814504,1281.178,1285.008,1284.845,1282.738,1279.528,1,7.216666666666667,0.7071651090342542,0.6563862928348745,0.7757009345794333,0.7249221183800535,0.0,0.0,1.0
1390,2019,2.2999999999999545,0.22697795071335475,1284.958,1287.628,1285.908,1285.368,1283.068,1,5.183333333333334,0.9826086956521893,0.234782608695641,0.9913043478260947,0.2434782608695463,0.0,0.0,1.0
1391,2019,5.033000000000129,0.49588300702353294,1283.588,1297.868,1299.538,1288.468,1283.435,-1,5.2,-2.8676733558513057,-3.1994834094972484,-2.8537651500098273,-3.18557520365577,1.0,1.0,0.0
1392,2019,5.186999999999898,0.4806147166664372,1299.245,1295.815,1295.798,1303.245,1298.058,-1,7.733333333333333,0.43242722190090266,0.43570464623096883,0.48640832851358407,0.4896857528436502,0.0,0.0,0.0
1393,2019,2.856999999999971,0.2650559295976227,1295.628,1296.385,1296.025,1298.085,1295.228,-1,5.2,-0.40497024851240365,-0.27896394819742165,-0.3465173258663,-0.22051102555131802,1.0,1.0,0.0
1394,2019,2.143000000000029,0.20056957963418873,1296.078,1287.255,1286.038,1297.218,1295.075,1,8.133333333333333,-4.649090060662544,-5.216985534297672,-4.549696686887479,-5.117592160522608,1.0,1.0,0.0
1395,2019,1.7329999999999472,0.1624462685967522,1286.205,1275.935,1276.138,1286.488,1284.755,1,5.65,-6.089440276976591,-5.972302365839845,-6.058857472591067,-5.941719561454321,1.0,1.0,1.0
1396,2019,2.716999999999871,0.24565369016557498,1276.795,1277.855,1277.708,1278.645,1275.928,-1,6.716666666666667,-0.7092381302907614,-0.6551343393448867,-0.658814869341203,-0.6047110783953283,0.0,1.0,0.0
1397,2019,2.519999999999982,0.22923827655440693,1275.548,1273.758,1274.475,1277.848,1275.328,-1,5.016666666666667,0.6230158730158523,0.33849206349209193,0.6337301587301554,0.34920634920639504,0.0,0.0,1.0
1398,2019,2.1230000000000473,0.2006805936288922,1273.918,1275.205,1273.658,1275.268,1273.145,-1,6.766666666666667,-0.9703250117757417,-0.24163918982567525,-0.9138012246819519,-0.18511540273188554,1.0,1.0,0.0
1399,2019,1.8099999999999454,0.1792941442843748,1272.958,1285.405,1284.955,1274.565,1272.755,1,7.05,5.988950276243229,5.74033149171281,6.038674033149388,5.79005524861897,0.0,0.0,1.0
1400,2019,2.0230000000001382,0.2000211871888271,1283.838,1283.945,1284.308,1284.458,1282.435,1,7.283333333333333,-0.25358378645581425,-0.0741473059812559,-0.18932278793871085,-0.009886307464152469,1.0,1.0,0.0
1402,2019,3.9300000000000637,0.4117092443766071,1282.995,1278.748,1278.335,1286.548,1282.618,-1,5.766666666666667,0.9847328244274371,1.0898218829516113,1.0043256997455026,1.1094147582696767,0.0,0.0,1.0
1403,2019,2.9329999999999927,0.3110969687327164,1279.528,1282.255,1282.095,1281.948,1279.015,1,7.416666666666667,0.10467098533924894,0.05011933174222123,0.3989089669280858,0.3443573133310581,0.0,0.0,1.0
1404,2019,3.0930000000000746,0.33352589135107297,1277.875,1283.645,1287.985,1280.288,1277.195,-1,6.583333333333333,-2.0853540252181992,-3.488522470093664,-2.0853540252181992,-3.488522470093664,1.0,1.0,0.0
1405,2019,4.923000000000002,0.500264932387805,1291.488,1302.418,1306.268,1293.048,1288.125,1,6.033333333333333,1.903310989234184,2.6853544586634213,1.923623806621937,2.7056672760511744,0.0,0.0,1.0
1406,2019,5.7970000000000255,0.591125613646632,1311.875,1319.835,1326.188,1312.755,1306.958,1,8.216666666666667,1.2213213731240118,2.317233051578391,1.3368983957219192,2.432810074176299,0.0,0.0,1.0
1407,2019,5.692999999999984,0.5302261221285691,1322.495,1321.088,1326.048,1327.248,1321.555,1,8.066666666666666,-1.08203056385036,-0.21078517477604936,-1.0375900228350505,-0.16634463376073982,1.0,1.0,0.0
1408,2019,2.9099999999998545,0.2688807196552075,1326.568,1332.348,1328.635,1327.485,1324.575,1,7.0,1.6711340206186596,0.3951890034364771,1.7800687285224477,0.5041237113402651,0.0,0.0,1.0
1409,2019,5.4500000000000455,0.4880482547317709,1331.265,1335.708,1334.265,1332.608,1327.158,1,7.016666666666667,0.5688073394495615,0.3040366972477319,0.6060550458715749,0.3412844036697453,0.0,0.0,1.0
1410,2019,3.0799999999999272,0.27854037608117876,1333.065,1344.955,1340.195,1335.168,1332.088,-1,6.983333333333333,-4.177597402597489,-2.63214285714291,-4.146103896103988,-2.6006493506494093,1.0,1.0,0.0
1411,2019,8.88299999999981,0.742637047653156,1329.475,1329.148,1327.728,1337.658,1328.775,-1,5.283333333333333,-0.041990318586043886,0.11786558595069771,-0.010469436001333918,0.14938646853540768,0.0,0.0,0.0
1412,2019,2.240000000000009,0.17978867950489422,1328.628,1325.828,1327.378,1329.808,1327.568,-1,7.45,0.7767857142857152,0.08482142857145258,0.9866071428571551,0.2946428571428925,0.0,0.0,1.0
1413,2019,7.776999999999816,0.6063363535616104,1332.378,1334.015,1332.645,1333.715,1325.938,1,6.766666666666667,0.038575286100062875,-0.13758518709013265,0.05104796193907307,-0.12511251125112247,0.0,0.0,0.0
1414,2019,5.329999999999927,0.4203612109467378,1334.188,1336.758,1341.248,1337.655,1332.325,1,7.483333333333333,-0.1682926829268193,0.6741088180112802,-0.11819887429641471,0.7242026266416848,0.0,0.0,1.0
1415,2019,6.0,0.4541252412540355,1345.418,1348.468,1340.978,1347.808,1341.808,1,7.333333333333333,0.11000000000001364,-1.1383333333333212,0.13383333333335182,-1.114499999999983,0.0,1.0,1.0
1416,2019,7.410000000000082,0.5143078112915772,1342.188,1337.955,1338.948,1343.505,1336.095,-1,8.25,-0.25101214574897157,-0.3850202429149843,-0.21727395411604347,-0.35128205128205625,0.0,0.0,0.0
1417,2019,3.4629999999999654,0.24024181759619243,1340.875,1345.848,1346.548,1342.008,1338.545,1,6.116666666666666,1.1088651458273049,1.311002021368758,1.1406295119838537,1.3427663875253069,0.0,0.0,1.0
1418,2019,4.720000000000027,0.31256060355225723,1344.248,1343.968,1352.078,1346.845,1342.125,1,6.1,-0.6095338983050712,1.1086864406779484,-0.5508474576270962,1.1673728813559234,1.0,1.0,0.0
1419,2019,36.29000000000019,2.324813075986797,1380.658,1382.768,1390.125,1393.928,1357.638,0,,,,,,,,
1420,2019,23.7170000000001,1.4064936990363275,1404.865,1392.578,1398.048,1411.805,1388.088,-1,8.683333333333334,-0.1893156807353371,-0.41995193321246344,-0.1767930176666512,-0.4074292701437775,0.0,0.0,0.0
1421,2019,9.700000000000045,0.5593610597379503,1403.125,1408.448,1419.198,1411.155,1401.455,-1,5.166666666666667,-0.7209278350515601,-1.8291752577319673,-0.7092783505154718,-1.817525773195879,0.0,1.0,0.0
1422,2019,13.916999999999916,0.7502310322520968,1436.125,1430.705,1424.335,1436.415,1422.498,1,5.033333333333333,-0.4102895739024266,-0.8680031616009197,-0.3443989365524286,-0.8021125242509217,1.0,1.0,0.0
1423,2019,18.690000000000055,0.9779452162310664,1405.115,1408.775,1409.595,1421.998,1403.308,-1,12.2,-0.29250936329588456,-0.3363830925628687,-0.2332798287854529,-0.2771535580524371,0.0,0.0,0.0
1424,2019,6.740000000000009,0.342997557287426,1407.428,1405.065,1407.838,1412.048,1405.308,-1,5.383333333333334,0.03605341246289879,-0.37537091988130106,0.08946587537089574,-0.3219584569733041,0.0,0.0,1.0
1425,2019,16.269999999999982,0.8417248374973657,1419.698,1411.575,1410.445,1424.568,1408.298,-1,14.55,-0.20141364474493223,-0.13196066379839808,-0.13030116779349235,-0.06084818684695822,0.0,0.0,0.0
1426,2019,7.513000000000147,0.3835945164313842,1391.928,1394.715,1383.908,1397.698,1390.185,-1,6.45,-0.6029548782110853,0.8354851590576229,-0.5630240915745954,0.8754159456941127,0.0,0.0,1.0
1427,2019,7.62299999999982,0.365513840083833,1388.458,1394.038,1408.445,1391.408,1383.785,1,6.133333333333334,0.3450085268267311,2.234946871310565,0.36862127771218833,2.2585596221960222,0.0,0.0,1.0
1428,2019,16.410000000000082,0.6924447150379343,1424.038,1418.775,1418.328,1437.688,1421.278,-1,12.583333333333334,0.1525289457647725,0.17976843388178126,0.23357708714197667,0.26081657525898544,0.0,0.0,0.0
1429,2019,6.126999999999953,0.24822608836568397,1419.058,1416.375,1414.865,1421.595,1415.468,-1,6.666666666666667,-0.14803329525051942,0.09841684347969155,-0.0435776073119071,0.20287253141830386,0.0,0.0,0.0
1430,2019,8.503000000000156,0.3509348081152369,1418.108,1395.098,1399.498,1422.938,1414.435,-1,7.133333333333334,2.2741385393390137,1.7566741150181846,2.308244149123791,1.7907797248029615,0.0,0.0,1.0
1431,2019,5.779999999999973,0.22165976376744762,1398.648,1396.528,1397.205,1400.145,1394.365,1,6.133333333333334,-0.6257785467127991,-0.5086505190311537,-0.5738754325259555,-0.45674740484431015,0.0,1.0,1.0
1432,2019,5.207000000000107,0.19979334935744086,1394.285,1393.468,1397.765,1395.875,1390.668,1,5.833333333333333,-0.46226233915880083,0.3629729210678051,-0.42961398117914473,0.3956212790474612,1.0,1.0,0.0
1433,2019,5.100000000000136,0.1994965088111007,1392.855,1408.035,1415.455,1396.228,1391.128,-1,7.233333333333333,-3.3150980392156275,-4.769999999999872,-3.258235294117597,-4.7131372549018415,1.0,1.0,0.0
1434,2019,8.129999999999882,0.32138833435454983,1423.968,1409.165,1407.655,1427.078,1418.948,-1,12.366666666666667,1.2033210332103654,1.3890528905289403,1.2300123001230192,1.4157441574415939,0.0,0.0,1.0
1435,2019,6.376999999999953,0.2542185622433675,1407.768,1408.315,1416.568,1409.945,1403.568,1,8.333333333333334,-0.25560608436567256,1.0385761329779044,-0.21640269719302055,1.0777795201505564,1.0,1.0,0.0
1436,2019,8.150000000000091,0.3366486786318113,1411.888,1410.448,1412.748,1417.478,1409.328,-1,15.4,-0.13742331288344856,-0.41963190184049504,-0.08257668711656371,-0.3647852760736102,0.0,0.0,0.0
1437,2019,5.503000000000156,0.23918510285562375,1413.158,1410.095,1403.545,1416.468,1410.965,-1,13.5,0.15809558422676107,1.3483554424858504,0.7764855533345065,1.9667454115935958,0.0,0.0,1.0
1438,2019,3.509999999999991,0.15468444561963438,1404.768,1418.148,1422.148,1406.838,1403.328,-1,9.05,-4.222222222222215,-5.361823361823357,-4.0085470085470005,-5.1481481481481435,1.0,1.0,0.0
1439,2019,6.599999999999909,0.27644309879549384,1422.625,1422.235,1437.648,1428.158,1421.558,-1,6.516666666666667,-0.10257575757574493,-2.437878787878809,-0.06166666666665622,-2.3969696969697205,0.0,1.0,1.0
1440,2019,7.100000000000136,0.281103827423748,1442.925,1427.825,1423.118,1446.518,1439.418,-1,7.683333333333334,1.6328169014083977,2.2957746478872734,1.653521126760533,2.3164788732394084,0.0,0.0,1.0
1441,2019,6.576999999999998,0.26139512172965085,1426.975,1427.108,1428.098,1428.725,1422.148,1,6.566666666666666,-0.24585677360498134,-0.09533221833662048,-0.1318230196137999,0.018701535654560945,0.0,0.0,0.0
1442,2019,8.440000000000055,0.3838232905635882,1417.665,1423.948,1418.935,1424.298,1415.858,-1,6.5,-0.9585308056872148,-0.36457345971563726,-0.8498815165876724,-0.25592417061609485,1.0,1.0,0.0
1443,2019,5.942999999999984,0.27912266341031283,1420.588,1423.705,1423.175,1422.348,1416.405,1,7.8,0.22833585731111805,0.13915530876661628,0.24516237590440584,0.15598182735990404,0.0,0.0,1.0
1444,2019,4.440000000000055,0.2092055842005382,1422.205,1417.988,1414.168,1426.078,1421.638,1,8.4,-1.8220720720720311,-2.682432432432418,-1.7747747747747262,-2.635135135135113,1.0,1.0,1.0
1445,2019,4.0900000000001455,0.202036596639552,1416.348,1420.248,1418.685,1417.765,1413.675,1,7.9,0.6070904645476428,0.22493887530557766,0.6193154034229924,0.23716381418092733,1.0,1.0,0.0
1446,2019,5.350000000000136,0.2683712480875481,1420.538,1420.458,1424.468,1424.198,1418.848,-1,6.533333333333333,-0.30093457943926843,-1.0504672897196214,-0.26224299065420265,-1.0117757009345556,0.0,1.0,0.0
1447,2019,3.59699999999998,0.18108916730196542,1424.895,1428.388,1431.598,1425.855,1422.258,1,7.633333333333334,0.7041979427300294,1.596608284681671,0.7117041979427189,1.6041145398943604,0.0,0.0,1.0
1448,2019,4.269999999999982,0.23310495962191527,1428.098,1427.535,1417.948,1431.875,1427.605,1,7.416666666666667,-1.016393442622936,-3.261592505854793,-0.9953161592505897,-3.240515222482447,1.0,1.0,0.0
1449,2019,10.579999999999927,0.5797850270477584,1410.128,1413.798,1439.145,1414.778,1404.198,-1,8.983333333333333,-0.9073724007561413,-3.3031190926276115,-0.836483931947067,-3.232230623818537,0.0,1.0,0.0
1450,2019,12.003000000000156,0.5788344223953006,1430.915,1446.728,1442.388,1442.228,1430.225,1,15.133333333333333,0.3749062734316372,0.013330000833112754,0.590102474381404,0.22852620178287947,0.0,0.0,0.0
1451,2019,18.057000000000016,0.8496897666695797,1452.198,1466.145,1467.335,1455.905,1437.848,1,7.233333333333333,0.5670930940909342,0.6329955142050204,0.5879714238245529,0.6538738439386391,0.0,0.0,0.0
1452,2019,14.769999999999982,0.6502352142084462,1460.828,1471.438,1470.675,1474.815,1460.045,-1,5.0,-0.771360866621533,-0.7197020988490112,-0.7183480027082018,-0.6666892349356799,0.0,0.0,0.0
1453,2019,17.87999999999988,0.812268393829454,1486.135,1501.295,1503.115,1490.088,1472.208,1,7.516666666666667,0.6267897091722696,0.7285794183445263,0.6476510067114223,0.749440715883679,0.0,0.0,1.0
1454,2019,14.960000000000036,0.6801457455168977,1499.405,1492.858,1506.955,1506.635,1491.675,-1,14.0,-0.0790775401069512,-1.0213903743315464,-0.045655080213903146,-0.9879679144384984,0.0,1.0,0.0
1455,2019,8.870000000000118,0.41250195156142083,1506.505,1501.935,1497.075,1507.835,1498.965,1,7.033333333333333,-0.6651634723788064,-1.2130777903043797,-0.6147688838782301,-1.1626832018038036,1.0,1.0,0.0
1456,2019,6.25,0.2854402630617466,1496.845,1503.648,1511.825,1501.445,1495.195,-1,7.066666666666666,-1.352479999999996,-2.6608000000000174,-1.337599999999984,-2.6459200000000056,1.0,1.0,1.0
1457,2019,8.62299999999982,0.3733512294841071,1516.515,1504.555,1501.095,1518.168,1509.545,1,6.566666666666666,-1.5786849124434783,-1.979937376783048,-1.4951872898063665,-1.8964397541459361,1.0,1.0,1.0
1458,2019,9.809999999999945,0.3757181156644943,1502.055,1515.378,1518.158,1503.895,1494.085,1,11.133333333333333,1.170540265035679,1.4539245667686034,1.2273190621814507,1.510703363914375,0.0,0.0,1.0
1459,2019,9.370000000000118,0.3519787063347089,1520.525,1518.498,1522.728,1524.228,1514.858,-1,7.383333333333334,-0.38847385272145724,-0.839914621131272,-0.3553895410885926,-0.8068303094984074,0.0,1.0,0.0
1460,2019,11.196999999999889,0.4122465831959206,1520.925,1505.145,1514.098,1527.945,1516.748,-1,7.3,1.0362597124229866,0.2366705367509259,1.0851120835938386,0.285522907921778,0.0,0.0,1.0
1461,2019,7.649999999999864,0.2737709066648212,1508.788,1501.135,1495.175,1512.685,1505.035,-1,9.066666666666666,0.5098039215686484,1.2888888888889285,0.5477124183006705,1.3267973856209505,0.0,0.0,1.0
1462,2019,5.3129999999998745,0.18589319051414954,1495.105,1502.725,1505.995,1499.398,1494.085,1,8.333333333333334,0.6261998870694667,1.2416713721061803,0.7071334462638666,1.32260493130058,0.0,0.0,1.0
1463,2019,6.123000000000047,0.22025575999568495,1502.828,1503.045,1503.108,1508.028,1501.905,-1,6.2,-0.18618324350809917,-0.1964723174914201,-0.13065490772500013,-0.14094398170832104,0.0,0.0,0.0
1464,2019,3.76299999999992,0.14959295111153698,1501.495,1500.345,1498.925,1503.598,1499.835,-1,5.766666666666667,-0.13553016210470417,0.24182832846136093,-0.09221365931437348,0.2851448312516916,1.0,1.0,1.0
1465,2019,3.7199999999998,0.15028047738866657,1494.515,1519.098,1527.298,1497.985,1494.265,-1,5.05,-6.675537634408923,-8.87983870967787,-6.662096774193881,-8.866397849462828,1.0,1.0,0.0
1466,2019,11.200000000000045,0.45178856986443605,1539.168,1534.255,1527.648,1549.248,1538.048,-1,7.95,0.3386607142857033,0.9285714285714329,0.5749999999999822,1.1649107142857118,0.0,0.0,1.0
1467,2019,4.567000000000007,0.18209469562121758,1528.885,1538.108,1539.188,1530.105,1525.538,1,6.683333333333334,1.75235384278518,1.988832931902796,1.9537989927742474,2.1902780818918637,0.0,0.0,1.0
1468,2019,12.740000000000009,0.5370267218667667,1536.165,1537.915,1542.018,1544.588,1531.848,1,12.383333333333333,-0.523783359497645,-0.2017268445839823,-0.4696232339089437,-0.14756671899528104,0.0,0.0,0.0
1469,2019,5.363000000000056,0.2292195203858913,1542.698,1539.045,1521.338,1543.258,1537.895,1,5.35,-0.7855677792280293,-4.087264590714123,-0.7551743427186112,-4.056871154204705,1.0,1.0,1.0
1470,2019,6.6870000000001255,0.27139428094344,1524.265,1528.365,1525.328,1528.785,1522.098,1,6.616666666666666,-0.06280843427546955,-0.5169732316434937,-0.0004486316733855246,-0.45461342904140967,1.0,1.0,0.0
1472,2019,5.523000000000138,0.2714347899348522,1523.478,1544.338,1543.648,1526.978,1521.455,1,7.0,3.143219264892172,3.0182871627737513,3.227050516023795,3.1021184139053744,0.0,0.0,1.0
1473,2019,9.97700000000009,0.4932463689301221,1543.118,1546.608,1554.048,1550.045,1540.068,-1,7.05,-0.6555076676355522,-1.4012228124686672,-0.6237345895559688,-1.3694497343890837,0.0,1.0,0.0
1474,2019,11.2199999999998,0.5469092732248318,1545.435,1513.898,1518.235,1552.918,1541.698,-1,8.95,2.4777183600713615,2.0911764705882896,2.4866310160428333,2.1000891265597614,0.0,0.0,1.0
1475,2019,7.567000000000007,0.34205878459317973,1514.355,1519.955,1507.328,1520.215,1512.648,-1,7.633333333333334,-0.9656402801638707,0.7030527289546625,-0.7991277917272392,0.8695652173912939,1.0,1.0,1.0
1476,2019,7.960000000000036,0.35357573450092117,1509.555,1498.805,1501.475,1512.498,1504.538,-1,9.016666666666667,0.7202261306532564,0.3847989949748854,0.7763819095477146,0.44095477386934356,1.0,1.0,0.0
1477,2019,12.860000000000127,0.5650547353620616,1489.855,1496.038,1490.888,1499.258,1486.398,1,14.666666666666666,-0.25038880248833556,-0.6508553654743418,-0.22628304821151268,-0.6267496111975189,0.0,0.0,0.0
1478,2019,6.680000000000064,0.28902466537483495,1490.985,1494.448,1497.135,1492.938,1486.258,1,6.516666666666667,0.22604790419161325,0.6282934131736301,0.30733532934133106,0.7095808383233478,0.0,0.0,0.0
1479,2019,9.156999999999925,0.39639712066491467,1493.448,1510.435,1498.255,1498.365,1489.208,1,7.866666666666666,1.3181172873211788,-0.012012667904324653,1.363983837501377,0.03385388227587369,0.0,0.0,1.0
1480,2019,5.466999999999871,0.23798759347646375,1497.605,1495.678,1486.475,1500.955,1495.488,1,7.583333333333333,-0.9652460215840389,-2.6486189866472216,-0.8079385403329103,-2.491311505396093,1.0,1.0,1.0
1481,2019,9.799999999999955,0.4280610891845911,1502.988,1499.458,1501.698,1512.065,1502.265,-1,6.433333333333334,0.2864285714285744,0.05785714285714387,0.36530612244897387,0.1367346938775433,0.0,0.0,0.0
1482,2019,4.0470000000000255,0.1743269437863459,1497.995,1501.795,1502.448,1500.835,1496.788,-1,5.85,-1.23721275018533,-1.3985668396343085,-1.1317024956758404,-1.2930565851248188,1.0,1.0,0.0
1483,2019,3.150000000000091,0.13625704071953978,1502.825,1506.998,1490.285,1503.535,1500.385,-1,11.866666666666667,-2.0993650793650365,3.206349206349085,-1.9206349206348508,3.385079365079271,1.0,1.0,0.0
1484,2019,6.170000000000073,0.26880432178099484,1494.368,1500.545,1499.428,1495.078,1488.908,1,5.783333333333333,0.8860615883306375,0.705024311183158,0.8978930307941488,0.7168557536466693,0.0,0.0,1.0
1485,2019,6.288000000000011,0.27436778098449766,1503.455,1504.328,1512.565,1504.288,1498.0,1,5.55,0.006361323155210488,1.3163167938931344,0.01638040712469232,1.3263358778626162,0.0,0.0,1.0
1486,2019,7.914999999999964,0.3378436059416061,1516.625,1525.898,1523.855,1519.49,1511.575,-1,8.1,-1.8096020214781972,-1.5514845230574894,-1.7565382185723417,-1.4984207201516337,1.0,1.0,0.0
1487,2019,3.25,0.1444192283886937,1521.145,1522.595,1533.808,1522.598,1519.348,-1,6.216666666666667,-0.999076923076945,-4.44923076923078,-0.9261538461538433,-4.3763076923076785,1.0,1.0,0.0
1488,2019,7.048000000000002,0.3162209367538893,1529.845,1517.855,1504.305,1535.048,1528.0,-1,6.25,1.4394154370034022,3.3619466515323397,1.45715096481271,3.379682179341647,0.0,0.0,1.0
1489,2019,5.386999999999944,0.2514729664393693,1508.958,1508.295,1507.715,1510.135,1504.748,1,6.1,-0.34156302209020556,-0.449229626879543,-0.29199925747166916,-0.3996658622610066,1.0,1.0,0.0
1490,2019,2.7029999999999745,0.13198150124510696,1506.665,1493.175,1499.205,1507.308,1504.605,-1,7.0,4.228634850166545,1.9977802441731933,4.2360340362560684,2.005179430262717,0.0,0.0,1.0
1491,2019,7.362999999999829,0.3561982757131166,1491.925,1480.765,1473.548,1498.398,1491.035,-1,7.2,1.39481189732449,2.374983023224295,1.406084476436246,2.386255602336051,0.0,0.0,1.0
1492,2019,12.106999999999971,0.5524382532967406,1463.315,1483.425,1479.365,1474.695,1462.588,-1,6.75,-1.721070455108618,-1.3857272652184756,-1.637069463946476,-1.3017262740563333,1.0,1.0,0.0
1493,2019,5.5499999999999545,0.24054387062021093,1477.155,1495.475,1498.838,1482.385,1476.835,-1,5.25,-3.3585585585585633,-3.964504504504524,-3.3315315315315606,-3.9374774774775214,1.0,1.0,0.0
1494,2019,4.916999999999916,0.21599555696404696,1498.655,1513.735,1506.928,1502.695,1497.778,-1,6.183333333333334,-3.245271507016504,-1.860890787065334,-3.174700020337638,-1.7903193003864675,1.0,1.0,0.0
1495,2019,3.6669999999999163,0.16080260351248277,1509.825,1506.648,1506.938,1509.975,1506.308,1,11.666666666666666,-0.9072811562585421,-0.8281974365966394,-0.8644668666485261,-0.7853831469866233,1.0,1.0,0.0
1496,2019,3.9199999999998454,0.1739863740263128,1506.715,1502.725,1492.628,1509.235,1505.315,-1,6.0,0.6607142857143489,3.2364795918368943,0.7635204081633377,3.339285714285883,0.0,0.0,1.0
1497,2019,6.992999999999938,0.30300460532831264,1491.235,1501.998,1505.035,1493.838,1486.845,1,8.683333333333334,1.166881166881189,1.601172601172632,1.2516802516802852,1.6859716859717282,0.0,0.0,1.0
1498,2019,5.410000000000082,0.23857071760207502,1505.495,1507.688,1507.478,1509.288,1503.878,1,8.05,-0.2957486136783521,-0.33456561922364475,-0.12144177449166645,-0.1602587800369591,1.0,1.0,0.0
1499,2019,10.702999999999975,0.46958576469629554,1508.845,1493.285,1494.788,1516.148,1505.445,-1,7.366666666666666,1.1361300569933555,0.995702139587027,1.2064841633186996,1.0660562459123712,0.0,0.0,1.0
1500,2019,6.386999999999944,0.2748819536668121,1495.295,1478.075,1484.088,1497.165,1490.778,1,7.15,-2.9888836699546086,-2.0474401127289985,-2.9591357444809816,-2.0176921872553715,1.0,1.0,0.0
1501,2019,4.926999999999907,0.20334116495638208,1486.275,1491.268,1491.375,1488.125,1483.198,1,7.15,0.6379135376497034,0.6596306068601707,0.6683580271971142,0.6900750964075817,0.0,0.0,1.0
1502,2019,4.626999999999953,0.19454021262538118,1494.435,1479.238,1481.458,1495.395,1490.768,-1,7.466666666666667,2.49189539658528,2.0121028744326863,2.664793602766383,2.185001080613789,1.0,1.0,0.0
1503,2019,4.416999999999916,0.1934874232236189,1483.308,1485.328,1489.428,1484.895,1480.478,-1,7.233333333333333,-1.0980303373330316,-2.0262621688929623,-0.9877745075843647,-1.9160063391442954,1.0,1.0,0.0
1504,2019,5.599999999999909,0.2435138048100151,1488.368,1491.325,1492.125,1493.048,1487.448,-1,6.116666666666666,-0.6923214285714314,-0.8351785714285684,-0.6607142857143046,-0.8035714285714416,1.0,1.0,0.0
1505,2019,2.615000000000009,0.11609838394601363,1492.348,1490.918,1491.008,1493.415,1490.8,-1,7.233333333333333,-0.04512428298276778,-0.0795411089866474,0.04971319311667636,0.015296367112796742,0.0,0.0,1.0
1506,2019,2.8999999999998636,0.14001303569642046,1490.325,1488.345,1483.635,1491.955,1489.055,1,6.733333333333333,-1.2448275862069207,-2.8689655172414925,-1.1448275862069284,-2.7689655172415,1.0,1.0,0.0
1507,2019,3.826999999999998,0.19437249225455833,1484.285,1484.115,1487.588,1484.595,1480.768,1,5.7,-0.12542461458061627,0.7820747321661718,-0.0713352495426995,0.8361640972040886,0.0,0.0,1.0
1508,2019,2.910000000000082,0.16090492233198067,1489.155,1493.458,1492.545,1490.555,1487.645,1,7.716666666666667,0.9975945017181919,0.683848797250843,1.116838487972477,0.8030927835051282,0.0,0.0,1.0
1509,2019,2.617000000000189,0.15390690308461855,1492.285,1502.505,1503.158,1493.525,1490.908,-1,7.65,-4.431410011463266,-4.680932365303445,-4.317921283912635,-4.567443637752812,1.0,1.0,1.0
1510,2019,2.65300000000002,0.15848605747690603,1502.508,1511.645,1504.988,1503.368,1500.715,1,6.583333333333333,3.1198643045608674,0.6106294760648723,3.2442517904258974,0.7350169619299023,0.0,1.0,1.0
1511,2019,2.6900000000000546,0.16340663345887824,1503.665,1490.255,1492.855,1506.125,1503.435,-1,5.016666666666667,4.899628252787944,3.933085501858629,5.022304832713649,4.0557620817843345,1.0,1.0,0.0
1512,2019,2.893000000000029,0.17929013466016416,1491.728,1490.895,1488.215,1492.958,1490.065,1,7.033333333333333,-0.7131005876253305,-1.6394745938472581,-0.688904251641866,-1.6152782578637936,1.0,1.0,0.0
1513,2019,2.4869999999998527,0.15823558550983208,1489.115,1494.628,1496.298,1489.435,1486.948,1,6.516666666666667,2.0880579010857625,2.7595496582229444,2.147165259348707,2.818657016485889,0.0,1.0,1.0
1514,2019,5.563000000000102,0.3701457637268434,1497.068,1509.605,1511.258,1499.458,1493.895,1,7.95,1.824015818802759,2.121157648750627,1.8515189645874108,2.148660794535279,0.0,0.0,1.0
1515,2019,3.839999999999918,0.2668360864040604,1510.615,1510.475,1513.048,1513.615,1509.775,-1,5.766666666666667,-0.1822916666666232,-0.852343749999995,-0.11562499999999204,-0.7856770833333638,1.0,1.0,0.0
1516,2019,2.79300000000012,0.19519573486687264,1511.708,1509.045,1508.198,1513.738,1510.945,-1,5.65,0.6802721088434593,0.9835302542068477,0.7339778016469267,1.037235947010315,1.0,1.0,0.0
1517,2019,3.060000000000173,0.22619393331398596,1505.635,1485.755,1483.578,1507.755,1504.695,-1,6.25,6.189542483659725,6.900980392156461,6.343137254901555,7.054575163398291,0.0,0.0,1.0
1518,2019,3.519999999999982,0.2422907488986771,1485.755,1488.595,1490.878,1487.288,1483.768,1,9.033333333333333,0.37130681818182476,1.0198863636363455,0.48210227272730827,1.1306818181818292,1.0,1.0,0.0
1519,2019,2.1529999999997926,0.15026896060062267,1491.208,1469.665,1467.765,1491.908,1489.755,1,7.033333333333333,-10.33116581514263,-11.213655364608512,-10.256850905713986,-11.139340455179868,1.0,1.0,0.0
1520,2019,3.839999999999918,0.24037881125165492,1469.085,1466.705,1461.875,1469.485,1465.645,1,5.483333333333333,-0.7239583333333417,-1.9817708333333495,-0.6718750000000546,-1.9296875000000624,1.0,1.0,0.0
1521,2019,3.6200000000001182,0.22365993803896703,1462.445,1448.965,1456.208,1463.728,1460.108,1,6.833333333333333,-4.078176795580018,-2.0773480662982697,-4.030386740331401,-2.029558011049652,1.0,1.0,0.0
1522,2019,2.230000000000018,0.13191140556208225,1456.028,1451.858,1459.278,1456.905,1454.675,-1,5.5,1.2632286995515625,-2.064125560538129,1.5143497757847197,-1.8130044843049717,0.0,1.0,1.0
1523,2019,3.740000000000009,0.21561433201148136,1460.148,1465.398,1463.605,1460.848,1457.108,1,5.5,1.2165775401069368,0.7371657754010843,1.243315508021351,0.7639037433154984,0.0,0.0,1.0
1524,2019,4.069999999999936,0.240731743382831,1464.755,1469.465,1471.355,1465.108,1461.038,1,5.516666666666667,1.0705159705159801,1.5348894348894764,1.1007371007371225,1.5651105651106187,0.0,0.0,1.0
1525,2019,4.2430000000001655,0.2551610381354215,1466.465,1468.508,1466.248,1469.718,1465.475,-1,5.533333333333333,-0.7148244166863094,-0.18218241810042612,-0.6606174876266796,-0.12797548904079634,0.0,0.0,0.0
1526,2019,4.573000000000093,0.2884419574874586,1466.228,1471.788,1471.368,1469.428,1464.855,-1,6.0,-1.5160726000437026,-1.4242291712223458,-1.4723376339382923,-1.3804942051169355,1.0,1.0,1.0
1527,2019,6.3129999999998745,0.38714623003096205,1470.305,1473.158,1473.035,1475.328,1469.015,-1,7.95,-0.656264850308868,-0.6367812450499069,-0.6035165531443087,-0.5840329478853475,0.0,0.0,0.0
1528,2019,3.3500000000001364,0.21015275282183596,1473.695,1469.315,1471.235,1475.228,1471.878,1,5.5,-1.765074626865603,-1.1919402985074636,-1.6835820895521323,-1.1104477611939927,1.0,1.0,1.0
1529,2019,5.269999999999982,0.3418779655990498,1470.985,1469.028,1464.578,1475.575,1470.305,-1,5.65,0.2423149905123431,1.0867172675522028,0.28216318785580363,1.1265654648956633,0.0,0.0,1.0
1530,2019,2.1700000000000728,0.14039595541342878,1465.025,1464.665,1462.865,1465.615,1463.445,1,5.6,-0.437788018433186,-1.267281105990741,-0.3377880184331441,-1.167281105990699,1.0,1.0,1.0
1531,2019,2.490000000000009,0.15996842849145157,1461.625,1457.675,1454.955,1462.085,1459.595,-1,5.933333333333334,0.7710843373494239,1.8634538152610776,0.8273092369477663,1.9196787148594199,0.0,0.0,1.0
1532,2019,3.980000000000018,0.28145962983916745,1455.145,1458.558,1461.748,1455.555,1451.575,1,5.716666666666667,0.7545226130653053,1.5560301507537577,0.8173366834170639,1.618844221105516,1.0,1.0,0.0
1533,2019,2.272999999999911,0.15935061943534123,1459.165,1455.235,1454.475,1461.168,1458.895,-1,5.5,1.6102067751870768,1.944566652001868,1.8169819621646595,2.1513418389794507,0.0,0.0,1.0
1536,2019,2.990000000000009,0.26304379245555803,1459.555,1463.365,1462.275,1461.765,1458.775,-1,7.25,-1.5351170568561552,-1.170568561872906,-1.4782608695652373,-1.1137123745819881,1.0,1.0,1.0
1537,2019,3.1030000000000655,0.2789571694599686,1460.848,1479.165,1478.508,1463.848,1460.745,-1,5.383333333333334,-5.936190783113014,-5.724460199806566,-5.913631969062044,-5.701901385755595,1.0,1.0,0.0
1538,2019,4.019999999999982,0.3354132770735353,1478.565,1472.925,1474.125,1480.095,1476.075,1,5.666666666666667,-1.783582089552265,-1.4850746268656851,-1.77860696517416,-1.4800995024875803,1.0,1.0,0.0
1539,2019,2.6569999999999254,0.22285060418525712,1475.765,1476.205,1476.228,1476.345,1473.688,1,5.3,-0.0526910048927753,-0.0440346255174878,-0.037636432066292524,-0.028980052691005023,1.0,1.0,0.0
1540,2019,1.4700000000000273,0.12322689196390842,1475.495,1461.805,1459.925,1476.385,1474.915,-1,5.9,8.918367346938542,10.197278911564442,9.098639455782145,10.377551020408045,1.0,1.0,1.0
1541,2019,2.490000000000009,0.2044430890494516,1460.375,1461.685,1460.258,1461.505,1459.015,1,6.566666666666666,0.07228915662644002,-0.5008032128514323,0.16064257028106912,-0.4124497991968032,0.0,0.0,1.0
1542,2019,1.4169999999999163,0.11922949785136179,1461.275,1464.445,1465.308,1461.495,1460.078,1,5.066666666666666,2.081863091037558,2.69089625970383,2.150317572336066,2.7593507410023377,1.0,1.0,0.0
1543,2019,2.0499999999999545,0.17644382692520122,1463.435,1469.548,1477.498,1464.995,1462.945,-1,6.0,-3.220975609756201,-7.099024390244114,-3.172195121951255,-7.050243902439169,1.0,1.0,0.0
1544,2019,1.5570000000000164,0.13162407613158927,1474.705,1466.675,1469.565,1475.605,1474.048,-1,6.283333333333333,4.73538856775849,2.879254977520809,4.868336544637171,3.0122029543994895,1.0,1.0,1.0
1545,2019,5.226999999999862,0.4093301636134696,1467.215,1472.418,1477.048,1469.935,1464.708,1,7.95,0.47503348000765505,1.360818825330064,0.5764300746125884,1.4622154199349973,0.0,0.0,1.0
1546,2019,2.230000000000018,0.17013160404348784,1474.938,1474.785,1476.188,1475.338,1473.108,1,5.65,-0.24798206278021484,0.38116591928256927,-0.15695067264569784,0.47219730941708626,0.0,0.0,1.0
1547,2019,3.1400000000001,0.24780576898144477,1477.245,1475.755,1475.445,1477.468,1474.328,1,5.133333333333334,-0.545541401273857,-0.6442675159235903,-0.5105095541400596,-0.609235668789793,1.0,1.0,0.0
1548,2019,2.196999999999889,0.17564257039578324,1477.048,1475.868,1475.048,1477.155,1474.958,1,6.583333333333333,-0.5857988165680926,-0.9590350477924794,-0.5234410559855025,-0.8966772872098893,1.0,1.0,0.0
1549,2019,3.173000000000002,0.2468615759084616,1477.608,1476.208,1479.685,1477.908,1474.735,-1,9.0,-0.4642294358651695,-1.5600378190986584,-0.303498266624706,-1.3993066498581948,0.0,1.0,0.0
1550,2019,1.606999999999971,0.1285622039234933,1478.955,1479.215,1477.895,1479.475,1477.868,1,6.05,-0.16179215930304644,-0.9831985065338866,-0.09956440572500606,-0.9209707529558463,1.0,1.0,0.0
1551,2019,3.2170000000000982,0.26688552567643636,1480.768,1483.618,1485.558,1481.525,1478.308,1,5.583333333333333,0.6506061548025438,1.253652471246434,0.6994093876282037,1.302455704072094,0.0,0.0,1.0
1554,2019,6.313000000000102,0.57498812706964,1502.895,1512.008,1509.748,1504.008,1497.695,1,5.516666666666667,1.2672263583082324,0.9092349120861581,1.2946301283066481,0.936638682084574,0.0,0.0,1.0
1555,2019,4.789999999999964,0.4549185610300416,1512.818,1511.375,1512.438,1513.898,1509.108,-1,6.433333333333334,-0.4732776617954217,-0.6951983298538997,-0.40918580375783953,-0.6311064718163176,0.0,1.0,0.0
1556,2019,2.803000000000111,0.26321367246191174,1514.455,1513.775,1515.518,1515.738,1512.935,-1,7.066666666666666,-0.29967891544777464,-0.9215126650017772,-0.11416339636109563,-0.7359971459150981,1.0,1.0,0.0
1557,2019,9.312999999999874,0.8975891172947308,1523.268,1521.898,1519.688,1524.068,1514.755,1,7.166666666666667,-0.23300762375175582,-0.4703103189090455,-0.2079888328143618,-0.4452915279716515,0.0,0.0,0.0
1559,2020,4.019999999999982,0.4740925440776326,1519.425,1529.115,1526.708,1521.135,1517.115,1,7.0,1.9850746268656851,1.3863184079602284,2.0323383084577387,1.433582089552282,0.0,0.0,1.0
1560,2020,12.240000000000009,1.4320096269554792,1538.698,1548.808,1547.775,1540.968,1528.728,1,5.516666666666667,0.6405228758169863,0.5561274509803931,0.645669934640524,0.5612745098039308,0.0,0.0,1.0
1561,2020,12.970000000000027,1.3185584303359983,1576.025,1564.258,1564.795,1579.965,1566.995,-1,15.483333333333333,0.2110254433307515,0.16962220508865178,0.3004626060138725,0.2590593677717728,0.0,0.0,0.0
1562,2020,10.257000000000062,0.8985657789347297,1559.168,1568.498,1571.185,1565.505,1555.248,1,6.066666666666666,0.2918007214585083,0.5537681583308767,0.4136687140489337,0.675636150921302,0.0,0.0,0.0
1563,2020,27.787000000000035,2.0045757864633074,1593.075,1573.468,1554.055,1611.325,1583.538,-1,8.883333333333333,0.36239968330513994,1.0610357361355998,0.40223845683232784,1.1008745096627877,0.0,0.0,1.0
1564,2020,7.550000000000182,0.43187101888057905,1558.325,1546.635,1552.635,1561.285,1553.735,-1,6.35,0.9403973509933428,0.14569536423839505,0.9615894039734856,0.1668874172185378,0.0,0.0,1.0
1565,2020,7.0,0.375782720896971,1547.025,1558.615,1558.855,1552.665,1545.665,1,13.5,0.8500000000000065,0.8842857142857221,1.4509999999999894,1.485285714285705,0.0,0.0,1.0
1566,2020,5.720000000000027,0.2967475607632151,1555.645,1551.365,1549.675,1559.955,1554.235,-1,6.366666666666666,0.5017482517482302,0.7972027972027839,0.5559440559440644,0.851398601398618,0.0,0.0,1.0
1567,2020,9.406999999999925,0.48665466947996633,1538.875,1542.925,1546.008,1545.235,1535.828,1,8.683333333333334,-0.24556181566917867,0.08217285000533053,-0.2423727011799714,0.08536196449453783,0.0,0.0,0.0
1568,2020,6.537000000000035,0.3242869747318535,1551.945,1548.935,1555.338,1552.825,1546.288,1,5.516666666666667,-0.5950741930549304,0.38442710723572077,-0.5461220743460524,0.43337922594459866,0.0,0.0,0.0
1569,2020,2.7100000000000364,0.135878518730752,1555.715,1550.695,1551.645,1558.035,1555.325,-1,5.333333333333333,1.708487084870866,1.3579335793357987,1.8313653136530992,1.4808118081180317,0.0,0.0,1.0
1570,2020,6.462999999999965,0.32165659438321936,1555.588,1556.195,1559.618,1555.758,1549.295,1,5.0,0.06761565836297392,0.5972458610552253,0.09391923255453723,0.6235494352467885,0.0,0.0,0.0
1572,2020,8.569999999999936,0.4232292838825035,1566.458,1558.428,1558.205,1568.508,1559.938,-1,7.933333333333334,0.17619603267211226,0.20221703617271733,0.24154025670944593,0.267561260210051,0.0,0.0,1.0
1573,2020,7.194999999999936,0.33412499917073846,1552.925,1557.005,1557.548,1557.495,1550.3,1,9.25,-0.06810284920080417,0.007366226546228135,-0.05601111883249426,0.01945795691453805,0.0,0.0,0.0
1574,2020,7.740000000000009,0.3604358759430016,1558.805,1562.628,1562.775,1563.498,1555.758,-1,6.466666666666667,-0.887596899224791,-0.9065891472868275,-0.8479328165374505,-0.8669250645994869,1.0,1.0,0.0
1575,2020,3.339999999999918,0.16019239531481408,1559.665,1569.978,1571.048,1562.665,1559.325,-1,8.1,-3.1895209580839166,-3.509880239521031,-3.161676646706716,-3.4820359281438304,1.0,1.0,0.0
1576,2020,5.800000000000182,0.2871500358937635,1579.028,1583.695,1580.848,1583.035,1577.235,-1,7.516666666666667,-1.1137931034482471,-0.6229310344827488,-0.9891379310344264,-0.49827586206892793,1.0,1.0,0.0
1577,2020,4.016999999999825,0.22104220546964293,1579.595,1570.145,1569.175,1582.965,1578.948,-1,5.733333333333333,2.1914363953200136,2.432910131939398,2.28528752800609,2.526761264625475,0.0,0.0,1.0
1578,2020,5.889999999999873,0.3874053332832113,1565.365,1569.765,1576.578,1569.225,1563.335,1,8.0,0.09168081494061166,1.2483870967742317,0.3016977928692839,1.458404074702904,0.0,0.0,1.0
1579,2020,4.807000000000016,0.3262379717381299,1579.028,1583.575,1579.715,1580.765,1575.958,1,7.316666666666666,0.5845641772415094,-0.21843145412943174,0.613064281256523,-0.1899313501144181,1.0,1.0,0.0
1580,2020,4.579999999999927,0.31636857037127875,1571.635,1588.168,1586.758,1575.485,1570.905,1,7.683333333333334,2.769213973799169,2.4613537117904625,2.7991266375546155,2.491266375545909,0.0,0.0,1.0
1581,2020,10.507000000000062,0.7162549727079325,1580.845,1575.508,1577.695,1590.015,1579.508,-1,5.416666666666667,0.38069858189778016,0.17255163224517855,0.43180736651756046,0.22366041686495886,0.0,0.0,0.0
1582,2020,5.777000000000044,0.381390260349619,1575.105,1555.175,1552.525,1579.545,1573.768,-1,5.616666666666666,3.2184524839882176,3.677168080318466,3.320062316080997,3.778777912411245,0.0,0.0,1.0
1583,2020,6.069999999999936,0.36822788704442294,1557.128,1555.995,1556.908,1558.095,1552.025,1,5.2,-0.34596375617795033,-0.19555189456344943,-0.2855024711697188,-0.13509060955521784,1.0,1.0,0.0
1584,2020,5.279999999999973,0.3136669156086613,1553.078,1563.295,1566.948,1558.065,1552.785,-1,5.066666666666666,-1.9905303030303116,-2.6823863636363794,-1.900946969696986,-2.5928030303030543,1.0,1.0,0.0
1585,2020,4.279999999999973,0.25008660375547065,1565.678,1566.215,1572.048,1569.065,1564.785,-1,6.383333333333334,-0.33411214953267415,-1.696962616822422,-0.31004672897196417,-1.672897196261712,1.0,1.0,0.0
1586,2020,7.053000000000111,0.39881255301103163,1572.058,1574.115,1574.845,1574.958,1567.905,1,8.733333333333333,-0.1195236069757637,-0.016021551113009302,-0.07982418828868468,0.023677867574069714,0.0,0.0,0.0
1587,2020,5.406999999999925,0.3230222366360365,1568.705,1563.975,1568.425,1572.245,1566.838,-1,6.966666666666667,0.5294987978546506,-0.29350841501757186,0.536896615498439,-0.2861105973737834,1.0,1.0,0.0
1588,2020,2.8900000000001,0.17363241939568214,1567.138,1566.978,1565.445,1568.555,1565.665,-1,5.583333333333333,-0.45432525951559044,0.07612456747405524,-0.4048442906574506,0.1256055363321951,0.0,1.0,1.0
1589,2020,5.210000000000036,0.3219342537339793,1573.708,1575.885,1575.918,1574.228,1569.018,1,5.616666666666666,0.31804222648750746,0.32437619961608744,0.42418426103647233,0.4305182341650523,0.0,0.0,0.0
1590,2020,5.133000000000038,0.3319751649204514,1574.595,1581.395,1582.648,1578.108,1572.975,1,13.616666666666667,0.6403662575491935,0.8844730177284102,0.7825832846288765,1.0266900448080933,0.0,0.0,1.0
1592,2020,3.2000000000000455,0.22097485424538307,1586.348,1600.698,1601.415,1587.355,1584.155,1,7.25,4.169687499999964,4.393749999999921,4.332187499999956,4.556249999999912,0.0,0.0,1.0
1593,2020,5.283000000000129,0.3539054873964129,1601.805,1606.428,1606.498,1604.738,1599.455,1,6.4,0.3198939996214297,0.3331440469430149,0.3621048646602241,0.37535491198180937,0.0,0.0,1.0
1594,2020,6.029999999999973,0.40452733266886115,1609.455,1617.795,1619.775,1611.968,1605.938,-1,7.316666666666666,-1.96633499170813,-2.2946932006633585,-1.9585406301824588,-2.286898839137687,1.0,1.0,0.0
1595,2020,7.579999999999927,0.5079018656252031,1625.995,1643.245,1644.055,1626.475,1618.895,1,5.4,2.2124010554089897,2.319261213720359,2.241029023746704,2.3478891820580734,0.0,0.0,1.0
1596,2020,9.36999999999989,0.6006932837563623,1662.315,1674.655,1653.635,1667.798,1658.428,1,7.1,0.7318036286019265,-1.5115261472785673,0.7940234791889158,-1.449306296691578,0.0,1.0,1.0
1597,2020,15.939999999999827,0.9540503103784266,1655.535,1654.595,1650.045,1658.695,1642.755,-1,6.383333333333334,-0.7427854454203291,-0.45734002509410554,-0.7068381430363975,-0.42139272271017386,0.0,0.0,0.0
1598,2020,9.36999999999989,0.5189862400202488,1641.445,1637.775,1648.198,1646.175,1636.805,1,7.016666666666667,-0.8964781216648838,0.21590181430097777,-0.8018143009605131,0.3105656350053485,1.0,1.0,0.0
1599,2020,9.452999999999975,0.4955163079088938,1652.268,1651.885,1641.455,1652.338,1642.885,1,6.266666666666667,-0.04792129482703647,-1.1512747275997108,-0.013011742304035505,-1.11636517507671,1.0,1.0,0.0
1600,2020,13.373000000000047,0.6730512745848762,1638.728,1583.665,1583.098,1648.118,1634.745,-1,5.766666666666667,3.819636581170997,3.862035444552438,3.891647349136315,3.9340462125177553,0.0,0.0,1.0
1601,2020,25.00299999999993,0.9876585707191516,1600.308,1593.628,1594.895,1606.518,1581.515,1,8.783333333333333,-0.5155381354237546,-0.46486421629404795,-0.46994360676718927,-0.41926968763748257,0.0,0.0,0.0
1602,2020,11.440000000000055,0.4307622792531609,1600.048,1633.865,1626.498,1601.098,1589.658,1,11.116666666666667,2.8642482517482426,2.2202797202797178,2.9020979020978923,2.258129370629367,0.0,0.0,1.0
1603,2020,7.980000000000018,0.26280936911166625,1643.018,1642.988,1640.228,1647.518,1639.538,-1,7.016666666666667,-0.4323308270676739,-0.08646616541354048,-0.3312030075187999,0.014661654135333525,1.0,1.0,0.0
1604,2020,5.25,0.16961434083482554,1639.648,1659.928,1671.675,1640.768,1635.518,1,6.85,3.649523809523825,5.887047619047605,3.7110476190476525,5.948571428571432,0.0,0.0,1.0
1605,2020,11.659999999999854,0.35434344223684827,1678.315,1663.898,1686.658,1679.158,1667.498,1,5.233333333333333,-1.3087478559176828,0.6432246998284814,-1.3061749571183712,0.6457975986277931,1.0,1.0,0.0
1606,2020,45.66000000000008,1.2682679068143332,1662.465,1665.0,1677.408,1702.968,1657.308,0,,,,,,,,
1607,2020,9.88000000000011,0.26156199711434924,1664.618,1654.388,1641.995,1671.365,1661.485,-1,5.083333333333333,0.7183198380566702,1.972672064777307,0.7965587044534445,2.0509109311740814,0.0,0.0,1.0
1608,2020,13.710000000000036,0.3520155522136237,1662.775,1649.685,1636.305,1664.255,1650.545,1,5.133333333333334,-1.0627279358132842,-2.0386579139314347,-1.056382202771693,-2.0323121808898437,1.0,1.0,0.0
1609,2020,19.256999999999834,0.4783414062915802,1636.035,1566.295,1571.578,1649.965,1630.708,-1,12.033333333333333,3.344913537934287,3.0705717401464723,3.476138547021883,3.2017967492340684,0.0,0.0,1.0
1610,2020,32.582999999999856,0.7324409077114981,1579.075,1534.598,1523.648,1583.848,1551.265,1,5.35,-1.5115244145720228,-1.8475892336494586,-1.4918822698953547,-1.8279470889727907,1.0,1.0,0.0
1611,2020,36.87300000000005,0.7703460738945596,1546.748,1503.778,1509.178,1560.718,1523.845,-1,9.55,0.5442193474900329,0.39777072654787776,0.7026821793724418,0.5562335584302868,0.0,0.0,1.0
1612,2020,33.88300000000004,0.635967770046522,1501.548,1532.365,1529.568,1519.238,1485.355,-1,6.2,-1.3874214207714766,-1.3048726500014731,-1.3295753032494142,-1.247026532479411,1.0,1.0,0.0
1613,2020,14.740000000000009,0.25662836392578225,1527.685,1492.458,1494.988,1539.828,1525.088,-1,5.6,2.2137042062415104,2.042062415196736,2.283378561736764,2.11173677069199,0.0,0.0,1.0
1614,2020,34.59999999999991,0.5725091596737957,1471.328,1479.835,1467.838,1498.638,1464.038,-1,12.25,-0.45656069364162044,-0.1098265895953747,-0.41011560693641885,-0.06338150289017311,0.0,0.0,0.0
1615,2020,16.057000000000016,0.2794014193917249,1482.248,1490.225,1489.148,1486.725,1470.668,1,5.35,0.2179734695148531,0.15089991903842556,0.28878370804010334,0.22171015756367576,0.0,0.0,1.0
1616,2020,15.599999999999909,0.26617786141200844,1492.488,1542.748,1553.648,1501.388,1485.788,-1,6.9,-3.6512820512820747,-4.350000000000019,-3.6326923076923334,-4.331410256410278,1.0,1.0,0.0
1617,2020,23.99000000000001,0.3998171502582038,1571.533,1614.138,1626.548,1584.328,1560.338,-1,5.683333333333334,-2.2426010837849075,-2.7598999583159656,-2.229262192580242,-2.7465610671112994,1.0,1.0,0.0
1618,2020,26.704999999999927,0.4132383954585434,1610.908,1612.648,1608.978,1631.705,1605.0,-1,5.566666666666666,-0.2863883167946052,-0.14896086875117306,-0.26260999812768915,-0.12518255008425702,0.0,0.0,0.0
1619,2020,17.007000000000062,0.2638395009058833,1604.188,1626.368,1628.27,1612.308,1595.301,1,10.15,0.826718410066437,0.9385547127653279,0.8684659257952565,0.9803022284941474,0.0,0.0,1.0
1620,2020,7.529999999999973,0.1168443383365139,1624.798,1624.048,1619.198,1627.278,1619.748,1,5.566666666666666,-0.42895086321381537,-1.0730411686586927,-0.13280212483399784,-0.7768924302788752,1.0,1.0,0.0
1621,2020,15.208000000000084,0.24337639713497447,1617.078,1620.198,1613.588,1628.798,1613.59,-1,6.233333333333333,-0.43450815360337575,0.00013150973171703676,-0.3036559705418293,0.13098369279326347,0.0,0.0,0.0
1622,2020,7.460000000000036,0.12102965597401469,1613.955,1608.048,1583.958,1618.848,1611.388,1,7.966666666666667,-1.4477211796246516,-4.676943699731863,-1.249329758713122,-4.478552278820334,1.0,1.0,0.0
1623,2020,9.839999999999918,0.15713721902710762,1584.328,1586.378,1590.398,1584.808,1574.968,1,5.066666666666666,0.15955284552845014,0.5680894308943053,0.18800813008129313,0.5965447154471484,1.0,1.0,1.0
1624,2020,12.860000000000127,0.22078552753565112,1585.288,1607.988,1614.008,1595.728,1582.868,-1,5.8,-1.9533437013996788,-2.421461897356127,-1.9014774494556557,-2.3695956454121037,1.0,1.0,0.0
1625,2020,7.099999999999909,0.13093643260132587,1613.088,1618.068,1623.308,1615.418,1608.318,-1,7.633333333333334,-1.3732394366197358,-2.1112676056338313,-1.2771830985915633,-2.0152112676056584,1.0,1.0,0.0
1626,2020,10.1400000000001,0.21205467174546486,1617.158,1645.568,1659.348,1621.968,1611.828,1,7.116666666666666,2.3274161735699876,3.6863905325443307,2.3602564102563863,3.719230769230729,0.0,0.0,1.0
1627,2020,18.827999999999975,0.4126684931506844,1659.498,1651.055,1645.318,1674.828,1656.0,-1,8.416666666666666,0.26264074782238916,0.5673465052050154,0.40381346930103296,0.7085192266836592,0.0,0.0,0.0
1628,2020,10.0300000000002,0.23238841069960262,1648.248,1649.498,1651.835,1650.428,1640.398,1,5.416666666666667,-0.09272183449651497,0.14027916251245237,0.09471585244267462,0.327716849451642,0.0,0.0,0.0
1629,2020,5.0499999999999545,0.1226585148777654,1648.638,1682.585,1678.918,1649.628,1644.578,1,7.016666666666667,6.526138613861466,5.800000000000045,6.611287128712919,5.885148514851498,0.0,0.0,1.0
1630,2020,12.289999999999964,0.2985131594927037,1682.185,1699.448,1720.998,1691.138,1678.848,1,8.2,0.6761594792514399,2.42961757526446,0.7664768104149797,2.519934906428,0.0,0.0,1.0
1631,2020,11.720000000000027,0.3051685978388236,1720.158,1731.678,1732.751,1725.548,1713.828,-1,5.766666666666667,-1.523037542662124,-1.6145904436860032,-1.3856655290102364,-1.4772184300341156,1.0,1.0,0.0
1632,2020,11.353000000000065,0.3214878791249927,1720.698,1720.788,1717.898,1730.998,1719.645,-1,7.316666666666666,-0.1006782348278008,0.15388003170968562,0.012067294988103834,0.26662556152559025,0.0,0.0,1.0
1633,2020,7.610000000000127,0.22156505536007268,1714.368,1725.308,1714.595,1719.498,1711.888,1,7.25,0.7634691195794807,-0.6442838370564965,0.9802890932982801,-0.42746386333769704,0.0,1.0,1.0
1634,2020,14.827999999999975,0.4434125283818437,1705.148,1689.278,1683.288,1718.528,1703.7,-1,5.366666666666666,0.9726193687618054,1.3765848394928561,0.9920420825465377,1.3960075532775884,0.0,0.0,1.0
1635,2020,11.440000000000055,0.3273167222549224,1681.408,1690.708,1689.408,1683.038,1671.598,1,5.116666666666666,0.6704545454545486,0.5568181818181697,0.7736013986014069,0.6599650349650279,0.0,0.0,1.0
1636,2020,5.529999999999973,0.15426028983081486,1688.688,1683.408,1680.398,1692.208,1686.678,-1,5.866666666666666,0.5913200723327713,1.1356238698011267,0.7070524412296747,1.2513562386980301,1.0,1.0,0.0
1637,2020,10.173000000000002,0.2916111278324802,1682.898,1708.558,1714.938,1691.701,1681.528,-1,5.5,-2.6570333235033883,-3.28418362331663,-2.504669222451589,-3.1318195222648306,1.0,1.0,0.0
1638,2020,12.319999999999936,0.34577533824758544,1710.158,1734.598,1729.118,1719.648,1707.328,1,9.066666666666666,1.213474025974036,0.7686688311688373,1.291639610389618,0.8468344155844194,0.0,0.0,1.0
1639,2020,8.980000000000018,0.2550468728762156,1723.498,1724.995,1724.245,1730.208,1721.228,-1,6.15,-0.41948775055677257,-0.33596881959908903,-0.4139198218262654,-0.3304008908685818,1.0,1.0,0.0
1640,2020,6.449999999999818,0.1810504535283732,1721.665,1712.218,1712.885,1727.225,1720.775,-1,5.45,1.3266666666667066,1.2232558139535383,1.424806201550401,1.3213953488372328,0.0,0.0,1.0
1641,2020,16.4670000000001,0.4981169744543784,1698.178,1699.328,1706.938,1712.102,1695.635,-1,6.066666666666666,-0.22426671524867683,-0.6864031092488033,-0.16274974190806143,-0.6248861359081879,1.0,1.0,0.0
1642,2020,8.129999999999882,0.25125328635854516,1710.098,1700.985,1704.198,1712.138,1704.008,1,6.35,-1.3718327183272057,-0.976629766297656,-1.331242312423155,-0.9360393603936052,1.0,1.0,0.0
1643,2020,6.509999999999991,0.1995568323144559,1712.458,1705.558,1684.608,1715.308,1708.798,1,6.933333333333334,-1.4976958525345643,-4.71582181259602,-1.3253456221198066,-4.543471582181262,1.0,1.0,0.0
1644,2020,8.670000000000073,0.26861589122583596,1688.075,1688.368,1702.615,1690.338,1681.668,-1,6.65,-0.772779700115339,-2.4160322952710427,-0.7485582468281378,-2.3918108419838413,0.0,1.0,1.0
1645,2020,8.720000000000027,0.275686393178298,1699.938,1701.545,1707.698,1701.278,1692.558,1,7.433333333333334,0.030619266055051827,0.7362385321100978,0.2083715596330277,0.9139908256880737,0.0,0.0,1.0
1646,2020,7.246999999999844,0.23894847410044637,1698.198,1697.168,1707.578,1703.735,1696.488,1,6.983333333333333,-0.9061680695460396,0.5302883951980347,-0.7161584103767306,0.7202980543673437,1.0,1.0,0.0
1647,2020,6.538000000000011,0.21643785084960604,1702.285,1689.245,1688.128,1707.538,1701.0,1,8.766666666666667,-2.7979504435607354,-2.9687977974915953,-2.7607831141021952,-2.9316304680330547,1.0,1.0,0.0
1648,2020,7.519999999999982,0.25516424016655403,1691.688,1696.208,1719.068,1693.788,1686.268,-1,7.0,-1.3218085106383084,-4.361702127659579,-1.1210106382978835,-4.160904255319154,1.0,1.0,0.0
1649,2020,9.440000000000055,0.3216323034090706,1715.438,1715.378,1704.828,1720.568,1711.128,1,9.95,-0.5497881355932229,-1.6673728813559234,-0.3569915254237393,-1.4745762711864399,1.0,1.0,0.0
1650,2020,9.660000000000082,0.33561060831284245,1707.758,1697.368,1697.438,1712.058,1702.398,-1,6.5,0.5207039337474048,0.5134575569357936,0.7305383022774282,0.7232919254658171,0.0,0.0,1.0
1651,2020,8.593000000000075,0.3127147766323053,1700.375,1709.608,1702.245,1702.198,1693.605,1,6.1,0.862329803328266,0.005469568253205829,0.9984871406958982,0.14162690562083793,0.0,0.0,0.0
1652,2020,6.490000000000009,0.25020101996982,1702.818,1711.805,1712.478,1706.558,1700.068,-1,9.133333333333333,-1.8084745762711962,-1.9121725731895323,-1.6451463790447025,-1.7488443759630385,1.0,1.0,0.0
1653,2020,7.650000000000091,0.305486782205898,1713.558,1731.768,1733.128,1719.568,1711.918,-1,5.4,-2.594771241830052,-2.772549019607815,-2.5464052287581422,-2.7241830065359047,1.0,1.0,0.0
1654,2020,5.916999999999916,0.23640441999040807,1731.868,1742.558,1743.548,1734.345,1728.428,1,6.9,1.388034476930891,1.5553489944228671,1.452256210917728,1.619570728409704,0.0,0.0,1.0
1655,2020,17.786999999999807,0.7080912774578739,1760.868,1742.598,1732.315,1763.485,1745.698,1,6.683333333333334,-1.174284589869015,-1.7524034407151394,-1.1546072974644548,-1.7327261483105791,1.0,1.0,0.0
1656,2020,7.457000000000107,0.28497181618420253,1736.638,1743.765,1745.575,1740.115,1732.658,-1,7.5,-1.4894729784095533,-1.732197934826332,-1.4277859729113596,-1.6705109293281384,1.0,1.0,0.0
1657,2020,7.1870000000001255,0.2731475574498171,1749.188,1747.145,1751.208,1751.015,1743.828,1,8.066666666666666,-0.5384722415472452,0.02685404202031171,-0.50827883678864,0.05704744677891675,1.0,1.0,0.0
1658,2020,10.932999999999993,0.45145439208121746,1741.338,1721.298,1724.618,1748.538,1737.605,-1,7.2,1.4915393762004965,1.1878715814506622,1.4945577609073382,1.1908899661575039,0.0,0.0,1.0
1659,2020,6.017000000000053,0.25087633087633354,1727.385,1735.448,1734.988,1730.295,1724.278,1,7.0,0.8564068472660753,0.7799567890975474,1.0004985873358698,0.9240485291673419,0.0,0.0,1.0
1661,2020,9.740000000000009,0.424160606192572,1734.768,1712.115,1712.125,1735.325,1725.585,-1,9.816666666666666,1.382956878850104,1.3819301848049306,1.4712525667351042,1.4702258726899304,0.0,0.0,1.0
1662,2020,8.45699999999988,0.36789445228166323,1708.498,1698.748,1713.388,1715.895,1707.438,-1,5.033333333333333,1.0275511410665932,-0.7035591817429233,1.1635331677900034,-0.5675771550195131,0.0,0.0,1.0
1663,2020,6.472999999999956,0.2957511593829228,1714.358,1721.848,1716.085,1715.028,1708.555,1,5.233333333333333,1.0536072918275887,0.1632936814460101,1.1308512281785859,0.24053761779700708,0.0,0.0,1.0
1664,2020,10.029999999999973,0.4639176960714666,1719.915,1734.698,1730.955,1722.458,1712.428,1,6.516666666666667,1.2203389830508518,0.8471585244267066,1.2435692921236507,0.8703888334995057,0.0,0.0,1.0
1665,2020,8.87700000000018,0.40376874218230535,1739.028,1737.648,1737.045,1740.505,1731.628,1,5.233333333333333,-0.32184296496565734,-0.3897713191393451,-0.27148811535429007,-0.33941646952797777,1.0,1.0,0.0
1666,2020,6.759999999999991,0.30759830209897493,1739.268,1740.125,1727.695,1743.125,1736.365,-1,5.683333333333334,-0.5562130177514787,1.2825443786982373,-0.48624260355030163,1.3525147928994143,1.0,1.0,0.0
1667,2020,11.452999999999975,0.5126072180999174,1725.098,1693.848,1696.965,1731.908,1720.455,-1,8.866666666666667,2.323146773771067,2.0509910067231347,2.4072295468436216,2.135073779795689,0.0,0.0,1.0
1668,2020,7.940000000000055,0.336909741165063,1702.938,1706.518,1716.668,1705.198,1697.258,1,9.983333333333333,0.16624685138538126,1.4445843828715015,0.19395465994961625,1.4722921914357363,0.0,0.0,1.0
1669,2020,9.063000000000102,0.3826645555304275,1708.418,1675.018,1682.498,1715.988,1706.925,-1,10.7,3.5205781749971936,2.695244400308908,3.5404391481848867,2.715105373496601,0.0,0.0,1.0
1670,2020,11.329999999999927,0.46754977038124074,1688.215,1692.818,1699.118,1688.808,1677.478,1,5.05,0.3539276257722874,0.9099735216240081,0.3594880847308137,0.9155339805825343,0.0,0.0,0.0
1671,2020,10.317999999999984,0.42388015904455845,1695.245,1718.268,1713.085,1704.626,1694.308,-1,5.283333333333333,-2.322155456483822,-1.8198294243070434,-2.2659430122116833,-1.7636169800349046,1.0,1.0,0.0
1672,2020,6.440000000000055,0.2516882036508212,1715.035,1718.675,1727.855,1718.535,1712.095,1,6.866666666666666,0.021739130434762652,1.4472049689440771,0.06055900621115984,1.4860248447204745,0.0,1.0,1.0
1673,2020,7.009999999999991,0.27341540810328135,1731.445,1743.445,1728.845,1737.648,1730.638,-1,5.466666666666667,-1.826961483594869,0.2557774607703131,-1.7717546362339318,0.31098430813125055,1.0,1.0,1.0
1674,2020,8.093000000000075,0.3092354132436695,1726.045,1738.395,1732.105,1730.228,1722.135,1,7.1,1.0091437044359126,0.2319288273816799,1.0342271098479938,0.25701223279376106,0.0,0.0,1.0
1675,2020,7.4500000000000455,0.2783359619136081,1729.108,1716.448,1726.055,1734.038,1726.588,-1,6.35,1.3610738255033303,0.07154362416106021,1.4174496644295143,0.1279194630872441,0.0,0.0,1.0
1676,2020,8.696999999999889,0.32242415255022316,1728.485,1729.248,1725.728,1732.725,1724.028,-1,7.083333333333333,-0.6002069679199832,-0.19546970219616733,-0.4869495228239831,-0.08221225710016726,1.0,1.0,0.0
1677,2020,6.150000000000091,0.23173255748232743,1726.305,1726.878,1726.705,1728.688,1722.538,1,6.9,-0.29430894308945466,-0.3224390243902675,-0.1967479674796778,-0.2248780487804907,1.0,1.0,0.0
1678,2020,6.559999999999945,0.24801981133858664,1725.878,1721.895,1724.998,1730.258,1723.698,1,9.716666666666667,-1.274847560975629,-0.8018292682926882,-1.245884146341474,-0.7728658536585333,1.0,1.0,1.0
1679,2020,5.313000000000102,0.2038136626560864,1725.795,1737.775,1740.838,1726.948,1721.635,1,5.333333333333333,2.037831733483868,2.6143421795594968,2.0741577263315962,2.650668172407225,0.0,0.0,1.0
1680,2020,13.829999999999927,0.521167553134216,1752.318,1751.738,1755.725,1758.598,1744.768,-1,8.366666666666667,-0.503976861894437,-0.7922631959508271,-0.40874909616775484,-0.6970354302241448,1.0,1.0,0.0
1681,2020,12.742999999999938,0.48455235089453524,1751.388,1765.798,1768.165,1760.378,1747.635,-1,8.033333333333333,-1.4253315545789924,-1.6110805932668972,-1.2932590441811267,-1.4790080828690317,1.0,1.0,0.0
1682,2020,7.400000000000091,0.29666198001827293,1767.768,1773.835,1765.015,1773.498,1766.098,-1,7.7,-1.0455405405405385,0.14635135135133012,-0.7658108108108208,0.4260810810810478,1.0,1.0,0.0
1683,2020,7.772999999999911,0.31051721481278216,1763.685,1759.658,1763.065,1766.028,1758.255,1,7.6,-0.8195034092371274,-0.38119130322912637,-0.7625112569149881,-0.3241991509069871,1.0,1.0,0.0
1684,2020,6.033000000000129,0.26498879957834287,1760.638,1755.438,1767.438,1766.238,1760.205,-1,5.0,0.7901541521630571,-1.1989060169070147,0.8619260732636677,-1.1271340958064042,1.0,1.0,0.0
1685,2020,7.426999999999907,0.3247506074745881,1772.458,1772.888,1771.355,1774.905,1767.478,-1,9.083333333333334,-0.728423320317749,-0.5220142722498992,-0.6893765988959142,-0.48296755082806436,0.0,0.0,0.0
1686,2020,4.8370000000002165,0.2250500162843815,1770.475,1780.998,1782.298,1773.505,1768.668,1,7.683333333333334,1.5491006822409763,1.8178623113499068,1.6167045689476094,1.8854661980565397,1.0,1.0,0.0
1687,2020,4.147000000000162,0.20004548211037765,1783.688,1765.638,1770.398,1784.305,1780.158,1,5.483333333333333,-4.501326259946809,-3.353508560405018,-4.407282372799453,-3.259464673257662,1.0,1.0,1.0
1688,2020,4.974999999999909,0.23439024882720316,1768.825,1775.438,1776.958,1770.975,1766.0,-1,6.233333333333333,-1.8970854271357336,-2.20261306532669,-1.7453266331658597,-2.0508542713568163,1.0,1.0,0.0
1690,2020,6.9500000000000455,0.3567565585641765,1772.048,1782.188,1785.258,1776.768,1769.818,1,7.683333333333334,0.7798561151079191,1.221582733812943,0.8589928057553939,1.3007194244604179,0.0,0.0,1.0
1691,2020,4.509999999999991,0.2307562988356196,1784.375,1793.818,1795.548,1787.038,1782.528,-1,6.816666666666666,-2.5033259423503296,-2.8869179600886934,-2.333259423503311,-2.716851441241675,1.0,1.0,1.0
1692,2020,5.009999999999991,0.2505313164145514,1794.245,1811.898,1808.378,1796.458,1791.448,1,9.0,3.0818363273452807,2.3792415169660415,3.154291417165651,2.451696606786412,0.0,0.0,1.0
1693,2020,4.320000000000164,0.2112012068640475,1809.295,1805.998,1804.298,1810.188,1805.868,1,5.25,-0.9699074074073832,-1.3634259259258974,-0.955324074074027,-1.3488425925925411,1.0,1.0,1.0
1694,2020,4.839999999999918,0.23907474967010411,1801.165,1802.275,1799.655,1804.128,1799.288,-1,6.3,-0.6171487603306055,-0.07582644628098513,-0.5923553719008755,-0.05103305785125519,1.0,1.0,0.0
1695,2020,5.173000000000002,0.2590876731049239,1803.158,1807.575,1808.095,1804.758,1799.585,1,6.033333333333333,0.5445582833945498,0.6450802242412503,0.5793543398414981,0.6798762806881986,0.0,0.0,1.0
1696,2020,6.679999999999836,0.345176316003151,1797.668,1807.648,1807.978,1802.418,1795.738,-1,11.3,-1.7829341317365488,-1.8323353293413636,-1.5059880239521246,-1.5553892215569394,1.0,1.0,0.0
1697,2020,3.6699999999998454,0.19354790103365355,1808.865,1808.075,1811.668,1811.108,1807.438,-1,5.166666666666667,-0.1735694822888203,-1.1525885558583022,-0.08365122615804613,-1.0626702997275281,1.0,1.0,0.0
1698,2020,5.182999999999993,0.27420689655172376,1809.618,1808.045,1796.725,1813.138,1807.955,-1,6.5,-0.01736446073705299,2.1666988230754454,0.03858769052668694,2.2226509743391856,0.0,0.0,1.0
1699,2020,3.7770000000000437,0.2046401826660758,1798.965,1808.775,1810.718,1799.385,1795.608,1,6.566666666666666,2.486100079428115,3.000529520783678,2.548848292295491,3.063277733651054,0.0,0.0,1.0
1700,2020,4.942999999999984,0.2608462936019112,1807.655,1817.145,1817.598,1810.508,1805.565,1,7.583333333333333,1.3427068581832826,1.4343516083350074,1.3938903499898636,1.4855351001415884,0.0,0.0,1.0
1701,2020,4.417000000000144,0.23899113416246837,1819.615,1836.235,1841.635,1820.085,1815.668,1,7.2,3.6563278243149964,4.878877065881651,3.8510301109348966,5.073579352501551,0.0,0.0,1.0
1702,2020,24.480000000000018,1.3365780606514428,1856.988,1855.675,1866.495,1865.738,1841.258,0,,,,,,,,
1703,2020,12.505999999999858,0.654938297004807,1868.405,1886.268,1888.778,1876.415,1863.909,1,9.0,0.787861826323379,0.9885654885655043,0.8318407164561121,1.0325443786982373,0.0,0.0,1.0
1704,2020,8.75,0.4121415209872558,1889.768,1903.015,1901.188,1890.015,1881.265,1,5.183333333333334,1.4857142857142858,1.276914285714286,1.5139428571428653,1.3051428571428654,0.0,0.0,1.0
1705,2020,39.22000000000003,1.798369584797641,1931.748,1943.335,1935.178,1944.428,1905.208,1,11.983333333333333,-0.02786843447220994,-0.23584905660377342,-0.005940846506882894,-0.21392146863844638,0.0,0.0,0.0
1706,2020,48.172000000000025,2.0439826881811696,1943.328,1955.748,1955.518,1980.98,1932.808,-1,8.516666666666667,-0.4762102466162925,-0.4714356887818655,-0.42618118409034217,-0.42140662625591513,0.0,0.0,0.0
1707,2020,16.15000000000009,0.5983333465649454,1952.848,1956.265,1967.018,1963.928,1947.778,-1,15.233333333333333,-0.5255108359133147,-1.191331269349839,-0.404767801857585,-1.0705882352941094,0.0,1.0,0.0
1708,2020,9.913000000000011,0.34979181159201156,1964.885,1944.435,1953.835,1970.538,1960.625,-1,5.283333333333333,1.6332089175829756,0.6849591445576472,1.6839503682033659,0.7357005951780374,0.0,0.0,1.0
1709,2020,16.100000000000136,0.5477681001633143,1969.205,1972.798,1971.448,1971.458,1955.358,1,6.65,0.08322981366459048,-0.0006211180124217901,0.1652173913043515,0.08136645962733924,0.0,0.0,0.0
1710,2020,14.722999999999956,0.4847214971380718,1973.698,1973.938,1974.528,1984.278,1969.555,-1,11.233333333333333,-0.2976974801331285,-0.33777083474835096,-0.28187190110711835,-0.3219452557223408,0.0,0.0,0.0
1711,2020,6.988000000000056,0.2281700126875158,1973.855,1991.645,2004.785,1978.488,1971.5,1,8.75,1.8827990841442215,3.7631654264453083,1.9271608471665371,3.807527189467624,1.0,1.0,0.0
1712,2020,21.47700000000009,0.632403202840241,2013.055,2042.705,2039.845,2030.815,2009.338,1,7.7,0.5536154956464974,0.4204497834893111,0.5917958746566087,0.45863016249942246,0.0,0.0,1.0
1713,2020,10.192999999999984,0.28346904033070186,2042.958,2060.705,2060.618,2044.578,2034.385,1,5.983333333333333,1.5821642303541625,1.5736289610517011,1.5893260080447214,1.58079073874226,0.0,0.0,1.0
1714,2020,19.699999999999818,0.5227881021161683,2056.698,2038.835,2031.998,2072.618,2052.918,-1,5.016666666666667,0.7148730964467114,1.0619289340101659,0.8055837563451795,1.152639593908634,0.0,0.0,1.0
1715,2020,10.863000000000056,0.26684985155707286,2029.388,2036.208,2024.265,2036.078,2025.215,1,14.55,0.01196722820584631,-1.0874528215041714,0.11626622479979203,-0.9831538249102256,0.0,1.0,1.0
1716,2020,15.329999999999927,0.3747322031885916,2020.225,1949.725,1922.325,2029.935,2014.605,-1,6.15,4.232224396607985,6.019569471624293,4.258969341161155,6.046314416177462,0.0,0.0,1.0
1717,2020,55.25,1.15693653376729,1885.048,1947.475,1928.045,1927.728,1872.478,-1,5.466666666666667,-1.3574117647058794,-1.0057375565610862,-1.296289592760179,-0.9446153846153856,1.0,1.0,0.0
1718,2020,29.930000000000064,0.5807727651364483,1935.208,1947.098,1949.635,1942.538,1912.608,1,15.016666666666667,0.15235549615769917,0.23711994654193,0.18219178082191656,0.2669562312061474,0.0,0.0,0.0
1719,2020,17.407000000000153,0.3249952323861701,1948.788,1947.325,1942.895,1962.075,1944.668,-1,7.716666666666667,-0.1526397426322818,0.1018555753432467,-0.03217096570344922,0.2223243522720793,0.0,0.0,0.0
1720,2020,19.850000000000136,0.3800009298331521,1941.128,1980.638,1980.025,1949.198,1929.348,1,7.166666666666667,1.5838790931989728,1.5529974811083016,1.6218136020151013,1.59093198992443,0.0,0.0,1.0
1721,2020,15.210000000000036,0.2965287999454127,1990.785,1992.465,2003.975,1995.828,1980.618,1,6.666666666666667,-0.22110453648915504,0.5356344510190608,-0.2011834319526736,0.5555555555555423,1.0,1.0,1.0
1722,2020,16.299999999999955,0.31772153837371575,1993.955,1964.555,1946.118,2005.978,1989.678,-1,6.666666666666667,1.5412883435582894,2.6723926380368277,1.6873006134969328,2.8184049079754714,0.0,0.0,1.0
1723,2020,27.373000000000047,0.49872982160240353,1949.485,1944.608,1949.185,1952.178,1924.805,1,5.15,-0.2765498849231049,-0.10934132174040698,-0.23296679209439747,-0.06575822891169954,1.0,1.0,0.0
1724,2020,15.290000000000191,0.27800974839377823,1949.745,1944.715,1940.115,1955.765,1940.475,-1,8.233333333333333,-0.2773054283845622,0.02354480052321095,-0.20385873119685566,0.09699149771091752,0.0,0.0,1.0
1725,2020,7.62700000000018,0.13505944852011448,1931.655,1930.555,1927.725,1937.775,1930.148,1,7.583333333333333,-0.9466369476858341,-1.3176871640225443,-0.7958568244394641,-1.1669070407761741,1.0,1.0,1.0
1726,2020,11.059999999999945,0.201245894565554,1936.068,1917.875,1928.488,1937.425,1926.365,-1,9.333333333333334,0.7676311030741456,-0.19195298372514086,0.8933092224231608,-0.06627486437612576,0.0,0.0,1.0
1727,2020,7.509999999999991,0.14085959992872601,1925.538,1938.348,1946.165,1931.358,1923.848,-1,5.916666666666667,-1.930758988015981,-2.9716378162450114,-1.8854860186417939,-2.926364846870824,1.0,1.0,1.0
1728,2020,15.866999999999962,0.29296374254197793,1942.628,1919.715,1930.248,1953.945,1938.078,-1,7.25,1.15730761958783,0.49347702779353037,1.206907417911397,0.5430768261170973,1.0,1.0,0.0
1729,2020,17.690000000000055,0.32255333669353625,1940.688,1961.495,1966.855,1940.978,1923.288,1,5.4,1.1598078010175106,1.4628038439796422,1.2219898247597454,1.524985867721877,0.0,0.0,1.0
1730,2020,9.139999999999873,0.16244804480904895,1970.075,1962.895,1970.805,1976.465,1967.325,-1,6.016666666666667,0.48468271334793495,-0.38074398249453684,0.49376367614879463,-0.37166301969367715,0.0,0.0,1.0
1731,2020,24.279999999999973,0.4989351099603542,1983.975,1976.868,1965.488,1989.415,1965.135,1,6.533333333333333,-0.516762767710051,-0.9854612850082345,-0.4702224052718351,-0.9389209225700186,1.0,1.0,0.0
1732,2020,14.439999999999827,0.32436734248544324,1964.755,1943.045,1941.198,1973.118,1958.678,-1,8.483333333333333,1.0826177285318717,1.2105263157894894,1.159972299168989,1.287880886426607,0.0,0.0,1.0
1733,2020,10.757000000000062,0.24672948030479674,1945.635,1941.595,1933.248,1950.905,1940.148,-1,5.8,-0.1345170586594876,0.6414427814446243,0.024449195872447566,0.8004090359765595,0.0,0.0,1.0
1734,2020,16.164999999999964,0.3712592728692489,1936.408,1924.455,1935.798,1942.165,1926.0,1,13.5,-1.0955768635941896,-0.3938756572842546,-0.9662851840396012,-0.26458397772966613,1.0,1.0,0.0
1736,2020,9.159999999999854,0.23011730168442507,1923.655,1921.048,1931.725,1931.858,1922.698,1,7.0,-1.180131004366825,-0.014519650655026235,-1.1277292576419313,0.037882096069867414,1.0,1.0,0.0
1737,2020,8.529999999999973,0.23408755446916651,1930.085,1945.405,1949.498,1931.538,1923.008,1,6.3,1.6256740914419703,2.1055099648300226,1.7080890973036322,2.1879249706916846,1.0,1.0,0.0
1738,2020,7.230000000000018,0.1982552286339943,1946.595,1954.998,1950.218,1950.758,1943.528,-1,7.433333333333334,-1.5864453665283538,-0.9253112033195073,-1.518672199170123,-0.8575380359612766,1.0,1.0,0.0
1739,2020,12.309999999999945,0.3509193459713698,1940.488,1948.895,1940.888,1949.318,1937.008,1,14.2,-0.03436230706742516,-0.6848090982940781,0.06393176279447912,-0.5865150284321737,0.0,0.0,0.0
1740,2020,11.886999999999944,0.3536444387776775,1949.035,1958.298,1956.685,1951.615,1939.728,1,13.716666666666667,0.5622108185412656,0.42651636241271645,0.7136367460250683,0.5779422898965192,0.0,0.0,0.0
1741,2020,11.970000000000027,0.35601008674001716,1964.608,1952.755,1956.225,1966.958,1954.988,1,6.0,-1.1865497076023344,-0.8966583124477987,-1.0893901420217154,-0.7994987468671798,1.0,1.0,0.0
1742,2020,10.25,0.3244939815976867,1959.308,1964.565,1958.218,1960.048,1949.798,1,5.033333333333333,0.44068292682927346,-0.17853658536584657,0.5226341463414605,-0.09658536585365943,0.0,0.0,1.0
1743,2020,23.287000000000035,0.8168891272046667,1939.478,1944.215,1944.385,1960.865,1937.578,-1,10.5,-0.2850088031949128,-0.2923090136127456,-0.2536608408124669,-0.2609610512302997,0.0,0.0,0.0
1744,2020,9.666999999999916,0.35918967480300273,1951.855,1954.245,1951.435,1955.435,1945.768,1,9.9,-0.12309920347574893,-0.41377883521258246,-0.08823833660908999,-0.3789179683459235,1.0,1.0,0.0
1745,2020,8.590000000000146,0.3255902100931399,1953.148,1896.638,1908.368,1955.458,1946.868,-1,9.05,5.847497089639019,4.481955762514476,5.8587892898718446,4.4932479627473025,0.0,0.0,1.0
1746,2020,13.319999999999936,0.45124134927164306,1911.568,1900.518,1904.298,1919.888,1906.568,-1,7.333333333333333,0.454204204204203,0.17042042042041988,0.51576576576576,0.23198198198197695,0.0,0.0,0.0
1747,2020,12.580000000000155,0.442512562814076,1892.938,1865.498,1863.028,1905.208,1892.628,-1,5.0,2.1565977742447973,2.352941176470552,2.1812400635929823,2.3775834658187374,0.0,0.0,1.0
1748,2020,15.349999999999909,0.5129331229726702,1855.955,1860.168,1862.375,1868.798,1853.448,-1,5.933333333333334,-0.4377850162866345,-0.5815635179153068,-0.3732899022801189,-0.5170684039087912,0.0,1.0,0.0
1749,2020,8.923000000000002,0.3003950858343815,1869.008,1862.508,1864.568,1870.588,1861.665,1,5.366666666666666,-0.9055250476297126,-0.6746609884567949,-0.8663005715566532,-0.6354365123837354,1.0,1.0,0.0
1750,2020,7.413000000000011,0.2461295463600664,1861.068,1866.068,1881.568,1864.938,1857.525,-1,6.816666666666666,-1.1524349116416943,-3.2433562660191364,-0.9213543774450178,-3.01227573182246,1.0,1.0,1.0
1751,2020,7.069999999999936,0.23467266032685152,1882.828,1886.718,1896.368,1887.158,1880.088,-1,6.266666666666667,-0.9377652050919616,-2.3026874115983196,-0.909900990099017,-2.274823196605375,1.0,1.0,0.0
1752,2020,11.616999999999962,0.39228730139969825,1889.178,1891.968,1889.965,1899.235,1887.618,-1,5.133333333333334,-0.3744512352586856,-0.20203150555220692,-0.34948781957477715,-0.17706808986829844,1.0,1.0,0.0
1753,2020,8.169999999999845,0.27871524892599797,1892.318,1903.985,1909.415,1892.725,1884.555,1,5.116666666666666,1.3782129742962306,2.042839657282787,1.3705018359853245,2.035128518971881,0.0,0.0,1.0
1754,2020,14.559999999999945,0.48509540558678166,1894.425,1903.528,1903.115,1905.628,1891.068,-1,5.916666666666667,-0.8557692307692365,-0.827403846153851,-0.7108516483516447,-0.6824862637362593,1.0,1.0,0.0
1755,2020,12.47999999999979,0.41199190730181373,1892.608,1916.785,1913.788,1904.158,1891.678,-1,5.783333333333333,-2.0117788461538777,-1.771634615384637,-1.9431089743590069,-1.7029647435897663,1.0,1.0,0.0
1756,2020,6.3400000000001455,0.20545678023578448,1911.908,1911.198,1897.165,1914.428,1908.088,-1,9.416666666666666,-0.4905362776025325,1.7228706624605286,-0.35488958990535463,1.8585173501577064,1.0,1.0,0.0
1757,2020,11.319999999999936,0.3484585633779878,1882.758,1883.608,1885.475,1884.068,1872.748,1,6.183333333333334,-0.040636042402830294,0.12429328621907539,0.010600706713771337,0.17553003533567701,0.0,0.0,1.0
1758,2020,5.879999999999882,0.18219120781350262,1885.198,1885.708,1892.408,1889.098,1883.218,1,6.483333333333333,-0.5765306122448879,0.5629251700680292,-0.5697278911564586,0.5697278911564586,1.0,1.0,1.0
1759,2020,17.88000000000011,0.5495740757003634,1910.748,1926.235,1928.055,1912.788,1894.908,1,8.883333333333333,0.7520693512304143,0.8538590604026823,0.7790827740492031,0.8808724832214712,0.0,0.0,0.0
1760,2020,11.692999999999984,0.3918059232098487,1927.118,1924.305,1922.925,1933.048,1921.355,-1,10.316666666666666,-0.25228769349183694,-0.13426836568886844,-0.15222782861540882,-0.03420850081244028,0.0,0.0,0.0
1761,2020,14.8900000000001,0.5118421504932827,1911.355,1892.435,1894.448,1925.355,1910.465,-1,5.133333333333334,1.210879785090655,1.075688381464051,1.2151108126259202,1.0799194089993163,0.0,0.0,1.0
1762,2020,15.353000000000065,0.5426307272456476,1895.965,1907.068,1902.615,1897.748,1882.395,1,7.683333333333334,0.6070474825766884,0.31700644825115226,0.6710740571875099,0.3810330228619738,0.0,0.0,0.0
1763,2020,8.509999999999991,0.29920314622881933,1898.198,1899.558,1905.808,1900.288,1891.778,1,5.5,-0.0857814336075228,0.6486486486486472,-0.061927144535845385,0.6725029377203247,1.0,1.0,0.0
1764,2020,5.769999999999982,0.20461822160979098,1905.858,1902.148,1903.508,1910.588,1904.818,-1,5.4,0.4627383015598061,0.22703639514730495,0.5077989601386608,0.27209705372615967,1.0,1.0,0.0
1765,2020,5.836999999999989,0.21705166922980842,1900.945,1908.425,1902.895,1902.715,1896.878,1,5.783333333333333,0.9782422477300063,0.03083775912284804,1.053623436696912,0.10621894808975364,0.0,0.0,1.0
1766,2020,9.450000000000045,0.35345884729135263,1900.878,1908.798,1910.375,1904.068,1894.618,1,10.216666666666667,0.5005291005291,0.6674074074074059,0.547407407407405,0.7142857142857109,0.0,0.0,1.0
1767,2020,10.279999999999973,0.38606082228379857,1917.608,1927.388,1922.958,1920.345,1910.065,1,8.966666666666667,0.6851167315175011,0.25418287937743805,0.7305447470817131,0.29961089494165005,0.0,0.0,1.0
1768,2020,13.952999999999975,0.5329190208183842,1913.638,1898.995,1904.105,1924.538,1910.585,-1,13.166666666666666,0.830645739267553,0.46441625456891206,0.8922812298430494,0.5260517451444084,0.0,0.0,1.0
1769,2020,6.413000000000011,0.24295347779966694,1906.328,1897.838,1902.008,1907.648,1901.235,1,8.65,-1.529705286137522,-0.8794635895836368,-1.2443474193045383,-0.5941057227506532,1.0,1.0,1.0
1770,2020,6.09699999999998,0.23857877951908524,1897.418,1904.268,1902.238,1902.355,1896.258,-1,5.533333333333333,-1.313760865999675,-0.980810234541584,-1.1300639658848814,-0.7971133344267908,1.0,1.0,0.0
1771,2020,8.400000000000091,0.3618572879165554,1907.518,1908.418,1907.595,1910.218,1901.818,1,6.266666666666667,-0.21428571428573362,-0.312261904761907,-0.14011904761906213,-0.23809523809523553,1.0,1.0,0.0
1772,2020,6.369999999999891,0.28449293393306707,1908.098,1882.235,1876.888,1908.735,1902.365,1,5.833333333333333,-4.160125588697088,-4.999529042386268,-4.138147566719086,-4.977551020408265,1.0,1.0,0.0
1773,2020,6.803000000000111,0.2830623829761988,1881.888,1868.005,1869.118,1882.478,1875.675,1,5.116666666666666,-2.127443774805192,-1.963839482581201,-2.0436572100543238,-1.880052917830333,1.0,1.0,0.0
1774,2020,13.736999999999853,0.5898547124152278,1873.495,1879.178,1877.588,1877.995,1864.258,1,11.933333333333334,0.0861177840867899,-0.029628011938554983,0.12229744485696162,0.006551648831616737,0.0,0.0,0.0
1775,2020,12.220000000000027,0.5082696312757561,1880.378,1891.078,1894.165,1885.528,1873.308,1,7.883333333333334,0.454173486088375,0.7067921440261804,0.5673486088379687,0.8199672667757741,0.0,0.0,0.0
1776,2020,7.920000000000073,0.34617978370008107,1891.668,1907.315,1906.798,1898.508,1890.588,-1,6.116666666666666,-2.1119949494949415,-2.0467171717171575,-2.06654040404038,-2.0012626262625965,1.0,1.0,0.0
1777,2020,35.593000000000075,1.5616052849299327,1898.678,1902.215,1899.348,1916.228,1880.635,0,,,,,,,,
1778,2020,7.287000000000035,0.30424163259463544,1906.195,1945.345,1949.605,1909.645,1902.358,1,5.75,4.899135446685862,5.483738163853417,4.96363386853299,5.548236585700545,0.0,0.0,1.0
1779,2020,11.740000000000009,0.4448666834479612,1936.768,1948.398,1951.798,1947.208,1935.468,1,7.816666666666666,0.10136286201020667,0.3909710391822755,0.1118398637137882,0.40144804088585706,0.0,0.0,1.0
1780,2020,12.106999999999971,0.4547486243356427,1962.448,1860.758,1866.568,1964.605,1952.498,1,5.5,-8.577434542000514,-8.097546873709447,-8.509126951350478,-8.02923928305941,1.0,1.0,0.0
1781,2020,17.50299999999993,0.5231703385506165,1883.508,1882.238,1877.098,1884.878,1867.375,1,6.383333333333334,-0.1508312860652393,-0.4444952293892478,-0.10626749700050891,-0.39993144032451744,1.0,1.0,0.0
1782,2020,6.690000000000055,0.19925582226534005,1879.938,1862.538,1863.465,1882.978,1876.288,1,5.366666666666666,-3.0553064275037203,-2.9167414050822105,-3.020478325859449,-2.8819133034379396,1.0,1.0,0.0
1783,2020,9.519999999999982,0.28485388628499464,1869.845,1878.808,1876.828,1872.108,1862.588,1,5.45,0.7037815126050482,0.4957983193277349,0.7188025210084126,0.5108193277310993,0.0,0.0,1.0
1784,2020,7.886999999999944,0.2353881672774233,1877.168,1891.698,1886.605,1881.865,1873.978,1,12.233333333333333,1.246735133764442,0.6009889691898115,1.4066184861164106,0.7608723215417801,0.0,0.0,1.0
1785,2020,11.420000000000073,0.33440982564171445,1895.568,1889.945,1886.145,1898.928,1887.508,-1,7.3,-0.21339754816111056,0.11935201401051206,-0.18450087565673884,0.1482486865148838,0.0,0.0,1.0
1786,2020,5.572999999999865,0.15638930759115752,1888.397,1888.528,1886.725,1892.368,1886.795,-1,5.5,-0.31096357437645594,0.012560559842125498,-0.20635205454873834,0.11717207966984314,1.0,1.0,0.0
1787,2020,7.509999999999991,0.2218489806425472,1879.368,1881.665,1874.075,1883.058,1875.548,1,8.0,-0.18548601864181502,-1.1961384820239624,-0.093209054593881,-1.1038615179760285,1.0,1.0,0.0
1788,2020,6.77800000000002,0.2018351746053359,1866.778,1859.998,1865.248,1872.778,1866.0,-1,5.55,0.8855119504278453,0.1109471820595973,0.9545588669223972,0.17999409855414927,0.0,0.0,1.0
1789,2020,6.823000000000093,0.20546077140817107,1867.535,1874.345,1873.568,1867.928,1861.105,1,5.416666666666667,0.9404953832624694,0.8266158581268938,0.9698080023449908,0.855928477209415,1.0,1.0,0.0
1790,2020,5.553000000000111,0.168716795722077,1873.545,1834.555,1837.995,1875.938,1870.385,1,6.5,-7.452368089320946,-6.832883126237971,-7.284350801368492,-6.664865838285517,1.0,1.0,0.0
1791,2020,15.0,0.4404260807741431,1824.625,1805.435,1803.768,1836.188,1821.188,-1,10.483333333333333,1.0502000000000105,1.1613333333333382,1.1133333333333364,1.2244666666666641,0.0,0.0,1.0
1792,2020,10.563000000000102,0.3097537168686589,1804.588,1810.458,1806.715,1812.058,1801.495,1,8.216666666666667,-0.15147211966296445,-0.5058222095995477,-0.10763987503549491,-0.4619899649720782,0.0,0.0,0.0
1795,2020,23.203000000000202,0.9138174514316013,1769.818,1773.025,1780.925,1787.448,1764.245,0,,,,,,,,
1796,2020,10.288000000000011,0.4048367240245323,1784.138,1810.265,1813.505,1787.038,1776.75,1,5.9,2.2576788491446407,2.5726088646967407,2.28324261275272,2.59817262830482,0.0,0.0,1.0
1797,2020,6.712999999999965,0.25536088860872136,1809.408,1826.358,1829.458,1815.325,1808.612,-1,5.2,-2.643527483986289,-3.1053180396246254,-2.6381647549530953,-3.0999553105914317,1.0,1.0,0.0
1798,2020,11.019999999999982,0.414888438897538,1835.928,1831.015,1840.164,1837.158,1826.138,1,7.45,-0.5574410163339212,0.2727767695099901,-0.4721415607985466,0.35807622504536474,0.0,1.0,0.0
1799,2020,6.810000000000173,0.2581368336406452,1840.638,1831.955,1836.735,1844.688,1837.878,-1,6.0,0.8697503671071735,0.16784140969162997,0.9544787077826483,0.2525697503671048,1.0,1.0,0.0
1800,2020,4.844000000000051,0.19156575115322103,1838.848,1864.188,1859.495,1839.578,1834.734,1,5.166666666666667,5.08051197357553,4.1116845582162895,5.114161849710958,4.1453344343517164,1.0,1.0,0.0
1801,2020,10.718000000000075,0.390700387180097,1870.018,1866.455,1870.188,1871.718,1861.0,-1,11.05,-0.508956894943076,-0.8572494868445641,-0.31535734278782035,-0.6636499346893083,1.0,1.0,0.0
1802,2020,14.8900000000001,0.5516726696288957,1860.375,1848.085,1833.265,1870.428,1855.538,-1,11.666666666666666,0.5005372733378055,1.4958361316319517,0.5992612491605065,1.5945601074546527,0.0,0.0,1.0
1803,2020,8.247000000000071,0.28669262323576666,1840.078,1835.388,1835.384,1842.355,1834.108,-1,7.0,-0.15520795440765875,-0.15472292955014627,-0.05941554504668423,-0.05893052018917176,1.0,1.0,0.0
1804,2020,5.947000000000116,0.2053035982009033,1837.408,1844.418,1838.645,1840.555,1834.608,-1,5.816666666666666,-1.6495712123759465,-0.6788296620144536,-1.604170169833492,-0.6334286194719991,1.0,1.0,1.0
1805,2020,3.8700000000001182,0.14106399431370362,1835.755,1826.258,1825.235,1838.008,1834.138,-1,5.333333333333333,2.0361757105942226,2.300516795865568,2.177519379844871,2.4418604651162163,1.0,1.0,1.0
1806,2020,10.427000000000135,0.3960218224632519,1835.705,1848.318,1851.728,1835.775,1825.348,1,5.0,1.2029346887886958,1.5299702694926411,1.209648029155068,1.5366836098590133,0.0,0.0,1.0
1807,2020,7.410000000000082,0.2712710042832292,1856.798,1857.315,1861.208,1858.258,1850.848,1,6.9,-0.1272604588394026,0.39811066126855776,-0.055735492577598696,0.46963562753036164,1.0,1.0,0.0
1808,2020,6.617000000000189,0.2369482534152915,1868.255,1890.945,1884.015,1868.515,1861.898,1,5.0,3.389753664802659,2.342451261901097,3.4290463956474504,2.381743992745888,0.0,0.0,1.0
1809,2020,6.860000000000127,0.2490515347891638,1884.695,1885.965,1879.075,1885.268,1878.408,1,5.316666666666666,0.10160349854225599,-0.9027696793002724,0.1588921282798685,-0.8454810495626599,1.0,1.0,0.0
1810,2020,17.166999999999916,0.6414435669619354,1899.755,1877.498,1878.065,1899.975,1882.808,1,5.15,-1.3093143822450033,-1.2762858973612141,-1.2964990971049206,-1.2634706122211312,1.0,1.0,0.0
1811,2020,8.700000000000045,0.31559473283273654,1880.595,1861.578,1864.648,1884.238,1875.538,-1,5.733333333333333,1.604597701149421,1.2517241379310395,1.6770114942528553,1.3241379310344736,0.0,0.0,1.0
1812,2020,6.073000000000093,0.2200373707938481,1866.758,1871.478,1871.535,1867.468,1861.395,1,5.183333333333334,0.6602996871397875,0.6696854931664655,0.7162851967726116,0.7256710027992895,1.0,1.0,0.0
1814,2020,14.480000000000018,0.5297999398904971,1894.568,1880.865,1876.075,1900.098,1885.618,-1,6.366666666666666,0.32824585635358583,0.6590469613259586,0.4152624309392205,0.7460635359115932,0.0,0.0,1.0
1815,2020,7.563000000000102,0.288447864877754,1877.105,1879.078,1878.585,1882.538,1874.975,1,8.216666666666667,-0.45749041385693373,-0.5226761866983897,-0.43990479968265944,-0.5050905725241154,1.0,1.0,0.0
1816,2020,8.519999999999982,0.325245815814014,1885.318,1885.238,1889.715,1886.008,1877.488,-1,8.183333333333334,-0.9096244131455419,-1.4350938967136018,-0.900586854460096,-1.4260563380281561,1.0,1.0,0.0
1817,2020,12.910000000000082,0.5300402061039414,1888.695,1898.674,1896.718,1899.808,1886.898,-1,5.216666666666667,-0.9121611154144069,-0.7606506584043455,-0.8992254066614911,-0.7477149496514298,1.0,1.0,0.0
1818,2021,15.287000000000035,0.6386023542751447,1922.595,1942.84,1942.388,1925.145,1909.858,1,6.383333333333334,1.1575194609799109,1.1279518545169032,1.1791064303002434,1.149538823837236,0.0,0.0,1.0
1819,2021,9.736999999999853,0.37981426943469465,1939.555,1943.448,1951.195,1943.915,1934.178,1,9.083333333333334,-0.047961384409970005,0.7476635514018777,0.06192872548013501,0.8575536612919827,0.0,0.0,0.0
1820,2021,13.873000000000047,0.5439112365717891,1944.578,1909.649,1918.305,1955.178,1941.305,1,8.766666666666667,-3.2818424277373364,-2.657896633749003,-3.2088228933900327,-2.5848770994016994,1.0,1.0,0.0
1821,2021,9.940000000000055,0.3608359695068218,1917.568,1913.668,1917.068,1924.535,1914.595,1,6.633333333333334,-1.0932595573440773,-0.7512072434607704,-1.0530181086519155,-0.7109657947686085,1.0,1.0,0.0
1822,2021,10.14799999999991,0.3685605923035784,1909.215,1862.805,1846.368,1916.548,1906.4,-1,6.233333333333333,4.2959203783997255,5.915648403626397,4.373571147024086,5.993299172250759,0.0,0.0,1.0
1823,2021,32.40000000000009,1.0314529479179966,1834.035,1848.805,1846.894,1849.288,1816.888,1,7.266666666666667,-0.014907407407405737,-0.07388888888888885,0.017685185185188,-0.04129629629629512,0.0,0.0,0.0
1824,2021,10.615999999999985,0.3189609475430449,1850.615,1841.608,1854.125,1851.778,1841.162,1,5.166666666666667,-0.957987942727966,0.22108138658628326,-0.9200263752825986,0.2590429540316507,1.0,1.0,1.0
1825,2021,8.447000000000116,0.267879309563724,1859.598,1857.998,1853.465,1862.892,1854.445,-1,8.566666666666666,-0.4206227062862628,0.11601752101337809,-0.3669941991239604,0.16964602817568047,0.0,0.0,0.0
1826,2021,23.6099999999999,0.7561231702546685,1840.155,1847.665,1844.458,1852.128,1828.518,0,,,,,,,,
1827,2021,8.732999999999947,0.27498397489963045,1853.178,1829.365,1828.395,1855.498,1846.765,-1,6.333333333333333,1.9924424596358865,2.1035154013512227,2.2329096530402057,2.343982594755542,1.0,1.0,0.0
1829,2021,7.290000000000191,0.22019037427617782,1839.575,1839.202,1839.145,1843.505,1836.215,-1,5.666666666666667,-0.4097393689986285,-0.4019204389574742,-0.3956104252400465,-0.3877914951988922,1.0,1.0,0.0
1830,2021,11.473000000000184,0.3481814023762456,1849.408,1866.657,1868.075,1850.765,1839.292,1,5.266666666666667,1.3851651704000323,1.5087596966791308,1.4174147999651079,1.5410093262442064,1.0,1.0,0.0
1831,2021,5.79300000000012,0.1683057569110568,1870.858,1863.945,1869.245,1872.585,1866.792,1,5.4,-1.4914552045572107,-0.5765579147246809,-1.403935784567559,-0.48903849473502936,1.0,1.0,0.0
1832,2021,10.102999999999838,0.2927890536861997,1863.855,1855.838,1855.555,1869.831,1859.728,-1,6.183333333333334,0.38503414827280635,0.41304563001089467,0.3976046718796513,0.42561615361773963,0.0,0.0,1.0
1833,2021,7.259999999999991,0.21711268327694028,1854.315,1851.772,1854.858,1859.895,1852.635,-1,5.666666666666667,0.11887052341598588,-0.3061983471074324,0.2455922865013955,-0.17947658402202277,1.0,1.0,0.0
1834,2021,8.576999999999998,0.25551391965476966,1856.335,1852.935,1851.575,1861.635,1853.058,-1,7.533333333333333,0.014340678558942208,0.17290427888538504,0.0909408884225222,0.24950448874896503,0.0,0.0,0.0
1835,2021,8.076999999999998,0.266169845163052,1847.317,1848.825,1841.505,1851.345,1843.268,1,8.033333333333333,-0.31199702859972545,-1.218274111675117,-0.1275225950229012,-1.0337996780982928,1.0,1.0,0.0
1836,2021,6.4529999999999745,0.21212519664702087,1837.045,1857.369,1843.698,1840.378,1833.925,1,8.233333333333333,2.633038896637231,0.5144893847822992,2.7198202386486905,0.6012707267937586,0.0,0.0,1.0
1837,2021,5.747000000000071,0.21901080654381433,1842.708,1858.365,1849.915,1845.165,1839.418,1,5.416666666666667,2.296850530711655,0.8265181834000246,2.3478336523403116,0.8775013050286812,0.0,0.0,1.0
1838,2021,14.873000000000047,0.5704462270147086,1860.267,1860.035,1859.34,1863.765,1848.892,1,6.233333333333333,-0.2507900221878576,-0.29751899415048527,-0.15800443757143157,-0.20473340953405925,0.0,0.0,0.0
1839,2021,11.349999999999909,0.43843674811822325,1853.985,1833.017,1836.637,1863.975,1852.625,-1,7.2,1.7275770925110223,1.4086343612334964,1.899383259911909,1.5804405286343828,0.0,0.0,1.0
1840,2021,8.38000000000011,0.31202293629221894,1840.458,1833.505,1833.055,1844.785,1836.405,-1,7.766666666666667,0.3460620525059458,0.39976133651549706,0.3890214797135977,0.44272076372314895,0.0,0.0,0.0
1841,2021,13.636999999999944,0.5266107833320907,1822.215,1786.465,1795.029,1834.635,1820.998,-1,5.033333333333333,2.5323018259148107,1.904304465791608,2.552980860893173,1.9249835007699703,0.0,0.0,1.0
1842,2021,5.730000000000018,0.2118439294909893,1795.174,1805.838,1809.925,1797.635,1791.905,1,5.566666666666666,1.431588132635244,2.14485165794065,1.4701570680628187,2.1834205933682247,0.0,0.0,1.0
1843,2021,10.491999999999962,0.39556308386676214,1810.635,1836.548,1832.085,1818.805,1808.313,-1,8.85,-2.6910979794128864,-2.265726267632484,-2.6748951582157985,-2.249523446435396,1.0,1.0,0.0
1844,2021,13.329999999999927,0.4783043288822797,1841.105,1839.275,1837.395,1843.138,1829.808,1,7.85,-0.2897974493623293,-0.430832708177042,-0.26931732933232844,-0.41035258814704106,0.0,0.0,0.0
1845,2021,11.225000000000136,0.4259315473931904,1843.815,1841.044,1842.976,1845.14,1833.915,1,5.633333333333334,-0.36489977728284667,-0.19278396436525264,-0.3323830734966547,-0.16026726057906068,0.0,0.0,0.0
1846,2021,8.13000000000011,0.30474793099663317,1835.632,1838.475,1824.405,1842.025,1833.895,1,6.883333333333334,-0.43665436654368195,-2.1672816728167135,-0.3394833948339427,-2.0701107011069744,0.0,1.0,0.0
1847,2021,8.720000000000027,0.33241842025007723,1822.392,1828.118,1819.165,1827.848,1819.128,-1,6.983333333333333,-1.0309633027522913,-0.004243119266058996,-0.9544724770642018,0.07224770642203064,1.0,1.0,1.0
1849,2021,8.38000000000011,0.3219088437128762,1824.375,1813.524,1795.155,1826.375,1817.995,-1,11.833333333333334,0.5335322195703992,2.72553699284005,0.6051312649164766,2.7971360381861277,0.0,0.0,1.0
1850,2021,8.560000000000173,0.31342764408806084,1792.825,1773.595,1771.815,1795.015,1786.455,-1,8.05,1.5023364485980888,1.7102803738317263,1.8200934579438799,2.0280373831775176,0.0,0.0,1.0
1851,2021,8.69600000000014,0.32210815959361255,1782.625,1778.236,1775.265,1785.611,1776.915,1,8.75,-0.848091076356932,-1.1897424103035692,-0.6174103035878367,-0.9590616375344737,1.0,1.0,0.0
1852,2021,12.315000000000055,0.474937743790909,1767.735,1785.766,1780.076,1772.755,1760.44,1,5.85,1.0565164433617467,0.5944782785221178,1.0670726755988647,0.6050345107592358,0.0,0.0,1.0
1853,2021,9.009999999999991,0.3414791292742412,1784.695,1808.855,1808.005,1789.555,1780.545,1,5.866666666666666,2.142064372918976,2.0477247502774767,2.1664816870144286,2.072142064372929,0.0,0.0,1.0
1854,2021,9.809999999999945,0.37450405617287913,1812.545,1806.835,1803.575,1815.875,1806.065,-1,9.35,-0.0784913353720679,0.2538226299694213,0.10601427115188271,0.43832823649337194,0.0,0.0,1.0
1855,2021,8.72999999999979,0.3287622593192265,1809.115,1794.885,1797.155,1813.745,1805.015,-1,7.8,1.1603665521191697,0.9003436426117201,1.189003436426158,0.9289805269187081,0.0,0.0,1.0
1856,2021,10.279999999999973,0.40850271493084106,1797.865,1775.545,1773.095,1804.105,1793.825,-1,6.8,1.7782101167315196,2.016536964980552,1.8397859922179047,2.078112840466937,0.0,0.0,1.0
1857,2021,10.604000000000042,0.4034382583694105,1767.825,1729.905,1727.095,1775.605,1765.001,-1,5.516666666666667,3.309694454922658,3.574688796680479,3.364107883817414,3.6291022255752354,0.0,0.0,1.0
1858,2021,14.360000000000127,0.5087443600080009,1749.765,1738.735,1724.365,1751.545,1737.185,1,5.5,-0.8920612813370514,-1.8927576601671185,-0.8022284122562748,-1.802924791086342,1.0,1.0,0.0
1859,2021,21.309999999999945,0.7159638778296924,1713.306,1725.27,1734.666,1728.376,1707.066,1,10.5,-0.14575316752698275,0.2951665884561229,-0.08287189113092824,0.35804786485217743,0.0,0.0,0.0
1860,2021,7.471000000000004,0.2439453307211496,1735.135,1715.813,1715.634,1737.366,1729.895,-1,8.183333333333334,1.8848882345067426,1.9088475438361612,1.950475170659869,1.974434479989288,0.0,0.0,1.0
1861,2021,10.04099999999994,0.32099357437421905,1714.935,1718.625,1699.015,1716.605,1706.564,1,5.6,0.2011751817548047,-1.7518175480529852,0.2311522756697467,-1.721840454138043,1.0,1.0,0.0
1862,2021,8.441000000000031,0.26228249289772837,1691.995,1696.938,1699.005,1695.635,1687.194,1,5.65,0.15436559649331905,0.39924179599574766,0.1777040634995847,0.4225802630020133,1.0,1.0,0.0
1863,2021,9.903999999999996,0.3013992231127225,1707.655,1681.588,1684.995,1714.168,1704.264,-1,6.933333333333334,2.289579967689816,1.9455775444264956,2.3222940226171254,1.9782915993538046,0.0,0.0,1.0
1864,2021,11.420000000000073,0.3492797252600832,1687.475,1713.015,1717.008,1691.434,1680.014,1,6.533333333333333,1.8897548161120834,2.2394045534150533,1.9536777583187397,2.3033274956217094,0.0,0.0,1.0
1865,2021,8.721000000000004,0.2583453237410073,1712.974,1718.985,1723.865,1719.475,1710.754,-1,6.033333333333333,-0.9438137828230697,-1.5033826396055612,-0.9181286549707409,-1.4776975117532323,1.0,1.0,0.0
1866,2021,11.374000000000024,0.3385378132680229,1732.118,1725.374,1724.658,1734.508,1723.134,1,5.55,-0.8030596096360115,-0.8660101986987969,-0.7430103745384213,-0.8059609636012066,1.0,1.0,0.0
1867,2021,11.151000000000067,0.3393642436508078,1718.808,1707.108,1722.395,1727.895,1716.744,-1,5.866666666666666,0.8641377454936695,-0.5067706932113741,0.8938211819567786,-0.47708725674826513,0.0,0.0,1.0
1868,2021,9.160000000000082,0.27993337830079995,1726.625,1727.048,1730.824,1733.938,1724.778,-1,5.166666666666667,-0.24781659388645869,-0.6600436681222702,-0.20895196506549893,-0.6211790393013105,1.0,1.0,0.0
1869,2021,5.490000000000009,0.1706017228865123,1734.075,1728.732,1732.447,1734.894,1729.404,1,5.4,-1.1224043715847039,-0.44571948998180555,-1.1098360655737822,-0.43315118397088387,1.0,1.0,0.0
1870,2021,7.951999999999998,0.2557759111878988,1736.717,1727.175,1745.055,1737.487,1729.535,1,6.516666666666667,-1.2967806841046439,0.9517102615694146,-1.293888329979878,0.9546026156941806,1.0,1.0,0.0
1871,2021,8.002999999999929,0.2642755549475282,1749.858,1730.488,1734.649,1755.408,1747.405,-1,7.366666666666666,2.1138323128826775,1.5939022866425339,2.23041359490192,1.7104835686617768,0.0,0.0,1.0
1872,2021,7.352999999999838,0.2562422679514157,1733.958,1739.858,1742.498,1735.744,1728.391,1,6.1,0.5594995240038247,0.9185366517068246,0.629674962600297,0.9887120903032969,0.0,0.0,1.0
1873,2021,10.549999999999955,0.38899745584602224,1742.468,1738.208,1739.398,1742.988,1732.438,-1,6.233333333333333,-0.5469194312796215,-0.6597156398104113,-0.5175355450237024,-0.6303317535544921,0.0,0.0,0.0
1874,2021,9.5,0.3654508784559843,1735.689,1730.168,1727.108,1740.418,1730.918,1,10.133333333333333,-1.0789473684210527,-1.4010526315789416,-1.0186315789473825,-1.3407368421052717,1.0,1.0,0.0
1875,2021,10.684999999999945,0.43213496454002986,1733.375,1733.608,1732.955,1734.309,1723.624,1,9.683333333333334,-0.06560598970519657,-0.12671970051474485,-0.0306036499766027,-0.09171736078615098,0.0,0.0,0.0
1876,2021,7.211000000000013,0.30777438699076054,1735.555,1730.745,1726.665,1739.049,1731.838,-1,7.216666666666667,0.15157398419082965,0.7173762307585623,0.20011094161700296,0.7659131881847356,1.0,1.0,0.0
1877,2021,6.586999999999989,0.2783679112294398,1726.248,1733.935,1731.675,1729.745,1723.158,1,9.65,0.6361014118718782,0.29300136632762513,0.664490663427958,0.3213906178837051,1.0,1.0,0.0
1878,2021,6.509999999999991,0.2949905974579155,1729.305,1710.808,1710.558,1732.788,1726.278,-1,6.5,2.376344086021513,2.4147465437788096,2.544854070660527,2.5832565284178233,0.0,0.0,1.0
1879,2021,9.712999999999965,0.459982951316537,1707.298,1684.215,1681.608,1714.318,1704.605,-1,6.716666666666667,2.0992484299392746,2.3676516009472,2.1273550911150094,2.3957582621229347,0.0,0.0,1.0
1880,2021,8.527000000000044,0.38210986562874394,1679.325,1703.818,1707.715,1686.315,1677.788,1,7.533333333333333,2.052656268324128,2.5096751495250094,2.063210976896914,2.520229858097795,0.0,0.0,1.0
1881,2021,8.400000000000091,0.3571558730274473,1712.718,1728.565,1726.568,1714.038,1705.638,1,6.633333333333334,1.7294047619047483,1.4916666666666474,1.8258333333333123,1.5880952380952111,0.0,0.0,1.0
1882,2021,5.5,0.23764331898214633,1724.845,1728.858,1725.788,1729.775,1724.275,-1,5.1,-0.8332727272727012,-0.27509090909089456,-0.7896363636363358,-0.23145454545452926,1.0,1.0,0.0
1883,2021,8.230000000000018,0.3562208804424792,1733.348,1743.438,1743.305,1735.338,1727.108,1,5.883333333333334,0.9842041312272319,0.9680437424058421,0.9904009720534689,0.9742405832320792,0.0,0.0,1.0
1884,2021,8.015999999999849,0.34358352621330046,1738.145,1741.026,1739.038,1743.764,1735.748,-1,12.166666666666666,-0.6584331337325499,-0.4104291417165701,-0.40269461077845886,-0.1546906187624791,0.0,0.0,0.0
1885,2021,6.670000000000073,0.2989173927796343,1738.528,1756.248,1754.875,1739.728,1733.058,1,5.683333333333334,2.476761619190375,2.270914542728601,2.5071964017990664,2.3013493253372928,0.0,0.0,1.0
1886,2021,5.910000000000082,0.2743295933794898,1753.068,1744.938,1743.068,1757.238,1751.328,-1,6.166666666666667,1.0812182741116385,1.397631133671722,1.1150592216581772,1.4314720812182604,0.0,0.0,1.0
1887,2021,6.650000000000091,0.3007776280889514,1738.565,1733.945,1730.295,1743.308,1736.658,-1,6.466666666666667,0.4079699248120193,0.9568421052631191,0.4154887218045277,0.9643609022556275,1.0,1.0,0.0
1888,2021,8.323000000000093,0.37644694715553906,1731.665,1742.925,1745.118,1736.278,1727.955,-1,6.5,-1.7986303015739349,-2.062117025111116,-1.679682806680267,-1.9431695302174483,1.0,1.0,0.0
1889,2021,5.759999999999991,0.25431987410156937,1743.808,1737.015,1736.158,1749.218,1743.458,-1,5.016666666666667,1.1185763888888878,1.2673611111111447,1.1527777777777575,1.3015625000000144,0.0,0.0,1.0
1890,2021,6.119999999999891,0.26850517079284963,1738.338,1764.648,1766.868,1740.368,1734.248,1,6.016666666666667,3.967320261437975,4.330065359477201,4.00326797385628,4.366013071895507,0.0,0.0,1.0
1891,2021,6.407000000000153,0.27133687057215533,1763.115,1779.298,1777.988,1766.025,1759.618,1,6.716666666666667,2.0716403933197434,1.867176525674993,2.1944747931948823,1.990010925550132,0.0,0.0,1.0
1892,2021,10.436999999999898,0.4303182372378156,1777.178,1775.755,1771.351,1783.455,1773.018,1,8.716666666666667,-0.73775989268946,-1.15972022611861,-0.6556481747628546,-1.0776085081920048,1.0,1.0,0.0
1893,2021,10.089999999999918,0.4206946256157296,1773.198,1775.498,1777.755,1775.578,1765.488,-1,9.466666666666667,-0.9920713577799873,-1.2157581764123044,-0.7839444995044743,-1.0076313181367915,1.0,1.0,0.0
1894,2021,8.440000000000055,0.37288210475159755,1781.945,1791.078,1793.068,1784.608,1776.168,1,6.716666666666667,0.7665876777251167,1.0023696682464434,0.7870853080568704,1.022867298578197,0.0,0.0,1.0
1895,2021,5.370000000000118,0.24995594684363773,1793.348,1784.858,1782.557,1797.748,1792.378,-1,5.316666666666666,1.4003724394785506,1.82886405959026,1.416573556796984,1.8450651769086934,0.0,0.0,1.0
1896,2021,6.7970000000000255,0.32108271529122795,1785.978,1774.058,1776.625,1789.595,1782.798,-1,6.533333333333333,1.28586140944534,0.9081947918199175,1.375165514197432,0.9974988965720093,1.0,1.0,0.0
1897,2021,9.059999999999945,0.4090834325080032,1780.978,1777.598,1779.622,1782.798,1773.738,1,6.533333333333333,-0.5739514348785957,-0.35055187637968543,-0.5584988962472379,-0.33509933774832773,1.0,1.0,0.0
1898,2021,10.363000000000056,0.4731346204017758,1779.758,1780.975,1776.665,1783.978,1773.615,1,13.333333333333334,-0.2897809514619454,-0.7056836823313772,-0.1923188265946304,-0.6082215574640623,0.0,0.0,0.0
1899,2021,9.849999999999909,0.4517800921906531,1771.758,1771.868,1781.518,1776.175,1766.325,-1,8.1,-0.5627411167512634,-1.5424365482233628,-0.4926903553299374,-1.472385786802037,0.0,1.0,0.0
1900,2021,7.5470000000000255,0.3519000832639471,1784.488,1768.548,1773.258,1789.875,1782.328,-1,7.183333333333334,1.8258910825493475,1.2018020405458998,1.84404399098978,1.2199549489863322,0.0,0.0,1.0
1901,2021,8.309999999999945,0.3776941631740044,1766.198,1770.328,1768.388,1773.588,1765.278,-1,15.083333333333334,-0.6077015643802632,-0.3742478941034802,-0.49578820697953285,-0.26233453670274975,0.0,0.0,0.0
1902,2021,8.343000000000075,0.38948670665951135,1774.748,1794.285,1792.078,1775.578,1767.235,1,7.35,2.242239002756795,1.9777058612009892,2.275800071916566,2.0112669303607604,0.0,0.0,1.0
1903,2021,4.363000000000056,0.20020321206162148,1789.635,1794.628,1777.607,1793.078,1788.715,-1,5.45,-1.3552601421040418,2.5459546183818023,-1.3156085262433956,2.5856062342424484,1.0,1.0,1.0
1904,2021,6.580000000000155,0.2909417074349378,1782.615,1782.855,1784.438,1783.238,1776.658,-1,7.383333333333334,-0.9417933130699043,-1.1823708206686956,-0.9022796352583565,-1.142857142857148,1.0,1.0,0.0
1905,2021,8.187000000000126,0.3833762584874792,1789.668,1815.458,1813.878,1790.065,1781.878,1,6.283333333333333,3.101624526688609,2.9086356418711996,3.1659948699156804,2.973005985098271,0.0,0.0,1.0
1906,2021,9.409999999999854,0.42372390724003034,1820.418,1832.118,1830.675,1822.158,1812.748,1,9.616666666666667,1.058448459086099,0.9051009564293501,1.0800212539851402,0.9266737513283912,0.0,0.0,1.0
1907,2021,6.815000000000055,0.3000342770529305,1832.468,1839.398,1835.975,1836.815,1830.0,1,6.55,0.3790168745414286,-0.12325752017610253,0.5025678650036577,0.000293470286126587,0.0,0.0,1.0
1908,2021,7.079999999999927,0.31320504313204695,1834.555,1829.468,1835.498,1838.338,1831.258,1,10.783333333333333,-1.2528248587570596,-0.40112994350281744,-1.2161016949152526,-0.3644067796610104,1.0,1.0,0.0
1909,2021,11.182999999999993,0.49086229005527393,1826.938,1826.966,1820.758,1837.098,1825.915,-1,13.5,-0.09398193686845493,0.46114638290261367,0.5400160958598067,1.0951444156308754,1.0,1.0,0.0
1910,2021,9.759999999999991,0.41533682284352474,1817.226,1823.908,1825.375,1822.915,1813.155,-1,9.833333333333334,-1.1017418032786823,-1.2520491803278728,-0.9880122950819478,-1.1383196721311384,1.0,1.0,0.0
1911,2021,6.86200000000008,0.2974103369812579,1822.305,1837.925,1841.605,1826.428,1819.566,1,6.95,1.6754590498396544,2.2117458466918873,1.7123287671232676,2.2486155639755006,0.0,0.0,1.0
1912,2021,9.519999999999982,0.39843591184665134,1851.258,1864.478,1866.815,1852.978,1843.458,1,5.75,1.2079831932773133,1.4534663865546236,1.231407563025208,1.4768907563025182,0.0,0.0,1.0
1913,2021,8.567000000000007,0.34428831828685463,1868.058,1866.824,1868.798,1873.755,1865.188,-1,12.483333333333333,-0.1909653320882416,-0.42138438193065214,-0.03957044472979676,-0.2699894945722073,1.0,1.0,0.0
1914,2021,7.0470000000000255,0.29052263330859857,1868.585,1883.695,1863.139,1871.445,1864.398,1,6.933333333333334,1.738328366680851,-1.1786575847878544,1.7979281963956009,-1.1190577550731042,1.0,1.0,0.0
1915,2021,13.75,0.560133617328352,1875.678,1877.855,1874.405,1877.485,1863.735,1,6.5,0.026909090909099508,-0.2239999999999947,0.07854545454544926,-0.17236363636364496,0.0,0.0,0.0
1916,2021,6.273000000000138,0.2479369641259078,1874.358,1873.948,1879.255,1876.518,1870.245,1,5.55,-0.40969233221742063,0.4363143631436346,-0.35389765662358535,0.49210903873746986,1.0,1.0,1.0
1917,2021,7.199999999999818,0.2939821160879306,1883.395,1884.658,1883.088,1886.878,1879.678,-1,9.566666666666666,-0.6916666666666551,-0.4736111111111029,-0.6222222222222089,-0.4041666666666567,0.0,0.0,0.0
1918,2021,8.213999999999942,0.3522535823903817,1879.134,1890.468,1899.328,1880.828,1872.614,1,7.616666666666666,1.173606038470924,2.2522522522522683,1.2324080837594495,2.311054297540794,0.0,0.0,1.0
1919,2021,10.789999999999964,0.4491261870358134,1905.248,1899.895,1895.778,1907.638,1896.848,1,8.733333333333333,-0.7176088971269661,-1.0991658943466116,-0.6777571825764714,-1.059314179796117,0.0,1.0,0.0
1920,2021,5.6099999999999,0.24366181452663307,1896.504,1889.488,1897.635,1897.618,1892.008,1,5.333333333333333,-1.4491978609625715,0.003030303030312487,-1.3868092691622302,0.0654188948306539,1.0,1.0,1.0
1921,2021,5.559999999999945,0.2533895408453891,1893.615,1894.778,1901.388,1898.398,1892.838,-1,5.833333333333333,-0.3489208633093658,-1.5377697841726687,-0.30035971223023183,-1.4892086330935348,1.0,1.0,1.0
1923,2021,8.326999999999998,0.38825813714160157,1911.388,1894.905,1900.758,1914.385,1906.058,1,7.3,-2.3393779272246933,-1.6364837276329958,-2.2985468956406994,-1.5956526960490018,1.0,1.0,0.0
1924,2021,6.1099999999999,0.2909266527449912,1897.865,1901.448,1907.708,1902.145,1896.035,-1,5.5,-0.8859247135843044,-1.910474631751259,-0.8445171849427441,-1.8690671031096988,1.0,1.0,0.0
1925,2021,5.472999999999956,0.26536308979580386,1904.878,1870.968,1872.283,1909.498,1904.025,-1,5.3,6.040014617211818,5.799744198794161,6.071624337657644,5.831353919239986,0.0,0.0,1.0
1926,2021,16.712999999999965,0.7627203176289958,1869.998,1893.778,1891.465,1872.028,1855.315,1,7.733333333333333,1.3013821576018696,1.1629868964279266,1.340274038173885,1.201878776999942,0.0,0.0,1.0
1927,2021,6.880000000000109,0.2992642672499555,1887.208,1891.878,1898.768,1891.768,1884.888,-1,6.216666666666667,-1.0159883720930085,-2.0174418604651003,-0.9898255813953252,-1.991279069767417,1.0,1.0,0.0
1928,2021,7.75,0.3300721595541443,1895.858,1894.608,1893.248,1903.238,1895.488,-1,5.283333333333333,0.11354838709678827,0.2890322580645173,0.13806451612905338,0.3135483870967824,1.0,1.0,0.0
1929,2021,4.893000000000029,0.22036357319556593,1894.358,1890.955,1890.688,1896.238,1891.345,-1,7.183333333333334,0.07970570202331856,0.13427345187000236,0.1825056202738655,0.23707337012054927,1.0,1.0,0.0
1930,2021,5.100000000000136,0.23602057411840033,1887.144,1888.694,1895.908,1889.238,1884.138,-1,6.7,-0.8933333333333173,-2.3078431372548365,-0.7854901960783826,-2.199999999999902,1.0,1.0,1.0
1931,2021,3.589999999999918,0.16038241601143322,1899.0,1883.568,1877.098,1900.818,1897.228,1,7.1,-4.805013927576711,-6.607242339833027,-4.651810584958336,-6.454038997214652,1.0,1.0,0.0
1932,2021,12.490000000000009,0.5296765477423776,1865.298,1866.048,1864.548,1875.598,1863.108,-1,5.016666666666667,-0.235388310648523,-0.1152922337870339,-0.09527622097678573,0.02481985588470338,0.0,0.0,1.0
1933,2021,9.25,0.3863457361750877,1863.388,1859.698,1857.388,1867.798,1858.548,1,7.066666666666666,-0.8756756756756658,-1.1254054054054143,-0.8021621621621454,-1.0518918918918938,1.0,1.0,0.0
1934,2021,6.7999999999999545,0.28785505651271875,1857.775,1856.358,1834.918,1859.848,1853.048,1,5.65,-0.5132352941176518,-3.6661764705882693,-0.48779411764706315,-3.6407352941176807,1.0,1.0,0.0
1935,2021,10.910000000000082,0.4072067652735892,1822.098,1778.518,1778.008,1825.228,1814.318,-1,7.133333333333334,3.2813932172318685,3.32813932172316,3.347387717690166,3.3941338221814568,0.0,0.0,1.0
1936,2021,12.670000000000073,0.43313171960960256,1785.768,1777.778,1770.648,1786.298,1773.628,1,5.266666666666667,-0.6724546172059931,-1.2352012628255724,-0.6006314127860976,-1.1633780584056768,1.0,1.0,0.0
1937,2021,9.242999999999938,0.2959221009687048,1774.448,1782.528,1783.648,1776.768,1767.525,-1,6.516666666666667,-1.6231742940603733,-1.7443470734609896,-1.510656713188365,-1.6318294925889816,1.0,1.0,0.0
1938,2021,7.226999999999862,0.23125659978880228,1788.898,1779.738,1780.078,1789.995,1782.768,-1,6.366666666666666,0.4192611041926153,0.3722153037221677,0.4275633042756299,0.38051750380518234,0.0,0.0,1.0
1939,2021,6.7000000000000455,0.21292002333494647,1781.578,1789.738,1778.708,1783.778,1777.078,1,9.266666666666667,0.8895522388059696,-0.7567164179104331,1.0526865671641885,-0.5935820895522141,0.0,0.0,1.0
1940,2021,5.789999999999964,0.1939893456628796,1775.798,1778.398,1776.458,1779.908,1774.118,-1,5.5,-0.7392055267702935,-0.40414507772023495,-0.6217616580310763,-0.28670120898101764,1.0,1.0,0.0
1941,2021,5.970000000000027,0.21313544734728337,1777.618,1781.878,1778.038,1779.558,1773.588,1,6.783333333333333,0.38860971524286864,-0.25460636515912477,0.4455611390284493,-0.1976549413735441,0.0,0.0,1.0
1942,2021,12.190000000000055,0.43734079575216384,1779.138,1777.708,1778.838,1782.708,1770.518,1,6.266666666666667,-0.410172272354387,-0.3174733388023052,-0.3806398687448607,-0.2879409351927789,0.0,0.0,0.0
1943,2021,4.279999999999973,0.1554941975129224,1775.028,1754.468,1763.748,1778.248,1773.968,-1,5.316666666666666,4.556074766355169,2.3878504672897414,4.602803738317744,2.4345794392523157,1.0,1.0,0.0
1944,2021,5.630000000000109,0.19606867627524635,1760.988,1765.458,1769.248,1764.538,1758.908,-1,5.733333333333333,-1.1634103019538287,-1.8365896980461713,-1.1150976909413675,-1.7882770870337101,1.0,1.0,1.0
1945,2021,10.519999999999982,0.3747945093927655,1775.855,1774.078,1774.668,1776.048,1765.528,1,5.033333333333333,-0.18726235741445157,-0.13117870722434521,-0.16920152091254523,-0.11311787072243884,0.0,0.0,0.0
1946,2021,4.7999999999999545,0.17612739881847728,1778.738,1782.718,1789.752,1779.668,1774.868,-1,8.2,-1.6354166666667105,-3.1008333333333655,-1.60208333333336,-3.067500000000015,1.0,1.0,0.0
1948,2021,8.970000000000027,0.3459580376427042,1797.418,1804.488,1796.545,1799.678,1790.708,1,5.016666666666667,0.5362318840579633,-0.34927536231884376,0.587848383500571,-0.29765886287623605,0.0,1.0,1.0
1949,2021,9.051999999999907,0.38599868417846106,1800.878,1805.498,1803.888,1802.798,1793.746,1,7.55,0.29827662395051624,0.1204153778170492,0.32070260715864446,0.14284136102517742,0.0,0.0,0.0
1950,2021,9.139999999999873,0.4472343191874519,1797.338,1801.438,1800.138,1805.408,1796.268,-1,5.6,-0.5656455142232106,-0.42341356673960007,-0.543763676148807,-0.40153172866519654,1.0,1.0,0.0
1951,2021,8.429999999999836,0.4308399956193114,1805.118,1808.275,1812.008,1807.648,1799.218,-1,7.416666666666667,-1.074377224199311,-1.5172004744958734,-0.9913404507710986,-1.4341637010676607,1.0,1.0,0.0
1952,2021,8.5,0.44868411130382396,1802.878,1805.188,1806.368,1810.708,1802.208,-1,5.233333333333333,-0.3505882352941198,-0.4894117647058652,-0.3094117647058952,-0.4482352941176406,0.0,0.0,1.0
1953,2021,6.339999999999918,0.3327011162504738,1809.338,1812.718,1807.288,1812.598,1806.258,-1,6.933333333333334,-1.0189274447949717,-0.16246056782334165,-0.9400630914826678,-0.08359621451103778,1.0,1.0,0.0
1954,2021,8.96699999999987,0.4760474614063163,1812.488,1820.448,1825.078,1813.415,1804.448,1,5.266666666666667,0.7843202854912714,1.3006579681052948,0.8118657298985508,1.3282034125125743,0.0,0.0,1.0
1955,2021,5.467000000000098,0.2794693813465613,1825.448,1821.018,1828.666,1829.025,1823.558,1,6.783333333333333,-1.4646058167184777,-0.06566672763858505,-1.4207060545088555,-0.021766965428962823,1.0,1.0,0.0
1956,2021,6.420000000000073,0.3316176877525082,1827.338,1812.568,1813.198,1831.948,1825.528,-1,6.233333333333333,2.0186915887850296,1.9205607476635183,2.0233644859812867,1.9252336448597758,0.0,0.0,1.0
1957,2021,6.160000000000082,0.3091981428033672,1812.968,1811.228,1807.428,1817.178,1811.018,-1,6.7,-0.03409090909091454,0.5827922077921868,0.025974025974002005,0.6428571428571033,0.0,0.0,1.0
1958,2021,8.38000000000011,0.4299042132958155,1817.238,1809.448,1808.968,1819.038,1810.658,1,13.016666666666667,-1.1443914081145339,-1.201670644391385,-1.0680190930787232,-1.1252983293555745,1.0,1.0,0.0
1959,2021,4.740000000000009,0.24415190693088298,1808.478,1800.568,1804.198,1809.748,1805.008,1,7.033333333333333,-1.9367088607595033,-1.1708860759493553,-1.7046413502109519,-0.9388185654008037,1.0,1.0,0.0
1960,2021,6.519999999999982,0.3335062733377657,1798.428,1803.508,1806.728,1803.738,1797.218,-1,5.816666666666666,-0.9647239263803652,-1.4585889570552173,-0.9035276073619775,-1.3973926380368296,1.0,1.0,0.0
1961,2021,6.290000000000191,0.32835175324773186,1802.988,1798.208,1801.708,1808.448,1802.158,-1,6.983333333333333,0.6279809220985212,0.07154213036562869,0.6406995230524405,0.08426073131954795,1.0,1.0,0.0
1962,2021,8.910000000000082,0.4483679535888527,1806.558,1801.548,1797.068,1807.188,1798.278,1,6.5,-0.6329966329966384,-1.1358024691358053,-0.6172839506172783,-1.1200897867564452,1.0,1.0,0.0
1963,2021,5.2029999999999745,0.2714622184458045,1799.208,1797.438,1799.858,1799.768,1794.565,-1,6.8,-0.5521814337882109,-1.017297712857951,-0.49778973669040133,-0.9629060157601413,1.0,1.0,0.0
1964,2021,9.410000000000082,0.49890176475043957,1806.138,1800.098,1802.148,1807.308,1797.898,-1,12.3,-0.23379383634431736,-0.4516471838469674,-0.18916046758766814,-0.40701381509031814,0.0,0.0,0.0
1965,2021,9.169999999999845,0.49904955898758674,1814.908,1827.738,1831.198,1817.408,1808.238,1,6.5,1.1264994547437654,1.503816793893176,1.2195201744820263,1.5968375136314368,0.0,0.0,1.0
1966,2021,4.430000000000064,0.233279796585437,1828.448,1822.618,1811.888,1831.058,1826.628,-1,6.266666666666667,0.9051918735891498,3.327313769751647,0.9909706546275479,3.4130925507900454,1.0,1.0,0.0
1967,2021,8.410000000000082,0.43992258199508694,1811.976,1814.638,1816.268,1816.758,1808.348,-1,7.416666666666667,-0.7479191438763261,-0.9417360285374549,-0.686087990487506,-0.8799048751486348,0.0,1.0,0.0
1968,2021,4.5470000000000255,0.24216993513780952,1810.705,1811.328,1809.898,1813.855,1809.308,-1,7.366666666666666,-0.4442489553551727,-0.12975588299976135,-0.3562788651858108,-0.04178579283039941,1.0,1.0,0.0
1969,2021,5.8530000000000655,0.3337419814682859,1813.008,1811.568,1811.108,1814.698,1808.845,1,8.283333333333333,-0.5347684947890098,-0.6133606697420306,-0.3997949769348867,-0.4783871518879076,0.0,1.0,1.0
1970,2021,3.4700000000000273,0.189057398261981,1810.908,1802.848,1803.648,1812.378,1808.908,-1,6.683333333333334,1.7463976945244661,1.5158501440922045,1.7665706051873376,1.5360230547550757,1.0,1.0,0.0
1971,2021,4.849999999999909,0.2706052550823125,1800.897,1760.578,1763.443,1804.058,1799.208,-1,5.516666666666667,7.964948453608419,7.37422680412387,8.013814432989832,7.423092783505284,0.0,0.0,1.0
1972,2021,56.85500000000002,2.904088497770776,1737.978,1729.608,1728.238,1741.733,1684.878,1,6.466666666666667,-0.21326180634948547,-0.23735819189165222,-0.2055579984170279,-0.22965438395919466,0.0,0.0,0.0
1973,2021,7.307000000000016,0.3082880786918452,1737.215,1726.328,1730.148,1737.405,1730.098,1,5.216666666666667,-1.5159436157109585,-0.9931572464759881,-1.5067743259887734,-0.983987956753803,1.0,1.0,0.0
1974,2021,11.069999999999936,0.4649362805097533,1733.788,1745.708,1751.368,1735.058,1723.988,1,11.283333333333333,0.9620596205962197,1.473351400180672,1.0523938572719203,1.5636856368563725,0.0,0.0,1.0
1975,2021,4.670000000000073,0.18769773143549737,1750.538,1748.138,1751.635,1753.468,1748.798,1,7.483333333333333,-1.1413276231263536,-0.3925053533190696,-1.1134903640256884,-0.3646680942184043,1.0,1.0,0.0
1976,2021,5.136999999999944,0.20901838262006625,1755.108,1773.188,1776.768,1756.705,1751.568,1,6.683333333333334,3.2086821101811087,3.9055869184349468,3.2995912010901756,3.9964960093440136,0.0,0.0,1.0
1977,2021,5.8400000000001455,0.22885806097657144,1776.718,1788.488,1787.358,1782.448,1776.608,-1,5.0,-2.0342465753424337,-1.8407534246574884,-2.0154109589040563,-1.821917808219111,1.0,1.0,1.0
1978,2021,4.277000000000044,0.16444533547914192,1785.858,1783.258,1783.048,1788.585,1784.308,1,6.566666666666666,-1.2454991816693812,-1.2945990180032683,-1.122281973345781,-1.171381809679668,1.0,1.0,1.0
1979,2021,7.216999999999871,0.2792570686271754,1790.178,1781.748,1785.608,1792.195,1784.978,1,7.216666666666667,-1.4475543854787414,-0.9127061105722748,-1.3828460579188302,-0.8479977830123635,1.0,1.0,0.0
1980,2021,14.490000000000009,0.573232209060495,1779.878,1780.452,1779.878,1788.848,1774.358,1,10.333333333333334,-0.5794340924775675,-0.6190476190476205,-0.5064182194616951,-0.5460317460317481,0.0,0.0,0.0
1981,2021,6.910000000000082,0.2757791030479986,1785.148,1782.325,1782.665,1785.538,1778.628,1,5.016666666666667,-0.4649782923299461,-0.4157742402315504,-0.4432706222865178,-0.39406657018812213,1.0,1.0,0.0
1982,2021,12.167000000000144,0.49085790197135726,1786.838,1804.098,1804.874,1788.555,1776.388,1,9.95,1.2774718500862752,1.3412509246321827,1.362209254540961,1.4259883290868687,0.0,0.0,1.0
1983,2021,5.039999999999964,0.19115682933238587,1801.128,1804.538,1805.859,1805.728,1800.688,-1,5.2,-0.7638888888888764,-1.0259920634920354,-0.7281746031746229,-0.990277777777782,1.0,1.0,0.0
1984,2021,9.11999999999989,0.3620504851725997,1794.748,1784.348,1792.138,1802.558,1793.438,-1,5.5,0.9967105263158174,0.14254385964914446,1.0800438596491506,0.2258771929824778,0.0,0.0,1.0
1985,2021,4.730000000000018,0.18615346556919996,1787.798,1791.545,1790.938,1791.915,1787.185,-1,5.083333333333333,-0.921775898520108,-0.793446088794956,-0.7604651162790627,-0.6321353065539107,1.0,1.0,1.0
1986,2021,6.619999999999891,0.28220391882221785,1798.038,1807.598,1817.525,1799.148,1792.528,1,5.533333333333333,1.2764350453172484,2.7759818731118555,1.3262839879154256,2.8258308157100327,1.0,1.0,0.0
1987,2021,9.820999999999913,0.4804928849003298,1814.958,1811.698,1810.828,1823.079,1813.258,-1,7.183333333333334,0.15884329498014044,0.24742897871908007,0.19448121372567675,0.2830668974646164,0.0,0.0,0.0
1988,2021,6.1400000000001,0.30584978633923726,1815.738,1806.907,1815.028,1815.768,1809.628,1,5.0,-1.4431596091205146,-0.120521172638436,-1.438273615635177,-0.1156351791530985,1.0,1.0,0.0
1989,2021,5.169999999999845,0.2698430451478135,1815.108,1809.745,1813.108,1815.418,1810.248,1,5.166666666666667,-1.0972920696325283,-0.4468085106383007,-1.066344294003929,-0.4158607350097012,1.0,1.0,0.0
1990,2021,4.879999999999882,0.2597718631178651,1811.048,1812.418,1809.158,1815.918,1811.038,-1,5.0,-0.28278688524588425,0.38524590163937594,-0.28073770491801725,0.387295081967243,1.0,1.0,0.0
1991,2021,5.860000000000127,0.3323623900599258,1812.428,1830.227,1830.368,1814.708,1808.848,1,12.083333333333334,2.648293515358305,2.6723549488053777,2.66552901023887,2.6895904436859426,0.0,0.0,1.0
1993,2021,4.648999999999887,0.26491753634749765,1823.085,1796.677,1796.178,1827.128,1822.479,-1,5.2,5.550010755001239,5.657345665734689,5.57775865777601,5.685093568509459,0.0,0.0,1.0
1994,2021,6.3900000000001,0.3387558504112389,1798.008,1788.697,1791.378,1800.948,1794.558,-1,7.4,0.9172143974960895,0.4976525821596266,1.118622848200317,0.6990610328638542,1.0,1.0,0.0
1995,2021,3.7799999999999727,0.1990266798047331,1788.188,1788.988,1794.665,1790.748,1786.968,-1,5.683333333333334,-0.5343915343915334,-2.0362433862433718,-0.48677248677252877,-1.988624338624367,1.0,1.0,0.0
1996,2021,7.276000000000067,0.3730721759735759,1798.075,1796.564,1790.538,1799.838,1792.562,1,6.55,-0.4499725123694141,-1.2781748213303832,-0.3070368334249454,-1.1352391423859145,1.0,1.0,0.0
1997,2021,8.920000000000073,0.4806274944482342,1792.234,1796.058,1792.454,1792.488,1783.568,1,6.766666666666667,0.4002242152466264,-0.0038116591928369086,0.4293721973094054,0.025336322869942102,0.0,0.0,0.0
1998,2021,3.5190000000000055,0.18541545919173905,1790.985,1804.194,1803.034,1793.164,1789.645,1,6.75,3.134413185564068,2.804774083546491,3.1673770957658256,2.837737993748249,1.0,1.0,0.0
1999,2021,3.2690000000000055,0.1671090923032552,1803.385,1793.927,1793.104,1804.567,1801.298,-1,7.366666666666666,2.2548179871520593,2.506576934842443,2.5686754359131685,2.820434383603552,1.0,1.0,0.0
2000,2021,5.190000000000055,0.2672876156002418,1791.238,1753.854,1753.944,1796.074,1790.884,-1,5.05,7.134874759152136,7.117533718689724,7.198458574181022,7.181117533718611,0.0,0.0,1.0
2001,2021,5.929999999999836,0.2889954085166893,1757.914,1751.374,1752.788,1759.368,1753.438,1,5.783333333333333,-1.348060708263092,-1.1096121416526321,-1.3177065767285487,-1.079258010118089,1.0,1.0,1.0
2002,2021,13.049999999999955,0.6257513640146719,1746.194,1765.057,1761.644,1755.028,1741.978,1,9.666666666666666,0.7685057471264392,0.506973180076629,0.7861302681992376,0.5245977011494274,0.0,0.0,0.0
2003,2021,4.420000000000073,0.20656825632089912,1761.778,1777.628,1775.284,1766.018,1761.598,-1,5.0,-3.62669683257912,-3.0963800904977203,-3.5859728506786532,-3.0556561085972542,1.0,1.0,0.0
2004,2021,6.889999999999873,0.3091151474754158,1777.514,1774.558,1766.958,1779.108,1772.218,1,6.85,-0.6603773584905717,-1.7634252539913045,-0.6415094339622865,-1.7445573294630194,1.0,1.0,0.0
2005,2021,7.880000000000109,0.3419471023454675,1764.078,1752.007,1750.758,1768.548,1760.668,-1,8.216666666666667,1.0991116751268668,1.2576142131979338,1.2513959390862615,1.4098984771573282,1.0,1.0,0.0
2006,2021,8.364000000000033,0.3482367496000067,1752.148,1748.987,1746.678,1752.788,1744.424,1,6.633333333333334,-0.4544476327116112,-0.7305117168818599,-0.43531802965086497,-0.7113821138211137,1.0,1.0,0.0
2007,2021,12.644000000000005,0.5113113807047958,1759.164,1748.924,1750.288,1760.738,1748.094,-1,10.95,-0.06564378361277498,-0.17352103764631122,-0.028155646947168173,-0.13603290098070442,0.0,0.0,0.0
2008,2021,7.316000000000031,0.31289408084461756,1749.704,1732.888,1734.518,1754.344,1747.028,-1,7.183333333333334,1.9327501366867195,1.709950792782933,1.9764898851831567,1.7536905412793702,0.0,0.0,1.0
2009,2021,8.059999999999945,0.33798598214820386,1740.455,1728.278,1725.378,1741.258,1733.198,1,8.033333333333333,-1.610421836228301,-1.9702233250620615,-1.5452853598014902,-1.9050868486352508,1.0,1.0,0.0
2010,2021,7.798000000000002,0.320556713744605,1732.796,1757.316,1756.778,1734.746,1726.948,-1,8.166666666666666,-3.894331879969214,-3.825339830725817,-3.859964093357288,-3.7909720441138908,1.0,1.0,0.0
2011,2021,6.2970000000000255,0.24101240629664766,1753.918,1758.638,1758.828,1756.795,1750.498,1,8.033333333333333,0.2926790535175226,0.3228521518183093,0.348261076703188,0.3784341750039747,1.0,1.0,0.0
2012,2021,7.863000000000056,0.301092150357351,1758.678,1766.408,1766.793,1765.558,1757.695,-1,7.716666666666667,-1.1081012336258302,-1.1570647335622397,-1.0597736232989694,-1.1087371232353789,1.0,1.0,1.0
2013,2021,9.720000000000027,0.37778697012518025,1759.868,1752.508,1761.605,1769.068,1759.348,-1,5.083333333333333,0.7037037037036933,-0.2322016460905407,0.735596707818914,-0.20030864197532006,0.0,0.0,1.0
2014,2021,5.880000000000109,0.22575505357295086,1755.538,1759.815,1763.458,1759.988,1754.108,-1,5.116666666666666,-0.9705782312925172,-1.5901360544217624,-0.8957482993197202,-1.5153061224489655,1.0,1.0,1.0
2015,2021,6.482999999999947,0.27253236926181035,1760.025,1756.475,1755.685,1764.098,1757.615,-1,6.416666666666667,0.1758445164275967,0.2977016813203886,0.28227672373903584,0.4041338886318278,1.0,1.0,0.0
2016,2021,7.210000000000036,0.30785371611215107,1759.178,1758.798,1757.978,1760.448,1753.238,1,11.983333333333333,-0.22884882108184226,-0.3425797503467427,-0.09847434119279234,-0.21220527045769277,0.0,0.0,1.0
2017,2021,7.6099999999999,0.32206479385011166,1755.325,1757.348,1755.435,1760.878,1753.268,-1,9.916666666666666,-0.5361366622864626,-0.28475689881733834,-0.508541392904066,-0.2571616294349416,0.0,0.0,0.0
2018,2021,8.230000000000018,0.36256305204960504,1758.318,1762.505,1759.238,1758.888,1750.658,1,6.1,0.4394896719319783,0.042527339003661686,0.46257594167679317,0.0656136087484766,0.0,0.0,1.0
2019,2021,3.51299999999992,0.1567888600912348,1761.928,1792.714,1793.695,1762.908,1759.395,1,5.45,8.48448619413627,8.763734699687086,8.498719043552711,8.777967549103527,1.0,1.0,1.0
2020,2021,7.1400000000001,0.31912957695218236,1788.508,1796.834,1798.718,1793.738,1786.598,1,7.7,0.43361344537814567,0.6974789915966314,0.5204481792717185,0.7843137254902042,0.0,0.0,0.0
2021,2021,2.6399999999998727,0.11927659519536751,1794.998,1774.898,1767.644,1796.378,1793.738,-1,5.983333333333333,7.1363636363640355,9.884090909091405,7.242424242424637,9.990151515152006,0.0,0.0,1.0
2022,2021,4.7840000000001055,0.20574827048082908,1767.644,1770.328,1765.664,1772.008,1767.224,-1,5.6,-0.6488294314381216,0.32608695652172054,-0.5999163879598302,0.3750000000000119,0.0,0.0,1.0
2023,2021,12.049999999999955,0.5424228004064124,1774.665,1773.012,1770.524,1774.904,1762.854,1,5.066666666666666,-0.15701244813278506,-0.36348547717843366,-0.16398340248963653,-0.3704564315352851,0.0,0.0,0.0
2024,2021,7.774000000000115,0.3518488584858739,1773.984,1782.524,1786.298,1774.518,1766.744,1,6.183333333333334,1.0298430666323308,1.5153074350398508,1.0800102907126106,1.5654746591201303,0.0,0.0,1.0
2025,2021,8.25,0.39970653580747584,1786.286,1780.104,1780.908,1789.368,1781.118,-1,8.05,0.12290909090907834,0.025454545454549865,0.2247272727272778,0.12727272727274933,0.0,0.0,0.0
2026,2021,4.574000000000069,0.22278583182863806,1787.028,1811.854,1794.028,1787.998,1783.424,1,7.416666666666667,5.215566243987677,1.3183209444687105,5.344556187144681,1.4473108876257146,0.0,1.0,1.0
2027,2021,6.849999999999909,0.3245061348240041,1798.338,1806.934,1808.058,1799.014,1792.164,1,5.033333333333333,1.1562043795620698,1.3202919708029512,1.20000000000002,1.3640875912409014,0.0,0.0,1.0
2028,2021,5.600000000000136,0.26731039373730553,1803.134,1785.864,1793.488,1808.218,1802.618,-1,5.233333333333333,2.9917857142856246,1.630357142857082,3.0571428571427632,1.6957142857142207,0.0,0.0,1.0
2029,2021,7.230000000000018,0.3374258693166481,1789.048,1791.958,1797.848,1794.288,1787.058,-1,6.183333333333334,-0.6777316735823069,-1.492392807745496,-0.6547717842323844,-1.4694329183955737,1.0,1.0,0.0
2030,2021,9.114000000000033,0.42451201213690043,1798.674,1798.642,1800.652,1803.128,1794.014,1,7.5,-0.4922097871406474,-0.27166995830588947,-0.4691683124862656,-0.24862848365150766,1.0,1.0,0.0
2031,2021,5.629999999999882,0.2711134500751504,1796.844,1776.858,1781.758,1800.628,1794.998,-1,5.416666666666667,3.222024866785165,2.3516873889876178,3.260390763765609,2.3900532859680617,0.0,0.0,1.0
2032,2021,7.329999999999927,0.3324295344625923,1783.725,1792.978,1792.518,1787.258,1779.928,1,6.05,0.7803547066848682,0.7175989085948217,0.8245566166439504,0.7618008185539039,0.0,0.0,1.0
2033,2021,5.170000000000073,0.2365923896877392,1793.918,1788.744,1788.234,1794.328,1789.158,1,5.533333333333333,-1.080077369439068,-1.1787234042553123,-0.9930367504835478,-1.0916827852997923,1.0,1.0,0.0
2034,2021,8.340000000000146,0.4204143652376875,1780.898,1763.458,1773.338,1787.508,1779.168,-1,6.283333333333333,1.8836930455634935,0.6990407673860702,1.947242206234979,0.7625899280575559,0.0,0.0,1.0
2035,2021,4.830000000000155,0.23099784784614547,1774.618,1792.184,1793.704,1778.178,1773.348,-1,6.0,-3.8997929606624036,-4.214492753623053,-3.6459627329191173,-3.960662525879766,1.0,1.0,0.0
2036,2021,6.080000000000155,0.2942884801548959,1795.527,1809.834,1816.718,1796.054,1789.974,1,5.05,2.2664473684209905,3.3986842105262274,2.3069078947367947,3.439144736842031,1.0,1.0,0.0
2037,2021,8.194999999999936,0.36932238854015476,1819.878,1821.408,1825.606,1820.993,1812.798,1,5.966666666666667,0.050640634533247936,0.562904209884087,0.06101281269066551,0.5732763880415045,1.0,1.0,0.0
2038,2021,5.329999999999927,0.24663202845092802,1823.518,1825.732,1830.213,1827.088,1821.758,-1,7.6,-0.7455909943714797,-1.5863039399624845,-0.6461538461538474,-1.4868667917448524,1.0,1.0,0.0
2039,2021,5.180000000000064,0.24622948370580414,1826.283,1851.358,1846.968,1830.948,1825.768,-1,5.633333333333334,-4.940154440154363,-4.092664092664051,-4.903474903474817,-4.055984555984504,1.0,1.0,0.0
2040,2021,10.935999999999922,0.4670396378478262,1849.114,1861.574,1861.988,1853.684,1842.748,1,5.816666666666666,0.7214703730797509,0.7593269934162533,0.7531089978054282,0.7909656181419306,0.0,0.0,1.0
2041,2021,7.240000000000009,0.31674208144796395,1857.224,1860.688,1863.728,1862.248,1855.008,-1,8.25,-0.7845303867403393,-1.2044198895027647,-0.7436464088397801,-1.1635359116022055,1.0,1.0,1.0
2042,2021,9.610000000000127,0.41378843705212387,1858.844,1861.898,1867.078,1865.958,1856.348,-1,7.266666666666667,-0.5775234131113299,-1.1165452653485823,-0.5712799167533753,-1.1103017689906276,1.0,1.0,0.0
2043,2021,7.013999999999896,0.31336281999731447,1865.558,1861.138,1851.538,1868.798,1861.784,1,8.866666666666667,-1.0921015112632158,-2.4607927003136933,-0.984602224123222,-2.3532934131736996,1.0,1.0,1.0
2044,2021,6.544000000000096,0.28142086574023273,1854.054,1862.698,1863.868,1855.978,1849.434,1,6.9,1.0268948655256613,1.2056845965769798,1.0742665036674963,1.253056234718815,0.0,0.0,1.0
2045,2021,6.786000000000058,0.29148947920693874,1865.944,1860.008,1858.788,1870.814,1864.028,-1,6.7,0.5923961096374812,0.7721780135573186,0.6454465075154501,0.8252284114352875,0.0,0.0,1.0
2046,2021,5.155999999999949,0.23061096699167824,1862.434,1860.268,1849.524,1863.634,1858.478,-1,7.0,-0.34716834755624154,1.7366175329713474,-0.24631497284716725,1.8374709076804217,1.0,1.0,1.0
2047,2021,5.039999999999964,0.22049931093965142,1847.178,1818.338,1803.594,1848.984,1843.944,-1,6.65,5.080555555555591,8.00595238095242,5.162698412698447,8.088095238095276,0.0,0.0,1.0
2048,2021,5.933999999999969,0.23283175498238406,1807.719,1786.238,1788.038,1812.318,1806.384,-1,6.216666666666667,3.3950117964273785,3.091675092686232,3.4496124031007978,3.1462756993596512,0.0,0.0,1.0
2049,2021,7.1030000000000655,0.2774593891775181,1793.538,1784.495,1784.678,1795.958,1788.855,1,7.166666666666667,-1.6138251443052354,-1.588061382514412,-1.5810221033366063,-1.555258341545783,1.0,1.0,0.0
2052,2021,6.829999999999927,0.2786739526411624,1792.819,1786.868,1782.558,1796.568,1789.738,1,6.9,-1.4202049780380892,-2.051244509516858,-1.3953147877013286,-2.0263543191800975,1.0,1.0,0.0
2053,2021,7.370000000000118,0.29667754503501176,1788.518,1784.328,1775.948,1790.278,1782.908,1,5.266666666666667,-0.8073270013568453,-1.9443690637720077,-0.7896879240162609,-1.9267299864314233,0.0,1.0,1.0
2054,2021,7.819999999999936,0.32166414478999605,1779.278,1785.88,1782.085,1780.248,1772.428,1,5.633333333333334,0.7202046035805765,0.23491048593350436,0.7561381074168874,0.2708439897698153,0.0,0.0,1.0
2055,2021,5.507000000000062,0.22730234354500864,1776.635,1767.135,1766.698,1781.875,1776.368,-1,5.033333333333333,1.6765934265480014,1.75594697657522,1.7546758670782463,1.834029417105465,0.0,0.0,1.0
2056,2021,6.923000000000002,0.28865850426039485,1772.178,1770.618,1783.828,1774.288,1767.365,1,5.533333333333333,-0.5301170013000248,1.3780153112812308,-0.42756030622562985,1.4805720063556258,1.0,1.0,0.0
2057,2021,6.470000000000027,0.26516781568816983,1781.738,1778.155,1778.258,1787.635,1781.165,-1,5.083333333333333,0.4652241112828405,0.44930448222564345,0.5661514683153007,0.5502318392581036,0.0,0.0,0.0
2058,2021,5.023000000000138,0.21580896907501823,1777.685,1782.428,1784.768,1781.748,1776.725,1,6.0,0.13537726458292754,0.6012343221182359,0.3065896874378158,0.7724467449731242,1.0,1.0,0.0
2059,2021,6.0499999999999545,0.26233549829806924,1789.218,1782.408,1785.568,1790.418,1784.368,1,5.75,-1.3239669421487688,-0.8016528925619745,-1.2705785123967246,-0.7482644628099302,1.0,1.0,0.0
2060,2021,3.923000000000002,0.17135119788595513,1785.765,1779.415,1775.988,1785.988,1782.065,1,5.266666666666667,-1.6755034412439689,-2.549069589599795,-1.6576599541167285,-2.5312261024725546,1.0,1.0,0.0
2061,2021,4.12700000000018,0.18513190063155444,1777.915,1783.04,1782.148,1779.545,1775.418,-1,6.1,-1.8468621274532926,-1.6307244972134054,-1.7620547613277482,-1.5459171310878612,1.0,1.0,1.0
2062,2021,5.787000000000035,0.28459222779181054,1786.218,1786.768,1787.678,1788.135,1782.348,1,11.683333333333334,-0.23621911180230754,-0.0789701054086534,-0.2280974598237305,-0.07084845343007638,1.0,1.0,0.0
2063,2021,4.460000000000036,0.23653396671705135,1785.828,1774.038,1772.098,1789.415,1784.955,-1,7.766666666666667,2.4477578475335937,2.8827354260089386,2.5464125560537845,2.9813901345291294,0.0,0.0,1.0
2064,2021,4.177000000000135,0.21726998799921943,1770.578,1766.038,1769.458,1773.755,1769.578,-1,5.4,0.8474982044529207,0.02872875269329351,0.8642566435240085,0.045487191764381395,0.0,0.0,1.0
2065,2021,8.760000000000218,0.4224406072067152,1781.788,1797.228,1796.858,1784.178,1775.418,1,6.266666666666667,1.489726027397218,1.447488584474831,1.5045662100456318,1.462328767123245,0.0,0.0,1.0
2066,2021,7.100000000000136,0.355291846874225,1802.495,1804.448,1801.465,1804.248,1797.148,1,5.716666666666667,0.028169014084512906,-0.39197183098592614,0.06380281690143566,-0.3563380281690034,0.0,0.0,1.0
2067,2021,3.520000000000209,0.17605658961810208,1801.308,1793.668,1790.355,1802.438,1798.918,1,5.233333333333333,-2.491477272727184,-3.432670454545274,-2.4659090909089625,-3.4071022727270526,1.0,1.0,0.0
2068,2021,3.3900000000001,0.18472676319477438,1792.008,1785.875,1788.075,1792.558,1789.168,1,5.55,-1.9713864306784057,-1.3224188790559925,-1.9587020648967268,-1.3097345132743137,1.0,1.0,0.0
2069,2021,2.8799999999998818,0.1609336707405597,1788.615,1795.595,1803.565,1791.078,1788.198,-1,5.05,-2.5684027777778606,-5.335763888889095,-2.5173611111112146,-5.284722222222449,1.0,1.0,0.0
2070,2021,5.349999999999909,0.3000344498834262,1806.325,1805.858,1809.185,1808.378,1803.028,1,13.533333333333333,-0.47102803738318216,0.15084112149533271,-0.3833644859813445,0.2385046728971704,1.0,1.0,0.0
2071,2021,5.25,0.304333964084452,1809.218,1812.655,1809.109,1811.764,1806.514,-1,8.633333333333333,-1.1697142857143004,-0.4942857142857195,-1.0982857142857287,-0.42285714285714804,1.0,1.0,0.0
2072,2021,4.1400000000001,0.24150402506709062,1809.918,1811.354,1806.884,1812.538,1808.398,1,5.733333333333333,-0.2859903381642368,-1.3657004830917536,-0.25458937198063636,-1.334299516908153,0.0,1.0,1.0
2073,2021,3.660000000000082,0.21382340790446072,1805.735,1799.775,1804.998,1807.578,1803.918,-1,8.0,1.1319672131146745,-0.2950819672131504,1.2139344262294767,-0.21311475409834843,0.0,0.0,1.0
2074,2021,5.029999999999973,0.28819670386785906,1800.598,1807.108,1815.035,1805.458,1800.428,-1,5.0,-1.328031809145104,-2.903976143141163,-1.2942345924453333,-2.8701789264413926,1.0,1.0,0.0
2075,2021,4.266000000000076,0.23791578695773907,1817.448,1821.958,1827.208,1818.864,1814.598,1,5.683333333333334,0.7252695733708382,1.9559306141584392,0.8180965775902359,2.048757618377837,0.0,0.0,1.0
