j,year,w,w_atr,p_re,p16,p20,rh,rl,side,brk_min,ft16,ft20,move16_from_brkbar,move20_from_brkbar,other16,other20,hit1w_before_other
1,2014,10.63000000000011,,1215.98,1223.33,1225.36,1223.91,1213.28,1,13.916666666666666,-0.05456255879587476,0.13640639698963342,0.045155221072437746,0.23612417685794593,0.0,0.0,0.0
2,2014,5.849999999999909,,1230.5,1235.81,1237.51,1233.81,1227.96,-1,13.35,-1.341880341880347,-1.63247863247865,-0.9538461538461562,-1.2444444444444591,1.0,1.0,0.0
3,2014,5.150000000000091,,1237.05,1241.7,1240.04,1240.71,1235.56,1,13.366666666666667,0.19223300970873625,-0.1300970873786526,0.46796116504855134,0.14563106796116249,1.0,1.0,1.0
4,2014,5.089999999999918,,1236.81,1226.03,1230.6,1240.32,1235.23,-1,13.75,1.807465618860549,0.9096267190570105,1.9312377210216278,1.0333988212180896,0.0,0.0,1.0
5,2014,10.0,,1229.45,1223.41,1223.01,1231.17,1221.17,1,13.066666666666666,-0.7759999999999991,-0.8160000000000082,-0.7299999999999954,-0.7700000000000046,1.0,1.0,0.0
6,2014,6.1599999999998545,,1230.23,1226.44,1228.23,1231.05,1224.89,1,13.433333333333334,-0.7483766233766248,-0.45779220779220825,-0.6444805194805391,-0.3538961038961226,1.0,1.0,0.0
7,2014,6.529999999999973,,1234.22,1245.08,1244.85,1237.84,1231.31,-1,13.466666666666667,-2.108728943338444,-2.0735068912710597,-2.012251148545165,-1.9770290964777808,1.0,1.0,0.0
8,2014,4.670000000000073,,1246.54,1248.74,1253.1,1249.67,1245.0,-1,13.233333333333333,-0.80085653104924,-1.7344753747322876,-0.6595289079228863,-1.5931477516059338,0.0,1.0,0.0
9,2014,6.650000000000091,,1248.59,1252.93,1242.83,1253.73,1247.08,1,15.416666666666666,-0.12030075187969076,-1.6390977443608936,-0.03157894736842609,-1.5503759398496288,0.0,1.0,0.0
10,2014,6.230000000000018,,1237.17,1240.94,1238.75,1241.76,1235.53,-1,13.733333333333333,-0.8683788121990476,-0.5168539325842725,-0.6837881219903658,-0.33226324237559074,0.0,1.0,0.0
11,2014,3.410000000000082,,1237.67,1242.18,1241.79,1239.67,1236.26,1,13.5,0.7360703812316512,0.6217008797653489,1.0293255131964536,0.9149560117301513,0.0,0.0,1.0
12,2014,5.919999999999845,,1241.63,1249.39,1252.87,1243.59,1237.67,1,13.0,0.979729729729786,1.567567567567604,1.3108108108108436,1.8986486486486613,0.0,0.0,1.0
14,2014,10.579999999999927,,1244.22,1240.89,1242.61,1253.01,1242.43,-1,13.166666666666666,0.14555765595462894,-0.017013232514162337,0.2268431001890246,0.0642722117202333,0.0,0.0,0.0
15,2014,5.069999999999936,0.342303240740737,1240.62,1240.44,1239.53,1243.06,1237.99,0,,,,,,,,
16,2014,13.329999999999927,0.9855302070130942,1248.48,1259.24,1263.72,1249.78,1236.45,1,13.333333333333334,0.7096774193548453,1.0457614403600999,0.7666916729182358,1.1027756939234903,0.0,0.0,1.0
17,2014,15.670000000000073,1.0628875968992328,1269.46,1266.31,1265.58,1272.45,1256.78,0,,,,,,,,
18,2014,9.809999999999945,0.6673469387755081,1264.22,1261.52,1252.45,1272.36,1262.55,-1,13.366666666666667,0.10499490316003858,1.029561671763503,0.19164118246688272,1.1162079510703473,0.0,0.0,1.0
19,2014,6.019999999999982,0.4013906748583131,1256.4,1252.05,1251.51,1258.5,1252.48,1,13.666666666666666,-1.0714285714285823,-1.1611295681063174,-0.8704318936877118,-0.9601328903654469,1.0,1.0,0.0
20,2014,12.350000000000136,0.826363332218145,1262.11,1263.64,1265.44,1263.14,1250.79,1,13.316666666666666,0.04048582995951372,0.18623481781375945,0.09311740890688892,0.23886639676113464,0.0,0.0,0.0
21,2014,6.5,0.4124926340601071,1254.35,1243.02,1244.62,1259.22,1252.72,-1,13.133333333333333,1.4923076923076992,1.246153846153867,1.5507692307692196,1.3046153846153874,0.0,0.0,1.0
22,2014,11.740000000000009,0.7181055574973809,1248.56,1244.21,1240.98,1250.15,1238.41,1,13.25,-0.5059625212947232,-0.7810902896081827,-0.45655877342418194,-0.7316865417376415,0.0,0.0,0.0
23,2014,8.149999999999864,0.4877110493695166,1247.26,1262.8,1257.18,1248.82,1240.67,1,14.0,1.7153374233129144,1.0257668711656769,1.8981595092024892,1.2085889570552517,0.0,0.0,1.0
24,2014,7.699999999999818,0.4383717620267489,1254.36,1251.52,1253.9,1259.84,1252.14,-1,13.266666666666667,0.08051948051949778,-0.22857142857143278,0.15064935064936483,-0.15844155844156574,0.0,0.0,0.0
25,2014,4.990000000000009,0.2796973215358145,1258.24,1260.01,1259.12,1259.76,1254.77,1,13.1,0.050100200400801514,-0.1282565130260719,0.07414829659316437,-0.10420841683370907,1.0,1.0,1.0
26,2014,6.819999999999936,0.3633042882690894,1262.06,1254.86,1257.27,1263.82,1257.0,-1,13.5,0.31378299120236364,-0.03958944281524697,0.5483870967742001,0.19501466275658938,1.0,1.0,0.0
27,2014,4.0,0.21551724137931097,1262.25,1263.55,1266.99,1263.17,1259.17,-1,13.483333333333333,-1.0949999999999704,-1.954999999999984,-0.5475000000000136,-1.4075000000000273,1.0,1.0,0.0
28,2014,4.579999999999927,0.23700746654838137,1274.38,1274.54,1275.09,1276.09,1271.51,1,13.266666666666667,-0.33842794759824874,-0.21834061135371527,-0.24235807860265174,-0.12227074235811827,0.0,0.0,0.0
29,2014,5.849999999999909,0.3108277353979235,1287.11,1289.69,1291.79,1287.31,1281.46,1,13.0,0.4068376068376318,0.7658119658119809,0.4410256410256743,0.8000000000000234,1.0,1.0,0.0
30,2014,7.039999999999964,0.35751596053395107,1290.85,1293.54,1291.81,1292.12,1285.08,1,13.633333333333333,0.20170454545455682,-0.04403409090908338,0.2798295454545508,0.03409090909091056,0.0,0.0,0.0
31,2014,7.769999999999982,0.42818342845896423,1292.24,1296.48,1300.4,1293.91,1286.14,1,13.366666666666667,0.33075933075932334,0.8352638352638384,0.3487773487773543,0.8532818532818693,0.0,0.0,1.0
32,2014,12.3599999999999,0.6786414620754526,1317.55,1315.96,1319.73,1319.49,1307.13,1,14.5,-0.2855987055016182,0.019417475728156233,-0.08576051779934903,0.21925566343042543,0.0,0.0,0.0
34,2014,8.220000000000027,0.4552395268800214,1313.96,1321.77,1323.46,1320.76,1312.54,1,14.016666666666667,0.12287104622870895,0.32846715328467596,0.1727493917275022,0.37834549878346924,0.0,0.0,0.0
35,2014,6.300000000000182,0.35265893642544077,1318.02,1320.57,1315.03,1322.16,1315.86,0,,,,,,,,
36,2014,8.349999999999909,0.4996153517394604,1309.66,1315.43,1320.74,1315.57,1307.22,1,13.516666666666667,-0.016766467065853198,0.6191616766467221,0.1257485029940079,0.7616766467065832,0.0,0.0,0.0
37,2014,4.480000000000018,0.2667120258547387,1321.51,1322.43,1324.1,1323.01,1318.53,1,13.116666666666667,-0.12946428571426893,0.24330357142855216,-0.09151785714282429,0.28124999999999684,0.0,0.0,1.0
38,2014,8.700000000000045,0.5484016208914946,1332.68,1336.58,1337.61,1336.8,1328.1,1,15.133333333333333,-0.025287356321842085,0.09310344827585532,0.0022988505747105407,0.12068965517240794,0.0,0.0,0.0
39,2014,6.479999999999791,0.3966768692610286,1335.43,1339.55,1342.92,1337.62,1331.14,1,14.716666666666667,0.2978395061728589,0.8179012345679557,0.3657407407407357,0.8858024691358325,0.0,0.0,0.0
40,2014,11.059999999999945,0.7066447608616268,1331.81,1324.45,1328.94,1342.86,1331.8,-1,13.0,0.6645569620253116,0.2585895117540609,0.6654611211573179,0.25949367088606734,0.0,0.0,0.0
41,2014,9.909999999999854,0.608348680171877,1331.33,1332.89,1329.15,1333.61,1323.7,1,13.5,-0.07265388496466302,-0.45005045408676836,0.0898082744702435,-0.28758829465186186,0.0,0.0,0.0
42,2014,6.410000000000082,0.39923480736720984,1330.79,1325.91,1324.4,1331.39,1324.98,1,13.016666666666667,-0.8549141965678546,-1.0904836193447613,-0.8127925117004279,-1.0483619344773345,1.0,1.0,0.0
43,2014,7.370000000000118,0.4574798261949188,1345.09,1352.53,1351.18,1349.69,1342.32,1,14.833333333333334,0.3853459972862785,0.2021709633649912,0.43962008141112036,0.25644504748983304,0.0,0.0,0.0
44,2014,9.5,0.5688136173124644,1333.41,1337.15,1336.49,1341.07,1331.57,-1,13.316666666666666,-0.5873684210526479,-0.517894736842113,-0.5526315789473685,-0.4831578947368335,0.0,0.0,0.0
45,2014,4.3900000000001,0.2530780317068215,1335.0,1338.46,1337.36,1336.94,1332.55,1,13.25,0.3462414578587579,0.09567198177672798,0.5671981776765267,0.3166287015944968,0.0,0.0,1.0
46,2014,5.350000000000136,0.3182223732846246,1334.72,1345.16,1350.81,1336.39,1331.04,1,13.133333333333333,1.639252336448553,2.6953271028036405,1.6654205607476364,2.721495327102724,0.0,0.0,1.0
47,2014,4.6099999999999,0.2729541129202737,1349.08,1334.38,1338.51,1350.81,1346.2,1,13.283333333333333,-3.563991323210454,-2.66811279826469,-3.3926247288503713,-2.4967462039046073,1.0,1.0,0.0
48,2014,8.3599999999999,0.472392638036805,1337.39,1341.47,1339.67,1340.11,1331.75,1,14.233333333333333,0.16267942583733774,-0.05263157894734838,0.21770334928229165,0.0023923444976055083,0.0,0.0,0.0
49,2014,9.170000000000073,0.5182673287311825,1348.48,1339.32,1346.89,1352.38,1343.21,-1,15.783333333333333,0.4242093784078592,-0.40130861504907683,0.5507088331515719,-0.2748091603053641,0.0,0.0,0.0
50,2014,12.799999999999955,0.7198521732144271,1364.73,1365.27,1367.05,1366.77,1353.97,1,13.75,-0.11718750000000042,0.021874999999997945,-0.07343750000000453,0.06562499999999384,0.0,0.0,0.0
51,2014,10.450000000000045,0.5696818659709538,1367.02,1370.0,1371.48,1374.81,1364.36,0,,,,,,,,
52,2014,15.360000000000127,0.843856688772914,1381.67,1374.9,1381.03,1383.67,1368.31,1,13.0,-0.5709635416666607,-0.17187500000000508,-0.4407552083333285,-0.04166666666667283,0.0,0.0,0.0
53,2014,9.160000000000082,0.5036525017673438,1379.5,1375.92,1365.91,1383.7,1374.54,0,,,,,,,,
54,2014,13.310000000000173,0.6930229098482675,1351.45,1357.08,1354.98,1363.91,1350.6,0,,,,,,,,
55,2014,12.980000000000018,0.6920030464584914,1343.38,1341.02,1328.85,1354.33,1341.35,-1,14.166666666666666,0.025423728813553682,0.9630200308166397,0.0924499229584009,1.0300462249614868,0.0,0.0,1.0
56,2014,12.25,0.6035332207207196,1323.21,1331.27,1326.95,1332.61,1320.36,0,,,,,,,,
57,2014,13.319999999999936,0.6547293027175013,1337.6,1335.79,1333.0,1342.29,1328.97,0,,,,,,,,
58,2014,11.61999999999989,0.6030322126255628,1315.44,1310.52,1309.38,1326.0,1314.38,-1,14.816666666666666,0.33218588640276797,0.4302925989673018,0.3674698795180742,0.46557659208260804,0.0,0.0,0.0
59,2014,11.6400000000001,0.5919575720149697,1308.77,1311.96,1311.61,1317.18,1305.54,0,,,,,,,,
60,2014,6.190000000000055,0.3119398149814642,1311.75,1303.28,1301.19,1316.2,1310.01,-1,13.233333333333333,1.0872374798061324,1.4248788368335796,1.2358642972536387,1.5735056542810861,0.0,0.0,1.0
61,2014,9.669999999999845,0.4958974358974267,1295.36,1295.7,1292.51,1301.09,1291.42,0,,,,,,,,
62,2014,11.720000000000027,0.6173062452972159,1290.26,1290.69,1292.62,1298.01,1286.29,-1,13.75,-0.3754266211604164,-0.5401023890784908,-0.33617747440273427,-0.5008532423208086,0.0,0.0,0.0
63,2014,4.900000000000091,0.26149271937181184,1294.75,1291.55,1283.62,1296.13,1291.23,-1,13.766666666666667,-0.06530612244896539,1.553061224489793,0.06122448979590795,1.6795918367346665,0.0,0.0,1.0
64,2014,4.889999999999873,0.25965258287187315,1285.23,1279.31,1278.63,1287.85,1282.96,-1,15.2,0.7464212678936986,0.8854805725971452,0.8016359918200766,0.9406952965235232,0.0,0.0,1.0
65,2014,9.420000000000073,0.5307255825184143,1291.08,1291.86,1290.05,1291.76,1282.34,1,13.0,0.01061571125264419,-0.18152866242038462,0.08280254777069711,-0.10934182590233171,0.0,0.0,0.0
66,2014,10.279999999999973,0.5709525131907774,1283.42,1285.93,1285.98,1292.31,1282.03,-1,13.75,-0.37937743190662465,-0.38424124513619223,-0.23054474708172418,-0.23540856031129176,0.0,0.0,0.0
67,2014,8.450000000000045,0.484141600163701,1293.46,1299.19,1302.64,1294.8,1286.35,1,13.416666666666666,0.5195266272189439,0.9278106508875862,0.5786982248520798,0.9869822485207219,0.0,0.0,1.0
68,2014,3.480000000000018,0.2027803213185722,1299.27,1300.3,1297.56,1301.43,1297.95,-1,13.333333333333334,-0.6752873563218094,0.11206896551726954,-0.45114942528733565,0.3362068965517433,1.0,1.0,0.0
69,2014,6.980000000000018,0.42131585754936685,1311.6,1308.6,1308.95,1314.21,1307.23,0,,,,,,,,
70,2014,10.009999999999991,0.6503921659627769,1303.8,1306.11,1309.5,1311.41,1301.4,-1,14.466666666666667,-0.4705294705294519,-0.8091908091908009,-0.40159840159840016,-0.740259740259749,0.0,1.0,0.0
71,2014,6.779999999999973,0.4404435989049205,1323.65,1320.06,1319.45,1324.09,1317.31,1,13.4,-0.5943952802359865,-0.6843657817108985,-0.5176991150442485,-0.6076696165191604,1.0,1.0,0.0
72,2014,9.690000000000055,0.6283173544532471,1321.25,1316.35,1318.7,1323.7,1314.01,0,,,,,,,,
73,2014,7.919999999999845,0.5578025958345789,1321.94,1329.14,1326.18,1328.57,1320.65,-1,13.5,-1.071969696969719,-0.6982323232323334,-0.7411616161616456,-0.3674242424242599,1.0,1.0,0.0
74,2014,12.970000000000027,0.9078092190780922,1302.29,1302.18,1302.26,1314.4,1301.43,-1,13.016666666666667,-0.05782575173477243,-0.06399383191980922,-0.027756360832700583,-0.03392444101773737,0.0,0.0,1.0
75,2014,6.589999999999918,0.4116728392307291,1301.48,1299.71,1302.61,1304.29,1297.7,1,13.583333333333334,-0.6949924127465833,-0.25493171471928444,-0.5918057663125815,-0.1517450682852826,0.0,0.0,0.0
76,2014,7.440000000000055,0.4738422345555486,1303.11,1298.81,1295.44,1303.97,1296.53,0,,,,,,,,
77,2014,7.940000000000055,0.5106578463800102,1283.04,1286.92,1289.11,1291.05,1283.11,-1,13.0,-0.479848866498759,-0.755667506297224,-0.488664987405552,-0.764483627204017,1.0,1.0,0.0
78,2014,4.119999999999891,0.2606652205350615,1290.38,1281.69,1282.76,1292.31,1288.19,1,13.466666666666667,-2.577669902912663,-2.317961165048594,-2.5048543689320897,-2.2451456310680205,1.0,1.0,0.0
79,2014,5.9099999999998545,0.36377225763903215,1288.22,1282.81,1284.34,1288.83,1282.92,-1,15.433333333333334,0.01861252115061422,-0.240270727580352,0.09137055837563061,-0.16751269035533561,0.0,0.0,0.0
80,2014,16.839999999999918,1.0645234117487643,1271.43,1289.7,1291.67,1286.26,1269.42,-1,13.35,-1.2042755344418095,-1.3212589073634269,-1.1573634204275596,-1.274346793349177,1.0,1.0,0.0
81,2014,11.139999999999873,0.6516797593180605,1299.73,1301.61,1301.4,1302.11,1290.97,1,13.416666666666666,-0.04488330341113157,-0.06373429084378969,0.02692998204667486,0.008078994614016746,0.0,0.0,0.0
82,2014,5.059999999999945,0.3060572021083523,1299.15,1293.78,1298.04,1304.19,1299.13,-1,14.666666666666666,1.0573122529644652,0.21541501976287694,1.306324110671976,0.4644268774703877,0.0,0.0,1.0
83,2014,7.679999999999836,0.452868334596907,1290.52,1298.7,1295.38,1293.82,1286.14,1,13.666666666666666,0.6354166666666944,0.20312500000002684,0.9375000000000259,0.5052083333333584,0.0,0.0,0.0
84,2014,3.650000000000091,0.2173358285131052,1290.85,1292.62,1292.11,1292.96,1289.31,-1,13.233333333333333,-0.9068493150684556,-0.7671232876712013,-0.7726027397259907,-0.6328767123287364,1.0,1.0,1.0
85,2014,7.330000000000155,0.4384907917788411,1282.23,1280.62,1284.19,1286.95,1279.62,-1,13.066666666666666,-0.13642564802182522,-0.6234652114597636,-0.03137789904499126,-0.5184174624829296,1.0,1.0,0.0
86,2014,5.880000000000109,0.34897621772860865,1286.32,1294.96,1299.78,1287.92,1282.04,-1,13.5,-2.1972789115645974,-3.017006802721034,-3.19047619047613,-4.010204081632566,1.0,1.0,1.0
87,2014,8.120000000000118,0.442765335929899,1311.62,1310.94,1309.28,1314.74,1306.62,1,13.466666666666667,-0.46798029556649007,-0.672413793103443,-0.4248768472906398,-0.6293103448275927,0.0,0.0,0.0
88,2014,8.230000000000018,0.4435803657362855,1306.58,1308.52,1307.31,1313.91,1305.68,-1,13.183333333333334,-0.34507897934385323,-0.19805589307410426,-0.3292831105710851,-0.18226002430133617,0.0,0.0,0.0
89,2014,6.279999999999973,0.38615600843288606,1308.47,1297.27,1290.06,1314.34,1308.06,-1,13.083333333333334,1.7181528662420398,2.8662420382165728,1.7515923566879057,2.899681528662439,0.0,0.0,1.0
90,2014,6.839999999999918,0.3954900260190754,1292.54,1288.63,1290.43,1295.23,1288.39,-1,13.666666666666666,-0.03508771929824736,-0.298245614035086,0.13011695906431042,-0.13304093567252817,0.0,0.0,0.0
91,2014,6.670000000000073,0.38649062538802564,1291.97,1289.31,1286.51,1294.23,1287.56,0,,,,,,,,
92,2014,8.990000000000009,0.5453678828321341,1296.32,1297.58,1296.02,1297.02,1288.03,1,13.35,0.062291434927691305,-0.11123470522803103,0.05339265850945692,-0.12013348164626542,0.0,0.0,0.0
93,2014,5.169999999999845,0.30559425796916895,1291.76,1298.05,1293.28,1294.11,1288.94,1,13.5,0.7620889748549656,-0.1605415860734917,1.373307543520333,0.4506769825918756,0.0,0.0,0.0
94,2014,11.38000000000011,0.6681764804563042,1303.93,1304.45,1305.04,1305.71,1294.33,1,13.066666666666666,-0.1107205623901563,-0.05887521968366136,-0.07996485061510068,-0.028119507908605734,0.0,0.0,0.0
95,2014,4.6599999999998545,0.2889794472005574,1305.32,1300.64,1295.71,1306.3,1301.64,-1,13.416666666666666,0.21459227467811828,1.272532188841255,0.28111587982832326,1.33905579399146,0.0,0.0,1.0
96,2014,3.619999999999891,0.22288679743160522,1294.35,1294.71,1292.06,1295.33,1291.71,1,13.083333333333334,-0.17127071823201923,-0.903314917127094,0.10497237569064105,-0.6270718232044338,1.0,1.0,0.0
97,2014,7.339999999999918,0.4601262705413459,1301.05,1299.33,1293.67,1302.97,1295.63,1,13.416666666666666,-0.4959128065395287,-1.2670299727520515,-0.32152588555860406,-1.092643051771127,0.0,1.0,0.0
98,2014,4.569999999999936,0.28721493984556945,1290.54,1293.83,1294.72,1293.23,1288.66,-1,13.333333333333334,-1.1312910284463715,-1.3260393873085405,-0.562363238512029,-0.757111597374198,1.0,1.0,0.0
99,2014,7.369999999999891,0.4678304239401423,1290.07,1289.88,1290.63,1295.33,1287.96,-1,14.616666666666667,-0.26051560379919964,-0.3622795115332581,-0.13161465400271935,-0.23337856173677785,0.0,0.0,0.0
100,2014,5.800000000000182,0.37273353224697037,1297.06,1297.74,1294.71,1298.38,1292.58,1,13.333333333333334,-0.11034482758622069,-0.6327586206896478,0.07068965517242569,-0.4517241379310015,0.0,0.0,0.0
101,2014,5.440000000000055,0.3790563408321761,1291.21,1293.6,1292.54,1295.23,1289.79,-1,13.316666666666666,-0.7003676470588065,-0.5055147058823479,-0.45220588235290154,-0.2573529411764429,0.0,0.0,0.0
103,2014,4.940000000000055,0.36930634912159416,1281.73,1268.45,1266.72,1286.39,1281.45,-1,13.0,2.631578947368392,2.9817813765181893,2.688259109311706,3.0384615384615032,0.0,0.0,1.0
104,2014,3.490000000000009,0.2582315945246032,1265.11,1258.07,1258.17,1266.86,1263.37,-1,13.4,1.5186246418337939,1.489971346704815,1.7134670487106025,1.6848137535816237,1.0,1.0,0.0
105,2014,3.6700000000000728,0.270321460514553,1253.19,1256.07,1255.33,1254.99,1251.32,1,13.5,0.29427792915528767,0.09264305177109303,0.585831062670251,0.38419618528605626,0.0,0.0,1.0
106,2014,5.7000000000000455,0.41960248185929544,1254.28,1246.56,1246.52,1257.99,1252.29,-1,13.183333333333334,1.005263157894732,1.0122807017543747,1.0912280701754347,1.0982456140350774,0.0,0.0,1.0
107,2014,4.630999999999858,0.34898266767142955,1247.194,1245.273,1243.184,1247.774,1243.143,1,14.183333333333334,-0.5400561433815705,-0.991146620600315,-0.47203627726197717,-0.9231267544807217,0.0,1.0,0.0
108,2014,4.410000000000082,0.33217657977565057,1246.12,1245.15,1245.32,1247.5,1243.09,-1,14.333333333333334,-0.4671201814059262,-0.5056689342403575,-0.3809523809523883,-0.41950113378681964,0.0,0.0,0.0
109,2014,2.189999999999827,0.1747556214198047,1245.34,1244.79,1243.74,1246.37,1244.18,1,13.25,-0.7214611872146356,-1.2009132420091733,-1.6027397260275196,-2.082191780822057,1.0,1.0,1.0
110,2014,6.240000000000009,0.5280623809955588,1243.74,1254.1,1253.01,1247.19,1240.95,1,13.783333333333333,1.1073717948717698,0.9326923076922962,1.4038461538461504,1.2291666666666765,0.0,0.0,1.0
111,2014,3.9600000000000364,0.323406737640371,1251.86,1250.79,1252.53,1255.19,1251.23,1,13.4,-1.1111111111111238,-0.6717171717171863,-1.0404040404040606,-0.6010101010101231,1.0,1.0,0.0
112,2014,2.759999999999991,0.22893029593861958,1256.55,1253.0,1253.79,1256.83,1254.07,1,13.266666666666667,-1.387681159420268,-1.1014492753623093,-1.3369565217391546,-1.0507246376811958,1.0,1.0,0.0
113,2014,3.75,0.3214252915786582,1254.75,1260.04,1259.95,1255.92,1252.17,1,13.366666666666667,1.0986666666666376,1.0746666666666593,1.3813333333333504,1.3573333333333721,0.0,0.0,1.0
114,2014,4.4500000000000455,0.3805625973550029,1262.8,1261.55,1259.84,1264.63,1260.18,1,13.333333333333334,-0.6921348314607019,-1.0764044943820543,-0.5707865168539186,-0.9550561797752711,0.0,1.0,0.0
115,2014,6.309999999999945,0.5637703819521963,1264.52,1272.12,1273.46,1266.6,1260.29,1,13.5,0.8748019017432693,1.0871632329635794,1.0776545166402556,1.290015847860566,0.0,0.0,1.0
116,2014,3.4500000000000455,0.2966557135399115,1274.09,1274.72,1275.74,1274.79,1271.34,1,14.933333333333334,-0.020289855072445045,0.27536231884058926,0.020289855072445045,0.31594202898547935,0.0,0.0,0.0
117,2014,4.2800000000002,0.35922184586794625,1280.46,1274.34,1273.14,1283.38,1279.1,-1,14.016666666666667,1.1121495327102262,1.3925233644858717,1.1542056074765943,1.4345794392522397,0.0,0.0,1.0
118,2014,3.0800000000001546,0.28521348017331205,1265.35,1270.26,1270.49,1266.9,1263.82,-1,13.5,-2.090909090909004,-2.1655844155843305,-2.3246753246752347,-2.3993506493505614,1.0,1.0,1.0
119,2014,5.960000000000036,0.5399424078687713,1270.45,1270.56,1272.84,1272.14,1266.18,1,13.316666666666666,-0.2651006711409639,0.11744966442949896,-0.256711409395967,0.12583892617449588,0.0,0.0,0.0
120,2014,3.369999999999891,0.2989197579750913,1281.78,1297.58,1320.97,1282.6,1279.23,1,13.233333333333333,4.445103857566915,11.385756676558268,4.46290801186957,11.403560830860922,0.0,0.0,1.0
121,2014,6.670000000000073,0.5026781148224972,1311.86,1315.01,1315.19,1313.0,1306.33,1,13.25,0.30134932533732667,0.3283358320839626,0.3268365817091514,0.35382308845578736,0.0,0.0,0.0
122,2014,7.310000000000173,0.5405662370589615,1312.72,1315.36,1315.8,1317.13,1309.82,1,15.633333333333333,-0.24213406292751946,-0.18194254445966118,-0.08618331053352862,-0.025991792065670326,0.0,0.0,0.0
123,2014,11.839999999999918,0.8688997221785347,1323.53,1319.29,1320.57,1325.78,1313.94,0,,,,,,,,
124,2014,3.6100000000001273,0.25700483091788395,1314.07,1318.58,1320.03,1315.16,1311.55,1,13.333333333333334,0.9473684210525554,1.3490304709140497,1.357340720221521,1.7590027700830153,0.0,0.0,1.0
125,2014,9.400000000000091,0.6731113498030864,1307.02,1314.7,1315.47,1316.15,1306.75,-1,13.0,-0.8457446808510605,-0.927659574468079,-0.8170212765957435,-0.8989361702127621,1.0,1.0,0.0
126,2014,8.460000000000036,0.6006389776357866,1315.22,1319.13,1318.86,1320.97,1312.51,0,,,,,,,,
127,2014,3.6799999999998363,0.2558982764615198,1313.16,1317.94,1327.37,1315.37,1311.69,-1,13.166666666666666,-1.6983695652174668,-4.260869565217536,-1.2201086956522307,-3.7826086956523,1.0,1.0,0.0
128,2014,4.0900000000001455,0.27635135135136174,1325.62,1328.93,1328.01,1327.7,1323.61,1,13.216666666666667,0.30073349633251206,0.07579462102687883,0.38141809290956413,0.15647921760393088,0.0,0.0,0.0
129,2014,4.039999999999964,0.2687446545661862,1328.54,1329.48,1328.45,1328.76,1324.72,1,13.0,0.17821782178218656,-0.07673267326731392,0.23267326732674828,-0.022277227722752216,1.0,1.0,0.0
130,2014,6.809999999999945,0.4623217922606897,1319.37,1320.87,1319.36,1323.25,1316.44,-1,13.3,-0.6505139500734026,-0.4287812041115813,-0.5066079295153959,-0.28487518355357455,0.0,0.0,1.0
132,2014,2.589999999999918,0.1747554098992671,1313.89,1315.01,1317.52,1314.72,1312.13,1,13.066666666666666,0.11196911196910146,1.0810810810810978,0.11196911196910146,1.0810810810810978,1.0,1.0,0.0
133,2014,6.490000000000009,0.4502923976608204,1322.51,1315.25,1317.52,1323.8,1317.31,1,14.866666666666667,-1.317411402157156,-0.9676425269645553,-1.1494607087827466,-0.799691833590146,1.0,1.0,0.0
134,2014,5.2000000000000455,0.3624415015433673,1326.58,1324.71,1330.49,1326.88,1321.68,1,13.016666666666667,-0.41730769230770265,0.6942307692307439,-0.4038461538461328,0.7076923076923137,1.0,1.0,0.0
135,2014,16.800000000000182,1.390399621659985,1342.11,1337.92,1336.89,1344.63,1327.83,1,13.35,-0.39940476190475976,-0.46071428571428125,-0.38630952380952016,-0.4476190476190417,0.0,0.0,0.0
136,2014,3.6699999999998454,0.29462698549227523,1337.51,1335.72,1337.45,1338.1,1334.43,1,13.083333333333334,-0.6485013623978153,-0.17711171662122369,-0.5640326975476904,-0.09264305177109877,1.0,1.0,0.0
137,2014,7.610000000000127,0.6217320261438016,1317.16,1308.35,1305.75,1323.15,1315.54,-1,13.316666666666666,0.9448094612352081,1.286465177398134,1.0105124835742347,1.3521681997371604,0.0,0.0,1.0
138,2014,5.829999999999927,0.4184353532246432,1311.22,1296.02,1293.97,1313.58,1307.75,-1,13.9,2.012006861063493,2.3636363636363886,2.087478559176711,2.4391080617496064,0.0,0.0,1.0
139,2014,3.0299999999999727,0.21069885263000837,1297.78,1302.6,1299.12,1299.12,1296.09,-1,13.283333333333333,-2.148514851485165,-1.0,-1.9735973597359975,-0.8250825082508325,1.0,1.0,0.0
140,2014,7.439999999999827,0.527820006080863,1299.63,1302.56,1316.28,1306.85,1299.41,-1,13.0,-0.42338709677418507,-2.2674731182796077,-0.39381720430106243,-2.2379032258064853,1.0,1.0,0.0
141,2014,5.740000000000009,0.3741677142990178,1309.82,1306.53,1310.06,1313.68,1307.94,-1,13.15,0.24564459930314975,-0.3693379790940571,0.43728222996515453,-0.1777003484320523,0.0,0.0,0.0
142,2014,5.599999999999909,0.3678333489724998,1317.63,1312.53,1313.46,1318.04,1312.44,1,13.0,-0.9839285714285858,-0.8178571428571432,-0.9107142857143249,-0.7446428571428823,1.0,1.0,0.0
143,2014,4.009999999999991,0.26200588043123074,1305.89,1305.85,1305.97,1308.46,1304.45,-1,13.333333333333334,-0.34912718204485454,-0.37905236907730305,0.12219451371571327,0.09226932668326476,1.0,1.0,0.0
144,2014,3.619999999999891,0.23310795271605883,1308.14,1306.57,1304.79,1309.26,1305.64,1,13.066666666666666,-0.7430939226519712,-1.234806629834299,-0.469613259668535,-0.9613259668508627,1.0,1.0,0.0
145,2014,4.75,0.3205437192711844,1297.21,1291.44,1291.83,1301.1,1296.35,-1,13.516666666666667,1.0336842105262851,0.9515789473684172,1.2105263157894737,1.1284210526316059,0.0,0.0,1.0
146,2014,4.189999999999827,0.26623700812416595,1294.88,1294.95,1302.27,1295.85,1291.66,1,14.666666666666666,-0.21479713603816245,1.5322195704058086,-0.10501193317424169,1.6420047732697292,0.0,0.0,1.0
147,2014,3.839999999999918,0.23467784180198492,1305.45,1304.45,1304.08,1305.79,1301.95,-1,14.183333333333334,-0.6510416666666805,-0.554687499999981,-0.5052083333333584,-0.4088541666666588,0.0,0.0,0.0
148,2014,7.440000000000055,0.4618249534450677,1308.11,1298.22,1299.85,1312.04,1304.6,-1,14.666666666666666,0.8575268817204079,0.6384408602150491,1.260752688172018,1.041666666666659,0.0,0.0,1.0
149,2014,2.6499999999998636,0.16328506667839449,1299.09,1294.54,1295.44,1299.78,1297.13,-1,13.466666666666667,0.977358490566143,0.6377358490566571,1.0377358490566573,0.6981132075471714,1.0,1.0,1.0
150,2014,3.630000000000109,0.23039260132378953,1294.26,1286.89,1282.1,1297.15,1293.52,-1,13.333333333333334,1.826446280991648,3.1460055096417987,1.8650137741046222,3.1845730027547727,0.0,0.0,1.0
151,2014,3.2399999999997817,0.1959479891139872,1284.3,1294.78,1293.7,1285.62,1282.38,-1,13.4,-3.8271604938273764,-3.493827160494043,-3.3580246913582146,-3.024691358024881,1.0,1.0,0.0
152,2014,4.490000000000009,0.29592317107617033,1291.73,1291.27,1287.24,1295.21,1290.72,-1,13.05,-0.12249443207125911,0.7750556792873076,0.008908685968811478,0.9064587973273782,0.0,0.0,1.0
153,2014,2.9500000000000455,0.20637617429542582,1291.42,1284.89,1290.22,1293.3,1290.35,-1,13.183333333333334,1.8508474576270253,0.04406779661012873,1.9830508474575657,0.17627118644066908,0.0,1.0,1.0
154,2014,4.269999999999982,0.29589664901252133,1289.71,1308.27,1307.95,1292.23,1287.96,1,13.166666666666666,3.7564402810304522,3.6814988290398345,4.084309133489492,4.0093676814988735,0.0,0.0,1.0
155,2014,6.520000000000209,0.4638211382113966,1306.6,1306.15,1313.15,1308.39,1301.87,1,15.833333333333334,-0.3435582822085793,0.7300613496932267,-0.1932515337423237,0.8803680981594824,0.0,0.0,0.0
156,2014,5.079999999999927,0.37089960886570483,1314.93,1311.46,1310.44,1319.22,1314.14,-1,13.016666666666667,0.5275590551181303,0.7283464566929327,0.6043307086614135,0.8051181102362159,0.0,0.0,1.0
157,2014,4.220000000000027,0.29859496613767483,1309.26,1306.66,1308.43,1310.41,1306.19,1,13.166666666666666,-0.8886255924170559,-0.4691943127962098,-0.8104265402843183,-0.39099526066347223,0.0,1.0,0.0
158,2014,6.620000000000118,0.48702049395691893,1312.27,1314.76,1309.87,1313.46,1306.84,1,13.383333333333333,0.1963746223564851,-0.5422960725075652,0.25075528700907135,-0.48791540785497894,0.0,0.0,0.0
159,2014,4.710000000000036,0.33937210499228226,1308.11,1314.0,1312.22,1310.72,1306.01,-1,13.183333333333334,-1.6963906581740864,-1.3184713375796153,-1.6390658174097597,-1.2611464968152886,1.0,1.0,0.0
160,2014,8.650000000000091,0.6474204758086143,1309.79,1312.96,1313.33,1317.26,1308.61,1,13.55,-0.4971098265895849,-0.45433526011560954,-0.27630057803466446,-0.23352601156068908,0.0,0.0,0.0
161,2014,5.289999999999964,0.41133018605942523,1310.07,1302.72,1304.5,1315.0,1309.71,-1,13.0,1.321361058601145,0.9848771266540779,1.3894139886578374,1.0529300567107702,0.0,0.0,1.0
162,2014,4.3599999999999,0.31341137810638015,1299.23,1298.37,1298.97,1303.54,1299.18,-1,13.383333333333333,0.18577981651380537,0.048165137614688346,0.2591743119266365,0.12155963302751947,0.0,0.0,0.0
163,2014,3.5699999999999363,0.26612001490867965,1300.87,1295.23,1294.87,1302.23,1298.66,-1,13.5,0.9607843137255252,1.0616246498600164,0.8319327731092662,0.9327731092437574,0.0,0.0,1.0
164,2014,5.930000000000064,0.45016809456675444,1294.52,1293.29,1290.01,1297.52,1291.59,1,13.533333333333333,-0.71332209106239,-1.266441821247877,-0.640809443507574,-1.1939291736930608,0.0,1.0,0.0
165,2014,4.889999999999873,0.3843044796227589,1279.0,1278.31,1276.06,1283.07,1278.18,-1,13.316666666666666,-0.026584867075641134,0.4335378323108739,0.07361963190186845,0.5337423312883834,0.0,0.0,1.0
166,2014,4.710000000000036,0.3673946957878348,1278.31,1277.21,1280.15,1282.78,1278.07,-1,13.0,0.1825902335456249,-0.44161358811043283,0.2335456475583653,-0.39065817409769243,0.0,0.0,0.0
167,2014,3.730000000000018,0.2917318435754208,1278.35,1275.88,1277.35,1279.22,1275.49,1,13.116666666666667,-0.8954423592493035,-0.5013404825737557,-0.8445040214476804,-0.45040214477213286,0.0,0.0,0.0
168,2014,4.829999999999927,0.38850904912380974,1287.59,1283.59,1283.95,1290.71,1285.88,1,13.416666666666666,-1.4741200828157817,-1.399585921325071,-1.3188405797101892,-1.2443064182194785,1.0,1.0,0.0
169,2014,3.0799999999999272,0.2571258199165118,1286.35,1282.75,1282.49,1287.21,1284.13,-1,14.666666666666666,0.44805194805199405,0.5324675324675775,0.9318181818181684,1.016233766233752,0.0,0.0,0.0
170,2014,8.100000000000136,0.6979750107712319,1294.18,1288.75,1289.85,1295.4,1287.3,1,13.383333333333333,-0.8209876543209851,-0.6851851851851961,-0.7135802469135648,-0.577777777777776,1.0,1.0,0.0
171,2014,6.710000000000036,0.5907061560711857,1285.39,1289.02,1286.7,1289.98,1283.27,1,15.416666666666666,-0.1430700447093936,-0.48882265275707226,-0.04172876304023416,-0.3874813710879128,0.0,0.0,0.0
173,2014,9.849999999999909,0.8973774972343272,1271.19,1263.79,1264.59,1277.82,1267.97,-1,13.333333333333334,0.42436548223351295,0.3431472081218417,0.5106598984771593,0.42944162436548805,0.0,0.0,0.0
174,2014,10.100000000000136,0.8381245924960112,1268.43,1267.21,1269.91,1271.22,1261.12,0,,,,,,,,
175,2014,5.970000000000027,0.4969675347841626,1272.31,1269.0,1263.84,1275.08,1269.11,-1,13.116666666666667,0.01842546063649907,0.8827470686767098,0.1591289782244625,1.0234505862646732,1.0,1.0,0.0
176,2014,2.7799999999999727,0.23502415458936982,1263.98,1265.71,1266.86,1266.2,1263.42,-1,13.183333333333334,-0.8237410071942396,-1.237410071942396,-0.7985611510791544,-1.2122302158273108,1.0,1.0,0.0
177,2014,5.309999999999945,0.4299843831337804,1266.09,1257.14,1254.74,1269.86,1264.55,-1,13.75,1.3954802259886876,1.8474576271186527,1.4463276836158032,1.8983050847457685,0.0,0.0,1.0
178,2014,4.339999999999918,0.32900151613601314,1256.11,1254.92,1249.61,1257.33,1252.99,1,13.266666666666667,-0.5552995391704838,-1.7788018433180122,-0.5184331797235121,-1.7419354838710404,1.0,1.0,0.0
179,2014,6.5,0.4914137595852688,1250.25,1249.3,1247.93,1256.73,1250.23,-1,13.0,0.14307692307693287,0.35384615384614687,0.14615384615385316,0.35692307692306713,0.0,0.0,1.0
180,2014,11.8900000000001,0.9195161023034946,1242.93,1239.24,1238.78,1249.97,1238.08,-1,15.35,-0.09756097560976217,-0.05887300252313201,-0.014297729184194393,0.02439024390243576,0.0,0.0,0.0
181,2014,4.759999999999991,0.35562196488606607,1237.49,1228.52,1228.57,1239.84,1235.08,-1,13.616666666666667,1.3781512605041928,1.36764705882353,1.4873949579831809,1.4768907563025182,0.0,0.0,1.0
182,2014,4.119999999999891,0.2959770114942452,1236.34,1233.02,1233.24,1238.33,1234.21,-1,13.616666666666667,0.2888349514563316,0.23543689320389635,0.4830097087378791,0.42961165048544386,0.0,0.0,0.0
183,2014,6.539999999999964,0.4776461995930908,1237.13,1232.77,1236.41,1241.82,1235.28,-1,13.616666666666667,0.38379204892966434,-0.17278287461775466,0.5183486238532292,-0.038226299694189815,0.0,0.0,0.0
184,2014,3.800000000000182,0.2732829917296073,1236.06,1235.8,1231.0,1238.38,1234.58,1,13.516666666666667,-0.6789473684210608,-1.9421052631578304,-0.5315789473683908,-1.7947368421051606,1.0,1.0,0.0
185,2014,5.889999999999873,0.4035628639945101,1220.08,1225.54,1226.11,1225.37,1219.48,-1,13.016666666666667,-1.0288624787776022,-1.1256366723259805,-0.9949066213921947,-1.091680814940573,1.0,1.0,0.0
186,2014,3.259999999999991,0.2189914111606924,1222.56,1217.05,1215.33,1223.4,1220.14,1,13.5,-1.9478527607362437,-2.4754601226994435,-1.8588957055214608,-2.386503067484661,1.0,1.0,0.0
187,2014,3.769999999999982,0.24186600678214526,1214.4,1213.37,1216.89,1215.9,1212.13,1,13.316666666666666,-0.671087533156555,0.2625994694960249,-0.5755968169761494,0.3580901856764305,1.0,1.0,0.0
188,2014,19.74000000000001,1.346455542021925,1232.61,1221.77,1224.37,1235.41,1215.67,0,,,,,,,,
189,2014,6.080000000000155,0.3932366257045281,1221.42,1220.07,1218.05,1225.93,1219.85,-1,13.216666666666667,-0.03618421052631936,0.29605263157893236,0.05592105263160146,0.3881578947368532,0.0,0.0,0.0
190,2014,4.509999999999991,0.30521583603229,1210.84,1220.77,1222.16,1211.32,1206.81,1,13.0,2.0953436807095485,2.403547671840392,2.201773835920196,2.5099778270510393,0.0,0.0,1.0
191,2014,9.110000000000127,0.6131141236419655,1219.23,1215.17,1214.72,1226.91,1217.8,-1,13.733333333333333,0.2886937431393902,0.3380900109769357,0.3578485181119589,0.40724478594950436,0.0,0.0,0.0
192,2014,5.470000000000027,0.370470707754827,1222.97,1217.78,1217.36,1223.17,1217.7,-1,15.233333333333333,-0.014625228519182238,0.062157221206607646,0.05484460694697496,0.13162705667276484,0.0,0.0,0.0
193,2014,13.320000000000164,0.9118826405868062,1206.65,1212.73,1208.17,1217.63,1204.31,1,14.783333333333333,-0.3678678678678702,-0.7102102102102043,-0.2695195195195101,-0.6118618618618441,0.0,0.0,0.0
194,2014,5.570000000000164,0.37808484848485835,1209.05,1215.29,1215.08,1210.91,1205.34,1,13.333333333333334,0.7863554757629718,0.7486535008976163,1.0017953321364028,0.9640933572710472,0.0,0.0,1.0
195,2014,8.8599999999999,0.602486885564398,1211.78,1214.65,1212.53,1219.0,1210.14,-1,13.066666666666666,-0.5090293453724652,-0.269751693002246,-0.37471783295713335,-0.13544018058691412,0.0,0.0,0.0
196,2014,3.5800000000001546,0.2437624629152377,1206.49,1193.95,1191.89,1208.69,1205.11,1,13.483333333333333,-4.117318435754014,-4.692737430167383,-3.7402234636869536,-4.315642458100322,1.0,1.0,0.0
197,2014,3.9099999999998545,0.2502972107910278,1194.93,1200.37,1207.35,1195.82,1191.91,1,13.0,1.1636828644501596,2.9488491048594376,1.3913043478260945,3.176470588235373,0.0,0.0,1.0
198,2014,9.059999999999945,0.5410570319498303,1205.41,1210.81,1210.4,1212.46,1203.4,1,14.3,-0.1821192052980244,-0.22737306843266641,0.019867549668856222,-0.025386313465785824,0.0,0.0,0.0
199,2014,4.980000000000018,0.3146067415730337,1216.54,1210.33,1218.32,1220.54,1215.56,-1,15.183333333333334,1.0502008032128511,-0.5542168674698756,1.2008032128514048,-0.403614457831322,0.0,0.0,1.0
200,2014,6.370000000000118,0.38985792349727344,1229.58,1226.47,1224.81,1231.14,1224.77,1,13.033333333333333,-0.7331240188383024,-0.9937205651491424,-0.7252747252746947,-0.9858712715855347,1.0,1.0,0.0
201,2014,7.309999999999945,0.4484662576687069,1223.99,1221.08,1222.44,1224.57,1217.26,1,13.066666666666666,-0.4774281805745602,-0.2913816689466344,-0.46238030095761073,-0.27633378932968494,0.0,0.0,0.0
202,2014,8.0,0.49979918782631844,1226.84,1230.23,1231.68,1233.34,1225.34,-1,13.383333333333333,-0.6112500000000125,-0.7925000000000182,-0.6012499999999932,-0.7824999999999989,0.0,0.0,0.0
203,2014,4.4500000000000455,0.2863972785362962,1235.53,1233.33,1233.82,1236.44,1231.99,1,13.15,-0.6988764044944035,-0.5887640449438408,-0.7056179775281052,-0.5955056179775424,1.0,1.0,0.0
204,2014,7.5,0.4848988639512326,1228.95,1239.93,1239.63,1229.21,1221.71,1,13.25,1.429333333333337,1.389333333333343,1.5346666666666655,1.4946666666666715,0.0,0.0,1.0
205,2014,6.369999999999891,0.39310588027857896,1241.54,1239.21,1240.2,1244.11,1237.74,-1,13.2,-0.230769230769239,-0.3861852433281128,-0.18681318681319858,-0.34222919937207236,0.0,1.0,0.0
206,2014,5.379999999999882,0.34637847781098335,1239.48,1233.86,1238.6,1240.53,1235.15,-1,14.966666666666667,0.23977695167290322,-0.6412639405204263,0.2862453531598931,-0.5947955390334365,0.0,0.0,0.0
207,2014,6.490000000000009,0.4147722085273448,1246.15,1244.25,1245.6,1246.45,1239.96,1,13.316666666666666,-0.33898305084746416,-0.13097072419108402,-0.2557781201849121,-0.047765793528531955,0.0,0.0,0.0
208,2014,7.150000000000091,0.46037805270662446,1247.83,1252.3,1249.77,1253.67,1246.52,1,13.616666666666667,-0.1916083916084057,-0.5454545454545512,-0.16223776223777162,-0.5160839160839171,0.0,0.0,0.0
209,2014,4.410000000000082,0.29045916447121356,1247.21,1244.26,1243.58,1249.28,1244.87,-1,13.55,0.13832199546482735,0.2925170068027074,0.2290249433106513,0.3832199546485313,0.0,0.0,0.0
210,2014,9.200000000000045,0.6201550387596935,1235.57,1226.76,1229.84,1243.49,1234.29,-1,13.133333333333333,0.8184782608695582,0.4836956521739156,0.8728260869565144,0.5380434782608718,0.0,0.0,0.0
211,2014,3.4099999999998545,0.2379741787547881,1232.96,1229.37,1230.73,1233.84,1230.43,1,13.033333333333333,-1.3108504398827618,-0.9120234604105668,-1.2932551319648886,-0.8944281524926935,1.0,1.0,0.0
212,2014,3.150000000000091,0.2448639644641941,1231.23,1229.03,1228.15,1231.74,1228.59,-1,13.566666666666666,-0.13968253968255298,0.1396825396824808,0.03809523809527453,0.3174603174603083,0.0,0.0,0.0
213,2014,9.099999999999909,0.7229599364430761,1232.55,1229.65,1228.52,1235.48,1226.38,0,,,,,,,,
214,2014,8.490000000000009,0.6987654320987675,1222.06,1223.13,1211.23,1229.53,1221.04,0,,,,,,,,
215,2014,6.839999999999918,0.5379170879676384,1205.68,1198.57,1198.69,1206.56,1199.72,1,13.0,-1.1681286549707754,-1.1505847953216353,-1.0394736842105574,-1.021929824561417,1.0,1.0,0.0
216,2014,15.049999999999955,1.1110525205652804,1164.67,1166.06,1171.78,1177.62,1162.57,-1,13.016666666666667,-0.2318936877076425,-0.6119601328903698,-0.18936877076411412,-0.5694352159468413,0.0,0.0,0.0
217,2014,6.059999999999945,0.39205175600739084,1170.57,1168.37,1167.44,1173.75,1167.69,-1,15.033333333333333,-0.1122112211220862,0.04125412541254163,0.10726072607262324,0.26072607260725106,0.0,0.0,0.0
218,2014,10.149999999999864,0.6482072803576234,1169.86,1171.21,1168.69,1174.85,1164.7,0,,,,,,,,
219,2014,11.779999999999973,0.8149026583654497,1140.45,1147.65,1145.5,1149.47,1137.69,1,15.8,-0.15449915110356033,-0.33701188455008796,-0.14176570458402796,-0.3242784380305556,0.0,0.0,0.0
220,2014,3.990000000000009,0.24891938861904625,1144.61,1146.4,1144.84,1146.73,1142.74,1,13.45,-0.08270676691727481,-0.4736842105263398,0.055137844611535536,-0.33583959899752946,1.0,1.0,0.0
221,2014,6.729999999999791,0.41727192205490293,1145.8,1162.77,1171.02,1148.11,1141.38,1,13.4,2.178306092124894,3.4041604754830304,2.239227340267519,3.4650817236256555,0.0,0.0,1.0
222,2014,7.670000000000073,0.41416284182512836,1166.36,1163.67,1151.19,1173.14,1165.47,-1,14.666666666666666,0.23468057366361636,1.8617992177314,0.37679269882657696,2.0039113428943605,0.0,0.0,1.0
223,2014,11.220000000000027,0.5613207547169827,1153.71,1154.6,1168.39,1158.33,1147.11,1,14.833333333333334,-0.3324420677361862,0.896613190730851,-0.29679144385028045,0.9322638146167568,0.0,0.0,1.0
224,2014,4.930000000000064,0.2315408098225397,1163.21,1164.95,1158.88,1166.25,1161.32,1,13.2,-0.2636916835699671,-1.4949290060851512,-0.21298174442189471,-1.444219066937079,0.0,1.0,0.0
225,2014,9.329999999999927,0.4462894628946254,1161.74,1161.9,1160.89,1164.23,1154.9,1,13.5,-0.24973204715969405,-0.3579849946409372,-0.12647374062163402,-0.2347266881028772,0.0,0.0,0.0
226,2014,3.7199999999998,0.17279936295164797,1151.69,1175.37,1188.01,1155.35,1151.63,-1,13.0,-6.381720430107811,-9.779569892473612,-6.3655913978497605,-9.763440860215562,1.0,1.0,1.0
227,2014,8.160000000000082,0.3345829428303688,1187.79,1184.17,1185.22,1192.76,1184.6,-1,14.083333333333334,0.05269607843135196,-0.07598039215687648,0.12622549019607382,-0.002450980392154609,0.0,0.0,0.0
228,2014,12.089999999999918,0.4961744789376449,1198.59,1194.92,1194.09,1204.62,1192.53,-1,14.6,-0.19768403639372342,-0.1290322580645125,-0.12737799834573812,-0.0587262200165272,0.0,0.0,0.0
229,2014,8.720000000000027,0.35896380369902203,1195.9,1179.76,1186.28,1202.15,1193.43,-1,15.533333333333333,1.567660550458719,0.8199541284403749,1.69036697247706,0.9426605504587158,0.0,0.0,1.0
230,2014,12.210000000000036,0.4919844581954249,1191.1,1188.82,1194.23,1197.02,1184.81,0,,,,,,,,
231,2014,13.990000000000009,0.6004291845493561,1198.91,1204.83,1199.41,1200.78,1186.79,1,13.016666666666667,0.28949249463902443,-0.09792709077912008,0.3545389563974291,-0.03288062902071542,0.0,0.0,0.0
232,2014,4.660000000000082,0.1947811548337048,1196.19,1199.06,1198.09,1197.39,1192.73,1,13.466666666666667,0.35836909871240685,0.15021459227463643,0.37553648068668866,0.16738197424891824,0.0,0.0,0.0
233,2014,5.899999999999864,0.24667761684335673,1199.55,1199.64,1198.46,1202.84,1196.94,-1,13.166666666666666,-0.45762711864408606,-0.2576271186440707,-0.37118644067798395,-0.1711864406779685,0.0,0.0,1.0
234,2014,5.169999999999845,0.22925376916254203,1197.18,1198.86,1197.68,1200.1,1194.93,-1,13.2,-0.7601547388781342,-0.5319148936170371,-0.6344294003868609,-0.4061895551257639,0.0,0.0,0.0
237,2014,29.159999999999854,1.4970846015622057,1176.82,1197.49,1211.93,1184.1,1154.94,1,13.333333333333334,0.45919067215364084,0.9543895747599552,0.5085733882030179,1.0037722908093323,0.0,0.0,1.0
238,2014,13.990000000000009,0.612272968833037,1193.96,1201.01,1199.28,1205.98,1191.99,0,,,,,,,,
239,2014,8.809999999999945,0.37875019192384246,1202.91,1211.18,1209.29,1208.27,1199.46,1,15.466666666666667,0.3303064699205562,0.1157775255391587,0.4211123723042065,0.20658342792280904,0.0,0.0,0.0
240,2014,5.180000000000064,0.21842715580856284,1204.53,1209.27,1207.53,1206.41,1201.23,1,13.016666666666667,0.552123552123526,0.2162162162161925,0.6081081081081182,0.27220077220078465,0.0,0.0,1.0
241,2014,7.839999999999918,0.3691272910711248,1203.23,1194.93,1190.69,1205.06,1197.22,1,13.016666666666667,-1.2920918367346923,-1.8329081632653113,-1.2487244897959269,-1.7895408163265458,1.0,1.0,0.0
242,2014,4.329999999999927,0.19816933638443626,1193.81,1193.45,1203.32,1198.04,1193.71,-1,13.0,0.06004618937644233,-2.21939953810625,0.08314087759813071,-2.1963048498845614,1.0,1.0,0.0
243,2014,10.769999999999982,0.4944741416062697,1211.43,1229.62,1229.77,1214.18,1203.41,1,13.0,1.4336118848653532,1.447539461467033,1.6889507892293276,1.7028783658310074,0.0,0.0,1.0
244,2014,9.960000000000036,0.4402904957372927,1230.49,1228.24,1228.17,1234.78,1224.82,0,,,,,,,,
245,2014,6.980000000000018,0.3152461449125758,1221.69,1222.6,1226.96,1224.67,1217.69,-1,13.616666666666667,-0.7034383954154501,-1.328080229226355,-0.4871060171919563,-1.111747851002861,1.0,1.0,0.0
246,2014,7.269999999999982,0.3327775053130612,1224.25,1222.93,1222.13,1227.32,1220.05,-1,14.083333333333334,-0.3961485557084066,-0.28610729023385967,-0.2943603851444437,-0.18431911966989667,0.0,0.0,0.0
247,2014,9.769999999999982,0.44419186178676917,1207.95,1213.27,1197.92,1217.25,1207.48,-1,13.0,-0.5926305015353096,0.9785056294779901,-0.5445240532241501,1.0266120777891496,0.0,0.0,1.0
248,2014,28.819999999999936,1.2265321011673125,1216.31,1191.28,1193.9,1223.47,1194.65,-1,15.65,0.11693268563498008,0.02602359472588486,0.1943095072866117,0.10340041637751647,0.0,0.0,0.0
249,2014,8.440000000000055,0.32988078952511446,1198.67,1196.53,1187.78,1202.9,1194.46,-1,15.066666666666666,-0.24526066350709988,0.7914691943127986,0.024881516587681875,1.0616113744075804,0.0,0.0,0.0
250,2014,16.059999999999945,0.6186610901686684,1203.61,1195.0,1195.96,1213.82,1197.76,-1,15.116666666666667,0.17185554171855544,0.11207970112079456,0.236612702366125,0.17683686176836413,0.0,0.0,0.0
251,2014,6.399999999999864,0.24715877744675632,1197.08,1198.29,1195.61,1200.35,1193.95,0,,,,,,,,
252,2014,5.75,0.27214334009465857,1195.69,1189.28,1175.21,1200.38,1194.63,-1,14.066666666666666,0.9304347826087194,3.3773913043478387,1.140869565217382,3.5878260869565013,0.0,0.0,1.0
253,2014,6.600000000000136,0.29823768639856024,1178.71,1179.21,1174.81,1183.21,1176.61,-1,13.033333333333333,-0.39393939393940647,0.2727272727272602,-0.24242424242425809,0.4242424242424086,0.0,0.0,0.0
256,2014,13.7199999999998,0.6845575394703913,1196.72,1193.92,1193.81,1199.1,1185.38,0,,,,,,,,
257,2014,5.630000000000109,0.27863404977376094,1192.44,1181.54,1181.0,1196.22,1190.59,-1,14.583333333333334,1.6074600355239395,1.7033747779750856,1.7495559502664202,1.8454706927175664,0.0,0.0,1.0
258,2014,8.309999999999945,0.44294688749285815,1183.39,1205.65,1199.83,1190.8,1182.49,1,13.4,1.7870036101083313,1.0866425992779822,2.158844765342981,1.458483754512632,0.0,0.0,1.0
259,2014,4.120000000000118,0.20664206642067023,1196.77,1184.16,1183.88,1199.93,1195.81,-1,13.2,2.827669902912507,2.8956310679610424,2.905339805825166,2.973300970873701,0.0,0.0,1.0
261,2015,14.460000000000036,0.7292428395946752,1176.57,1187.88,1185.16,1187.96,1173.5,-1,13.333333333333334,-0.9944674965421904,-0.8063623789764905,-0.8430152143845107,-0.6549100968188107,1.0,1.0,0.0
262,2015,10.559999999999945,0.5434834554431033,1188.59,1198.65,1203.83,1197.34,1186.78,-1,13.033333333333333,-1.1240530303030474,-1.6145833333333375,-1.024621212121233,-1.515151515151523,1.0,1.0,0.0
263,2015,7.620000000000118,0.40949971786437445,1210.15,1208.82,1217.28,1214.23,1206.61,-1,15.433333333333334,-0.2900262467191604,-1.4002624671915889,-0.2349081364829312,-1.3451443569553596,0.0,1.0,0.0
264,2015,7.220000000000027,0.38478375898863115,1212.69,1214.42,1215.65,1218.15,1210.93,-1,13.25,-0.483379501385041,-0.653739612188367,-0.3282548476454445,-0.49861495844877046,0.0,0.0,0.0
265,2015,6.4699999999998,0.36579800745486996,1209.96,1212.47,1207.57,1211.1,1204.63,1,13.516666666666667,0.2117465224111531,-0.5455950540958395,0.3539412673879497,-0.40340030911904295,0.0,0.0,0.0
266,2015,4.689999999999827,0.2606145040743249,1210.46,1217.89,1220.1,1214.07,1209.38,9,,,,,,,,
267,2015,10.589999999999918,0.6279728750958264,1219.77,1225.76,1233.39,1228.12,1217.53,0,,,,,,,,
268,2015,7.880000000000109,0.4557679516469603,1237.65,1235.38,1233.74,1244.13,1236.25,-1,14.55,0.110406091370543,0.3185279187817203,0.2563451776649688,0.4644670050761461,0.0,0.0,1.0
269,2015,7.079999999999927,0.3953209190652969,1231.87,1238.34,1232.91,1232.31,1225.23,1,13.0,0.8516949152542422,0.08474576271188455,0.9138418079096178,0.14689265536726012,0.0,0.0,1.0
270,2015,33.98000000000002,1.7879303800084974,1254.97,1259.09,1258.11,1260.82,1226.84,1,15.116666666666667,-0.050912301353738,-0.0797527957622141,0.04208357857562788,0.013243084167151791,0.0,0.0,0.0
271,2015,7.539999999999964,0.37145079051174623,1260.69,1272.26,1276.77,1262.49,1254.95,1,13.05,1.295755968169765,1.8938992042440375,1.3647214854111422,1.9628647214854147,0.0,0.0,1.0
273,2015,15.450000000000045,0.7985292000310145,1291.3,1291.92,1293.2,1294.03,1278.58,0,,,,,,,,
274,2015,7.149999999999864,0.37099769099338514,1300.81,1289.84,1292.73,1303.33,1296.18,1,13.183333333333334,-1.886713286713324,-1.482517482517498,-1.8419580419580872,-1.4377622377622614,1.0,1.0,0.0
275,2015,10.019999999999982,0.4899242133202944,1288.83,1299.3,1303.65,1289.56,1279.54,1,13.016666666666667,0.9720558882235556,1.406187624750516,1.0518962075848286,1.4860279441117892,0.0,0.0,1.0
276,2015,6.920000000000073,0.3381264833170498,1297.53,1290.7,1291.09,1299.63,1292.71,-1,15.166666666666666,0.2904624277456604,0.2341040462427892,0.5231213872832158,0.4667630057803445,0.0,0.0,1.0
277,2015,13.509999999999991,0.6764905754855322,1284.09,1279.3,1281.1,1289.33,1275.82,0,,,,,,,,
278,2015,6.080000000000155,0.3023693652090589,1283.12,1294.35,1293.88,1283.39,1277.31,1,13.0,1.802631578947291,1.7253289473683786,1.8470394736841667,1.769736842105254,0.0,0.0,1.0
279,2015,6.179999999999836,0.29122488134907826,1290.28,1288.08,1285.09,1292.56,1286.38,1,13.316666666666666,-0.7249190938511548,-1.2087378640777064,-0.6391585760518043,-1.1229773462783557,1.0,1.0,0.0
280,2015,17.54000000000019,0.8211885095141039,1267.97,1264.26,1256.24,1281.38,1263.84,-1,15.816666666666666,-0.023945267958954856,0.4332953249714838,0.039908779931587104,0.49714937286202576,0.0,0.0,0.0
281,2015,5.400000000000091,0.2392329356665967,1263.35,1273.55,1282.25,1266.01,1260.61,-1,13.433333333333334,-2.396296296296266,-4.007407407407358,-2.2722222222221804,-3.883333333333273,1.0,1.0,0.0
282,2015,9.039999999999964,0.3890323373908746,1272.77,1272.84,1280.17,1280.27,1271.23,-1,13.5,-0.178097345132733,-0.9889380530973552,-0.1371681415929219,-0.948008849557544,0.0,1.0,0.0
283,2015,15.190000000000055,0.6531527381062089,1271.3,1258.66,1263.09,1284.97,1269.78,-1,13.0,0.7320605661619388,0.4404213298222535,0.8321263989466641,0.5404871626069787,0.0,0.0,0.0
284,2015,8.519999999999982,0.354461977355798,1269.22,1261.93,1265.59,1271.43,1262.91,1,15.133333333333333,-1.1150234741784062,-0.6854460093896899,-0.9096244131455419,-0.4800469483568256,1.0,1.0,0.0
285,2015,10.019999999999982,0.4479356260178166,1261.77,1260.85,1265.27,1268.79,1258.77,-1,14.583333333333334,-0.20758483033931446,-0.6487025948103804,-0.10179640718562712,-0.5429141716566931,0.0,0.0,0.0
286,2015,5.519999999999982,0.254629324546951,1264.85,1233.87,1234.4,1268.08,1262.56,-1,13.133333333333333,5.197463768115969,5.1014492753623095,5.26268115942034,5.16666666666668,0.0,0.0,1.0
287,2015,6.009999999999991,0.2507226079442168,1238.94,1240.92,1241.07,1243.51,1237.5,-1,13.9,-0.5690515806988482,-0.5940099833610551,-0.5291181364392793,-0.5540765391014862,0.0,0.0,0.0
288,2015,10.440000000000055,0.45354682554459275,1238.66,1237.77,1234.29,1243.93,1233.49,-1,14.55,-0.40996168582375003,-0.0766283524904167,-0.33045977011494515,0.002873563218388176,0.0,0.0,0.0
289,2015,5.1099999999999,0.22607761344962232,1236.55,1222.79,1220.54,1238.09,1232.98,-1,13.666666666666666,1.9941291585127698,2.4344422700587667,2.0528375733855606,2.4931506849315572,0.0,0.0,1.0
290,2015,11.409999999999854,0.5145102586401189,1223.69,1222.66,1222.27,1232.87,1221.46,-1,15.266666666666667,-0.10517090271692031,-0.07099035933391373,-0.018404907975463545,0.01577563540754303,0.0,0.0,0.0
291,2015,6.089999999999918,0.2779643334528697,1225.11,1232.29,1229.06,1229.26,1223.17,1,13.583333333333334,0.4975369458128101,-0.03284072249590282,0.7405582922824386,0.21018062397372578,0.0,0.0,0.0
293,2015,5.7999999999999545,0.29193931113827304,1219.93,1207.73,1207.14,1224.58,1218.78,1,14.016666666666667,-2.9051724137931108,-3.0068965517241315,-2.8568965517241494,-2.9586206896551706,1.0,1.0,0.0
294,2015,8.220000000000027,0.3908303616912895,1206.93,1206.19,1207.9,1210.79,1202.57,1,14.633333333333333,-0.5596107055960942,-0.35158150851579845,-0.4683698296836857,-0.26034063260338997,0.0,1.0,0.0
295,2015,9.25,0.46703693017887943,1220.88,1208.6,1207.8,1222.88,1213.63,-1,14.05,0.5437837837838054,0.630270270270287,0.7059459459459676,0.7924324324324491,0.0,0.0,0.0
296,2015,13.38000000000011,0.7011266234981516,1213.9,1206.61,1199.87,1214.89,1201.51,1,13.866666666666667,-0.6188340807174987,-1.1225710014947747,-0.5657698056801272,-1.0695067264574032,0.0,1.0,0.0
297,2015,11.549999999999955,0.6057767954145246,1196.57,1204.33,1201.27,1201.83,1190.28,1,13.45,0.2164502164502173,-0.048484848484843954,0.387878787878791,0.12294372294372972,0.0,0.0,0.0
298,2015,7.180000000000064,0.39163127751587906,1200.93,1199.44,1199.93,1201.66,1194.48,-1,15.0,-0.6908077994428958,-0.759052924791086,-0.5417827298050231,-0.6100278551532131,1.0,1.0,0.0
299,2015,3.6399999999998727,0.20057464478292633,1207.62,1203.96,1203.44,1210.06,1206.42,1,13.2,-1.6758241758242094,-1.8186813186813524,-1.5384615384615672,-1.6813186813187102,1.0,1.0,0.0
300,2015,8.220000000000027,0.4649133438371114,1216.37,1208.83,1207.61,1219.88,1211.66,1,13.5,-1.3442822384428401,-1.4927007299270278,-1.0072992700729861,-1.1557177615571739,1.0,1.0,0.0
301,2015,5.189999999999827,0.3252170799391165,1209.93,1217.6,1213.66,1209.62,1204.43,1,13.0,1.5375722543353147,0.7784200385357082,1.477842003853584,0.7186897880539773,0.0,0.0,1.0
302,2015,6.430000000000064,0.39387442572741516,1216.4,1208.42,1205.44,1219.3,1212.87,1,13.033333333333333,-1.692068429237912,-2.1555209953343333,-1.5536547433903438,-2.017107309486765,1.0,1.0,0.0
303,2015,3.8900000000001,0.23448869752422496,1210.72,1203.35,1202.9,1211.2,1207.31,1,13.0,-2.017994858611808,-2.1336760925449205,-1.8946015424164342,-2.010282776349546,1.0,1.0,0.0
304,2015,5.370000000000118,0.3275959736807766,1203.86,1202.49,1199.75,1207.16,1201.79,1,13.383333333333333,-0.8696461824953389,-1.3798882681564095,-0.6741154562383261,-1.1843575418993966,1.0,1.0,0.0
305,2015,4.710000000000036,0.29129301585899314,1201.41,1206.18,1200.64,1202.55,1197.84,1,13.083333333333334,0.7707006369426924,-0.40552016985134604,0.8641188959660578,-0.3121019108279806,0.0,1.0,1.0
306,2015,5.3900000000001,0.33195495336970404,1196.19,1176.34,1168.23,1198.21,1192.82,-1,13.5,3.0575139146567185,4.5621521335806055,3.5751391465676483,5.079777365491535,0.0,0.0,1.0
307,2015,4.139999999999873,0.22613241777534243,1171.9,1168.45,1166.73,1175.3,1171.16,-1,13.233333333333333,0.6545893719807052,1.0700483091787922,0.7391304347826182,1.1545893719807052,0.0,0.0,1.0
308,2015,14.329999999999927,0.8513112110667841,1167.88,1162.92,1161.02,1169.54,1155.21,1,13.583333333333334,-0.461967899511509,-0.594556873691558,-0.40334961618981174,-0.5359385903698606,0.0,0.0,0.0
309,2015,6.720000000000027,0.40151935470103767,1158.82,1152.37,1153.77,1163.4,1156.68,-1,13.666666666666666,0.6413690476190708,0.4330357142857247,0.6711309523809822,0.4627976190476361,0.0,0.0,1.0
310,2015,7.069999999999936,0.4221795692045161,1156.6,1151.18,1153.29,1162.76,1155.69,-1,13.7,0.6379066478076424,0.3394625176803554,0.6619519094766447,0.3635077793493578,0.0,0.0,1.0
311,2015,6.230000000000018,0.3705340073919876,1158.61,1153.88,1155.18,1160.24,1154.01,-1,14.433333333333334,0.0208667736757434,-0.18780096308187308,0.10914927768857693,-0.09951845906903956,0.0,0.0,0.0
312,2015,9.11999999999989,0.5655813953488282,1153.8,1152.6,1154.75,1162.84,1153.72,-1,14.35,0.12280701754387409,-0.11293859649122644,0.13377192982456598,-0.10197368421053452,0.0,0.0,0.0
313,2015,6.1400000000001,0.3824523936643578,1149.84,1149.37,1148.43,1155.88,1149.74,-1,13.0,0.06026058631923652,0.21335504885992249,0.0765472312703615,0.2296416938110475,1.0,1.0,1.0
314,2015,6.649999999999864,0.40301285658628516,1148.21,1151.57,1170.77,1152.81,1146.16,0,,,,,,,,
315,2015,8.329999999999927,0.47697341513291885,1162.37,1170.89,1170.1,1167.83,1159.5,1,14.333333333333334,0.36734693877553415,0.27250900360144076,0.4645858343337517,0.36974789915965833,0.0,0.0,0.0
316,2015,5.809999999999945,0.3280367801258227,1170.52,1183.2,1183.24,1175.1,1169.29,1,13.316666666666666,1.3941480206540813,1.401032702237552,1.478485370051674,1.4853700516351447,0.0,0.0,1.0
317,2015,5.880000000000109,0.3312542754818775,1182.71,1187.27,1190.54,1185.18,1179.3,1,13.266666666666667,0.35544217687072777,0.9115646258503062,0.38095238095237544,0.9370748299319539,0.0,0.0,1.0
318,2015,7.900000000000091,0.4582746332974273,1192.28,1189.33,1193.65,1194.92,1187.02,-1,13.65,-0.292405063291129,-0.8392405063291181,-0.07468354430378625,-0.6215189873417754,0.0,0.0,0.0
319,2015,7.339999999999918,0.4277033214018091,1197.29,1197.87,1195.59,1197.98,1190.64,1,13.0,-0.01498637602181588,-0.3256130790190908,0.07901907356947326,-0.2316076294278017,0.0,0.0,0.0
320,2015,15.589999999999918,0.9082057256990618,1204.78,1204.46,1203.29,1219.56,1203.97,-1,13.0,-0.03143040410519639,0.043617703656194176,0.020525978191144195,0.09557408595253476,0.0,0.0,0.0
321,2015,7.289999999999964,0.4465934450619148,1200.09,1199.33,1198.57,1202.98,1195.69,-1,13.733333333333333,-0.4993141289437436,-0.3950617283950475,-0.4128943758573396,-0.3086419753086435,0.0,0.0,0.0
322,2015,8.919999999999845,0.5368642792657136,1183.11,1184.95,1186.3,1191.58,1182.66,-1,14.166666666666666,-0.2567264573991035,-0.40807174887891656,-0.23542600896862925,-0.38677130044844227,0.0,0.0,0.0
323,2015,7.429999999999836,0.4454054979874866,1184.21,1187.92,1183.13,1185.87,1178.44,1,13.05,0.27590847913865774,-0.3687752355316073,0.36204576043070175,-0.2826379542395633,0.0,0.0,0.0
324,2015,5.5499999999999545,0.3405803454019432,1184.96,1198.96,1204.29,1186.33,1180.78,1,13.25,2.275675675675714,3.236036036036069,2.4954954954955406,3.4558558558558956,0.0,0.0,1.0
325,2015,5.980000000000018,0.35185340842229235,1204.64,1196.68,1200.69,1207.13,1201.15,-1,13.583333333333334,0.7474916387959889,0.07692307692308277,0.7491638795986629,0.07859531772575683,0.0,0.0,1.0
327,2015,6.379999999999882,0.38006893323687685,1217.2,1222.39,1218.12,1223.33,1216.95,-1,13.016666666666667,-0.8526645768025322,-0.18338557993728324,-0.8291536050157193,-0.15987460815047033,0.0,1.0,0.0
328,2015,6.089999999999918,0.3652173913043432,1210.39,1213.68,1209.16,1213.54,1207.45,1,15.233333333333333,0.022988505747143173,-0.7192118226600888,0.016420361247970076,-0.7257799671592619,0.0,0.0,0.0
329,2015,6.309999999999945,0.4167964142486403,1206.55,1203.51,1200.96,1212.27,1205.96,-1,13.0,0.3882725832012784,0.7923930269413698,0.48177496038034706,0.8858954041204384,0.0,0.0,1.0
330,2015,7.970000000000027,0.5353099213202863,1201.58,1195.46,1193.94,1202.04,1194.07,1,13.0,-0.8255959849435263,-1.0163111668757694,-0.7678795483061317,-0.9585947302383747,1.0,1.0,0.0
331,2015,11.529999999999973,0.8096503987560802,1201.89,1207.65,1207.02,1205.51,1193.98,1,13.6,0.18560277536861275,0.13096270598438808,0.27666955767563417,0.2220294882914095,0.0,0.0,0.0
332,2015,8.019999999999982,0.5484832201651109,1199.07,1199.36,1199.33,1205.61,1197.59,1,14.0,-0.779301745635912,-0.783042394014961,-0.5947630922693541,-0.5985037406484031,0.0,1.0,0.0
333,2015,8.759999999999991,0.5889641262065984,1187.69,1197.52,1192.88,1195.02,1186.26,-1,13.15,-1.2853881278538817,-0.7557077625570919,-1.2522831050228356,-0.7226027397260458,1.0,1.0,0.0
334,2015,5.5,0.36202924444026546,1191.27,1195.63,1203.29,1194.47,1188.97,-1,13.483333333333333,-1.2109090909091058,-2.603636363636352,-1.1145454545454745,-2.5072727272727207,1.0,1.0,0.0
335,2015,5.180000000000064,0.3567844140509736,1207.19,1197.2,1199.68,1209.02,1203.84,-1,14.166666666666666,1.2818532818532415,0.8030888030887652,1.3725868725868364,0.8938223938223601,0.0,0.0,1.0
336,2015,7.470000000000027,0.5126470588235319,1205.85,1205.3,1204.19,1207.76,1200.29,0,,,,,,,,
337,2015,11.650000000000091,0.8225741375832223,1199.19,1193.68,1194.37,1208.71,1197.06,-1,13.516666666666667,0.29012875536479443,0.23090128755365094,0.3304721030042815,0.27124463519313796,0.0,0.0,0.0
338,2015,9.160000000000082,0.6291517441004817,1201.91,1197.77,1202.28,1202.25,1193.09,0,,,,,,,,
339,2015,5.710000000000036,0.4269386883144654,1200.45,1187.38,1186.86,1203.98,1198.27,-1,13.866666666666667,1.9071803852889322,1.9982486865148879,2.0157618213660102,2.1068301225919654,0.0,0.0,1.0
340,2015,6.680000000000064,0.48045209350116025,1190.99,1191.84,1196.15,1192.05,1185.37,1,15.966666666666667,-0.03143712574850814,0.6137724550898349,-0.005988023952124343,0.6392215568862187,0.0,0.0,0.0
341,2015,9.220000000000027,0.6471148543640659,1188.31,1178.28,1178.46,1195.95,1186.73,-1,13.566666666666666,0.916485900216922,0.896963123644247,0.9718004338394804,0.9522776572668055,0.0,0.0,1.0
342,2015,7.269999999999982,0.4963425338925176,1186.53,1203.25,1202.99,1187.48,1180.21,1,13.583333333333334,2.169188445667128,2.1334250343878995,2.181568088033004,2.1458046767537757,0.0,0.0,1.0
343,2015,5.220000000000027,0.32429554027069124,1202.88,1213.03,1212.71,1204.9,1199.68,1,13.516666666666667,1.5574712643677853,1.4961685823754607,1.7988505747126098,1.7375478927202852,0.0,0.0,1.0
344,2015,5.300000000000182,0.3278543655001875,1208.37,1210.23,1205.85,1209.67,1204.37,1,13.5,0.10566037735847664,-0.7207547169811382,-0.17358490566038512,-1.0,0.0,1.0,0.0
345,2015,7.220000000000027,0.44157092307020285,1205.34,1182.46,1183.96,1207.16,1199.94,1,13.35,-3.4210526315789407,-3.213296398891961,-3.403047091412721,-3.1952908587257407,1.0,1.0,0.0
346,2015,4.699999999999818,0.2724186470149759,1179.62,1173.61,1174.72,1183.58,1178.88,-1,13.083333333333334,1.1212765957447688,0.8851063829787751,1.2489361702128394,1.0127659574468457,0.0,0.0,1.0
347,2015,3.9600000000000364,0.22720380312282432,1181.11,1191.4,1190.0,1184.38,1180.42,1,13.983333333333333,1.7727272727272518,1.4191919191918787,1.830808080808064,1.4772727272726907,0.0,0.0,1.0
348,2015,6.75,0.3910776361529539,1190.9,1196.38,1193.45,1193.19,1186.44,1,13.333333333333334,0.47259259259260067,0.03851851851851717,0.6281481481481495,0.194074074074066,0.0,0.0,0.0
349,2015,7.769999999999982,0.45330666333291464,1189.15,1189.52,1190.31,1195.96,1188.19,1,13.333333333333334,-0.8288288288288378,-0.7271557271557406,-0.7155727155727102,-0.613899613899613,0.0,0.0,0.0
350,2015,6.970000000000027,0.41519870649306523,1186.08,1182.97,1183.12,1187.77,1180.8,-1,13.5,-0.3113342898134956,-0.33285509325680446,0.259684361549489,0.23816355810618012,1.0,1.0,0.0
351,2015,4.720000000000027,0.2770649895178208,1186.15,1185.37,1187.96,1188.8,1184.08,-1,13.366666666666667,-0.27330508474575343,-0.8220338983051031,-0.2605932203389372,-0.8093220338982869,1.0,1.0,0.0
352,2015,4.589999999999918,0.27630390850066106,1188.02,1187.98,1183.1,1188.57,1183.98,1,13.133333333333333,-0.1285403050108777,-1.1917211328976307,-0.13071895424834853,-1.1938997821351016,0.0,1.0,0.0
353,2015,14.449999999999818,0.8639022932057795,1194.11,1190.75,1194.07,1197.09,1182.64,0,,,,,,,,
354,2015,6.410000000000082,0.3889057421451837,1196.78,1214.14,1214.31,1198.39,1191.98,1,13.483333333333333,2.457098283931326,2.483619344773735,2.5834633385335355,2.6099843993759446,0.0,0.0,1.0
355,2015,6.6099999999999,0.37819281539907096,1217.8,1221.6,1222.06,1219.78,1213.17,1,13.3,0.2753403933434136,0.3449319213313173,0.3313161875945326,0.40090771558243626,0.0,0.0,1.0
356,2015,10.559999999999945,0.6200562009814173,1213.38,1223.22,1224.83,1221.53,1210.97,1,15.016666666666667,0.16003787878788478,0.31249999999999734,0.1903409090909092,0.3428030303030217,0.0,0.0,0.0
357,2015,6.1599999999998545,0.3833400008889991,1226.0,1228.32,1225.01,1231.11,1224.95,-1,13.466666666666667,-0.5470779220779173,-0.009740259740251112,-0.5,0.03733766233766617,0.0,0.0,0.0
358,2015,6.810000000000173,0.4334424440807538,1220.06,1209.23,1207.9,1223.92,1217.11,-1,13.516666666666667,1.1571218795887932,1.3524229074889245,1.2452276064610577,1.440528634361189,0.0,0.0,1.0
359,2015,5.819999999999936,0.3591484109842611,1209.85,1210.52,1210.79,1210.75,1204.93,1,13.083333333333334,-0.03951890034364617,0.0068728522336708,-0.017182130584177002,0.029209621993139968,0.0,0.0,0.0
360,2015,4.330000000000155,0.2930767743183249,1208.36,1205.95,1205.75,1212.18,1207.85,-1,13.016666666666667,0.438799076212424,0.48498845265585083,0.6258660508083002,0.672055427251727,0.0,0.0,1.0
361,2015,6.379999999999882,0.4410864197530797,1211.89,1206.08,1205.22,1214.8,1208.42,-1,13.5,0.36677115987463776,0.5015673981191386,0.4137931034482992,0.5485893416928002,0.0,0.0,1.0
363,2015,4.769999999999982,0.34583117555670606,1195.68,1188.88,1188.35,1197.94,1193.17,-1,13.333333333333334,0.8993710691823857,1.0104821802935393,1.0859538784066785,1.1970649895178318,0.0,0.0,1.0
364,2015,6.629999999999882,0.4512835472578691,1185.86,1187.14,1187.4,1190.86,1184.23,-1,13.366666666666667,-0.43891402714934147,-0.4781297134238506,-0.3423831070890271,-0.38159879336353625,0.0,0.0,0.0
365,2015,7.029999999999973,0.4945728643216078,1186.3,1186.99,1189.3,1192.1,1185.07,-1,14.633333333333333,-0.27311522048365294,-0.6017069701280277,-0.21337126600284578,-0.5419630156472205,0.0,0.0,0.0
366,2015,2.9700000000000273,0.20915492957746748,1188.37,1190.48,1190.82,1190.65,1187.68,-1,13.016666666666667,-0.9427609427609188,-1.0572390572390047,-0.8754208754208368,-0.9898989898989227,1.0,1.0,0.0
367,2015,4.529999999999973,0.32640247040658665,1186.44,1200.25,1189.06,1189.05,1184.52,1,13.783333333333333,2.4724061810154776,0.0022075055187618024,2.4944812362030957,0.024282560706379828,0.0,0.0,1.0
368,2015,6.679999999999836,0.4731117519097379,1192.29,1193.62,1193.74,1192.6,1185.92,1,13.0,0.15269461077844412,0.1706586826347497,0.19910179640717962,0.21706586826348517,0.0,0.0,0.0
369,2015,5.9500000000000455,0.46157256053638185,1191.15,1191.17,1185.49,1192.72,1186.77,1,13.033333333333333,-0.26050420168066263,-1.2151260504201618,-0.1747899159663791,-1.1294117647058783,1.0,1.0,0.0
370,2015,5.309999999999945,0.40940632228218665,1182.6,1175.25,1177.25,1185.69,1180.38,-1,13.416666666666666,0.9661016949152847,0.5894538606403279,1.1016949152542315,0.7250470809792747,0.0,0.0,1.0
371,2015,4.1400000000001,0.322411970851652,1173.99,1169.19,1170.58,1177.42,1173.28,-1,13.016666666666667,0.987922705313966,0.6521739130434735,1.0169082125603708,0.6811594202898782,0.0,0.0,1.0
372,2015,3.259999999999991,0.24700979596254766,1173.22,1170.92,1173.99,1175.7,1172.44,-1,13.416666666666666,0.46625766871165214,-0.4754601226993739,0.6963190184049043,-0.2453987730061217,0.0,0.0,0.0
373,2015,7.810000000000173,0.6309290248124789,1180.99,1176.81,1177.6,1182.89,1175.08,0,,,,,,,,
374,2015,8.320000000000164,0.6709677419354984,1187.34,1188.08,1186.44,1189.66,1181.34,1,13.35,-0.189903846153861,-0.38701923076922645,-0.18149038461537995,-0.3786057692307454,0.0,0.0,0.0
375,2015,6.4500000000000455,0.5033444816053557,1179.74,1179.15,1182.2,1184.95,1178.5,-1,13.116666666666667,-0.100775193798463,-0.5736434108527162,-0.017054263565911092,-0.4899224806201643,1.0,1.0,0.0
376,2015,5.690000000000055,0.4466498458088074,1181.41,1182.23,1180.4,1184.31,1178.62,-1,13.566666666666666,-0.6344463971880655,-0.3128295254833362,-0.5166959578207427,-0.1950790861160135,0.0,0.0,0.0
377,2015,12.259999999999991,0.956105169340464,1181.13,1181.9,1187.76,1185.04,1172.78,0,,,,,,,,
378,2015,6.009999999999991,0.48025114155251114,1183.2,1178.11,1181.45,1187.8,1181.79,-1,14.183333333333334,0.6123128119800448,0.05657237936770693,0.6755407653910448,0.11980033277870689,0.0,0.0,0.0
379,2015,2.3999999999998636,0.18693668632468058,1179.0,1175.49,1187.01,1180.82,1178.42,-1,13.483333333333333,1.2208333333334294,-3.579166666666836,1.3833333333333855,-3.4166666666668797,0.0,1.0,1.0
380,2015,12.480000000000018,0.9567407731902319,1198.83,1202.08,1201.77,1200.23,1187.75,1,13.333333333333334,0.148237179487172,0.12339743589743281,0.24759615384614692,0.22275641025640774,0.0,0.0,0.0
381,2015,4.740000000000009,0.338467815974702,1202.58,1200.4,1200.53,1203.05,1198.31,1,13.016666666666667,-0.5590717299577761,-0.5316455696202483,-0.5084388185653692,-0.48101265822784145,0.0,0.0,0.0
382,2015,5.5300000000002,0.4248943526700109,1193.76,1185.22,1183.79,1197.89,1192.36,-1,13.35,1.2911392405062594,1.5497287522603302,1.3381555153706322,1.596745027124703,0.0,0.0,1.0
383,2015,7.2999999999999545,0.5386602013387398,1179.8,1178.26,1176.93,1186.93,1179.63,-1,13.666666666666666,0.18767123287672968,0.36986301369863867,0.2835616438356095,0.46575342465751846,0.0,0.0,0.0
384,2015,6.269999999999982,0.47269789983844646,1177.34,1172.72,1174.25,1180.25,1173.98,-1,13.6,0.2009569377990422,-0.043062200956935026,0.25996810207334714,0.01594896331736991,0.0,0.0,0.0
385,2015,5.539999999999964,0.4264115674308612,1174.18,1172.72,1173.09,1177.37,1171.83,-1,14.516666666666667,-0.16064981949460394,-0.227436823104693,-0.07400722021662176,-0.1407942238267108,0.0,0.0,0.0
386,2015,8.409999999999854,0.6822738598829328,1173.64,1171.66,1173.82,1178.59,1170.18,-1,14.266666666666667,-0.17598097502973173,-0.4328180737217522,-0.060642092746730054,-0.3174791914387505,0.0,0.0,0.0
387,2015,5.519999999999982,0.44286532951289137,1178.39,1176.67,1179.71,1181.59,1176.07,1,13.416666666666666,-0.8913043478260619,-0.34057971014490723,-0.6992753623188248,-0.1485507246376701,1.0,1.0,0.0
388,2015,7.019999999999982,0.5532537716730435,1170.87,1170.09,1171.98,1177.43,1170.41,-1,13.0,0.045584045584069026,-0.22364672364671515,0.11111111111110751,-0.15811965811967665,0.0,1.0,0.0
389,2015,3.259999999999991,0.26189246571412006,1172.04,1169.46,1168.37,1174.65,1171.39,-1,13.066666666666666,0.5920245398773218,0.9263803680982262,0.739263803680939,1.0736196319018434,0.0,0.0,1.0
390,2015,6.399999999999864,0.5285512033978165,1160.94,1163.38,1163.66,1166.55,1160.15,-1,13.016666666666667,-0.5046875000000136,-0.5484375000000102,-0.45000000000002666,-0.49375000000002334,1.0,1.0,0.0
392,2015,5.2800000000002,0.4577089783281894,1164.77,1167.15,1170.19,1168.15,1162.87,1,15.616666666666667,-0.1893939393939322,0.3863636363636148,0.045454545454545456,0.6212121212120925,0.0,0.0,1.0
393,2015,4.039999999999964,0.35065096094233894,1164.91,1153.32,1156.68,1168.69,1164.65,-1,13.016666666666667,2.804455445544618,1.9727722772277474,2.856435643564373,2.0247524752475026,0.0,0.0,1.0
394,2015,10.670000000000073,0.8846905537459313,1156.71,1160.63,1161.77,1157.96,1147.29,1,14.2,0.25023430178069866,0.35707591377693715,0.3074039362699323,0.4142455482661708,0.0,0.0,0.0
395,2015,3.339999999999918,0.2839618631201723,1162.09,1163.47,1160.72,1164.75,1161.41,-1,13.25,-0.616766467065867,0.20658682634732678,-0.5778443113772788,0.2455089820359151,1.0,1.0,0.0
396,2015,2.7000000000000455,0.2216098962302902,1162.63,1160.47,1161.39,1163.97,1161.27,-1,13.166666666666666,0.29629629629627446,-0.04444444444448749,0.46666666666665546,0.1259259259258935,0.0,1.0,0.0
397,2015,7.630000000000109,0.6664586972797691,1156.09,1153.74,1156.87,1161.48,1153.85,-1,13.766666666666667,0.014416775884652474,-0.3958060288335437,0.16120576671035394,-0.24901703800784225,0.0,0.0,0.0
398,2015,2.4099999999998545,0.20890347346912186,1153.86,1155.78,1154.55,1155.29,1152.88,1,13.35,0.20331950207470484,-0.30705394190873603,0.25311203319499453,-0.25726141078844633,0.0,0.0,1.0
399,2015,1.8299999999999272,0.16127407780434927,1154.07,1145.47,1148.94,1155.81,1153.98,-1,13.0,4.650273224043896,2.7540983606558274,4.699453551912706,2.803278688524637,0.0,0.0,1.0
400,2015,4.3400000000001455,0.36584778420039726,1144.38,1145.13,1144.87,1147.46,1143.12,-1,13.233333333333333,-0.46313364055303013,-0.4032258064515994,-0.35253456221201585,-0.2926267281105851,1.0,1.0,0.0
401,2015,2.730000000000018,0.23437787453241074,1144.22,1132.73,1132.33,1145.7,1142.97,-1,13.55,3.750915750915729,3.897435897435908,3.864468864468822,4.010989010989001,0.0,0.0,1.0
402,2015,7.730000000000018,0.6595563139931749,1113.57,1106.21,1105.46,1118.26,1110.53,-1,13.833333333333334,0.5588615782664846,0.6558861578266396,0.7050452781371322,0.8020698576972873,0.0,0.0,1.0
403,2015,5.470000000000027,0.38226925572805076,1107.81,1108.09,1098.92,1109.8,1104.33,-1,13.566666666666666,-0.6873857404021887,0.9890310786105717,-0.5941499085923188,1.0822669104204417,0.0,0.0,1.0
404,2015,8.150000000000091,0.5547991831177738,1088.49,1093.48,1093.52,1096.38,1088.23,-1,13.0,-0.6441717791410971,-0.6490797546012153,-0.612269938650301,-0.6171779141104192,0.0,0.0,0.0
405,2015,9.8900000000001,0.6614752532008478,1102.18,1093.24,1089.89,1105.68,1095.79,-1,13.75,0.25783619817997255,0.5965621840242471,0.30839231547016416,0.6471183013144387,0.0,0.0,0.0
406,2015,8.230000000000018,0.5166816143497769,1078.29,1082.12,1096.73,1085.72,1077.49,0,,,,,,,,
407,2015,12.88000000000011,0.7649104946127161,1093.23,1095.39,1095.01,1104.97,1092.09,-1,13.183333333333334,-0.25621118012423555,-0.22670807453416522,-0.22049689440994732,-0.19099378881987697,0.0,0.0,0.0
408,2015,5.650000000000091,0.34347996005037684,1094.08,1095.42,1095.24,1097.22,1091.57,1,14.5,-0.318584070796447,-0.3504424778761038,-0.18407079646016758,-0.21592920353982437,0.0,0.0,0.0
409,2015,3.599999999999909,0.22886204704385918,1096.34,1094.25,1097.1,1098.6,1095.0,-1,13.083333333333334,0.2083333333333386,-0.5833333333333228,0.29722222222221206,-0.49444444444444935,0.0,1.0,1.0
410,2015,3.410000000000082,0.21698027452050314,1085.62,1093.94,1088.67,1087.93,1084.52,-1,13.333333333333334,-2.7624633431084593,-1.2170087976539563,-2.5454545454545032,-1.0,1.0,1.0,0.0
411,2015,3.730000000000018,0.22850391633483683,1081.34,1094.22,1094.27,1083.72,1079.99,1,13.183333333333334,2.8150134048257236,2.828418230562977,3.024128686327056,3.037533512064309,0.0,0.0,1.0
412,2015,7.3599999999999,0.4314004605400822,1090.45,1092.14,1086.45,1097.55,1090.19,-1,13.466666666666667,-0.2649456521739228,0.5081521739130517,-0.19565217391305356,0.5774456521739209,0.0,0.0,0.0
413,2015,6.8400000000001455,0.3907773923689127,1091.81,1092.0,1087.45,1094.63,1087.79,0,,,,,,,,
414,2015,4.589999999999918,0.2622000979272026,1088.39,1084.4,1085.14,1088.78,1084.19,1,13.016666666666667,-0.9542483660130632,-0.7930283224400736,-0.9150326797385387,-0.7538126361655492,1.0,1.0,0.0
415,2015,3.089999999999918,0.1746679048734156,1085.76,1089.53,1090.59,1087.02,1083.93,1,14.066666666666666,0.8122977346278503,1.1553398058252526,1.0970873786407644,1.440129449838167,0.0,0.0,1.0
416,2015,8.25,0.4741573956237943,1091.12,1097.24,1094.02,1097.49,1089.24,-1,13.5,-0.9696969696969697,-0.5793939393939361,-0.5842424242424166,-0.19393939393938292,1.0,1.0,0.0
417,2015,4.710000000000036,0.31344773494319755,1095.76,1103.01,1103.42,1098.45,1093.74,1,15.383333333333333,0.9681528662420191,1.055201698513798,1.0828025477706729,1.169851380042452,0.0,0.0,1.0
418,2015,21.579999999999927,1.393863898500572,1109.14,1107.24,1109.0,1119.35,1097.77,0,,,,,,,,
419,2015,5.080000000000155,0.31441202475686214,1117.21,1122.08,1124.33,1119.65,1114.57,1,13.233333333333333,0.47834645669286663,0.9212598425196248,0.6594488188975999,1.102362204724358,0.0,0.0,1.0
420,2015,7.410000000000082,0.44804353459446,1116.96,1115.67,1114.15,1121.78,1114.37,-1,13.666666666666666,-0.17543859649125068,0.02968960863694973,-0.08097165991904585,0.12415654520915455,0.0,0.0,0.0
421,2015,5.150000000000091,0.32719186785261073,1118.79,1115.05,1113.76,1120.99,1115.84,-1,15.9,0.15339805825241742,0.4038834951456098,0.33980582524271247,0.5902912621359049,0.0,0.0,0.0
422,2015,3.910000000000082,0.2570315067849988,1116.8,1117.26,1117.11,1119.89,1115.98,1,13.616666666666667,-0.672634271099758,-0.7109974424552793,-0.5984654731457466,-0.6368286445012677,0.0,0.0,0.0
423,2015,3.6800000000000637,0.24024248076475166,1118.54,1116.9,1116.42,1121.13,1117.45,-1,13.616666666666667,0.1494565217391155,0.27989130434781384,0.2771739130434685,0.40760869565216684,0.0,0.0,1.0
424,2015,3.369999999999891,0.21999440455095828,1121.17,1127.52,1129.91,1124.09,1120.72,1,13.5,1.0178041543027225,1.727002967359155,0.9554896142433624,1.664688427299795,1.0,1.0,0.0
425,2015,3.880000000000109,0.2506691278264955,1137.98,1149.16,1152.97,1139.97,1136.09,1,13.15,2.3685567010308755,3.3505154639174317,2.3891752577318868,3.371134020618443,0.0,0.0,1.0
426,2015,10.419999999999845,0.67612161661104,1153.39,1153.59,1158.39,1159.32,1148.9,0,,,,,,,,
427,2015,6.679999999999836,0.4212992161455888,1157.28,1158.43,1154.26,1160.09,1153.41,1,13.166666666666666,-0.24850299401196035,-0.8727544910179745,-0.24401197604789246,-0.8682634730539067,0.0,1.0,1.0
428,2015,7.130000000000109,0.4290749656121118,1148.24,1135.87,1139.31,1151.5,1144.37,1,13.333333333333334,-2.1921458625525765,-1.70967741935482,-2.005610098176713,-1.5231416549789567,1.0,1.0,0.0
429,2015,10.329999999999927,0.5902616219746096,1129.75,1122.54,1126.82,1138.83,1128.5,-1,13.533333333333333,0.5769603097773551,0.16263310745402473,0.6340755082284608,0.21974830590513048,0.0,0.0,1.0
430,2015,4.2000000000000455,0.2233024456934555,1126.94,1123.2,1123.98,1129.26,1125.06,-1,13.333333333333334,0.44285714285711425,0.257142857142837,0.5166666666666243,0.330952380952347,0.0,0.0,1.0
431,2015,9.190000000000055,0.4993402157882518,1125.14,1136.42,1134.68,1132.95,1123.76,1,14.666666666666666,0.3775843307943424,0.18824809575625767,0.4428726877040413,0.25353645266595654,0.0,0.0,0.0
432,2015,3.769999999999982,0.20660768809206836,1131.91,1131.57,1134.26,1134.72,1130.95,-1,13.016666666666667,-0.1644562334217225,-0.8779840848806264,-0.1061007957559325,-0.8196286472148363,0.0,1.0,1.0
433,2015,3.939999999999827,0.22902221299563047,1141.17,1138.44,1140.31,1144.62,1140.68,-1,13.016666666666667,0.5685279187817531,0.0939086294416585,0.5888324873096543,0.1142131979695597,1.0,1.0,0.0
434,2015,5.060000000000173,0.30737189222025607,1139.37,1133.67,1133.85,1142.43,1137.37,-1,13.05,0.7312252964426268,0.6956521739130161,0.7687747035572609,0.7332015810276501,0.0,0.0,1.0
435,2015,8.399999999999864,0.5163783261614038,1127.9,1124.43,1124.68,1134.28,1125.88,-1,13.383333333333333,0.17261904761905583,0.1428571428571506,0.2392857142857171,0.20952380952381183,0.0,0.0,0.0
436,2015,3.6700000000000728,0.22239535990997286,1124.19,1119.71,1121.26,1126.04,1122.37,-1,13.15,0.7247956403269215,0.302452316076261,0.7874659400544456,0.3651226158037852,1.0,1.0,0.0
438,2015,3.519999999999982,0.20958618636498838,1122.18,1121.99,1121.58,1122.74,1119.22,1,13.0,-0.2130681818181829,-0.3295454545454795,-0.05397727272728851,-0.1704545454545851,0.0,0.0,1.0
439,2015,3.130000000000109,0.19494616958804828,1119.65,1110.36,1108.37,1122.72,1119.59,-1,13.0,2.948881789137283,3.584664536741098,2.9680511182108202,3.603833865814635,0.0,0.0,1.0
440,2015,2.6400000000001,0.16323646320996993,1107.31,1109.18,1111.61,1108.5,1105.86,1,13.333333333333334,0.25757575757577195,1.1780303030302204,0.31060606060611085,1.2310606060605593,0.0,0.0,1.0
441,2015,5.879999999999882,0.3769230769230692,1105.76,1099.46,1105.24,1111.26,1105.38,-1,13.033333333333333,1.006802721088468,0.0238095238095413,1.0510204081632972,0.06802721088437058,0.0,0.0,1.0
442,2015,5.430000000000064,0.36525248642675656,1105.62,1107.4,1109.25,1108.92,1103.49,0,,,,,,,,
443,2015,5.9500000000000455,0.4314050442798725,1106.09,1104.35,1103.71,1108.44,1102.49,1,13.316666666666666,-0.6873949579832125,-0.7949579831932743,-0.5478991596638598,-0.6554621848739216,0.0,0.0,0.0
444,2015,3.339999999999918,0.27324256413252396,1108.08,1119.56,1119.09,1109.87,1106.53,1,13.433333333333334,2.901197604790507,2.7604790419162435,3.0748502994012674,2.9341317365270045,0.0,0.0,1.0
445,2015,5.529999999999973,0.4294907356041253,1116.33,1118.06,1132.15,1121.35,1115.82,-1,14.116666666666667,-0.40506329113924416,-2.9529837251356663,-0.3562386980108566,-2.904159132007279,0.0,1.0,0.0
446,2015,11.329999999999927,0.8679142044210932,1135.89,1137.26,1137.79,1139.48,1128.15,1,13.65,-0.195939982347753,-0.1491615180935627,-0.03177405119151829,0.015004413062672008,0.0,0.0,0.0
447,2015,9.809999999999945,0.7386650890119894,1130.79,1131.21,1132.34,1139.36,1129.55,0,,,,,,,,
448,2015,9.8599999999999,0.7552248604880109,1128.11,1124.91,1125.87,1136.3,1126.44,-1,13.6,0.15517241379310226,0.05780933062882043,0.24137931034481805,0.14401622718053622,0.0,0.0,0.0
449,2015,7.0499999999999545,0.5265685019206117,1131.0,1130.03,1131.0,1131.43,1124.38,1,14.066666666666666,-0.19858156028370214,-0.06099290780142786,-0.11914893617020192,0.01843971631207234,0.0,0.0,0.0
450,2015,3.1399999999998727,0.23482905982905056,1135.89,1154.54,1151.18,1137.35,1134.21,1,13.25,5.47452229299387,4.404458598726342,5.570063694267745,4.500000000000218,0.0,0.0,1.0
451,2015,5.779999999999973,0.4093691506045418,1144.06,1144.66,1146.63,1146.53,1140.75,1,14.116666666666667,-0.3235294117646885,0.01730103806230742,-0.06574394463665806,0.2750865051903379,0.0,0.0,0.0
452,2015,9.6400000000001,0.6767626115735716,1131.35,1134.28,1133.15,1138.98,1129.34,-1,13.633333333333333,-0.5124481327800833,-0.39522821576764866,-0.4107883817427381,-0.29356846473030346,0.0,0.0,0.0
453,2015,5.2999999999999545,0.35061191702499406,1128.89,1131.38,1128.76,1129.53,1124.23,1,13.0,0.34905660377361364,-0.14528301886792233,0.4698113207547227,-0.024528301886813257,0.0,0.0,0.0
454,2015,7.039999999999964,0.4981803477557605,1123.55,1113.56,1116.04,1126.18,1119.14,-1,13.333333333333334,0.7926136363636624,0.44034090909093077,1.0482954545454755,0.6960227272727438,0.0,0.0,1.0
455,2015,4.130000000000109,0.2848275862069044,1115.06,1115.6,1113.85,1115.16,1111.03,1,13.0,0.10653753026629917,-0.31719128329301166,0.13075060532686425,-0.2929782082324466,0.0,0.0,0.0
456,2015,5.430000000000064,0.38588832487310143,1107.48,1136.18,1137.77,1110.04,1104.61,1,13.4,4.813996316758709,5.106813996316702,4.887661141804724,5.180478821362716,0.0,0.0,1.0
457,2015,7.440000000000055,0.4594618438464969,1132.08,1136.42,1135.52,1137.48,1130.04,1,13.6,-0.14247311827956152,-0.2634408602150567,-0.033602150537634164,-0.15456989247312938,0.0,0.0,0.0
458,2015,3.5499999999999545,0.21452928734838086,1138.72,1149.85,1147.43,1139.8,1136.25,1,13.383333333333333,2.830985915492981,2.1492957746479457,3.0225352112676496,2.340845070422614,0.0,0.0,1.0
459,2015,5.430000000000064,0.33375773806910874,1150.85,1147.19,1146.24,1152.25,1146.82,1,13.266666666666667,-0.9318600368323916,-1.106813996316744,-0.8968692449355127,-1.0718232044198652,1.0,1.0,0.0
460,2015,2.410000000000082,0.1533078880407177,1144.35,1144.74,1142.18,1145.19,1142.78,-1,13.183333333333334,-0.8132780082987426,0.24896265560161357,-0.6680497925310561,0.3941908713693001,1.0,1.0,1.0
461,2015,12.159999999999854,0.7715736040609049,1153.76,1158.04,1156.8,1157.58,1145.42,1,15.783333333333333,0.037828947368424494,-0.06414473684210378,0.1126644736842029,0.010690789473674616,0.0,0.0,0.0
462,2015,4.940000000000055,0.2998092595803743,1168.6,1161.11,1162.16,1168.68,1163.74,1,13.0,-1.5323886639676276,-1.3198380566801438,-1.5161943319837907,-1.3036437246963068,1.0,1.0,0.0
463,2015,6.440000000000055,0.39246071475210315,1156.54,1166.65,1165.54,1158.25,1151.81,1,13.333333333333334,1.3043478260869596,1.1319875776397363,1.5791925465838488,1.4068322981366255,0.0,0.0,1.0
464,2015,11.8599999999999,0.7076070743660703,1167.71,1176.16,1187.73,1176.03,1164.17,-1,13.3,-1.0109612141652706,-1.9865092748735367,-0.9005059021922558,-1.8760539629005217,1.0,1.0,0.0
465,2015,4.2000000000000455,0.2506073392149365,1184.75,1184.91,1186.31,1186.79,1182.59,1,13.283333333333333,-0.4476190476190146,-0.11428571428571738,-0.4119047619047618,-0.07857142857146453,1.0,1.0,1.0
466,2015,6.410000000000082,0.3717019425920599,1177.99,1183.12,1182.06,1181.71,1175.3,1,13.5,0.21996879875192457,0.054602184087348606,0.32137285491418394,0.156006240249608,0.0,0.0,0.0
467,2015,2.9700000000000273,0.1797509942936206,1172.56,1170.83,1172.0,1173.69,1170.72,1,13.333333333333334,-0.962962962962997,-0.5690235690235822,-0.932659932659918,-0.5387205387205032,1.0,1.0,1.0
468,2015,5.1099999999999,0.3103822291639483,1175.25,1177.76,1176.12,1177.34,1172.23,-1,13.8,-1.0821917808219337,-0.761252446183943,-0.9236790606653854,-0.6027397260273948,1.0,1.0,0.0
469,2015,3.9400000000000546,0.24254682965438676,1176.96,1165.92,1167.32,1177.74,1173.8,-1,14.05,1.9999999999999423,1.6446700507614032,2.0177664974618548,1.6624365482233157,0.0,0.0,1.0
470,2015,3.4899999999997817,0.20796799182768705,1166.68,1167.95,1164.67,1169.87,1166.38,-1,13.483333333333333,-0.44985673352436517,0.4899713467049121,-0.41547277936966653,0.5243553008596108,1.0,1.0,0.0
471,2015,8.899999999999864,0.6004240555127105,1178.99,1163.54,1165.75,1179.33,1170.43,-1,14.266666666666667,0.7741573033708097,0.5258426966292287,0.7730337078651927,0.5247191011236118,0.0,0.0,1.0
472,2015,5.869999999999891,0.3796544396193209,1165.75,1166.27,1163.61,1168.25,1162.38,1,14.016666666666667,-0.337308347529822,-0.7904599659284814,-0.2930153321976251,-0.7461669505962846,0.0,0.0,0.0
473,2015,7.279999999999973,0.4910860557001026,1162.37,1166.95,1166.23,1168.72,1161.44,-1,13.0,-0.7568681318681335,-0.6579670329670304,-0.6291208791209028,-0.5302197802197997,0.0,0.0,0.0
474,2015,5.490000000000009,0.3770974389166903,1174.58,1179.38,1156.7,1175.3,1169.81,1,13.35,0.7431693989071307,-3.3879781420764807,0.8324225865209757,-3.2987249544626356,0.0,1.0,1.0
475,2015,9.279999999999973,0.5912980156562861,1154.36,1149.85,1146.14,1161.94,1152.66,-1,13.433333333333334,0.30280172413795053,0.7025862068965518,0.38254310344829656,0.7823275862068979,0.0,0.0,0.0
476,2015,9.340000000000146,0.6018318221567717,1141.82,1139.83,1141.45,1149.94,1140.6,-1,14.983333333333333,0.08244111349036079,-0.09100642398288257,0.1391862955032293,-0.03426124197001406,0.0,0.0,0.0
477,2015,4.829999999999927,0.31609947643978537,1138.08,1134.51,1135.2,1141.04,1136.21,-1,14.183333333333334,0.35196687370601887,0.20910973084886256,0.43271221532090054,0.28985507246374426,0.0,0.0,0.0
478,2015,6.420000000000073,0.434307803817352,1132.11,1122.93,1117.96,1137.14,1130.72,-1,13.216666666666667,1.2133956386292641,1.9875389408099449,1.2352024922117986,2.0093457943924795,0.0,0.0,1.0
479,2015,4.369999999999891,0.29915407559531765,1116.93,1112.52,1108.28,1119.87,1115.5,1,13.1,-1.6819221967963598,-2.6521739130435256,-1.8329519450801353,-2.8032036613273013,1.0,1.0,0.0
480,2015,5.3599999999999,0.3683487139210608,1107.26,1107.04,1105.17,1111.09,1105.73,-1,14.766666666666667,-0.24440298507462124,0.10447761194029027,-0.035447761194040694,0.31343283582087084,0.0,0.0,0.0
481,2015,2.369999999999891,0.16414366280794723,1108.48,1087.76,1087.91,1109.31,1106.94,-1,13.333333333333334,8.092827004219808,8.02953586497926,8.215189873418112,8.151898734177564,0.0,0.0,1.0
482,2015,4.3400000000001455,0.27924077393263474,1093.57,1089.87,1090.5,1095.68,1091.34,-1,13.516666666666667,0.33870967741934976,0.19354838709674885,0.47695852534564387,0.3317972350230429,0.0,0.0,0.0
483,2015,4.759999999999991,0.31497849411542195,1092.37,1088.25,1088.26,1094.7,1089.94,-1,13.4,0.3550420168067348,0.3529411764706023,0.5021008403361564,0.5000000000000239,0.0,0.0,0.0
484,2015,4.220000000000027,0.28759188044589573,1089.5,1087.97,1084.12,1091.57,1087.35,-1,13.6,-0.14691943127964793,0.7654028436018951,-0.02606635071093048,0.8862559241706125,0.0,0.0,0.0
485,2015,4.9099999999998545,0.3332363777389857,1084.11,1078.96,1083.29,1088.57,1083.66,-1,13.133333333333333,0.9572301425662291,0.07535641547864139,1.0346232179226227,0.15274949083503508,1.0,1.0,1.0
486,2015,5.889999999999873,0.41039167869406357,1082.94,1082.67,1082.85,1088.3,1082.41,-1,13.0,-0.044142614601018086,-0.07470288624785004,0.045840407470286525,0.015280135823454577,1.0,1.0,0.0
487,2015,5.860000000000127,0.4052158451052147,1092.87,1084.98,1082.14,1095.95,1090.09,-1,13.35,0.8720136518770971,1.3566552901023285,0.8993174061433221,1.3839590443685534,0.0,0.0,1.0
488,2015,3.880000000000109,0.25727005778157414,1079.47,1075.3,1071.9,1081.93,1078.05,1,13.25,-1.7087628865979183,-2.585051546391673,-1.60051546391749,-2.476804123711245,1.0,1.0,0.0
489,2015,3.769999999999982,0.2633732534930129,1069.12,1068.48,1070.2,1072.57,1068.8,-1,13.0,0.08488063660475806,-0.3713527851459145,0.16976127320951612,-0.28647214854115644,0.0,1.0,0.0
490,2015,4.779999999999973,0.3461438990327401,1073.06,1082.94,1081.69,1076.3,1071.52,-1,13.25,-2.3891213389121626,-2.127615062761534,-2.341004184100443,-2.079497907949814,1.0,1.0,0.0
491,2015,8.490000000000009,0.5929066693270826,1084.4,1079.04,1076.89,1088.0,1079.51,-1,15.333333333333334,0.055359246171970175,0.3085983510011647,0.08127208480566005,0.33451118963485454,0.0,0.0,0.0
492,2015,5.290000000000191,0.3658006519806513,1071.32,1069.11,1067.61,1073.14,1067.85,-1,13.466666666666667,-0.23818525519847739,0.04536862003780726,-0.03780718336480357,0.2457466918714811,1.0,1.0,0.0
493,2015,5.209999999999809,0.38446131140626927,1075.81,1074.72,1075.16,1076.87,1071.66,1,13.0,-0.4126679462571866,-0.3282149712091884,-0.20921305182340846,-0.12476007677541025,0.0,0.0,0.0
494,2015,7.8400000000001455,0.5924326658390575,1074.53,1071.68,1070.68,1079.69,1071.85,-1,13.5,0.021683673469367632,0.14923469387752852,0.13520408163264358,0.2627551020408045,0.0,0.0,0.0
497,2015,3.150000000000091,0.24005225627348195,1056.75,1062.51,1065.22,1057.91,1054.76,1,13.133333333333333,1.4603174603173892,2.3206349206348365,1.6825396825396195,2.5428571428570668,0.0,0.0,1.0
498,2015,5.650000000000091,0.4144399035942654,1069.1,1065.91,1068.39,1072.45,1066.8,1,13.416666666666666,-1.1575221238937803,-0.7185840707964389,-1.0619469026548503,-0.6230088495575089,1.0,1.0,0.0
499,2015,2.9199999999998454,0.212672978878358,1066.55,1055.99,1054.08,1069.1,1066.18,-1,13.0,3.489726027397464,4.143835616438622,3.6164383561645566,4.270547945205715,0.0,0.0,1.0
500,2015,6.889999999999873,0.4901920926923395,1055.71,1055.85,1065.2,1055.78,1048.89,1,13.0,0.01015965166907658,1.367198838896988,0.02031930333815316,1.3773584905660645,0.0,0.0,1.0
501,2015,5.680000000000064,0.38432168575709785,1061.51,1083.53,1085.16,1063.79,1058.11,1,13.2,3.475352112676019,3.7623239436619507,3.5933098591549038,3.8802816901408352,0.0,0.0,1.0
502,2015,3.740000000000009,0.2371591629676612,1082.1,1076.36,1072.65,1084.48,1080.74,-1,13.466666666666667,1.1711229946524329,2.1631016042780478,1.3823529411764868,2.3743315508021015,0.0,0.0,1.0
503,2015,6.160000000000082,0.3899263010354085,1069.54,1075.25,1073.18,1074.88,1068.72,-1,13.033333333333333,-1.0600649350649165,-0.7240259740259704,-0.9594155844155849,-0.6233766233766387,1.0,1.0,0.0
504,2015,8.290000000000191,0.5230755363259548,1078.51,1070.97,1074.26,1081.41,1073.12,1,13.616666666666667,-1.2593486127864673,-0.862484921592271,-1.1459589867309747,-0.7490952955367784,1.0,1.0,0.0
505,2015,4.399999999999864,0.28025477707005536,1072.98,1072.48,1072.28,1075.53,1071.13,-1,14.366666666666667,-0.30681818181817067,-0.2613636363636135,-0.252272727272764,-0.20681818181820683,0.0,0.0,0.0
506,2015,8.509999999999991,0.5550948143316402,1063.7,1074.6,1077.92,1070.94,1062.43,-1,13.316666666666666,-1.4300822561691962,-1.820211515863693,-1.424206815511152,-1.8143360752056488,1.0,1.0,0.0
507,2015,5.509999999999991,0.34933429942939903,1067.8,1069.17,1065.44,1071.09,1065.58,1,13.233333333333333,-0.3484573502722048,-1.0254083484573273,-0.2504537205081459,-0.9274047186932683,0.0,1.0,0.0
508,2015,9.7199999999998,0.5975759704900632,1064.79,1059.8,1061.56,1068.62,1058.9,0,,,,,,,,
509,2015,3.5699999999999363,0.22261814618502143,1065.21,1075.14,1074.22,1066.45,1062.88,1,13.2,2.434173669467846,2.1764705882353277,2.5994397759104664,2.3417366946779485,0.0,1.0,1.0
510,2015,4.990000000000009,0.2955285756588698,1066.74,1053.35,1050.83,1069.14,1064.15,-1,13.333333333333334,2.1643286573146616,2.6693386773547374,2.4108216432866088,2.9158316633266845,0.0,0.0,1.0
511,2015,5.3900000000001,0.3136716963877517,1056.79,1064.5,1066.19,1059.2,1053.81,1,13.883333333333333,0.9833024118738137,1.296846011131703,1.2653061224489444,1.5788497217068336,0.0,0.0,1.0
512,2015,6.0900000000001455,0.34902570820370904,1067.87,1078.42,1080.05,1073.96,1067.87,-1,13.0,-1.732348111658445,-1.9999999999999627,-1.732348111658445,-1.9999999999999627,1.0,1.0,0.0
513,2015,2.6599999999998545,0.14856778105799853,1077.44,1076.17,1073.24,1079.29,1076.63,1,13.033333333333333,-1.1729323308270907,-2.274436090225671,-0.9774436090225757,-2.078947368421156,1.0,1.0,0.0
514,2015,4.8900000000001,0.2857739188512326,1072.84,1069.37,1068.95,1074.5,1069.61,-1,14.233333333333333,0.04907975460122785,0.1349693251533417,0.18404907975461607,0.2699386503067299,0.0,0.0,0.0
516,2015,2.980000000000018,0.2055982653262379,1071.98,1069.62,1067.82,1073.72,1070.74,-1,13.25,0.375838926174534,0.979865771812099,0.3959731543624351,1.0,0.0,0.0,1.0
517,2015,6.810000000000173,0.49481004774757253,1070.71,1068.49,1069.35,1075.18,1068.37,-1,15.933333333333334,-0.017621145374466254,-0.14390602055800195,0.04698972099852103,-0.07929515418501468,0.0,0.0,0.0
518,2015,6.180000000000064,0.4580201164637414,1067.85,1061.76,1060.84,1072.01,1065.83,-1,13.4,0.6585760517799182,0.807443365695786,0.7249190938511282,0.873786407766996,0.0,0.0,1.0
519,2015,4.670000000000073,0.35199741574244026,1058.98,1061.36,1059.58,1062.95,1058.28,-1,13.333333333333334,-0.6595289079228863,-0.27837259100640993,-0.5610278372590686,-0.1798715203425921,1.0,1.0,0.0
520,2016,4.360000000000127,0.3317391304347915,1072.24,1077.78,1075.14,1074.63,1070.27,1,13.333333333333334,0.7224770642201311,0.11697247706421468,1.3233944954128012,0.7178899082568848,0.0,0.0,1.0
521,2016,5.580000000000155,0.41350836332840374,1079.26,1076.95,1078.61,1081.89,1076.31,-1,13.983333333333333,-0.11469534050180687,-0.4121863799282958,0.03942652329749484,-0.2580645161289941,0.0,0.0,0.0
522,2016,8.019999999999982,0.6261082919756845,1088.41,1087.53,1093.7,1089.09,1081.07,1,14.35,-0.19451371571071682,0.5748129675810646,-0.02618453865337118,0.7431421446384102,0.0,0.0,0.0
523,2016,8.139999999999873,0.6007063412576975,1100.13,1102.72,1109.71,1100.59,1092.45,1,13.05,0.2616707616707792,1.1203931203931525,0.32923832923834223,1.1879606879607154,0.0,0.0,1.0
524,2016,5.740000000000009,0.4200512257592377,1099.59,1102.93,1102.61,1101.51,1095.77,-1,13.5,-1.2473867595818937,-1.1916376306620047,-1.8728222996515649,-1.8170731707316758,1.0,1.0,0.0
525,2016,7.150000000000091,0.5347793567688909,1103.3,1099.33,1096.28,1106.15,1099.0,-1,15.05,-0.04615384615383539,0.3804195804195794,0.11608391608393623,0.542657342657351,0.0,0.0,0.0
526,2016,13.059999999999945,1.0061633281972195,1087.23,1088.21,1089.74,1099.11,1086.05,-1,13.016666666666667,-0.16539050535988445,-0.2825421133231294,-0.14241960183768262,-0.25957120980092757,0.0,0.0,0.0
527,2016,3.6800000000000637,0.28687566122835817,1082.61,1089.24,1093.59,1083.43,1079.75,1,14.15,1.5788043478260447,2.760869565217304,1.771739130434747,2.953804347826006,0.0,0.0,1.0
528,2016,8.11999999999989,0.6099039648049703,1085.53,1082.37,1076.26,1093.04,1084.92,-1,13.816666666666666,0.3140394088670217,1.0665024630542117,0.3977832512315347,1.1502463054187246,0.0,0.0,1.0
529,2016,4.940000000000055,0.34097520090716754,1084.09,1090.29,1088.48,1085.13,1080.19,1,13.05,1.0445344129554246,0.6781376518218365,1.2469635627529931,0.880566801619405,0.0,0.0,1.0
531,2016,11.920000000000073,0.7804330542954734,1084.68,1086.23,1087.48,1094.48,1082.56,0,,,,,,,,
532,2016,9.730000000000018,0.6247764069164806,1101.6,1101.96,1103.39,1102.65,1092.92,1,13.033333333333333,-0.07091469681398287,0.07605344295991857,-0.04008221993832189,0.10688591983557956,0.0,0.0,0.0
533,2016,6.579999999999927,0.4055469953774996,1099.57,1094.6,1100.55,1102.83,1096.25,-1,13.583333333333334,0.2507598784194695,-0.6534954407294836,0.3525835866261686,-0.5516717325227845,0.0,0.0,0.0
534,2016,4.740000000000009,0.2837231177049047,1097.62,1099.83,1096.73,1099.51,1094.77,-1,13.666666666666666,-1.0675105485231933,-0.41350210970464824,-0.9978902953586517,-0.3438818565401068,1.0,1.0,0.0
535,2016,4.120000000000118,0.2616703715465301,1104.06,1106.2,1105.22,1106.72,1102.6,1,13.516666666666667,-0.12621359223300166,-0.3640776699029022,-0.029126213592205685,-0.26699029126210616,0.0,0.0,0.0
536,2016,5.350000000000136,0.3363571043650169,1112.24,1118.6,1121.99,1116.43,1111.08,-1,14.266666666666667,-1.4056074766354747,-2.0392523364485613,-1.2672897196261308,-1.9009345794392174,1.0,1.0,0.0
537,2016,3.1299999999998818,0.2009907347949658,1118.83,1116.43,1127.49,1119.29,1116.16,1,13.0,-0.9137380191693316,2.6198083067093787,-0.7667731629392825,2.766773162939428,1.0,1.0,0.0
538,2016,4.660000000000082,0.30711293131855794,1119.81,1115.5,1115.48,1122.01,1117.35,1,13.733333333333333,-1.39699570815448,-1.4012875536480383,-1.3497854077252904,-1.3540772532188485,1.0,1.0,0.0
539,2016,4.059999999999945,0.2779326194318092,1115.18,1117.72,1116.29,1115.47,1111.41,1,13.0,0.5541871921182341,0.20197044334974074,0.6256157635467975,0.27339901477830414,1.0,1.0,0.0
540,2016,3.4600000000000364,0.24261244114995764,1123.63,1125.83,1128.39,1124.08,1120.62,-1,13.516666666666667,-1.505780346820804,-2.24566473988443,-1.2976878612716654,-2.0375722543352914,1.0,1.0,0.0
541,2016,3.019999999999982,0.21484831546318284,1124.86,1127.72,1127.64,1126.35,1123.33,1,13.333333333333334,0.45364238410600216,0.4271523178808605,0.8543046357615705,0.8278145695364288,0.0,1.0,1.0
542,2016,6.149999999999864,0.45370711914421724,1129.8,1137.57,1138.32,1130.58,1124.43,1,13.333333333333334,1.1365853658536853,1.258536585365883,1.2032520325203298,1.3252032520325276,0.0,0.0,1.0
543,2016,6.309999999999945,0.472103463018379,1147.6,1151.66,1155.91,1147.87,1141.56,1,13.0,0.6006339144215885,1.2741679873217528,0.6434231378764197,1.316957210776584,0.0,0.0,1.0
544,2016,7.559999999999945,0.5756240822320065,1158.58,1153.54,1162.34,1160.59,1153.03,1,13.5,-0.9325396825396832,0.23148148148148315,-0.6203703703703821,0.5436507936507844,1.0,1.0,0.0
545,2016,18.25999999999999,1.232831790123454,1182.05,1193.08,1195.09,1182.99,1164.73,1,13.883333333333333,0.5525739320920001,0.6626506024096339,0.5591456736035072,0.6692223439211409,0.0,0.0,0.0
546,2016,11.049999999999955,0.6667816042411931,1196.25,1195.0,1190.44,1196.68,1185.63,1,13.0,-0.15203619909502902,-0.5647058823529443,-0.11312217194570183,-0.5257918552036172,0.0,0.0,0.0
547,2016,8.730000000000018,0.5469924812030085,1183.46,1192.16,1193.6,1190.17,1181.44,1,13.5,0.22794959908362028,0.3928980526918476,0.5463917525773163,0.7113402061855436,0.0,0.0,0.0
548,2016,34.87000000000012,2.136642156862754,1235.18,1246.6,1244.45,1241.95,1207.08,1,14.4,0.133352451964435,0.07169486664754779,0.16489819328935992,0.10324060797247274,0.0,0.0,0.0
549,2016,7.7800000000002,0.38243039219129565,1238.16,1237.85,1238.05,1243.13,1235.35,-1,13.55,-0.3213367609254416,-0.3470437017994828,-0.17994858611822975,-0.20565552699227094,0.0,0.0,0.0
551,2016,22.25,1.0144597147137369,1213.24,1215.77,1203.71,1216.97,1194.72,0,,,,,,,,
552,2016,10.589999999999918,0.46306649592403704,1206.38,1209.95,1208.31,1210.97,1200.38,1,14.783333333333333,-0.09631728045325681,-0.25118035882909373,-0.02738432483474654,-0.18224740321058344,0.0,0.0,0.0
553,2016,6.689999999999827,0.2882112194971771,1205.25,1214.91,1233.88,1207.33,1200.64,1,13.283333333333333,1.1330343796712032,3.968609865470982,1.1763826606876415,4.011958146487419,0.0,0.0,1.0
554,2016,14.5,0.5731710760369321,1230.96,1230.86,1231.94,1234.43,1219.93,0,,,,,,,,
555,2016,9.669999999999845,0.38040912667190613,1207.01,1211.78,1207.62,1211.61,1201.94,1,13.333333333333334,0.01758014477767068,-0.41261633919338914,0.14788004136505548,-0.2823164426060043,0.0,0.0,0.0
556,2016,6.989999999999782,0.26351078439291564,1218.55,1224.92,1222.93,1221.87,1214.88,1,13.4,0.43633762517886654,0.15164520743922832,0.4864091559370811,0.2017167381974429,0.0,0.0,0.0
557,2016,15.049999999999955,0.5609691160809367,1235.05,1247.64,1229.53,1238.02,1222.97,1,13.4,0.6392026578073188,-0.5641196013289059,0.7315614617940216,-0.47176079734220316,0.0,0.0,1.0
558,2016,9.299999999999955,0.3338547142234406,1235.84,1238.28,1238.35,1240.6,1231.3,-1,14.083333333333334,-0.7505376344086078,-0.758064516129031,-0.5698924731182775,-0.5774193548387008,0.0,1.0,0.0
559,2016,9.599999999999909,0.35412220377835474,1236.3,1216.97,1225.5,1238.0,1228.4,-1,13.6,1.1906250000000178,0.3020833333333457,1.2322916666666708,0.3437499999999985,0.0,0.0,1.0
560,2016,6.990000000000009,0.26319894569807245,1230.61,1231.62,1238.76,1235.3,1228.31,-1,13.066666666666666,-0.4735336194563578,-1.494992846924182,-0.37911301859797714,-1.4005722460658012,1.0,1.0,0.0
561,2016,9.970000000000027,0.3669391939851221,1245.65,1234.29,1234.38,1246.99,1237.02,1,13.016666666666667,-1.2738214643931807,-1.2647943831494348,-1.231695085255761,-1.2226680040120155,1.0,1.0,0.0
562,2016,4.879999999999882,0.17763910556421852,1230.96,1238.1,1239.74,1232.09,1227.21,1,13.066666666666666,1.2315573770492083,1.5676229508197288,1.364754098360659,1.7008196721311795,0.0,0.0,1.0
563,2016,5.920000000000073,0.2446280991735571,1244.45,1253.84,1260.3,1245.19,1239.27,1,13.0,1.4611486486486076,2.5523648648648165,1.5861486486486076,2.6773648648648165,0.0,0.0,1.0
564,2016,15.100000000000136,0.5939703857716898,1265.62,1268.74,1259.69,1274.69,1259.59,-1,13.333333333333334,-0.6059602649006628,-0.006622516556300365,-0.5099337748344355,0.08940397350992695,1.0,1.0,0.0
565,2016,10.269999999999982,0.4112935522627149,1271.46,1266.43,1267.72,1273.07,1262.8,0,,,,,,,,
566,2016,6.279999999999973,0.2587175940911623,1274.53,1269.01,1263.38,1277.96,1271.68,-1,13.666666666666666,0.42515923566880326,1.3216560509554125,0.5047770700637081,1.4012738853503173,0.0,0.0,1.0
567,2016,11.039999999999964,0.45528455284552727,1256.1,1253.33,1253.69,1260.35,1249.31,-1,14.266666666666667,-0.36413043478260826,-0.3967391304347938,-0.2663043478260722,-0.29891304347825776,0.0,0.0,0.0
568,2016,12.1099999999999,0.5258358662613938,1239.65,1266.99,1267.9,1251.5,1239.39,-1,13.0,-2.2791081750619435,-2.3542526837324713,-2.2576383154417954,-2.332782824112323,1.0,1.0,0.0
569,2016,10.009999999999991,0.4072298259378718,1265.47,1259.17,1258.88,1272.08,1262.07,-1,15.316666666666666,0.28971028971027635,0.31868131868130173,0.4345654345654259,0.4635364635364512,0.0,0.0,0.0
570,2016,8.190000000000055,0.32296772012844543,1256.23,1243.74,1233.05,1261.0,1252.81,-1,13.616666666666667,1.1074481074480922,2.4126984126983957,1.249084249084243,2.554334554334546,0.0,0.0,1.0
571,2016,8.120000000000118,0.31452840107351787,1236.09,1233.85,1233.45,1237.98,1229.86,-1,13.766666666666667,-0.4913793103448216,-0.4421182266009967,-0.30172413793100766,-0.25246305418718284,0.0,0.0,0.0
572,2016,6.660000000000082,0.27303074670571326,1230.34,1229.46,1260.73,1234.02,1227.36,-1,13.45,-0.3153153153153319,-5.010510510510467,-0.18618618618618527,-4.88138138138132,0.0,1.0,0.0
573,2016,8.6099999999999,0.3349635969543671,1264.92,1264.32,1256.8,1270.78,1262.17,-1,14.466666666666667,-0.24970963995352946,0.6236933797909617,-0.06852497096398665,0.8048780487805045,0.0,0.0,0.0
574,2016,13.490000000000009,0.5435758692148284,1252.08,1253.71,1253.34,1261.32,1247.83,0,,,,,,,,
575,2016,8.3900000000001,0.3407699672169233,1243.56,1246.01,1244.19,1249.16,1240.77,0,,,,,,,,
576,2016,10.940000000000055,0.4528011825572818,1253.87,1252.17,1248.06,1259.63,1248.69,0,,,,,,,,
577,2016,13.420000000000073,0.5591167455286753,1223.39,1223.15,1219.8,1235.94,1222.52,-1,13.0,-0.04694485842027613,0.20268256333830198,0.0178837555886742,0.2675111773472523,0.0,0.0,0.0
578,2016,9.879999999999882,0.4077830188679193,1222.18,1220.46,1217.09,1223.76,1213.88,0,,,,,,,,
579,2016,4.3900000000001,0.19108913969468452,1217.51,1220.12,1219.93,1218.63,1214.24,1,13.083333333333334,0.3394077448746578,0.2961275626423519,0.4259681093393732,0.3826879271070673,0.0,0.0,1.0
580,2016,6.099999999999909,0.2669167057352671,1219.55,1226.06,1240.95,1221.37,1215.27,1,14.0,0.7688524590164139,3.209836065573844,0.9213114754098319,3.362295081967262,0.0,0.0,1.0
581,2016,11.509999999999991,0.48861396646350674,1235.64,1233.46,1228.29,1243.94,1232.43,-1,13.333333333333334,-0.089487402258903,0.35968722849696816,-0.036490008688103655,0.41268462206776746,0.0,0.0,0.0
582,2016,9.959999999999809,0.4246300018271435,1235.19,1234.76,1232.54,1237.11,1227.15,1,13.8,-0.235943775100397,-0.4588353413654643,-0.08333333333332762,-0.3062248995983949,0.0,0.0,0.0
583,2016,6.940000000000055,0.31478001684701873,1229.04,1212.47,1220.06,1234.5,1227.56,-1,13.5,2.17435158501438,1.0806916426512883,2.9726224783861266,1.8789625360230346,0.0,0.0,1.0
584,2016,5.189999999999827,0.24215964005998214,1219.37,1218.19,1215.92,1220.07,1214.88,1,13.283333333333333,-0.36223506743736883,-0.7996146435452797,-0.29479768786127625,-0.7321772639691871,0.0,0.0,0.0
585,2016,10.289999999999964,0.5215408008109463,1231.51,1229.73,1228.46,1234.74,1224.45,1,13.583333333333334,-0.48688046647230404,-0.6103012633624874,-0.39358600583090075,-0.5170068027210841,0.0,0.0,0.0
586,2016,8.580000000000155,0.4202497988314813,1219.73,1221.87,1222.89,1227.95,1219.37,-1,13.016666666666667,-0.2913752913752861,-0.41025641025642723,-0.21561771561770113,-0.33449883449884227,0.0,1.0,0.0
587,2016,13.769999999999982,0.7297021083311248,1235.96,1239.03,1240.07,1239.34,1225.57,1,13.766666666666667,-0.022512708787214657,0.05301379811183872,0.06390704429919267,0.13943355119824605,0.0,0.0,0.0
588,2016,8.620000000000118,0.45056750298686415,1234.38,1238.01,1240.0,1238.21,1229.59,1,14.716666666666667,-0.023201856148496836,0.20765661252899525,0.048723897911840716,0.27958236658933283,0.0,0.0,0.0
589,2016,8.069999999999936,0.43160025977002375,1247.13,1257.76,1256.61,1254.2,1246.13,1,14.8,0.4411400247831442,0.29863692688969934,0.5600991325898411,0.4175960346963962,0.0,0.0,0.0
590,2016,6.720000000000027,0.3534450371928786,1261.01,1254.34,1256.91,1262.56,1255.84,-1,14.616666666666667,0.2232142857142848,-0.1592261904762142,0.39434523809525,0.011904761904751029,0.0,0.0,0.0
591,2016,11.049999999999955,0.5938351694752582,1241.93,1247.87,1243.86,1250.71,1239.66,0,,,,,,,,
592,2016,11.269999999999982,0.6479139290407354,1240.04,1231.54,1225.88,1243.97,1232.7,-1,14.816666666666666,0.1029281277728557,0.6051464063886377,0.2182786157941473,0.7204968944099294,0.0,0.0,0.0
593,2016,3.6900000000000546,0.20500000000000324,1229.98,1229.38,1232.17,1231.67,1227.98,1,14.0,-0.6205962059620406,0.13550135501354812,-0.33875338753387035,0.41734417344171837,1.0,1.0,0.0
594,2016,8.970000000000027,0.5068001129989124,1237.66,1235.31,1233.48,1240.0,1231.03,1,13.366666666666667,-0.5228539576365708,-0.7268673355629836,-0.41360089186176424,-0.6176142697881769,0.0,1.0,0.0
595,2016,5.190000000000055,0.3134328358208992,1243.35,1253.57,1251.88,1246.17,1240.98,1,13.216666666666667,1.4258188824662401,1.1001926782273557,1.4624277456647088,1.1368015414258243,0.0,0.0,1.0
596,2016,4.330000000000155,0.2525517643627975,1248.12,1253.85,1250.68,1249.9,1245.57,1,13.333333333333334,0.9122401847574312,0.18013856812931753,1.09468822170897,0.3625866050808563,0.0,0.0,1.0
597,2016,5.6400000000001,0.3302383939774216,1259.47,1250.56,1248.98,1261.23,1255.59,1,13.05,-1.891843971631185,-2.1719858156027985,-1.7269503546099,-2.0070921985815136,1.0,1.0,1.0
598,2016,6.4099999999998545,0.37480683289478356,1245.61,1242.45,1231.53,1250.57,1244.16,-1,13.666666666666666,0.2667706708268448,1.9703588143526358,0.3978159126365074,2.1014040561622984,0.0,0.0,1.0
599,2016,5.289999999999964,0.2886654193950716,1233.33,1239.99,1236.83,1236.02,1230.73,1,13.5,0.7504725897920708,0.15311909262759,0.8015122873346008,0.20415879017011998,0.0,0.0,1.0
600,2016,4.3900000000001,0.2489771116062444,1231.93,1241.68,1242.09,1235.69,1231.3,1,13.583333333333334,1.3644646924828867,1.4578587699315986,1.7061503416856123,1.7995444191343242,0.0,0.0,1.0
601,2016,3.380000000000109,0.19329275764879514,1246.28,1244.58,1246.94,1247.73,1244.35,1,13.2,-0.9319526627218903,-0.23372781065086926,-0.7988165680473249,-0.1005917159763039,1.0,1.0,0.0
602,2016,4.930000000000064,0.29042709867452526,1254.83,1256.0,1264.78,1258.69,1253.76,1,13.416666666666666,-0.5456389452332697,1.2352941176470262,-0.2981744421906711,1.482758620689625,1.0,1.0,0.0
603,2016,6.740000000000009,0.3679326210715129,1277.27,1289.69,1291.1,1280.38,1273.64,1,14.15,1.381305637982186,1.5905044510385438,1.4955489614243533,1.7047477744807111,0.0,0.0,1.0
604,2016,11.009999999999991,0.5732029303484435,1300.06,1293.43,1290.53,1302.06,1291.05,1,13.133333333333333,-0.7838328792007165,-1.0472297910989994,-0.7593097184377754,-1.0227066303360581,1.0,1.0,0.0
605,2016,9.559999999999945,0.48928858667836206,1293.48,1284.37,1286.22,1301.71,1292.15,-1,14.566666666666666,0.8138075313807787,0.6202928870292989,0.9163179916318273,0.7228033472803475,0.0,0.0,1.0
606,2016,9.349999999999909,0.4743956800637792,1279.24,1283.47,1279.15,1284.8,1275.45,1,13.333333333333334,-0.14224598930480645,-0.6042780748663015,-0.05240641711230095,-0.514438502673796,0.0,1.0,0.0
607,2016,7.729999999999791,0.3952953208897867,1281.85,1277.08,1274.55,1282.12,1274.39,1,13.0,-0.6520051746442561,-0.9793014230271851,-0.6170763260026016,-0.9443725743855307,0.0,1.0,0.0
608,2016,4.839999999999918,0.24141370956248653,1279.68,1291.14,1288.77,1281.99,1277.15,-1,13.333333333333334,-2.890495867768646,-2.40082644628101,-2.4545454545455185,-1.9648760330578825,1.0,1.0,0.0
609,2016,8.950000000000045,0.43178607119473555,1272.74,1267.33,1263.6,1280.77,1271.82,-1,13.35,0.5016759776536297,0.9184357541899425,0.5675977653631429,0.9843575418994557,0.0,0.0,1.0
610,2016,5.220000000000027,0.2535387177352212,1264.61,1260.73,1267.21,1267.77,1262.55,-1,13.366666666666667,0.3486590038314036,-0.8927203065134209,0.5613026819923465,-0.6800766283524782,0.0,1.0,1.0
611,2016,7.929999999999836,0.38921609872387264,1277.74,1274.56,1275.97,1278.36,1270.43,1,13.0,-0.4791929382093358,-0.3013871374527014,-0.40100882723835174,-0.22320302648171733,0.0,1.0,0.0
612,2016,6.789999999999964,0.34851151195189634,1267.04,1272.8,1270.38,1272.75,1265.96,-1,13.483333333333333,-1.0073637702503615,-0.6509572901325621,-0.9160530191458116,-0.5596465390280121,1.0,1.0,0.0
613,2016,3.3199999999999363,0.1743435858964704,1275.38,1271.3,1273.15,1276.21,1272.89,-1,13.25,0.47891566265065544,-0.07831325301204696,0.692771084337349,0.1355421686746466,0.0,0.0,1.0
614,2016,3.990000000000009,0.20856513460030615,1281.91,1273.96,1272.68,1283.05,1279.06,1,13.1,-2.278195488721779,-2.5989974937343026,-2.172932330827081,-2.493734335839605,1.0,1.0,1.0
615,2016,6.490000000000009,0.3336760925449868,1273.2,1281.09,1276.95,1275.55,1269.06,1,14.883333333333333,0.8536209553158638,0.2157164869029413,0.9229583975346688,0.2850539291217464,0.0,0.0,1.0
616,2016,5.329999999999927,0.27385496183205665,1274.81,1269.7,1262.83,1275.46,1270.13,-1,13.433333333333334,0.08067542213884982,1.369606003752398,0.23639774859287208,1.5253283302064202,1.0,1.0,0.0
617,2016,5.369999999999891,0.2825572217837345,1252.8,1249.8,1254.49,1256.34,1250.97,-1,13.083333333333334,0.21787709497208502,-0.6554934823091347,0.2644320297951772,-0.6089385474860425,0.0,0.0,1.0
618,2016,4.4699999999998,0.2484023339816497,1257.14,1252.18,1251.79,1257.85,1253.38,1,13.883333333333333,-1.2684563758389484,-1.3557046979866256,-1.2304250559284666,-1.317673378076144,1.0,1.0,0.0
619,2016,5.0499999999999545,0.2859107085085702,1249.52,1247.37,1250.65,1252.84,1247.79,-1,13.35,0.08316831683169833,-0.5663366336633967,0.15247524752479527,-0.4970297029702997,0.0,0.0,0.0
620,2016,3.8500000000001364,0.22393950724999706,1240.89,1234.28,1228.27,1244.38,1240.53,-1,13.0,1.6233766233765659,3.1844155844154693,1.7168831168830891,3.2779220779219926,0.0,0.0,1.0
621,2016,5.259999999999991,0.29607590865229866,1223.68,1221.18,1224.77,1225.71,1220.45,1,13.366666666666667,-0.8612167300380191,-0.17870722433461145,-0.8193916349809797,-0.13688212927757196,1.0,1.0,0.0
622,2016,4.449999999999818,0.25565267347858883,1228.25,1222.41,1219.99,1230.11,1225.66,-1,13.333333333333334,0.7303370786517153,1.2741573033708549,1.0471910112359653,1.591011235955105,1.0,1.0,0.0
623,2016,5.910000000000082,0.34703464474457274,1219.94,1213.05,1208.8,1223.43,1217.52,-1,13.866666666666667,0.7563451776649688,1.475465313028749,0.7664974619289188,1.485617597292699,0.0,0.0,1.0
625,2016,3.2200000000000273,0.19709688702343603,1211.78,1212.54,1216.71,1212.81,1209.59,1,13.183333333333334,-0.08385093167701227,1.2111801242236204,-0.006211180124217901,1.2888198757764149,1.0,1.0,0.0
626,2016,4.350000000000136,0.27141456457795593,1218.45,1211.03,1210.62,1219.38,1215.03,1,13.033333333333333,-1.9195402298850286,-2.013793103448263,-1.8919540229884506,-1.9862068965516848,1.0,1.0,0.0
627,2016,3.1599999999998545,0.2010452169961274,1216.37,1210.7,1210.84,1217.58,1214.42,1,13.066666666666666,-2.1772151898734804,-2.1329113924051644,-1.9715189873418686,-1.9272151898735526,1.0,1.0,0.0
628,2016,2.230000000000018,0.14363268310636826,1211.64,1239.39,1241.41,1212.88,1210.65,1,13.4,11.887892376681513,12.793721973094053,12.098654708520089,13.00448430493263,0.0,0.0,1.0
629,2016,3.2799999999999727,0.19406643563519377,1242.59,1245.29,1245.26,1243.3,1240.02,1,13.25,0.6067073170731786,0.5975609756097722,0.7408536585366109,0.7317073170732046,0.0,1.0,1.0
630,2016,7.669999999999845,0.46236651739578766,1237.76,1241.14,1244.16,1244.09,1236.42,-1,13.283333333333333,-0.6153846153846313,-1.0091264667536068,-0.530638852672783,-0.9243807040417586,0.0,1.0,0.0
631,2016,5.279999999999973,0.33821376281112536,1254.79,1260.99,1260.76,1255.57,1250.29,1,13.016666666666667,1.0265151515151707,0.9829545454545608,1.0984848484848455,1.0549242424242358,0.0,0.0,1.0
632,2016,5.160000000000082,0.3248931864178147,1258.21,1265.93,1270.06,1261.9,1256.74,1,14.383333333333333,0.7810077519379668,1.581395348837156,0.9418604651162888,1.742248062015478,0.0,0.0,1.0
633,2016,5.460000000000036,0.3384697130712029,1267.96,1276.7,1275.38,1270.52,1265.06,1,13.733333333333333,1.131868131868136,0.8901098901099075,1.144688644688637,0.9029304029304086,0.0,0.0,1.0
634,2016,6.910000000000082,0.4269196822594933,1284.11,1282.87,1282.39,1286.53,1279.62,1,13.666666666666666,-0.5296671490593399,-0.5991316931982379,-0.5238784370477678,-0.5933429811866657,1.0,1.0,0.0
635,2016,7.539999999999964,0.49006499535747294,1283.84,1285.83,1285.29,1283.87,1276.33,1,13.0,0.2599469496021281,0.18832891246685407,0.2639257294429733,0.19230769230769926,0.0,0.0,0.0
636,2016,7.980000000000018,0.5163138922266403,1278.88,1283.13,1291.36,1286.41,1278.43,0,,,,,,,,
637,2016,9.069999999999936,0.5801882481951901,1304.1,1312.86,1286.21,1311.11,1302.04,1,13.783333333333333,0.1929437706725482,-2.7453142227122425,0.2590959206174119,-2.6791620727673786,0.0,1.0,0.0
638,2016,9.88000000000011,0.5745140388768972,1288.13,1288.77,1293.15,1289.97,1280.09,1,13.433333333333334,-0.12145748987854577,0.3218623481781405,-0.08299595141699669,0.3603238866396896,0.0,0.0,0.0
639,2016,10.649999999999864,0.5945687283167779,1280.45,1286.48,1286.55,1288.61,1277.96,0,,,,,,,,
640,2016,14.650000000000091,0.7853122487268897,1271.24,1269.35,1269.21,1284.02,1269.37,-1,15.266666666666667,0.0013651877133093301,0.010921501706474641,0.04436860068259979,0.0539249146757651,0.0,0.0,0.0
641,2016,5.480000000000018,0.27766920014477164,1267.67,1267.08,1264.91,1268.47,1262.99,1,13.366666666666667,-0.2536496350365138,-0.6496350364963382,-0.18795620437955643,-0.5839416058393809,0.0,0.0,0.0
642,2016,13.259999999999991,0.6749072929542653,1263.59,1263.64,1261.51,1270.82,1257.56,0,,,,,,,,
643,2016,20.889999999999873,1.1276218383713712,1324.18,1315.72,1318.11,1327.6,1306.71,1,13.9,-0.5686931546194329,-0.4542843465773129,-0.5136428913355713,-0.3992340832934512,0.0,0.0,0.0
644,2016,10.039999999999964,0.40062704859626536,1332.87,1324.16,1327.5,1333.19,1323.15,0,,,,,,,,
645,2016,11.349999999999909,0.44222420126906087,1310.19,1312.68,1312.97,1316.8,1305.45,1,14.566666666666666,-0.36299559471364967,-0.33744493392070113,-0.3259911894273194,-0.3004405286343709,0.0,0.0,0.0
646,2016,7.410000000000082,0.28937238493724204,1318.18,1324.29,1322.86,1323.42,1316.01,1,15.65,0.11740890688257506,-0.07557354925778227,0.16734143049932462,-0.02564102564103272,0.0,0.0,0.0
647,2016,7.490000000000009,0.2923089788977788,1317.69,1319.34,1320.01,1320.26,1312.77,1,13.333333333333334,-0.1228304405874595,-0.03337783711615483,-0.03604806408544479,0.05340453938585987,0.0,0.0,0.0
648,2016,7.019999999999982,0.27578852845437135,1332.64,1336.15,1337.58,1337.97,1330.95,1,14.566666666666666,-0.25925925925925086,-0.05555555555556995,-0.0925925925925734,0.11111111111110751,0.0,0.0,0.0
650,2016,7.070000000000164,0.2682312132462597,1348.96,1344.58,1355.08,1349.93,1342.86,1,14.65,-0.7567185289957585,0.7284299858556923,-0.6746817538896565,0.8104667609617943,0.0,1.0,0.0
651,2016,10.879999999999882,0.4084412624353051,1371.59,1372.32,1363.13,1375.09,1364.21,-1,15.0,-0.7454044117647047,0.09926470588234733,-0.4163602941176491,0.428308823529403,0.0,0.0,0.0
652,2016,8.129999999999882,0.3245138849290025,1363.87,1353.81,1360.3,1368.37,1360.24,-1,13.266666666666667,0.7908979089791092,-0.007380073800731402,1.049200492004932,0.2509225092250914,0.0,0.0,1.0
653,2016,3.5599999999999454,0.14346574553828226,1355.08,1354.87,1362.49,1357.59,1354.03,-1,13.083333333333334,-0.2359550561797559,-2.376404494382069,-0.15168539325841907,-2.292134831460732,1.0,1.0,0.0
654,2016,7.319999999999936,0.2829141705546175,1357.24,1358.45,1354.13,1362.85,1355.53,-1,13.166666666666666,-0.39890710382515004,0.19125683060107593,-0.3442622950819677,0.2459016393442582,0.0,0.0,0.0
655,2016,11.180000000000064,0.4412494361750138,1348.27,1344.06,1334.02,1357.46,1346.28,-1,13.05,0.19856887298747894,1.0966010733452523,0.2146690518783611,1.1127012522361346,0.0,0.0,1.0
656,2016,7.720000000000027,0.2900075131480098,1340.73,1338.24,1343.44,1344.02,1336.3,1,14.783333333333333,-0.748704663212429,-0.0751295336787468,-0.7150259067357464,-0.041450777202064144,0.0,0.0,0.0
657,2016,11.709999999999809,0.4444022770398406,1324.72,1328.59,1332.06,1333.61,1321.9,-1,13.916666666666666,-0.571306575576425,-0.8676345004269872,-0.5277540563620783,-0.8240819812126405,0.0,0.0,0.0
658,2016,5.069999999999936,0.24008117706747517,1334.1,1325.33,1328.81,1335.29,1330.22,1,13.166666666666666,-1.9644970414201501,-1.2781065088757593,-1.8954635108481752,-1.2090729783037844,1.0,1.0,0.0
659,2016,6.099999999999909,0.292897074458959,1325.75,1330.47,1328.27,1329.57,1323.47,1,13.983333333333333,0.1475409836065745,-0.21311475409835637,0.2049180327868883,-0.15573770491804256,0.0,0.0,0.0
660,2016,7.289999999999964,0.358470022127777,1332.13,1330.73,1331.85,1334.92,1327.63,0,,,,,,,,
661,2016,10.810000000000173,0.5425150559220042,1318.23,1318.77,1317.26,1328.92,1318.11,-1,13.25,-0.0610545790934386,0.07863089731728913,-0.04810360777058034,0.09158186864014739,0.0,0.0,0.0
662,2016,6.820000000000164,0.325448224146166,1319.11,1322.73,1330.14,1323.43,1316.61,-1,14.25,-0.8973607038123125,-1.9838709677419173,-0.832844574780048,-1.9193548387096526,1.0,1.0,0.0
663,2016,5.130000000000109,0.24542099507928325,1324.49,1322.08,1322.84,1326.66,1321.53,-1,14.75,-0.10721247563351712,-0.25536062378166036,0.30019493177386564,0.15204678362572244,0.0,0.0,0.0
664,2016,4.779999999999973,0.23098163744304692,1316.63,1314.29,1317.28,1318.87,1314.09,-1,14.516666666666667,-0.04184100418411017,-0.6673640167364169,-0.0,-0.6255230125523067,0.0,1.0,0.0
665,2016,6.490000000000009,0.3257331325733134,1319.47,1320.31,1320.19,1324.5,1318.01,0,,,,,,,,
666,2016,3.3900000000001,0.1737061708513334,1319.48,1327.15,1335.57,1321.43,1318.04,1,13.5,1.6873156342182474,4.171091445427568,2.0353982300884623,4.5191740412977826,0.0,0.0,1.0
667,2016,4.259999999999991,0.21291635428938543,1342.61,1336.86,1335.15,1342.99,1338.73,1,13.0,-1.4389671361502634,-1.840375586854445,-1.3497652582159654,-1.7511737089201467,1.0,1.0,0.0
668,2016,5.440000000000055,0.29518235727297637,1334.71,1346.86,1353.38,1335.65,1330.21,1,13.5,2.0606617647058267,3.259191176470559,2.3768382352940636,3.575367647058796,0.0,0.0,1.0
669,2016,3.400000000000091,0.1810367778496224,1348.19,1349.59,1352.87,1350.01,1346.61,-1,14.466666666666667,-0.876470588235276,-1.8411764705881835,-0.7058823529411175,-1.670588235294025,1.0,1.0,0.0
670,2016,7.920000000000073,0.45394252026529486,1358.82,1365.73,1364.82,1360.69,1352.77,1,13.2,0.6363636363636259,0.5214646464646268,0.6489898989899057,0.5340909090909065,0.0,0.0,0.0
671,2016,2.8999999999998636,0.1645923703733654,1365.17,1357.63,1357.96,1365.61,1362.71,1,13.0,-2.7517241379310917,-2.6379310344828357,-2.60000000000011,-2.486206896551854,1.0,1.0,0.0
672,2016,13.730000000000018,0.8287488143485385,1358.66,1363.12,1361.27,1362.77,1349.04,1,13.566666666666666,0.025491624180619708,-0.10924981791697,0.06482155863072625,-0.06991988346686344,0.0,0.0,0.0
673,2016,4.019999999999982,0.2428374180186384,1361.47,1338.37,1338.56,1364.25,1360.23,-1,13.316666666666666,5.4378109452736885,5.3905472636816345,5.472636815920422,5.425373134328369,0.0,0.0,1.0
674,2016,4.720000000000027,0.2663871643957118,1333.55,1335.73,1335.62,1334.57,1329.85,1,13.316666666666666,0.2457627118644227,0.22245762711863315,0.3241525423728737,0.30084745762708415,0.0,0.0,0.0
675,2016,4.060000000000173,0.23005625935970508,1332.63,1341.2,1340.72,1334.65,1330.59,1,14.15,1.6133004926107575,1.4950738916255364,1.8275862068964919,1.7093596059112708,0.0,0.0,1.0
676,2016,3.8299999999999272,0.22972451908658115,1352.93,1344.61,1346.51,1354.62,1350.79,1,13.4,-2.613577023498742,-2.1174934725848704,-2.5639686684074023,-2.067885117493531,1.0,1.0,0.0
677,2016,5.089999999999918,0.31419753086419194,1345.17,1351.36,1340.94,1347.23,1342.14,1,14.016666666666667,0.81139489194498,-1.235756385068775,0.8428290766208315,-1.2043222003929235,0.0,1.0,1.0
678,2016,5.8599999999999,0.35624647183984737,1339.84,1352.64,1334.81,1341.26,1335.4,1,13.35,1.941979522184352,-1.1006825938566818,2.0017064846416757,-1.0409556313993584,0.0,1.0,1.0
679,2016,4.289999999999964,0.24826388888888645,1340.01,1341.22,1340.2,1342.12,1337.83,-1,13.55,-0.7902097902098202,-0.5524475524475847,-0.6596736596736483,-0.4219114219114128,1.0,1.0,0.0
680,2016,8.0300000000002,0.46986541837332907,1353.32,1346.76,1348.6,1355.15,1347.12,1,13.5,-1.0448318804483052,-0.815691158156914,-0.9066002490659765,-0.6774595267745852,1.0,1.0,0.0
681,2016,4.809999999999945,0.29219821227110626,1343.5,1346.79,1345.96,1346.24,1341.43,1,15.883333333333333,0.11434511434510619,-0.0582120582120532,0.2993762993763141,0.12681912681915472,0.0,1.0,0.0
682,2016,7.559999999999945,0.4533344755214765,1350.07,1350.91,1352.89,1353.57,1346.01,0,,,,,,,,
683,2016,6.75,0.4366509564735231,1343.26,1346.27,1342.57,1349.28,1342.53,-1,13.1,-0.5540740740740754,-0.005925925925920537,-0.5066666666666775,0.04148148148147744,0.0,0.0,0.0
684,2016,4.430000000000064,0.2785162565115898,1336.36,1338.51,1338.49,1337.2,1332.77,1,13.366666666666667,0.2957110609480647,0.29119638826183863,0.3679458239277333,0.36343115124150716,0.0,0.0,0.0
685,2016,5.0499999999999545,0.3340894055382257,1341.27,1341.28,1339.14,1343.36,1338.31,1,13.566666666666666,-0.4118811881188012,-0.8356435643564035,-0.27920792079209794,-0.7029702970297003,0.0,1.0,0.0
686,2016,3.630000000000109,0.2434024618037336,1337.24,1326.82,1324.47,1339.99,1336.36,-1,13.666666666666666,2.62809917355363,3.2754820936637783,2.928374655647325,3.575757575757473,0.0,0.0,1.0
687,2016,4.260000000000218,0.2850996701563321,1323.11,1321.76,1322.44,1326.88,1322.62,-1,13.133333333333333,0.20187793427226663,0.04225352112671997,0.22300469483568,0.06338028169013332,0.0,0.0,1.0
688,2016,4.3599999999999,0.324353047452036,1327.74,1333.23,1320.76,1328.1,1323.74,1,13.4,1.176605504587208,-1.6834862385321299,1.2706422018348833,-1.5894495412844547,1.0,1.0,1.0
689,2016,5.379999999999882,0.37012285012284285,1319.3,1321.92,1323.98,1322.01,1316.63,1,14.633333333333333,-0.016728624535301138,0.36617100371748523,0.05947955390337746,0.44237918215616384,0.0,0.0,0.0
690,2016,3.1099999999999,0.21594008828050748,1320.18,1318.43,1313.15,1321.56,1318.45,1,13.333333333333334,-1.006430868167197,-2.704180064308722,-0.8874598070739806,-2.5852090032155055,1.0,1.0,0.0
691,2016,3.269999999999982,0.22724113968033302,1313.34,1308.62,1308.13,1315.29,1312.02,-1,13.25,1.0397553516819908,1.189602446483148,1.437308868501551,1.5871559633027084,0.0,0.0,1.0
692,2016,3.519999999999982,0.25177540489449707,1306.43,1313.69,1313.74,1307.82,1304.3,-1,13.4,-2.6676136363636784,-2.681818181818211,-2.5767045454546054,-2.590909090909138,1.0,1.0,0.0
693,2016,4.480000000000018,0.33849641103135897,1314.03,1317.55,1323.43,1314.4,1309.92,1,13.0,0.7031249999999667,2.015624999999986,0.7857142857142785,2.0982142857142976,1.0,1.0,1.0
695,2016,6.019999999999982,0.44322902971338474,1332.55,1340.04,1349.38,1333.27,1327.25,1,13.383333333333333,1.1245847176079737,2.6760797342192983,1.1976744186046608,2.7491694352159852,0.0,0.0,1.0
696,2016,3.8500000000001364,0.2670961347869282,1347.36,1344.31,1344.6,1350.93,1347.08,-1,13.0,0.7194805194804893,0.644155844155826,0.7922077922077523,0.7168831168830891,1.0,1.0,0.0
697,2016,3.339999999999918,0.2317949734793985,1346.6,1344.89,1337.42,1349.31,1345.97,-1,13.5,0.32335329341315977,2.559880239521007,0.43712574850294755,2.673652694610795,0.0,0.0,1.0
698,2016,4.420000000000073,0.30850533452987,1333.88,1333.59,1330.05,1336.98,1332.56,1,13.133333333333333,-0.7669683257918652,-1.5678733031674095,-0.6199095022624352,-1.4208144796379796,1.0,1.0,0.0
699,2016,6.490000000000009,0.44598242772296925,1328.14,1325.02,1329.31,1330.11,1323.62,-1,13.35,-0.2157164869029413,-0.8767334360554772,-0.05701078582432825,-0.7180277349768641,0.0,1.0,0.0
700,2016,6.480000000000018,0.44481490561412373,1324.85,1325.49,1317.73,1331.01,1324.53,-1,13.0,-0.14814814814815336,1.0493827160493727,-0.0987654320987806,1.0987654320987454,0.0,0.0,1.0
701,2016,3.849999999999909,0.2641638894334388,1322.17,1322.38,1323.37,1324.09,1320.24,-1,14.116666666666667,-0.555844155844195,-0.8129870129870015,-0.42597402597406203,-0.6831168831168686,1.0,1.0,0.0
702,2016,3.7100000000000364,0.25032531688274434,1321.95,1320.77,1316.03,1322.16,1318.45,1,13.033333333333333,-0.3746630727763036,-1.652291105121307,-0.34231805929918313,-1.6199460916441866,1.0,1.0,1.0
703,2016,4.959999999999809,0.3427950831811099,1313.2,1310.43,1308.12,1316.1,1311.14,-1,13.5,0.14314516129033542,0.6088709677420011,0.6814516129032282,1.1471774193548938,0.0,0.0,0.0
704,2016,5.6599999999998545,0.3880319279173304,1313.64,1313.55,1313.63,1318.36,1312.7,-1,13.6,-0.15017667844521748,-0.1643109540636197,-0.028268551236724133,-0.04240282685512637,0.0,0.0,0.0
705,2016,3.9299999999998363,0.27938861524398423,1314.54,1313.92,1314.36,1317.87,1313.94,-1,13.6,0.005089058524168612,-0.1068702290075987,0.07124681933841842,-0.040712468193348894,0.0,0.0,0.0
706,2016,5.810000000000173,0.4259976956112003,1323.91,1325.67,1329.92,1323.9,1318.09,1,13.0,0.30464716006883463,1.036144578313219,0.302925989672967,1.0344234079173515,0.0,0.0,1.0
707,2016,2.8199999999999363,0.19083526682134172,1334.32,1336.88,1336.5,1334.84,1332.02,1,13.333333333333334,0.723404255319233,0.5886524822695458,0.783687943262442,0.6489361702127548,0.0,0.0,1.0
708,2016,4.529999999999973,0.3246148333930477,1338.41,1339.31,1337.27,1338.87,1334.34,1,13.083333333333334,0.09713024282561969,-0.35320088300218955,0.15452538631347676,-0.2958057395143325,0.0,0.0,0.0
709,2016,4.509999999999991,0.32314857464558056,1336.79,1340.75,1337.33,1338.51,1334.0,1,13.333333333333334,0.49667405764967043,-0.26164079822617875,0.549889135254994,-0.2084257206208551,0.0,0.0,0.0
710,2016,3.9600000000000364,0.3130258031731731,1336.06,1326.82,1327.59,1337.79,1333.83,-1,13.183333333333334,1.7702020202020017,1.5757575757575635,1.9242424242424365,1.7297979797979983,0.0,0.0,1.0
711,2016,4.539999999999964,0.34955727877687726,1326.81,1320.6,1322.15,1326.86,1322.32,-1,15.016666666666667,0.37885462555066984,0.03744493392067109,0.46916299559474145,0.12775330396474271,0.0,0.0,0.0
712,2016,3.3600000000001273,0.2648946953485858,1320.92,1318.27,1321.76,1322.39,1319.03,-1,13.4,0.22619047619046492,-0.8124999999999746,0.3482142857142942,-0.6904761904761454,0.0,1.0,0.0
713,2016,4.740000000000009,0.37891851767258755,1325.22,1322.34,1315.42,1327.71,1322.97,-1,13.2,0.13291139240508607,1.5928270042193966,0.21729957805906555,1.677215189873376,1.0,1.0,0.0
714,2016,3.3199999999999363,0.25780686671473313,1317.29,1311.88,1311.24,1318.21,1314.89,-1,13.866666666666667,0.906626506024111,1.0993975903614943,1.0210843373493788,1.213855421686762,0.0,0.0,1.0
715,2016,3.5900000000001455,0.2884858225232592,1307.72,1284.15,1268.85,1310.39,1306.8,-1,13.083333333333334,6.30919220055681,10.571030640668107,6.325905292478799,10.587743732590097,0.0,0.0,1.0
716,2016,4.1400000000001,0.2787610619469102,1273.38,1268.17,1266.79,1274.68,1270.54,1,13.25,-1.572463768115902,-1.9057971014492534,-1.2487922705313335,-1.5821256038646851,1.0,1.0,0.0
717,2016,5.0,0.3430195521144714,1264.1,1251.63,1250.82,1268.04,1263.04,-1,13.5,2.2819999999999707,2.4440000000000053,2.4199999999999817,2.5820000000000163,0.0,0.0,1.0
718,2016,5.7000000000000455,0.37662828015858435,1255.95,1256.39,1251.86,1258.67,1252.97,-1,13.333333333333334,-0.600000000000008,0.19473684210528394,-0.37894736842106397,0.415789473684228,1.0,1.0,0.0
719,2016,4.769999999999982,0.2943795459554768,1259.6,1259.93,1259.21,1264.29,1259.52,-1,13.0,-0.08595387840672608,0.06498951781969531,-0.0691823899371396,0.08176100628928179,0.0,0.0,0.0
720,2016,9.480000000000018,0.577219153655463,1255.43,1254.48,1255.88,1262.09,1252.61,0,,,,,,,,
721,2016,4.490000000000009,0.2977594618919061,1253.36,1252.69,1254.3,1257.51,1253.02,-1,13.083333333333334,0.07349665924274534,-0.2850779510022205,0.19376391982180158,-0.16481069042316426,1.0,1.0,0.0
722,2016,3.490000000000009,0.23544718581341673,1258.35,1257.24,1258.56,1260.25,1256.76,-1,13.366666666666667,-0.13753581661891603,-0.5157593123209026,-0.07163323782234939,-0.44985673352433586,1.0,1.0,0.0
723,2016,4.940000000000055,0.3297573070137839,1254.04,1253.39,1252.73,1256.93,1251.99,-1,13.283333333333333,-0.28340080971661447,-0.14979757085020262,-0.1781376518218825,-0.04453441295547062,1.0,1.0,1.0
724,2016,4.430000000000064,0.2904373887796243,1253.61,1254.87,1255.47,1254.93,1250.5,1,13.05,-0.013544018058729557,0.12189616252820674,0.08126410835212072,0.21670428893905702,0.0,0.0,0.0
725,2016,3.2899999999999636,0.22403813415049156,1260.37,1259.69,1262.44,1263.53,1260.24,-1,13.0,0.1671732522796233,-0.6686930091185622,0.20668693009113795,-0.6291793313070476,1.0,1.0,0.0
726,2016,9.970000000000027,0.6791883606637173,1270.04,1269.42,1268.13,1271.27,1261.3,1,13.083333333333334,-0.18555667001002046,-0.3149448345034969,-0.13941825476427971,-0.26880641925775617,0.0,0.0,0.0
727,2016,3.8300000000001546,0.25678846798526045,1271.06,1266.55,1266.22,1271.66,1267.83,1,13.516666666666667,-1.3342036553524599,-1.4203655352479987,-1.2349869451696678,-1.3211488250652066,1.0,1.0,0.0
728,2016,5.9500000000000455,0.40879422878736194,1266.03,1265.96,1267.59,1267.01,1261.06,1,13.966666666666667,-0.17647058823528514,0.09747899159662568,-0.11764705882353615,0.15630252100837466,0.0,0.0,0.0
729,2016,4.589999999999918,0.3209309294311488,1265.05,1262.82,1263.68,1266.84,1262.25,1,13.55,-0.8758169934640639,-0.6884531590413749,-0.7930283224401231,-0.605664488017434,1.0,1.0,1.0
730,2016,3.9400000000000546,0.33339377455425145,1268.65,1270.87,1275.02,1270.54,1266.6,1,13.516666666666667,0.08375634517764535,1.1370558375634408,0.21065989847713598,1.2639593908629312,0.0,0.0,1.0
731,2016,6.080000000000155,0.5156600230205515,1272.22,1268.71,1266.5,1275.89,1269.81,-1,15.083333333333334,0.1809210526315594,0.5444078947368193,0.2582236842105093,0.6217105263157692,0.0,0.0,0.0
732,2016,3.009999999999991,0.2679298067141404,1269.15,1266.96,1270.16,1270.64,1267.63,1,13.45,-1.2225913621262707,-0.1594684385382125,-1.073089700996687,-0.009966777408628839,1.0,1.0,0.0
733,2016,4.139999999999873,0.4107725017717813,1266.21,1271.7,1277.41,1269.56,1265.42,-1,13.5,-1.5169082125604265,-2.8961352657005746,-1.1400966183575296,-2.5193236714976774,1.0,1.0,0.0
734,2016,3.8900000000001,0.35176333807002597,1273.19,1274.05,1278.06,1275.5,1271.61,0,,,,,,,,
735,2016,9.670000000000073,0.8825293350717155,1286.88,1286.87,1287.22,1288.19,1278.52,1,13.183333333333334,-0.13650465356775116,-0.10031023784901964,-0.0972078593588467,-0.06101344364011517,0.0,0.0,0.0
736,2016,5.400000000000091,0.47047109340967924,1297.46,1304.14,1296.3,1299.43,1294.03,1,13.733333333333333,0.8722222222222142,-0.57962962962964,0.8907407407407577,-0.5611111111110966,0.0,0.0,1.0
737,2016,16.319999999999936,1.3261361657670159,1292.6,1298.76,1303.0,1301.85,1285.53,0,,,,,,,,
738,2016,9.8599999999999,0.7666333444407345,1304.1,1304.36,1304.15,1305.35,1295.49,1,13.016666666666667,-0.10040567951318652,-0.12170385395535804,-0.06288032454362318,-0.08417849898579469,0.0,0.0,0.0
739,2016,5.210000000000036,0.3925515311339569,1286.21,1281.74,1280.28,1288.91,1283.7,-1,15.0,0.376199616122845,0.6564299424184354,0.41650671785029897,0.6967370441458894,0.0,0.0,1.0
740,2016,6.1099999999999,0.42208625283725776,1280.29,1284.17,1277.53,1285.61,1279.5,-1,13.0,-0.7643207855974058,0.3224222585924811,-0.6350245499181952,0.4517184942716917,1.0,1.0,0.0
741,2016,20.429999999999836,1.3490873072024812,1300.73,1288.48,1272.43,1311.12,1290.69,-1,14.783333333333333,0.10817425354870554,0.8937836514929093,0.13999021047478818,0.925599608418992,0.0,0.0,1.0
742,2016,15.230000000000018,0.7873707533234877,1280.72,1270.26,1259.2,1292.03,1276.8,-1,13.416666666666666,0.4294156270518684,1.155613919894937,0.4346684175968556,1.160866710439924,0.0,0.0,1.0
743,2016,6.4099999999998545,0.29543060310771013,1257.75,1234.09,1221.83,1259.36,1252.95,1,13.133333333333333,-3.942277691107731,-5.854914196567991,-3.89079563182537,-5.80343213728563,1.0,1.0,0.0
744,2016,11.889999999999873,0.49139483394833455,1223.71,1212.5,1217.29,1228.35,1216.46,-1,14.216666666666667,0.3330529857022774,-0.06980656013456149,0.41295206055509964,0.010092514718260682,0.0,1.0,0.0
745,2016,8.97999999999979,0.3666802776643446,1225.52,1223.72,1223.36,1231.36,1222.38,-1,13.5,-0.14922048997772264,-0.10913140311801933,0.09020044543429447,0.13028953229399778,0.0,0.0,0.0
746,2016,7.309999999999945,0.2978463329452833,1225.27,1224.32,1225.45,1228.7,1221.39,1,13.883333333333333,-0.5991792065663669,-0.4445964432284575,-0.48153214774281916,-0.3269493844049098,0.0,0.0,0.0
747,2016,5.179999999999836,0.20875071963154226,1228.57,1227.04,1214.68,1231.31,1226.13,-1,13.083333333333334,-0.17567567567565315,2.210424710424789,0.15444015444015055,2.5405405405405928,0.0,0.0,1.0
748,2016,9.669999999999845,0.3923261946851307,1211.24,1207.1,1209.14,1213.36,1203.69,1,13.2,-0.64736297828336,-0.43640124095138233,-0.6246122026887577,-0.41365046535678013,0.0,0.0,0.0
749,2016,4.25,0.1700485853100888,1215.27,1214.24,1211.96,1217.49,1213.24,-1,13.383333333333333,-0.23529411764705882,0.3011764705882289,-0.22117647058824813,0.3152941176470396,0.0,0.0,0.0
750,2016,5.420000000000073,0.2199420289855105,1214.63,1207.89,1210.44,1219.2,1213.78,-1,13.6,1.0867158671586334,0.6162361623616003,1.217712177121738,0.7472324723247048,0.0,0.0,1.0
751,2016,5.100000000000136,0.2103836407566799,1209.12,1183.99,1186.95,1213.68,1208.58,-1,13.0,4.821568627450835,4.2411764705880985,4.927450980392002,4.347058823529265,0.0,0.0,1.0
754,2016,10.27000000000021,0.41613846198374327,1188.14,1189.66,1192.43,1197.13,1186.86,-1,13.383333333333333,-0.27263875365142404,-0.5423563777994207,-0.2599805258033124,-0.529698149951309,0.0,0.0,0.0
755,2016,9.440000000000055,0.39137645107794633,1184.91,1187.08,1188.66,1192.76,1183.32,-1,13.116666666666667,-0.39830508474575943,-0.5656779661017071,-0.3516949152542285,-0.5190677966101761,0.0,0.0,0.0
756,2016,7.379999999999882,0.3649207078020643,1182.71,1176.16,1173.76,1190.05,1182.67,-1,13.0,0.8821138211382242,1.207317073170762,0.8875338753387615,1.2127371273712992,0.0,0.0,1.0
757,2016,7.039999999999964,0.36843482486635887,1167.71,1168.29,1172.05,1173.7,1166.66,-1,14.466666666666667,-0.2315340909090753,-0.7656249999999859,-0.1633522727272542,-0.6974431818181648,0.0,1.0,0.0
758,2016,7.290000000000191,0.43034238488785137,1170.98,1174.07,1174.5,1176.66,1169.37,-1,13.5,-0.6447187928669303,-0.7037037037037003,-0.5185185185185012,-0.5775034293552711,1.0,1.0,0.0
759,2016,10.820000000000164,0.6593540524070794,1167.69,1162.27,1170.79,1173.15,1162.33,-1,15.0,0.005545286506464374,-0.7818853974121912,0.18946395563770088,-0.5979667282809547,0.0,1.0,0.0
760,2016,5.150000000000091,0.2986743993372054,1172.32,1171.41,1168.49,1174.68,1169.53,-1,14.25,-0.36504854368933515,0.2019417475728049,-0.2213592233009864,0.34563106796115367,1.0,1.0,0.0
761,2016,6.5,0.3816953986829417,1173.04,1178.16,1173.74,1174.26,1167.76,1,13.916666666666666,0.600000000000014,-0.0799999999999972,0.6646153846154098,-0.015384615384601393,0.0,0.0,0.0
762,2016,6.769999999999982,0.4072355418063068,1172.84,1171.27,1170.38,1178.45,1171.68,-1,13.383333333333333,0.06056129985230176,0.19202363367798495,0.18906942392909545,0.3205317577547786,0.0,0.0,0.0
763,2016,10.690000000000055,0.6534515129022439,1161.72,1161.4,1159.43,1171.93,1161.24,-1,15.25,-0.014967259120681108,0.1693171188026133,0.09073900841906407,0.27502338634235846,0.0,0.0,0.0
764,2016,6.220000000000027,0.37306143432439565,1155.08,1159.66,1162.18,1157.4,1151.18,1,13.333333333333334,0.36334405144694226,0.7684887459806996,0.7588424437299046,1.163987138263662,0.0,0.0,1.0
765,2016,4.600000000000136,0.2764067127344606,1158.67,1156.62,1157.14,1161.68,1157.08,1,13.383333333333333,-1.100000000000005,-0.9869565217390932,-0.7065217391304138,-0.5934782608695022,1.0,1.0,0.0
766,2016,2.4200000000000728,0.1612411955073341,1161.28,1162.5,1149.47,1163.03,1160.61,-1,13.166666666666666,-0.7809917355372079,4.6033057851237755,-0.5330578512396383,4.8512396694213455,1.0,1.0,0.0
767,2016,11.639999999999873,0.7218284904323103,1128.65,1126.61,1131.5,1138.62,1126.98,-1,13.25,0.03178694158076652,-0.3883161512027518,0.10395189003436853,-0.3161512027491498,0.0,0.0,0.0
768,2016,3.990000000000009,0.24804618117229207,1133.66,1128.57,1134.33,1136.09,1132.1,-1,14.516666666666667,0.8847117794486127,-0.5588972431077727,0.9699248120301026,-0.4736842105262828,0.0,1.0,1.0
769,2016,3.519999999999982,0.2187694220012419,1138.94,1139.5,1139.08,1140.49,1136.97,1,13.033333333333333,-0.28125000000000405,-0.40056818181820714,-0.0397727272727559,-0.159090909090959,1.0,1.0,0.0
770,2016,6.3599999999999,0.40694698354661163,1129.6,1127.72,1130.85,1135.11,1128.75,-1,13.033333333333333,0.16194968553458947,-0.3301886792452739,0.19025157232705273,-0.30188679245281064,0.0,0.0,0.0
771,2016,3.5800000000001546,0.24021087946322617,1134.8,1130.99,1131.32,1136.15,1132.57,1,14.033333333333333,-1.4413407821228656,-1.3491620111731693,-1.2960893854748323,-1.203910614525136,1.0,1.0,0.0
772,2016,2.9400000000000546,0.20541997304986145,1130.29,1132.66,1128.6,1132.27,1129.33,-1,13.333333333333334,-1.1326530612245214,0.24829931972789274,-1.0408163265306516,0.34013605442176237,1.0,1.0,0.0
773,2016,1.9800000000000182,0.14183381088825342,1130.79,1135.21,1132.59,1132.28,1130.3,-1,13.5,-2.4797979797979983,-1.1565656565656275,-2.5202020202020017,-1.1969696969696308,1.0,1.0,0.0
775,2016,3.2999999999999545,0.2687405838999915,1142.17,1136.78,1139.49,1144.76,1141.46,-1,13.15,1.418181818181857,0.5969696969697135,1.542424242424239,0.7212121212120953,0.0,0.0,1.0
776,2016,5.879999999999882,0.46584009099499274,1139.45,1138.01,1141.8,1142.76,1136.88,-1,14.583333333333334,-0.19217687074828307,-0.8367346938775415,-0.15816326530613645,-0.8027210884353949,0.0,0.0,0.0
777,2016,4.389999999999873,0.3507730590766561,1145.7,1149.42,1155.54,1149.84,1145.45,-1,13.283333333333333,-0.904328018223267,-2.2984054669704355,-0.8405466970387612,-2.2346241457859293,1.0,1.0,0.0
778,2016,4.0499999999999545,0.31640095310904,1157.86,1157.13,1151.89,1161.12,1157.07,-1,13.233333333333333,-0.01481481481485765,1.2790123456789864,0.1555555555555281,1.449382716049372,0.0,0.0,1.0
780,2017,8.3900000000001,0.6886039735720598,1148.72,1154.85,1159.14,1154.39,1146.0,1,14.8,0.054827175208558225,0.5661501787842602,0.16328963051249995,0.6746126340882019,0.0,0.0,1.0
781,2017,6.8900000000001,0.5943790938276093,1165.49,1165.4,1162.72,1167.64,1160.75,1,13.233333333333333,-0.3251088534107368,-0.7140783744557332,-0.31349782293175954,-0.7024673439767558,0.0,1.0,0.0
782,2017,8.86999999999989,0.8153804736797066,1172.8,1181.32,1180.8,1179.3,1170.43,1,15.066666666666666,0.22773393461104924,0.16910935738444402,0.32018038331453813,0.2615558060879329,0.0,0.0,0.0
783,2017,4.929999999999836,0.4401308531600375,1176.02,1175.58,1172.17,1179.32,1174.39,1,13.5,-0.7586206896551995,-1.450304259634909,-0.6308316430020752,-1.3225152129817845,1.0,1.0,0.0
784,2017,7.129999999999882,0.6190118878560206,1178.33,1178.87,1184.16,1180.87,1173.74,1,13.35,-0.2805049088359093,0.46143057503509755,-0.14025245441795464,0.6016830294530522,0.0,0.0,0.0
785,2017,4.660000000000082,0.40479750817475774,1182.08,1188.74,1186.62,1185.94,1181.28,-1,13.25,-1.6008583690986922,-1.1459227467810782,-1.433476394849774,-0.97854077253216,1.0,1.0,0.0
786,2017,4.309999999999945,0.36820298150441644,1188.56,1180.4,1191.74,1191.24,1186.93,-1,14.183333333333334,1.5150812064965327,-1.1160092807424609,1.7215777262180834,-0.90951276102091,0.0,1.0,1.0
787,2017,7.349999999999909,0.5758350727768158,1204.16,1201.48,1196.15,1206.87,1199.52,0,,,,,,,,
788,2017,4.289999999999964,0.3239359894718081,1197.6,1194.17,1197.79,1198.69,1194.4,1,13.116666666666667,-1.0536130536130583,-0.20979020979023277,-1.0442890442890573,-0.20046620046623184,1.0,1.0,0.0
790,2017,8.160000000000082,0.605071926442243,1211.08,1212.73,1215.78,1218.74,1210.58,0,,,,,,,,
791,2017,4.009999999999991,0.28563578638879766,1211.88,1215.24,1209.7,1214.76,1210.75,1,14.3,0.11970074812968062,-1.2618453865336552,0.2618453865336551,-1.1197007481296806,0.0,1.0,0.0
792,2017,7.509999999999991,0.5458302184566818,1204.15,1199.45,1205.54,1205.72,1198.21,1,13.35,-0.8348868175765631,-0.023968042609862034,-0.813581890812238,-0.002663115845536862,1.0,1.0,0.0
793,2017,8.440000000000055,0.6221763535073811,1200.34,1203.6,1212.45,1206.99,1198.55,0,,,,,,,,
794,2017,4.6099999999999,0.31764937493847156,1214.17,1217.41,1216.0,1215.03,1210.42,1,13.483333333333333,0.5162689804772583,0.21041214750543347,0.5878524945770272,0.28199566160520234,1.0,1.0,0.0
795,2017,2.5700000000001637,0.1835246110686167,1213.01,1214.17,1207.05,1214.13,1211.56,1,13.516666666666667,0.015564202334615203,-2.7548638132294565,0.050583657587587885,-2.719844357976484,0.0,1.0,1.0
796,2017,6.900000000000091,0.4920788548724023,1204.86,1196.72,1198.03,1207.76,1200.86,-1,14.05,0.5999999999999737,0.41014492753621595,0.7536231884057938,0.563768115942036,0.0,0.0,1.0
797,2017,10.670000000000073,0.7709935483871021,1187.69,1186.38,1189.18,1198.16,1187.49,-1,13.0,0.10402999062791869,-0.15838800374883252,0.12277413308340548,-0.13964386129334572,0.0,0.0,0.0
798,2017,4.439999999999827,0.3107844607769487,1182.3,1187.69,1191.26,1186.07,1181.63,-1,13.1,-1.3648648648649058,-2.1689189189189766,-1.290540540540595,-2.094594594594666,1.0,1.0,0.0
799,2017,3.699999999999818,0.26274410347449845,1191.07,1198.21,1195.11,1191.87,1188.17,1,13.283333333333333,1.713513513513637,0.8756756756757211,1.8864864864865842,1.0486486486486684,0.0,0.0,1.0
800,2017,10.539999999999964,0.7456667845772875,1204.74,1212.4,1212.76,1206.7,1196.16,1,14.383333333333333,0.5407969639468753,0.574952561669826,0.5635673624288496,0.5977229601518004,0.0,0.0,0.0
801,2017,5.230000000000018,0.3734952050601932,1210.43,1203.36,1208.85,1212.29,1207.06,-1,13.25,0.7074569789675015,-0.34225621414913143,1.1128107074570064,0.06309751434037351,0.0,0.0,1.0
802,2017,10.070000000000164,0.7186257518605477,1220.07,1216.91,1216.05,1223.66,1213.59,1,13.4,-0.6703078450843982,-0.7557100297914602,-0.6385302879840846,-0.7239324726911465,0.0,1.0,0.0
803,2017,3.6499999999998636,0.25737886571974433,1211.77,1219.18,1216.37,1214.6,1210.95,-1,13.033333333333333,-2.2547945205480344,-1.4849315068493283,-2.1369863013699306,-1.3671232876712243,1.0,1.0,1.0
804,2017,6.9099999999998545,0.47900574371161586,1228.48,1228.65,1233.3,1228.54,1221.63,1,13.0,0.015918958031856677,0.6888567293777267,0.0246020260492151,0.6975397973950851,0.0,0.0,0.0
805,2017,4.0900000000001455,0.28359169927196315,1230.87,1234.62,1232.97,1231.9,1227.81,-1,13.466666666666667,-1.6650366748165533,-1.2616136919315155,-1.4009779951099235,-0.9975550122248856,1.0,1.0,0.0
806,2017,8.730000000000018,0.62928637627433,1239.81,1241.67,1239.48,1240.07,1231.34,1,13.016666666666667,0.1832760595647346,-0.06758304696448075,0.21420389461627884,-0.036655211912936504,0.0,0.0,0.0
807,2017,6.980000000000018,0.49263964508973734,1238.65,1234.13,1231.7,1243.71,1236.73,1,14.8,-1.3724928366762037,-1.720630372492831,-1.2163323782234612,-1.5644699140400884,1.0,1.0,0.0
808,2017,6.120000000000118,0.42552768810529723,1226.09,1229.93,1232.93,1227.68,1221.56,1,13.25,0.36764705882352233,0.8578431372548854,0.41176470588234204,0.9019607843137051,0.0,0.0,1.0
809,2017,3.6400000000001,0.24712671548422185,1228.88,1223.03,1225.94,1232.25,1228.61,-1,13.0,1.532967032966971,0.7335164835164208,1.6071428571428505,0.8076923076923005,0.0,0.0,1.0
810,2017,7.160000000000082,0.4816914944738158,1233.17,1223.5,1229.63,1233.42,1226.26,1,13.0,-1.3854748603351899,-0.5293296089385363,-1.3505586592178718,-0.49441340782121834,1.0,1.0,0.0
811,2017,3.2200000000000273,0.22080721003134973,1226.03,1224.91,1231.27,1227.29,1224.07,-1,13.5,-0.26086956521743426,-2.2360248447204922,-0.05279503105592277,-2.0279503105589805,1.0,1.0,1.0
812,2017,5.4500000000000455,0.3754736479503992,1237.41,1240.41,1240.39,1239.05,1233.6,1,13.6,0.249541284403691,0.24587155963305218,0.5155963302752568,0.5119266055046179,0.0,0.0,0.0
813,2017,7.269999999999982,0.5027414176339823,1241.78,1239.23,1235.62,1243.72,1236.45,0,,,,,,,,
815,2017,6.529999999999973,0.48674262591843004,1229.97,1233.91,1236.49,1234.48,1227.95,-1,13.766666666666667,-0.9127105666156295,-1.3078101071975496,-0.8728943338438084,-1.2679938744257286,1.0,1.0,0.0
816,2017,4.769999999999982,0.3584156290253311,1238.22,1233.83,1237.34,1238.68,1233.91,1,13.216666666666667,-1.0167714884696342,-0.2809224318658597,-0.9790356394130169,-0.2431865828092424,1.0,1.0,0.0
817,2017,7.579999999999927,0.5893591025213764,1243.11,1249.58,1249.39,1243.57,1235.99,1,13.25,0.7928759894459168,0.7678100263852532,0.8614775725593714,0.836411609498708,0.0,0.0,0.0
818,2017,5.039999999999964,0.3908058709498726,1257.71,1256.08,1258.28,1258.37,1253.33,1,13.016666666666667,-0.4543650793650754,-0.017857142857126744,-0.32936507936509796,0.1071428571428507,1.0,1.0,0.0
819,2017,3.25,0.25693150375515256,1255.43,1259.68,1255.13,1256.53,1253.28,1,13.9,0.9692307692307972,-0.43076923076918877,1.1415384615384727,-0.25846153846151326,0.0,0.0,1.0
820,2017,4.639999999999873,0.3568642531450758,1253.32,1257.36,1250.57,1254.8,1250.16,1,13.5,0.5517241379310379,-0.9116379310345117,0.8318965517241392,-0.6314655172414103,0.0,1.0,0.0
821,2017,6.8900000000001,0.5359484387154205,1242.24,1243.8,1247.54,1247.25,1240.36,-1,13.466666666666667,-0.499274310595066,-1.042089985486206,-0.42670537010159826,-0.9695210449927383,0.0,1.0,0.0
822,2017,7.400000000000091,0.5940366972477142,1240.29,1241.29,1233.25,1246.27,1238.87,-1,13.4,-0.32702702702703285,0.7594594594594354,-0.28648648648646824,0.8,0.0,0.0,1.0
823,2017,3.759999999999991,0.29902294932969714,1228.19,1225.37,1234.27,1229.16,1225.4,1,13.166666666666666,-1.0079787234043085,1.359042553191466,-0.9414893617021808,1.4255319148935939,1.0,1.0,0.0
824,2017,4.759999999999991,0.3796934647598425,1231.85,1228.8,1227.19,1234.92,1230.16,-1,14.716666666666667,0.285714285714313,0.6239495798319397,0.36554621848739755,0.7037815126050243,0.0,0.0,1.0
825,2017,3.8299999999999272,0.3066628538747445,1222.85,1220.13,1214.68,1226.07,1222.24,-1,13.083333333333334,0.5509138381200888,1.9738903394256107,0.629242819843316,2.0522193211488378,0.0,0.0,1.0
826,2017,3.160000000000082,0.2594721407624704,1212.07,1207.78,1209.18,1214.49,1211.33,-1,13.25,1.1234177215189438,0.6803797468353823,1.7151898734177,1.2721518987341385,0.0,0.0,1.0
827,2017,4.959999999999809,0.403345724907048,1207.8,1203.73,1202.58,1208.1,1203.14,1,13.0,-0.8810483870967861,-1.1129032258064908,-0.820564516129051,-1.0524193548387557,1.0,1.0,0.0
828,2017,4.170000000000073,0.337729954876785,1197.16,1201.98,1202.15,1199.25,1195.08,1,13.5,0.6546762589927987,0.6954436450839425,0.9112709832134025,0.9520383693045463,0.0,0.0,1.0
829,2017,7.350000000000136,0.5779275484414599,1203.39,1204.81,1204.53,1210.21,1202.86,-1,13.516666666666667,-0.26530612244898083,-0.22721088435374717,-0.16054421768704957,-0.1224489795918159,0.0,0.0,0.0
830,2017,6.220000000000027,0.49771376314586463,1203.68,1205.78,1198.64,1206.96,1200.74,1,14.5,-0.18971061093248529,-1.337620578778119,-0.10932475884245349,-1.2572347266880872,0.0,1.0,0.0
831,2017,5.879999999999882,0.46767412793999746,1200.09,1201.1,1219.73,1204.59,1198.71,-1,14.066666666666666,-0.4064625850340001,-3.574829931972858,-0.34523809523809756,-3.513605442176955,0.0,1.0,0.0
832,2017,10.25,0.7752566180442999,1230.92,1228.37,1226.27,1233.56,1223.31,0,,,,,,,,
833,2017,5.7000000000000455,0.42790498150035194,1230.01,1229.36,1228.45,1231.31,1225.61,1,14.0,-0.34210526315789996,-0.5017543859648907,-0.1561403508772093,-0.3157894736842,0.0,0.0,0.0
834,2017,3.7899999999999636,0.2937333923826365,1232.31,1233.45,1234.49,1233.81,1230.02,1,15.7,-0.09498680738783731,0.17941952506598158,-0.0026385224274382587,0.2717678100263806,0.0,0.0,0.0
835,2017,5.430000000000064,0.43524562006183876,1232.94,1242.91,1244.56,1233.7,1228.27,1,13.033333333333333,1.6961325966850698,1.999999999999958,1.7366482504603966,2.040515653775285,0.0,0.0,1.0
836,2017,4.420000000000073,0.34061760334673263,1247.78,1247.86,1247.8,1248.97,1244.55,1,13.066666666666666,-0.2511312217194817,-0.2647058823529533,-0.15610859728507764,-0.16968325791854924,0.0,0.0,0.0
837,2017,6.9500000000000455,0.5660267597440406,1251.98,1245.42,1246.16,1252.4,1245.45,1,13.0,-1.004316546762586,-0.8978417266187004,-0.9438848920863169,-0.8374100719424314,1.0,1.0,0.0
838,2017,5.220000000000027,0.4325540100621501,1245.27,1247.65,1247.94,1246.13,1240.91,1,13.783333333333333,0.29118773946359655,0.3467432950191448,0.33141762452107454,0.38697318007662285,0.0,0.0,1.0
839,2017,2.2999999999999545,0.19182652210174753,1258.39,1255.06,1255.14,1258.7,1256.4,1,13.116666666666667,-1.5826086956522487,-1.5478260869565286,-1.4478260869566175,-1.4130434782608976,1.0,1.0,0.0
840,2017,4.220000000000027,0.34229432213209926,1255.41,1256.92,1248.84,1255.91,1251.69,1,13.0,0.23933649289099157,-1.6753554502369947,0.3578199052132657,-1.5568720379147207,0.0,1.0,0.0
841,2017,4.5,0.36773289750175076,1252.79,1252.13,1253.45,1254.09,1249.59,1,14.133333333333333,-0.4355555555555131,-0.14222222222219394,-0.3955555555555495,-0.1022222222222303,0.0,0.0,0.0
842,2017,2.6400000000001,0.21937321937322765,1250.16,1248.65,1244.39,1251.4,1248.76,-1,13.5,0.04166666666662719,1.6553030303029261,0.6477272727271758,2.261363636363475,0.0,0.0,1.0
843,2017,2.1000000000001364,0.17436688215409457,1242.52,1247.07,1250.01,1243.43,1241.33,-1,13.166666666666666,-2.73333333333316,-4.133333333333095,-2.6809523809521503,-4.080952380952086,1.0,1.0,0.0
844,2017,2.8500000000001364,0.2348440258975976,1246.32,1252.13,1252.23,1247.22,1244.37,1,13.0,1.722807017543806,1.757894736842018,2.0385964912280334,2.0736842105262454,0.0,0.0,1.0
845,2017,3.5399999999999636,0.29139228598306316,1260.06,1256.77,1256.51,1260.56,1257.02,1,13.083333333333334,-1.0706214689265543,-1.1440677966101684,-1.0254237288136008,-1.0988700564972147,1.0,1.0,0.0
846,2017,5.539999999999964,0.5073260073260036,1252.47,1247.52,1252.36,1257.25,1251.71,-1,13.25,0.7563176895307008,-0.11732851985557181,0.44223826714802555,-0.431407942238247,0.0,0.0,1.0
847,2017,4.460000000000036,0.4079445968901113,1252.31,1252.48,1253.07,1255.31,1250.85,0,,,,,,,,
848,2017,3.2899999999999636,0.2970463046562589,1262.83,1266.07,1255.78,1265.37,1262.08,1,13.5,0.2127659574468247,-2.914893617021284,0.9209726443769016,-2.206686930091207,1.0,1.0,1.0
849,2017,5.480000000000018,0.454260169340993,1250.21,1251.67,1253.8,1254.52,1249.04,-1,13.316666666666666,-0.4799270072992884,-0.8686131386861269,-0.3412408759124292,-0.7299270072992676,0.0,1.0,0.0
850,2017,2.8700000000001182,0.25415902334114543,1257.62,1272.58,1273.57,1258.74,1255.87,1,13.166666666666666,4.822299651567717,5.167247386759343,4.825783972125205,5.170731707316832,0.0,0.0,1.0
851,2017,3.3900000000001,0.27460510328068866,1274.18,1276.19,1275.21,1275.76,1272.37,1,13.25,0.12684365781712417,-0.16224188790558652,0.2300884955752064,-0.058997050147504296,1.0,1.0,0.0
852,2017,4.670000000000073,0.36864956301100116,1286.86,1284.06,1286.75,1288.5,1283.83,-1,14.65,-0.04925053533190891,-0.6252676659528966,0.0942184154175691,-0.4817987152034186,0.0,0.0,0.0
853,2017,4.429999999999836,0.3581244947453383,1286.36,1291.6,1285.77,1290.59,1286.16,-1,13.0,-1.227990970654634,0.08803611738151568,-1.1828442437923707,0.13318284424377877,1.0,1.0,0.0
854,2017,4.6400000000001,0.3828834138866048,1284.38,1287.95,1290.65,1287.2,1282.56,-1,14.783333333333333,-1.1616379310344793,-1.7435344827586146,-1.0560344827586174,-1.6379310344827527,1.0,1.0,0.0
855,2017,4.420000000000073,0.3590160129960609,1281.95,1279.79,1282.13,1285.26,1280.84,1,13.983333333333333,-1.2375565610859587,-0.7081447963800521,-1.1877828054298447,-0.6583710407239382,1.0,1.0,0.0
856,2017,4.9699999999998,0.3845261121856711,1279.15,1282.49,1280.7,1282.1,1277.13,-1,14.1,-1.0784708249497215,-0.7183098591549457,-0.8309859154930131,-0.47082494969823735,1.0,1.0,0.0
857,2017,7.079999999999927,0.5629898898102871,1283.34,1283.99,1284.6,1285.53,1278.45,0,,,,,,,,
858,2017,3.5900000000001455,0.2873477788577105,1269.6,1272.42,1275.61,1272.95,1269.36,-1,13.016666666666667,-0.8523676880222977,-1.7409470752088432,-0.7938718662952704,-1.682451253481816,1.0,1.0,0.0
859,2017,4.2800000000002,0.32952045754511056,1269.08,1266.77,1264.17,1272.89,1268.61,-1,13.016666666666667,0.42990654205603557,1.0373831775700046,0.4976635514018714,1.1051401869158404,0.0,0.0,1.0
860,2017,3.5499999999999545,0.25993723849372075,1264.21,1263.15,1267.02,1266.35,1262.8,-1,13.25,-0.09859154929581435,-1.18873239436622,-0.04225352112678672,-1.1323943661971925,0.0,1.0,0.0
861,2017,2.6800000000000637,0.19912960407600533,1264.42,1265.42,1264.86,1265.74,1263.06,-1,13.05,-0.8805970149253998,-0.6716417910447432,-0.8022388059701642,-0.5932835820895076,1.0,1.0,0.0
862,2017,3.2799999999999727,0.24628586752480347,1267.41,1266.78,1267.52,1268.04,1264.76,1,13.216666666666667,-0.38414634146341503,-0.15853658536584944,-0.24390243902437841,-0.018292682926812784,1.0,1.0,0.0
863,2017,2.3899999999998727,0.195501022494877,1263.77,1263.89,1257.03,1264.06,1261.67,1,13.5,-0.0711297071129098,-2.941422594142405,0.13807531380760343,-2.7322175732218916,0.0,1.0,1.0
864,2017,3.150000000000091,0.24754420432220742,1254.85,1254.73,1256.22,1256.95,1253.8,-1,13.016666666666667,-0.2952380952381069,-0.7682539682539692,-0.14603174603175337,-0.6190476190476156,0.0,0.0,0.0
865,2017,2.7200000000000273,0.2351923908344164,1253.84,1249.76,1246.93,1255.23,1252.51,1,13.316666666666666,-2.011029411764696,-3.051470588235247,-1.7205882352941237,-2.761029411764675,1.0,1.0,0.0
866,2017,3.8199999999999363,0.3183901887241716,1234.26,1229.45,1226.78,1236.3,1232.48,-1,13.266666666666667,0.793193717277493,1.4921465968586756,0.7958115183246111,1.4947643979057936,0.0,0.0,1.0
867,2017,4.279999999999973,0.3388565288695337,1231.86,1228.39,1228.65,1235.46,1231.18,-1,13.333333333333334,0.6518691588785003,0.5911214953271002,1.1448598130840875,1.0841121495326875,0.0,0.0,1.0
868,2017,7.3900000000001,0.600952602230492,1232.34,1228.22,1228.28,1236.43,1229.04,-1,14.85,0.11096075778077473,0.10284167794316382,0.15426251691473034,0.14614343707711944,0.0,0.0,0.0
869,2017,4.649999999999864,0.3833922261483988,1223.7,1218.05,1216.19,1228.08,1223.43,-1,13.066666666666666,1.1569892473118855,1.5569892473118756,1.2301075268817623,1.6301075268817526,0.0,0.0,1.0
870,2017,4.829999999999927,0.4022844904515379,1223.59,1220.8,1217.67,1225.56,1220.73,-1,15.966666666666667,-0.014492753623175442,0.6335403726708057,0.16149068322981044,0.8095238095237915,0.0,0.0,0.0
871,2017,3.490000000000009,0.28832762893898334,1223.76,1224.75,1224.38,1224.08,1220.59,1,13.0,0.1919770773639172,0.08595988538687138,0.2836676217765062,0.17765042979946036,1.0,1.0,0.0
872,2017,3.1000000000001364,0.2546798896778472,1228.08,1230.49,1227.91,1229.89,1226.79,1,13.683333333333334,0.19354838709673633,-0.6387096774193326,0.25161290322578655,-0.5806451612902823,0.0,1.0,0.0
873,2017,4.240000000000009,0.3707914298207268,1232.42,1234.0,1230.86,1232.94,1228.7,1,13.0,0.2499999999999866,-0.4905660377358845,0.3726415094339443,-0.36792452830192673,0.0,0.0,1.0
874,2017,2.099999999999909,0.19103313840155134,1235.07,1238.12,1237.32,1235.32,1233.22,1,13.0,1.3333333333333695,0.9523809523809936,1.4523809523809936,1.0714285714286178,0.0,0.0,1.0
875,2017,6.6099999999999,0.610462431558801,1247.6,1259.91,1256.98,1248.61,1242.0,1,13.033333333333333,1.709531013615787,1.2662632375189478,1.8108925869894414,1.3676248108926021,0.0,0.0,1.0
876,2017,11.100000000000136,0.9138488679800185,1259.88,1253.09,1248.35,1264.91,1253.81,-1,15.166666666666666,0.06486486486486652,0.49189189189188914,0.19099099099099928,0.6180180180180219,0.0,0.0,0.0
877,2017,6.420000000000073,0.48887680174055576,1253.03,1252.62,1254.27,1254.38,1247.96,1,14.15,-0.27414330218071625,-0.017133956386312474,-0.1744548286604526,0.0825545171339512,0.0,0.0,0.0
878,2017,4.110000000000127,0.3260795647738973,1256.6,1259.64,1260.82,1257.47,1253.36,1,13.066666666666666,0.5279805352798067,0.8150851581508042,0.695863746958647,0.9829683698296444,0.0,0.0,1.0
879,2017,4.040000000000191,0.3118315139486315,1259.43,1260.52,1253.16,1262.16,1258.12,1,14.233333333333333,-0.4059405940594115,-2.2277227722771222,-0.33910891089110234,-2.160891089108813,1.0,1.0,0.0
880,2017,4.040000000000191,0.325956662056263,1252.39,1252.2,1255.24,1253.14,1249.1,1,13.516666666666667,-0.23267326732673518,0.5198019801979727,-0.16584158415836972,0.5866336633663382,0.0,0.0,1.0
881,2017,3.740000000000009,0.3098041536003799,1258.06,1255.51,1255.81,1259.34,1255.6,-1,13.566666666666666,0.024064171122972707,-0.05614973262033045,0.37165775401072104,0.29144385026741787,0.0,0.0,0.0
882,2017,7.129999999999882,0.6037986934430106,1265.61,1267.68,1269.06,1268.03,1260.9,0,,,,,,,,
884,2017,7.089999999999918,0.6200262352426692,1262.81,1261.76,1262.87,1268.75,1261.66,-1,13.283333333333333,-0.014104372355417519,-0.17066290550068025,0.06064880112835947,-0.09590973201690327,0.0,0.0,0.0
885,2017,3.5900000000001455,0.30821119764519567,1264.17,1267.08,1271.86,1265.19,1261.6,1,13.05,0.5264623955431187,1.8579387186628342,0.5571030640668297,1.8885793871865453,0.0,0.0,1.0
886,2017,3.0499999999999545,0.2558264933197492,1266.63,1264.43,1267.65,1268.05,1265.0,-1,13.25,0.18688524590162126,-0.8688524590164363,0.2655737704917894,-0.7901639344262681,0.0,1.0,1.0
887,2017,3.4400000000000546,0.2859008607895566,1262.35,1276.43,1277.25,1263.75,1260.31,1,13.5,3.686046511627867,3.9244186046511005,4.049418604651117,4.2877906976743505,0.0,0.0,1.0
888,2017,2.560000000000173,0.20114490964194887,1280.99,1280.99,1279.22,1281.93,1279.37,1,13.083333333333334,-0.36718749999999656,-1.0585937499999427,-0.12109374999997051,-0.8124999999999167,0.0,1.0,0.0
889,2017,5.850000000000136,0.46775943800332437,1290.58,1293.94,1291.11,1293.63,1287.78,1,14.416666666666666,0.05299145299144243,-0.4307692307692565,0.16239316239316637,-0.32136752136753255,0.0,0.0,0.0
890,2017,5.6599999999998545,0.4779828688623355,1288.84,1292.27,1283.2,1293.55,1287.89,-1,13.016666666666667,-0.7738515901060061,0.8286219081272395,-0.7208480565371082,0.8816254416961373,1.0,1.0,0.0
891,2017,5.9500000000000455,0.5258838383838421,1283.21,1276.3,1278.89,1287.7,1281.75,-1,13.216666666666667,0.9159663865546225,0.48067226890754255,1.0134453781512482,0.5781512605041682,0.0,0.0,1.0
892,2017,3.8199999999999363,0.3212204937233414,1273.2,1266.78,1270.64,1275.09,1271.27,-1,13.6,1.17539267015709,0.1649214659685582,1.3167539267015855,0.30628272251305366,0.0,0.0,1.0
893,2017,4.75,0.38823048630976714,1268.67,1266.63,1266.49,1270.21,1265.46,-1,13.883333333333333,-0.24631578947369953,-0.21684210526315215,-0.16842105263161725,-0.13894736842106986,0.0,0.0,0.0
894,2017,4.150000000000091,0.352420235351215,1264.02,1263.87,1266.76,1265.7,1261.55,-1,13.566666666666666,-0.5590361445782857,-1.2554216867469692,-0.39518072289152695,-1.0915662650602105,0.0,1.0,0.0
895,2017,4.119999999999891,0.3528044528717264,1266.26,1277.62,1266.93,1268.84,1264.72,1,13.5,2.1310679611650984,-0.4635922330096857,2.808252427184525,0.2135922330097409,0.0,0.0,1.0
896,2017,9.370000000000118,0.7265175011076744,1255.87,1255.12,1254.19,1262.93,1253.56,-1,13.416666666666666,-0.16648879402347128,-0.0672358591248774,-0.12913553895408683,-0.029882604055492975,0.0,0.0,0.0
897,2017,3.4400000000000546,0.2682261208577041,1254.8,1255.11,1254.44,1257.06,1253.62,0,,,,,,,,
898,2017,2.990000000000009,0.23104095374765518,1250.62,1248.65,1245.01,1252.17,1249.18,1,13.1,-1.1772575250836024,-2.3946488294314583,-0.8394648829431383,-2.056856187290994,1.0,1.0,0.0
899,2017,3.7899999999999636,0.29018321028164895,1244.85,1242.65,1243.84,1247.59,1243.8,1,13.283333333333333,-1.3034300791556397,-0.989445910290247,-1.266490765171504,-0.9525065963061113,1.0,1.0,0.0
900,2017,3.1200000000001182,0.24948594928033857,1244.9,1244.75,1246.27,1247.71,1244.59,-1,13.0,-0.05128205128207557,-0.5384615384615384,0.048076923076950405,-0.43910256410251247,0.0,0.0,1.0
901,2017,4.279999999999973,0.3461182994454689,1250.6,1250.21,1249.1,1253.57,1249.29,1,13.383333333333333,-0.7850467289719443,-1.044392523364499,-0.7102803738317718,-0.9696261682243265,0.0,1.0,0.0
902,2017,5.089999999999918,0.4423339540657895,1257.29,1255.43,1255.69,1257.97,1252.88,1,13.466666666666667,-0.49901768172888106,-0.4479371316306502,-0.4027504911591331,-0.3516699410609022,0.0,0.0,0.0
903,2017,19.12000000000012,1.6268384587334448,1241.56,1244.5,1242.55,1254.65,1235.53,0,,,,,,,,
904,2017,4.579999999999927,0.37591604619803504,1248.74,1247.86,1250.15,1253.06,1248.48,-1,13.0,0.13537117903932927,-0.36462882096072036,0.19213973799129325,-0.3078602620087564,0.0,0.0,0.0
905,2017,4.990000000000009,0.4091122042632937,1252.53,1249.33,1249.18,1254.38,1249.39,1,13.316666666666666,-1.012024048096227,-1.0420841683366806,-0.9238476953908054,-0.9539078156312589,1.0,1.0,0.0
906,2017,8.259999999999991,0.7227499999999971,1245.03,1244.21,1245.32,1251.6,1243.34,-1,13.5,-0.10532687651333163,-0.23970944309927608,0.033898305084742494,-0.10048426150120196,0.0,0.0,0.0
907,2017,3.009999999999991,0.2670468948035473,1243.42,1242.37,1240.8,1244.89,1241.88,-1,13.566666666666666,-0.1627906976743466,0.35880398671101593,0.14285714285716444,0.6644518272425269,1.0,1.0,0.0
908,2017,3.839999999999918,0.33583208395801306,1233.12,1222.61,1221.51,1236.53,1232.69,-1,13.016666666666667,2.6250000000000964,2.911458333333412,2.640625000000082,2.9270833333333983,0.0,0.0,1.0
910,2017,8.799999999999955,0.785363676929935,1221.32,1221.33,1223.3,1226.18,1217.38,0,,,,,,,,
911,2017,2.8600000000001273,0.26118721461188305,1223.22,1223.81,1224.46,1225.44,1222.58,1,13.233333333333333,-0.5699300699300828,-0.3426573426573338,-0.15734265734266623,0.06993006993008272,0.0,1.0,0.0
912,2017,3.1200000000001182,0.283783783783794,1222.44,1212.39,1209.77,1223.65,1220.53,-1,13.483333333333333,2.608974358974219,3.4487179487178152,3.1217948717947563,3.9615384615383524,1.0,1.0,0.0
913,2017,10.340000000000146,0.8913793103448384,1212.15,1211.91,1213.85,1215.45,1205.11,0,,,,,,,,
914,2017,2.4400000000000546,0.20537485721157148,1210.35,1208.62,1216.68,1211.48,1209.04,1,13.233333333333333,-1.1721311475410097,2.1311475409835774,-1.114754098360642,2.188524590163945,1.0,1.0,0.0
915,2017,3.3199999999999363,0.27486694263748673,1217.61,1222.85,1220.16,1219.48,1216.16,-1,13.266666666666667,-2.015060240963842,-1.204819277108457,-1.921686746987953,-1.111445783132568,1.0,1.0,0.0
916,2017,3.5799999999999272,0.28910936778956436,1220.12,1218.3,1218.33,1223.26,1219.68,-1,13.333333333333334,0.38547486033523387,0.37709497206708487,0.5335195530726594,0.5251396648045105,0.0,0.0,0.0
917,2017,5.630000000000109,0.4576969978514686,1222.28,1228.77,1228.74,1222.89,1217.26,1,13.5,1.0444049733569747,1.0390763765541378,1.2184724689164772,1.2131438721136403,0.0,0.0,1.0
918,2017,5.649999999999864,0.4711698832499287,1234.36,1233.46,1234.55,1235.06,1229.41,1,13.033333333333333,-0.2831858407079553,-0.09026548672566428,-0.1876106194690214,0.005309734513269635,0.0,0.0,0.0
919,2017,3.119999999999891,0.2666829476768937,1237.63,1241.5,1243.88,1238.26,1235.14,1,13.016666666666667,1.0384615384615776,1.8012820512821521,1.0993589743590333,1.8621794871796078,0.0,0.0,1.0
920,2017,6.559999999999945,0.544656624362467,1241.82,1241.68,1241.64,1242.49,1235.93,1,13.033333333333333,-0.12347560975609027,-0.12957317073169453,-0.10060975609753962,-0.10670731707314389,0.0,0.0,0.0
921,2017,4.429999999999836,0.3799779438794119,1237.41,1245.74,1243.8,1239.62,1235.19,1,13.666666666666666,1.3814898419865338,0.9435665914221711,1.5801354401806453,1.1422121896162827,0.0,0.0,1.0
922,2017,2.660000000000082,0.22369053339741166,1248.87,1251.16,1255.1,1249.4,1246.74,1,13.133333333333333,0.6616541353383221,2.1428571428570087,0.7105263157894894,2.191729323308176,0.0,0.0,1.0
923,2017,5.809999999999945,0.5234234234234174,1255.9,1254.81,1254.88,1257.69,1251.88,1,13.416666666666666,-0.49569707401035046,-0.4836488812392378,-0.4096385542168901,-0.3975903614457775,0.0,0.0,0.0
924,2017,8.120000000000118,0.7270866645347066,1250.05,1250.06,1249.99,1257.16,1249.04,0,,,,,,,,
925,2017,3.959999999999809,0.3619507736501744,1246.93,1247.92,1256.29,1248.11,1244.15,1,14.866666666666667,-0.047979797979756655,2.065656565656681,0.05555555555556513,2.169191919192003,0.0,0.0,1.0
926,2017,2.990000000000009,0.25062866722548205,1261.4,1257.59,1260.87,1263.75,1260.76,1,13.416666666666666,-2.0602006688963423,-0.9632107023411707,-1.9565217391304746,-0.859531772575303,1.0,1.0,0.0
927,2017,2.3600000000001273,0.21115868856650943,1259.44,1266.33,1270.54,1260.45,1258.09,1,13.166666666666666,2.491525423728629,4.275423728813294,2.5847457627116865,4.368644067796351,0.0,0.0,1.0
928,2017,3.490000000000009,0.3068517239213719,1268.24,1268.79,1269.81,1269.16,1265.67,1,15.366666666666667,-0.10601719197711097,0.18624641833806932,-0.06876790830945802,0.22349570200572225,0.0,0.0,0.0
929,2017,5.6099999999999,0.5079221367134357,1265.95,1272.84,1272.19,1270.32,1264.71,-1,13.316666666666666,-1.4491978609625715,-1.3333333333333603,-1.3868092691622302,-1.2709447415330188,1.0,1.0,0.0
930,2017,2.1100000000001273,0.19214257837909315,1266.93,1270.46,1268.07,1267.65,1265.54,1,13.25,1.3317535545022634,0.1990521327013365,1.6113744075828842,0.4786729857819573,1.0,1.0,0.0
931,2017,8.25,0.7415730337078641,1267.59,1269.01,1268.74,1268.01,1259.76,1,13.0,0.12121212121212122,0.08848484848485069,0.17212121212122095,0.13939393939395042,0.0,0.0,0.0
932,2017,2.7100000000000364,0.2503299023489078,1267.85,1257.37,1258.28,1269.99,1267.28,-1,13.5,3.656826568265664,3.321033210332059,3.8856088560885826,3.5498154981549774,0.0,0.0,1.0
933,2017,2.7100000000000364,0.23740692071835598,1256.72,1257.9,1258.43,1258.52,1255.81,-1,13.2,-0.7712177121771651,-0.9667896678967096,-0.6974169741697692,-0.8929889298893138,1.0,1.0,0.0
934,2017,6.0,0.5516879022724288,1263.74,1253.39,1255.88,1265.15,1259.15,-1,15.083333333333334,0.9599999999999985,0.5449999999999969,1.054999999999988,0.6399999999999864,0.0,0.0,1.0
935,2017,3.5800000000001546,0.31725534877834005,1269.12,1271.76,1276.56,1269.9,1266.32,1,13.0,0.519553072625648,1.8603351955306053,0.7374301675977615,2.078212290502719,0.0,0.0,1.0
936,2017,4.1099999999999,0.35272482069514277,1280.83,1286.59,1284.94,1281.82,1277.71,1,13.5,1.1605839416058632,0.7591240875912881,1.3260340632603287,0.9245742092457535,0.0,0.0,1.0
937,2017,3.7799999999999727,0.3227813357730996,1287.59,1285.71,1289.81,1288.85,1285.07,1,13.5,-0.830687830687803,0.25396825396826544,-0.2645502645502665,0.820105820105802,1.0,1.0,0.0
938,2017,8.860000000000127,0.739742366412225,1280.92,1284.05,1282.19,1287.4,1278.54,0,,,,,,,,
939,2017,3.3599999999999,0.2766896064937274,1273.05,1271.03,1271.47,1276.09,1272.73,-1,13.0,0.5059523809524096,0.37500000000000844,0.6011904761904887,0.4702380952380876,0.0,0.0,1.0
940,2017,1.9500000000000455,0.16627078384798483,1270.75,1272.16,1282.39,1271.15,1269.2,1,13.4,0.5179487179487012,5.764102564102434,0.7025641025641468,5.94871794871788,1.0,1.0,0.0
941,2017,6.860000000000127,0.5652071563088614,1285.75,1283.96,1286.37,1289.96,1283.1,-1,15.566666666666666,-0.1253644314868967,-0.47667638483963864,0.1982507288629555,-0.15306122448978646,0.0,0.0,0.0
942,2017,9.089999999999918,0.7731000546746781,1295.16,1294.47,1287.8,1297.85,1288.76,1,14.133333333333333,-0.37183718371836216,-1.1056105610561107,-0.3069306930693057,-1.040704070407054,0.0,1.0,0.0
943,2017,2.509999999999991,0.19873317498020496,1287.68,1291.35,1291.46,1289.08,1286.57,1,14.066666666666666,0.9043824701195179,0.9482071713147879,0.9760956175298116,1.0199203187250816,0.0,0.0,1.0
944,2017,3.9099999999998545,0.3065807896947516,1286.2,1285.58,1285.25,1286.81,1282.9,1,13.916666666666666,-0.31457800511510586,-0.39897698209718757,-0.1867007672634387,-0.2710997442455204,1.0,1.0,1.0
945,2017,5.570000000000164,0.4350834123751732,1289.81,1289.09,1289.78,1290.39,1284.82,1,13.033333333333333,-0.2333931777379073,-0.10951526032317943,-0.19389587073610823,-0.07001795332138036,0.0,0.0,0.0
946,2017,3.400000000000091,0.2736575830746307,1287.38,1286.75,1285.61,1287.89,1284.49,1,13.116666666666667,-0.3352941176470793,-0.6705882352941586,-0.07352941176470391,-0.4088235294117832,0.0,0.0,0.0
947,2017,2.490000000000009,0.21179901573607232,1287.43,1290.28,1291.31,1288.33,1285.84,-1,13.183333333333334,-1.7831325301204974,-2.1967871485943804,-1.6465863453814835,-2.0602409638553665,1.0,1.0,0.0
948,2017,3.4200000000000728,0.2668598818414948,1298.05,1303.62,1310.32,1299.23,1295.81,1,13.383333333333333,1.2836257309940875,3.242690058479439,1.333333333333289,3.292397660818641,0.0,0.0,1.0
949,2017,7.029999999999973,0.494150725510868,1320.53,1319.19,1307.08,1325.93,1318.9,-1,15.033333333333333,-0.041251778093878345,1.681365576102448,0.09103840682786275,1.813655761024189,0.0,0.0,1.0
950,2017,7.059999999999945,0.4874728743341839,1309.68,1307.96,1307.23,1313.57,1306.51,-1,13.3,-0.20538243626063127,-0.10198300283286585,0.01133144475919658,0.114730878186962,0.0,0.0,0.0
951,2017,4.639999999999873,0.3279483037156612,1306.3,1316.46,1320.42,1308.06,1303.42,1,13.533333333333333,1.8103448275862761,2.6637931034483766,2.0021551724138402,2.8556034482759403,0.0,0.0,1.0
952,2017,3.2999999999999545,0.2177909772309404,1319.96,1321.8,1325.0,1321.0,1317.7,1,13.5,0.242424242424232,1.2121212121212288,0.6424242424242183,1.612121212121215,1.0,1.0,1.0
954,2017,9.539999999999964,0.6231221423905929,1329.55,1336.47,1343.51,1335.82,1326.28,1,15.0,0.0681341719077666,0.8060796645702394,0.26519916142557465,1.0031446540880475,0.0,0.0,0.0
955,2017,5.509999999999991,0.35717923785710953,1339.22,1339.34,1333.07,1341.78,1336.27,-1,15.566666666666666,-0.5571687840290275,0.5807622504537298,-0.34301270417420615,0.7949183303085511,0.0,0.0,0.0
956,2017,4.720000000000027,0.30224580341215945,1338.54,1346.59,1345.22,1340.27,1335.55,1,13.433333333333334,1.3389830508474363,1.0487288135593256,1.360169491525383,1.0699152542372723,0.0,0.0,1.0
957,2017,4.980000000000018,0.3186908625497113,1353.04,1344.02,1346.82,1355.44,1350.46,-1,13.433333333333334,1.2931726907630585,0.7309236947791339,1.4738955823292954,0.9116465863453709,0.0,0.0,1.0
958,2017,4.7000000000000455,0.2987242929132461,1335.91,1334.4,1329.61,1338.95,1334.25,-1,13.25,-0.03191489361704032,0.9872340425532032,0.09574468085102421,1.1148936170212678,0.0,0.0,1.0
959,2017,5.850000000000136,0.3566762477136223,1325.55,1327.29,1330.77,1328.4,1322.55,1,13.333333333333334,-0.18974358974360708,0.40512820512817704,-0.06666666666668221,0.5282051282051019,0.0,0.0,0.0
960,2017,4.740000000000009,0.2859975003232346,1333.14,1323.21,1321.44,1334.56,1329.82,-1,14.05,1.3945147679324656,1.7679324894514485,1.4662447257384035,1.8396624472573861,0.0,0.0,1.0
961,2017,7.379999999999882,0.43201204214750927,1320.13,1324.79,1326.76,1326.57,1319.19,-1,13.5,-0.7588075880758806,-1.0257452574525823,-0.2249322493224771,-0.49186991869917884,1.0,1.0,0.0
962,2017,8.399999999999864,0.4942214750998028,1322.29,1321.35,1321.53,1329.83,1321.43,-1,15.216666666666667,0.009523809523828084,-0.01190476190475127,0.04523809523810897,0.02380952380952961,0.0,0.0,0.0
963,2017,4.039999999999964,0.25798212005108323,1313.23,1308.56,1306.73,1316.37,1312.33,-1,13.05,0.9331683168316871,1.386138613861376,1.0198019801980582,1.4727722772277474,0.0,0.0,1.0
964,2017,2.959999999999809,0.1941074523396755,1307.64,1309.49,1309.47,1309.62,1306.66,1,14.266666666666667,-0.04391891891888181,-0.05067567567563286,0.18918918918918295,0.1824324324324319,0.0,1.0,0.0
965,2017,4.360000000000127,0.2885915559548096,1314.25,1313.86,1300.99,1315.91,1311.55,-1,13.833333333333334,-0.5298165137614399,2.42201834862377,-0.44495412844031434,2.5068807339448953,0.0,0.0,1.0
966,2017,6.929999999999836,0.4692170044010137,1292.76,1289.89,1290.34,1298.36,1291.43,-1,13.416666666666666,0.2222222222222222,0.157287157287182,0.34054834054833416,0.27561327561329396,0.0,0.0,0.0
967,2017,3.3300000000001546,0.22452321325371843,1295.22,1296.84,1296.38,1297.94,1294.61,-1,13.416666666666666,-0.669669669669644,-0.5315315315315696,-0.5495495495495022,-0.41141141141142784,1.0,1.0,0.0
968,2017,5.650000000000091,0.39473027596188004,1293.62,1298.18,1308.72,1296.41,1290.76,-1,13.35,-1.3132743362831776,-3.178761061946858,-1.1522123893805107,-3.017699115044191,1.0,1.0,0.0
969,2017,9.069999999999936,0.6195657477433468,1302.07,1300.17,1297.82,1309.47,1300.4,-1,13.6,0.025358324145536914,0.2844542447629738,0.05292171995590094,0.31201764057333786,0.0,0.0,0.0
970,2017,8.059999999999945,0.5224799740704692,1289.47,1287.26,1285.52,1293.31,1285.25,-1,13.6,-0.2493796526054596,-0.03349875930520889,-0.22952853598013914,-0.013647642679888425,0.0,0.0,0.0
971,2017,6.880000000000109,0.45150705479773806,1284.85,1283.58,1287.6,1285.66,1278.78,1,13.016666666666667,-0.3023255813953665,0.2819767441860169,-0.28343023255814165,0.3008720930232418,0.0,0.0,0.0
972,2017,3.8899999999998727,0.2597167246888178,1287.31,1285.0,1282.12,1289.83,1285.94,-1,13.266666666666667,0.24164524421596023,0.982005141388249,0.2802056555269804,1.0205655526992692,1.0,1.0,0.0
973,2017,3.6700000000000728,0.2519862677783276,1272.49,1273.41,1273.31,1274.73,1271.06,1,13.433333333333334,-0.35967302452313626,-0.38692098092644267,-0.19073569482283495,-0.21798365122614133,0.0,0.0,0.0
974,2017,2.7999999999999545,0.19328435481484826,1270.32,1273.28,1271.86,1272.05,1269.25,-1,13.733333333333333,-1.4392857142857278,-0.9321428571428365,-1.4250000000000265,-0.917857142857135,1.0,1.0,0.0
975,2017,6.629999999999882,0.4751228501228419,1280.88,1274.99,1274.48,1281.53,1274.9,1,13.05,-0.986425339366528,-1.063348416289605,-0.9653092006033492,-1.042232277526426,1.0,1.0,0.0
976,2017,4.630000000000109,0.3426909859899634,1276.64,1273.84,1268.91,1278.89,1274.26,-1,14.316666666666666,0.09071274298057513,1.1555075593952016,0.1555075593952506,1.220302375809877,0.0,0.0,1.0
977,2017,2.7100000000000364,0.203028843581102,1268.51,1272.4,1273.69,1270.08,1267.37,-1,13.283333333333333,-1.8560885608856579,-2.3321033210332396,-1.7896678966789932,-2.265682656826575,1.0,1.0,0.0
978,2017,4.490000000000009,0.33507462686567246,1282.86,1281.53,1282.95,1284.03,1279.54,-1,15.033333333333333,-0.4432071269487762,-0.7594654788418875,-0.2182628062360838,-0.5345211581291951,0.0,0.0,0.0
979,2017,6.380000000000109,0.46700826100596904,1292.04,1293.96,1288.82,1292.4,1286.02,1,13.05,0.24451410658305936,-0.5611285266457826,0.2868338557993567,-0.5188087774294853,0.0,0.0,0.0
980,2017,3.759999999999991,0.28692903085141136,1290.22,1288.52,1289.69,1290.79,1287.03,1,13.0,-0.6037234042553158,-0.2925531914893382,-0.45212765957448126,-0.14095744680850372,0.0,1.0,0.0
981,2017,3.709999999999809,0.2898922810738258,1294.94,1293.76,1293.48,1297.36,1293.65,-1,13.5,-0.029649595687306098,0.04582210242589798,0.10512129380057146,0.18059299191377554,0.0,0.0,1.0
982,2017,6.019999999999982,0.46963111556892806,1292.34,1299.18,1301.8,1297.73,1291.71,-1,13.483333333333333,-1.2408637873754236,-1.6760797342192606,-1.2043189368770801,-1.6395348837209172,1.0,1.0,0.0
983,2017,2.800000000000182,0.23100948788969644,1305.77,1303.62,1295.3,1305.92,1303.12,-1,14.5,-0.17857142857141697,2.792857142856939,-0.13571428571423466,2.835714285714121,0.0,0.0,1.0
984,2017,3.2799999999999727,0.2810281517747837,1289.23,1284.86,1286.53,1290.72,1287.44,-1,13.466666666666667,0.7865853658537122,0.2774390243902712,1.0213414634146842,0.5121951219512432,0.0,0.0,1.0
985,2017,5.160000000000082,0.4433261736729133,1278.97,1280.68,1281.38,1283.91,1278.75,-1,13.15,-0.37403100775194437,-0.5096899224806333,-0.30813953488374424,-0.4437984496124331,0.0,0.0,0.0
986,2017,7.6400000000001,0.6527921879768169,1286.63,1287.63,1286.13,1287.7,1280.06,1,13.383333333333333,-0.009162303664913014,-0.20549738219894187,0.03141361256544581,-0.16492146596858304,0.0,0.0,0.0
987,2017,6.040000000000191,0.5159558240283284,1283.4,1282.21,1279.23,1285.14,1279.1,0,,,,,,,,
988,2017,2.599999999999909,0.21779453120324718,1275.26,1274.15,1279.7,1276.54,1273.94,-1,13.35,-0.0807692307692476,-2.2153846153846892,0.09615384615384952,-2.038461538461592,0.0,1.0,0.0
989,2017,4.619999999999891,0.3769230769230677,1276.51,1274.38,1280.11,1280.78,1276.16,-1,13.016666666666667,0.3852813852813885,-0.8549783549783359,0.41125541125539145,-0.8290043290043329,0.0,0.0,0.0
990,2017,2.8199999999999363,0.2323036187113804,1273.72,1275.86,1277.38,1274.0,1271.18,-1,13.633333333333333,-1.659574468085086,-2.1985815602837535,-1.6879432624113824,-2.22695035461005,1.0,1.0,0.0
991,2017,4.970000000000027,0.4181490384615411,1275.66,1273.73,1268.53,1280.2,1275.23,-1,13.033333333333333,0.30181086519114525,1.3480885311871245,0.45674044265592945,1.5030181086519088,0.0,0.0,1.0
992,2017,4.2000000000000455,0.3515064562410369,1266.36,1269.34,1272.58,1268.9,1264.7,-1,13.5,-1.1047619047618624,-1.8761904761904278,-0.7428571428571088,-1.514285714285674,1.0,1.0,0.0
993,2017,3.230000000000018,0.27053544720311234,1270.09,1274.32,1275.46,1272.42,1269.19,1,13.283333333333333,0.5882352941176016,0.9411764705882187,0.8173374613002655,1.1702786377708827,0.0,0.0,1.0
994,2017,6.120000000000118,0.5197452229299466,1272.29,1269.67,1270.61,1277.46,1271.34,-1,13.75,0.2728758169934335,0.11928104575163466,0.34803921568624846,0.1944444444444496,0.0,0.0,0.0
995,2017,7.019999999999982,0.5910156954717656,1275.12,1276.62,1275.17,1280.84,1273.82,-1,13.25,-0.39886039886039343,-0.19230769230771225,-0.3803418803418593,-0.17378917378917813,0.0,0.0,0.0
996,2017,3.8600000000001273,0.3151387916958358,1276.32,1278.64,1276.1,1277.2,1273.34,1,13.5,0.3730569948186547,-0.28497409326427464,0.44300518134714506,-0.21502590673578426,0.0,0.0,1.0
997,2017,6.129999999999882,0.5066414782454604,1276.58,1268.57,1270.02,1279.61,1273.48,-1,14.616666666666667,0.8009787928222147,0.5644371941272599,0.8499184339315068,0.613376835236552,0.0,0.0,1.0
998,2017,4.099999999999909,0.3416463305755543,1271.26,1272.86,1280.62,1273.07,1268.97,1,15.583333333333334,-0.05121951219513196,1.8414634146341762,0.09756097560972499,1.990243902439033,0.0,0.0,1.0
999,2017,4.259999999999991,0.34971267737774153,1276.99,1275.69,1276.33,1279.4,1275.14,1,14.4,-0.8708920187793531,-0.7206572769953451,-0.7840375586854285,-0.6338028169014205,1.0,1.0,0.0
1000,2017,4.809999999999945,0.40217391304347466,1280.68,1283.63,1282.04,1282.23,1277.42,1,14.283333333333333,0.2910602910603133,-0.03950103950105129,0.5031185031185239,0.17255717255715938,0.0,0.0,1.0
1001,2017,5.240000000000009,0.445876132012401,1286.76,1282.33,1287.77,1288.04,1282.8,-1,14.466666666666667,0.08969465648855467,-0.9484732824427516,0.20419847328247365,-0.8339694656488327,0.0,0.0,0.0
1002,2017,2.9600000000000364,0.2591943957968518,1284.93,1283.59,1275.1,1285.47,1282.51,1,13.1,-0.6351351351351642,-3.5033783783783754,-0.5608108108108316,-3.429054054054043,0.0,1.0,0.0
1003,2017,3.459999999999809,0.29756127526259274,1277.88,1278.7,1278.74,1279.37,1275.91,0,,,,,,,,
1004,2017,6.220000000000027,0.551872742252364,1274.56,1278.48,1281.21,1276.17,1269.95,1,13.3,0.3713826366559381,0.8102893890675147,0.4469453376205724,0.885852090032149,0.0,0.0,1.0
1005,2017,3.6699999999998454,0.3163014035951606,1285.01,1278.31,1277.83,1286.07,1282.4,1,13.233333333333333,-2.1144414168938197,-2.245231607629525,-1.9346049046322713,-2.0653950953679767,1.0,1.0,0.0
1006,2017,3.269999999999982,0.28925254312251103,1277.12,1279.96,1278.33,1279.15,1275.88,1,13.5,0.24770642201833332,-0.25076452599393523,0.4954128440367362,-0.003058103975532404,0.0,0.0,0.0
1007,2017,2.9200000000000728,0.264031518439586,1281.96,1287.04,1293.79,1284.18,1281.26,1,13.9,0.9794520547944618,3.2910958904108427,1.0410958904109204,3.352739726027301,0.0,0.0,1.0
1008,2017,2.630000000000109,0.22587571314644245,1292.72,1285.3,1276.25,1292.74,1290.11,1,13.0,-2.828897338402945,-6.269961977186055,-2.82129277566531,-6.262357414448419,1.0,1.0,0.0
1009,2017,4.429999999999836,0.35997446166346114,1277.83,1281.48,1280.67,1281.32,1276.89,-1,13.7,-1.0361173814898619,-0.8532731376975423,-0.927765237020379,-0.7449209932280596,1.0,1.0,0.0
1010,2017,3.880000000000109,0.32375730122780744,1284.49,1288.5,1294.15,1286.0,1282.12,1,13.5,0.6443298969071983,2.1005154639174903,0.8118556701030933,2.268041237113385,0.0,0.0,1.0
1013,2017,5.059999999999945,0.4554748280074535,1295.18,1295.11,1295.08,1295.61,1290.55,1,13.55,-0.09881422924901292,-0.1047430830039483,-0.08893280632412062,-0.094861660079056,0.0,0.0,0.0
1014,2017,3.3300000000001546,0.2928759894459246,1295.43,1294.91,1292.08,1295.67,1292.34,1,13.333333333333334,-0.2282282282282149,-1.0780780780780717,-0.16816816816814398,-1.0180180180180007,1.0,1.0,0.0
1015,2017,2.9200000000000728,0.2644072181618341,1294.38,1285.33,1284.5,1296.46,1293.54,-1,13.0,2.8116438356163806,3.0958904109588143,3.099315068493136,3.3835616438355696,0.0,0.0,1.0
1016,2017,3.5399999999999636,0.3081706255440848,1280.49,1279.19,1274.67,1283.11,1279.57,-1,13.333333333333334,0.10734463276832928,1.3841807909604276,0.23446327683614004,1.5112994350282385,0.0,0.0,1.0
1017,2017,3.729999999999791,0.3221269508358357,1276.04,1274.27,1282.29,1278.11,1274.38,-1,13.25,0.029490616622019704,-2.1206434316354685,0.2895442359249297,-1.8605898123325586,0.0,1.0,0.0
1018,2017,4.400000000000091,0.3523221230839713,1273.5,1275.18,1275.23,1275.41,1271.01,1,14.283333333333333,-0.05227272727273033,-0.04090909090910453,0.21818181818182195,0.22954545454544772,0.0,0.0,0.0
1019,2017,3.2899999999999636,0.27035276163643657,1273.75,1263.95,1265.68,1276.67,1273.38,-1,13.0,2.8662613981763427,2.340425531914933,2.978723404255338,2.4528875379939286,0.0,0.0,1.0
1020,2017,3.8500000000001364,0.3102515397455944,1266.07,1263.35,1263.69,1269.18,1265.33,-1,13.25,0.5142857142857008,0.4259740259739778,1.1116883116883243,1.0233766233766013,0.0,0.0,0.0
1021,2017,5.2000000000000455,0.4187758858720712,1255.67,1252.61,1245.91,1258.77,1253.57,-1,13.5,0.18461538461539,1.4730769230768823,0.3980769230769511,1.6865384615384433,0.0,0.0,1.0
1022,2017,4.119999999999891,0.32765280618040576,1247.22,1247.6,1248.44,1249.31,1245.19,1,13.5,-0.4150485436893402,-0.21116504854366844,0.25485436893203456,0.45873786407770634,1.0,1.0,0.0
1023,2017,2.7100000000000364,0.2304141868091865,1250.4,1247.36,1241.45,1251.41,1248.7,-1,13.416666666666666,0.49446494464949353,2.6752767527674917,0.6568265682657477,2.837638376383746,0.0,0.0,1.0
1024,2017,2.5699999999999363,0.21548781218182428,1242.8,1237.12,1242.99,1244.57,1242.0,-1,13.5,1.8988326848249921,-0.38521400778211423,2.0700389105059513,-0.21400778210115493,0.0,0.0,1.0
1025,2017,2.3199999999999363,0.20165145588873856,1241.15,1246.33,1256.54,1242.48,1240.16,1,13.5,1.659482758620696,6.060344827586349,2.3663793103448962,6.76724137931055,0.0,0.0,1.0
1026,2017,4.880000000000109,0.3982512387059262,1256.82,1253.66,1255.04,1258.44,1253.56,-1,13.683333333333334,-0.020491803278716022,-0.3032786885245871,0.16188524590162826,-0.12090163934424282,0.0,0.0,0.0
1027,2017,2.5399999999999636,0.20588235294117377,1257.8,1254.36,1256.07,1258.57,1256.03,1,13.1,-1.657480314960668,-0.9842519685039511,-1.42913385826778,-0.7559055118110631,1.0,1.0,1.0
1028,2017,3.1799999999998363,0.2634007809726524,1259.35,1263.51,1261.29,1259.57,1256.39,1,13.366666666666667,1.238993710691905,0.5408805031446905,1.4308176100629524,0.7327044025157381,0.0,0.0,1.0
1029,2017,2.6400000000001,0.21297683531175182,1263.29,1261.02,1261.53,1265.13,1262.49,-1,13.2,0.556818181818171,0.36363636363636365,0.6250000000000108,0.43181818181820336,0.0,0.0,1.0
1030,2017,3.0699999999999363,0.2607535036097741,1265.66,1264.53,1265.74,1266.24,1263.17,-1,14.6,-0.4429967426709864,-0.837133550488596,-0.3224755700325829,-0.7166123778501925,0.0,1.0,0.0
1031,2017,2.3900000000001,0.2140070354972905,1264.17,1265.32,1266.74,1265.91,1263.52,-1,13.4,-0.753138075313757,-1.3472803347279885,-0.6443514644351043,-1.2384937238493359,1.0,1.0,0.0
1032,2017,1.790000000000191,0.1730902058295527,1268.22,1272.62,1274.69,1269.14,1267.35,1,14.066666666666666,1.9441340782119663,3.100558659217521,2.0502793296086335,3.206703910614188,0.0,0.0,1.0
1034,2017,1.8999999999998636,0.200477830618829,1278.62,1281.73,1282.62,1278.84,1276.94,1,13.083333333333334,1.5210526315791093,1.9894736842106548,1.6052631578948282,2.0736842105263738,0.0,0.0,1.0
1035,2017,3.3299999999999272,0.3415309553636111,1283.51,1286.24,1288.56,1286.28,1282.95,1,15.516666666666667,-0.01201201201200135,0.6846846846846915,0.027027027027003037,0.7237237237236959,0.0,0.0,0.0
1036,2017,2.130000000000109,0.24059446681136964,1291.97,1293.84,1294.68,1293.16,1291.03,-1,13.216666666666667,-1.3192488262909865,-1.7136150234741332,-1.0798122065726932,-1.47417840375584,1.0,1.0,1.0
1037,2017,2.480000000000018,0.28051352071938424,1296.58,1302.56,1302.93,1297.54,1295.06,1,13.216666666666667,2.0241935483870748,2.173387096774218,2.104838709677415,2.254032258064558,0.0,0.0,1.0
1039,2018,4.3599999999999,0.49941091765937023,1312.0,1312.14,1315.84,1312.79,1308.43,1,13.1,-0.14908256880731158,0.6995412844036754,-0.07568807339448046,0.7729357798165065,0.0,0.0,0.0
1040,2018,4.110000000000127,0.46935412826077927,1314.76,1316.44,1312.91,1317.43,1313.32,1,14.183333333333334,-0.24087591240875386,-1.0997566909975285,-0.12408759124086985,-0.9829683698296444,0.0,1.0,0.0
1041,2018,3.839999999999918,0.42084168336672556,1313.22,1319.72,1324.32,1314.23,1310.39,-1,13.25,-2.429687500000033,-3.627604166666701,-2.062500000000063,-3.2604166666667314,1.0,1.0,0.0
1042,2018,2.480000000000018,0.24961536802450357,1317.37,1318.82,1320.5,1318.55,1316.07,1,13.5,0.10887096774192735,0.7862903225806578,0.7258064516128796,1.4032258064516099,1.0,1.0,1.0
1043,2018,6.25,0.6359288922482083,1318.41,1319.65,1319.02,1320.94,1314.69,0,,,,,,,,
1044,2018,4.369999999999891,0.4402262293666333,1314.36,1311.64,1313.61,1317.56,1313.19,-1,13.583333333333334,0.3546910755148726,-0.09610983981690066,0.4919908466819033,0.041189931350130014,0.0,0.0,1.0
1045,2018,16.319999999999936,1.5891607662025073,1322.46,1319.17,1318.98,1327.52,1311.2,0,,,,,,,,
1046,2018,3.8999999999998636,0.3476068604606633,1319.45,1321.05,1323.09,1320.36,1316.46,1,13.066666666666666,0.1769230769230971,0.7000000000000292,0.3410256410256343,0.8641025641025664,0.0,0.0,0.0
1047,2018,6.4500000000000455,0.5862722692567447,1331.99,1331.17,1337.52,1332.97,1326.52,1,13.05,-0.27906976744185147,0.7054263565891352,-0.2170542635658688,0.7674418604651179,1.0,1.0,0.0
1049,2018,8.1099999999999,0.6822046373572164,1335.72,1335.29,1338.64,1339.86,1331.75,0,,,,,,,,
1050,2018,4.699999999999818,0.38955426230380263,1335.88,1336.04,1329.01,1338.84,1334.14,-1,14.083333333333334,-0.40425531914892276,1.091489361702193,-0.34042553191488745,1.1553191489362284,0.0,1.0,0.0
1051,2018,4.240000000000009,0.33217497383898353,1328.59,1329.58,1328.57,1331.35,1327.11,-1,13.55,-0.5825471698113259,-0.3443396226415173,-0.4481132075471367,-0.209905660377328,1.0,1.0,0.0
1052,2018,4.470000000000027,0.3595704460443252,1334.23,1333.15,1334.37,1337.97,1333.5,-1,13.05,0.07829977628633264,-0.19463087248319588,0.12975391498879724,-0.14317673378073126,0.0,0.0,0.0
1053,2018,4.470000000000027,0.34778259419806845,1332.01,1334.55,1332.84,1334.48,1330.01,1,15.683333333333334,0.015659955257256355,-0.36689038031321924,0.07382550335568797,-0.30872483221478764,0.0,0.0,0.0
1054,2018,3.119999999999891,0.2571226748292824,1336.45,1338.09,1340.51,1338.59,1335.47,-1,14.05,-0.8397435897435841,-1.6153846153846603,-0.8269230769230825,-1.6025641025641586,1.0,1.0,1.0
1055,2018,9.190000000000055,0.7700963667923674,1352.26,1353.37,1358.02,1352.27,1343.08,1,13.0,0.11969532100107753,0.6256800870511389,0.12078346028290461,0.6267682263329659,0.0,0.0,1.0
1056,2018,4.730000000000018,0.3906554185593791,1358.07,1357.53,1347.71,1361.08,1356.35,1,14.033333333333333,-0.7505285412262032,-2.8266384778012346,-0.6659619450317291,-2.7420718816067606,1.0,1.0,0.0
1057,2018,7.360000000000127,0.5620159266935855,1350.51,1352.01,1350.4,1356.96,1349.6,-1,14.1,-0.3274456521739185,-0.10869565217393588,-0.29076086956522595,-0.07201086956524333,0.0,0.0,0.0
1058,2018,7.3599999999999,0.5505155740770352,1343.25,1341.24,1342.9,1348.62,1341.26,-1,15.85,0.0027173913043453918,-0.22282608695653836,0.06385869565217848,-0.16168478260870525,0.0,0.0,0.0
1059,2018,10.919999999999845,0.8018882769472748,1344.07,1341.35,1339.92,1346.12,1335.2,1,14.016666666666667,-0.4368131868131913,-0.5677655677655592,-0.3983516483516665,-0.5293040293040343,0.0,0.0,0.0
1060,2018,2.6499999999998636,0.19985993643267852,1343.49,1342.31,1343.41,1343.79,1341.14,1,13.0,-0.5584905660377715,-0.14339622641505712,-0.4452830188679715,-0.030188679245257116,0.0,1.0,0.0
1061,2018,4.220000000000027,0.30745212323064336,1339.83,1342.08,1346.65,1341.4,1337.18,1,14.716666666666667,0.161137440758254,1.2440758293838783,0.20616113744073108,1.2890995260663554,0.0,0.0,1.0
1062,2018,4.889999999999873,0.3615526802218022,1345.46,1330.24,1329.41,1348.86,1343.97,-1,13.5,2.807770961145271,2.977505112474504,3.145194274028688,3.3149284253579205,0.0,0.0,1.0
1063,2018,6.360000000000127,0.43659899970580446,1335.77,1335.39,1334.4,1338.48,1332.12,0,,,,,,,,
1064,2018,8.940000000000055,0.6062484863163022,1335.7,1328.16,1326.43,1344.48,1335.54,-1,13.0,0.8255033557046797,1.0190156599552398,0.8434004474272838,1.036912751677844,0.0,0.0,1.0
1065,2018,7.539999999999964,0.49216710182767326,1324.12,1320.79,1314.5,1330.83,1323.29,-1,13.116666666666667,0.33156498673740215,1.165782493368701,0.4045092838196246,1.2387267904509236,0.0,0.0,1.0
1066,2018,6.410000000000082,0.3962380784175249,1312.19,1314.25,1317.51,1313.38,1306.97,1,13.15,0.13572542901714194,0.6443057722308626,0.22464898595944402,0.7332293291731646,0.0,0.0,1.0
1067,2018,3.9700000000000273,0.24074154285961924,1316.42,1315.41,1314.25,1317.47,1313.5,1,13.183333333333334,-0.5188916876574134,-0.811083123425694,-0.46347607052894346,-0.755667506297224,1.0,1.0,0.0
1068,2018,5.569999999999936,0.33236723212001956,1318.91,1324.36,1322.41,1322.77,1317.2,1,14.766666666666667,0.2854578096947821,-0.0646319569120115,0.37701974865348886,0.02692998204669527,0.0,0.0,0.0
1069,2018,4.230000000000018,0.2527636689572758,1328.05,1328.59,1328.19,1330.68,1326.45,-1,13.116666666666667,-0.5059101654846013,-0.4113475177304968,-0.4113475177304968,-0.3167848699763924,0.0,0.0,0.0
1070,2018,3.3400000000001455,0.2094794373264131,1331.36,1348.29,1353.66,1332.95,1329.61,-1,13.5,-5.59281437125726,-7.200598802394951,-5.299401197604573,-6.907185628742263,1.0,1.0,1.0
1071,2018,8.539999999999964,0.5038772757923098,1350.59,1352.02,1354.81,1357.04,1348.5,0,,,,,,,,
1072,2018,8.27000000000021,0.49347881681017286,1356.18,1355.42,1347.59,1361.63,1353.36,-1,14.033333333333333,-0.2490931076179106,0.69770253929865,-0.20556227327690477,0.7412333736396559,0.0,0.0,1.0
1074,2018,3.9500000000000455,0.24058122335334764,1339.25,1337.94,1329.67,1340.48,1336.53,1,13.383333333333333,-0.6430379746835276,-2.7367088607594483,-0.5443037974683136,-2.6379746835442344,1.0,1.0,0.0
1075,2018,4.5499999999999545,0.27314437631319055,1327.87,1330.06,1326.3,1329.85,1325.3,1,13.983333333333333,0.04615384615385461,-0.780219780219778,0.07472527472525749,-0.7516483516483752,0.0,0.0,1.0
1076,2018,3.589999999999918,0.21546771842578522,1323.79,1328.26,1330.56,1324.59,1321.0,1,13.383333333333333,1.0222841225627177,1.6629526462395998,1.1532033426184385,1.7938718662953208,0.0,0.0,1.0
1077,2018,4.420000000000073,0.2789397764154381,1330.27,1328.88,1328.97,1331.52,1327.1,-1,14.75,-0.4027149321267355,-0.42307692307694283,-0.10407239819005176,-0.12443438914025916,0.0,0.0,0.0
1078,2018,4.4500000000000455,0.28976744186046716,1336.63,1332.37,1332.72,1340.63,1336.18,-1,13.2,0.8561797752809289,0.7775280898876407,0.9033707865168917,0.8247191011236035,0.0,0.0,1.0
1079,2018,2.7899999999999636,0.192442232842289,1332.23,1317.96,1317.68,1334.68,1331.89,-1,13.0,4.992831541218726,5.093189964157785,5.114695340501853,5.2150537634409115,0.0,0.0,1.0
1080,2018,4.360000000000127,0.29732099366781134,1320.11,1318.61,1318.2,1321.21,1316.85,-1,13.733333333333333,-0.40366972477062835,-0.309633027522958,-0.3577981651375917,-0.26376146788992144,1.0,1.0,0.0
1081,2018,7.4500000000000455,0.5306537776647186,1306.4,1305.74,1316.01,1313.31,1305.86,-1,13.0,0.016107382550320824,-1.3624161073825543,0.08859060402685609,-1.289932885906019,0.0,1.0,0.0
1082,2018,8.22999999999979,0.5647208743812036,1321.27,1320.14,1322.72,1323.86,1315.63,1,13.95,-0.45200486026730186,-0.13851761846900384,-0.37545565006075293,-0.06196840826245491,0.0,0.0,0.0
1083,2018,5.079999999999927,0.3493123772102113,1323.29,1321.44,1319.7,1327.62,1322.54,-1,13.533333333333333,0.21653543307085135,0.5590551181102281,0.31299212598424037,0.6555118110236171,0.0,0.0,1.0
1084,2018,7.879999999999882,0.5450592885375416,1328.17,1336.01,1334.73,1328.35,1320.47,1,13.0,0.9720812182741366,0.8096446700507874,0.9949238578680248,0.8324873096446757,0.0,0.0,1.0
1085,2018,4.080000000000155,0.3090741842973983,1331.75,1326.98,1323.47,1333.69,1329.61,-1,13.3,0.6446078431372015,1.5049019607842256,0.8259803921568047,1.6862745098038288,0.0,0.0,1.0
1086,2018,4.830000000000155,0.3476785438840154,1324.4,1319.23,1321.93,1328.4,1323.57,-1,14.583333333333334,0.8985507246376354,0.3395445134575197,1.0331262939958281,0.4741200828157123,0.0,0.0,0.0
1087,2018,3.0,0.22394028259130902,1318.17,1322.4,1323.41,1320.83,1317.83,-1,13.183333333333334,-1.5233333333333878,-1.8600000000000516,-1.5166666666667272,-1.853333333333391,1.0,1.0,1.0
1088,2018,7.559999999999945,0.5502469456719484,1318.17,1318.03,1323.65,1322.58,1315.02,0,,,,,,,,
1089,2018,12.909999999999854,0.9778715576475586,1324.6,1326.26,1325.8,1326.87,1313.96,1,13.166666666666666,-0.04725019364832741,-0.08288148721920592,0.03020914020140236,-0.005422153369476152,0.0,0.0,0.0
1090,2018,5.740000000000009,0.43376875742200327,1322.98,1324.49,1325.1,1328.44,1322.7,-1,13.4,-0.31184668989546355,-0.4181184668989303,-0.24041811846691757,-0.3466898954703843,0.0,0.0,0.0
1091,2018,5.910000000000082,0.45314639355934766,1319.36,1316.34,1316.41,1324.92,1319.01,-1,13.016666666666667,0.45177664974619897,0.4399323181048855,0.4923857868020375,0.480541455160724,0.0,0.0,0.0
1092,2018,3.8599999999999,0.2847507640425686,1318.08,1313.03,1313.46,1321.6,1317.74,-1,13.0,1.2202072538860513,1.1088082901554621,1.3082901554404367,1.1968911917098473,0.0,0.0,1.0
1093,2018,4.820000000000164,0.3590889740315153,1311.97,1318.08,1316.68,1313.13,1308.31,1,13.483333333333333,1.0269709543567738,0.7365145228215423,1.0414937759335707,0.7510373443983392,0.0,0.0,1.0
1094,2018,6.759999999999991,0.536021748980516,1311.94,1311.44,1310.43,1316.29,1309.53,-1,13.783333333333333,-0.28254437869823734,-0.13313609467456985,-0.25147928994083546,-0.10207100591716797,0.0,0.0,0.0
1095,2018,5.080000000000155,0.3954626334519695,1318.6,1324.81,1333.37,1318.94,1313.86,1,13.0,1.1555118110235654,2.8405511811022435,1.2224409448818596,2.9074803149605377,0.0,0.0,1.0
1096,2018,6.039999999999964,0.4490467845573757,1329.7,1328.62,1328.23,1333.83,1327.79,-1,13.85,-0.13741721854303515,-0.07284768211921477,-0.07119205298010578,-0.006622516556285408,0.0,0.0,0.0
1097,2018,9.360000000000127,0.6960586423032064,1347.26,1349.65,1345.63,1347.65,1338.29,1,13.133333333333333,0.21367521367521078,-0.21581196581196094,0.24038461538461212,-0.1891025641025596,0.0,0.0,0.0
1098,2018,5.539999999999964,0.39474755700325426,1348.89,1353.8,1354.56,1349.62,1344.08,1,14.466666666666667,0.7545126353790779,0.8916967509025427,0.8158844765342981,0.9530685920577631,0.0,0.0,1.0
1099,2018,11.740000000000009,0.8699057901979469,1345.69,1341.99,1343.67,1356.28,1344.54,-1,13.05,0.21720613287904195,0.07410562180578281,0.3032367972742711,0.16013628620101195,0.0,0.0,0.0
1100,2018,6.539999999999964,0.48792965627497703,1336.76,1330.57,1325.15,1342.48,1335.94,-1,13.116666666666667,0.8211009174312153,1.649847094801227,0.8532110091743403,1.681957186544352,0.0,0.0,1.0
1101,2018,3.6000000000001364,0.25053437391262035,1325.04,1322.4,1323.84,1326.47,1322.87,-1,13.5,0.13055555555549503,-0.2694444444444418,0.33055555555549504,-0.06944444444444181,0.0,0.0,0.0
1102,2018,4.560000000000173,0.32571428571429767,1333.47,1337.09,1341.98,1334.88,1330.32,1,13.333333333333334,0.48464912280695727,1.5570175438595701,0.7302631578946932,1.8026315789473062,0.0,0.0,1.0
1103,2018,5.029999999999973,0.34344518142801145,1337.65,1329.33,1332.17,1341.06,1336.03,1,13.466666666666667,-2.3320079522862986,-1.767395626242529,-2.32007952286285,-1.7554671968190805,1.0,1.0,0.0
1104,2018,12.879999999999882,0.8823644548835282,1346.77,1335.95,1333.28,1347.04,1334.16,1,13.366666666666667,-0.8610248447204985,-1.0683229813664687,-0.8059006211180106,-1.013198757763981,0.0,1.0,0.0
1105,2018,6.230000000000018,0.4105823094666485,1328.68,1323.96,1325.72,1330.6,1324.37,-1,14.3,0.06581059390045799,-0.2166934189406312,0.1460674157303133,-0.1364365971107759,0.0,0.0,0.0
1106,2018,6.2999999999999545,0.41771252663982583,1322.84,1331.62,1332.66,1326.18,1319.88,1,13.5,0.8634920634920423,1.028571428571439,1.5952380952380996,1.760317460317496,0.0,0.0,1.0
1107,2018,4.900000000000091,0.31982843022985313,1329.51,1332.14,1337.21,1331.68,1326.78,1,13.216666666666667,0.09387755102041384,1.1285714285714021,0.11224489795921871,1.146938775510207,0.0,0.0,1.0
1108,2018,5.980000000000018,0.3918558389890017,1336.34,1339.65,1341.66,1338.89,1332.91,1,13.433333333333334,0.12709030100334257,0.46321070234113265,0.14548494983279525,0.48160535117058534,0.0,0.0,0.0
1109,2018,8.889999999999873,0.5791261458284779,1348.71,1358.97,1349.59,1351.34,1342.45,1,13.416666666666666,0.8582677165354576,-0.19685039370079022,0.8706411698537818,-0.1844769403824661,0.0,0.0,1.0
1110,2018,8.309999999999945,0.54517338331771,1344.91,1338.14,1336.73,1352.11,1343.8,-1,13.333333333333334,0.68110709987965,0.8507821901323686,0.9963898916967542,1.1660649819494726,0.0,0.0,0.0
1111,2018,8.88000000000011,0.5582147186924774,1336.4,1345.41,1344.65,1341.75,1332.87,1,14.716666666666667,0.41216216216216633,0.3265765765765828,0.5394144144144293,0.4538288288288458,0.0,0.0,0.0
1112,2018,4.720000000000027,0.3026611093299153,1343.26,1349.18,1346.49,1345.78,1341.06,1,13.666666666666666,0.7203389830508625,0.15042372881356617,0.9088983050847328,0.3389830508474364,0.0,0.0,0.0
1113,2018,8.029999999999973,0.5223734956554039,1341.99,1342.99,1346.32,1348.7,1340.67,-1,13.65,-0.2889165628891587,-0.7036114570361,-0.1855541718555435,-0.6002490660024847,0.0,0.0,0.0
1114,2018,8.170000000000073,0.5447185446233016,1349.99,1350.61,1349.69,1350.9,1342.73,1,13.183333333333334,-0.035495716034294786,-0.14810281517748172,-0.0293757649938809,-0.14198286413706782,0.0,0.0,0.0
1115,2018,9.789999999999964,0.6858830005504656,1350.49,1345.87,1344.68,1354.59,1344.8,0,,,,,,,,
1116,2018,4.8599999999999,0.3295074822025212,1340.38,1337.46,1335.41,1344.08,1339.22,1,13.266666666666667,-1.362139917695479,-1.7839506172839554,-1.2818930041152565,-1.7037037037037333,1.0,1.0,0.0
1117,2018,8.11999999999989,0.5724356714839545,1328.55,1323.78,1323.92,1334.82,1326.7,-1,13.233333333333333,0.35960591133006303,0.3423645320197057,0.3866995073891801,0.3694581280788227,0.0,0.0,0.0
1118,2018,3.4099999999998545,0.24070992789793794,1326.52,1327.81,1331.86,1327.85,1324.44,-1,13.516666666666667,-0.9882697947214177,-2.175953079178933,-0.8856304985337567,-2.073313782991272,1.0,1.0,0.0
1119,2018,5.400000000000091,0.3931766174329175,1320.58,1319.91,1321.64,1325.63,1320.23,-1,13.0,0.05925925925924647,-0.2611111111111219,0.12407407407404335,-0.196296296296325,0.0,0.0,0.0
1120,2018,5.130000000000109,0.37047353760446533,1322.9,1317.72,1317.38,1326.42,1321.29,-1,15.0,0.6959064327485108,0.7621832358674018,0.9395711500974335,1.0058479532163245,0.0,0.0,1.0
1121,2018,5.5499999999999545,0.4095725054029805,1318.38,1321.75,1325.0,1320.87,1315.32,1,13.966666666666667,0.15855855855857953,0.74414414414417,0.1603603603603797,0.7459459459459701,0.0,0.0,0.0
1122,2018,5.980000000000018,0.4443972610011164,1313.56,1313.72,1318.03,1318.58,1312.6,-1,13.033333333333333,-0.18729096989968474,-0.9080267558528506,-0.15719063545151366,-0.8779264214046796,0.0,1.0,0.0
1123,2018,4.099999999999909,0.29953556332515135,1308.36,1303.01,1306.0,1311.56,1307.46,-1,13.083333333333334,1.0853658536585717,0.3560975609756265,1.143902439024429,0.4146341463414837,0.0,0.0,1.0
1124,2018,2.869999999999891,0.22266555832639767,1309.25,1305.91,1309.38,1311.5,1308.63,-1,13.25,0.9477351916376762,-0.26132404181185664,1.0905923344947739,-0.11846689895475904,0.0,1.0,1.0
1125,2018,11.509999999999991,0.9448255643506286,1317.68,1313.32,1313.82,1317.91,1306.4,1,13.0,-0.3987836663770764,-0.3553431798436272,-0.3788010425716882,-0.33536055603823894,0.0,0.0,0.0
1126,2018,3.349999999999909,0.27738348710668725,1311.29,1311.19,1314.44,1311.85,1308.5,1,13.5,-0.19701492537309623,0.7731343283582733,0.3731343283582191,1.3432835820895888,1.0,1.0,1.0
1127,2018,3.980000000000018,0.33339316699575355,1310.88,1313.44,1313.8,1314.77,1310.79,-1,13.0,-0.665829145728663,-0.7562814070351701,-0.6432160804019934,-0.7336683417085005,1.0,1.0,0.0
1128,2018,6.120000000000118,0.5221524772990542,1311.07,1307.71,1314.73,1314.72,1308.6,-1,14.516666666666667,0.14542483660128358,-1.001633986928103,0.258169934640506,-0.8888888888888806,0.0,1.0,0.0
1129,2018,8.819999999999936,0.7602980112062017,1311.3,1315.5,1312.77,1313.03,1304.21,1,13.833333333333334,0.280045351473928,-0.029478458049885803,0.36961451247165694,0.06009070294784315,0.0,0.0,0.0
1130,2018,7.319999999999936,0.6334136844057067,1317.68,1317.37,1321.47,1318.03,1310.71,1,13.15,-0.09016393442624147,0.4699453551912684,-0.045081967213136266,0.5150273224043735,0.0,0.0,0.0
1131,2018,6.769999999999982,0.5849173043692909,1325.51,1322.15,1319.87,1325.67,1318.9,1,13.0,-0.5199409158050209,-0.8567208271787589,-0.4963072378138713,-0.8330871491876093,0.0,1.0,0.0
1132,2018,3.4500000000000455,0.30709562563581333,1318.74,1319.89,1313.69,1321.67,1318.22,-1,13.533333333333333,-0.4840579710145075,1.3130434782608444,-0.4434782608696174,1.3536231884057344,0.0,0.0,1.0
1133,2018,6.0,0.5378753922008074,1306.86,1294.24,1290.41,1312.06,1306.06,-1,13.066666666666666,1.9699999999999893,2.6083333333333107,1.9733333333333196,2.611666666666641,0.0,0.0,1.0
1134,2018,10.210000000000036,0.8456987338776507,1288.59,1288.28,1291.62,1296.79,1286.58,-1,13.35,-0.16650342801175705,-0.4936336924583688,-0.13516160626835227,-0.4622918707149641,0.0,0.0,0.0
1135,2018,5.290000000000191,0.4400475341651972,1288.31,1289.62,1291.06,1290.38,1285.09,1,14.033333333333333,-0.14366729678642548,0.1285444234404181,-0.07750472589793328,0.1947069943289103,0.0,0.0,0.0
1136,2018,4.869999999999891,0.40643815201191336,1288.63,1291.99,1293.75,1291.04,1286.17,-1,13.783333333333333,-1.1950718685831758,-1.5564681724846194,-1.2053388090349588,-1.5667351129364024,1.0,1.0,0.0
1137,2018,3.6800000000000637,0.3197021408625562,1284.8,1288.07,1291.87,1285.69,1282.01,1,13.383333333333333,0.6467391304347393,1.679347826086883,0.7663043478260564,1.7989130434782001,0.0,0.0,1.0
1138,2018,8.009999999999991,0.7092979127134721,1295.18,1292.16,1291.79,1295.85,1287.84,1,13.583333333333334,-0.46067415730334976,-0.5068664169787703,-0.4169787765293286,-0.46317103620474914,0.0,0.0,0.0
1139,2018,8.820000000000164,0.7877511961722634,1296.55,1291.17,1294.25,1298.4,1289.58,-1,14.016666666666667,-0.18027210884355058,-0.529478458049885,-0.00453514739228604,-0.35374149659862053,0.0,0.0,0.0
1140,2018,2.3999999999998636,0.217264791464585,1295.92,1305.35,1304.95,1297.85,1295.45,1,13.533333333333333,3.1250000000001776,2.958333333333558,3.183333333333461,3.016666666666842,0.0,0.0,1.0
1141,2018,3.8999999999998636,0.33891992551209216,1304.22,1303.14,1302.84,1306.6,1302.7,1,13.8,-0.8871794871794693,-0.9641025641025955,-0.8487179487179645,-0.9256410256410906,1.0,1.0,0.0
1143,2018,10.600000000000136,0.9572340837257416,1302.06,1302.43,1303.04,1306.46,1295.86,-1,14.05,-0.6198113207547244,-0.677358490566035,-0.4896226415094328,-0.5471698113207434,0.0,0.0,0.0
1144,2018,3.8200000000001637,0.34323855978436657,1297.46,1300.81,1301.91,1299.67,1295.85,1,13.316666666666666,0.2984293193716816,0.5863874345549511,0.4162303664921073,0.7041884816753767,0.0,0.0,1.0
1145,2018,3.259999999999991,0.2998882975228314,1304.57,1304.51,1300.57,1306.36,1303.1,-1,13.316666666666666,-0.4325153374233392,0.7760736196318956,-0.2576687116564173,0.9509202453988175,0.0,0.0,1.0
1146,2018,5.75,0.5284232637521321,1294.86,1294.92,1293.36,1299.99,1294.24,-1,13.25,-0.11826086956522847,0.15304347826088854,-0.038260869565222136,0.23304347826089486,0.0,0.0,0.0
1147,2018,6.519999999999982,0.5925348912690652,1296.6,1294.8,1292.44,1296.74,1290.22,1,13.0,-0.29754601226994787,-0.6595092024539826,-0.27607361963189564,-0.6380368098159304,0.0,0.0,0.0
1148,2018,3.6700000000000728,0.37876889052709845,1291.29,1293.59,1297.21,1293.89,1290.22,1,14.0,-0.08174386920985721,0.9046321525885206,0.09264305177109303,1.079019073569471,0.0,0.0,1.0
1149,2018,4.960000000000036,0.5112649094389656,1295.88,1299.11,1295.9,1298.69,1293.73,1,14.183333333333334,0.08467741935480691,-0.5624999999999886,0.1411290322580268,-0.5060483870967687,0.0,0.0,0.0
1150,2018,2.880000000000109,0.2996878251821124,1299.64,1297.68,1297.01,1299.65,1296.77,1,13.0,-0.6840277777777614,-0.9166666666666666,-0.6805555555555424,-0.9131944444444478,1.0,1.0,1.0
1151,2018,6.039999999999964,0.6280451574569158,1297.84,1298.71,1298.76,1300.48,1294.44,0,,,,,,,,
1152,2018,3.9300000000000637,0.42102846648301706,1296.86,1300.67,1299.73,1297.95,1294.02,1,13.333333333333334,0.6921119592875276,0.4529262086513852,0.7888040712468413,0.5496183206106989,0.0,0.0,1.0
1153,2018,1.8800000000001091,0.20165491878640393,1297.66,1299.24,1295.41,1298.64,1296.76,-1,13.2,-1.3191489361701458,0.7180851063828887,-1.0957446808509712,0.9414893617020633,1.0,1.0,1.0
1154,2018,3.019999999999982,0.33430853166758645,1293.89,1296.73,1299.5,1295.15,1292.13,1,13.483333333333333,0.5231788079469989,1.440397350993356,0.6026490066224991,1.5198675496688563,0.0,0.0,1.0
1155,2018,3.9500000000000455,0.45484454680046527,1303.22,1306.91,1302.86,1305.74,1301.79,1,13.283333333333333,0.29620253164558463,-0.7291139240506521,0.41772151898736,-0.6075949367088768,1.0,1.0,0.0
1156,2018,3.699999999999818,0.4128476926755196,1298.14,1280.41,1279.58,1301.09,1297.39,-1,13.333333333333334,4.58918918918942,4.813513513513797,4.7405405405407635,4.964864864865141,0.0,0.0,1.0
1157,2018,3.4200000000000728,0.3262913997546745,1279.08,1278.47,1279.12,1282.13,1278.71,-1,15.466666666666667,0.07017543859649239,-0.11988304093562742,0.12573099415206274,-0.06432748538005709,0.0,0.0,0.0
1158,2018,10.440000000000055,1.0573681545250724,1272.43,1273.99,1275.23,1282.53,1272.09,-1,13.0,-0.1819923371647587,-0.30076628352491225,-0.14942528735631583,-0.26819923371646937,0.0,0.0,0.0
1159,2018,4.069999999999936,0.3971838840094737,1274.18,1273.82,1269.45,1274.48,1270.41,1,13.883333333333333,-0.16216216216218482,-1.2358722358722485,-0.11302211302212373,-1.1867321867321874,0.0,1.0,0.0
1160,2018,3.0,0.29258098223615425,1264.06,1266.79,1268.58,1265.06,1262.06,-1,13.183333333333334,-1.5766666666666727,-2.173333333333327,-1.5,-2.0966666666666547,1.0,1.0,0.0
1161,2018,3.3099999999999454,0.32862917523579294,1269.6,1269.46,1269.5,1270.99,1267.68,-1,13.333333333333334,-0.5377643504531728,-0.5498489425981772,-0.317220543806638,-0.32930513595164235,0.0,0.0,0.0
1162,2018,5.069999999999936,0.5156556483835738,1269.28,1266.77,1267.85,1270.45,1265.38,0,,,,,,,,
1163,2018,8.460000000000036,0.8767488341105943,1256.23,1259.44,1258.46,1263.88,1255.42,-1,13.183333333333334,-0.4751773049645348,-0.3593380614657152,-0.449172576832144,-0.3333333333333244,0.0,0.0,0.0
1164,2018,4.610000000000127,0.46093415226397433,1259.16,1255.04,1253.94,1259.93,1255.32,-1,13.583333333333334,0.06073752711495987,0.29934924078087716,0.08893709327550336,0.32754880694142063,0.0,0.0,0.0
1165,2018,4.819999999999936,0.4782762775533279,1252.2,1250.35,1247.01,1253.12,1248.3,1,13.866666666666667,-0.5746887966805018,-1.2676348547717802,-0.5248962655602144,-1.2178423236514928,0.0,1.0,0.0
1166,2018,2.849999999999909,0.28061045080525104,1251.13,1251.24,1252.1,1251.82,1248.97,1,13.7,-0.20350877192980552,0.09824561403508128,-0.05263157894740201,0.2491228070174848,1.0,1.0,0.0
1167,2018,1.8400000000001455,0.17939967964344292,1249.07,1246.75,1241.39,1249.39,1247.55,1,13.116666666666667,-1.434782608695593,-4.347826086956178,-1.4130434782607084,-4.326086956521293,1.0,1.0,0.0
1168,2018,5.990000000000009,0.553202717857378,1247.81,1254.62,1252.84,1248.03,1242.04,1,13.05,1.100166944908165,0.8030050083472351,1.1235392320533857,0.8263772954924559,0.0,0.0,1.0
1170,2018,4.720000000000027,0.41822784810126645,1253.7,1257.14,1255.31,1255.92,1251.2,1,13.6,0.25847457627119075,-0.12923728813561944,0.29661016949154295,-0.09110169491526719,0.0,0.0,0.0
1171,2018,3.0900000000001455,0.31180625630677394,1254.06,1255.37,1255.12,1256.67,1253.58,1,13.5,-0.42071197411007144,-0.5016181229773815,0.2362459546924778,0.1553398058251677,0.0,1.0,0.0
1172,2018,6.5,0.6533132313877481,1264.78,1261.82,1259.1,1265.82,1259.32,0,,,,,,,,
1173,2018,10.059999999999945,1.0298332845861256,1248.51,1254.31,1254.93,1257.3,1247.24,0,,,,,,,,
1174,2018,5.1099999999999,0.5076639227930615,1248.67,1248.91,1243.76,1253.34,1248.23,0,,,,,,,,
1175,2018,3.910000000000082,0.37079184447606134,1244.39,1246.84,1246.13,1246.24,1242.33,1,14.15,0.1534526854219684,-0.028132992327339554,0.18925831202045873,0.0076726342711507575,0.0,0.0,0.0
1176,2018,7.180000000000064,0.6679513588942826,1237.77,1242.26,1240.92,1244.9,1237.72,-1,13.0,-0.6323119777158668,-0.44568245125348427,-0.6253481894150376,-0.438718662952655,0.0,0.0,0.0
1177,2018,3.0699999999999363,0.279163419069882,1243.5,1239.9,1239.93,1244.83,1241.76,-1,13.516666666666667,0.6058631921823904,0.596091205211715,0.7133550488598933,0.703583061889218,0.0,0.0,1.0
1178,2018,5.170000000000073,0.48806473364801634,1239.84,1226.73,1228.41,1244.88,1239.71,-1,13.0,2.5106382978723087,2.1856866537717208,2.5357833655705444,2.2108317214699564,0.0,0.0,1.0
1179,2018,3.759999999999991,0.3332911232113442,1222.61,1224.38,1227.42,1224.76,1221.0,1,13.55,-0.10106382978720284,0.7074468085106618,-0.050531914893571186,0.7579787234042934,0.0,0.0,0.0
1180,2018,9.200000000000045,0.8166888592987155,1215.8,1217.63,1222.44,1223.89,1214.69,-1,13.4,-0.3195652173913087,-0.842391304347822,-0.2934782608695687,-0.816304347826082,0.0,1.0,0.0
1181,2018,4.509999999999991,0.38125717046071994,1224.61,1228.41,1229.95,1226.67,1222.16,1,13.716666666666667,0.3858093126385837,0.7272727272727227,0.6895787139689875,1.0310421286031264,0.0,0.0,1.0
1182,2018,4.579999999999927,0.382121573301543,1231.33,1224.81,1223.93,1232.52,1227.94,-1,13.95,0.6834061135371526,0.8755458515283963,0.7860262008734047,0.9781659388646483,0.0,0.0,1.0
1183,2018,8.809999999999945,0.7630536995793068,1227.76,1228.32,1224.37,1228.07,1219.26,1,14.666666666666666,0.028376844494892344,-0.41997729852441185,0.03632236095345497,-0.41203178206584923,0.0,0.0,0.0
1184,2018,7.639999999999873,0.6491079014443385,1232.19,1229.01,1232.01,1233.04,1225.4,1,14.133333333333333,-0.5274869109947696,-0.13481675392670026,-0.4908376963350867,-0.09816753926701734,0.0,0.0,0.0
1185,2018,3.490000000000009,0.2921899294342789,1227.93,1226.36,1223.37,1230.23,1226.74,1,13.616666666666667,-1.1088825214900024,-1.9656160458453036,-0.8968481375358456,-1.7535816618911468,1.0,1.0,0.0
1186,2018,7.740000000000009,0.6218294502467585,1219.38,1224.85,1222.83,1225.19,1217.45,1,15.216666666666667,-0.043927648578830115,-0.3049095607235303,-0.040051679586585585,-0.3010335917312858,0.0,0.0,0.0
1187,2018,4.389999999999873,0.35528065206080245,1221.97,1224.49,1222.3,1223.53,1219.14,1,14.266666666666667,0.21867881548976406,-0.2801822323462537,0.2642369020501402,-0.2346241457858776,0.0,0.0,0.0
1188,2018,4.9500000000000455,0.41736930860034116,1220.15,1221.28,1225.23,1222.52,1217.57,1,13.5,-0.25050505050505006,0.5474747474747498,0.23838383838384905,1.0363636363636488,1.0,1.0,0.0
1189,2018,4.329999999999927,0.36690473308315563,1222.31,1217.25,1217.88,1224.59,1220.26,-1,14.4,0.6951501154734507,0.5496535796766563,0.704387990762126,0.5588914549653317,0.0,0.0,0.0
1190,2018,5.399999999999864,0.45285731400502016,1214.22,1214.41,1209.28,1218.6,1213.2,0,,,,,,,,
1191,2018,8.339999999999918,0.689500413369545,1211.65,1218.8,1214.57,1212.76,1204.42,1,13.5,0.7242206235012018,0.2170263788968781,0.7733812949640418,0.2661870503597181,0.0,0.0,0.0
1192,2018,5.170000000000073,0.4075909449262363,1208.54,1210.62,1208.47,1213.42,1208.25,-1,13.266666666666667,-0.4584139264990053,-0.04255319148936638,-0.43326885880072535,-0.017408123791086437,0.0,0.0,0.0
1193,2018,5.869999999999891,0.4835539864665993,1215.09,1211.26,1210.06,1216.06,1210.19,0,,,,,,,,
1194,2018,6.3400000000001455,0.5213203336074366,1209.62,1210.27,1212.88,1215.71,1209.37,-1,13.416666666666666,-0.1419558359621562,-0.5536277602523877,-0.11829652996845154,-0.529968454258683,0.0,0.0,0.0
1195,2018,5.089999999999918,0.4394154282542944,1214.47,1213.8,1212.29,1215.77,1210.68,1,13.4,-0.38703339882122967,-0.6836935166994251,-0.31827111984285744,-0.614931237721053,0.0,0.0,0.0
1196,2018,7.259999999999991,0.6687282058030135,1213.3,1216.3,1211.64,1213.96,1206.7,1,13.383333333333333,0.322314049586766,-0.31955922865012937,0.3498622589531635,-0.2920110192837319,0.0,0.0,0.0
1197,2018,13.690000000000055,1.2727272727272785,1198.78,1197.32,1193.36,1208.5,1194.81,0,,,,,,,,
1198,2018,1.759999999999991,0.15262636273538094,1194.96,1197.85,1194.14,1195.57,1193.81,1,13.183333333333334,1.2954545454545368,-0.8124999999999112,1.346590909090854,-0.7613636363635938,0.0,1.0,1.0
1199,2018,5.620000000000118,0.5006362942224595,1186.69,1178.94,1176.76,1189.42,1183.8,-1,14.516666666666667,0.8647686832739854,1.2526690391458746,0.9572953736654393,1.3451957295373285,0.0,0.0,1.0
1200,2018,7.970000000000027,0.673345000301735,1180.52,1179.54,1175.69,1181.91,1173.94,0,,,,,,,,
1201,2018,6.099999999999909,0.4806934594168569,1176.41,1178.73,1180.78,1179.73,1173.63,1,14.483333333333333,-0.16393442622951065,0.17213114754097872,-0.13770491803277551,0.19836065573771383,0.0,0.0,0.0
1202,2018,3.9400000000000546,0.2984848484848527,1186.25,1185.07,1190.03,1189.64,1185.7,-1,13.333333333333334,0.1598984771573859,-1.0989847715735703,0.20558375634521867,-1.0532994923857375,0.0,1.0,0.0
1203,2018,3.7200000000000273,0.29181375021012146,1192.51,1189.37,1192.78,1195.74,1192.02,-1,13.033333333333333,0.7123655913978687,-0.20430107526881325,0.7634408602150873,-0.15322580645159467,0.0,0.0,1.0
1204,2018,7.650000000000091,0.5987923515598859,1199.15,1195.66,1195.19,1200.16,1192.51,1,13.316666666666666,-0.5882352941176401,-0.6496732026143749,-0.5477124183006244,-0.6091503267973594,0.0,0.0,0.0
1205,2018,4.7000000000000455,0.37853074843237977,1189.6,1189.34,1185.25,1191.06,1186.36,1,13.116666666666667,-0.3659574468085129,-1.236170212765934,-0.34042553191491937,-1.2106382978723402,0.0,1.0,0.0
1206,2018,5.529999999999973,0.45253682487724717,1191.9,1205.92,1205.5,1193.2,1187.67,1,13.333333333333334,2.3001808318264176,2.2242314647377968,2.3652802893309617,2.289330922242341,0.0,0.0,1.0
1207,2018,2.9200000000000728,0.22080587663390377,1206.0,1210.89,1208.95,1206.0,1203.08,1,13.0,1.674657534246568,1.01027397260273,1.674657534246568,1.01027397260273,0.0,0.0,1.0
1208,2018,3.740000000000009,0.2816265060240963,1212.55,1209.57,1200.72,1214.17,1210.43,-1,15.166666666666666,0.2299465240642046,2.596256684491982,0.41711229946528583,2.783422459893063,0.0,0.0,1.0
1209,2018,4.019999999999982,0.29419759539989315,1202.2,1203.7,1205.54,1205.73,1201.71,1,14.183333333333334,-0.504975124378105,-0.04726368159205359,-0.2661691542288411,0.19154228855721028,0.0,0.0,0.0
1210,2018,4.059999999999945,0.2982005141388122,1204.04,1200.37,1200.05,1205.28,1201.22,1,13.333333333333334,-1.2093596059113665,-1.2881773399014995,-1.1182266009852837,-1.197044334975417,1.0,1.0,0.0
1211,2018,6.180000000000064,0.4534591194968585,1203.89,1204.55,1198.59,1208.76,1202.58,-1,13.65,-0.318770226537218,0.6456310679611599,-0.2621359223300767,0.7022653721683011,0.0,0.0,0.0
1213,2018,4.870000000000118,0.37733134097073145,1194.02,1192.2,1192.75,1196.48,1191.61,-1,14.1,-0.12114989733062242,-0.2340862422998095,-0.06570841889115576,-0.17864476386034286,0.0,0.0,0.0
1214,2018,3.9600000000000364,0.3232464579324842,1193.53,1196.5,1196.13,1195.8,1191.84,1,13.966666666666667,0.17676767676768662,0.08333333333337162,0.23232323232324856,0.13888888888893355,0.0,0.0,0.0
1215,2018,9.639999999999873,0.8584149599287483,1204.7,1203.81,1199.85,1206.29,1196.65,1,13.266666666666667,-0.25726141078838705,-0.6680497925311348,-0.1275933609958542,-0.538381742738602,0.0,0.0,0.0
1216,2018,4.029999999999973,0.36343725843854324,1201.19,1197.55,1195.99,1202.22,1198.19,-1,13.516666666666667,0.15880893300250729,0.5459057071960448,0.3945409429280785,0.781637717121616,0.0,0.0,1.0
1217,2018,4.120000000000118,0.36717805079891425,1192.66,1196.95,1195.73,1195.97,1191.85,-1,13.2,-1.2378640776699006,-0.9417475728155335,-1.2087378640776396,-0.9126213592232726,1.0,1.0,0.0
1218,2018,4.079999999999927,0.36913532376889496,1194.13,1191.79,1195.99,1197.05,1192.97,-1,13.1,0.2892156862745306,-0.7401960784313812,0.4485294117646961,-0.5808823529412158,0.0,1.0,1.0
1219,2018,5.0300000000002,0.44736674925355857,1193.89,1197.87,1207.88,1197.65,1192.62,1,15.983333333333333,0.04373757455264238,2.033797216699724,0.04572564612321703,2.0357852882702985,0.0,0.0,1.0
1220,2018,3.8600000000001273,0.33669781931465237,1205.87,1203.14,1201.94,1207.15,1203.29,1,13.5,-1.0388601036269063,-1.3497409326424519,-0.5544041450776689,-0.8652849740932145,1.0,1.0,1.0
1221,2018,4.269999999999982,0.40495867768594773,1204.49,1198.54,1194.6,1208.44,1204.17,-1,13.566666666666666,1.3185011709602186,2.241217798594896,1.5644028103044711,2.4871194379391484,0.0,0.0,1.0
1222,2018,3.769999999999982,0.3417287147944296,1197.41,1203.32,1200.87,1198.55,1194.78,1,13.1,1.2652519893899217,0.6153846153846014,1.3819628647215016,0.7320954907161815,0.0,0.0,1.0
1223,2018,7.190000000000055,0.6628910108659907,1202.13,1199.98,1197.67,1202.95,1195.76,1,14.033333333333333,-0.41307371349096034,-0.7343532684283633,-0.3087621696801127,-0.6300417246175157,0.0,0.0,0.0
1224,2018,2.4600000000000364,0.22408744876049513,1202.82,1203.36,1203.7,1204.47,1202.01,-1,13.15,-0.548780487804833,-0.6869918699187112,-0.5203252032520137,-0.658536585365892,1.0,1.0,0.0
1225,2018,4.430000000000064,0.41308112428400723,1205.54,1204.43,1206.62,1205.65,1201.22,1,13.0,-0.2753950338600473,0.21896162528211874,-0.25056433408575257,0.2437923250564135,0.0,0.0,0.0
1226,2018,6.8900000000001,0.657577203626705,1204.45,1199.69,1197.03,1210.93,1204.04,-1,13.333333333333334,0.6313497822931562,1.0174165457184163,0.6777939042089662,1.0638606676342266,0.0,0.0,1.0
1227,2018,3.7200000000000273,0.3301426307448514,1199.71,1203.05,1199.14,1200.29,1196.57,1,13.183333333333334,0.7419354838709599,-0.3091397849461976,0.8252688172042779,-0.22580645161287957,0.0,0.0,1.0
1228,2018,3.6099999999999,0.32583327960801034,1201.25,1202.19,1201.23,1201.84,1198.23,1,13.333333333333334,0.09695290858729809,-0.16897506925205452,0.30470914127428445,0.038781163434931834,0.0,0.0,0.0
1229,2018,4.510000000000218,0.41029306647607333,1197.33,1194.08,1198.03,1201.38,1196.87,-1,13.25,0.6186252771618245,-0.25720620842572633,0.6474501108647298,-0.22838137472282102,0.0,0.0,1.0
1230,2018,4.509999999999991,0.408276753960555,1193.29,1182.98,1184.77,1197.32,1192.81,-1,13.333333333333334,2.179600886917948,1.782705099778266,2.24833702882481,1.8514412416851276,0.0,0.0,1.0
1231,2018,4.029999999999973,0.3498914728682147,1183.28,1190.79,1191.99,1184.72,1180.69,1,13.55,1.5062034739454038,1.8039702233250698,1.6575682382134265,1.9553349875930923,0.0,0.0,1.0
1232,2018,3.3799999999998818,0.28301435406697567,1186.99,1187.76,1189.35,1187.86,1184.48,1,13.1,-0.029585798816542174,0.44082840236688203,0.0739644970414227,0.5443786982248469,0.0,0.0,1.0
1233,2018,5.569999999999936,0.4779357685707224,1190.61,1207.22,1202.68,1194.61,1189.04,1,13.683333333333334,2.263913824057499,1.4488330341113564,2.3393177737881725,1.5242369838420298,0.0,0.0,1.0
1234,2018,3.349999999999909,0.28104026845636804,1202.38,1201.19,1198.28,1205.07,1201.72,-1,13.166666666666666,0.15820895522387673,1.0268656716418352,0.38507462686567123,1.2537313432836297,1.0,1.0,0.0
1235,2018,4.990000000000009,0.42069131639166596,1202.09,1203.84,1198.82,1202.78,1197.79,1,13.05,0.21242484969938746,-0.7935871743487032,0.2665330661322495,-0.7394789579158413,0.0,1.0,0.0
1236,2018,6.1099999999999,0.5319320937752534,1202.46,1202.0,1203.64,1203.28,1197.17,1,13.033333333333333,-0.20949263502454887,0.05891980360067647,-0.15220949263503747,0.11620294599018789,0.0,0.0,0.0
1237,2018,3.990000000000009,0.35509503528065645,1194.23,1186.23,1187.09,1196.88,1192.89,-1,13.033333333333333,1.6691729323308437,1.453634085213075,1.7067669172932156,1.4912280701754466,0.0,0.0,1.0
1238,2018,5.910000000000082,0.48596264536591705,1186.7,1187.83,1189.25,1190.88,1184.97,-1,14.75,-0.483925549915374,-0.7241962774957552,-0.4230118443316354,-0.6632825719120167,0.0,0.0,0.0
1239,2018,5.259999999999991,0.43112229963116794,1186.25,1187.78,1191.79,1190.85,1185.59,-1,13.566666666666666,-0.41634980988594267,-1.1787072243346115,-0.3897338403041745,-1.1520912547528432,0.0,1.0,0.0
1240,2018,12.029999999999973,0.972401847575054,1203.7,1215.82,1224.0,1205.54,1193.51,1,13.5,0.8545303408146298,1.5344970906068227,0.9966749792186231,1.6766417290108162,0.0,0.0,1.0
1241,2018,6.0,0.44416243654822307,1221.56,1217.53,1219.13,1222.14,1216.14,1,13.083333333333334,-0.7683333333333545,-0.5016666666666652,-0.7516666666666652,-0.48499999999997573,0.0,0.0,0.0
1242,2018,8.759999999999991,0.6555484284797936,1228.93,1228.24,1225.85,1233.16,1224.4,-1,14.216666666666667,-0.43835616438355274,-0.16552511415523055,-0.35502283105021726,-0.08219178082189506,0.0,0.0,0.0
1243,2018,4.2000000000000455,0.29794780846212615,1229.95,1228.87,1225.67,1230.26,1226.06,1,13.066666666666666,-0.3309523809524012,-1.0928571428571114,-0.254761904761941,-1.0166666666666513,0.0,1.0,0.0
1244,2018,6.399999999999864,0.4610951008645431,1225.75,1225.97,1222.74,1228.03,1221.63,1,14.1,-0.32187499999999836,-0.826562500000012,-0.23906250000000084,-0.7437500000000145,0.0,0.0,0.0
1245,2018,4.690000000000055,0.35195111492281683,1224.46,1224.82,1226.26,1224.69,1220.0,1,13.0,0.027718550106584274,0.3347547974413471,0.07675906183366647,0.38379530916842935,0.0,0.0,1.0
1246,2018,5.860000000000127,0.44348343153684894,1228.35,1227.47,1225.95,1228.93,1223.07,1,13.066666666666666,-0.24914675767918168,-0.5085324232081831,-0.1894197952218218,-0.44880546075082334,0.0,0.0,0.0
1247,2018,5.5,0.4161712247324604,1222.49,1221.07,1221.45,1227.71,1222.21,-1,13.05,0.20727272727274546,0.13818181818181652,0.28181818181817353,0.21272727272724462,0.0,0.0,0.0
1248,2018,8.930000000000064,0.7145224895696437,1236.7,1232.11,1230.25,1238.27,1229.34,1,13.133333333333333,-0.6898096304591308,-0.898096304591257,-0.6741321388578013,-0.8824188129899275,0.0,0.0,0.0
1249,2018,5.310000000000173,0.40994816367046577,1227.76,1230.31,1230.12,1233.15,1227.84,-1,13.0,-0.46516007532955683,-0.4293785310734272,-0.4802259887005408,-0.4444444444444111,0.0,0.0,0.0
1250,2018,5.2999999999999545,0.4133244206773573,1231.88,1229.5,1228.92,1235.33,1230.03,-1,14.416666666666666,0.0999999999999957,0.20943396226413385,0.13396226415095142,0.24339622641508957,0.0,0.0,0.0
1251,2018,7.2000000000000455,0.553633217993082,1235.27,1243.13,1234.95,1238.44,1231.24,1,15.9,0.6513888888888923,-0.48472222222222044,0.7444444444444575,-0.39166666666665534,0.0,0.0,0.0
1252,2018,4.180000000000064,0.3348400755278413,1230.68,1230.2,1229.06,1231.78,1227.6,0,,,,,,,,
1253,2018,4.839999999999918,0.3822202166064913,1224.3,1224.28,1223.48,1224.62,1219.78,1,13.033333333333333,-0.0702479338842818,-0.2355371900826223,-0.02272727272729942,-0.18801652892563991,0.0,0.0,0.0
1254,2018,3.990000000000009,0.31295870917138247,1216.07,1216.56,1216.72,1218.63,1214.64,-1,13.133333333333333,-0.48120300751875716,-0.521303258145344,-0.41102756892227293,-0.4511278195488598,0.0,0.0,0.0
1255,2018,8.190000000000055,0.7429534115207703,1229.0,1230.52,1233.1,1230.52,1222.33,1,13.333333333333334,0.0,0.315018315018304,0.05372405372406003,0.36874236874236405,0.0,0.0,0.0
1256,2018,6.279999999999973,0.5228353948620329,1230.78,1231.43,1232.96,1236.34,1230.06,-1,13.016666666666667,-0.21815286624205799,-0.46178343949046236,-0.0859872611464914,-0.3296178343948957,0.0,0.0,0.0
1257,2018,6.279999999999973,0.5552608311228971,1228.7,1231.35,1230.12,1234.27,1227.99,-1,13.2,-0.5350318471337444,-0.33917197452227565,-0.49044585987260203,-0.2945859872611333,0.0,0.0,0.0
1258,2018,4.099999999999909,0.36412078152752225,1234.63,1228.89,1225.74,1235.78,1231.68,-1,14.3,0.680487804878055,1.4487804878049235,0.7439024390243957,1.5121951219512642,0.0,0.0,1.0
1259,2018,5.980000000000018,0.5196127110228412,1231.96,1227.82,1227.44,1236.33,1230.35,-1,13.583333333333334,0.42307692307691724,0.4866220735785695,0.4515050167224143,0.5150501672240665,0.0,0.0,0.0
1260,2018,3.7200000000000273,0.3192937281589137,1224.55,1224.09,1221.37,1225.54,1221.82,1,13.25,-0.3897849462365685,-1.1209677419354953,-0.311827956989267,-1.0430107526881938,1.0,1.0,0.0
1261,2018,4.0,0.34535923527597934,1218.49,1212.15,1209.09,1221.6,1217.6,-1,13.066666666666666,1.3624999999999545,2.1274999999999977,1.4174999999999613,2.1825000000000045,0.0,0.0,1.0
1262,2018,3.689999999999827,0.3052289512555253,1206.38,1203.82,1200.88,1207.62,1203.93,-1,13.45,0.02981029810301693,0.8265582655826822,0.054200542005434914,0.8509485094851001,0.0,0.0,0.0
1263,2018,7.189999999999827,0.6192937123169542,1200.22,1203.61,1200.02,1203.36,1196.17,1,13.35,0.03477051460361697,-0.46453407510431133,0.21974965229484913,-0.2795549374130792,0.0,0.0,0.0
1264,2018,4.7000000000000455,0.40474872362675063,1200.98,1201.75,1211.51,1202.3,1197.6,1,14.9,-0.11702127659573387,1.959574468085095,-0.0042553191489322585,2.072340425531897,0.0,0.0,1.0
1265,2018,7.769999999999982,0.6384177475203943,1210.23,1213.39,1214.27,1216.32,1208.55,-1,13.05,-0.6229086229086431,-0.7361647361647414,-0.5984555984556116,-0.7117117117117099,0.0,0.0,0.0
1266,2018,3.4500000000000455,0.29186053537978585,1215.64,1220.81,1221.46,1218.19,1214.74,1,13.6,0.7594202898550309,0.9478260869565039,0.8869565217391029,1.075362318840576,0.0,0.0,1.0
1267,2018,4.470000000000027,0.377283414722376,1220.43,1222.54,1223.81,1222.95,1218.48,1,15.25,-0.09172259507831752,0.19239373601787355,-0.00671140939596701,0.27740492170022407,0.0,0.0,0.0
1268,2018,4.980000000000018,0.4294954721862902,1225.36,1223.27,1221.19,1226.46,1221.48,1,13.333333333333334,-0.6405622489959926,-1.0582329317269001,-0.596385542168678,-1.0140562248995855,1.0,1.0,0.0
1269,2018,3.189999999999827,0.2786721577436523,1224.03,1226.93,1226.64,1225.34,1222.15,1,13.433333333333334,0.49843260188095034,0.40752351097186595,0.5956112852665184,0.504702194357434,0.0,0.0,1.0
1272,2018,3.4300000000000637,0.3276697372910336,1225.09,1222.8,1221.95,1227.93,1224.5,-1,13.033333333333333,0.4956268221574385,0.7434402332361245,0.5043731778425615,0.7521865889212477,0.0,0.0,0.0
1273,2018,5.329999999999927,0.5311032028469678,1224.04,1214.92,1213.34,1224.83,1219.5,1,13.416666666666666,-1.8592870544090037,-2.155722326454065,-1.8123827392120049,-2.1088180112570662,1.0,1.0,0.0
1274,2018,3.0699999999999363,0.30608175473578564,1213.76,1212.74,1222.35,1215.37,1212.3,-1,14.116666666666667,-0.14332247557005331,-3.273615635179206,-0.12703583061892773,-3.2573289902280806,0.0,1.0,0.0
1275,2018,3.9299999999998363,0.36871733011659036,1226.51,1227.62,1223.96,1228.12,1224.19,0,,,,,,,,
1276,2018,3.6699999999998454,0.36465578424412864,1221.83,1218.81,1220.81,1224.36,1220.69,-1,13.2,0.5122615803815227,-0.032697547683895344,0.5422343324250934,-0.0027247956403246123,0.0,0.0,1.0
1277,2018,4.180000000000064,0.3966113181972262,1229.01,1232.9,1230.98,1231.94,1227.76,1,13.5,0.22966507177034012,-0.22966507177034012,0.27511961722489797,-0.1842105263157823,0.0,0.0,0.0
1278,2018,4.940000000000055,0.45114155251141863,1239.34,1238.17,1237.71,1241.01,1236.07,1,13.433333333333334,-0.5748987854250783,-0.6680161943319672,-0.552631578947366,-0.6457489878542549,0.0,0.0,0.0
1279,2018,4.900000000000091,0.4705075445816261,1237.8,1237.28,1236.42,1238.17,1233.27,1,14.0,-0.18163265306124154,-0.3571428571428505,-0.1530612244897931,-0.32857142857140204,0.0,0.0,0.0
1280,2018,3.019999999999982,0.2955816554809812,1236.23,1241.47,1236.83,1237.7,1234.68,1,13.25,1.2483443708609288,-0.2880794701987164,1.7748344370861455,0.23841059602650053,0.0,0.0,1.0
1281,2018,3.5499999999999545,0.35213263426384556,1240.63,1245.05,1249.7,1242.78,1239.23,1,13.5,0.6394366197183129,1.9492957746479327,1.3943661971831292,2.7042253521127493,0.0,0.0,1.0
1282,2018,3.3199999999999363,0.3169018885934333,1246.8,1245.08,1242.9,1248.76,1245.44,-1,13.266666666666667,0.10843373493979946,0.7650602409638592,0.15662650602409392,0.8132530120481536,0.0,0.0,1.0
1283,2018,3.8300000000001546,0.3658819515523844,1246.26,1243.58,1242.21,1249.42,1245.59,-1,13.033333333333333,0.5248041775456683,0.8825065274150771,0.6240208877284604,0.9817232375978692,0.0,0.0,1.0
1284,2018,3.7199999999998,0.3597678916827643,1244.67,1245.91,1245.17,1245.62,1241.9,1,13.35,0.07795698924736737,-0.12096774193544148,0.10215053763444344,-0.0967741935483654,0.0,0.0,0.0
1285,2018,5.269999999999982,0.5062092624356742,1241.98,1242.11,1241.82,1246.52,1241.25,-1,13.616666666666667,-0.16318785578745787,-0.10815939278936211,-0.1100569259961915,-0.05502846299809575,0.0,0.0,0.0
1286,2018,2.2200000000000273,0.21559378468368662,1237.93,1235.93,1238.51,1239.67,1237.45,-1,13.5,0.684684684684668,-0.477477477477447,0.7567567567566738,-0.4054054054054414,0.0,1.0,1.0
1287,2018,2.673000000000002,0.2530052058684328,1239.815,1242.558,1245.588,1240.208,1237.535,1,13.1,0.8791619902730667,2.0127197904975227,0.9588477366255519,2.092405536850008,0.0,0.0,1.0
1288,2018,3.663000000000011,0.34899246646658905,1247.175,1246.648,1248.848,1250.348,1246.685,-1,13.016666666666667,0.010101010101019506,-0.5904995904995917,0.07835107835108755,-0.5222495222495237,0.0,0.0,0.0
1289,2018,4.623000000000047,0.4729895641497884,1247.758,1254.315,1244.028,1251.308,1246.685,1,14.583333333333334,0.6504434349989252,-1.5747350205494048,0.7045208738914187,-1.5206575816569112,0.0,1.0,1.0
1290,2018,8.799999999999955,0.8498544486293274,1254.455,1256.315,1262.575,1257.028,1248.228,1,13.633333333333333,-0.08102272727272376,0.6303409090909152,-0.0340909090909041,0.6772727272727349,0.0,0.0,1.0
1291,2018,6.552999999999884,0.6084937885108891,1259.795,1259.068,1255.308,1262.658,1256.105,0,,,,,,,,
1294,2018,3.3430000000000746,0.32030496109283013,1271.895,1278.098,1266.418,1274.298,1270.955,1,13.116666666666667,1.136703559676898,-2.3571642237511017,1.3161830690995409,-2.177684714328459,0.0,1.0,1.0
1295,2018,7.3400000000001455,0.6786108157726294,1273.318,1274.618,1275.945,1274.008,1266.668,1,13.266666666666667,0.08310626702995748,0.26389645776564846,0.1498637602179683,0.3306539509536593,0.0,0.0,0.0
1296,2018,6.163000000000011,0.5711505490941107,1277.268,1278.268,1279.355,1282.068,1275.905,0,,,,,,,,
1297,2018,3.563000000000102,0.33208175221357655,1283.878,1280.378,1281.448,1283.998,1280.435,-1,13.583333333333334,0.01599775470109872,-0.28431097389843346,0.14033118158854496,-0.1599775470109872,0.0,0.0,0.0
1299,2019,4.602999999999838,0.44470360913668827,1285.415,1285.755,1281.475,1288.668,1284.065,-1,13.0,-0.36715185748427415,0.5626765153161496,-0.07386487073651042,0.8559635020639134,0.0,0.0,1.0
1300,2019,4.529999999999973,0.42324299433406626,1287.985,1289.705,1293.298,1290.618,1286.088,-1,13.25,-0.7984547461368617,-1.5916114790287152,-0.3068432671081415,-1.099999999999995,1.0,1.0,0.0
1301,2019,5.940000000000055,0.5525361115171528,1291.105,1283.548,1284.215,1295.268,1289.328,-1,13.316666666666666,0.9730639730639595,0.8607744107744124,0.9898989898989992,0.877609427609452,0.0,0.0,1.0
1302,2019,3.160000000000082,0.27621342856786774,1292.208,1288.765,1288.315,1292.905,1289.745,1,13.016666666666667,-1.3101265822784067,-1.4525316455695567,-1.2120253164556418,-1.3544303797467918,1.0,1.0,0.0
1303,2019,2.2000000000000455,0.18414884966757916,1282.355,1284.965,1285.005,1284.015,1281.815,-1,13.183333333333334,-1.4318181818180902,-1.4499999999999948,-1.2181818181817186,-1.2363636363636232,1.0,1.0,1.0
1304,2019,3.2950000000000728,0.2851949625654626,1281.485,1289.995,1291.635,1283.295,1280.0,1,13.266666666666667,2.033383915022662,2.531107738998402,2.1083459787556103,2.6060698027313505,0.0,0.0,1.0
1305,2019,5.420000000000073,0.4996904921832879,1293.848,1290.025,1287.418,1296.928,1291.508,-1,13.566666666666666,0.2736162361623482,0.754612546125478,0.29575645756454183,0.7767527675276715,0.0,0.0,0.0
1306,2019,3.9529999999999745,0.35894641942157884,1291.975,1290.218,1288.015,1295.088,1291.135,-1,13.55,0.2319757146470838,0.7892739691373415,0.4975967619529177,1.0548950164431754,0.0,0.0,1.0
1307,2019,3.826999999999998,0.36245678836956,1295.205,1290.388,1291.848,1295.805,1291.978,-1,13.583333333333334,0.4154690357983136,0.033969166448944134,0.6185001306506899,0.2370002613013204,0.0,0.0,0.0
1308,2019,4.523000000000138,0.4150384416231466,1290.805,1291.095,1290.318,1291.998,1287.475,1,13.916666666666666,-0.1996462524872855,-0.371434888348444,-0.1510059694892708,-0.3227946053504293,0.0,1.0,0.0
1309,2019,3.8229999999998654,0.36724555541068693,1288.775,1292.888,1293.135,1291.628,1287.805,1,14.083333333333334,0.3295840962594913,0.3941930421135535,0.3905309965995267,0.4551399424535889,0.0,0.0,0.0
1310,2019,2.7129999999999654,0.27031720388017544,1293.805,1290.368,1290.688,1294.908,1292.195,-1,13.25,0.6734242535938155,0.5554736454109303,0.7176557316624185,0.5997051234795332,0.0,0.0,1.0
1311,2019,6.602999999999838,0.664624808575789,1285.785,1283.268,1281.968,1290.158,1283.555,-1,13.166666666666666,0.04346509162502523,0.24034529759200787,0.10101469029228119,0.29789489625926385,0.0,0.0,0.0
1313,2019,3.790000000000191,0.3554656358654705,1283.145,1280.208,1285.265,1284.775,1280.985,-1,15.383333333333333,0.2050131926120784,-1.129287598944587,0.26042216358833853,-1.0738786279683268,0.0,1.0,0.0
1314,2019,2.3530000000000655,0.2259303458019633,1284.965,1282.048,1283.435,1286.438,1284.085,-1,13.25,0.8657033574160552,0.2762430939226829,1.243943901402391,0.6544836379090186,0.0,0.0,1.0
1315,2019,2.4199999999998454,0.23707891900968478,1279.098,1282.185,1279.868,1280.648,1278.228,-1,13.383333333333333,-1.6351239669422035,-0.6776859504132138,-1.4173553719008494,-0.45991735537185957,1.0,1.0,0.0
1316,2019,2.7970000000000255,0.3033787081728991,1284.115,1297.438,1298.455,1285.145,1282.348,1,13.5,4.3950661422953194,4.7586700035751965,4.483375044690767,4.846978905970644,0.0,0.0,1.0
1317,2019,2.990000000000009,0.2986693303842199,1299.988,1302.498,1302.478,1302.345,1299.355,-1,13.033333333333333,-1.0511705685618795,-1.0444816053511832,-0.8762541806020435,-0.8695652173913473,1.0,1.0,0.0
1318,2019,3.3400000000001455,0.34374264878853666,1308.618,1310.848,1310.965,1310.065,1306.725,1,13.166666666666666,0.23443113772451127,0.26946107784425877,0.3473053892214982,0.3823353293412457,1.0,1.0,0.0
1319,2019,3.923000000000002,0.4176673232088959,1312.075,1312.108,1319.865,1315.888,1311.965,-1,13.0,-0.03645169513128448,-2.013764975783861,-0.008411929645654286,-1.985725210298231,0.0,1.0,0.0
1320,2019,4.682999999999993,0.4861233659827833,1323.025,1322.188,1320.908,1324.588,1319.905,1,13.55,-0.5124919923125918,-0.7858210548793657,-0.35660901131749906,-0.6299380738842729,0.0,1.0,0.0
1321,2019,4.230000000000018,0.43682230581987375,1321.028,1318.198,1317.505,1321.955,1317.725,1,13.166666666666666,-0.8881796690306899,-1.052009456264728,-0.8054373522458418,-0.9692671394798797,1.0,1.0,0.0
1322,2019,3.8299999999999272,0.3991959499702137,1311.078,1313.835,1313.465,1313.585,1309.755,-1,14.116666666666667,-1.0652741514360327,-0.9686684073106735,-1.0052219321149372,-0.9086161879895781,1.0,1.0,0.0
1323,2019,4.01299999999992,0.4154858748705743,1313.585,1314.545,1314.325,1314.638,1310.625,1,13.466666666666667,-0.023174682282543997,-0.07799651133812129,0.019935210565700526,-0.034886618489876765,0.0,0.0,0.0
1324,2019,4.059999999999945,0.4232000595636911,1313.168,1312.058,1307.005,1315.548,1311.488,0,,,,,,,,
1325,2019,6.210000000000036,0.6294663220313261,1309.035,1308.925,1310.365,1309.405,1303.195,1,13.016666666666667,-0.07729468599034064,0.1545893719806813,-0.028985507246386894,0.20289855072463503,0.0,0.0,0.0
1326,2019,4.9500000000000455,0.5115259416727614,1313.375,1313.638,1315.078,1313.338,1308.388,1,13.0,0.060606060606050866,0.3515151515151501,0.05313131313129647,0.3440404040403957,0.0,0.0,0.0
1327,2019,5.913000000000011,0.6060175695461215,1306.245,1308.385,1308.298,1311.348,1305.435,-1,13.416666666666666,-0.49890072721123624,-0.48418738373077136,-0.44089294774225707,-0.4261796042617922,0.0,0.0,0.0
1328,2019,3.4200000000000728,0.3425872925014383,1313.215,1309.755,1310.838,1314.105,1310.685,1,13.166666666666666,-1.27192982456135,-0.9552631578947319,-1.2309941520467016,-0.9143274853800837,1.0,1.0,0.0
1329,2019,4.303000000000111,0.4297168128967946,1309.115,1314.415,1306.515,1313.268,1308.965,-1,13.0,-1.2665582151986765,0.5693702068323855,-1.2316988147803434,0.6042296072507186,1.0,1.0,0.0
1330,2019,7.406999999999925,0.7144048004519297,1304.305,1309.315,1312.818,1309.695,1302.288,1,13.516666666666667,-0.05130282165517559,0.4216281895504359,0.13055218036993493,0.6034831915755464,0.0,0.0,0.0
1331,2019,4.893000000000029,0.5125553693283884,1317.848,1314.465,1321.315,1319.128,1314.235,1,14.25,-0.9529940731657436,0.4469650521152897,-0.6566523605150569,0.7433067647659762,1.0,1.0,0.0
1333,2019,5.9500000000000455,0.61435662184986,1330.465,1338.115,1339.788,1331.445,1325.495,1,13.15,1.121008403361348,1.4021848739495817,1.1675630252100946,1.4487394957983282,0.0,0.0,1.0
1334,2019,3.740000000000009,0.37337060383924364,1343.825,1344.738,1340.988,1345.305,1341.565,1,15.083333333333334,-0.1516042780748679,-1.1542780748663093,-0.11951871657751015,-1.1221925133689516,0.0,1.0,0.0
1335,2019,8.432999999999993,0.8359555335268716,1334.875,1331.995,1326.438,1340.398,1331.965,-1,14.933333333333334,-0.0035574528637463227,0.6554013992647718,0.11621012688248773,0.7751689790110059,0.0,0.0,0.0
1336,2019,5.45699999999988,0.4947512255774841,1323.048,1329.295,1327.685,1326.925,1321.468,1,13.8,0.4343045629467052,0.13927066153564369,0.4942275975811207,0.1991936961700592,0.0,0.0,1.0
1337,2019,3.3099999999999454,0.29503332972552626,1330.048,1329.245,1327.958,1331.065,1327.755,-1,13.266666666666667,-0.45015105740175415,-0.06132930513594498,-0.1924471299093517,0.1963746223564575,1.0,1.0,0.0
1338,2019,3.9629999999999654,0.35062595979448274,1323.895,1327.168,1329.248,1327.408,1323.445,1,13.833333333333334,-0.060560181680547866,0.46429472621755274,0.03608377491794171,0.5609386828160423,0.0,0.0,0.0
1339,2019,2.509999999999991,0.22719337945302845,1326.265,1323.438,1319.005,1328.145,1325.635,1,13.05,-1.8752988047808354,-3.6414342629481697,-1.8207171314740849,-3.586852589641419,1.0,1.0,0.0
1340,2019,5.523000000000138,0.4878667423812357,1324.495,1315.315,1313.595,1327.228,1321.705,-1,13.5,1.1569799022269984,1.4684048524352158,1.526887561108054,1.8383125113162713,0.0,0.0,1.0
1341,2019,4.6030000000000655,0.3897780197181452,1306.038,1305.478,1293.248,1310.558,1305.955,-1,13.0,0.10362806865084835,2.7605909189658266,0.121659787095359,2.778622637410337,1.0,1.0,0.0
1342,2019,6.932999999999993,0.5417917945855427,1285.315,1285.515,1287.008,1291.978,1285.045,-1,14.65,-0.06779172075580957,-0.28313861243328536,-0.04904081927017826,-0.26438771094765406,0.0,0.0,0.0
1343,2019,3.0870000000002165,0.2334543333117428,1286.115,1284.148,1286.655,1286.505,1283.418,1,13.216666666666667,-0.7635244574020191,0.04859086491734793,-0.5400064787819977,0.27210884353736936,1.0,1.0,0.0
1344,2019,4.462999999999965,0.34629880062961155,1286.758,1286.148,1285.798,1289.328,1284.865,-1,13.533333333333333,-0.2874747927402894,-0.20905220703562624,-0.20165807752629858,-0.1232354918216354,0.0,0.0,0.0
1345,2019,8.490000000000009,0.6763092609873242,1287.575,1286.735,1285.498,1288.975,1280.485,0,,,,,,,,
1346,2019,3.480000000000018,0.281600591869883,1293.185,1296.868,1299.268,1295.725,1292.245,-1,13.033333333333333,-1.3284482758620757,-2.018103448275891,-1.2126436781609211,-1.9022988505747367,1.0,1.0,0.0
1347,2019,4.163000000000011,0.3205054882206738,1295.118,1292.848,1293.715,1297.638,1293.475,-1,14.016666666666667,0.15061253903433847,-0.05765073264472939,0.19625270237809395,-0.012010569300973911,0.0,0.0,0.0
1348,2019,5.123000000000047,0.41821871319113607,1298.218,1297.015,1301.598,1299.528,1294.405,0,,,,,,,,
1349,2019,5.230000000000018,0.4272127895443159,1307.078,1307.848,1310.638,1309.075,1303.845,1,13.916666666666666,-0.23460803059275046,0.29885277246651415,-0.1256214149139867,0.4078393881452779,0.0,0.0,0.0
1350,2019,7.309999999999945,0.6382846023350923,1296.115,1295.475,1295.865,1303.115,1295.805,-1,13.0,0.04514363885091068,-0.008207934336517904,0.08755129958961762,0.03419972640218904,0.0,0.0,0.0
1351,2019,3.0030000000001564,0.25368379131821367,1302.035,1301.838,1301.768,1304.428,1301.425,-1,13.033333333333333,-0.137529137529134,-0.1142191142191331,-0.040959040959054574,-0.01764901764905368,1.0,1.0,0.0
1352,2019,3.449999999999818,0.28285975309797345,1305.465,1304.135,1302.745,1306.668,1303.218,0,,,,,,,,
1353,2019,6.343000000000075,0.5145376797654576,1308.395,1307.578,1306.398,1309.978,1303.635,1,13.083333333333334,-0.3783698565347726,-0.5644017026643722,-0.31057859057228504,-0.4966104367018846,0.0,0.0,0.0
1354,2019,6.629999999999882,0.5555987860866771,1307.635,1300.498,1314.298,1308.205,1301.575,1,13.016666666666667,-1.1624434389140297,0.9190045248869054,-1.1503770739064991,0.9310708898944362,1.0,1.0,0.0
1355,2019,5.189999999999827,0.42569396435558693,1317.738,1310.445,1309.208,1319.418,1314.228,-1,13.75,0.7289017341040954,0.9672447013487763,0.8420038535645981,1.080346820809279,0.0,0.0,1.0
1356,2019,4.432999999999993,0.38134270581150964,1311.718,1313.248,1312.355,1313.788,1309.355,1,13.766666666666667,-0.12181367020075896,-0.3232573877735157,-0.06474170990300813,-0.26618542747576485,0.0,0.0,0.0
1357,2019,3.910000000000082,0.34948828122506803,1319.335,1321.428,1322.158,1319.958,1316.048,1,13.05,0.37595907928388655,0.5626598465472563,0.4271099744245621,0.6138107416879318,0.0,0.0,1.0
1358,2019,5.039999999999964,0.43633125556544716,1316.478,1314.665,1315.748,1317.665,1312.625,1,13.166666666666666,-0.5952380952380996,-0.380357142857129,-0.48869047619047284,-0.27380952380950235,0.0,0.0,0.0
1359,2019,5.482999999999947,0.4684465871296455,1315.068,1311.535,1309.165,1319.258,1313.775,-1,13.666666666666666,0.4085354732810561,0.8407805945650505,0.8863760714936981,1.3186211927776925,0.0,0.0,1.0
1360,2019,9.910000000000082,0.8329330963930728,1300.315,1292.288,1290.595,1309.808,1299.898,-1,13.0,0.767911200807249,0.9387487386478109,0.8099899091826415,0.9808274470232036,0.0,0.0,1.0
1361,2019,11.160000000000082,0.8939340191557378,1297.445,1295.428,1292.125,1298.255,1287.095,1,13.033333333333333,-0.25331541218637793,-0.5492831541218696,-0.21926523297489883,-0.5152329749103904,0.0,0.0,0.0
1362,2019,3.9400000000000546,0.3078039117212183,1289.935,1292.128,1288.145,1292.125,1288.185,1,13.133333333333333,0.0007614213197789385,-1.01015228426395,0.04822335025376258,-0.9626903553299664,0.0,1.0,1.0
1363,2019,5.173000000000002,0.40238468291273694,1288.795,1290.505,1291.258,1290.318,1285.145,1,15.0,0.03614923641989667,0.18171273922289854,0.23777305238739954,0.38333655519040144,0.0,0.0,0.0
1364,2019,3.9550000000001546,0.31087181099534156,1292.965,1290.338,1290.185,1294.488,1290.533,-1,14.016666666666667,0.04930467762324367,0.08798988621996023,0.22427307206065966,0.2629582806573762,0.0,0.0,0.0
1365,2019,4.343000000000075,0.36342010101312633,1289.035,1287.408,1292.308,1292.978,1288.635,-1,13.083333333333334,0.2825236011973447,-0.8457287589223897,0.337784941284843,-0.7904674188348915,0.0,1.0,1.0
1366,2019,3.788000000000011,0.3149262151489068,1287.558,1292.128,1291.685,1290.788,1287.0,1,13.483333333333333,0.35374868004221605,0.23680042238646568,0.9266103484688439,0.8096620908130936,1.0,1.0,0.0
1367,2019,1.8800000000001091,0.15601197356332971,1298.255,1299.485,1297.668,1298.335,1296.455,1,13.016666666666667,0.6117021276594664,-0.35478723404260903,0.664893617021238,-0.30159574468083744,0.0,1.0,1.0
1368,2019,5.802999999999884,0.4677198355766815,1301.688,1303.745,1304.228,1302.838,1297.035,1,13.3,0.15629846631051933,0.23953127692575013,0.19076339824228727,0.2739962088575181,0.0,0.0,0.0
1369,2019,2.810000000000173,0.23847049124680247,1303.608,1306.868,1307.798,1305.295,1302.485,-1,13.333333333333334,-1.559786476868245,-1.890747330960774,-1.3711743772240574,-1.7021352313165863,1.0,1.0,0.0
1370,2019,5.850000000000136,0.5199075719872158,1300.855,1296.415,1290.108,1306.555,1300.705,-1,13.0,0.73333333333331,1.8114529914529458,0.7589743589743506,1.8370940170939865,0.0,0.0,1.0
1371,2019,4.380000000000109,0.36290895317457544,1292.425,1292.748,1290.885,1295.708,1291.328,-1,13.533333333333333,-0.32420091324201766,0.10114155251140927,-0.1422374429223817,0.28310502283104527,0.0,0.0,0.0
1372,2019,2.880000000000109,0.250145794299763,1285.705,1287.238,1287.795,1287.765,1284.885,1,13.1,-0.18298611111111934,0.010416666666656797,0.010416666666656797,0.20381944444443292,1.0,1.0,0.0
1373,2019,4.847999999999956,0.4230551071163632,1284.568,1276.595,1276.178,1287.348,1282.5,-1,13.466666666666667,1.2180280528052858,1.3040429042904178,1.342821782178228,1.42883663366336,0.0,0.0,1.0
1374,2019,4.730000000000018,0.40130171562240724,1275.625,1273.755,1273.918,1279.288,1274.558,-1,15.133333333333333,0.16976744186043985,0.1353065539112257,0.21987315010569972,0.18541226215648557,0.0,0.0,0.0
1375,2019,6.4529999999999745,0.6103653057501676,1276.208,1275.698,1273.958,1277.628,1271.175,0,,,,,,,,
1376,2019,3.400000000000091,0.33649325953103904,1278.185,1275.275,1275.178,1279.765,1276.365,-1,14.033333333333333,0.320588235294085,0.34911764705878423,0.5391176470587669,0.5676470588234661,0.0,0.0,0.0
1377,2019,3.009999999999991,0.30766085756630907,1271.995,1268.985,1270.625,1274.375,1271.365,-1,13.133333333333333,0.7906976744186432,0.245847176079738,0.8514950166113321,0.3066445182724268,0.0,0.0,1.0
1378,2019,4.583000000000084,0.45975808994239625,1273.878,1274.038,1275.105,1274.078,1269.495,1,15.416666666666666,-0.00872790748417257,0.2240890246563441,0.06545930613134389,0.29827623827186056,0.0,0.0,0.0
1379,2019,2.75,0.26890545004993915,1275.955,1279.688,1277.148,1278.475,1275.725,-1,13.1,-1.4410909090909791,-0.5174545454545462,-1.3200000000000396,-0.3963636363636066,1.0,1.0,0.0
1380,2019,3.26299999999992,0.32887698609820376,1281.115,1286.558,1286.498,1283.128,1279.865,-1,13.233333333333333,-2.051179895801455,-2.032791909285995,-1.9797732148330356,-1.9613852283175752,1.0,1.0,1.0
1381,2019,3.769999999999982,0.364092906465785,1281.228,1279.698,1280.065,1283.565,1279.795,1,13.5,-1.025729442970817,-0.928381962864726,-0.9249336870026179,-0.8275862068965267,1.0,1.0,0.0
1382,2019,3.5529999999998836,0.3524551831644459,1285.778,1281.765,1283.848,1286.118,1282.565,-1,13.5,0.22516183506895038,-0.3611032929918221,0.3743315508021308,-0.21193357725864165,0.0,0.0,0.0
1383,2019,5.070000000000164,0.5150569624845954,1282.598,1281.895,1276.218,1282.765,1277.695,1,14.583333333333334,-0.17159763313611245,-1.29132149901377,-0.1084812623274037,-1.2282051282050612,0.0,1.0,0.0
1384,2019,2.40300000000002,0.23635290646208448,1271.768,1269.368,1271.075,1272.588,1270.185,1,13.283333333333333,-1.3399916770703288,-0.6296296296295911,-1.284644194756539,-0.5742821473158012,1.0,1.0,0.0
1385,2019,2.9429999999999836,0.30655109556935856,1270.875,1280.495,1279.158,1272.098,1269.155,1,13.383333333333333,2.8532110091743057,2.398912674142027,2.8769962623173355,2.4226979272850566,1.0,1.0,0.0
1386,2019,3.5629999999998745,0.3490766076264589,1280.688,1279.488,1281.115,1283.858,1280.295,-1,13.033333333333333,0.2264945270839306,-0.23014313780521056,0.4013471793432183,-0.05529048554592292,0.0,0.0,0.0
1387,2019,3.740000000000009,0.36785162287480677,1280.118,1284.175,1285.028,1283.625,1279.885,-1,13.033333333333333,-1.1470588235293993,-1.3751336898395767,-1.0767379679144475,-1.304812834224625,1.0,1.0,0.0
1388,2019,5.212999999999965,0.5429117662374323,1288.545,1282.728,1280.555,1290.508,1285.295,1,13.483333333333333,-1.4924227891808985,-1.9092652982927374,-1.376750431613266,-1.7935929407251048,1.0,1.0,0.0
1389,2019,3.480000000000018,0.348555198637832,1282.395,1285.008,1284.845,1285.548,1282.068,-1,13.016666666666667,-0.8448275862069078,-0.7979885057471348,-0.7824712643677995,-0.7356321839080264,1.0,1.0,0.0
1390,2019,3.002999999999929,0.2963542547792181,1285.625,1287.628,1285.908,1286.308,1283.305,1,13.5,0.43956043956042873,-0.13320013320016663,0.5970695970695754,0.02430902430898006,0.0,0.0,1.0
1391,2019,2.3230000000000928,0.22887665911299096,1284.135,1297.868,1299.538,1284.258,1281.935,1,13.133333333333333,5.858803271631234,6.577701248385433,6.082651743434919,6.801549720189119,0.0,0.0,1.0
1392,2019,2.9079999999999018,0.2694481581002467,1298.895,1295.815,1295.798,1298.908,1296.0,1,13.0,-1.0636176066024594,-1.0694635488308133,-1.059147180192583,-1.064993122420937,1.0,1.0,0.0
1393,2019,5.913000000000011,0.5485739277951565,1299.018,1296.385,1296.025,1299.098,1293.185,1,13.0,-0.45881955014374437,-0.5197023507525553,-0.44529003889735047,-0.5061728395061614,0.0,0.0,0.0
1394,2019,5.063000000000102,0.4738608407316398,1293.738,1287.255,1286.038,1298.688,1293.625,-1,13.5,1.2581473434722028,1.498518664823195,1.3298439660280095,1.5702152873790016,0.0,0.0,1.0
1395,2019,4.059999999999945,0.3805723315076891,1285.765,1275.935,1276.138,1288.455,1284.395,-1,13.616666666666667,2.083743842364569,2.0337438423645744,2.1330049261084234,2.083004926108429,0.0,0.0,1.0
1396,2019,3.48700000000008,0.3152721448683917,1276.155,1277.855,1277.708,1277.095,1273.608,1,13.05,0.2179523946085384,0.1757958130197999,0.2715801548609391,0.22942357327220061,0.0,0.0,0.0
1397,2019,4.8530000000000655,0.441465617507365,1272.065,1273.758,1274.475,1276.548,1271.695,-1,13.0,-0.42509787760149886,-0.5728415413146374,-0.3488563774984465,-0.49660004121158496,0.0,0.0,0.0
1398,2019,4.029999999999973,0.38094337839115033,1275.895,1275.205,1273.658,1276.445,1272.415,1,13.133333333333333,-0.30769230769231204,-0.6915632754342564,-0.22406947890819506,-0.6079404466501395,0.0,0.0,0.0
1399,2019,4.5,0.4457589222539839,1277.208,1285.405,1284.955,1277.835,1273.335,1,13.066666666666666,1.682222222222208,1.582222222222198,1.7177777777777818,1.6177777777777718,0.0,0.0,1.0
1400,2019,3.5879999999999654,0.3547582894876202,1282.085,1283.945,1284.308,1284.588,1281.0,-1,14.7,-0.8207915273132566,-0.9219620958751462,-0.6911928651059203,-0.7923634336678099,0.0,1.0,0.0
1402,2019,2.59699999999998,0.27206333527888626,1282.555,1278.748,1278.335,1285.065,1282.468,-1,13.0,1.4324220254139608,1.5914516750096535,1.465922217943799,1.6249518675394916,0.0,0.0,1.0
1403,2019,3.022999999999911,0.32064307414898613,1283.948,1282.255,1282.095,1285.408,1282.385,1,13.633333333333333,-1.0430036387693964,-1.0959311941779597,-0.5822031094938944,-0.6351306649024576,1.0,1.0,0.0
1404,2019,3.1669999999999163,0.3415054956058179,1277.715,1283.645,1287.985,1278.115,1274.948,1,13.1,1.7461319861067632,3.116514051152558,1.8503315440480121,3.2207136090938073,0.0,0.0,1.0
1405,2019,5.537000000000035,0.5626583243207988,1297.465,1302.418,1306.268,1299.205,1293.668,1,15.216666666666667,0.5802781289506854,1.2756005056890116,0.6447534766118682,1.3400758533501944,0.0,0.0,1.0
1406,2019,8.787000000000035,0.8960187626553309,1317.015,1319.835,1326.188,1318.185,1309.398,1,13.366666666666667,0.18777739842950775,0.9107772846250285,0.1934676226243358,0.9164675088198565,0.0,0.0,0.0
1407,2019,6.057000000000016,0.5641278098950925,1323.315,1321.088,1326.048,1329.005,1322.948,-1,13.15,0.30708271421497807,-0.5118045236915801,0.32474822519400576,-0.49413901271255245,0.0,0.0,0.0
1408,2019,8.317999999999984,0.7685738233993551,1334.905,1332.348,1328.635,1340.018,1331.7,1,13.35,-0.9220966578504554,-1.3684779995191225,-0.861986054339996,-1.308367396008663,1.0,1.0,0.0
1409,2019,5.110000000000127,0.45760120764759454,1336.575,1335.708,1334.265,1337.275,1332.165,1,13.2,-0.30665362035224425,-0.5890410958903946,-0.2583170254402942,-0.5407045009784445,0.0,0.0,0.0
1410,2019,4.879999999999882,0.4413237127519973,1335.525,1344.955,1340.195,1336.068,1331.188,1,13.066666666666666,1.8211065573770817,0.8456967213114862,1.8415983606557522,0.8661885245901566,0.0,0.0,1.0
1411,2019,4.076999999999998,0.3408455750627018,1325.095,1329.148,1327.728,1329.105,1325.028,1,13.866666666666667,0.010546970811845155,-0.3377483443708495,0.1471670345842309,-0.20112828059846374,0.0,0.0,0.0
1412,2019,6.51299999999992,0.5227516382211415,1320.415,1325.828,1327.378,1326.328,1319.815,0,,,,,,,,
1413,2019,4.1030000000000655,0.31989173957353556,1334.938,1334.015,1332.645,1338.348,1334.245,-1,13.25,0.056056543992148954,0.38995856690223824,0.17133804533267447,0.5052400682427638,0.0,0.0,1.0
1414,2019,4.119999999999891,0.3249321180301196,1337.128,1336.758,1341.248,1338.985,1334.865,-1,13.9,-0.459466019417495,-1.5492718446602445,-0.35436893203885317,-1.4441747572816026,0.0,1.0,0.0
1415,2019,6.099999999999909,0.4616939952749292,1354.448,1348.468,1340.978,1358.088,1351.988,-1,13.5,0.5770491803278744,1.8049180327869108,1.0901639344262235,2.3180327868852597,0.0,0.0,1.0
1416,2019,5.682999999999993,0.394441469847503,1335.788,1337.955,1338.948,1338.598,1332.915,1,13.5,-0.11314446595108744,0.061587189864532266,0.10505014956888628,0.279781805384506,0.0,0.0,0.0
1417,2019,7.266999999999825,0.504140135279095,1350.735,1345.848,1346.548,1350.965,1343.698,1,13.433333333333334,-0.7041420118343312,-0.6078161552222406,-0.6422182468694448,-0.5458923902573543,1.0,1.0,0.0
1418,2019,4.789999999999964,0.3171960362320534,1342.025,1343.968,1352.078,1345.985,1341.195,0,,,,,,,,
1419,2019,6.317000000000007,0.4046801929183945,1381.138,1382.768,1390.125,1384.115,1377.798,1,13.316666666666666,-0.21323413012505596,0.9514009814785475,-0.15941111287004284,1.0052239987335605,0.0,0.0,1.0
1420,2019,17.714999999999918,1.0505559673832408,1395.068,1392.578,1398.048,1400.215,1382.5,0,,,,,,,,
1421,2019,9.893000000000029,0.5704906148440755,1409.018,1408.448,1419.198,1410.628,1400.735,0,,,,,,,,
1422,2019,8.437000000000126,0.45481779256384797,1427.348,1430.705,1424.335,1435.515,1427.078,-1,13.016666666666667,-0.42989214175653656,0.32511556240368583,-0.3741851368969869,0.3808225672632355,1.0,1.0,0.0
1423,2019,11.319999999999936,0.5923135285037763,1403.405,1408.775,1409.595,1413.185,1401.865,0,,,,,,,,
1424,2019,4.893000000000029,0.24900401302780165,1405.188,1405.065,1407.838,1406.298,1401.405,1,13.35,-0.2519926425505702,0.31473533619455435,-0.03331289597384221,0.5334150827712824,1.0,1.0,0.0
1425,2019,4.7999999999999545,0.24832693423400873,1413.435,1411.575,1410.445,1415.955,1411.155,-1,13.333333333333334,-0.08750000000001598,0.14791666666667563,0.4833333333333246,0.7187500000000163,0.0,0.0,1.0
1426,2019,11.509999999999991,0.5876710879974899,1391.898,1394.715,1383.908,1393.225,1381.715,1,13.2,0.12945264986967944,-0.8094700260642932,0.209122502172018,-0.7298001737619546,0.0,0.0,0.0
1427,2019,3.362999999999829,0.16125187514126943,1392.645,1394.038,1408.445,1394.378,1391.015,-1,13.35,-0.8988997918525319,-5.182872435325817,-0.6868867082961828,-4.970859351769468,1.0,1.0,0.0
1428,2019,9.150000000000091,0.3860980586591791,1419.245,1418.775,1418.328,1426.748,1417.598,-1,13.066666666666666,-0.1286338797814342,-0.07978142076502852,-0.059016393442643235,-0.010163934426237559,0.0,0.0,0.0
1429,2019,6.0,0.24308087648018856,1414.488,1416.375,1414.865,1416.128,1410.128,1,15.383333333333333,0.04116666666667849,-0.21049999999998667,0.07333333333334242,-0.1783333333333227,0.0,0.0,0.0
1430,2019,6.399000000000115,0.2640987695083382,1411.495,1395.098,1399.498,1416.238,1409.839,-1,13.5,2.303641193936509,1.616033755274216,2.886388498202797,2.198781059540504,0.0,0.0,1.0
1431,2019,3.880000000000109,0.14879582758092127,1405.598,1396.528,1397.205,1407.508,1403.628,-1,13.133333333333333,1.82989690721642,1.6554123711339745,1.9175257731958364,1.743041237113391,0.0,0.0,1.0
1432,2019,9.12700000000018,0.3502043210265722,1391.628,1393.468,1397.765,1394.785,1385.658,0,,,,,,,,
1433,2019,6.580000000000155,0.2573896133288311,1395.155,1408.035,1415.455,1396.968,1390.388,1,13.5,1.6819148936169828,2.809574468085018,2.4224924012157567,3.550151975683792,0.0,0.0,1.0
1434,2019,6.079999999999927,0.24034945545826175,1420.145,1409.165,1407.655,1423.858,1417.778,-1,13.5,1.4166118421052893,1.6649671052631856,1.605756578947412,1.854111842105308,0.0,0.0,1.0
1435,2019,8.190000000000055,0.3264936529360528,1407.538,1408.315,1416.568,1412.318,1404.128,-1,13.533333333333333,-0.5112332112332232,-1.5189255189255155,-0.4786324786324843,-1.4863247863247766,0.0,1.0,0.0
1436,2019,4.613000000000056,0.19054728276423893,1414.035,1410.448,1412.748,1417.098,1412.485,-1,13.55,0.44157814871011974,-0.057012789941501,0.6156514199002565,0.11706048124863581,0.0,0.0,1.0
1437,2019,3.6499999999998636,0.15864539804160807,1414.038,1410.095,1403.545,1416.235,1412.585,-1,13.5,0.6821917808219458,2.476712328767206,1.1706849315068686,2.9652054794521288,0.0,0.0,1.0
1438,2019,6.269999999999982,0.2763166592692613,1404.605,1418.148,1422.148,1406.288,1400.018,1,13.533333333333333,1.8915470494417759,2.5295055821371526,2.060606060606042,2.6985645933014184,0.0,0.0,1.0
1439,2019,5.289999999999964,0.22157333221638978,1421.475,1422.235,1437.648,1423.148,1417.858,-1,13.5,-0.8274102079395053,-3.7410207939508697,-0.1714555765595334,-3.0850661625708975,1.0,1.0,0.0
1440,2019,5.7000000000000455,0.2256749037063867,1437.418,1427.825,1423.118,1440.755,1435.055,-1,13.7,1.268421052631572,2.094210526315795,1.3333333333333068,2.1591228070175297,1.0,1.0,0.0
1441,2019,3.7970000000000255,0.15090729469476832,1425.265,1427.108,1428.098,1428.285,1424.488,1,14.766666666666667,-0.3099815643929752,-0.049249407426948714,-0.22912825915199167,0.031603897814034776,1.0,1.0,0.0
1442,2019,8.0,0.3638135455579012,1422.358,1423.948,1418.935,1424.808,1416.808,1,13.266666666666667,-0.1074999999999875,-0.7341250000000059,-0.034624999999977035,-0.6612499999999955,0.0,0.0,0.0
1443,2019,6.982999999999947,0.3279679553414446,1425.888,1423.705,1423.175,1427.658,1420.675,1,13.333333333333334,-0.5660890734641278,-0.6419876843763398,-0.5499069167979629,-0.6258055277101748,0.0,1.0,0.0
1444,2019,9.692999999999984,0.4567184071296821,1431.478,1417.988,1414.168,1433.698,1424.005,-1,13.566666666666666,0.620757247498201,1.0148560817084735,1.0388940472505883,1.4329928814608608,0.0,0.0,1.0
1445,2019,3.48700000000008,0.17224978300296062,1420.215,1420.248,1418.685,1420.755,1417.268,1,13.016666666666667,-0.1453971895612418,-0.5936334958417311,-0.09750501864063961,-0.5457413249211288,1.0,1.0,0.0
1446,2019,3.143000000000029,0.15766183789516822,1420.458,1420.458,1424.468,1420.788,1417.645,1,13.233333333333333,-0.10499522748963544,1.170855870187728,-0.07636016544702733,1.1994909322303362,1.0,1.0,0.0
1447,2019,5.2029999999999745,0.2619424346600297,1429.128,1428.388,1431.598,1429.828,1424.625,1,13.5,-0.27676340572747676,0.3401883528733405,0.03459542571590182,0.6515471843167191,0.0,0.0,0.0
1448,2019,2.5529999999998836,0.13937165384419792,1430.958,1427.535,1417.948,1432.348,1429.795,-1,13.25,0.8852330591461395,4.640423031727583,1.3239326282804684,5.079122600861912,1.0,1.0,0.0
1449,2019,5.429999999999836,0.29756452711429626,1403.775,1413.798,1439.145,1408.185,1402.755,-1,13.383333333333333,-2.033701657458605,-6.701657458563714,-1.9355432780847712,-6.603499079189881,1.0,1.0,0.0
1450,2019,6.690000000000055,0.32261953560147816,1437.938,1446.728,1442.388,1440.078,1433.388,-1,13.5,-1.9940209267563582,-1.3452914798206168,-1.4872944693572443,-0.8385650224215029,1.0,1.0,0.0
1451,2019,6.420000000000073,0.30209936877769056,1459.868,1466.145,1467.335,1461.805,1455.385,1,13.333333333333334,0.6760124610591696,0.8613707165108894,0.7071651090342542,0.892523364485974,0.0,1.0,1.0
1452,2019,8.90300000000002,0.3919461145631562,1463.315,1471.438,1470.675,1467.268,1458.365,1,14.066666666666666,0.46838144445693175,0.38267999550712317,0.5346512411546648,0.4489497922048562,0.0,0.0,0.0
1453,2019,10.449999999999818,0.47473180735557624,1494.895,1501.295,1503.115,1495.408,1484.958,1,13.0,0.5633492822966769,0.7375119617225111,0.6124401913875792,0.7866028708134134,0.0,0.0,1.0
1454,2019,6.190000000000055,0.2814239414939588,1498.465,1492.858,1506.955,1501.088,1494.898,-1,13.566666666666666,0.3295638126009605,-1.947819063004832,0.4200323101777243,-1.8573505654280682,0.0,1.0,0.0
1455,2019,3.2229999999999563,0.1498865603024153,1502.055,1501.935,1497.075,1504.388,1501.165,-1,13.1,-0.23890784982934912,1.2690040335091448,-0.15420415761708045,1.3537077257214134,1.0,1.0,1.0
1456,2019,21.156999999999925,0.9662495432955761,1506.548,1503.648,1511.825,1508.415,1487.258,0,,,,,,,,
1457,2019,13.5300000000002,0.5858102904928851,1525.705,1504.555,1501.095,1534.948,1521.418,-1,13.5,1.246341463414603,1.5020694752401749,1.376940133037665,1.6326681448632365,0.0,0.0,1.0
1458,2019,20.95699999999988,0.8026426656453421,1515.565,1515.378,1518.158,1518.235,1497.278,0,,,,,,,,
1459,2019,12.6099999999999,0.4736874585785046,1515.145,1518.498,1522.728,1522.715,1510.105,-1,13.033333333333333,-0.6655828707375175,-1.0010309278350633,-0.5075337034100033,-0.842981760507549,0.0,1.0,0.0
1460,2019,11.160000000000082,0.4108843322735155,1513.708,1505.145,1514.098,1516.708,1505.548,-1,15.933333333333334,0.03611111111111264,-0.7661290322580548,0.17562724014337114,-0.6266129032257963,0.0,1.0,0.0
1461,2019,15.982999999999947,0.5719843661730588,1494.085,1501.135,1495.175,1509.158,1493.175,0,,,,,,,,
1462,2019,11.742999999999938,0.4108683862615656,1505.385,1502.725,1505.995,1508.508,1496.765,0,,,,,,,,
1463,2019,5.690000000000055,0.20467994028669764,1499.745,1503.045,1503.108,1502.135,1496.445,1,14.5,0.15992970123024133,0.171001757469235,0.26186291739894463,0.2729349736379383,0.0,0.0,0.0
1464,2019,9.633000000000038,0.3829468238260622,1492.775,1500.345,1498.925,1502.058,1492.425,1,14.75,-0.17782622236063103,-0.3252361673414332,0.014221945396028555,-0.1331879995847736,0.0,0.0,0.0
1465,2019,3.1130000000000564,0.12575890486853566,1495.765,1519.098,1527.298,1497.828,1494.715,1,13.0,6.832637327336845,9.46675232894298,7.49534211371649,10.129457115322625,0.0,0.0,1.0
1466,2019,12.25,0.4941437482892249,1531.428,1534.255,1527.648,1537.205,1524.955,0,,,,,,,,
1467,2019,5.529999999999973,0.2204912780348865,1531.015,1538.108,1539.188,1534.968,1529.438,-1,13.466666666666667,-1.5678119349005222,-1.7631103074141137,-1.5177215189873545,-1.7130198915009458,1.0,1.0,0.0
1468,2019,7.8599999999999,0.3313210387655204,1545.368,1537.915,1542.018,1545.898,1538.038,1,13.0,-1.0156488549618383,-0.49363867684477497,-0.9482188295165482,-0.42620865139948494,1.0,1.0,0.0
1469,2019,16.353000000000065,0.6989421623849442,1536.818,1539.045,1521.338,1549.948,1533.595,0,,,,,,,,
1470,2019,7.192999999999984,0.29193047148588647,1523.965,1528.365,1525.328,1529.058,1521.865,1,13.7,-0.09634366745446757,-0.5185597108299773,0.008341443069643482,-0.41387460030586626,0.0,1.0,0.0
1472,2019,7.887000000000171,0.3876165468434134,1531.325,1544.338,1543.648,1533.795,1525.908,1,13.416666666666666,1.3367566882210808,1.249270952199775,1.3731456827690747,1.2856599467477687,0.0,0.0,1.0
1473,2019,5.643000000000029,0.27898058132431275,1535.795,1546.608,1554.048,1539.468,1533.825,1,13.4,1.265284423179131,2.583732057416242,1.2959418748892144,2.614389509126325,0.0,0.0,1.0
1474,2019,11.950000000000045,0.5824924968838575,1542.858,1513.898,1518.235,1550.098,1538.148,-1,13.4,2.0292887029288624,1.6663598326359779,2.192468619246857,1.8295397489539726,0.0,0.0,1.0
1475,2019,9.179999999999836,0.4149728614464558,1505.315,1519.955,1507.328,1511.935,1502.755,-1,13.283333333333333,-1.8736383442265931,-0.49814814814814234,-1.8460784313725698,-0.4705882352941191,1.0,1.0,0.0
1476,2019,9.569999999999936,0.4250904245193188,1511.285,1498.805,1501.475,1513.965,1504.395,1,13.55,-1.5841170323928897,-1.3051201671891424,-1.500835945663524,-1.2218390804597765,1.0,1.0,0.0
1477,2019,6.429999999999836,0.2825273676810208,1491.848,1496.038,1490.888,1496.745,1490.315,-1,13.083333333333334,-0.8900466562986162,-0.08911353032657543,-0.8107309486780868,-0.00979782270604605,1.0,1.0,0.0
1478,2019,5.802999999999884,0.2510793612530116,1491.068,1494.448,1497.135,1494.658,1488.855,-1,14.1,-0.9638118214716848,-1.4268481819748646,-0.7242805445459738,-1.1873169050491537,1.0,1.0,0.0
1479,2019,13.700000000000045,0.5930589224756354,1512.548,1510.435,1498.255,1513.938,1500.238,1,13.15,-0.2556934306569449,-1.1447445255474409,-0.15547445255475198,-1.044525547445248,0.0,1.0,0.0
1480,2019,7.570000000000164,0.3295346776325063,1508.025,1495.678,1486.475,1508.938,1501.368,-1,13.55,0.7516512549537258,1.9673712021135676,0.918097754293219,2.133817701453061,0.0,0.0,1.0
1481,2019,6.133000000000038,0.2678876183641965,1503.548,1499.458,1501.698,1505.078,1498.945,-1,14.766666666666667,-0.08364585031797557,-0.44888309147238536,0.1919126039458503,-0.17332463720855948,0.0,1.0,0.0
1482,2019,7.329999999999927,0.31574413094981335,1500.965,1501.795,1502.448,1501.388,1494.058,1,13.0,0.055525238744905434,0.1446111869031628,0.11323328785813955,0.2023192360163969,0.0,0.0,0.0
1483,2019,3.5499999999999545,0.15355952208074478,1501.515,1506.998,1490.285,1502.978,1499.428,1,13.433333333333334,1.1323943661971925,-3.57549295774652,1.2760563380281778,-3.4318309859155347,0.0,1.0,1.0
1484,2019,8.643000000000029,0.3765438821966157,1501.308,1500.545,1499.428,1502.108,1493.465,1,13.0,-0.18083998611591684,-0.310077519379825,-0.08827953256970003,-0.21751706583360816,0.0,0.0,0.0
1485,2019,6.860000000000127,0.2993261732750772,1499.875,1504.328,1512.565,1506.565,1499.705,-1,13.366666666666667,-0.673906705539353,-1.8746355685131033,-0.6199708454810278,-1.820699708454778,0.0,1.0,0.0
1486,2019,9.680000000000064,0.4131808092880333,1519.065,1525.898,1523.855,1521.165,1511.485,1,14.033333333333333,0.4889462809917269,0.2778925619834749,0.8264462809917301,0.6153925619834781,0.0,0.0,0.0
1487,2019,4.362999999999829,0.19387725952610643,1520.635,1522.595,1533.808,1523.868,1519.505,-1,14.233333333333333,-0.7082282832913223,-3.2782489112996664,-0.48292459316984954,-3.0529452211781933,1.0,1.0,0.0
1488,2019,5.042999999999893,0.2262630794622346,1528.155,1517.855,1504.305,1532.808,1527.765,-1,13.05,1.965100138806324,4.651992861392134,2.028554431885829,4.71544715447164,0.0,0.0,1.0
1489,2019,5.3400000000001455,0.24927893833047757,1505.555,1508.295,1507.715,1510.248,1504.908,-1,13.083333333333334,-0.634269662921363,-0.5256554307115993,-0.6048689138576648,-0.496254681647901,1.0,1.0,0.0
1490,2019,9.163000000000011,0.44740898849756855,1494.815,1493.175,1499.205,1499.768,1490.605,-1,14.233333333333333,-0.2804758266943068,-0.9385572410782385,-0.1633744406853478,-0.8214558550692794,0.0,1.0,0.0
1491,2019,14.169999999999845,0.6854990583804053,1484.445,1480.765,1473.548,1494.368,1480.198,-1,15.95,-0.040014114326041884,0.4693013408609854,0.006351446718413489,0.5156669019054408,0.0,0.0,1.0
1492,2019,11.086999999999989,0.5058960034939267,1466.685,1483.425,1479.365,1470.095,1459.008,1,15.0,1.2023090105528944,0.8361143681789475,1.7332912419951194,1.3670965996211726,0.0,0.0,1.0
1493,2019,12.089999999999918,0.5239955668105143,1486.025,1495.475,1498.838,1487.885,1475.795,1,13.25,0.6277915632754317,0.9059553349875971,0.7607113316790696,1.038875103391235,0.0,0.0,1.0
1494,2019,8.819999999999936,0.3874477958964639,1503.475,1513.735,1506.928,1505.225,1496.405,1,15.0,0.9648526077097564,0.19308390022678165,1.4395691609977301,0.6678004535147554,0.0,0.0,1.0
1495,2019,3.4829999999999472,0.15273397001199393,1508.185,1506.648,1506.938,1510.318,1506.835,-1,13.05,0.05368934826302852,-0.02957220786680076,0.1312087281079857,0.047947171978156435,1.0,1.0,0.0
1496,2019,10.419999999999845,0.4624841881005674,1498.808,1502.725,1492.628,1507.608,1497.188,-1,14.066666666666666,-0.5313819577735018,0.43761996161230715,-0.4404990403071004,0.5285028790787086,0.0,0.0,0.0
1497,2019,15.843000000000075,0.6864724670694297,1505.978,1501.998,1505.035,1506.778,1490.935,1,14.2,-0.3017105346209651,-0.11001704222684655,-0.24869027330682547,-0.05699678091270692,0.0,0.0,0.0
1498,2019,11.559999999999945,0.5097740287393591,1501.848,1507.688,1507.478,1511.328,1499.768,0,,,,,,,,
1499,2019,5.393000000000029,0.23661366243176132,1508.298,1493.285,1494.788,1510.318,1504.925,1,13.5,-3.1583534211013924,-2.8796588169849597,-2.950676803263476,-2.671982199147043,1.0,1.0,0.0
1500,2019,23.65000000000009,1.0178422114013135,1482.795,1478.075,1484.088,1503.115,1479.465,-1,15.033333333333333,0.058773784355174094,-0.19547568710359534,0.0896405919661684,-0.16460887949260103,0.0,0.0,0.0
1501,2019,9.573000000000093,0.3950852389136394,1494.075,1491.268,1491.375,1497.068,1487.495,0,,,,,,,,
1502,2019,9.339999999999918,0.3926962580335126,1493.485,1479.238,1481.458,1498.388,1489.048,-1,14.183333333333334,1.0503211991434722,0.8126338329764438,1.0524625267665968,0.8147751605995681,0.0,0.0,1.0
1503,2019,6.482999999999947,0.28398889851907055,1481.865,1485.328,1489.428,1485.748,1479.265,-1,13.3,-0.9352151781582483,-1.5676384389943072,-0.8442079284281969,-1.4766311892642559,1.0,1.0,0.0
1504,2019,7.970000000000027,0.34657232577426045,1488.275,1491.325,1492.125,1491.355,1483.385,1,13.4,-0.0037641154328698387,0.09661229611041144,0.022208281053969135,0.12258469259725041,0.0,0.0,0.0
1505,2019,5.579999999999927,0.24773574853489305,1489.008,1490.918,1491.008,1490.405,1484.825,1,13.266666666666667,0.0919354838709546,0.1080645161290454,0.15824372759853447,0.1743727598566253,0.0,0.0,0.0
1506,2019,5.212999999999965,0.2516855017536101,1489.965,1488.345,1483.635,1492.528,1487.315,1,13.583333333333334,-0.8024170343372378,-1.7059274889698999,-0.738538269710327,-1.642048724342989,0.0,1.0,0.0
1507,2019,3.173000000000002,0.16115597541774607,1487.285,1484.115,1487.588,1488.908,1485.735,-1,13.466666666666667,0.5105578317049764,-0.5839899149070483,0.5590923416324886,-0.5354554049795361,0.0,0.0,0.0
1508,2019,4.960000000000036,0.2742571872050198,1492.088,1493.458,1492.545,1494.988,1490.028,1,14.6,-0.3084677419354761,-0.49254032258063823,-0.07862903225803827,-0.26270161290320043,0.0,0.0,0.0
1509,2019,4.6400000000001,0.2728804089845601,1490.798,1502.505,1503.158,1492.555,1487.915,1,13.233333333333333,2.1443965517241015,2.2851293103447436,2.269396551724132,2.410129310344774,0.0,0.0,1.0
1510,2019,6.069999999999936,0.3626122762475696,1508.958,1511.645,1504.988,1509.848,1503.778,1,13.066666666666666,0.296046128500831,-0.8006589785831879,0.296046128500831,-0.8006589785831879,0.0,1.0,1.0
1511,2019,9.393000000000029,0.5705868059774041,1497.935,1490.255,1492.855,1507.108,1497.715,-1,13.0,0.7942084531033521,0.5174065793676019,0.8176301501117654,0.5408282763760153,0.0,0.0,0.0
1512,2019,10.427000000000135,0.6462005648467117,1489.438,1490.895,1488.215,1494.595,1484.168,-1,13.783333333333333,-0.645152009206867,-0.38812697803778395,-0.5917330008631431,-0.33470796969406,0.0,0.0,0.0
1513,2019,6.492999999999938,0.4131176745940453,1492.415,1494.628,1496.298,1494.788,1488.295,1,14.066666666666666,-0.024641922069934295,0.23255813953488452,-0.0010780840905685988,0.25612197751425025,0.0,1.0,0.0
1514,2019,10.582999999999856,0.7041618942155418,1508.198,1509.605,1511.258,1509.658,1499.075,1,13.733333333333333,-0.0050080317490205336,0.15118586412171955,0.013228763110658787,0.16942265898139888,0.0,0.0,0.0
1515,2019,11.490000000000009,0.7984236022871671,1507.965,1510.475,1513.048,1514.708,1503.218,1,14.0,-0.36840731070497573,-0.14447345517842303,0.018015665796334186,0.2419495213228869,0.0,0.0,0.0
1516,2019,5.432999999999993,0.379698685116961,1512.315,1509.045,1508.198,1513.958,1508.525,1,13.216666666666667,-0.9042886066629887,-1.0601877415792378,-0.8319528805448164,-0.9878520154610655,1.0,1.0,0.0
1517,2019,8.509999999999991,0.6290556772882059,1499.725,1485.755,1483.578,1507.135,1498.625,-1,13.016666666666667,1.5123384253818923,1.7681551116333774,1.6098707403055033,1.8656874265569883,0.0,0.0,1.0
1518,2019,5.775000000000091,0.3975082599119004,1485.388,1488.595,1490.878,1488.775,1483.0,1,13.75,-0.031168831168841702,0.36415584415581037,0.0046753246753321615,0.39999999999998426,0.0,0.0,0.0
1519,2019,7.133000000000038,0.49784881373170015,1484.498,1469.665,1467.765,1488.128,1480.995,-1,15.433333333333334,1.5883919809336697,1.8547595682040825,1.6612925837656067,1.9276601710360195,0.0,0.0,1.0
1520,2019,16.75,1.04852736678784,1458.178,1466.705,1461.875,1472.868,1456.118,0,,,,,,,,
1521,2019,4.099999999999909,0.2533165044087609,1462.445,1448.965,1456.208,1466.375,1462.275,-1,13.0,3.2463414634147485,1.4797560975610102,3.287804878048858,1.5212195121951197,0.0,0.0,1.0
1522,2019,6.753000000000156,0.3994608617761232,1454.108,1451.858,1459.278,1456.188,1449.435,-1,15.666666666666666,-0.3588034947430691,-1.4575744113727005,-0.3010513845697993,-1.3998223011994306,0.0,1.0,0.0
1523,2019,8.902999999999793,0.5132658817909543,1464.695,1465.398,1463.605,1466.668,1457.765,0,,,,,,,,
1524,2019,4.633000000000038,0.2740319820866542,1468.095,1469.465,1471.355,1470.468,1465.835,-1,15.05,-0.7835096050075225,-1.1914526224908129,-0.5821282106626089,-0.9900712281458992,0.0,1.0,0.0
1525,2019,5.210000000000036,0.31331345950636424,1464.728,1468.508,1466.248,1467.565,1462.355,1,13.5,0.18099808061419906,-0.25278310940499005,0.26161228406910686,-0.1721689059500822,0.0,0.0,0.0
1526,2019,7.289999999999964,0.45981672208255414,1456.995,1471.788,1471.368,1463.575,1456.285,1,13.45,1.1266117969821683,1.068998628257878,1.2016460905349842,1.1440329218106942,0.0,0.0,1.0
1527,2019,6.190000000000055,0.3796032257075438,1467.775,1473.158,1473.035,1471.088,1464.898,1,15.783333333333333,0.3344103392568527,0.3145395799677059,0.41243941841677884,0.392568659127632,0.0,0.0,0.0
1528,2019,6.523000000000138,0.40920191243486836,1473.408,1469.315,1471.235,1478.728,1472.205,-1,13.333333333333334,0.4430476774489976,0.14870458378047013,0.6182738003985614,0.323930706730034,0.0,0.0,0.0
1529,2019,6.892999999999802,0.44716599940686735,1470.388,1469.028,1464.578,1474.408,1467.515,-1,13.116666666666667,-0.21949804149136276,0.42608443348327435,0.16494994922384684,0.8105324241984839,0.0,0.0,0.0
1530,2019,8.670000000000073,0.560936835684054,1469.818,1464.665,1462.865,1473.188,1464.518,-1,15.0,-0.016955017301030367,0.19065743944636748,0.10645905420991858,0.31407151095731645,0.0,0.0,0.0
1531,2019,3.410000000000082,0.21907322937986384,1457.985,1457.675,1454.955,1459.825,1456.415,-1,13.2,-0.3695014662756483,0.4281524926686221,-0.24046920821111925,0.5571847507331511,1.0,1.0,0.0
1532,2019,4.277000000000044,0.3024630243271673,1456.475,1458.558,1461.748,1459.105,1454.828,-1,13.516666666666667,-0.8721066167874632,-1.6179565115735333,-0.7559036707972677,-1.5017535655833378,1.0,1.0,1.0
1533,2019,2.9700000000000273,0.20821440374966405,1457.865,1455.235,1454.475,1460.185,1457.215,-1,13.083333333333334,0.6666666666666666,0.9225589225589171,0.8215488215488324,1.0774410774410828,0.0,0.0,1.0
1536,2019,5.04300000000012,0.4436554666733802,1457.945,1463.365,1462.275,1458.928,1453.885,1,13.033333333333333,0.8798334324806252,0.6636922466785445,0.9121554630180051,0.6960142772159246,0.0,0.0,1.0
1537,2019,9.173000000000002,0.8246452192897966,1470.018,1479.165,1478.508,1471.178,1462.005,1,13.266666666666667,0.8707075111740816,0.7990842690504661,0.9157309495257672,0.8441077074021516,0.0,0.0,1.0
1538,2019,11.323000000000093,0.9447473970904697,1477.605,1472.925,1474.125,1483.988,1472.665,-1,15.05,-0.02296211251435033,-0.1289410933498211,0.10332950631458653,-0.0026494745208842595,0.0,0.0,0.0
1539,2019,3.7100000000000364,0.31116889030008854,1476.288,1476.205,1476.228,1476.815,1473.105,1,13.016666666666667,-0.16442048517523486,-0.15822102425875562,-0.09973045822105515,-0.0935309973045759,1.0,1.0,0.0
1540,2019,4.313000000000102,0.3615493775784624,1475.195,1461.805,1459.925,1476.768,1472.455,1,13.433333333333334,-3.4692789241826136,-3.90517041502427,-3.440760491537113,-3.8766519823787693,1.0,1.0,0.0
1541,2019,3.673000000000002,0.30157408276250336,1464.748,1461.685,1460.258,1464.758,1461.085,1,13.733333333333333,-0.8366457936292108,-1.2251565477811048,-0.768581540974705,-1.157092295126599,1.0,1.0,0.0
1542,2019,5.723000000000184,0.48154581242301037,1466.588,1464.445,1465.308,1467.958,1462.235,1,14.016666666666667,-0.6138388956840878,-0.46304385811637355,-0.543421282544125,-0.39262624497641074,0.0,0.0,0.0
1543,2019,5.267000000000053,0.4533315299585682,1466.425,1469.548,1477.498,1467.865,1462.598,1,13.65,0.3195367381811232,1.8289348775393852,0.3341560660717625,1.8435542054300245,0.0,0.0,1.0
1544,2019,3.8299999999999272,0.32377662914834426,1474.985,1466.675,1469.565,1475.845,1472.015,1,13.033333333333333,-2.3942558746736937,-1.639686684073131,-2.109660574412613,-1.3550913838120504,1.0,1.0,1.0
1545,2019,7.4699999999998,0.5849811215214495,1473.578,1472.418,1477.048,1475.408,1467.938,-1,14.033333333333333,-0.5997322623828528,-1.2195448460508895,-0.5528781793842025,-1.172690763052239,0.0,1.0,0.0
1546,2019,3.589999999999918,0.2738889948502702,1477.458,1474.785,1476.188,1478.028,1474.438,1,13.366666666666667,-0.9033426183844044,-0.5125348189414931,-0.785515320334262,-0.3947075208913506,0.0,1.0,0.0
1547,2019,4.113000000000056,0.32459398975180376,1478.938,1475.755,1475.445,1480.488,1476.375,-1,13.766666666666667,0.15074155117915933,0.22611232676879428,0.2090931193775561,0.28446389496719104,0.0,0.0,0.0
1548,2019,4.660000000000082,0.372550923097135,1476.045,1475.868,1475.048,1479.248,1474.588,-1,13.1,-0.2746781115879722,-0.0987124463519374,-0.1862660944205843,-0.010300429184549566,0.0,0.0,0.0
1549,2019,3.3900000000001,0.2637443247178409,1474.185,1476.208,1479.685,1476.595,1473.205,1,13.566666666666666,-0.11415929203537822,0.91150442477871,0.06489675516224802,1.0905604719763362,0.0,0.0,1.0
1550,2019,2.285000000000082,0.1828031337680137,1478.955,1479.215,1477.895,1479.285,1477.0,1,13.116666666666667,-0.030634573304228096,-0.6083150984682933,-0.01663019693654685,-0.5943107221006121,0.0,1.0,0.0
1551,2019,3.5699999999999363,0.2961707574338923,1482.045,1483.618,1485.558,1485.185,1481.615,-1,13.016666666666667,-0.5610644257702982,-1.104481792717102,-0.5526610644257679,-1.0960784313725715,0.0,1.0,0.0
1554,2019,4.620000000000118,0.4207896637195884,1505.348,1512.008,1509.748,1507.268,1502.648,1,13.666666666666666,1.0259740259740018,0.536796536796527,1.2380952380952124,0.7489177489177377,0.0,0.0,1.0
1555,2019,4.529999999999973,0.43022569550440326,1511.155,1511.375,1512.438,1512.398,1507.868,1,15.233333333333333,-0.22582781456951811,0.008830022075097402,-0.20375275938190007,0.03090507726271543,0.0,0.0,0.0
1556,2019,3.40300000000002,0.3195562352436159,1512.475,1513.775,1515.518,1514.118,1510.715,1,14.5,-0.10079341757268445,0.41140170437851387,0.0,0.5121951219511983,0.0,0.0,0.0
1557,2019,4.347000000000207,0.41896487628910484,1521.385,1521.898,1519.688,1524.755,1520.408,-1,13.066666666666666,-0.34276512537380677,0.16563146997924214,-0.30664826316995464,0.2017483321830943,1.0,1.0,0.0
1559,2020,5.220000000000027,0.6156127064888722,1522.995,1529.115,1526.708,1523.615,1518.395,1,13.033333333333333,1.0536398467432895,0.5925287356321951,1.1239463601532436,0.6628352490421491,0.0,0.0,1.0
1560,2020,8.444999999999936,0.9880164460489316,1546.358,1548.808,1547.775,1551.445,1543.0,-1,13.066666666666666,-0.687744227353468,-0.5654233274126853,-0.6184724689165182,-0.4961515689757355,0.0,1.0,0.0
1561,2020,8.01299999999992,0.8146190209932326,1576.595,1564.258,1564.795,1579.278,1571.265,-1,15.366666666666667,0.8744540122301425,0.8074379133907515,1.1065768126794022,1.0395607138400114,0.0,0.0,1.0
1562,2020,7.209999999999809,0.6316329595514468,1565.135,1568.498,1571.185,1570.408,1563.198,1,14.716666666666667,-0.2649098474341061,0.10776699029127104,-0.19278779472952975,0.1798890429958474,0.0,0.0,0.0
1563,2020,15.5,1.1181820524051256,1575.395,1573.468,1554.055,1588.915,1573.415,-1,13.0,-0.003419354838716836,1.2490322580645097,0.1243225806451553,1.3767741935483817,0.0,0.0,1.0
1564,2020,12.009999999999991,0.6869895280471027,1554.665,1546.635,1552.635,1556.488,1544.478,0,,,,,,,,
1565,2020,4.633000000000038,0.24871447798795443,1549.455,1558.615,1558.855,1552.368,1547.735,-1,13.416666666666666,-2.348370386358735,-2.4001726742931204,-2.2231815238506085,-2.274983811784994,1.0,1.0,0.0
1566,2020,8.507000000000062,0.44133417821899956,1554.905,1551.365,1549.675,1554.915,1546.408,1,13.0,-0.4173033972022956,-0.6159633243211439,-0.41612789467496625,-0.6147878217938145,0.0,0.0,0.0
1567,2020,4.2199999999998,0.21831430904702634,1543.088,1542.925,1546.008,1545.918,1541.698,1,13.5,-0.7092417061611564,0.021327014218044973,-0.1540284360189862,0.5765402843602152,1.0,1.0,0.0
1568,2020,4.09699999999998,0.20324364930035033,1550.768,1548.935,1555.338,1554.205,1550.108,-1,13.0,0.2863070539419106,-1.2765438125457758,0.4474005369782994,-1.115450329509387,1.0,1.0,0.0
1569,2020,5.6599999999998545,0.2837905594155078,1556.548,1550.695,1551.645,1557.415,1551.755,-1,14.55,0.18727915194349826,0.019434628975288012,0.27968197879860857,0.11183745583039832,0.0,0.0,0.0
1570,2020,5.612999999999829,0.2793530039104077,1558.928,1556.195,1559.618,1559.658,1554.045,1,13.116666666666667,-0.616960627115637,-0.007126313914121653,-0.54569748797438,0.06413682522713539,1.0,1.0,0.0
1572,2020,9.696999999999889,0.4788861570371785,1556.525,1558.428,1558.205,1561.475,1551.778,-1,13.866666666666667,-0.6857791069403081,-0.6627823038052987,-0.6128699597814045,-0.5898731566463951,0.0,0.0,0.0
1573,2020,5.342999999999847,0.24812089931469358,1556.055,1557.005,1557.548,1559.168,1553.825,0,,,,,,,,
1574,2020,5.150000000000091,0.23982490453572206,1555.088,1562.628,1562.775,1556.948,1551.798,1,13.366666666666667,1.102912621359172,1.1314563106795914,1.1889320388348954,1.2174757281553148,0.0,0.0,1.0
1575,2020,5.509999999999991,0.2642694904744448,1558.065,1569.978,1571.048,1562.888,1557.378,-1,13.216666666666667,-2.286751361161553,-2.480943738657005,-2.1747731397459518,-2.3689655172414033,1.0,1.0,0.0
1576,2020,10.400000000000091,0.5148897195336333,1583.635,1583.695,1580.848,1586.198,1575.798,0,,,,,,,,
1577,2020,10.63000000000011,0.5849336928410332,1573.995,1570.145,1569.175,1582.218,1571.588,-1,15.283333333333333,0.1357478833490093,0.22699905926622635,0.19943555973660362,0.2906867356538207,0.0,0.0,0.0
1578,2020,5.190000000000055,0.3413639524176454,1571.455,1569.765,1576.578,1572.358,1567.168,1,14.95,-0.4996146435452447,0.8131021194604977,-0.2716763005780038,1.0410404624277385,0.0,0.0,0.0
1579,2020,4.636999999999944,0.31470053566667044,1580.748,1583.575,1579.715,1582.985,1578.348,-1,13.4,-1.127237437998739,-0.29480267414276007,-1.1041621738193186,-0.2717274099633397,1.0,1.0,1.0
1580,2020,5.920000000000073,0.4089305538423631,1578.818,1588.168,1586.758,1581.988,1576.068,1,13.316666666666666,1.0439189189188784,0.8057432432432303,1.1542229729729345,0.9160472972972864,0.0,0.0,1.0
1581,2020,7.936999999999898,0.5410598380491818,1579.518,1575.508,1577.695,1581.155,1573.218,-1,15.0,-0.2885221116290781,-0.5640670278442634,-0.08605266473478664,-0.36159758094997196,0.0,0.0,0.0
1582,2020,7.740000000000009,0.5109850467554149,1567.018,1555.175,1552.525,1573.135,1565.395,-1,13.45,1.3204134366925084,1.6627906976744025,1.3604651162790646,1.7028423772609587,0.0,0.0,1.0
1583,2020,14.452999999999975,0.8767706180318107,1554.235,1555.995,1556.908,1561.878,1547.425,0,,,,,,,,
1584,2020,9.462999999999965,0.5621647769705997,1566.185,1563.295,1566.948,1567.528,1558.065,1,14.683333333333334,-0.4473211455141036,-0.061291345239345804,-0.4399239141921194,-0.0538941139173616,0.0,0.0,0.0
1585,2020,5.557000000000016,0.3247035647357859,1565.265,1566.215,1572.048,1569.815,1564.258,-1,13.483333333333333,-0.35216843620656363,-1.4018355227640706,-0.27838761921900684,-1.3280547057765137,1.0,1.0,0.0
1586,2020,4.51299999999992,0.25518801243991573,1572.575,1574.115,1574.845,1575.168,1570.655,1,14.166666666666666,-0.23332594726343944,-0.07157101706179285,-0.06204298692665138,0.09971194327499523,0.0,0.0,0.0
1587,2020,4.246999999999844,0.2537221081918283,1569.658,1563.975,1568.425,1569.945,1565.698,1,13.0,-1.4056981398634911,-0.3578996939015865,-1.3381210266070642,-0.2903225806451596,1.0,1.0,0.0
1588,2020,5.939999999999827,0.3568777063011371,1565.915,1566.978,1565.445,1567.668,1561.728,0,,,,,,,,
1589,2020,5.220000000000027,0.3225521697680171,1572.988,1575.885,1575.918,1577.488,1572.268,-1,13.266666666666667,-0.6929118773946251,-0.699233716475066,-0.6762452107279606,-0.6825670498084015,1.0,1.0,0.0
1590,2020,2.533000000000129,0.1638209804682525,1575.585,1581.395,1582.648,1576.968,1574.435,1,13.5,1.7477299644688833,2.2424003158308516,2.2175286221870016,2.7121989735489698,0.0,0.0,1.0
1592,2020,2.9329999999999927,0.20253726484428056,1586.635,1600.698,1601.415,1589.328,1586.395,-1,13.016666666666667,-4.876576883736838,-5.12103648141835,-4.8322536651892385,-5.07671326287075,1.0,1.0,0.0
1593,2020,6.432999999999993,0.43094340344899984,1606.788,1606.428,1606.498,1611.208,1604.775,-1,13.616666666666667,-0.25695631898026144,-0.2678377117985323,-0.2165397170837915,-0.22742110990206235,0.0,0.0,0.0
1594,2020,11.710000000000036,0.7855746377367165,1616.745,1617.795,1619.775,1618.675,1606.965,1,13.633333333333333,-0.07514944491886243,0.09393680614860231,-0.035012809564462274,0.13407344150300246,0.0,0.0,0.0
1595,2020,6.513000000000147,0.4364069724033054,1637.565,1643.245,1644.055,1637.958,1631.445,1,13.033333333333333,0.811761093198171,0.9361277445109538,0.8444649163211846,0.9688315676339675,0.0,0.0,1.0
1596,2020,17.427000000000135,1.1172125780173243,1680.775,1674.655,1653.635,1689.255,1671.828,-1,15.0,-0.16221954438514813,1.043954782808277,-0.008033511218217226,1.1981408159752078,0.0,0.0,1.0
1597,2020,17.00999999999999,1.0180925834088586,1647.548,1654.595,1650.045,1657.065,1640.055,1,15.45,-0.14520870076425801,-0.41269841269841184,-0.0507348618459763,-0.31822457378013014,0.0,0.0,0.0
1598,2020,13.48700000000008,0.7470189348082411,1644.645,1637.775,1648.198,1654.895,1641.408,-1,13.283333333333333,0.26937050493065834,-0.5034477645139877,0.30325498628307956,-0.4695632831615664,0.0,0.0,1.0
1599,2020,9.769999999999982,0.5121331141722095,1653.508,1651.885,1641.455,1653.868,1644.098,1,13.0,-0.20296827021493868,-1.270522006141252,-0.16612077789150975,-1.2336745138178233,0.0,1.0,0.0
1600,2020,23.353000000000065,1.1753358569790326,1619.765,1583.665,1583.098,1641.278,1617.925,-1,14.6,1.4670492013873975,1.4913287372072068,1.5618121868710595,1.5860917226908688,0.0,0.0,1.0
1601,2020,15.269999999999982,0.6031894722585878,1598.358,1593.628,1594.895,1610.958,1595.688,-1,13.516666666666667,0.13490504256713656,0.05193189259987695,0.19364767518009895,0.11067452521283933,0.0,0.0,0.0
1602,2020,11.282999999999902,0.424850594127041,1602.295,1633.865,1626.498,1605.328,1594.045,1,13.95,2.5292032260923762,1.876274040592064,2.605689976070225,1.9527607905699123,0.0,0.0,1.0
1603,2020,14.607000000000198,0.48105970609199905,1647.078,1642.988,1640.228,1649.265,1634.658,0,,,,,,,,
1604,2020,17.25999999999999,0.5576273376779214,1652.455,1659.928,1671.675,1654.368,1637.108,1,13.333333333333334,0.3221320973348885,1.0027230590961775,0.3476245654692933,1.0282155272305824,0.0,0.0,1.0
1605,2020,19.069999999999936,0.5795308270546106,1687.895,1663.898,1686.658,1689.878,1670.808,-1,13.8,0.36234923964342447,-0.8311484006292587,0.4675930781332026,-0.7259045621394805,0.0,0.0,1.0
1606,2020,20.87999999999988,0.5799700809085212,1677.608,1665.0,1677.408,1682.578,1661.698,1,13.2,-0.8418582375478962,-0.24760536398467922,-0.7336206896551758,-0.13936781609195872,0.0,0.0,0.0
1607,2020,11.680000000000064,0.30921499254003865,1662.835,1654.388,1641.995,1667.458,1655.778,-1,13.816666666666666,0.11900684931507641,1.1800513698630184,0.30453767123287645,1.3655821917808184,0.0,0.0,1.0
1608,2020,14.782999999999902,0.37956571177052884,1665.518,1649.685,1636.305,1671.158,1656.375,-1,14.566666666666666,0.45254684434824455,1.3576405330447183,0.5289859974294944,1.4340796861259681,0.0,0.0,1.0
1609,2020,39.42000000000007,0.9791877362005654,1610.185,1566.295,1571.578,1645.448,1606.028,-1,13.516666666666667,1.0079401319127315,0.8739218670725516,1.09030948756976,0.9562912227295801,0.0,0.0,1.0
1610,2020,20.690000000000055,0.4650953681536691,1594.898,1534.598,1523.648,1597.825,1577.135,-1,13.916666666666666,2.0559207346544186,2.5851619139680975,2.118898018366362,2.648139197680041,0.0,0.0,1.0
1611,2020,87.60699999999997,1.8302744147663756,1455.555,1503.778,1509.178,1541.925,1454.318,-1,13.0,-0.5645667583640582,-0.6262056684968113,-0.5504468820984622,-0.6120857922312152,0.0,0.0,0.0
1612,2020,22.409999999999854,0.42062502513775196,1484.728,1532.365,1529.568,1487.878,1465.468,1,13.15,1.9851405622490124,1.8603302097278147,2.0208389112003715,1.8960285586791739,0.0,0.0,1.0
1613,2020,35.48700000000008,0.6178406208028664,1496.825,1492.458,1494.988,1522.785,1487.298,-1,15.1,-0.14540535970919127,-0.21669907289993623,-0.13103389973793447,-0.20232761292867946,0.0,0.0,0.0
1614,2020,25.15300000000002,0.4161943032738449,1470.048,1479.835,1467.838,1489.128,1463.975,1,14.216666666666667,-0.3694589114618489,-0.8464199101498806,-0.28477716375780243,-0.7617381624458341,0.0,0.0,0.0
1615,2020,25.257000000000062,0.43948693090719354,1493.845,1490.225,1489.148,1516.045,1490.788,-1,13.316666666666666,0.022290850061373105,0.06493249396207372,0.06346755354951346,0.10610919745021408,0.0,0.0,0.0
1616,2020,37.3599999999999,0.6374618527149145,1519.048,1542.748,1553.648,1523.618,1486.258,1,13.6,0.5120449678800899,0.8038008565310507,0.5998394004282693,0.89159528907923,0.0,0.0,1.0
1617,2020,47.87000000000012,0.7978010413864217,1596.905,1614.138,1626.548,1615.248,1567.378,1,15.65,-0.023187800292461345,0.23605598495926314,0.10862753290160446,0.36787131815332896,0.0,0.0,0.0
1618,2020,32.24299999999994,0.4989344910979152,1606.398,1612.648,1608.978,1626.925,1594.682,0,,,,,,,,
1619,2020,28.472999999999956,0.4417182400948537,1628.538,1626.368,1628.27,1629.418,1600.945,1,13.166666666666666,-0.10711902504126573,-0.04031889860569356,-0.05092543813437459,0.015874688301197586,0.0,0.0,0.0
1620,2020,12.04300000000012,0.18687335545639525,1622.418,1624.048,1619.198,1625.678,1613.635,1,13.25,-0.1353483351324498,-0.538071908992772,-0.006642863073978779,-0.409366436934301,0.0,0.0,0.0
1621,2020,11.490000000000009,0.1838765651683879,1620.138,1620.198,1613.588,1627.188,1615.698,-1,13.233333333333333,-0.39164490861618767,0.18363794604004574,-0.29617058311575434,0.2791122715404791,0.0,0.0,0.0
1622,2020,23.507000000000062,0.3813732068339353,1601.598,1608.048,1583.958,1618.405,1594.898,0,,,,,,,,
1623,2020,13.259999999999991,0.21175198417677468,1588.395,1586.378,1590.398,1599.988,1586.728,-1,13.0,0.02639517345400729,-0.2767722473604712,0.15211161387632385,-0.15105580693815462,0.0,0.0,1.0
1624,2020,13.942999999999984,0.2393788966119401,1595.308,1607.988,1614.008,1599.128,1585.185,1,13.183333333333334,0.635444308972254,1.0672021803055387,0.7652585526787696,1.1970164240120544,0.0,0.0,1.0
1625,2020,13.032999999999902,0.240351341703252,1619.208,1618.068,1623.308,1620.608,1607.575,1,13.5,-0.19488989488222072,0.20716642369370566,0.18107879996930237,0.5831351185452287,1.0,1.0,0.0
1626,2020,20.307000000000016,0.42467398610799956,1639.475,1645.568,1659.348,1643.075,1622.768,1,13.15,0.122765548825525,0.8013492884227064,0.2117496429802507,0.890333382577432,0.0,0.0,0.0
1627,2020,25.460000000000036,0.5580273972602747,1651.735,1651.055,1645.318,1668.598,1643.138,-1,14.633333333333333,-0.31095836606441996,-0.08562450903378085,-0.19823252160251448,0.02710133542812465,0.0,0.0,0.0
1628,2020,12.847999999999956,0.29767959129296356,1648.835,1649.498,1651.835,1654.848,1642.0,1,14.1,-0.41640722291406657,-0.23451120797010666,-0.31576899128269226,-0.13387297633873235,0.0,0.0,0.0
1629,2020,11.970000000000027,0.29073711348254816,1663.038,1682.585,1678.918,1665.328,1653.358,1,13.5,1.44168755221387,1.1353383458646522,1.4826232247284905,1.1762740183792728,0.0,0.0,1.0
1630,2020,7.517000000000053,0.182581238397614,1691.568,1699.448,1720.998,1693.305,1685.788,1,13.016666666666667,0.817214314221097,3.6840494878275627,0.9711321005720541,3.83796727417852,0.0,0.0,1.0
1631,2020,17.7199999999998,0.4613982554354847,1720.415,1731.678,1732.751,1727.158,1709.438,1,13.383333333333333,0.2550790067720237,0.31563205417608003,0.27031602708804997,0.33086907449210623,0.0,0.0,1.0
1632,2020,17.539999999999964,0.49668787103429296,1722.898,1720.788,1717.898,1725.058,1707.518,1,14.866666666666667,-0.24344355758266764,-0.40820980615736013,-0.2109464082098092,-0.37571265678450166,0.0,0.0,0.0
1633,2020,17.667000000000144,0.5143744852886163,1736.658,1725.308,1714.595,1737.025,1719.358,1,13.0,-0.6632139016244978,-1.269598686817223,-0.6424407086658639,-1.2488254938585892,1.0,1.0,0.0
1634,2020,21.527000000000044,0.6437376246611806,1689.028,1689.278,1683.288,1704.605,1683.078,0,,,,,,,,
1635,2020,16.350000000000136,0.46779968608986017,1686.538,1690.708,1689.408,1689.488,1673.138,1,14.533333333333333,0.07461773700305915,-0.004892966360865685,0.20122324159022406,0.12171253822629924,0.0,0.0,0.0
1636,2020,38.49800000000005,1.0739082527860302,1666.688,1683.408,1680.398,1697.796,1659.298,0,,,,,,,,
1637,2020,23.457999999999856,0.672428372819648,1695.218,1708.558,1714.938,1707.136,1683.678,1,13.916666666666666,0.06061897860005261,0.3325944240770817,0.1052945690169683,0.3772700144939974,0.0,0.0,0.0
1638,2020,21.832999999999856,0.6127689090876235,1727.565,1734.598,1729.118,1732.031,1710.198,1,14.566666666666666,0.11757431411166694,-0.13342188430357854,0.13374249988548823,-0.11725369852975723,0.0,0.0,0.0
1639,2020,10.88000000000011,0.30901001969857994,1730.468,1724.995,1724.245,1736.208,1725.328,-1,15.016666666666667,0.03060661764706621,0.09954044117647728,0.14613970588236486,0.21507352941177593,0.0,0.0,1.0
1640,2020,10.7199999999998,0.30090866074793476,1714.678,1712.218,1712.885,1723.668,1712.948,-1,13.0,0.0680970149253761,0.005876865671651403,0.2294776119403062,0.16725746268658148,0.0,0.0,0.0
1641,2020,15.589999999999918,0.471588245080687,1709.455,1699.328,1706.938,1714.568,1698.978,-1,14.916666666666666,-0.022450288646562597,-0.5105837075048157,0.20525978191148572,-0.2828736369467675,0.0,0.0,0.0
1642,2020,7.899999999999864,0.24414525980719573,1708.968,1700.985,1704.198,1709.908,1702.008,1,13.216666666666667,-1.1294936708860956,-0.7227848101265706,-1.0772151898734352,-0.6705063291139101,1.0,1.0,0.0
1643,2020,10.39799999999991,0.3187391616598614,1716.355,1705.558,1684.608,1721.598,1711.2,-1,13.616666666666667,0.5426043469898154,2.5574148874783926,0.6058857472590891,2.6206962877476663,0.0,0.0,1.0
1644,2020,14.888000000000147,0.4612633666170994,1679.898,1688.368,1702.615,1685.756,1670.868,1,14.683333333333334,0.17544331004834945,1.132388500806002,0.2894948952176184,1.246440085975271,0.0,0.0,1.0
1645,2020,10.850000000000136,0.3430272208697892,1706.438,1701.545,1707.698,1713.228,1702.378,-1,13.433333333333334,0.0767741935483729,-0.4903225806451702,0.32764976958523423,-0.23944700460830884,0.0,0.0,0.0
1646,2020,18.230000000000018,0.6010805413069181,1695.248,1697.168,1707.578,1708.018,1689.788,0,,,,,,,,
1647,2020,8.895999999999958,0.29449848901163705,1701.548,1689.245,1688.128,1708.071,1699.175,-1,13.366666666666667,1.1162320143885016,1.2417940647482102,1.2941771582734038,1.4197392086331124,0.0,0.0,1.0
1648,2020,9.947000000000116,0.33751578416712086,1695.545,1696.208,1719.068,1696.595,1686.648,1,13.283333333333333,-0.038906202875232644,2.259274153010927,0.11762340404142546,2.4158037599275852,0.0,0.0,1.0
1649,2020,7.7199999999998,0.263029807448935,1718.628,1715.378,1704.828,1723.148,1715.428,-1,13.383333333333333,0.006476683937847564,1.3730569948187061,0.2810880829015711,1.6476683937824297,0.0,0.0,1.0
1650,2020,15.61999999999989,0.5426747103360785,1701.198,1697.368,1697.438,1709.358,1693.738,0,,,,,,,,
1651,2020,8.493000000000166,0.3090755961757474,1704.31,1709.608,1702.245,1707.188,1698.695,-1,13.583333333333334,-1.2849405392676083,-0.4179912869421742,-1.1825032379606377,-0.3155539856352036,1.0,1.0,0.0
1652,2020,9.529999999999973,0.36739841607278506,1708.138,1711.805,1712.478,1708.878,1699.348,1,13.316666666666666,0.3071353620147055,0.3777544596012746,0.3354669464847981,0.40608604407136717,0.0,0.0,0.0
1653,2020,5.923000000000002,0.23652264196150494,1715.788,1731.768,1733.128,1719.198,1713.275,-1,13.133333333333333,-3.122235353705881,-3.3518487253080926,-2.9984804997467474,-3.228093871348959,1.0,1.0,0.0
1654,2020,8.6099999999999,0.3439989954567211,1732.228,1742.558,1743.548,1738.578,1729.968,1,13.55,0.4622531939605185,0.5772357723577335,0.6039488966318357,0.7189314750290507,0.0,0.0,1.0
1655,2020,6.613000000000056,0.2632601123196161,1763.728,1742.598,1732.315,1765.018,1758.405,-1,13.116666666666667,2.3902918493875522,3.9452593376681833,2.647814910025683,4.202782398306314,0.0,0.0,1.0
1656,2020,12.539999999999964,0.4792204069934073,1735.968,1743.765,1745.575,1738.745,1726.205,1,14.45,0.4003189792663655,0.5446570972886902,0.5149122807017644,0.6592503987240891,0.0,0.0,0.0
1657,2020,6.507000000000062,0.247303625480165,1751.218,1747.145,1751.208,1753.025,1746.518,1,13.083333333333334,-0.9036422314430695,-0.2792377439680329,-0.799139388351006,-0.17473490087596938,1.0,1.0,0.0
1658,2020,8.220000000000027,0.33942697364928404,1735.898,1721.298,1724.618,1739.278,1731.058,1,13.333333333333334,-2.1873479318734743,-1.7834549878345538,-2.121289537712876,-1.7173965936739557,1.0,1.0,0.0
1659,2020,10.019999999999982,0.4177797632343087,1730.278,1735.448,1734.988,1739.955,1729.935,-1,13.0,-0.5501996007984189,-0.5042914171656806,-0.5159680638722637,-0.47005988023952544,0.0,0.0,0.0
1661,2020,10.932999999999993,0.4761137482036327,1725.955,1712.115,1712.125,1731.108,1720.175,-1,14.833333333333334,0.7372175980974984,0.7363029360651203,0.9457605414799163,0.9448458794475381,0.0,0.0,1.0
1662,2020,12.680000000000064,0.5516024186983067,1700.918,1698.748,1713.388,1710.238,1697.558,-1,14.183333333333334,-0.09384858044164421,-1.248422712933742,-0.07042586750788837,-1.224999999999986,0.0,1.0,0.0
1663,2020,8.789999999999964,0.40161481399287785,1721.018,1721.848,1716.085,1726.105,1717.315,1,14.333333333333334,-0.4843003412969374,-1.1399317406143372,-0.36405005688282804,-1.0196814562002279,0.0,1.0,0.0
1664,2020,11.97700000000009,0.5539723076618157,1729.558,1734.698,1730.955,1729.835,1717.858,1,13.0,0.40602822075645156,0.09351256575101298,0.42915588210737765,0.11664022710193905,0.0,0.0,0.0
1665,2020,14.370000000000118,0.653616855374525,1734.318,1737.648,1737.045,1743.738,1729.368,-1,14.15,-0.5762004175365278,-0.5342379958246396,-0.4620737647877396,-0.4201113430758514,0.0,0.0,0.0
1666,2020,7.139999999999873,0.3248893309151842,1739.818,1740.125,1727.695,1741.935,1734.795,1,14.016666666666667,-0.25350140056022097,-1.9943977591036783,-0.19229691876751706,-1.9331932773109743,0.0,1.0,0.0
1667,2020,11.509999999999991,0.5151583934628532,1721.968,1693.848,1696.965,1724.788,1713.278,1,13.016666666666667,-2.688097306689842,-2.417289313640323,-2.6635099913119182,-2.392701998262399,1.0,1.0,0.0
1668,2020,16.102999999999838,0.6832818088137176,1707.775,1706.518,1716.668,1715.118,1699.015,1,13.733333333333333,-0.534061976029311,0.09625535614481588,-0.47382475315158407,0.15649257902254282,0.0,0.0,0.0
1669,2020,11.423000000000002,0.4823101862323761,1705.635,1675.018,1682.498,1713.248,1701.825,-1,13.233333333333333,2.346756543815111,1.6919373194432281,2.436312702442434,1.7814934780705511,0.0,0.0,1.0
1670,2020,5.800000000000182,0.23934586656763449,1691.938,1692.818,1699.118,1697.275,1691.475,-1,13.05,-0.23155172413793662,-1.3177586206896188,-0.16086206896551095,-1.2470689655171932,0.0,1.0,0.0
1671,2020,16.12299999999982,0.6623589653300397,1707.608,1718.268,1713.085,1711.128,1695.005,1,13.366666666666667,0.44284562426348567,0.12137939589407239,0.4620728152329051,0.14060658686349178,0.0,0.0,0.0
1672,2020,8.559999999999945,0.33454208435574495,1723.605,1718.675,1727.855,1724.145,1715.585,1,13.0,-0.6390186915887923,0.43341121495327806,-0.5759345794392634,0.4964953271028069,0.0,1.0,0.0
1673,2020,15.863000000000056,0.6187144962542616,1727.668,1743.445,1728.845,1737.308,1721.445,1,14.416666666666666,0.386875118199579,-0.5335056420601358,0.47784151799785035,-0.44253924226186453,0.0,0.0,0.0
1674,2020,6.572999999999865,0.25115585953917946,1736.338,1738.395,1732.105,1737.578,1731.005,1,13.366666666666667,0.12429636391298099,-0.8326487144378623,0.42294233987525176,-0.5340027384755914,0.0,1.0,0.0
1675,2020,16.192999999999984,0.6049790914452381,1712.128,1716.448,1726.055,1724.068,1707.875,-1,13.566666666666666,-0.5294262953127957,-1.1227073426789405,-0.39585005866733086,-0.9891311060334755,0.0,1.0,0.0
1676,2020,10.182999999999993,0.3775146769482537,1727.865,1729.248,1725.728,1732.748,1722.565,-1,13.5,-0.6562898949229105,-0.31061573210252513,-0.2710399685750754,0.07463419424530997,0.0,0.0,0.0
1677,2020,16.057000000000016,0.6050292155274277,1717.345,1726.878,1726.705,1728.605,1712.548,1,15.95,-0.10755433767204879,-0.11832845487949735,-0.08718938780594691,-0.09796350501339547,0.0,0.0,0.0
1678,2020,19.330000000000155,0.7308266696913045,1722.018,1721.895,1724.998,1737.438,1718.108,-1,15.416666666666666,-0.19591308846352842,-0.3564407656492522,-0.13538541127780346,-0.29591308846352726,0.0,0.0,0.0
1679,2020,6.360000000000127,0.24397795868486927,1733.755,1737.775,1740.838,1733.988,1727.628,1,13.0,0.5954402515723206,1.0770440251571969,0.6320754716980977,1.113679245282974,0.0,0.0,1.0
1680,2020,8.730000000000018,0.3289799521953536,1747.915,1751.738,1755.725,1751.328,1742.598,1,13.45,0.04696449026346861,0.5036655211912858,0.12142038946162007,0.5781214203894373,0.0,0.0,1.0
1681,2020,11.673000000000002,0.4438656197121508,1757.738,1765.798,1768.165,1758.968,1747.295,1,13.166666666666666,0.5851109397755441,0.7878865758588098,0.6296581855564043,0.8324338216396702,0.0,0.0,0.0
1682,2020,11.549999999999955,0.46303322556905363,1777.848,1773.835,1765.015,1779.388,1767.838,-1,13.783333333333333,-0.5192207792207874,0.24441558441557373,-0.40147186147185815,0.36216450216450297,0.0,0.0,0.0
1683,2020,10.222999999999956,0.4083902594919716,1759.145,1759.658,1763.065,1768.548,1758.325,-1,13.05,-0.1303922527633632,-0.46366037366722385,-0.09517754083928011,-0.42844566174314075,0.0,0.0,0.0
1684,2020,6.8129999999998745,0.299248912900245,1762.375,1755.438,1767.438,1766.618,1759.805,-1,13.55,0.6409804784969972,-1.1203581388522206,0.7515044767356502,-1.0098341406135676,0.0,1.0,1.0
1685,2020,6.130000000000109,0.2680384036379811,1770.608,1772.888,1771.355,1773.218,1767.088,-1,13.633333333333333,-0.9461663947797474,-0.6960848287112523,-0.7292006525285396,-0.4791190864600446,1.0,1.0,0.0
1686,2020,9.242999999999938,0.430046992043918,1765.718,1780.998,1782.298,1773.668,1764.425,1,15.233333333333333,0.793032565184486,0.933679541274496,0.848209455804414,0.9888564318944241,0.0,0.0,1.0
1687,2020,12.222999999999956,0.5896204311152741,1781.448,1765.638,1770.398,1789.008,1776.785,-1,13.35,0.9119692383212142,0.5225394747607129,0.9806921377730609,0.5912623742125596,0.0,0.0,1.0
1688,2020,7.230000000000018,0.34063145708959075,1772.858,1775.438,1776.958,1774.395,1767.165,-1,13.333333333333334,-1.1442600276625334,-1.3544951590594876,-1.0598893499308426,-1.2701244813277965,1.0,1.0,1.0
1690,2020,5.522999999999911,0.28350596733092115,1779.228,1782.188,1785.258,1779.548,1774.025,1,13.0,0.4780010863661312,1.0338584102842892,0.5359406119862546,1.0917979359044125,0.0,0.0,1.0
1691,2020,10.687000000000126,0.5468054469304436,1777.695,1793.818,1795.548,1784.085,1773.398,1,14.583333333333334,0.9107326658556969,1.0726115841676644,0.9986899971928396,1.1605689155048071,0.0,0.0,1.0
1692,2020,12.070000000000164,0.6035754469308747,1804.385,1811.898,1808.378,1804.708,1792.638,1,13.8,0.5956917978458766,0.30405965202980906,0.6130903065451336,0.3214581607290662,0.0,0.0,1.0
1693,2020,10.23700000000008,0.5004784154322197,1808.028,1805.998,1804.298,1815.855,1805.618,-1,13.366666666666667,-0.03712025007327402,0.12894402657027704,0.1149750903584935,0.28103936700204457,0.0,0.0,1.0
1694,2020,13.192999999999984,0.6516762752887878,1806.568,1802.275,1799.655,1809.138,1795.945,1,13.533333333333333,-0.5202001061168678,-0.7187902675661304,-0.4883650420677626,-0.6869552035170252,0.0,1.0,0.0
1695,2020,5.986999999999853,0.2998565433750514,1808.978,1807.575,1808.095,1809.925,1803.938,1,14.233333333333333,-0.3925171204275876,-0.30566226824786574,-0.3106731251043838,-0.22381827292466194,1.0,1.0,0.0
1696,2020,11.460000000000036,0.5921737397299731,1800.348,1807.648,1807.978,1801.878,1790.418,1,13.516666666666667,0.5034904013961574,0.5322862129144954,0.6186736474694499,0.6474694589877878,0.0,0.0,0.0
1697,2020,11.407999999999902,0.601633366482832,1805.248,1808.075,1811.668,1814.916,1803.508,-1,14.3,-0.40033309957924673,-0.7152875175315502,-0.31881136044880565,-0.6337657784011091,0.0,0.0,0.0
1698,2020,5.326999999999998,0.2818252243741142,1805.388,1808.045,1796.725,1808.185,1802.858,1,13.566666666666666,-0.026281208935587143,-2.15130467430074,0.04449033226958515,-2.0805331330955674,0.0,1.0,0.0
1699,2020,7.5900000000001455,0.41123086747035403,1805.818,1808.775,1810.718,1806.238,1798.648,1,13.1,0.33425559947298894,0.5902503293807553,0.3939393939393876,0.6499341238471539,0.0,0.0,0.0
1700,2020,7.740000000000009,0.4084463508959744,1815.128,1817.145,1817.598,1815.238,1807.498,1,13.35,0.24638242894055856,0.30490956072350095,0.30749354005166396,0.36602067183460635,0.0,0.0,0.0
1701,2020,7.192999999999984,0.38919248993221084,1827.935,1836.235,1841.635,1828.258,1821.065,1,13.0,1.1089948561100904,1.8597247323786992,1.1538996246350581,1.904629500903667,0.0,0.0,1.0
1702,2020,14.803000000000111,0.8082256957444216,1859.635,1855.675,1866.495,1861.038,1846.235,1,13.0,-0.36229142741336323,0.3686414915895318,-0.26751334189015785,0.4634195771127372,0.0,0.0,0.0
1703,2020,16.00999999999999,0.8384425183949362,1878.228,1886.268,1888.778,1888.545,1872.535,-1,13.916666666666666,-0.8577763897563995,-1.0145534041224202,-0.7770143660212406,-0.9337913803872613,1.0,1.0,0.0
1704,2020,10.767000000000053,0.5071460293108349,1894.168,1903.015,1901.188,1897.875,1887.108,1,14.033333333333333,0.47738460109594827,0.3076994520293569,0.5405405405405531,0.37085539147396174,0.0,0.0,0.0
1705,2020,13.302999999999884,0.6099875213300049,1940.135,1943.335,1935.178,1945.118,1931.815,-1,13.616666666666667,-0.8659700819364116,-0.25280012027362897,-0.8507103660828464,-0.23754040442006386,1.0,1.0,0.0
1706,2020,35.01999999999998,1.4859311164183444,1928.948,1955.748,1955.518,1941.665,1906.645,1,15.166666666666666,0.4021416333523727,0.39557395773843723,0.47324386065105944,0.466676185037124,0.0,0.0,0.0
1707,2020,7.313000000000102,0.2709357129058503,1956.308,1956.265,1967.018,1960.978,1953.665,-1,13.45,-0.3555312457268016,-1.8259264323806754,-0.2566662108573983,-1.727061397511272,1.0,1.0,0.0
1708,2020,14.549999999999955,0.5134137858028596,1953.298,1944.435,1953.835,1959.328,1944.778,-1,13.816666666666666,0.023573883161517227,-0.6224742268041268,0.20158075601374584,-0.4444673539518982,1.0,1.0,0.0
1709,2020,14.913000000000011,0.5073829613500276,1974.815,1972.798,1971.448,1984.218,1969.305,-1,14.116666666666667,-0.23422517266813758,-0.1437001274056211,-0.19043787299670864,-0.09991282773419217,0.0,0.0,0.0
1710,2020,8.970000000000027,0.2953169754349338,1970.198,1973.938,1974.528,1974.828,1965.858,-1,13.75,-0.9007803790412631,-0.9665551839464934,-0.7472686733556501,-0.8130434782608805,0.0,1.0,0.0
1711,2020,12.040000000000191,0.3931263527128952,1971.868,1991.645,2004.785,1978.765,1966.725,1,15.133333333333333,1.0697674418604384,2.1611295681062765,1.1951827242524622,2.2865448504983004,0.0,0.0,1.0
1712,2020,17.116999999999962,0.5040203763568625,2042.648,2042.705,2039.845,2044.685,2027.568,1,14.683333333333334,-0.11567447566746641,-0.28275982940935496,-0.07553893789800332,-0.24262429163989188,0.0,0.0,0.0
1713,2020,18.355000000000246,0.5104556298705103,2059.198,2060.705,2060.618,2059.398,2041.043,1,13.0,0.07120675565239834,0.06646690275128214,0.08210296921819894,0.07736311631708274,0.0,0.0,0.0
1714,2020,13.327000000000226,0.3536648242082415,2052.305,2038.835,2031.998,2064.485,2051.158,-1,13.0,0.9246642155023379,1.4376828993771689,1.010730096795946,1.523748780670777,0.0,0.0,1.0
1715,2020,7.59699999999998,0.18662048442226517,2030.948,2036.208,2024.265,2035.295,2027.698,1,13.15,0.120179018033436,-1.4518889035145455,0.16888245360012274,-1.4031854679478588,0.0,1.0,1.0
1716,2020,32.527000000000044,0.7951020465176382,1978.015,1949.725,1922.325,2006.535,1974.008,-1,13.416666666666666,0.746549020813481,1.5889261229132696,0.8270052571709674,1.669382359270756,0.0,0.0,1.0
1718,2020,14.509999999999991,0.2815573946585313,1931.858,1947.098,1949.635,1939.328,1924.818,-1,13.1,-1.5354927636113016,-1.710337698139216,-1.251550654720873,-1.4263955892487872,1.0,1.0,0.0
1719,2020,12.240000000000009,0.22852540037954214,1948.228,1947.325,1942.895,1953.128,1940.888,1,14.383333333333333,-0.47410130718953264,-0.8360294117647009,-0.4174836601307105,-0.7794117647058788,0.0,1.0,0.0
1720,2020,9.320000000000164,0.17841857259672622,1954.898,1980.638,1980.025,1956.928,1947.608,1,13.233333333333333,2.543991416308948,2.478218884120126,2.540772532188779,2.4749999999999575,0.0,0.0,1.0
1721,2020,12.832999999999856,0.250187645608115,2007.015,1992.465,2003.975,2009.898,1997.065,1,13.283333333333333,-1.358450868853751,-0.46154445570015334,-1.2446816800436658,-0.347775266890068,1.0,1.0,0.0
1722,2020,17.787000000000035,0.3467063192057245,1985.758,1964.555,1946.118,1998.025,1980.238,-1,15.683333333333334,0.8817113622308407,1.9182549052678952,0.9422612020014594,1.978804745038514,0.0,0.0,1.0
1723,2020,22.22999999999979,0.4050255337091772,1937.495,1944.608,1949.185,1946.918,1924.688,1,13.633333333333333,-0.10391363022941823,0.10197930724246847,-0.08533513270356184,0.12055780476832485,0.0,0.0,0.0
1724,2020,34.29299999999989,0.6235309549815362,1915.978,1944.715,1940.115,1949.058,1914.765,-1,13.0,-0.8733560784999829,-0.7392179161928087,-0.8379844283089827,-0.7038462660018086,0.0,0.0,0.0
1725,2020,17.25999999999999,0.3056412850999239,1950.035,1930.555,1927.725,1950.898,1933.638,1,13.0,-1.1786210892236302,-1.3425840092699892,-1.1286210892236401,-1.2925840092699992,1.0,1.0,0.0
1726,2020,14.517000000000053,0.2641488834907932,1925.418,1917.875,1928.488,1935.825,1921.308,-1,13.166666666666666,0.2364813666735538,-0.49459254666942465,0.37886615691947234,-0.3522077564235061,0.0,0.0,0.0
1727,2020,10.256999999999834,0.19238307809173386,1917.595,1938.348,1946.165,1923.965,1913.708,-1,13.25,-2.4022618699425045,-3.164375548406006,-2.187091742224857,-2.949205420688358,1.0,1.0,1.0
1728,2020,11.47700000000009,0.21190804015594092,1940.738,1919.715,1930.248,1948.595,1937.118,-1,13.333333333333334,1.5163370218698167,0.5985884813104329,1.8021259911126455,0.8843774505532617,1.0,1.0,0.0
1729,2020,21.86999999999989,0.398770009807099,1962.135,1961.495,1966.855,1964.108,1942.238,1,13.5,-0.11947873799725969,0.12560585276635047,-0.04709647919525401,0.19798811156835613,0.0,0.0,0.0
1730,2020,14.782999999999902,0.2627428278350315,1965.708,1962.895,1970.805,1968.908,1954.125,1,14.083333333333334,-0.40675099776770346,0.12832307380099942,-0.3652844483528463,0.16978962321585656,0.0,0.0,0.0
1731,2020,8.319999999999936,0.17096952697158646,1989.088,1976.868,1965.488,1992.298,1983.978,-1,14.583333333333334,0.8545673076923296,2.2223557692307874,0.9972355769230876,2.3650240384615455,0.0,0.0,1.0
1732,2020,15.863000000000056,0.3563323513744229,1959.118,1943.045,1941.198,1971.768,1955.905,-1,13.183333333333334,0.8106915463657476,0.927126016516411,0.8619428859610385,0.9783773561117018,0.0,0.0,1.0
1733,2020,11.406999999999925,0.2616382989529406,1934.625,1941.595,1933.248,1938.585,1927.178,1,14.3,0.26387306040150876,-0.46787060576838996,0.4058911194880459,-0.3258525466818528,0.0,1.0,0.0
1734,2020,8.572999999999865,0.19689488068716537,1939.638,1924.455,1935.798,1941.608,1933.035,1,13.5,-2.000816516971922,-0.6777090866674486,-1.8219993001283523,-0.49889186982387856,1.0,1.0,0.0
1736,2020,25.567000000000007,0.6422935646469204,1915.688,1921.048,1931.725,1933.285,1907.718,-1,14.816666666666666,-0.5213752102319367,-0.9389838463644474,-0.4642703484961039,-0.8818789846286147,0.0,1.0,0.0
1737,2020,14.163000000000011,0.38867315755531284,1925.668,1945.405,1949.498,1934.098,1919.935,1,13.616666666666667,0.7983478076678675,1.0873402527713112,0.854833015604036,1.1438254607074796,0.0,0.0,1.0
1738,2020,10.31100000000015,0.28273992564939693,1947.288,1954.998,1950.218,1952.526,1942.215,1,13.433333333333334,0.23974396275821397,-0.2238386189506313,0.32489574241102587,-0.1386868392978194,0.0,0.0,1.0
1739,2020,7.8900000000001,0.22491906090285582,1944.558,1948.895,1940.888,1948.045,1940.155,1,14.166666666666666,0.10773130544992374,-0.9070975918884743,0.20367553865652097,-0.811153358681877,0.0,1.0,0.0
1740,2020,7.720000000000027,0.22967401929533884,1943.905,1958.298,1956.685,1947.598,1939.878,1,13.1,1.3860103626943014,1.177072538860098,1.4339378238341836,1.22499999999998,0.0,0.0,1.0
1741,2020,11.721000000000004,0.34860436313113896,1968.048,1952.755,1956.225,1972.028,1960.307,-1,14.816666666666666,0.6443136251173027,0.3482638000170724,0.7672553536387625,0.47120552853853226,0.0,0.0,1.0
1742,2020,7.863000000000056,0.2489264563222077,1963.135,1964.565,1958.218,1968.578,1960.715,1,13.366666666666667,-0.5103650006358758,-1.3175632710161294,-0.4476662851328954,-1.254864555513149,1.0,1.0,0.0
1743,2020,11.913000000000011,0.4178984056507574,1947.885,1944.215,1944.385,1948.708,1936.795,-1,14.083333333333334,-0.6228489884999445,-0.6371191135733998,-0.3523042054897914,-0.3665743305632467,0.0,1.0,0.0
1744,2020,7.397000000000162,0.2748449389177503,1950.598,1954.245,1951.435,1956.015,1948.618,-1,13.366666666666667,-0.7607138028930417,-0.38083006624306415,-0.612004866837869,-0.2321211301878915,0.0,1.0,0.0
1745,2020,26.462999999999965,1.0030376868096162,1932.835,1896.638,1908.368,1954.638,1928.175,-1,13.383333333333333,1.1917394097419067,0.7484790084268618,1.2447568302913539,0.801496428976309,0.0,0.0,1.0
1746,2020,15.1099999999999,0.5118811402022908,1906.148,1900.518,1904.298,1909.568,1894.458,1,13.6,-0.5989410986101928,-0.3487756452680355,-0.5804103242885532,-0.33024487094639593,0.0,0.0,0.0
1747,2020,21.84699999999998,0.7684874371859294,1883.368,1865.498,1863.028,1894.865,1873.018,-1,15.016666666666667,0.344212019956973,0.45727102119284196,0.45589783494301483,0.5689568361788838,0.0,0.0,0.0
1748,2020,12.532999999999902,0.4188007055515612,1858.088,1860.168,1862.375,1861.168,1848.635,1,13.333333333333334,-0.0797893560998969,0.09630575281258412,-0.04284688422564739,0.13324822468683362,0.0,0.0,1.0
1749,2020,22.35699999999997,0.7526541447942684,1858.278,1862.508,1864.568,1875.075,1852.718,-1,15.216666666666667,-0.4378941718477424,-0.5300353356890426,-0.41821353491077284,-0.5103546987520731,0.0,0.0,0.0
1750,2020,17.103000000000065,0.5678610051795799,1864.968,1866.068,1881.568,1865.558,1848.455,1,13.0,0.029819329942114774,0.9360930830848349,0.06431620183592965,0.9705899549786496,0.0,0.0,1.0
1751,2020,11.423000000000002,0.3791606504828358,1886.628,1886.718,1896.368,1890.258,1878.835,-1,13.666666666666666,-0.6900989232250755,-1.5348857568064342,-0.5401383174297533,-1.384925151011112,1.0,1.0,0.0
1752,2020,8.819999999999936,0.29783713509041276,1883.898,1891.968,1889.965,1890.058,1881.238,1,13.65,0.21655328798187026,-0.010544217687083362,0.514739229024943,0.2876417233559893,0.0,0.0,1.0
1753,2020,9.097999999999956,0.3103734803829578,1900.475,1903.985,1909.415,1902.216,1893.118,1,13.35,0.19443833809628644,0.7912728072103873,0.34622994064628254,0.9430644097603834,0.0,0.0,1.0
1754,2020,10.26299999999992,0.3419322903528242,1908.088,1903.528,1903.115,1915.348,1905.085,-1,14.183333333333334,0.15171002630809982,0.19195167105135366,0.21923414206372577,0.2594757868069796,0.0,0.0,0.0
1755,2020,16.13700000000017,0.5327174205232011,1901.895,1916.785,1913.788,1903.035,1886.898,1,13.05,0.8520790729379596,0.6663568197310414,0.895271735762531,0.7095494825556128,0.0,0.0,0.0
1756,2020,11.423000000000002,0.3701786751787559,1917.468,1911.198,1897.165,1917.938,1906.515,1,13.016666666666667,-0.5900376433511344,-1.8185240304648633,-0.5593977063818499,-1.7878840934955789,0.0,1.0,0.0
1757,2020,15.529999999999973,0.47805313509365477,1888.445,1883.608,1885.475,1897.898,1882.368,-1,15.183333333333334,-0.07984546039922803,-0.20006439150032043,-0.05666452028331509,-0.1768834513844075,0.0,0.0,0.0
1758,2020,5.240000000000009,0.16236087226917933,1892.345,1885.708,1892.408,1895.198,1889.958,1,13.266666666666667,-1.8110687022900749,-0.5324427480916386,-1.600572519083956,-0.3219465648855196,1.0,1.0,1.0
1759,2020,10.51299999999992,0.3231360323175526,1912.928,1926.235,1928.055,1918.018,1907.505,1,13.533333333333333,0.7816037287168205,0.954722724246182,0.9045943118044386,1.0777133073338,0.0,0.0,1.0
1760,2020,9.670000000000073,0.324019779136173,1924.475,1924.305,1922.925,1927.828,1918.158,1,13.833333333333334,-0.3643226473629663,-0.5070320579110634,-0.3074457083764151,-0.45015511892451215,0.0,0.0,0.0
1761,2020,10.603000000000065,0.36447698600942063,1920.235,1892.435,1894.448,1924.998,1914.395,-1,13.733333333333333,2.07111194944826,1.8812600207488226,2.315665377723282,2.1258134490238447,0.0,0.0,1.0
1762,2020,9.809999999999945,0.3467209948726471,1900.265,1907.068,1902.615,1902.668,1892.858,1,13.266666666666667,0.4485219164118364,-0.00540265035676696,0.5895005096839891,0.1355759429153858,0.0,0.0,1.0
1763,2020,13.779999999999973,0.4844911110497211,1891.508,1899.558,1905.808,1903.518,1889.738,-1,13.266666666666667,-0.7126269956458604,-1.1661828737300413,-0.6328011611030512,-1.086357039187232,0.0,1.0,0.0
1764,2020,8.139999999999873,0.2886641809191816,1909.315,1902.148,1903.508,1912.598,1904.458,1,13.233333333333333,-1.2837837837838095,-1.1167076167076242,-1.264987714987738,-1.0979115479115527,1.0,1.0,0.0
1765,2020,5.357000000000198,0.19920263698203342,1912.178,1908.425,1902.895,1913.765,1908.408,1,13.15,-0.9968265820421781,-2.0291207765539885,-0.853089415717709,-1.8853836102295194,1.0,1.0,0.0
1766,2020,8.657000000000153,0.3237982265609819,1905.128,1908.798,1910.375,1908.035,1899.378,-1,14.616666666666667,-1.0881367679334535,-1.2703014901235852,-0.8536444495783724,-1.035809171768504,1.0,1.0,0.0
1767,2020,8.25,0.3098250762491582,1916.135,1927.388,1922.958,1922.668,1914.418,1,13.4,0.5721212121212155,0.035151515151538304,0.6367272727272641,0.09975757575758701,0.0,0.0,1.0
1768,2020,7.079999999999927,0.270412575603392,1914.135,1898.995,1904.105,1920.278,1913.198,-1,13.1,2.0060734463277328,1.2843220338983288,2.104943502824883,1.3831920903954793,0.0,0.0,1.0
1769,2020,6.9529999999999745,0.26341112289740765,1910.425,1897.838,1902.008,1912.708,1905.755,1,13.2,-2.13864518912702,-1.5389040701855436,-2.0681720120811393,-1.4684308931396626,1.0,1.0,0.0
1770,2020,9.992999999999938,0.391031284850617,1901.555,1904.268,1902.238,1906.088,1896.095,1,13.95,-0.1821274892424645,-0.3852696887821408,-0.14209946962874828,-0.3452416691684246,0.0,0.0,0.0
1771,2020,8.019999999999982,0.34548755346318294,1905.555,1908.418,1907.595,1905.738,1897.718,1,13.0,0.33416458852865866,0.23154613466333854,0.3569825436408772,0.25436408977555713,0.0,0.0,0.0
1772,2020,30.169999999999845,1.3474335662104766,1882.138,1882.235,1876.888,1906.648,1876.478,-1,13.166666666666666,-0.19081869406694943,-0.013589658601254776,-0.13148823334437823,0.04574080212131641,0.0,0.0,0.0
1773,2020,19.86999999999989,0.8267601866436789,1864.078,1868.005,1869.118,1882.338,1862.468,-1,13.0,-0.27866129843986237,-0.33467539003522395,-0.19763462506291676,-0.2536487166582784,0.0,0.0,0.0
1774,2020,20.45999999999981,0.8785344264406769,1887.348,1879.178,1877.588,1889.388,1868.928,1,13.533333333333333,-0.499022482893446,-0.5767350928641283,-0.43939393939393284,-0.5171065493646152,0.0,0.0,0.0
1775,2020,11.649999999999864,0.48456147335208477,1888.288,1891.078,1894.165,1892.408,1880.758,1,13.3,-0.11416309012875045,0.1508154506437839,-0.05665236051502915,0.2083261802575052,0.0,0.0,0.0
1776,2020,12.63299999999981,0.5521829807428054,1899.925,1907.315,1906.798,1901.918,1889.285,1,13.333333333333334,0.42721443837570194,0.386289875722329,0.5372437267474184,0.4963191640940454,0.0,0.0,0.0
1777,2020,23.79300000000012,1.043892747010311,1908.548,1902.215,1899.348,1910.778,1886.985,1,13.266666666666667,-0.35989576766276044,-0.4803933930147525,-0.31437817845584753,-0.43487580380783963,0.0,0.0,0.0
1778,2020,19.7170000000001,0.8232101372126291,1927.285,1945.345,1949.605,1928.505,1908.788,1,13.0,0.8540853070953915,1.070142516610022,0.915960845970475,1.1320180554851056,0.0,0.0,1.0
1779,2020,14.15300000000002,0.5363030809913968,1949.518,1948.398,1951.798,1957.958,1943.805,1,13.616666666666667,-0.6754751642761364,-0.43524341129089755,-0.5092206599307636,-0.2689889069455247,1.0,1.0,0.0
1780,2020,62.072999999999865,2.331511634458277,1911.415,1860.758,1866.568,1963.118,1901.045,-1,13.166666666666666,0.6490261466338041,0.5554266750439025,0.6767354566397653,0.5831359850498637,0.0,0.0,0.0
1781,2020,22.822999999999865,0.6821868614946407,1880.435,1882.238,1877.098,1890.158,1867.335,0,,,,,,,,
1782,2020,12.059999999999945,0.35919659439760393,1870.635,1862.538,1863.465,1881.828,1869.768,-1,13.4,0.5995024875621933,0.5226368159204096,0.6716417910447716,0.5947761194029879,0.0,0.0,1.0
1783,2020,9.830000000000155,0.29412959056528853,1870.568,1878.808,1876.828,1872.928,1863.098,1,13.683333333333334,0.5981688708036408,0.39674465920649055,0.7022380467955149,0.5008138351983646,0.0,0.0,1.0
1784,2020,11.243000000000166,0.33554826482821454,1885.748,1891.698,1886.605,1886.911,1875.668,1,13.0,0.425776038423905,-0.02721693498176959,0.5292181802010102,0.0762252067953356,0.0,0.0,0.0
1785,2020,30.60699999999997,0.8962593286703922,1876.418,1889.945,1886.145,1895.105,1864.498,0,,,,,,,,
1786,2020,8.432999999999993,0.23664651550623758,1886.735,1888.528,1886.725,1892.551,1884.118,1,13.8,-0.47705442902880524,-0.6908573461401668,-0.4399383374836997,-0.6537412545950613,0.0,0.0,0.0
1787,2020,21.08699999999999,0.622920033929347,1870.425,1881.665,1874.075,1884.595,1863.508,1,15.5,-0.1389481671171843,-0.4988855693081039,-0.08123488405178386,-0.4411722862427035,0.0,0.0,0.0
1788,2020,10.519999999999982,0.31326439021069985,1862.928,1859.998,1865.248,1865.528,1855.008,-1,13.616666666666667,-0.47433460076045797,-0.9733840304182535,-0.2595057034220554,-0.7585551330798509,0.0,1.0,0.0
1789,2020,5.960000000000036,0.17947328119488354,1867.045,1874.345,1873.568,1869.275,1863.315,1,14.033333333333333,0.8506711409395814,0.7203020134227964,0.9412751677852506,0.8109060402684655,0.0,0.0,1.0
1790,2020,11.700000000000045,0.3554810930935115,1868.425,1834.555,1837.995,1875.058,1863.358,-1,13.416666666666666,2.461794871794852,2.1677777777777743,2.515641025641015,2.2216239316239372,0.0,0.0,1.0
1791,2020,25.088999999999942,0.7366566627028299,1810.178,1805.435,1803.768,1830.633,1805.544,-1,13.25,0.004344533460885297,0.07078799473873297,0.05512375941647899,0.12156722069432666,0.0,0.0,0.0
1792,2020,8.624000000000024,0.2528936906442579,1813.218,1810.458,1806.715,1814.999,1806.375,1,13.483333333333333,-0.5265538033395092,-0.9605751391465773,-0.45535714285713086,-0.889378478664199,0.0,1.0,0.0
1795,2020,17.537000000000035,0.6906700273997278,1768.605,1773.025,1780.925,1782.055,1764.518,0,,,,,,,,
1796,2020,20.74000000000001,0.8161269106015546,1808.099,1810.265,1813.505,1809.988,1789.248,1,13.116666666666667,0.01335583413693556,0.16957569913211434,0.10848601735776273,0.2647058823529415,0.0,0.0,0.0
1797,2020,18.579999999999927,0.7067786846938848,1820.385,1826.358,1829.458,1832.338,1813.758,-1,13.8,-0.6781485468245403,-0.8449946178686818,-0.6200215285252975,-0.786867599569439,0.0,0.0,0.0
1798,2020,9.163000000000011,0.34497484261507727,1841.215,1831.015,1840.164,1843.808,1834.645,-1,14.65,0.3961584633853408,-0.6023136527338206,0.6256684491978545,-0.372803666921307,0.0,0.0,1.0
1799,2020,6.537000000000035,0.24778861696165402,1841.405,1831.955,1836.735,1844.255,1837.718,1,13.5,-1.8815970628728953,-1.150374789658891,-1.3649992351231381,-0.6337769619091337,1.0,1.0,0.0
1800,2020,16.930000000000064,0.6695310006242795,1833.628,1864.188,1859.495,1838.738,1821.808,1,13.816666666666666,1.5032486709982251,1.226048434731232,1.5849379799173056,1.3077377436503124,0.0,0.0,1.0
1801,2020,6.920000000000073,0.252252909058246,1865.615,1866.455,1870.188,1867.068,1860.148,1,13.366666666666667,-0.08858381502890895,0.4508670520231337,0.0057803468208039305,0.5452312138728466,0.0,0.0,1.0
1802,2020,14.636999999999944,0.5422990507292184,1856.878,1848.085,1833.265,1866.065,1851.428,-1,14.583333333333334,0.22839379654301342,1.240896358543423,0.28441620550659474,1.2969187675070042,0.0,0.0,1.0
1803,2020,10.099999999999909,0.3511089480636828,1836.015,1835.388,1835.384,1838.628,1828.528,1,13.066666666666666,-0.3207920792079246,-0.3211881188118756,-0.1960396039603996,-0.19643564356435064,0.0,0.0,1.0
1804,2020,15.692000000000007,0.5417225597727447,1834.438,1844.418,1838.645,1839.535,1823.843,1,13.666666666666666,0.3111776701503829,-0.056716798368601815,0.33775172062196995,-0.030142747897014793,0.0,0.0,0.0
1805,2020,15.725999999999885,0.573222835808067,1823.775,1826.258,1825.235,1833.994,1818.268,1,13.933333333333334,-0.4919242019585357,-0.5569757090169196,-0.22955614905251978,-0.2946076561109037,0.0,0.0,0.0
1806,2020,8.439000000000078,0.3205167507209524,1842.768,1848.318,1851.728,1848.198,1839.759,1,13.2,0.01421969427655999,0.4182960066358502,0.17810167081406744,0.5821779831733577,0.0,0.0,0.0
1807,2020,12.539999999999964,0.4590740072485353,1857.545,1857.315,1861.208,1865.658,1853.118,-1,13.333333333333334,-0.33468899521532125,-0.6451355661882112,-0.25709728867624954,-0.5675438596491396,0.0,0.0,0.0
1808,2020,11.356999999999971,0.4066829853464382,1883.008,1890.945,1884.015,1883.175,1871.818,1,13.0,0.6841595491767194,0.07396319450560426,0.6988641366557998,0.08866778198468472,0.0,0.0,1.0
1809,2020,11.222999999999956,0.40744976311060094,1885.028,1885.965,1879.075,1888.498,1877.275,1,13.516666666666667,-0.22569722890493976,-0.8396150761828423,-0.039472511806111145,-0.6533903590840137,0.0,0.0,0.0
1810,2020,43.993000000000166,1.6437948879452826,1879.618,1877.498,1878.065,1898.948,1854.955,0,,,,,,,,
1811,2020,7.039999999999964,0.2553778067979819,1872.695,1861.578,1864.648,1875.358,1868.318,1,13.25,-1.95738636363637,-1.5213068181818312,-1.9318181818182112,-1.4957386363636724,1.0,1.0,0.0
1812,2020,15.279999999999973,0.5536260539650818,1861.148,1871.478,1871.535,1872.218,1856.938,1,14.6,-0.04842931937172843,-0.044698952879580756,-0.02683246073297482,-0.023102094240827143,0.0,0.0,0.0
1814,2020,17.410000000000082,0.6370039332523195,1876.305,1880.865,1876.075,1886.428,1869.018,1,13.616666666666667,-0.3195290063182123,-0.5946582423894323,-0.27863296955771755,-0.5537622056289376,0.0,0.0,0.0
1815,2020,9.19399999999996,0.3506531362800506,1878.215,1879.078,1878.585,1883.365,1874.171,-1,15.0,-0.5337176419403902,-0.48009571459647665,-0.0808135740700393,-0.027191646726125854,0.0,1.0,0.0
1816,2020,3.8600000000001273,0.1473531512960256,1880.208,1885.238,1889.715,1881.045,1877.185,-1,13.133333333333333,-2.0862694300517735,-3.2461139896371916,-1.7054404145077375,-2.8652849740931554,1.0,1.0,0.0
1817,2020,5.643000000000029,0.23168217529392238,1893.935,1898.674,1896.718,1895.938,1890.295,1,13.283333333333333,0.48484848484846044,0.138224348750659,0.5279106858054273,0.1812865497076259,0.0,1.0,0.0
1818,2021,11.96699999999987,0.4999119757709529,1931.818,1942.84,1942.388,1936.435,1924.468,1,13.316666666666666,0.5352218601153206,0.4974513244756446,0.5690649285535238,0.5312943929138477,0.0,0.0,0.0
1819,2021,11.166999999999916,0.4355947362408614,1948.975,1943.448,1951.195,1950.465,1939.298,1,13.333333333333334,-0.6283693024088723,0.06537118294976481,-0.5247604549117887,0.16898003044684856,1.0,1.0,0.0
1820,2021,34.235999999999876,1.3422724064925857,1933.809,1909.649,1918.305,1959.225,1924.989,-1,15.433333333333334,0.44806636289286716,0.19523308797756728,0.5067764925809148,0.2539432176656149,0.0,0.0,0.0
1821,2021,13.663000000000011,0.49598610174765423,1917.698,1913.668,1917.068,1922.508,1908.845,-1,14.716666666666667,-0.3529971455756321,-0.6018443972773146,-0.10568689160506176,-0.35453414330674426,0.0,0.0,0.0
1822,2021,27.889999999999873,1.0129242135737924,1889.035,1862.805,1846.368,1904.725,1876.835,-1,13.65,0.5030476873431351,1.0923987092147809,0.6361419863750464,1.2254930082466922,0.0,0.0,1.0
1823,2021,14.087999999999965,0.4484910225391561,1842.655,1848.805,1846.894,1855.346,1841.258,-1,13.0,-0.5357041453719509,-0.4000567859170912,-0.43654173764907056,-0.3008943781942109,0.0,0.0,0.0
1824,2021,10.070000000000164,0.3025562115446984,1859.615,1841.608,1854.125,1863.738,1853.668,-1,13.35,1.1976166832174528,-0.04538232373387288,1.3455809334657134,0.10258192651438779,0.0,0.0,1.0
1825,2021,8.73700000000008,0.2770760657817268,1854.584,1857.998,1853.465,1858.005,1849.268,1,13.566666666666666,-0.000801190339940687,-0.5196291633283907,0.08847430468125571,-0.4303536683071943,0.0,0.0,0.0
1826,2021,8.519999999999982,0.27285766245530657,1840.682,1847.665,1844.458,1845.108,1836.588,1,14.1,0.30011737089202134,-0.07629107981219073,0.5149061032863794,0.1384976525821674,0.0,0.0,1.0
1827,2021,11.375999999999976,0.3582065382409491,1847.828,1829.365,1828.395,1856.848,1845.472,-1,13.666666666666666,1.4158755274261607,1.5011427566807343,1.6534810126582264,1.7387482419128002,0.0,0.0,1.0
1829,2021,9.547000000000025,0.28836179742313034,1837.745,1839.202,1839.145,1845.335,1835.788,-1,13.133333333333333,-0.3575992458363861,-0.3516287839111723,-0.12118990258719203,-0.11521944066197823,0.0,0.0,0.0
1830,2021,16.53300000000013,0.5017417524175387,1842.945,1866.657,1868.075,1857.255,1840.722,-1,13.0,-1.5686808201778106,-1.6544486784007653,-1.434222464162572,-1.5199903223855267,1.0,1.0,0.0
1831,2021,7.527000000000044,0.21868417612109536,1867.103,1863.945,1869.245,1873.445,1865.918,-1,13.016666666666667,0.26212302378104757,-0.44200876843363607,0.35060449050087794,-0.3535273017138057,0.0,0.0,1.0
1832,2021,23.320000000000164,0.6758230953144941,1843.265,1855.838,1855.555,1863.765,1840.445,-1,13.0,-0.660077186963976,-0.6479416809605498,-0.5391509433962168,-0.5270154373927907,0.0,0.0,0.0
1833,2021,15.910000000000082,0.4757937728562179,1862.865,1851.772,1854.858,1865.855,1849.945,1,13.266666666666667,-0.8851665619107487,-0.6912005028284107,-0.8663104965430584,-0.6723444374607204,1.0,1.0,0.0
1834,2021,8.920000000000073,0.2657320931934901,1855.375,1852.935,1851.575,1857.265,1848.345,1,13.433333333333334,-0.48542600896862326,-0.6378923766816152,-0.36995515695066455,-0.5224215246636565,0.0,0.0,0.0
1835,2021,15.730999999999995,0.5184001280500149,1840.815,1848.825,1841.505,1853.096,1837.365,-1,14.583333333333334,-0.7284978704468908,-0.26317462335516506,-0.5867395588328791,-0.12141631174115329,0.0,0.0,0.0
1836,2021,9.11999999999989,0.2997957219000178,1840.275,1857.369,1843.698,1843.485,1834.365,1,13.716666666666667,1.5223684210526514,0.023355263157916157,1.7705043859649263,0.27149122807019105,0.0,0.0,1.0
1837,2021,26.65599999999995,1.0158260064784812,1865.145,1858.365,1849.915,1868.772,1842.116,1,13.25,-0.3904186674669847,-0.7074204681872752,-0.3861419567827098,-0.7031437575030002,0.0,0.0,0.0
1838,2021,15.380999999999858,0.5899303044250067,1861.145,1860.035,1859.34,1871.636,1856.255,0,,,,,,,,
1839,2021,14.379999999999882,0.5554819769110175,1843.065,1833.017,1836.637,1853.395,1839.015,-1,13.3,0.41710709318498584,0.16536856745481057,0.5659248956884553,0.31418636995828,0.0,0.0,0.0
1840,2021,6.860000000000127,0.25542689056857204,1836.945,1833.505,1833.055,1839.266,1832.406,1,13.233333333333333,-0.8397959183673266,-0.905393586005816,-0.7444606413993988,-0.8100583090378882,1.0,1.0,0.0
1841,2021,16.148999999999887,0.6236149842362623,1816.732,1786.465,1795.029,1826.385,1810.236,-1,13.733333333333333,1.4719796891448604,0.9416682147501525,1.5751439717629763,1.0448324973682683,0.0,0.0,1.0
1842,2021,12.992999999999938,0.4803644285997211,1802.175,1805.838,1809.925,1811.138,1798.145,-1,13.1,-0.5920880474101455,-0.9066420380204748,-0.5605325944739427,-0.875086585084272,0.0,1.0,0.0
1843,2021,18.660000000000082,0.7035081152262525,1825.173,1836.548,1832.085,1826.325,1807.665,1,13.533333333333333,0.5478563772775944,0.3086816720257216,0.5547159699892855,0.31554126473741273,0.0,0.0,0.0
1844,2021,10.021999999999935,0.35960735064202565,1842.655,1839.275,1837.395,1848.47,1838.448,-1,14.633333333333333,-0.0825184593893438,0.10506884853323865,0.0037916583516275355,0.19137896627421,0.0,0.0,0.0
1845,2021,8.539999999999964,0.32404948015481394,1838.325,1841.044,1842.976,1846.205,1837.665,-1,13.0,-0.3956674473068088,-0.621896955503533,-0.3183840749414593,-0.5446135831381835,1.0,1.0,0.0
1846,2021,6.370000000000118,0.23877543916956498,1843.285,1838.475,1824.405,1845.815,1839.445,1,13.283333333333333,-1.1522762951334395,-3.3610675039245974,-1.0832025117739346,-3.291993720565092,1.0,1.0,0.0
1847,2021,9.397000000000162,0.3582265934736261,1817.975,1828.118,1819.165,1821.805,1812.408,-1,13.5,-1.6718101521762014,-0.7190592742364527,-1.638820900287283,-0.6860700223475341,1.0,1.0,0.0
1849,2021,18.88799999999992,0.7255625584783653,1807.215,1813.524,1795.155,1825.493,1806.605,-1,13.0,-0.366317238458275,0.6062049978822582,-0.3340216010165182,0.638500635324015,0.0,0.0,0.0
1850,2021,9.524999999999864,0.3487614848059201,1792.095,1773.595,1771.815,1793.08,1783.555,1,13.0,-2.0456692913386014,-2.232545931758549,-1.9422572178477968,-2.1291338582677444,1.0,1.0,0.0
1851,2021,10.126999999999953,0.37511376865276524,1784.065,1778.236,1775.265,1788.835,1778.708,1,13.133333333333333,-1.0466080774168047,-1.3399822257331884,-0.959711661893934,-1.2530858102103175,1.0,1.0,0.0
1852,2021,7.559999999999945,0.29155739691914173,1773.845,1785.766,1780.076,1775.235,1767.675,1,13.966666666666667,1.3929894179894513,0.6403439153439361,1.4339947089947354,0.6813492063492201,0.0,0.0,1.0
1853,2021,9.007000000000062,0.3413654292312003,1794.625,1808.855,1808.005,1799.135,1790.128,1,13.216666666666667,1.0791606528255757,0.9847896080826087,1.1679804596424903,1.0736094148995232,0.0,0.0,1.0
1854,2021,9.129999999999882,0.3485445497307198,1809.895,1806.835,1803.575,1812.655,1803.525,-1,14.6,-0.3625410733844456,-0.0054764512595788795,-0.27272727272727726,0.08433734939758947,0.0,0.0,0.0
1855,2021,7.2349999999999,0.2724621931471509,1806.41,1794.885,1797.155,1810.135,1802.9,-1,13.283333333333333,1.1078092605390755,0.7940566689703107,1.2591568762957879,0.9454042847270232,0.0,0.0,1.0
1856,2021,13.8599999999999,0.5507633880293221,1787.525,1775.545,1773.095,1795.155,1781.295,-1,13.433333333333334,0.4148629148629179,0.5916305916305992,0.48051948051947346,0.6572871572871548,0.0,0.0,1.0
1857,2021,12.439999999999827,0.47329045021834937,1758.595,1729.905,1727.095,1769.975,1757.535,-1,13.016666666666667,2.221061093247628,2.446945337620617,2.32154340836017,2.547427652733159,0.0,0.0,1.0
1858,2021,18.972000000000207,0.6721377435983158,1738.985,1738.735,1724.365,1754.765,1735.793,-1,13.35,-0.1550706304026974,0.6023613746573772,-0.08169934640522547,0.6757326586548491,0.0,0.0,0.0
1859,2021,18.82400000000007,0.6324403583419153,1733.503,1725.27,1734.666,1734.23,1715.406,1,13.033333333333333,-0.4759881002974927,0.023161920951971962,-0.41096472588185695,0.08818529536760776,0.0,0.0,0.0
1860,2021,12.289999999999964,0.40129676275771897,1725.975,1715.813,1715.634,1733.615,1721.325,-1,13.033333333333333,0.44849471114727096,0.4630593978844628,0.66167615947924,0.6762408462164318,0.0,0.0,1.0
1861,2021,13.975999999999885,0.44678878552475604,1718.593,1718.625,1699.015,1720.165,1706.189,1,13.0,-0.11018889524899658,-1.5133085289066999,0.0022896393817920494,-1.4008299942759113,0.0,1.0,0.0
1862,2021,7.9249999999999545,0.2462491122159078,1698.564,1696.938,1699.005,1698.923,1690.998,1,13.0,-0.25047318611986263,0.010347003154587734,-0.20517350157728526,0.055646687697165104,1.0,1.0,0.0
1863,2021,15.971000000000004,0.48603059292541334,1690.425,1681.588,1684.995,1700.525,1684.554,-1,15.716666666666667,0.18571160227913852,-0.027612547742771488,0.22828877340178808,0.014964623379878072,0.0,0.0,0.0
1864,2021,16.680000000000064,0.5101563762993147,1702.758,1713.015,1717.008,1711.498,1694.818,1,13.8,0.09094724220623783,0.3303357314148663,0.1589328537170298,0.3983213429256583,0.0,0.0,0.0
1865,2021,7.307000000000016,0.2164578925095223,1712.715,1718.985,1723.865,1715.448,1708.141,1,13.5,0.48405638428901043,1.151909128233187,0.9247297112357765,1.5925824551799532,0.0,0.0,1.0
1866,2021,9.579999999999927,0.28514086962437385,1735.735,1725.374,1724.658,1739.735,1730.155,-1,13.6,0.49906054279749323,0.5737995824634773,0.5940501043841413,0.6687891440501255,0.0,0.0,1.0
1867,2021,12.16599999999994,0.3702542721061503,1706.595,1707.108,1722.395,1711.244,1699.078,0,,,,,,,,
1868,2021,10.33199999999988,0.3157501817253063,1731.125,1727.048,1730.824,1732.907,1722.575,1,13.166666666666666,-0.5670731707317065,-0.20160665892372054,-0.4626403406891239,-0.09717382888113793,0.0,0.0,0.0
1869,2021,7.550999999999931,0.2346472877078398,1732.398,1728.732,1732.447,1736.306,1728.755,1,14.383333333333333,-1.0030459541782728,-0.5110581379949922,-0.9317971129651864,-0.4398092967819058,1.0,1.0,0.0
1870,2021,9.249000000000024,0.29749388865403453,1729.125,1727.175,1745.055,1737.044,1727.795,-1,13.966666666666667,0.06703427397557754,-1.8661476916423339,0.10584928100335597,-1.8273326846145554,0.0,1.0,0.0
1871,2021,14.545999999999822,0.48033890069558066,1729.728,1730.488,1734.649,1740.774,1726.228,-1,13.1,-0.292864017599343,-0.578922040423479,-0.26467757459096547,-0.5507355974151015,0.0,0.0,0.0
1872,2021,9.656999999999925,0.3365336028297099,1739.058,1739.858,1742.498,1744.475,1734.818,-1,13.0,-0.5219012115563842,-0.7952780366573597,-0.08284146215180291,-0.35621828725277843,0.0,0.0,0.0
1873,2021,11.013000000000147,0.40606909774713923,1732.078,1738.208,1739.398,1738.988,1727.975,0,,,,,,,,
1874,2021,6.252999999999929,0.2405436150510783,1739.178,1730.168,1727.108,1742.378,1736.125,-1,13.133333333333333,0.9526627218935191,1.442027826643236,1.0454181992643705,1.5347833040140875,0.0,0.0,1.0
1875,2021,7.833000000000084,0.3167911256192894,1732.115,1733.608,1732.955,1735.818,1727.985,0,,,,,,,,
1876,2021,9.189999999999827,0.392240551441552,1729.858,1730.745,1726.665,1733.975,1724.785,1,13.3,-0.3514689880304765,-0.7954298150163311,-0.2904243743199289,-0.7343852013057836,0.0,1.0,1.0
1877,2021,10.450000000000045,0.44161904848150346,1724.758,1733.935,1731.675,1731.948,1721.498,1,14.933333333333334,0.19014354066984154,-0.026124401913888713,0.2236363636363616,0.007368421052631373,0.0,0.0,0.0
1878,2021,4.442999999999984,0.20132768425583958,1726.078,1710.808,1710.558,1728.148,1723.705,-1,13.3,2.9027683997299083,2.959036686923246,3.0085527796533897,3.064821066846728,0.0,0.0,1.0
1879,2021,18.910000000000082,0.895529456336434,1688.245,1684.215,1681.608,1704.998,1686.088,-1,13.483333333333333,0.09904812268641137,0.23691168693812792,0.1279746166049742,0.26583818085669075,0.0,0.0,0.0
1880,2021,6.579999999999927,0.29486137162391163,1684.818,1703.818,1707.715,1689.078,1682.498,-1,13.366666666666667,-3.2401215805471386,-3.8323708206687157,-3.096200607902777,-3.688449848024354,1.0,1.0,0.0
1881,2021,9.480000000000018,0.4030759138452583,1716.908,1728.565,1726.568,1719.795,1710.315,1,13.866666666666667,0.9251054852320638,0.7144514767932382,1.0112869198312204,0.8006329113923949,0.0,0.0,1.0
1882,2021,5.259999999999991,0.22727342869928865,1724.835,1728.858,1725.788,1728.378,1723.118,-1,13.033333333333333,-1.0912547528517147,-0.5076045627376573,-0.9815589353612205,-0.39790874524716313,1.0,1.0,0.0
1883,2021,9.200000000000045,0.398205601466685,1736.278,1743.438,1743.305,1736.858,1727.658,1,13.0,0.7152173913043611,0.7007608695652265,0.7782608695652224,0.763804347826088,0.0,0.0,0.0
1884,2021,8.217000000000098,0.35219883169845023,1734.558,1741.026,1739.038,1741.855,1733.638,-1,13.0,-0.8991115979067859,-0.657174151150058,-0.7871485943775097,-0.5452111476207818,1.0,1.0,0.0
1885,2021,9.742999999999938,0.43663450642457674,1749.678,1756.248,1754.875,1751.158,1741.415,1,14.066666666666666,0.5224263573848074,0.38150467001951366,0.5925279687981294,0.45160628143283577,0.0,0.0,0.0
1886,2021,5.4500000000000455,0.2529773746054503,1744.758,1744.938,1743.068,1748.838,1743.388,-1,13.333333333333334,-0.28440366972480163,0.058715596330263055,-0.14862385321103963,0.19449541284402505,0.0,0.0,1.0
1887,2021,7.129999999999882,0.3224878929735577,1742.285,1733.945,1730.295,1744.128,1736.998,1,13.033333333333333,-1.428190743338031,-1.9401122019635464,-1.3646563814867012,-1.8765778401122164,1.0,1.0,0.0
1888,2021,6.600000000000136,0.29851614216347244,1728.978,1742.925,1745.118,1730.178,1723.578,1,13.05,1.9313636363635727,2.263636363636291,1.9787878787878297,2.3110606060605474,0.0,0.0,1.0
1889,2021,7.210000000000036,0.3183413701861679,1744.658,1737.015,1736.158,1748.788,1741.578,-1,14.183333333333334,0.6328710124826423,0.7517337031900202,0.7364771151178805,0.8553398058252584,0.0,0.0,1.0
1890,2021,4.913000000000011,0.21554998433093084,1744.638,1764.648,1766.868,1749.088,1744.175,1,13.133333333333333,3.1671076735192165,3.61897007938122,3.307551394260119,3.7594138001221222,0.0,0.0,1.0
1891,2021,17.710000000000036,0.750019662530477,1778.548,1779.298,1777.988,1779.198,1761.488,1,13.033333333333333,0.005646527385652673,-0.06832298136646155,0.02653867871259324,-0.04743083003952097,0.0,0.0,0.0
1892,2021,12.343000000000075,0.5089027500456493,1782.058,1775.755,1771.351,1789.968,1777.625,-1,13.2,0.15150287612410918,0.508304302033529,0.23438386129788416,0.591185287207304,0.0,0.0,0.0
1893,2021,12.01299999999992,0.5008726003490354,1773.188,1775.498,1777.755,1775.518,1763.505,1,15.0,-0.0016648630650113996,0.18621493382170107,0.16840089902606772,0.3562806959127802,0.0,0.0,0.0
1894,2021,10.677000000000135,0.4717135346484398,1782.758,1791.078,1793.068,1788.315,1777.638,1,14.733333333333333,0.2587805563360387,0.4451624988292469,0.37117167743747453,0.5575536199306828,0.0,0.0,0.0
1895,2021,9.8900000000001,0.4603471721198413,1786.098,1784.858,1782.557,1793.505,1783.615,-1,13.116666666666667,-0.12568250758341007,0.10697674418604469,-0.06905965621840099,0.16359959555105377,0.0,0.0,0.0
1896,2021,10.159999999999854,0.47994709244649364,1791.028,1774.058,1776.625,1791.648,1781.488,1,13.016666666666667,-1.7312992125984419,-1.478641732283477,-1.6701771653543596,-1.4175196850393947,1.0,1.0,0.0
1897,2021,7.3129999999998745,0.3302016712948117,1776.428,1777.598,1779.622,1782.088,1774.775,-1,13.183333333333334,-0.3860248871871891,-0.6627922877068321,-0.1326405032134615,-0.4094079037331045,0.0,0.0,0.0
1898,2021,7.190000000000055,0.32826767545004104,1782.478,1780.975,1776.665,1783.058,1775.868,1,13.15,-0.28970792767733905,-0.8891515994436691,-0.12837273991655004,-0.72781641168288,0.0,1.0,0.0
1899,2021,7.220000000000027,0.3311525142757927,1766.568,1771.868,1781.518,1770.478,1763.258,-1,13.5,-1.1925207756232503,-2.5290858725761667,-1.052631578947352,-2.389196675900268,1.0,1.0,0.0
1900,2021,9.472999999999956,0.4417052456286398,1775.898,1768.548,1773.258,1781.538,1772.065,-1,14.233333333333333,0.37126570252296726,-0.1259368732186202,0.48453499419401874,-0.012667581547568751,0.0,0.0,1.0
1901,2021,6.002999999999929,0.2728397185960934,1770.458,1770.328,1768.388,1772.568,1766.565,-1,13.283333333333333,-0.6268532400466374,-0.303681492587021,-0.47692820256539903,-0.15375645510578256,0.0,0.0,0.0
1902,2021,8.202999999999975,0.3829509115100004,1780.858,1794.285,1792.078,1782.588,1774.385,1,13.366666666666667,1.4259417286358835,1.1568938193343945,1.5064000975252967,1.2373521882238077,0.0,0.0,1.0
1903,2021,9.830000000000155,0.4510652245165585,1783.465,1794.628,1777.607,1790.458,1780.628,1,14.033333333333333,0.42421159715155443,-1.3073245167853418,0.5717192268565414,-1.159816887080355,0.0,1.0,0.0
1904,2021,5.962999999999965,0.2636603953547847,1778.268,1782.855,1784.438,1780.078,1774.115,-1,13.45,-1.4657051819554017,-1.7311755827603812,-1.2471910112359834,-1.512661412040963,1.0,1.0,0.0
1905,2021,7.519999999999982,0.3521423554202751,1793.658,1815.458,1813.878,1795.698,1788.178,1,13.35,2.6276595744680904,2.417553191489346,2.8337765957447107,2.6236702127659663,0.0,0.0,1.0
1906,2021,5.509999999999991,0.2481103856421466,1819.995,1832.118,1830.675,1823.048,1817.538,-1,13.2,-2.6460980036297554,-2.3842105263157833,-2.637023593466424,-2.375136116152452,1.0,1.0,0.0
1907,2021,8.570000000000164,0.3772991569102924,1841.038,1839.398,1835.975,1841.958,1833.388,1,13.116666666666667,-0.29871645274213815,-0.6981330221703688,-0.14819136522753296,-0.5476079346557636,0.0,0.0,0.0
1908,2021,9.103000000000065,0.40269851802698775,1839.418,1829.468,1835.498,1841.718,1832.615,-1,13.883333333333333,0.3457102054267727,-0.31670877732615815,0.47896297923759956,-0.18345600351533128,0.0,0.0,1.0
1909,2021,5.629999999999882,0.2471210491827896,1833.688,1826.966,1820.758,1835.648,1830.018,-1,13.5,0.5420959147424864,1.644760213143905,1.0726465364121387,2.1753108348135575,1.0,1.0,1.0
1910,2021,13.56899999999996,0.5774288267585836,1814.975,1823.908,1825.375,1822.225,1808.656,1,14.616666666666667,0.12403272164492576,0.2321468052177832,0.17481022919889827,0.2829243127717557,0.0,0.0,0.0
1911,2021,5.849999999999909,0.25354859681438524,1834.878,1837.925,1841.605,1837.308,1831.458,1,13.2,0.10547008547008058,0.7345299145299303,0.19658119658117632,0.825641025641026,0.0,0.0,0.0
1912,2021,8.196999999999889,0.3430650388032524,1847.198,1864.478,1866.815,1854.405,1846.208,-1,13.266666666666667,-2.228864218616595,-2.513968525070178,-2.1300475783823685,-2.4151518848359514,1.0,1.0,0.0
1913,2021,5.447000000000116,0.21890258780302738,1870.045,1866.824,1868.798,1870.615,1865.168,1,13.0,-0.6959794382228491,-0.3335781163943397,-0.591334679640157,-0.22893335781164756,1.0,1.0,0.0
1914,2021,20.889999999999873,0.8612200666690173,1855.775,1883.695,1863.139,1872.985,1852.095,1,14.0,0.5126854954523744,-0.4713259932982319,0.5399712781235061,-0.44404021062710025,0.0,0.0,0.0
1915,2021,11.242999999999938,0.45800598251800917,1871.148,1877.855,1874.405,1876.348,1865.105,1,14.766666666666667,0.1340389575736076,-0.17281864271101968,0.21791336831806982,-0.08894423196655746,0.0,0.0,0.0
1916,2021,7.242999999999938,0.2862756944307182,1878.575,1873.948,1879.255,1880.098,1872.855,1,13.116666666666667,-0.8490956785862096,-0.11638823691838387,-0.8021538036725107,-0.06944636200468499,1.0,1.0,1.0
1917,2021,7.930000000000064,0.32378863619130105,1880.748,1884.658,1883.088,1882.988,1875.058,1,13.15,0.2105926860025009,0.012610340479181368,0.27023959646907747,0.07225725094575798,0.0,0.0,0.0
1918,2021,7.410000000000082,0.31777441508555826,1881.978,1890.468,1899.328,1887.178,1879.768,1,15.05,0.44399460188932893,1.6396761133602873,0.5344129554655861,1.7300944669365446,0.0,0.0,1.0
1919,2021,6.532999999999902,0.2719315458670004,1905.378,1899.895,1895.778,1910.088,1903.555,1,13.466666666666667,-1.5602326649319052,-2.1904178784632116,-1.486759528547392,-2.116944742078698,1.0,1.0,0.0
1920,2021,10.717000000000098,0.4654765893550797,1894.628,1889.488,1897.635,1902.285,1891.568,-1,13.283333333333333,0.19408416534477074,-0.5661099188205609,0.23700662498833072,-0.5231874591770009,0.0,0.0,0.0
1921,2021,6.099999999999909,0.27799931639511977,1891.124,1894.778,1901.388,1894.658,1888.558,-1,13.116666666666667,-1.0196721311475607,-2.1032786885246098,-0.8655737704918117,-1.9491803278688606,1.0,1.0,1.0
1923,2021,10.930000000000064,0.5096266889585361,1908.948,1894.905,1900.758,1915.278,1904.348,-1,14.8,0.8639524245196641,0.3284537968892861,0.9609332113449102,0.42543458371453213,0.0,0.0,1.0
1924,2021,6.899999999999864,0.3285423738036714,1901.078,1901.448,1907.708,1901.128,1894.228,1,13.0,0.04637681159422754,0.9536231884058384,0.0536231884058153,0.9608695652174262,0.0,0.0,1.0
1925,2021,7.529999999999973,0.365098495553154,1892.385,1870.968,1872.283,1898.058,1890.528,-1,13.133333333333333,2.59760956175299,2.422974767596306,2.761885790172656,2.587250996015972,0.0,0.0,1.0
1926,2021,6.7999999999999545,0.3103271800321395,1871.038,1893.778,1891.465,1874.988,1868.188,1,13.5,2.7632352941176603,2.4230882352941134,3.492647058823553,3.152500000000006,0.0,0.0,1.0
1927,2021,6.813000000000102,0.2963499204613292,1887.148,1891.878,1898.768,1888.228,1881.415,1,14.2,0.5357404961103492,1.547042418905006,0.697636870688369,1.7089387934830258,0.0,0.0,1.0
1928,2021,10.570999999999913,0.45021842563184916,1899.948,1894.608,1893.248,1900.128,1889.557,1,13.083333333333334,-0.5221833317566954,-0.6508371961025389,-0.4569104152871246,-0.5855642796329681,1.0,1.0,0.0
1929,2021,6.3599999999999,0.28643211230814813,1891.448,1890.955,1890.688,1893.598,1887.238,1,13.416666666666666,-0.41556603773586015,-0.45754716981130505,-0.3448113207547198,-0.3867924528301647,0.0,0.0,0.0
1930,2021,9.233000000000175,0.4272897962421908,1875.965,1888.694,1895.908,1885.198,1875.965,-1,13.0,-1.378641828224824,-2.1599696739954086,-1.378641828224824,-2.1599696739954086,1.0,1.0,0.0
1931,2021,15.740000000000009,0.703180843459615,1889.088,1883.568,1877.098,1902.948,1887.208,-1,13.283333333333333,0.23125794155019683,0.6423125794155097,0.29097839898347677,0.7020330368487896,0.0,0.0,0.0
1932,2021,9.769999999999982,0.41432665103627025,1853.738,1866.048,1864.548,1862.418,1852.648,-1,13.016666666666667,-1.3715455475946894,-1.2180143295803596,-1.2829068577277511,-1.1293756397134214,1.0,1.0,0.0
1933,2021,5.930000000000064,0.24767894221819403,1863.998,1859.698,1857.388,1867.998,1862.068,-1,13.516666666666667,0.3996627318718154,0.7892074198988218,0.8708263069139851,1.2603709949409916,0.0,0.0,1.0
1934,2021,8.313000000000102,0.35190280658680534,1854.848,1856.358,1834.918,1861.018,1852.705,1,15.0,-0.5605677853963701,-3.1396607722843517,-0.31516901239024253,-2.8942619992782244,0.0,1.0,0.0
1935,2021,29.519999999999982,1.1018096893562104,1788.348,1778.518,1778.008,1815.218,1785.698,-1,13.333333333333334,0.2432249322493248,0.26050135501355215,0.2740514905149025,0.2913279132791299,0.0,0.0,0.0
1936,2021,13.593999999999824,0.46471922623305656,1794.068,1777.778,1770.648,1797.062,1783.468,-1,13.4,0.41856701485950626,0.9430631160806481,0.5285420038252199,1.0530381050463617,0.0,0.0,1.0
1937,2021,11.670000000000073,0.37362446373524066,1782.608,1782.528,1783.648,1785.748,1774.078,-1,13.733333333333333,-0.7240788346186797,-0.8200514138817375,-0.6572407883461889,-0.7532133676092467,0.0,1.0,0.0
1938,2021,11.190000000000055,0.35806854180666386,1780.468,1779.738,1780.078,1787.478,1776.288,-1,13.566666666666666,-0.3083109919571071,-0.3386952636282346,-0.2770330652368294,-0.3074173369079569,0.0,0.0,0.0
1939,2021,6.156999999999925,0.19566396771242398,1782.938,1789.738,1778.708,1785.345,1779.188,1,13.2,0.7134968328731659,-1.077960045476697,0.9127821991229798,-0.8786746792268832,0.0,1.0,1.0
1940,2021,12.599999999999909,0.4221529801990122,1787.402,1778.398,1776.458,1787.628,1775.028,1,13.016666666666667,-0.7325396825396893,-0.8865079365079306,-0.6865079365079487,-0.84047619047619,0.0,1.0,0.0
1941,2021,5.920000000000073,0.21135039334940156,1784.938,1781.878,1778.038,1785.268,1779.348,1,13.016666666666667,-0.572635135135145,-1.2212837837837718,-0.5219594594594776,-1.1706081081081046,0.0,1.0,0.0
1942,2021,10.876000000000204,0.3901983998852011,1774.528,1777.708,1778.838,1784.448,1773.572,-1,13.55,-0.38028687017286844,-0.48418536226553677,-0.2887090842221443,-0.3926075763148126,0.0,0.0,0.0
1943,2021,12.480000000000018,0.453403641346095,1770.408,1754.468,1763.748,1776.618,1764.138,-1,13.7,0.7748397435897301,0.03124999999998975,0.8950320512820376,0.15144230769229727,0.0,0.0,1.0
1944,2021,8.5,0.29601842776901627,1760.568,1765.458,1769.248,1761.728,1753.228,1,14.8,0.43882352941176683,0.884705882352939,0.5505882352941252,0.9964705882352973,0.0,0.0,1.0
1945,2021,6.769999999999982,0.24119380499895626,1776.728,1774.078,1774.668,1779.668,1772.898,-1,13.55,-0.17429837518464797,-0.2614475627769552,-0.12259970457901469,-0.2097488921713219,1.0,1.0,0.0
1946,2021,14.519999999999982,0.5327853814258982,1785.788,1782.718,1789.752,1788.628,1774.108,1,13.583333333333334,-0.40702479338842024,0.07741046831956096,-0.28787878787877696,0.19655647382920424,0.0,0.0,0.0
1948,2021,8.465999999999894,0.326519592718293,1809.718,1804.488,1796.545,1810.668,1802.202,1,13.033333333333333,-0.7299787384833349,-1.6682022206472946,-0.6862745098039237,-1.6244979919678832,0.0,1.0,0.0
1949,2021,7.740000000000009,0.3300519018494612,1806.378,1805.498,1803.888,1808.458,1800.718,1,13.183333333333334,-0.3824289405684797,-0.5904392764858085,-0.33979328165373107,-0.54780361757106,1.0,1.0,0.0
1950,2021,20.580000000000155,1.0070111913433213,1814.008,1801.438,1800.138,1817.738,1797.158,1,13.75,-0.792031098153539,-0.8551992225461615,-0.7818270165208843,-0.8449951409135068,0.0,1.0,0.0
1951,2021,9.129999999999882,0.4666155587193759,1800.108,1808.275,1812.008,1805.898,1796.768,1,15.033333333333333,0.26035049288063644,0.6692223439211618,0.3468784227820575,0.7557502738225828,0.0,0.0,0.0
1952,2021,8.0,0.42229092828595194,1799.995,1805.188,1806.368,1806.158,1798.158,-1,14.633333333333333,-0.878750000000025,-1.0262500000000045,-0.7337500000000148,-0.8812499999999943,1.0,1.0,0.0
1953,2021,6.210000000000036,0.32587916907184244,1809.288,1812.718,1807.288,1812.018,1805.808,1,13.066666666666666,0.11272141706924982,-0.7616747181964558,0.2334943639291525,-0.6409017713365531,1.0,1.0,0.0
1954,2021,7.979999999999791,0.42364879469414063,1816.798,1820.448,1825.078,1817.668,1809.688,1,13.016666666666667,0.34837092731832997,0.9285714285714631,0.49874686716793515,1.0789473684210684,0.0,0.0,1.0
1955,2021,11.30800000000022,0.5780573924029486,1825.678,1821.018,1828.666,1833.976,1822.668,-1,13.85,0.14591439688714464,-0.5304209409267714,0.23965334276618178,-0.4366819950477342,0.0,0.0,0.0
1956,2021,10.88000000000011,0.5619938384341565,1817.678,1812.568,1813.198,1826.228,1815.348,1,14.65,-1.255514705882348,-1.1976102941176325,-1.1130514705882357,-1.0551470588235206,1.0,1.0,0.0
1957,2021,8.27000000000021,0.4151085456142658,1800.448,1811.228,1807.428,1807.428,1799.158,-1,13.0,-1.4594921402660046,-1.0,-1.303506650544099,-0.8440145102780945,1.0,1.0,0.0
1958,2021,7.386999999999944,0.37896210305681666,1817.598,1809.448,1808.968,1818.885,1811.498,1,13.016666666666667,-1.277514552592388,-1.342493569784756,-1.2115879247326231,-1.276566941924991,1.0,1.0,0.0
1959,2021,12.586999999999989,0.6483417832360792,1800.468,1800.568,1804.198,1812.415,1799.828,-1,13.016666666666667,-0.0587908159211893,-0.3471836021291906,-0.057201874950347814,-0.3455946611583491,0.0,0.0,0.0
1960,2021,10.650000000000091,0.5447610139643013,1796.415,1803.508,1806.728,1803.298,1792.648,1,13.583333333333334,0.01971830985915818,0.32206572769953373,0.18507042253521003,0.4874178403755856,0.0,0.0,0.0
1961,2021,20.81100000000015,1.086379703789887,1795.578,1798.208,1801.708,1810.218,1789.407,0,,,,,,,,
1962,2021,5.339999999999918,0.268718840871427,1807.808,1801.548,1797.068,1811.398,1806.058,-1,13.2,0.8445692883895244,1.6835205992509639,0.8595505617977507,1.69850187265919,0.0,0.0,1.0
1963,2021,7.339999999999918,0.3829584246381304,1798.508,1797.438,1799.858,1801.058,1793.718,1,13.183333333333334,-0.4931880108991732,-0.16348773841962655,-0.4305177111716471,-0.10081743869210046,0.0,0.0,0.0
1964,2021,10.430000000000064,0.552980383246235,1796.458,1800.098,1802.148,1805.688,1795.258,-1,14.75,-0.46404602109299026,-0.6605944391179128,-0.42761265580057617,-0.6241610738254987,0.0,0.0,0.0
1965,2021,13.019999999999982,0.7085741829900196,1824.988,1827.738,1831.198,1828.038,1815.018,1,15.233333333333333,-0.02304147465437442,0.2427035330261203,0.0007680491551452319,0.26651305683563997,0.0,0.0,0.0
1966,2021,4.740000000000009,0.249604116436785,1827.498,1822.618,1811.888,1831.248,1826.508,-1,13.6,0.8206751054852516,3.0843881856540274,0.8206751054852516,3.0843881856540274,0.0,0.0,1.0
1967,2021,5.329999999999927,0.27880943662708185,1811.278,1814.638,1816.268,1811.588,1806.258,-1,13.25,-1.5722326454033764,-1.8780487804878288,-1.3621013133208424,-1.6679174484052948,1.0,1.0,0.0
1968,2021,3.6700000000000728,0.19546154870371094,1809.998,1811.328,1809.898,1812.018,1808.348,-1,13.25,-0.8119891008174276,-0.42234332425066046,-0.7882833787465863,-0.3986376021798192,1.0,1.0,0.0
1969,2021,8.449999999999818,0.4818246614397614,1817.698,1811.568,1811.108,1819.128,1810.678,1,13.016666666666667,-0.8946745562130306,-0.9491124260355213,-0.8674556213017852,-0.9218934911242759,1.0,1.0,1.0
1970,2021,6.269999999999982,0.3416109184733741,1812.948,1802.848,1803.648,1814.748,1808.478,-1,14.05,0.89792663476876,0.770334928229692,0.9776714513556821,0.8500797448166141,0.0,0.0,1.0
1971,2021,6.482999999999947,0.3617183234430207,1799.538,1760.578,1763.443,1801.058,1794.575,1,13.333333333333334,-6.244022828937274,-5.8020977942311145,-6.151318833873278,-5.709393799167118,1.0,1.0,0.0
1972,2021,13.710000000000036,0.7002911494932271,1744.038,1729.608,1728.238,1752.498,1738.788,-1,13.816666666666666,0.6695842450765893,0.7695113056163331,0.8796498905908033,0.9795769511305471,0.0,0.0,1.0
1973,2021,9.637000000000171,0.4065926117905239,1732.298,1726.328,1730.148,1737.005,1727.368,-1,13.583333333333334,0.10791740168101538,-0.2884715160319522,0.2448894884300182,-0.15149942928294938,0.0,0.0,1.0
1974,2021,9.450000000000045,0.3968968248254033,1737.488,1745.708,1751.368,1738.358,1728.908,1,13.016666666666667,0.7777777777777884,1.3767195767195692,0.8211640211640162,1.420105820105797,0.0,0.0,1.0
1975,2021,8.75,0.3516820449808515,1749.348,1748.138,1751.635,1758.038,1749.288,-1,13.0,0.13142857142858183,-0.26822857142856915,0.13828571428571845,-0.26137142857143253,0.0,0.0,0.0
1976,2021,5.98700000000008,0.24360386543631832,1759.208,1773.188,1776.768,1761.595,1755.608,1,13.566666666666666,1.9363621179221513,2.534324369467145,1.9859696008017274,2.5839318523467214,0.0,0.0,1.0
1977,2021,6.608999999999924,0.2589936515400866,1772.208,1788.488,1787.358,1777.308,1770.699,1,13.566666666666666,1.6916326221819025,1.520653654108045,1.7234074746558075,1.5524285065819503,0.0,0.0,1.0
1978,2021,4.748999999999796,0.1825931489806882,1791.368,1783.258,1783.048,1795.437,1790.688,-1,13.066666666666666,1.564539903137583,1.6087597388924886,1.650873868182829,1.6950937039377343,0.0,0.0,1.0
1979,2021,10.809999999999945,0.41828584063458574,1786.958,1781.748,1785.608,1793.638,1782.828,-1,15.333333333333334,0.09990749306197343,-0.25716928769657604,0.19148936170212275,-0.1655874190564267,0.0,0.0,0.0
1980,2021,12.339999999999918,0.48817705036621506,1786.828,1780.452,1779.878,1790.028,1777.688,1,14.1,-0.7760129659643505,-0.8225283630470145,-0.7257698541328982,-0.772285251215562,1.0,1.0,0.0
1981,2021,8.562999999999874,0.34175057299565115,1784.557,1782.325,1782.665,1788.281,1779.718,-1,14.05,-0.30444937521896637,-0.3441550858343959,-0.15146560784772212,-0.19117131846315166,0.0,0.0,0.0
1982,2021,8.865000000000009,0.3576440618867457,1790.818,1804.098,1804.874,1793.063,1784.198,1,13.416666666666666,1.244782853919892,1.3323181049069273,1.2859560067681728,1.3734912577552079,0.0,0.0,1.0
1983,2021,4.949000000000069,0.1877053865805551,1804.162,1804.538,1805.859,1805.597,1800.648,1,13.216666666666667,-0.2139826227520619,0.05293998787632652,-0.08486562942009838,0.18205698120829003,0.0,0.0,0.0
1984,2021,6.015999999999849,0.23882628495595737,1794.164,1784.348,1792.138,1796.224,1790.208,1,13.783333333333333,-1.9740691489362159,-0.6791888297872533,-1.9032579787234596,-0.608377659574497,1.0,1.0,0.0
1985,2021,6.890999999999849,0.271201592227764,1788.378,1791.545,1790.938,1790.139,1783.248,1,13.5,0.20403424756932337,0.11594833841245437,0.4832390074009908,0.3951530982441218,1.0,1.0,0.0
1986,2021,11.680000000000064,0.49790661206096326,1796.555,1807.598,1817.525,1804.058,1792.378,-1,14.183333333333334,-1.303082191780817,-2.152996575342468,-1.1121575342465702,-1.9620719178082209,1.0,1.0,0.0
1987,2021,4.960000000000036,0.24266823226816767,1817.068,1811.698,1810.828,1817.738,1812.778,-1,14.15,0.2177419354838547,0.3931451612903289,0.2741935483870746,0.44959677419354876,0.0,0.0,1.0
1988,2021,5.053000000000111,0.251703415370061,1812.608,1806.907,1815.028,1816.948,1811.895,-1,13.35,0.987136354640797,-0.6200277063130752,1.1905798535523342,-0.41658420740153806,0.0,0.0,1.0
1989,2021,7.419999999999845,0.3872795735003471,1812.905,1809.745,1813.108,1816.618,1809.198,1,13.633333333333333,-0.9262803234501604,-0.4730458221024345,-0.7981132075471898,-0.3448787061994639,0.0,1.0,0.0
1990,2021,4.848999999999933,0.25812167300379935,1815.365,1812.418,1809.158,1817.004,1812.155,-1,13.5,-0.05423798721384278,0.6180655805320917,0.07362342751086888,0.7459269952568033,0.0,0.0,1.0
1991,2021,4.354000000000042,0.24694639015715006,1814.605,1830.227,1830.368,1815.354,1811.0,1,13.016666666666667,3.415939366100116,3.448323380799208,3.5305466237941947,3.562930638493287,0.0,0.0,1.0
1993,2021,12.236999999999853,0.6973103661614043,1810.905,1796.677,1796.178,1820.465,1808.228,-1,15.033333333333333,0.9439405082945409,0.9847184767508458,1.07223992808697,1.1130178965432749,0.0,0.0,1.0
1994,2021,6.288999999999987,0.3334014934642009,1796.864,1788.697,1791.378,1801.177,1794.888,1,13.2,-1.9844172364445927,-1.5581173477500394,-1.8810621720464586,-1.4547622833519054,1.0,1.0,0.0
1995,2021,13.048999999999978,0.6870632658126923,1798.907,1788.988,1794.665,1800.877,1787.828,-1,15.0,-0.08889570081999262,-0.5239481952640049,0.0849873553528949,-0.3500651390911174,0.0,0.0,0.0
1996,2021,10.799999999999955,0.5537629879761635,1797.378,1796.564,1790.538,1803.668,1792.868,-1,13.8,-0.34222222222223664,0.2157407407407349,-0.2611111111111274,0.29685185185184415,0.0,0.0,0.0
1997,2021,4.3900000000001,0.23654200679683623,1789.767,1796.058,1792.454,1791.238,1786.848,1,13.116666666666667,1.097949886104744,0.2769931662869856,1.1756264236901914,0.354669703872433,1.0,1.0,0.0
1998,2021,12.75,0.6717951419990535,1784.264,1804.194,1803.034,1794.768,1782.018,-1,13.5,-1.7392941176470533,-1.648313725490202,-1.5785882352941139,-1.4876078431372626,1.0,1.0,0.0
1999,2021,4.473999999999933,0.22870788588704538,1802.018,1793.927,1793.104,1803.328,1798.854,1,13.016666666666667,-2.101251676352304,-2.285203397407261,-2.042244076888759,-2.226195797943716,1.0,1.0,0.0
2000,2021,15.6400000000001,0.8054678820785672,1771.207,1753.854,1753.944,1786.707,1771.067,-1,13.0,1.1005754475703233,1.0948209718670037,1.109526854219946,1.1037723785166265,0.0,0.0,1.0
2001,2021,9.32899999999995,0.4546438728587276,1759.857,1751.374,1752.788,1767.417,1758.088,-1,13.133333333333333,0.719691285239573,0.5681209132811643,0.7528138064101134,0.6012434344517047,0.0,0.0,1.0
2002,2021,9.322999999999865,0.4470406104757642,1755.657,1765.057,1761.644,1760.107,1750.784,1,13.283333333333333,0.530944974793534,0.1648610962136712,0.5502520647860327,0.18416818620617,0.0,0.0,0.0
2003,2021,10.42599999999993,0.48725806343928607,1767.928,1777.628,1775.284,1768.264,1757.838,1,13.083333333333334,0.898139267216583,0.673316708229451,0.9389986572031487,0.7141760982160167,0.0,0.0,1.0
2004,2021,8.009999999999991,0.3593631830592342,1772.457,1774.558,1766.958,1780.017,1772.007,-1,13.083333333333334,-0.31847690387015404,0.6303370786516834,-0.2735330836454474,0.6752808988763901,0.0,1.0,0.0
2005,2021,16.295000000000073,0.7071101564364645,1773.107,1752.007,1750.758,1776.459,1760.164,-1,14.066666666666666,0.500583000920521,0.5772322798404361,0.5327401043264806,0.6093893832463958,0.0,0.0,0.0
2006,2021,8.163000000000011,0.3398680759188005,1749.444,1748.987,1746.678,1757.557,1749.394,-1,13.0,0.049859120421404494,0.332720813426423,0.05598431949036865,0.33884601249538715,0.0,0.0,1.0
2007,2021,15.864000000000033,0.6415251299826711,1748.218,1748.924,1750.288,1760.628,1744.764,0,,,,,,,,
2008,2021,12.825999999999794,0.5485483161444755,1734.338,1732.888,1734.518,1744.524,1731.698,-1,13.6,-0.09278029003585267,-0.2198658973959131,0.02261032278186462,-0.10447528457819583,0.0,0.0,0.0
2009,2021,8.789999999999964,0.36859761576708683,1743.318,1728.278,1725.378,1745.418,1736.628,-1,14.1,0.9499431171786057,1.2798634812286742,1.1626848691695186,1.4926052332195874,0.0,0.0,1.0
2010,2021,11.870000000000118,0.4879466776286866,1725.908,1757.316,1756.778,1733.968,1722.098,1,13.916666666666666,1.9669755686604653,1.921651221566952,2.0220724515585267,1.9767481044650133,0.0,0.0,1.0
2011,2021,5.962999999999965,0.22822883575462855,1754.468,1758.638,1758.828,1757.158,1751.195,-1,13.2,-1.2481972161663637,-1.2800603722958381,-1.1492537313432631,-1.1811168874727374,1.0,1.0,0.0
2012,2021,10.680000000000064,0.40896148617785893,1753.455,1766.408,1766.793,1758.288,1747.608,1,15.183333333333334,0.76029962546815,0.7963483146067257,0.8529962546816335,0.8890449438202092,0.0,0.0,1.0
2013,2021,7.379999999999882,0.2868382550950389,1756.978,1752.508,1761.605,1760.858,1753.478,1,13.45,-1.1314363143631494,0.10121951219513318,-1.0650406504065075,0.16761517615177504,1.0,1.0,0.0
2014,2021,10.968000000000075,0.4211022836034177,1754.268,1759.815,1763.458,1756.738,1745.77,1,13.116666666666667,0.2805433989788455,0.6126914660831493,0.30178701677606884,0.6339350838803727,0.0,0.0,0.0
2015,2021,8.802999999999884,0.3700605347233849,1761.365,1756.475,1755.685,1766.848,1758.045,-1,13.55,0.17834829035558156,0.26809042371920466,0.21390435078951076,0.30364648415313383,0.0,0.0,0.0
2016,2021,8.879999999999882,0.3791596392615605,1761.618,1758.798,1757.978,1763.145,1754.265,1,13.116666666666667,-0.48952702702703127,-0.5818693693693677,-0.377252252252247,-0.4695945945945834,0.0,0.0,1.0
2017,2021,4.954999999999927,0.2097018467184364,1754.765,1757.348,1755.435,1757.163,1752.208,1,13.266666666666667,0.03733602421795119,-0.34873864783049263,0.11503531786073556,-0.27103935418770825,1.0,1.0,0.0
2018,2021,8.52800000000002,0.3756910945175008,1761.763,1762.505,1759.238,1764.898,1756.37,-1,13.533333333333333,-0.7193949343339826,-0.3363039399624952,-0.7008677298311533,-0.3177767354596658,1.0,1.0,0.0
2019,2021,12.6099999999999,0.5627974738828637,1773.518,1792.714,1793.695,1774.348,1761.738,1,13.016666666666667,1.456463124504372,1.534258524980185,1.4873909595559085,1.5651863600317215,1.0,1.0,0.0
2020,2021,9.804000000000087,0.43819977205030536,1795.568,1796.834,1798.718,1800.458,1790.654,0,,,,,,,,
2021,2021,14.549999999999955,0.6573766894290438,1778.275,1774.898,1767.644,1792.058,1777.508,-1,13.033333333333333,0.17938144329897837,0.6779381443299013,0.21484536082474132,0.7134020618556642,0.0,0.0,0.0
2022,2021,6.663999999999987,0.28660252393064634,1762.968,1770.328,1765.664,1766.848,1760.184,1,13.1,0.5222088835534251,-0.17767106842736666,0.5966386554621688,-0.10324129651862293,0.0,0.0,0.0
2023,2021,7.069999999999936,0.3182513857986154,1780.388,1773.012,1770.524,1782.858,1775.788,1,13.25,-1.3926449787836057,-1.7445544554455688,-1.3035360678925325,-1.6554455445544956,1.0,1.0,0.0
2024,2021,7.210000000000036,0.3263223912635871,1779.514,1782.524,1786.298,1781.708,1774.498,1,13.05,0.1131761442440776,0.6366158113730783,0.21914008321774192,0.7425797503467427,0.0,0.0,0.0
2025,2021,10.461999999999989,0.5068763366809464,1778.284,1780.104,1780.908,1787.854,1777.392,-1,13.016666666666667,-0.2592238577709799,-0.33607340852608036,-0.21468170521889668,-0.2915312559739971,0.0,0.0,0.0
2026,2021,4.564000000000078,0.22229876179840538,1792.298,1811.854,1794.028,1794.978,1790.414,1,13.333333333333334,3.6976336546888007,-0.20815074496056732,3.866345311130512,-0.03943908851885639,0.0,1.0,1.0
2027,2021,7.604000000000042,0.36022549623383554,1801.654,1806.934,1808.058,1803.568,1795.964,1,13.533333333333333,0.4426617569700114,0.5904786954234593,0.49184639663334934,0.6396633350867972,0.0,0.0,0.0
2028,2021,4.8659999999999854,0.23227363855815947,1802.834,1785.864,1793.488,1804.698,1799.832,-1,13.416666666666666,2.8705302096177796,1.3037402383888348,3.182079736950261,1.6152897657213159,0.0,0.0,1.0
2029,2021,8.45399999999995,0.3945502488524093,1791.134,1791.958,1797.848,1791.828,1783.374,1,13.166666666666666,0.015377336172239164,0.7120889519753982,0.15897799858056053,0.8556896143837196,0.0,0.0,0.0
2030,2021,7.790000000000191,0.36284272268449896,1801.844,1798.642,1800.652,1803.438,1795.648,1,13.266666666666667,-0.6156611039794521,-0.3576379974326046,-0.6079589216944493,-0.34993581514760186,1.0,1.0,0.0
2031,2021,8.263999999999896,0.3979540943909524,1792.978,1776.858,1781.758,1799.062,1790.798,-1,13.083333333333334,1.6868344627299405,1.0939012584704837,1.7408034849951777,1.1478702807357206,0.0,0.0,1.0
2032,2021,9.804000000000087,0.4446301713330582,1789.174,1792.978,1792.518,1790.688,1780.884,1,13.416666666666666,0.2335781313749432,0.18665850673193707,0.21827825377397808,0.1713586291309719,0.0,0.0,0.0
2033,2021,7.360000000000127,0.33681237680885223,1791.028,1788.744,1788.234,1795.498,1788.138,-1,14.116666666666667,-0.08233695652173696,-0.013043478260869833,0.06032608695654615,0.12961956521741327,0.0,0.0,0.0
2034,2021,11.269999999999982,0.5681138964302934,1775.708,1763.458,1773.338,1785.548,1774.278,-1,13.116666666666667,0.9600709849157013,0.08340727595386478,1.0470275066548336,0.17036379769299698,0.0,0.0,1.0
2035,2021,20.673999999999978,0.9887473098076714,1792.524,1792.184,1793.704,1792.838,1772.164,1,13.083333333333334,-0.0316339363451677,0.04188836219405951,-0.009190287317406152,0.06433201122182106,0.0,0.0,0.0
2036,2021,15.129999999999882,0.7323330106485899,1790.884,1809.834,1816.718,1800.024,1784.894,1,13.45,0.6483807005948612,1.103370786516875,0.7964309319233344,1.2514210178453482,0.0,0.0,1.0
2037,2021,6.125,0.27603412200225325,1817.668,1821.408,1825.606,1818.438,1812.313,1,13.083333333333334,0.4848979591836408,1.1702857142856968,0.5379591836734442,1.2233469387755,0.0,0.0,1.0
2038,2021,8.549999999999955,0.3956292388847002,1824.038,1825.732,1830.213,1828.528,1819.978,1,13.516666666666667,-0.3270175438596566,0.19707602339180752,-0.19192982456141347,0.33216374269005067,0.0,0.0,0.0
2039,2021,4.4650000000001455,0.21224220941050922,1826.363,1851.358,1846.968,1827.113,1822.648,1,13.25,5.430011198208085,4.446808510638157,5.494960806270785,4.511758118700857,1.0,1.0,0.0
2040,2021,10.710000000000036,0.4573879408696298,1858.388,1861.574,1861.988,1865.528,1854.818,1,13.8,-0.36918767507002215,-0.33053221288514956,-0.28291316526610294,-0.2442577030812303,0.0,0.0,0.0
2041,2021,13.506000000000085,0.5908727281817987,1853.328,1860.688,1863.728,1858.594,1845.088,1,14.55,0.1550422034651294,0.3801273508070474,0.1888049755664272,0.4138901229083452,0.0,0.0,0.0
2042,2021,6.495999999999867,0.2797054825276281,1863.698,1861.898,1867.078,1864.734,1858.238,1,13.083333333333334,-0.4365763546798138,0.36083743842366056,-0.37500000000003064,0.42241379310344374,1.0,1.0,0.0
2043,2021,11.034000000000106,0.4929634097306034,1870.608,1861.138,1851.538,1874.798,1863.764,1,13.2,-1.237991662135214,-2.108029726300505,-1.2026463657784896,-2.0726844299437803,1.0,1.0,0.0
2044,2021,9.08400000000006,0.39065206974086997,1863.738,1862.698,1863.868,1864.798,1855.714,1,13.033333333333333,-0.23117569352706904,-0.10237780713342773,-0.13936591809773674,-0.010568031704095444,0.0,0.0,0.0
2045,2021,10.993999999999915,0.47224216539950364,1865.334,1860.008,1858.788,1869.638,1858.644,-1,13.383333333333333,-0.12406767327633648,-0.01309805348371899,0.020010915044572402,0.1309805348371899,0.0,0.0,0.0
2046,2021,13.319999999999936,0.5957599069684193,1860.108,1860.268,1849.524,1864.748,1851.428,1,14.1,-0.3363363363363393,-1.1429429429429605,-0.3115615615615528,-1.1181681681681739,0.0,1.0,0.0
2047,2021,9.75,0.42656116699635255,1839.778,1818.338,1803.594,1846.948,1837.198,-1,13.516666666666667,1.9343589743589875,3.446564102564107,1.9476923076923087,3.459897435897428,0.0,0.0,1.0
2048,2021,17.019999999999982,0.6678120104145927,1791.768,1786.238,1788.038,1808.318,1791.298,-1,13.0,0.2972972972972944,0.1915393654524086,0.324911868390128,0.2191539365452422,0.0,0.0,0.0
2049,2021,10.457000000000107,0.4084742830676207,1785.785,1784.495,1784.678,1794.605,1784.148,-1,13.166666666666666,-0.033183513435973644,-0.05068375251029881,0.07105288323612488,0.05355264416179972,0.0,0.0,0.0
2052,2021,9.059999999999945,0.36966120218578963,1793.858,1786.868,1782.558,1799.258,1790.198,-1,13.583333333333334,0.36754966887419144,0.8432671081677865,0.43487858719647665,0.9105960264900718,0.0,0.0,1.0
2053,2021,9.462999999999965,0.38093074744454014,1792.705,1784.328,1775.948,1798.418,1788.955,1,14.75,-1.488956990383596,-2.3745112543590703,-1.317763922646103,-2.203318186621577,1.0,1.0,1.0
2054,2021,12.032999999999902,0.49495967445754757,1786.025,1785.88,1782.085,1788.558,1776.525,1,13.35,-0.2225546414028011,-0.5379373389844602,-0.16454749439041028,-0.4799301919720694,0.0,0.0,0.0
2055,2021,13.799999999999955,0.56959730178338,1779.498,1767.135,1766.698,1781.148,1767.348,-1,14.616666666666667,0.0154347826086932,0.04710144927535259,0.35166666666667257,0.38333333333333197,0.0,0.0,0.0
2056,2021,8.627999999999929,0.35974946912590866,1774.121,1770.618,1783.828,1774.648,1766.02,1,13.5,-0.46708391284191075,1.0639777468706697,0.11555401019933377,1.6466156699119143,0.0,0.0,1.0
2057,2021,6.207000000000107,0.2543889693935845,1780.225,1778.155,1778.258,1782.815,1776.608,-1,13.316666666666666,-0.24923473497663906,-0.2658289028516292,-0.070887707427106,-0.08748187530209613,0.0,1.0,0.0
2058,2021,7.259999999999991,0.3119197920534715,1783.358,1782.428,1784.768,1784.558,1777.298,-1,13.516666666666667,-0.7066115702479498,-1.0289256198347159,-0.6666666666666875,-0.9889807162534535,0.0,1.0,0.0
2059,2021,10.303000000000111,0.4467508494157119,1784.505,1782.408,1785.568,1792.998,1782.695,-1,13.083333333333334,0.027855964282250942,-0.2788508201494726,0.13986217606522522,-0.16684460836649834,0.0,0.0,0.0
2060,2021,12.710000000000036,0.555155168271857,1776.265,1779.415,1775.988,1787.505,1774.795,-1,13.033333333333333,-0.36349331235246873,-0.09386309992132023,-0.3372934697088924,-0.06766325727774389,0.0,0.0,0.0
2061,2021,3.7200000000000273,0.166874405221555,1773.448,1783.04,1782.148,1773.688,1769.968,1,13.1,2.5139784946236,2.2741935483870286,2.535483870967728,2.2956989247311563,0.0,0.0,1.0
2062,2021,8.210000000000036,0.4037501624625472,1789.855,1786.768,1787.678,1791.455,1783.245,-1,13.483333333333333,-0.42911084043850456,-0.5399512789281609,-0.34263093788064425,-0.4534713763703005,0.0,0.0,0.0
2063,2021,3.742999999999938,0.19850821466858773,1784.455,1774.038,1772.098,1785.638,1781.895,-1,13.35,2.0991183542613148,2.6174191824740016,2.165909698103154,2.6842105263158405,0.0,0.0,1.0
2064,2021,4.6599999999998545,0.242393618404668,1771.558,1766.038,1769.458,1771.918,1767.258,1,13.5,-1.26180257510731,-0.52789699570813,-1.107296137339108,-0.37339055793992776,1.0,1.0,0.0
2065,2021,6.180000000000064,0.29802316809788376,1783.918,1797.228,1796.858,1788.248,1782.068,1,13.2,1.4530744336569459,1.393203883495115,1.5420711974109829,1.482200647249152,0.0,0.0,1.0
2066,2021,6.563999999999851,0.32846981449046686,1811.645,1804.448,1801.465,1812.359,1805.795,1,13.0,-1.2052102376599652,-1.659658744667924,-1.096435100548454,-1.550883607556413,1.0,1.0,0.0
2067,2021,7.446999999999889,0.37246972241076953,1797.468,1793.668,1790.355,1802.245,1794.798,-1,13.483333333333333,0.1517389552840239,0.596616087014912,0.5259836175641469,0.9708607492950351,0.0,0.0,0.0
2068,2021,6.500999999999976,0.35425035030359536,1798.708,1785.875,1788.075,1798.739,1792.238,1,13.0,-1.9787724965390063,-1.640363021073685,-1.97400399938473,-1.6355945239194087,1.0,1.0,0.0
2069,2021,7.6099999999999,0.4252448730332269,1793.318,1795.595,1803.565,1793.405,1785.795,1,13.0,0.2877792378449518,1.335085413929069,0.29921156373194135,1.3465177398160586,0.0,0.0,1.0
2070,2021,4.711000000000013,0.2641985595141773,1805.108,1805.858,1809.185,1807.919,1803.208,1,13.45,-0.43748673317769976,0.2687327531309373,-0.37359371683294124,0.33262576947569583,1.0,1.0,0.0
2071,2021,4.613000000000056,0.26740810977554175,1806.865,1812.655,1809.109,1809.208,1804.595,-1,13.4,-1.747236071970485,-0.9785389117710472,-1.6555386949923803,-0.8868415347929427,1.0,1.0,0.0
2072,2021,4.779999999999973,0.27883798063300935,1816.388,1811.354,1806.884,1818.224,1813.444,1,13.466666666666667,-1.4372384937238347,-2.37238493723849,-1.368200836820084,-2.3033472803347395,1.0,1.0,0.0
2073,2021,11.936999999999898,0.6973797869277237,1793.505,1799.775,1804.998,1805.175,1793.238,-1,13.0,-0.5476250314149359,-0.985172153807497,-0.5252576024126695,-0.9628047248052305,0.0,1.0,0.0
2074,2021,6.539999999999964,0.3747130105955861,1804.578,1807.108,1815.035,1804.568,1798.028,1,13.0,0.38837920489296296,1.600458715596354,0.38685015290519675,1.598929663608588,0.0,0.0,1.0
2075,2021,5.225999999999885,0.2914552045572187,1818.828,1821.958,1827.208,1820.194,1814.968,1,13.166666666666666,0.3375430539609955,1.3421354764638878,0.39992345962498876,1.4045158821278811,0.0,0.0,1.0
