tag|stage|params
baseline|IS|{}
baseline|IS|{"exit_time": 18}
grid|IS|{"range_start": -3, "range_end": 5, "entry_end": 9, "exit_time": 12}
grid|IS|{"range_start": -3, "range_end": 5, "entry_end": 9, "exit_time": 14}
grid|IS|{"range_start": -3, "range_end": 5, "entry_end": 9, "exit_time": 16}
grid|IS|{"range_start": -3, "range_end": 5, "entry_end": 9, "exit_time": 17}
grid|IS|{"range_start": -3, "range_end": 5, "entry_end": 9, "exit_time": 18}
grid|IS|{"range_start": -3, "range_end": 5, "entry_end": 9}
grid|IS|{"range_start": -3, "range_end": 5, "entry_end": 9, "exit_time": 21}
grid|IS|{"range_start": -3, "range_end": 5, "entry_end": 10, "exit_time": 12}
grid|IS|{"range_start": -3, "range_end": 5, "entry_end": 10, "exit_time": 14}
grid|IS|{"range_start": -3, "range_end": 5, "entry_end": 10, "exit_time": 16}
grid|IS|{"range_start": -3, "range_end": 5, "entry_end": 10, "exit_time": 17}
grid|IS|{"range_start": -3, "range_end": 5, "entry_end": 10, "exit_time": 18}
grid|IS|{"range_start": -3, "range_end": 5, "entry_end": 10}
grid|IS|{"range_start": -3, "range_end": 5, "entry_end": 10, "exit_time": 21}
grid|IS|{"range_start": -3, "range_end": 5, "entry_end": 11, "exit_time": 12}
grid|IS|{"range_start": -3, "range_end": 5, "entry_end": 11, "exit_time": 14}
grid|IS|{"range_start": -3, "range_end": 5, "entry_end": 11, "exit_time": 16}
grid|IS|{"range_start": -3, "range_end": 5, "entry_end": 11, "exit_time": 17}
grid|IS|{"range_start": -3, "range_end": 5, "entry_end": 11, "exit_time": 18}
grid|IS|{"range_start": -3, "range_end": 5, "entry_end": 11}
grid|IS|{"range_start": -3, "range_end": 5, "entry_end": 11, "exit_time": 21}
grid|IS|{"range_start": -3, "range_end": 5, "exit_time": 12}
grid|IS|{"range_start": -3, "range_end": 5, "exit_time": 14}
grid|IS|{"range_start": -3, "range_end": 5, "exit_time": 16}
grid|IS|{"range_start": -3, "range_end": 5, "exit_time": 17}
grid|IS|{"range_start": -3, "range_end": 5, "exit_time": 18}
grid|IS|{"range_start": -3, "range_end": 5}
grid|IS|{"range_start": -3, "range_end": 5, "exit_time": 21}
grid|IS|{"range_start": -3, "range_end": 5, "entry_end": 13, "exit_time": 14}
grid|IS|{"range_start": -3, "range_end": 5, "entry_end": 13, "exit_time": 16}
grid|IS|{"range_start": -3, "range_end": 5, "entry_end": 13, "exit_time": 17}
grid|IS|{"range_start": -3, "range_end": 5, "entry_end": 13, "exit_time": 18}
grid|IS|{"range_start": -3, "range_end": 5, "entry_end": 13}
grid|IS|{"range_start": -3, "range_end": 5, "entry_end": 13, "exit_time": 21}
grid|IS|{"range_start": -3, "range_end": 5, "entry_end": 14, "exit_time": 14}
grid|IS|{"range_start": -3, "range_end": 5, "entry_end": 15, "exit_time": 16}
grid|IS|{"range_start": -3, "range_end": 5, "entry_end": 15, "exit_time": 17}
grid|IS|{"range_start": -3, "range_end": 5, "entry_end": 15, "exit_time": 18}
grid|IS|{"range_start": -3, "range_end": 5, "entry_end": 15}
grid|IS|{"range_start": -3, "range_end": 5, "entry_end": 15, "exit_time": 21}
grid|IS|{"range_start": -3, "range_end": 6, "entry_end": 9, "exit_time": 12}
grid|IS|{"range_start": -3, "range_end": 6, "entry_end": 9, "exit_time": 14}
grid|IS|{"range_start": -3, "range_end": 6, "entry_end": 9, "exit_time": 16}
grid|IS|{"range_start": -3, "range_end": 6, "entry_end": 9, "exit_time": 17}
grid|IS|{"range_start": -3, "range_end": 6, "entry_end": 9, "exit_time": 18}
grid|IS|{"range_start": -3, "range_end": 6, "entry_end": 9}
grid|IS|{"range_start": -3, "range_end": 6, "entry_end": 9, "exit_time": 21}
grid|IS|{"range_start": -3, "range_end": 6, "entry_end": 10, "exit_time": 12}
grid|IS|{"range_start": -3, "range_end": 6, "entry_end": 10, "exit_time": 14}
grid|IS|{"range_start": -3, "range_end": 6, "entry_end": 10, "exit_time": 16}
grid|IS|{"range_start": -3, "range_end": 6, "entry_end": 10, "exit_time": 17}
grid|IS|{"range_start": -3, "range_end": 6, "entry_end": 10, "exit_time": 18}
grid|IS|{"range_start": -3, "range_end": 6, "entry_end": 10}
grid|IS|{"range_start": -3, "range_end": 6, "entry_end": 10, "exit_time": 21}
grid|IS|{"range_start": -3, "range_end": 6, "entry_end": 11, "exit_time": 12}
grid|IS|{"range_start": -3, "range_end": 6, "entry_end": 11, "exit_time": 14}
grid|IS|{"range_start": -3, "range_end": 6, "entry_end": 11, "exit_time": 16}
grid|IS|{"range_start": -3, "range_end": 6, "entry_end": 11, "exit_time": 17}
grid|IS|{"range_start": -3, "range_end": 6, "entry_end": 11, "exit_time": 18}
grid|IS|{"range_start": -3, "range_end": 6, "entry_end": 11}
grid|IS|{"range_start": -3, "range_end": 6, "entry_end": 11, "exit_time": 21}
grid|IS|{"range_start": -3, "range_end": 6, "exit_time": 12}
grid|IS|{"range_start": -3, "range_end": 6, "exit_time": 14}
grid|IS|{"range_start": -3, "range_end": 6, "exit_time": 16}
grid|IS|{"range_start": -3, "range_end": 6, "exit_time": 17}
grid|IS|{"range_start": -3, "range_end": 6, "exit_time": 18}
grid|IS|{"range_start": -3, "range_end": 6}
grid|IS|{"range_start": -3, "range_end": 6, "exit_time": 21}
grid|IS|{"range_start": -3, "range_end": 6, "entry_end": 13, "exit_time": 14}
grid|IS|{"range_start": -3, "range_end": 6, "entry_end": 13, "exit_time": 16}
grid|IS|{"range_start": -3, "range_end": 6, "entry_end": 13, "exit_time": 17}
grid|IS|{"range_start": -3, "range_end": 6, "entry_end": 13, "exit_time": 18}
grid|IS|{"range_start": -3, "range_end": 6, "entry_end": 13}
grid|IS|{"range_start": -3, "range_end": 6, "entry_end": 13, "exit_time": 21}
grid|IS|{"range_start": -3, "range_end": 6, "entry_end": 14, "exit_time": 14}
grid|IS|{"range_start": -3, "range_end": 6, "entry_end": 15, "exit_time": 16}
grid|IS|{"range_start": -3, "range_end": 6, "entry_end": 15, "exit_time": 17}
grid|IS|{"range_start": -3, "range_end": 6, "entry_end": 15, "exit_time": 18}
grid|IS|{"range_start": -3, "range_end": 6, "entry_end": 15}
grid|IS|{"range_start": -3, "range_end": 6, "entry_end": 15, "exit_time": 21}
grid|IS|{"range_start": -3, "entry_end": 9, "exit_time": 12}
grid|IS|{"range_start": -3, "entry_end": 9, "exit_time": 14}
grid|IS|{"range_start": -3, "entry_end": 9, "exit_time": 16}
grid|IS|{"range_start": -3, "entry_end": 9, "exit_time": 17}
grid|IS|{"range_start": -3, "entry_end": 9, "exit_time": 18}
grid|IS|{"range_start": -3, "entry_end": 9}
grid|IS|{"range_start": -3, "entry_end": 9, "exit_time": 21}
grid|IS|{"range_start": -3, "entry_end": 10, "exit_time": 12}
grid|IS|{"range_start": -3, "entry_end": 10, "exit_time": 14}
grid|IS|{"range_start": -3, "entry_end": 10, "exit_time": 16}
grid|IS|{"range_start": -3, "entry_end": 10, "exit_time": 17}
grid|IS|{"range_start": -3, "entry_end": 10, "exit_time": 18}
grid|IS|{"range_start": -3, "entry_end": 10}
grid|IS|{"range_start": -3, "entry_end": 10, "exit_time": 21}
grid|IS|{"range_start": -3, "entry_end": 11, "exit_time": 12}
grid|IS|{"range_start": -3, "entry_end": 11, "exit_time": 14}
grid|IS|{"range_start": -3, "entry_end": 11, "exit_time": 16}
grid|IS|{"range_start": -3, "entry_end": 11, "exit_time": 17}
grid|IS|{"range_start": -3, "entry_end": 11, "exit_time": 18}
grid|IS|{"range_start": -3, "entry_end": 11}
grid|IS|{"range_start": -3, "entry_end": 11, "exit_time": 21}
grid|IS|{"range_start": -3, "exit_time": 12}
grid|IS|{"range_start": -3, "exit_time": 14}
grid|IS|{"range_start": -3, "exit_time": 16}
grid|IS|{"range_start": -3, "exit_time": 17}
grid|IS|{"range_start": -3, "exit_time": 18}
grid|IS|{"range_start": -3}
grid|IS|{"range_start": -3, "exit_time": 21}
grid|IS|{"range_start": -3, "entry_end": 13, "exit_time": 14}
grid|IS|{"range_start": -3, "entry_end": 13, "exit_time": 16}
grid|IS|{"range_start": -3, "entry_end": 13, "exit_time": 17}
grid|IS|{"range_start": -3, "entry_end": 13, "exit_time": 18}
grid|IS|{"range_start": -3, "entry_end": 13}
grid|IS|{"range_start": -3, "entry_end": 13, "exit_time": 21}
grid|IS|{"range_start": -3, "entry_end": 14, "exit_time": 14}
grid|IS|{"range_start": -3, "entry_end": 15, "exit_time": 16}
grid|IS|{"range_start": -3, "entry_end": 15, "exit_time": 17}
grid|IS|{"range_start": -3, "entry_end": 15, "exit_time": 18}
grid|IS|{"range_start": -3, "entry_end": 15}
grid|IS|{"range_start": -3, "entry_end": 15, "exit_time": 21}
grid|IS|{"range_start": -3, "range_end": 8, "entry_end": 9, "exit_time": 12}
grid|IS|{"range_start": -3, "range_end": 8, "entry_end": 9, "exit_time": 14}
grid|IS|{"range_start": -3, "range_end": 8, "entry_end": 9, "exit_time": 16}
grid|IS|{"range_start": -3, "range_end": 8, "entry_end": 9, "exit_time": 17}
grid|IS|{"range_start": -3, "range_end": 8, "entry_end": 9, "exit_time": 18}
grid|IS|{"range_start": -3, "range_end": 8, "entry_end": 9}
grid|IS|{"range_start": -3, "range_end": 8, "entry_end": 9, "exit_time": 21}
grid|IS|{"range_start": -3, "range_end": 8, "entry_end": 10, "exit_time": 12}
grid|IS|{"range_start": -3, "range_end": 8, "entry_end": 10, "exit_time": 14}
grid|IS|{"range_start": -3, "range_end": 8, "entry_end": 10, "exit_time": 16}
grid|IS|{"range_start": -3, "range_end": 8, "entry_end": 10, "exit_time": 17}
grid|IS|{"range_start": -3, "range_end": 8, "entry_end": 10, "exit_time": 18}
grid|IS|{"range_start": -3, "range_end": 8, "entry_end": 10}
grid|IS|{"range_start": -3, "range_end": 8, "entry_end": 10, "exit_time": 21}
grid|IS|{"range_start": -3, "range_end": 8, "entry_end": 11, "exit_time": 12}
grid|IS|{"range_start": -3, "range_end": 8, "entry_end": 11, "exit_time": 14}
grid|IS|{"range_start": -3, "range_end": 8, "entry_end": 11, "exit_time": 16}
grid|IS|{"range_start": -3, "range_end": 8, "entry_end": 11, "exit_time": 17}
grid|IS|{"range_start": -3, "range_end": 8, "entry_end": 11, "exit_time": 18}
grid|IS|{"range_start": -3, "range_end": 8, "entry_end": 11}
grid|IS|{"range_start": -3, "range_end": 8, "entry_end": 11, "exit_time": 21}
grid|IS|{"range_start": -3, "range_end": 8, "exit_time": 12}
grid|IS|{"range_start": -3, "range_end": 8, "exit_time": 14}
grid|IS|{"range_start": -3, "range_end": 8, "exit_time": 16}
grid|IS|{"range_start": -3, "range_end": 8, "exit_time": 17}
grid|IS|{"range_start": -3, "range_end": 8, "exit_time": 18}
grid|IS|{"range_start": -3, "range_end": 8}
grid|IS|{"range_start": -3, "range_end": 8, "exit_time": 21}
grid|IS|{"range_start": -3, "range_end": 8, "entry_end": 13, "exit_time": 14}
grid|IS|{"range_start": -3, "range_end": 8, "entry_end": 13, "exit_time": 16}
grid|IS|{"range_start": -3, "range_end": 8, "entry_end": 13, "exit_time": 17}
grid|IS|{"range_start": -3, "range_end": 8, "entry_end": 13, "exit_time": 18}
grid|IS|{"range_start": -3, "range_end": 8, "entry_end": 13}
grid|IS|{"range_start": -3, "range_end": 8, "entry_end": 13, "exit_time": 21}
grid|IS|{"range_start": -3, "range_end": 8, "entry_end": 14, "exit_time": 14}
grid|IS|{"range_start": -3, "range_end": 8, "entry_end": 15, "exit_time": 16}
grid|IS|{"range_start": -3, "range_end": 8, "entry_end": 15, "exit_time": 17}
grid|IS|{"range_start": -3, "range_end": 8, "entry_end": 15, "exit_time": 18}
grid|IS|{"range_start": -3, "range_end": 8, "entry_end": 15}
grid|IS|{"range_start": -3, "range_end": 8, "entry_end": 15, "exit_time": 21}
grid|IS|{"range_start": -3, "range_end": 9, "entry_end": 10, "exit_time": 12}
grid|IS|{"range_start": -3, "range_end": 9, "entry_end": 10, "exit_time": 14}
grid|IS|{"range_start": -3, "range_end": 9, "entry_end": 10, "exit_time": 16}
grid|IS|{"range_start": -3, "range_end": 9, "entry_end": 10, "exit_time": 17}
grid|IS|{"range_start": -3, "range_end": 9, "entry_end": 10, "exit_time": 18}
grid|IS|{"range_start": -3, "range_end": 9, "entry_end": 10}
grid|IS|{"range_start": -3, "range_end": 9, "entry_end": 10, "exit_time": 21}
grid|IS|{"range_start": -3, "range_end": 9, "entry_end": 11, "exit_time": 12}
grid|IS|{"range_start": -3, "range_end": 9, "entry_end": 11, "exit_time": 14}
grid|IS|{"range_start": -3, "range_end": 9, "entry_end": 11, "exit_time": 16}
grid|IS|{"range_start": -3, "range_end": 9, "entry_end": 11, "exit_time": 17}
grid|IS|{"range_start": -3, "range_end": 9, "entry_end": 11, "exit_time": 18}
grid|IS|{"range_start": -3, "range_end": 9, "entry_end": 11}
grid|IS|{"range_start": -3, "range_end": 9, "entry_end": 11, "exit_time": 21}
grid|IS|{"range_start": -3, "range_end": 9, "exit_time": 12}
grid|IS|{"range_start": -3, "range_end": 9, "exit_time": 14}
grid|IS|{"range_start": -3, "range_end": 9, "exit_time": 16}
grid|IS|{"range_start": -3, "range_end": 9, "exit_time": 17}
grid|IS|{"range_start": -3, "range_end": 9, "exit_time": 18}
grid|IS|{"range_start": -3, "range_end": 9}
grid|IS|{"range_start": -3, "range_end": 9, "exit_time": 21}
grid|IS|{"range_start": -3, "range_end": 9, "entry_end": 13, "exit_time": 14}
grid|IS|{"range_start": -3, "range_end": 9, "entry_end": 13, "exit_time": 16}
grid|IS|{"range_start": -3, "range_end": 9, "entry_end": 13, "exit_time": 17}
grid|IS|{"range_start": -3, "range_end": 9, "entry_end": 13, "exit_time": 18}
grid|IS|{"range_start": -3, "range_end": 9, "entry_end": 13}
grid|IS|{"range_start": -3, "range_end": 9, "entry_end": 13, "exit_time": 21}
grid|IS|{"range_start": -3, "range_end": 9, "entry_end": 14, "exit_time": 14}
grid|IS|{"range_start": -3, "range_end": 9, "entry_end": 15, "exit_time": 16}
grid|IS|{"range_start": -3, "range_end": 9, "entry_end": 15, "exit_time": 17}
grid|IS|{"range_start": -3, "range_end": 9, "entry_end": 15, "exit_time": 18}
grid|IS|{"range_start": -3, "range_end": 9, "entry_end": 15}
grid|IS|{"range_start": -3, "range_end": 9, "entry_end": 15, "exit_time": 21}
grid|IS|{"range_start": -2, "range_end": 5, "entry_end": 9, "exit_time": 12}
grid|IS|{"range_start": -2, "range_end": 5, "entry_end": 9, "exit_time": 14}
grid|IS|{"range_start": -2, "range_end": 5, "entry_end": 9, "exit_time": 16}
grid|IS|{"range_start": -2, "range_end": 5, "entry_end": 9, "exit_time": 17}
grid|IS|{"range_start": -2, "range_end": 5, "entry_end": 9, "exit_time": 18}
grid|IS|{"range_start": -2, "range_end": 5, "entry_end": 9}
grid|IS|{"range_start": -2, "range_end": 5, "entry_end": 9, "exit_time": 21}
grid|IS|{"range_start": -2, "range_end": 5, "entry_end": 10, "exit_time": 12}
grid|IS|{"range_start": -2, "range_end": 5, "entry_end": 10, "exit_time": 14}
grid|IS|{"range_start": -2, "range_end": 5, "entry_end": 10, "exit_time": 16}
grid|IS|{"range_start": -2, "range_end": 5, "entry_end": 10, "exit_time": 17}
grid|IS|{"range_start": -2, "range_end": 5, "entry_end": 10, "exit_time": 18}
grid|IS|{"range_start": -2, "range_end": 5, "entry_end": 10}
grid|IS|{"range_start": -2, "range_end": 5, "entry_end": 10, "exit_time": 21}
grid|IS|{"range_start": -2, "range_end": 5, "entry_end": 11, "exit_time": 12}
grid|IS|{"range_start": -2, "range_end": 5, "entry_end": 11, "exit_time": 14}
grid|IS|{"range_start": -2, "range_end": 5, "entry_end": 11, "exit_time": 16}
grid|IS|{"range_start": -2, "range_end": 5, "entry_end": 11, "exit_time": 17}
grid|IS|{"range_start": -2, "range_end": 5, "entry_end": 11, "exit_time": 18}
grid|IS|{"range_start": -2, "range_end": 5, "entry_end": 11}
grid|IS|{"range_start": -2, "range_end": 5, "entry_end": 11, "exit_time": 21}
grid|IS|{"range_start": -2, "range_end": 5, "exit_time": 12}
grid|IS|{"range_start": -2, "range_end": 5, "exit_time": 14}
grid|IS|{"range_start": -2, "range_end": 5, "exit_time": 16}
grid|IS|{"range_start": -2, "range_end": 5, "exit_time": 17}
grid|IS|{"range_start": -2, "range_end": 5, "exit_time": 18}
grid|IS|{"range_start": -2, "range_end": 5}
grid|IS|{"range_start": -2, "range_end": 5, "exit_time": 21}
grid|IS|{"range_start": -2, "range_end": 5, "entry_end": 13, "exit_time": 14}
grid|IS|{"range_start": -2, "range_end": 5, "entry_end": 13, "exit_time": 16}
grid|IS|{"range_start": -2, "range_end": 5, "entry_end": 13, "exit_time": 17}
grid|IS|{"range_start": -2, "range_end": 5, "entry_end": 13, "exit_time": 18}
grid|IS|{"range_start": -2, "range_end": 5, "entry_end": 13}
grid|IS|{"range_start": -2, "range_end": 5, "entry_end": 13, "exit_time": 21}
grid|IS|{"range_start": -2, "range_end": 5, "entry_end": 14, "exit_time": 14}
grid|IS|{"range_start": -2, "range_end": 5, "entry_end": 15, "exit_time": 16}
grid|IS|{"range_start": -2, "range_end": 5, "entry_end": 15, "exit_time": 17}
grid|IS|{"range_start": -2, "range_end": 5, "entry_end": 15, "exit_time": 18}
grid|IS|{"range_start": -2, "range_end": 5, "entry_end": 15}
grid|IS|{"range_start": -2, "range_end": 5, "entry_end": 15, "exit_time": 21}
grid|IS|{"range_start": -2, "range_end": 6, "entry_end": 9, "exit_time": 12}
grid|IS|{"range_start": -2, "range_end": 6, "entry_end": 9, "exit_time": 14}
grid|IS|{"range_start": -2, "range_end": 6, "entry_end": 9, "exit_time": 16}
grid|IS|{"range_start": -2, "range_end": 6, "entry_end": 9, "exit_time": 17}
grid|IS|{"range_start": -2, "range_end": 6, "entry_end": 9, "exit_time": 18}
grid|IS|{"range_start": -2, "range_end": 6, "entry_end": 9}
grid|IS|{"range_start": -2, "range_end": 6, "entry_end": 9, "exit_time": 21}
grid|IS|{"range_start": -2, "range_end": 6, "entry_end": 10, "exit_time": 12}
grid|IS|{"range_start": -2, "range_end": 6, "entry_end": 10, "exit_time": 14}
grid|IS|{"range_start": -2, "range_end": 6, "entry_end": 10, "exit_time": 16}
grid|IS|{"range_start": -2, "range_end": 6, "entry_end": 10, "exit_time": 17}
grid|IS|{"range_start": -2, "range_end": 6, "entry_end": 10, "exit_time": 18}
grid|IS|{"range_start": -2, "range_end": 6, "entry_end": 10}
grid|IS|{"range_start": -2, "range_end": 6, "entry_end": 10, "exit_time": 21}
grid|IS|{"range_start": -2, "range_end": 6, "entry_end": 11, "exit_time": 12}
grid|IS|{"range_start": -2, "range_end": 6, "entry_end": 11, "exit_time": 14}
grid|IS|{"range_start": -2, "range_end": 6, "entry_end": 11, "exit_time": 16}
grid|IS|{"range_start": -2, "range_end": 6, "entry_end": 11, "exit_time": 17}
grid|IS|{"range_start": -2, "range_end": 6, "entry_end": 11, "exit_time": 18}
grid|IS|{"range_start": -2, "range_end": 6, "entry_end": 11}
grid|IS|{"range_start": -2, "range_end": 6, "entry_end": 11, "exit_time": 21}
grid|IS|{"range_start": -2, "range_end": 6, "exit_time": 12}
grid|IS|{"range_start": -2, "range_end": 6, "exit_time": 14}
grid|IS|{"range_start": -2, "range_end": 6, "exit_time": 16}
grid|IS|{"range_start": -2, "range_end": 6, "exit_time": 17}
grid|IS|{"range_start": -2, "range_end": 6, "exit_time": 18}
grid|IS|{"range_start": -2, "range_end": 6}
grid|IS|{"range_start": -2, "range_end": 6, "exit_time": 21}
grid|IS|{"range_start": -2, "range_end": 6, "entry_end": 13, "exit_time": 14}
grid|IS|{"range_start": -2, "range_end": 6, "entry_end": 13, "exit_time": 16}
grid|IS|{"range_start": -2, "range_end": 6, "entry_end": 13, "exit_time": 17}
grid|IS|{"range_start": -2, "range_end": 6, "entry_end": 13, "exit_time": 18}
grid|IS|{"range_start": -2, "range_end": 6, "entry_end": 13}
grid|IS|{"range_start": -2, "range_end": 6, "entry_end": 13, "exit_time": 21}
grid|IS|{"range_start": -2, "range_end": 6, "entry_end": 14, "exit_time": 14}
grid|IS|{"range_start": -2, "range_end": 6, "entry_end": 15, "exit_time": 16}
grid|IS|{"range_start": -2, "range_end": 6, "entry_end": 15, "exit_time": 17}
grid|IS|{"range_start": -2, "range_end": 6, "entry_end": 15, "exit_time": 18}
grid|IS|{"range_start": -2, "range_end": 6, "entry_end": 15}
grid|IS|{"range_start": -2, "range_end": 6, "entry_end": 15, "exit_time": 21}
grid|IS|{"range_start": -2, "entry_end": 9, "exit_time": 12}
grid|IS|{"range_start": -2, "entry_end": 9, "exit_time": 14}
grid|IS|{"range_start": -2, "entry_end": 9, "exit_time": 16}
grid|IS|{"range_start": -2, "entry_end": 9, "exit_time": 17}
grid|IS|{"range_start": -2, "entry_end": 9, "exit_time": 18}
grid|IS|{"range_start": -2, "entry_end": 9}
grid|IS|{"range_start": -2, "entry_end": 9, "exit_time": 21}
grid|IS|{"range_start": -2, "entry_end": 10, "exit_time": 12}
grid|IS|{"range_start": -2, "entry_end": 10, "exit_time": 14}
grid|IS|{"range_start": -2, "entry_end": 10, "exit_time": 16}
grid|IS|{"range_start": -2, "entry_end": 10, "exit_time": 17}
grid|IS|{"range_start": -2, "entry_end": 10, "exit_time": 18}
grid|IS|{"range_start": -2, "entry_end": 10}
grid|IS|{"range_start": -2, "entry_end": 10, "exit_time": 21}
grid|IS|{"range_start": -2, "entry_end": 11, "exit_time": 12}
grid|IS|{"range_start": -2, "entry_end": 11, "exit_time": 14}
grid|IS|{"range_start": -2, "entry_end": 11, "exit_time": 16}
grid|IS|{"range_start": -2, "entry_end": 11, "exit_time": 17}
grid|IS|{"range_start": -2, "entry_end": 11, "exit_time": 18}
grid|IS|{"range_start": -2, "entry_end": 11}
grid|IS|{"range_start": -2, "entry_end": 11, "exit_time": 21}
grid|IS|{"range_start": -2, "exit_time": 12}
grid|IS|{"range_start": -2, "exit_time": 14}
grid|IS|{"range_start": -2, "exit_time": 16}
grid|IS|{"range_start": -2, "exit_time": 17}
grid|IS|{"range_start": -2, "exit_time": 18}
grid|IS|{"range_start": -2}
grid|IS|{"range_start": -2, "exit_time": 21}
grid|IS|{"range_start": -2, "entry_end": 13, "exit_time": 14}
grid|IS|{"range_start": -2, "entry_end": 13, "exit_time": 16}
grid|IS|{"range_start": -2, "entry_end": 13, "exit_time": 17}
grid|IS|{"range_start": -2, "entry_end": 13, "exit_time": 18}
grid|IS|{"range_start": -2, "entry_end": 13}
grid|IS|{"range_start": -2, "entry_end": 13, "exit_time": 21}
grid|IS|{"range_start": -2, "entry_end": 14, "exit_time": 14}
grid|IS|{"range_start": -2, "entry_end": 15, "exit_time": 16}
grid|IS|{"range_start": -2, "entry_end": 15, "exit_time": 17}
grid|IS|{"range_start": -2, "entry_end": 15, "exit_time": 18}
grid|IS|{"range_start": -2, "entry_end": 15}
grid|IS|{"range_start": -2, "entry_end": 15, "exit_time": 21}
grid|IS|{"range_start": -2, "range_end": 8, "entry_end": 9, "exit_time": 12}
grid|IS|{"range_start": -2, "range_end": 8, "entry_end": 9, "exit_time": 14}
grid|IS|{"range_start": -2, "range_end": 8, "entry_end": 9, "exit_time": 16}
grid|IS|{"range_start": -2, "range_end": 8, "entry_end": 9, "exit_time": 17}
grid|IS|{"range_start": -2, "range_end": 8, "entry_end": 9, "exit_time": 18}
grid|IS|{"range_start": -2, "range_end": 8, "entry_end": 9}
grid|IS|{"range_start": -2, "range_end": 8, "entry_end": 9, "exit_time": 21}
grid|IS|{"range_start": -2, "range_end": 8, "entry_end": 10, "exit_time": 12}
grid|IS|{"range_start": -2, "range_end": 8, "entry_end": 10, "exit_time": 14}
grid|IS|{"range_start": -2, "range_end": 8, "entry_end": 10, "exit_time": 16}
grid|IS|{"range_start": -2, "range_end": 8, "entry_end": 10, "exit_time": 17}
grid|IS|{"range_start": -2, "range_end": 8, "entry_end": 10, "exit_time": 18}
grid|IS|{"range_start": -2, "range_end": 8, "entry_end": 10}
grid|IS|{"range_start": -2, "range_end": 8, "entry_end": 10, "exit_time": 21}
grid|IS|{"range_start": -2, "range_end": 8, "entry_end": 11, "exit_time": 12}
grid|IS|{"range_start": -2, "range_end": 8, "entry_end": 11, "exit_time": 14}
grid|IS|{"range_start": -2, "range_end": 8, "entry_end": 11, "exit_time": 16}
grid|IS|{"range_start": -2, "range_end": 8, "entry_end": 11, "exit_time": 17}
grid|IS|{"range_start": -2, "range_end": 8, "entry_end": 11, "exit_time": 18}
grid|IS|{"range_start": -2, "range_end": 8, "entry_end": 11}
grid|IS|{"range_start": -2, "range_end": 8, "entry_end": 11, "exit_time": 21}
grid|IS|{"range_start": -2, "range_end": 8, "exit_time": 12}
grid|IS|{"range_start": -2, "range_end": 8, "exit_time": 14}
grid|IS|{"range_start": -2, "range_end": 8, "exit_time": 16}
grid|IS|{"range_start": -2, "range_end": 8, "exit_time": 17}
grid|IS|{"range_start": -2, "range_end": 8, "exit_time": 18}
grid|IS|{"range_start": -2, "range_end": 8}
grid|IS|{"range_start": -2, "range_end": 8, "exit_time": 21}
grid|IS|{"range_start": -2, "range_end": 8, "entry_end": 13, "exit_time": 14}
grid|IS|{"range_start": -2, "range_end": 8, "entry_end": 13, "exit_time": 16}
grid|IS|{"range_start": -2, "range_end": 8, "entry_end": 13, "exit_time": 17}
grid|IS|{"range_start": -2, "range_end": 8, "entry_end": 13, "exit_time": 18}
grid|IS|{"range_start": -2, "range_end": 8, "entry_end": 13}
grid|IS|{"range_start": -2, "range_end": 8, "entry_end": 13, "exit_time": 21}
grid|IS|{"range_start": -2, "range_end": 8, "entry_end": 14, "exit_time": 14}
grid|IS|{"range_start": -2, "range_end": 8, "entry_end": 15, "exit_time": 16}
grid|IS|{"range_start": -2, "range_end": 8, "entry_end": 15, "exit_time": 17}
grid|IS|{"range_start": -2, "range_end": 8, "entry_end": 15, "exit_time": 18}
grid|IS|{"range_start": -2, "range_end": 8, "entry_end": 15}
grid|IS|{"range_start": -2, "range_end": 8, "entry_end": 15, "exit_time": 21}
grid|IS|{"range_start": -2, "range_end": 9, "entry_end": 10, "exit_time": 12}
grid|IS|{"range_start": -2, "range_end": 9, "entry_end": 10, "exit_time": 14}
grid|IS|{"range_start": -2, "range_end": 9, "entry_end": 10, "exit_time": 16}
grid|IS|{"range_start": -2, "range_end": 9, "entry_end": 10, "exit_time": 17}
grid|IS|{"range_start": -2, "range_end": 9, "entry_end": 10, "exit_time": 18}
grid|IS|{"range_start": -2, "range_end": 9, "entry_end": 10}
grid|IS|{"range_start": -2, "range_end": 9, "entry_end": 10, "exit_time": 21}
grid|IS|{"range_start": -2, "range_end": 9, "entry_end": 11, "exit_time": 12}
grid|IS|{"range_start": -2, "range_end": 9, "entry_end": 11, "exit_time": 14}
grid|IS|{"range_start": -2, "range_end": 9, "entry_end": 11, "exit_time": 16}
grid|IS|{"range_start": -2, "range_end": 9, "entry_end": 11, "exit_time": 17}
grid|IS|{"range_start": -2, "range_end": 9, "entry_end": 11, "exit_time": 18}
grid|IS|{"range_start": -2, "range_end": 9, "entry_end": 11}
grid|IS|{"range_start": -2, "range_end": 9, "entry_end": 11, "exit_time": 21}
grid|IS|{"range_start": -2, "range_end": 9, "exit_time": 12}
grid|IS|{"range_start": -2, "range_end": 9, "exit_time": 14}
grid|IS|{"range_start": -2, "range_end": 9, "exit_time": 16}
grid|IS|{"range_start": -2, "range_end": 9, "exit_time": 17}
grid|IS|{"range_start": -2, "range_end": 9, "exit_time": 18}
grid|IS|{"range_start": -2, "range_end": 9}
grid|IS|{"range_start": -2, "range_end": 9, "exit_time": 21}
grid|IS|{"range_start": -2, "range_end": 9, "entry_end": 13, "exit_time": 14}
grid|IS|{"range_start": -2, "range_end": 9, "entry_end": 13, "exit_time": 16}
grid|IS|{"range_start": -2, "range_end": 9, "entry_end": 13, "exit_time": 17}
grid|IS|{"range_start": -2, "range_end": 9, "entry_end": 13, "exit_time": 18}
grid|IS|{"range_start": -2, "range_end": 9, "entry_end": 13}
grid|IS|{"range_start": -2, "range_end": 9, "entry_end": 13, "exit_time": 21}
grid|IS|{"range_start": -2, "range_end": 9, "entry_end": 14, "exit_time": 14}
grid|IS|{"range_start": -2, "range_end": 9, "entry_end": 15, "exit_time": 16}
grid|IS|{"range_start": -2, "range_end": 9, "entry_end": 15, "exit_time": 17}
grid|IS|{"range_start": -2, "range_end": 9, "entry_end": 15, "exit_time": 18}
grid|IS|{"range_start": -2, "range_end": 9, "entry_end": 15}
grid|IS|{"range_start": -2, "range_end": 9, "entry_end": 15, "exit_time": 21}
grid|IS|{"range_start": -1, "range_end": 5, "entry_end": 9, "exit_time": 12}
grid|IS|{"range_start": -1, "range_end": 5, "entry_end": 9, "exit_time": 14}
grid|IS|{"range_start": -1, "range_end": 5, "entry_end": 9, "exit_time": 16}
grid|IS|{"range_start": -1, "range_end": 5, "entry_end": 9, "exit_time": 17}
grid|IS|{"range_start": -1, "range_end": 5, "entry_end": 9, "exit_time": 18}
grid|IS|{"range_start": -1, "range_end": 5, "entry_end": 9}
grid|IS|{"range_start": -1, "range_end": 5, "entry_end": 9, "exit_time": 21}
grid|IS|{"range_start": -1, "range_end": 5, "entry_end": 10, "exit_time": 12}
grid|IS|{"range_start": -1, "range_end": 5, "entry_end": 10, "exit_time": 14}
grid|IS|{"range_start": -1, "range_end": 5, "entry_end": 10, "exit_time": 16}
grid|IS|{"range_start": -1, "range_end": 5, "entry_end": 10, "exit_time": 17}
grid|IS|{"range_start": -1, "range_end": 5, "entry_end": 10, "exit_time": 18}
grid|IS|{"range_start": -1, "range_end": 5, "entry_end": 10}
grid|IS|{"range_start": -1, "range_end": 5, "entry_end": 10, "exit_time": 21}
grid|IS|{"range_start": -1, "range_end": 5, "entry_end": 11, "exit_time": 12}
grid|IS|{"range_start": -1, "range_end": 5, "entry_end": 11, "exit_time": 14}
grid|IS|{"range_start": -1, "range_end": 5, "entry_end": 11, "exit_time": 16}
grid|IS|{"range_start": -1, "range_end": 5, "entry_end": 11, "exit_time": 17}
grid|IS|{"range_start": -1, "range_end": 5, "entry_end": 11, "exit_time": 18}
grid|IS|{"range_start": -1, "range_end": 5, "entry_end": 11}
grid|IS|{"range_start": -1, "range_end": 5, "entry_end": 11, "exit_time": 21}
grid|IS|{"range_start": -1, "range_end": 5, "exit_time": 12}
grid|IS|{"range_start": -1, "range_end": 5, "exit_time": 14}
grid|IS|{"range_start": -1, "range_end": 5, "exit_time": 16}
grid|IS|{"range_start": -1, "range_end": 5, "exit_time": 17}
grid|IS|{"range_start": -1, "range_end": 5, "exit_time": 18}
grid|IS|{"range_start": -1, "range_end": 5}
grid|IS|{"range_start": -1, "range_end": 5, "exit_time": 21}
grid|IS|{"range_start": -1, "range_end": 5, "entry_end": 13, "exit_time": 14}
grid|IS|{"range_start": -1, "range_end": 5, "entry_end": 13, "exit_time": 16}
grid|IS|{"range_start": -1, "range_end": 5, "entry_end": 13, "exit_time": 17}
grid|IS|{"range_start": -1, "range_end": 5, "entry_end": 13, "exit_time": 18}
grid|IS|{"range_start": -1, "range_end": 5, "entry_end": 13}
grid|IS|{"range_start": -1, "range_end": 5, "entry_end": 13, "exit_time": 21}
grid|IS|{"range_start": -1, "range_end": 5, "entry_end": 14, "exit_time": 14}
grid|IS|{"range_start": -1, "range_end": 5, "entry_end": 15, "exit_time": 16}
grid|IS|{"range_start": -1, "range_end": 5, "entry_end": 15, "exit_time": 17}
grid|IS|{"range_start": -1, "range_end": 5, "entry_end": 15, "exit_time": 18}
grid|IS|{"range_start": -1, "range_end": 5, "entry_end": 15}
grid|IS|{"range_start": -1, "range_end": 5, "entry_end": 15, "exit_time": 21}
grid|IS|{"range_start": -1, "range_end": 6, "entry_end": 9, "exit_time": 12}
grid|IS|{"range_start": -1, "range_end": 6, "entry_end": 9, "exit_time": 14}
grid|IS|{"range_start": -1, "range_end": 6, "entry_end": 9, "exit_time": 16}
grid|IS|{"range_start": -1, "range_end": 6, "entry_end": 9, "exit_time": 17}
grid|IS|{"range_start": -1, "range_end": 6, "entry_end": 9, "exit_time": 18}
grid|IS|{"range_start": -1, "range_end": 6, "entry_end": 9}
grid|IS|{"range_start": -1, "range_end": 6, "entry_end": 9, "exit_time": 21}
grid|IS|{"range_start": -1, "range_end": 6, "entry_end": 10, "exit_time": 12}
grid|IS|{"range_start": -1, "range_end": 6, "entry_end": 10, "exit_time": 14}
grid|IS|{"range_start": -1, "range_end": 6, "entry_end": 10, "exit_time": 16}
grid|IS|{"range_start": -1, "range_end": 6, "entry_end": 10, "exit_time": 17}
grid|IS|{"range_start": -1, "range_end": 6, "entry_end": 10, "exit_time": 18}
grid|IS|{"range_start": -1, "range_end": 6, "entry_end": 10}
grid|IS|{"range_start": -1, "range_end": 6, "entry_end": 10, "exit_time": 21}
grid|IS|{"range_start": -1, "range_end": 6, "entry_end": 11, "exit_time": 12}
grid|IS|{"range_start": -1, "range_end": 6, "entry_end": 11, "exit_time": 14}
grid|IS|{"range_start": -1, "range_end": 6, "entry_end": 11, "exit_time": 16}
grid|IS|{"range_start": -1, "range_end": 6, "entry_end": 11, "exit_time": 17}
grid|IS|{"range_start": -1, "range_end": 6, "entry_end": 11, "exit_time": 18}
grid|IS|{"range_start": -1, "range_end": 6, "entry_end": 11}
grid|IS|{"range_start": -1, "range_end": 6, "entry_end": 11, "exit_time": 21}
grid|IS|{"range_start": -1, "range_end": 6, "exit_time": 12}
grid|IS|{"range_start": -1, "range_end": 6, "exit_time": 14}
grid|IS|{"range_start": -1, "range_end": 6, "exit_time": 16}
grid|IS|{"range_start": -1, "range_end": 6, "exit_time": 17}
grid|IS|{"range_start": -1, "range_end": 6, "exit_time": 18}
grid|IS|{"range_start": -1, "range_end": 6}
grid|IS|{"range_start": -1, "range_end": 6, "exit_time": 21}
grid|IS|{"range_start": -1, "range_end": 6, "entry_end": 13, "exit_time": 14}
grid|IS|{"range_start": -1, "range_end": 6, "entry_end": 13, "exit_time": 16}
grid|IS|{"range_start": -1, "range_end": 6, "entry_end": 13, "exit_time": 17}
grid|IS|{"range_start": -1, "range_end": 6, "entry_end": 13, "exit_time": 18}
grid|IS|{"range_start": -1, "range_end": 6, "entry_end": 13}
grid|IS|{"range_start": -1, "range_end": 6, "entry_end": 13, "exit_time": 21}
grid|IS|{"range_start": -1, "range_end": 6, "entry_end": 14, "exit_time": 14}
grid|IS|{"range_start": -1, "range_end": 6, "entry_end": 15, "exit_time": 16}
grid|IS|{"range_start": -1, "range_end": 6, "entry_end": 15, "exit_time": 17}
grid|IS|{"range_start": -1, "range_end": 6, "entry_end": 15, "exit_time": 18}
grid|IS|{"range_start": -1, "range_end": 6, "entry_end": 15}
grid|IS|{"range_start": -1, "range_end": 6, "entry_end": 15, "exit_time": 21}
grid|IS|{"range_start": -1, "entry_end": 9, "exit_time": 12}
grid|IS|{"range_start": -1, "entry_end": 9, "exit_time": 14}
grid|IS|{"range_start": -1, "entry_end": 9, "exit_time": 16}
grid|IS|{"range_start": -1, "entry_end": 9, "exit_time": 17}
grid|IS|{"range_start": -1, "entry_end": 9, "exit_time": 18}
grid|IS|{"range_start": -1, "entry_end": 9}
grid|IS|{"range_start": -1, "entry_end": 9, "exit_time": 21}
grid|IS|{"range_start": -1, "entry_end": 10, "exit_time": 12}
grid|IS|{"range_start": -1, "entry_end": 10, "exit_time": 14}
grid|IS|{"range_start": -1, "entry_end": 10, "exit_time": 16}
grid|IS|{"range_start": -1, "entry_end": 10, "exit_time": 17}
grid|IS|{"range_start": -1, "entry_end": 10, "exit_time": 18}
grid|IS|{"range_start": -1, "entry_end": 10}
grid|IS|{"range_start": -1, "entry_end": 10, "exit_time": 21}
grid|IS|{"range_start": -1, "entry_end": 11, "exit_time": 12}
grid|IS|{"range_start": -1, "entry_end": 11, "exit_time": 14}
grid|IS|{"range_start": -1, "entry_end": 11, "exit_time": 16}
grid|IS|{"range_start": -1, "entry_end": 11, "exit_time": 17}
grid|IS|{"range_start": -1, "entry_end": 11, "exit_time": 18}
grid|IS|{"range_start": -1, "entry_end": 11}
grid|IS|{"range_start": -1, "entry_end": 11, "exit_time": 21}
grid|IS|{"range_start": -1, "exit_time": 12}
grid|IS|{"range_start": -1, "exit_time": 14}
grid|IS|{"range_start": -1, "exit_time": 16}
grid|IS|{"range_start": -1, "exit_time": 17}
grid|IS|{"range_start": -1, "exit_time": 18}
grid|IS|{"range_start": -1}
grid|IS|{"range_start": -1, "exit_time": 21}
grid|IS|{"range_start": -1, "entry_end": 13, "exit_time": 14}
grid|IS|{"range_start": -1, "entry_end": 13, "exit_time": 16}
grid|IS|{"range_start": -1, "entry_end": 13, "exit_time": 17}
grid|IS|{"range_start": -1, "entry_end": 13, "exit_time": 18}
grid|IS|{"range_start": -1, "entry_end": 13}
grid|IS|{"range_start": -1, "entry_end": 13, "exit_time": 21}
grid|IS|{"range_start": -1, "entry_end": 14, "exit_time": 14}
grid|IS|{"range_start": -1, "entry_end": 15, "exit_time": 16}
grid|IS|{"range_start": -1, "entry_end": 15, "exit_time": 17}
grid|IS|{"range_start": -1, "entry_end": 15, "exit_time": 18}
grid|IS|{"range_start": -1, "entry_end": 15}
grid|IS|{"range_start": -1, "entry_end": 15, "exit_time": 21}
grid|IS|{"range_start": -1, "range_end": 8, "entry_end": 9, "exit_time": 12}
grid|IS|{"range_start": -1, "range_end": 8, "entry_end": 9, "exit_time": 14}
grid|IS|{"range_start": -1, "range_end": 8, "entry_end": 9, "exit_time": 16}
grid|IS|{"range_start": -1, "range_end": 8, "entry_end": 9, "exit_time": 17}
grid|IS|{"range_start": -1, "range_end": 8, "entry_end": 9, "exit_time": 18}
grid|IS|{"range_start": -1, "range_end": 8, "entry_end": 9}
grid|IS|{"range_start": -1, "range_end": 8, "entry_end": 9, "exit_time": 21}
grid|IS|{"range_start": -1, "range_end": 8, "entry_end": 10, "exit_time": 12}
grid|IS|{"range_start": -1, "range_end": 8, "entry_end": 10, "exit_time": 14}
grid|IS|{"range_start": -1, "range_end": 8, "entry_end": 10, "exit_time": 16}
grid|IS|{"range_start": -1, "range_end": 8, "entry_end": 10, "exit_time": 17}
grid|IS|{"range_start": -1, "range_end": 8, "entry_end": 10, "exit_time": 18}
grid|IS|{"range_start": -1, "range_end": 8, "entry_end": 10}
grid|IS|{"range_start": -1, "range_end": 8, "entry_end": 10, "exit_time": 21}
grid|IS|{"range_start": -1, "range_end": 8, "entry_end": 11, "exit_time": 12}
grid|IS|{"range_start": -1, "range_end": 8, "entry_end": 11, "exit_time": 14}
grid|IS|{"range_start": -1, "range_end": 8, "entry_end": 11, "exit_time": 16}
grid|IS|{"range_start": -1, "range_end": 8, "entry_end": 11, "exit_time": 17}
grid|IS|{"range_start": -1, "range_end": 8, "entry_end": 11, "exit_time": 18}
grid|IS|{"range_start": -1, "range_end": 8, "entry_end": 11}
grid|IS|{"range_start": -1, "range_end": 8, "entry_end": 11, "exit_time": 21}
grid|IS|{"range_start": -1, "range_end": 8, "exit_time": 12}
grid|IS|{"range_start": -1, "range_end": 8, "exit_time": 14}
grid|IS|{"range_start": -1, "range_end": 8, "exit_time": 16}
grid|IS|{"range_start": -1, "range_end": 8, "exit_time": 17}
grid|IS|{"range_start": -1, "range_end": 8, "exit_time": 18}
grid|IS|{"range_start": -1, "range_end": 8}
grid|IS|{"range_start": -1, "range_end": 8, "exit_time": 21}
grid|IS|{"range_start": -1, "range_end": 8, "entry_end": 13, "exit_time": 14}
grid|IS|{"range_start": -1, "range_end": 8, "entry_end": 13, "exit_time": 16}
grid|IS|{"range_start": -1, "range_end": 8, "entry_end": 13, "exit_time": 17}
grid|IS|{"range_start": -1, "range_end": 8, "entry_end": 13, "exit_time": 18}
grid|IS|{"range_start": -1, "range_end": 8, "entry_end": 13}
grid|IS|{"range_start": -1, "range_end": 8, "entry_end": 13, "exit_time": 21}
grid|IS|{"range_start": -1, "range_end": 8, "entry_end": 14, "exit_time": 14}
grid|IS|{"range_start": -1, "range_end": 8, "entry_end": 15, "exit_time": 16}
grid|IS|{"range_start": -1, "range_end": 8, "entry_end": 15, "exit_time": 17}
grid|IS|{"range_start": -1, "range_end": 8, "entry_end": 15, "exit_time": 18}
grid|IS|{"range_start": -1, "range_end": 8, "entry_end": 15}
grid|IS|{"range_start": -1, "range_end": 8, "entry_end": 15, "exit_time": 21}
grid|IS|{"range_start": -1, "range_end": 9, "entry_end": 10, "exit_time": 12}
grid|IS|{"range_start": -1, "range_end": 9, "entry_end": 10, "exit_time": 14}
grid|IS|{"range_start": -1, "range_end": 9, "entry_end": 10, "exit_time": 16}
grid|IS|{"range_start": -1, "range_end": 9, "entry_end": 10, "exit_time": 17}
grid|IS|{"range_start": -1, "range_end": 9, "entry_end": 10, "exit_time": 18}
grid|IS|{"range_start": -1, "range_end": 9, "entry_end": 10}
grid|IS|{"range_start": -1, "range_end": 9, "entry_end": 10, "exit_time": 21}
grid|IS|{"range_start": -1, "range_end": 9, "entry_end": 11, "exit_time": 12}
grid|IS|{"range_start": -1, "range_end": 9, "entry_end": 11, "exit_time": 14}
grid|IS|{"range_start": -1, "range_end": 9, "entry_end": 11, "exit_time": 16}
grid|IS|{"range_start": -1, "range_end": 9, "entry_end": 11, "exit_time": 17}
grid|IS|{"range_start": -1, "range_end": 9, "entry_end": 11, "exit_time": 18}
grid|IS|{"range_start": -1, "range_end": 9, "entry_end": 11}
grid|IS|{"range_start": -1, "range_end": 9, "entry_end": 11, "exit_time": 21}
grid|IS|{"range_start": -1, "range_end": 9, "exit_time": 12}
grid|IS|{"range_start": -1, "range_end": 9, "exit_time": 14}
grid|IS|{"range_start": -1, "range_end": 9, "exit_time": 16}
grid|IS|{"range_start": -1, "range_end": 9, "exit_time": 17}
grid|IS|{"range_start": -1, "range_end": 9, "exit_time": 18}
grid|IS|{"range_start": -1, "range_end": 9}
grid|IS|{"range_start": -1, "range_end": 9, "exit_time": 21}
grid|IS|{"range_start": -1, "range_end": 9, "entry_end": 13, "exit_time": 14}
grid|IS|{"range_start": -1, "range_end": 9, "entry_end": 13, "exit_time": 16}
grid|IS|{"range_start": -1, "range_end": 9, "entry_end": 13, "exit_time": 17}
grid|IS|{"range_start": -1, "range_end": 9, "entry_end": 13, "exit_time": 18}
grid|IS|{"range_start": -1, "range_end": 9, "entry_end": 13}
grid|IS|{"range_start": -1, "range_end": 9, "entry_end": 13, "exit_time": 21}
grid|IS|{"range_start": -1, "range_end": 9, "entry_end": 14, "exit_time": 14}
grid|IS|{"range_start": -1, "range_end": 9, "entry_end": 15, "exit_time": 16}
grid|IS|{"range_start": -1, "range_end": 9, "entry_end": 15, "exit_time": 17}
grid|IS|{"range_start": -1, "range_end": 9, "entry_end": 15, "exit_time": 18}
grid|IS|{"range_start": -1, "range_end": 9, "entry_end": 15}
grid|IS|{"range_start": -1, "range_end": 9, "entry_end": 15, "exit_time": 21}
grid|IS|{"range_end": 5, "entry_end": 9, "exit_time": 12}
grid|IS|{"range_end": 5, "entry_end": 9, "exit_time": 14}
grid|IS|{"range_end": 5, "entry_end": 9, "exit_time": 16}
grid|IS|{"range_end": 5, "entry_end": 9, "exit_time": 17}
grid|IS|{"range_end": 5, "entry_end": 9, "exit_time": 18}
grid|IS|{"range_end": 5, "entry_end": 9}
grid|IS|{"range_end": 5, "entry_end": 9, "exit_time": 21}
grid|IS|{"range_end": 5, "entry_end": 10, "exit_time": 12}
grid|IS|{"range_end": 5, "entry_end": 10, "exit_time": 14}
grid|IS|{"range_end": 5, "entry_end": 10, "exit_time": 16}
grid|IS|{"range_end": 5, "entry_end": 10, "exit_time": 17}
grid|IS|{"range_end": 5, "entry_end": 10, "exit_time": 18}
grid|IS|{"range_end": 5, "entry_end": 10}
grid|IS|{"range_end": 5, "entry_end": 10, "exit_time": 21}
grid|IS|{"range_end": 5, "entry_end": 11, "exit_time": 12}
grid|IS|{"range_end": 5, "entry_end": 11, "exit_time": 14}
grid|IS|{"range_end": 5, "entry_end": 11, "exit_time": 16}
grid|IS|{"range_end": 5, "entry_end": 11, "exit_time": 17}
grid|IS|{"range_end": 5, "entry_end": 11, "exit_time": 18}
grid|IS|{"range_end": 5, "entry_end": 11}
grid|IS|{"range_end": 5, "entry_end": 11, "exit_time": 21}
grid|IS|{"range_end": 5, "exit_time": 12}
grid|IS|{"range_end": 5, "exit_time": 14}
grid|IS|{"range_end": 5, "exit_time": 16}
grid|IS|{"range_end": 5, "exit_time": 17}
grid|IS|{"range_end": 5, "exit_time": 18}
grid|IS|{"range_end": 5}
grid|IS|{"range_end": 5, "exit_time": 21}
grid|IS|{"range_end": 5, "entry_end": 13, "exit_time": 14}
grid|IS|{"range_end": 5, "entry_end": 13, "exit_time": 16}
grid|IS|{"range_end": 5, "entry_end": 13, "exit_time": 17}
grid|IS|{"range_end": 5, "entry_end": 13, "exit_time": 18}
grid|IS|{"range_end": 5, "entry_end": 13}
grid|IS|{"range_end": 5, "entry_end": 13, "exit_time": 21}
grid|IS|{"range_end": 5, "entry_end": 14, "exit_time": 14}
grid|IS|{"range_end": 5, "entry_end": 15, "exit_time": 16}
grid|IS|{"range_end": 5, "entry_end": 15, "exit_time": 17}
grid|IS|{"range_end": 5, "entry_end": 15, "exit_time": 18}
grid|IS|{"range_end": 5, "entry_end": 15}
grid|IS|{"range_end": 5, "entry_end": 15, "exit_time": 21}
grid|IS|{"range_end": 6, "entry_end": 9, "exit_time": 12}
grid|IS|{"range_end": 6, "entry_end": 9, "exit_time": 14}
grid|IS|{"range_end": 6, "entry_end": 9, "exit_time": 16}
grid|IS|{"range_end": 6, "entry_end": 9, "exit_time": 17}
grid|IS|{"range_end": 6, "entry_end": 9, "exit_time": 18}
grid|IS|{"range_end": 6, "entry_end": 9}
grid|IS|{"range_end": 6, "entry_end": 9, "exit_time": 21}
grid|IS|{"range_end": 6, "entry_end": 10, "exit_time": 12}
grid|IS|{"range_end": 6, "entry_end": 10, "exit_time": 14}
grid|IS|{"range_end": 6, "entry_end": 10, "exit_time": 16}
grid|IS|{"range_end": 6, "entry_end": 10, "exit_time": 17}
grid|IS|{"range_end": 6, "entry_end": 10, "exit_time": 18}
grid|IS|{"range_end": 6, "entry_end": 10}
grid|IS|{"range_end": 6, "entry_end": 10, "exit_time": 21}
grid|IS|{"range_end": 6, "entry_end": 11, "exit_time": 12}
grid|IS|{"range_end": 6, "entry_end": 11, "exit_time": 14}
grid|IS|{"range_end": 6, "entry_end": 11, "exit_time": 16}
grid|IS|{"range_end": 6, "entry_end": 11, "exit_time": 17}
grid|IS|{"range_end": 6, "entry_end": 11, "exit_time": 18}
grid|IS|{"range_end": 6, "entry_end": 11}
grid|IS|{"range_end": 6, "entry_end": 11, "exit_time": 21}
grid|IS|{"range_end": 6, "exit_time": 12}
grid|IS|{"range_end": 6, "exit_time": 14}
grid|IS|{"range_end": 6, "exit_time": 16}
grid|IS|{"range_end": 6, "exit_time": 17}
grid|IS|{"range_end": 6, "exit_time": 18}
grid|IS|{"range_end": 6}
grid|IS|{"range_end": 6, "exit_time": 21}
grid|IS|{"range_end": 6, "entry_end": 13, "exit_time": 14}
grid|IS|{"range_end": 6, "entry_end": 13, "exit_time": 16}
grid|IS|{"range_end": 6, "entry_end": 13, "exit_time": 17}
grid|IS|{"range_end": 6, "entry_end": 13, "exit_time": 18}
grid|IS|{"range_end": 6, "entry_end": 13}
grid|IS|{"range_end": 6, "entry_end": 13, "exit_time": 21}
grid|IS|{"range_end": 6, "entry_end": 14, "exit_time": 14}
grid|IS|{"range_end": 6, "entry_end": 15, "exit_time": 16}
grid|IS|{"range_end": 6, "entry_end": 15, "exit_time": 17}
grid|IS|{"range_end": 6, "entry_end": 15, "exit_time": 18}
grid|IS|{"range_end": 6, "entry_end": 15}
grid|IS|{"range_end": 6, "entry_end": 15, "exit_time": 21}
grid|IS|{"entry_end": 9, "exit_time": 12}
grid|IS|{"entry_end": 9, "exit_time": 14}
grid|IS|{"entry_end": 9, "exit_time": 16}
grid|IS|{"entry_end": 9, "exit_time": 17}
grid|IS|{"entry_end": 9, "exit_time": 18}
grid|IS|{"entry_end": 9}
grid|IS|{"entry_end": 9, "exit_time": 21}
grid|IS|{"entry_end": 10, "exit_time": 12}
grid|IS|{"entry_end": 10, "exit_time": 14}
grid|IS|{"entry_end": 10, "exit_time": 16}
grid|IS|{"entry_end": 10, "exit_time": 17}
grid|IS|{"entry_end": 10, "exit_time": 18}
grid|IS|{"entry_end": 10}
grid|IS|{"entry_end": 10, "exit_time": 21}
grid|IS|{"entry_end": 11, "exit_time": 12}
grid|IS|{"entry_end": 11, "exit_time": 14}
grid|IS|{"entry_end": 11, "exit_time": 16}
grid|IS|{"entry_end": 11, "exit_time": 17}
grid|IS|{"entry_end": 11, "exit_time": 18}
grid|IS|{"entry_end": 11}
grid|IS|{"entry_end": 11, "exit_time": 21}
grid|IS|{"exit_time": 12}
grid|IS|{"exit_time": 14}
grid|IS|{"exit_time": 16}
grid|IS|{"exit_time": 17}
grid|IS|{"exit_time": 18}
grid|IS|{}
grid|IS|{"exit_time": 21}
grid|IS|{"entry_end": 13, "exit_time": 14}
grid|IS|{"entry_end": 13, "exit_time": 16}
grid|IS|{"entry_end": 13, "exit_time": 17}
grid|IS|{"entry_end": 13, "exit_time": 18}
grid|IS|{"entry_end": 13}
grid|IS|{"entry_end": 13, "exit_time": 21}
grid|IS|{"entry_end": 14, "exit_time": 14}
grid|IS|{"entry_end": 15, "exit_time": 16}
grid|IS|{"entry_end": 15, "exit_time": 17}
grid|IS|{"entry_end": 15, "exit_time": 18}
grid|IS|{"entry_end": 15}
grid|IS|{"entry_end": 15, "exit_time": 21}
grid|IS|{"range_end": 8, "entry_end": 9, "exit_time": 12}
grid|IS|{"range_end": 8, "entry_end": 9, "exit_time": 14}
grid|IS|{"range_end": 8, "entry_end": 9, "exit_time": 16}
grid|IS|{"range_end": 8, "entry_end": 9, "exit_time": 17}
grid|IS|{"range_end": 8, "entry_end": 9, "exit_time": 18}
grid|IS|{"range_end": 8, "entry_end": 9}
grid|IS|{"range_end": 8, "entry_end": 9, "exit_time": 21}
grid|IS|{"range_end": 8, "entry_end": 10, "exit_time": 12}
grid|IS|{"range_end": 8, "entry_end": 10, "exit_time": 14}
grid|IS|{"range_end": 8, "entry_end": 10, "exit_time": 16}
grid|IS|{"range_end": 8, "entry_end": 10, "exit_time": 17}
grid|IS|{"range_end": 8, "entry_end": 10, "exit_time": 18}
grid|IS|{"range_end": 8, "entry_end": 10}
grid|IS|{"range_end": 8, "entry_end": 10, "exit_time": 21}
grid|IS|{"range_end": 8, "entry_end": 11, "exit_time": 12}
grid|IS|{"range_end": 8, "entry_end": 11, "exit_time": 14}
grid|IS|{"range_end": 8, "entry_end": 11, "exit_time": 16}
grid|IS|{"range_end": 8, "entry_end": 11, "exit_time": 17}
grid|IS|{"range_end": 8, "entry_end": 11, "exit_time": 18}
grid|IS|{"range_end": 8, "entry_end": 11}
grid|IS|{"range_end": 8, "entry_end": 11, "exit_time": 21}
grid|IS|{"range_end": 8, "exit_time": 12}
grid|IS|{"range_end": 8, "exit_time": 14}
grid|IS|{"range_end": 8, "exit_time": 16}
grid|IS|{"range_end": 8, "exit_time": 17}
grid|IS|{"range_end": 8, "exit_time": 18}
grid|IS|{"range_end": 8}
grid|IS|{"range_end": 8, "exit_time": 21}
grid|IS|{"range_end": 8, "entry_end": 13, "exit_time": 14}
grid|IS|{"range_end": 8, "entry_end": 13, "exit_time": 16}
grid|IS|{"range_end": 8, "entry_end": 13, "exit_time": 17}
grid|IS|{"range_end": 8, "entry_end": 13, "exit_time": 18}
grid|IS|{"range_end": 8, "entry_end": 13}
grid|IS|{"range_end": 8, "entry_end": 13, "exit_time": 21}
grid|IS|{"range_end": 8, "entry_end": 14, "exit_time": 14}
grid|IS|{"range_end": 8, "entry_end": 15, "exit_time": 16}
grid|IS|{"range_end": 8, "entry_end": 15, "exit_time": 17}
grid|IS|{"range_end": 8, "entry_end": 15, "exit_time": 18}
grid|IS|{"range_end": 8, "entry_end": 15}
grid|IS|{"range_end": 8, "entry_end": 15, "exit_time": 21}
grid|IS|{"range_end": 9, "entry_end": 10, "exit_time": 12}
grid|IS|{"range_end": 9, "entry_end": 10, "exit_time": 14}
grid|IS|{"range_end": 9, "entry_end": 10, "exit_time": 16}
grid|IS|{"range_end": 9, "entry_end": 10, "exit_time": 17}
grid|IS|{"range_end": 9, "entry_end": 10, "exit_time": 18}
grid|IS|{"range_end": 9, "entry_end": 10}
grid|IS|{"range_end": 9, "entry_end": 10, "exit_time": 21}
grid|IS|{"range_end": 9, "entry_end": 11, "exit_time": 12}
grid|IS|{"range_end": 9, "entry_end": 11, "exit_time": 14}
grid|IS|{"range_end": 9, "entry_end": 11, "exit_time": 16}
grid|IS|{"range_end": 9, "entry_end": 11, "exit_time": 17}
grid|IS|{"range_end": 9, "entry_end": 11, "exit_time": 18}
grid|IS|{"range_end": 9, "entry_end": 11}
grid|IS|{"range_end": 9, "entry_end": 11, "exit_time": 21}
grid|IS|{"range_end": 9, "exit_time": 12}
grid|IS|{"range_end": 9, "exit_time": 14}
grid|IS|{"range_end": 9, "exit_time": 16}
grid|IS|{"range_end": 9, "exit_time": 17}
grid|IS|{"range_end": 9, "exit_time": 18}
grid|IS|{"range_end": 9}
grid|IS|{"range_end": 9, "exit_time": 21}
grid|IS|{"range_end": 9, "entry_end": 13, "exit_time": 14}
grid|IS|{"range_end": 9, "entry_end": 13, "exit_time": 16}
grid|IS|{"range_end": 9, "entry_end": 13, "exit_time": 17}
grid|IS|{"range_end": 9, "entry_end": 13, "exit_time": 18}
grid|IS|{"range_end": 9, "entry_end": 13}
grid|IS|{"range_end": 9, "entry_end": 13, "exit_time": 21}
grid|IS|{"range_end": 9, "entry_end": 14, "exit_time": 14}
grid|IS|{"range_end": 9, "entry_end": 15, "exit_time": 16}
grid|IS|{"range_end": 9, "entry_end": 15, "exit_time": 17}
grid|IS|{"range_end": 9, "entry_end": 15, "exit_time": 18}
grid|IS|{"range_end": 9, "entry_end": 15}
grid|IS|{"range_end": 9, "entry_end": 15, "exit_time": 21}
grid|IS|{"range_start": 1, "range_end": 5, "entry_end": 9, "exit_time": 12}
grid|IS|{"range_start": 1, "range_end": 5, "entry_end": 9, "exit_time": 14}
grid|IS|{"range_start": 1, "range_end": 5, "entry_end": 9, "exit_time": 16}
grid|IS|{"range_start": 1, "range_end": 5, "entry_end": 9, "exit_time": 17}
grid|IS|{"range_start": 1, "range_end": 5, "entry_end": 9, "exit_time": 18}
grid|IS|{"range_start": 1, "range_end": 5, "entry_end": 9}
grid|IS|{"range_start": 1, "range_end": 5, "entry_end": 9, "exit_time": 21}
grid|IS|{"range_start": 1, "range_end": 5, "entry_end": 10, "exit_time": 12}
grid|IS|{"range_start": 1, "range_end": 5, "entry_end": 10, "exit_time": 14}
grid|IS|{"range_start": 1, "range_end": 5, "entry_end": 10, "exit_time": 16}
grid|IS|{"range_start": 1, "range_end": 5, "entry_end": 10, "exit_time": 17}
grid|IS|{"range_start": 1, "range_end": 5, "entry_end": 10, "exit_time": 18}
grid|IS|{"range_start": 1, "range_end": 5, "entry_end": 10}
grid|IS|{"range_start": 1, "range_end": 5, "entry_end": 10, "exit_time": 21}
grid|IS|{"range_start": 1, "range_end": 5, "entry_end": 11, "exit_time": 12}
grid|IS|{"range_start": 1, "range_end": 5, "entry_end": 11, "exit_time": 14}
grid|IS|{"range_start": 1, "range_end": 5, "entry_end": 11, "exit_time": 16}
grid|IS|{"range_start": 1, "range_end": 5, "entry_end": 11, "exit_time": 17}
grid|IS|{"range_start": 1, "range_end": 5, "entry_end": 11, "exit_time": 18}
grid|IS|{"range_start": 1, "range_end": 5, "entry_end": 11}
grid|IS|{"range_start": 1, "range_end": 5, "entry_end": 11, "exit_time": 21}
grid|IS|{"range_start": 1, "range_end": 5, "exit_time": 12}
grid|IS|{"range_start": 1, "range_end": 5, "exit_time": 14}
grid|IS|{"range_start": 1, "range_end": 5, "exit_time": 16}
grid|IS|{"range_start": 1, "range_end": 5, "exit_time": 17}
grid|IS|{"range_start": 1, "range_end": 5, "exit_time": 18}
grid|IS|{"range_start": 1, "range_end": 5}
grid|IS|{"range_start": 1, "range_end": 5, "exit_time": 21}
grid|IS|{"range_start": 1, "range_end": 5, "entry_end": 13, "exit_time": 14}
grid|IS|{"range_start": 1, "range_end": 5, "entry_end": 13, "exit_time": 16}
grid|IS|{"range_start": 1, "range_end": 5, "entry_end": 13, "exit_time": 17}
grid|IS|{"range_start": 1, "range_end": 5, "entry_end": 13, "exit_time": 18}
grid|IS|{"range_start": 1, "range_end": 5, "entry_end": 13}
grid|IS|{"range_start": 1, "range_end": 5, "entry_end": 13, "exit_time": 21}
grid|IS|{"range_start": 1, "range_end": 5, "entry_end": 14, "exit_time": 14}
grid|IS|{"range_start": 1, "range_end": 5, "entry_end": 15, "exit_time": 16}
grid|IS|{"range_start": 1, "range_end": 5, "entry_end": 15, "exit_time": 17}
grid|IS|{"range_start": 1, "range_end": 5, "entry_end": 15, "exit_time": 18}
grid|IS|{"range_start": 1, "range_end": 5, "entry_end": 15}
grid|IS|{"range_start": 1, "range_end": 5, "entry_end": 15, "exit_time": 21}
grid|IS|{"range_start": 1, "range_end": 6, "entry_end": 9, "exit_time": 12}
grid|IS|{"range_start": 1, "range_end": 6, "entry_end": 9, "exit_time": 14}
grid|IS|{"range_start": 1, "range_end": 6, "entry_end": 9, "exit_time": 16}
grid|IS|{"range_start": 1, "range_end": 6, "entry_end": 9, "exit_time": 17}
grid|IS|{"range_start": 1, "range_end": 6, "entry_end": 9, "exit_time": 18}
grid|IS|{"range_start": 1, "range_end": 6, "entry_end": 9}
grid|IS|{"range_start": 1, "range_end": 6, "entry_end": 9, "exit_time": 21}
grid|IS|{"range_start": 1, "range_end": 6, "entry_end": 10, "exit_time": 12}
grid|IS|{"range_start": 1, "range_end": 6, "entry_end": 10, "exit_time": 14}
grid|IS|{"range_start": 1, "range_end": 6, "entry_end": 10, "exit_time": 16}
grid|IS|{"range_start": 1, "range_end": 6, "entry_end": 10, "exit_time": 17}
grid|IS|{"range_start": 1, "range_end": 6, "entry_end": 10, "exit_time": 18}
grid|IS|{"range_start": 1, "range_end": 6, "entry_end": 10}
grid|IS|{"range_start": 1, "range_end": 6, "entry_end": 10, "exit_time": 21}
grid|IS|{"range_start": 1, "range_end": 6, "entry_end": 11, "exit_time": 12}
grid|IS|{"range_start": 1, "range_end": 6, "entry_end": 11, "exit_time": 14}
grid|IS|{"range_start": 1, "range_end": 6, "entry_end": 11, "exit_time": 16}
grid|IS|{"range_start": 1, "range_end": 6, "entry_end": 11, "exit_time": 17}
grid|IS|{"range_start": 1, "range_end": 6, "entry_end": 11, "exit_time": 18}
grid|IS|{"range_start": 1, "range_end": 6, "entry_end": 11}
grid|IS|{"range_start": 1, "range_end": 6, "entry_end": 11, "exit_time": 21}
grid|IS|{"range_start": 1, "range_end": 6, "exit_time": 12}
grid|IS|{"range_start": 1, "range_end": 6, "exit_time": 14}
grid|IS|{"range_start": 1, "range_end": 6, "exit_time": 16}
grid|IS|{"range_start": 1, "range_end": 6, "exit_time": 17}
grid|IS|{"range_start": 1, "range_end": 6, "exit_time": 18}
grid|IS|{"range_start": 1, "range_end": 6}
grid|IS|{"range_start": 1, "range_end": 6, "exit_time": 21}
grid|IS|{"range_start": 1, "range_end": 6, "entry_end": 13, "exit_time": 14}
grid|IS|{"range_start": 1, "range_end": 6, "entry_end": 13, "exit_time": 16}
grid|IS|{"range_start": 1, "range_end": 6, "entry_end": 13, "exit_time": 17}
grid|IS|{"range_start": 1, "range_end": 6, "entry_end": 13, "exit_time": 18}
grid|IS|{"range_start": 1, "range_end": 6, "entry_end": 13}
grid|IS|{"range_start": 1, "range_end": 6, "entry_end": 13, "exit_time": 21}
grid|IS|{"range_start": 1, "range_end": 6, "entry_end": 14, "exit_time": 14}
grid|IS|{"range_start": 1, "range_end": 6, "entry_end": 15, "exit_time": 16}
grid|IS|{"range_start": 1, "range_end": 6, "entry_end": 15, "exit_time": 17}
grid|IS|{"range_start": 1, "range_end": 6, "entry_end": 15, "exit_time": 18}
grid|IS|{"range_start": 1, "range_end": 6, "entry_end": 15}
grid|IS|{"range_start": 1, "range_end": 6, "entry_end": 15, "exit_time": 21}
grid|IS|{"range_start": 1, "entry_end": 9, "exit_time": 12}
grid|IS|{"range_start": 1, "entry_end": 9, "exit_time": 14}
grid|IS|{"range_start": 1, "entry_end": 9, "exit_time": 16}
grid|IS|{"range_start": 1, "entry_end": 9, "exit_time": 17}
grid|IS|{"range_start": 1, "entry_end": 9, "exit_time": 18}
grid|IS|{"range_start": 1, "entry_end": 9}
grid|IS|{"range_start": 1, "entry_end": 9, "exit_time": 21}
grid|IS|{"range_start": 1, "entry_end": 10, "exit_time": 12}
grid|IS|{"range_start": 1, "entry_end": 10, "exit_time": 14}
grid|IS|{"range_start": 1, "entry_end": 10, "exit_time": 16}
grid|IS|{"range_start": 1, "entry_end": 10, "exit_time": 17}
grid|IS|{"range_start": 1, "entry_end": 10, "exit_time": 18}
grid|IS|{"range_start": 1, "entry_end": 10}
grid|IS|{"range_start": 1, "entry_end": 10, "exit_time": 21}
grid|IS|{"range_start": 1, "entry_end": 11, "exit_time": 12}
grid|IS|{"range_start": 1, "entry_end": 11, "exit_time": 14}
grid|IS|{"range_start": 1, "entry_end": 11, "exit_time": 16}
grid|IS|{"range_start": 1, "entry_end": 11, "exit_time": 17}
grid|IS|{"range_start": 1, "entry_end": 11, "exit_time": 18}
grid|IS|{"range_start": 1, "entry_end": 11}
grid|IS|{"range_start": 1, "entry_end": 11, "exit_time": 21}
grid|IS|{"range_start": 1, "exit_time": 12}
grid|IS|{"range_start": 1, "exit_time": 14}
grid|IS|{"range_start": 1, "exit_time": 16}
grid|IS|{"range_start": 1, "exit_time": 17}
grid|IS|{"range_start": 1, "exit_time": 18}
grid|IS|{"range_start": 1}
grid|IS|{"range_start": 1, "exit_time": 21}
grid|IS|{"range_start": 1, "entry_end": 13, "exit_time": 14}
grid|IS|{"range_start": 1, "entry_end": 13, "exit_time": 16}
grid|IS|{"range_start": 1, "entry_end": 13, "exit_time": 17}
grid|IS|{"range_start": 1, "entry_end": 13, "exit_time": 18}
grid|IS|{"range_start": 1, "entry_end": 13}
grid|IS|{"range_start": 1, "entry_end": 13, "exit_time": 21}
grid|IS|{"range_start": 1, "entry_end": 14, "exit_time": 14}
grid|IS|{"range_start": 1, "entry_end": 15, "exit_time": 16}
grid|IS|{"range_start": 1, "entry_end": 15, "exit_time": 17}
grid|IS|{"range_start": 1, "entry_end": 15, "exit_time": 18}
grid|IS|{"range_start": 1, "entry_end": 15}
grid|IS|{"range_start": 1, "entry_end": 15, "exit_time": 21}
grid|IS|{"range_start": 1, "range_end": 8, "entry_end": 9, "exit_time": 12}
grid|IS|{"range_start": 1, "range_end": 8, "entry_end": 9, "exit_time": 14}
grid|IS|{"range_start": 1, "range_end": 8, "entry_end": 9, "exit_time": 16}
grid|IS|{"range_start": 1, "range_end": 8, "entry_end": 9, "exit_time": 17}
grid|IS|{"range_start": 1, "range_end": 8, "entry_end": 9, "exit_time": 18}
grid|IS|{"range_start": 1, "range_end": 8, "entry_end": 9}
grid|IS|{"range_start": 1, "range_end": 8, "entry_end": 9, "exit_time": 21}
grid|IS|{"range_start": 1, "range_end": 8, "entry_end": 10, "exit_time": 12}
grid|IS|{"range_start": 1, "range_end": 8, "entry_end": 10, "exit_time": 14}
grid|IS|{"range_start": 1, "range_end": 8, "entry_end": 10, "exit_time": 16}
grid|IS|{"range_start": 1, "range_end": 8, "entry_end": 10, "exit_time": 17}
grid|IS|{"range_start": 1, "range_end": 8, "entry_end": 10, "exit_time": 18}
grid|IS|{"range_start": 1, "range_end": 8, "entry_end": 10}
grid|IS|{"range_start": 1, "range_end": 8, "entry_end": 10, "exit_time": 21}
grid|IS|{"range_start": 1, "range_end": 8, "entry_end": 11, "exit_time": 12}
grid|IS|{"range_start": 1, "range_end": 8, "entry_end": 11, "exit_time": 14}
grid|IS|{"range_start": 1, "range_end": 8, "entry_end": 11, "exit_time": 16}
grid|IS|{"range_start": 1, "range_end": 8, "entry_end": 11, "exit_time": 17}
grid|IS|{"range_start": 1, "range_end": 8, "entry_end": 11, "exit_time": 18}
grid|IS|{"range_start": 1, "range_end": 8, "entry_end": 11}
grid|IS|{"range_start": 1, "range_end": 8, "entry_end": 11, "exit_time": 21}
grid|IS|{"range_start": 1, "range_end": 8, "exit_time": 12}
grid|IS|{"range_start": 1, "range_end": 8, "exit_time": 14}
grid|IS|{"range_start": 1, "range_end": 8, "exit_time": 16}
grid|IS|{"range_start": 1, "range_end": 8, "exit_time": 17}
grid|IS|{"range_start": 1, "range_end": 8, "exit_time": 18}
grid|IS|{"range_start": 1, "range_end": 8}
grid|IS|{"range_start": 1, "range_end": 8, "exit_time": 21}
grid|IS|{"range_start": 1, "range_end": 8, "entry_end": 13, "exit_time": 14}
grid|IS|{"range_start": 1, "range_end": 8, "entry_end": 13, "exit_time": 16}
grid|IS|{"range_start": 1, "range_end": 8, "entry_end": 13, "exit_time": 17}
grid|IS|{"range_start": 1, "range_end": 8, "entry_end": 13, "exit_time": 18}
grid|IS|{"range_start": 1, "range_end": 8, "entry_end": 13}
grid|IS|{"range_start": 1, "range_end": 8, "entry_end": 13, "exit_time": 21}
grid|IS|{"range_start": 1, "range_end": 8, "entry_end": 14, "exit_time": 14}
grid|IS|{"range_start": 1, "range_end": 8, "entry_end": 15, "exit_time": 16}
grid|IS|{"range_start": 1, "range_end": 8, "entry_end": 15, "exit_time": 17}
grid|IS|{"range_start": 1, "range_end": 8, "entry_end": 15, "exit_time": 18}
grid|IS|{"range_start": 1, "range_end": 8, "entry_end": 15}
grid|IS|{"range_start": 1, "range_end": 8, "entry_end": 15, "exit_time": 21}
grid|IS|{"range_start": 1, "range_end": 9, "entry_end": 10, "exit_time": 12}
grid|IS|{"range_start": 1, "range_end": 9, "entry_end": 10, "exit_time": 14}
grid|IS|{"range_start": 1, "range_end": 9, "entry_end": 10, "exit_time": 16}
grid|IS|{"range_start": 1, "range_end": 9, "entry_end": 10, "exit_time": 17}
grid|IS|{"range_start": 1, "range_end": 9, "entry_end": 10, "exit_time": 18}
grid|IS|{"range_start": 1, "range_end": 9, "entry_end": 10}
grid|IS|{"range_start": 1, "range_end": 9, "entry_end": 10, "exit_time": 21}
grid|IS|{"range_start": 1, "range_end": 9, "entry_end": 11, "exit_time": 12}
grid|IS|{"range_start": 1, "range_end": 9, "entry_end": 11, "exit_time": 14}
grid|IS|{"range_start": 1, "range_end": 9, "entry_end": 11, "exit_time": 16}
grid|IS|{"range_start": 1, "range_end": 9, "entry_end": 11, "exit_time": 17}
grid|IS|{"range_start": 1, "range_end": 9, "entry_end": 11, "exit_time": 18}
grid|IS|{"range_start": 1, "range_end": 9, "entry_end": 11}
grid|IS|{"range_start": 1, "range_end": 9, "entry_end": 11, "exit_time": 21}
grid|IS|{"range_start": 1, "range_end": 9, "exit_time": 12}
grid|IS|{"range_start": 1, "range_end": 9, "exit_time": 14}
grid|IS|{"range_start": 1, "range_end": 9, "exit_time": 16}
grid|IS|{"range_start": 1, "range_end": 9, "exit_time": 17}
grid|IS|{"range_start": 1, "range_end": 9, "exit_time": 18}
grid|IS|{"range_start": 1, "range_end": 9}
grid|IS|{"range_start": 1, "range_end": 9, "exit_time": 21}
grid|IS|{"range_start": 1, "range_end": 9, "entry_end": 13, "exit_time": 14}
grid|IS|{"range_start": 1, "range_end": 9, "entry_end": 13, "exit_time": 16}
grid|IS|{"range_start": 1, "range_end": 9, "entry_end": 13, "exit_time": 17}
grid|IS|{"range_start": 1, "range_end": 9, "entry_end": 13, "exit_time": 18}
grid|IS|{"range_start": 1, "range_end": 9, "entry_end": 13}
grid|IS|{"range_start": 1, "range_end": 9, "entry_end": 13, "exit_time": 21}
grid|IS|{"range_start": 1, "range_end": 9, "entry_end": 14, "exit_time": 14}
grid|IS|{"range_start": 1, "range_end": 9, "entry_end": 15, "exit_time": 16}
grid|IS|{"range_start": 1, "range_end": 9, "entry_end": 15, "exit_time": 17}
grid|IS|{"range_start": 1, "range_end": 9, "entry_end": 15, "exit_time": 18}
grid|IS|{"range_start": 1, "range_end": 9, "entry_end": 15}
grid|IS|{"range_start": 1, "range_end": 9, "entry_end": 15, "exit_time": 21}
grid|IS|{"range_start": 2, "range_end": 5, "entry_end": 9, "exit_time": 12}
grid|IS|{"range_start": 2, "range_end": 5, "entry_end": 9, "exit_time": 14}
grid|IS|{"range_start": 2, "range_end": 5, "entry_end": 9, "exit_time": 16}
grid|IS|{"range_start": 2, "range_end": 5, "entry_end": 9, "exit_time": 17}
grid|IS|{"range_start": 2, "range_end": 5, "entry_end": 9, "exit_time": 18}
grid|IS|{"range_start": 2, "range_end": 5, "entry_end": 9}
grid|IS|{"range_start": 2, "range_end": 5, "entry_end": 9, "exit_time": 21}
grid|IS|{"range_start": 2, "range_end": 5, "entry_end": 10, "exit_time": 12}
grid|IS|{"range_start": 2, "range_end": 5, "entry_end": 10, "exit_time": 14}
grid|IS|{"range_start": 2, "range_end": 5, "entry_end": 10, "exit_time": 16}
grid|IS|{"range_start": 2, "range_end": 5, "entry_end": 10, "exit_time": 17}
grid|IS|{"range_start": 2, "range_end": 5, "entry_end": 10, "exit_time": 18}
grid|IS|{"range_start": 2, "range_end": 5, "entry_end": 10}
grid|IS|{"range_start": 2, "range_end": 5, "entry_end": 10, "exit_time": 21}
grid|IS|{"range_start": 2, "range_end": 5, "entry_end": 11, "exit_time": 12}
grid|IS|{"range_start": 2, "range_end": 5, "entry_end": 11, "exit_time": 14}
grid|IS|{"range_start": 2, "range_end": 5, "entry_end": 11, "exit_time": 16}
grid|IS|{"range_start": 2, "range_end": 5, "entry_end": 11, "exit_time": 17}
grid|IS|{"range_start": 2, "range_end": 5, "entry_end": 11, "exit_time": 18}
grid|IS|{"range_start": 2, "range_end": 5, "entry_end": 11}
grid|IS|{"range_start": 2, "range_end": 5, "entry_end": 11, "exit_time": 21}
grid|IS|{"range_start": 2, "range_end": 5, "exit_time": 12}
grid|IS|{"range_start": 2, "range_end": 5, "exit_time": 14}
grid|IS|{"range_start": 2, "range_end": 5, "exit_time": 16}
grid|IS|{"range_start": 2, "range_end": 5, "exit_time": 17}
grid|IS|{"range_start": 2, "range_end": 5, "exit_time": 18}
grid|IS|{"range_start": 2, "range_end": 5}
grid|IS|{"range_start": 2, "range_end": 5, "exit_time": 21}
grid|IS|{"range_start": 2, "range_end": 5, "entry_end": 13, "exit_time": 14}
grid|IS|{"range_start": 2, "range_end": 5, "entry_end": 13, "exit_time": 16}
grid|IS|{"range_start": 2, "range_end": 5, "entry_end": 13, "exit_time": 17}
grid|IS|{"range_start": 2, "range_end": 5, "entry_end": 13, "exit_time": 18}
grid|IS|{"range_start": 2, "range_end": 5, "entry_end": 13}
grid|IS|{"range_start": 2, "range_end": 5, "entry_end": 13, "exit_time": 21}
grid|IS|{"range_start": 2, "range_end": 5, "entry_end": 14, "exit_time": 14}
grid|IS|{"range_start": 2, "range_end": 5, "entry_end": 15, "exit_time": 16}
grid|IS|{"range_start": 2, "range_end": 5, "entry_end": 15, "exit_time": 17}
grid|IS|{"range_start": 2, "range_end": 5, "entry_end": 15, "exit_time": 18}
grid|IS|{"range_start": 2, "range_end": 5, "entry_end": 15}
grid|IS|{"range_start": 2, "range_end": 5, "entry_end": 15, "exit_time": 21}
grid|IS|{"range_start": 2, "range_end": 6, "entry_end": 9, "exit_time": 12}
grid|IS|{"range_start": 2, "range_end": 6, "entry_end": 9, "exit_time": 14}
grid|IS|{"range_start": 2, "range_end": 6, "entry_end": 9, "exit_time": 16}
grid|IS|{"range_start": 2, "range_end": 6, "entry_end": 9, "exit_time": 17}
grid|IS|{"range_start": 2, "range_end": 6, "entry_end": 9, "exit_time": 18}
grid|IS|{"range_start": 2, "range_end": 6, "entry_end": 9}
grid|IS|{"range_start": 2, "range_end": 6, "entry_end": 9, "exit_time": 21}
grid|IS|{"range_start": 2, "range_end": 6, "entry_end": 10, "exit_time": 12}
grid|IS|{"range_start": 2, "range_end": 6, "entry_end": 10, "exit_time": 14}
grid|IS|{"range_start": 2, "range_end": 6, "entry_end": 10, "exit_time": 16}
grid|IS|{"range_start": 2, "range_end": 6, "entry_end": 10, "exit_time": 17}
grid|IS|{"range_start": 2, "range_end": 6, "entry_end": 10, "exit_time": 18}
grid|IS|{"range_start": 2, "range_end": 6, "entry_end": 10}
grid|IS|{"range_start": 2, "range_end": 6, "entry_end": 10, "exit_time": 21}
grid|IS|{"range_start": 2, "range_end": 6, "entry_end": 11, "exit_time": 12}
grid|IS|{"range_start": 2, "range_end": 6, "entry_end": 11, "exit_time": 14}
grid|IS|{"range_start": 2, "range_end": 6, "entry_end": 11, "exit_time": 16}
grid|IS|{"range_start": 2, "range_end": 6, "entry_end": 11, "exit_time": 17}
grid|IS|{"range_start": 2, "range_end": 6, "entry_end": 11, "exit_time": 18}
grid|IS|{"range_start": 2, "range_end": 6, "entry_end": 11}
grid|IS|{"range_start": 2, "range_end": 6, "entry_end": 11, "exit_time": 21}
grid|IS|{"range_start": 2, "range_end": 6, "exit_time": 12}
grid|IS|{"range_start": 2, "range_end": 6, "exit_time": 14}
grid|IS|{"range_start": 2, "range_end": 6, "exit_time": 16}
grid|IS|{"range_start": 2, "range_end": 6, "exit_time": 17}
grid|IS|{"range_start": 2, "range_end": 6, "exit_time": 18}
grid|IS|{"range_start": 2, "range_end": 6}
grid|IS|{"range_start": 2, "range_end": 6, "exit_time": 21}
grid|IS|{"range_start": 2, "range_end": 6, "entry_end": 13, "exit_time": 14}
grid|IS|{"range_start": 2, "range_end": 6, "entry_end": 13, "exit_time": 16}
grid|IS|{"range_start": 2, "range_end": 6, "entry_end": 13, "exit_time": 17}
grid|IS|{"range_start": 2, "range_end": 6, "entry_end": 13, "exit_time": 18}
grid|IS|{"range_start": 2, "range_end": 6, "entry_end": 13}
grid|IS|{"range_start": 2, "range_end": 6, "entry_end": 13, "exit_time": 21}
grid|IS|{"range_start": 2, "range_end": 6, "entry_end": 14, "exit_time": 14}
grid|IS|{"range_start": 2, "range_end": 6, "entry_end": 15, "exit_time": 16}
grid|IS|{"range_start": 2, "range_end": 6, "entry_end": 15, "exit_time": 17}
grid|IS|{"range_start": 2, "range_end": 6, "entry_end": 15, "exit_time": 18}
grid|IS|{"range_start": 2, "range_end": 6, "entry_end": 15}
grid|IS|{"range_start": 2, "range_end": 6, "entry_end": 15, "exit_time": 21}
grid|IS|{"range_start": 2, "entry_end": 9, "exit_time": 12}
grid|IS|{"range_start": 2, "entry_end": 9, "exit_time": 14}
grid|IS|{"range_start": 2, "entry_end": 9, "exit_time": 16}
grid|IS|{"range_start": 2, "entry_end": 9, "exit_time": 17}
grid|IS|{"range_start": 2, "entry_end": 9, "exit_time": 18}
grid|IS|{"range_start": 2, "entry_end": 9}
grid|IS|{"range_start": 2, "entry_end": 9, "exit_time": 21}
grid|IS|{"range_start": 2, "entry_end": 10, "exit_time": 12}
grid|IS|{"range_start": 2, "entry_end": 10, "exit_time": 14}
grid|IS|{"range_start": 2, "entry_end": 10, "exit_time": 16}
grid|IS|{"range_start": 2, "entry_end": 10, "exit_time": 17}
grid|IS|{"range_start": 2, "entry_end": 10, "exit_time": 18}
grid|IS|{"range_start": 2, "entry_end": 10}
grid|IS|{"range_start": 2, "entry_end": 10, "exit_time": 21}
grid|IS|{"range_start": 2, "entry_end": 11, "exit_time": 12}
grid|IS|{"range_start": 2, "entry_end": 11, "exit_time": 14}
grid|IS|{"range_start": 2, "entry_end": 11, "exit_time": 16}
grid|IS|{"range_start": 2, "entry_end": 11, "exit_time": 17}
grid|IS|{"range_start": 2, "entry_end": 11, "exit_time": 18}
grid|IS|{"range_start": 2, "entry_end": 11}
grid|IS|{"range_start": 2, "entry_end": 11, "exit_time": 21}
grid|IS|{"range_start": 2, "exit_time": 12}
grid|IS|{"range_start": 2, "exit_time": 14}
grid|IS|{"range_start": 2, "exit_time": 16}
grid|IS|{"range_start": 2, "exit_time": 17}
grid|IS|{"range_start": 2, "exit_time": 18}
grid|IS|{"range_start": 2}
grid|IS|{"range_start": 2, "exit_time": 21}
grid|IS|{"range_start": 2, "entry_end": 13, "exit_time": 14}
grid|IS|{"range_start": 2, "entry_end": 13, "exit_time": 16}
grid|IS|{"range_start": 2, "entry_end": 13, "exit_time": 17}
grid|IS|{"range_start": 2, "entry_end": 13, "exit_time": 18}
grid|IS|{"range_start": 2, "entry_end": 13}
grid|IS|{"range_start": 2, "entry_end": 13, "exit_time": 21}
grid|IS|{"range_start": 2, "entry_end": 14, "exit_time": 14}
grid|IS|{"range_start": 2, "entry_end": 15, "exit_time": 16}
grid|IS|{"range_start": 2, "entry_end": 15, "exit_time": 17}
grid|IS|{"range_start": 2, "entry_end": 15, "exit_time": 18}
grid|IS|{"range_start": 2, "entry_end": 15}
grid|IS|{"range_start": 2, "entry_end": 15, "exit_time": 21}
grid|IS|{"range_start": 2, "range_end": 8, "entry_end": 9, "exit_time": 12}
grid|IS|{"range_start": 2, "range_end": 8, "entry_end": 9, "exit_time": 14}
grid|IS|{"range_start": 2, "range_end": 8, "entry_end": 9, "exit_time": 16}
grid|IS|{"range_start": 2, "range_end": 8, "entry_end": 9, "exit_time": 17}
grid|IS|{"range_start": 2, "range_end": 8, "entry_end": 9, "exit_time": 18}
grid|IS|{"range_start": 2, "range_end": 8, "entry_end": 9}
grid|IS|{"range_start": 2, "range_end": 8, "entry_end": 9, "exit_time": 21}
grid|IS|{"range_start": 2, "range_end": 8, "entry_end": 10, "exit_time": 12}
grid|IS|{"range_start": 2, "range_end": 8, "entry_end": 10, "exit_time": 14}
grid|IS|{"range_start": 2, "range_end": 8, "entry_end": 10, "exit_time": 16}
grid|IS|{"range_start": 2, "range_end": 8, "entry_end": 10, "exit_time": 17}
grid|IS|{"range_start": 2, "range_end": 8, "entry_end": 10, "exit_time": 18}
grid|IS|{"range_start": 2, "range_end": 8, "entry_end": 10}
grid|IS|{"range_start": 2, "range_end": 8, "entry_end": 10, "exit_time": 21}
grid|IS|{"range_start": 2, "range_end": 8, "entry_end": 11, "exit_time": 12}
grid|IS|{"range_start": 2, "range_end": 8, "entry_end": 11, "exit_time": 14}
grid|IS|{"range_start": 2, "range_end": 8, "entry_end": 11, "exit_time": 16}
grid|IS|{"range_start": 2, "range_end": 8, "entry_end": 11, "exit_time": 17}
grid|IS|{"range_start": 2, "range_end": 8, "entry_end": 11, "exit_time": 18}
grid|IS|{"range_start": 2, "range_end": 8, "entry_end": 11}
grid|IS|{"range_start": 2, "range_end": 8, "entry_end": 11, "exit_time": 21}
grid|IS|{"range_start": 2, "range_end": 8, "exit_time": 12}
grid|IS|{"range_start": 2, "range_end": 8, "exit_time": 14}
grid|IS|{"range_start": 2, "range_end": 8, "exit_time": 16}
grid|IS|{"range_start": 2, "range_end": 8, "exit_time": 17}
grid|IS|{"range_start": 2, "range_end": 8, "exit_time": 18}
grid|IS|{"range_start": 2, "range_end": 8}
grid|IS|{"range_start": 2, "range_end": 8, "exit_time": 21}
grid|IS|{"range_start": 2, "range_end": 8, "entry_end": 13, "exit_time": 14}
grid|IS|{"range_start": 2, "range_end": 8, "entry_end": 13, "exit_time": 16}
grid|IS|{"range_start": 2, "range_end": 8, "entry_end": 13, "exit_time": 17}
grid|IS|{"range_start": 2, "range_end": 8, "entry_end": 13, "exit_time": 18}
grid|IS|{"range_start": 2, "range_end": 8, "entry_end": 13}
grid|IS|{"range_start": 2, "range_end": 8, "entry_end": 13, "exit_time": 21}
grid|IS|{"range_start": 2, "range_end": 8, "entry_end": 14, "exit_time": 14}
grid|IS|{"range_start": 2, "range_end": 8, "entry_end": 15, "exit_time": 16}
grid|IS|{"range_start": 2, "range_end": 8, "entry_end": 15, "exit_time": 17}
grid|IS|{"range_start": 2, "range_end": 8, "entry_end": 15, "exit_time": 18}
grid|IS|{"range_start": 2, "range_end": 8, "entry_end": 15}
grid|IS|{"range_start": 2, "range_end": 8, "entry_end": 15, "exit_time": 21}
grid|IS|{"range_start": 2, "range_end": 9, "entry_end": 10, "exit_time": 12}
grid|IS|{"range_start": 2, "range_end": 9, "entry_end": 10, "exit_time": 14}
grid|IS|{"range_start": 2, "range_end": 9, "entry_end": 10, "exit_time": 16}
grid|IS|{"range_start": 2, "range_end": 9, "entry_end": 10, "exit_time": 17}
grid|IS|{"range_start": 2, "range_end": 9, "entry_end": 10, "exit_time": 18}
grid|IS|{"range_start": 2, "range_end": 9, "entry_end": 10}
grid|IS|{"range_start": 2, "range_end": 9, "entry_end": 10, "exit_time": 21}
grid|IS|{"range_start": 2, "range_end": 9, "entry_end": 11, "exit_time": 12}
grid|IS|{"range_start": 2, "range_end": 9, "entry_end": 11, "exit_time": 14}
grid|IS|{"range_start": 2, "range_end": 9, "entry_end": 11, "exit_time": 16}
grid|IS|{"range_start": 2, "range_end": 9, "entry_end": 11, "exit_time": 17}
grid|IS|{"range_start": 2, "range_end": 9, "entry_end": 11, "exit_time": 18}
grid|IS|{"range_start": 2, "range_end": 9, "entry_end": 11}
grid|IS|{"range_start": 2, "range_end": 9, "entry_end": 11, "exit_time": 21}
grid|IS|{"range_start": 2, "range_end": 9, "exit_time": 12}
grid|IS|{"range_start": 2, "range_end": 9, "exit_time": 14}
grid|IS|{"range_start": 2, "range_end": 9, "exit_time": 16}
grid|IS|{"range_start": 2, "range_end": 9, "exit_time": 17}
grid|IS|{"range_start": 2, "range_end": 9, "exit_time": 18}
grid|IS|{"range_start": 2, "range_end": 9}
grid|IS|{"range_start": 2, "range_end": 9, "exit_time": 21}
grid|IS|{"range_start": 2, "range_end": 9, "entry_end": 13, "exit_time": 14}
grid|IS|{"range_start": 2, "range_end": 9, "entry_end": 13, "exit_time": 16}
grid|IS|{"range_start": 2, "range_end": 9, "entry_end": 13, "exit_time": 17}
grid|IS|{"range_start": 2, "range_end": 9, "entry_end": 13, "exit_time": 18}
grid|IS|{"range_start": 2, "range_end": 9, "entry_end": 13}
grid|IS|{"range_start": 2, "range_end": 9, "entry_end": 13, "exit_time": 21}
grid|IS|{"range_start": 2, "range_end": 9, "entry_end": 14, "exit_time": 14}
grid|IS|{"range_start": 2, "range_end": 9, "entry_end": 15, "exit_time": 16}
grid|IS|{"range_start": 2, "range_end": 9, "entry_end": 15, "exit_time": 17}
grid|IS|{"range_start": 2, "range_end": 9, "entry_end": 15, "exit_time": 18}
grid|IS|{"range_start": 2, "range_end": 9, "entry_end": 15}
grid|IS|{"range_start": 2, "range_end": 9, "entry_end": 15, "exit_time": 21}
decomp|IS|{}
decomp_gross|IS|{"commission": 0.0, "slip": 0.0}
decomp|IS|{"range_end": 5, "exit_time": 21}
decomp_gross|IS|{"range_end": 5, "exit_time": 21, "commission": 0.0, "slip": 0.0}
decomp|IS|{"range_end": 5, "exit_time": 18}
decomp_gross|IS|{"range_end": 5, "exit_time": 18, "commission": 0.0, "slip": 0.0}
decomp|IS|{"range_start": 2, "range_end": 9}
decomp_gross|IS|{"range_start": 2, "range_end": 9, "commission": 0.0, "slip": 0.0}
decomp|IS|{"exit_time": 12}
decomp_gross|IS|{"exit_time": 12, "commission": 0.0, "slip": 0.0}
grid_gross|IS_gross|{"range_start": -3, "range_end": 5, "entry_end": 9, "exit_time": 12, "commission": 0.0, "slip": 0.0}
grid_gross|IS_gross|{"range_start": -3, "range_end": 5, "entry_end": 9, "exit_time": 14, "commission": 0.0, "slip": 0.0}
grid_gross|IS_gross|{"range_start": -3, "range_end": 5, "entry_end": 9, "exit_time": 16, "commission": 0.0, "slip": 0.0}
grid_gross|IS_gross|{"range_start": -3, "range_end": 5, "entry_end": 9, "exit_time": 17, "commission": 0.0, "slip": 0.0}
grid_gross|IS_gross|{"range_start": -3, "range_end": 5, "entry_end": 9, "exit_time": 18, "commission": 0.0, "slip": 0.0}
grid_gross|IS_gross|{"range_start": -3, "range_end": 5, "entry_end": 9, "commission": 0.0, "slip": 0.0}
grid_gross|IS_gross|{"range_start": -3, "range_end": 5, "entry_end": 9, "exit_time": 21, "commission": 0.0, "slip": 0.0}
grid_gross|IS_gross|{"range_start": -3, "range_end": 5, "entry_end": 10, "exit_time": 12, "commission": 0.0, "slip": 0.0}
grid_gross|IS_gross|{"range_start": -3, "range_end": 5, "entry_end": 10, "exit_time": 14, "commission": 0.0, "slip": 0.0}
grid_gross|IS_gross|{"range_start": -3, "range_end": 5, "entry_end": 10, "exit_time": 16, "commission": 0.0, "slip": 0.0}
grid_gross|IS_gross|{"range_start": -3, "range_end": 5, "entry_end": 10, "exit_time": 17, "commission": 0.0, "slip": 0.0}
grid_gross|IS_gross|{"range_start": -3, "range_end": 5, "entry_end": 10, "exit_time": 18, "commission": 0.0, "slip": 0.0}
grid_gross|IS_gross|{"range_start": -3, "range_end": 5, "entry_end": 10, "commission": 0.0, "slip": 0.0}
grid_gross|IS_gross|{"range_start": -3, "range_end": 5, "entry_end": 10, "exit_time": 21, "commission": 0.0, "slip": 0.0}
grid_gross|IS_gross|{"range_start": -3, "range_end": 5, "entry_end": 11, "exit_time": 12, "commission": 0.0, "slip": 0.0}
grid_gross|IS_gross|{"range_start": -3, "range_end": 5, "entry_end": 11, "exit_time": 14, "commission": 0.0, "slip": 0.0}
grid_gross|IS_gross|{"range_start": -3, "range_end": 5, "entry_end": 11, "exit_time": 16, "commission": 0.0, "slip": 0.0}
grid_gross|IS_gross|{"range_start": -3, "range_end": 5, "entry_end": 11, "exit_time": 17, "commission": 0.0, "slip": 0.0}
grid_gross|IS_gross|{"range_start": -3, "range_end": 5, "entry_end": 11, "exit_time": 18, "commission": 0.0, "slip": 0.0}
grid_gross|IS_gross|{"range_start": -3, "range_end": 5, "entry_end": 11, "commission": 0.0, "slip": 0.0}
grid_gross|IS_gross|{"range_start": -3, "range_end": 5, "entry_end": 11, "exit_time": 21, "commission": 0.0, "slip": 0.0}
grid_gross|IS_gross|{"range_start": -3, "range_end": 5, "exit_time": 12, "commission": 0.0, "slip": 0.0}
grid_gross|IS_gross|{"range_start": -3, "range_end": 5, "exit_time": 14, "commission": 0.0, "slip": 0.0}
grid_gross|IS_gross|{"range_start": -3, "range_end": 5, "exit_time": 16, "commission": 0.0, "slip": 0.0}
grid_gross|IS_gross|{"range_start": -3, "range_end": 5, "exit_time": 17, "commission": 0.0, "slip": 0.0}
grid_gross|IS_gross|{"range_start": -3, "range_end": 5, "exit_time": 18, "commission": 0.0, "slip": 0.0}
grid_gross|IS_gross|{"range_start": -3, "range_end": 5, "commission": 0.0, "slip": 0.0}
grid_gross|IS_gross|{"range_start": -3, "range_end": 5, "exit_time": 21, "commission": 0.0, "slip": 0.0}
grid_gross|IS_gross|{"range_start": -3, "range_end": 5, "entry_end": 13, "exit_time": 14, "commission": 0.0, "slip": 0.0}
grid_gross|IS_gross|{"range_start": -3, "range_end": 5, "entry_end": 13, "exit_time": 16, "commission": 0.0, "slip": 0.0}
grid_gross|IS_gross|{"range_start": -3, "range_end": 5, "entry_end": 13, "exit_time": 17, "commission": 0.0, "slip": 0.0}
grid_gross|IS_gross|{"range_start": -3, "range_end": 5, "entry_end": 13, "exit_time": 18, "commission": 0.0, "slip": 0.0}
grid_gross|IS_gross|{"range_start": -3, "range_end": 5, "entry_end": 13, "commission": 0.0, "slip": 0.0}
grid_gross|IS_gross|{"range_start": -3, "range_end": 5, "entry_end": 13, "exit_time": 21, "commission": 0.0, "slip": 0.0}
grid_gross|IS_gross|{"range_start": -3, "range_end": 5, "entry_end": 14, "exit_time": 14, "commission": 0.0, "slip": 0.0}
grid_gross|IS_gross|{"range_start": -3, "range_end": 5, "entry_end": 15, "exit_time": 16, "commission": 0.0, "slip": 0.0}
grid_gross|IS_gross|{"range_start": -3, "range_end": 5, "entry_end": 15, "exit_time": 17, "commission": 0.0, "slip": 0.0}
grid_gross|IS_gross|{"range_start": -3, "range_end": 5, "entry_end": 15, "exit_time": 18, "commission": 0.0, "slip": 0.0}
grid_gross|IS_gross|{"range_start": -3, "range_end": 5, "entry_end": 15, "commission": 0.0, "slip": 0.0}
grid_gross|IS_gross|{"range_start": -3, "range_end": 5, "entry_end": 15, "exit_time": 21, "commission": 0.0, "slip": 0.0}
grid_gross|IS_gross|{"range_start": -3, "range_end": 6, "entry_end": 9, "exit_time": 12, "commission": 0.0, "slip": 0.0}
grid_gross|IS_gross|{"range_start": -3, "range_end": 6, "entry_end": 9, "exit_time": 14, "commission": 0.0, "slip": 0.0}
grid_gross|IS_gross|{"range_start": -3, "range_end": 6, "entry_end": 9, "exit_time": 16, "commission": 0.0, "slip": 0.0}
grid_gross|IS_gross|{"range_start": -3, "range_end": 6, "entry_end": 9, "exit_time": 17, "commission": 0.0, "slip": 0.0}
grid_gross|IS_gross|{"range_start": -3, "range_end": 6, "entry_end": 9, "exit_time": 18, "commission": 0.0, "slip": 0.0}
grid_gross|IS_gross|{"range_start": -3, "range_end": 6, "entry_end": 9, "commission": 0.0, "slip": 0.0}
grid_gross|IS_gross|{"range_start": -3, "range_end": 6, "entry_end": 9, "exit_time": 21, "commission": 0.0, "slip": 0.0}
grid_gross|IS_gross|{"range_start": -3, "range_end": 6, "entry_end": 10, "exit_time": 12, "commission": 0.0, "slip": 0.0}
grid_gross|IS_gross|{"range_start": -3, "range_end": 6, "entry_end": 10, "exit_time": 14, "commission": 0.0, "slip": 0.0}
grid_gross|IS_gross|{"range_start": -3, "range_end": 6, "entry_end": 10, "exit_time": 16, "commission": 0.0, "slip": 0.0}
grid_gross|IS_gross|{"range_start": -3, "range_end": 6, "entry_end": 10, "exit_time": 17, "commission": 0.0, "slip": 0.0}
grid_gross|IS_gross|{"range_start": -3, "range_end": 6, "entry_end": 10, "exit_time": 18, "commission": 0.0, "slip": 0.0}
grid_gross|IS_gross|{"range_start": -3, "range_end": 6, "entry_end": 10, "commission": 0.0, "slip": 0.0}
grid_gross|IS_gross|{"range_start": -3, "range_end": 6, "entry_end": 10, "exit_time": 21, "commission": 0.0, "slip": 0.0}
grid_gross|IS_gross|{"range_start": -3, "range_end": 6, "entry_end": 11, "exit_time": 12, "commission": 0.0, "slip": 0.0}
grid_gross|IS_gross|{"range_start": -3, "range_end": 6, "entry_end": 11, "exit_time": 14, "commission": 0.0, "slip": 0.0}
grid_gross|IS_gross|{"range_start": -3, "range_end": 6, "entry_end": 11, "exit_time": 16, "commission": 0.0, "slip": 0.0}
grid_gross|IS_gross|{"range_start": -3, "range_end": 6, "entry_end": 11, "exit_time": 17, "commission": 0.0, "slip": 0.0}
grid_gross|IS_gross|{"range_start": -3, "range_end": 6, "entry_end": 11, "exit_time": 18, "commission": 0.0, "slip": 0.0}
grid_gross|IS_gross|{"range_start": -3, "range_end": 6, "entry_end": 11, "commission": 0.0, "slip": 0.0}
grid_gross|IS_gross|{"range_start": -3, "range_end": 6, "entry_end": 11, "exit_time": 21, "commission": 0.0, "slip": 0.0}
grid_gross|IS_gross|{"range_start": -3, "range_end": 6, "exit_time": 12, "commission": 0.0, "slip": 0.0}
grid_gross|IS_gross|{"range_start": -3, "range_end": 6, "exit_time": 14, "commission": 0.0, "slip": 0.0}
grid_gross|IS_gross|{"range_start": -3, "range_end": 6, "exit_time": 16, "commission": 0.0, "slip": 0.0}
grid_gross|IS_gross|{"range_start": -3, "range_end": 6, "exit_time": 17, "commission": 0.0, "slip": 0.0}
grid_gross|IS_gross|{"range_start": -3, "range_end": 6, "exit_time": 18, "commission": 0.0, "slip": 0.0}
grid_gross|IS_gross|{"range_start": -3, "range_end": 6, "commission": 0.0, "slip": 0.0}
grid_gross|IS_gross|{"range_start": -3, "range_end": 6, "exit_time": 21, "commission": 0.0, "slip": 0.0}
grid_gross|IS_gross|{"range_start": -3, "range_end": 6, "entry_end": 13, "exit_time": 14, "commission": 0.0, "slip": 0.0}
grid_gross|IS_gross|{"range_start": -3, "range_end": 6, "entry_end": 13, "exit_time": 16, "commission": 0.0, "slip": 0.0}
grid_gross|IS_gross|{"range_start": -3, "range_end": 6, "entry_end": 13, "exit_time": 17, "commission": 0.0, "slip": 0.0}
grid_gross|IS_gross|{"range_start": -3, "range_end": 6, "entry_end": 13, "exit_time": 18, "commission": 0.0, "slip": 0.0}
grid_gross|IS_gross|{"range_start": -3, "range_end": 6, "entry_end": 13, "commission": 0.0, "slip": 0.0}
grid_gross|IS_gross|{"range_start": -3, "range_end": 6, "entry_end": 13, "exit_time": 21, "commission": 0.0, "slip": 0.0}
grid_gross|IS_gross|{"range_start": -3, "range_end": 6, "entry_end": 14, "exit_time": 14, "commission": 0.0, "slip": 0.0}
grid_gross|IS_gross|{"range_start": -3, "range_end": 6, "entry_end": 15, "exit_time": 16, "commission": 0.0, "slip": 0.0}
grid_gross|IS_gross|{"range_start": -3, "range_end": 6, "entry_end": 15, "exit_time": 17, "commission": 0.0, "slip": 0.0}
grid_gross|IS_gross|{"range_start": -3, "range_end": 6, "entry_end": 15, "exit_time": 18, "commission": 0.0, "slip": 0.0}
grid_gross|IS_gross|{"range_start": -3, "range_end": 6, "entry_end": 15, "commission": 0.0, "slip": 0.0}
grid_gross|IS_gross|{"range_start": -3, "range_end": 6, "entry_end": 15, "exit_time": 21, "commission": 0.0, "slip": 0.0}
grid_gross|IS_gross|{"range_start": -3, "entry_end": 9, "exit_time": 12, "commission": 0.0, "slip": 0.0}
grid_gross|IS_gross|{"range_start": -3, "entry_end": 9, "exit_time": 14, "commission": 0.0, "slip": 0.0}
grid_gross|IS_gross|{"range_start": -3, "entry_end": 9, "exit_time": 16, "commission": 0.0, "slip": 0.0}
grid_gross|IS_gross|{"range_start": -3, "entry_end": 9, "exit_time": 17, "commission": 0.0, "slip": 0.0}
grid_gross|IS_gross|{"range_start": -3, "entry_end": 9, "exit_time": 18, "commission": 0.0, "slip": 0.0}
grid_gross|IS_gross|{"range_start": -3, "entry_end": 9, "commission": 0.0, "slip": 0.0}
grid_gross|IS_gross|{"range_start": -3, "entry_end": 9, "exit_time": 21, "commission": 0.0, "slip": 0.0}
grid_gross|IS_gross|{"range_start": -3, "entry_end": 10, "exit_time": 12, "commission": 0.0, "slip": 0.0}
grid_gross|IS_gross|{"range_start": -3, "entry_end": 10, "exit_time": 14, "commission": 0.0, "slip": 0.0}
grid_gross|IS_gross|{"range_start": -3, "entry_end": 10, "exit_time": 16, "commission": 0.0, "slip": 0.0}
grid_gross|IS_gross|{"range_start": -3, "entry_end": 10, "exit_time": 17, "commission": 0.0, "slip": 0.0}
grid_gross|IS_gross|{"range_start": -3, "entry_end": 10, "exit_time": 18, "commission": 0.0, "slip": 0.0}
grid_gross|IS_gross|{"range_start": -3, "entry_end": 10, "commission": 0.0, "slip": 0.0}
grid_gross|IS_gross|{"range_start": -3, "entry_end": 10, "exit_time": 21, "commission": 0.0, "slip": 0.0}
grid_gross|IS_gross|{"range_start": -3, "entry_end": 11, "exit_time": 12, "commission": 0.0, "slip": 0.0}
grid_gross|IS_gross|{"range_start": -3, "entry_end": 11, "exit_time": 14, "commission": 0.0, "slip": 0.0}
grid_gross|IS_gross|{"range_start": -3, "entry_end": 11, "exit_time": 16, "commission": 0.0, "slip": 0.0}
grid_gross|IS_gross|{"range_start": -3, "entry_end": 11, "exit_time": 17, "commission": 0.0, "slip": 0.0}
grid_gross|IS_gross|{"range_start": -3, "entry_end": 11, "exit_time": 18, "commission": 0.0, "slip": 0.0}
grid_gross|IS_gross|{"range_start": -3, "entry_end": 11, "commission": 0.0, "slip": 0.0}
grid_gross|IS_gross|{"range_start": -3, "entry_end": 11, "exit_time": 21, "commission": 0.0, "slip": 0.0}
grid_gross|IS_gross|{"range_start": -3, "exit_time": 12, "commission": 0.0, "slip": 0.0}
grid_gross|IS_gross|{"range_start": -3, "exit_time": 14, "commission": 0.0, "slip": 0.0}
grid_gross|IS_gross|{"range_start": -3, "exit_time": 16, "commission": 0.0, "slip": 0.0}
grid_gross|IS_gross|{"range_start": -3, "exit_time": 17, "commission": 0.0, "slip": 0.0}
grid_gross|IS_gross|{"range_start": -3, "exit_time": 18, "commission": 0.0, "slip": 0.0}
grid_gross|IS_gross|{"range_start": -3, "commission": 0.0, "slip": 0.0}
grid_gross|IS_gross|{"range_start": -3, "exit_time": 21, "commission": 0.0, "slip": 0.0}
grid_gross|IS_gross|{"range_start": -3, "entry_end": 13, "exit_time": 14, "commission": 0.0, "slip": 0.0}
grid_gross|IS_gross|{"range_start": -3, "entry_end": 13, "exit_time": 16, "commission": 0.0, "slip": 0.0}
grid_gross|IS_gross|{"range_start": -3, "entry_end": 13, "exit_time": 17, "commission": 0.0, "slip": 0.0}
grid_gross|IS_gross|{"range_start": -3, "entry_end": 13, "exit_time": 18, "commission": 0.0, "slip": 0.0}
grid_gross|IS_gross|{"range_start": -3, "entry_end": 13, "commission": 0.0, "slip": 0.0}
grid_gross|IS_gross|{"range_start": -3, "entry_end": 13, "exit_time": 21, "commission": 0.0, "slip": 0.0}
grid_gross|IS_gross|{"range_start": -3, "entry_end": 14, "exit_time": 14, "commission": 0.0, "slip": 0.0}
grid_gross|IS_gross|{"range_start": -3, "entry_end": 15, "exit_time": 16, "commission": 0.0, "slip": 0.0}
grid_gross|IS_gross|{"range_start": -3, "entry_end": 15, "exit_time": 17, "commission": 0.0, "slip": 0.0}
grid_gross|IS_gross|{"range_start": -3, "entry_end": 15, "exit_time": 18, "commission": 0.0, "slip": 0.0}
grid_gross|IS_gross|{"range_start": -3, "entry_end": 15, "commission": 0.0, "slip": 0.0}
grid_gross|IS_gross|{"range_start": -3, "entry_end": 15, "exit_time": 21, "commission": 0.0, "slip": 0.0}
grid_gross|IS_gross|{"range_start": -3, "range_end": 8, "entry_end": 9, "exit_time": 12, "commission": 0.0, "slip": 0.0}
grid_gross|IS_gross|{"range_start": -3, "range_end": 8, "entry_end": 9, "exit_time": 14, "commission": 0.0, "slip": 0.0}
grid_gross|IS_gross|{"range_start": -3, "range_end": 8, "entry_end": 9, "exit_time": 16, "commission": 0.0, "slip": 0.0}
grid_gross|IS_gross|{"range_start": -3, "range_end": 8, "entry_end": 9, "exit_time": 17, "commission": 0.0, "slip": 0.0}
grid_gross|IS_gross|{"range_start": -3, "range_end": 8, "entry_end": 9, "exit_time": 18, "commission": 0.0, "slip": 0.0}
grid_gross|IS_gross|{"range_start": -3, "range_end": 8, "entry_end": 9, "commission": 0.0, "slip": 0.0}
grid_gross|IS_gross|{"range_start": -3, "range_end": 8, "entry_end": 9, "exit_time": 21, "commission": 0.0, "slip": 0.0}
grid_gross|IS_gross|{"range_start": -3, "range_end": 8, "entry_end": 10, "exit_time": 12, "commission": 0.0, "slip": 0.0}
grid_gross|IS_gross|{"range_start": -3, "range_end": 8, "entry_end": 10, "exit_time": 14, "commission": 0.0, "slip": 0.0}
grid_gross|IS_gross|{"range_start": -3, "range_end": 8, "entry_end": 10, "exit_time": 16, "commission": 0.0, "slip": 0.0}
grid_gross|IS_gross|{"range_start": -3, "range_end": 8, "entry_end": 10, "exit_time": 17, "commission": 0.0, "slip": 0.0}
grid_gross|IS_gross|{"range_start": -3, "range_end": 8, "entry_end": 10, "exit_time": 18, "commission": 0.0, "slip": 0.0}
grid_gross|IS_gross|{"range_start": -3, "range_end": 8, "entry_end": 10, "commission": 0.0, "slip": 0.0}
grid_gross|IS_gross|{"range_start": -3, "range_end": 8, "entry_end": 10, "exit_time": 21, "commission": 0.0, "slip": 0.0}
grid_gross|IS_gross|{"range_start": -3, "range_end": 8, "entry_end": 11, "exit_time": 12, "commission": 0.0, "slip": 0.0}
grid_gross|IS_gross|{"range_start": -3, "range_end": 8, "entry_end": 11, "exit_time": 14, "commission": 0.0, "slip": 0.0}
grid_gross|IS_gross|{"range_start": -3, "range_end": 8, "entry_end": 11, "exit_time": 16, "commission": 0.0, "slip": 0.0}
grid_gross|IS_gross|{"range_start": -3, "range_end": 8, "entry_end": 11, "exit_time": 17, "commission": 0.0, "slip": 0.0}
grid_gross|IS_gross|{"range_start": -3, "range_end": 8, "entry_end": 11, "exit_time": 18, "commission": 0.0, "slip": 0.0}
grid_gross|IS_gross|{"range_start": -3, "range_end": 8, "entry_end": 11, "commission": 0.0, "slip": 0.0}
grid_gross|IS_gross|{"range_start": -3, "range_end": 8, "entry_end": 11, "exit_time": 21, "commission": 0.0, "slip": 0.0}
grid_gross|IS_gross|{"range_start": -3, "range_end": 8, "exit_time": 12, "commission": 0.0, "slip": 0.0}
grid_gross|IS_gross|{"range_start": -3, "range_end": 8, "exit_time": 14, "commission": 0.0, "slip": 0.0}
grid_gross|IS_gross|{"range_start": -3, "range_end": 8, "exit_time": 16, "commission": 0.0, "slip": 0.0}
grid_gross|IS_gross|{"range_start": -3, "range_end": 8, "exit_time": 17, "commission": 0.0, "slip": 0.0}
grid_gross|IS_gross|{"range_start": -3, "range_end": 8, "exit_time": 18, "commission": 0.0, "slip": 0.0}
grid_gross|IS_gross|{"range_start": -3, "range_end": 8, "commission": 0.0, "slip": 0.0}
grid_gross|IS_gross|{"range_start": -3, "range_end": 8, "exit_time": 21, "commission": 0.0, "slip": 0.0}
grid_gross|IS_gross|{"range_start": -3, "range_end": 8, "entry_end": 13, "exit_time": 14, "commission": 0.0, "slip": 0.0}
grid_gross|IS_gross|{"range_start": -3, "range_end": 8, "entry_end": 13, "exit_time": 16, "commission": 0.0, "slip": 0.0}
grid_gross|IS_gross|{"range_start": -3, "range_end": 8, "entry_end": 13, "exit_time": 17, "commission": 0.0, "slip": 0.0}
grid_gross|IS_gross|{"range_start": -3, "range_end": 8, "entry_end": 13, "exit_time": 18, "commission": 0.0, "slip": 0.0}
grid_gross|IS_gross|{"range_start": -3, "range_end": 8, "entry_end": 13, "commission": 0.0, "slip": 0.0}
grid_gross|IS_gross|{"range_start": -3, "range_end": 8, "entry_end": 13, "exit_time": 21, "commission": 0.0, "slip": 0.0}
grid_gross|IS_gross|{"range_start": -3, "range_end": 8, "entry_end": 14, "exit_time": 14, "commission": 0.0, "slip": 0.0}
grid_gross|IS_gross|{"range_start": -3, "range_end": 8, "entry_end": 15, "exit_time": 16, "commission": 0.0, "slip": 0.0}
grid_gross|IS_gross|{"range_start": -3, "range_end": 8, "entry_end": 15, "exit_time": 17, "commission": 0.0, "slip": 0.0}
grid_gross|IS_gross|{"range_start": -3, "range_end": 8, "entry_end": 15, "exit_time": 18, "commission": 0.0, "slip": 0.0}
grid_gross|IS_gross|{"range_start": -3, "range_end": 8, "entry_end": 15, "commission": 0.0, "slip": 0.0}
grid_gross|IS_gross|{"range_start": -3, "range_end": 8, "entry_end": 15, "exit_time": 21, "commission": 0.0, "slip": 0.0}
grid_gross|IS_gross|{"range_start": -3, "range_end": 9, "entry_end": 10, "exit_time": 12, "commission": 0.0, "slip": 0.0}
grid_gross|IS_gross|{"range_start": -3, "range_end": 9, "entry_end": 10, "exit_time": 14, "commission": 0.0, "slip": 0.0}
grid_gross|IS_gross|{"range_start": -3, "range_end": 9, "entry_end": 10, "exit_time": 16, "commission": 0.0, "slip": 0.0}
grid_gross|IS_gross|{"range_start": -3, "range_end": 9, "entry_end": 10, "exit_time": 17, "commission": 0.0, "slip": 0.0}
grid_gross|IS_gross|{"range_start": -3, "range_end": 9, "entry_end": 10, "exit_time": 18, "commission": 0.0, "slip": 0.0}
grid_gross|IS_gross|{"range_start": -3, "range_end": 9, "entry_end": 10, "commission": 0.0, "slip": 0.0}
grid_gross|IS_gross|{"range_start": -3, "range_end": 9, "entry_end": 10, "exit_time": 21, "commission": 0.0, "slip": 0.0}
grid_gross|IS_gross|{"range_start": -3, "range_end": 9, "entry_end": 11, "exit_time": 12, "commission": 0.0, "slip": 0.0}
grid_gross|IS_gross|{"range_start": -3, "range_end": 9, "entry_end": 11, "exit_time": 14, "commission": 0.0, "slip": 0.0}
grid_gross|IS_gross|{"range_start": -3, "range_end": 9, "entry_end": 11, "exit_time": 16, "commission": 0.0, "slip": 0.0}
grid_gross|IS_gross|{"range_start": -3, "range_end": 9, "entry_end": 11, "exit_time": 17, "commission": 0.0, "slip": 0.0}
grid_gross|IS_gross|{"range_start": -3, "range_end": 9, "entry_end": 11, "exit_time": 18, "commission": 0.0, "slip": 0.0}
grid_gross|IS_gross|{"range_start": -3, "range_end": 9, "entry_end": 11, "commission": 0.0, "slip": 0.0}
grid_gross|IS_gross|{"range_start": -3, "range_end": 9, "entry_end": 11, "exit_time": 21, "commission": 0.0, "slip": 0.0}
grid_gross|IS_gross|{"range_start": -3, "range_end": 9, "exit_time": 12, "commission": 0.0, "slip": 0.0}
grid_gross|IS_gross|{"range_start": -3, "range_end": 9, "exit_time": 14, "commission": 0.0, "slip": 0.0}
grid_gross|IS_gross|{"range_start": -3, "range_end": 9, "exit_time": 16, "commission": 0.0, "slip": 0.0}
grid_gross|IS_gross|{"range_start": -3, "range_end": 9, "exit_time": 17, "commission": 0.0, "slip": 0.0}
grid_gross|IS_gross|{"range_start": -3, "range_end": 9, "exit_time": 18, "commission": 0.0, "slip": 0.0}
grid_gross|IS_gross|{"range_start": -3, "range_end": 9, "commission": 0.0, "slip": 0.0}
grid_gross|IS_gross|{"range_start": -3, "range_end": 9, "exit_time": 21, "commission": 0.0, "slip": 0.0}
grid_gross|IS_gross|{"range_start": -3, "range_end": 9, "entry_end": 13, "exit_time": 14, "commission": 0.0, "slip": 0.0}
grid_gross|IS_gross|{"range_start": -3, "range_end": 9, "entry_end": 13, "exit_time": 16, "commission": 0.0, "slip": 0.0}
grid_gross|IS_gross|{"range_start": -3, "range_end": 9, "entry_end": 13, "exit_time": 17, "commission": 0.0, "slip": 0.0}
grid_gross|IS_gross|{"range_start": -3, "range_end": 9, "entry_end": 13, "exit_time": 18, "commission": 0.0, "slip": 0.0}
grid_gross|IS_gross|{"range_start": -3, "range_end": 9, "entry_end": 13, "commission": 0.0, "slip": 0.0}
grid_gross|IS_gross|{"range_start": -3, "range_end": 9, "entry_end": 13, "exit_time": 21, "commission": 0.0, "slip": 0.0}
grid_gross|IS_gross|{"range_start": -3, "range_end": 9, "entry_end": 14, "exit_time": 14, "commission": 0.0, "slip": 0.0}
grid_gross|IS_gross|{"range_start": -3, "range_end": 9, "entry_end": 15, "exit_time": 16, "commission": 0.0, "slip": 0.0}
grid_gross|IS_gross|{"range_start": -3, "range_end": 9, "entry_end": 15, "exit_time": 17, "commission": 0.0, "slip": 0.0}
grid_gross|IS_gross|{"range_start": -3, "range_end": 9, "entry_end": 15, "exit_time": 18, "commission": 0.0, "slip": 0.0}
grid_gross|IS_gross|{"range_start": -3, "range_end": 9, "entry_end": 15, "commission": 0.0, "slip": 0.0}
grid_gross|IS_gross|{"range_start": -3, "range_end": 9, "entry_end": 15, "exit_time": 21, "commission": 0.0, "slip": 0.0}
grid_gross|IS_gross|{"range_start": -2, "range_end": 5, "entry_end": 9, "exit_time": 12, "commission": 0.0, "slip": 0.0}
grid_gross|IS_gross|{"range_start": -2, "range_end": 5, "entry_end": 9, "exit_time": 14, "commission": 0.0, "slip": 0.0}
grid_gross|IS_gross|{"range_start": -2, "range_end": 5, "entry_end": 9, "exit_time": 16, "commission": 0.0, "slip": 0.0}
grid_gross|IS_gross|{"range_start": -2, "range_end": 5, "entry_end": 9, "exit_time": 17, "commission": 0.0, "slip": 0.0}
grid_gross|IS_gross|{"range_start": -2, "range_end": 5, "entry_end": 9, "exit_time": 18, "commission": 0.0, "slip": 0.0}
grid_gross|IS_gross|{"range_start": -2, "range_end": 5, "entry_end": 9, "commission": 0.0, "slip": 0.0}
grid_gross|IS_gross|{"range_start": -2, "range_end": 5, "entry_end": 9, "exit_time": 21, "commission": 0.0, "slip": 0.0}
grid_gross|IS_gross|{"range_start": -2, "range_end": 5, "entry_end": 10, "exit_time": 12, "commission": 0.0, "slip": 0.0}
grid_gross|IS_gross|{"range_start": -2, "range_end": 5, "entry_end": 10, "exit_time": 14, "commission": 0.0, "slip": 0.0}
grid_gross|IS_gross|{"range_start": -2, "range_end": 5, "entry_end": 10, "exit_time": 16, "commission": 0.0, "slip": 0.0}
grid_gross|IS_gross|{"range_start": -2, "range_end": 5, "entry_end": 10, "exit_time": 17, "commission": 0.0, "slip": 0.0}
grid_gross|IS_gross|{"range_start": -2, "range_end": 5, "entry_end": 10, "exit_time": 18, "commission": 0.0, "slip": 0.0}
grid_gross|IS_gross|{"range_start": -2, "range_end": 5, "entry_end": 10, "commission": 0.0, "slip": 0.0}
grid_gross|IS_gross|{"range_start": -2, "range_end": 5, "entry_end": 10, "exit_time": 21, "commission": 0.0, "slip": 0.0}
grid_gross|IS_gross|{"range_start": -2, "range_end": 5, "entry_end": 11, "exit_time": 12, "commission": 0.0, "slip": 0.0}
grid_gross|IS_gross|{"range_start": -2, "range_end": 5, "entry_end": 11, "exit_time": 14, "commission": 0.0, "slip": 0.0}
grid_gross|IS_gross|{"range_start": -2, "range_end": 5, "entry_end": 11, "exit_time": 16, "commission": 0.0, "slip": 0.0}
grid_gross|IS_gross|{"range_start": -2, "range_end": 5, "entry_end": 11, "exit_time": 17, "commission": 0.0, "slip": 0.0}
grid_gross|IS_gross|{"range_start": -2, "range_end": 5, "entry_end": 11, "exit_time": 18, "commission": 0.0, "slip": 0.0}
grid_gross|IS_gross|{"range_start": -2, "range_end": 5, "entry_end": 11, "commission": 0.0, "slip": 0.0}
grid_gross|IS_gross|{"range_start": -2, "range_end": 5, "entry_end": 11, "exit_time": 21, "commission": 0.0, "slip": 0.0}
grid_gross|IS_gross|{"range_start": -2, "range_end": 5, "exit_time": 12, "commission": 0.0, "slip": 0.0}
grid_gross|IS_gross|{"range_start": -2, "range_end": 5, "exit_time": 14, "commission": 0.0, "slip": 0.0}
grid_gross|IS_gross|{"range_start": -2, "range_end": 5, "exit_time": 16, "commission": 0.0, "slip": 0.0}
grid_gross|IS_gross|{"range_start": -2, "range_end": 5, "exit_time": 17, "commission": 0.0, "slip": 0.0}
grid_gross|IS_gross|{"range_start": -2, "range_end": 5, "exit_time": 18, "commission": 0.0, "slip": 0.0}
grid_gross|IS_gross|{"range_start": -2, "range_end": 5, "commission": 0.0, "slip": 0.0}
grid_gross|IS_gross|{"range_start": -2, "range_end": 5, "exit_time": 21, "commission": 0.0, "slip": 0.0}
grid_gross|IS_gross|{"range_start": -2, "range_end": 5, "entry_end": 13, "exit_time": 14, "commission": 0.0, "slip": 0.0}
grid_gross|IS_gross|{"range_start": -2, "range_end": 5, "entry_end": 13, "exit_time": 16, "commission": 0.0, "slip": 0.0}
grid_gross|IS_gross|{"range_start": -2, "range_end": 5, "entry_end": 13, "exit_time": 17, "commission": 0.0, "slip": 0.0}
grid_gross|IS_gross|{"range_start": -2, "range_end": 5, "entry_end": 13, "exit_time": 18, "commission": 0.0, "slip": 0.0}
grid_gross|IS_gross|{"range_start": -2, "range_end": 5, "entry_end": 13, "commission": 0.0, "slip": 0.0}
grid_gross|IS_gross|{"range_start": -2, "range_end": 5, "entry_end": 13, "exit_time": 21, "commission": 0.0, "slip": 0.0}
grid_gross|IS_gross|{"range_start": -2, "range_end": 5, "entry_end": 14, "exit_time": 14, "commission": 0.0, "slip": 0.0}
grid_gross|IS_gross|{"range_start": -2, "range_end": 5, "entry_end": 15, "exit_time": 16, "commission": 0.0, "slip": 0.0}
grid_gross|IS_gross|{"range_start": -2, "range_end": 5, "entry_end": 15, "exit_time": 17, "commission": 0.0, "slip": 0.0}
grid_gross|IS_gross|{"range_start": -2, "range_end": 5, "entry_end": 15, "exit_time": 18, "commission": 0.0, "slip": 0.0}
grid_gross|IS_gross|{"range_start": -2, "range_end": 5, "entry_end": 15, "commission": 0.0, "slip": 0.0}
grid_gross|IS_gross|{"range_start": -2, "range_end": 5, "entry_end": 15, "exit_time": 21, "commission": 0.0, "slip": 0.0}
grid_gross|IS_gross|{"range_start": -2, "range_end": 6, "entry_end": 9, "exit_time": 12, "commission": 0.0, "slip": 0.0}
grid_gross|IS_gross|{"range_start": -2, "range_end": 6, "entry_end": 9, "exit_time": 14, "commission": 0.0, "slip": 0.0}
grid_gross|IS_gross|{"range_start": -2, "range_end": 6, "entry_end": 9, "exit_time": 16, "commission": 0.0, "slip": 0.0}
grid_gross|IS_gross|{"range_start": -2, "range_end": 6, "entry_end": 9, "exit_time": 17, "commission": 0.0, "slip": 0.0}
grid_gross|IS_gross|{"range_start": -2, "range_end": 6, "entry_end": 9, "exit_time": 18, "commission": 0.0, "slip": 0.0}
grid_gross|IS_gross|{"range_start": -2, "range_end": 6, "entry_end": 9, "commission": 0.0, "slip": 0.0}
grid_gross|IS_gross|{"range_start": -2, "range_end": 6, "entry_end": 9, "exit_time": 21, "commission": 0.0, "slip": 0.0}
grid_gross|IS_gross|{"range_start": -2, "range_end": 6, "entry_end": 10, "exit_time": 12, "commission": 0.0, "slip": 0.0}
grid_gross|IS_gross|{"range_start": -2, "range_end": 6, "entry_end": 10, "exit_time": 14, "commission": 0.0, "slip": 0.0}
grid_gross|IS_gross|{"range_start": -2, "range_end": 6, "entry_end": 10, "exit_time": 16, "commission": 0.0, "slip": 0.0}
grid_gross|IS_gross|{"range_start": -2, "range_end": 6, "entry_end": 10, "exit_time": 17, "commission": 0.0, "slip": 0.0}
grid_gross|IS_gross|{"range_start": -2, "range_end": 6, "entry_end": 10, "exit_time": 18, "commission": 0.0, "slip": 0.0}
grid_gross|IS_gross|{"range_start": -2, "range_end": 6, "entry_end": 10, "commission": 0.0, "slip": 0.0}
grid_gross|IS_gross|{"range_start": -2, "range_end": 6, "entry_end": 10, "exit_time": 21, "commission": 0.0, "slip": 0.0}
grid_gross|IS_gross|{"range_start": -2, "range_end": 6, "entry_end": 11, "exit_time": 12, "commission": 0.0, "slip": 0.0}
grid_gross|IS_gross|{"range_start": -2, "range_end": 6, "entry_end": 11, "exit_time": 14, "commission": 0.0, "slip": 0.0}
grid_gross|IS_gross|{"range_start": -2, "range_end": 6, "entry_end": 11, "exit_time": 16, "commission": 0.0, "slip": 0.0}
grid_gross|IS_gross|{"range_start": -2, "range_end": 6, "entry_end": 11, "exit_time": 17, "commission": 0.0, "slip": 0.0}
grid_gross|IS_gross|{"range_start": -2, "range_end": 6, "entry_end": 11, "exit_time": 18, "commission": 0.0, "slip": 0.0}
grid_gross|IS_gross|{"range_start": -2, "range_end": 6, "entry_end": 11, "commission": 0.0, "slip": 0.0}
grid_gross|IS_gross|{"range_start": -2, "range_end": 6, "entry_end": 11, "exit_time": 21, "commission": 0.0, "slip": 0.0}
grid_gross|IS_gross|{"range_start": -2, "range_end": 6, "exit_time": 12, "commission": 0.0, "slip": 0.0}
grid_gross|IS_gross|{"range_start": -2, "range_end": 6, "exit_time": 14, "commission": 0.0, "slip": 0.0}
grid_gross|IS_gross|{"range_start": -2, "range_end": 6, "exit_time": 16, "commission": 0.0, "slip": 0.0}
grid_gross|IS_gross|{"range_start": -2, "range_end": 6, "exit_time": 17, "commission": 0.0, "slip": 0.0}
grid_gross|IS_gross|{"range_start": -2, "range_end": 6, "exit_time": 18, "commission": 0.0, "slip": 0.0}
grid_gross|IS_gross|{"range_start": -2, "range_end": 6, "commission": 0.0, "slip": 0.0}
grid_gross|IS_gross|{"range_start": -2, "range_end": 6, "exit_time": 21, "commission": 0.0, "slip": 0.0}
grid_gross|IS_gross|{"range_start": -2, "range_end": 6, "entry_end": 13, "exit_time": 14, "commission": 0.0, "slip": 0.0}
grid_gross|IS_gross|{"range_start": -2, "range_end": 6, "entry_end": 13, "exit_time": 16, "commission": 0.0, "slip": 0.0}
grid_gross|IS_gross|{"range_start": -2, "range_end": 6, "entry_end": 13, "exit_time": 17, "commission": 0.0, "slip": 0.0}
grid_gross|IS_gross|{"range_start": -2, "range_end": 6, "entry_end": 13, "exit_time": 18, "commission": 0.0, "slip": 0.0}
grid_gross|IS_gross|{"range_start": -2, "range_end": 6, "entry_end": 13, "commission": 0.0, "slip": 0.0}
grid_gross|IS_gross|{"range_start": -2, "range_end": 6, "entry_end": 13, "exit_time": 21, "commission": 0.0, "slip": 0.0}
grid_gross|IS_gross|{"range_start": -2, "range_end": 6, "entry_end": 14, "exit_time": 14, "commission": 0.0, "slip": 0.0}
grid_gross|IS_gross|{"range_start": -2, "range_end": 6, "entry_end": 15, "exit_time": 16, "commission": 0.0, "slip": 0.0}
grid_gross|IS_gross|{"range_start": -2, "range_end": 6, "entry_end": 15, "exit_time": 17, "commission": 0.0, "slip": 0.0}
grid_gross|IS_gross|{"range_start": -2, "range_end": 6, "entry_end": 15, "exit_time": 18, "commission": 0.0, "slip": 0.0}
grid_gross|IS_gross|{"range_start": -2, "range_end": 6, "entry_end": 15, "commission": 0.0, "slip": 0.0}
grid_gross|IS_gross|{"range_start": -2, "range_end": 6, "entry_end": 15, "exit_time": 21, "commission": 0.0, "slip": 0.0}
grid_gross|IS_gross|{"range_start": -2, "entry_end": 9, "exit_time": 12, "commission": 0.0, "slip": 0.0}
grid_gross|IS_gross|{"range_start": -2, "entry_end": 9, "exit_time": 14, "commission": 0.0, "slip": 0.0}
grid_gross|IS_gross|{"range_start": -2, "entry_end": 9, "exit_time": 16, "commission": 0.0, "slip": 0.0}
grid_gross|IS_gross|{"range_start": -2, "entry_end": 9, "exit_time": 17, "commission": 0.0, "slip": 0.0}
grid_gross|IS_gross|{"range_start": -2, "entry_end": 9, "exit_time": 18, "commission": 0.0, "slip": 0.0}
grid_gross|IS_gross|{"range_start": -2, "entry_end": 9, "commission": 0.0, "slip": 0.0}
grid_gross|IS_gross|{"range_start": -2, "entry_end": 9, "exit_time": 21, "commission": 0.0, "slip": 0.0}
grid_gross|IS_gross|{"range_start": -2, "entry_end": 10, "exit_time": 12, "commission": 0.0, "slip": 0.0}
grid_gross|IS_gross|{"range_start": -2, "entry_end": 10, "exit_time": 14, "commission": 0.0, "slip": 0.0}
grid_gross|IS_gross|{"range_start": -2, "entry_end": 10, "exit_time": 16, "commission": 0.0, "slip": 0.0}
grid_gross|IS_gross|{"range_start": -2, "entry_end": 10, "exit_time": 17, "commission": 0.0, "slip": 0.0}
grid_gross|IS_gross|{"range_start": -2, "entry_end": 10, "exit_time": 18, "commission": 0.0, "slip": 0.0}
grid_gross|IS_gross|{"range_start": -2, "entry_end": 10, "commission": 0.0, "slip": 0.0}
grid_gross|IS_gross|{"range_start": -2, "entry_end": 10, "exit_time": 21, "commission": 0.0, "slip": 0.0}
grid_gross|IS_gross|{"range_start": -2, "entry_end": 11, "exit_time": 12, "commission": 0.0, "slip": 0.0}
grid_gross|IS_gross|{"range_start": -2, "entry_end": 11, "exit_time": 14, "commission": 0.0, "slip": 0.0}
grid_gross|IS_gross|{"range_start": -2, "entry_end": 11, "exit_time": 16, "commission": 0.0, "slip": 0.0}
grid_gross|IS_gross|{"range_start": -2, "entry_end": 11, "exit_time": 17, "commission": 0.0, "slip": 0.0}
grid_gross|IS_gross|{"range_start": -2, "entry_end": 11, "exit_time": 18, "commission": 0.0, "slip": 0.0}
grid_gross|IS_gross|{"range_start": -2, "entry_end": 11, "commission": 0.0, "slip": 0.0}
grid_gross|IS_gross|{"range_start": -2, "entry_end": 11, "exit_time": 21, "commission": 0.0, "slip": 0.0}
grid_gross|IS_gross|{"range_start": -2, "exit_time": 12, "commission": 0.0, "slip": 0.0}
grid_gross|IS_gross|{"range_start": -2, "exit_time": 14, "commission": 0.0, "slip": 0.0}
grid_gross|IS_gross|{"range_start": -2, "exit_time": 16, "commission": 0.0, "slip": 0.0}
grid_gross|IS_gross|{"range_start": -2, "exit_time": 17, "commission": 0.0, "slip": 0.0}
grid_gross|IS_gross|{"range_start": -2, "exit_time": 18, "commission": 0.0, "slip": 0.0}
grid_gross|IS_gross|{"range_start": -2, "commission": 0.0, "slip": 0.0}
grid_gross|IS_gross|{"range_start": -2, "exit_time": 21, "commission": 0.0, "slip": 0.0}
grid_gross|IS_gross|{"range_start": -2, "entry_end": 13, "exit_time": 14, "commission": 0.0, "slip": 0.0}
grid_gross|IS_gross|{"range_start": -2, "entry_end": 13, "exit_time": 16, "commission": 0.0, "slip": 0.0}
grid_gross|IS_gross|{"range_start": -2, "entry_end": 13, "exit_time": 17, "commission": 0.0, "slip": 0.0}
grid_gross|IS_gross|{"range_start": -2, "entry_end": 13, "exit_time": 18, "commission": 0.0, "slip": 0.0}
grid_gross|IS_gross|{"range_start": -2, "entry_end": 13, "commission": 0.0, "slip": 0.0}
grid_gross|IS_gross|{"range_start": -2, "entry_end": 13, "exit_time": 21, "commission": 0.0, "slip": 0.0}
grid_gross|IS_gross|{"range_start": -2, "entry_end": 14, "exit_time": 14, "commission": 0.0, "slip": 0.0}
grid_gross|IS_gross|{"range_start": -2, "entry_end": 15, "exit_time": 16, "commission": 0.0, "slip": 0.0}
grid_gross|IS_gross|{"range_start": -2, "entry_end": 15, "exit_time": 17, "commission": 0.0, "slip": 0.0}
grid_gross|IS_gross|{"range_start": -2, "entry_end": 15, "exit_time": 18, "commission": 0.0, "slip": 0.0}
grid_gross|IS_gross|{"range_start": -2, "entry_end": 15, "commission": 0.0, "slip": 0.0}
grid_gross|IS_gross|{"range_start": -2, "entry_end": 15, "exit_time": 21, "commission": 0.0, "slip": 0.0}
grid_gross|IS_gross|{"range_start": -2, "range_end": 8, "entry_end": 9, "exit_time": 12, "commission": 0.0, "slip": 0.0}
grid_gross|IS_gross|{"range_start": -2, "range_end": 8, "entry_end": 9, "exit_time": 14, "commission": 0.0, "slip": 0.0}
grid_gross|IS_gross|{"range_start": -2, "range_end": 8, "entry_end": 9, "exit_time": 16, "commission": 0.0, "slip": 0.0}
grid_gross|IS_gross|{"range_start": -2, "range_end": 8, "entry_end": 9, "exit_time": 17, "commission": 0.0, "slip": 0.0}
grid_gross|IS_gross|{"range_start": -2, "range_end": 8, "entry_end": 9, "exit_time": 18, "commission": 0.0, "slip": 0.0}
grid_gross|IS_gross|{"range_start": -2, "range_end": 8, "entry_end": 9, "commission": 0.0, "slip": 0.0}
grid_gross|IS_gross|{"range_start": -2, "range_end": 8, "entry_end": 9, "exit_time": 21, "commission": 0.0, "slip": 0.0}
grid_gross|IS_gross|{"range_start": -2, "range_end": 8, "entry_end": 10, "exit_time": 12, "commission": 0.0, "slip": 0.0}
grid_gross|IS_gross|{"range_start": -2, "range_end": 8, "entry_end": 10, "exit_time": 14, "commission": 0.0, "slip": 0.0}
grid_gross|IS_gross|{"range_start": -2, "range_end": 8, "entry_end": 10, "exit_time": 16, "commission": 0.0, "slip": 0.0}
grid_gross|IS_gross|{"range_start": -2, "range_end": 8, "entry_end": 10, "exit_time": 17, "commission": 0.0, "slip": 0.0}
grid_gross|IS_gross|{"range_start": -2, "range_end": 8, "entry_end": 10, "exit_time": 18, "commission": 0.0, "slip": 0.0}
grid_gross|IS_gross|{"range_start": -2, "range_end": 8, "entry_end": 10, "commission": 0.0, "slip": 0.0}
grid_gross|IS_gross|{"range_start": -2, "range_end": 8, "entry_end": 10, "exit_time": 21, "commission": 0.0, "slip": 0.0}
grid_gross|IS_gross|{"range_start": -2, "range_end": 8, "entry_end": 11, "exit_time": 12, "commission": 0.0, "slip": 0.0}
grid_gross|IS_gross|{"range_start": -2, "range_end": 8, "entry_end": 11, "exit_time": 14, "commission": 0.0, "slip": 0.0}
grid_gross|IS_gross|{"range_start": -2, "range_end": 8, "entry_end": 11, "exit_time": 16, "commission": 0.0, "slip": 0.0}
grid_gross|IS_gross|{"range_start": -2, "range_end": 8, "entry_end": 11, "exit_time": 17, "commission": 0.0, "slip": 0.0}
grid_gross|IS_gross|{"range_start": -2, "range_end": 8, "entry_end": 11, "exit_time": 18, "commission": 0.0, "slip": 0.0}
grid_gross|IS_gross|{"range_start": -2, "range_end": 8, "entry_end": 11, "commission": 0.0, "slip": 0.0}
grid_gross|IS_gross|{"range_start": -2, "range_end": 8, "entry_end": 11, "exit_time": 21, "commission": 0.0, "slip": 0.0}
grid_gross|IS_gross|{"range_start": -2, "range_end": 8, "exit_time": 12, "commission": 0.0, "slip": 0.0}
grid_gross|IS_gross|{"range_start": -2, "range_end": 8, "exit_time": 14, "commission": 0.0, "slip": 0.0}
grid_gross|IS_gross|{"range_start": -2, "range_end": 8, "exit_time": 16, "commission": 0.0, "slip": 0.0}
grid_gross|IS_gross|{"range_start": -2, "range_end": 8, "exit_time": 17, "commission": 0.0, "slip": 0.0}
grid_gross|IS_gross|{"range_start": -2, "range_end": 8, "exit_time": 18, "commission": 0.0, "slip": 0.0}
grid_gross|IS_gross|{"range_start": -2, "range_end": 8, "commission": 0.0, "slip": 0.0}
grid_gross|IS_gross|{"range_start": -2, "range_end": 8, "exit_time": 21, "commission": 0.0, "slip": 0.0}
grid_gross|IS_gross|{"range_start": -2, "range_end": 8, "entry_end": 13, "exit_time": 14, "commission": 0.0, "slip": 0.0}
grid_gross|IS_gross|{"range_start": -2, "range_end": 8, "entry_end": 13, "exit_time": 16, "commission": 0.0, "slip": 0.0}
grid_gross|IS_gross|{"range_start": -2, "range_end": 8, "entry_end": 13, "exit_time": 17, "commission": 0.0, "slip": 0.0}
grid_gross|IS_gross|{"range_start": -2, "range_end": 8, "entry_end": 13, "exit_time": 18, "commission": 0.0, "slip": 0.0}
grid_gross|IS_gross|{"range_start": -2, "range_end": 8, "entry_end": 13, "commission": 0.0, "slip": 0.0}
grid_gross|IS_gross|{"range_start": -2, "range_end": 8, "entry_end": 13, "exit_time": 21, "commission": 0.0, "slip": 0.0}
grid_gross|IS_gross|{"range_start": -2, "range_end": 8, "entry_end": 14, "exit_time": 14, "commission": 0.0, "slip": 0.0}
grid_gross|IS_gross|{"range_start": -2, "range_end": 8, "entry_end": 15, "exit_time": 16, "commission": 0.0, "slip": 0.0}
grid_gross|IS_gross|{"range_start": -2, "range_end": 8, "entry_end": 15, "exit_time": 17, "commission": 0.0, "slip": 0.0}
grid_gross|IS_gross|{"range_start": -2, "range_end": 8, "entry_end": 15, "exit_time": 18, "commission": 0.0, "slip": 0.0}
grid_gross|IS_gross|{"range_start": -2, "range_end": 8, "entry_end": 15, "commission": 0.0, "slip": 0.0}
grid_gross|IS_gross|{"range_start": -2, "range_end": 8, "entry_end": 15, "exit_time": 21, "commission": 0.0, "slip": 0.0}
grid_gross|IS_gross|{"range_start": -2, "range_end": 9, "entry_end": 10, "exit_time": 12, "commission": 0.0, "slip": 0.0}
grid_gross|IS_gross|{"range_start": -2, "range_end": 9, "entry_end": 10, "exit_time": 14, "commission": 0.0, "slip": 0.0}
grid_gross|IS_gross|{"range_start": -2, "range_end": 9, "entry_end": 10, "exit_time": 16, "commission": 0.0, "slip": 0.0}
grid_gross|IS_gross|{"range_start": -2, "range_end": 9, "entry_end": 10, "exit_time": 17, "commission": 0.0, "slip": 0.0}
grid_gross|IS_gross|{"range_start": -2, "range_end": 9, "entry_end": 10, "exit_time": 18, "commission": 0.0, "slip": 0.0}
grid_gross|IS_gross|{"range_start": -2, "range_end": 9, "entry_end": 10, "commission": 0.0, "slip": 0.0}
grid_gross|IS_gross|{"range_start": -2, "range_end": 9, "entry_end": 10, "exit_time": 21, "commission": 0.0, "slip": 0.0}
grid_gross|IS_gross|{"range_start": -2, "range_end": 9, "entry_end": 11, "exit_time": 12, "commission": 0.0, "slip": 0.0}
grid_gross|IS_gross|{"range_start": -2, "range_end": 9, "entry_end": 11, "exit_time": 14, "commission": 0.0, "slip": 0.0}
grid_gross|IS_gross|{"range_start": -2, "range_end": 9, "entry_end": 11, "exit_time": 16, "commission": 0.0, "slip": 0.0}
grid_gross|IS_gross|{"range_start": -2, "range_end": 9, "entry_end": 11, "exit_time": 17, "commission": 0.0, "slip": 0.0}
grid_gross|IS_gross|{"range_start": -2, "range_end": 9, "entry_end": 11, "exit_time": 18, "commission": 0.0, "slip": 0.0}
grid_gross|IS_gross|{"range_start": -2, "range_end": 9, "entry_end": 11, "commission": 0.0, "slip": 0.0}
grid_gross|IS_gross|{"range_start": -2, "range_end": 9, "entry_end": 11, "exit_time": 21, "commission": 0.0, "slip": 0.0}
grid_gross|IS_gross|{"range_start": -2, "range_end": 9, "exit_time": 12, "commission": 0.0, "slip": 0.0}
grid_gross|IS_gross|{"range_start": -2, "range_end": 9, "exit_time": 14, "commission": 0.0, "slip": 0.0}
grid_gross|IS_gross|{"range_start": -2, "range_end": 9, "exit_time": 16, "commission": 0.0, "slip": 0.0}
grid_gross|IS_gross|{"range_start": -2, "range_end": 9, "exit_time": 17, "commission": 0.0, "slip": 0.0}
grid_gross|IS_gross|{"range_start": -2, "range_end": 9, "exit_time": 18, "commission": 0.0, "slip": 0.0}
grid_gross|IS_gross|{"range_start": -2, "range_end": 9, "commission": 0.0, "slip": 0.0}
grid_gross|IS_gross|{"range_start": -2, "range_end": 9, "exit_time": 21, "commission": 0.0, "slip": 0.0}
grid_gross|IS_gross|{"range_start": -2, "range_end": 9, "entry_end": 13, "exit_time": 14, "commission": 0.0, "slip": 0.0}
grid_gross|IS_gross|{"range_start": -2, "range_end": 9, "entry_end": 13, "exit_time": 16, "commission": 0.0, "slip": 0.0}
grid_gross|IS_gross|{"range_start": -2, "range_end": 9, "entry_end": 13, "exit_time": 17, "commission": 0.0, "slip": 0.0}
grid_gross|IS_gross|{"range_start": -2, "range_end": 9, "entry_end": 13, "exit_time": 18, "commission": 0.0, "slip": 0.0}
grid_gross|IS_gross|{"range_start": -2, "range_end": 9, "entry_end": 13, "commission": 0.0, "slip": 0.0}
grid_gross|IS_gross|{"range_start": -2, "range_end": 9, "entry_end": 13, "exit_time": 21, "commission": 0.0, "slip": 0.0}
grid_gross|IS_gross|{"range_start": -2, "range_end": 9, "entry_end": 14, "exit_time": 14, "commission": 0.0, "slip": 0.0}
grid_gross|IS_gross|{"range_start": -2, "range_end": 9, "entry_end": 15, "exit_time": 16, "commission": 0.0, "slip": 0.0}
grid_gross|IS_gross|{"range_start": -2, "range_end": 9, "entry_end": 15, "exit_time": 17, "commission": 0.0, "slip": 0.0}
grid_gross|IS_gross|{"range_start": -2, "range_end": 9, "entry_end": 15, "exit_time": 18, "commission": 0.0, "slip": 0.0}
grid_gross|IS_gross|{"range_start": -2, "range_end": 9, "entry_end": 15, "commission": 0.0, "slip": 0.0}
grid_gross|IS_gross|{"range_start": -2, "range_end": 9, "entry_end": 15, "exit_time": 21, "commission": 0.0, "slip": 0.0}
grid_gross|IS_gross|{"range_start": -1, "range_end": 5, "entry_end": 9, "exit_time": 12, "commission": 0.0, "slip": 0.0}
grid_gross|IS_gross|{"range_start": -1, "range_end": 5, "entry_end": 9, "exit_time": 14, "commission": 0.0, "slip": 0.0}
grid_gross|IS_gross|{"range_start": -1, "range_end": 5, "entry_end": 9, "exit_time": 16, "commission": 0.0, "slip": 0.0}
grid_gross|IS_gross|{"range_start": -1, "range_end": 5, "entry_end": 9, "exit_time": 17, "commission": 0.0, "slip": 0.0}
grid_gross|IS_gross|{"range_start": -1, "range_end": 5, "entry_end": 9, "exit_time": 18, "commission": 0.0, "slip": 0.0}
grid_gross|IS_gross|{"range_start": -1, "range_end": 5, "entry_end": 9, "commission": 0.0, "slip": 0.0}
grid_gross|IS_gross|{"range_start": -1, "range_end": 5, "entry_end": 9, "exit_time": 21, "commission": 0.0, "slip": 0.0}
grid_gross|IS_gross|{"range_start": -1, "range_end": 5, "entry_end": 10, "exit_time": 12, "commission": 0.0, "slip": 0.0}
grid_gross|IS_gross|{"range_start": -1, "range_end": 5, "entry_end": 10, "exit_time": 14, "commission": 0.0, "slip": 0.0}
grid_gross|IS_gross|{"range_start": -1, "range_end": 5, "entry_end": 10, "exit_time": 16, "commission": 0.0, "slip": 0.0}
grid_gross|IS_gross|{"range_start": -1, "range_end": 5, "entry_end": 10, "exit_time": 17, "commission": 0.0, "slip": 0.0}
grid_gross|IS_gross|{"range_start": -1, "range_end": 5, "entry_end": 10, "exit_time": 18, "commission": 0.0, "slip": 0.0}
grid_gross|IS_gross|{"range_start": -1, "range_end": 5, "entry_end": 10, "commission": 0.0, "slip": 0.0}
grid_gross|IS_gross|{"range_start": -1, "range_end": 5, "entry_end": 10, "exit_time": 21, "commission": 0.0, "slip": 0.0}
grid_gross|IS_gross|{"range_start": -1, "range_end": 5, "entry_end": 11, "exit_time": 12, "commission": 0.0, "slip": 0.0}
grid_gross|IS_gross|{"range_start": -1, "range_end": 5, "entry_end": 11, "exit_time": 14, "commission": 0.0, "slip": 0.0}
grid_gross|IS_gross|{"range_start": -1, "range_end": 5, "entry_end": 11, "exit_time": 16, "commission": 0.0, "slip": 0.0}
grid_gross|IS_gross|{"range_start": -1, "range_end": 5, "entry_end": 11, "exit_time": 17, "commission": 0.0, "slip": 0.0}
grid_gross|IS_gross|{"range_start": -1, "range_end": 5, "entry_end": 11, "exit_time": 18, "commission": 0.0, "slip": 0.0}
grid_gross|IS_gross|{"range_start": -1, "range_end": 5, "entry_end": 11, "commission": 0.0, "slip": 0.0}
grid_gross|IS_gross|{"range_start": -1, "range_end": 5, "entry_end": 11, "exit_time": 21, "commission": 0.0, "slip": 0.0}
grid_gross|IS_gross|{"range_start": -1, "range_end": 5, "exit_time": 12, "commission": 0.0, "slip": 0.0}
grid_gross|IS_gross|{"range_start": -1, "range_end": 5, "exit_time": 14, "commission": 0.0, "slip": 0.0}
grid_gross|IS_gross|{"range_start": -1, "range_end": 5, "exit_time": 16, "commission": 0.0, "slip": 0.0}
grid_gross|IS_gross|{"range_start": -1, "range_end": 5, "exit_time": 17, "commission": 0.0, "slip": 0.0}
grid_gross|IS_gross|{"range_start": -1, "range_end": 5, "exit_time": 18, "commission": 0.0, "slip": 0.0}
grid_gross|IS_gross|{"range_start": -1, "range_end": 5, "commission": 0.0, "slip": 0.0}
grid_gross|IS_gross|{"range_start": -1, "range_end": 5, "exit_time": 21, "commission": 0.0, "slip": 0.0}
grid_gross|IS_gross|{"range_start": -1, "range_end": 5, "entry_end": 13, "exit_time": 14, "commission": 0.0, "slip": 0.0}
grid_gross|IS_gross|{"range_start": -1, "range_end": 5, "entry_end": 13, "exit_time": 16, "commission": 0.0, "slip": 0.0}
grid_gross|IS_gross|{"range_start": -1, "range_end": 5, "entry_end": 13, "exit_time": 17, "commission": 0.0, "slip": 0.0}
grid_gross|IS_gross|{"range_start": -1, "range_end": 5, "entry_end": 13, "exit_time": 18, "commission": 0.0, "slip": 0.0}
grid_gross|IS_gross|{"range_start": -1, "range_end": 5, "entry_end": 13, "commission": 0.0, "slip": 0.0}
grid_gross|IS_gross|{"range_start": -1, "range_end": 5, "entry_end": 13, "exit_time": 21, "commission": 0.0, "slip": 0.0}
grid_gross|IS_gross|{"range_start": -1, "range_end": 5, "entry_end": 14, "exit_time": 14, "commission": 0.0, "slip": 0.0}
grid_gross|IS_gross|{"range_start": -1, "range_end": 5, "entry_end": 15, "exit_time": 16, "commission": 0.0, "slip": 0.0}
grid_gross|IS_gross|{"range_start": -1, "range_end": 5, "entry_end": 15, "exit_time": 17, "commission": 0.0, "slip": 0.0}
grid_gross|IS_gross|{"range_start": -1, "range_end": 5, "entry_end": 15, "exit_time": 18, "commission": 0.0, "slip": 0.0}
grid_gross|IS_gross|{"range_start": -1, "range_end": 5, "entry_end": 15, "commission": 0.0, "slip": 0.0}
grid_gross|IS_gross|{"range_start": -1, "range_end": 5, "entry_end": 15, "exit_time": 21, "commission": 0.0, "slip": 0.0}
grid_gross|IS_gross|{"range_start": -1, "range_end": 6, "entry_end": 9, "exit_time": 12, "commission": 0.0, "slip": 0.0}
grid_gross|IS_gross|{"range_start": -1, "range_end": 6, "entry_end": 9, "exit_time": 14, "commission": 0.0, "slip": 0.0}
grid_gross|IS_gross|{"range_start": -1, "range_end": 6, "entry_end": 9, "exit_time": 16, "commission": 0.0, "slip": 0.0}
grid_gross|IS_gross|{"range_start": -1, "range_end": 6, "entry_end": 9, "exit_time": 17, "commission": 0.0, "slip": 0.0}
grid_gross|IS_gross|{"range_start": -1, "range_end": 6, "entry_end": 9, "exit_time": 18, "commission": 0.0, "slip": 0.0}
grid_gross|IS_gross|{"range_start": -1, "range_end": 6, "entry_end": 9, "commission": 0.0, "slip": 0.0}
grid_gross|IS_gross|{"range_start": -1, "range_end": 6, "entry_end": 9, "exit_time": 21, "commission": 0.0, "slip": 0.0}
grid_gross|IS_gross|{"range_start": -1, "range_end": 6, "entry_end": 10, "exit_time": 12, "commission": 0.0, "slip": 0.0}
grid_gross|IS_gross|{"range_start": -1, "range_end": 6, "entry_end": 10, "exit_time": 14, "commission": 0.0, "slip": 0.0}
grid_gross|IS_gross|{"range_start": -1, "range_end": 6, "entry_end": 10, "exit_time": 16, "commission": 0.0, "slip": 0.0}
grid_gross|IS_gross|{"range_start": -1, "range_end": 6, "entry_end": 10, "exit_time": 17, "commission": 0.0, "slip": 0.0}
grid_gross|IS_gross|{"range_start": -1, "range_end": 6, "entry_end": 10, "exit_time": 18, "commission": 0.0, "slip": 0.0}
grid_gross|IS_gross|{"range_start": -1, "range_end": 6, "entry_end": 10, "commission": 0.0, "slip": 0.0}
grid_gross|IS_gross|{"range_start": -1, "range_end": 6, "entry_end": 10, "exit_time": 21, "commission": 0.0, "slip": 0.0}
grid_gross|IS_gross|{"range_start": -1, "range_end": 6, "entry_end": 11, "exit_time": 12, "commission": 0.0, "slip": 0.0}
grid_gross|IS_gross|{"range_start": -1, "range_end": 6, "entry_end": 11, "exit_time": 14, "commission": 0.0, "slip": 0.0}
grid_gross|IS_gross|{"range_start": -1, "range_end": 6, "entry_end": 11, "exit_time": 16, "commission": 0.0, "slip": 0.0}
grid_gross|IS_gross|{"range_start": -1, "range_end": 6, "entry_end": 11, "exit_time": 17, "commission": 0.0, "slip": 0.0}
grid_gross|IS_gross|{"range_start": -1, "range_end": 6, "entry_end": 11, "exit_time": 18, "commission": 0.0, "slip": 0.0}
grid_gross|IS_gross|{"range_start": -1, "range_end": 6, "entry_end": 11, "commission": 0.0, "slip": 0.0}
grid_gross|IS_gross|{"range_start": -1, "range_end": 6, "entry_end": 11, "exit_time": 21, "commission": 0.0, "slip": 0.0}
grid_gross|IS_gross|{"range_start": -1, "range_end": 6, "exit_time": 12, "commission": 0.0, "slip": 0.0}
grid_gross|IS_gross|{"range_start": -1, "range_end": 6, "exit_time": 14, "commission": 0.0, "slip": 0.0}
grid_gross|IS_gross|{"range_start": -1, "range_end": 6, "exit_time": 16, "commission": 0.0, "slip": 0.0}
grid_gross|IS_gross|{"range_start": -1, "range_end": 6, "exit_time": 17, "commission": 0.0, "slip": 0.0}
grid_gross|IS_gross|{"range_start": -1, "range_end": 6, "exit_time": 18, "commission": 0.0, "slip": 0.0}
grid_gross|IS_gross|{"range_start": -1, "range_end": 6, "commission": 0.0, "slip": 0.0}
grid_gross|IS_gross|{"range_start": -1, "range_end": 6, "exit_time": 21, "commission": 0.0, "slip": 0.0}
grid_gross|IS_gross|{"range_start": -1, "range_end": 6, "entry_end": 13, "exit_time": 14, "commission": 0.0, "slip": 0.0}
grid_gross|IS_gross|{"range_start": -1, "range_end": 6, "entry_end": 13, "exit_time": 16, "commission": 0.0, "slip": 0.0}
grid_gross|IS_gross|{"range_start": -1, "range_end": 6, "entry_end": 13, "exit_time": 17, "commission": 0.0, "slip": 0.0}
grid_gross|IS_gross|{"range_start": -1, "range_end": 6, "entry_end": 13, "exit_time": 18, "commission": 0.0, "slip": 0.0}
grid_gross|IS_gross|{"range_start": -1, "range_end": 6, "entry_end": 13, "commission": 0.0, "slip": 0.0}
grid_gross|IS_gross|{"range_start": -1, "range_end": 6, "entry_end": 13, "exit_time": 21, "commission": 0.0, "slip": 0.0}
grid_gross|IS_gross|{"range_start": -1, "range_end": 6, "entry_end": 14, "exit_time": 14, "commission": 0.0, "slip": 0.0}
grid_gross|IS_gross|{"range_start": -1, "range_end": 6, "entry_end": 15, "exit_time": 16, "commission": 0.0, "slip": 0.0}
grid_gross|IS_gross|{"range_start": -1, "range_end": 6, "entry_end": 15, "exit_time": 17, "commission": 0.0, "slip": 0.0}
grid_gross|IS_gross|{"range_start": -1, "range_end": 6, "entry_end": 15, "exit_time": 18, "commission": 0.0, "slip": 0.0}
grid_gross|IS_gross|{"range_start": -1, "range_end": 6, "entry_end": 15, "commission": 0.0, "slip": 0.0}
grid_gross|IS_gross|{"range_start": -1, "range_end": 6, "entry_end": 15, "exit_time": 21, "commission": 0.0, "slip": 0.0}
grid_gross|IS_gross|{"range_start": -1, "entry_end": 9, "exit_time": 12, "commission": 0.0, "slip": 0.0}
grid_gross|IS_gross|{"range_start": -1, "entry_end": 9, "exit_time": 14, "commission": 0.0, "slip": 0.0}
grid_gross|IS_gross|{"range_start": -1, "entry_end": 9, "exit_time": 16, "commission": 0.0, "slip": 0.0}
grid_gross|IS_gross|{"range_start": -1, "entry_end": 9, "exit_time": 17, "commission": 0.0, "slip": 0.0}
grid_gross|IS_gross|{"range_start": -1, "entry_end": 9, "exit_time": 18, "commission": 0.0, "slip": 0.0}
grid_gross|IS_gross|{"range_start": -1, "entry_end": 9, "commission": 0.0, "slip": 0.0}
grid_gross|IS_gross|{"range_start": -1, "entry_end": 9, "exit_time": 21, "commission": 0.0, "slip": 0.0}
grid_gross|IS_gross|{"range_start": -1, "entry_end": 10, "exit_time": 12, "commission": 0.0, "slip": 0.0}
grid_gross|IS_gross|{"range_start": -1, "entry_end": 10, "exit_time": 14, "commission": 0.0, "slip": 0.0}
grid_gross|IS_gross|{"range_start": -1, "entry_end": 10, "exit_time": 16, "commission": 0.0, "slip": 0.0}
grid_gross|IS_gross|{"range_start": -1, "entry_end": 10, "exit_time": 17, "commission": 0.0, "slip": 0.0}
grid_gross|IS_gross|{"range_start": -1, "entry_end": 10, "exit_time": 18, "commission": 0.0, "slip": 0.0}
grid_gross|IS_gross|{"range_start": -1, "entry_end": 10, "commission": 0.0, "slip": 0.0}
grid_gross|IS_gross|{"range_start": -1, "entry_end": 10, "exit_time": 21, "commission": 0.0, "slip": 0.0}
grid_gross|IS_gross|{"range_start": -1, "entry_end": 11, "exit_time": 12, "commission": 0.0, "slip": 0.0}
grid_gross|IS_gross|{"range_start": -1, "entry_end": 11, "exit_time": 14, "commission": 0.0, "slip": 0.0}
grid_gross|IS_gross|{"range_start": -1, "entry_end": 11, "exit_time": 16, "commission": 0.0, "slip": 0.0}
grid_gross|IS_gross|{"range_start": -1, "entry_end": 11, "exit_time": 17, "commission": 0.0, "slip": 0.0}
grid_gross|IS_gross|{"range_start": -1, "entry_end": 11, "exit_time": 18, "commission": 0.0, "slip": 0.0}
grid_gross|IS_gross|{"range_start": -1, "entry_end": 11, "commission": 0.0, "slip": 0.0}
grid_gross|IS_gross|{"range_start": -1, "entry_end": 11, "exit_time": 21, "commission": 0.0, "slip": 0.0}
grid_gross|IS_gross|{"range_start": -1, "exit_time": 12, "commission": 0.0, "slip": 0.0}
grid_gross|IS_gross|{"range_start": -1, "exit_time": 14, "commission": 0.0, "slip": 0.0}
grid_gross|IS_gross|{"range_start": -1, "exit_time": 16, "commission": 0.0, "slip": 0.0}
grid_gross|IS_gross|{"range_start": -1, "exit_time": 17, "commission": 0.0, "slip": 0.0}
grid_gross|IS_gross|{"range_start": -1, "exit_time": 18, "commission": 0.0, "slip": 0.0}
grid_gross|IS_gross|{"range_start": -1, "commission": 0.0, "slip": 0.0}
grid_gross|IS_gross|{"range_start": -1, "exit_time": 21, "commission": 0.0, "slip": 0.0}
grid_gross|IS_gross|{"range_start": -1, "entry_end": 13, "exit_time": 14, "commission": 0.0, "slip": 0.0}
grid_gross|IS_gross|{"range_start": -1, "entry_end": 13, "exit_time": 16, "commission": 0.0, "slip": 0.0}
grid_gross|IS_gross|{"range_start": -1, "entry_end": 13, "exit_time": 17, "commission": 0.0, "slip": 0.0}
grid_gross|IS_gross|{"range_start": -1, "entry_end": 13, "exit_time": 18, "commission": 0.0, "slip": 0.0}
grid_gross|IS_gross|{"range_start": -1, "entry_end": 13, "commission": 0.0, "slip": 0.0}
grid_gross|IS_gross|{"range_start": -1, "entry_end": 13, "exit_time": 21, "commission": 0.0, "slip": 0.0}
grid_gross|IS_gross|{"range_start": -1, "entry_end": 14, "exit_time": 14, "commission": 0.0, "slip": 0.0}
grid_gross|IS_gross|{"range_start": -1, "entry_end": 15, "exit_time": 16, "commission": 0.0, "slip": 0.0}
grid_gross|IS_gross|{"range_start": -1, "entry_end": 15, "exit_time": 17, "commission": 0.0, "slip": 0.0}
grid_gross|IS_gross|{"range_start": -1, "entry_end": 15, "exit_time": 18, "commission": 0.0, "slip": 0.0}
grid_gross|IS_gross|{"range_start": -1, "entry_end": 15, "commission": 0.0, "slip": 0.0}
grid_gross|IS_gross|{"range_start": -1, "entry_end": 15, "exit_time": 21, "commission": 0.0, "slip": 0.0}
grid_gross|IS_gross|{"range_start": -1, "range_end": 8, "entry_end": 9, "exit_time": 12, "commission": 0.0, "slip": 0.0}
grid_gross|IS_gross|{"range_start": -1, "range_end": 8, "entry_end": 9, "exit_time": 14, "commission": 0.0, "slip": 0.0}
grid_gross|IS_gross|{"range_start": -1, "range_end": 8, "entry_end": 9, "exit_time": 16, "commission": 0.0, "slip": 0.0}
grid_gross|IS_gross|{"range_start": -1, "range_end": 8, "entry_end": 9, "exit_time": 17, "commission": 0.0, "slip": 0.0}
grid_gross|IS_gross|{"range_start": -1, "range_end": 8, "entry_end": 9, "exit_time": 18, "commission": 0.0, "slip": 0.0}
grid_gross|IS_gross|{"range_start": -1, "range_end": 8, "entry_end": 9, "commission": 0.0, "slip": 0.0}
grid_gross|IS_gross|{"range_start": -1, "range_end": 8, "entry_end": 9, "exit_time": 21, "commission": 0.0, "slip": 0.0}
grid_gross|IS_gross|{"range_start": -1, "range_end": 8, "entry_end": 10, "exit_time": 12, "commission": 0.0, "slip": 0.0}
grid_gross|IS_gross|{"range_start": -1, "range_end": 8, "entry_end": 10, "exit_time": 14, "commission": 0.0, "slip": 0.0}
grid_gross|IS_gross|{"range_start": -1, "range_end": 8, "entry_end": 10, "exit_time": 16, "commission": 0.0, "slip": 0.0}
grid_gross|IS_gross|{"range_start": -1, "range_end": 8, "entry_end": 10, "exit_time": 17, "commission": 0.0, "slip": 0.0}
grid_gross|IS_gross|{"range_start": -1, "range_end": 8, "entry_end": 10, "exit_time": 18, "commission": 0.0, "slip": 0.0}
grid_gross|IS_gross|{"range_start": -1, "range_end": 8, "entry_end": 10, "commission": 0.0, "slip": 0.0}
grid_gross|IS_gross|{"range_start": -1, "range_end": 8, "entry_end": 10, "exit_time": 21, "commission": 0.0, "slip": 0.0}
grid_gross|IS_gross|{"range_start": -1, "range_end": 8, "entry_end": 11, "exit_time": 12, "commission": 0.0, "slip": 0.0}
grid_gross|IS_gross|{"range_start": -1, "range_end": 8, "entry_end": 11, "exit_time": 14, "commission": 0.0, "slip": 0.0}
grid_gross|IS_gross|{"range_start": -1, "range_end": 8, "entry_end": 11, "exit_time": 16, "commission": 0.0, "slip": 0.0}
grid_gross|IS_gross|{"range_start": -1, "range_end": 8, "entry_end": 11, "exit_time": 17, "commission": 0.0, "slip": 0.0}
grid_gross|IS_gross|{"range_start": -1, "range_end": 8, "entry_end": 11, "exit_time": 18, "commission": 0.0, "slip": 0.0}
grid_gross|IS_gross|{"range_start": -1, "range_end": 8, "entry_end": 11, "commission": 0.0, "slip": 0.0}
grid_gross|IS_gross|{"range_start": -1, "range_end": 8, "entry_end": 11, "exit_time": 21, "commission": 0.0, "slip": 0.0}
grid_gross|IS_gross|{"range_start": -1, "range_end": 8, "exit_time": 12, "commission": 0.0, "slip": 0.0}
grid_gross|IS_gross|{"range_start": -1, "range_end": 8, "exit_time": 14, "commission": 0.0, "slip": 0.0}
grid_gross|IS_gross|{"range_start": -1, "range_end": 8, "exit_time": 16, "commission": 0.0, "slip": 0.0}
grid_gross|IS_gross|{"range_start": -1, "range_end": 8, "exit_time": 17, "commission": 0.0, "slip": 0.0}
grid_gross|IS_gross|{"range_start": -1, "range_end": 8, "exit_time": 18, "commission": 0.0, "slip": 0.0}
grid_gross|IS_gross|{"range_start": -1, "range_end": 8, "commission": 0.0, "slip": 0.0}
grid_gross|IS_gross|{"range_start": -1, "range_end": 8, "exit_time": 21, "commission": 0.0, "slip": 0.0}
grid_gross|IS_gross|{"range_start": -1, "range_end": 8, "entry_end": 13, "exit_time": 14, "commission": 0.0, "slip": 0.0}
grid_gross|IS_gross|{"range_start": -1, "range_end": 8, "entry_end": 13, "exit_time": 16, "commission": 0.0, "slip": 0.0}
grid_gross|IS_gross|{"range_start": -1, "range_end": 8, "entry_end": 13, "exit_time": 17, "commission": 0.0, "slip": 0.0}
grid_gross|IS_gross|{"range_start": -1, "range_end": 8, "entry_end": 13, "exit_time": 18, "commission": 0.0, "slip": 0.0}
grid_gross|IS_gross|{"range_start": -1, "range_end": 8, "entry_end": 13, "commission": 0.0, "slip": 0.0}
grid_gross|IS_gross|{"range_start": -1, "range_end": 8, "entry_end": 13, "exit_time": 21, "commission": 0.0, "slip": 0.0}
grid_gross|IS_gross|{"range_start": -1, "range_end": 8, "entry_end": 14, "exit_time": 14, "commission": 0.0, "slip": 0.0}
grid_gross|IS_gross|{"range_start": -1, "range_end": 8, "entry_end": 15, "exit_time": 16, "commission": 0.0, "slip": 0.0}
grid_gross|IS_gross|{"range_start": -1, "range_end": 8, "entry_end": 15, "exit_time": 17, "commission": 0.0, "slip": 0.0}
grid_gross|IS_gross|{"range_start": -1, "range_end": 8, "entry_end": 15, "exit_time": 18, "commission": 0.0, "slip": 0.0}
grid_gross|IS_gross|{"range_start": -1, "range_end": 8, "entry_end": 15, "commission": 0.0, "slip": 0.0}
grid_gross|IS_gross|{"range_start": -1, "range_end": 8, "entry_end": 15, "exit_time": 21, "commission": 0.0, "slip": 0.0}
grid_gross|IS_gross|{"range_start": -1, "range_end": 9, "entry_end": 10, "exit_time": 12, "commission": 0.0, "slip": 0.0}
grid_gross|IS_gross|{"range_start": -1, "range_end": 9, "entry_end": 10, "exit_time": 14, "commission": 0.0, "slip": 0.0}
grid_gross|IS_gross|{"range_start": -1, "range_end": 9, "entry_end": 10, "exit_time": 16, "commission": 0.0, "slip": 0.0}
grid_gross|IS_gross|{"range_start": -1, "range_end": 9, "entry_end": 10, "exit_time": 17, "commission": 0.0, "slip": 0.0}
grid_gross|IS_gross|{"range_start": -1, "range_end": 9, "entry_end": 10, "exit_time": 18, "commission": 0.0, "slip": 0.0}
grid_gross|IS_gross|{"range_start": -1, "range_end": 9, "entry_end": 10, "commission": 0.0, "slip": 0.0}
grid_gross|IS_gross|{"range_start": -1, "range_end": 9, "entry_end": 10, "exit_time": 21, "commission": 0.0, "slip": 0.0}
grid_gross|IS_gross|{"range_start": -1, "range_end": 9, "entry_end": 11, "exit_time": 12, "commission": 0.0, "slip": 0.0}
grid_gross|IS_gross|{"range_start": -1, "range_end": 9, "entry_end": 11, "exit_time": 14, "commission": 0.0, "slip": 0.0}
grid_gross|IS_gross|{"range_start": -1, "range_end": 9, "entry_end": 11, "exit_time": 16, "commission": 0.0, "slip": 0.0}
grid_gross|IS_gross|{"range_start": -1, "range_end": 9, "entry_end": 11, "exit_time": 17, "commission": 0.0, "slip": 0.0}
grid_gross|IS_gross|{"range_start": -1, "range_end": 9, "entry_end": 11, "exit_time": 18, "commission": 0.0, "slip": 0.0}
grid_gross|IS_gross|{"range_start": -1, "range_end": 9, "entry_end": 11, "commission": 0.0, "slip": 0.0}
grid_gross|IS_gross|{"range_start": -1, "range_end": 9, "entry_end": 11, "exit_time": 21, "commission": 0.0, "slip": 0.0}
grid_gross|IS_gross|{"range_start": -1, "range_end": 9, "exit_time": 12, "commission": 0.0, "slip": 0.0}
grid_gross|IS_gross|{"range_start": -1, "range_end": 9, "exit_time": 14, "commission": 0.0, "slip": 0.0}
grid_gross|IS_gross|{"range_start": -1, "range_end": 9, "exit_time": 16, "commission": 0.0, "slip": 0.0}
grid_gross|IS_gross|{"range_start": -1, "range_end": 9, "exit_time": 17, "commission": 0.0, "slip": 0.0}
grid_gross|IS_gross|{"range_start": -1, "range_end": 9, "exit_time": 18, "commission": 0.0, "slip": 0.0}
grid_gross|IS_gross|{"range_start": -1, "range_end": 9, "commission": 0.0, "slip": 0.0}
grid_gross|IS_gross|{"range_start": -1, "range_end": 9, "exit_time": 21, "commission": 0.0, "slip": 0.0}
grid_gross|IS_gross|{"range_start": -1, "range_end": 9, "entry_end": 13, "exit_time": 14, "commission": 0.0, "slip": 0.0}
grid_gross|IS_gross|{"range_start": -1, "range_end": 9, "entry_end": 13, "exit_time": 16, "commission": 0.0, "slip": 0.0}
grid_gross|IS_gross|{"range_start": -1, "range_end": 9, "entry_end": 13, "exit_time": 17, "commission": 0.0, "slip": 0.0}
grid_gross|IS_gross|{"range_start": -1, "range_end": 9, "entry_end": 13, "exit_time": 18, "commission": 0.0, "slip": 0.0}
grid_gross|IS_gross|{"range_start": -1, "range_end": 9, "entry_end": 13, "commission": 0.0, "slip": 0.0}
grid_gross|IS_gross|{"range_start": -1, "range_end": 9, "entry_end": 13, "exit_time": 21, "commission": 0.0, "slip": 0.0}
grid_gross|IS_gross|{"range_start": -1, "range_end": 9, "entry_end": 14, "exit_time": 14, "commission": 0.0, "slip": 0.0}
grid_gross|IS_gross|{"range_start": -1, "range_end": 9, "entry_end": 15, "exit_time": 16, "commission": 0.0, "slip": 0.0}
grid_gross|IS_gross|{"range_start": -1, "range_end": 9, "entry_end": 15, "exit_time": 17, "commission": 0.0, "slip": 0.0}
grid_gross|IS_gross|{"range_start": -1, "range_end": 9, "entry_end": 15, "exit_time": 18, "commission": 0.0, "slip": 0.0}
grid_gross|IS_gross|{"range_start": -1, "range_end": 9, "entry_end": 15, "commission": 0.0, "slip": 0.0}
grid_gross|IS_gross|{"range_start": -1, "range_end": 9, "entry_end": 15, "exit_time": 21, "commission": 0.0, "slip": 0.0}
grid_gross|IS_gross|{"range_end": 5, "entry_end": 9, "exit_time": 12, "commission": 0.0, "slip": 0.0}
grid_gross|IS_gross|{"range_end": 5, "entry_end": 9, "exit_time": 14, "commission": 0.0, "slip": 0.0}
grid_gross|IS_gross|{"range_end": 5, "entry_end": 9, "exit_time": 16, "commission": 0.0, "slip": 0.0}
grid_gross|IS_gross|{"range_end": 5, "entry_end": 9, "exit_time": 17, "commission": 0.0, "slip": 0.0}
grid_gross|IS_gross|{"range_end": 5, "entry_end": 9, "exit_time": 18, "commission": 0.0, "slip": 0.0}
grid_gross|IS_gross|{"range_end": 5, "entry_end": 9, "commission": 0.0, "slip": 0.0}
grid_gross|IS_gross|{"range_end": 5, "entry_end": 9, "exit_time": 21, "commission": 0.0, "slip": 0.0}
grid_gross|IS_gross|{"range_end": 5, "entry_end": 10, "exit_time": 12, "commission": 0.0, "slip": 0.0}
grid_gross|IS_gross|{"range_end": 5, "entry_end": 10, "exit_time": 14, "commission": 0.0, "slip": 0.0}
grid_gross|IS_gross|{"range_end": 5, "entry_end": 10, "exit_time": 16, "commission": 0.0, "slip": 0.0}
grid_gross|IS_gross|{"range_end": 5, "entry_end": 10, "exit_time": 17, "commission": 0.0, "slip": 0.0}
grid_gross|IS_gross|{"range_end": 5, "entry_end": 10, "exit_time": 18, "commission": 0.0, "slip": 0.0}
grid_gross|IS_gross|{"range_end": 5, "entry_end": 10, "commission": 0.0, "slip": 0.0}
grid_gross|IS_gross|{"range_end": 5, "entry_end": 10, "exit_time": 21, "commission": 0.0, "slip": 0.0}
grid_gross|IS_gross|{"range_end": 5, "entry_end": 11, "exit_time": 12, "commission": 0.0, "slip": 0.0}
grid_gross|IS_gross|{"range_end": 5, "entry_end": 11, "exit_time": 14, "commission": 0.0, "slip": 0.0}
grid_gross|IS_gross|{"range_end": 5, "entry_end": 11, "exit_time": 16, "commission": 0.0, "slip": 0.0}
grid_gross|IS_gross|{"range_end": 5, "entry_end": 11, "exit_time": 17, "commission": 0.0, "slip": 0.0}
grid_gross|IS_gross|{"range_end": 5, "entry_end": 11, "exit_time": 18, "commission": 0.0, "slip": 0.0}
grid_gross|IS_gross|{"range_end": 5, "entry_end": 11, "commission": 0.0, "slip": 0.0}
grid_gross|IS_gross|{"range_end": 5, "entry_end": 11, "exit_time": 21, "commission": 0.0, "slip": 0.0}
grid_gross|IS_gross|{"range_end": 5, "exit_time": 12, "commission": 0.0, "slip": 0.0}
grid_gross|IS_gross|{"range_end": 5, "exit_time": 14, "commission": 0.0, "slip": 0.0}
grid_gross|IS_gross|{"range_end": 5, "exit_time": 16, "commission": 0.0, "slip": 0.0}
grid_gross|IS_gross|{"range_end": 5, "exit_time": 17, "commission": 0.0, "slip": 0.0}
grid_gross|IS_gross|{"range_end": 5, "exit_time": 18, "commission": 0.0, "slip": 0.0}
grid_gross|IS_gross|{"range_end": 5, "commission": 0.0, "slip": 0.0}
grid_gross|IS_gross|{"range_end": 5, "exit_time": 21, "commission": 0.0, "slip": 0.0}
grid_gross|IS_gross|{"range_end": 5, "entry_end": 13, "exit_time": 14, "commission": 0.0, "slip": 0.0}
grid_gross|IS_gross|{"range_end": 5, "entry_end": 13, "exit_time": 16, "commission": 0.0, "slip": 0.0}
grid_gross|IS_gross|{"range_end": 5, "entry_end": 13, "exit_time": 17, "commission": 0.0, "slip": 0.0}
grid_gross|IS_gross|{"range_end": 5, "entry_end": 13, "exit_time": 18, "commission": 0.0, "slip": 0.0}
grid_gross|IS_gross|{"range_end": 5, "entry_end": 13, "commission": 0.0, "slip": 0.0}
grid_gross|IS_gross|{"range_end": 5, "entry_end": 13, "exit_time": 21, "commission": 0.0, "slip": 0.0}
grid_gross|IS_gross|{"range_end": 5, "entry_end": 14, "exit_time": 14, "commission": 0.0, "slip": 0.0}
grid_gross|IS_gross|{"range_end": 5, "entry_end": 15, "exit_time": 16, "commission": 0.0, "slip": 0.0}
grid_gross|IS_gross|{"range_end": 5, "entry_end": 15, "exit_time": 17, "commission": 0.0, "slip": 0.0}
grid_gross|IS_gross|{"range_end": 5, "entry_end": 15, "exit_time": 18, "commission": 0.0, "slip": 0.0}
grid_gross|IS_gross|{"range_end": 5, "entry_end": 15, "commission": 0.0, "slip": 0.0}
grid_gross|IS_gross|{"range_end": 5, "entry_end": 15, "exit_time": 21, "commission": 0.0, "slip": 0.0}
grid_gross|IS_gross|{"range_end": 6, "entry_end": 9, "exit_time": 12, "commission": 0.0, "slip": 0.0}
grid_gross|IS_gross|{"range_end": 6, "entry_end": 9, "exit_time": 14, "commission": 0.0, "slip": 0.0}
grid_gross|IS_gross|{"range_end": 6, "entry_end": 9, "exit_time": 16, "commission": 0.0, "slip": 0.0}
grid_gross|IS_gross|{"range_end": 6, "entry_end": 9, "exit_time": 17, "commission": 0.0, "slip": 0.0}
grid_gross|IS_gross|{"range_end": 6, "entry_end": 9, "exit_time": 18, "commission": 0.0, "slip": 0.0}
grid_gross|IS_gross|{"range_end": 6, "entry_end": 9, "commission": 0.0, "slip": 0.0}
grid_gross|IS_gross|{"range_end": 6, "entry_end": 9, "exit_time": 21, "commission": 0.0, "slip": 0.0}
grid_gross|IS_gross|{"range_end": 6, "entry_end": 10, "exit_time": 12, "commission": 0.0, "slip": 0.0}
grid_gross|IS_gross|{"range_end": 6, "entry_end": 10, "exit_time": 14, "commission": 0.0, "slip": 0.0}
grid_gross|IS_gross|{"range_end": 6, "entry_end": 10, "exit_time": 16, "commission": 0.0, "slip": 0.0}
grid_gross|IS_gross|{"range_end": 6, "entry_end": 10, "exit_time": 17, "commission": 0.0, "slip": 0.0}
grid_gross|IS_gross|{"range_end": 6, "entry_end": 10, "exit_time": 18, "commission": 0.0, "slip": 0.0}
grid_gross|IS_gross|{"range_end": 6, "entry_end": 10, "commission": 0.0, "slip": 0.0}
grid_gross|IS_gross|{"range_end": 6, "entry_end": 10, "exit_time": 21, "commission": 0.0, "slip": 0.0}
grid_gross|IS_gross|{"range_end": 6, "entry_end": 11, "exit_time": 12, "commission": 0.0, "slip": 0.0}
grid_gross|IS_gross|{"range_end": 6, "entry_end": 11, "exit_time": 14, "commission": 0.0, "slip": 0.0}
grid_gross|IS_gross|{"range_end": 6, "entry_end": 11, "exit_time": 16, "commission": 0.0, "slip": 0.0}
grid_gross|IS_gross|{"range_end": 6, "entry_end": 11, "exit_time": 17, "commission": 0.0, "slip": 0.0}
grid_gross|IS_gross|{"range_end": 6, "entry_end": 11, "exit_time": 18, "commission": 0.0, "slip": 0.0}
grid_gross|IS_gross|{"range_end": 6, "entry_end": 11, "commission": 0.0, "slip": 0.0}
grid_gross|IS_gross|{"range_end": 6, "entry_end": 11, "exit_time": 21, "commission": 0.0, "slip": 0.0}
grid_gross|IS_gross|{"range_end": 6, "exit_time": 12, "commission": 0.0, "slip": 0.0}
grid_gross|IS_gross|{"range_end": 6, "exit_time": 14, "commission": 0.0, "slip": 0.0}
grid_gross|IS_gross|{"range_end": 6, "exit_time": 16, "commission": 0.0, "slip": 0.0}
grid_gross|IS_gross|{"range_end": 6, "exit_time": 17, "commission": 0.0, "slip": 0.0}
grid_gross|IS_gross|{"range_end": 6, "exit_time": 18, "commission": 0.0, "slip": 0.0}
grid_gross|IS_gross|{"range_end": 6, "commission": 0.0, "slip": 0.0}
grid_gross|IS_gross|{"range_end": 6, "exit_time": 21, "commission": 0.0, "slip": 0.0}
grid_gross|IS_gross|{"range_end": 6, "entry_end": 13, "exit_time": 14, "commission": 0.0, "slip": 0.0}
grid_gross|IS_gross|{"range_end": 6, "entry_end": 13, "exit_time": 16, "commission": 0.0, "slip": 0.0}
grid_gross|IS_gross|{"range_end": 6, "entry_end": 13, "exit_time": 17, "commission": 0.0, "slip": 0.0}
grid_gross|IS_gross|{"range_end": 6, "entry_end": 13, "exit_time": 18, "commission": 0.0, "slip": 0.0}
grid_gross|IS_gross|{"range_end": 6, "entry_end": 13, "commission": 0.0, "slip": 0.0}
grid_gross|IS_gross|{"range_end": 6, "entry_end": 13, "exit_time": 21, "commission": 0.0, "slip": 0.0}
grid_gross|IS_gross|{"range_end": 6, "entry_end": 14, "exit_time": 14, "commission": 0.0, "slip": 0.0}
grid_gross|IS_gross|{"range_end": 6, "entry_end": 15, "exit_time": 16, "commission": 0.0, "slip": 0.0}
grid_gross|IS_gross|{"range_end": 6, "entry_end": 15, "exit_time": 17, "commission": 0.0, "slip": 0.0}
grid_gross|IS_gross|{"range_end": 6, "entry_end": 15, "exit_time": 18, "commission": 0.0, "slip": 0.0}
grid_gross|IS_gross|{"range_end": 6, "entry_end": 15, "commission": 0.0, "slip": 0.0}
grid_gross|IS_gross|{"range_end": 6, "entry_end": 15, "exit_time": 21, "commission": 0.0, "slip": 0.0}
grid_gross|IS_gross|{"entry_end": 9, "exit_time": 12, "commission": 0.0, "slip": 0.0}
grid_gross|IS_gross|{"entry_end": 9, "exit_time": 14, "commission": 0.0, "slip": 0.0}
grid_gross|IS_gross|{"entry_end": 9, "exit_time": 16, "commission": 0.0, "slip": 0.0}
grid_gross|IS_gross|{"entry_end": 9, "exit_time": 17, "commission": 0.0, "slip": 0.0}
grid_gross|IS_gross|{"entry_end": 9, "exit_time": 18, "commission": 0.0, "slip": 0.0}
grid_gross|IS_gross|{"entry_end": 9, "commission": 0.0, "slip": 0.0}
grid_gross|IS_gross|{"entry_end": 9, "exit_time": 21, "commission": 0.0, "slip": 0.0}
grid_gross|IS_gross|{"entry_end": 10, "exit_time": 12, "commission": 0.0, "slip": 0.0}
grid_gross|IS_gross|{"entry_end": 10, "exit_time": 14, "commission": 0.0, "slip": 0.0}
grid_gross|IS_gross|{"entry_end": 10, "exit_time": 16, "commission": 0.0, "slip": 0.0}
grid_gross|IS_gross|{"entry_end": 10, "exit_time": 17, "commission": 0.0, "slip": 0.0}
grid_gross|IS_gross|{"entry_end": 10, "exit_time": 18, "commission": 0.0, "slip": 0.0}
grid_gross|IS_gross|{"entry_end": 10, "commission": 0.0, "slip": 0.0}
grid_gross|IS_gross|{"entry_end": 10, "exit_time": 21, "commission": 0.0, "slip": 0.0}
grid_gross|IS_gross|{"entry_end": 11, "exit_time": 12, "commission": 0.0, "slip": 0.0}
grid_gross|IS_gross|{"entry_end": 11, "exit_time": 14, "commission": 0.0, "slip": 0.0}
grid_gross|IS_gross|{"entry_end": 11, "exit_time": 16, "commission": 0.0, "slip": 0.0}
grid_gross|IS_gross|{"entry_end": 11, "exit_time": 17, "commission": 0.0, "slip": 0.0}
grid_gross|IS_gross|{"entry_end": 11, "exit_time": 18, "commission": 0.0, "slip": 0.0}
grid_gross|IS_gross|{"entry_end": 11, "commission": 0.0, "slip": 0.0}
grid_gross|IS_gross|{"entry_end": 11, "exit_time": 21, "commission": 0.0, "slip": 0.0}
grid_gross|IS_gross|{"exit_time": 12, "commission": 0.0, "slip": 0.0}
grid_gross|IS_gross|{"exit_time": 14, "commission": 0.0, "slip": 0.0}
grid_gross|IS_gross|{"exit_time": 16, "commission": 0.0, "slip": 0.0}
grid_gross|IS_gross|{"exit_time": 17, "commission": 0.0, "slip": 0.0}
grid_gross|IS_gross|{"exit_time": 18, "commission": 0.0, "slip": 0.0}
grid_gross|IS_gross|{"commission": 0.0, "slip": 0.0}
grid_gross|IS_gross|{"exit_time": 21, "commission": 0.0, "slip": 0.0}
grid_gross|IS_gross|{"entry_end": 13, "exit_time": 14, "commission": 0.0, "slip": 0.0}
grid_gross|IS_gross|{"entry_end": 13, "exit_time": 16, "commission": 0.0, "slip": 0.0}
grid_gross|IS_gross|{"entry_end": 13, "exit_time": 17, "commission": 0.0, "slip": 0.0}
grid_gross|IS_gross|{"entry_end": 13, "exit_time": 18, "commission": 0.0, "slip": 0.0}
grid_gross|IS_gross|{"entry_end": 13, "commission": 0.0, "slip": 0.0}
grid_gross|IS_gross|{"entry_end": 13, "exit_time": 21, "commission": 0.0, "slip": 0.0}
grid_gross|IS_gross|{"entry_end": 14, "exit_time": 14, "commission": 0.0, "slip": 0.0}
grid_gross|IS_gross|{"entry_end": 15, "exit_time": 16, "commission": 0.0, "slip": 0.0}
grid_gross|IS_gross|{"entry_end": 15, "exit_time": 17, "commission": 0.0, "slip": 0.0}
grid_gross|IS_gross|{"entry_end": 15, "exit_time": 18, "commission": 0.0, "slip": 0.0}
grid_gross|IS_gross|{"entry_end": 15, "commission": 0.0, "slip": 0.0}
grid_gross|IS_gross|{"entry_end": 15, "exit_time": 21, "commission": 0.0, "slip": 0.0}
grid_gross|IS_gross|{"range_end": 8, "entry_end": 9, "exit_time": 12, "commission": 0.0, "slip": 0.0}
grid_gross|IS_gross|{"range_end": 8, "entry_end": 9, "exit_time": 14, "commission": 0.0, "slip": 0.0}
grid_gross|IS_gross|{"range_end": 8, "entry_end": 9, "exit_time": 16, "commission": 0.0, "slip": 0.0}
grid_gross|IS_gross|{"range_end": 8, "entry_end": 9, "exit_time": 17, "commission": 0.0, "slip": 0.0}
grid_gross|IS_gross|{"range_end": 8, "entry_end": 9, "exit_time": 18, "commission": 0.0, "slip": 0.0}
grid_gross|IS_gross|{"range_end": 8, "entry_end": 9, "commission": 0.0, "slip": 0.0}
grid_gross|IS_gross|{"range_end": 8, "entry_end": 9, "exit_time": 21, "commission": 0.0, "slip": 0.0}
grid_gross|IS_gross|{"range_end": 8, "entry_end": 10, "exit_time": 12, "commission": 0.0, "slip": 0.0}
grid_gross|IS_gross|{"range_end": 8, "entry_end": 10, "exit_time": 14, "commission": 0.0, "slip": 0.0}
grid_gross|IS_gross|{"range_end": 8, "entry_end": 10, "exit_time": 16, "commission": 0.0, "slip": 0.0}
grid_gross|IS_gross|{"range_end": 8, "entry_end": 10, "exit_time": 17, "commission": 0.0, "slip": 0.0}
grid_gross|IS_gross|{"range_end": 8, "entry_end": 10, "exit_time": 18, "commission": 0.0, "slip": 0.0}
grid_gross|IS_gross|{"range_end": 8, "entry_end": 10, "commission": 0.0, "slip": 0.0}
grid_gross|IS_gross|{"range_end": 8, "entry_end": 10, "exit_time": 21, "commission": 0.0, "slip": 0.0}
grid_gross|IS_gross|{"range_end": 8, "entry_end": 11, "exit_time": 12, "commission": 0.0, "slip": 0.0}
grid_gross|IS_gross|{"range_end": 8, "entry_end": 11, "exit_time": 14, "commission": 0.0, "slip": 0.0}
grid_gross|IS_gross|{"range_end": 8, "entry_end": 11, "exit_time": 16, "commission": 0.0, "slip": 0.0}
grid_gross|IS_gross|{"range_end": 8, "entry_end": 11, "exit_time": 17, "commission": 0.0, "slip": 0.0}
grid_gross|IS_gross|{"range_end": 8, "entry_end": 11, "exit_time": 18, "commission": 0.0, "slip": 0.0}
grid_gross|IS_gross|{"range_end": 8, "entry_end": 11, "commission": 0.0, "slip": 0.0}
grid_gross|IS_gross|{"range_end": 8, "entry_end": 11, "exit_time": 21, "commission": 0.0, "slip": 0.0}
grid_gross|IS_gross|{"range_end": 8, "exit_time": 12, "commission": 0.0, "slip": 0.0}
grid_gross|IS_gross|{"range_end": 8, "exit_time": 14, "commission": 0.0, "slip": 0.0}
grid_gross|IS_gross|{"range_end": 8, "exit_time": 16, "commission": 0.0, "slip": 0.0}
grid_gross|IS_gross|{"range_end": 8, "exit_time": 17, "commission": 0.0, "slip": 0.0}
grid_gross|IS_gross|{"range_end": 8, "exit_time": 18, "commission": 0.0, "slip": 0.0}
grid_gross|IS_gross|{"range_end": 8, "commission": 0.0, "slip": 0.0}
grid_gross|IS_gross|{"range_end": 8, "exit_time": 21, "commission": 0.0, "slip": 0.0}
grid_gross|IS_gross|{"range_end": 8, "entry_end": 13, "exit_time": 14, "commission": 0.0, "slip": 0.0}
grid_gross|IS_gross|{"range_end": 8, "entry_end": 13, "exit_time": 16, "commission": 0.0, "slip": 0.0}
grid_gross|IS_gross|{"range_end": 8, "entry_end": 13, "exit_time": 17, "commission": 0.0, "slip": 0.0}
grid_gross|IS_gross|{"range_end": 8, "entry_end": 13, "exit_time": 18, "commission": 0.0, "slip": 0.0}
grid_gross|IS_gross|{"range_end": 8, "entry_end": 13, "commission": 0.0, "slip": 0.0}
grid_gross|IS_gross|{"range_end": 8, "entry_end": 13, "exit_time": 21, "commission": 0.0, "slip": 0.0}
grid_gross|IS_gross|{"range_end": 8, "entry_end": 14, "exit_time": 14, "commission": 0.0, "slip": 0.0}
grid_gross|IS_gross|{"range_end": 8, "entry_end": 15, "exit_time": 16, "commission": 0.0, "slip": 0.0}
grid_gross|IS_gross|{"range_end": 8, "entry_end": 15, "exit_time": 17, "commission": 0.0, "slip": 0.0}
grid_gross|IS_gross|{"range_end": 8, "entry_end": 15, "exit_time": 18, "commission": 0.0, "slip": 0.0}
grid_gross|IS_gross|{"range_end": 8, "entry_end": 15, "commission": 0.0, "slip": 0.0}
grid_gross|IS_gross|{"range_end": 8, "entry_end": 15, "exit_time": 21, "commission": 0.0, "slip": 0.0}
grid_gross|IS_gross|{"range_end": 9, "entry_end": 10, "exit_time": 12, "commission": 0.0, "slip": 0.0}
grid_gross|IS_gross|{"range_end": 9, "entry_end": 10, "exit_time": 14, "commission": 0.0, "slip": 0.0}
grid_gross|IS_gross|{"range_end": 9, "entry_end": 10, "exit_time": 16, "commission": 0.0, "slip": 0.0}
grid_gross|IS_gross|{"range_end": 9, "entry_end": 10, "exit_time": 17, "commission": 0.0, "slip": 0.0}
grid_gross|IS_gross|{"range_end": 9, "entry_end": 10, "exit_time": 18, "commission": 0.0, "slip": 0.0}
grid_gross|IS_gross|{"range_end": 9, "entry_end": 10, "commission": 0.0, "slip": 0.0}
grid_gross|IS_gross|{"range_end": 9, "entry_end": 10, "exit_time": 21, "commission": 0.0, "slip": 0.0}
grid_gross|IS_gross|{"range_end": 9, "entry_end": 11, "exit_time": 12, "commission": 0.0, "slip": 0.0}
grid_gross|IS_gross|{"range_end": 9, "entry_end": 11, "exit_time": 14, "commission": 0.0, "slip": 0.0}
grid_gross|IS_gross|{"range_end": 9, "entry_end": 11, "exit_time": 16, "commission": 0.0, "slip": 0.0}
grid_gross|IS_gross|{"range_end": 9, "entry_end": 11, "exit_time": 17, "commission": 0.0, "slip": 0.0}
grid_gross|IS_gross|{"range_end": 9, "entry_end": 11, "exit_time": 18, "commission": 0.0, "slip": 0.0}
grid_gross|IS_gross|{"range_end": 9, "entry_end": 11, "commission": 0.0, "slip": 0.0}
grid_gross|IS_gross|{"range_end": 9, "entry_end": 11, "exit_time": 21, "commission": 0.0, "slip": 0.0}
grid_gross|IS_gross|{"range_end": 9, "exit_time": 12, "commission": 0.0, "slip": 0.0}
grid_gross|IS_gross|{"range_end": 9, "exit_time": 14, "commission": 0.0, "slip": 0.0}
grid_gross|IS_gross|{"range_end": 9, "exit_time": 16, "commission": 0.0, "slip": 0.0}
grid_gross|IS_gross|{"range_end": 9, "exit_time": 17, "commission": 0.0, "slip": 0.0}
grid_gross|IS_gross|{"range_end": 9, "exit_time": 18, "commission": 0.0, "slip": 0.0}
grid_gross|IS_gross|{"range_end": 9, "commission": 0.0, "slip": 0.0}
grid_gross|IS_gross|{"range_end": 9, "exit_time": 21, "commission": 0.0, "slip": 0.0}
grid_gross|IS_gross|{"range_end": 9, "entry_end": 13, "exit_time": 14, "commission": 0.0, "slip": 0.0}
grid_gross|IS_gross|{"range_end": 9, "entry_end": 13, "exit_time": 16, "commission": 0.0, "slip": 0.0}
grid_gross|IS_gross|{"range_end": 9, "entry_end": 13, "exit_time": 17, "commission": 0.0, "slip": 0.0}
grid_gross|IS_gross|{"range_end": 9, "entry_end": 13, "exit_time": 18, "commission": 0.0, "slip": 0.0}
grid_gross|IS_gross|{"range_end": 9, "entry_end": 13, "commission": 0.0, "slip": 0.0}
grid_gross|IS_gross|{"range_end": 9, "entry_end": 13, "exit_time": 21, "commission": 0.0, "slip": 0.0}
grid_gross|IS_gross|{"range_end": 9, "entry_end": 14, "exit_time": 14, "commission": 0.0, "slip": 0.0}
grid_gross|IS_gross|{"range_end": 9, "entry_end": 15, "exit_time": 16, "commission": 0.0, "slip": 0.0}
grid_gross|IS_gross|{"range_end": 9, "entry_end": 15, "exit_time": 17, "commission": 0.0, "slip": 0.0}
grid_gross|IS_gross|{"range_end": 9, "entry_end": 15, "exit_time": 18, "commission": 0.0, "slip": 0.0}
grid_gross|IS_gross|{"range_end": 9, "entry_end": 15, "commission": 0.0, "slip": 0.0}
grid_gross|IS_gross|{"range_end": 9, "entry_end": 15, "exit_time": 21, "commission": 0.0, "slip": 0.0}
grid_gross|IS_gross|{"range_start": 1, "range_end": 5, "entry_end": 9, "exit_time": 12, "commission": 0.0, "slip": 0.0}
grid_gross|IS_gross|{"range_start": 1, "range_end": 5, "entry_end": 9, "exit_time": 14, "commission": 0.0, "slip": 0.0}
grid_gross|IS_gross|{"range_start": 1, "range_end": 5, "entry_end": 9, "exit_time": 16, "commission": 0.0, "slip": 0.0}
grid_gross|IS_gross|{"range_start": 1, "range_end": 5, "entry_end": 9, "exit_time": 17, "commission": 0.0, "slip": 0.0}
grid_gross|IS_gross|{"range_start": 1, "range_end": 5, "entry_end": 9, "exit_time": 18, "commission": 0.0, "slip": 0.0}
grid_gross|IS_gross|{"range_start": 1, "range_end": 5, "entry_end": 9, "commission": 0.0, "slip": 0.0}
grid_gross|IS_gross|{"range_start": 1, "range_end": 5, "entry_end": 9, "exit_time": 21, "commission": 0.0, "slip": 0.0}
grid_gross|IS_gross|{"range_start": 1, "range_end": 5, "entry_end": 10, "exit_time": 12, "commission": 0.0, "slip": 0.0}
grid_gross|IS_gross|{"range_start": 1, "range_end": 5, "entry_end": 10, "exit_time": 14, "commission": 0.0, "slip": 0.0}
grid_gross|IS_gross|{"range_start": 1, "range_end": 5, "entry_end": 10, "exit_time": 16, "commission": 0.0, "slip": 0.0}
grid_gross|IS_gross|{"range_start": 1, "range_end": 5, "entry_end": 10, "exit_time": 17, "commission": 0.0, "slip": 0.0}
grid_gross|IS_gross|{"range_start": 1, "range_end": 5, "entry_end": 10, "exit_time": 18, "commission": 0.0, "slip": 0.0}
grid_gross|IS_gross|{"range_start": 1, "range_end": 5, "entry_end": 10, "commission": 0.0, "slip": 0.0}
grid_gross|IS_gross|{"range_start": 1, "range_end": 5, "entry_end": 10, "exit_time": 21, "commission": 0.0, "slip": 0.0}
grid_gross|IS_gross|{"range_start": 1, "range_end": 5, "entry_end": 11, "exit_time": 12, "commission": 0.0, "slip": 0.0}
grid_gross|IS_gross|{"range_start": 1, "range_end": 5, "entry_end": 11, "exit_time": 14, "commission": 0.0, "slip": 0.0}
grid_gross|IS_gross|{"range_start": 1, "range_end": 5, "entry_end": 11, "exit_time": 16, "commission": 0.0, "slip": 0.0}
grid_gross|IS_gross|{"range_start": 1, "range_end": 5, "entry_end": 11, "exit_time": 17, "commission": 0.0, "slip": 0.0}
grid_gross|IS_gross|{"range_start": 1, "range_end": 5, "entry_end": 11, "exit_time": 18, "commission": 0.0, "slip": 0.0}
grid_gross|IS_gross|{"range_start": 1, "range_end": 5, "entry_end": 11, "commission": 0.0, "slip": 0.0}
grid_gross|IS_gross|{"range_start": 1, "range_end": 5, "entry_end": 11, "exit_time": 21, "commission": 0.0, "slip": 0.0}
grid_gross|IS_gross|{"range_start": 1, "range_end": 5, "exit_time": 12, "commission": 0.0, "slip": 0.0}
grid_gross|IS_gross|{"range_start": 1, "range_end": 5, "exit_time": 14, "commission": 0.0, "slip": 0.0}
grid_gross|IS_gross|{"range_start": 1, "range_end": 5, "exit_time": 16, "commission": 0.0, "slip": 0.0}
grid_gross|IS_gross|{"range_start": 1, "range_end": 5, "exit_time": 17, "commission": 0.0, "slip": 0.0}
grid_gross|IS_gross|{"range_start": 1, "range_end": 5, "exit_time": 18, "commission": 0.0, "slip": 0.0}
grid_gross|IS_gross|{"range_start": 1, "range_end": 5, "commission": 0.0, "slip": 0.0}
grid_gross|IS_gross|{"range_start": 1, "range_end": 5, "exit_time": 21, "commission": 0.0, "slip": 0.0}
grid_gross|IS_gross|{"range_start": 1, "range_end": 5, "entry_end": 13, "exit_time": 14, "commission": 0.0, "slip": 0.0}
grid_gross|IS_gross|{"range_start": 1, "range_end": 5, "entry_end": 13, "exit_time": 16, "commission": 0.0, "slip": 0.0}
grid_gross|IS_gross|{"range_start": 1, "range_end": 5, "entry_end": 13, "exit_time": 17, "commission": 0.0, "slip": 0.0}
grid_gross|IS_gross|{"range_start": 1, "range_end": 5, "entry_end": 13, "exit_time": 18, "commission": 0.0, "slip": 0.0}
grid_gross|IS_gross|{"range_start": 1, "range_end": 5, "entry_end": 13, "commission": 0.0, "slip": 0.0}
grid_gross|IS_gross|{"range_start": 1, "range_end": 5, "entry_end": 13, "exit_time": 21, "commission": 0.0, "slip": 0.0}
grid_gross|IS_gross|{"range_start": 1, "range_end": 5, "entry_end": 14, "exit_time": 14, "commission": 0.0, "slip": 0.0}
grid_gross|IS_gross|{"range_start": 1, "range_end": 5, "entry_end": 15, "exit_time": 16, "commission": 0.0, "slip": 0.0}
grid_gross|IS_gross|{"range_start": 1, "range_end": 5, "entry_end": 15, "exit_time": 17, "commission": 0.0, "slip": 0.0}
grid_gross|IS_gross|{"range_start": 1, "range_end": 5, "entry_end": 15, "exit_time": 18, "commission": 0.0, "slip": 0.0}
grid_gross|IS_gross|{"range_start": 1, "range_end": 5, "entry_end": 15, "commission": 0.0, "slip": 0.0}
grid_gross|IS_gross|{"range_start": 1, "range_end": 5, "entry_end": 15, "exit_time": 21, "commission": 0.0, "slip": 0.0}
grid_gross|IS_gross|{"range_start": 1, "range_end": 6, "entry_end": 9, "exit_time": 12, "commission": 0.0, "slip": 0.0}
grid_gross|IS_gross|{"range_start": 1, "range_end": 6, "entry_end": 9, "exit_time": 14, "commission": 0.0, "slip": 0.0}
grid_gross|IS_gross|{"range_start": 1, "range_end": 6, "entry_end": 9, "exit_time": 16, "commission": 0.0, "slip": 0.0}
grid_gross|IS_gross|{"range_start": 1, "range_end": 6, "entry_end": 9, "exit_time": 17, "commission": 0.0, "slip": 0.0}
grid_gross|IS_gross|{"range_start": 1, "range_end": 6, "entry_end": 9, "exit_time": 18, "commission": 0.0, "slip": 0.0}
grid_gross|IS_gross|{"range_start": 1, "range_end": 6, "entry_end": 9, "commission": 0.0, "slip": 0.0}
grid_gross|IS_gross|{"range_start": 1, "range_end": 6, "entry_end": 9, "exit_time": 21, "commission": 0.0, "slip": 0.0}
grid_gross|IS_gross|{"range_start": 1, "range_end": 6, "entry_end": 10, "exit_time": 12, "commission": 0.0, "slip": 0.0}
grid_gross|IS_gross|{"range_start": 1, "range_end": 6, "entry_end": 10, "exit_time": 14, "commission": 0.0, "slip": 0.0}
grid_gross|IS_gross|{"range_start": 1, "range_end": 6, "entry_end": 10, "exit_time": 16, "commission": 0.0, "slip": 0.0}
grid_gross|IS_gross|{"range_start": 1, "range_end": 6, "entry_end": 10, "exit_time": 17, "commission": 0.0, "slip": 0.0}
grid_gross|IS_gross|{"range_start": 1, "range_end": 6, "entry_end": 10, "exit_time": 18, "commission": 0.0, "slip": 0.0}
grid_gross|IS_gross|{"range_start": 1, "range_end": 6, "entry_end": 10, "commission": 0.0, "slip": 0.0}
grid_gross|IS_gross|{"range_start": 1, "range_end": 6, "entry_end": 10, "exit_time": 21, "commission": 0.0, "slip": 0.0}
grid_gross|IS_gross|{"range_start": 1, "range_end": 6, "entry_end": 11, "exit_time": 12, "commission": 0.0, "slip": 0.0}
grid_gross|IS_gross|{"range_start": 1, "range_end": 6, "entry_end": 11, "exit_time": 14, "commission": 0.0, "slip": 0.0}
grid_gross|IS_gross|{"range_start": 1, "range_end": 6, "entry_end": 11, "exit_time": 16, "commission": 0.0, "slip": 0.0}
grid_gross|IS_gross|{"range_start": 1, "range_end": 6, "entry_end": 11, "exit_time": 17, "commission": 0.0, "slip": 0.0}
grid_gross|IS_gross|{"range_start": 1, "range_end": 6, "entry_end": 11, "exit_time": 18, "commission": 0.0, "slip": 0.0}
grid_gross|IS_gross|{"range_start": 1, "range_end": 6, "entry_end": 11, "commission": 0.0, "slip": 0.0}
grid_gross|IS_gross|{"range_start": 1, "range_end": 6, "entry_end": 11, "exit_time": 21, "commission": 0.0, "slip": 0.0}
grid_gross|IS_gross|{"range_start": 1, "range_end": 6, "exit_time": 12, "commission": 0.0, "slip": 0.0}
grid_gross|IS_gross|{"range_start": 1, "range_end": 6, "exit_time": 14, "commission": 0.0, "slip": 0.0}
grid_gross|IS_gross|{"range_start": 1, "range_end": 6, "exit_time": 16, "commission": 0.0, "slip": 0.0}
grid_gross|IS_gross|{"range_start": 1, "range_end": 6, "exit_time": 17, "commission": 0.0, "slip": 0.0}
grid_gross|IS_gross|{"range_start": 1, "range_end": 6, "exit_time": 18, "commission": 0.0, "slip": 0.0}
grid_gross|IS_gross|{"range_start": 1, "range_end": 6, "commission": 0.0, "slip": 0.0}
grid_gross|IS_gross|{"range_start": 1, "range_end": 6, "exit_time": 21, "commission": 0.0, "slip": 0.0}
grid_gross|IS_gross|{"range_start": 1, "range_end": 6, "entry_end": 13, "exit_time": 14, "commission": 0.0, "slip": 0.0}
grid_gross|IS_gross|{"range_start": 1, "range_end": 6, "entry_end": 13, "exit_time": 16, "commission": 0.0, "slip": 0.0}
grid_gross|IS_gross|{"range_start": 1, "range_end": 6, "entry_end": 13, "exit_time": 17, "commission": 0.0, "slip": 0.0}
grid_gross|IS_gross|{"range_start": 1, "range_end": 6, "entry_end": 13, "exit_time": 18, "commission": 0.0, "slip": 0.0}
grid_gross|IS_gross|{"range_start": 1, "range_end": 6, "entry_end": 13, "commission": 0.0, "slip": 0.0}
grid_gross|IS_gross|{"range_start": 1, "range_end": 6, "entry_end": 13, "exit_time": 21, "commission": 0.0, "slip": 0.0}
grid_gross|IS_gross|{"range_start": 1, "range_end": 6, "entry_end": 14, "exit_time": 14, "commission": 0.0, "slip": 0.0}
grid_gross|IS_gross|{"range_start": 1, "range_end": 6, "entry_end": 15, "exit_time": 16, "commission": 0.0, "slip": 0.0}
grid_gross|IS_gross|{"range_start": 1, "range_end": 6, "entry_end": 15, "exit_time": 17, "commission": 0.0, "slip": 0.0}
grid_gross|IS_gross|{"range_start": 1, "range_end": 6, "entry_end": 15, "exit_time": 18, "commission": 0.0, "slip": 0.0}
grid_gross|IS_gross|{"range_start": 1, "range_end": 6, "entry_end": 15, "commission": 0.0, "slip": 0.0}
grid_gross|IS_gross|{"range_start": 1, "range_end": 6, "entry_end": 15, "exit_time": 21, "commission": 0.0, "slip": 0.0}
grid_gross|IS_gross|{"range_start": 1, "entry_end": 9, "exit_time": 12, "commission": 0.0, "slip": 0.0}
grid_gross|IS_gross|{"range_start": 1, "entry_end": 9, "exit_time": 14, "commission": 0.0, "slip": 0.0}
grid_gross|IS_gross|{"range_start": 1, "entry_end": 9, "exit_time": 16, "commission": 0.0, "slip": 0.0}
grid_gross|IS_gross|{"range_start": 1, "entry_end": 9, "exit_time": 17, "commission": 0.0, "slip": 0.0}
grid_gross|IS_gross|{"range_start": 1, "entry_end": 9, "exit_time": 18, "commission": 0.0, "slip": 0.0}
grid_gross|IS_gross|{"range_start": 1, "entry_end": 9, "commission": 0.0, "slip": 0.0}
grid_gross|IS_gross|{"range_start": 1, "entry_end": 9, "exit_time": 21, "commission": 0.0, "slip": 0.0}
grid_gross|IS_gross|{"range_start": 1, "entry_end": 10, "exit_time": 12, "commission": 0.0, "slip": 0.0}
grid_gross|IS_gross|{"range_start": 1, "entry_end": 10, "exit_time": 14, "commission": 0.0, "slip": 0.0}
grid_gross|IS_gross|{"range_start": 1, "entry_end": 10, "exit_time": 16, "commission": 0.0, "slip": 0.0}
grid_gross|IS_gross|{"range_start": 1, "entry_end": 10, "exit_time": 17, "commission": 0.0, "slip": 0.0}
grid_gross|IS_gross|{"range_start": 1, "entry_end": 10, "exit_time": 18, "commission": 0.0, "slip": 0.0}
grid_gross|IS_gross|{"range_start": 1, "entry_end": 10, "commission": 0.0, "slip": 0.0}
grid_gross|IS_gross|{"range_start": 1, "entry_end": 10, "exit_time": 21, "commission": 0.0, "slip": 0.0}
grid_gross|IS_gross|{"range_start": 1, "entry_end": 11, "exit_time": 12, "commission": 0.0, "slip": 0.0}
grid_gross|IS_gross|{"range_start": 1, "entry_end": 11, "exit_time": 14, "commission": 0.0, "slip": 0.0}
grid_gross|IS_gross|{"range_start": 1, "entry_end": 11, "exit_time": 16, "commission": 0.0, "slip": 0.0}
grid_gross|IS_gross|{"range_start": 1, "entry_end": 11, "exit_time": 17, "commission": 0.0, "slip": 0.0}
grid_gross|IS_gross|{"range_start": 1, "entry_end": 11, "exit_time": 18, "commission": 0.0, "slip": 0.0}
grid_gross|IS_gross|{"range_start": 1, "entry_end": 11, "commission": 0.0, "slip": 0.0}
grid_gross|IS_gross|{"range_start": 1, "entry_end": 11, "exit_time": 21, "commission": 0.0, "slip": 0.0}
grid_gross|IS_gross|{"range_start": 1, "exit_time": 12, "commission": 0.0, "slip": 0.0}
grid_gross|IS_gross|{"range_start": 1, "exit_time": 14, "commission": 0.0, "slip": 0.0}
grid_gross|IS_gross|{"range_start": 1, "exit_time": 16, "commission": 0.0, "slip": 0.0}
grid_gross|IS_gross|{"range_start": 1, "exit_time": 17, "commission": 0.0, "slip": 0.0}
grid_gross|IS_gross|{"range_start": 1, "exit_time": 18, "commission": 0.0, "slip": 0.0}
grid_gross|IS_gross|{"range_start": 1, "commission": 0.0, "slip": 0.0}
grid_gross|IS_gross|{"range_start": 1, "exit_time": 21, "commission": 0.0, "slip": 0.0}
grid_gross|IS_gross|{"range_start": 1, "entry_end": 13, "exit_time": 14, "commission": 0.0, "slip": 0.0}
grid_gross|IS_gross|{"range_start": 1, "entry_end": 13, "exit_time": 16, "commission": 0.0, "slip": 0.0}
grid_gross|IS_gross|{"range_start": 1, "entry_end": 13, "exit_time": 17, "commission": 0.0, "slip": 0.0}
grid_gross|IS_gross|{"range_start": 1, "entry_end": 13, "exit_time": 18, "commission": 0.0, "slip": 0.0}
grid_gross|IS_gross|{"range_start": 1, "entry_end": 13, "commission": 0.0, "slip": 0.0}
grid_gross|IS_gross|{"range_start": 1, "entry_end": 13, "exit_time": 21, "commission": 0.0, "slip": 0.0}
grid_gross|IS_gross|{"range_start": 1, "entry_end": 14, "exit_time": 14, "commission": 0.0, "slip": 0.0}
grid_gross|IS_gross|{"range_start": 1, "entry_end": 15, "exit_time": 16, "commission": 0.0, "slip": 0.0}
grid_gross|IS_gross|{"range_start": 1, "entry_end": 15, "exit_time": 17, "commission": 0.0, "slip": 0.0}
grid_gross|IS_gross|{"range_start": 1, "entry_end": 15, "exit_time": 18, "commission": 0.0, "slip": 0.0}
grid_gross|IS_gross|{"range_start": 1, "entry_end": 15, "commission": 0.0, "slip": 0.0}
grid_gross|IS_gross|{"range_start": 1, "entry_end": 15, "exit_time": 21, "commission": 0.0, "slip": 0.0}
grid_gross|IS_gross|{"range_start": 1, "range_end": 8, "entry_end": 9, "exit_time": 12, "commission": 0.0, "slip": 0.0}
grid_gross|IS_gross|{"range_start": 1, "range_end": 8, "entry_end": 9, "exit_time": 14, "commission": 0.0, "slip": 0.0}
grid_gross|IS_gross|{"range_start": 1, "range_end": 8, "entry_end": 9, "exit_time": 16, "commission": 0.0, "slip": 0.0}
grid_gross|IS_gross|{"range_start": 1, "range_end": 8, "entry_end": 9, "exit_time": 17, "commission": 0.0, "slip": 0.0}
grid_gross|IS_gross|{"range_start": 1, "range_end": 8, "entry_end": 9, "exit_time": 18, "commission": 0.0, "slip": 0.0}
grid_gross|IS_gross|{"range_start": 1, "range_end": 8, "entry_end": 9, "commission": 0.0, "slip": 0.0}
grid_gross|IS_gross|{"range_start": 1, "range_end": 8, "entry_end": 9, "exit_time": 21, "commission": 0.0, "slip": 0.0}
grid_gross|IS_gross|{"range_start": 1, "range_end": 8, "entry_end": 10, "exit_time": 12, "commission": 0.0, "slip": 0.0}
grid_gross|IS_gross|{"range_start": 1, "range_end": 8, "entry_end": 10, "exit_time": 14, "commission": 0.0, "slip": 0.0}
grid_gross|IS_gross|{"range_start": 1, "range_end": 8, "entry_end": 10, "exit_time": 16, "commission": 0.0, "slip": 0.0}
grid_gross|IS_gross|{"range_start": 1, "range_end": 8, "entry_end": 10, "exit_time": 17, "commission": 0.0, "slip": 0.0}
grid_gross|IS_gross|{"range_start": 1, "range_end": 8, "entry_end": 10, "exit_time": 18, "commission": 0.0, "slip": 0.0}
grid_gross|IS_gross|{"range_start": 1, "range_end": 8, "entry_end": 10, "commission": 0.0, "slip": 0.0}
grid_gross|IS_gross|{"range_start": 1, "range_end": 8, "entry_end": 10, "exit_time": 21, "commission": 0.0, "slip": 0.0}
grid_gross|IS_gross|{"range_start": 1, "range_end": 8, "entry_end": 11, "exit_time": 12, "commission": 0.0, "slip": 0.0}
grid_gross|IS_gross|{"range_start": 1, "range_end": 8, "entry_end": 11, "exit_time": 14, "commission": 0.0, "slip": 0.0}
grid_gross|IS_gross|{"range_start": 1, "range_end": 8, "entry_end": 11, "exit_time": 16, "commission": 0.0, "slip": 0.0}
grid_gross|IS_gross|{"range_start": 1, "range_end": 8, "entry_end": 11, "exit_time": 17, "commission": 0.0, "slip": 0.0}
grid_gross|IS_gross|{"range_start": 1, "range_end": 8, "entry_end": 11, "exit_time": 18, "commission": 0.0, "slip": 0.0}
grid_gross|IS_gross|{"range_start": 1, "range_end": 8, "entry_end": 11, "commission": 0.0, "slip": 0.0}
grid_gross|IS_gross|{"range_start": 1, "range_end": 8, "entry_end": 11, "exit_time": 21, "commission": 0.0, "slip": 0.0}
grid_gross|IS_gross|{"range_start": 1, "range_end": 8, "exit_time": 12, "commission": 0.0, "slip": 0.0}
grid_gross|IS_gross|{"range_start": 1, "range_end": 8, "exit_time": 14, "commission": 0.0, "slip": 0.0}
grid_gross|IS_gross|{"range_start": 1, "range_end": 8, "exit_time": 16, "commission": 0.0, "slip": 0.0}
grid_gross|IS_gross|{"range_start": 1, "range_end": 8, "exit_time": 17, "commission": 0.0, "slip": 0.0}
grid_gross|IS_gross|{"range_start": 1, "range_end": 8, "exit_time": 18, "commission": 0.0, "slip": 0.0}
grid_gross|IS_gross|{"range_start": 1, "range_end": 8, "commission": 0.0, "slip": 0.0}
grid_gross|IS_gross|{"range_start": 1, "range_end": 8, "exit_time": 21, "commission": 0.0, "slip": 0.0}
grid_gross|IS_gross|{"range_start": 1, "range_end": 8, "entry_end": 13, "exit_time": 14, "commission": 0.0, "slip": 0.0}
grid_gross|IS_gross|{"range_start": 1, "range_end": 8, "entry_end": 13, "exit_time": 16, "commission": 0.0, "slip": 0.0}
grid_gross|IS_gross|{"range_start": 1, "range_end": 8, "entry_end": 13, "exit_time": 17, "commission": 0.0, "slip": 0.0}
grid_gross|IS_gross|{"range_start": 1, "range_end": 8, "entry_end": 13, "exit_time": 18, "commission": 0.0, "slip": 0.0}
grid_gross|IS_gross|{"range_start": 1, "range_end": 8, "entry_end": 13, "commission": 0.0, "slip": 0.0}
grid_gross|IS_gross|{"range_start": 1, "range_end": 8, "entry_end": 13, "exit_time": 21, "commission": 0.0, "slip": 0.0}
grid_gross|IS_gross|{"range_start": 1, "range_end": 8, "entry_end": 14, "exit_time": 14, "commission": 0.0, "slip": 0.0}
grid_gross|IS_gross|{"range_start": 1, "range_end": 8, "entry_end": 15, "exit_time": 16, "commission": 0.0, "slip": 0.0}
grid_gross|IS_gross|{"range_start": 1, "range_end": 8, "entry_end": 15, "exit_time": 17, "commission": 0.0, "slip": 0.0}
grid_gross|IS_gross|{"range_start": 1, "range_end": 8, "entry_end": 15, "exit_time": 18, "commission": 0.0, "slip": 0.0}
grid_gross|IS_gross|{"range_start": 1, "range_end": 8, "entry_end": 15, "commission": 0.0, "slip": 0.0}
grid_gross|IS_gross|{"range_start": 1, "range_end": 8, "entry_end": 15, "exit_time": 21, "commission": 0.0, "slip": 0.0}
grid_gross|IS_gross|{"range_start": 1, "range_end": 9, "entry_end": 10, "exit_time": 12, "commission": 0.0, "slip": 0.0}
grid_gross|IS_gross|{"range_start": 1, "range_end": 9, "entry_end": 10, "exit_time": 14, "commission": 0.0, "slip": 0.0}
grid_gross|IS_gross|{"range_start": 1, "range_end": 9, "entry_end": 10, "exit_time": 16, "commission": 0.0, "slip": 0.0}
grid_gross|IS_gross|{"range_start": 1, "range_end": 9, "entry_end": 10, "exit_time": 17, "commission": 0.0, "slip": 0.0}
grid_gross|IS_gross|{"range_start": 1, "range_end": 9, "entry_end": 10, "exit_time": 18, "commission": 0.0, "slip": 0.0}
grid_gross|IS_gross|{"range_start": 1, "range_end": 9, "entry_end": 10, "commission": 0.0, "slip": 0.0}
grid_gross|IS_gross|{"range_start": 1, "range_end": 9, "entry_end": 10, "exit_time": 21, "commission": 0.0, "slip": 0.0}
grid_gross|IS_gross|{"range_start": 1, "range_end": 9, "entry_end": 11, "exit_time": 12, "commission": 0.0, "slip": 0.0}
grid_gross|IS_gross|{"range_start": 1, "range_end": 9, "entry_end": 11, "exit_time": 14, "commission": 0.0, "slip": 0.0}
grid_gross|IS_gross|{"range_start": 1, "range_end": 9, "entry_end": 11, "exit_time": 16, "commission": 0.0, "slip": 0.0}
grid_gross|IS_gross|{"range_start": 1, "range_end": 9, "entry_end": 11, "exit_time": 17, "commission": 0.0, "slip": 0.0}
grid_gross|IS_gross|{"range_start": 1, "range_end": 9, "entry_end": 11, "exit_time": 18, "commission": 0.0, "slip": 0.0}
grid_gross|IS_gross|{"range_start": 1, "range_end": 9, "entry_end": 11, "commission": 0.0, "slip": 0.0}
grid_gross|IS_gross|{"range_start": 1, "range_end": 9, "entry_end": 11, "exit_time": 21, "commission": 0.0, "slip": 0.0}
grid_gross|IS_gross|{"range_start": 1, "range_end": 9, "exit_time": 12, "commission": 0.0, "slip": 0.0}
grid_gross|IS_gross|{"range_start": 1, "range_end": 9, "exit_time": 14, "commission": 0.0, "slip": 0.0}
grid_gross|IS_gross|{"range_start": 1, "range_end": 9, "exit_time": 16, "commission": 0.0, "slip": 0.0}
grid_gross|IS_gross|{"range_start": 1, "range_end": 9, "exit_time": 17, "commission": 0.0, "slip": 0.0}
grid_gross|IS_gross|{"range_start": 1, "range_end": 9, "exit_time": 18, "commission": 0.0, "slip": 0.0}
grid_gross|IS_gross|{"range_start": 1, "range_end": 9, "commission": 0.0, "slip": 0.0}
grid_gross|IS_gross|{"range_start": 1, "range_end": 9, "exit_time": 21, "commission": 0.0, "slip": 0.0}
grid_gross|IS_gross|{"range_start": 1, "range_end": 9, "entry_end": 13, "exit_time": 14, "commission": 0.0, "slip": 0.0}
grid_gross|IS_gross|{"range_start": 1, "range_end": 9, "entry_end": 13, "exit_time": 16, "commission": 0.0, "slip": 0.0}
grid_gross|IS_gross|{"range_start": 1, "range_end": 9, "entry_end": 13, "exit_time": 17, "commission": 0.0, "slip": 0.0}
grid_gross|IS_gross|{"range_start": 1, "range_end": 9, "entry_end": 13, "exit_time": 18, "commission": 0.0, "slip": 0.0}
grid_gross|IS_gross|{"range_start": 1, "range_end": 9, "entry_end": 13, "commission": 0.0, "slip": 0.0}
grid_gross|IS_gross|{"range_start": 1, "range_end": 9, "entry_end": 13, "exit_time": 21, "commission": 0.0, "slip": 0.0}
grid_gross|IS_gross|{"range_start": 1, "range_end": 9, "entry_end": 14, "exit_time": 14, "commission": 0.0, "slip": 0.0}
grid_gross|IS_gross|{"range_start": 1, "range_end": 9, "entry_end": 15, "exit_time": 16, "commission": 0.0, "slip": 0.0}
grid_gross|IS_gross|{"range_start": 1, "range_end": 9, "entry_end": 15, "exit_time": 17, "commission": 0.0, "slip": 0.0}
grid_gross|IS_gross|{"range_start": 1, "range_end": 9, "entry_end": 15, "exit_time": 18, "commission": 0.0, "slip": 0.0}
grid_gross|IS_gross|{"range_start": 1, "range_end": 9, "entry_end": 15, "commission": 0.0, "slip": 0.0}
grid_gross|IS_gross|{"range_start": 1, "range_end": 9, "entry_end": 15, "exit_time": 21, "commission": 0.0, "slip": 0.0}
grid_gross|IS_gross|{"range_start": 2, "range_end": 5, "entry_end": 9, "exit_time": 12, "commission": 0.0, "slip": 0.0}
grid_gross|IS_gross|{"range_start": 2, "range_end": 5, "entry_end": 9, "exit_time": 14, "commission": 0.0, "slip": 0.0}
grid_gross|IS_gross|{"range_start": 2, "range_end": 5, "entry_end": 9, "exit_time": 16, "commission": 0.0, "slip": 0.0}
grid_gross|IS_gross|{"range_start": 2, "range_end": 5, "entry_end": 9, "exit_time": 17, "commission": 0.0, "slip": 0.0}
grid_gross|IS_gross|{"range_start": 2, "range_end": 5, "entry_end": 9, "exit_time": 18, "commission": 0.0, "slip": 0.0}
grid_gross|IS_gross|{"range_start": 2, "range_end": 5, "entry_end": 9, "commission": 0.0, "slip": 0.0}
grid_gross|IS_gross|{"range_start": 2, "range_end": 5, "entry_end": 9, "exit_time": 21, "commission": 0.0, "slip": 0.0}
grid_gross|IS_gross|{"range_start": 2, "range_end": 5, "entry_end": 10, "exit_time": 12, "commission": 0.0, "slip": 0.0}
grid_gross|IS_gross|{"range_start": 2, "range_end": 5, "entry_end": 10, "exit_time": 14, "commission": 0.0, "slip": 0.0}
grid_gross|IS_gross|{"range_start": 2, "range_end": 5, "entry_end": 10, "exit_time": 16, "commission": 0.0, "slip": 0.0}
grid_gross|IS_gross|{"range_start": 2, "range_end": 5, "entry_end": 10, "exit_time": 17, "commission": 0.0, "slip": 0.0}
grid_gross|IS_gross|{"range_start": 2, "range_end": 5, "entry_end": 10, "exit_time": 18, "commission": 0.0, "slip": 0.0}
grid_gross|IS_gross|{"range_start": 2, "range_end": 5, "entry_end": 10, "commission": 0.0, "slip": 0.0}
grid_gross|IS_gross|{"range_start": 2, "range_end": 5, "entry_end": 10, "exit_time": 21, "commission": 0.0, "slip": 0.0}
grid_gross|IS_gross|{"range_start": 2, "range_end": 5, "entry_end": 11, "exit_time": 12, "commission": 0.0, "slip": 0.0}
grid_gross|IS_gross|{"range_start": 2, "range_end": 5, "entry_end": 11, "exit_time": 14, "commission": 0.0, "slip": 0.0}
grid_gross|IS_gross|{"range_start": 2, "range_end": 5, "entry_end": 11, "exit_time": 16, "commission": 0.0, "slip": 0.0}
grid_gross|IS_gross|{"range_start": 2, "range_end": 5, "entry_end": 11, "exit_time": 17, "commission": 0.0, "slip": 0.0}
grid_gross|IS_gross|{"range_start": 2, "range_end": 5, "entry_end": 11, "exit_time": 18, "commission": 0.0, "slip": 0.0}
grid_gross|IS_gross|{"range_start": 2, "range_end": 5, "entry_end": 11, "commission": 0.0, "slip": 0.0}
grid_gross|IS_gross|{"range_start": 2, "range_end": 5, "entry_end": 11, "exit_time": 21, "commission": 0.0, "slip": 0.0}
grid_gross|IS_gross|{"range_start": 2, "range_end": 5, "exit_time": 12, "commission": 0.0, "slip": 0.0}
grid_gross|IS_gross|{"range_start": 2, "range_end": 5, "exit_time": 14, "commission": 0.0, "slip": 0.0}
grid_gross|IS_gross|{"range_start": 2, "range_end": 5, "exit_time": 16, "commission": 0.0, "slip": 0.0}
grid_gross|IS_gross|{"range_start": 2, "range_end": 5, "exit_time": 17, "commission": 0.0, "slip": 0.0}
grid_gross|IS_gross|{"range_start": 2, "range_end": 5, "exit_time": 18, "commission": 0.0, "slip": 0.0}
grid_gross|IS_gross|{"range_start": 2, "range_end": 5, "commission": 0.0, "slip": 0.0}
grid_gross|IS_gross|{"range_start": 2, "range_end": 5, "exit_time": 21, "commission": 0.0, "slip": 0.0}
grid_gross|IS_gross|{"range_start": 2, "range_end": 5, "entry_end": 13, "exit_time": 14, "commission": 0.0, "slip": 0.0}
grid_gross|IS_gross|{"range_start": 2, "range_end": 5, "entry_end": 13, "exit_time": 16, "commission": 0.0, "slip": 0.0}
grid_gross|IS_gross|{"range_start": 2, "range_end": 5, "entry_end": 13, "exit_time": 17, "commission": 0.0, "slip": 0.0}
grid_gross|IS_gross|{"range_start": 2, "range_end": 5, "entry_end": 13, "exit_time": 18, "commission": 0.0, "slip": 0.0}
grid_gross|IS_gross|{"range_start": 2, "range_end": 5, "entry_end": 13, "commission": 0.0, "slip": 0.0}
grid_gross|IS_gross|{"range_start": 2, "range_end": 5, "entry_end": 13, "exit_time": 21, "commission": 0.0, "slip": 0.0}
grid_gross|IS_gross|{"range_start": 2, "range_end": 5, "entry_end": 14, "exit_time": 14, "commission": 0.0, "slip": 0.0}
grid_gross|IS_gross|{"range_start": 2, "range_end": 5, "entry_end": 15, "exit_time": 16, "commission": 0.0, "slip": 0.0}
grid_gross|IS_gross|{"range_start": 2, "range_end": 5, "entry_end": 15, "exit_time": 17, "commission": 0.0, "slip": 0.0}
grid_gross|IS_gross|{"range_start": 2, "range_end": 5, "entry_end": 15, "exit_time": 18, "commission": 0.0, "slip": 0.0}
grid_gross|IS_gross|{"range_start": 2, "range_end": 5, "entry_end": 15, "commission": 0.0, "slip": 0.0}
grid_gross|IS_gross|{"range_start": 2, "range_end": 5, "entry_end": 15, "exit_time": 21, "commission": 0.0, "slip": 0.0}
grid_gross|IS_gross|{"range_start": 2, "range_end": 6, "entry_end": 9, "exit_time": 12, "commission": 0.0, "slip": 0.0}
grid_gross|IS_gross|{"range_start": 2, "range_end": 6, "entry_end": 9, "exit_time": 14, "commission": 0.0, "slip": 0.0}
grid_gross|IS_gross|{"range_start": 2, "range_end": 6, "entry_end": 9, "exit_time": 16, "commission": 0.0, "slip": 0.0}
grid_gross|IS_gross|{"range_start": 2, "range_end": 6, "entry_end": 9, "exit_time": 17, "commission": 0.0, "slip": 0.0}
grid_gross|IS_gross|{"range_start": 2, "range_end": 6, "entry_end": 9, "exit_time": 18, "commission": 0.0, "slip": 0.0}
grid_gross|IS_gross|{"range_start": 2, "range_end": 6, "entry_end": 9, "commission": 0.0, "slip": 0.0}
grid_gross|IS_gross|{"range_start": 2, "range_end": 6, "entry_end": 9, "exit_time": 21, "commission": 0.0, "slip": 0.0}
grid_gross|IS_gross|{"range_start": 2, "range_end": 6, "entry_end": 10, "exit_time": 12, "commission": 0.0, "slip": 0.0}
grid_gross|IS_gross|{"range_start": 2, "range_end": 6, "entry_end": 10, "exit_time": 14, "commission": 0.0, "slip": 0.0}
grid_gross|IS_gross|{"range_start": 2, "range_end": 6, "entry_end": 10, "exit_time": 16, "commission": 0.0, "slip": 0.0}
grid_gross|IS_gross|{"range_start": 2, "range_end": 6, "entry_end": 10, "exit_time": 17, "commission": 0.0, "slip": 0.0}
grid_gross|IS_gross|{"range_start": 2, "range_end": 6, "entry_end": 10, "exit_time": 18, "commission": 0.0, "slip": 0.0}
grid_gross|IS_gross|{"range_start": 2, "range_end": 6, "entry_end": 10, "commission": 0.0, "slip": 0.0}
grid_gross|IS_gross|{"range_start": 2, "range_end": 6, "entry_end": 10, "exit_time": 21, "commission": 0.0, "slip": 0.0}
grid_gross|IS_gross|{"range_start": 2, "range_end": 6, "entry_end": 11, "exit_time": 12, "commission": 0.0, "slip": 0.0}
grid_gross|IS_gross|{"range_start": 2, "range_end": 6, "entry_end": 11, "exit_time": 14, "commission": 0.0, "slip": 0.0}
grid_gross|IS_gross|{"range_start": 2, "range_end": 6, "entry_end": 11, "exit_time": 16, "commission": 0.0, "slip": 0.0}
grid_gross|IS_gross|{"range_start": 2, "range_end": 6, "entry_end": 11, "exit_time": 17, "commission": 0.0, "slip": 0.0}
grid_gross|IS_gross|{"range_start": 2, "range_end": 6, "entry_end": 11, "exit_time": 18, "commission": 0.0, "slip": 0.0}
grid_gross|IS_gross|{"range_start": 2, "range_end": 6, "entry_end": 11, "commission": 0.0, "slip": 0.0}
grid_gross|IS_gross|{"range_start": 2, "range_end": 6, "entry_end": 11, "exit_time": 21, "commission": 0.0, "slip": 0.0}
grid_gross|IS_gross|{"range_start": 2, "range_end": 6, "exit_time": 12, "commission": 0.0, "slip": 0.0}
grid_gross|IS_gross|{"range_start": 2, "range_end": 6, "exit_time": 14, "commission": 0.0, "slip": 0.0}
grid_gross|IS_gross|{"range_start": 2, "range_end": 6, "exit_time": 16, "commission": 0.0, "slip": 0.0}
grid_gross|IS_gross|{"range_start": 2, "range_end": 6, "exit_time": 17, "commission": 0.0, "slip": 0.0}
grid_gross|IS_gross|{"range_start": 2, "range_end": 6, "exit_time": 18, "commission": 0.0, "slip": 0.0}
grid_gross|IS_gross|{"range_start": 2, "range_end": 6, "commission": 0.0, "slip": 0.0}
grid_gross|IS_gross|{"range_start": 2, "range_end": 6, "exit_time": 21, "commission": 0.0, "slip": 0.0}
grid_gross|IS_gross|{"range_start": 2, "range_end": 6, "entry_end": 13, "exit_time": 14, "commission": 0.0, "slip": 0.0}
grid_gross|IS_gross|{"range_start": 2, "range_end": 6, "entry_end": 13, "exit_time": 16, "commission": 0.0, "slip": 0.0}
grid_gross|IS_gross|{"range_start": 2, "range_end": 6, "entry_end": 13, "exit_time": 17, "commission": 0.0, "slip": 0.0}
grid_gross|IS_gross|{"range_start": 2, "range_end": 6, "entry_end": 13, "exit_time": 18, "commission": 0.0, "slip": 0.0}
grid_gross|IS_gross|{"range_start": 2, "range_end": 6, "entry_end": 13, "commission": 0.0, "slip": 0.0}
grid_gross|IS_gross|{"range_start": 2, "range_end": 6, "entry_end": 13, "exit_time": 21, "commission": 0.0, "slip": 0.0}
grid_gross|IS_gross|{"range_start": 2, "range_end": 6, "entry_end": 14, "exit_time": 14, "commission": 0.0, "slip": 0.0}
grid_gross|IS_gross|{"range_start": 2, "range_end": 6, "entry_end": 15, "exit_time": 16, "commission": 0.0, "slip": 0.0}
grid_gross|IS_gross|{"range_start": 2, "range_end": 6, "entry_end": 15, "exit_time": 17, "commission": 0.0, "slip": 0.0}
grid_gross|IS_gross|{"range_start": 2, "range_end": 6, "entry_end": 15, "exit_time": 18, "commission": 0.0, "slip": 0.0}
grid_gross|IS_gross|{"range_start": 2, "range_end": 6, "entry_end": 15, "commission": 0.0, "slip": 0.0}
grid_gross|IS_gross|{"range_start": 2, "range_end": 6, "entry_end": 15, "exit_time": 21, "commission": 0.0, "slip": 0.0}
grid_gross|IS_gross|{"range_start": 2, "entry_end": 9, "exit_time": 12, "commission": 0.0, "slip": 0.0}
grid_gross|IS_gross|{"range_start": 2, "entry_end": 9, "exit_time": 14, "commission": 0.0, "slip": 0.0}
grid_gross|IS_gross|{"range_start": 2, "entry_end": 9, "exit_time": 16, "commission": 0.0, "slip": 0.0}
grid_gross|IS_gross|{"range_start": 2, "entry_end": 9, "exit_time": 17, "commission": 0.0, "slip": 0.0}
grid_gross|IS_gross|{"range_start": 2, "entry_end": 9, "exit_time": 18, "commission": 0.0, "slip": 0.0}
grid_gross|IS_gross|{"range_start": 2, "entry_end": 9, "commission": 0.0, "slip": 0.0}
grid_gross|IS_gross|{"range_start": 2, "entry_end": 9, "exit_time": 21, "commission": 0.0, "slip": 0.0}
grid_gross|IS_gross|{"range_start": 2, "entry_end": 10, "exit_time": 12, "commission": 0.0, "slip": 0.0}
grid_gross|IS_gross|{"range_start": 2, "entry_end": 10, "exit_time": 14, "commission": 0.0, "slip": 0.0}
grid_gross|IS_gross|{"range_start": 2, "entry_end": 10, "exit_time": 16, "commission": 0.0, "slip": 0.0}
grid_gross|IS_gross|{"range_start": 2, "entry_end": 10, "exit_time": 17, "commission": 0.0, "slip": 0.0}
grid_gross|IS_gross|{"range_start": 2, "entry_end": 10, "exit_time": 18, "commission": 0.0, "slip": 0.0}
grid_gross|IS_gross|{"range_start": 2, "entry_end": 10, "commission": 0.0, "slip": 0.0}
grid_gross|IS_gross|{"range_start": 2, "entry_end": 10, "exit_time": 21, "commission": 0.0, "slip": 0.0}
grid_gross|IS_gross|{"range_start": 2, "entry_end": 11, "exit_time": 12, "commission": 0.0, "slip": 0.0}
grid_gross|IS_gross|{"range_start": 2, "entry_end": 11, "exit_time": 14, "commission": 0.0, "slip": 0.0}
grid_gross|IS_gross|{"range_start": 2, "entry_end": 11, "exit_time": 16, "commission": 0.0, "slip": 0.0}
grid_gross|IS_gross|{"range_start": 2, "entry_end": 11, "exit_time": 17, "commission": 0.0, "slip": 0.0}
grid_gross|IS_gross|{"range_start": 2, "entry_end": 11, "exit_time": 18, "commission": 0.0, "slip": 0.0}
grid_gross|IS_gross|{"range_start": 2, "entry_end": 11, "commission": 0.0, "slip": 0.0}
grid_gross|IS_gross|{"range_start": 2, "entry_end": 11, "exit_time": 21, "commission": 0.0, "slip": 0.0}
grid_gross|IS_gross|{"range_start": 2, "exit_time": 12, "commission": 0.0, "slip": 0.0}
grid_gross|IS_gross|{"range_start": 2, "exit_time": 14, "commission": 0.0, "slip": 0.0}
grid_gross|IS_gross|{"range_start": 2, "exit_time": 16, "commission": 0.0, "slip": 0.0}
grid_gross|IS_gross|{"range_start": 2, "exit_time": 17, "commission": 0.0, "slip": 0.0}
grid_gross|IS_gross|{"range_start": 2, "exit_time": 18, "commission": 0.0, "slip": 0.0}
grid_gross|IS_gross|{"range_start": 2, "commission": 0.0, "slip": 0.0}
grid_gross|IS_gross|{"range_start": 2, "exit_time": 21, "commission": 0.0, "slip": 0.0}
grid_gross|IS_gross|{"range_start": 2, "entry_end": 13, "exit_time": 14, "commission": 0.0, "slip": 0.0}
grid_gross|IS_gross|{"range_start": 2, "entry_end": 13, "exit_time": 16, "commission": 0.0, "slip": 0.0}
grid_gross|IS_gross|{"range_start": 2, "entry_end": 13, "exit_time": 17, "commission": 0.0, "slip": 0.0}
grid_gross|IS_gross|{"range_start": 2, "entry_end": 13, "exit_time": 18, "commission": 0.0, "slip": 0.0}
grid_gross|IS_gross|{"range_start": 2, "entry_end": 13, "commission": 0.0, "slip": 0.0}
grid_gross|IS_gross|{"range_start": 2, "entry_end": 13, "exit_time": 21, "commission": 0.0, "slip": 0.0}
grid_gross|IS_gross|{"range_start": 2, "entry_end": 14, "exit_time": 14, "commission": 0.0, "slip": 0.0}
grid_gross|IS_gross|{"range_start": 2, "entry_end": 15, "exit_time": 16, "commission": 0.0, "slip": 0.0}
grid_gross|IS_gross|{"range_start": 2, "entry_end": 15, "exit_time": 17, "commission": 0.0, "slip": 0.0}
grid_gross|IS_gross|{"range_start": 2, "entry_end": 15, "exit_time": 18, "commission": 0.0, "slip": 0.0}
grid_gross|IS_gross|{"range_start": 2, "entry_end": 15, "commission": 0.0, "slip": 0.0}
grid_gross|IS_gross|{"range_start": 2, "entry_end": 15, "exit_time": 21, "commission": 0.0, "slip": 0.0}
grid_gross|IS_gross|{"range_start": 2, "range_end": 8, "entry_end": 9, "exit_time": 12, "commission": 0.0, "slip": 0.0}
grid_gross|IS_gross|{"range_start": 2, "range_end": 8, "entry_end": 9, "exit_time": 14, "commission": 0.0, "slip": 0.0}
grid_gross|IS_gross|{"range_start": 2, "range_end": 8, "entry_end": 9, "exit_time": 16, "commission": 0.0, "slip": 0.0}
grid_gross|IS_gross|{"range_start": 2, "range_end": 8, "entry_end": 9, "exit_time": 17, "commission": 0.0, "slip": 0.0}
grid_gross|IS_gross|{"range_start": 2, "range_end": 8, "entry_end": 9, "exit_time": 18, "commission": 0.0, "slip": 0.0}
grid_gross|IS_gross|{"range_start": 2, "range_end": 8, "entry_end": 9, "commission": 0.0, "slip": 0.0}
grid_gross|IS_gross|{"range_start": 2, "range_end": 8, "entry_end": 9, "exit_time": 21, "commission": 0.0, "slip": 0.0}
grid_gross|IS_gross|{"range_start": 2, "range_end": 8, "entry_end": 10, "exit_time": 12, "commission": 0.0, "slip": 0.0}
grid_gross|IS_gross|{"range_start": 2, "range_end": 8, "entry_end": 10, "exit_time": 14, "commission": 0.0, "slip": 0.0}
grid_gross|IS_gross|{"range_start": 2, "range_end": 8, "entry_end": 10, "exit_time": 16, "commission": 0.0, "slip": 0.0}
grid_gross|IS_gross|{"range_start": 2, "range_end": 8, "entry_end": 10, "exit_time": 17, "commission": 0.0, "slip": 0.0}
grid_gross|IS_gross|{"range_start": 2, "range_end": 8, "entry_end": 10, "exit_time": 18, "commission": 0.0, "slip": 0.0}
grid_gross|IS_gross|{"range_start": 2, "range_end": 8, "entry_end": 10, "commission": 0.0, "slip": 0.0}
grid_gross|IS_gross|{"range_start": 2, "range_end": 8, "entry_end": 10, "exit_time": 21, "commission": 0.0, "slip": 0.0}
grid_gross|IS_gross|{"range_start": 2, "range_end": 8, "entry_end": 11, "exit_time": 12, "commission": 0.0, "slip": 0.0}
grid_gross|IS_gross|{"range_start": 2, "range_end": 8, "entry_end": 11, "exit_time": 14, "commission": 0.0, "slip": 0.0}
grid_gross|IS_gross|{"range_start": 2, "range_end": 8, "entry_end": 11, "exit_time": 16, "commission": 0.0, "slip": 0.0}
grid_gross|IS_gross|{"range_start": 2, "range_end": 8, "entry_end": 11, "exit_time": 17, "commission": 0.0, "slip": 0.0}
grid_gross|IS_gross|{"range_start": 2, "range_end": 8, "entry_end": 11, "exit_time": 18, "commission": 0.0, "slip": 0.0}
grid_gross|IS_gross|{"range_start": 2, "range_end": 8, "entry_end": 11, "commission": 0.0, "slip": 0.0}
grid_gross|IS_gross|{"range_start": 2, "range_end": 8, "entry_end": 11, "exit_time": 21, "commission": 0.0, "slip": 0.0}
grid_gross|IS_gross|{"range_start": 2, "range_end": 8, "exit_time": 12, "commission": 0.0, "slip": 0.0}
grid_gross|IS_gross|{"range_start": 2, "range_end": 8, "exit_time": 14, "commission": 0.0, "slip": 0.0}
grid_gross|IS_gross|{"range_start": 2, "range_end": 8, "exit_time": 16, "commission": 0.0, "slip": 0.0}
grid_gross|IS_gross|{"range_start": 2, "range_end": 8, "exit_time": 17, "commission": 0.0, "slip": 0.0}
grid_gross|IS_gross|{"range_start": 2, "range_end": 8, "exit_time": 18, "commission": 0.0, "slip": 0.0}
grid_gross|IS_gross|{"range_start": 2, "range_end": 8, "commission": 0.0, "slip": 0.0}
grid_gross|IS_gross|{"range_start": 2, "range_end": 8, "exit_time": 21, "commission": 0.0, "slip": 0.0}
grid_gross|IS_gross|{"range_start": 2, "range_end": 8, "entry_end": 13, "exit_time": 14, "commission": 0.0, "slip": 0.0}
grid_gross|IS_gross|{"range_start": 2, "range_end": 8, "entry_end": 13, "exit_time": 16, "commission": 0.0, "slip": 0.0}
grid_gross|IS_gross|{"range_start": 2, "range_end": 8, "entry_end": 13, "exit_time": 17, "commission": 0.0, "slip": 0.0}
grid_gross|IS_gross|{"range_start": 2, "range_end": 8, "entry_end": 13, "exit_time": 18, "commission": 0.0, "slip": 0.0}
grid_gross|IS_gross|{"range_start": 2, "range_end": 8, "entry_end": 13, "commission": 0.0, "slip": 0.0}
grid_gross|IS_gross|{"range_start": 2, "range_end": 8, "entry_end": 13, "exit_time": 21, "commission": 0.0, "slip": 0.0}
grid_gross|IS_gross|{"range_start": 2, "range_end": 8, "entry_end": 14, "exit_time": 14, "commission": 0.0, "slip": 0.0}
grid_gross|IS_gross|{"range_start": 2, "range_end": 8, "entry_end": 15, "exit_time": 16, "commission": 0.0, "slip": 0.0}
grid_gross|IS_gross|{"range_start": 2, "range_end": 8, "entry_end": 15, "exit_time": 17, "commission": 0.0, "slip": 0.0}
grid_gross|IS_gross|{"range_start": 2, "range_end": 8, "entry_end": 15, "exit_time": 18, "commission": 0.0, "slip": 0.0}
grid_gross|IS_gross|{"range_start": 2, "range_end": 8, "entry_end": 15, "commission": 0.0, "slip": 0.0}
grid_gross|IS_gross|{"range_start": 2, "range_end": 8, "entry_end": 15, "exit_time": 21, "commission": 0.0, "slip": 0.0}
grid_gross|IS_gross|{"range_start": 2, "range_end": 9, "entry_end": 10, "exit_time": 12, "commission": 0.0, "slip": 0.0}
grid_gross|IS_gross|{"range_start": 2, "range_end": 9, "entry_end": 10, "exit_time": 14, "commission": 0.0, "slip": 0.0}
grid_gross|IS_gross|{"range_start": 2, "range_end": 9, "entry_end": 10, "exit_time": 16, "commission": 0.0, "slip": 0.0}
grid_gross|IS_gross|{"range_start": 2, "range_end": 9, "entry_end": 10, "exit_time": 17, "commission": 0.0, "slip": 0.0}
grid_gross|IS_gross|{"range_start": 2, "range_end": 9, "entry_end": 10, "exit_time": 18, "commission": 0.0, "slip": 0.0}
grid_gross|IS_gross|{"range_start": 2, "range_end": 9, "entry_end": 10, "commission": 0.0, "slip": 0.0}
grid_gross|IS_gross|{"range_start": 2, "range_end": 9, "entry_end": 10, "exit_time": 21, "commission": 0.0, "slip": 0.0}
grid_gross|IS_gross|{"range_start": 2, "range_end": 9, "entry_end": 11, "exit_time": 12, "commission": 0.0, "slip": 0.0}
grid_gross|IS_gross|{"range_start": 2, "range_end": 9, "entry_end": 11, "exit_time": 14, "commission": 0.0, "slip": 0.0}
grid_gross|IS_gross|{"range_start": 2, "range_end": 9, "entry_end": 11, "exit_time": 16, "commission": 0.0, "slip": 0.0}
grid_gross|IS_gross|{"range_start": 2, "range_end": 9, "entry_end": 11, "exit_time": 17, "commission": 0.0, "slip": 0.0}
grid_gross|IS_gross|{"range_start": 2, "range_end": 9, "entry_end": 11, "exit_time": 18, "commission": 0.0, "slip": 0.0}
grid_gross|IS_gross|{"range_start": 2, "range_end": 9, "entry_end": 11, "commission": 0.0, "slip": 0.0}
grid_gross|IS_gross|{"range_start": 2, "range_end": 9, "entry_end": 11, "exit_time": 21, "commission": 0.0, "slip": 0.0}
grid_gross|IS_gross|{"range_start": 2, "range_end": 9, "exit_time": 12, "commission": 0.0, "slip": 0.0}
grid_gross|IS_gross|{"range_start": 2, "range_end": 9, "exit_time": 14, "commission": 0.0, "slip": 0.0}
grid_gross|IS_gross|{"range_start": 2, "range_end": 9, "exit_time": 16, "commission": 0.0, "slip": 0.0}
grid_gross|IS_gross|{"range_start": 2, "range_end": 9, "exit_time": 17, "commission": 0.0, "slip": 0.0}
grid_gross|IS_gross|{"range_start": 2, "range_end": 9, "exit_time": 18, "commission": 0.0, "slip": 0.0}
grid_gross|IS_gross|{"range_start": 2, "range_end": 9, "commission": 0.0, "slip": 0.0}
grid_gross|IS_gross|{"range_start": 2, "range_end": 9, "exit_time": 21, "commission": 0.0, "slip": 0.0}
grid_gross|IS_gross|{"range_start": 2, "range_end": 9, "entry_end": 13, "exit_time": 14, "commission": 0.0, "slip": 0.0}
grid_gross|IS_gross|{"range_start": 2, "range_end": 9, "entry_end": 13, "exit_time": 16, "commission": 0.0, "slip": 0.0}
grid_gross|IS_gross|{"range_start": 2, "range_end": 9, "entry_end": 13, "exit_time": 17, "commission": 0.0, "slip": 0.0}
grid_gross|IS_gross|{"range_start": 2, "range_end": 9, "entry_end": 13, "exit_time": 18, "commission": 0.0, "slip": 0.0}
grid_gross|IS_gross|{"range_start": 2, "range_end": 9, "entry_end": 13, "commission": 0.0, "slip": 0.0}
grid_gross|IS_gross|{"range_start": 2, "range_end": 9, "entry_end": 13, "exit_time": 21, "commission": 0.0, "slip": 0.0}
grid_gross|IS_gross|{"range_start": 2, "range_end": 9, "entry_end": 14, "exit_time": 14, "commission": 0.0, "slip": 0.0}
grid_gross|IS_gross|{"range_start": 2, "range_end": 9, "entry_end": 15, "exit_time": 16, "commission": 0.0, "slip": 0.0}
grid_gross|IS_gross|{"range_start": 2, "range_end": 9, "entry_end": 15, "exit_time": 17, "commission": 0.0, "slip": 0.0}
grid_gross|IS_gross|{"range_start": 2, "range_end": 9, "entry_end": 15, "exit_time": 18, "commission": 0.0, "slip": 0.0}
grid_gross|IS_gross|{"range_start": 2, "range_end": 9, "entry_end": 15, "commission": 0.0, "slip": 0.0}
grid_gross|IS_gross|{"range_start": 2, "range_end": 9, "entry_end": 15, "exit_time": 21, "commission": 0.0, "slip": 0.0}
ny|IS|{"range_start": 7, "range_end": 12.5, "entry_end": 14, "exit_time": 16}
ny_gross|IS_gross|{"range_start": 7, "range_end": 12.5, "entry_end": 14, "exit_time": 16, "commission": 0.0, "slip": 0.0}
ny|IS|{"range_start": 7, "range_end": 12.5, "entry_end": 14, "exit_time": 17}
ny_gross|IS_gross|{"range_start": 7, "range_end": 12.5, "entry_end": 14, "exit_time": 17, "commission": 0.0, "slip": 0.0}
ny|IS|{"range_start": 7, "range_end": 12.5, "entry_end": 14, "exit_time": 18}
ny_gross|IS_gross|{"range_start": 7, "range_end": 12.5, "entry_end": 14, "exit_time": 18, "commission": 0.0, "slip": 0.0}
ny|IS|{"range_start": 7, "range_end": 12.5, "entry_end": 14, "exit_time": 19}
ny_gross|IS_gross|{"range_start": 7, "range_end": 12.5, "entry_end": 14, "exit_time": 19, "commission": 0.0, "slip": 0.0}
ny|IS|{"range_start": 7, "range_end": 12.5, "entry_end": 14}
ny_gross|IS_gross|{"range_start": 7, "range_end": 12.5, "entry_end": 14, "commission": 0.0, "slip": 0.0}
ny|IS|{"range_start": 7, "range_end": 12.5, "entry_end": 14, "exit_time": 21}
ny_gross|IS_gross|{"range_start": 7, "range_end": 12.5, "entry_end": 14, "exit_time": 21, "commission": 0.0, "slip": 0.0}
ny|IS|{"range_start": 7, "range_end": 12.5, "entry_end": 15, "exit_time": 16}
ny_gross|IS_gross|{"range_start": 7, "range_end": 12.5, "entry_end": 15, "exit_time": 16, "commission": 0.0, "slip": 0.0}
ny|IS|{"range_start": 7, "range_end": 12.5, "entry_end": 15, "exit_time": 17}
ny_gross|IS_gross|{"range_start": 7, "range_end": 12.5, "entry_end": 15, "exit_time": 17, "commission": 0.0, "slip": 0.0}
ny|IS|{"range_start": 7, "range_end": 12.5, "entry_end": 15, "exit_time": 18}
ny_gross|IS_gross|{"range_start": 7, "range_end": 12.5, "entry_end": 15, "exit_time": 18, "commission": 0.0, "slip": 0.0}
ny|IS|{"range_start": 7, "range_end": 12.5, "entry_end": 15, "exit_time": 19}
ny_gross|IS_gross|{"range_start": 7, "range_end": 12.5, "entry_end": 15, "exit_time": 19, "commission": 0.0, "slip": 0.0}
ny|IS|{"range_start": 7, "range_end": 12.5, "entry_end": 15}
ny_gross|IS_gross|{"range_start": 7, "range_end": 12.5, "entry_end": 15, "commission": 0.0, "slip": 0.0}
ny|IS|{"range_start": 7, "range_end": 12.5, "entry_end": 15, "exit_time": 21}
ny_gross|IS_gross|{"range_start": 7, "range_end": 12.5, "entry_end": 15, "exit_time": 21, "commission": 0.0, "slip": 0.0}
ny|IS|{"range_start": 7, "range_end": 12.5, "entry_end": 16, "exit_time": 16}
ny_gross|IS_gross|{"range_start": 7, "range_end": 12.5, "entry_end": 16, "exit_time": 16, "commission": 0.0, "slip": 0.0}
ny|IS|{"range_start": 7, "range_end": 12.5, "entry_end": 16, "exit_time": 17}
ny_gross|IS_gross|{"range_start": 7, "range_end": 12.5, "entry_end": 16, "exit_time": 17, "commission": 0.0, "slip": 0.0}
ny|IS|{"range_start": 7, "range_end": 12.5, "entry_end": 16, "exit_time": 18}
ny_gross|IS_gross|{"range_start": 7, "range_end": 12.5, "entry_end": 16, "exit_time": 18, "commission": 0.0, "slip": 0.0}
ny|IS|{"range_start": 7, "range_end": 12.5, "entry_end": 16, "exit_time": 19}
ny_gross|IS_gross|{"range_start": 7, "range_end": 12.5, "entry_end": 16, "exit_time": 19, "commission": 0.0, "slip": 0.0}
ny|IS|{"range_start": 7, "range_end": 12.5, "entry_end": 16}
ny_gross|IS_gross|{"range_start": 7, "range_end": 12.5, "entry_end": 16, "commission": 0.0, "slip": 0.0}
ny|IS|{"range_start": 7, "range_end": 12.5, "entry_end": 16, "exit_time": 21}
ny_gross|IS_gross|{"range_start": 7, "range_end": 12.5, "entry_end": 16, "exit_time": 21, "commission": 0.0, "slip": 0.0}
ny|IS|{"range_start": 7, "range_end": 12.5, "entry_end": 17, "exit_time": 17}
ny_gross|IS_gross|{"range_start": 7, "range_end": 12.5, "entry_end": 17, "exit_time": 17, "commission": 0.0, "slip": 0.0}
ny|IS|{"range_start": 7, "range_end": 12.5, "entry_end": 17, "exit_time": 18}
ny_gross|IS_gross|{"range_start": 7, "range_end": 12.5, "entry_end": 17, "exit_time": 18, "commission": 0.0, "slip": 0.0}
ny|IS|{"range_start": 7, "range_end": 12.5, "entry_end": 17, "exit_time": 19}
ny_gross|IS_gross|{"range_start": 7, "range_end": 12.5, "entry_end": 17, "exit_time": 19, "commission": 0.0, "slip": 0.0}
ny|IS|{"range_start": 7, "range_end": 12.5, "entry_end": 17}
ny_gross|IS_gross|{"range_start": 7, "range_end": 12.5, "entry_end": 17, "commission": 0.0, "slip": 0.0}
ny|IS|{"range_start": 7, "range_end": 12.5, "entry_end": 17, "exit_time": 21}
ny_gross|IS_gross|{"range_start": 7, "range_end": 12.5, "entry_end": 17, "exit_time": 21, "commission": 0.0, "slip": 0.0}
ny|IS|{"range_start": 7, "range_end": 13, "entry_end": 14, "exit_time": 16}
ny_gross|IS_gross|{"range_start": 7, "range_end": 13, "entry_end": 14, "exit_time": 16, "commission": 0.0, "slip": 0.0}
ny|IS|{"range_start": 7, "range_end": 13, "entry_end": 14, "exit_time": 17}
ny_gross|IS_gross|{"range_start": 7, "range_end": 13, "entry_end": 14, "exit_time": 17, "commission": 0.0, "slip": 0.0}
ny|IS|{"range_start": 7, "range_end": 13, "entry_end": 14, "exit_time": 18}
ny_gross|IS_gross|{"range_start": 7, "range_end": 13, "entry_end": 14, "exit_time": 18, "commission": 0.0, "slip": 0.0}
ny|IS|{"range_start": 7, "range_end": 13, "entry_end": 14, "exit_time": 19}
ny_gross|IS_gross|{"range_start": 7, "range_end": 13, "entry_end": 14, "exit_time": 19, "commission": 0.0, "slip": 0.0}
ny|IS|{"range_start": 7, "range_end": 13, "entry_end": 14}
ny_gross|IS_gross|{"range_start": 7, "range_end": 13, "entry_end": 14, "commission": 0.0, "slip": 0.0}
ny|IS|{"range_start": 7, "range_end": 13, "entry_end": 14, "exit_time": 21}
ny_gross|IS_gross|{"range_start": 7, "range_end": 13, "entry_end": 14, "exit_time": 21, "commission": 0.0, "slip": 0.0}
ny|IS|{"range_start": 7, "range_end": 13, "entry_end": 15, "exit_time": 16}
ny_gross|IS_gross|{"range_start": 7, "range_end": 13, "entry_end": 15, "exit_time": 16, "commission": 0.0, "slip": 0.0}
ny|IS|{"range_start": 7, "range_end": 13, "entry_end": 15, "exit_time": 17}
ny_gross|IS_gross|{"range_start": 7, "range_end": 13, "entry_end": 15, "exit_time": 17, "commission": 0.0, "slip": 0.0}
ny|IS|{"range_start": 7, "range_end": 13, "entry_end": 15, "exit_time": 18}
ny_gross|IS_gross|{"range_start": 7, "range_end": 13, "entry_end": 15, "exit_time": 18, "commission": 0.0, "slip": 0.0}
ny|IS|{"range_start": 7, "range_end": 13, "entry_end": 15, "exit_time": 19}
ny_gross|IS_gross|{"range_start": 7, "range_end": 13, "entry_end": 15, "exit_time": 19, "commission": 0.0, "slip": 0.0}
ny|IS|{"range_start": 7, "range_end": 13, "entry_end": 15}
ny_gross|IS_gross|{"range_start": 7, "range_end": 13, "entry_end": 15, "commission": 0.0, "slip": 0.0}
ny|IS|{"range_start": 7, "range_end": 13, "entry_end": 15, "exit_time": 21}
ny_gross|IS_gross|{"range_start": 7, "range_end": 13, "entry_end": 15, "exit_time": 21, "commission": 0.0, "slip": 0.0}
ny|IS|{"range_start": 7, "range_end": 13, "entry_end": 16, "exit_time": 16}
ny_gross|IS_gross|{"range_start": 7, "range_end": 13, "entry_end": 16, "exit_time": 16, "commission": 0.0, "slip": 0.0}
ny|IS|{"range_start": 7, "range_end": 13, "entry_end": 16, "exit_time": 17}
ny_gross|IS_gross|{"range_start": 7, "range_end": 13, "entry_end": 16, "exit_time": 17, "commission": 0.0, "slip": 0.0}
ny|IS|{"range_start": 7, "range_end": 13, "entry_end": 16, "exit_time": 18}
ny_gross|IS_gross|{"range_start": 7, "range_end": 13, "entry_end": 16, "exit_time": 18, "commission": 0.0, "slip": 0.0}
ny|IS|{"range_start": 7, "range_end": 13, "entry_end": 16, "exit_time": 19}
ny_gross|IS_gross|{"range_start": 7, "range_end": 13, "entry_end": 16, "exit_time": 19, "commission": 0.0, "slip": 0.0}
ny|IS|{"range_start": 7, "range_end": 13, "entry_end": 16}
ny_gross|IS_gross|{"range_start": 7, "range_end": 13, "entry_end": 16, "commission": 0.0, "slip": 0.0}
ny|IS|{"range_start": 7, "range_end": 13, "entry_end": 16, "exit_time": 21}
ny_gross|IS_gross|{"range_start": 7, "range_end": 13, "entry_end": 16, "exit_time": 21, "commission": 0.0, "slip": 0.0}
ny|IS|{"range_start": 7, "range_end": 13, "entry_end": 17, "exit_time": 17}
ny_gross|IS_gross|{"range_start": 7, "range_end": 13, "entry_end": 17, "exit_time": 17, "commission": 0.0, "slip": 0.0}
ny|IS|{"range_start": 7, "range_end": 13, "entry_end": 17, "exit_time": 18}
ny_gross|IS_gross|{"range_start": 7, "range_end": 13, "entry_end": 17, "exit_time": 18, "commission": 0.0, "slip": 0.0}
ny|IS|{"range_start": 7, "range_end": 13, "entry_end": 17, "exit_time": 19}
ny_gross|IS_gross|{"range_start": 7, "range_end": 13, "entry_end": 17, "exit_time": 19, "commission": 0.0, "slip": 0.0}
ny|IS|{"range_start": 7, "range_end": 13, "entry_end": 17}
ny_gross|IS_gross|{"range_start": 7, "range_end": 13, "entry_end": 17, "commission": 0.0, "slip": 0.0}
ny|IS|{"range_start": 7, "range_end": 13, "entry_end": 17, "exit_time": 21}
ny_gross|IS_gross|{"range_start": 7, "range_end": 13, "entry_end": 17, "exit_time": 21, "commission": 0.0, "slip": 0.0}
ny|IS|{"range_start": 7, "range_end": 13.25, "entry_end": 14, "exit_time": 16}
ny_gross|IS_gross|{"range_start": 7, "range_end": 13.25, "entry_end": 14, "exit_time": 16, "commission": 0.0, "slip": 0.0}
ny|IS|{"range_start": 7, "range_end": 13.25, "entry_end": 14, "exit_time": 17}
ny_gross|IS_gross|{"range_start": 7, "range_end": 13.25, "entry_end": 14, "exit_time": 17, "commission": 0.0, "slip": 0.0}
ny|IS|{"range_start": 7, "range_end": 13.25, "entry_end": 14, "exit_time": 18}
ny_gross|IS_gross|{"range_start": 7, "range_end": 13.25, "entry_end": 14, "exit_time": 18, "commission": 0.0, "slip": 0.0}
ny|IS|{"range_start": 7, "range_end": 13.25, "entry_end": 14, "exit_time": 19}
ny_gross|IS_gross|{"range_start": 7, "range_end": 13.25, "entry_end": 14, "exit_time": 19, "commission": 0.0, "slip": 0.0}
ny|IS|{"range_start": 7, "range_end": 13.25, "entry_end": 14}
ny_gross|IS_gross|{"range_start": 7, "range_end": 13.25, "entry_end": 14, "commission": 0.0, "slip": 0.0}
ny|IS|{"range_start": 7, "range_end": 13.25, "entry_end": 14, "exit_time": 21}
ny_gross|IS_gross|{"range_start": 7, "range_end": 13.25, "entry_end": 14, "exit_time": 21, "commission": 0.0, "slip": 0.0}
ny|IS|{"range_start": 7, "range_end": 13.25, "entry_end": 15, "exit_time": 16}
ny_gross|IS_gross|{"range_start": 7, "range_end": 13.25, "entry_end": 15, "exit_time": 16, "commission": 0.0, "slip": 0.0}
ny|IS|{"range_start": 7, "range_end": 13.25, "entry_end": 15, "exit_time": 17}
ny_gross|IS_gross|{"range_start": 7, "range_end": 13.25, "entry_end": 15, "exit_time": 17, "commission": 0.0, "slip": 0.0}
ny|IS|{"range_start": 7, "range_end": 13.25, "entry_end": 15, "exit_time": 18}
ny_gross|IS_gross|{"range_start": 7, "range_end": 13.25, "entry_end": 15, "exit_time": 18, "commission": 0.0, "slip": 0.0}
ny|IS|{"range_start": 7, "range_end": 13.25, "entry_end": 15, "exit_time": 19}
ny_gross|IS_gross|{"range_start": 7, "range_end": 13.25, "entry_end": 15, "exit_time": 19, "commission": 0.0, "slip": 0.0}
ny|IS|{"range_start": 7, "range_end": 13.25, "entry_end": 15}
ny_gross|IS_gross|{"range_start": 7, "range_end": 13.25, "entry_end": 15, "commission": 0.0, "slip": 0.0}
ny|IS|{"range_start": 7, "range_end": 13.25, "entry_end": 15, "exit_time": 21}
ny_gross|IS_gross|{"range_start": 7, "range_end": 13.25, "entry_end": 15, "exit_time": 21, "commission": 0.0, "slip": 0.0}
ny|IS|{"range_start": 7, "range_end": 13.25, "entry_end": 16, "exit_time": 16}
ny_gross|IS_gross|{"range_start": 7, "range_end": 13.25, "entry_end": 16, "exit_time": 16, "commission": 0.0, "slip": 0.0}
ny|IS|{"range_start": 7, "range_end": 13.25, "entry_end": 16, "exit_time": 17}
ny_gross|IS_gross|{"range_start": 7, "range_end": 13.25, "entry_end": 16, "exit_time": 17, "commission": 0.0, "slip": 0.0}
ny|IS|{"range_start": 7, "range_end": 13.25, "entry_end": 16, "exit_time": 18}
ny_gross|IS_gross|{"range_start": 7, "range_end": 13.25, "entry_end": 16, "exit_time": 18, "commission": 0.0, "slip": 0.0}
ny|IS|{"range_start": 7, "range_end": 13.25, "entry_end": 16, "exit_time": 19}
ny_gross|IS_gross|{"range_start": 7, "range_end": 13.25, "entry_end": 16, "exit_time": 19, "commission": 0.0, "slip": 0.0}
ny|IS|{"range_start": 7, "range_end": 13.25, "entry_end": 16}
ny_gross|IS_gross|{"range_start": 7, "range_end": 13.25, "entry_end": 16, "commission": 0.0, "slip": 0.0}
ny|IS|{"range_start": 7, "range_end": 13.25, "entry_end": 16, "exit_time": 21}
ny_gross|IS_gross|{"range_start": 7, "range_end": 13.25, "entry_end": 16, "exit_time": 21, "commission": 0.0, "slip": 0.0}
ny|IS|{"range_start": 7, "range_end": 13.25, "entry_end": 17, "exit_time": 17}
ny_gross|IS_gross|{"range_start": 7, "range_end": 13.25, "entry_end": 17, "exit_time": 17, "commission": 0.0, "slip": 0.0}
ny|IS|{"range_start": 7, "range_end": 13.25, "entry_end": 17, "exit_time": 18}
ny_gross|IS_gross|{"range_start": 7, "range_end": 13.25, "entry_end": 17, "exit_time": 18, "commission": 0.0, "slip": 0.0}
ny|IS|{"range_start": 7, "range_end": 13.25, "entry_end": 17, "exit_time": 19}
ny_gross|IS_gross|{"range_start": 7, "range_end": 13.25, "entry_end": 17, "exit_time": 19, "commission": 0.0, "slip": 0.0}
ny|IS|{"range_start": 7, "range_end": 13.25, "entry_end": 17}
ny_gross|IS_gross|{"range_start": 7, "range_end": 13.25, "entry_end": 17, "commission": 0.0, "slip": 0.0}
ny|IS|{"range_start": 7, "range_end": 13.25, "entry_end": 17, "exit_time": 21}
ny_gross|IS_gross|{"range_start": 7, "range_end": 13.25, "entry_end": 17, "exit_time": 21, "commission": 0.0, "slip": 0.0}
ny|IS|{"range_start": 7, "range_end": 13.5, "entry_end": 14, "exit_time": 16}
ny_gross|IS_gross|{"range_start": 7, "range_end": 13.5, "entry_end": 14, "exit_time": 16, "commission": 0.0, "slip": 0.0}
ny|IS|{"range_start": 7, "range_end": 13.5, "entry_end": 14, "exit_time": 17}
ny_gross|IS_gross|{"range_start": 7, "range_end": 13.5, "entry_end": 14, "exit_time": 17, "commission": 0.0, "slip": 0.0}
ny|IS|{"range_start": 7, "range_end": 13.5, "entry_end": 14, "exit_time": 18}
ny_gross|IS_gross|{"range_start": 7, "range_end": 13.5, "entry_end": 14, "exit_time": 18, "commission": 0.0, "slip": 0.0}
ny|IS|{"range_start": 7, "range_end": 13.5, "entry_end": 14, "exit_time": 19}
ny_gross|IS_gross|{"range_start": 7, "range_end": 13.5, "entry_end": 14, "exit_time": 19, "commission": 0.0, "slip": 0.0}
ny|IS|{"range_start": 7, "range_end": 13.5, "entry_end": 14}
ny_gross|IS_gross|{"range_start": 7, "range_end": 13.5, "entry_end": 14, "commission": 0.0, "slip": 0.0}
ny|IS|{"range_start": 7, "range_end": 13.5, "entry_end": 14, "exit_time": 21}
ny_gross|IS_gross|{"range_start": 7, "range_end": 13.5, "entry_end": 14, "exit_time": 21, "commission": 0.0, "slip": 0.0}
ny|IS|{"range_start": 7, "range_end": 13.5, "entry_end": 15, "exit_time": 16}
ny_gross|IS_gross|{"range_start": 7, "range_end": 13.5, "entry_end": 15, "exit_time": 16, "commission": 0.0, "slip": 0.0}
ny|IS|{"range_start": 7, "range_end": 13.5, "entry_end": 15, "exit_time": 17}
ny_gross|IS_gross|{"range_start": 7, "range_end": 13.5, "entry_end": 15, "exit_time": 17, "commission": 0.0, "slip": 0.0}
ny|IS|{"range_start": 7, "range_end": 13.5, "entry_end": 15, "exit_time": 18}
ny_gross|IS_gross|{"range_start": 7, "range_end": 13.5, "entry_end": 15, "exit_time": 18, "commission": 0.0, "slip": 0.0}
ny|IS|{"range_start": 7, "range_end": 13.5, "entry_end": 15, "exit_time": 19}
ny_gross|IS_gross|{"range_start": 7, "range_end": 13.5, "entry_end": 15, "exit_time": 19, "commission": 0.0, "slip": 0.0}
ny|IS|{"range_start": 7, "range_end": 13.5, "entry_end": 15}
ny_gross|IS_gross|{"range_start": 7, "range_end": 13.5, "entry_end": 15, "commission": 0.0, "slip": 0.0}
ny|IS|{"range_start": 7, "range_end": 13.5, "entry_end": 15, "exit_time": 21}
ny_gross|IS_gross|{"range_start": 7, "range_end": 13.5, "entry_end": 15, "exit_time": 21, "commission": 0.0, "slip": 0.0}
ny|IS|{"range_start": 7, "range_end": 13.5, "entry_end": 16, "exit_time": 16}
ny_gross|IS_gross|{"range_start": 7, "range_end": 13.5, "entry_end": 16, "exit_time": 16, "commission": 0.0, "slip": 0.0}
ny|IS|{"range_start": 7, "range_end": 13.5, "entry_end": 16, "exit_time": 17}
ny_gross|IS_gross|{"range_start": 7, "range_end": 13.5, "entry_end": 16, "exit_time": 17, "commission": 0.0, "slip": 0.0}
ny|IS|{"range_start": 7, "range_end": 13.5, "entry_end": 16, "exit_time": 18}
ny_gross|IS_gross|{"range_start": 7, "range_end": 13.5, "entry_end": 16, "exit_time": 18, "commission": 0.0, "slip": 0.0}
ny|IS|{"range_start": 7, "range_end": 13.5, "entry_end": 16, "exit_time": 19}
ny_gross|IS_gross|{"range_start": 7, "range_end": 13.5, "entry_end": 16, "exit_time": 19, "commission": 0.0, "slip": 0.0}
ny|IS|{"range_start": 7, "range_end": 13.5, "entry_end": 16}
ny_gross|IS_gross|{"range_start": 7, "range_end": 13.5, "entry_end": 16, "commission": 0.0, "slip": 0.0}
ny|IS|{"range_start": 7, "range_end": 13.5, "entry_end": 16, "exit_time": 21}
ny_gross|IS_gross|{"range_start": 7, "range_end": 13.5, "entry_end": 16, "exit_time": 21, "commission": 0.0, "slip": 0.0}
ny|IS|{"range_start": 7, "range_end": 13.5, "entry_end": 17, "exit_time": 17}
ny_gross|IS_gross|{"range_start": 7, "range_end": 13.5, "entry_end": 17, "exit_time": 17, "commission": 0.0, "slip": 0.0}
ny|IS|{"range_start": 7, "range_end": 13.5, "entry_end": 17, "exit_time": 18}
ny_gross|IS_gross|{"range_start": 7, "range_end": 13.5, "entry_end": 17, "exit_time": 18, "commission": 0.0, "slip": 0.0}
ny|IS|{"range_start": 7, "range_end": 13.5, "entry_end": 17, "exit_time": 19}
ny_gross|IS_gross|{"range_start": 7, "range_end": 13.5, "entry_end": 17, "exit_time": 19, "commission": 0.0, "slip": 0.0}
ny|IS|{"range_start": 7, "range_end": 13.5, "entry_end": 17}
ny_gross|IS_gross|{"range_start": 7, "range_end": 13.5, "entry_end": 17, "commission": 0.0, "slip": 0.0}
ny|IS|{"range_start": 7, "range_end": 13.5, "entry_end": 17, "exit_time": 21}
ny_gross|IS_gross|{"range_start": 7, "range_end": 13.5, "entry_end": 17, "exit_time": 21, "commission": 0.0, "slip": 0.0}
ny|IS|{"range_start": 7, "range_end": 14, "entry_end": 15, "exit_time": 16}
ny_gross|IS_gross|{"range_start": 7, "range_end": 14, "entry_end": 15, "exit_time": 16, "commission": 0.0, "slip": 0.0}
ny|IS|{"range_start": 7, "range_end": 14, "entry_end": 15, "exit_time": 17}
ny_gross|IS_gross|{"range_start": 7, "range_end": 14, "entry_end": 15, "exit_time": 17, "commission": 0.0, "slip": 0.0}
ny|IS|{"range_start": 7, "range_end": 14, "entry_end": 15, "exit_time": 18}
ny_gross|IS_gross|{"range_start": 7, "range_end": 14, "entry_end": 15, "exit_time": 18, "commission": 0.0, "slip": 0.0}
ny|IS|{"range_start": 7, "range_end": 14, "entry_end": 15, "exit_time": 19}
ny_gross|IS_gross|{"range_start": 7, "range_end": 14, "entry_end": 15, "exit_time": 19, "commission": 0.0, "slip": 0.0}
ny|IS|{"range_start": 7, "range_end": 14, "entry_end": 15}
ny_gross|IS_gross|{"range_start": 7, "range_end": 14, "entry_end": 15, "commission": 0.0, "slip": 0.0}
ny|IS|{"range_start": 7, "range_end": 14, "entry_end": 15, "exit_time": 21}
ny_gross|IS_gross|{"range_start": 7, "range_end": 14, "entry_end": 15, "exit_time": 21, "commission": 0.0, "slip": 0.0}
ny|IS|{"range_start": 7, "range_end": 14, "entry_end": 16, "exit_time": 16}
ny_gross|IS_gross|{"range_start": 7, "range_end": 14, "entry_end": 16, "exit_time": 16, "commission": 0.0, "slip": 0.0}
ny|IS|{"range_start": 7, "range_end": 14, "entry_end": 16, "exit_time": 17}
ny_gross|IS_gross|{"range_start": 7, "range_end": 14, "entry_end": 16, "exit_time": 17, "commission": 0.0, "slip": 0.0}
ny|IS|{"range_start": 7, "range_end": 14, "entry_end": 16, "exit_time": 18}
ny_gross|IS_gross|{"range_start": 7, "range_end": 14, "entry_end": 16, "exit_time": 18, "commission": 0.0, "slip": 0.0}
ny|IS|{"range_start": 7, "range_end": 14, "entry_end": 16, "exit_time": 19}
ny_gross|IS_gross|{"range_start": 7, "range_end": 14, "entry_end": 16, "exit_time": 19, "commission": 0.0, "slip": 0.0}
ny|IS|{"range_start": 7, "range_end": 14, "entry_end": 16}
ny_gross|IS_gross|{"range_start": 7, "range_end": 14, "entry_end": 16, "commission": 0.0, "slip": 0.0}
ny|IS|{"range_start": 7, "range_end": 14, "entry_end": 16, "exit_time": 21}
ny_gross|IS_gross|{"range_start": 7, "range_end": 14, "entry_end": 16, "exit_time": 21, "commission": 0.0, "slip": 0.0}
ny|IS|{"range_start": 7, "range_end": 14, "entry_end": 17, "exit_time": 17}
ny_gross|IS_gross|{"range_start": 7, "range_end": 14, "entry_end": 17, "exit_time": 17, "commission": 0.0, "slip": 0.0}
ny|IS|{"range_start": 7, "range_end": 14, "entry_end": 17, "exit_time": 18}
ny_gross|IS_gross|{"range_start": 7, "range_end": 14, "entry_end": 17, "exit_time": 18, "commission": 0.0, "slip": 0.0}
ny|IS|{"range_start": 7, "range_end": 14, "entry_end": 17, "exit_time": 19}
ny_gross|IS_gross|{"range_start": 7, "range_end": 14, "entry_end": 17, "exit_time": 19, "commission": 0.0, "slip": 0.0}
ny|IS|{"range_start": 7, "range_end": 14, "entry_end": 17}
ny_gross|IS_gross|{"range_start": 7, "range_end": 14, "entry_end": 17, "commission": 0.0, "slip": 0.0}
ny|IS|{"range_start": 7, "range_end": 14, "entry_end": 17, "exit_time": 21}
ny_gross|IS_gross|{"range_start": 7, "range_end": 14, "entry_end": 17, "exit_time": 21, "commission": 0.0, "slip": 0.0}
ny|IS|{"range_start": 7, "range_end": 15, "entry_end": 16, "exit_time": 16}
ny_gross|IS_gross|{"range_start": 7, "range_end": 15, "entry_end": 16, "exit_time": 16, "commission": 0.0, "slip": 0.0}
ny|IS|{"range_start": 7, "range_end": 15, "entry_end": 16, "exit_time": 17}
ny_gross|IS_gross|{"range_start": 7, "range_end": 15, "entry_end": 16, "exit_time": 17, "commission": 0.0, "slip": 0.0}
ny|IS|{"range_start": 7, "range_end": 15, "entry_end": 16, "exit_time": 18}
ny_gross|IS_gross|{"range_start": 7, "range_end": 15, "entry_end": 16, "exit_time": 18, "commission": 0.0, "slip": 0.0}
ny|IS|{"range_start": 7, "range_end": 15, "entry_end": 16, "exit_time": 19}
ny_gross|IS_gross|{"range_start": 7, "range_end": 15, "entry_end": 16, "exit_time": 19, "commission": 0.0, "slip": 0.0}
ny|IS|{"range_start": 7, "range_end": 15, "entry_end": 16}
ny_gross|IS_gross|{"range_start": 7, "range_end": 15, "entry_end": 16, "commission": 0.0, "slip": 0.0}
ny|IS|{"range_start": 7, "range_end": 15, "entry_end": 16, "exit_time": 21}
ny_gross|IS_gross|{"range_start": 7, "range_end": 15, "entry_end": 16, "exit_time": 21, "commission": 0.0, "slip": 0.0}
ny|IS|{"range_start": 7, "range_end": 15, "entry_end": 17, "exit_time": 17}
ny_gross|IS_gross|{"range_start": 7, "range_end": 15, "entry_end": 17, "exit_time": 17, "commission": 0.0, "slip": 0.0}
ny|IS|{"range_start": 7, "range_end": 15, "entry_end": 17, "exit_time": 18}
ny_gross|IS_gross|{"range_start": 7, "range_end": 15, "entry_end": 17, "exit_time": 18, "commission": 0.0, "slip": 0.0}
ny|IS|{"range_start": 7, "range_end": 15, "entry_end": 17, "exit_time": 19}
ny_gross|IS_gross|{"range_start": 7, "range_end": 15, "entry_end": 17, "exit_time": 19, "commission": 0.0, "slip": 0.0}
ny|IS|{"range_start": 7, "range_end": 15, "entry_end": 17}
ny_gross|IS_gross|{"range_start": 7, "range_end": 15, "entry_end": 17, "commission": 0.0, "slip": 0.0}
ny|IS|{"range_start": 7, "range_end": 15, "entry_end": 17, "exit_time": 21}
ny_gross|IS_gross|{"range_start": 7, "range_end": 15, "entry_end": 17, "exit_time": 21, "commission": 0.0, "slip": 0.0}
ny|IS|{"range_start": 8, "range_end": 12.5, "entry_end": 14, "exit_time": 16}
ny_gross|IS_gross|{"range_start": 8, "range_end": 12.5, "entry_end": 14, "exit_time": 16, "commission": 0.0, "slip": 0.0}
ny|IS|{"range_start": 8, "range_end": 12.5, "entry_end": 14, "exit_time": 17}
ny_gross|IS_gross|{"range_start": 8, "range_end": 12.5, "entry_end": 14, "exit_time": 17, "commission": 0.0, "slip": 0.0}
ny|IS|{"range_start": 8, "range_end": 12.5, "entry_end": 14, "exit_time": 18}
ny_gross|IS_gross|{"range_start": 8, "range_end": 12.5, "entry_end": 14, "exit_time": 18, "commission": 0.0, "slip": 0.0}
ny|IS|{"range_start": 8, "range_end": 12.5, "entry_end": 14, "exit_time": 19}
ny_gross|IS_gross|{"range_start": 8, "range_end": 12.5, "entry_end": 14, "exit_time": 19, "commission": 0.0, "slip": 0.0}
ny|IS|{"range_start": 8, "range_end": 12.5, "entry_end": 14}
ny_gross|IS_gross|{"range_start": 8, "range_end": 12.5, "entry_end": 14, "commission": 0.0, "slip": 0.0}
ny|IS|{"range_start": 8, "range_end": 12.5, "entry_end": 14, "exit_time": 21}
ny_gross|IS_gross|{"range_start": 8, "range_end": 12.5, "entry_end": 14, "exit_time": 21, "commission": 0.0, "slip": 0.0}
ny|IS|{"range_start": 8, "range_end": 12.5, "entry_end": 15, "exit_time": 16}
ny_gross|IS_gross|{"range_start": 8, "range_end": 12.5, "entry_end": 15, "exit_time": 16, "commission": 0.0, "slip": 0.0}
ny|IS|{"range_start": 8, "range_end": 12.5, "entry_end": 15, "exit_time": 17}
ny_gross|IS_gross|{"range_start": 8, "range_end": 12.5, "entry_end": 15, "exit_time": 17, "commission": 0.0, "slip": 0.0}
ny|IS|{"range_start": 8, "range_end": 12.5, "entry_end": 15, "exit_time": 18}
ny_gross|IS_gross|{"range_start": 8, "range_end": 12.5, "entry_end": 15, "exit_time": 18, "commission": 0.0, "slip": 0.0}
ny|IS|{"range_start": 8, "range_end": 12.5, "entry_end": 15, "exit_time": 19}
ny_gross|IS_gross|{"range_start": 8, "range_end": 12.5, "entry_end": 15, "exit_time": 19, "commission": 0.0, "slip": 0.0}
ny|IS|{"range_start": 8, "range_end": 12.5, "entry_end": 15}
ny_gross|IS_gross|{"range_start": 8, "range_end": 12.5, "entry_end": 15, "commission": 0.0, "slip": 0.0}
ny|IS|{"range_start": 8, "range_end": 12.5, "entry_end": 15, "exit_time": 21}
ny_gross|IS_gross|{"range_start": 8, "range_end": 12.5, "entry_end": 15, "exit_time": 21, "commission": 0.0, "slip": 0.0}
ny|IS|{"range_start": 8, "range_end": 12.5, "entry_end": 16, "exit_time": 16}
ny_gross|IS_gross|{"range_start": 8, "range_end": 12.5, "entry_end": 16, "exit_time": 16, "commission": 0.0, "slip": 0.0}
ny|IS|{"range_start": 8, "range_end": 12.5, "entry_end": 16, "exit_time": 17}
ny_gross|IS_gross|{"range_start": 8, "range_end": 12.5, "entry_end": 16, "exit_time": 17, "commission": 0.0, "slip": 0.0}
ny|IS|{"range_start": 8, "range_end": 12.5, "entry_end": 16, "exit_time": 18}
ny_gross|IS_gross|{"range_start": 8, "range_end": 12.5, "entry_end": 16, "exit_time": 18, "commission": 0.0, "slip": 0.0}
ny|IS|{"range_start": 8, "range_end": 12.5, "entry_end": 16, "exit_time": 19}
ny_gross|IS_gross|{"range_start": 8, "range_end": 12.5, "entry_end": 16, "exit_time": 19, "commission": 0.0, "slip": 0.0}
ny|IS|{"range_start": 8, "range_end": 12.5, "entry_end": 16}
ny_gross|IS_gross|{"range_start": 8, "range_end": 12.5, "entry_end": 16, "commission": 0.0, "slip": 0.0}
ny|IS|{"range_start": 8, "range_end": 12.5, "entry_end": 16, "exit_time": 21}
ny_gross|IS_gross|{"range_start": 8, "range_end": 12.5, "entry_end": 16, "exit_time": 21, "commission": 0.0, "slip": 0.0}
ny|IS|{"range_start": 8, "range_end": 12.5, "entry_end": 17, "exit_time": 17}
ny_gross|IS_gross|{"range_start": 8, "range_end": 12.5, "entry_end": 17, "exit_time": 17, "commission": 0.0, "slip": 0.0}
ny|IS|{"range_start": 8, "range_end": 12.5, "entry_end": 17, "exit_time": 18}
ny_gross|IS_gross|{"range_start": 8, "range_end": 12.5, "entry_end": 17, "exit_time": 18, "commission": 0.0, "slip": 0.0}
ny|IS|{"range_start": 8, "range_end": 12.5, "entry_end": 17, "exit_time": 19}
ny_gross|IS_gross|{"range_start": 8, "range_end": 12.5, "entry_end": 17, "exit_time": 19, "commission": 0.0, "slip": 0.0}
ny|IS|{"range_start": 8, "range_end": 12.5, "entry_end": 17}
ny_gross|IS_gross|{"range_start": 8, "range_end": 12.5, "entry_end": 17, "commission": 0.0, "slip": 0.0}
ny|IS|{"range_start": 8, "range_end": 12.5, "entry_end": 17, "exit_time": 21}
ny_gross|IS_gross|{"range_start": 8, "range_end": 12.5, "entry_end": 17, "exit_time": 21, "commission": 0.0, "slip": 0.0}
ny|IS|{"range_start": 8, "range_end": 13, "entry_end": 14, "exit_time": 16}
ny_gross|IS_gross|{"range_start": 8, "range_end": 13, "entry_end": 14, "exit_time": 16, "commission": 0.0, "slip": 0.0}
ny|IS|{"range_start": 8, "range_end": 13, "entry_end": 14, "exit_time": 17}
ny_gross|IS_gross|{"range_start": 8, "range_end": 13, "entry_end": 14, "exit_time": 17, "commission": 0.0, "slip": 0.0}
ny|IS|{"range_start": 8, "range_end": 13, "entry_end": 14, "exit_time": 18}
ny_gross|IS_gross|{"range_start": 8, "range_end": 13, "entry_end": 14, "exit_time": 18, "commission": 0.0, "slip": 0.0}
ny|IS|{"range_start": 8, "range_end": 13, "entry_end": 14, "exit_time": 19}
ny_gross|IS_gross|{"range_start": 8, "range_end": 13, "entry_end": 14, "exit_time": 19, "commission": 0.0, "slip": 0.0}
ny|IS|{"range_start": 8, "range_end": 13, "entry_end": 14}
ny_gross|IS_gross|{"range_start": 8, "range_end": 13, "entry_end": 14, "commission": 0.0, "slip": 0.0}
ny|IS|{"range_start": 8, "range_end": 13, "entry_end": 14, "exit_time": 21}
ny_gross|IS_gross|{"range_start": 8, "range_end": 13, "entry_end": 14, "exit_time": 21, "commission": 0.0, "slip": 0.0}
ny|IS|{"range_start": 8, "range_end": 13, "entry_end": 15, "exit_time": 16}
ny_gross|IS_gross|{"range_start": 8, "range_end": 13, "entry_end": 15, "exit_time": 16, "commission": 0.0, "slip": 0.0}
ny|IS|{"range_start": 8, "range_end": 13, "entry_end": 15, "exit_time": 17}
ny_gross|IS_gross|{"range_start": 8, "range_end": 13, "entry_end": 15, "exit_time": 17, "commission": 0.0, "slip": 0.0}
ny|IS|{"range_start": 8, "range_end": 13, "entry_end": 15, "exit_time": 18}
ny_gross|IS_gross|{"range_start": 8, "range_end": 13, "entry_end": 15, "exit_time": 18, "commission": 0.0, "slip": 0.0}
ny|IS|{"range_start": 8, "range_end": 13, "entry_end": 15, "exit_time": 19}
ny_gross|IS_gross|{"range_start": 8, "range_end": 13, "entry_end": 15, "exit_time": 19, "commission": 0.0, "slip": 0.0}
ny|IS|{"range_start": 8, "range_end": 13, "entry_end": 15}
ny_gross|IS_gross|{"range_start": 8, "range_end": 13, "entry_end": 15, "commission": 0.0, "slip": 0.0}
ny|IS|{"range_start": 8, "range_end": 13, "entry_end": 15, "exit_time": 21}
ny_gross|IS_gross|{"range_start": 8, "range_end": 13, "entry_end": 15, "exit_time": 21, "commission": 0.0, "slip": 0.0}
ny|IS|{"range_start": 8, "range_end": 13, "entry_end": 16, "exit_time": 16}
ny_gross|IS_gross|{"range_start": 8, "range_end": 13, "entry_end": 16, "exit_time": 16, "commission": 0.0, "slip": 0.0}
ny|IS|{"range_start": 8, "range_end": 13, "entry_end": 16, "exit_time": 17}
ny_gross|IS_gross|{"range_start": 8, "range_end": 13, "entry_end": 16, "exit_time": 17, "commission": 0.0, "slip": 0.0}
ny|IS|{"range_start": 8, "range_end": 13, "entry_end": 16, "exit_time": 18}
ny_gross|IS_gross|{"range_start": 8, "range_end": 13, "entry_end": 16, "exit_time": 18, "commission": 0.0, "slip": 0.0}
ny|IS|{"range_start": 8, "range_end": 13, "entry_end": 16, "exit_time": 19}
ny_gross|IS_gross|{"range_start": 8, "range_end": 13, "entry_end": 16, "exit_time": 19, "commission": 0.0, "slip": 0.0}
ny|IS|{"range_start": 8, "range_end": 13, "entry_end": 16}
ny_gross|IS_gross|{"range_start": 8, "range_end": 13, "entry_end": 16, "commission": 0.0, "slip": 0.0}
ny|IS|{"range_start": 8, "range_end": 13, "entry_end": 16, "exit_time": 21}
ny_gross|IS_gross|{"range_start": 8, "range_end": 13, "entry_end": 16, "exit_time": 21, "commission": 0.0, "slip": 0.0}
ny|IS|{"range_start": 8, "range_end": 13, "entry_end": 17, "exit_time": 17}
ny_gross|IS_gross|{"range_start": 8, "range_end": 13, "entry_end": 17, "exit_time": 17, "commission": 0.0, "slip": 0.0}
ny|IS|{"range_start": 8, "range_end": 13, "entry_end": 17, "exit_time": 18}
ny_gross|IS_gross|{"range_start": 8, "range_end": 13, "entry_end": 17, "exit_time": 18, "commission": 0.0, "slip": 0.0}
ny|IS|{"range_start": 8, "range_end": 13, "entry_end": 17, "exit_time": 19}
ny_gross|IS_gross|{"range_start": 8, "range_end": 13, "entry_end": 17, "exit_time": 19, "commission": 0.0, "slip": 0.0}
ny|IS|{"range_start": 8, "range_end": 13, "entry_end": 17}
ny_gross|IS_gross|{"range_start": 8, "range_end": 13, "entry_end": 17, "commission": 0.0, "slip": 0.0}
ny|IS|{"range_start": 8, "range_end": 13, "entry_end": 17, "exit_time": 21}
ny_gross|IS_gross|{"range_start": 8, "range_end": 13, "entry_end": 17, "exit_time": 21, "commission": 0.0, "slip": 0.0}
ny|IS|{"range_start": 8, "range_end": 13.25, "entry_end": 14, "exit_time": 16}
ny_gross|IS_gross|{"range_start": 8, "range_end": 13.25, "entry_end": 14, "exit_time": 16, "commission": 0.0, "slip": 0.0}
ny|IS|{"range_start": 8, "range_end": 13.25, "entry_end": 14, "exit_time": 17}
ny_gross|IS_gross|{"range_start": 8, "range_end": 13.25, "entry_end": 14, "exit_time": 17, "commission": 0.0, "slip": 0.0}
ny|IS|{"range_start": 8, "range_end": 13.25, "entry_end": 14, "exit_time": 18}
ny_gross|IS_gross|{"range_start": 8, "range_end": 13.25, "entry_end": 14, "exit_time": 18, "commission": 0.0, "slip": 0.0}
ny|IS|{"range_start": 8, "range_end": 13.25, "entry_end": 14, "exit_time": 19}
ny_gross|IS_gross|{"range_start": 8, "range_end": 13.25, "entry_end": 14, "exit_time": 19, "commission": 0.0, "slip": 0.0}
ny|IS|{"range_start": 8, "range_end": 13.25, "entry_end": 14}
ny_gross|IS_gross|{"range_start": 8, "range_end": 13.25, "entry_end": 14, "commission": 0.0, "slip": 0.0}
ny|IS|{"range_start": 8, "range_end": 13.25, "entry_end": 14, "exit_time": 21}
ny_gross|IS_gross|{"range_start": 8, "range_end": 13.25, "entry_end": 14, "exit_time": 21, "commission": 0.0, "slip": 0.0}
ny|IS|{"range_start": 8, "range_end": 13.25, "entry_end": 15, "exit_time": 16}
ny_gross|IS_gross|{"range_start": 8, "range_end": 13.25, "entry_end": 15, "exit_time": 16, "commission": 0.0, "slip": 0.0}
ny|IS|{"range_start": 8, "range_end": 13.25, "entry_end": 15, "exit_time": 17}
ny_gross|IS_gross|{"range_start": 8, "range_end": 13.25, "entry_end": 15, "exit_time": 17, "commission": 0.0, "slip": 0.0}
ny|IS|{"range_start": 8, "range_end": 13.25, "entry_end": 15, "exit_time": 18}
ny_gross|IS_gross|{"range_start": 8, "range_end": 13.25, "entry_end": 15, "exit_time": 18, "commission": 0.0, "slip": 0.0}
ny|IS|{"range_start": 8, "range_end": 13.25, "entry_end": 15, "exit_time": 19}
ny_gross|IS_gross|{"range_start": 8, "range_end": 13.25, "entry_end": 15, "exit_time": 19, "commission": 0.0, "slip": 0.0}
ny|IS|{"range_start": 8, "range_end": 13.25, "entry_end": 15}
ny_gross|IS_gross|{"range_start": 8, "range_end": 13.25, "entry_end": 15, "commission": 0.0, "slip": 0.0}
ny|IS|{"range_start": 8, "range_end": 13.25, "entry_end": 15, "exit_time": 21}
ny_gross|IS_gross|{"range_start": 8, "range_end": 13.25, "entry_end": 15, "exit_time": 21, "commission": 0.0, "slip": 0.0}
ny|IS|{"range_start": 8, "range_end": 13.25, "entry_end": 16, "exit_time": 16}
ny_gross|IS_gross|{"range_start": 8, "range_end": 13.25, "entry_end": 16, "exit_time": 16, "commission": 0.0, "slip": 0.0}
ny|IS|{"range_start": 8, "range_end": 13.25, "entry_end": 16, "exit_time": 17}
ny_gross|IS_gross|{"range_start": 8, "range_end": 13.25, "entry_end": 16, "exit_time": 17, "commission": 0.0, "slip": 0.0}
ny|IS|{"range_start": 8, "range_end": 13.25, "entry_end": 16, "exit_time": 18}
ny_gross|IS_gross|{"range_start": 8, "range_end": 13.25, "entry_end": 16, "exit_time": 18, "commission": 0.0, "slip": 0.0}
ny|IS|{"range_start": 8, "range_end": 13.25, "entry_end": 16, "exit_time": 19}
ny_gross|IS_gross|{"range_start": 8, "range_end": 13.25, "entry_end": 16, "exit_time": 19, "commission": 0.0, "slip": 0.0}
ny|IS|{"range_start": 8, "range_end": 13.25, "entry_end": 16}
ny_gross|IS_gross|{"range_start": 8, "range_end": 13.25, "entry_end": 16, "commission": 0.0, "slip": 0.0}
ny|IS|{"range_start": 8, "range_end": 13.25, "entry_end": 16, "exit_time": 21}
ny_gross|IS_gross|{"range_start": 8, "range_end": 13.25, "entry_end": 16, "exit_time": 21, "commission": 0.0, "slip": 0.0}
ny|IS|{"range_start": 8, "range_end": 13.25, "entry_end": 17, "exit_time": 17}
ny_gross|IS_gross|{"range_start": 8, "range_end": 13.25, "entry_end": 17, "exit_time": 17, "commission": 0.0, "slip": 0.0}
ny|IS|{"range_start": 8, "range_end": 13.25, "entry_end": 17, "exit_time": 18}
ny_gross|IS_gross|{"range_start": 8, "range_end": 13.25, "entry_end": 17, "exit_time": 18, "commission": 0.0, "slip": 0.0}
ny|IS|{"range_start": 8, "range_end": 13.25, "entry_end": 17, "exit_time": 19}
ny_gross|IS_gross|{"range_start": 8, "range_end": 13.25, "entry_end": 17, "exit_time": 19, "commission": 0.0, "slip": 0.0}
ny|IS|{"range_start": 8, "range_end": 13.25, "entry_end": 17}
ny_gross|IS_gross|{"range_start": 8, "range_end": 13.25, "entry_end": 17, "commission": 0.0, "slip": 0.0}
ny|IS|{"range_start": 8, "range_end": 13.25, "entry_end": 17, "exit_time": 21}
ny_gross|IS_gross|{"range_start": 8, "range_end": 13.25, "entry_end": 17, "exit_time": 21, "commission": 0.0, "slip": 0.0}
ny|IS|{"range_start": 8, "range_end": 13.5, "entry_end": 14, "exit_time": 16}
ny_gross|IS_gross|{"range_start": 8, "range_end": 13.5, "entry_end": 14, "exit_time": 16, "commission": 0.0, "slip": 0.0}
ny|IS|{"range_start": 8, "range_end": 13.5, "entry_end": 14, "exit_time": 17}
ny_gross|IS_gross|{"range_start": 8, "range_end": 13.5, "entry_end": 14, "exit_time": 17, "commission": 0.0, "slip": 0.0}
ny|IS|{"range_start": 8, "range_end": 13.5, "entry_end": 14, "exit_time": 18}
ny_gross|IS_gross|{"range_start": 8, "range_end": 13.5, "entry_end": 14, "exit_time": 18, "commission": 0.0, "slip": 0.0}
ny|IS|{"range_start": 8, "range_end": 13.5, "entry_end": 14, "exit_time": 19}
ny_gross|IS_gross|{"range_start": 8, "range_end": 13.5, "entry_end": 14, "exit_time": 19, "commission": 0.0, "slip": 0.0}
ny|IS|{"range_start": 8, "range_end": 13.5, "entry_end": 14}
ny_gross|IS_gross|{"range_start": 8, "range_end": 13.5, "entry_end": 14, "commission": 0.0, "slip": 0.0}
ny|IS|{"range_start": 8, "range_end": 13.5, "entry_end": 14, "exit_time": 21}
ny_gross|IS_gross|{"range_start": 8, "range_end": 13.5, "entry_end": 14, "exit_time": 21, "commission": 0.0, "slip": 0.0}
ny|IS|{"range_start": 8, "range_end": 13.5, "entry_end": 15, "exit_time": 16}
ny_gross|IS_gross|{"range_start": 8, "range_end": 13.5, "entry_end": 15, "exit_time": 16, "commission": 0.0, "slip": 0.0}
ny|IS|{"range_start": 8, "range_end": 13.5, "entry_end": 15, "exit_time": 17}
ny_gross|IS_gross|{"range_start": 8, "range_end": 13.5, "entry_end": 15, "exit_time": 17, "commission": 0.0, "slip": 0.0}
ny|IS|{"range_start": 8, "range_end": 13.5, "entry_end": 15, "exit_time": 18}
ny_gross|IS_gross|{"range_start": 8, "range_end": 13.5, "entry_end": 15, "exit_time": 18, "commission": 0.0, "slip": 0.0}
ny|IS|{"range_start": 8, "range_end": 13.5, "entry_end": 15, "exit_time": 19}
ny_gross|IS_gross|{"range_start": 8, "range_end": 13.5, "entry_end": 15, "exit_time": 19, "commission": 0.0, "slip": 0.0}
ny|IS|{"range_start": 8, "range_end": 13.5, "entry_end": 15}
ny_gross|IS_gross|{"range_start": 8, "range_end": 13.5, "entry_end": 15, "commission": 0.0, "slip": 0.0}
ny|IS|{"range_start": 8, "range_end": 13.5, "entry_end": 15, "exit_time": 21}
ny_gross|IS_gross|{"range_start": 8, "range_end": 13.5, "entry_end": 15, "exit_time": 21, "commission": 0.0, "slip": 0.0}
ny|IS|{"range_start": 8, "range_end": 13.5, "entry_end": 16, "exit_time": 16}
ny_gross|IS_gross|{"range_start": 8, "range_end": 13.5, "entry_end": 16, "exit_time": 16, "commission": 0.0, "slip": 0.0}
ny|IS|{"range_start": 8, "range_end": 13.5, "entry_end": 16, "exit_time": 17}
ny_gross|IS_gross|{"range_start": 8, "range_end": 13.5, "entry_end": 16, "exit_time": 17, "commission": 0.0, "slip": 0.0}
ny|IS|{"range_start": 8, "range_end": 13.5, "entry_end": 16, "exit_time": 18}
ny_gross|IS_gross|{"range_start": 8, "range_end": 13.5, "entry_end": 16, "exit_time": 18, "commission": 0.0, "slip": 0.0}
ny|IS|{"range_start": 8, "range_end": 13.5, "entry_end": 16, "exit_time": 19}
ny_gross|IS_gross|{"range_start": 8, "range_end": 13.5, "entry_end": 16, "exit_time": 19, "commission": 0.0, "slip": 0.0}
ny|IS|{"range_start": 8, "range_end": 13.5, "entry_end": 16}
ny_gross|IS_gross|{"range_start": 8, "range_end": 13.5, "entry_end": 16, "commission": 0.0, "slip": 0.0}
ny|IS|{"range_start": 8, "range_end": 13.5, "entry_end": 16, "exit_time": 21}
ny_gross|IS_gross|{"range_start": 8, "range_end": 13.5, "entry_end": 16, "exit_time": 21, "commission": 0.0, "slip": 0.0}
ny|IS|{"range_start": 8, "range_end": 13.5, "entry_end": 17, "exit_time": 17}
ny_gross|IS_gross|{"range_start": 8, "range_end": 13.5, "entry_end": 17, "exit_time": 17, "commission": 0.0, "slip": 0.0}
ny|IS|{"range_start": 8, "range_end": 13.5, "entry_end": 17, "exit_time": 18}
ny_gross|IS_gross|{"range_start": 8, "range_end": 13.5, "entry_end": 17, "exit_time": 18, "commission": 0.0, "slip": 0.0}
ny|IS|{"range_start": 8, "range_end": 13.5, "entry_end": 17, "exit_time": 19}
ny_gross|IS_gross|{"range_start": 8, "range_end": 13.5, "entry_end": 17, "exit_time": 19, "commission": 0.0, "slip": 0.0}
ny|IS|{"range_start": 8, "range_end": 13.5, "entry_end": 17}
ny_gross|IS_gross|{"range_start": 8, "range_end": 13.5, "entry_end": 17, "commission": 0.0, "slip": 0.0}
ny|IS|{"range_start": 8, "range_end": 13.5, "entry_end": 17, "exit_time": 21}
ny_gross|IS_gross|{"range_start": 8, "range_end": 13.5, "entry_end": 17, "exit_time": 21, "commission": 0.0, "slip": 0.0}
ny|IS|{"range_start": 8, "range_end": 14, "entry_end": 15, "exit_time": 16}
ny_gross|IS_gross|{"range_start": 8, "range_end": 14, "entry_end": 15, "exit_time": 16, "commission": 0.0, "slip": 0.0}
ny|IS|{"range_start": 8, "range_end": 14, "entry_end": 15, "exit_time": 17}
ny_gross|IS_gross|{"range_start": 8, "range_end": 14, "entry_end": 15, "exit_time": 17, "commission": 0.0, "slip": 0.0}
ny|IS|{"range_start": 8, "range_end": 14, "entry_end": 15, "exit_time": 18}
ny_gross|IS_gross|{"range_start": 8, "range_end": 14, "entry_end": 15, "exit_time": 18, "commission": 0.0, "slip": 0.0}
ny|IS|{"range_start": 8, "range_end": 14, "entry_end": 15, "exit_time": 19}
ny_gross|IS_gross|{"range_start": 8, "range_end": 14, "entry_end": 15, "exit_time": 19, "commission": 0.0, "slip": 0.0}
ny|IS|{"range_start": 8, "range_end": 14, "entry_end": 15}
ny_gross|IS_gross|{"range_start": 8, "range_end": 14, "entry_end": 15, "commission": 0.0, "slip": 0.0}
ny|IS|{"range_start": 8, "range_end": 14, "entry_end": 15, "exit_time": 21}
ny_gross|IS_gross|{"range_start": 8, "range_end": 14, "entry_end": 15, "exit_time": 21, "commission": 0.0, "slip": 0.0}
ny|IS|{"range_start": 8, "range_end": 14, "entry_end": 16, "exit_time": 16}
ny_gross|IS_gross|{"range_start": 8, "range_end": 14, "entry_end": 16, "exit_time": 16, "commission": 0.0, "slip": 0.0}
ny|IS|{"range_start": 8, "range_end": 14, "entry_end": 16, "exit_time": 17}
ny_gross|IS_gross|{"range_start": 8, "range_end": 14, "entry_end": 16, "exit_time": 17, "commission": 0.0, "slip": 0.0}
ny|IS|{"range_start": 8, "range_end": 14, "entry_end": 16, "exit_time": 18}
ny_gross|IS_gross|{"range_start": 8, "range_end": 14, "entry_end": 16, "exit_time": 18, "commission": 0.0, "slip": 0.0}
ny|IS|{"range_start": 8, "range_end": 14, "entry_end": 16, "exit_time": 19}
ny_gross|IS_gross|{"range_start": 8, "range_end": 14, "entry_end": 16, "exit_time": 19, "commission": 0.0, "slip": 0.0}
ny|IS|{"range_start": 8, "range_end": 14, "entry_end": 16}
ny_gross|IS_gross|{"range_start": 8, "range_end": 14, "entry_end": 16, "commission": 0.0, "slip": 0.0}
ny|IS|{"range_start": 8, "range_end": 14, "entry_end": 16, "exit_time": 21}
ny_gross|IS_gross|{"range_start": 8, "range_end": 14, "entry_end": 16, "exit_time": 21, "commission": 0.0, "slip": 0.0}
ny|IS|{"range_start": 8, "range_end": 14, "entry_end": 17, "exit_time": 17}
ny_gross|IS_gross|{"range_start": 8, "range_end": 14, "entry_end": 17, "exit_time": 17, "commission": 0.0, "slip": 0.0}
ny|IS|{"range_start": 8, "range_end": 14, "entry_end": 17, "exit_time": 18}
ny_gross|IS_gross|{"range_start": 8, "range_end": 14, "entry_end": 17, "exit_time": 18, "commission": 0.0, "slip": 0.0}
ny|IS|{"range_start": 8, "range_end": 14, "entry_end": 17, "exit_time": 19}
ny_gross|IS_gross|{"range_start": 8, "range_end": 14, "entry_end": 17, "exit_time": 19, "commission": 0.0, "slip": 0.0}
ny|IS|{"range_start": 8, "range_end": 14, "entry_end": 17}
ny_gross|IS_gross|{"range_start": 8, "range_end": 14, "entry_end": 17, "commission": 0.0, "slip": 0.0}
ny|IS|{"range_start": 8, "range_end": 14, "entry_end": 17, "exit_time": 21}
ny_gross|IS_gross|{"range_start": 8, "range_end": 14, "entry_end": 17, "exit_time": 21, "commission": 0.0, "slip": 0.0}
ny|IS|{"range_start": 8, "range_end": 15, "entry_end": 16, "exit_time": 16}
ny_gross|IS_gross|{"range_start": 8, "range_end": 15, "entry_end": 16, "exit_time": 16, "commission": 0.0, "slip": 0.0}
ny|IS|{"range_start": 8, "range_end": 15, "entry_end": 16, "exit_time": 17}
ny_gross|IS_gross|{"range_start": 8, "range_end": 15, "entry_end": 16, "exit_time": 17, "commission": 0.0, "slip": 0.0}
ny|IS|{"range_start": 8, "range_end": 15, "entry_end": 16, "exit_time": 18}
ny_gross|IS_gross|{"range_start": 8, "range_end": 15, "entry_end": 16, "exit_time": 18, "commission": 0.0, "slip": 0.0}
ny|IS|{"range_start": 8, "range_end": 15, "entry_end": 16, "exit_time": 19}
ny_gross|IS_gross|{"range_start": 8, "range_end": 15, "entry_end": 16, "exit_time": 19, "commission": 0.0, "slip": 0.0}
ny|IS|{"range_start": 8, "range_end": 15, "entry_end": 16}
ny_gross|IS_gross|{"range_start": 8, "range_end": 15, "entry_end": 16, "commission": 0.0, "slip": 0.0}
ny|IS|{"range_start": 8, "range_end": 15, "entry_end": 16, "exit_time": 21}
ny_gross|IS_gross|{"range_start": 8, "range_end": 15, "entry_end": 16, "exit_time": 21, "commission": 0.0, "slip": 0.0}
ny|IS|{"range_start": 8, "range_end": 15, "entry_end": 17, "exit_time": 17}
ny_gross|IS_gross|{"range_start": 8, "range_end": 15, "entry_end": 17, "exit_time": 17, "commission": 0.0, "slip": 0.0}
ny|IS|{"range_start": 8, "range_end": 15, "entry_end": 17, "exit_time": 18}
ny_gross|IS_gross|{"range_start": 8, "range_end": 15, "entry_end": 17, "exit_time": 18, "commission": 0.0, "slip": 0.0}
ny|IS|{"range_start": 8, "range_end": 15, "entry_end": 17, "exit_time": 19}
ny_gross|IS_gross|{"range_start": 8, "range_end": 15, "entry_end": 17, "exit_time": 19, "commission": 0.0, "slip": 0.0}
ny|IS|{"range_start": 8, "range_end": 15, "entry_end": 17}
ny_gross|IS_gross|{"range_start": 8, "range_end": 15, "entry_end": 17, "commission": 0.0, "slip": 0.0}
ny|IS|{"range_start": 8, "range_end": 15, "entry_end": 17, "exit_time": 21}
ny_gross|IS_gross|{"range_start": 8, "range_end": 15, "entry_end": 17, "exit_time": 21, "commission": 0.0, "slip": 0.0}
ny|IS|{"range_start": 9, "range_end": 12.5, "entry_end": 14, "exit_time": 16}
ny_gross|IS_gross|{"range_start": 9, "range_end": 12.5, "entry_end": 14, "exit_time": 16, "commission": 0.0, "slip": 0.0}
ny|IS|{"range_start": 9, "range_end": 12.5, "entry_end": 14, "exit_time": 17}
ny_gross|IS_gross|{"range_start": 9, "range_end": 12.5, "entry_end": 14, "exit_time": 17, "commission": 0.0, "slip": 0.0}
ny|IS|{"range_start": 9, "range_end": 12.5, "entry_end": 14, "exit_time": 18}
ny_gross|IS_gross|{"range_start": 9, "range_end": 12.5, "entry_end": 14, "exit_time": 18, "commission": 0.0, "slip": 0.0}
ny|IS|{"range_start": 9, "range_end": 12.5, "entry_end": 14, "exit_time": 19}
ny_gross|IS_gross|{"range_start": 9, "range_end": 12.5, "entry_end": 14, "exit_time": 19, "commission": 0.0, "slip": 0.0}
ny|IS|{"range_start": 9, "range_end": 12.5, "entry_end": 14}
ny_gross|IS_gross|{"range_start": 9, "range_end": 12.5, "entry_end": 14, "commission": 0.0, "slip": 0.0}
ny|IS|{"range_start": 9, "range_end": 12.5, "entry_end": 14, "exit_time": 21}
ny_gross|IS_gross|{"range_start": 9, "range_end": 12.5, "entry_end": 14, "exit_time": 21, "commission": 0.0, "slip": 0.0}
ny|IS|{"range_start": 9, "range_end": 12.5, "entry_end": 15, "exit_time": 16}
ny_gross|IS_gross|{"range_start": 9, "range_end": 12.5, "entry_end": 15, "exit_time": 16, "commission": 0.0, "slip": 0.0}
ny|IS|{"range_start": 9, "range_end": 12.5, "entry_end": 15, "exit_time": 17}
ny_gross|IS_gross|{"range_start": 9, "range_end": 12.5, "entry_end": 15, "exit_time": 17, "commission": 0.0, "slip": 0.0}
ny|IS|{"range_start": 9, "range_end": 12.5, "entry_end": 15, "exit_time": 18}
ny_gross|IS_gross|{"range_start": 9, "range_end": 12.5, "entry_end": 15, "exit_time": 18, "commission": 0.0, "slip": 0.0}
ny|IS|{"range_start": 9, "range_end": 12.5, "entry_end": 15, "exit_time": 19}
ny_gross|IS_gross|{"range_start": 9, "range_end": 12.5, "entry_end": 15, "exit_time": 19, "commission": 0.0, "slip": 0.0}
ny|IS|{"range_start": 9, "range_end": 12.5, "entry_end": 15}
ny_gross|IS_gross|{"range_start": 9, "range_end": 12.5, "entry_end": 15, "commission": 0.0, "slip": 0.0}
ny|IS|{"range_start": 9, "range_end": 12.5, "entry_end": 15, "exit_time": 21}
ny_gross|IS_gross|{"range_start": 9, "range_end": 12.5, "entry_end": 15, "exit_time": 21, "commission": 0.0, "slip": 0.0}
ny|IS|{"range_start": 9, "range_end": 12.5, "entry_end": 16, "exit_time": 16}
ny_gross|IS_gross|{"range_start": 9, "range_end": 12.5, "entry_end": 16, "exit_time": 16, "commission": 0.0, "slip": 0.0}
ny|IS|{"range_start": 9, "range_end": 12.5, "entry_end": 16, "exit_time": 17}
ny_gross|IS_gross|{"range_start": 9, "range_end": 12.5, "entry_end": 16, "exit_time": 17, "commission": 0.0, "slip": 0.0}
ny|IS|{"range_start": 9, "range_end": 12.5, "entry_end": 16, "exit_time": 18}
ny_gross|IS_gross|{"range_start": 9, "range_end": 12.5, "entry_end": 16, "exit_time": 18, "commission": 0.0, "slip": 0.0}
ny|IS|{"range_start": 9, "range_end": 12.5, "entry_end": 16, "exit_time": 19}
ny_gross|IS_gross|{"range_start": 9, "range_end": 12.5, "entry_end": 16, "exit_time": 19, "commission": 0.0, "slip": 0.0}
ny|IS|{"range_start": 9, "range_end": 12.5, "entry_end": 16}
ny_gross|IS_gross|{"range_start": 9, "range_end": 12.5, "entry_end": 16, "commission": 0.0, "slip": 0.0}
ny|IS|{"range_start": 9, "range_end": 12.5, "entry_end": 16, "exit_time": 21}
ny_gross|IS_gross|{"range_start": 9, "range_end": 12.5, "entry_end": 16, "exit_time": 21, "commission": 0.0, "slip": 0.0}
ny|IS|{"range_start": 9, "range_end": 12.5, "entry_end": 17, "exit_time": 17}
ny_gross|IS_gross|{"range_start": 9, "range_end": 12.5, "entry_end": 17, "exit_time": 17, "commission": 0.0, "slip": 0.0}
ny|IS|{"range_start": 9, "range_end": 12.5, "entry_end": 17, "exit_time": 18}
ny_gross|IS_gross|{"range_start": 9, "range_end": 12.5, "entry_end": 17, "exit_time": 18, "commission": 0.0, "slip": 0.0}
ny|IS|{"range_start": 9, "range_end": 12.5, "entry_end": 17, "exit_time": 19}
ny_gross|IS_gross|{"range_start": 9, "range_end": 12.5, "entry_end": 17, "exit_time": 19, "commission": 0.0, "slip": 0.0}
ny|IS|{"range_start": 9, "range_end": 12.5, "entry_end": 17}
ny_gross|IS_gross|{"range_start": 9, "range_end": 12.5, "entry_end": 17, "commission": 0.0, "slip": 0.0}
ny|IS|{"range_start": 9, "range_end": 12.5, "entry_end": 17, "exit_time": 21}
ny_gross|IS_gross|{"range_start": 9, "range_end": 12.5, "entry_end": 17, "exit_time": 21, "commission": 0.0, "slip": 0.0}
ny|IS|{"range_start": 9, "range_end": 13, "entry_end": 14, "exit_time": 16}
ny_gross|IS_gross|{"range_start": 9, "range_end": 13, "entry_end": 14, "exit_time": 16, "commission": 0.0, "slip": 0.0}
ny|IS|{"range_start": 9, "range_end": 13, "entry_end": 14, "exit_time": 17}
ny_gross|IS_gross|{"range_start": 9, "range_end": 13, "entry_end": 14, "exit_time": 17, "commission": 0.0, "slip": 0.0}
ny|IS|{"range_start": 9, "range_end": 13, "entry_end": 14, "exit_time": 18}
ny_gross|IS_gross|{"range_start": 9, "range_end": 13, "entry_end": 14, "exit_time": 18, "commission": 0.0, "slip": 0.0}
ny|IS|{"range_start": 9, "range_end": 13, "entry_end": 14, "exit_time": 19}
ny_gross|IS_gross|{"range_start": 9, "range_end": 13, "entry_end": 14, "exit_time": 19, "commission": 0.0, "slip": 0.0}
ny|IS|{"range_start": 9, "range_end": 13, "entry_end": 14}
ny_gross|IS_gross|{"range_start": 9, "range_end": 13, "entry_end": 14, "commission": 0.0, "slip": 0.0}
ny|IS|{"range_start": 9, "range_end": 13, "entry_end": 14, "exit_time": 21}
ny_gross|IS_gross|{"range_start": 9, "range_end": 13, "entry_end": 14, "exit_time": 21, "commission": 0.0, "slip": 0.0}
ny|IS|{"range_start": 9, "range_end": 13, "entry_end": 15, "exit_time": 16}
ny_gross|IS_gross|{"range_start": 9, "range_end": 13, "entry_end": 15, "exit_time": 16, "commission": 0.0, "slip": 0.0}
ny|IS|{"range_start": 9, "range_end": 13, "entry_end": 15, "exit_time": 17}
ny_gross|IS_gross|{"range_start": 9, "range_end": 13, "entry_end": 15, "exit_time": 17, "commission": 0.0, "slip": 0.0}
ny|IS|{"range_start": 9, "range_end": 13, "entry_end": 15, "exit_time": 18}
ny_gross|IS_gross|{"range_start": 9, "range_end": 13, "entry_end": 15, "exit_time": 18, "commission": 0.0, "slip": 0.0}
ny|IS|{"range_start": 9, "range_end": 13, "entry_end": 15, "exit_time": 19}
ny_gross|IS_gross|{"range_start": 9, "range_end": 13, "entry_end": 15, "exit_time": 19, "commission": 0.0, "slip": 0.0}
ny|IS|{"range_start": 9, "range_end": 13, "entry_end": 15}
ny_gross|IS_gross|{"range_start": 9, "range_end": 13, "entry_end": 15, "commission": 0.0, "slip": 0.0}
ny|IS|{"range_start": 9, "range_end": 13, "entry_end": 15, "exit_time": 21}
ny_gross|IS_gross|{"range_start": 9, "range_end": 13, "entry_end": 15, "exit_time": 21, "commission": 0.0, "slip": 0.0}
ny|IS|{"range_start": 9, "range_end": 13, "entry_end": 16, "exit_time": 16}
ny_gross|IS_gross|{"range_start": 9, "range_end": 13, "entry_end": 16, "exit_time": 16, "commission": 0.0, "slip": 0.0}
ny|IS|{"range_start": 9, "range_end": 13, "entry_end": 16, "exit_time": 17}
ny_gross|IS_gross|{"range_start": 9, "range_end": 13, "entry_end": 16, "exit_time": 17, "commission": 0.0, "slip": 0.0}
ny|IS|{"range_start": 9, "range_end": 13, "entry_end": 16, "exit_time": 18}
ny_gross|IS_gross|{"range_start": 9, "range_end": 13, "entry_end": 16, "exit_time": 18, "commission": 0.0, "slip": 0.0}
ny|IS|{"range_start": 9, "range_end": 13, "entry_end": 16, "exit_time": 19}
ny_gross|IS_gross|{"range_start": 9, "range_end": 13, "entry_end": 16, "exit_time": 19, "commission": 0.0, "slip": 0.0}
ny|IS|{"range_start": 9, "range_end": 13, "entry_end": 16}
ny_gross|IS_gross|{"range_start": 9, "range_end": 13, "entry_end": 16, "commission": 0.0, "slip": 0.0}
ny|IS|{"range_start": 9, "range_end": 13, "entry_end": 16, "exit_time": 21}
ny_gross|IS_gross|{"range_start": 9, "range_end": 13, "entry_end": 16, "exit_time": 21, "commission": 0.0, "slip": 0.0}
ny|IS|{"range_start": 9, "range_end": 13, "entry_end": 17, "exit_time": 17}
ny_gross|IS_gross|{"range_start": 9, "range_end": 13, "entry_end": 17, "exit_time": 17, "commission": 0.0, "slip": 0.0}
ny|IS|{"range_start": 9, "range_end": 13, "entry_end": 17, "exit_time": 18}
ny_gross|IS_gross|{"range_start": 9, "range_end": 13, "entry_end": 17, "exit_time": 18, "commission": 0.0, "slip": 0.0}
ny|IS|{"range_start": 9, "range_end": 13, "entry_end": 17, "exit_time": 19}
ny_gross|IS_gross|{"range_start": 9, "range_end": 13, "entry_end": 17, "exit_time": 19, "commission": 0.0, "slip": 0.0}
ny|IS|{"range_start": 9, "range_end": 13, "entry_end": 17}
ny_gross|IS_gross|{"range_start": 9, "range_end": 13, "entry_end": 17, "commission": 0.0, "slip": 0.0}
ny|IS|{"range_start": 9, "range_end": 13, "entry_end": 17, "exit_time": 21}
ny_gross|IS_gross|{"range_start": 9, "range_end": 13, "entry_end": 17, "exit_time": 21, "commission": 0.0, "slip": 0.0}
ny|IS|{"range_start": 9, "range_end": 13.25, "entry_end": 14, "exit_time": 16}
ny_gross|IS_gross|{"range_start": 9, "range_end": 13.25, "entry_end": 14, "exit_time": 16, "commission": 0.0, "slip": 0.0}
ny|IS|{"range_start": 9, "range_end": 13.25, "entry_end": 14, "exit_time": 17}
ny_gross|IS_gross|{"range_start": 9, "range_end": 13.25, "entry_end": 14, "exit_time": 17, "commission": 0.0, "slip": 0.0}
ny|IS|{"range_start": 9, "range_end": 13.25, "entry_end": 14, "exit_time": 18}
ny_gross|IS_gross|{"range_start": 9, "range_end": 13.25, "entry_end": 14, "exit_time": 18, "commission": 0.0, "slip": 0.0}
ny|IS|{"range_start": 9, "range_end": 13.25, "entry_end": 14, "exit_time": 19}
ny_gross|IS_gross|{"range_start": 9, "range_end": 13.25, "entry_end": 14, "exit_time": 19, "commission": 0.0, "slip": 0.0}
ny|IS|{"range_start": 9, "range_end": 13.25, "entry_end": 14}
ny_gross|IS_gross|{"range_start": 9, "range_end": 13.25, "entry_end": 14, "commission": 0.0, "slip": 0.0}
ny|IS|{"range_start": 9, "range_end": 13.25, "entry_end": 14, "exit_time": 21}
ny_gross|IS_gross|{"range_start": 9, "range_end": 13.25, "entry_end": 14, "exit_time": 21, "commission": 0.0, "slip": 0.0}
ny|IS|{"range_start": 9, "range_end": 13.25, "entry_end": 15, "exit_time": 16}
ny_gross|IS_gross|{"range_start": 9, "range_end": 13.25, "entry_end": 15, "exit_time": 16, "commission": 0.0, "slip": 0.0}
ny|IS|{"range_start": 9, "range_end": 13.25, "entry_end": 15, "exit_time": 17}
ny_gross|IS_gross|{"range_start": 9, "range_end": 13.25, "entry_end": 15, "exit_time": 17, "commission": 0.0, "slip": 0.0}
ny|IS|{"range_start": 9, "range_end": 13.25, "entry_end": 15, "exit_time": 18}
ny_gross|IS_gross|{"range_start": 9, "range_end": 13.25, "entry_end": 15, "exit_time": 18, "commission": 0.0, "slip": 0.0}
ny|IS|{"range_start": 9, "range_end": 13.25, "entry_end": 15, "exit_time": 19}
ny_gross|IS_gross|{"range_start": 9, "range_end": 13.25, "entry_end": 15, "exit_time": 19, "commission": 0.0, "slip": 0.0}
ny|IS|{"range_start": 9, "range_end": 13.25, "entry_end": 15}
ny_gross|IS_gross|{"range_start": 9, "range_end": 13.25, "entry_end": 15, "commission": 0.0, "slip": 0.0}
ny|IS|{"range_start": 9, "range_end": 13.25, "entry_end": 15, "exit_time": 21}
ny_gross|IS_gross|{"range_start": 9, "range_end": 13.25, "entry_end": 15, "exit_time": 21, "commission": 0.0, "slip": 0.0}
ny|IS|{"range_start": 9, "range_end": 13.25, "entry_end": 16, "exit_time": 16}
ny_gross|IS_gross|{"range_start": 9, "range_end": 13.25, "entry_end": 16, "exit_time": 16, "commission": 0.0, "slip": 0.0}
ny|IS|{"range_start": 9, "range_end": 13.25, "entry_end": 16, "exit_time": 17}
ny_gross|IS_gross|{"range_start": 9, "range_end": 13.25, "entry_end": 16, "exit_time": 17, "commission": 0.0, "slip": 0.0}
ny|IS|{"range_start": 9, "range_end": 13.25, "entry_end": 16, "exit_time": 18}
ny_gross|IS_gross|{"range_start": 9, "range_end": 13.25, "entry_end": 16, "exit_time": 18, "commission": 0.0, "slip": 0.0}
ny|IS|{"range_start": 9, "range_end": 13.25, "entry_end": 16, "exit_time": 19}
ny_gross|IS_gross|{"range_start": 9, "range_end": 13.25, "entry_end": 16, "exit_time": 19, "commission": 0.0, "slip": 0.0}
ny|IS|{"range_start": 9, "range_end": 13.25, "entry_end": 16}
ny_gross|IS_gross|{"range_start": 9, "range_end": 13.25, "entry_end": 16, "commission": 0.0, "slip": 0.0}
ny|IS|{"range_start": 9, "range_end": 13.25, "entry_end": 16, "exit_time": 21}
ny_gross|IS_gross|{"range_start": 9, "range_end": 13.25, "entry_end": 16, "exit_time": 21, "commission": 0.0, "slip": 0.0}
ny|IS|{"range_start": 9, "range_end": 13.25, "entry_end": 17, "exit_time": 17}
ny_gross|IS_gross|{"range_start": 9, "range_end": 13.25, "entry_end": 17, "exit_time": 17, "commission": 0.0, "slip": 0.0}
ny|IS|{"range_start": 9, "range_end": 13.25, "entry_end": 17, "exit_time": 18}
ny_gross|IS_gross|{"range_start": 9, "range_end": 13.25, "entry_end": 17, "exit_time": 18, "commission": 0.0, "slip": 0.0}
ny|IS|{"range_start": 9, "range_end": 13.25, "entry_end": 17, "exit_time": 19}
ny_gross|IS_gross|{"range_start": 9, "range_end": 13.25, "entry_end": 17, "exit_time": 19, "commission": 0.0, "slip": 0.0}
ny|IS|{"range_start": 9, "range_end": 13.25, "entry_end": 17}
ny_gross|IS_gross|{"range_start": 9, "range_end": 13.25, "entry_end": 17, "commission": 0.0, "slip": 0.0}
ny|IS|{"range_start": 9, "range_end": 13.25, "entry_end": 17, "exit_time": 21}
ny_gross|IS_gross|{"range_start": 9, "range_end": 13.25, "entry_end": 17, "exit_time": 21, "commission": 0.0, "slip": 0.0}
ny|IS|{"range_start": 9, "range_end": 13.5, "entry_end": 14, "exit_time": 16}
ny_gross|IS_gross|{"range_start": 9, "range_end": 13.5, "entry_end": 14, "exit_time": 16, "commission": 0.0, "slip": 0.0}
ny|IS|{"range_start": 9, "range_end": 13.5, "entry_end": 14, "exit_time": 17}
ny_gross|IS_gross|{"range_start": 9, "range_end": 13.5, "entry_end": 14, "exit_time": 17, "commission": 0.0, "slip": 0.0}
ny|IS|{"range_start": 9, "range_end": 13.5, "entry_end": 14, "exit_time": 18}
ny_gross|IS_gross|{"range_start": 9, "range_end": 13.5, "entry_end": 14, "exit_time": 18, "commission": 0.0, "slip": 0.0}
ny|IS|{"range_start": 9, "range_end": 13.5, "entry_end": 14, "exit_time": 19}
ny_gross|IS_gross|{"range_start": 9, "range_end": 13.5, "entry_end": 14, "exit_time": 19, "commission": 0.0, "slip": 0.0}
ny|IS|{"range_start": 9, "range_end": 13.5, "entry_end": 14}
ny_gross|IS_gross|{"range_start": 9, "range_end": 13.5, "entry_end": 14, "commission": 0.0, "slip": 0.0}
ny|IS|{"range_start": 9, "range_end": 13.5, "entry_end": 14, "exit_time": 21}
ny_gross|IS_gross|{"range_start": 9, "range_end": 13.5, "entry_end": 14, "exit_time": 21, "commission": 0.0, "slip": 0.0}
ny|IS|{"range_start": 9, "range_end": 13.5, "entry_end": 15, "exit_time": 16}
ny_gross|IS_gross|{"range_start": 9, "range_end": 13.5, "entry_end": 15, "exit_time": 16, "commission": 0.0, "slip": 0.0}
ny|IS|{"range_start": 9, "range_end": 13.5, "entry_end": 15, "exit_time": 17}
ny_gross|IS_gross|{"range_start": 9, "range_end": 13.5, "entry_end": 15, "exit_time": 17, "commission": 0.0, "slip": 0.0}
ny|IS|{"range_start": 9, "range_end": 13.5, "entry_end": 15, "exit_time": 18}
ny_gross|IS_gross|{"range_start": 9, "range_end": 13.5, "entry_end": 15, "exit_time": 18, "commission": 0.0, "slip": 0.0}
ny|IS|{"range_start": 9, "range_end": 13.5, "entry_end": 15, "exit_time": 19}
ny_gross|IS_gross|{"range_start": 9, "range_end": 13.5, "entry_end": 15, "exit_time": 19, "commission": 0.0, "slip": 0.0}
ny|IS|{"range_start": 9, "range_end": 13.5, "entry_end": 15}
ny_gross|IS_gross|{"range_start": 9, "range_end": 13.5, "entry_end": 15, "commission": 0.0, "slip": 0.0}
ny|IS|{"range_start": 9, "range_end": 13.5, "entry_end": 15, "exit_time": 21}
ny_gross|IS_gross|{"range_start": 9, "range_end": 13.5, "entry_end": 15, "exit_time": 21, "commission": 0.0, "slip": 0.0}
ny|IS|{"range_start": 9, "range_end": 13.5, "entry_end": 16, "exit_time": 16}
ny_gross|IS_gross|{"range_start": 9, "range_end": 13.5, "entry_end": 16, "exit_time": 16, "commission": 0.0, "slip": 0.0}
ny|IS|{"range_start": 9, "range_end": 13.5, "entry_end": 16, "exit_time": 17}
ny_gross|IS_gross|{"range_start": 9, "range_end": 13.5, "entry_end": 16, "exit_time": 17, "commission": 0.0, "slip": 0.0}
ny|IS|{"range_start": 9, "range_end": 13.5, "entry_end": 16, "exit_time": 18}
ny_gross|IS_gross|{"range_start": 9, "range_end": 13.5, "entry_end": 16, "exit_time": 18, "commission": 0.0, "slip": 0.0}
ny|IS|{"range_start": 9, "range_end": 13.5, "entry_end": 16, "exit_time": 19}
ny_gross|IS_gross|{"range_start": 9, "range_end": 13.5, "entry_end": 16, "exit_time": 19, "commission": 0.0, "slip": 0.0}
ny|IS|{"range_start": 9, "range_end": 13.5, "entry_end": 16}
ny_gross|IS_gross|{"range_start": 9, "range_end": 13.5, "entry_end": 16, "commission": 0.0, "slip": 0.0}
ny|IS|{"range_start": 9, "range_end": 13.5, "entry_end": 16, "exit_time": 21}
ny_gross|IS_gross|{"range_start": 9, "range_end": 13.5, "entry_end": 16, "exit_time": 21, "commission": 0.0, "slip": 0.0}
ny|IS|{"range_start": 9, "range_end": 13.5, "entry_end": 17, "exit_time": 17}
ny_gross|IS_gross|{"range_start": 9, "range_end": 13.5, "entry_end": 17, "exit_time": 17, "commission": 0.0, "slip": 0.0}
ny|IS|{"range_start": 9, "range_end": 13.5, "entry_end": 17, "exit_time": 18}
ny_gross|IS_gross|{"range_start": 9, "range_end": 13.5, "entry_end": 17, "exit_time": 18, "commission": 0.0, "slip": 0.0}
ny|IS|{"range_start": 9, "range_end": 13.5, "entry_end": 17, "exit_time": 19}
ny_gross|IS_gross|{"range_start": 9, "range_end": 13.5, "entry_end": 17, "exit_time": 19, "commission": 0.0, "slip": 0.0}
ny|IS|{"range_start": 9, "range_end": 13.5, "entry_end": 17}
ny_gross|IS_gross|{"range_start": 9, "range_end": 13.5, "entry_end": 17, "commission": 0.0, "slip": 0.0}
ny|IS|{"range_start": 9, "range_end": 13.5, "entry_end": 17, "exit_time": 21}
ny_gross|IS_gross|{"range_start": 9, "range_end": 13.5, "entry_end": 17, "exit_time": 21, "commission": 0.0, "slip": 0.0}
ny|IS|{"range_start": 9, "range_end": 14, "entry_end": 15, "exit_time": 16}
ny_gross|IS_gross|{"range_start": 9, "range_end": 14, "entry_end": 15, "exit_time": 16, "commission": 0.0, "slip": 0.0}
ny|IS|{"range_start": 9, "range_end": 14, "entry_end": 15, "exit_time": 17}
ny_gross|IS_gross|{"range_start": 9, "range_end": 14, "entry_end": 15, "exit_time": 17, "commission": 0.0, "slip": 0.0}
ny|IS|{"range_start": 9, "range_end": 14, "entry_end": 15, "exit_time": 18}
ny_gross|IS_gross|{"range_start": 9, "range_end": 14, "entry_end": 15, "exit_time": 18, "commission": 0.0, "slip": 0.0}
ny|IS|{"range_start": 9, "range_end": 14, "entry_end": 15, "exit_time": 19}
ny_gross|IS_gross|{"range_start": 9, "range_end": 14, "entry_end": 15, "exit_time": 19, "commission": 0.0, "slip": 0.0}
ny|IS|{"range_start": 9, "range_end": 14, "entry_end": 15}
ny_gross|IS_gross|{"range_start": 9, "range_end": 14, "entry_end": 15, "commission": 0.0, "slip": 0.0}
ny|IS|{"range_start": 9, "range_end": 14, "entry_end": 15, "exit_time": 21}
ny_gross|IS_gross|{"range_start": 9, "range_end": 14, "entry_end": 15, "exit_time": 21, "commission": 0.0, "slip": 0.0}
ny|IS|{"range_start": 9, "range_end": 14, "entry_end": 16, "exit_time": 16}
ny_gross|IS_gross|{"range_start": 9, "range_end": 14, "entry_end": 16, "exit_time": 16, "commission": 0.0, "slip": 0.0}
ny|IS|{"range_start": 9, "range_end": 14, "entry_end": 16, "exit_time": 17}
ny_gross|IS_gross|{"range_start": 9, "range_end": 14, "entry_end": 16, "exit_time": 17, "commission": 0.0, "slip": 0.0}
ny|IS|{"range_start": 9, "range_end": 14, "entry_end": 16, "exit_time": 18}
ny_gross|IS_gross|{"range_start": 9, "range_end": 14, "entry_end": 16, "exit_time": 18, "commission": 0.0, "slip": 0.0}
ny|IS|{"range_start": 9, "range_end": 14, "entry_end": 16, "exit_time": 19}
ny_gross|IS_gross|{"range_start": 9, "range_end": 14, "entry_end": 16, "exit_time": 19, "commission": 0.0, "slip": 0.0}
ny|IS|{"range_start": 9, "range_end": 14, "entry_end": 16}
ny_gross|IS_gross|{"range_start": 9, "range_end": 14, "entry_end": 16, "commission": 0.0, "slip": 0.0}
ny|IS|{"range_start": 9, "range_end": 14, "entry_end": 16, "exit_time": 21}
ny_gross|IS_gross|{"range_start": 9, "range_end": 14, "entry_end": 16, "exit_time": 21, "commission": 0.0, "slip": 0.0}
ny|IS|{"range_start": 9, "range_end": 14, "entry_end": 17, "exit_time": 17}
ny_gross|IS_gross|{"range_start": 9, "range_end": 14, "entry_end": 17, "exit_time": 17, "commission": 0.0, "slip": 0.0}
ny|IS|{"range_start": 9, "range_end": 14, "entry_end": 17, "exit_time": 18}
ny_gross|IS_gross|{"range_start": 9, "range_end": 14, "entry_end": 17, "exit_time": 18, "commission": 0.0, "slip": 0.0}
ny|IS|{"range_start": 9, "range_end": 14, "entry_end": 17, "exit_time": 19}
ny_gross|IS_gross|{"range_start": 9, "range_end": 14, "entry_end": 17, "exit_time": 19, "commission": 0.0, "slip": 0.0}
ny|IS|{"range_start": 9, "range_end": 14, "entry_end": 17}
ny_gross|IS_gross|{"range_start": 9, "range_end": 14, "entry_end": 17, "commission": 0.0, "slip": 0.0}
ny|IS|{"range_start": 9, "range_end": 14, "entry_end": 17, "exit_time": 21}
ny_gross|IS_gross|{"range_start": 9, "range_end": 14, "entry_end": 17, "exit_time": 21, "commission": 0.0, "slip": 0.0}
ny|IS|{"range_start": 9, "range_end": 15, "entry_end": 16, "exit_time": 16}
ny_gross|IS_gross|{"range_start": 9, "range_end": 15, "entry_end": 16, "exit_time": 16, "commission": 0.0, "slip": 0.0}
ny|IS|{"range_start": 9, "range_end": 15, "entry_end": 16, "exit_time": 17}
ny_gross|IS_gross|{"range_start": 9, "range_end": 15, "entry_end": 16, "exit_time": 17, "commission": 0.0, "slip": 0.0}
ny|IS|{"range_start": 9, "range_end": 15, "entry_end": 16, "exit_time": 18}
ny_gross|IS_gross|{"range_start": 9, "range_end": 15, "entry_end": 16, "exit_time": 18, "commission": 0.0, "slip": 0.0}
ny|IS|{"range_start": 9, "range_end": 15, "entry_end": 16, "exit_time": 19}
ny_gross|IS_gross|{"range_start": 9, "range_end": 15, "entry_end": 16, "exit_time": 19, "commission": 0.0, "slip": 0.0}
ny|IS|{"range_start": 9, "range_end": 15, "entry_end": 16}
ny_gross|IS_gross|{"range_start": 9, "range_end": 15, "entry_end": 16, "commission": 0.0, "slip": 0.0}
ny|IS|{"range_start": 9, "range_end": 15, "entry_end": 16, "exit_time": 21}
ny_gross|IS_gross|{"range_start": 9, "range_end": 15, "entry_end": 16, "exit_time": 21, "commission": 0.0, "slip": 0.0}
ny|IS|{"range_start": 9, "range_end": 15, "entry_end": 17, "exit_time": 17}
ny_gross|IS_gross|{"range_start": 9, "range_end": 15, "entry_end": 17, "exit_time": 17, "commission": 0.0, "slip": 0.0}
ny|IS|{"range_start": 9, "range_end": 15, "entry_end": 17, "exit_time": 18}
ny_gross|IS_gross|{"range_start": 9, "range_end": 15, "entry_end": 17, "exit_time": 18, "commission": 0.0, "slip": 0.0}
ny|IS|{"range_start": 9, "range_end": 15, "entry_end": 17, "exit_time": 19}
ny_gross|IS_gross|{"range_start": 9, "range_end": 15, "entry_end": 17, "exit_time": 19, "commission": 0.0, "slip": 0.0}
ny|IS|{"range_start": 9, "range_end": 15, "entry_end": 17}
ny_gross|IS_gross|{"range_start": 9, "range_end": 15, "entry_end": 17, "commission": 0.0, "slip": 0.0}
ny|IS|{"range_start": 9, "range_end": 15, "entry_end": 17, "exit_time": 21}
ny_gross|IS_gross|{"range_start": 9, "range_end": 15, "entry_end": 17, "exit_time": 21, "commission": 0.0, "slip": 0.0}
ny|IS|{"range_start": 10, "range_end": 12.5, "entry_end": 14, "exit_time": 16}
ny_gross|IS_gross|{"range_start": 10, "range_end": 12.5, "entry_end": 14, "exit_time": 16, "commission": 0.0, "slip": 0.0}
ny|IS|{"range_start": 10, "range_end": 12.5, "entry_end": 14, "exit_time": 17}
ny_gross|IS_gross|{"range_start": 10, "range_end": 12.5, "entry_end": 14, "exit_time": 17, "commission": 0.0, "slip": 0.0}
ny|IS|{"range_start": 10, "range_end": 12.5, "entry_end": 14, "exit_time": 18}
ny_gross|IS_gross|{"range_start": 10, "range_end": 12.5, "entry_end": 14, "exit_time": 18, "commission": 0.0, "slip": 0.0}
ny|IS|{"range_start": 10, "range_end": 12.5, "entry_end": 14, "exit_time": 19}
ny_gross|IS_gross|{"range_start": 10, "range_end": 12.5, "entry_end": 14, "exit_time": 19, "commission": 0.0, "slip": 0.0}
ny|IS|{"range_start": 10, "range_end": 12.5, "entry_end": 14}
ny_gross|IS_gross|{"range_start": 10, "range_end": 12.5, "entry_end": 14, "commission": 0.0, "slip": 0.0}
ny|IS|{"range_start": 10, "range_end": 12.5, "entry_end": 14, "exit_time": 21}
ny_gross|IS_gross|{"range_start": 10, "range_end": 12.5, "entry_end": 14, "exit_time": 21, "commission": 0.0, "slip": 0.0}
ny|IS|{"range_start": 10, "range_end": 12.5, "entry_end": 15, "exit_time": 16}
ny_gross|IS_gross|{"range_start": 10, "range_end": 12.5, "entry_end": 15, "exit_time": 16, "commission": 0.0, "slip": 0.0}
ny|IS|{"range_start": 10, "range_end": 12.5, "entry_end": 15, "exit_time": 17}
ny_gross|IS_gross|{"range_start": 10, "range_end": 12.5, "entry_end": 15, "exit_time": 17, "commission": 0.0, "slip": 0.0}
ny|IS|{"range_start": 10, "range_end": 12.5, "entry_end": 15, "exit_time": 18}
ny_gross|IS_gross|{"range_start": 10, "range_end": 12.5, "entry_end": 15, "exit_time": 18, "commission": 0.0, "slip": 0.0}
ny|IS|{"range_start": 10, "range_end": 12.5, "entry_end": 15, "exit_time": 19}
ny_gross|IS_gross|{"range_start": 10, "range_end": 12.5, "entry_end": 15, "exit_time": 19, "commission": 0.0, "slip": 0.0}
ny|IS|{"range_start": 10, "range_end": 12.5, "entry_end": 15}
ny_gross|IS_gross|{"range_start": 10, "range_end": 12.5, "entry_end": 15, "commission": 0.0, "slip": 0.0}
ny|IS|{"range_start": 10, "range_end": 12.5, "entry_end": 15, "exit_time": 21}
ny_gross|IS_gross|{"range_start": 10, "range_end": 12.5, "entry_end": 15, "exit_time": 21, "commission": 0.0, "slip": 0.0}
ny|IS|{"range_start": 10, "range_end": 12.5, "entry_end": 16, "exit_time": 16}
ny_gross|IS_gross|{"range_start": 10, "range_end": 12.5, "entry_end": 16, "exit_time": 16, "commission": 0.0, "slip": 0.0}
ny|IS|{"range_start": 10, "range_end": 12.5, "entry_end": 16, "exit_time": 17}
ny_gross|IS_gross|{"range_start": 10, "range_end": 12.5, "entry_end": 16, "exit_time": 17, "commission": 0.0, "slip": 0.0}
ny|IS|{"range_start": 10, "range_end": 12.5, "entry_end": 16, "exit_time": 18}
ny_gross|IS_gross|{"range_start": 10, "range_end": 12.5, "entry_end": 16, "exit_time": 18, "commission": 0.0, "slip": 0.0}
ny|IS|{"range_start": 10, "range_end": 12.5, "entry_end": 16, "exit_time": 19}
ny_gross|IS_gross|{"range_start": 10, "range_end": 12.5, "entry_end": 16, "exit_time": 19, "commission": 0.0, "slip": 0.0}
ny|IS|{"range_start": 10, "range_end": 12.5, "entry_end": 16}
ny_gross|IS_gross|{"range_start": 10, "range_end": 12.5, "entry_end": 16, "commission": 0.0, "slip": 0.0}
ny|IS|{"range_start": 10, "range_end": 12.5, "entry_end": 16, "exit_time": 21}
ny_gross|IS_gross|{"range_start": 10, "range_end": 12.5, "entry_end": 16, "exit_time": 21, "commission": 0.0, "slip": 0.0}
ny|IS|{"range_start": 10, "range_end": 12.5, "entry_end": 17, "exit_time": 17}
ny_gross|IS_gross|{"range_start": 10, "range_end": 12.5, "entry_end": 17, "exit_time": 17, "commission": 0.0, "slip": 0.0}
ny|IS|{"range_start": 10, "range_end": 12.5, "entry_end": 17, "exit_time": 18}
ny_gross|IS_gross|{"range_start": 10, "range_end": 12.5, "entry_end": 17, "exit_time": 18, "commission": 0.0, "slip": 0.0}
ny|IS|{"range_start": 10, "range_end": 12.5, "entry_end": 17, "exit_time": 19}
ny_gross|IS_gross|{"range_start": 10, "range_end": 12.5, "entry_end": 17, "exit_time": 19, "commission": 0.0, "slip": 0.0}
ny|IS|{"range_start": 10, "range_end": 12.5, "entry_end": 17}
ny_gross|IS_gross|{"range_start": 10, "range_end": 12.5, "entry_end": 17, "commission": 0.0, "slip": 0.0}
ny|IS|{"range_start": 10, "range_end": 12.5, "entry_end": 17, "exit_time": 21}
ny_gross|IS_gross|{"range_start": 10, "range_end": 12.5, "entry_end": 17, "exit_time": 21, "commission": 0.0, "slip": 0.0}
ny|IS|{"range_start": 10, "range_end": 13, "entry_end": 14, "exit_time": 16}
ny_gross|IS_gross|{"range_start": 10, "range_end": 13, "entry_end": 14, "exit_time": 16, "commission": 0.0, "slip": 0.0}
ny|IS|{"range_start": 10, "range_end": 13, "entry_end": 14, "exit_time": 17}
ny_gross|IS_gross|{"range_start": 10, "range_end": 13, "entry_end": 14, "exit_time": 17, "commission": 0.0, "slip": 0.0}
ny|IS|{"range_start": 10, "range_end": 13, "entry_end": 14, "exit_time": 18}
ny_gross|IS_gross|{"range_start": 10, "range_end": 13, "entry_end": 14, "exit_time": 18, "commission": 0.0, "slip": 0.0}
ny|IS|{"range_start": 10, "range_end": 13, "entry_end": 14, "exit_time": 19}
ny_gross|IS_gross|{"range_start": 10, "range_end": 13, "entry_end": 14, "exit_time": 19, "commission": 0.0, "slip": 0.0}
ny|IS|{"range_start": 10, "range_end": 13, "entry_end": 14}
ny_gross|IS_gross|{"range_start": 10, "range_end": 13, "entry_end": 14, "commission": 0.0, "slip": 0.0}
ny|IS|{"range_start": 10, "range_end": 13, "entry_end": 14, "exit_time": 21}
ny_gross|IS_gross|{"range_start": 10, "range_end": 13, "entry_end": 14, "exit_time": 21, "commission": 0.0, "slip": 0.0}
ny|IS|{"range_start": 10, "range_end": 13, "entry_end": 15, "exit_time": 16}
ny_gross|IS_gross|{"range_start": 10, "range_end": 13, "entry_end": 15, "exit_time": 16, "commission": 0.0, "slip": 0.0}
ny|IS|{"range_start": 10, "range_end": 13, "entry_end": 15, "exit_time": 17}
ny_gross|IS_gross|{"range_start": 10, "range_end": 13, "entry_end": 15, "exit_time": 17, "commission": 0.0, "slip": 0.0}
ny|IS|{"range_start": 10, "range_end": 13, "entry_end": 15, "exit_time": 18}
ny_gross|IS_gross|{"range_start": 10, "range_end": 13, "entry_end": 15, "exit_time": 18, "commission": 0.0, "slip": 0.0}
ny|IS|{"range_start": 10, "range_end": 13, "entry_end": 15, "exit_time": 19}
ny_gross|IS_gross|{"range_start": 10, "range_end": 13, "entry_end": 15, "exit_time": 19, "commission": 0.0, "slip": 0.0}
ny|IS|{"range_start": 10, "range_end": 13, "entry_end": 15}
ny_gross|IS_gross|{"range_start": 10, "range_end": 13, "entry_end": 15, "commission": 0.0, "slip": 0.0}
ny|IS|{"range_start": 10, "range_end": 13, "entry_end": 15, "exit_time": 21}
ny_gross|IS_gross|{"range_start": 10, "range_end": 13, "entry_end": 15, "exit_time": 21, "commission": 0.0, "slip": 0.0}
ny|IS|{"range_start": 10, "range_end": 13, "entry_end": 16, "exit_time": 16}
ny_gross|IS_gross|{"range_start": 10, "range_end": 13, "entry_end": 16, "exit_time": 16, "commission": 0.0, "slip": 0.0}
ny|IS|{"range_start": 10, "range_end": 13, "entry_end": 16, "exit_time": 17}
ny_gross|IS_gross|{"range_start": 10, "range_end": 13, "entry_end": 16, "exit_time": 17, "commission": 0.0, "slip": 0.0}
ny|IS|{"range_start": 10, "range_end": 13, "entry_end": 16, "exit_time": 18}
ny_gross|IS_gross|{"range_start": 10, "range_end": 13, "entry_end": 16, "exit_time": 18, "commission": 0.0, "slip": 0.0}
ny|IS|{"range_start": 10, "range_end": 13, "entry_end": 16, "exit_time": 19}
ny_gross|IS_gross|{"range_start": 10, "range_end": 13, "entry_end": 16, "exit_time": 19, "commission": 0.0, "slip": 0.0}
ny|IS|{"range_start": 10, "range_end": 13, "entry_end": 16}
ny_gross|IS_gross|{"range_start": 10, "range_end": 13, "entry_end": 16, "commission": 0.0, "slip": 0.0}
ny|IS|{"range_start": 10, "range_end": 13, "entry_end": 16, "exit_time": 21}
ny_gross|IS_gross|{"range_start": 10, "range_end": 13, "entry_end": 16, "exit_time": 21, "commission": 0.0, "slip": 0.0}
ny|IS|{"range_start": 10, "range_end": 13, "entry_end": 17, "exit_time": 17}
ny_gross|IS_gross|{"range_start": 10, "range_end": 13, "entry_end": 17, "exit_time": 17, "commission": 0.0, "slip": 0.0}
ny|IS|{"range_start": 10, "range_end": 13, "entry_end": 17, "exit_time": 18}
ny_gross|IS_gross|{"range_start": 10, "range_end": 13, "entry_end": 17, "exit_time": 18, "commission": 0.0, "slip": 0.0}
ny|IS|{"range_start": 10, "range_end": 13, "entry_end": 17, "exit_time": 19}
ny_gross|IS_gross|{"range_start": 10, "range_end": 13, "entry_end": 17, "exit_time": 19, "commission": 0.0, "slip": 0.0}
ny|IS|{"range_start": 10, "range_end": 13, "entry_end": 17}
ny_gross|IS_gross|{"range_start": 10, "range_end": 13, "entry_end": 17, "commission": 0.0, "slip": 0.0}
ny|IS|{"range_start": 10, "range_end": 13, "entry_end": 17, "exit_time": 21}
ny_gross|IS_gross|{"range_start": 10, "range_end": 13, "entry_end": 17, "exit_time": 21, "commission": 0.0, "slip": 0.0}
ny|IS|{"range_start": 10, "range_end": 13.25, "entry_end": 14, "exit_time": 16}
ny_gross|IS_gross|{"range_start": 10, "range_end": 13.25, "entry_end": 14, "exit_time": 16, "commission": 0.0, "slip": 0.0}
ny|IS|{"range_start": 10, "range_end": 13.25, "entry_end": 14, "exit_time": 17}
ny_gross|IS_gross|{"range_start": 10, "range_end": 13.25, "entry_end": 14, "exit_time": 17, "commission": 0.0, "slip": 0.0}
ny|IS|{"range_start": 10, "range_end": 13.25, "entry_end": 14, "exit_time": 18}
ny_gross|IS_gross|{"range_start": 10, "range_end": 13.25, "entry_end": 14, "exit_time": 18, "commission": 0.0, "slip": 0.0}
ny|IS|{"range_start": 10, "range_end": 13.25, "entry_end": 14, "exit_time": 19}
ny_gross|IS_gross|{"range_start": 10, "range_end": 13.25, "entry_end": 14, "exit_time": 19, "commission": 0.0, "slip": 0.0}
ny|IS|{"range_start": 10, "range_end": 13.25, "entry_end": 14}
ny_gross|IS_gross|{"range_start": 10, "range_end": 13.25, "entry_end": 14, "commission": 0.0, "slip": 0.0}
ny|IS|{"range_start": 10, "range_end": 13.25, "entry_end": 14, "exit_time": 21}
ny_gross|IS_gross|{"range_start": 10, "range_end": 13.25, "entry_end": 14, "exit_time": 21, "commission": 0.0, "slip": 0.0}
ny|IS|{"range_start": 10, "range_end": 13.25, "entry_end": 15, "exit_time": 16}
ny_gross|IS_gross|{"range_start": 10, "range_end": 13.25, "entry_end": 15, "exit_time": 16, "commission": 0.0, "slip": 0.0}
ny|IS|{"range_start": 10, "range_end": 13.25, "entry_end": 15, "exit_time": 17}
ny_gross|IS_gross|{"range_start": 10, "range_end": 13.25, "entry_end": 15, "exit_time": 17, "commission": 0.0, "slip": 0.0}
ny|IS|{"range_start": 10, "range_end": 13.25, "entry_end": 15, "exit_time": 18}
ny_gross|IS_gross|{"range_start": 10, "range_end": 13.25, "entry_end": 15, "exit_time": 18, "commission": 0.0, "slip": 0.0}
ny|IS|{"range_start": 10, "range_end": 13.25, "entry_end": 15, "exit_time": 19}
ny_gross|IS_gross|{"range_start": 10, "range_end": 13.25, "entry_end": 15, "exit_time": 19, "commission": 0.0, "slip": 0.0}
ny|IS|{"range_start": 10, "range_end": 13.25, "entry_end": 15}
ny_gross|IS_gross|{"range_start": 10, "range_end": 13.25, "entry_end": 15, "commission": 0.0, "slip": 0.0}
ny|IS|{"range_start": 10, "range_end": 13.25, "entry_end": 15, "exit_time": 21}
ny_gross|IS_gross|{"range_start": 10, "range_end": 13.25, "entry_end": 15, "exit_time": 21, "commission": 0.0, "slip": 0.0}
ny|IS|{"range_start": 10, "range_end": 13.25, "entry_end": 16, "exit_time": 16}
ny_gross|IS_gross|{"range_start": 10, "range_end": 13.25, "entry_end": 16, "exit_time": 16, "commission": 0.0, "slip": 0.0}
ny|IS|{"range_start": 10, "range_end": 13.25, "entry_end": 16, "exit_time": 17}
ny_gross|IS_gross|{"range_start": 10, "range_end": 13.25, "entry_end": 16, "exit_time": 17, "commission": 0.0, "slip": 0.0}
ny|IS|{"range_start": 10, "range_end": 13.25, "entry_end": 16, "exit_time": 18}
ny_gross|IS_gross|{"range_start": 10, "range_end": 13.25, "entry_end": 16, "exit_time": 18, "commission": 0.0, "slip": 0.0}
ny|IS|{"range_start": 10, "range_end": 13.25, "entry_end": 16, "exit_time": 19}
ny_gross|IS_gross|{"range_start": 10, "range_end": 13.25, "entry_end": 16, "exit_time": 19, "commission": 0.0, "slip": 0.0}
ny|IS|{"range_start": 10, "range_end": 13.25, "entry_end": 16}
ny_gross|IS_gross|{"range_start": 10, "range_end": 13.25, "entry_end": 16, "commission": 0.0, "slip": 0.0}
ny|IS|{"range_start": 10, "range_end": 13.25, "entry_end": 16, "exit_time": 21}
ny_gross|IS_gross|{"range_start": 10, "range_end": 13.25, "entry_end": 16, "exit_time": 21, "commission": 0.0, "slip": 0.0}
ny|IS|{"range_start": 10, "range_end": 13.25, "entry_end": 17, "exit_time": 17}
ny_gross|IS_gross|{"range_start": 10, "range_end": 13.25, "entry_end": 17, "exit_time": 17, "commission": 0.0, "slip": 0.0}
ny|IS|{"range_start": 10, "range_end": 13.25, "entry_end": 17, "exit_time": 18}
ny_gross|IS_gross|{"range_start": 10, "range_end": 13.25, "entry_end": 17, "exit_time": 18, "commission": 0.0, "slip": 0.0}
ny|IS|{"range_start": 10, "range_end": 13.25, "entry_end": 17, "exit_time": 19}
ny_gross|IS_gross|{"range_start": 10, "range_end": 13.25, "entry_end": 17, "exit_time": 19, "commission": 0.0, "slip": 0.0}
ny|IS|{"range_start": 10, "range_end": 13.25, "entry_end": 17}
ny_gross|IS_gross|{"range_start": 10, "range_end": 13.25, "entry_end": 17, "commission": 0.0, "slip": 0.0}
ny|IS|{"range_start": 10, "range_end": 13.25, "entry_end": 17, "exit_time": 21}
ny_gross|IS_gross|{"range_start": 10, "range_end": 13.25, "entry_end": 17, "exit_time": 21, "commission": 0.0, "slip": 0.0}
ny|IS|{"range_start": 10, "range_end": 13.5, "entry_end": 14, "exit_time": 16}
ny_gross|IS_gross|{"range_start": 10, "range_end": 13.5, "entry_end": 14, "exit_time": 16, "commission": 0.0, "slip": 0.0}
ny|IS|{"range_start": 10, "range_end": 13.5, "entry_end": 14, "exit_time": 17}
ny_gross|IS_gross|{"range_start": 10, "range_end": 13.5, "entry_end": 14, "exit_time": 17, "commission": 0.0, "slip": 0.0}
ny|IS|{"range_start": 10, "range_end": 13.5, "entry_end": 14, "exit_time": 18}
ny_gross|IS_gross|{"range_start": 10, "range_end": 13.5, "entry_end": 14, "exit_time": 18, "commission": 0.0, "slip": 0.0}
ny|IS|{"range_start": 10, "range_end": 13.5, "entry_end": 14, "exit_time": 19}
ny_gross|IS_gross|{"range_start": 10, "range_end": 13.5, "entry_end": 14, "exit_time": 19, "commission": 0.0, "slip": 0.0}
ny|IS|{"range_start": 10, "range_end": 13.5, "entry_end": 14}
ny_gross|IS_gross|{"range_start": 10, "range_end": 13.5, "entry_end": 14, "commission": 0.0, "slip": 0.0}
ny|IS|{"range_start": 10, "range_end": 13.5, "entry_end": 14, "exit_time": 21}
ny_gross|IS_gross|{"range_start": 10, "range_end": 13.5, "entry_end": 14, "exit_time": 21, "commission": 0.0, "slip": 0.0}
ny|IS|{"range_start": 10, "range_end": 13.5, "entry_end": 15, "exit_time": 16}
ny_gross|IS_gross|{"range_start": 10, "range_end": 13.5, "entry_end": 15, "exit_time": 16, "commission": 0.0, "slip": 0.0}
ny|IS|{"range_start": 10, "range_end": 13.5, "entry_end": 15, "exit_time": 17}
ny_gross|IS_gross|{"range_start": 10, "range_end": 13.5, "entry_end": 15, "exit_time": 17, "commission": 0.0, "slip": 0.0}
ny|IS|{"range_start": 10, "range_end": 13.5, "entry_end": 15, "exit_time": 18}
ny_gross|IS_gross|{"range_start": 10, "range_end": 13.5, "entry_end": 15, "exit_time": 18, "commission": 0.0, "slip": 0.0}
ny|IS|{"range_start": 10, "range_end": 13.5, "entry_end": 15, "exit_time": 19}
ny_gross|IS_gross|{"range_start": 10, "range_end": 13.5, "entry_end": 15, "exit_time": 19, "commission": 0.0, "slip": 0.0}
ny|IS|{"range_start": 10, "range_end": 13.5, "entry_end": 15}
ny_gross|IS_gross|{"range_start": 10, "range_end": 13.5, "entry_end": 15, "commission": 0.0, "slip": 0.0}
ny|IS|{"range_start": 10, "range_end": 13.5, "entry_end": 15, "exit_time": 21}
ny_gross|IS_gross|{"range_start": 10, "range_end": 13.5, "entry_end": 15, "exit_time": 21, "commission": 0.0, "slip": 0.0}
ny|IS|{"range_start": 10, "range_end": 13.5, "entry_end": 16, "exit_time": 16}
ny_gross|IS_gross|{"range_start": 10, "range_end": 13.5, "entry_end": 16, "exit_time": 16, "commission": 0.0, "slip": 0.0}
ny|IS|{"range_start": 10, "range_end": 13.5, "entry_end": 16, "exit_time": 17}
ny_gross|IS_gross|{"range_start": 10, "range_end": 13.5, "entry_end": 16, "exit_time": 17, "commission": 0.0, "slip": 0.0}
ny|IS|{"range_start": 10, "range_end": 13.5, "entry_end": 16, "exit_time": 18}
ny_gross|IS_gross|{"range_start": 10, "range_end": 13.5, "entry_end": 16, "exit_time": 18, "commission": 0.0, "slip": 0.0}
ny|IS|{"range_start": 10, "range_end": 13.5, "entry_end": 16, "exit_time": 19}
ny_gross|IS_gross|{"range_start": 10, "range_end": 13.5, "entry_end": 16, "exit_time": 19, "commission": 0.0, "slip": 0.0}
ny|IS|{"range_start": 10, "range_end": 13.5, "entry_end": 16}
ny_gross|IS_gross|{"range_start": 10, "range_end": 13.5, "entry_end": 16, "commission": 0.0, "slip": 0.0}
ny|IS|{"range_start": 10, "range_end": 13.5, "entry_end": 16, "exit_time": 21}
ny_gross|IS_gross|{"range_start": 10, "range_end": 13.5, "entry_end": 16, "exit_time": 21, "commission": 0.0, "slip": 0.0}
ny|IS|{"range_start": 10, "range_end": 13.5, "entry_end": 17, "exit_time": 17}
ny_gross|IS_gross|{"range_start": 10, "range_end": 13.5, "entry_end": 17, "exit_time": 17, "commission": 0.0, "slip": 0.0}
ny|IS|{"range_start": 10, "range_end": 13.5, "entry_end": 17, "exit_time": 18}
ny_gross|IS_gross|{"range_start": 10, "range_end": 13.5, "entry_end": 17, "exit_time": 18, "commission": 0.0, "slip": 0.0}
ny|IS|{"range_start": 10, "range_end": 13.5, "entry_end": 17, "exit_time": 19}
ny_gross|IS_gross|{"range_start": 10, "range_end": 13.5, "entry_end": 17, "exit_time": 19, "commission": 0.0, "slip": 0.0}
ny|IS|{"range_start": 10, "range_end": 13.5, "entry_end": 17}
ny_gross|IS_gross|{"range_start": 10, "range_end": 13.5, "entry_end": 17, "commission": 0.0, "slip": 0.0}
ny|IS|{"range_start": 10, "range_end": 13.5, "entry_end": 17, "exit_time": 21}
ny_gross|IS_gross|{"range_start": 10, "range_end": 13.5, "entry_end": 17, "exit_time": 21, "commission": 0.0, "slip": 0.0}
ny|IS|{"range_start": 10, "range_end": 14, "entry_end": 15, "exit_time": 16}
ny_gross|IS_gross|{"range_start": 10, "range_end": 14, "entry_end": 15, "exit_time": 16, "commission": 0.0, "slip": 0.0}
ny|IS|{"range_start": 10, "range_end": 14, "entry_end": 15, "exit_time": 17}
ny_gross|IS_gross|{"range_start": 10, "range_end": 14, "entry_end": 15, "exit_time": 17, "commission": 0.0, "slip": 0.0}
ny|IS|{"range_start": 10, "range_end": 14, "entry_end": 15, "exit_time": 18}
ny_gross|IS_gross|{"range_start": 10, "range_end": 14, "entry_end": 15, "exit_time": 18, "commission": 0.0, "slip": 0.0}
ny|IS|{"range_start": 10, "range_end": 14, "entry_end": 15, "exit_time": 19}
ny_gross|IS_gross|{"range_start": 10, "range_end": 14, "entry_end": 15, "exit_time": 19, "commission": 0.0, "slip": 0.0}
ny|IS|{"range_start": 10, "range_end": 14, "entry_end": 15}
ny_gross|IS_gross|{"range_start": 10, "range_end": 14, "entry_end": 15, "commission": 0.0, "slip": 0.0}
ny|IS|{"range_start": 10, "range_end": 14, "entry_end": 15, "exit_time": 21}
ny_gross|IS_gross|{"range_start": 10, "range_end": 14, "entry_end": 15, "exit_time": 21, "commission": 0.0, "slip": 0.0}
ny|IS|{"range_start": 10, "range_end": 14, "entry_end": 16, "exit_time": 16}
ny_gross|IS_gross|{"range_start": 10, "range_end": 14, "entry_end": 16, "exit_time": 16, "commission": 0.0, "slip": 0.0}
ny|IS|{"range_start": 10, "range_end": 14, "entry_end": 16, "exit_time": 17}
ny_gross|IS_gross|{"range_start": 10, "range_end": 14, "entry_end": 16, "exit_time": 17, "commission": 0.0, "slip": 0.0}
ny|IS|{"range_start": 10, "range_end": 14, "entry_end": 16, "exit_time": 18}
ny_gross|IS_gross|{"range_start": 10, "range_end": 14, "entry_end": 16, "exit_time": 18, "commission": 0.0, "slip": 0.0}
ny|IS|{"range_start": 10, "range_end": 14, "entry_end": 16, "exit_time": 19}
ny_gross|IS_gross|{"range_start": 10, "range_end": 14, "entry_end": 16, "exit_time": 19, "commission": 0.0, "slip": 0.0}
ny|IS|{"range_start": 10, "range_end": 14, "entry_end": 16}
ny_gross|IS_gross|{"range_start": 10, "range_end": 14, "entry_end": 16, "commission": 0.0, "slip": 0.0}
ny|IS|{"range_start": 10, "range_end": 14, "entry_end": 16, "exit_time": 21}
ny_gross|IS_gross|{"range_start": 10, "range_end": 14, "entry_end": 16, "exit_time": 21, "commission": 0.0, "slip": 0.0}
ny|IS|{"range_start": 10, "range_end": 14, "entry_end": 17, "exit_time": 17}
ny_gross|IS_gross|{"range_start": 10, "range_end": 14, "entry_end": 17, "exit_time": 17, "commission": 0.0, "slip": 0.0}
ny|IS|{"range_start": 10, "range_end": 14, "entry_end": 17, "exit_time": 18}
ny_gross|IS_gross|{"range_start": 10, "range_end": 14, "entry_end": 17, "exit_time": 18, "commission": 0.0, "slip": 0.0}
ny|IS|{"range_start": 10, "range_end": 14, "entry_end": 17, "exit_time": 19}
ny_gross|IS_gross|{"range_start": 10, "range_end": 14, "entry_end": 17, "exit_time": 19, "commission": 0.0, "slip": 0.0}
ny|IS|{"range_start": 10, "range_end": 14, "entry_end": 17}
ny_gross|IS_gross|{"range_start": 10, "range_end": 14, "entry_end": 17, "commission": 0.0, "slip": 0.0}
ny|IS|{"range_start": 10, "range_end": 14, "entry_end": 17, "exit_time": 21}
ny_gross|IS_gross|{"range_start": 10, "range_end": 14, "entry_end": 17, "exit_time": 21, "commission": 0.0, "slip": 0.0}
ny|IS|{"range_start": 10, "range_end": 15, "entry_end": 16, "exit_time": 16}
ny_gross|IS_gross|{"range_start": 10, "range_end": 15, "entry_end": 16, "exit_time": 16, "commission": 0.0, "slip": 0.0}
ny|IS|{"range_start": 10, "range_end": 15, "entry_end": 16, "exit_time": 17}
ny_gross|IS_gross|{"range_start": 10, "range_end": 15, "entry_end": 16, "exit_time": 17, "commission": 0.0, "slip": 0.0}
ny|IS|{"range_start": 10, "range_end": 15, "entry_end": 16, "exit_time": 18}
ny_gross|IS_gross|{"range_start": 10, "range_end": 15, "entry_end": 16, "exit_time": 18, "commission": 0.0, "slip": 0.0}
ny|IS|{"range_start": 10, "range_end": 15, "entry_end": 16, "exit_time": 19}
ny_gross|IS_gross|{"range_start": 10, "range_end": 15, "entry_end": 16, "exit_time": 19, "commission": 0.0, "slip": 0.0}
ny|IS|{"range_start": 10, "range_end": 15, "entry_end": 16}
ny_gross|IS_gross|{"range_start": 10, "range_end": 15, "entry_end": 16, "commission": 0.0, "slip": 0.0}
ny|IS|{"range_start": 10, "range_end": 15, "entry_end": 16, "exit_time": 21}
ny_gross|IS_gross|{"range_start": 10, "range_end": 15, "entry_end": 16, "exit_time": 21, "commission": 0.0, "slip": 0.0}
ny|IS|{"range_start": 10, "range_end": 15, "entry_end": 17, "exit_time": 17}
ny_gross|IS_gross|{"range_start": 10, "range_end": 15, "entry_end": 17, "exit_time": 17, "commission": 0.0, "slip": 0.0}
ny|IS|{"range_start": 10, "range_end": 15, "entry_end": 17, "exit_time": 18}
ny_gross|IS_gross|{"range_start": 10, "range_end": 15, "entry_end": 17, "exit_time": 18, "commission": 0.0, "slip": 0.0}
ny|IS|{"range_start": 10, "range_end": 15, "entry_end": 17, "exit_time": 19}
ny_gross|IS_gross|{"range_start": 10, "range_end": 15, "entry_end": 17, "exit_time": 19, "commission": 0.0, "slip": 0.0}
ny|IS|{"range_start": 10, "range_end": 15, "entry_end": 17}
ny_gross|IS_gross|{"range_start": 10, "range_end": 15, "entry_end": 17, "commission": 0.0, "slip": 0.0}
ny|IS|{"range_start": 10, "range_end": 15, "entry_end": 17, "exit_time": 21}
ny_gross|IS_gross|{"range_start": 10, "range_end": 15, "entry_end": 17, "exit_time": 21, "commission": 0.0, "slip": 0.0}
ny|IS|{"range_start": 11, "range_end": 12.5, "entry_end": 14, "exit_time": 16}
ny_gross|IS_gross|{"range_start": 11, "range_end": 12.5, "entry_end": 14, "exit_time": 16, "commission": 0.0, "slip": 0.0}
ny|IS|{"range_start": 11, "range_end": 12.5, "entry_end": 14, "exit_time": 17}
ny_gross|IS_gross|{"range_start": 11, "range_end": 12.5, "entry_end": 14, "exit_time": 17, "commission": 0.0, "slip": 0.0}
ny|IS|{"range_start": 11, "range_end": 12.5, "entry_end": 14, "exit_time": 18}
ny_gross|IS_gross|{"range_start": 11, "range_end": 12.5, "entry_end": 14, "exit_time": 18, "commission": 0.0, "slip": 0.0}
ny|IS|{"range_start": 11, "range_end": 12.5, "entry_end": 14, "exit_time": 19}
ny_gross|IS_gross|{"range_start": 11, "range_end": 12.5, "entry_end": 14, "exit_time": 19, "commission": 0.0, "slip": 0.0}
ny|IS|{"range_start": 11, "range_end": 12.5, "entry_end": 14}
ny_gross|IS_gross|{"range_start": 11, "range_end": 12.5, "entry_end": 14, "commission": 0.0, "slip": 0.0}
ny|IS|{"range_start": 11, "range_end": 12.5, "entry_end": 14, "exit_time": 21}
ny_gross|IS_gross|{"range_start": 11, "range_end": 12.5, "entry_end": 14, "exit_time": 21, "commission": 0.0, "slip": 0.0}
ny|IS|{"range_start": 11, "range_end": 12.5, "entry_end": 15, "exit_time": 16}
ny_gross|IS_gross|{"range_start": 11, "range_end": 12.5, "entry_end": 15, "exit_time": 16, "commission": 0.0, "slip": 0.0}
ny|IS|{"range_start": 11, "range_end": 12.5, "entry_end": 15, "exit_time": 17}
ny_gross|IS_gross|{"range_start": 11, "range_end": 12.5, "entry_end": 15, "exit_time": 17, "commission": 0.0, "slip": 0.0}
ny|IS|{"range_start": 11, "range_end": 12.5, "entry_end": 15, "exit_time": 18}
ny_gross|IS_gross|{"range_start": 11, "range_end": 12.5, "entry_end": 15, "exit_time": 18, "commission": 0.0, "slip": 0.0}
ny|IS|{"range_start": 11, "range_end": 12.5, "entry_end": 15, "exit_time": 19}
ny_gross|IS_gross|{"range_start": 11, "range_end": 12.5, "entry_end": 15, "exit_time": 19, "commission": 0.0, "slip": 0.0}
ny|IS|{"range_start": 11, "range_end": 12.5, "entry_end": 15}
ny_gross|IS_gross|{"range_start": 11, "range_end": 12.5, "entry_end": 15, "commission": 0.0, "slip": 0.0}
ny|IS|{"range_start": 11, "range_end": 12.5, "entry_end": 15, "exit_time": 21}
ny_gross|IS_gross|{"range_start": 11, "range_end": 12.5, "entry_end": 15, "exit_time": 21, "commission": 0.0, "slip": 0.0}
ny|IS|{"range_start": 11, "range_end": 12.5, "entry_end": 16, "exit_time": 16}
ny_gross|IS_gross|{"range_start": 11, "range_end": 12.5, "entry_end": 16, "exit_time": 16, "commission": 0.0, "slip": 0.0}
ny|IS|{"range_start": 11, "range_end": 12.5, "entry_end": 16, "exit_time": 17}
ny_gross|IS_gross|{"range_start": 11, "range_end": 12.5, "entry_end": 16, "exit_time": 17, "commission": 0.0, "slip": 0.0}
ny|IS|{"range_start": 11, "range_end": 12.5, "entry_end": 16, "exit_time": 18}
ny_gross|IS_gross|{"range_start": 11, "range_end": 12.5, "entry_end": 16, "exit_time": 18, "commission": 0.0, "slip": 0.0}
ny|IS|{"range_start": 11, "range_end": 12.5, "entry_end": 16, "exit_time": 19}
ny_gross|IS_gross|{"range_start": 11, "range_end": 12.5, "entry_end": 16, "exit_time": 19, "commission": 0.0, "slip": 0.0}
ny|IS|{"range_start": 11, "range_end": 12.5, "entry_end": 16}
ny_gross|IS_gross|{"range_start": 11, "range_end": 12.5, "entry_end": 16, "commission": 0.0, "slip": 0.0}
ny|IS|{"range_start": 11, "range_end": 12.5, "entry_end": 16, "exit_time": 21}
ny_gross|IS_gross|{"range_start": 11, "range_end": 12.5, "entry_end": 16, "exit_time": 21, "commission": 0.0, "slip": 0.0}
ny|IS|{"range_start": 11, "range_end": 12.5, "entry_end": 17, "exit_time": 17}
ny_gross|IS_gross|{"range_start": 11, "range_end": 12.5, "entry_end": 17, "exit_time": 17, "commission": 0.0, "slip": 0.0}
ny|IS|{"range_start": 11, "range_end": 12.5, "entry_end": 17, "exit_time": 18}
ny_gross|IS_gross|{"range_start": 11, "range_end": 12.5, "entry_end": 17, "exit_time": 18, "commission": 0.0, "slip": 0.0}
ny|IS|{"range_start": 11, "range_end": 12.5, "entry_end": 17, "exit_time": 19}
ny_gross|IS_gross|{"range_start": 11, "range_end": 12.5, "entry_end": 17, "exit_time": 19, "commission": 0.0, "slip": 0.0}
ny|IS|{"range_start": 11, "range_end": 12.5, "entry_end": 17}
ny_gross|IS_gross|{"range_start": 11, "range_end": 12.5, "entry_end": 17, "commission": 0.0, "slip": 0.0}
ny|IS|{"range_start": 11, "range_end": 12.5, "entry_end": 17, "exit_time": 21}
ny_gross|IS_gross|{"range_start": 11, "range_end": 12.5, "entry_end": 17, "exit_time": 21, "commission": 0.0, "slip": 0.0}
ny|IS|{"range_start": 11, "range_end": 13, "entry_end": 14, "exit_time": 16}
ny_gross|IS_gross|{"range_start": 11, "range_end": 13, "entry_end": 14, "exit_time": 16, "commission": 0.0, "slip": 0.0}
ny|IS|{"range_start": 11, "range_end": 13, "entry_end": 14, "exit_time": 17}
ny_gross|IS_gross|{"range_start": 11, "range_end": 13, "entry_end": 14, "exit_time": 17, "commission": 0.0, "slip": 0.0}
ny|IS|{"range_start": 11, "range_end": 13, "entry_end": 14, "exit_time": 18}
ny_gross|IS_gross|{"range_start": 11, "range_end": 13, "entry_end": 14, "exit_time": 18, "commission": 0.0, "slip": 0.0}
ny|IS|{"range_start": 11, "range_end": 13, "entry_end": 14, "exit_time": 19}
ny_gross|IS_gross|{"range_start": 11, "range_end": 13, "entry_end": 14, "exit_time": 19, "commission": 0.0, "slip": 0.0}
ny|IS|{"range_start": 11, "range_end": 13, "entry_end": 14}
ny_gross|IS_gross|{"range_start": 11, "range_end": 13, "entry_end": 14, "commission": 0.0, "slip": 0.0}
ny|IS|{"range_start": 11, "range_end": 13, "entry_end": 14, "exit_time": 21}
ny_gross|IS_gross|{"range_start": 11, "range_end": 13, "entry_end": 14, "exit_time": 21, "commission": 0.0, "slip": 0.0}
ny|IS|{"range_start": 11, "range_end": 13, "entry_end": 15, "exit_time": 16}
ny_gross|IS_gross|{"range_start": 11, "range_end": 13, "entry_end": 15, "exit_time": 16, "commission": 0.0, "slip": 0.0}
ny|IS|{"range_start": 11, "range_end": 13, "entry_end": 15, "exit_time": 17}
ny_gross|IS_gross|{"range_start": 11, "range_end": 13, "entry_end": 15, "exit_time": 17, "commission": 0.0, "slip": 0.0}
ny|IS|{"range_start": 11, "range_end": 13, "entry_end": 15, "exit_time": 18}
ny_gross|IS_gross|{"range_start": 11, "range_end": 13, "entry_end": 15, "exit_time": 18, "commission": 0.0, "slip": 0.0}
ny|IS|{"range_start": 11, "range_end": 13, "entry_end": 15, "exit_time": 19}
ny_gross|IS_gross|{"range_start": 11, "range_end": 13, "entry_end": 15, "exit_time": 19, "commission": 0.0, "slip": 0.0}
ny|IS|{"range_start": 11, "range_end": 13, "entry_end": 15}
ny_gross|IS_gross|{"range_start": 11, "range_end": 13, "entry_end": 15, "commission": 0.0, "slip": 0.0}
ny|IS|{"range_start": 11, "range_end": 13, "entry_end": 15, "exit_time": 21}
ny_gross|IS_gross|{"range_start": 11, "range_end": 13, "entry_end": 15, "exit_time": 21, "commission": 0.0, "slip": 0.0}
ny|IS|{"range_start": 11, "range_end": 13, "entry_end": 16, "exit_time": 16}
ny_gross|IS_gross|{"range_start": 11, "range_end": 13, "entry_end": 16, "exit_time": 16, "commission": 0.0, "slip": 0.0}
ny|IS|{"range_start": 11, "range_end": 13, "entry_end": 16, "exit_time": 17}
ny_gross|IS_gross|{"range_start": 11, "range_end": 13, "entry_end": 16, "exit_time": 17, "commission": 0.0, "slip": 0.0}
ny|IS|{"range_start": 11, "range_end": 13, "entry_end": 16, "exit_time": 18}
ny_gross|IS_gross|{"range_start": 11, "range_end": 13, "entry_end": 16, "exit_time": 18, "commission": 0.0, "slip": 0.0}
ny|IS|{"range_start": 11, "range_end": 13, "entry_end": 16, "exit_time": 19}
ny_gross|IS_gross|{"range_start": 11, "range_end": 13, "entry_end": 16, "exit_time": 19, "commission": 0.0, "slip": 0.0}
ny|IS|{"range_start": 11, "range_end": 13, "entry_end": 16}
ny_gross|IS_gross|{"range_start": 11, "range_end": 13, "entry_end": 16, "commission": 0.0, "slip": 0.0}
ny|IS|{"range_start": 11, "range_end": 13, "entry_end": 16, "exit_time": 21}
ny_gross|IS_gross|{"range_start": 11, "range_end": 13, "entry_end": 16, "exit_time": 21, "commission": 0.0, "slip": 0.0}
ny|IS|{"range_start": 11, "range_end": 13, "entry_end": 17, "exit_time": 17}
ny_gross|IS_gross|{"range_start": 11, "range_end": 13, "entry_end": 17, "exit_time": 17, "commission": 0.0, "slip": 0.0}
ny|IS|{"range_start": 11, "range_end": 13, "entry_end": 17, "exit_time": 18}
ny_gross|IS_gross|{"range_start": 11, "range_end": 13, "entry_end": 17, "exit_time": 18, "commission": 0.0, "slip": 0.0}
ny|IS|{"range_start": 11, "range_end": 13, "entry_end": 17, "exit_time": 19}
ny_gross|IS_gross|{"range_start": 11, "range_end": 13, "entry_end": 17, "exit_time": 19, "commission": 0.0, "slip": 0.0}
ny|IS|{"range_start": 11, "range_end": 13, "entry_end": 17}
ny_gross|IS_gross|{"range_start": 11, "range_end": 13, "entry_end": 17, "commission": 0.0, "slip": 0.0}
ny|IS|{"range_start": 11, "range_end": 13, "entry_end": 17, "exit_time": 21}
ny_gross|IS_gross|{"range_start": 11, "range_end": 13, "entry_end": 17, "exit_time": 21, "commission": 0.0, "slip": 0.0}
ny|IS|{"range_start": 11, "range_end": 13.25, "entry_end": 14, "exit_time": 16}
ny_gross|IS_gross|{"range_start": 11, "range_end": 13.25, "entry_end": 14, "exit_time": 16, "commission": 0.0, "slip": 0.0}
ny|IS|{"range_start": 11, "range_end": 13.25, "entry_end": 14, "exit_time": 17}
ny_gross|IS_gross|{"range_start": 11, "range_end": 13.25, "entry_end": 14, "exit_time": 17, "commission": 0.0, "slip": 0.0}
ny|IS|{"range_start": 11, "range_end": 13.25, "entry_end": 14, "exit_time": 18}
ny_gross|IS_gross|{"range_start": 11, "range_end": 13.25, "entry_end": 14, "exit_time": 18, "commission": 0.0, "slip": 0.0}
ny|IS|{"range_start": 11, "range_end": 13.25, "entry_end": 14, "exit_time": 19}
ny_gross|IS_gross|{"range_start": 11, "range_end": 13.25, "entry_end": 14, "exit_time": 19, "commission": 0.0, "slip": 0.0}
ny|IS|{"range_start": 11, "range_end": 13.25, "entry_end": 14}
ny_gross|IS_gross|{"range_start": 11, "range_end": 13.25, "entry_end": 14, "commission": 0.0, "slip": 0.0}
ny|IS|{"range_start": 11, "range_end": 13.25, "entry_end": 14, "exit_time": 21}
ny_gross|IS_gross|{"range_start": 11, "range_end": 13.25, "entry_end": 14, "exit_time": 21, "commission": 0.0, "slip": 0.0}
ny|IS|{"range_start": 11, "range_end": 13.25, "entry_end": 15, "exit_time": 16}
ny_gross|IS_gross|{"range_start": 11, "range_end": 13.25, "entry_end": 15, "exit_time": 16, "commission": 0.0, "slip": 0.0}
ny|IS|{"range_start": 11, "range_end": 13.25, "entry_end": 15, "exit_time": 17}
ny_gross|IS_gross|{"range_start": 11, "range_end": 13.25, "entry_end": 15, "exit_time": 17, "commission": 0.0, "slip": 0.0}
ny|IS|{"range_start": 11, "range_end": 13.25, "entry_end": 15, "exit_time": 18}
ny_gross|IS_gross|{"range_start": 11, "range_end": 13.25, "entry_end": 15, "exit_time": 18, "commission": 0.0, "slip": 0.0}
ny|IS|{"range_start": 11, "range_end": 13.25, "entry_end": 15, "exit_time": 19}
ny_gross|IS_gross|{"range_start": 11, "range_end": 13.25, "entry_end": 15, "exit_time": 19, "commission": 0.0, "slip": 0.0}
ny|IS|{"range_start": 11, "range_end": 13.25, "entry_end": 15}
ny_gross|IS_gross|{"range_start": 11, "range_end": 13.25, "entry_end": 15, "commission": 0.0, "slip": 0.0}
ny|IS|{"range_start": 11, "range_end": 13.25, "entry_end": 15, "exit_time": 21}
ny_gross|IS_gross|{"range_start": 11, "range_end": 13.25, "entry_end": 15, "exit_time": 21, "commission": 0.0, "slip": 0.0}
ny|IS|{"range_start": 11, "range_end": 13.25, "entry_end": 16, "exit_time": 16}
ny_gross|IS_gross|{"range_start": 11, "range_end": 13.25, "entry_end": 16, "exit_time": 16, "commission": 0.0, "slip": 0.0}
ny|IS|{"range_start": 11, "range_end": 13.25, "entry_end": 16, "exit_time": 17}
ny_gross|IS_gross|{"range_start": 11, "range_end": 13.25, "entry_end": 16, "exit_time": 17, "commission": 0.0, "slip": 0.0}
ny|IS|{"range_start": 11, "range_end": 13.25, "entry_end": 16, "exit_time": 18}
ny_gross|IS_gross|{"range_start": 11, "range_end": 13.25, "entry_end": 16, "exit_time": 18, "commission": 0.0, "slip": 0.0}
ny|IS|{"range_start": 11, "range_end": 13.25, "entry_end": 16, "exit_time": 19}
ny_gross|IS_gross|{"range_start": 11, "range_end": 13.25, "entry_end": 16, "exit_time": 19, "commission": 0.0, "slip": 0.0}
ny|IS|{"range_start": 11, "range_end": 13.25, "entry_end": 16}
ny_gross|IS_gross|{"range_start": 11, "range_end": 13.25, "entry_end": 16, "commission": 0.0, "slip": 0.0}
ny|IS|{"range_start": 11, "range_end": 13.25, "entry_end": 16, "exit_time": 21}
ny_gross|IS_gross|{"range_start": 11, "range_end": 13.25, "entry_end": 16, "exit_time": 21, "commission": 0.0, "slip": 0.0}
ny|IS|{"range_start": 11, "range_end": 13.25, "entry_end": 17, "exit_time": 17}
ny_gross|IS_gross|{"range_start": 11, "range_end": 13.25, "entry_end": 17, "exit_time": 17, "commission": 0.0, "slip": 0.0}
ny|IS|{"range_start": 11, "range_end": 13.25, "entry_end": 17, "exit_time": 18}
ny_gross|IS_gross|{"range_start": 11, "range_end": 13.25, "entry_end": 17, "exit_time": 18, "commission": 0.0, "slip": 0.0}
ny|IS|{"range_start": 11, "range_end": 13.25, "entry_end": 17, "exit_time": 19}
ny_gross|IS_gross|{"range_start": 11, "range_end": 13.25, "entry_end": 17, "exit_time": 19, "commission": 0.0, "slip": 0.0}
ny|IS|{"range_start": 11, "range_end": 13.25, "entry_end": 17}
ny_gross|IS_gross|{"range_start": 11, "range_end": 13.25, "entry_end": 17, "commission": 0.0, "slip": 0.0}
ny|IS|{"range_start": 11, "range_end": 13.25, "entry_end": 17, "exit_time": 21}
ny_gross|IS_gross|{"range_start": 11, "range_end": 13.25, "entry_end": 17, "exit_time": 21, "commission": 0.0, "slip": 0.0}
ny|IS|{"range_start": 11, "range_end": 13.5, "entry_end": 14, "exit_time": 16}
ny_gross|IS_gross|{"range_start": 11, "range_end": 13.5, "entry_end": 14, "exit_time": 16, "commission": 0.0, "slip": 0.0}
ny|IS|{"range_start": 11, "range_end": 13.5, "entry_end": 14, "exit_time": 17}
ny_gross|IS_gross|{"range_start": 11, "range_end": 13.5, "entry_end": 14, "exit_time": 17, "commission": 0.0, "slip": 0.0}
ny|IS|{"range_start": 11, "range_end": 13.5, "entry_end": 14, "exit_time": 18}
ny_gross|IS_gross|{"range_start": 11, "range_end": 13.5, "entry_end": 14, "exit_time": 18, "commission": 0.0, "slip": 0.0}
ny|IS|{"range_start": 11, "range_end": 13.5, "entry_end": 14, "exit_time": 19}
ny_gross|IS_gross|{"range_start": 11, "range_end": 13.5, "entry_end": 14, "exit_time": 19, "commission": 0.0, "slip": 0.0}
ny|IS|{"range_start": 11, "range_end": 13.5, "entry_end": 14}
ny_gross|IS_gross|{"range_start": 11, "range_end": 13.5, "entry_end": 14, "commission": 0.0, "slip": 0.0}
ny|IS|{"range_start": 11, "range_end": 13.5, "entry_end": 14, "exit_time": 21}
ny_gross|IS_gross|{"range_start": 11, "range_end": 13.5, "entry_end": 14, "exit_time": 21, "commission": 0.0, "slip": 0.0}
ny|IS|{"range_start": 11, "range_end": 13.5, "entry_end": 15, "exit_time": 16}
ny_gross|IS_gross|{"range_start": 11, "range_end": 13.5, "entry_end": 15, "exit_time": 16, "commission": 0.0, "slip": 0.0}
ny|IS|{"range_start": 11, "range_end": 13.5, "entry_end": 15, "exit_time": 17}
ny_gross|IS_gross|{"range_start": 11, "range_end": 13.5, "entry_end": 15, "exit_time": 17, "commission": 0.0, "slip": 0.0}
ny|IS|{"range_start": 11, "range_end": 13.5, "entry_end": 15, "exit_time": 18}
ny_gross|IS_gross|{"range_start": 11, "range_end": 13.5, "entry_end": 15, "exit_time": 18, "commission": 0.0, "slip": 0.0}
ny|IS|{"range_start": 11, "range_end": 13.5, "entry_end": 15, "exit_time": 19}
ny_gross|IS_gross|{"range_start": 11, "range_end": 13.5, "entry_end": 15, "exit_time": 19, "commission": 0.0, "slip": 0.0}
ny|IS|{"range_start": 11, "range_end": 13.5, "entry_end": 15}
ny_gross|IS_gross|{"range_start": 11, "range_end": 13.5, "entry_end": 15, "commission": 0.0, "slip": 0.0}
ny|IS|{"range_start": 11, "range_end": 13.5, "entry_end": 15, "exit_time": 21}
ny_gross|IS_gross|{"range_start": 11, "range_end": 13.5, "entry_end": 15, "exit_time": 21, "commission": 0.0, "slip": 0.0}
ny|IS|{"range_start": 11, "range_end": 13.5, "entry_end": 16, "exit_time": 16}
ny_gross|IS_gross|{"range_start": 11, "range_end": 13.5, "entry_end": 16, "exit_time": 16, "commission": 0.0, "slip": 0.0}
ny|IS|{"range_start": 11, "range_end": 13.5, "entry_end": 16, "exit_time": 17}
ny_gross|IS_gross|{"range_start": 11, "range_end": 13.5, "entry_end": 16, "exit_time": 17, "commission": 0.0, "slip": 0.0}
ny|IS|{"range_start": 11, "range_end": 13.5, "entry_end": 16, "exit_time": 18}
ny_gross|IS_gross|{"range_start": 11, "range_end": 13.5, "entry_end": 16, "exit_time": 18, "commission": 0.0, "slip": 0.0}
ny|IS|{"range_start": 11, "range_end": 13.5, "entry_end": 16, "exit_time": 19}
ny_gross|IS_gross|{"range_start": 11, "range_end": 13.5, "entry_end": 16, "exit_time": 19, "commission": 0.0, "slip": 0.0}
ny|IS|{"range_start": 11, "range_end": 13.5, "entry_end": 16}
ny_gross|IS_gross|{"range_start": 11, "range_end": 13.5, "entry_end": 16, "commission": 0.0, "slip": 0.0}
ny|IS|{"range_start": 11, "range_end": 13.5, "entry_end": 16, "exit_time": 21}
ny_gross|IS_gross|{"range_start": 11, "range_end": 13.5, "entry_end": 16, "exit_time": 21, "commission": 0.0, "slip": 0.0}
ny|IS|{"range_start": 11, "range_end": 13.5, "entry_end": 17, "exit_time": 17}
ny_gross|IS_gross|{"range_start": 11, "range_end": 13.5, "entry_end": 17, "exit_time": 17, "commission": 0.0, "slip": 0.0}
ny|IS|{"range_start": 11, "range_end": 13.5, "entry_end": 17, "exit_time": 18}
ny_gross|IS_gross|{"range_start": 11, "range_end": 13.5, "entry_end": 17, "exit_time": 18, "commission": 0.0, "slip": 0.0}
ny|IS|{"range_start": 11, "range_end": 13.5, "entry_end": 17, "exit_time": 19}
ny_gross|IS_gross|{"range_start": 11, "range_end": 13.5, "entry_end": 17, "exit_time": 19, "commission": 0.0, "slip": 0.0}
ny|IS|{"range_start": 11, "range_end": 13.5, "entry_end": 17}
ny_gross|IS_gross|{"range_start": 11, "range_end": 13.5, "entry_end": 17, "commission": 0.0, "slip": 0.0}
ny|IS|{"range_start": 11, "range_end": 13.5, "entry_end": 17, "exit_time": 21}
ny_gross|IS_gross|{"range_start": 11, "range_end": 13.5, "entry_end": 17, "exit_time": 21, "commission": 0.0, "slip": 0.0}
ny|IS|{"range_start": 11, "range_end": 14, "entry_end": 15, "exit_time": 16}
ny_gross|IS_gross|{"range_start": 11, "range_end": 14, "entry_end": 15, "exit_time": 16, "commission": 0.0, "slip": 0.0}
ny|IS|{"range_start": 11, "range_end": 14, "entry_end": 15, "exit_time": 17}
ny_gross|IS_gross|{"range_start": 11, "range_end": 14, "entry_end": 15, "exit_time": 17, "commission": 0.0, "slip": 0.0}
ny|IS|{"range_start": 11, "range_end": 14, "entry_end": 15, "exit_time": 18}
ny_gross|IS_gross|{"range_start": 11, "range_end": 14, "entry_end": 15, "exit_time": 18, "commission": 0.0, "slip": 0.0}
ny|IS|{"range_start": 11, "range_end": 14, "entry_end": 15, "exit_time": 19}
ny_gross|IS_gross|{"range_start": 11, "range_end": 14, "entry_end": 15, "exit_time": 19, "commission": 0.0, "slip": 0.0}
ny|IS|{"range_start": 11, "range_end": 14, "entry_end": 15}
ny_gross|IS_gross|{"range_start": 11, "range_end": 14, "entry_end": 15, "commission": 0.0, "slip": 0.0}
ny|IS|{"range_start": 11, "range_end": 14, "entry_end": 15, "exit_time": 21}
ny_gross|IS_gross|{"range_start": 11, "range_end": 14, "entry_end": 15, "exit_time": 21, "commission": 0.0, "slip": 0.0}
ny|IS|{"range_start": 11, "range_end": 14, "entry_end": 16, "exit_time": 16}
ny_gross|IS_gross|{"range_start": 11, "range_end": 14, "entry_end": 16, "exit_time": 16, "commission": 0.0, "slip": 0.0}
ny|IS|{"range_start": 11, "range_end": 14, "entry_end": 16, "exit_time": 17}
ny_gross|IS_gross|{"range_start": 11, "range_end": 14, "entry_end": 16, "exit_time": 17, "commission": 0.0, "slip": 0.0}
ny|IS|{"range_start": 11, "range_end": 14, "entry_end": 16, "exit_time": 18}
ny_gross|IS_gross|{"range_start": 11, "range_end": 14, "entry_end": 16, "exit_time": 18, "commission": 0.0, "slip": 0.0}
ny|IS|{"range_start": 11, "range_end": 14, "entry_end": 16, "exit_time": 19}
ny_gross|IS_gross|{"range_start": 11, "range_end": 14, "entry_end": 16, "exit_time": 19, "commission": 0.0, "slip": 0.0}
ny|IS|{"range_start": 11, "range_end": 14, "entry_end": 16}
ny_gross|IS_gross|{"range_start": 11, "range_end": 14, "entry_end": 16, "commission": 0.0, "slip": 0.0}
ny|IS|{"range_start": 11, "range_end": 14, "entry_end": 16, "exit_time": 21}
ny_gross|IS_gross|{"range_start": 11, "range_end": 14, "entry_end": 16, "exit_time": 21, "commission": 0.0, "slip": 0.0}
ny|IS|{"range_start": 11, "range_end": 14, "entry_end": 17, "exit_time": 17}
ny_gross|IS_gross|{"range_start": 11, "range_end": 14, "entry_end": 17, "exit_time": 17, "commission": 0.0, "slip": 0.0}
ny|IS|{"range_start": 11, "range_end": 14, "entry_end": 17, "exit_time": 18}
ny_gross|IS_gross|{"range_start": 11, "range_end": 14, "entry_end": 17, "exit_time": 18, "commission": 0.0, "slip": 0.0}
ny|IS|{"range_start": 11, "range_end": 14, "entry_end": 17, "exit_time": 19}
ny_gross|IS_gross|{"range_start": 11, "range_end": 14, "entry_end": 17, "exit_time": 19, "commission": 0.0, "slip": 0.0}
ny|IS|{"range_start": 11, "range_end": 14, "entry_end": 17}
ny_gross|IS_gross|{"range_start": 11, "range_end": 14, "entry_end": 17, "commission": 0.0, "slip": 0.0}
ny|IS|{"range_start": 11, "range_end": 14, "entry_end": 17, "exit_time": 21}
ny_gross|IS_gross|{"range_start": 11, "range_end": 14, "entry_end": 17, "exit_time": 21, "commission": 0.0, "slip": 0.0}
ny|IS|{"range_start": 11, "range_end": 15, "entry_end": 16, "exit_time": 16}
ny_gross|IS_gross|{"range_start": 11, "range_end": 15, "entry_end": 16, "exit_time": 16, "commission": 0.0, "slip": 0.0}
ny|IS|{"range_start": 11, "range_end": 15, "entry_end": 16, "exit_time": 17}
ny_gross|IS_gross|{"range_start": 11, "range_end": 15, "entry_end": 16, "exit_time": 17, "commission": 0.0, "slip": 0.0}
ny|IS|{"range_start": 11, "range_end": 15, "entry_end": 16, "exit_time": 18}
ny_gross|IS_gross|{"range_start": 11, "range_end": 15, "entry_end": 16, "exit_time": 18, "commission": 0.0, "slip": 0.0}
ny|IS|{"range_start": 11, "range_end": 15, "entry_end": 16, "exit_time": 19}
ny_gross|IS_gross|{"range_start": 11, "range_end": 15, "entry_end": 16, "exit_time": 19, "commission": 0.0, "slip": 0.0}
ny|IS|{"range_start": 11, "range_end": 15, "entry_end": 16}
ny_gross|IS_gross|{"range_start": 11, "range_end": 15, "entry_end": 16, "commission": 0.0, "slip": 0.0}
ny|IS|{"range_start": 11, "range_end": 15, "entry_end": 16, "exit_time": 21}
ny_gross|IS_gross|{"range_start": 11, "range_end": 15, "entry_end": 16, "exit_time": 21, "commission": 0.0, "slip": 0.0}
ny|IS|{"range_start": 11, "range_end": 15, "entry_end": 17, "exit_time": 17}
ny_gross|IS_gross|{"range_start": 11, "range_end": 15, "entry_end": 17, "exit_time": 17, "commission": 0.0, "slip": 0.0}
ny|IS|{"range_start": 11, "range_end": 15, "entry_end": 17, "exit_time": 18}
ny_gross|IS_gross|{"range_start": 11, "range_end": 15, "entry_end": 17, "exit_time": 18, "commission": 0.0, "slip": 0.0}
ny|IS|{"range_start": 11, "range_end": 15, "entry_end": 17, "exit_time": 19}
ny_gross|IS_gross|{"range_start": 11, "range_end": 15, "entry_end": 17, "exit_time": 19, "commission": 0.0, "slip": 0.0}
ny|IS|{"range_start": 11, "range_end": 15, "entry_end": 17}
ny_gross|IS_gross|{"range_start": 11, "range_end": 15, "entry_end": 17, "commission": 0.0, "slip": 0.0}
ny|IS|{"range_start": 11, "range_end": 15, "entry_end": 17, "exit_time": 21}
ny_gross|IS_gross|{"range_start": 11, "range_end": 15, "entry_end": 17, "exit_time": 21, "commission": 0.0, "slip": 0.0}
ny|IS|{"range_start": 12, "range_end": 12.5, "entry_end": 14, "exit_time": 16}
ny_gross|IS_gross|{"range_start": 12, "range_end": 12.5, "entry_end": 14, "exit_time": 16, "commission": 0.0, "slip": 0.0}
ny|IS|{"range_start": 12, "range_end": 12.5, "entry_end": 14, "exit_time": 17}
ny_gross|IS_gross|{"range_start": 12, "range_end": 12.5, "entry_end": 14, "exit_time": 17, "commission": 0.0, "slip": 0.0}
ny|IS|{"range_start": 12, "range_end": 12.5, "entry_end": 14, "exit_time": 18}
ny_gross|IS_gross|{"range_start": 12, "range_end": 12.5, "entry_end": 14, "exit_time": 18, "commission": 0.0, "slip": 0.0}
ny|IS|{"range_start": 12, "range_end": 12.5, "entry_end": 14, "exit_time": 19}
ny_gross|IS_gross|{"range_start": 12, "range_end": 12.5, "entry_end": 14, "exit_time": 19, "commission": 0.0, "slip": 0.0}
ny|IS|{"range_start": 12, "range_end": 12.5, "entry_end": 14}
ny_gross|IS_gross|{"range_start": 12, "range_end": 12.5, "entry_end": 14, "commission": 0.0, "slip": 0.0}
ny|IS|{"range_start": 12, "range_end": 12.5, "entry_end": 14, "exit_time": 21}
ny_gross|IS_gross|{"range_start": 12, "range_end": 12.5, "entry_end": 14, "exit_time": 21, "commission": 0.0, "slip": 0.0}
ny|IS|{"range_start": 12, "range_end": 12.5, "entry_end": 15, "exit_time": 16}
ny_gross|IS_gross|{"range_start": 12, "range_end": 12.5, "entry_end": 15, "exit_time": 16, "commission": 0.0, "slip": 0.0}
ny|IS|{"range_start": 12, "range_end": 12.5, "entry_end": 15, "exit_time": 17}
ny_gross|IS_gross|{"range_start": 12, "range_end": 12.5, "entry_end": 15, "exit_time": 17, "commission": 0.0, "slip": 0.0}
ny|IS|{"range_start": 12, "range_end": 12.5, "entry_end": 15, "exit_time": 18}
ny_gross|IS_gross|{"range_start": 12, "range_end": 12.5, "entry_end": 15, "exit_time": 18, "commission": 0.0, "slip": 0.0}
ny|IS|{"range_start": 12, "range_end": 12.5, "entry_end": 15, "exit_time": 19}
ny_gross|IS_gross|{"range_start": 12, "range_end": 12.5, "entry_end": 15, "exit_time": 19, "commission": 0.0, "slip": 0.0}
ny|IS|{"range_start": 12, "range_end": 12.5, "entry_end": 15}
ny_gross|IS_gross|{"range_start": 12, "range_end": 12.5, "entry_end": 15, "commission": 0.0, "slip": 0.0}
ny|IS|{"range_start": 12, "range_end": 12.5, "entry_end": 15, "exit_time": 21}
ny_gross|IS_gross|{"range_start": 12, "range_end": 12.5, "entry_end": 15, "exit_time": 21, "commission": 0.0, "slip": 0.0}
ny|IS|{"range_start": 12, "range_end": 12.5, "entry_end": 16, "exit_time": 16}
ny_gross|IS_gross|{"range_start": 12, "range_end": 12.5, "entry_end": 16, "exit_time": 16, "commission": 0.0, "slip": 0.0}
ny|IS|{"range_start": 12, "range_end": 12.5, "entry_end": 16, "exit_time": 17}
ny_gross|IS_gross|{"range_start": 12, "range_end": 12.5, "entry_end": 16, "exit_time": 17, "commission": 0.0, "slip": 0.0}
ny|IS|{"range_start": 12, "range_end": 12.5, "entry_end": 16, "exit_time": 18}
ny_gross|IS_gross|{"range_start": 12, "range_end": 12.5, "entry_end": 16, "exit_time": 18, "commission": 0.0, "slip": 0.0}
ny|IS|{"range_start": 12, "range_end": 12.5, "entry_end": 16, "exit_time": 19}
ny_gross|IS_gross|{"range_start": 12, "range_end": 12.5, "entry_end": 16, "exit_time": 19, "commission": 0.0, "slip": 0.0}
ny|IS|{"range_start": 12, "range_end": 12.5, "entry_end": 16}
ny_gross|IS_gross|{"range_start": 12, "range_end": 12.5, "entry_end": 16, "commission": 0.0, "slip": 0.0}
ny|IS|{"range_start": 12, "range_end": 12.5, "entry_end": 16, "exit_time": 21}
ny_gross|IS_gross|{"range_start": 12, "range_end": 12.5, "entry_end": 16, "exit_time": 21, "commission": 0.0, "slip": 0.0}
ny|IS|{"range_start": 12, "range_end": 12.5, "entry_end": 17, "exit_time": 17}
ny_gross|IS_gross|{"range_start": 12, "range_end": 12.5, "entry_end": 17, "exit_time": 17, "commission": 0.0, "slip": 0.0}
ny|IS|{"range_start": 12, "range_end": 12.5, "entry_end": 17, "exit_time": 18}
ny_gross|IS_gross|{"range_start": 12, "range_end": 12.5, "entry_end": 17, "exit_time": 18, "commission": 0.0, "slip": 0.0}
ny|IS|{"range_start": 12, "range_end": 12.5, "entry_end": 17, "exit_time": 19}
ny_gross|IS_gross|{"range_start": 12, "range_end": 12.5, "entry_end": 17, "exit_time": 19, "commission": 0.0, "slip": 0.0}
ny|IS|{"range_start": 12, "range_end": 12.5, "entry_end": 17}
ny_gross|IS_gross|{"range_start": 12, "range_end": 12.5, "entry_end": 17, "commission": 0.0, "slip": 0.0}
ny|IS|{"range_start": 12, "range_end": 12.5, "entry_end": 17, "exit_time": 21}
ny_gross|IS_gross|{"range_start": 12, "range_end": 12.5, "entry_end": 17, "exit_time": 21, "commission": 0.0, "slip": 0.0}
ny|IS|{"range_start": 12, "range_end": 13, "entry_end": 14, "exit_time": 16}
ny_gross|IS_gross|{"range_start": 12, "range_end": 13, "entry_end": 14, "exit_time": 16, "commission": 0.0, "slip": 0.0}
ny|IS|{"range_start": 12, "range_end": 13, "entry_end": 14, "exit_time": 17}
ny_gross|IS_gross|{"range_start": 12, "range_end": 13, "entry_end": 14, "exit_time": 17, "commission": 0.0, "slip": 0.0}
ny|IS|{"range_start": 12, "range_end": 13, "entry_end": 14, "exit_time": 18}
ny_gross|IS_gross|{"range_start": 12, "range_end": 13, "entry_end": 14, "exit_time": 18, "commission": 0.0, "slip": 0.0}
ny|IS|{"range_start": 12, "range_end": 13, "entry_end": 14, "exit_time": 19}
ny_gross|IS_gross|{"range_start": 12, "range_end": 13, "entry_end": 14, "exit_time": 19, "commission": 0.0, "slip": 0.0}
ny|IS|{"range_start": 12, "range_end": 13, "entry_end": 14}
ny_gross|IS_gross|{"range_start": 12, "range_end": 13, "entry_end": 14, "commission": 0.0, "slip": 0.0}
ny|IS|{"range_start": 12, "range_end": 13, "entry_end": 14, "exit_time": 21}
ny_gross|IS_gross|{"range_start": 12, "range_end": 13, "entry_end": 14, "exit_time": 21, "commission": 0.0, "slip": 0.0}
ny|IS|{"range_start": 12, "range_end": 13, "entry_end": 15, "exit_time": 16}
ny_gross|IS_gross|{"range_start": 12, "range_end": 13, "entry_end": 15, "exit_time": 16, "commission": 0.0, "slip": 0.0}
ny|IS|{"range_start": 12, "range_end": 13, "entry_end": 15, "exit_time": 17}
ny_gross|IS_gross|{"range_start": 12, "range_end": 13, "entry_end": 15, "exit_time": 17, "commission": 0.0, "slip": 0.0}
ny|IS|{"range_start": 12, "range_end": 13, "entry_end": 15, "exit_time": 18}
ny_gross|IS_gross|{"range_start": 12, "range_end": 13, "entry_end": 15, "exit_time": 18, "commission": 0.0, "slip": 0.0}
ny|IS|{"range_start": 12, "range_end": 13, "entry_end": 15, "exit_time": 19}
ny_gross|IS_gross|{"range_start": 12, "range_end": 13, "entry_end": 15, "exit_time": 19, "commission": 0.0, "slip": 0.0}
ny|IS|{"range_start": 12, "range_end": 13, "entry_end": 15}
ny_gross|IS_gross|{"range_start": 12, "range_end": 13, "entry_end": 15, "commission": 0.0, "slip": 0.0}
ny|IS|{"range_start": 12, "range_end": 13, "entry_end": 15, "exit_time": 21}
ny_gross|IS_gross|{"range_start": 12, "range_end": 13, "entry_end": 15, "exit_time": 21, "commission": 0.0, "slip": 0.0}
ny|IS|{"range_start": 12, "range_end": 13, "entry_end": 16, "exit_time": 16}
ny_gross|IS_gross|{"range_start": 12, "range_end": 13, "entry_end": 16, "exit_time": 16, "commission": 0.0, "slip": 0.0}
ny|IS|{"range_start": 12, "range_end": 13, "entry_end": 16, "exit_time": 17}
ny_gross|IS_gross|{"range_start": 12, "range_end": 13, "entry_end": 16, "exit_time": 17, "commission": 0.0, "slip": 0.0}
ny|IS|{"range_start": 12, "range_end": 13, "entry_end": 16, "exit_time": 18}
ny_gross|IS_gross|{"range_start": 12, "range_end": 13, "entry_end": 16, "exit_time": 18, "commission": 0.0, "slip": 0.0}
ny|IS|{"range_start": 12, "range_end": 13, "entry_end": 16, "exit_time": 19}
ny_gross|IS_gross|{"range_start": 12, "range_end": 13, "entry_end": 16, "exit_time": 19, "commission": 0.0, "slip": 0.0}
ny|IS|{"range_start": 12, "range_end": 13, "entry_end": 16}
ny_gross|IS_gross|{"range_start": 12, "range_end": 13, "entry_end": 16, "commission": 0.0, "slip": 0.0}
ny|IS|{"range_start": 12, "range_end": 13, "entry_end": 16, "exit_time": 21}
ny_gross|IS_gross|{"range_start": 12, "range_end": 13, "entry_end": 16, "exit_time": 21, "commission": 0.0, "slip": 0.0}
ny|IS|{"range_start": 12, "range_end": 13, "entry_end": 17, "exit_time": 17}
ny_gross|IS_gross|{"range_start": 12, "range_end": 13, "entry_end": 17, "exit_time": 17, "commission": 0.0, "slip": 0.0}
ny|IS|{"range_start": 12, "range_end": 13, "entry_end": 17, "exit_time": 18}
ny_gross|IS_gross|{"range_start": 12, "range_end": 13, "entry_end": 17, "exit_time": 18, "commission": 0.0, "slip": 0.0}
ny|IS|{"range_start": 12, "range_end": 13, "entry_end": 17, "exit_time": 19}
ny_gross|IS_gross|{"range_start": 12, "range_end": 13, "entry_end": 17, "exit_time": 19, "commission": 0.0, "slip": 0.0}
ny|IS|{"range_start": 12, "range_end": 13, "entry_end": 17}
ny_gross|IS_gross|{"range_start": 12, "range_end": 13, "entry_end": 17, "commission": 0.0, "slip": 0.0}
ny|IS|{"range_start": 12, "range_end": 13, "entry_end": 17, "exit_time": 21}
ny_gross|IS_gross|{"range_start": 12, "range_end": 13, "entry_end": 17, "exit_time": 21, "commission": 0.0, "slip": 0.0}
ny|IS|{"range_start": 12, "range_end": 13.25, "entry_end": 14, "exit_time": 16}
ny_gross|IS_gross|{"range_start": 12, "range_end": 13.25, "entry_end": 14, "exit_time": 16, "commission": 0.0, "slip": 0.0}
ny|IS|{"range_start": 12, "range_end": 13.25, "entry_end": 14, "exit_time": 17}
ny_gross|IS_gross|{"range_start": 12, "range_end": 13.25, "entry_end": 14, "exit_time": 17, "commission": 0.0, "slip": 0.0}
ny|IS|{"range_start": 12, "range_end": 13.25, "entry_end": 14, "exit_time": 18}
ny_gross|IS_gross|{"range_start": 12, "range_end": 13.25, "entry_end": 14, "exit_time": 18, "commission": 0.0, "slip": 0.0}
ny|IS|{"range_start": 12, "range_end": 13.25, "entry_end": 14, "exit_time": 19}
ny_gross|IS_gross|{"range_start": 12, "range_end": 13.25, "entry_end": 14, "exit_time": 19, "commission": 0.0, "slip": 0.0}
ny|IS|{"range_start": 12, "range_end": 13.25, "entry_end": 14}
ny_gross|IS_gross|{"range_start": 12, "range_end": 13.25, "entry_end": 14, "commission": 0.0, "slip": 0.0}
ny|IS|{"range_start": 12, "range_end": 13.25, "entry_end": 14, "exit_time": 21}
ny_gross|IS_gross|{"range_start": 12, "range_end": 13.25, "entry_end": 14, "exit_time": 21, "commission": 0.0, "slip": 0.0}
ny|IS|{"range_start": 12, "range_end": 13.25, "entry_end": 15, "exit_time": 16}
ny_gross|IS_gross|{"range_start": 12, "range_end": 13.25, "entry_end": 15, "exit_time": 16, "commission": 0.0, "slip": 0.0}
ny|IS|{"range_start": 12, "range_end": 13.25, "entry_end": 15, "exit_time": 17}
ny_gross|IS_gross|{"range_start": 12, "range_end": 13.25, "entry_end": 15, "exit_time": 17, "commission": 0.0, "slip": 0.0}
ny|IS|{"range_start": 12, "range_end": 13.25, "entry_end": 15, "exit_time": 18}
ny_gross|IS_gross|{"range_start": 12, "range_end": 13.25, "entry_end": 15, "exit_time": 18, "commission": 0.0, "slip": 0.0}
ny|IS|{"range_start": 12, "range_end": 13.25, "entry_end": 15, "exit_time": 19}
ny_gross|IS_gross|{"range_start": 12, "range_end": 13.25, "entry_end": 15, "exit_time": 19, "commission": 0.0, "slip": 0.0}
ny|IS|{"range_start": 12, "range_end": 13.25, "entry_end": 15}
ny_gross|IS_gross|{"range_start": 12, "range_end": 13.25, "entry_end": 15, "commission": 0.0, "slip": 0.0}
ny|IS|{"range_start": 12, "range_end": 13.25, "entry_end": 15, "exit_time": 21}
ny_gross|IS_gross|{"range_start": 12, "range_end": 13.25, "entry_end": 15, "exit_time": 21, "commission": 0.0, "slip": 0.0}
ny|IS|{"range_start": 12, "range_end": 13.25, "entry_end": 16, "exit_time": 16}
ny_gross|IS_gross|{"range_start": 12, "range_end": 13.25, "entry_end": 16, "exit_time": 16, "commission": 0.0, "slip": 0.0}
ny|IS|{"range_start": 12, "range_end": 13.25, "entry_end": 16, "exit_time": 17}
ny_gross|IS_gross|{"range_start": 12, "range_end": 13.25, "entry_end": 16, "exit_time": 17, "commission": 0.0, "slip": 0.0}
ny|IS|{"range_start": 12, "range_end": 13.25, "entry_end": 16, "exit_time": 18}
ny_gross|IS_gross|{"range_start": 12, "range_end": 13.25, "entry_end": 16, "exit_time": 18, "commission": 0.0, "slip": 0.0}
ny|IS|{"range_start": 12, "range_end": 13.25, "entry_end": 16, "exit_time": 19}
ny_gross|IS_gross|{"range_start": 12, "range_end": 13.25, "entry_end": 16, "exit_time": 19, "commission": 0.0, "slip": 0.0}
ny|IS|{"range_start": 12, "range_end": 13.25, "entry_end": 16}
ny_gross|IS_gross|{"range_start": 12, "range_end": 13.25, "entry_end": 16, "commission": 0.0, "slip": 0.0}
ny|IS|{"range_start": 12, "range_end": 13.25, "entry_end": 16, "exit_time": 21}
ny_gross|IS_gross|{"range_start": 12, "range_end": 13.25, "entry_end": 16, "exit_time": 21, "commission": 0.0, "slip": 0.0}
ny|IS|{"range_start": 12, "range_end": 13.25, "entry_end": 17, "exit_time": 17}
ny_gross|IS_gross|{"range_start": 12, "range_end": 13.25, "entry_end": 17, "exit_time": 17, "commission": 0.0, "slip": 0.0}
ny|IS|{"range_start": 12, "range_end": 13.25, "entry_end": 17, "exit_time": 18}
ny_gross|IS_gross|{"range_start": 12, "range_end": 13.25, "entry_end": 17, "exit_time": 18, "commission": 0.0, "slip": 0.0}
ny|IS|{"range_start": 12, "range_end": 13.25, "entry_end": 17, "exit_time": 19}
ny_gross|IS_gross|{"range_start": 12, "range_end": 13.25, "entry_end": 17, "exit_time": 19, "commission": 0.0, "slip": 0.0}
ny|IS|{"range_start": 12, "range_end": 13.25, "entry_end": 17}
ny_gross|IS_gross|{"range_start": 12, "range_end": 13.25, "entry_end": 17, "commission": 0.0, "slip": 0.0}
ny|IS|{"range_start": 12, "range_end": 13.25, "entry_end": 17, "exit_time": 21}
ny_gross|IS_gross|{"range_start": 12, "range_end": 13.25, "entry_end": 17, "exit_time": 21, "commission": 0.0, "slip": 0.0}
ny|IS|{"range_start": 12, "range_end": 13.5, "entry_end": 14, "exit_time": 16}
ny_gross|IS_gross|{"range_start": 12, "range_end": 13.5, "entry_end": 14, "exit_time": 16, "commission": 0.0, "slip": 0.0}
ny|IS|{"range_start": 12, "range_end": 13.5, "entry_end": 14, "exit_time": 17}
ny_gross|IS_gross|{"range_start": 12, "range_end": 13.5, "entry_end": 14, "exit_time": 17, "commission": 0.0, "slip": 0.0}
ny|IS|{"range_start": 12, "range_end": 13.5, "entry_end": 14, "exit_time": 18}
ny_gross|IS_gross|{"range_start": 12, "range_end": 13.5, "entry_end": 14, "exit_time": 18, "commission": 0.0, "slip": 0.0}
ny|IS|{"range_start": 12, "range_end": 13.5, "entry_end": 14, "exit_time": 19}
ny_gross|IS_gross|{"range_start": 12, "range_end": 13.5, "entry_end": 14, "exit_time": 19, "commission": 0.0, "slip": 0.0}
ny|IS|{"range_start": 12, "range_end": 13.5, "entry_end": 14}
ny_gross|IS_gross|{"range_start": 12, "range_end": 13.5, "entry_end": 14, "commission": 0.0, "slip": 0.0}
ny|IS|{"range_start": 12, "range_end": 13.5, "entry_end": 14, "exit_time": 21}
ny_gross|IS_gross|{"range_start": 12, "range_end": 13.5, "entry_end": 14, "exit_time": 21, "commission": 0.0, "slip": 0.0}
ny|IS|{"range_start": 12, "range_end": 13.5, "entry_end": 15, "exit_time": 16}
ny_gross|IS_gross|{"range_start": 12, "range_end": 13.5, "entry_end": 15, "exit_time": 16, "commission": 0.0, "slip": 0.0}
ny|IS|{"range_start": 12, "range_end": 13.5, "entry_end": 15, "exit_time": 17}
ny_gross|IS_gross|{"range_start": 12, "range_end": 13.5, "entry_end": 15, "exit_time": 17, "commission": 0.0, "slip": 0.0}
ny|IS|{"range_start": 12, "range_end": 13.5, "entry_end": 15, "exit_time": 18}
ny_gross|IS_gross|{"range_start": 12, "range_end": 13.5, "entry_end": 15, "exit_time": 18, "commission": 0.0, "slip": 0.0}
ny|IS|{"range_start": 12, "range_end": 13.5, "entry_end": 15, "exit_time": 19}
ny_gross|IS_gross|{"range_start": 12, "range_end": 13.5, "entry_end": 15, "exit_time": 19, "commission": 0.0, "slip": 0.0}
ny|IS|{"range_start": 12, "range_end": 13.5, "entry_end": 15}
ny_gross|IS_gross|{"range_start": 12, "range_end": 13.5, "entry_end": 15, "commission": 0.0, "slip": 0.0}
ny|IS|{"range_start": 12, "range_end": 13.5, "entry_end": 15, "exit_time": 21}
ny_gross|IS_gross|{"range_start": 12, "range_end": 13.5, "entry_end": 15, "exit_time": 21, "commission": 0.0, "slip": 0.0}
ny|IS|{"range_start": 12, "range_end": 13.5, "entry_end": 16, "exit_time": 16}
ny_gross|IS_gross|{"range_start": 12, "range_end": 13.5, "entry_end": 16, "exit_time": 16, "commission": 0.0, "slip": 0.0}
ny|IS|{"range_start": 12, "range_end": 13.5, "entry_end": 16, "exit_time": 17}
ny_gross|IS_gross|{"range_start": 12, "range_end": 13.5, "entry_end": 16, "exit_time": 17, "commission": 0.0, "slip": 0.0}
ny|IS|{"range_start": 12, "range_end": 13.5, "entry_end": 16, "exit_time": 18}
ny_gross|IS_gross|{"range_start": 12, "range_end": 13.5, "entry_end": 16, "exit_time": 18, "commission": 0.0, "slip": 0.0}
ny|IS|{"range_start": 12, "range_end": 13.5, "entry_end": 16, "exit_time": 19}
ny_gross|IS_gross|{"range_start": 12, "range_end": 13.5, "entry_end": 16, "exit_time": 19, "commission": 0.0, "slip": 0.0}
ny|IS|{"range_start": 12, "range_end": 13.5, "entry_end": 16}
ny_gross|IS_gross|{"range_start": 12, "range_end": 13.5, "entry_end": 16, "commission": 0.0, "slip": 0.0}
ny|IS|{"range_start": 12, "range_end": 13.5, "entry_end": 16, "exit_time": 21}
ny_gross|IS_gross|{"range_start": 12, "range_end": 13.5, "entry_end": 16, "exit_time": 21, "commission": 0.0, "slip": 0.0}
ny|IS|{"range_start": 12, "range_end": 13.5, "entry_end": 17, "exit_time": 17}
ny_gross|IS_gross|{"range_start": 12, "range_end": 13.5, "entry_end": 17, "exit_time": 17, "commission": 0.0, "slip": 0.0}
ny|IS|{"range_start": 12, "range_end": 13.5, "entry_end": 17, "exit_time": 18}
ny_gross|IS_gross|{"range_start": 12, "range_end": 13.5, "entry_end": 17, "exit_time": 18, "commission": 0.0, "slip": 0.0}
ny|IS|{"range_start": 12, "range_end": 13.5, "entry_end": 17, "exit_time": 19}
ny_gross|IS_gross|{"range_start": 12, "range_end": 13.5, "entry_end": 17, "exit_time": 19, "commission": 0.0, "slip": 0.0}
ny|IS|{"range_start": 12, "range_end": 13.5, "entry_end": 17}
ny_gross|IS_gross|{"range_start": 12, "range_end": 13.5, "entry_end": 17, "commission": 0.0, "slip": 0.0}
ny|IS|{"range_start": 12, "range_end": 13.5, "entry_end": 17, "exit_time": 21}
ny_gross|IS_gross|{"range_start": 12, "range_end": 13.5, "entry_end": 17, "exit_time": 21, "commission": 0.0, "slip": 0.0}
ny|IS|{"range_start": 12, "range_end": 14, "entry_end": 15, "exit_time": 16}
ny_gross|IS_gross|{"range_start": 12, "range_end": 14, "entry_end": 15, "exit_time": 16, "commission": 0.0, "slip": 0.0}
ny|IS|{"range_start": 12, "range_end": 14, "entry_end": 15, "exit_time": 17}
ny_gross|IS_gross|{"range_start": 12, "range_end": 14, "entry_end": 15, "exit_time": 17, "commission": 0.0, "slip": 0.0}
ny|IS|{"range_start": 12, "range_end": 14, "entry_end": 15, "exit_time": 18}
ny_gross|IS_gross|{"range_start": 12, "range_end": 14, "entry_end": 15, "exit_time": 18, "commission": 0.0, "slip": 0.0}
ny|IS|{"range_start": 12, "range_end": 14, "entry_end": 15, "exit_time": 19}
ny_gross|IS_gross|{"range_start": 12, "range_end": 14, "entry_end": 15, "exit_time": 19, "commission": 0.0, "slip": 0.0}
ny|IS|{"range_start": 12, "range_end": 14, "entry_end": 15}
ny_gross|IS_gross|{"range_start": 12, "range_end": 14, "entry_end": 15, "commission": 0.0, "slip": 0.0}
ny|IS|{"range_start": 12, "range_end": 14, "entry_end": 15, "exit_time": 21}
ny_gross|IS_gross|{"range_start": 12, "range_end": 14, "entry_end": 15, "exit_time": 21, "commission": 0.0, "slip": 0.0}
ny|IS|{"range_start": 12, "range_end": 14, "entry_end": 16, "exit_time": 16}
ny_gross|IS_gross|{"range_start": 12, "range_end": 14, "entry_end": 16, "exit_time": 16, "commission": 0.0, "slip": 0.0}
ny|IS|{"range_start": 12, "range_end": 14, "entry_end": 16, "exit_time": 17}
ny_gross|IS_gross|{"range_start": 12, "range_end": 14, "entry_end": 16, "exit_time": 17, "commission": 0.0, "slip": 0.0}
ny|IS|{"range_start": 12, "range_end": 14, "entry_end": 16, "exit_time": 18}
ny_gross|IS_gross|{"range_start": 12, "range_end": 14, "entry_end": 16, "exit_time": 18, "commission": 0.0, "slip": 0.0}
ny|IS|{"range_start": 12, "range_end": 14, "entry_end": 16, "exit_time": 19}
ny_gross|IS_gross|{"range_start": 12, "range_end": 14, "entry_end": 16, "exit_time": 19, "commission": 0.0, "slip": 0.0}
ny|IS|{"range_start": 12, "range_end": 14, "entry_end": 16}
ny_gross|IS_gross|{"range_start": 12, "range_end": 14, "entry_end": 16, "commission": 0.0, "slip": 0.0}
ny|IS|{"range_start": 12, "range_end": 14, "entry_end": 16, "exit_time": 21}
ny_gross|IS_gross|{"range_start": 12, "range_end": 14, "entry_end": 16, "exit_time": 21, "commission": 0.0, "slip": 0.0}
ny|IS|{"range_start": 12, "range_end": 14, "entry_end": 17, "exit_time": 17}
ny_gross|IS_gross|{"range_start": 12, "range_end": 14, "entry_end": 17, "exit_time": 17, "commission": 0.0, "slip": 0.0}
ny|IS|{"range_start": 12, "range_end": 14, "entry_end": 17, "exit_time": 18}
ny_gross|IS_gross|{"range_start": 12, "range_end": 14, "entry_end": 17, "exit_time": 18, "commission": 0.0, "slip": 0.0}
ny|IS|{"range_start": 12, "range_end": 14, "entry_end": 17, "exit_time": 19}
ny_gross|IS_gross|{"range_start": 12, "range_end": 14, "entry_end": 17, "exit_time": 19, "commission": 0.0, "slip": 0.0}
ny|IS|{"range_start": 12, "range_end": 14, "entry_end": 17}
ny_gross|IS_gross|{"range_start": 12, "range_end": 14, "entry_end": 17, "commission": 0.0, "slip": 0.0}
ny|IS|{"range_start": 12, "range_end": 14, "entry_end": 17, "exit_time": 21}
ny_gross|IS_gross|{"range_start": 12, "range_end": 14, "entry_end": 17, "exit_time": 21, "commission": 0.0, "slip": 0.0}
ny|IS|{"range_start": 12, "range_end": 15, "entry_end": 16, "exit_time": 16}
ny_gross|IS_gross|{"range_start": 12, "range_end": 15, "entry_end": 16, "exit_time": 16, "commission": 0.0, "slip": 0.0}
ny|IS|{"range_start": 12, "range_end": 15, "entry_end": 16, "exit_time": 17}
ny_gross|IS_gross|{"range_start": 12, "range_end": 15, "entry_end": 16, "exit_time": 17, "commission": 0.0, "slip": 0.0}
ny|IS|{"range_start": 12, "range_end": 15, "entry_end": 16, "exit_time": 18}
ny_gross|IS_gross|{"range_start": 12, "range_end": 15, "entry_end": 16, "exit_time": 18, "commission": 0.0, "slip": 0.0}
ny|IS|{"range_start": 12, "range_end": 15, "entry_end": 16, "exit_time": 19}
ny_gross|IS_gross|{"range_start": 12, "range_end": 15, "entry_end": 16, "exit_time": 19, "commission": 0.0, "slip": 0.0}
ny|IS|{"range_start": 12, "range_end": 15, "entry_end": 16}
ny_gross|IS_gross|{"range_start": 12, "range_end": 15, "entry_end": 16, "commission": 0.0, "slip": 0.0}
ny|IS|{"range_start": 12, "range_end": 15, "entry_end": 16, "exit_time": 21}
ny_gross|IS_gross|{"range_start": 12, "range_end": 15, "entry_end": 16, "exit_time": 21, "commission": 0.0, "slip": 0.0}
ny|IS|{"range_start": 12, "range_end": 15, "entry_end": 17, "exit_time": 17}
ny_gross|IS_gross|{"range_start": 12, "range_end": 15, "entry_end": 17, "exit_time": 17, "commission": 0.0, "slip": 0.0}
ny|IS|{"range_start": 12, "range_end": 15, "entry_end": 17, "exit_time": 18}
ny_gross|IS_gross|{"range_start": 12, "range_end": 15, "entry_end": 17, "exit_time": 18, "commission": 0.0, "slip": 0.0}
ny|IS|{"range_start": 12, "range_end": 15, "entry_end": 17, "exit_time": 19}
ny_gross|IS_gross|{"range_start": 12, "range_end": 15, "entry_end": 17, "exit_time": 19, "commission": 0.0, "slip": 0.0}
ny|IS|{"range_start": 12, "range_end": 15, "entry_end": 17}
ny_gross|IS_gross|{"range_start": 12, "range_end": 15, "entry_end": 17, "commission": 0.0, "slip": 0.0}
ny|IS|{"range_start": 12, "range_end": 15, "entry_end": 17, "exit_time": 21}
ny_gross|IS_gross|{"range_start": 12, "range_end": 15, "entry_end": 17, "exit_time": 21, "commission": 0.0, "slip": 0.0}
ny|IS|{"range_start": 13, "range_end": 13.5, "entry_end": 14, "exit_time": 16}
ny_gross|IS_gross|{"range_start": 13, "range_end": 13.5, "entry_end": 14, "exit_time": 16, "commission": 0.0, "slip": 0.0}
ny|IS|{"range_start": 13, "range_end": 13.5, "entry_end": 14, "exit_time": 17}
ny_gross|IS_gross|{"range_start": 13, "range_end": 13.5, "entry_end": 14, "exit_time": 17, "commission": 0.0, "slip": 0.0}
ny|IS|{"range_start": 13, "range_end": 13.5, "entry_end": 14, "exit_time": 18}
ny_gross|IS_gross|{"range_start": 13, "range_end": 13.5, "entry_end": 14, "exit_time": 18, "commission": 0.0, "slip": 0.0}
ny|IS|{"range_start": 13, "range_end": 13.5, "entry_end": 14, "exit_time": 19}
ny_gross|IS_gross|{"range_start": 13, "range_end": 13.5, "entry_end": 14, "exit_time": 19, "commission": 0.0, "slip": 0.0}
ny|IS|{"range_start": 13, "range_end": 13.5, "entry_end": 14}
ny_gross|IS_gross|{"range_start": 13, "range_end": 13.5, "entry_end": 14, "commission": 0.0, "slip": 0.0}
ny|IS|{"range_start": 13, "range_end": 13.5, "entry_end": 14, "exit_time": 21}
ny_gross|IS_gross|{"range_start": 13, "range_end": 13.5, "entry_end": 14, "exit_time": 21, "commission": 0.0, "slip": 0.0}
ny|IS|{"range_start": 13, "range_end": 13.5, "entry_end": 15, "exit_time": 16}
ny_gross|IS_gross|{"range_start": 13, "range_end": 13.5, "entry_end": 15, "exit_time": 16, "commission": 0.0, "slip": 0.0}
ny|IS|{"range_start": 13, "range_end": 13.5, "entry_end": 15, "exit_time": 17}
ny_gross|IS_gross|{"range_start": 13, "range_end": 13.5, "entry_end": 15, "exit_time": 17, "commission": 0.0, "slip": 0.0}
ny|IS|{"range_start": 13, "range_end": 13.5, "entry_end": 15, "exit_time": 18}
ny_gross|IS_gross|{"range_start": 13, "range_end": 13.5, "entry_end": 15, "exit_time": 18, "commission": 0.0, "slip": 0.0}
ny|IS|{"range_start": 13, "range_end": 13.5, "entry_end": 15, "exit_time": 19}
ny_gross|IS_gross|{"range_start": 13, "range_end": 13.5, "entry_end": 15, "exit_time": 19, "commission": 0.0, "slip": 0.0}
ny|IS|{"range_start": 13, "range_end": 13.5, "entry_end": 15}
ny_gross|IS_gross|{"range_start": 13, "range_end": 13.5, "entry_end": 15, "commission": 0.0, "slip": 0.0}
ny|IS|{"range_start": 13, "range_end": 13.5, "entry_end": 15, "exit_time": 21}
ny_gross|IS_gross|{"range_start": 13, "range_end": 13.5, "entry_end": 15, "exit_time": 21, "commission": 0.0, "slip": 0.0}
ny|IS|{"range_start": 13, "range_end": 13.5, "entry_end": 16, "exit_time": 16}
ny_gross|IS_gross|{"range_start": 13, "range_end": 13.5, "entry_end": 16, "exit_time": 16, "commission": 0.0, "slip": 0.0}
ny|IS|{"range_start": 13, "range_end": 13.5, "entry_end": 16, "exit_time": 17}
ny_gross|IS_gross|{"range_start": 13, "range_end": 13.5, "entry_end": 16, "exit_time": 17, "commission": 0.0, "slip": 0.0}
ny|IS|{"range_start": 13, "range_end": 13.5, "entry_end": 16, "exit_time": 18}
ny_gross|IS_gross|{"range_start": 13, "range_end": 13.5, "entry_end": 16, "exit_time": 18, "commission": 0.0, "slip": 0.0}
ny|IS|{"range_start": 13, "range_end": 13.5, "entry_end": 16, "exit_time": 19}
ny_gross|IS_gross|{"range_start": 13, "range_end": 13.5, "entry_end": 16, "exit_time": 19, "commission": 0.0, "slip": 0.0}
ny|IS|{"range_start": 13, "range_end": 13.5, "entry_end": 16}
ny_gross|IS_gross|{"range_start": 13, "range_end": 13.5, "entry_end": 16, "commission": 0.0, "slip": 0.0}
ny|IS|{"range_start": 13, "range_end": 13.5, "entry_end": 16, "exit_time": 21}
ny_gross|IS_gross|{"range_start": 13, "range_end": 13.5, "entry_end": 16, "exit_time": 21, "commission": 0.0, "slip": 0.0}
ny|IS|{"range_start": 13, "range_end": 13.5, "entry_end": 17, "exit_time": 17}
ny_gross|IS_gross|{"range_start": 13, "range_end": 13.5, "entry_end": 17, "exit_time": 17, "commission": 0.0, "slip": 0.0}
ny|IS|{"range_start": 13, "range_end": 13.5, "entry_end": 17, "exit_time": 18}
ny_gross|IS_gross|{"range_start": 13, "range_end": 13.5, "entry_end": 17, "exit_time": 18, "commission": 0.0, "slip": 0.0}
ny|IS|{"range_start": 13, "range_end": 13.5, "entry_end": 17, "exit_time": 19}
ny_gross|IS_gross|{"range_start": 13, "range_end": 13.5, "entry_end": 17, "exit_time": 19, "commission": 0.0, "slip": 0.0}
ny|IS|{"range_start": 13, "range_end": 13.5, "entry_end": 17}
ny_gross|IS_gross|{"range_start": 13, "range_end": 13.5, "entry_end": 17, "commission": 0.0, "slip": 0.0}
ny|IS|{"range_start": 13, "range_end": 13.5, "entry_end": 17, "exit_time": 21}
ny_gross|IS_gross|{"range_start": 13, "range_end": 13.5, "entry_end": 17, "exit_time": 21, "commission": 0.0, "slip": 0.0}
ny|IS|{"range_start": 13, "range_end": 14, "entry_end": 15, "exit_time": 16}
ny_gross|IS_gross|{"range_start": 13, "range_end": 14, "entry_end": 15, "exit_time": 16, "commission": 0.0, "slip": 0.0}
ny|IS|{"range_start": 13, "range_end": 14, "entry_end": 15, "exit_time": 17}
ny_gross|IS_gross|{"range_start": 13, "range_end": 14, "entry_end": 15, "exit_time": 17, "commission": 0.0, "slip": 0.0}
ny|IS|{"range_start": 13, "range_end": 14, "entry_end": 15, "exit_time": 18}
ny_gross|IS_gross|{"range_start": 13, "range_end": 14, "entry_end": 15, "exit_time": 18, "commission": 0.0, "slip": 0.0}
ny|IS|{"range_start": 13, "range_end": 14, "entry_end": 15, "exit_time": 19}
ny_gross|IS_gross|{"range_start": 13, "range_end": 14, "entry_end": 15, "exit_time": 19, "commission": 0.0, "slip": 0.0}
ny|IS|{"range_start": 13, "range_end": 14, "entry_end": 15}
ny_gross|IS_gross|{"range_start": 13, "range_end": 14, "entry_end": 15, "commission": 0.0, "slip": 0.0}
ny|IS|{"range_start": 13, "range_end": 14, "entry_end": 15, "exit_time": 21}
ny_gross|IS_gross|{"range_start": 13, "range_end": 14, "entry_end": 15, "exit_time": 21, "commission": 0.0, "slip": 0.0}
ny|IS|{"range_start": 13, "range_end": 14, "entry_end": 16, "exit_time": 16}
ny_gross|IS_gross|{"range_start": 13, "range_end": 14, "entry_end": 16, "exit_time": 16, "commission": 0.0, "slip": 0.0}
ny|IS|{"range_start": 13, "range_end": 14, "entry_end": 16, "exit_time": 17}
ny_gross|IS_gross|{"range_start": 13, "range_end": 14, "entry_end": 16, "exit_time": 17, "commission": 0.0, "slip": 0.0}
ny|IS|{"range_start": 13, "range_end": 14, "entry_end": 16, "exit_time": 18}
ny_gross|IS_gross|{"range_start": 13, "range_end": 14, "entry_end": 16, "exit_time": 18, "commission": 0.0, "slip": 0.0}
ny|IS|{"range_start": 13, "range_end": 14, "entry_end": 16, "exit_time": 19}
ny_gross|IS_gross|{"range_start": 13, "range_end": 14, "entry_end": 16, "exit_time": 19, "commission": 0.0, "slip": 0.0}
ny|IS|{"range_start": 13, "range_end": 14, "entry_end": 16}
ny_gross|IS_gross|{"range_start": 13, "range_end": 14, "entry_end": 16, "commission": 0.0, "slip": 0.0}
ny|IS|{"range_start": 13, "range_end": 14, "entry_end": 16, "exit_time": 21}
ny_gross|IS_gross|{"range_start": 13, "range_end": 14, "entry_end": 16, "exit_time": 21, "commission": 0.0, "slip": 0.0}
ny|IS|{"range_start": 13, "range_end": 14, "entry_end": 17, "exit_time": 17}
ny_gross|IS_gross|{"range_start": 13, "range_end": 14, "entry_end": 17, "exit_time": 17, "commission": 0.0, "slip": 0.0}
ny|IS|{"range_start": 13, "range_end": 14, "entry_end": 17, "exit_time": 18}
ny_gross|IS_gross|{"range_start": 13, "range_end": 14, "entry_end": 17, "exit_time": 18, "commission": 0.0, "slip": 0.0}
ny|IS|{"range_start": 13, "range_end": 14, "entry_end": 17, "exit_time": 19}
ny_gross|IS_gross|{"range_start": 13, "range_end": 14, "entry_end": 17, "exit_time": 19, "commission": 0.0, "slip": 0.0}
ny|IS|{"range_start": 13, "range_end": 14, "entry_end": 17}
ny_gross|IS_gross|{"range_start": 13, "range_end": 14, "entry_end": 17, "commission": 0.0, "slip": 0.0}
ny|IS|{"range_start": 13, "range_end": 14, "entry_end": 17, "exit_time": 21}
ny_gross|IS_gross|{"range_start": 13, "range_end": 14, "entry_end": 17, "exit_time": 21, "commission": 0.0, "slip": 0.0}
ny|IS|{"range_start": 13, "range_end": 15, "entry_end": 16, "exit_time": 16}
ny_gross|IS_gross|{"range_start": 13, "range_end": 15, "entry_end": 16, "exit_time": 16, "commission": 0.0, "slip": 0.0}
ny|IS|{"range_start": 13, "range_end": 15, "entry_end": 16, "exit_time": 17}
ny_gross|IS_gross|{"range_start": 13, "range_end": 15, "entry_end": 16, "exit_time": 17, "commission": 0.0, "slip": 0.0}
ny|IS|{"range_start": 13, "range_end": 15, "entry_end": 16, "exit_time": 18}
ny_gross|IS_gross|{"range_start": 13, "range_end": 15, "entry_end": 16, "exit_time": 18, "commission": 0.0, "slip": 0.0}
ny|IS|{"range_start": 13, "range_end": 15, "entry_end": 16, "exit_time": 19}
ny_gross|IS_gross|{"range_start": 13, "range_end": 15, "entry_end": 16, "exit_time": 19, "commission": 0.0, "slip": 0.0}
ny|IS|{"range_start": 13, "range_end": 15, "entry_end": 16}
ny_gross|IS_gross|{"range_start": 13, "range_end": 15, "entry_end": 16, "commission": 0.0, "slip": 0.0}
ny|IS|{"range_start": 13, "range_end": 15, "entry_end": 16, "exit_time": 21}
ny_gross|IS_gross|{"range_start": 13, "range_end": 15, "entry_end": 16, "exit_time": 21, "commission": 0.0, "slip": 0.0}
ny|IS|{"range_start": 13, "range_end": 15, "entry_end": 17, "exit_time": 17}
ny_gross|IS_gross|{"range_start": 13, "range_end": 15, "entry_end": 17, "exit_time": 17, "commission": 0.0, "slip": 0.0}
ny|IS|{"range_start": 13, "range_end": 15, "entry_end": 17, "exit_time": 18}
ny_gross|IS_gross|{"range_start": 13, "range_end": 15, "entry_end": 17, "exit_time": 18, "commission": 0.0, "slip": 0.0}
ny|IS|{"range_start": 13, "range_end": 15, "entry_end": 17, "exit_time": 19}
ny_gross|IS_gross|{"range_start": 13, "range_end": 15, "entry_end": 17, "exit_time": 19, "commission": 0.0, "slip": 0.0}
ny|IS|{"range_start": 13, "range_end": 15, "entry_end": 17}
ny_gross|IS_gross|{"range_start": 13, "range_end": 15, "entry_end": 17, "commission": 0.0, "slip": 0.0}
ny|IS|{"range_start": 13, "range_end": 15, "entry_end": 17, "exit_time": 21}
ny_gross|IS_gross|{"range_start": 13, "range_end": 15, "entry_end": 17, "exit_time": 21, "commission": 0.0, "slip": 0.0}
slide|IS|{"range_start": -1, "range_end": 1, "entry_end": 3, "exit_time": 5}
slide_gross|IS_gross|{"range_start": -1, "range_end": 1, "entry_end": 3, "exit_time": 5, "commission": 0.0, "slip": 0.0}
slide|IS|{"range_start": -1, "range_end": 1, "entry_end": 3, "exit_time": 21}
slide_gross|IS_gross|{"range_start": -1, "range_end": 1, "entry_end": 3, "exit_time": 21, "commission": 0.0, "slip": 0.0}
slide|IS|{"range_end": 2, "entry_end": 4, "exit_time": 6}
slide_gross|IS_gross|{"range_end": 2, "entry_end": 4, "exit_time": 6, "commission": 0.0, "slip": 0.0}
slide|IS|{"range_end": 2, "entry_end": 4, "exit_time": 21}
slide_gross|IS_gross|{"range_end": 2, "entry_end": 4, "exit_time": 21, "commission": 0.0, "slip": 0.0}
slide|IS|{"range_start": 1, "range_end": 3, "entry_end": 5, "exit_time": 7}
slide_gross|IS_gross|{"range_start": 1, "range_end": 3, "entry_end": 5, "exit_time": 7, "commission": 0.0, "slip": 0.0}
slide|IS|{"range_start": 1, "range_end": 3, "entry_end": 5, "exit_time": 21}
slide_gross|IS_gross|{"range_start": 1, "range_end": 3, "entry_end": 5, "exit_time": 21, "commission": 0.0, "slip": 0.0}
slide|IS|{"range_start": 2, "range_end": 4, "entry_end": 6, "exit_time": 8}
slide_gross|IS_gross|{"range_start": 2, "range_end": 4, "entry_end": 6, "exit_time": 8, "commission": 0.0, "slip": 0.0}
slide|IS|{"range_start": 2, "range_end": 4, "entry_end": 6, "exit_time": 21}
slide_gross|IS_gross|{"range_start": 2, "range_end": 4, "entry_end": 6, "exit_time": 21, "commission": 0.0, "slip": 0.0}
slide|IS|{"range_start": 3, "range_end": 5, "entry_end": 7, "exit_time": 9}
slide_gross|IS_gross|{"range_start": 3, "range_end": 5, "entry_end": 7, "exit_time": 9, "commission": 0.0, "slip": 0.0}
slide|IS|{"range_start": 3, "range_end": 5, "entry_end": 7, "exit_time": 21}
slide_gross|IS_gross|{"range_start": 3, "range_end": 5, "entry_end": 7, "exit_time": 21, "commission": 0.0, "slip": 0.0}
slide|IS|{"range_start": 4, "range_end": 6, "entry_end": 8, "exit_time": 10}
slide_gross|IS_gross|{"range_start": 4, "range_end": 6, "entry_end": 8, "exit_time": 10, "commission": 0.0, "slip": 0.0}
slide|IS|{"range_start": 4, "range_end": 6, "entry_end": 8, "exit_time": 21}
slide_gross|IS_gross|{"range_start": 4, "range_end": 6, "entry_end": 8, "exit_time": 21, "commission": 0.0, "slip": 0.0}
slide|IS|{"range_start": 5, "entry_end": 9, "exit_time": 11}
slide_gross|IS_gross|{"range_start": 5, "entry_end": 9, "exit_time": 11, "commission": 0.0, "slip": 0.0}
slide|IS|{"range_start": 5, "entry_end": 9, "exit_time": 21}
slide_gross|IS_gross|{"range_start": 5, "entry_end": 9, "exit_time": 21, "commission": 0.0, "slip": 0.0}
slide|IS|{"range_start": 6, "range_end": 8, "entry_end": 10, "exit_time": 12}
slide_gross|IS_gross|{"range_start": 6, "range_end": 8, "entry_end": 10, "exit_time": 12, "commission": 0.0, "slip": 0.0}
slide|IS|{"range_start": 6, "range_end": 8, "entry_end": 10, "exit_time": 21}
slide_gross|IS_gross|{"range_start": 6, "range_end": 8, "entry_end": 10, "exit_time": 21, "commission": 0.0, "slip": 0.0}
slide|IS|{"range_start": 7, "range_end": 9, "entry_end": 11, "exit_time": 13}
slide_gross|IS_gross|{"range_start": 7, "range_end": 9, "entry_end": 11, "exit_time": 13, "commission": 0.0, "slip": 0.0}
slide|IS|{"range_start": 7, "range_end": 9, "entry_end": 11, "exit_time": 21}
slide_gross|IS_gross|{"range_start": 7, "range_end": 9, "entry_end": 11, "exit_time": 21, "commission": 0.0, "slip": 0.0}
slide|IS|{"range_start": 8, "range_end": 10, "exit_time": 14}
slide_gross|IS_gross|{"range_start": 8, "range_end": 10, "exit_time": 14, "commission": 0.0, "slip": 0.0}
slide|IS|{"range_start": 8, "range_end": 10, "exit_time": 21}
slide_gross|IS_gross|{"range_start": 8, "range_end": 10, "exit_time": 21, "commission": 0.0, "slip": 0.0}
slide|IS|{"range_start": 9, "range_end": 11, "entry_end": 13, "exit_time": 15}
slide_gross|IS_gross|{"range_start": 9, "range_end": 11, "entry_end": 13, "exit_time": 15, "commission": 0.0, "slip": 0.0}
slide|IS|{"range_start": 9, "range_end": 11, "entry_end": 13, "exit_time": 21}
slide_gross|IS_gross|{"range_start": 9, "range_end": 11, "entry_end": 13, "exit_time": 21, "commission": 0.0, "slip": 0.0}
slide|IS|{"range_start": 10, "range_end": 12, "entry_end": 14, "exit_time": 16}
slide_gross|IS_gross|{"range_start": 10, "range_end": 12, "entry_end": 14, "exit_time": 16, "commission": 0.0, "slip": 0.0}
slide|IS|{"range_start": 10, "range_end": 12, "entry_end": 14, "exit_time": 21}
slide_gross|IS_gross|{"range_start": 10, "range_end": 12, "entry_end": 14, "exit_time": 21, "commission": 0.0, "slip": 0.0}
slide|IS|{"range_start": 11, "range_end": 13, "entry_end": 15, "exit_time": 17}
slide_gross|IS_gross|{"range_start": 11, "range_end": 13, "entry_end": 15, "exit_time": 17, "commission": 0.0, "slip": 0.0}
slide|IS|{"range_start": 11, "range_end": 13, "entry_end": 15, "exit_time": 21}
slide_gross|IS_gross|{"range_start": 11, "range_end": 13, "entry_end": 15, "exit_time": 21, "commission": 0.0, "slip": 0.0}
slide|IS|{"range_start": 12, "range_end": 14, "entry_end": 16, "exit_time": 18}
slide_gross|IS_gross|{"range_start": 12, "range_end": 14, "entry_end": 16, "exit_time": 18, "commission": 0.0, "slip": 0.0}
slide|IS|{"range_start": 12, "range_end": 14, "entry_end": 16, "exit_time": 21}
slide_gross|IS_gross|{"range_start": 12, "range_end": 14, "entry_end": 16, "exit_time": 21, "commission": 0.0, "slip": 0.0}
slide|IS|{"range_start": 13, "range_end": 15, "entry_end": 17, "exit_time": 19}
slide_gross|IS_gross|{"range_start": 13, "range_end": 15, "entry_end": 17, "exit_time": 19, "commission": 0.0, "slip": 0.0}
slide|IS|{"range_start": 13, "range_end": 15, "entry_end": 17, "exit_time": 21}
slide_gross|IS_gross|{"range_start": 13, "range_end": 15, "entry_end": 17, "exit_time": 21, "commission": 0.0, "slip": 0.0}
slide|IS|{"range_start": 14, "range_end": 16, "entry_end": 18}
slide_gross|IS_gross|{"range_start": 14, "range_end": 16, "entry_end": 18, "commission": 0.0, "slip": 0.0}
slide|IS|{"range_start": 14, "range_end": 16, "entry_end": 18, "exit_time": 21}
slide_gross|IS_gross|{"range_start": 14, "range_end": 16, "entry_end": 18, "exit_time": 21, "commission": 0.0, "slip": 0.0}
slide|IS|{"range_start": 15, "range_end": 17, "entry_end": 19, "exit_time": 21}
slide_gross|IS_gross|{"range_start": 15, "range_end": 17, "entry_end": 19, "exit_time": 21, "commission": 0.0, "slip": 0.0}
slide|IS|{"range_start": 15, "range_end": 17, "entry_end": 19, "exit_time": 21}
slide_gross|IS_gross|{"range_start": 15, "range_end": 17, "entry_end": 19, "exit_time": 21, "commission": 0.0, "slip": 0.0}
slide|IS|{"range_start": -3, "range_end": 1, "entry_end": 3, "exit_time": 5}
slide_gross|IS_gross|{"range_start": -3, "range_end": 1, "entry_end": 3, "exit_time": 5, "commission": 0.0, "slip": 0.0}
slide|IS|{"range_start": -3, "range_end": 1, "entry_end": 3, "exit_time": 21}
slide_gross|IS_gross|{"range_start": -3, "range_end": 1, "entry_end": 3, "exit_time": 21, "commission": 0.0, "slip": 0.0}
slide|IS|{"range_start": -2, "range_end": 2, "entry_end": 4, "exit_time": 6}
slide_gross|IS_gross|{"range_start": -2, "range_end": 2, "entry_end": 4, "exit_time": 6, "commission": 0.0, "slip": 0.0}
slide|IS|{"range_start": -2, "range_end": 2, "entry_end": 4, "exit_time": 21}
slide_gross|IS_gross|{"range_start": -2, "range_end": 2, "entry_end": 4, "exit_time": 21, "commission": 0.0, "slip": 0.0}
slide|IS|{"range_start": -1, "range_end": 3, "entry_end": 5, "exit_time": 7}
slide_gross|IS_gross|{"range_start": -1, "range_end": 3, "entry_end": 5, "exit_time": 7, "commission": 0.0, "slip": 0.0}
slide|IS|{"range_start": -1, "range_end": 3, "entry_end": 5, "exit_time": 21}
slide_gross|IS_gross|{"range_start": -1, "range_end": 3, "entry_end": 5, "exit_time": 21, "commission": 0.0, "slip": 0.0}
slide|IS|{"range_end": 4, "entry_end": 6, "exit_time": 8}
slide_gross|IS_gross|{"range_end": 4, "entry_end": 6, "exit_time": 8, "commission": 0.0, "slip": 0.0}
slide|IS|{"range_end": 4, "entry_end": 6, "exit_time": 21}
slide_gross|IS_gross|{"range_end": 4, "entry_end": 6, "exit_time": 21, "commission": 0.0, "slip": 0.0}
slide|IS|{"range_start": 1, "range_end": 5, "entry_end": 7, "exit_time": 9}
slide_gross|IS_gross|{"range_start": 1, "range_end": 5, "entry_end": 7, "exit_time": 9, "commission": 0.0, "slip": 0.0}
slide|IS|{"range_start": 1, "range_end": 5, "entry_end": 7, "exit_time": 21}
slide_gross|IS_gross|{"range_start": 1, "range_end": 5, "entry_end": 7, "exit_time": 21, "commission": 0.0, "slip": 0.0}
slide|IS|{"range_start": 2, "range_end": 6, "entry_end": 8, "exit_time": 10}
slide_gross|IS_gross|{"range_start": 2, "range_end": 6, "entry_end": 8, "exit_time": 10, "commission": 0.0, "slip": 0.0}
slide|IS|{"range_start": 2, "range_end": 6, "entry_end": 8, "exit_time": 21}
slide_gross|IS_gross|{"range_start": 2, "range_end": 6, "entry_end": 8, "exit_time": 21, "commission": 0.0, "slip": 0.0}
slide|IS|{"range_start": 3, "entry_end": 9, "exit_time": 11}
slide_gross|IS_gross|{"range_start": 3, "entry_end": 9, "exit_time": 11, "commission": 0.0, "slip": 0.0}
slide|IS|{"range_start": 3, "entry_end": 9, "exit_time": 21}
slide_gross|IS_gross|{"range_start": 3, "entry_end": 9, "exit_time": 21, "commission": 0.0, "slip": 0.0}
slide|IS|{"range_start": 4, "range_end": 8, "entry_end": 10, "exit_time": 12}
slide_gross|IS_gross|{"range_start": 4, "range_end": 8, "entry_end": 10, "exit_time": 12, "commission": 0.0, "slip": 0.0}
slide|IS|{"range_start": 4, "range_end": 8, "entry_end": 10, "exit_time": 21}
slide_gross|IS_gross|{"range_start": 4, "range_end": 8, "entry_end": 10, "exit_time": 21, "commission": 0.0, "slip": 0.0}
slide|IS|{"range_start": 5, "range_end": 9, "entry_end": 11, "exit_time": 13}
slide_gross|IS_gross|{"range_start": 5, "range_end": 9, "entry_end": 11, "exit_time": 13, "commission": 0.0, "slip": 0.0}
slide|IS|{"range_start": 5, "range_end": 9, "entry_end": 11, "exit_time": 21}
slide_gross|IS_gross|{"range_start": 5, "range_end": 9, "entry_end": 11, "exit_time": 21, "commission": 0.0, "slip": 0.0}
slide|IS|{"range_start": 6, "range_end": 10, "exit_time": 14}
slide_gross|IS_gross|{"range_start": 6, "range_end": 10, "exit_time": 14, "commission": 0.0, "slip": 0.0}
slide|IS|{"range_start": 6, "range_end": 10, "exit_time": 21}
slide_gross|IS_gross|{"range_start": 6, "range_end": 10, "exit_time": 21, "commission": 0.0, "slip": 0.0}
slide|IS|{"range_start": 7, "range_end": 11, "entry_end": 13, "exit_time": 15}
slide_gross|IS_gross|{"range_start": 7, "range_end": 11, "entry_end": 13, "exit_time": 15, "commission": 0.0, "slip": 0.0}
slide|IS|{"range_start": 7, "range_end": 11, "entry_end": 13, "exit_time": 21}
slide_gross|IS_gross|{"range_start": 7, "range_end": 11, "entry_end": 13, "exit_time": 21, "commission": 0.0, "slip": 0.0}
slide|IS|{"range_start": 8, "range_end": 12, "entry_end": 14, "exit_time": 16}
slide_gross|IS_gross|{"range_start": 8, "range_end": 12, "entry_end": 14, "exit_time": 16, "commission": 0.0, "slip": 0.0}
slide|IS|{"range_start": 8, "range_end": 12, "entry_end": 14, "exit_time": 21}
slide_gross|IS_gross|{"range_start": 8, "range_end": 12, "entry_end": 14, "exit_time": 21, "commission": 0.0, "slip": 0.0}
slide|IS|{"range_start": 9, "range_end": 13, "entry_end": 15, "exit_time": 17}
slide_gross|IS_gross|{"range_start": 9, "range_end": 13, "entry_end": 15, "exit_time": 17, "commission": 0.0, "slip": 0.0}
slide|IS|{"range_start": 9, "range_end": 13, "entry_end": 15, "exit_time": 21}
slide_gross|IS_gross|{"range_start": 9, "range_end": 13, "entry_end": 15, "exit_time": 21, "commission": 0.0, "slip": 0.0}
slide|IS|{"range_start": 10, "range_end": 14, "entry_end": 16, "exit_time": 18}
slide_gross|IS_gross|{"range_start": 10, "range_end": 14, "entry_end": 16, "exit_time": 18, "commission": 0.0, "slip": 0.0}
slide|IS|{"range_start": 10, "range_end": 14, "entry_end": 16, "exit_time": 21}
slide_gross|IS_gross|{"range_start": 10, "range_end": 14, "entry_end": 16, "exit_time": 21, "commission": 0.0, "slip": 0.0}
slide|IS|{"range_start": 11, "range_end": 15, "entry_end": 17, "exit_time": 19}
slide_gross|IS_gross|{"range_start": 11, "range_end": 15, "entry_end": 17, "exit_time": 19, "commission": 0.0, "slip": 0.0}
slide|IS|{"range_start": 11, "range_end": 15, "entry_end": 17, "exit_time": 21}
slide_gross|IS_gross|{"range_start": 11, "range_end": 15, "entry_end": 17, "exit_time": 21, "commission": 0.0, "slip": 0.0}
slide|IS|{"range_start": 12, "range_end": 16, "entry_end": 18}
slide_gross|IS_gross|{"range_start": 12, "range_end": 16, "entry_end": 18, "commission": 0.0, "slip": 0.0}
slide|IS|{"range_start": 12, "range_end": 16, "entry_end": 18, "exit_time": 21}
slide_gross|IS_gross|{"range_start": 12, "range_end": 16, "entry_end": 18, "exit_time": 21, "commission": 0.0, "slip": 0.0}
slide|IS|{"range_start": 13, "range_end": 17, "entry_end": 19, "exit_time": 21}
slide_gross|IS_gross|{"range_start": 13, "range_end": 17, "entry_end": 19, "exit_time": 21, "commission": 0.0, "slip": 0.0}
slide|IS|{"range_start": 13, "range_end": 17, "entry_end": 19, "exit_time": 21}
slide_gross|IS_gross|{"range_start": 13, "range_end": 17, "entry_end": 19, "exit_time": 21, "commission": 0.0, "slip": 0.0}
slide|IS|{"range_start": -5, "range_end": 1, "entry_end": 3, "exit_time": 5}
slide_gross|IS_gross|{"range_start": -5, "range_end": 1, "entry_end": 3, "exit_time": 5, "commission": 0.0, "slip": 0.0}
slide|IS|{"range_start": -5, "range_end": 1, "entry_end": 3, "exit_time": 21}
slide_gross|IS_gross|{"range_start": -5, "range_end": 1, "entry_end": 3, "exit_time": 21, "commission": 0.0, "slip": 0.0}
slide|IS|{"range_start": -4, "range_end": 2, "entry_end": 4, "exit_time": 6}
slide_gross|IS_gross|{"range_start": -4, "range_end": 2, "entry_end": 4, "exit_time": 6, "commission": 0.0, "slip": 0.0}
slide|IS|{"range_start": -4, "range_end": 2, "entry_end": 4, "exit_time": 21}
slide_gross|IS_gross|{"range_start": -4, "range_end": 2, "entry_end": 4, "exit_time": 21, "commission": 0.0, "slip": 0.0}
slide|IS|{"range_start": -3, "range_end": 3, "entry_end": 5, "exit_time": 7}
slide_gross|IS_gross|{"range_start": -3, "range_end": 3, "entry_end": 5, "exit_time": 7, "commission": 0.0, "slip": 0.0}
slide|IS|{"range_start": -3, "range_end": 3, "entry_end": 5, "exit_time": 21}
slide_gross|IS_gross|{"range_start": -3, "range_end": 3, "entry_end": 5, "exit_time": 21, "commission": 0.0, "slip": 0.0}
slide|IS|{"range_start": -2, "range_end": 4, "entry_end": 6, "exit_time": 8}
slide_gross|IS_gross|{"range_start": -2, "range_end": 4, "entry_end": 6, "exit_time": 8, "commission": 0.0, "slip": 0.0}
slide|IS|{"range_start": -2, "range_end": 4, "entry_end": 6, "exit_time": 21}
slide_gross|IS_gross|{"range_start": -2, "range_end": 4, "entry_end": 6, "exit_time": 21, "commission": 0.0, "slip": 0.0}
slide|IS|{"range_start": -1, "range_end": 5, "entry_end": 7, "exit_time": 9}
slide_gross|IS_gross|{"range_start": -1, "range_end": 5, "entry_end": 7, "exit_time": 9, "commission": 0.0, "slip": 0.0}
slide|IS|{"range_start": -1, "range_end": 5, "entry_end": 7, "exit_time": 21}
slide_gross|IS_gross|{"range_start": -1, "range_end": 5, "entry_end": 7, "exit_time": 21, "commission": 0.0, "slip": 0.0}
slide|IS|{"range_end": 6, "entry_end": 8, "exit_time": 10}
slide_gross|IS_gross|{"range_end": 6, "entry_end": 8, "exit_time": 10, "commission": 0.0, "slip": 0.0}
slide|IS|{"range_end": 6, "entry_end": 8, "exit_time": 21}
slide_gross|IS_gross|{"range_end": 6, "entry_end": 8, "exit_time": 21, "commission": 0.0, "slip": 0.0}
slide|IS|{"range_start": 1, "entry_end": 9, "exit_time": 11}
slide_gross|IS_gross|{"range_start": 1, "entry_end": 9, "exit_time": 11, "commission": 0.0, "slip": 0.0}
slide|IS|{"range_start": 1, "entry_end": 9, "exit_time": 21}
slide_gross|IS_gross|{"range_start": 1, "entry_end": 9, "exit_time": 21, "commission": 0.0, "slip": 0.0}
slide|IS|{"range_start": 2, "range_end": 8, "entry_end": 10, "exit_time": 12}
slide_gross|IS_gross|{"range_start": 2, "range_end": 8, "entry_end": 10, "exit_time": 12, "commission": 0.0, "slip": 0.0}
slide|IS|{"range_start": 2, "range_end": 8, "entry_end": 10, "exit_time": 21}
slide_gross|IS_gross|{"range_start": 2, "range_end": 8, "entry_end": 10, "exit_time": 21, "commission": 0.0, "slip": 0.0}
slide|IS|{"range_start": 3, "range_end": 9, "entry_end": 11, "exit_time": 13}
slide_gross|IS_gross|{"range_start": 3, "range_end": 9, "entry_end": 11, "exit_time": 13, "commission": 0.0, "slip": 0.0}
slide|IS|{"range_start": 3, "range_end": 9, "entry_end": 11, "exit_time": 21}
slide_gross|IS_gross|{"range_start": 3, "range_end": 9, "entry_end": 11, "exit_time": 21, "commission": 0.0, "slip": 0.0}
slide|IS|{"range_start": 4, "range_end": 10, "exit_time": 14}
slide_gross|IS_gross|{"range_start": 4, "range_end": 10, "exit_time": 14, "commission": 0.0, "slip": 0.0}
slide|IS|{"range_start": 4, "range_end": 10, "exit_time": 21}
slide_gross|IS_gross|{"range_start": 4, "range_end": 10, "exit_time": 21, "commission": 0.0, "slip": 0.0}
slide|IS|{"range_start": 5, "range_end": 11, "entry_end": 13, "exit_time": 15}
slide_gross|IS_gross|{"range_start": 5, "range_end": 11, "entry_end": 13, "exit_time": 15, "commission": 0.0, "slip": 0.0}
slide|IS|{"range_start": 5, "range_end": 11, "entry_end": 13, "exit_time": 21}
slide_gross|IS_gross|{"range_start": 5, "range_end": 11, "entry_end": 13, "exit_time": 21, "commission": 0.0, "slip": 0.0}
slide|IS|{"range_start": 6, "range_end": 12, "entry_end": 14, "exit_time": 16}
slide_gross|IS_gross|{"range_start": 6, "range_end": 12, "entry_end": 14, "exit_time": 16, "commission": 0.0, "slip": 0.0}
slide|IS|{"range_start": 6, "range_end": 12, "entry_end": 14, "exit_time": 21}
slide_gross|IS_gross|{"range_start": 6, "range_end": 12, "entry_end": 14, "exit_time": 21, "commission": 0.0, "slip": 0.0}
slide|IS|{"range_start": 7, "range_end": 13, "entry_end": 15, "exit_time": 17}
slide_gross|IS_gross|{"range_start": 7, "range_end": 13, "entry_end": 15, "exit_time": 17, "commission": 0.0, "slip": 0.0}
slide|IS|{"range_start": 7, "range_end": 13, "entry_end": 15, "exit_time": 21}
slide_gross|IS_gross|{"range_start": 7, "range_end": 13, "entry_end": 15, "exit_time": 21, "commission": 0.0, "slip": 0.0}
slide|IS|{"range_start": 8, "range_end": 14, "entry_end": 16, "exit_time": 18}
slide_gross|IS_gross|{"range_start": 8, "range_end": 14, "entry_end": 16, "exit_time": 18, "commission": 0.0, "slip": 0.0}
slide|IS|{"range_start": 8, "range_end": 14, "entry_end": 16, "exit_time": 21}
slide_gross|IS_gross|{"range_start": 8, "range_end": 14, "entry_end": 16, "exit_time": 21, "commission": 0.0, "slip": 0.0}
slide|IS|{"range_start": 9, "range_end": 15, "entry_end": 17, "exit_time": 19}
slide_gross|IS_gross|{"range_start": 9, "range_end": 15, "entry_end": 17, "exit_time": 19, "commission": 0.0, "slip": 0.0}
slide|IS|{"range_start": 9, "range_end": 15, "entry_end": 17, "exit_time": 21}
slide_gross|IS_gross|{"range_start": 9, "range_end": 15, "entry_end": 17, "exit_time": 21, "commission": 0.0, "slip": 0.0}
slide|IS|{"range_start": 10, "range_end": 16, "entry_end": 18}
slide_gross|IS_gross|{"range_start": 10, "range_end": 16, "entry_end": 18, "commission": 0.0, "slip": 0.0}
slide|IS|{"range_start": 10, "range_end": 16, "entry_end": 18, "exit_time": 21}
slide_gross|IS_gross|{"range_start": 10, "range_end": 16, "entry_end": 18, "exit_time": 21, "commission": 0.0, "slip": 0.0}
slide|IS|{"range_start": 11, "range_end": 17, "entry_end": 19, "exit_time": 21}
slide_gross|IS_gross|{"range_start": 11, "range_end": 17, "entry_end": 19, "exit_time": 21, "commission": 0.0, "slip": 0.0}
slide|IS|{"range_start": 11, "range_end": 17, "entry_end": 19, "exit_time": 21}
slide_gross|IS_gross|{"range_start": 11, "range_end": 17, "entry_end": 19, "exit_time": 21, "commission": 0.0, "slip": 0.0}
asia_local|IS|{"range_start": -1, "range_end": 3, "entry_end": 6, "exit_time": 18}
asia_local|IS|{"range_start": -1, "range_end": 3, "entry_end": 6}
asia_local|IS|{"range_start": -1, "range_end": 3, "entry_end": 6, "exit_time": 21}
asia_local|IS|{"range_start": -1, "range_end": 3, "entry_end": 7, "exit_time": 18}
asia_local|IS|{"range_start": -1, "range_end": 3, "entry_end": 7}
asia_local|IS|{"range_start": -1, "range_end": 3, "entry_end": 7, "exit_time": 21}
asia_local|IS|{"range_start": -1, "range_end": 3, "entry_end": 8, "exit_time": 18}
asia_local|IS|{"range_start": -1, "range_end": 3, "entry_end": 8}
asia_local|IS|{"range_start": -1, "range_end": 3, "entry_end": 8, "exit_time": 21}
asia_local|IS|{"range_start": -1, "range_end": 3, "entry_end": 9, "exit_time": 18}
asia_local|IS|{"range_start": -1, "range_end": 3, "entry_end": 9}
asia_local|IS|{"range_start": -1, "range_end": 3, "entry_end": 9, "exit_time": 21}
asia_local|IS|{"range_start": -1, "range_end": 3, "exit_time": 18}
asia_local|IS|{"range_start": -1, "range_end": 3}
asia_local|IS|{"range_start": -1, "range_end": 3, "exit_time": 21}
asia_local|IS|{"range_start": -1, "range_end": 3.5, "entry_end": 6, "exit_time": 18}
asia_local|IS|{"range_start": -1, "range_end": 3.5, "entry_end": 6}
asia_local|IS|{"range_start": -1, "range_end": 3.5, "entry_end": 6, "exit_time": 21}
asia_local|IS|{"range_start": -1, "range_end": 3.5, "entry_end": 7, "exit_time": 18}
asia_local|IS|{"range_start": -1, "range_end": 3.5, "entry_end": 7}
asia_local|IS|{"range_start": -1, "range_end": 3.5, "entry_end": 7, "exit_time": 21}
asia_local|IS|{"range_start": -1, "range_end": 3.5, "entry_end": 8, "exit_time": 18}
asia_local|IS|{"range_start": -1, "range_end": 3.5, "entry_end": 8}
asia_local|IS|{"range_start": -1, "range_end": 3.5, "entry_end": 8, "exit_time": 21}
asia_local|IS|{"range_start": -1, "range_end": 3.5, "entry_end": 9, "exit_time": 18}
asia_local|IS|{"range_start": -1, "range_end": 3.5, "entry_end": 9}
asia_local|IS|{"range_start": -1, "range_end": 3.5, "entry_end": 9, "exit_time": 21}
asia_local|IS|{"range_start": -1, "range_end": 3.5, "exit_time": 18}
asia_local|IS|{"range_start": -1, "range_end": 3.5}
asia_local|IS|{"range_start": -1, "range_end": 3.5, "exit_time": 21}
asia_local|IS|{"range_start": -1, "range_end": 4, "entry_end": 6, "exit_time": 18}
asia_local|IS|{"range_start": -1, "range_end": 4, "entry_end": 6}
asia_local|IS|{"range_start": -1, "range_end": 4, "entry_end": 6, "exit_time": 21}
asia_local|IS|{"range_start": -1, "range_end": 4, "entry_end": 7, "exit_time": 18}
asia_local|IS|{"range_start": -1, "range_end": 4, "entry_end": 7}
asia_local|IS|{"range_start": -1, "range_end": 4, "entry_end": 7, "exit_time": 21}
asia_local|IS|{"range_start": -1, "range_end": 4, "entry_end": 8, "exit_time": 18}
asia_local|IS|{"range_start": -1, "range_end": 4, "entry_end": 8}
asia_local|IS|{"range_start": -1, "range_end": 4, "entry_end": 8, "exit_time": 21}
asia_local|IS|{"range_start": -1, "range_end": 4, "entry_end": 9, "exit_time": 18}
asia_local|IS|{"range_start": -1, "range_end": 4, "entry_end": 9}
asia_local|IS|{"range_start": -1, "range_end": 4, "entry_end": 9, "exit_time": 21}
asia_local|IS|{"range_start": -1, "range_end": 4, "exit_time": 18}
asia_local|IS|{"range_start": -1, "range_end": 4}
asia_local|IS|{"range_start": -1, "range_end": 4, "exit_time": 21}
asia_local|IS|{"range_start": -1, "range_end": 4.5, "entry_end": 6, "exit_time": 18}
asia_local|IS|{"range_start": -1, "range_end": 4.5, "entry_end": 6}
asia_local|IS|{"range_start": -1, "range_end": 4.5, "entry_end": 6, "exit_time": 21}
asia_local|IS|{"range_start": -1, "range_end": 4.5, "entry_end": 7, "exit_time": 18}
asia_local|IS|{"range_start": -1, "range_end": 4.5, "entry_end": 7}
asia_local|IS|{"range_start": -1, "range_end": 4.5, "entry_end": 7, "exit_time": 21}
asia_local|IS|{"range_start": -1, "range_end": 4.5, "entry_end": 8, "exit_time": 18}
asia_local|IS|{"range_start": -1, "range_end": 4.5, "entry_end": 8}
asia_local|IS|{"range_start": -1, "range_end": 4.5, "entry_end": 8, "exit_time": 21}
asia_local|IS|{"range_start": -1, "range_end": 4.5, "entry_end": 9, "exit_time": 18}
asia_local|IS|{"range_start": -1, "range_end": 4.5, "entry_end": 9}
asia_local|IS|{"range_start": -1, "range_end": 4.5, "entry_end": 9, "exit_time": 21}
asia_local|IS|{"range_start": -1, "range_end": 4.5, "exit_time": 18}
asia_local|IS|{"range_start": -1, "range_end": 4.5}
asia_local|IS|{"range_start": -1, "range_end": 4.5, "exit_time": 21}
asia_local|IS|{"range_start": -1, "range_end": 5, "entry_end": 6, "exit_time": 18}
asia_local|IS|{"range_start": -1, "range_end": 5, "entry_end": 6}
asia_local|IS|{"range_start": -1, "range_end": 5, "entry_end": 6, "exit_time": 21}
asia_local|IS|{"range_start": -1, "range_end": 5, "entry_end": 7, "exit_time": 18}
asia_local|IS|{"range_start": -1, "range_end": 5, "entry_end": 7}
asia_local|IS|{"range_start": -1, "range_end": 5, "entry_end": 7, "exit_time": 21}
asia_local|IS|{"range_start": -1, "range_end": 5, "entry_end": 8, "exit_time": 18}
asia_local|IS|{"range_start": -1, "range_end": 5, "entry_end": 8}
asia_local|IS|{"range_start": -1, "range_end": 5, "entry_end": 8, "exit_time": 21}
asia_local|IS|{"range_start": -1, "range_end": 5, "entry_end": 9, "exit_time": 18}
asia_local|IS|{"range_start": -1, "range_end": 5, "entry_end": 9}
asia_local|IS|{"range_start": -1, "range_end": 5, "entry_end": 9, "exit_time": 21}
asia_local|IS|{"range_start": -1, "range_end": 5, "exit_time": 18}
asia_local|IS|{"range_start": -1, "range_end": 5}
asia_local|IS|{"range_start": -1, "range_end": 5, "exit_time": 21}
asia_local|IS|{"range_start": -1, "range_end": 5.5, "entry_end": 6, "exit_time": 18}
asia_local|IS|{"range_start": -1, "range_end": 5.5, "entry_end": 6}
asia_local|IS|{"range_start": -1, "range_end": 5.5, "entry_end": 6, "exit_time": 21}
asia_local|IS|{"range_start": -1, "range_end": 5.5, "entry_end": 7, "exit_time": 18}
asia_local|IS|{"range_start": -1, "range_end": 5.5, "entry_end": 7}
asia_local|IS|{"range_start": -1, "range_end": 5.5, "entry_end": 7, "exit_time": 21}
asia_local|IS|{"range_start": -1, "range_end": 5.5, "entry_end": 8, "exit_time": 18}
asia_local|IS|{"range_start": -1, "range_end": 5.5, "entry_end": 8}
asia_local|IS|{"range_start": -1, "range_end": 5.5, "entry_end": 8, "exit_time": 21}
asia_local|IS|{"range_start": -1, "range_end": 5.5, "entry_end": 9, "exit_time": 18}
asia_local|IS|{"range_start": -1, "range_end": 5.5, "entry_end": 9}
asia_local|IS|{"range_start": -1, "range_end": 5.5, "entry_end": 9, "exit_time": 21}
asia_local|IS|{"range_start": -1, "range_end": 5.5, "exit_time": 18}
asia_local|IS|{"range_start": -1, "range_end": 5.5}
asia_local|IS|{"range_start": -1, "range_end": 5.5, "exit_time": 21}
asia_local|IS|{"range_start": -1, "range_end": 6, "entry_end": 7, "exit_time": 18}
asia_local|IS|{"range_start": -1, "range_end": 6, "entry_end": 7}
asia_local|IS|{"range_start": -1, "range_end": 6, "entry_end": 7, "exit_time": 21}
asia_local|IS|{"range_start": -1, "range_end": 6, "entry_end": 8, "exit_time": 18}
asia_local|IS|{"range_start": -1, "range_end": 6, "entry_end": 8}
asia_local|IS|{"range_start": -1, "range_end": 6, "entry_end": 8, "exit_time": 21}
asia_local|IS|{"range_start": -1, "range_end": 6, "entry_end": 9, "exit_time": 18}
asia_local|IS|{"range_start": -1, "range_end": 6, "entry_end": 9}
asia_local|IS|{"range_start": -1, "range_end": 6, "entry_end": 9, "exit_time": 21}
asia_local|IS|{"range_start": -1, "range_end": 6, "exit_time": 18}
asia_local|IS|{"range_start": -1, "range_end": 6}
asia_local|IS|{"range_start": -1, "range_end": 6, "exit_time": 21}
asia_local|IS|{"range_end": 3, "entry_end": 6, "exit_time": 18}
asia_local|IS|{"range_end": 3, "entry_end": 6}
asia_local|IS|{"range_end": 3, "entry_end": 6, "exit_time": 21}
asia_local|IS|{"range_end": 3, "entry_end": 7, "exit_time": 18}
asia_local|IS|{"range_end": 3, "entry_end": 7}
asia_local|IS|{"range_end": 3, "entry_end": 7, "exit_time": 21}
asia_local|IS|{"range_end": 3, "entry_end": 8, "exit_time": 18}
asia_local|IS|{"range_end": 3, "entry_end": 8}
asia_local|IS|{"range_end": 3, "entry_end": 8, "exit_time": 21}
asia_local|IS|{"range_end": 3, "entry_end": 9, "exit_time": 18}
asia_local|IS|{"range_end": 3, "entry_end": 9}
asia_local|IS|{"range_end": 3, "entry_end": 9, "exit_time": 21}
asia_local|IS|{"range_end": 3, "exit_time": 18}
asia_local|IS|{"range_end": 3}
asia_local|IS|{"range_end": 3, "exit_time": 21}
asia_local|IS|{"range_end": 3.5, "entry_end": 6, "exit_time": 18}
asia_local|IS|{"range_end": 3.5, "entry_end": 6}
asia_local|IS|{"range_end": 3.5, "entry_end": 6, "exit_time": 21}
asia_local|IS|{"range_end": 3.5, "entry_end": 7, "exit_time": 18}
asia_local|IS|{"range_end": 3.5, "entry_end": 7}
asia_local|IS|{"range_end": 3.5, "entry_end": 7, "exit_time": 21}
asia_local|IS|{"range_end": 3.5, "entry_end": 8, "exit_time": 18}
asia_local|IS|{"range_end": 3.5, "entry_end": 8}
asia_local|IS|{"range_end": 3.5, "entry_end": 8, "exit_time": 21}
asia_local|IS|{"range_end": 3.5, "entry_end": 9, "exit_time": 18}
asia_local|IS|{"range_end": 3.5, "entry_end": 9}
asia_local|IS|{"range_end": 3.5, "entry_end": 9, "exit_time": 21}
asia_local|IS|{"range_end": 3.5, "exit_time": 18}
asia_local|IS|{"range_end": 3.5}
asia_local|IS|{"range_end": 3.5, "exit_time": 21}
asia_local|IS|{"range_end": 4, "entry_end": 6, "exit_time": 18}
asia_local|IS|{"range_end": 4, "entry_end": 6}
asia_local|IS|{"range_end": 4, "entry_end": 6, "exit_time": 21}
asia_local|IS|{"range_end": 4, "entry_end": 7, "exit_time": 18}
asia_local|IS|{"range_end": 4, "entry_end": 7}
asia_local|IS|{"range_end": 4, "entry_end": 7, "exit_time": 21}
asia_local|IS|{"range_end": 4, "entry_end": 8, "exit_time": 18}
asia_local|IS|{"range_end": 4, "entry_end": 8}
asia_local|IS|{"range_end": 4, "entry_end": 8, "exit_time": 21}
asia_local|IS|{"range_end": 4, "entry_end": 9, "exit_time": 18}
asia_local|IS|{"range_end": 4, "entry_end": 9}
asia_local|IS|{"range_end": 4, "entry_end": 9, "exit_time": 21}
asia_local|IS|{"range_end": 4, "exit_time": 18}
asia_local|IS|{"range_end": 4}
asia_local|IS|{"range_end": 4, "exit_time": 21}
asia_local|IS|{"range_end": 4.5, "entry_end": 6, "exit_time": 18}
asia_local|IS|{"range_end": 4.5, "entry_end": 6}
asia_local|IS|{"range_end": 4.5, "entry_end": 6, "exit_time": 21}
asia_local|IS|{"range_end": 4.5, "entry_end": 7, "exit_time": 18}
asia_local|IS|{"range_end": 4.5, "entry_end": 7}
asia_local|IS|{"range_end": 4.5, "entry_end": 7, "exit_time": 21}
asia_local|IS|{"range_end": 4.5, "entry_end": 8, "exit_time": 18}
asia_local|IS|{"range_end": 4.5, "entry_end": 8}
asia_local|IS|{"range_end": 4.5, "entry_end": 8, "exit_time": 21}
asia_local|IS|{"range_end": 4.5, "entry_end": 9, "exit_time": 18}
asia_local|IS|{"range_end": 4.5, "entry_end": 9}
asia_local|IS|{"range_end": 4.5, "entry_end": 9, "exit_time": 21}
asia_local|IS|{"range_end": 4.5, "exit_time": 18}
asia_local|IS|{"range_end": 4.5}
asia_local|IS|{"range_end": 4.5, "exit_time": 21}
asia_local|IS|{"range_end": 5, "entry_end": 6, "exit_time": 18}
asia_local|IS|{"range_end": 5, "entry_end": 6}
asia_local|IS|{"range_end": 5, "entry_end": 6, "exit_time": 21}
asia_local|IS|{"range_end": 5, "entry_end": 7, "exit_time": 18}
asia_local|IS|{"range_end": 5, "entry_end": 7}
asia_local|IS|{"range_end": 5, "entry_end": 7, "exit_time": 21}
asia_local|IS|{"range_end": 5, "entry_end": 8, "exit_time": 18}
asia_local|IS|{"range_end": 5, "entry_end": 8}
asia_local|IS|{"range_end": 5, "entry_end": 8, "exit_time": 21}
asia_local|IS|{"range_end": 5, "entry_end": 9, "exit_time": 18}
asia_local|IS|{"range_end": 5, "entry_end": 9}
asia_local|IS|{"range_end": 5, "entry_end": 9, "exit_time": 21}
asia_local|IS|{"range_end": 5, "exit_time": 18}
asia_local|IS|{"range_end": 5}
asia_local|IS|{"range_end": 5, "exit_time": 21}
asia_local|IS|{"range_end": 5.5, "entry_end": 6, "exit_time": 18}
asia_local|IS|{"range_end": 5.5, "entry_end": 6}
asia_local|IS|{"range_end": 5.5, "entry_end": 6, "exit_time": 21}
asia_local|IS|{"range_end": 5.5, "entry_end": 7, "exit_time": 18}
asia_local|IS|{"range_end": 5.5, "entry_end": 7}
asia_local|IS|{"range_end": 5.5, "entry_end": 7, "exit_time": 21}
asia_local|IS|{"range_end": 5.5, "entry_end": 8, "exit_time": 18}
asia_local|IS|{"range_end": 5.5, "entry_end": 8}
asia_local|IS|{"range_end": 5.5, "entry_end": 8, "exit_time": 21}
asia_local|IS|{"range_end": 5.5, "entry_end": 9, "exit_time": 18}
asia_local|IS|{"range_end": 5.5, "entry_end": 9}
asia_local|IS|{"range_end": 5.5, "entry_end": 9, "exit_time": 21}
asia_local|IS|{"range_end": 5.5, "exit_time": 18}
asia_local|IS|{"range_end": 5.5}
asia_local|IS|{"range_end": 5.5, "exit_time": 21}
asia_local|IS|{"range_end": 6, "entry_end": 7, "exit_time": 18}
asia_local|IS|{"range_end": 6, "entry_end": 7}
asia_local|IS|{"range_end": 6, "entry_end": 7, "exit_time": 21}
asia_local|IS|{"range_end": 6, "entry_end": 8, "exit_time": 18}
asia_local|IS|{"range_end": 6, "entry_end": 8}
asia_local|IS|{"range_end": 6, "entry_end": 8, "exit_time": 21}
asia_local|IS|{"range_end": 6, "entry_end": 9, "exit_time": 18}
asia_local|IS|{"range_end": 6, "entry_end": 9}
asia_local|IS|{"range_end": 6, "entry_end": 9, "exit_time": 21}
asia_local|IS|{"range_end": 6, "exit_time": 18}
asia_local|IS|{"range_end": 6}
asia_local|IS|{"range_end": 6, "exit_time": 21}
asia_local|IS|{"range_start": 1, "range_end": 3, "entry_end": 6, "exit_time": 18}
asia_local|IS|{"range_start": 1, "range_end": 3, "entry_end": 6}
asia_local|IS|{"range_start": 1, "range_end": 3, "entry_end": 6, "exit_time": 21}
asia_local|IS|{"range_start": 1, "range_end": 3, "entry_end": 7, "exit_time": 18}
asia_local|IS|{"range_start": 1, "range_end": 3, "entry_end": 7}
asia_local|IS|{"range_start": 1, "range_end": 3, "entry_end": 7, "exit_time": 21}
asia_local|IS|{"range_start": 1, "range_end": 3, "entry_end": 8, "exit_time": 18}
asia_local|IS|{"range_start": 1, "range_end": 3, "entry_end": 8}
asia_local|IS|{"range_start": 1, "range_end": 3, "entry_end": 8, "exit_time": 21}
asia_local|IS|{"range_start": 1, "range_end": 3, "entry_end": 9, "exit_time": 18}
asia_local|IS|{"range_start": 1, "range_end": 3, "entry_end": 9}
asia_local|IS|{"range_start": 1, "range_end": 3, "entry_end": 9, "exit_time": 21}
asia_local|IS|{"range_start": 1, "range_end": 3, "exit_time": 18}
asia_local|IS|{"range_start": 1, "range_end": 3}
asia_local|IS|{"range_start": 1, "range_end": 3, "exit_time": 21}
asia_local|IS|{"range_start": 1, "range_end": 3.5, "entry_end": 6, "exit_time": 18}
asia_local|IS|{"range_start": 1, "range_end": 3.5, "entry_end": 6}
asia_local|IS|{"range_start": 1, "range_end": 3.5, "entry_end": 6, "exit_time": 21}
asia_local|IS|{"range_start": 1, "range_end": 3.5, "entry_end": 7, "exit_time": 18}
asia_local|IS|{"range_start": 1, "range_end": 3.5, "entry_end": 7}
asia_local|IS|{"range_start": 1, "range_end": 3.5, "entry_end": 7, "exit_time": 21}
asia_local|IS|{"range_start": 1, "range_end": 3.5, "entry_end": 8, "exit_time": 18}
asia_local|IS|{"range_start": 1, "range_end": 3.5, "entry_end": 8}
asia_local|IS|{"range_start": 1, "range_end": 3.5, "entry_end": 8, "exit_time": 21}
asia_local|IS|{"range_start": 1, "range_end": 3.5, "entry_end": 9, "exit_time": 18}
asia_local|IS|{"range_start": 1, "range_end": 3.5, "entry_end": 9}
asia_local|IS|{"range_start": 1, "range_end": 3.5, "entry_end": 9, "exit_time": 21}
asia_local|IS|{"range_start": 1, "range_end": 3.5, "exit_time": 18}
asia_local|IS|{"range_start": 1, "range_end": 3.5}
asia_local|IS|{"range_start": 1, "range_end": 3.5, "exit_time": 21}
asia_local|IS|{"range_start": 1, "range_end": 4, "entry_end": 6, "exit_time": 18}
asia_local|IS|{"range_start": 1, "range_end": 4, "entry_end": 6}
asia_local|IS|{"range_start": 1, "range_end": 4, "entry_end": 6, "exit_time": 21}
asia_local|IS|{"range_start": 1, "range_end": 4, "entry_end": 7, "exit_time": 18}
asia_local|IS|{"range_start": 1, "range_end": 4, "entry_end": 7}
asia_local|IS|{"range_start": 1, "range_end": 4, "entry_end": 7, "exit_time": 21}
asia_local|IS|{"range_start": 1, "range_end": 4, "entry_end": 8, "exit_time": 18}
asia_local|IS|{"range_start": 1, "range_end": 4, "entry_end": 8}
asia_local|IS|{"range_start": 1, "range_end": 4, "entry_end": 8, "exit_time": 21}
asia_local|IS|{"range_start": 1, "range_end": 4, "entry_end": 9, "exit_time": 18}
asia_local|IS|{"range_start": 1, "range_end": 4, "entry_end": 9}
asia_local|IS|{"range_start": 1, "range_end": 4, "entry_end": 9, "exit_time": 21}
asia_local|IS|{"range_start": 1, "range_end": 4, "exit_time": 18}
asia_local|IS|{"range_start": 1, "range_end": 4}
asia_local|IS|{"range_start": 1, "range_end": 4, "exit_time": 21}
asia_local|IS|{"range_start": 1, "range_end": 4.5, "entry_end": 6, "exit_time": 18}
asia_local|IS|{"range_start": 1, "range_end": 4.5, "entry_end": 6}
asia_local|IS|{"range_start": 1, "range_end": 4.5, "entry_end": 6, "exit_time": 21}
asia_local|IS|{"range_start": 1, "range_end": 4.5, "entry_end": 7, "exit_time": 18}
asia_local|IS|{"range_start": 1, "range_end": 4.5, "entry_end": 7}
asia_local|IS|{"range_start": 1, "range_end": 4.5, "entry_end": 7, "exit_time": 21}
asia_local|IS|{"range_start": 1, "range_end": 4.5, "entry_end": 8, "exit_time": 18}
asia_local|IS|{"range_start": 1, "range_end": 4.5, "entry_end": 8}
asia_local|IS|{"range_start": 1, "range_end": 4.5, "entry_end": 8, "exit_time": 21}
asia_local|IS|{"range_start": 1, "range_end": 4.5, "entry_end": 9, "exit_time": 18}
asia_local|IS|{"range_start": 1, "range_end": 4.5, "entry_end": 9}
asia_local|IS|{"range_start": 1, "range_end": 4.5, "entry_end": 9, "exit_time": 21}
asia_local|IS|{"range_start": 1, "range_end": 4.5, "exit_time": 18}
asia_local|IS|{"range_start": 1, "range_end": 4.5}
asia_local|IS|{"range_start": 1, "range_end": 4.5, "exit_time": 21}
asia_local|IS|{"range_start": 1, "range_end": 5, "entry_end": 6, "exit_time": 18}
asia_local|IS|{"range_start": 1, "range_end": 5, "entry_end": 6}
asia_local|IS|{"range_start": 1, "range_end": 5, "entry_end": 6, "exit_time": 21}
asia_local|IS|{"range_start": 1, "range_end": 5, "entry_end": 7, "exit_time": 18}
asia_local|IS|{"range_start": 1, "range_end": 5, "entry_end": 7}
asia_local|IS|{"range_start": 1, "range_end": 5, "entry_end": 7, "exit_time": 21}
asia_local|IS|{"range_start": 1, "range_end": 5, "entry_end": 8, "exit_time": 18}
asia_local|IS|{"range_start": 1, "range_end": 5, "entry_end": 8}
asia_local|IS|{"range_start": 1, "range_end": 5, "entry_end": 8, "exit_time": 21}
asia_local|IS|{"range_start": 1, "range_end": 5, "entry_end": 9, "exit_time": 18}
asia_local|IS|{"range_start": 1, "range_end": 5, "entry_end": 9}
asia_local|IS|{"range_start": 1, "range_end": 5, "entry_end": 9, "exit_time": 21}
asia_local|IS|{"range_start": 1, "range_end": 5, "exit_time": 18}
asia_local|IS|{"range_start": 1, "range_end": 5}
asia_local|IS|{"range_start": 1, "range_end": 5, "exit_time": 21}
asia_local|IS|{"range_start": 1, "range_end": 5.5, "entry_end": 6, "exit_time": 18}
asia_local|IS|{"range_start": 1, "range_end": 5.5, "entry_end": 6}
asia_local|IS|{"range_start": 1, "range_end": 5.5, "entry_end": 6, "exit_time": 21}
asia_local|IS|{"range_start": 1, "range_end": 5.5, "entry_end": 7, "exit_time": 18}
asia_local|IS|{"range_start": 1, "range_end": 5.5, "entry_end": 7}
asia_local|IS|{"range_start": 1, "range_end": 5.5, "entry_end": 7, "exit_time": 21}
asia_local|IS|{"range_start": 1, "range_end": 5.5, "entry_end": 8, "exit_time": 18}
asia_local|IS|{"range_start": 1, "range_end": 5.5, "entry_end": 8}
asia_local|IS|{"range_start": 1, "range_end": 5.5, "entry_end": 8, "exit_time": 21}
asia_local|IS|{"range_start": 1, "range_end": 5.5, "entry_end": 9, "exit_time": 18}
asia_local|IS|{"range_start": 1, "range_end": 5.5, "entry_end": 9}
asia_local|IS|{"range_start": 1, "range_end": 5.5, "entry_end": 9, "exit_time": 21}
asia_local|IS|{"range_start": 1, "range_end": 5.5, "exit_time": 18}
asia_local|IS|{"range_start": 1, "range_end": 5.5}
asia_local|IS|{"range_start": 1, "range_end": 5.5, "exit_time": 21}
asia_local|IS|{"range_start": 1, "range_end": 6, "entry_end": 7, "exit_time": 18}
asia_local|IS|{"range_start": 1, "range_end": 6, "entry_end": 7}
asia_local|IS|{"range_start": 1, "range_end": 6, "entry_end": 7, "exit_time": 21}
asia_local|IS|{"range_start": 1, "range_end": 6, "entry_end": 8, "exit_time": 18}
asia_local|IS|{"range_start": 1, "range_end": 6, "entry_end": 8}
asia_local|IS|{"range_start": 1, "range_end": 6, "entry_end": 8, "exit_time": 21}
asia_local|IS|{"range_start": 1, "range_end": 6, "entry_end": 9, "exit_time": 18}
asia_local|IS|{"range_start": 1, "range_end": 6, "entry_end": 9}
asia_local|IS|{"range_start": 1, "range_end": 6, "entry_end": 9, "exit_time": 21}
asia_local|IS|{"range_start": 1, "range_end": 6, "exit_time": 18}
asia_local|IS|{"range_start": 1, "range_end": 6}
asia_local|IS|{"range_start": 1, "range_end": 6, "exit_time": 21}
asia_local|IS|{"range_start": 2, "range_end": 4, "entry_end": 6, "exit_time": 18}
asia_local|IS|{"range_start": 2, "range_end": 4, "entry_end": 6}
asia_local|IS|{"range_start": 2, "range_end": 4, "entry_end": 6, "exit_time": 21}
asia_local|IS|{"range_start": 2, "range_end": 4, "entry_end": 7, "exit_time": 18}
asia_local|IS|{"range_start": 2, "range_end": 4, "entry_end": 7}
asia_local|IS|{"range_start": 2, "range_end": 4, "entry_end": 7, "exit_time": 21}
asia_local|IS|{"range_start": 2, "range_end": 4, "entry_end": 8, "exit_time": 18}
asia_local|IS|{"range_start": 2, "range_end": 4, "entry_end": 8}
asia_local|IS|{"range_start": 2, "range_end": 4, "entry_end": 8, "exit_time": 21}
asia_local|IS|{"range_start": 2, "range_end": 4, "entry_end": 9, "exit_time": 18}
asia_local|IS|{"range_start": 2, "range_end": 4, "entry_end": 9}
asia_local|IS|{"range_start": 2, "range_end": 4, "entry_end": 9, "exit_time": 21}
asia_local|IS|{"range_start": 2, "range_end": 4, "exit_time": 18}
asia_local|IS|{"range_start": 2, "range_end": 4}
asia_local|IS|{"range_start": 2, "range_end": 4, "exit_time": 21}
asia_local|IS|{"range_start": 2, "range_end": 4.5, "entry_end": 6, "exit_time": 18}
asia_local|IS|{"range_start": 2, "range_end": 4.5, "entry_end": 6}
asia_local|IS|{"range_start": 2, "range_end": 4.5, "entry_end": 6, "exit_time": 21}
asia_local|IS|{"range_start": 2, "range_end": 4.5, "entry_end": 7, "exit_time": 18}
asia_local|IS|{"range_start": 2, "range_end": 4.5, "entry_end": 7}
asia_local|IS|{"range_start": 2, "range_end": 4.5, "entry_end": 7, "exit_time": 21}
asia_local|IS|{"range_start": 2, "range_end": 4.5, "entry_end": 8, "exit_time": 18}
asia_local|IS|{"range_start": 2, "range_end": 4.5, "entry_end": 8}
asia_local|IS|{"range_start": 2, "range_end": 4.5, "entry_end": 8, "exit_time": 21}
asia_local|IS|{"range_start": 2, "range_end": 4.5, "entry_end": 9, "exit_time": 18}
asia_local|IS|{"range_start": 2, "range_end": 4.5, "entry_end": 9}
asia_local|IS|{"range_start": 2, "range_end": 4.5, "entry_end": 9, "exit_time": 21}
asia_local|IS|{"range_start": 2, "range_end": 4.5, "exit_time": 18}
asia_local|IS|{"range_start": 2, "range_end": 4.5}
asia_local|IS|{"range_start": 2, "range_end": 4.5, "exit_time": 21}
asia_local|IS|{"range_start": 2, "range_end": 5, "entry_end": 6, "exit_time": 18}
asia_local|IS|{"range_start": 2, "range_end": 5, "entry_end": 6}
asia_local|IS|{"range_start": 2, "range_end": 5, "entry_end": 6, "exit_time": 21}
asia_local|IS|{"range_start": 2, "range_end": 5, "entry_end": 7, "exit_time": 18}
asia_local|IS|{"range_start": 2, "range_end": 5, "entry_end": 7}
asia_local|IS|{"range_start": 2, "range_end": 5, "entry_end": 7, "exit_time": 21}
asia_local|IS|{"range_start": 2, "range_end": 5, "entry_end": 8, "exit_time": 18}
asia_local|IS|{"range_start": 2, "range_end": 5, "entry_end": 8}
asia_local|IS|{"range_start": 2, "range_end": 5, "entry_end": 8, "exit_time": 21}
asia_local|IS|{"range_start": 2, "range_end": 5, "entry_end": 9, "exit_time": 18}
asia_local|IS|{"range_start": 2, "range_end": 5, "entry_end": 9}
asia_local|IS|{"range_start": 2, "range_end": 5, "entry_end": 9, "exit_time": 21}
asia_local|IS|{"range_start": 2, "range_end": 5, "exit_time": 18}
asia_local|IS|{"range_start": 2, "range_end": 5}
asia_local|IS|{"range_start": 2, "range_end": 5, "exit_time": 21}
asia_local|IS|{"range_start": 2, "range_end": 5.5, "entry_end": 6, "exit_time": 18}
asia_local|IS|{"range_start": 2, "range_end": 5.5, "entry_end": 6}
asia_local|IS|{"range_start": 2, "range_end": 5.5, "entry_end": 6, "exit_time": 21}
asia_local|IS|{"range_start": 2, "range_end": 5.5, "entry_end": 7, "exit_time": 18}
asia_local|IS|{"range_start": 2, "range_end": 5.5, "entry_end": 7}
asia_local|IS|{"range_start": 2, "range_end": 5.5, "entry_end": 7, "exit_time": 21}
asia_local|IS|{"range_start": 2, "range_end": 5.5, "entry_end": 8, "exit_time": 18}
asia_local|IS|{"range_start": 2, "range_end": 5.5, "entry_end": 8}
asia_local|IS|{"range_start": 2, "range_end": 5.5, "entry_end": 8, "exit_time": 21}
asia_local|IS|{"range_start": 2, "range_end": 5.5, "entry_end": 9, "exit_time": 18}
asia_local|IS|{"range_start": 2, "range_end": 5.5, "entry_end": 9}
asia_local|IS|{"range_start": 2, "range_end": 5.5, "entry_end": 9, "exit_time": 21}
asia_local|IS|{"range_start": 2, "range_end": 5.5, "exit_time": 18}
asia_local|IS|{"range_start": 2, "range_end": 5.5}
asia_local|IS|{"range_start": 2, "range_end": 5.5, "exit_time": 21}
asia_local|IS|{"range_start": 2, "range_end": 6, "entry_end": 7, "exit_time": 18}
asia_local|IS|{"range_start": 2, "range_end": 6, "entry_end": 7}
asia_local|IS|{"range_start": 2, "range_end": 6, "entry_end": 7, "exit_time": 21}
asia_local|IS|{"range_start": 2, "range_end": 6, "entry_end": 8, "exit_time": 18}
asia_local|IS|{"range_start": 2, "range_end": 6, "entry_end": 8}
asia_local|IS|{"range_start": 2, "range_end": 6, "entry_end": 8, "exit_time": 21}
asia_local|IS|{"range_start": 2, "range_end": 6, "entry_end": 9, "exit_time": 18}
asia_local|IS|{"range_start": 2, "range_end": 6, "entry_end": 9}
asia_local|IS|{"range_start": 2, "range_end": 6, "entry_end": 9, "exit_time": 21}
asia_local|IS|{"range_start": 2, "range_end": 6, "exit_time": 18}
asia_local|IS|{"range_start": 2, "range_end": 6}
asia_local|IS|{"range_start": 2, "range_end": 6, "exit_time": 21}
late_break|IS|{"range_end": 10, "exit_time": 16}
late_break|IS|{"range_end": 10, "exit_time": 18}
late_break|IS|{"range_end": 10}
late_break|IS|{"range_end": 10, "exit_time": 21}
fin_is|IS|{"range_end": 5}
fin_is_slip10|IS_stress|{"range_end": 5, "slip": 0.1}
fin_is_spr10|IS_stress|{"range_end": 5}
fin_is_both|IS_stress|{"range_end": 5, "slip": 0.1}
fin_is|IS|{"range_end": 5.5, "entry_end": 7, "exit_time": 21}
fin_is_slip10|IS_stress|{"range_end": 5.5, "entry_end": 7, "exit_time": 21, "slip": 0.1}
fin_is_spr10|IS_stress|{"range_end": 5.5, "entry_end": 7, "exit_time": 21}
fin_is_both|IS_stress|{"range_end": 5.5, "entry_end": 7, "exit_time": 21, "slip": 0.1}
fin_is|IS|{"range_start": 2, "range_end": 9}
fin_is_slip10|IS_stress|{"range_start": 2, "range_end": 9, "slip": 0.1}
fin_is_spr10|IS_stress|{"range_start": 2, "range_end": 9}
fin_is_both|IS_stress|{"range_start": 2, "range_end": 9, "slip": 0.1}
fin_is|IS|{}
fin_is_slip10|IS_stress|{"slip": 0.1}
fin_is_spr10|IS_stress|{}
fin_is_both|IS_stress|{"slip": 0.1}
val|VAL|{"range_end": 5}
val|VAL|{"range_end": 5.5, "entry_end": 7, "exit_time": 21}
val|VAL|{"range_start": 2, "range_end": 9}
