n,avg_R,win_rate,PF,t_stat,trades_per_year,maxDD_R,L_n,L_avg,L_t,S_n,S_avg,S_t,yrs_pos,yrs_n,worst_yr,rs,re,ee,ex
1743,-0.0431,0.458,0.871,-2.24,219.5,83.1,968,-0.0483,-1.85,775,-0.0365,-1.28,2,8,-19.5,-3,5,9,12
1743,-0.0125,0.423,0.971,-0.46,219.5,44.2,968,-0.0114,-0.32,775,-0.0138,-0.33,4,8,-18.6,-3,5,9,14
1743,-0.009,0.396,0.983,-0.28,219.5,47.4,968,-0.0263,-0.63,775,0.0126,0.25,4,8,-29.5,-3,5,9,16
1743,0.0055,0.394,1.01,0.16,219.5,35.3,968,-0.0093,-0.21,775,0.0241,0.45,5,8,-26.3,-3,5,9,17
1743,0.0167,0.395,1.031,0.47,219.5,34.2,968,-0.0093,-0.21,775,0.0491,0.87,5,8,-26.1,-3,5,9,18
1743,0.0091,0.38,1.016,0.25,219.5,37.7,968,-0.0149,-0.32,775,0.0391,0.68,5,8,-23.3,-3,5,9,20
1743,0.0145,0.379,1.026,0.39,219.5,40.6,968,-0.0168,-0.36,775,0.0536,0.91,6,8,-23.8,-3,5,9,21
1806,-0.0414,0.457,0.874,-2.21,227.5,83.3,1000,-0.0488,-1.92,806,-0.0322,-1.17,1,8,-18.9,-3,5,10,12
1806,-0.0111,0.424,0.974,-0.42,227.5,42.2,1000,-0.014,-0.41,806,-0.0074,-0.18,5,8,-20.8,-3,5,10,14
1806,-0.0087,0.398,0.983,-0.28,227.5,47.4,1000,-0.0304,-0.74,806,0.0181,0.37,4,8,-30.1,-3,5,10,16
1806,0.0067,0.396,1.013,0.2,227.5,36.8,1000,-0.0133,-0.31,806,0.0315,0.6,4,8,-26.6,-3,5,10,17
1806,0.0166,0.397,1.031,0.48,227.5,36.1,1000,-0.0137,-0.31,806,0.0542,0.99,5,8,-26.7,-3,5,10,18
1806,0.0102,0.383,1.018,0.29,227.5,38.0,1000,-0.02,-0.45,806,0.0476,0.85,6,8,-22.8,-3,5,10,20
1806,0.0149,0.383,1.027,0.42,227.5,40.8,1000,-0.0221,-0.49,806,0.0609,1.06,6,8,-23.3,-3,5,10,21
1857,-0.0408,0.456,0.874,-2.24,233.9,84.1,1024,-0.0479,-1.93,833,-0.032,-1.19,0,8,-19.9,-3,5,11,12
1857,-0.0098,0.425,0.977,-0.38,233.9,41.6,1024,-0.0127,-0.37,833,-0.0064,-0.16,4,8,-18.7,-3,5,11,14
1857,-0.0102,0.398,0.98,-0.33,233.9,53.5,1024,-0.0317,-0.79,833,0.0161,0.33,4,8,-31.0,-3,5,11,16
1857,0.0063,0.398,1.012,0.19,233.9,38.5,1024,-0.0135,-0.32,833,0.0305,0.6,4,8,-27.6,-3,5,11,17
1857,0.0161,0.398,1.03,0.48,233.9,37.5,1024,-0.0133,-0.31,833,0.0521,0.98,5,8,-27.5,-3,5,11,18
1857,0.0107,0.384,1.02,0.31,233.9,38.2,1024,-0.0191,-0.43,833,0.0473,0.87,6,8,-23.1,-3,5,11,20
1857,0.0148,0.384,1.027,0.42,233.9,41.1,1024,-0.0211,-0.47,833,0.0589,1.05,6,8,-23.7,-3,5,11,21
1890,-0.0401,0.456,0.874,-2.23,238.0,83.4,1037,-0.0478,-1.95,853,-0.0307,-1.17,0,8,-20.5,-3,5,12,12
1890,-0.011,0.427,0.974,-0.43,238.0,45.8,1037,-0.0135,-0.4,853,-0.008,-0.21,4,8,-22.3,-3,5,12,14
1890,-0.0138,0.398,0.973,-0.45,238.0,57.7,1037,-0.0312,-0.79,853,0.0074,0.16,4,8,-30.9,-3,5,12,16
1890,0.0047,0.399,1.009,0.15,238.0,36.7,1037,-0.012,-0.29,853,0.025,0.5,4,8,-27.1,-3,5,12,17
1890,0.015,0.398,1.028,0.45,238.0,35.0,1037,-0.0116,-0.27,853,0.0473,0.9,5,8,-26.6,-3,5,12,18
1890,0.0114,0.385,1.021,0.34,238.0,35.4,1037,-0.0182,-0.42,853,0.0473,0.89,6,8,-22.6,-3,5,12,20
1890,0.0155,0.385,1.028,0.45,238.0,38.6,1037,-0.0196,-0.44,853,0.0582,1.06,6,8,-23.7,-3,5,12,21
1928,-0.0104,0.427,0.975,-0.42,242.8,45.4,1057,-0.0126,-0.38,871,-0.0076,-0.2,5,8,-22.1,-3,5,13,14
1928,-0.0116,0.399,0.977,-0.39,242.8,61.4,1057,-0.0294,-0.75,871,0.0099,0.21,4,8,-32.5,-3,5,13,16
1928,0.0055,0.401,1.01,0.17,242.8,37.5,1057,-0.0104,-0.25,871,0.0247,0.5,4,8,-28.8,-3,5,13,17
1928,0.0155,0.399,1.03,0.47,242.8,36.8,1057,-0.0091,-0.22,871,0.0453,0.88,5,8,-28.2,-3,5,13,18
1928,0.013,0.386,1.024,0.39,242.8,35.5,1057,-0.0149,-0.35,871,0.0467,0.89,6,8,-23.7,-3,5,13,20
1928,0.0162,0.386,1.029,0.47,242.8,39.0,1057,-0.0172,-0.4,871,0.0567,1.05,6,8,-25.1,-3,5,13,21
1976,-0.0148,0.424,0.965,-0.61,248.9,52.2,1083,-0.0161,-0.5,893,-0.0132,-0.36,5,8,-23.4,-3,5,14,14
1999,-0.0155,0.398,0.969,-0.53,251.8,65.9,1096,-0.03,-0.79,903,0.0021,0.05,4,8,-33.2,-3,5,15,16
1999,0.0003,0.402,1.001,0.01,251.8,39.6,1096,-0.0132,-0.33,903,0.0166,0.35,4,8,-30.0,-3,5,15,17
1999,0.0108,0.4,1.021,0.34,251.8,37.7,1096,-0.0117,-0.29,903,0.0382,0.76,5,8,-29.6,-3,5,15,18
1999,0.0087,0.386,1.016,0.27,251.8,36.9,1096,-0.0182,-0.44,903,0.0414,0.81,4,8,-24.5,-3,5,15,20
1999,0.0116,0.386,1.021,0.35,251.8,40.4,1096,-0.0214,-0.51,903,0.0517,0.98,5,8,-25.8,-3,5,15,21
1664,-0.0553,0.456,0.826,-3.02,209.6,98.6,928,-0.0598,-2.42,736,-0.0495,-1.82,0,8,-20.4,-3,6,9,12
1664,-0.0317,0.425,0.924,-1.24,209.6,75.8,928,-0.0243,-0.72,736,-0.0412,-1.06,2,8,-23.9,-3,6,9,14
1664,-0.0249,0.398,0.951,-0.8,209.6,68.7,928,-0.0267,-0.65,736,-0.0226,-0.47,3,8,-36.2,-3,6,9,16
1664,-0.0116,0.401,0.978,-0.35,209.6,50.6,928,-0.0103,-0.24,736,-0.0132,-0.26,4,8,-31.5,-3,6,9,17
1664,0.0023,0.399,1.004,0.07,209.6,47.3,928,-0.008,-0.18,736,0.0153,0.29,4,8,-31.5,-3,6,9,18
1664,-0.0066,0.385,0.988,-0.19,209.6,47.4,928,-0.012,-0.26,736,0.0002,0.0,4,8,-28.0,-3,6,9,20
1664,0.0002,0.386,1.0,0.01,209.6,47.0,928,-0.0142,-0.31,736,0.0184,0.33,5,8,-28.9,-3,6,9,21
1751,-0.052,0.455,0.833,-2.96,220.5,97.0,971,-0.0576,-2.41,780,-0.0452,-1.73,0,8,-20.7,-3,6,10,12
1751,-0.0318,0.425,0.924,-1.29,220.5,76.1,971,-0.0261,-0.8,780,-0.0389,-1.04,1,8,-25.2,-3,6,10,14
1751,-0.0271,0.399,0.946,-0.9,220.5,68.0,971,-0.0352,-0.88,780,-0.0171,-0.37,4,8,-38.0,-3,6,10,16
1751,-0.0134,0.402,0.974,-0.42,220.5,53.3,971,-0.0184,-0.44,780,-0.0071,-0.15,3,8,-33.8,-3,6,10,17
1751,-0.0014,0.4,0.997,-0.04,220.5,51.4,971,-0.0169,-0.39,780,0.0179,0.35,2,8,-34.2,-3,6,10,18
1751,-0.0089,0.387,0.984,-0.26,220.5,48.3,971,-0.0214,-0.48,780,0.0066,0.13,4,8,-29.5,-3,6,10,20
1751,-0.0038,0.388,0.993,-0.11,220.5,49.4,971,-0.0248,-0.55,780,0.0223,0.41,5,8,-30.5,-3,6,10,21
1810,-0.0508,0.454,0.834,-2.97,228.0,96.9,999,-0.0557,-2.4,811,-0.0447,-1.77,0,8,-21.0,-3,6,11,12
1810,-0.0281,0.427,0.932,-1.17,228.0,71.3,999,-0.0212,-0.66,811,-0.0367,-1.01,1,8,-25.6,-3,6,11,14
1810,-0.0267,0.401,0.947,-0.9,228.0,72.0,999,-0.0339,-0.87,811,-0.0178,-0.4,4,8,-38.9,-3,6,11,16
1810,-0.0122,0.405,0.976,-0.4,228.0,57.1,999,-0.0163,-0.4,811,-0.0073,-0.15,3,8,-35.1,-3,6,11,17
1810,-0.0,0.402,1.0,-0.0,228.0,53.0,999,-0.0137,-0.33,811,0.0168,0.34,3,8,-35.1,-3,6,11,18
1810,-0.007,0.388,0.987,-0.21,228.0,48.5,999,-0.0175,-0.41,811,0.0059,0.12,4,8,-30.1,-3,6,11,20
1810,-0.0029,0.39,0.995,-0.09,228.0,48.5,999,-0.0212,-0.49,811,0.0196,0.38,5,8,-31.2,-3,6,11,21
1852,-0.0495,0.453,0.835,-2.95,233.3,96.6,1015,-0.0557,-2.43,837,-0.0419,-1.71,0,8,-20.7,-3,6,12,12
1852,-0.0254,0.429,0.938,-1.06,233.3,68.9,1015,-0.0199,-0.63,837,-0.032,-0.88,3,8,-24.7,-3,6,12,14
1852,-0.0262,0.401,0.947,-0.9,233.3,72.0,1015,-0.0315,-0.81,837,-0.0197,-0.44,4,8,-38.4,-3,6,12,16
1852,-0.0087,0.407,0.983,-0.28,233.3,56.7,1015,-0.0124,-0.31,837,-0.0043,-0.09,3,8,-34.2,-3,6,12,17
1852,0.0018,0.402,1.003,0.06,233.3,55.2,1015,-0.0124,-0.3,837,0.0189,0.39,3,8,-33.9,-3,6,12,18
1852,-0.0024,0.389,0.995,-0.07,233.3,47.0,1015,-0.0169,-0.4,837,0.0151,0.3,4,8,-29.1,-3,6,12,20
1852,0.0012,0.391,1.002,0.04,233.3,48.3,1015,-0.02,-0.46,837,0.027,0.52,5,8,-30.6,-3,6,12,21
1895,-0.0237,0.43,0.942,-1.01,238.7,67.1,1037,-0.0178,-0.57,858,-0.0308,-0.87,3,8,-24.7,-3,6,13,14
1895,-0.0231,0.403,0.953,-0.8,238.7,75.3,1037,-0.029,-0.76,858,-0.016,-0.36,4,8,-39.9,-3,6,13,16
1895,-0.0077,0.409,0.985,-0.25,238.7,59.0,1037,-0.0104,-0.26,858,-0.0044,-0.09,4,8,-36.5,-3,6,13,17
1895,0.0026,0.404,1.005,0.08,238.7,58.1,1037,-0.0094,-0.23,858,0.017,0.35,3,8,-36.0,-3,6,13,18
1895,-0.0004,0.391,0.999,-0.01,238.7,48.6,1037,-0.0125,-0.3,858,0.0142,0.29,4,8,-30.7,-3,6,13,20
1895,0.0026,0.393,1.005,0.08,238.7,49.0,1037,-0.0162,-0.38,858,0.0254,0.5,4,8,-32.3,-3,6,13,21
1957,-0.0245,0.428,0.939,-1.07,246.5,67.2,1069,-0.0178,-0.58,888,-0.0326,-0.94,4,8,-23.9,-3,6,14,14
1986,-0.0252,0.402,0.948,-0.91,250.1,77.6,1083,-0.0271,-0.73,903,-0.0228,-0.54,3,8,-39.9,-3,6,15,16
1986,-0.011,0.41,0.978,-0.38,250.1,58.9,1083,-0.0104,-0.27,903,-0.0117,-0.26,3,8,-37.1,-3,6,15,17
1986,-0.0005,0.404,0.999,-0.02,250.1,55.0,1083,-0.0093,-0.23,903,0.0101,0.22,2,8,-36.4,-3,6,15,18
1986,-0.0019,0.391,0.996,-0.06,250.1,42.9,1083,-0.0117,-0.29,903,0.01,0.21,4,8,-30.6,-3,6,15,20
1986,0.0002,0.393,1.0,0.01,250.1,49.1,1083,-0.0161,-0.39,903,0.0196,0.4,5,8,-32.5,-3,6,15,21
1493,-0.0693,0.447,0.759,-4.08,188.0,107.8,822,-0.0725,-3.11,671,-0.0653,-2.64,0,8,-15.6,-3,7,9,12
1493,-0.0419,0.429,0.894,-1.69,188.0,74.8,822,-0.0349,-1.04,671,-0.0505,-1.36,0,8,-17.2,-3,7,9,14
1493,-0.0305,0.395,0.937,-0.97,188.0,59.2,822,-0.035,-0.83,671,-0.025,-0.53,3,8,-27.6,-3,7,9,16
1493,-0.0259,0.403,0.948,-0.79,188.0,60.0,822,-0.024,-0.55,671,-0.0282,-0.57,2,8,-24.3,-3,7,9,17
1493,-0.0091,0.4,0.982,-0.27,188.0,49.2,822,-0.0154,-0.34,671,-0.0014,-0.03,2,8,-25.3,-3,7,9,18
1493,-0.0179,0.394,0.966,-0.51,188.0,53.7,822,-0.0222,-0.48,671,-0.0125,-0.24,2,8,-22.8,-3,7,9,20
1493,-0.0125,0.389,0.976,-0.35,188.0,48.9,822,-0.0259,-0.55,671,0.0038,0.07,3,8,-23.3,-3,7,9,21
1629,-0.0601,0.447,0.786,-3.69,205.2,101.3,894,-0.0569,-2.51,735,-0.0639,-2.74,0,8,-18.0,-3,7,10,12
1629,-0.038,0.43,0.903,-1.61,205.2,75.0,894,-0.0272,-0.85,735,-0.0511,-1.45,0,8,-21.7,-3,7,10,14
1629,-0.032,0.397,0.933,-1.07,205.2,66.3,894,-0.0381,-0.95,735,-0.0246,-0.55,3,8,-33.2,-3,7,10,16
1629,-0.0251,0.406,0.949,-0.81,205.2,64.3,894,-0.0254,-0.61,735,-0.0248,-0.53,3,8,-29.8,-3,7,10,17
1629,-0.0123,0.403,0.975,-0.38,205.2,58.0,894,-0.0222,-0.51,735,-0.0004,-0.01,2,8,-31.5,-3,7,10,18
1629,-0.0197,0.395,0.962,-0.6,205.2,60.7,894,-0.0281,-0.64,735,-0.0095,-0.19,2,8,-27.2,-3,7,10,20
1629,-0.0174,0.392,0.967,-0.52,205.2,59.6,894,-0.034,-0.76,735,0.0027,0.05,2,8,-27.9,-3,7,10,21
1716,-0.0568,0.446,0.791,-3.65,216.1,100.8,933,-0.0539,-2.47,783,-0.0601,-2.72,0,8,-18.4,-3,7,11,12
1716,-0.0322,0.435,0.916,-1.41,216.1,69.7,933,-0.0214,-0.69,783,-0.0451,-1.34,1,8,-22.3,-3,7,11,14
1716,-0.0312,0.399,0.934,-1.08,216.1,67.9,933,-0.039,-1.0,783,-0.022,-0.51,3,8,-33.9,-3,7,11,16
1716,-0.0238,0.409,0.951,-0.8,216.1,63.0,933,-0.0259,-0.64,783,-0.0214,-0.48,3,8,-30.6,-3,7,11,17
1716,-0.0105,0.405,0.979,-0.34,216.1,60.6,933,-0.0215,-0.51,783,0.0025,0.05,2,8,-31.5,-3,7,11,18
1716,-0.0166,0.397,0.967,-0.53,216.1,57.2,933,-0.025,-0.59,783,-0.0066,-0.14,2,8,-27.3,-3,7,11,20
1716,-0.0144,0.395,0.972,-0.45,216.1,56.1,933,-0.0299,-0.69,783,0.004,0.08,2,8,-28.3,-3,7,11,21
1776,-0.0555,0.445,0.792,-3.67,223.7,101.9,958,-0.0534,-2.51,818,-0.0579,-2.71,0,8,-18.9,-3,7,12,12
1776,-0.0269,0.439,0.929,-1.19,223.7,61.2,958,-0.0153,-0.5,818,-0.0404,-1.21,3,8,-21.0,-3,7,12,14
1776,-0.0299,0.4,0.937,-1.05,223.7,65.3,958,-0.0362,-0.95,818,-0.0225,-0.53,3,8,-33.3,-3,7,12,16
1776,-0.0192,0.411,0.96,-0.65,223.7,58.3,958,-0.0216,-0.54,818,-0.0164,-0.37,3,8,-29.9,-3,7,12,17
1776,-0.0076,0.405,0.984,-0.25,223.7,60.0,958,-0.0198,-0.48,818,0.0066,0.14,2,8,-30.8,-3,7,12,18
1776,-0.0122,0.397,0.976,-0.39,223.7,53.4,958,-0.0242,-0.58,818,0.0019,0.04,2,8,-27.3,-3,7,12,20
1776,-0.0107,0.395,0.979,-0.33,223.7,54.5,958,-0.0286,-0.67,818,0.0104,0.22,2,8,-28.9,-3,7,12,21
1839,-0.0246,0.439,0.934,-1.12,231.6,59.9,990,-0.0136,-0.46,849,-0.0375,-1.15,2,8,-21.9,-3,7,13,14
1839,-0.0255,0.402,0.946,-0.91,231.6,64.5,990,-0.0327,-0.88,849,-0.017,-0.41,3,8,-37.0,-3,7,13,16
1839,-0.0165,0.415,0.966,-0.57,231.6,58.3,990,-0.0183,-0.47,849,-0.0145,-0.34,3,8,-34.1,-3,7,13,17
1839,-0.0056,0.409,0.988,-0.19,231.6,61.1,990,-0.0156,-0.39,849,0.006,0.13,3,8,-34.9,-3,7,13,18
1839,-0.009,0.4,0.982,-0.29,231.6,53.3,990,-0.0175,-0.43,849,0.001,0.02,2,8,-31.0,-3,7,13,20
1839,-0.0079,0.4,0.985,-0.26,231.6,55.1,990,-0.0228,-0.55,849,0.0094,0.2,2,8,-32.7,-3,7,13,21
1924,-0.0263,0.436,0.929,-1.24,242.3,64.9,1033,-0.0142,-0.49,891,-0.0403,-1.29,2,8,-22.3,-3,7,14,14
1969,-0.0287,0.403,0.937,-1.09,248.0,67.9,1052,-0.0293,-0.82,917,-0.0281,-0.72,3,8,-37.7,-3,7,15,16
1969,-0.0219,0.415,0.954,-0.8,248.0,59.4,1052,-0.018,-0.48,917,-0.0264,-0.65,3,8,-34.2,-3,7,15,17
1969,-0.0116,0.407,0.976,-0.41,248.0,61.8,1052,-0.0171,-0.44,917,-0.0054,-0.13,2,8,-34.8,-3,7,15,18
1969,-0.0137,0.399,0.973,-0.47,248.0,52.1,1052,-0.0203,-0.52,917,-0.0061,-0.14,2,8,-31.8,-3,7,15,20
1969,-0.014,0.397,0.972,-0.47,248.0,56.4,1052,-0.0266,-0.67,917,0.0004,0.01,2,8,-32.9,-3,7,15,21
1068,-0.0774,0.427,0.686,-4.67,134.6,87.5,599,-0.0812,-3.55,469,-0.0725,-3.02,0,8,-14.4,-3,8,9,12
1068,-0.0446,0.436,0.874,-1.69,134.6,61.4,599,-0.0356,-1.06,469,-0.0561,-1.33,1,8,-14.9,-3,8,9,14
1068,-0.0351,0.416,0.922,-1.02,134.6,42.6,599,-0.0305,-0.69,469,-0.0411,-0.76,2,8,-15.5,-3,8,9,16
1068,-0.0327,0.417,0.929,-0.92,134.6,39.3,599,-0.0187,-0.4,469,-0.0506,-0.92,2,8,-14.9,-3,8,9,17
1068,-0.0124,0.413,0.973,-0.33,134.6,37.0,599,-0.009,-0.19,469,-0.0168,-0.28,3,8,-13.2,-3,8,9,18
1068,-0.023,0.401,0.953,-0.6,134.6,36.6,599,-0.0195,-0.4,469,-0.0274,-0.45,2,8,-14.2,-3,8,9,20
1068,-0.0198,0.404,0.96,-0.51,134.6,36.3,599,-0.025,-0.51,469,-0.0131,-0.21,3,8,-12.4,-3,8,9,21
1318,-0.063,0.425,0.733,-4.18,166.0,89.3,728,-0.0555,-2.61,590,-0.0722,-3.42,0,8,-14.2,-3,8,10,12
1318,-0.0426,0.436,0.88,-1.8,166.0,70.5,728,-0.0301,-0.97,590,-0.058,-1.58,1,8,-20.0,-3,8,10,14
1318,-0.0341,0.417,0.923,-1.12,166.0,48.4,728,-0.0354,-0.89,590,-0.0325,-0.69,2,8,-23.7,-3,8,10,16
1318,-0.0321,0.42,0.93,-1.03,166.0,49.3,728,-0.0252,-0.61,590,-0.0407,-0.85,3,8,-20.3,-3,8,10,17
1318,-0.0164,0.416,0.965,-0.5,166.0,42.9,728,-0.0206,-0.48,590,-0.0111,-0.22,3,8,-17.8,-3,8,10,18
1318,-0.0232,0.403,0.952,-0.69,166.0,43.4,728,-0.0277,-0.63,590,-0.0175,-0.34,3,8,-17.6,-3,8,10,20
1318,-0.0254,0.407,0.948,-0.75,166.0,45.4,728,-0.0369,-0.84,590,-0.0112,-0.21,2,8,-16.6,-3,8,10,21
1459,-0.0586,0.424,0.74,-4.21,183.8,91.3,792,-0.0511,-2.56,667,-0.0676,-3.52,0,8,-17.2,-3,8,11,12
1459,-0.041,0.437,0.882,-1.85,183.8,74.8,792,-0.0249,-0.85,667,-0.0602,-1.79,1,8,-21.5,-3,8,11,14
1459,-0.0348,0.42,0.921,-1.23,183.8,57.4,792,-0.0411,-1.1,667,-0.0275,-0.63,3,8,-23.3,-3,8,11,16
1459,-0.0321,0.422,0.929,-1.1,183.8,55.3,792,-0.0298,-0.76,667,-0.0349,-0.79,3,8,-20.4,-3,8,11,17
1459,-0.0162,0.417,0.964,-0.53,183.8,48.6,792,-0.0251,-0.62,667,-0.0056,-0.12,2,8,-17.6,-3,8,11,18
1459,-0.0201,0.404,0.958,-0.63,183.8,46.9,792,-0.0302,-0.73,667,-0.0081,-0.16,2,8,-19.6,-3,8,11,20
1459,-0.0222,0.408,0.954,-0.69,183.8,49.3,792,-0.0378,-0.91,667,-0.0036,-0.07,3,8,-19.3,-3,8,11,21
1567,-0.0567,0.421,0.739,-4.33,197.4,92.6,843,-0.0502,-2.67,724,-0.0642,-3.58,0,8,-18.1,-3,8,12,12
1567,-0.0344,0.442,0.899,-1.6,197.4,67.7,843,-0.0178,-0.63,724,-0.0537,-1.64,2,8,-19.8,-3,8,12,14
1567,-0.0308,0.423,0.929,-1.12,197.4,52.5,843,-0.0377,-1.04,724,-0.0226,-0.54,3,8,-23.9,-3,8,12,16
1567,-0.0239,0.428,0.946,-0.84,197.4,46.2,843,-0.0231,-0.61,724,-0.0249,-0.58,3,8,-20.4,-3,8,12,17
1567,-0.0095,0.417,0.979,-0.32,197.4,40.5,843,-0.0193,-0.49,724,0.0019,0.04,2,8,-17.5,-3,8,12,18
1567,-0.0118,0.406,0.975,-0.38,197.4,42.0,843,-0.0228,-0.57,724,0.0011,0.02,2,8,-21.3,-3,8,12,20
1567,-0.014,0.412,0.971,-0.45,197.4,43.4,843,-0.03,-0.74,724,0.0046,0.1,3,8,-20.2,-3,8,12,21
1681,-0.0291,0.444,0.913,-1.42,211.7,63.7,892,-0.0193,-0.71,789,-0.0403,-1.3,1,8,-16.5,-3,8,13,14
1681,-0.0223,0.428,0.947,-0.85,211.7,42.2,892,-0.0359,-1.03,789,-0.007,-0.17,3,8,-24.3,-3,8,13,16
1681,-0.017,0.435,0.961,-0.63,211.7,37.2,892,-0.0197,-0.54,789,-0.014,-0.34,3,8,-23.2,-3,8,13,17
1681,-0.0048,0.424,0.989,-0.17,211.7,34.7,892,-0.016,-0.43,789,0.0079,0.18,3,8,-20.8,-3,8,13,18
1681,-0.0091,0.409,0.98,-0.31,211.7,35.5,892,-0.0199,-0.52,789,0.0031,0.07,3,8,-26.2,-3,8,13,20
1681,-0.013,0.416,0.973,-0.44,211.7,41.0,892,-0.0276,-0.71,789,0.0035,0.08,3,8,-25.1,-3,8,13,21
1841,-0.0324,0.436,0.9,-1.69,231.9,71.4,970,-0.025,-0.97,871,-0.0406,-1.42,2,8,-15.1,-3,8,14,14
1919,-0.0269,0.427,0.935,-1.12,241.7,55.2,1008,-0.0393,-1.24,911,-0.013,-0.36,3,8,-33.0,-3,8,15,16
1919,-0.0206,0.433,0.952,-0.82,241.7,46.6,1008,-0.0236,-0.71,911,-0.0172,-0.46,4,8,-33.1,-3,8,15,17
1919,-0.0116,0.421,0.973,-0.45,241.7,44.4,1008,-0.0238,-0.69,911,0.0018,0.05,3,8,-32.3,-3,8,15,18
1919,-0.0177,0.406,0.961,-0.66,241.7,52.9,1008,-0.0307,-0.86,911,-0.0034,-0.08,2,8,-37.6,-3,8,15,20
1919,-0.0229,0.411,0.951,-0.84,241.7,60.6,1008,-0.0389,-1.08,911,-0.0051,-0.13,3,8,-36.5,-3,8,15,21
804,-0.0448,0.396,0.753,-2.81,101.3,38.7,458,-0.0224,-0.99,346,-0.0744,-3.38,1,8,-9.0,-3,9,10,12
804,-0.0257,0.44,0.916,-0.94,101.3,26.8,458,-0.0165,-0.46,346,-0.0378,-0.89,2,8,-8.2,-3,9,10,14
804,-0.0256,0.42,0.936,-0.72,101.3,29.2,458,-0.0476,-1.05,346,0.0036,0.06,3,8,-20.1,-3,9,10,16
804,-0.0223,0.447,0.946,-0.61,101.3,24.5,458,-0.0379,-0.8,346,-0.0016,-0.03,3,8,-18.2,-3,9,10,17
804,-0.0154,0.433,0.963,-0.41,101.3,24.4,458,-0.0393,-0.82,346,0.0164,0.28,3,8,-17.9,-3,9,10,18
804,-0.0164,0.419,0.963,-0.42,101.3,23.8,458,-0.0403,-0.82,346,0.0153,0.25,3,8,-17.5,-3,9,10,20
804,-0.0292,0.422,0.935,-0.75,101.3,31.3,458,-0.0596,-1.21,346,0.0111,0.18,2,8,-18.5,-3,9,10,21
1067,-0.0355,0.406,0.788,-2.71,134.4,41.9,583,-0.0206,-1.1,484,-0.0536,-2.98,1,8,-10.9,-3,9,11,12
1067,-0.0111,0.452,0.962,-0.48,134.4,26.5,583,-0.0041,-0.13,484,-0.0196,-0.56,2,8,-12.2,-3,9,11,14
1067,-0.016,0.434,0.958,-0.53,134.4,32.0,583,-0.051,-1.3,484,0.0262,0.56,3,8,-21.5,-3,9,11,16
1067,-0.0145,0.444,0.964,-0.47,134.4,30.0,583,-0.0383,-0.93,484,0.0141,0.3,3,8,-19.7,-3,9,11,17
1067,0.0005,0.434,1.001,0.02,134.4,25.7,583,-0.0313,-0.74,484,0.0387,0.79,3,8,-16.9,-3,9,11,18
1067,0.0003,0.421,1.001,0.01,134.4,27.3,583,-0.0254,-0.57,484,0.0313,0.61,3,8,-15.5,-3,9,11,20
1067,-0.0087,0.42,0.98,-0.26,134.4,29.5,583,-0.0384,-0.86,484,0.0271,0.52,3,8,-16.6,-3,9,11,21
1256,-0.0345,0.402,0.78,-3.02,158.2,47.1,670,-0.0224,-1.35,586,-0.0483,-3.13,1,8,-12.7,-3,9,12,12
1256,0.0021,0.457,1.007,0.1,158.2,26.5,670,0.011,0.39,586,-0.0081,-0.25,3,8,-12.9,-3,9,12,14
1256,-0.0057,0.443,0.985,-0.21,158.2,34.2,670,-0.0388,-1.06,586,0.032,0.75,3,8,-23.1,-3,9,12,16
1256,-0.0016,0.453,0.996,-0.06,158.2,30.1,670,-0.0272,-0.72,586,0.0277,0.63,3,8,-19.7,-3,9,12,17
1256,0.0096,0.432,1.024,0.32,158.2,27.1,670,-0.023,-0.58,586,0.0469,1.03,3,8,-13.0,-3,9,12,18
1256,0.0123,0.423,1.029,0.39,158.2,24.4,670,-0.0168,-0.41,586,0.0456,0.96,4,8,-9.0,-3,9,12,20
1256,0.006,0.428,1.014,0.19,158.2,27.0,670,-0.0275,-0.66,586,0.0444,0.92,3,8,-10.5,-3,9,12,21
1446,-0.0061,0.452,0.978,-0.31,182.1,33.6,759,0.002,0.08,687,-0.0151,-0.51,3,8,-17.2,-3,9,13,14
1446,-0.0075,0.442,0.98,-0.29,182.1,36.7,759,-0.0371,-1.1,687,0.0252,0.64,3,8,-25.6,-3,9,13,16
1446,-0.0075,0.453,0.981,-0.28,182.1,33.3,759,-0.0248,-0.7,687,0.0117,0.3,4,8,-21.9,-3,9,13,17
1446,0.0014,0.432,1.004,0.05,182.1,30.8,759,-0.0214,-0.58,687,0.0267,0.65,3,8,-16.7,-3,9,13,18
1446,0.0015,0.421,1.003,0.05,182.1,28.6,759,-0.0157,-0.41,687,0.0204,0.47,3,8,-19.2,-3,9,13,20
1446,-0.0068,0.426,0.984,-0.24,182.1,32.5,759,-0.0263,-0.69,687,0.0147,0.34,3,8,-19.0,-3,9,13,21
1714,-0.0129,0.442,0.952,-0.74,215.9,35.8,899,-0.0103,-0.45,815,-0.0157,-0.6,3,8,-21.4,-3,9,14,14
1834,-0.0123,0.441,0.966,-0.56,231.0,47.1,967,-0.032,-1.11,867,0.0096,0.28,3,8,-34.6,-3,9,15,16
1834,-0.0057,0.451,0.985,-0.25,231.0,41.3,967,-0.0161,-0.53,867,0.0059,0.17,4,8,-29.9,-3,9,15,17
1834,0.0029,0.433,1.007,0.12,231.0,35.1,967,-0.0161,-0.51,867,0.024,0.66,4,8,-25.1,-3,9,15,18
1834,-0.0015,0.421,0.996,-0.06,231.0,36.6,967,-0.0175,-0.53,867,0.0164,0.43,3,8,-26.4,-3,9,15,20
1834,-0.0115,0.424,0.973,-0.46,231.0,41.0,967,-0.0293,-0.88,867,0.0083,0.22,3,8,-26.5,-3,9,15,21
1759,-0.0414,0.46,0.879,-2.1,221.5,80.1,977,-0.0467,-1.76,782,-0.0348,-1.19,1,8,-18.0,-2,5,9,12
1759,-0.0122,0.422,0.973,-0.44,221.5,40.5,977,-0.0136,-0.38,782,-0.0104,-0.24,5,8,-21.7,-2,5,9,14
1759,-0.0091,0.389,0.983,-0.27,221.5,46.0,977,-0.0315,-0.73,782,0.0189,0.36,4,8,-30.7,-2,5,9,16
1759,0.0071,0.391,1.013,0.21,221.5,34.0,977,-0.0138,-0.31,782,0.0333,0.6,5,8,-27.3,-2,5,9,17
1759,0.018,0.39,1.033,0.49,221.5,33.7,977,-0.0148,-0.32,782,0.0589,1.01,6,8,-28.5,-2,5,9,18
1759,0.0119,0.376,1.021,0.32,221.5,37.4,977,-0.0191,-0.4,782,0.0505,0.86,7,8,-25.9,-2,5,9,20
1759,0.0149,0.373,1.026,0.39,221.5,40.7,977,-0.0232,-0.48,782,0.0625,1.03,6,8,-26.6,-2,5,9,21
1822,-0.0404,0.459,0.88,-2.11,229.5,82.8,1011,-0.0474,-1.83,811,-0.0317,-1.11,1,8,-17.5,-2,5,10,12
1822,-0.0101,0.424,0.977,-0.38,229.5,38.6,1011,-0.0142,-0.41,811,-0.0051,-0.12,5,8,-21.9,-2,5,10,14
1822,-0.0097,0.391,0.982,-0.3,229.5,44.6,1011,-0.0359,-0.86,811,0.0229,0.45,4,8,-31.0,-2,5,10,16
1822,0.0072,0.393,1.013,0.21,229.5,35.7,1011,-0.0185,-0.43,811,0.0393,0.73,5,8,-27.3,-2,5,10,17
1822,0.0165,0.392,1.03,0.47,229.5,35.9,1011,-0.0197,-0.44,811,0.0617,1.09,6,8,-28.8,-2,5,10,18
1822,0.0129,0.379,1.023,0.36,229.5,37.4,1011,-0.0226,-0.49,811,0.0572,0.99,6,8,-24.3,-2,5,10,20
1822,0.0153,0.377,1.027,0.41,229.5,40.7,1011,-0.0268,-0.57,811,0.0677,1.14,7,8,-25.2,-2,5,10,21
1865,-0.0399,0.458,0.88,-2.13,234.9,83.3,1029,-0.0471,-1.85,836,-0.0309,-1.12,1,8,-17.7,-2,5,11,12
1865,-0.0081,0.425,0.981,-0.31,234.9,36.2,1029,-0.0136,-0.4,836,-0.0014,-0.03,5,8,-20.1,-2,5,11,14
1865,-0.009,0.392,0.983,-0.28,234.9,47.4,1029,-0.0344,-0.84,836,0.0223,0.45,4,8,-32.0,-2,5,11,16
1865,0.0087,0.395,1.016,0.26,234.9,37.4,1029,-0.0162,-0.38,836,0.0394,0.75,4,8,-28.3,-2,5,11,17
1865,0.0177,0.394,1.033,0.51,234.9,37.5,1029,-0.0174,-0.39,836,0.061,1.1,6,8,-29.8,-2,5,11,18
1865,0.0151,0.381,1.027,0.42,234.9,38.3,1029,-0.0202,-0.44,836,0.0584,1.03,6,8,-25.4,-2,5,11,20
1865,0.0172,0.378,1.03,0.47,234.9,41.5,1029,-0.0244,-0.53,836,0.0684,1.18,7,8,-26.2,-2,5,11,21
1895,-0.0389,0.459,0.881,-2.1,238.7,81.7,1041,-0.0469,-1.86,854,-0.029,-1.07,1,8,-18.4,-2,5,12,12
1895,-0.0089,0.426,0.98,-0.34,238.7,38.6,1041,-0.0134,-0.39,854,-0.0033,-0.08,5,8,-23.7,-2,5,12,14
1895,-0.0115,0.393,0.978,-0.37,238.7,48.1,1041,-0.0329,-0.81,854,0.0146,0.3,4,8,-31.9,-2,5,12,16
1895,0.008,0.396,1.015,0.24,238.7,35.6,1041,-0.0137,-0.32,854,0.0345,0.66,4,8,-27.9,-2,5,12,17
1895,0.0176,0.394,1.033,0.51,238.7,35.0,1041,-0.0147,-0.33,854,0.057,1.05,6,8,-28.9,-2,5,12,18
1895,0.0166,0.381,1.03,0.47,238.7,35.5,1041,-0.0183,-0.41,854,0.0592,1.06,6,8,-25.0,-2,5,12,20
1895,0.0192,0.379,1.034,0.53,238.7,39.0,1041,-0.0218,-0.48,854,0.0692,1.21,7,8,-26.2,-2,5,12,21
1936,-0.0081,0.427,0.981,-0.32,243.8,38.0,1060,-0.0132,-0.39,876,-0.0019,-0.05,5,8,-22.9,-2,5,13,14
1936,-0.0092,0.393,0.982,-0.3,243.8,50.8,1060,-0.0316,-0.79,876,0.0179,0.37,4,8,-32.6,-2,5,13,16
1936,0.0091,0.399,1.017,0.28,243.8,35.7,1060,-0.0126,-0.3,876,0.0352,0.69,4,8,-28.9,-2,5,13,17
1936,0.0187,0.396,1.035,0.55,243.8,34.7,1060,-0.0127,-0.29,876,0.0567,1.06,6,8,-29.6,-2,5,13,18
1936,0.0189,0.383,1.034,0.54,243.8,34.4,1060,-0.0156,-0.35,876,0.0606,1.11,5,8,-24.9,-2,5,13,20
1936,0.0204,0.382,1.036,0.58,243.8,38.1,1060,-0.0208,-0.46,876,0.0703,1.25,7,8,-26.4,-2,5,13,21
1979,-0.0112,0.424,0.974,-0.44,249.3,43.0,1084,-0.0152,-0.46,895,-0.0062,-0.16,4,8,-23.0,-2,5,14,14
2000,-0.012,0.392,0.977,-0.4,251.9,54.0,1097,-0.031,-0.8,903,0.011,0.23,4,8,-33.6,-2,5,15,16
2000,0.0048,0.399,1.009,0.15,251.9,37.9,1097,-0.014,-0.35,903,0.0277,0.56,4,8,-30.3,-2,5,15,17
2000,0.0147,0.396,1.028,0.45,251.9,37.0,1097,-0.0139,-0.33,903,0.0495,0.95,6,8,-31.3,-2,5,15,18
2000,0.0147,0.383,1.027,0.44,251.9,36.4,1097,-0.0181,-0.42,903,0.0546,1.03,5,8,-26.2,-2,5,15,20
2000,0.016,0.382,1.029,0.46,251.9,40.1,1097,-0.0238,-0.54,903,0.0643,1.18,7,8,-27.8,-2,5,15,21
1682,-0.0544,0.457,0.832,-2.91,211.8,97.5,936,-0.0568,-2.26,746,-0.0514,-1.85,0,8,-22.6,-2,6,9,12
1682,-0.0327,0.423,0.924,-1.26,211.8,76.3,936,-0.0254,-0.74,746,-0.0418,-1.05,3,8,-27.3,-2,6,9,14
1682,-0.0255,0.392,0.951,-0.8,211.8,69.9,936,-0.0294,-0.69,746,-0.0205,-0.43,4,8,-39.7,-2,6,9,16
1682,-0.0109,0.399,0.979,-0.33,211.8,53.9,936,-0.0126,-0.29,746,-0.0088,-0.17,4,8,-35.1,-2,6,9,17
1682,0.0026,0.395,1.005,0.07,211.8,51.0,936,-0.0109,-0.24,746,0.0196,0.36,5,8,-36.3,-2,6,9,18
1682,-0.0049,0.381,0.991,-0.14,211.8,49.7,936,-0.0126,-0.26,746,0.0047,0.09,4,8,-32.5,-2,6,9,20
1682,0.0002,0.38,1.0,0.0,211.8,49.4,936,-0.0165,-0.35,746,0.0212,0.37,5,8,-33.6,-2,6,9,21
1770,-0.0514,0.456,0.839,-2.86,222.9,96.2,981,-0.0543,-2.23,789,-0.0479,-1.79,0,8,-22.9,-2,6,10,12
1770,-0.0317,0.424,0.926,-1.26,222.9,75.9,981,-0.0247,-0.74,789,-0.0404,-1.05,2,8,-28.4,-2,6,10,14
1770,-0.0281,0.393,0.945,-0.92,222.9,69.9,981,-0.0383,-0.94,789,-0.0156,-0.33,3,8,-41.1,-2,6,10,16
1770,-0.0134,0.4,0.974,-0.41,222.9,55.8,981,-0.0215,-0.51,789,-0.0033,-0.07,3,8,-37.2,-2,6,10,17
1770,-0.0019,0.396,0.996,-0.06,222.9,55.0,981,-0.0204,-0.46,789,0.0211,0.4,4,8,-38.6,-2,6,10,18
1770,-0.0073,0.383,0.987,-0.21,222.9,48.1,981,-0.0204,-0.45,789,0.009,0.17,5,8,-33.0,-2,6,10,20
1770,-0.004,0.382,0.993,-0.11,222.9,49.0,981,-0.0255,-0.55,789,0.0227,0.41,5,8,-34.2,-2,6,10,21
1820,-0.05,0.456,0.84,-2.85,229.2,95.4,1003,-0.053,-2.23,817,-0.0464,-1.78,0,8,-23.0,-2,6,11,12
1820,-0.0266,0.427,0.937,-1.08,229.2,69.2,1003,-0.0206,-0.63,817,-0.0339,-0.91,4,8,-28.7,-2,6,11,14
1820,-0.0249,0.396,0.951,-0.83,229.2,72.1,1003,-0.0341,-0.85,817,-0.0137,-0.3,4,8,-42.2,-2,6,11,16
1820,-0.0095,0.403,0.982,-0.3,229.2,57.9,1003,-0.0168,-0.4,817,-0.0007,-0.01,3,8,-38.5,-2,6,11,17
1820,0.0019,0.398,1.004,0.06,229.2,55.7,1003,-0.0153,-0.35,817,0.0229,0.45,6,8,-39.7,-2,6,11,18
1820,-0.0026,0.386,0.995,-0.08,229.2,47.3,1003,-0.0151,-0.34,817,0.0127,0.25,5,8,-34.3,-2,6,11,20
1820,-0.0001,0.385,1.0,-0.0,229.2,50.9,1003,-0.0206,-0.45,817,0.025,0.47,4,8,-35.5,-2,6,11,21
1861,-0.0487,0.456,0.842,-2.83,234.4,94.9,1019,-0.0531,-2.26,842,-0.0434,-1.71,0,8,-22.7,-2,6,12,12
1861,-0.0242,0.429,0.942,-0.99,234.4,64.8,1019,-0.0194,-0.6,842,-0.0299,-0.8,4,8,-27.7,-2,6,12,14
1861,-0.0243,0.395,0.952,-0.81,234.4,71.2,1019,-0.0317,-0.8,842,-0.0153,-0.34,3,8,-41.5,-2,6,12,16
1861,-0.0061,0.405,0.988,-0.19,234.4,56.9,1019,-0.0129,-0.31,842,0.0022,0.05,3,8,-37.5,-2,6,12,17
1861,0.0037,0.398,1.007,0.11,234.4,57.1,1019,-0.0139,-0.32,842,0.025,0.5,5,8,-38.4,-2,6,12,18
1861,0.0018,0.386,1.003,0.06,234.4,44.9,1019,-0.0145,-0.33,842,0.0216,0.42,5,8,-33.1,-2,6,12,20
1861,0.0042,0.386,1.008,0.12,234.4,48.3,1019,-0.0194,-0.43,842,0.0328,0.62,5,8,-34.9,-2,6,12,21
1907,-0.0222,0.429,0.946,-0.93,240.2,62.6,1040,-0.0179,-0.56,867,-0.0274,-0.76,5,8,-27.5,-2,6,13,14
1907,-0.021,0.396,0.958,-0.72,240.2,72.1,1040,-0.0298,-0.76,867,-0.0105,-0.24,4,8,-42.2,-2,6,13,16
1907,-0.0047,0.408,0.991,-0.15,240.2,58.0,1040,-0.0115,-0.28,867,0.0034,0.07,4,8,-39.1,-2,6,13,17
1907,0.0051,0.402,1.01,0.16,240.2,58.4,1040,-0.0115,-0.27,867,0.025,0.51,5,8,-39.6,-2,6,13,18
1907,0.0046,0.389,1.009,0.14,240.2,44.8,1040,-0.0108,-0.25,867,0.0231,0.46,5,8,-33.6,-2,6,13,20
1907,0.0062,0.389,1.011,0.18,240.2,47.4,1040,-0.017,-0.39,867,0.034,0.66,4,8,-35.3,-2,6,13,21
1964,-0.0217,0.428,0.947,-0.92,247.4,61.9,1070,-0.0164,-0.52,894,-0.028,-0.79,4,8,-26.7,-2,6,14,14
1991,-0.022,0.396,0.955,-0.78,250.8,71.2,1084,-0.0267,-0.7,907,-0.0165,-0.38,3,8,-42.5,-2,6,15,16
1991,-0.0071,0.408,0.986,-0.24,250.8,56.7,1084,-0.0101,-0.26,907,-0.0035,-0.08,3,8,-39.9,-2,6,15,17
1991,0.0027,0.401,1.005,0.09,250.8,54.7,1084,-0.01,-0.24,907,0.0179,0.38,3,8,-40.4,-2,6,15,18
1991,0.0032,0.389,1.006,0.1,250.8,44.0,1084,-0.0093,-0.22,907,0.0181,0.38,5,8,-34.1,-2,6,15,20
1991,0.0039,0.389,1.007,0.12,250.8,49.2,1084,-0.0157,-0.37,907,0.0272,0.55,5,8,-36.2,-2,6,15,21
1511,-0.0678,0.449,0.769,-3.91,190.3,106.7,828,-0.0669,-2.81,683,-0.0689,-2.73,0,8,-16.1,-2,7,9,12
1511,-0.04,0.43,0.9,-1.59,190.3,74.6,828,-0.0301,-0.89,683,-0.0519,-1.38,0,8,-19.0,-2,7,9,14
1511,-0.0274,0.392,0.944,-0.85,190.3,60.9,828,-0.0339,-0.79,683,-0.0196,-0.41,3,8,-29.7,-2,7,9,16
1511,-0.0227,0.402,0.955,-0.68,190.3,60.3,828,-0.0221,-0.49,683,-0.0234,-0.47,3,8,-26.4,-2,7,9,17
1511,-0.0065,0.398,0.987,-0.19,190.3,51.7,828,-0.014,-0.3,683,0.0026,0.05,2,8,-28.7,-2,7,9,18
1511,-0.0144,0.391,0.973,-0.41,190.3,54.5,828,-0.0192,-0.4,683,-0.0087,-0.17,3,8,-26.3,-2,7,9,20
1511,-0.0111,0.385,0.979,-0.31,190.3,53.3,828,-0.0255,-0.53,683,0.0064,0.12,3,8,-26.9,-2,7,9,21
1645,-0.0573,0.449,0.8,-3.44,207.2,97.7,902,-0.0512,-2.22,743,-0.0647,-2.7,0,8,-18.3,-2,7,10,12
1645,-0.0333,0.433,0.916,-1.39,207.2,69.5,902,-0.0198,-0.61,743,-0.0498,-1.39,1,8,-23.4,-2,7,10,14
1645,-0.0281,0.395,0.942,-0.92,207.2,67.4,902,-0.0374,-0.92,743,-0.0168,-0.37,3,8,-35.0,-2,7,10,16
1645,-0.0215,0.406,0.957,-0.68,207.2,65.9,902,-0.0244,-0.58,743,-0.0179,-0.38,3,8,-31.7,-2,7,10,17
1645,-0.0093,0.401,0.982,-0.28,207.2,60.2,902,-0.0215,-0.49,743,0.0055,0.11,3,8,-34.5,-2,7,10,18
1645,-0.0151,0.393,0.971,-0.45,207.2,60.7,902,-0.0234,-0.51,743,-0.0051,-0.1,3,8,-29.7,-2,7,10,20
1645,-0.015,0.387,0.972,-0.44,207.2,61.9,902,-0.0318,-0.69,743,0.0055,0.11,3,8,-30.7,-2,7,10,21
1724,-0.0539,0.45,0.806,-3.37,217.1,96.3,936,-0.0488,-2.18,788,-0.06,-2.63,0,8,-18.5,-2,7,11,12
1724,-0.027,0.439,0.931,-1.16,217.1,62.0,936,-0.0165,-0.52,788,-0.0395,-1.15,2,8,-23.9,-2,7,11,14
1724,-0.0252,0.398,0.948,-0.86,217.1,65.8,936,-0.0364,-0.92,788,-0.012,-0.27,3,8,-35.8,-2,7,11,16
1724,-0.0181,0.408,0.963,-0.59,217.1,62.2,936,-0.0234,-0.57,788,-0.0118,-0.26,3,8,-32.6,-2,7,11,17
1724,-0.0058,0.404,0.988,-0.18,217.1,60.5,936,-0.02,-0.46,788,0.0111,0.23,3,8,-34.8,-2,7,11,18
1724,-0.0099,0.396,0.981,-0.3,217.1,56.0,936,-0.0201,-0.45,788,0.0022,0.05,3,8,-30.6,-2,7,11,20
1724,-0.0096,0.391,0.982,-0.29,217.1,57.2,936,-0.0275,-0.61,788,0.0117,0.23,3,8,-31.7,-2,7,11,21
1782,-0.0526,0.449,0.806,-3.39,224.4,97.2,960,-0.0485,-2.22,822,-0.0575,-2.61,0,8,-19.1,-2,7,12,12
1782,-0.0214,0.442,0.945,-0.93,224.4,52.8,960,-0.0099,-0.32,822,-0.0348,-1.02,3,8,-22.3,-2,7,12,14
1782,-0.0228,0.398,0.952,-0.78,224.4,61.5,960,-0.0324,-0.83,822,-0.0117,-0.27,3,8,-34.8,-2,7,12,16
1782,-0.0126,0.411,0.974,-0.42,224.4,54.7,960,-0.0179,-0.44,822,-0.0063,-0.14,3,8,-31.3,-2,7,12,17
1782,-0.0018,0.403,0.996,-0.06,224.4,58.5,960,-0.017,-0.4,822,0.0159,0.34,3,8,-33.6,-2,7,12,18
1782,-0.0045,0.395,0.991,-0.14,224.4,49.7,960,-0.018,-0.41,822,0.0112,0.23,3,8,-30.1,-2,7,12,20
1782,-0.0046,0.392,0.991,-0.14,224.4,52.6,960,-0.025,-0.57,822,0.0191,0.39,3,8,-31.8,-2,7,12,21
1849,-0.0201,0.442,0.947,-0.9,232.9,53.1,992,-0.0111,-0.37,857,-0.0306,-0.92,2,8,-23.0,-2,7,13,14
1849,-0.0196,0.4,0.959,-0.69,232.9,60.4,992,-0.0321,-0.84,857,-0.0051,-0.12,3,8,-37.6,-2,7,13,16
1849,-0.0108,0.415,0.978,-0.37,232.9,54.0,992,-0.0175,-0.44,857,-0.003,-0.07,3,8,-35.0,-2,7,13,17
1849,-0.0006,0.408,0.999,-0.02,232.9,57.5,992,-0.0163,-0.39,857,0.0175,0.38,3,8,-36.9,-2,7,13,18
1849,-0.0023,0.399,0.996,-0.07,232.9,47.3,992,-0.0154,-0.36,857,0.0129,0.28,4,8,-32.6,-2,7,13,20
1849,-0.0028,0.396,0.995,-0.09,232.9,50.5,992,-0.0235,-0.55,857,0.0212,0.44,3,8,-34.3,-2,7,13,21
1928,-0.0206,0.439,0.945,-0.95,242.8,55.2,1033,-0.0102,-0.35,895,-0.0327,-1.02,3,8,-23.4,-2,7,14,14
1971,-0.0222,0.401,0.952,-0.82,248.2,60.4,1052,-0.0275,-0.75,919,-0.0163,-0.4,3,8,-38.7,-2,7,15,16
1971,-0.0155,0.414,0.968,-0.56,248.2,54.1,1052,-0.0159,-0.42,919,-0.0152,-0.37,3,8,-35.2,-2,7,15,17
1971,-0.0061,0.406,0.987,-0.21,248.2,58.1,1052,-0.0164,-0.41,919,0.0057,0.13,3,8,-37.1,-2,7,15,18
1971,-0.0075,0.397,0.985,-0.25,248.2,47.0,1052,-0.0174,-0.43,919,0.0039,0.09,4,8,-33.0,-2,7,15,20
1971,-0.0093,0.394,0.982,-0.3,248.2,52.5,1052,-0.0261,-0.64,919,0.0101,0.22,2,8,-35.3,-2,7,15,21
1084,-0.0758,0.426,0.698,-4.49,136.6,86.7,606,-0.0794,-3.4,478,-0.0712,-2.93,0,8,-13.7,-2,8,9,12
1084,-0.0421,0.435,0.883,-1.58,136.6,60.2,606,-0.035,-1.04,478,-0.0511,-1.19,1,8,-14.5,-2,8,9,14
1084,-0.0326,0.412,0.929,-0.94,136.6,40.7,606,-0.0355,-0.8,478,-0.0289,-0.53,2,8,-18.1,-2,8,9,16
1084,-0.0294,0.416,0.937,-0.82,136.6,39.6,606,-0.0229,-0.49,478,-0.0378,-0.68,2,8,-13.7,-2,8,9,17
1084,-0.0094,0.411,0.98,-0.25,136.6,36.4,606,-0.0146,-0.3,478,-0.0028,-0.05,2,8,-10.9,-2,8,9,18
1084,-0.0201,0.399,0.96,-0.52,136.6,37.3,606,-0.0245,-0.49,478,-0.0146,-0.24,1,8,-12.4,-2,8,9,20
1084,-0.0188,0.4,0.963,-0.48,136.6,37.0,606,-0.0322,-0.65,478,-0.0017,-0.03,2,8,-10.2,-2,8,9,21
1333,-0.0606,0.425,0.747,-3.95,167.9,87.6,738,-0.0536,-2.47,595,-0.0693,-3.22,0,8,-13.9,-2,8,10,12
1333,-0.0381,0.437,0.894,-1.58,167.9,65.8,738,-0.0271,-0.86,595,-0.0517,-1.38,1,8,-22.3,-2,8,10,14
1333,-0.0341,0.416,0.925,-1.11,167.9,51.1,738,-0.0438,-1.09,595,-0.022,-0.46,2,8,-26.7,-2,8,10,16
1333,-0.0317,0.419,0.932,-1.0,167.9,54.3,738,-0.033,-0.79,595,-0.0301,-0.62,2,8,-23.5,-2,8,10,17
1333,-0.0166,0.413,0.965,-0.5,167.9,48.8,738,-0.0296,-0.68,595,-0.0005,-0.01,3,8,-21.6,-2,8,10,18
1333,-0.0221,0.4,0.955,-0.65,167.9,49.8,738,-0.0325,-0.73,595,-0.0093,-0.18,2,8,-18.4,-2,8,10,20
1333,-0.0265,0.403,0.947,-0.77,167.9,52.2,738,-0.0438,-0.98,595,-0.005,-0.09,1,8,-17.1,-2,8,10,21
1470,-0.0567,0.425,0.753,-3.99,185.1,90.6,798,-0.0497,-2.44,672,-0.0649,-3.32,0,8,-15.2,-2,8,11,12
1470,-0.0363,0.439,0.897,-1.61,185.1,69.0,798,-0.0249,-0.83,672,-0.0499,-1.45,1,8,-23.7,-2,8,11,14
1470,-0.0328,0.419,0.927,-1.13,185.1,59.9,798,-0.0476,-1.25,672,-0.0152,-0.34,2,8,-26.4,-2,8,11,16
1470,-0.0303,0.42,0.934,-1.02,185.1,59.6,798,-0.0363,-0.92,672,-0.0232,-0.51,2,8,-22.4,-2,8,11,17
1470,-0.0155,0.414,0.966,-0.5,185.1,54.0,798,-0.0334,-0.82,672,0.0057,0.12,3,8,-19.1,-2,8,11,18
1470,-0.017,0.401,0.965,-0.53,185.1,53.2,798,-0.0351,-0.83,672,0.0044,0.09,3,8,-19.6,-2,8,11,20
1470,-0.0207,0.404,0.958,-0.64,185.1,55.5,798,-0.0447,-1.05,672,0.0077,0.15,2,8,-18.8,-2,8,11,21
1575,-0.0546,0.423,0.753,-4.08,198.4,91.5,848,-0.049,-2.54,727,-0.0611,-3.34,0,8,-16.0,-2,8,12,12
1575,-0.0296,0.443,0.914,-1.35,198.4,61.1,848,-0.0172,-0.6,727,-0.044,-1.32,2,8,-21.6,-2,8,12,14
1575,-0.0275,0.422,0.938,-0.98,198.4,50.6,848,-0.0423,-1.15,727,-0.0102,-0.24,3,8,-23.8,-2,8,12,16
1575,-0.0208,0.426,0.954,-0.72,198.4,47.6,848,-0.0277,-0.72,727,-0.0127,-0.29,3,8,-20.1,-2,8,12,17
1575,-0.0075,0.415,0.984,-0.25,198.4,43.6,848,-0.0256,-0.64,727,0.0136,0.29,3,8,-17.2,-2,8,12,18
1575,-0.0076,0.404,0.984,-0.24,198.4,43.8,848,-0.0259,-0.63,727,0.0138,0.29,3,8,-21.1,-2,8,12,20
1575,-0.0112,0.408,0.977,-0.35,198.4,46.9,848,-0.0351,-0.85,727,0.0167,0.34,3,8,-19.6,-2,8,12,21
1697,-0.0257,0.444,0.924,-1.24,213.7,59.1,899,-0.0215,-0.78,798,-0.0305,-0.97,2,8,-17.9,-2,8,13,14
1697,-0.02,0.426,0.954,-0.75,213.7,39.4,899,-0.0425,-1.21,798,0.0053,0.13,3,8,-23.0,-2,8,13,16
1697,-0.0133,0.434,0.97,-0.48,213.7,39.0,899,-0.0241,-0.66,798,-0.0012,-0.03,4,8,-23.0,-2,8,13,17
1697,-0.0024,0.423,0.995,-0.08,213.7,35.0,899,-0.0233,-0.61,798,0.0212,0.49,3,8,-20.4,-2,8,13,18
1697,-0.0053,0.408,0.989,-0.18,213.7,39.3,899,-0.026,-0.66,798,0.0181,0.4,3,8,-26.0,-2,8,13,20
1697,-0.0105,0.414,0.978,-0.35,213.7,43.5,899,-0.0361,-0.91,798,0.0184,0.4,4,8,-24.5,-2,8,13,21
1850,-0.0274,0.436,0.917,-1.41,233.0,63.4,974,-0.0251,-0.96,876,-0.03,-1.03,2,8,-16.8,-2,8,14,14
1923,-0.0229,0.425,0.945,-0.93,242.2,47.7,1011,-0.0435,-1.34,912,0.0,0.0,3,8,-30.7,-2,8,15,16
1923,-0.016,0.432,0.963,-0.63,242.2,46.9,1011,-0.0267,-0.78,912,-0.0042,-0.11,4,8,-31.9,-2,8,15,17
1923,-0.0083,0.419,0.981,-0.31,242.2,42.8,1011,-0.0291,-0.82,912,0.0148,0.37,3,8,-30.9,-2,8,15,18
1923,-0.0139,0.405,0.97,-0.51,242.2,54.0,1011,-0.0346,-0.95,912,0.0091,0.22,3,8,-36.4,-2,8,15,20
1923,-0.0202,0.408,0.957,-0.73,242.2,60.0,1011,-0.0446,-1.21,912,0.0069,0.17,3,8,-34.8,-2,8,15,21
816,-0.047,0.395,0.748,-2.89,102.8,41.2,465,-0.0249,-1.08,351,-0.0764,-3.42,1,8,-10.3,-2,9,10,12
816,-0.027,0.44,0.914,-0.98,102.8,29.5,465,-0.0153,-0.43,351,-0.0425,-0.99,2,8,-9.2,-2,9,10,14
816,-0.0307,0.422,0.925,-0.86,102.8,29.9,465,-0.054,-1.19,351,0.0002,0.0,3,8,-19.1,-2,9,10,16
816,-0.0286,0.446,0.932,-0.78,102.8,29.3,465,-0.0457,-0.96,351,-0.006,-0.1,3,8,-18.5,-2,9,10,17
816,-0.0225,0.43,0.947,-0.6,102.8,30.1,465,-0.048,-1.0,351,0.0113,0.19,3,8,-18.9,-2,9,10,18
816,-0.0209,0.415,0.953,-0.54,102.8,27.6,465,-0.0421,-0.85,351,0.0073,0.12,3,8,-18.5,-2,9,10,20
816,-0.0339,0.418,0.926,-0.87,102.8,35.8,465,-0.0607,-1.22,351,0.0016,0.03,2,8,-19.3,-2,9,10,21
1078,-0.0373,0.406,0.783,-2.79,135.8,44.1,588,-0.0224,-1.16,490,-0.0551,-3.03,1,8,-10.7,-2,9,11,12
1078,-0.0114,0.454,0.962,-0.49,135.8,28.1,588,-0.0068,-0.22,490,-0.0169,-0.48,2,8,-10.9,-2,9,11,14
1078,-0.0184,0.434,0.953,-0.61,135.8,30.7,588,-0.0571,-1.44,490,0.0279,0.59,3,8,-19.9,-2,9,11,16
1078,-0.0181,0.442,0.956,-0.58,135.8,32.7,588,-0.0457,-1.1,490,0.015,0.32,3,8,-18.7,-2,9,11,17
1078,-0.004,0.431,0.99,-0.12,135.8,31.4,588,-0.0389,-0.9,490,0.0379,0.77,3,8,-16.9,-2,9,11,18
1078,-0.0007,0.417,0.998,-0.02,135.8,27.4,588,-0.0287,-0.63,490,0.0329,0.63,3,8,-15.6,-2,9,11,20
1078,-0.0107,0.417,0.976,-0.31,135.8,32.4,588,-0.0423,-0.93,490,0.0272,0.52,4,8,-16.4,-2,9,11,21
1264,-0.0355,0.404,0.779,-3.04,159.2,48.6,674,-0.024,-1.41,590,-0.0486,-3.1,1,8,-12.5,-2,9,12,12
1264,0.0025,0.457,1.009,0.11,159.2,23.0,674,0.0094,0.32,590,-0.0054,-0.16,3,8,-11.7,-2,9,12,14
1264,-0.0061,0.442,0.984,-0.21,159.2,32.5,674,-0.0421,-1.14,590,0.0351,0.8,3,8,-21.4,-2,9,12,16
1264,-0.0027,0.453,0.993,-0.09,159.2,29.0,674,-0.0317,-0.82,590,0.0304,0.68,3,8,-18.0,-2,9,12,17
1264,0.0076,0.43,1.019,0.25,159.2,27.7,674,-0.0277,-0.69,590,0.0481,1.05,3,8,-10.8,-2,9,12,18
1264,0.0133,0.42,1.031,0.42,159.2,23.2,674,-0.0177,-0.42,590,0.0487,1.01,3,8,-9.0,-2,9,12,20
1264,0.0063,0.425,1.014,0.2,159.2,25.4,674,-0.0291,-0.69,590,0.0466,0.96,3,8,-10.8,-2,9,12,21
1462,-0.006,0.452,0.979,-0.3,184.1,32.5,765,-0.0026,-0.1,697,-0.0097,-0.33,4,8,-15.9,-2,9,13,14
1462,-0.0086,0.44,0.977,-0.33,184.1,34.9,765,-0.0427,-1.25,697,0.0288,0.73,3,8,-23.8,-2,9,13,16
1462,-0.0075,0.453,0.981,-0.28,184.1,32.2,765,-0.0289,-0.81,697,0.0159,0.4,4,8,-20.2,-2,9,13,17
1462,0.0005,0.432,1.001,0.02,184.1,30.6,765,-0.0271,-0.73,697,0.0308,0.75,3,8,-16.6,-2,9,13,18
1462,0.0023,0.42,1.005,0.08,184.1,27.4,765,-0.0201,-0.52,697,0.0268,0.62,3,8,-19.1,-2,9,13,20
1462,-0.0067,0.425,0.985,-0.23,184.1,30.9,765,-0.0321,-0.82,697,0.0211,0.49,4,8,-18.6,-2,9,13,21
1725,-0.0114,0.442,0.958,-0.65,217.3,34.7,903,-0.0122,-0.52,822,-0.0105,-0.39,2,8,-20.0,-2,9,14,14
1842,-0.0117,0.439,0.968,-0.52,232.0,45.4,970,-0.035,-1.19,872,0.0142,0.41,3,8,-32.8,-2,9,15,16
1842,-0.0045,0.45,0.988,-0.19,232.0,39.6,970,-0.0181,-0.58,872,0.0107,0.3,4,8,-28.2,-2,9,15,17
1842,0.0027,0.432,1.007,0.11,232.0,35.5,970,-0.0193,-0.6,872,0.0271,0.74,4,8,-25.0,-2,9,15,18
1842,-0.0007,0.42,0.998,-0.03,232.0,37.0,970,-0.0189,-0.56,872,0.0196,0.51,3,8,-26.3,-2,9,15,20
1842,-0.0116,0.421,0.973,-0.45,232.0,43.2,970,-0.0316,-0.93,872,0.0106,0.28,4,8,-26.1,-2,9,15,21
1766,-0.0422,0.459,0.877,-2.14,222.4,81.1,978,-0.0449,-1.68,788,-0.0389,-1.33,1,8,-19.1,-1,5,9,12
1766,-0.0108,0.421,0.976,-0.39,222.4,40.1,978,-0.0093,-0.26,788,-0.0126,-0.3,5,8,-22.0,-1,5,9,14
1766,-0.0097,0.388,0.982,-0.29,222.4,46.1,978,-0.0292,-0.68,788,0.0146,0.28,4,8,-31.2,-1,5,9,16
1766,0.0066,0.391,1.012,0.19,222.4,33.8,978,-0.0114,-0.25,788,0.0289,0.53,5,8,-27.8,-1,5,9,17
1766,0.0167,0.388,1.03,0.46,222.4,33.5,978,-0.0133,-0.29,788,0.054,0.93,7,8,-29.1,-1,5,9,18
1766,0.0108,0.374,1.019,0.29,222.4,37.3,978,-0.0171,-0.36,788,0.0454,0.77,7,8,-26.4,-1,5,9,20
1766,0.0144,0.371,1.025,0.38,222.4,40.6,978,-0.0206,-0.43,788,0.0579,0.96,6,8,-27.1,-1,5,9,21
1829,-0.041,0.458,0.879,-2.13,230.4,82.0,1012,-0.0457,-1.75,817,-0.0352,-1.23,0,8,-18.3,-1,5,10,12
1829,-0.0086,0.423,0.98,-0.32,230.4,38.0,1012,-0.0101,-0.29,817,-0.0068,-0.16,5,8,-22.2,-1,5,10,14
1829,-0.0101,0.39,0.981,-0.31,230.4,44.5,1012,-0.0337,-0.81,817,0.0191,0.38,4,8,-31.5,-1,5,10,16
1829,0.0068,0.393,1.013,0.2,230.4,35.5,1012,-0.0162,-0.37,817,0.0354,0.66,5,8,-27.9,-1,5,10,17
1829,0.0155,0.391,1.028,0.44,230.4,35.6,1012,-0.0183,-0.41,817,0.0574,1.02,6,8,-29.3,-1,5,10,18
1829,0.012,0.378,1.021,0.33,230.4,37.3,1012,-0.0207,-0.45,817,0.0525,0.91,6,8,-24.8,-1,5,10,20
1829,0.0149,0.375,1.026,0.4,230.4,40.6,1012,-0.0243,-0.52,817,0.0635,1.07,7,8,-25.7,-1,5,10,21
1869,-0.0407,0.457,0.878,-2.16,235.4,82.2,1027,-0.0459,-1.79,842,-0.0342,-1.23,0,8,-18.3,-1,5,11,12
1869,-0.0082,0.423,0.981,-0.31,235.4,37.1,1027,-0.0124,-0.36,842,-0.0031,-0.07,5,8,-20.4,-1,5,11,14
1869,-0.0105,0.39,0.98,-0.33,235.4,47.1,1027,-0.0344,-0.83,842,0.0186,0.37,4,8,-32.5,-1,5,11,16
1869,0.0073,0.394,1.014,0.22,235.4,37.2,1027,-0.0159,-0.37,842,0.0357,0.68,4,8,-28.9,-1,5,11,17
1869,0.0159,0.392,1.029,0.46,235.4,37.2,1027,-0.0178,-0.4,842,0.0569,1.03,6,8,-30.3,-1,5,11,18
1869,0.013,0.379,1.023,0.36,235.4,38.1,1027,-0.0206,-0.45,842,0.054,0.96,6,8,-25.9,-1,5,11,20
1869,0.0155,0.376,1.027,0.43,235.4,41.3,1027,-0.0246,-0.53,842,0.0644,1.11,7,8,-26.7,-1,5,11,21
1900,-0.0396,0.458,0.88,-2.13,239.3,81.1,1040,-0.0457,-1.8,860,-0.0322,-1.18,0,8,-18.3,-1,5,12,12
1900,-0.009,0.425,0.979,-0.34,239.3,38.6,1040,-0.0123,-0.36,860,-0.0049,-0.12,5,8,-24.0,-1,5,12,14
1900,-0.0129,0.391,0.976,-0.41,239.3,48.5,1040,-0.0327,-0.8,860,0.0111,0.23,4,8,-32.4,-1,5,12,16
1900,0.0067,0.395,1.012,0.2,239.3,35.4,1040,-0.0133,-0.31,860,0.0308,0.6,5,8,-28.5,-1,5,12,17
1900,0.0158,0.392,1.029,0.46,239.3,34.7,1040,-0.0149,-0.34,860,0.053,0.98,6,8,-29.4,-1,5,12,18
1900,0.0146,0.379,1.026,0.41,239.3,35.3,1040,-0.0187,-0.41,860,0.0549,0.99,5,8,-25.5,-1,5,12,20
1900,0.0175,0.378,1.031,0.49,239.3,38.8,1040,-0.022,-0.48,860,0.0653,1.15,7,8,-26.8,-1,5,12,21
1939,-0.0085,0.425,0.98,-0.33,244.2,38.6,1057,-0.0128,-0.38,882,-0.0034,-0.09,5,8,-23.2,-1,5,13,14
1939,-0.0107,0.391,0.979,-0.34,244.2,50.2,1057,-0.0318,-0.79,882,0.0145,0.3,4,8,-33.1,-1,5,13,16
1939,0.0075,0.398,1.014,0.23,244.2,35.4,1057,-0.0127,-0.3,882,0.0317,0.62,5,8,-29.5,-1,5,13,17
1939,0.0165,0.395,1.031,0.49,244.2,34.3,1057,-0.0138,-0.32,882,0.0529,0.99,6,8,-30.1,-1,5,13,18
1939,0.0166,0.382,1.03,0.48,244.2,34.2,1057,-0.0167,-0.37,882,0.0565,1.04,5,8,-25.4,-1,5,13,20
1939,0.0185,0.38,1.033,0.52,244.2,37.9,1057,-0.0216,-0.48,882,0.0665,1.19,7,8,-26.9,-1,5,13,21
1982,-0.0116,0.422,0.973,-0.46,249.6,43.6,1081,-0.0148,-0.45,901,-0.0077,-0.2,5,8,-23.3,-1,5,14,14
2003,-0.0136,0.39,0.974,-0.45,252.3,53.6,1093,-0.0311,-0.79,910,0.0074,0.16,4,8,-34.1,-1,5,15,16
2003,0.0032,0.398,1.006,0.1,252.3,37.5,1093,-0.0141,-0.34,910,0.0239,0.48,4,8,-30.8,-1,5,15,17
2003,0.0126,0.395,1.024,0.38,252.3,36.6,1093,-0.015,-0.35,910,0.0456,0.88,6,8,-31.9,-1,5,15,18
2003,0.0121,0.381,1.022,0.36,252.3,36.1,1093,-0.0191,-0.44,910,0.0495,0.93,5,8,-26.7,-1,5,15,20
2003,0.0137,0.38,1.024,0.4,252.3,39.9,1093,-0.0245,-0.56,910,0.0595,1.09,5,8,-28.3,-1,5,15,21
1688,-0.0555,0.456,0.83,-2.96,212.6,98.4,937,-0.0554,-2.19,751,-0.0555,-1.99,0,8,-23.0,-1,6,9,12
1688,-0.032,0.422,0.926,-1.23,212.6,76.2,937,-0.0211,-0.61,751,-0.0457,-1.15,4,8,-27.1,-1,6,9,14
1688,-0.0261,0.39,0.949,-0.82,212.6,72.8,937,-0.0272,-0.64,751,-0.0249,-0.52,3,8,-39.5,-1,6,9,16
1688,-0.0116,0.399,0.978,-0.35,212.6,54.0,937,-0.0104,-0.24,751,-0.0132,-0.26,4,8,-34.9,-1,6,9,17
1688,0.0013,0.393,1.002,0.04,212.6,50.8,937,-0.0096,-0.21,751,0.0148,0.28,5,8,-36.1,-1,6,9,18
1688,-0.006,0.38,0.989,-0.17,212.6,49.8,937,-0.0102,-0.21,751,-0.0009,-0.02,4,8,-32.3,-1,6,9,20
1688,-0.0002,0.379,1.0,-0.01,212.6,49.1,937,-0.0136,-0.28,751,0.0164,0.29,5,8,-33.4,-1,6,9,21
1776,-0.0522,0.456,0.837,-2.89,223.7,96.8,982,-0.053,-2.17,794,-0.0512,-1.9,0,8,-23.2,-1,6,10,12
1776,-0.0308,0.423,0.928,-1.22,223.7,75.3,982,-0.0205,-0.61,794,-0.0436,-1.13,3,8,-28.2,-1,6,10,14
1776,-0.0286,0.392,0.944,-0.93,223.7,72.5,982,-0.0361,-0.88,794,-0.0194,-0.42,3,8,-40.9,-1,6,10,16
1776,-0.014,0.4,0.973,-0.43,223.7,55.5,982,-0.0195,-0.46,794,-0.0072,-0.14,3,8,-37.0,-1,6,10,17
1776,-0.003,0.395,0.994,-0.09,223.7,54.8,982,-0.0192,-0.43,794,0.017,0.33,4,8,-38.4,-1,6,10,18
1776,-0.0082,0.382,0.985,-0.24,223.7,49.9,982,-0.0181,-0.39,794,0.0039,0.07,5,8,-32.8,-1,6,10,20
1776,-0.0044,0.381,0.992,-0.12,223.7,48.5,982,-0.0227,-0.49,794,0.0183,0.34,5,8,-34.0,-1,6,10,21
1825,-0.0513,0.454,0.837,-2.91,229.9,96.2,1001,-0.0524,-2.19,824,-0.05,-1.92,0,8,-23.3,-1,6,11,12
1825,-0.0266,0.426,0.937,-1.08,229.9,66.9,1001,-0.0195,-0.59,824,-0.0353,-0.94,3,8,-28.5,-1,6,11,14
1825,-0.0258,0.394,0.95,-0.85,229.9,71.3,1001,-0.0342,-0.85,824,-0.0155,-0.34,3,8,-42.0,-1,6,11,16
1825,-0.0107,0.402,0.979,-0.34,229.9,57.1,1001,-0.0169,-0.4,824,-0.0032,-0.07,3,8,-38.4,-1,6,11,17
1825,0.0001,0.397,1.0,0.0,229.9,54.9,1001,-0.0158,-0.36,824,0.0195,0.39,4,8,-39.5,-1,6,11,18
1825,-0.0039,0.385,0.993,-0.12,229.9,46.8,1001,-0.0152,-0.34,824,0.0098,0.19,5,8,-34.1,-1,6,11,20
1825,-0.001,0.384,0.998,-0.03,229.9,49.6,1001,-0.0205,-0.45,824,0.0228,0.43,4,8,-35.4,-1,6,11,21
1867,-0.0499,0.454,0.839,-2.89,235.1,95.6,1018,-0.0524,-2.22,849,-0.0469,-1.84,0,8,-23.1,-1,6,12,12
1867,-0.0242,0.427,0.942,-0.99,235.1,63.4,1018,-0.0183,-0.56,849,-0.0312,-0.84,4,8,-27.5,-1,6,12,14
1867,-0.025,0.394,0.951,-0.84,235.1,70.4,1018,-0.0316,-0.79,849,-0.0171,-0.38,3,8,-41.3,-1,6,12,16
1867,-0.0072,0.404,0.986,-0.23,235.1,56.1,1018,-0.0129,-0.31,849,-0.0003,-0.01,3,8,-37.4,-1,6,12,17
1867,0.002,0.397,1.004,0.06,235.1,56.4,1018,-0.0143,-0.33,849,0.0217,0.43,4,8,-38.3,-1,6,12,18
1867,0.0006,0.386,1.001,0.02,235.1,44.3,1018,-0.0145,-0.33,849,0.0187,0.37,5,8,-32.9,-1,6,12,20
1867,0.0034,0.386,1.006,0.1,235.1,47.0,1018,-0.0193,-0.43,849,0.0305,0.58,5,8,-34.7,-1,6,12,21
1910,-0.0231,0.428,0.945,-0.96,240.6,62.7,1037,-0.0176,-0.55,873,-0.0295,-0.81,4,8,-27.3,-1,6,13,14
1910,-0.0223,0.395,0.956,-0.76,240.6,70.9,1037,-0.03,-0.77,873,-0.013,-0.29,3,8,-42.0,-1,6,13,16
1910,-0.0062,0.407,0.988,-0.2,240.6,56.6,1037,-0.012,-0.29,873,0.0006,0.01,3,8,-39.0,-1,6,13,17
1910,0.0028,0.401,1.005,0.09,240.6,57.0,1037,-0.0128,-0.3,873,0.0215,0.44,4,8,-39.5,-1,6,13,18
1910,0.0028,0.388,1.005,0.09,240.6,43.6,1037,-0.0116,-0.26,873,0.0199,0.4,5,8,-33.4,-1,6,13,20
1910,0.0048,0.388,1.009,0.14,240.6,46.4,1037,-0.0176,-0.4,873,0.0314,0.61,4,8,-35.2,-1,6,13,21
1966,-0.0224,0.426,0.946,-0.95,247.6,60.9,1066,-0.0159,-0.5,900,-0.03,-0.85,2,8,-26.5,-1,6,14,14
1993,-0.0232,0.395,0.953,-0.82,251.0,70.2,1079,-0.0267,-0.7,914,-0.0191,-0.45,3,8,-42.3,-1,6,15,16
1993,-0.0084,0.407,0.983,-0.28,251.0,55.6,1079,-0.0101,-0.25,914,-0.0065,-0.14,3,8,-39.8,-1,6,15,17
1993,0.0008,0.4,1.001,0.02,251.0,53.4,1079,-0.0108,-0.26,914,0.0144,0.31,3,8,-40.3,-1,6,15,18
1993,0.0011,0.388,1.002,0.03,251.0,44.0,1079,-0.0099,-0.23,914,0.014,0.29,5,8,-33.9,-1,6,15,20
1993,0.0022,0.388,1.004,0.07,251.0,49.3,1079,-0.016,-0.37,914,0.0237,0.48,5,8,-36.0,-1,6,15,21
1517,-0.068,0.448,0.769,-3.91,191.1,108.0,831,-0.0671,-2.82,686,-0.0689,-2.72,0,8,-16.4,-1,7,9,12
1517,-0.0366,0.431,0.909,-1.45,191.1,70.3,831,-0.0276,-0.82,686,-0.0475,-1.26,1,8,-18.9,-1,7,9,14
1517,-0.025,0.392,0.949,-0.78,191.1,58.7,831,-0.0333,-0.77,686,-0.015,-0.31,3,8,-29.6,-1,7,9,16
1517,-0.0201,0.403,0.96,-0.61,191.1,57.0,831,-0.0215,-0.48,686,-0.0183,-0.37,3,8,-26.3,-1,7,9,17
1517,-0.0042,0.398,0.992,-0.12,191.1,48.9,831,-0.0141,-0.3,686,0.0078,0.15,3,8,-28.6,-1,7,9,18
1517,-0.0125,0.391,0.976,-0.35,191.1,53.1,831,-0.0178,-0.37,686,-0.006,-0.11,3,8,-26.2,-1,7,9,20
1517,-0.0091,0.385,0.983,-0.25,191.1,52.2,831,-0.0238,-0.49,686,0.0088,0.16,3,8,-26.8,-1,7,9,21
1650,-0.057,0.449,0.801,-3.41,207.8,98.0,905,-0.0515,-2.23,745,-0.0636,-2.64,0,8,-18.6,-1,7,10,12
1650,-0.03,0.434,0.924,-1.25,207.8,65.0,905,-0.0175,-0.54,745,-0.0451,-1.25,1,8,-23.3,-1,7,10,14
1650,-0.0255,0.395,0.948,-0.84,207.8,64.2,905,-0.0368,-0.91,745,-0.0117,-0.26,3,8,-34.9,-1,7,10,16
1650,-0.019,0.407,0.962,-0.6,207.8,62.8,905,-0.0239,-0.56,745,-0.0131,-0.28,3,8,-31.6,-1,7,10,17
1650,-0.0072,0.401,0.986,-0.22,207.8,57.3,905,-0.0215,-0.49,745,0.0103,0.21,3,8,-34.4,-1,7,10,18
1650,-0.013,0.393,0.975,-0.39,207.8,59.1,905,-0.0221,-0.49,745,-0.0019,-0.04,4,8,-29.5,-1,7,10,20
1650,-0.0124,0.388,0.977,-0.36,207.8,59.8,905,-0.0302,-0.66,745,0.0093,0.18,3,8,-30.5,-1,7,10,21
1729,-0.0539,0.449,0.806,-3.37,217.8,97.0,937,-0.0493,-2.2,792,-0.0594,-2.6,0,8,-18.8,-1,7,11,12
1729,-0.0233,0.44,0.94,-1.0,217.8,56.9,937,-0.0149,-0.47,792,-0.0333,-0.96,2,8,-23.8,-1,7,11,14
1729,-0.022,0.398,0.954,-0.75,217.8,62.5,937,-0.0361,-0.91,792,-0.0053,-0.12,3,8,-35.7,-1,7,11,16
1729,-0.0153,0.409,0.969,-0.5,217.8,57.7,937,-0.0231,-0.56,792,-0.0061,-0.13,3,8,-32.5,-1,7,11,17
1729,-0.0033,0.404,0.993,-0.1,217.8,57.7,937,-0.0198,-0.46,792,0.0162,0.34,3,8,-34.7,-1,7,11,18
1729,-0.0071,0.396,0.986,-0.22,217.8,52.9,937,-0.0192,-0.43,792,0.0073,0.15,4,8,-30.5,-1,7,11,20
1729,-0.0066,0.392,0.987,-0.2,217.8,53.7,937,-0.0269,-0.6,792,0.0173,0.35,3,8,-31.5,-1,7,11,21
1789,-0.0527,0.449,0.807,-3.39,225.3,97.9,962,-0.0489,-2.24,827,-0.0571,-2.59,0,8,-19.4,-1,7,12,12
1789,-0.0177,0.442,0.954,-0.77,225.3,47.3,962,-0.0085,-0.27,827,-0.0283,-0.83,3,8,-22.2,-1,7,12,14
1789,-0.019,0.399,0.96,-0.65,225.3,57.5,962,-0.0319,-0.82,827,-0.004,-0.09,3,8,-34.7,-1,7,12,16
1789,-0.0092,0.412,0.981,-0.3,225.3,51.8,962,-0.0174,-0.43,827,0.0005,0.01,3,8,-31.2,-1,7,12,17
1789,0.0015,0.405,1.003,0.05,225.3,55.7,962,-0.0166,-0.39,827,0.0226,0.48,3,8,-33.5,-1,7,12,18
1789,-0.0009,0.396,0.998,-0.03,225.3,47.0,962,-0.017,-0.39,827,0.018,0.38,4,8,-29.9,-1,7,12,20
1789,-0.0008,0.394,0.998,-0.03,225.3,50.0,962,-0.0243,-0.55,827,0.0265,0.54,3,8,-31.7,-1,7,12,21
1853,-0.0175,0.441,0.954,-0.78,233.4,49.2,993,-0.0088,-0.29,860,-0.0275,-0.83,2,8,-22.8,-1,7,13,14
1853,-0.017,0.399,0.964,-0.6,233.4,59.4,993,-0.0294,-0.77,860,-0.0026,-0.06,3,8,-37.5,-1,7,13,16
1853,-0.0082,0.415,0.983,-0.28,233.4,52.6,993,-0.0147,-0.37,860,-0.0007,-0.02,3,8,-34.9,-1,7,13,17
1853,0.0018,0.408,1.004,0.06,233.4,56.7,993,-0.0133,-0.32,860,0.0192,0.42,3,8,-36.7,-1,7,13,18
1853,0.0001,0.399,1.0,0.0,233.4,47.2,993,-0.012,-0.28,860,0.014,0.3,4,8,-32.5,-1,7,13,20
1853,-0.0004,0.397,0.999,-0.01,233.4,50.5,993,-0.0205,-0.48,860,0.0227,0.48,3,8,-34.2,-1,7,13,21
1932,-0.018,0.438,0.952,-0.83,243.3,51.3,1034,-0.0078,-0.26,898,-0.0297,-0.92,3,8,-23.3,-1,7,14,14
1973,-0.0195,0.401,0.958,-0.72,248.5,58.9,1051,-0.0246,-0.67,922,-0.0136,-0.34,3,8,-38.6,-1,7,15,16
1973,-0.0127,0.415,0.974,-0.45,248.5,52.9,1051,-0.0126,-0.33,922,-0.0128,-0.31,3,8,-35.1,-1,7,15,17
1973,-0.0033,0.407,0.993,-0.11,248.5,56.7,1051,-0.013,-0.33,922,0.0078,0.18,3,8,-37.0,-1,7,15,18
1973,-0.0051,0.397,0.99,-0.17,248.5,46.7,1051,-0.014,-0.34,922,0.005,0.11,4,8,-32.9,-1,7,15,20
1973,-0.0068,0.395,0.987,-0.22,248.5,52.4,1051,-0.023,-0.56,922,0.0116,0.26,3,8,-35.1,-1,7,15,21
1086,-0.0769,0.424,0.694,-4.56,136.9,88.1,607,-0.0806,-3.46,479,-0.0722,-2.97,0,8,-13.7,-1,8,9,12
1086,-0.0428,0.435,0.881,-1.61,136.9,59.8,607,-0.0353,-1.04,479,-0.0524,-1.23,1,8,-14.4,-1,8,9,14
1086,-0.0342,0.411,0.925,-0.99,136.9,42.5,607,-0.0372,-0.83,479,-0.0303,-0.56,2,8,-18.0,-1,8,9,16
1086,-0.0309,0.415,0.934,-0.86,136.9,40.2,607,-0.0246,-0.53,479,-0.0389,-0.7,2,8,-14.7,-1,8,9,17
1086,-0.0109,0.41,0.977,-0.29,136.9,36.2,607,-0.0163,-0.33,479,-0.0041,-0.07,2,8,-10.9,-1,8,9,18
1086,-0.0209,0.399,0.958,-0.54,136.9,37.2,607,-0.025,-0.5,479,-0.0156,-0.26,2,8,-12.4,-1,8,9,20
1086,-0.0198,0.401,0.961,-0.5,136.9,36.7,607,-0.0332,-0.66,479,-0.0028,-0.04,2,8,-10.2,-1,8,9,21
1337,-0.0606,0.425,0.748,-3.94,168.4,86.3,740,-0.0544,-2.52,597,-0.0683,-3.16,0,8,-13.6,-1,8,10,12
1337,-0.0384,0.436,0.893,-1.59,168.4,65.2,740,-0.0268,-0.86,597,-0.0527,-1.41,1,8,-22.2,-1,8,10,14
1337,-0.0355,0.414,0.922,-1.15,168.4,52.5,740,-0.0448,-1.12,597,-0.024,-0.5,2,8,-26.6,-1,8,10,16
1337,-0.0331,0.419,0.929,-1.04,168.4,54.8,740,-0.0341,-0.82,597,-0.0319,-0.65,2,8,-23.4,-1,8,10,17
1337,-0.0181,0.412,0.962,-0.55,168.4,48.7,740,-0.031,-0.72,597,-0.0023,-0.04,3,8,-21.4,-1,8,10,18
1337,-0.0231,0.399,0.953,-0.68,168.4,50.5,740,-0.0328,-0.74,597,-0.011,-0.21,2,8,-18.4,-1,8,10,20
1337,-0.0277,0.402,0.945,-0.8,168.4,52.9,740,-0.0445,-1.0,597,-0.0069,-0.13,1,8,-17.1,-1,8,10,21
1473,-0.0567,0.425,0.753,-3.98,185.5,89.5,799,-0.0501,-2.46,674,-0.0646,-3.29,0,8,-15.2,-1,8,11,12
1473,-0.0347,0.439,0.901,-1.54,185.5,66.6,799,-0.0234,-0.78,674,-0.0481,-1.4,1,8,-23.6,-1,8,11,14
1473,-0.032,0.418,0.928,-1.11,185.5,59.2,799,-0.0475,-1.25,674,-0.0138,-0.31,2,8,-26.3,-1,8,11,16
1473,-0.0297,0.42,0.935,-1.0,185.5,58.9,799,-0.0361,-0.91,674,-0.0221,-0.49,3,8,-22.3,-1,8,11,17
1473,-0.0149,0.414,0.968,-0.48,185.5,53.3,799,-0.0333,-0.81,674,0.0069,0.14,3,8,-19.0,-1,8,11,18
1473,-0.0155,0.402,0.968,-0.48,185.5,51.7,799,-0.0341,-0.81,674,0.0065,0.13,3,8,-19.2,-1,8,11,20
1473,-0.0195,0.405,0.96,-0.6,185.5,54.1,799,-0.0441,-1.04,674,0.0096,0.19,2,8,-18.4,-1,8,11,21
1581,-0.0547,0.423,0.753,-4.09,199.1,90.7,850,-0.0493,-2.56,731,-0.061,-3.33,0,8,-16.2,-1,8,12,12
1581,-0.0267,0.443,0.923,-1.22,199.1,56.4,850,-0.016,-0.55,731,-0.0391,-1.17,2,8,-19.6,-1,8,12,14
1581,-0.0245,0.422,0.944,-0.87,199.1,47.5,850,-0.0419,-1.14,731,-0.0043,-0.1,3,8,-21.8,-1,8,12,16
1581,-0.0183,0.427,0.96,-0.63,199.1,44.7,850,-0.0274,-0.71,731,-0.0077,-0.17,3,8,-19.8,-1,8,12,17
1581,-0.0047,0.416,0.99,-0.15,199.1,41.1,850,-0.0253,-0.64,731,0.0193,0.42,3,8,-16.7,-1,8,12,18
1581,-0.0039,0.405,0.992,-0.13,199.1,40.5,850,-0.0249,-0.61,731,0.0205,0.42,4,8,-20.7,-1,8,12,20
1581,-0.0077,0.41,0.984,-0.24,199.1,43.6,850,-0.0345,-0.84,731,0.0234,0.48,3,8,-19.2,-1,8,12,21
1700,-0.0238,0.444,0.93,-1.14,214.1,55.7,900,-0.0193,-0.7,800,-0.029,-0.92,2,8,-17.4,-1,8,13,14
1700,-0.0179,0.426,0.959,-0.67,214.1,37.0,900,-0.0397,-1.13,800,0.0067,0.16,3,8,-22.5,-1,8,13,16
1700,-0.0111,0.434,0.975,-0.4,214.1,35.6,900,-0.0212,-0.58,800,0.0003,0.01,4,8,-22.5,-1,8,13,17
1700,0.0,0.423,1.0,0.0,214.1,32.4,900,-0.0202,-0.53,800,0.0228,0.52,3,8,-19.9,-1,8,13,18
1700,-0.0026,0.409,0.994,-0.09,214.1,36.4,900,-0.0224,-0.57,800,0.0196,0.43,3,8,-25.6,-1,8,13,20
1700,-0.0081,0.415,0.983,-0.27,214.1,40.5,900,-0.0329,-0.83,800,0.0197,0.43,4,8,-24.1,-1,8,13,21
1853,-0.0255,0.436,0.923,-1.3,233.4,60.1,975,-0.0229,-0.87,878,-0.0284,-0.97,2,8,-16.1,-1,8,14,14
1924,-0.0205,0.426,0.951,-0.83,242.3,44.6,1010,-0.0408,-1.25,914,0.0018,0.05,3,8,-30.3,-1,8,15,16
1924,-0.0134,0.432,0.969,-0.52,242.3,43.5,1010,-0.0234,-0.68,914,-0.0023,-0.06,4,8,-31.4,-1,8,15,17
1924,-0.0054,0.419,0.988,-0.2,242.3,42.3,1010,-0.0257,-0.72,914,0.017,0.43,3,8,-30.4,-1,8,15,18
1924,-0.0112,0.405,0.976,-0.41,242.3,51.4,1010,-0.0311,-0.85,914,0.0108,0.26,3,8,-35.9,-1,8,15,20
1924,-0.0177,0.409,0.963,-0.64,242.3,57.4,1010,-0.0414,-1.12,914,0.0085,0.2,3,8,-34.4,-1,8,15,21
819,-0.0457,0.396,0.755,-2.81,103.2,40.6,467,-0.0251,-1.1,352,-0.0731,-3.23,1,8,-10.3,-1,9,10,12
819,-0.0263,0.441,0.916,-0.96,103.2,29.3,467,-0.0143,-0.4,352,-0.0423,-0.98,2,8,-9.2,-1,9,10,14
819,-0.032,0.421,0.922,-0.89,103.2,30.6,467,-0.0553,-1.22,352,-0.001,-0.02,3,8,-18.7,-1,9,10,16
819,-0.0297,0.446,0.929,-0.81,103.2,29.9,467,-0.0468,-0.99,352,-0.007,-0.12,3,8,-18.5,-1,9,10,17
819,-0.0237,0.429,0.945,-0.63,103.2,31.7,467,-0.0496,-1.03,352,0.0106,0.18,3,8,-18.9,-1,9,10,18
819,-0.0222,0.414,0.951,-0.57,103.2,29.4,467,-0.0438,-0.88,352,0.0065,0.1,3,8,-18.5,-1,9,10,20
819,-0.0353,0.416,0.923,-0.91,103.2,37.6,467,-0.0624,-1.26,352,0.0006,0.01,2,8,-19.3,-1,9,10,21
1080,-0.0363,0.407,0.789,-2.71,136.0,43.6,589,-0.022,-1.14,491,-0.0535,-2.92,1,8,-10.7,-1,9,11,12
1080,-0.0085,0.455,0.972,-0.36,136.0,27.2,589,-0.0045,-0.15,491,-0.0132,-0.37,3,8,-10.2,-1,9,11,14
1080,-0.0167,0.434,0.957,-0.55,136.0,30.5,589,-0.0568,-1.43,491,0.0314,0.67,3,8,-19.0,-1,9,11,16
1080,-0.0165,0.443,0.96,-0.53,136.0,31.8,589,-0.0452,-1.09,491,0.018,0.38,3,8,-18.3,-1,9,11,17
1080,-0.0023,0.431,0.995,-0.07,136.0,30.9,589,-0.0385,-0.89,491,0.0412,0.84,3,8,-16.5,-1,9,11,18
1080,0.0015,0.418,1.003,0.04,136.0,27.3,589,-0.0285,-0.63,491,0.0374,0.72,3,8,-15.2,-1,9,11,20
1080,-0.0087,0.417,0.981,-0.25,136.0,32.1,589,-0.0421,-0.93,491,0.0315,0.6,4,8,-16.0,-1,9,11,21
1269,-0.0349,0.405,0.783,-2.98,159.8,48.1,676,-0.0236,-1.38,593,-0.0477,-3.02,1,8,-12.7,-1,9,12,12
1269,0.0067,0.459,1.024,0.31,159.8,22.2,676,0.0112,0.39,593,0.0017,0.05,4,8,-11.0,-1,9,12,14
1269,-0.0018,0.444,0.995,-0.06,159.8,31.7,676,-0.0415,-1.12,593,0.0434,0.99,3,8,-20.3,-1,9,12,16
1269,0.0011,0.454,1.003,0.04,159.8,28.5,676,-0.0311,-0.81,593,0.0377,0.85,3,8,-17.0,-1,9,12,17
1269,0.0119,0.431,1.029,0.39,159.8,28.7,676,-0.0271,-0.67,593,0.0564,1.22,3,8,-9.6,-1,9,12,18
1269,0.0179,0.422,1.042,0.56,159.8,24.0,676,-0.0174,-0.41,593,0.0581,1.2,4,8,-8.5,-1,9,12,20
1269,0.0109,0.426,1.025,0.34,159.8,25.4,676,-0.0288,-0.68,593,0.0562,1.15,4,8,-11.8,-1,9,12,21
1465,-0.0033,0.452,0.988,-0.17,184.5,32.0,767,-0.0,-0.0,698,-0.0069,-0.23,4,8,-15.2,-1,9,13,14
1465,-0.0056,0.441,0.985,-0.21,184.5,34.2,767,-0.0394,-1.15,698,0.0316,0.8,3,8,-22.5,-1,9,13,16
1465,-0.0045,0.453,0.989,-0.17,184.5,31.8,767,-0.0258,-0.72,698,0.0189,0.47,4,8,-19.3,-1,9,13,17
1465,0.0038,0.431,1.009,0.14,184.5,31.0,767,-0.0236,-0.63,698,0.034,0.82,3,8,-16.1,-1,9,13,18
1465,0.0056,0.42,1.013,0.19,184.5,28.0,767,-0.0164,-0.42,698,0.0299,0.69,3,8,-18.7,-1,9,13,20
1465,-0.0035,0.425,0.992,-0.12,184.5,30.9,767,-0.0286,-0.73,698,0.024,0.55,4,8,-18.2,-1,9,13,21
1728,-0.0088,0.443,0.967,-0.5,217.6,33.8,905,-0.0098,-0.42,823,-0.0078,-0.29,2,8,-19.1,-1,9,14,14
1843,-0.0088,0.44,0.976,-0.39,232.1,44.2,970,-0.0321,-1.09,873,0.0171,0.49,3,8,-31.4,-1,9,15,16
1843,-0.0014,0.45,0.996,-0.06,232.1,38.4,970,-0.015,-0.48,873,0.0136,0.38,4,8,-26.7,-1,9,15,17
1843,0.0061,0.432,1.016,0.25,232.1,35.0,970,-0.0159,-0.49,873,0.0306,0.83,4,8,-24.5,-1,9,15,18
1843,0.0023,0.42,1.006,0.09,232.1,36.6,970,-0.0157,-0.46,873,0.0224,0.58,3,8,-25.9,-1,9,15,20
1843,-0.0087,0.422,0.98,-0.34,232.1,40.5,970,-0.0285,-0.83,873,0.0134,0.34,4,8,-25.7,-1,9,15,21
1821,-0.0376,0.457,0.897,-1.82,229.4,77.0,994,-0.0384,-1.36,827,-0.0367,-1.2,1,8,-24.4,0,5,9,12
1821,0.0009,0.42,1.002,0.03,229.4,44.3,994,0.0098,0.26,827,-0.0099,-0.23,5,8,-17.7,0,5,9,14
1821,0.0105,0.382,1.019,0.3,229.4,45.0,994,0.0002,0.0,827,0.023,0.43,3,8,-33.4,0,5,9,16
1821,0.0259,0.386,1.046,0.72,229.4,38.3,994,0.0162,0.35,827,0.0376,0.67,6,8,-31.5,0,5,9,17
1821,0.0396,0.383,1.07,1.04,229.4,38.2,994,0.0164,0.34,827,0.0675,1.13,7,8,-33.2,0,5,9,18
1821,0.0365,0.368,1.062,0.94,229.4,36.5,994,0.0146,0.29,827,0.0628,1.03,7,8,-26.4,0,5,9,20
1821,0.0407,0.365,1.069,1.02,229.4,38.3,994,0.0115,0.23,827,0.0759,1.21,7,8,-25.9,0,5,9,21
1876,-0.0359,0.457,0.9,-1.77,236.3,77.6,1019,-0.0384,-1.39,857,-0.033,-1.11,1,8,-22.6,0,5,10,12
1876,0.0014,0.42,1.003,0.05,236.3,45.1,1019,0.0067,0.18,857,-0.0049,-0.12,5,8,-19.0,0,5,10,14
1876,0.01,0.383,1.018,0.29,236.3,43.3,1019,-0.0051,-0.12,857,0.0281,0.53,3,8,-35.9,0,5,10,16
1876,0.025,0.386,1.045,0.7,236.3,37.9,1019,0.0091,0.2,857,0.0439,0.79,7,8,-34.2,0,5,10,17
1876,0.0368,0.383,1.065,0.99,236.3,40.9,1019,0.0087,0.18,857,0.0701,1.21,7,8,-35.7,0,5,10,18
1876,0.0344,0.369,1.059,0.9,236.3,36.6,1019,0.0063,0.13,857,0.0679,1.14,7,8,-28.1,0,5,10,20
1876,0.0377,0.367,1.064,0.97,236.3,38.7,1019,0.0037,0.07,857,0.0782,1.27,7,8,-27.7,0,5,10,21
1905,-0.035,0.457,0.902,-1.75,239.9,77.0,1030,-0.0388,-1.42,875,-0.0305,-1.04,1,8,-21.4,0,5,11,12
1905,0.0036,0.42,1.008,0.13,239.9,43.1,1030,0.0057,0.16,875,0.0011,0.03,5,8,-20.8,0,5,11,14
1905,0.0092,0.382,1.017,0.27,239.9,42.3,1030,-0.0054,-0.12,875,0.0264,0.51,4,8,-37.9,0,5,11,16
1905,0.025,0.386,1.045,0.71,239.9,41.0,1030,0.0101,0.22,875,0.0424,0.78,6,8,-36.3,0,5,11,17
1905,0.0361,0.384,1.064,0.98,239.9,42.9,1030,0.0101,0.21,875,0.0668,1.17,7,8,-37.7,0,5,11,18
1905,0.0341,0.37,1.058,0.91,239.9,39.4,1030,0.0073,0.15,875,0.0656,1.12,7,8,-30.1,0,5,11,20
1905,0.0371,0.367,1.063,0.96,239.9,41.7,1030,0.0047,0.1,875,0.0753,1.25,7,8,-29.7,0,5,11,21
1933,-0.0353,0.458,0.9,-1.79,243.5,77.6,1044,-0.0391,-1.45,889,-0.0309,-1.07,1,8,-21.1,0,5,12,12
1933,0.0032,0.421,1.007,0.12,243.5,42.4,1044,0.0044,0.12,889,0.0019,0.04,5,8,-19.9,0,5,12,14
1933,0.0089,0.383,1.016,0.27,243.5,40.3,1044,-0.0041,-0.09,889,0.0242,0.47,4,8,-36.8,0,5,12,16
1933,0.0266,0.388,1.048,0.76,243.5,39.2,1044,0.0125,0.28,889,0.043,0.8,7,8,-34.8,0,5,12,17
1933,0.0378,0.385,1.067,1.04,243.5,41.0,1044,0.0127,0.27,889,0.0673,1.19,7,8,-35.8,0,5,12,18
1933,0.0374,0.371,1.064,1.0,243.5,37.2,1044,0.0085,0.18,889,0.0713,1.23,7,8,-28.7,0,5,12,20
1933,0.0411,0.37,1.07,1.08,243.5,39.3,1044,0.0069,0.14,889,0.0813,1.36,7,8,-28.7,0,5,12,21
1966,0.0037,0.422,1.008,0.14,247.6,39.6,1057,0.0044,0.12,909,0.0029,0.07,5,8,-19.7,0,5,13,14
1966,0.0083,0.383,1.015,0.25,247.6,39.5,1057,-0.002,-0.05,909,0.0202,0.4,4,8,-36.2,0,5,13,16
1966,0.0245,0.389,1.044,0.72,247.6,37.8,1057,0.0144,0.32,909,0.0362,0.69,6,8,-34.5,0,5,13,17
1966,0.0355,0.386,1.063,0.99,247.6,40.9,1057,0.0146,0.31,909,0.0598,1.08,7,8,-35.2,0,5,13,18
1966,0.0366,0.372,1.063,1.0,247.6,36.3,1057,0.0116,0.24,909,0.0656,1.15,7,8,-27.3,0,5,13,20
1966,0.0396,0.371,1.068,1.05,247.6,37.4,1057,0.0087,0.18,909,0.0755,1.29,7,8,-27.5,0,5,13,21
1998,0.001,0.419,1.002,0.04,251.6,39.6,1077,0.003,0.08,921,-0.0013,-0.03,5,8,-19.7,0,5,14,14
2014,0.0062,0.383,1.012,0.19,253.7,41.6,1087,-0.0015,-0.04,927,0.0153,0.31,4,8,-36.8,0,5,15,16
2014,0.022,0.39,1.04,0.65,253.7,39.7,1087,0.0148,0.34,927,0.0304,0.58,6,8,-35.6,0,5,15,17
2014,0.0336,0.387,1.06,0.96,253.7,42.0,1087,0.0155,0.34,927,0.0548,1.0,7,8,-36.2,0,5,15,18
2014,0.0334,0.373,1.058,0.93,253.7,38.2,1087,0.011,0.24,927,0.0596,1.06,7,8,-29.1,0,5,15,20
2014,0.0359,0.372,1.062,0.98,253.7,39.8,1087,0.0075,0.16,927,0.0692,1.2,7,8,-29.8,0,5,15,21
1745,-0.0524,0.456,0.848,-2.69,219.8,95.7,959,-0.0539,-2.04,786,-0.0506,-1.74,0,8,-19.9,0,6,9,12
1745,-0.0235,0.42,0.948,-0.87,219.8,70.0,959,-0.0102,-0.28,786,-0.0396,-0.98,4,8,-26.4,0,6,9,14
1745,-0.01,0.386,0.981,-0.3,219.8,71.1,959,-0.0068,-0.15,786,-0.014,-0.28,3,8,-41.7,0,6,9,16
1745,0.0037,0.394,1.007,0.11,219.8,50.9,959,0.0071,0.15,786,-0.0004,-0.01,3,8,-38.1,0,6,9,17
1745,0.0193,0.387,1.035,0.53,219.8,45.2,959,0.0082,0.17,786,0.0327,0.59,7,8,-39.6,0,6,9,18
1745,0.0167,0.375,1.029,0.45,219.8,42.3,959,0.0086,0.17,786,0.0266,0.47,7,8,-32.5,0,6,9,20
1745,0.0215,0.375,1.037,0.56,219.8,44.8,959,0.0049,0.1,786,0.0417,0.71,6,8,-32.3,0,6,9,21
1824,-0.0488,0.456,0.856,-2.58,229.7,92.6,995,-0.0504,-1.96,829,-0.0469,-1.67,0,8,-20.7,0,6,10,12
1824,-0.0232,0.42,0.948,-0.88,229.7,69.2,995,-0.011,-0.31,829,-0.0377,-0.96,5,8,-29.4,0,6,10,14
1824,-0.0121,0.386,0.977,-0.38,229.7,67.4,995,-0.0164,-0.38,829,-0.007,-0.14,3,8,-45.4,0,6,10,16
1824,0.0006,0.393,1.001,0.02,229.7,47.4,995,-0.0039,-0.09,829,0.0061,0.12,4,8,-42.8,0,6,10,17
1824,0.0138,0.387,1.025,0.39,229.7,47.7,995,-0.0035,-0.07,829,0.0345,0.64,6,8,-44.2,0,6,10,18
1824,0.0112,0.374,1.02,0.31,229.7,44.0,995,-0.0035,-0.07,829,0.029,0.53,7,8,-36.2,0,6,10,20
1824,0.0142,0.375,1.025,0.38,229.7,46.4,995,-0.0078,-0.16,829,0.0405,0.72,7,8,-36.1,0,6,10,21
1862,-0.0472,0.455,0.859,-2.53,234.5,91.3,1011,-0.0499,-1.97,851,-0.0439,-1.6,0,8,-21.3,0,6,11,12
1862,-0.0176,0.423,0.96,-0.68,234.5,57.6,1011,-0.0087,-0.25,851,-0.0282,-0.73,5,8,-30.7,0,6,11,14
1862,-0.0098,0.387,0.982,-0.31,234.5,63.2,1011,-0.0133,-0.31,851,-0.0056,-0.12,4,8,-47.5,0,6,11,16
1862,0.0042,0.395,1.008,0.13,234.5,49.2,1011,0.0015,0.03,851,0.0073,0.15,4,8,-45.2,0,6,11,17
1862,0.0174,0.389,1.032,0.5,234.5,50.5,1011,0.0036,0.08,851,0.0337,0.64,6,8,-46.3,0,6,11,18
1862,0.0149,0.377,1.026,0.42,234.5,46.4,1011,0.0031,0.06,851,0.029,0.54,5,8,-38.6,0,6,11,20
1862,0.0172,0.378,1.03,0.47,234.5,49.8,1011,-0.0012,-0.03,851,0.0392,0.71,7,8,-38.5,0,6,11,21
1901,-0.0472,0.455,0.857,-2.59,239.4,93.2,1029,-0.0504,-2.02,872,-0.0434,-1.62,0,8,-21.1,0,6,12,12
1901,-0.0148,0.423,0.966,-0.58,239.4,55.6,1029,-0.0089,-0.26,872,-0.0218,-0.57,4,8,-29.2,0,6,12,14
1901,-0.0072,0.388,0.986,-0.23,239.4,59.8,1029,-0.011,-0.26,872,-0.0027,-0.06,4,8,-45.7,0,6,12,16
1901,0.0092,0.397,1.017,0.28,239.4,47.1,1029,0.0053,0.12,872,0.0137,0.27,5,8,-43.1,0,6,12,17
1901,0.0205,0.39,1.037,0.59,239.4,47.7,1029,0.0049,0.11,872,0.0388,0.74,6,8,-44.0,0,6,12,18
1901,0.0196,0.378,1.035,0.56,239.4,42.5,1029,0.0031,0.07,872,0.0391,0.73,6,8,-36.3,0,6,12,20
1901,0.0226,0.38,1.039,0.63,239.4,45.1,1029,-0.0004,-0.01,872,0.0496,0.9,7,8,-36.7,0,6,12,21
1938,-0.0137,0.424,0.969,-0.54,244.1,53.4,1044,-0.0076,-0.22,894,-0.0207,-0.55,4,8,-28.8,0,6,13,14
1938,-0.0073,0.388,0.986,-0.24,244.1,63.8,1044,-0.0083,-0.2,894,-0.0063,-0.13,4,8,-45.0,0,6,13,16
1938,0.0072,0.398,1.013,0.22,244.1,47.9,1044,0.0076,0.18,894,0.0067,0.14,5,8,-43.4,0,6,13,17
1938,0.0182,0.391,1.033,0.54,244.1,46.6,1044,0.0074,0.16,894,0.0308,0.6,5,8,-43.8,0,6,13,18
1938,0.019,0.379,1.034,0.55,244.1,41.3,1044,0.0073,0.16,894,0.0328,0.63,6,8,-35.4,0,6,13,20
1938,0.0215,0.381,1.038,0.61,244.1,43.4,1044,0.003,0.06,894,0.0432,0.8,7,8,-35.7,0,6,13,21
1984,-0.0129,0.423,0.97,-0.52,249.9,50.9,1070,-0.0055,-0.17,914,-0.0215,-0.58,3,8,-28.2,0,6,14,14
2005,-0.008,0.388,0.985,-0.27,252.5,63.7,1081,-0.0055,-0.14,924,-0.011,-0.24,4,8,-44.9,0,6,15,16
2005,0.0061,0.4,1.011,0.19,252.5,50.3,1081,0.0107,0.26,924,0.0007,0.01,5,8,-43.9,0,6,15,17
2005,0.0175,0.393,1.032,0.53,252.5,48.5,1081,0.011,0.25,924,0.0251,0.5,6,8,-43.9,0,6,15,18
2005,0.0177,0.38,1.032,0.52,252.5,43.4,1081,0.0104,0.23,924,0.0262,0.51,6,8,-36.4,0,6,15,20
2005,0.0192,0.382,1.034,0.56,252.5,47.8,1081,0.0059,0.13,924,0.0348,0.66,6,8,-37.4,0,6,15,21
1574,-0.0626,0.45,0.796,-3.48,198.2,102.8,853,-0.0675,-2.73,721,-0.0567,-2.16,0,8,-16.5,0,7,9,12
1574,-0.0288,0.431,0.931,-1.11,198.2,62.0,853,-0.0207,-0.58,721,-0.0384,-1.0,1,8,-18.3,0,7,9,14
1574,-0.009,0.391,0.982,-0.27,198.2,49.8,853,-0.0116,-0.26,721,-0.006,-0.12,4,8,-29.3,0,7,9,16
1574,-0.0036,0.4,0.993,-0.11,198.2,43.0,853,-0.002,-0.04,721,-0.0056,-0.11,3,8,-25.0,0,7,9,17
1574,0.0131,0.394,1.025,0.36,198.2,40.0,853,0.0026,0.05,721,0.0255,0.48,4,8,-28.0,0,7,9,18
1574,0.0094,0.389,1.017,0.26,198.2,38.6,853,0.0019,0.04,721,0.0182,0.34,4,8,-23.4,0,7,9,20
1574,0.0119,0.384,1.022,0.32,198.2,39.9,853,-0.0057,-0.11,721,0.0327,0.58,5,8,-23.6,0,7,9,21
1702,-0.0531,0.452,0.823,-3.06,214.4,93.8,920,-0.0509,-2.12,782,-0.0556,-2.23,1,8,-18.5,0,7,10,12
1702,-0.0241,0.433,0.942,-0.97,214.4,57.7,920,-0.0108,-0.32,782,-0.0397,-1.08,2,8,-24.7,0,7,10,14
1702,-0.0124,0.394,0.975,-0.39,214.4,56.8,920,-0.0191,-0.45,782,-0.0044,-0.09,3,8,-37.4,0,7,10,16
1702,-0.0073,0.401,0.986,-0.22,214.4,51.4,920,-0.0107,-0.24,782,-0.0032,-0.07,3,8,-34.1,0,7,10,17
1702,0.0056,0.395,1.011,0.16,214.4,48.3,920,-0.0099,-0.22,782,0.0238,0.47,3,8,-37.3,0,7,10,18
1702,0.0014,0.388,1.003,0.04,214.4,47.0,920,-0.0112,-0.24,782,0.0162,0.31,4,8,-31.0,0,7,10,20
1702,0.0012,0.385,1.002,0.03,214.4,47.0,920,-0.0203,-0.43,782,0.0265,0.5,3,8,-31.3,0,7,10,21
1776,-0.0501,0.452,0.829,-3.0,223.7,92.9,952,-0.0498,-2.14,824,-0.0504,-2.11,0,8,-19.3,0,7,11,12
1776,-0.0166,0.438,0.959,-0.69,223.7,49.2,952,-0.0074,-0.22,824,-0.0273,-0.77,2,8,-26.2,0,7,11,14
1776,-0.0095,0.396,0.981,-0.31,223.7,56.0,952,-0.0184,-0.44,824,0.0007,0.02,3,8,-39.2,0,7,11,16
1776,-0.0035,0.403,0.993,-0.11,223.7,50.7,952,-0.0082,-0.19,824,0.0019,0.04,3,8,-36.1,0,7,11,17
1776,0.0099,0.398,1.019,0.3,223.7,47.1,952,-0.0053,-0.12,824,0.0274,0.56,3,8,-38.6,0,7,11,18
1776,0.0063,0.391,1.012,0.19,223.7,46.2,952,-0.0058,-0.13,824,0.0203,0.41,5,8,-33.0,0,7,11,20
1776,0.0065,0.39,1.012,0.19,223.7,48.4,952,-0.0138,-0.29,824,0.0299,0.58,5,8,-33.4,0,7,11,21
1828,-0.0502,0.451,0.825,-3.09,230.2,95.3,976,-0.0502,-2.21,852,-0.0502,-2.17,0,8,-19.6,0,7,12,12
1828,-0.0147,0.438,0.964,-0.62,230.2,44.0,976,-0.0068,-0.21,852,-0.0239,-0.68,4,8,-25.6,0,7,12,14
1828,-0.0094,0.396,0.981,-0.31,230.2,57.2,976,-0.0188,-0.46,852,0.0015,0.03,3,8,-39.4,0,7,12,16
1828,-0.0009,0.404,0.998,-0.03,230.2,51.2,976,-0.0071,-0.17,852,0.0062,0.13,3,8,-36.6,0,7,12,17
1828,0.0105,0.398,1.02,0.32,230.2,53.2,976,-0.0068,-0.15,852,0.0303,0.63,3,8,-39.2,0,7,12,18
1828,0.0078,0.391,1.015,0.23,230.2,43.5,976,-0.0082,-0.18,852,0.0261,0.53,4,8,-33.9,0,7,12,20
1828,0.0088,0.39,1.016,0.26,230.2,44.9,976,-0.0148,-0.32,852,0.0359,0.71,5,8,-34.8,0,7,12,21
1886,-0.0139,0.438,0.965,-0.59,237.5,44.9,1002,-0.0055,-0.17,884,-0.0234,-0.68,5,8,-25.9,0,7,13,14
1886,-0.0091,0.397,0.982,-0.31,237.5,59.5,1002,-0.0141,-0.35,884,-0.0034,-0.08,3,8,-40.8,0,7,13,16
1886,-0.0019,0.406,0.996,-0.06,237.5,54.6,1002,-0.0019,-0.05,884,-0.0019,-0.04,3,8,-39.1,0,7,13,17
1886,0.0091,0.4,1.018,0.28,237.5,57.5,1002,-0.0009,-0.02,884,0.0204,0.43,3,8,-41.7,0,7,13,18
1886,0.0075,0.392,1.014,0.23,237.5,46.4,1002,-0.0003,-0.01,884,0.0164,0.34,4,8,-35.6,0,7,13,20
1886,0.0081,0.393,1.015,0.24,237.5,47.3,1002,-0.008,-0.18,884,0.0262,0.53,4,8,-36.7,0,7,13,21
1953,-0.0126,0.436,0.968,-0.55,246.0,42.3,1038,-0.0042,-0.14,915,-0.0222,-0.66,4,8,-26.3,0,7,14,14
1984,-0.0095,0.398,0.98,-0.33,249.9,60.6,1052,-0.0114,-0.3,932,-0.0073,-0.17,3,8,-41.4,0,7,15,16
1984,-0.003,0.407,0.994,-0.1,249.9,56.1,1052,0.0003,0.01,932,-0.0068,-0.16,3,8,-38.8,0,7,15,17
1984,0.0076,0.4,1.015,0.25,249.9,57.9,1052,0.0001,0.0,932,0.0161,0.36,3,8,-40.7,0,7,15,18
1984,0.005,0.391,1.01,0.16,249.9,46.9,1052,-0.0017,-0.04,932,0.0127,0.28,4,8,-36.0,0,7,15,20
1984,0.0044,0.392,1.008,0.14,249.9,51.2,1052,-0.0096,-0.22,932,0.0201,0.42,4,8,-37.7,0,7,15,21
1130,-0.0749,0.428,0.712,-4.36,142.4,88.9,629,-0.085,-3.58,501,-0.0623,-2.52,0,8,-14.7,0,8,9,12
1130,-0.0353,0.435,0.905,-1.29,142.4,53.5,629,-0.0245,-0.7,501,-0.0488,-1.13,2,8,-19.9,0,8,9,14
1130,-0.0204,0.412,0.956,-0.57,142.4,40.2,629,-0.0095,-0.2,501,-0.0341,-0.62,3,8,-18.0,0,8,9,16
1130,-0.0195,0.412,0.959,-0.53,142.4,41.9,629,-0.0025,-0.05,501,-0.0408,-0.73,3,8,-17.3,0,8,9,17
1130,0.002,0.406,1.004,0.05,142.4,41.4,629,0.0046,0.09,501,-0.0013,-0.02,4,8,-13.3,0,8,9,18
1130,-0.0031,0.397,0.994,-0.08,142.4,39.7,629,0.0006,0.01,501,-0.0077,-0.13,4,8,-13.5,0,8,9,20
1130,-0.0034,0.399,0.993,-0.08,142.4,37.6,629,-0.0108,-0.21,501,0.0059,0.09,3,8,-11.0,0,8,9,21
1379,-0.0584,0.429,0.765,-3.72,173.7,84.3,757,-0.0556,-2.51,622,-0.0619,-2.8,0,8,-14.4,0,8,10,12
1379,-0.0329,0.438,0.911,-1.33,173.7,61.6,757,-0.0175,-0.53,622,-0.0517,-1.37,3,8,-25.0,0,8,10,14
1379,-0.0271,0.413,0.942,-0.85,173.7,52.4,757,-0.0268,-0.64,622,-0.0275,-0.56,2,8,-30.9,0,8,10,16
1379,-0.0264,0.413,0.945,-0.81,173.7,58.9,757,-0.0195,-0.45,622,-0.0349,-0.7,3,8,-28.4,0,8,10,17
1379,-0.0094,0.408,0.981,-0.28,173.7,53.7,757,-0.017,-0.38,622,-0.0002,-0.0,5,8,-26.0,0,8,10,18
1379,-0.0116,0.396,0.977,-0.33,173.7,52.1,757,-0.0175,-0.38,622,-0.0044,-0.08,4,8,-20.3,0,8,10,20
1379,-0.0172,0.4,0.966,-0.49,173.7,50.8,757,-0.0319,-0.7,622,0.0006,0.01,4,8,-19.0,0,8,10,21
1515,-0.0545,0.428,0.771,-3.73,190.8,87.7,818,-0.0527,-2.52,697,-0.0566,-2.81,0,8,-15.0,0,8,11,12
1515,-0.0286,0.44,0.921,-1.23,190.8,64.1,818,-0.0133,-0.42,697,-0.0466,-1.33,2,8,-24.9,0,8,11,14
1515,-0.0235,0.417,0.949,-0.78,190.8,55.1,818,-0.029,-0.74,697,-0.0169,-0.37,2,8,-29.2,0,8,11,16
1515,-0.0207,0.415,0.956,-0.67,190.8,56.3,818,-0.0186,-0.45,697,-0.0231,-0.5,4,8,-24.7,0,8,11,17
1515,-0.0031,0.411,0.993,-0.1,190.8,52.2,818,-0.0148,-0.35,697,0.0105,0.21,5,8,-21.0,0,8,11,18
1515,-0.0025,0.399,0.995,-0.07,190.8,50.2,818,-0.0145,-0.33,697,0.0116,0.23,5,8,-20.1,0,8,11,20
1515,-0.0072,0.404,0.986,-0.21,190.8,49.6,818,-0.0266,-0.6,697,0.0156,0.3,5,8,-19.3,0,8,11,21
1625,-0.0537,0.425,0.767,-3.91,204.7,90.6,870,-0.0533,-2.69,755,-0.0542,-2.87,0,8,-17.0,0,8,12,12
1625,-0.0224,0.443,0.937,-1.0,204.7,49.6,870,-0.0118,-0.39,755,-0.0347,-1.02,3,8,-18.9,0,8,12,14
1625,-0.0139,0.42,0.969,-0.48,204.7,37.7,870,-0.024,-0.63,755,-0.0022,-0.05,4,8,-25.9,0,8,12,16
1625,-0.0066,0.421,0.986,-0.22,204.7,35.6,870,-0.008,-0.2,755,-0.0049,-0.11,4,8,-23.3,0,8,12,17
1625,0.0088,0.413,1.019,0.28,204.7,31.3,870,-0.0058,-0.14,755,0.0255,0.54,3,8,-17.8,0,8,12,18
1625,0.0101,0.403,1.02,0.31,204.7,33.3,870,-0.0042,-0.1,755,0.0265,0.54,4,8,-20.4,0,8,12,20
1625,0.0069,0.409,1.014,0.21,204.7,34.2,870,-0.0144,-0.33,755,0.0316,0.63,4,8,-18.9,0,8,12,21
1745,-0.0192,0.444,0.945,-0.9,219.8,48.1,919,-0.0139,-0.48,826,-0.0251,-0.78,2,8,-15.9,0,8,13,14
1745,-0.0091,0.424,0.98,-0.33,219.8,37.2,919,-0.0204,-0.55,826,0.0035,0.08,4,8,-26.1,0,8,13,16
1745,-0.0011,0.427,0.997,-0.04,219.8,35.4,919,-0.0008,-0.02,826,-0.0016,-0.04,4,8,-23.0,0,8,13,17
1745,0.0116,0.418,1.025,0.39,219.8,35.4,919,0.0002,0.0,826,0.0242,0.55,4,8,-21.5,0,8,13,18
1745,0.0097,0.405,1.02,0.31,219.8,38.0,919,-0.0007,-0.02,826,0.0212,0.46,4,8,-25.7,0,8,13,20
1745,0.0048,0.412,1.01,0.16,219.8,36.2,919,-0.012,-0.29,826,0.0236,0.5,4,8,-24.2,0,8,13,21
1886,-0.0204,0.436,0.94,-1.01,237.5,51.2,990,-0.0203,-0.75,896,-0.0206,-0.68,2,8,-16.9,0,8,14,14
1945,-0.0119,0.424,0.972,-0.46,245.0,42.6,1022,-0.0299,-0.88,923,0.008,0.2,4,8,-33.4,0,8,15,16
1945,-0.0039,0.426,0.991,-0.15,245.0,41.4,1022,-0.011,-0.31,923,0.0038,0.1,4,8,-28.1,0,8,15,17
1945,0.006,0.416,1.013,0.22,245.0,40.8,1022,-0.013,-0.35,923,0.027,0.65,4,8,-27.6,0,8,15,18
1945,0.0007,0.403,1.001,0.02,245.0,45.1,1022,-0.0177,-0.46,923,0.0211,0.49,4,8,-32.2,0,8,15,20
1945,-0.0054,0.408,0.989,-0.19,245.0,46.3,1022,-0.0287,-0.75,923,0.0204,0.47,4,8,-30.9,0,8,15,21
845,-0.042,0.402,0.779,-2.53,106.4,38.5,480,-0.0197,-0.84,365,-0.0714,-3.1,2,8,-11.1,0,9,10,12
845,-0.0194,0.444,0.94,-0.68,106.4,28.3,480,0.0035,0.09,365,-0.0494,-1.16,4,8,-12.3,0,9,10,14
845,-0.0259,0.421,0.938,-0.7,106.4,29.8,480,-0.033,-0.69,365,-0.0165,-0.28,3,8,-21.5,0,9,10,16
845,-0.0262,0.44,0.939,-0.7,106.4,31.1,480,-0.0297,-0.6,365,-0.0216,-0.37,4,8,-20.7,0,9,10,17
845,-0.019,0.424,0.957,-0.49,106.4,30.2,480,-0.0349,-0.69,365,0.0019,0.03,3,8,-21.4,0,9,10,18
845,-0.0159,0.412,0.965,-0.4,106.4,28.0,480,-0.028,-0.54,365,0.0001,0.0,4,8,-20.0,0,9,10,20
845,-0.0306,0.414,0.935,-0.77,106.4,35.2,480,-0.0488,-0.95,365,-0.0067,-0.11,4,8,-20.6,0,9,10,21
1117,-0.0339,0.41,0.808,-2.48,140.7,43.1,608,-0.0208,-1.06,509,-0.0495,-2.66,1,8,-11.0,0,9,11,12
1117,-0.0009,0.455,0.997,-0.04,140.7,27.0,608,0.0104,0.32,509,-0.0144,-0.41,4,8,-11.7,0,9,11,14
1117,-0.0091,0.435,0.977,-0.29,140.7,33.5,608,-0.0356,-0.86,509,0.0225,0.47,3,8,-21.6,0,9,11,16
1117,-0.0068,0.44,0.984,-0.21,140.7,32.0,608,-0.0232,-0.53,509,0.0128,0.27,4,8,-20.3,0,9,11,17
1117,0.0085,0.431,1.02,0.25,140.7,29.7,608,-0.0168,-0.37,509,0.0387,0.78,5,8,-19.1,0,9,11,18
1117,0.0143,0.418,1.032,0.41,140.7,28.8,608,-0.0049,-0.1,509,0.0372,0.7,4,8,-16.6,0,9,11,20
1117,0.0037,0.421,1.008,0.1,140.7,31.5,608,-0.019,-0.4,509,0.0307,0.58,4,8,-17.4,0,9,11,21
1310,-0.0338,0.406,0.797,-2.82,165.0,49.7,695,-0.0241,-1.37,615,-0.0448,-2.79,1,8,-13.6,0,9,12,12
1310,0.0108,0.457,1.037,0.48,165.0,23.8,695,0.0187,0.62,615,0.0019,0.06,5,8,-10.3,0,9,12,14
1310,0.006,0.443,1.015,0.21,165.0,33.6,695,-0.0216,-0.55,615,0.0373,0.84,4,8,-21.3,0,9,12,16
1310,0.0116,0.449,1.028,0.38,165.0,29.9,695,-0.008,-0.19,615,0.0337,0.75,4,8,-18.5,0,9,12,17
1310,0.0221,0.429,1.053,0.7,165.0,28.9,695,-0.006,-0.14,615,0.054,1.16,4,8,-10.3,0,9,12,18
1310,0.0295,0.421,1.067,0.9,165.0,25.6,695,0.0064,0.14,615,0.0556,1.14,4,8,-10.1,0,9,12,20
1310,0.0239,0.427,1.054,0.72,165.0,28.6,695,-0.0037,-0.08,615,0.0552,1.12,5,8,-12.1,0,9,12,21
1511,0.0006,0.451,1.002,0.03,190.3,32.4,787,0.007,0.26,724,-0.0064,-0.21,4,8,-15.3,0,9,13,14
1511,-0.0004,0.44,0.999,-0.02,190.3,36.9,787,-0.0209,-0.58,724,0.0218,0.55,4,8,-24.4,0,9,13,16
1511,0.0034,0.447,1.008,0.12,190.3,33.2,787,-0.0044,-0.12,724,0.0119,0.3,4,8,-20.6,0,9,13,17
1511,0.0119,0.428,1.029,0.41,190.3,30.2,787,-0.0037,-0.09,724,0.0288,0.7,3,8,-18.5,0,9,13,18
1511,0.0157,0.418,1.036,0.52,190.3,30.3,787,0.006,0.15,724,0.0262,0.6,4,8,-19.8,0,9,13,20
1511,0.0078,0.425,1.018,0.26,190.3,35.3,787,-0.0058,-0.14,724,0.0225,0.51,5,8,-19.3,0,9,13,21
1765,-0.0053,0.441,0.981,-0.29,222.3,33.2,923,-0.007,-0.29,842,-0.0035,-0.13,3,8,-18.7,0,9,14,14
1872,-0.0034,0.44,0.991,-0.15,235.8,45.7,989,-0.0231,-0.75,883,0.0185,0.52,4,8,-31.8,0,9,15,16
1872,0.0055,0.446,1.014,0.22,235.8,40.7,989,-0.0036,-0.11,883,0.0157,0.43,4,8,-26.5,0,9,15,17
1872,0.014,0.429,1.035,0.56,235.8,34.4,989,-0.0052,-0.15,883,0.0355,0.94,4,8,-22.5,0,9,15,18
1872,0.0109,0.418,1.026,0.41,235.8,35.2,989,-0.0038,-0.11,883,0.0274,0.69,4,8,-23.1,0,9,15,20
1872,0.0008,0.423,1.002,0.03,235.8,41.2,989,-0.016,-0.45,883,0.0196,0.49,4,8,-23.1,0,9,15,21
1868,-0.0427,0.448,0.893,-1.93,235.3,91.9,1019,-0.0492,-1.62,849,-0.0349,-1.08,2,8,-29.9,1,5,9,12
1868,-0.0004,0.405,0.999,-0.01,235.3,45.4,1019,-0.0014,-0.03,849,0.0007,0.02,4,8,-17.6,1,5,9,14
1868,0.0023,0.365,1.004,0.06,235.3,65.8,1019,-0.0157,-0.33,849,0.0239,0.43,3,8,-35.3,1,5,9,16
1868,0.0142,0.363,1.024,0.38,235.3,56.7,1019,-0.0061,-0.12,849,0.0385,0.66,3,8,-36.1,1,5,9,17
1868,0.0273,0.366,1.046,0.7,235.3,50.3,1019,-0.0079,-0.16,849,0.0697,1.14,5,8,-37.1,1,5,9,18
1868,0.0246,0.351,1.04,0.61,235.3,44.0,1019,-0.0098,-0.19,849,0.066,1.06,6,8,-28.9,1,5,9,20
1868,0.0309,0.347,1.05,0.75,235.3,45.7,1019,-0.0114,-0.21,849,0.0817,1.27,6,8,-27.9,1,5,9,21
1915,-0.0395,0.449,0.899,-1.81,241.2,89.3,1041,-0.0462,-1.55,874,-0.0314,-0.99,1,8,-27.9,1,5,10,12
1915,0.0029,0.406,1.006,0.1,241.2,41.3,1041,0.0017,0.04,874,0.0044,0.1,4,8,-17.8,1,5,10,14
1915,0.0041,0.366,1.007,0.12,241.2,61.4,1041,-0.0155,-0.33,874,0.0275,0.5,3,8,-35.9,1,5,10,16
1915,0.016,0.363,1.027,0.43,241.2,56.5,1041,-0.0061,-0.13,874,0.0422,0.74,4,8,-36.8,1,5,10,17
1915,0.0273,0.366,1.046,0.71,241.2,52.3,1041,-0.0089,-0.18,874,0.0704,1.18,5,8,-37.7,1,5,10,18
1915,0.0244,0.351,1.04,0.62,241.2,42.9,1041,-0.0129,-0.25,874,0.0689,1.12,6,8,-28.7,1,5,10,20
1915,0.0301,0.348,1.048,0.74,241.2,44.3,1041,-0.0141,-0.27,874,0.0827,1.31,7,8,-27.9,1,5,10,21
1936,-0.0401,0.447,0.897,-1.87,243.8,90.4,1050,-0.0468,-1.58,886,-0.0323,-1.03,1,8,-28.6,1,5,11,12
1936,0.0025,0.407,1.005,0.08,243.8,40.8,1050,0.0005,0.01,886,0.0048,0.11,4,8,-19.9,1,5,11,14
1936,0.0047,0.366,1.008,0.13,243.8,65.3,1050,-0.016,-0.35,886,0.0293,0.54,4,8,-38.7,1,5,11,16
1936,0.017,0.365,1.029,0.46,243.8,59.8,1050,-0.0052,-0.11,886,0.0434,0.77,4,8,-39.3,1,5,11,17
1936,0.0282,0.367,1.047,0.74,243.8,54.7,1050,-0.0075,-0.15,886,0.0705,1.19,5,8,-40.1,1,5,11,18
1936,0.0259,0.353,1.042,0.66,243.8,43.9,1050,-0.0115,-0.23,886,0.0702,1.15,6,8,-31.1,1,5,11,20
1936,0.0307,0.35,1.049,0.76,243.8,45.3,1050,-0.0131,-0.25,886,0.0825,1.32,6,8,-30.5,1,5,11,21
1958,-0.0402,0.448,0.896,-1.89,246.6,90.9,1062,-0.047,-1.6,896,-0.0322,-1.04,1,8,-29.3,1,5,12,12
1958,0.0015,0.408,1.003,0.05,246.6,39.8,1062,-0.0001,-0.0,896,0.0033,0.08,4,8,-19.0,1,5,12,14
1958,0.0059,0.367,1.01,0.17,246.6,63.0,1062,-0.0134,-0.29,896,0.0287,0.53,4,8,-37.5,1,5,12,16
1958,0.019,0.366,1.032,0.52,246.6,57.6,1062,-0.0012,-0.03,896,0.043,0.77,5,8,-37.9,1,5,12,17
1958,0.0296,0.368,1.05,0.78,246.6,52.1,1062,-0.0031,-0.06,896,0.0683,1.17,5,8,-38.2,1,5,12,18
1958,0.028,0.354,1.046,0.72,246.6,42.5,1062,-0.0088,-0.17,896,0.0716,1.19,6,8,-29.7,1,5,12,20
1958,0.0335,0.352,1.054,0.84,246.6,44.0,1062,-0.0093,-0.18,896,0.0842,1.36,7,8,-29.5,1,5,12,21
1982,0.0001,0.407,1.0,0.0,249.6,41.1,1073,-0.0032,-0.08,909,0.004,0.09,4,8,-19.5,1,5,13,14
1982,0.0048,0.366,1.008,0.14,249.6,63.6,1073,-0.0156,-0.34,909,0.0287,0.54,4,8,-38.3,1,5,13,16
1982,0.017,0.366,1.029,0.47,249.6,57.5,1073,-0.0036,-0.08,909,0.0413,0.74,4,8,-38.9,1,5,13,17
1982,0.0271,0.368,1.046,0.72,249.6,52.0,1073,-0.0057,-0.12,909,0.0659,1.14,5,8,-39.1,1,5,13,18
1982,0.0267,0.354,1.044,0.69,249.6,42.5,1073,-0.0103,-0.21,909,0.0705,1.18,6,8,-30.1,1,5,13,20
1982,0.0318,0.352,1.051,0.81,249.6,44.7,1073,-0.0113,-0.22,909,0.0827,1.35,6,8,-30.2,1,5,13,21
2006,-0.0016,0.405,0.997,-0.06,252.7,43.2,1089,-0.0039,-0.1,917,0.0011,0.03,4,8,-19.5,1,5,14,14
2022,0.0047,0.367,1.008,0.14,254.7,63.5,1098,-0.0143,-0.32,924,0.0274,0.52,4,8,-38.5,1,5,15,16
2022,0.0169,0.369,1.029,0.48,254.7,58.0,1098,-0.0021,-0.05,924,0.0396,0.72,4,8,-39.6,1,5,15,17
2022,0.0278,0.371,1.047,0.75,254.7,51.5,1098,-0.0037,-0.08,924,0.0651,1.14,5,8,-40.0,1,5,15,18
2022,0.0258,0.356,1.043,0.68,254.7,43.3,1098,-0.0104,-0.21,924,0.0689,1.17,6,8,-31.8,1,5,15,20
2022,0.0303,0.354,1.049,0.78,254.7,45.5,1098,-0.0125,-0.25,924,0.081,1.34,7,8,-32.2,1,5,15,21
1799,-0.06,0.45,0.84,-2.9,226.6,112.4,981,-0.0672,-2.36,818,-0.0513,-1.71,0,8,-25.5,1,6,9,12
1799,-0.0282,0.409,0.941,-1.0,226.6,85.4,981,-0.0258,-0.68,818,-0.031,-0.74,3,8,-27.4,1,6,9,14
1799,-0.0204,0.372,0.964,-0.6,226.6,88.9,981,-0.0273,-0.6,818,-0.0121,-0.24,3,8,-44.5,1,6,9,16
1799,-0.0103,0.374,0.982,-0.29,226.6,80.2,981,-0.0189,-0.4,818,0.0,0.0,3,8,-43.3,1,6,9,17
1799,0.0048,0.372,1.008,0.13,226.6,77.1,981,-0.0187,-0.38,818,0.033,0.59,5,8,-43.6,1,6,9,18
1799,0.0005,0.357,1.001,0.01,226.6,67.1,981,-0.0185,-0.36,818,0.0232,0.41,5,8,-35.9,1,6,9,20
1799,0.008,0.359,1.013,0.2,226.6,64.8,981,-0.0189,-0.36,818,0.0401,0.68,5,8,-35.1,1,6,9,21
1870,-0.055,0.451,0.85,-2.73,235.5,107.4,1017,-0.0628,-2.26,853,-0.0457,-1.56,0,8,-25.5,1,6,10,12
1870,-0.0246,0.411,0.948,-0.9,235.5,80.7,1017,-0.0229,-0.62,853,-0.0266,-0.65,3,8,-29.6,1,6,10,14
1870,-0.0201,0.373,0.964,-0.61,235.5,85.3,1017,-0.0338,-0.76,853,-0.0039,-0.08,4,8,-47.3,1,6,10,16
1870,-0.0104,0.374,0.982,-0.3,235.5,81.0,1017,-0.025,-0.54,853,0.007,0.13,4,8,-47.2,1,6,10,17
1870,0.002,0.372,1.003,0.06,235.5,80.6,1017,-0.026,-0.54,853,0.0355,0.65,4,8,-47.3,1,6,10,18
1870,-0.0031,0.357,0.995,-0.08,235.5,66.4,1017,-0.0279,-0.56,853,0.0263,0.47,5,8,-38.8,1,6,10,20
1870,0.0024,0.358,1.004,0.06,235.5,66.0,1017,-0.029,-0.57,853,0.0398,0.69,6,8,-38.2,1,6,10,21
1896,-0.0551,0.449,0.849,-2.77,238.8,108.3,1029,-0.0624,-2.27,867,-0.0464,-1.61,0,8,-26.5,1,6,11,12
1896,-0.0226,0.412,0.952,-0.83,238.8,76.7,1029,-0.0209,-0.57,867,-0.0247,-0.61,3,8,-31.7,1,6,11,14
1896,-0.0172,0.375,0.969,-0.52,238.8,88.1,1029,-0.0314,-0.71,867,-0.0004,-0.01,4,8,-50.1,1,6,11,16
1896,-0.0068,0.377,0.988,-0.2,238.8,84.1,1029,-0.0213,-0.46,867,0.0103,0.2,4,8,-49.6,1,6,11,17
1896,0.0054,0.375,1.009,0.15,238.8,83.5,1029,-0.0216,-0.45,867,0.0374,0.69,4,8,-49.7,1,6,11,18
1896,0.001,0.36,1.002,0.03,238.8,68.1,1029,-0.0231,-0.47,867,0.0296,0.54,5,8,-41.2,1,6,11,20
1896,0.0053,0.361,1.009,0.14,238.8,67.6,1029,-0.025,-0.5,867,0.0412,0.73,5,8,-40.8,1,6,11,21
1927,-0.0547,0.449,0.849,-2.79,242.7,109.1,1045,-0.0628,-2.32,882,-0.0452,-1.59,0,8,-26.3,1,6,12,12
1927,-0.0198,0.414,0.958,-0.73,242.7,72.2,1045,-0.0203,-0.56,882,-0.0193,-0.48,3,8,-30.1,1,6,12,14
1927,-0.0124,0.376,0.978,-0.38,242.7,83.6,1045,-0.0278,-0.64,882,0.0059,0.12,4,8,-48.2,1,6,12,16
1927,-0.0007,0.379,0.999,-0.02,242.7,80.3,1045,-0.0158,-0.35,882,0.0171,0.33,4,8,-47.4,1,6,12,17
1927,0.009,0.376,1.016,0.25,242.7,83.4,1045,-0.0183,-0.39,882,0.0414,0.77,5,8,-47.3,1,6,12,18
1927,0.0056,0.361,1.009,0.15,242.7,66.6,1045,-0.0213,-0.44,882,0.0374,0.68,5,8,-38.8,1,6,12,20
1927,0.0102,0.363,1.017,0.27,242.7,67.2,1045,-0.0222,-0.45,882,0.0486,0.86,5,8,-38.9,1,6,12,21
1957,-0.0211,0.413,0.955,-0.79,246.5,74.3,1060,-0.0221,-0.62,897,-0.0198,-0.5,3,8,-30.3,1,6,13,14
1957,-0.0135,0.376,0.976,-0.42,246.5,85.1,1060,-0.0299,-0.69,897,0.0058,0.12,4,8,-48.1,1,6,13,16
1957,-0.0031,0.379,0.995,-0.09,246.5,80.8,1060,-0.0181,-0.4,897,0.0148,0.29,4,8,-48.2,1,6,13,17
1957,0.0065,0.377,1.011,0.18,246.5,84.1,1060,-0.0205,-0.44,897,0.0383,0.72,4,8,-47.9,1,6,13,18
1957,0.0047,0.361,1.008,0.13,246.5,66.7,1060,-0.0214,-0.44,897,0.0355,0.65,5,8,-38.7,1,6,13,20
1957,0.0091,0.364,1.015,0.25,246.5,66.0,1060,-0.0226,-0.46,897,0.0464,0.83,5,8,-38.7,1,6,13,21
1995,-0.0194,0.413,0.958,-0.74,251.3,70.1,1082,-0.0192,-0.54,913,-0.0195,-0.5,3,8,-29.7,1,6,14,14
2013,-0.0121,0.377,0.978,-0.38,253.5,82.4,1092,-0.0261,-0.62,921,0.0045,0.09,4,8,-47.7,1,6,15,16
2013,-0.0013,0.383,0.998,-0.04,253.5,78.4,1092,-0.0136,-0.31,921,0.0132,0.26,4,8,-48.3,1,6,15,17
2013,0.009,0.381,1.016,0.26,253.5,77.9,1092,-0.0154,-0.33,921,0.0379,0.73,4,8,-47.8,1,6,15,18
2013,0.0061,0.363,1.01,0.17,253.5,60.7,1092,-0.0175,-0.37,921,0.0341,0.64,5,8,-39.5,1,6,15,20
2013,0.0097,0.367,1.016,0.27,253.5,67.4,1092,-0.0194,-0.41,921,0.0442,0.81,6,8,-40.2,1,6,15,21
1632,-0.0641,0.445,0.804,-3.37,205.5,108.0,871,-0.0685,-2.57,761,-0.0591,-2.18,0,8,-19.1,1,7,9,12
1632,-0.0313,0.424,0.929,-1.16,205.5,68.8,871,-0.0262,-0.71,761,-0.0371,-0.94,1,8,-22.3,1,7,9,14
1632,-0.0175,0.382,0.967,-0.51,205.5,63.1,871,-0.0187,-0.4,761,-0.0161,-0.32,3,8,-35.0,1,7,9,16
1632,-0.0119,0.384,0.978,-0.34,205.5,61.9,871,-0.0105,-0.22,761,-0.0135,-0.26,3,8,-32.5,1,7,9,17
1632,0.0058,0.381,1.01,0.16,205.5,57.5,871,-0.0061,-0.12,761,0.0194,0.36,3,8,-34.7,1,7,9,18
1632,-0.003,0.372,0.995,-0.08,205.5,59.2,871,-0.0121,-0.23,761,0.0074,0.14,2,8,-32.1,1,7,9,20
1632,0.0012,0.368,1.002,0.03,205.5,58.7,871,-0.0166,-0.32,761,0.0215,0.38,2,8,-32.1,1,7,9,21
1750,-0.0521,0.449,0.836,-2.83,220.4,94.5,935,-0.0509,-1.97,815,-0.0535,-2.05,0,8,-20.4,1,7,10,12
1750,-0.0209,0.428,0.952,-0.8,220.4,56.5,935,-0.0107,-0.3,815,-0.0326,-0.86,3,8,-26.1,1,7,10,14
1750,-0.016,0.386,0.97,-0.49,220.4,68.2,935,-0.0212,-0.48,815,-0.0101,-0.21,3,8,-40.7,1,7,10,16
1750,-0.0106,0.386,0.98,-0.31,220.4,67.9,935,-0.0135,-0.29,815,-0.0072,-0.15,3,8,-39.7,1,7,10,17
1750,0.0034,0.382,1.006,0.1,220.4,66.8,935,-0.0134,-0.28,815,0.0228,0.44,3,8,-42.2,1,7,10,18
1750,-0.0058,0.373,0.99,-0.16,220.4,64.7,935,-0.021,-0.43,815,0.0117,0.22,2,8,-38.3,1,7,10,20
1750,-0.0037,0.37,0.994,-0.1,220.4,64.9,935,-0.0271,-0.54,815,0.0231,0.43,3,8,-38.4,1,7,10,21
1814,-0.051,0.448,0.836,-2.86,228.5,95.8,964,-0.0498,-1.98,850,-0.0523,-2.09,0,8,-21.6,1,7,11,12
1814,-0.0153,0.432,0.964,-0.6,228.5,48.8,964,-0.0055,-0.16,850,-0.0263,-0.71,4,8,-28.3,1,7,11,14
1814,-0.0099,0.389,0.981,-0.31,228.5,68.1,964,-0.017,-0.39,850,-0.0019,-0.04,3,8,-43.1,1,7,11,16
1814,-0.0047,0.389,0.991,-0.14,228.5,68.2,964,-0.0097,-0.21,850,0.0009,0.02,3,8,-41.6,1,7,11,17
1814,0.0094,0.387,1.017,0.27,228.5,66.3,964,-0.0085,-0.18,850,0.0297,0.59,3,8,-43.6,1,7,11,18
1814,0.0014,0.377,1.002,0.04,228.5,62.6,964,-0.0141,-0.29,850,0.0189,0.37,2,8,-40.3,1,7,11,20
1814,0.0035,0.375,1.006,0.1,228.5,62.7,964,-0.0193,-0.4,850,0.0294,0.56,3,8,-40.6,1,7,11,21
1857,-0.0512,0.446,0.834,-2.94,233.9,98.4,985,-0.0509,-2.06,872,-0.0516,-2.11,0,8,-22.0,1,7,12,12
1857,-0.015,0.433,0.965,-0.6,233.9,50.8,985,-0.0071,-0.21,872,-0.0238,-0.65,5,8,-28.6,1,7,12,14
1857,-0.0089,0.389,0.983,-0.28,233.9,68.6,985,-0.0185,-0.43,872,0.002,0.04,3,8,-43.7,1,7,12,16
1857,-0.0024,0.39,0.996,-0.07,233.9,69.8,985,-0.0091,-0.2,872,0.0053,0.11,3,8,-42.5,1,7,12,17
1857,0.0092,0.386,1.017,0.27,233.9,71.6,985,-0.0104,-0.22,872,0.0313,0.62,3,8,-44.3,1,7,12,18
1857,0.0023,0.376,1.004,0.07,233.9,64.7,985,-0.0175,-0.37,872,0.0248,0.49,3,8,-40.9,1,7,12,20
1857,0.0049,0.376,1.009,0.14,233.9,64.5,985,-0.0216,-0.45,872,0.0348,0.67,3,8,-41.7,1,7,12,21
1909,-0.0155,0.432,0.963,-0.63,240.4,52.7,1011,-0.0077,-0.23,898,-0.0243,-0.68,4,8,-29.4,1,7,13,14
1909,-0.0096,0.388,0.982,-0.31,240.4,72.1,1011,-0.0178,-0.42,898,-0.0003,-0.01,3,8,-45.7,1,7,13,16
1909,-0.0038,0.39,0.993,-0.12,240.4,73.1,1011,-0.0075,-0.17,898,0.0003,0.01,3,8,-45.4,1,7,13,17
1909,0.0072,0.387,1.013,0.21,240.4,75.4,1011,-0.008,-0.17,898,0.0243,0.5,3,8,-47.4,1,7,13,18
1909,0.0014,0.377,1.002,0.04,240.4,67.7,1011,-0.0128,-0.27,898,0.0173,0.35,3,8,-43.5,1,7,13,20
1909,0.0036,0.377,1.006,0.1,240.4,67.5,1011,-0.0172,-0.36,898,0.0271,0.53,3,8,-44.3,1,7,13,21
1966,-0.0119,0.43,0.971,-0.49,247.6,45.5,1042,-0.0056,-0.17,924,-0.019,-0.54,4,8,-28.6,1,7,14,14
1993,-0.0058,0.391,0.989,-0.19,251.0,66.9,1055,-0.0137,-0.33,938,0.0032,0.07,3,8,-43.8,1,7,15,16
1993,-0.0002,0.394,1.0,-0.01,251.0,66.8,1055,-0.0037,-0.09,938,0.0037,0.08,4,8,-42.6,1,7,15,17
1993,0.0109,0.39,1.021,0.34,251.0,67.6,1055,-0.0052,-0.12,938,0.0291,0.61,3,8,-44.2,1,7,15,18
1993,0.0038,0.379,1.007,0.12,251.0,60.5,1055,-0.0129,-0.29,938,0.0226,0.47,4,8,-41.5,1,7,15,20
1993,0.0049,0.379,1.009,0.14,251.0,62.6,1055,-0.0183,-0.4,938,0.031,0.62,3,8,-43.1,1,7,15,21
1177,-0.0777,0.424,0.717,-4.27,148.3,95.3,648,-0.091,-3.57,529,-0.0614,-2.39,0,8,-19.5,1,8,9,12
1177,-0.0356,0.433,0.908,-1.26,148.3,56.2,648,-0.0348,-0.95,529,-0.0365,-0.82,2,8,-20.6,1,8,9,14
1177,-0.0208,0.402,0.957,-0.57,148.3,40.3,648,-0.0109,-0.23,529,-0.0329,-0.58,3,8,-22.7,1,8,9,16
1177,-0.0172,0.4,0.966,-0.45,148.3,41.2,648,0.0005,0.01,529,-0.0389,-0.68,3,8,-21.9,1,8,9,17
1177,0.0057,0.396,1.011,0.14,148.3,37.3,648,0.0075,0.14,529,0.0036,0.06,4,8,-15.1,1,8,9,18
1177,-0.0056,0.384,0.989,-0.14,148.3,37.6,648,-0.0019,-0.04,529,-0.01,-0.16,4,8,-15.1,1,8,9,20
1177,-0.0058,0.386,0.989,-0.14,148.3,35.6,648,-0.0112,-0.21,529,0.0009,0.01,4,8,-12.5,1,8,9,21
1418,-0.0556,0.429,0.786,-3.34,178.6,83.5,775,-0.0575,-2.43,643,-0.0534,-2.3,0,8,-17.1,1,8,10,12
1418,-0.0251,0.439,0.935,-0.97,178.6,56.1,775,-0.0181,-0.53,643,-0.0334,-0.85,4,8,-23.8,1,8,10,14
1418,-0.019,0.409,0.961,-0.58,178.6,46.3,775,-0.0192,-0.44,643,-0.0187,-0.37,3,8,-27.9,1,8,10,16
1418,-0.0156,0.406,0.968,-0.46,178.6,48.5,775,-0.0084,-0.18,643,-0.0243,-0.48,4,8,-26.8,1,8,10,17
1418,0.0018,0.401,1.004,0.05,178.6,39.4,775,-0.0072,-0.15,643,0.0127,0.23,5,8,-21.2,1,8,10,18
1418,-0.0069,0.387,0.987,-0.19,178.6,40.0,775,-0.0156,-0.32,643,0.0036,0.07,4,8,-18.1,1,8,10,20
1418,-0.0115,0.389,0.978,-0.31,178.6,38.6,775,-0.0278,-0.58,643,0.0082,0.14,4,8,-19.6,1,8,10,21
1555,-0.0551,0.424,0.78,-3.57,195.8,90.2,838,-0.0568,-2.54,717,-0.0532,-2.53,0,8,-21.3,1,8,11,12
1555,-0.0243,0.441,0.935,-1.01,195.8,58.8,838,-0.0145,-0.45,717,-0.0357,-0.99,4,8,-23.7,1,8,11,14
1555,-0.0132,0.414,0.972,-0.43,195.8,47.1,838,-0.0212,-0.51,717,-0.004,-0.08,4,8,-28.5,1,8,11,16
1555,-0.0083,0.408,0.983,-0.26,195.8,45.0,838,-0.0091,-0.21,717,-0.0073,-0.15,4,8,-26.7,1,8,11,17
1555,0.0096,0.406,1.019,0.28,195.8,39.2,838,-0.0072,-0.16,717,0.0291,0.57,5,8,-17.9,1,8,11,18
1555,0.0058,0.392,1.011,0.17,195.8,38.5,838,-0.0125,-0.27,717,0.0272,0.51,5,8,-17.1,1,8,11,20
1555,0.002,0.396,1.004,0.06,195.8,37.9,838,-0.0227,-0.49,717,0.0308,0.57,4,8,-16.0,1,8,11,21
1660,-0.0539,0.422,0.777,-3.7,209.1,92.8,888,-0.0571,-2.7,772,-0.0503,-2.55,0,8,-22.4,1,8,12,12
1660,-0.0189,0.444,0.949,-0.81,209.1,47.6,888,-0.0163,-0.52,772,-0.0218,-0.62,3,8,-19.5,1,8,12,14
1660,-0.0062,0.417,0.987,-0.21,209.1,39.8,888,-0.0228,-0.57,772,0.0129,0.28,4,8,-30.6,1,8,12,16
1660,0.002,0.414,1.004,0.06,209.1,36.6,888,-0.0072,-0.17,772,0.0126,0.27,4,8,-26.3,1,8,12,17
1660,0.0174,0.408,1.036,0.53,209.1,32.0,888,-0.0058,-0.13,772,0.044,0.89,4,8,-18.5,1,8,12,18
1660,0.0145,0.396,1.029,0.43,209.1,32.4,888,-0.0095,-0.21,772,0.0421,0.83,4,8,-17.1,1,8,12,20
1660,0.0119,0.401,1.023,0.35,209.1,37.1,888,-0.0179,-0.4,772,0.0462,0.89,4,8,-15.3,1,8,12,21
1775,-0.0184,0.442,0.949,-0.83,223.6,48.8,940,-0.0218,-0.73,835,-0.0147,-0.44,3,8,-16.6,1,8,13,14
1775,-0.0036,0.419,0.992,-0.12,223.6,42.7,940,-0.0246,-0.64,835,0.0201,0.46,4,8,-33.6,1,8,13,16
1775,0.0054,0.417,1.011,0.18,223.6,37.5,940,-0.0039,-0.1,835,0.0159,0.36,4,8,-28.9,1,8,13,17
1775,0.0184,0.411,1.038,0.59,223.6,33.9,940,-0.0036,-0.08,835,0.0431,0.93,4,8,-22.2,1,8,13,18
1775,0.0137,0.398,1.027,0.43,223.6,35.4,940,-0.0091,-0.21,835,0.0394,0.82,4,8,-21.4,1,8,13,20
1775,0.0097,0.403,1.019,0.3,223.6,38.4,940,-0.0179,-0.42,835,0.0408,0.83,4,8,-19.4,1,8,13,21
1905,-0.0182,0.435,0.949,-0.86,239.9,48.9,1005,-0.0269,-0.95,900,-0.0085,-0.27,2,8,-17.3,1,8,14,14
1960,-0.0062,0.417,0.986,-0.23,246.9,50.9,1035,-0.0355,-1.0,925,0.0266,0.65,4,8,-41.8,1,8,15,16
1960,0.0013,0.416,1.003,0.05,246.9,44.6,1035,-0.0176,-0.47,925,0.0225,0.54,4,8,-36.1,1,8,15,17
1960,0.0115,0.408,1.024,0.39,246.9,39.0,1035,-0.0205,-0.53,925,0.0472,1.08,4,8,-29.8,1,8,15,18
1960,0.004,0.395,1.008,0.13,246.9,41.7,1035,-0.0286,-0.72,925,0.0404,0.89,4,8,-28.8,1,8,15,20
1960,-0.0009,0.398,0.998,-0.03,246.9,42.4,1035,-0.0372,-0.93,925,0.0397,0.86,4,8,-27.3,1,8,15,21
869,-0.0399,0.406,0.796,-2.36,109.4,38.6,493,-0.0167,-0.71,376,-0.0703,-2.96,1,8,-12.0,1,9,10,12
869,-0.0209,0.443,0.936,-0.73,109.4,30.1,493,-0.0004,-0.01,376,-0.0479,-1.11,2,8,-11.9,1,9,10,14
869,-0.0291,0.42,0.932,-0.79,109.4,31.9,493,-0.039,-0.82,376,-0.0161,-0.28,4,8,-25.1,1,9,10,16
869,-0.0281,0.435,0.937,-0.74,109.4,31.8,493,-0.0335,-0.67,376,-0.021,-0.36,4,8,-23.1,1,9,10,17
869,-0.0204,0.42,0.955,-0.53,109.4,30.5,493,-0.0408,-0.8,376,0.0063,0.11,3,8,-22.7,1,9,10,18
869,-0.0256,0.405,0.946,-0.64,109.4,31.1,493,-0.0485,-0.94,376,0.0044,0.07,3,8,-21.6,1,9,10,20
869,-0.0381,0.407,0.921,-0.96,109.4,43.4,493,-0.0656,-1.28,376,-0.0021,-0.03,2,8,-22.7,1,9,10,21
1150,-0.033,0.41,0.818,-2.36,144.8,44.7,625,-0.021,-1.05,525,-0.0474,-2.46,2,8,-12.5,1,9,11,12
1150,-0.0016,0.455,0.995,-0.07,144.8,27.1,625,0.0074,0.22,525,-0.0123,-0.34,4,8,-12.7,1,9,11,14
1150,-0.0094,0.436,0.977,-0.3,144.8,36.3,625,-0.0383,-0.92,525,0.0251,0.53,3,8,-24.1,1,9,11,16
1150,-0.007,0.435,0.984,-0.22,144.8,33.6,625,-0.0267,-0.61,525,0.0165,0.34,3,8,-20.9,1,9,11,17
1150,0.0083,0.427,1.019,0.25,144.8,29.6,625,-0.0222,-0.49,525,0.0447,0.89,4,8,-18.8,1,9,11,18
1150,0.0092,0.412,1.02,0.26,144.8,29.7,625,-0.0188,-0.4,525,0.0424,0.8,3,8,-16.2,1,9,11,20
1150,-0.0014,0.415,0.997,-0.04,144.8,35.5,625,-0.0325,-0.69,525,0.0356,0.66,4,8,-16.7,1,9,11,21
1350,-0.0338,0.406,0.804,-2.76,170.0,51.6,715,-0.0259,-1.45,635,-0.0427,-2.58,1,8,-14.9,1,9,12,12
1350,0.0117,0.459,1.039,0.52,170.0,30.8,715,0.0129,0.43,635,0.0103,0.3,5,8,-12.4,1,9,12,14
1350,0.0078,0.442,1.019,0.26,170.0,37.7,715,-0.0224,-0.57,635,0.0418,0.94,4,8,-24.1,1,9,12,16
1350,0.0142,0.444,1.034,0.46,170.0,32.1,715,-0.0092,-0.22,635,0.0406,0.89,4,8,-19.4,1,9,12,17
1350,0.0243,0.426,1.057,0.76,170.0,31.8,715,-0.008,-0.19,635,0.0606,1.3,4,8,-13.2,1,9,12,18
1350,0.0281,0.416,1.062,0.85,170.0,28.4,715,-0.0023,-0.05,635,0.0623,1.26,4,8,-7.7,1,9,12,20
1350,0.0224,0.422,1.049,0.67,170.0,33.3,715,-0.0117,-0.26,635,0.0609,1.22,5,8,-10.4,1,9,12,21
1552,-0.0009,0.45,0.997,-0.04,195.5,38.7,814,-0.0021,-0.08,738,0.0005,0.02,4,8,-19.0,1,9,13,14
1552,0.0001,0.438,1.0,0.0,195.5,44.0,814,-0.0266,-0.73,738,0.0296,0.73,4,8,-30.8,1,9,13,16
1552,0.005,0.44,1.012,0.18,195.5,37.9,814,-0.0086,-0.22,738,0.0199,0.49,4,8,-26.2,1,9,13,17
1552,0.0129,0.423,1.03,0.45,195.5,34.2,814,-0.0087,-0.22,738,0.0367,0.87,3,8,-20.6,1,9,13,18
1552,0.0143,0.412,1.032,0.47,195.5,34.1,814,-0.0043,-0.1,738,0.0349,0.78,4,8,-17.2,1,9,13,20
1552,0.0063,0.418,1.014,0.21,195.5,39.1,814,-0.0146,-0.35,738,0.0295,0.66,4,8,-16.3,1,9,13,21
1792,-0.005,0.441,0.983,-0.26,225.7,40.5,939,-0.0136,-0.55,853,0.0046,0.16,3,8,-23.7,1,9,14,14
1889,-0.0028,0.435,0.993,-0.12,237.9,53.6,1001,-0.0316,-1.01,888,0.0297,0.81,4,8,-40.3,1,9,15,16
1889,0.005,0.437,1.013,0.2,237.9,46.7,1001,-0.0135,-0.4,888,0.026,0.69,4,8,-34.4,1,9,15,17
1889,0.0134,0.423,1.032,0.52,237.9,42.6,1001,-0.0161,-0.47,888,0.0466,1.2,4,8,-29.8,1,9,15,18
1889,0.0082,0.411,1.019,0.3,237.9,39.4,1001,-0.0185,-0.52,888,0.0384,0.94,4,8,-21.4,1,9,15,20
1889,-0.0012,0.415,0.997,-0.04,237.9,45.3,1001,-0.0287,-0.79,888,0.0297,0.73,4,8,-22.7,1,9,15,21
1956,-0.0517,0.413,0.894,-1.92,246.4,113.0,1074,-0.0562,-1.54,882,-0.0463,-1.16,1,8,-40.5,2,5,9,12
1956,-0.0158,0.365,0.973,-0.45,246.4,60.9,1074,-0.0197,-0.43,882,-0.011,-0.21,5,8,-40.0,2,5,9,14
1956,-0.0061,0.317,0.991,-0.15,246.4,69.9,1074,-0.0338,-0.63,882,0.0276,0.44,6,8,-58.7,2,5,9,16
1956,0.0062,0.315,1.009,0.14,246.4,69.1,1074,-0.0221,-0.39,882,0.0406,0.61,5,8,-59.3,2,5,9,17
1956,0.0171,0.309,1.025,0.38,246.4,68.3,1074,-0.0212,-0.36,882,0.0639,0.92,6,8,-58.2,2,5,9,18
1956,0.0177,0.299,1.025,0.38,246.4,63.1,1074,-0.0295,-0.49,882,0.0752,1.04,6,8,-53.2,2,5,9,20
1956,0.0183,0.292,1.026,0.39,246.4,67.0,1074,-0.0375,-0.62,882,0.0862,1.16,5,8,-54.2,2,5,9,21
1982,-0.0518,0.413,0.893,-1.94,249.6,114.6,1087,-0.0548,-1.52,895,-0.0482,-1.22,1,8,-39.9,2,5,10,12
1982,-0.0162,0.365,0.972,-0.47,249.6,62.3,1087,-0.0184,-0.4,895,-0.0136,-0.26,5,8,-39.7,2,5,10,14
1982,-0.0093,0.318,0.986,-0.23,249.6,78.0,1087,-0.0348,-0.65,895,0.0217,0.35,4,8,-59.2,2,5,10,16
1982,0.0029,0.315,1.004,0.07,249.6,77.2,1087,-0.0234,-0.42,895,0.0349,0.53,5,8,-60.0,2,5,10,17
1982,0.0135,0.31,1.02,0.3,249.6,76.7,1087,-0.0227,-0.38,895,0.0575,0.84,5,8,-58.8,2,5,10,18
1982,0.0128,0.299,1.018,0.28,249.6,62.9,1087,-0.0322,-0.54,895,0.0674,0.94,5,8,-53.0,2,5,10,20
1982,0.0136,0.292,1.019,0.29,249.6,75.1,1087,-0.0395,-0.66,895,0.0782,1.07,5,8,-54.1,2,5,10,21
1989,-0.0519,0.413,0.892,-1.96,250.5,114.7,1090,-0.0552,-1.53,899,-0.048,-1.22,1,8,-40.0,2,5,11,12
1989,-0.016,0.365,0.972,-0.47,250.5,61.2,1090,-0.0183,-0.4,899,-0.0132,-0.26,5,8,-40.4,2,5,11,14
1989,-0.0089,0.318,0.987,-0.22,250.5,80.1,1090,-0.0351,-0.66,899,0.0229,0.37,4,8,-60.3,2,5,11,16
1989,0.0035,0.315,1.005,0.08,250.5,79.2,1090,-0.023,-0.41,899,0.0357,0.55,5,8,-61.1,2,5,11,17
1989,0.0137,0.31,1.02,0.31,250.5,78.8,1090,-0.0226,-0.38,899,0.0577,0.84,5,8,-59.8,2,5,11,18
1989,0.0129,0.299,1.018,0.28,250.5,64.4,1090,-0.0321,-0.54,899,0.0675,0.95,5,8,-54.0,2,5,11,20
1989,0.0137,0.292,1.02,0.3,250.5,77.2,1090,-0.0394,-0.66,899,0.0781,1.07,5,8,-55.2,2,5,11,21
1999,-0.0518,0.413,0.892,-1.96,251.8,115.0,1096,-0.0547,-1.53,903,-0.0483,-1.23,1,8,-39.4,2,5,12,12
1999,-0.0145,0.365,0.975,-0.43,251.8,61.0,1096,-0.0159,-0.35,903,-0.0129,-0.25,5,8,-39.6,2,5,12,14
1999,-0.0065,0.32,0.99,-0.16,251.8,75.3,1096,-0.0311,-0.58,903,0.0235,0.38,5,8,-59.1,2,5,12,16
1999,0.0061,0.317,1.009,0.14,251.8,74.6,1096,-0.0186,-0.33,903,0.0361,0.56,5,8,-59.6,2,5,12,17
1999,0.0167,0.312,1.025,0.37,251.8,73.5,1096,-0.0179,-0.3,903,0.0586,0.86,6,8,-57.9,2,5,12,18
1999,0.0164,0.3,1.024,0.36,251.8,62.5,1096,-0.0271,-0.46,903,0.0693,0.98,6,8,-52.6,2,5,12,20
1999,0.0173,0.294,1.025,0.37,251.8,71.6,1096,-0.0339,-0.57,903,0.0796,1.1,5,8,-54.2,2,5,12,21
2014,-0.0164,0.365,0.972,-0.48,253.7,62.6,1103,-0.0171,-0.38,911,-0.0154,-0.3,5,8,-40.2,2,5,13,14
2014,-0.0088,0.318,0.987,-0.22,253.7,78.3,1103,-0.0312,-0.59,911,0.0184,0.3,5,8,-60.0,2,5,13,16
2014,0.0027,0.316,1.004,0.06,253.7,78.5,1103,-0.0194,-0.35,911,0.0295,0.46,5,8,-60.9,2,5,13,17
2014,0.013,0.31,1.019,0.29,253.7,77.6,1103,-0.0189,-0.32,911,0.0516,0.76,5,8,-59.1,2,5,13,18
2014,0.0131,0.299,1.019,0.29,253.7,63.1,1103,-0.0275,-0.47,911,0.0621,0.88,6,8,-53.2,2,5,13,20
2014,0.0135,0.293,1.019,0.29,253.7,75.4,1103,-0.0346,-0.58,911,0.0718,1.0,6,8,-54.9,2,5,13,21
2028,-0.0183,0.363,0.968,-0.54,255.4,65.0,1113,-0.0196,-0.44,915,-0.0166,-0.33,4,8,-40.8,2,5,14,14
2036,-0.0102,0.319,0.985,-0.26,256.4,79.9,1118,-0.0325,-0.62,918,0.017,0.28,5,8,-59.7,2,5,15,16
2036,0.0015,0.318,1.002,0.04,256.4,80.8,1118,-0.0196,-0.36,918,0.0273,0.43,5,8,-60.9,2,5,15,17
2036,0.0118,0.313,1.017,0.27,256.4,79.6,1118,-0.02,-0.35,918,0.0504,0.75,5,8,-59.0,2,5,15,18
2036,0.0101,0.3,1.015,0.23,256.4,67.2,1118,-0.0298,-0.51,918,0.0588,0.84,6,8,-54.2,2,5,15,20
2036,0.0105,0.293,1.015,0.23,256.4,80.6,1118,-0.0369,-0.63,918,0.0681,0.95,5,8,-56.0,2,5,15,21
1903,-0.0618,0.429,0.859,-2.58,239.7,123.1,1044,-0.0626,-1.86,859,-0.0608,-1.81,1,8,-34.4,2,6,9,12
1903,-0.0287,0.379,0.947,-0.91,239.7,74.9,1044,-0.0217,-0.5,859,-0.0372,-0.8,2,8,-40.0,2,6,9,14
1903,-0.0147,0.337,0.977,-0.38,239.7,78.8,1044,-0.017,-0.32,859,-0.0119,-0.21,4,8,-59.7,2,6,9,16
1903,0.0003,0.336,1.0,0.01,239.7,74.2,1044,-0.0049,-0.09,859,0.0066,0.11,4,8,-59.2,2,6,9,17
1903,0.0114,0.332,1.018,0.27,239.7,77.8,1044,-0.0048,-0.08,859,0.031,0.5,4,8,-57.6,2,6,9,18
1903,0.0102,0.32,1.015,0.24,239.7,59.1,1044,-0.0035,-0.06,859,0.0269,0.43,5,8,-52.5,2,6,9,20
1903,0.0118,0.317,1.018,0.27,239.7,64.7,1044,-0.0113,-0.19,859,0.0399,0.61,4,8,-52.9,2,6,9,21
1951,-0.0593,0.43,0.863,-2.52,245.7,121.2,1071,-0.0587,-1.78,880,-0.0599,-1.8,1,8,-34.5,2,6,10,12
1951,-0.0292,0.379,0.946,-0.94,245.7,76.6,1071,-0.0211,-0.5,880,-0.039,-0.85,2,8,-42.1,2,6,10,14
1951,-0.0209,0.337,0.967,-0.56,245.7,86.7,1071,-0.0258,-0.5,880,-0.015,-0.27,4,8,-62.8,2,6,10,16
1951,-0.0061,0.336,0.99,-0.15,245.7,82.5,1071,-0.0136,-0.25,880,0.003,0.05,4,8,-63.0,2,6,10,17
1951,0.0042,0.331,1.007,0.1,245.7,83.8,1071,-0.0136,-0.24,880,0.0259,0.42,4,8,-61.4,2,6,10,18
1951,0.0013,0.318,1.002,0.03,245.7,65.1,1071,-0.0131,-0.23,880,0.0188,0.3,5,8,-55.4,2,6,10,20
1951,0.0022,0.315,1.003,0.05,245.7,73.9,1071,-0.021,-0.36,880,0.0305,0.48,4,8,-55.9,2,6,10,21
1964,-0.0599,0.428,0.861,-2.56,247.4,123.1,1077,-0.0592,-1.8,887,-0.0607,-1.84,1,8,-34.6,2,6,11,12
1964,-0.0289,0.379,0.947,-0.93,247.4,77.4,1077,-0.0212,-0.5,887,-0.0382,-0.84,2,8,-42.9,2,6,11,14
1964,-0.0197,0.338,0.969,-0.52,247.4,88.9,1077,-0.0252,-0.49,887,-0.013,-0.24,4,8,-63.8,2,6,11,16
1964,-0.004,0.337,0.994,-0.1,247.4,83.2,1077,-0.0114,-0.21,887,0.0049,0.09,4,8,-64.1,2,6,11,17
1964,0.0061,0.332,1.009,0.15,247.4,84.7,1077,-0.011,-0.19,887,0.0269,0.44,4,8,-62.4,2,6,11,18
1964,0.0036,0.319,1.005,0.08,247.4,64.7,1077,-0.0099,-0.17,887,0.0199,0.32,5,8,-56.4,2,6,11,20
1964,0.0039,0.317,1.006,0.09,247.4,74.2,1077,-0.0182,-0.31,887,0.0308,0.49,4,8,-57.0,2,6,11,21
1978,-0.06,0.428,0.861,-2.58,249.1,124.1,1087,-0.0591,-1.82,891,-0.061,-1.86,1,8,-34.0,2,6,12,12
1978,-0.0282,0.38,0.948,-0.91,249.1,76.4,1087,-0.0204,-0.49,891,-0.0377,-0.83,2,8,-42.0,2,6,12,14
1978,-0.0181,0.34,0.971,-0.49,249.1,84.9,1087,-0.0229,-0.45,891,-0.0123,-0.22,4,8,-62.7,2,6,12,16
1978,-0.0019,0.339,0.997,-0.05,249.1,79.5,1087,-0.008,-0.15,891,0.0055,0.1,4,8,-62.6,2,6,12,17
1978,0.0085,0.335,1.013,0.21,249.1,79.9,1087,-0.0075,-0.13,891,0.028,0.46,4,8,-60.4,2,6,12,18
1978,0.0067,0.321,1.01,0.16,249.1,61.2,1087,-0.0059,-0.1,891,0.022,0.36,5,8,-54.9,2,6,12,20
1978,0.007,0.318,1.01,0.16,249.1,69.8,1087,-0.0139,-0.24,891,0.0325,0.51,4,8,-56.0,2,6,12,21
1998,-0.0299,0.379,0.945,-0.98,251.6,81.6,1098,-0.0207,-0.5,900,-0.0412,-0.92,2,8,-42.1,2,6,13,14
1998,-0.0211,0.338,0.966,-0.57,251.6,87.8,1098,-0.0234,-0.46,900,-0.0183,-0.34,4,8,-62.1,2,6,13,16
1998,-0.0064,0.338,0.99,-0.17,251.6,83.4,1098,-0.0101,-0.19,900,-0.002,-0.04,4,8,-63.3,2,6,13,17
1998,0.0037,0.333,1.006,0.09,251.6,86.0,1098,-0.0096,-0.17,900,0.02,0.33,4,8,-61.0,2,6,13,18
1998,0.0026,0.319,1.004,0.06,251.6,65.2,1098,-0.0067,-0.12,900,0.014,0.23,4,8,-54.6,2,6,13,20
1998,0.0028,0.317,1.004,0.07,251.6,73.7,1098,-0.0144,-0.25,900,0.0239,0.38,4,8,-55.3,2,6,13,21
2022,-0.0299,0.378,0.944,-0.99,254.7,82.4,1111,-0.0196,-0.47,911,-0.0425,-0.96,2,8,-42.8,2,6,14,14
2032,-0.0219,0.339,0.965,-0.6,255.9,91.1,1117,-0.0214,-0.43,915,-0.0226,-0.42,3,8,-61.8,2,6,15,16
2032,-0.007,0.34,0.989,-0.18,255.9,86.6,1117,-0.0073,-0.14,915,-0.0067,-0.12,4,8,-63.4,2,6,15,17
2032,0.0027,0.336,1.004,0.07,255.9,85.5,1117,-0.0086,-0.16,915,0.0166,0.28,4,8,-60.8,2,6,15,18
2032,0.0001,0.32,1.0,0.0,255.9,69.3,1117,-0.0066,-0.12,915,0.0082,0.14,4,8,-55.6,2,6,15,20
2032,0.0004,0.318,1.001,0.01,255.9,80.4,1117,-0.0135,-0.24,915,0.0174,0.28,5,8,-56.4,2,6,15,21
1758,-0.065,0.441,0.825,-3.1,221.4,120.7,930,-0.0779,-2.67,828,-0.0506,-1.68,1,8,-28.9,2,7,9,12
1758,-0.0337,0.406,0.931,-1.16,221.4,83.2,930,-0.0386,-0.97,828,-0.0283,-0.66,3,8,-29.3,2,7,9,14
1758,-0.0142,0.36,0.976,-0.39,221.4,69.0,930,-0.0282,-0.57,828,0.0014,0.03,3,8,-43.7,2,7,9,16
1758,-0.0056,0.359,0.99,-0.15,221.4,70.0,930,-0.0181,-0.35,828,0.0083,0.15,3,8,-41.6,2,7,9,17
1758,0.0086,0.354,1.014,0.22,221.4,72.4,930,-0.0127,-0.24,828,0.0326,0.57,3,8,-44.6,2,7,9,18
1758,0.0044,0.346,1.007,0.11,221.4,68.6,930,-0.0143,-0.26,828,0.0255,0.44,4,8,-43.1,2,7,9,20
1758,0.0026,0.341,1.004,0.06,221.4,73.0,930,-0.0252,-0.45,828,0.0339,0.57,4,8,-44.4,2,7,9,21
1850,-0.0542,0.444,0.851,-2.65,233.0,107.0,987,-0.0579,-2.04,863,-0.05,-1.7,1,8,-29.6,2,7,10,12
1850,-0.0251,0.41,0.948,-0.89,233.0,70.1,987,-0.0238,-0.62,863,-0.0265,-0.63,4,8,-32.9,2,7,10,14
1850,-0.0152,0.363,0.974,-0.43,233.0,69.8,987,-0.0301,-0.63,863,0.0019,0.04,4,8,-49.4,2,7,10,16
1850,-0.0074,0.361,0.987,-0.2,233.0,72.0,987,-0.0215,-0.43,863,0.0087,0.16,4,8,-48.7,2,7,10,17
1850,0.0026,0.354,1.004,0.07,233.0,78.2,987,-0.0203,-0.39,863,0.0289,0.52,3,8,-52.1,2,7,10,18
1850,-0.0037,0.345,0.994,-0.1,233.0,72.9,987,-0.0243,-0.46,863,0.0199,0.35,4,8,-50.1,2,7,10,20
1850,-0.0059,0.342,0.991,-0.15,233.0,78.4,987,-0.035,-0.66,863,0.0273,0.47,5,8,-51.3,2,7,10,21
1894,-0.0535,0.444,0.851,-2.67,238.5,107.6,1007,-0.0565,-2.02,887,-0.0501,-1.75,1,8,-30.1,2,7,11,12
1894,-0.0221,0.411,0.954,-0.79,238.5,65.1,1007,-0.0204,-0.54,887,-0.024,-0.59,4,8,-34.7,2,7,11,14
1894,-0.0128,0.364,0.978,-0.37,238.5,71.5,1007,-0.0268,-0.57,887,0.003,0.06,4,8,-51.5,2,7,11,16
1894,-0.0051,0.362,0.991,-0.14,238.5,74.0,1007,-0.0178,-0.36,887,0.0094,0.18,4,8,-50.8,2,7,11,17
1894,0.0049,0.356,1.008,0.13,238.5,80.0,1007,-0.0162,-0.32,887,0.0287,0.52,3,8,-54.2,2,7,11,18
1894,-0.0001,0.347,1.0,-0.0,238.5,71.7,1007,-0.0181,-0.35,887,0.0202,0.36,4,8,-52.2,2,7,11,20
1894,-0.0013,0.345,0.998,-0.03,238.5,78.5,1007,-0.0272,-0.52,887,0.0281,0.49,5,8,-53.3,2,7,11,21
1923,-0.054,0.443,0.849,-2.74,242.2,110.0,1023,-0.0567,-2.06,900,-0.0509,-1.8,1,8,-29.5,2,7,12,12
1923,-0.0201,0.411,0.958,-0.73,242.2,60.9,1023,-0.0207,-0.55,900,-0.0193,-0.47,4,8,-35.8,2,7,12,14
1923,-0.0115,0.365,0.98,-0.33,242.2,73.1,1023,-0.0292,-0.63,900,0.0086,0.17,3,8,-52.8,2,7,12,16
1923,-0.0034,0.363,0.994,-0.1,242.2,76.6,1023,-0.0189,-0.39,900,0.0142,0.27,3,8,-52.4,2,7,12,17
1923,0.0068,0.357,1.011,0.18,242.2,81.7,1023,-0.0172,-0.34,900,0.034,0.62,3,8,-55.3,2,7,12,18
1923,0.0028,0.347,1.005,0.07,242.2,70.8,1023,-0.0187,-0.36,900,0.0271,0.49,4,8,-53.8,2,7,12,20
1923,0.0015,0.346,1.002,0.04,242.2,77.4,1023,-0.0274,-0.53,900,0.0344,0.6,5,8,-55.4,2,7,12,21
1959,-0.0226,0.41,0.953,-0.83,246.7,68.3,1041,-0.0196,-0.53,918,-0.0261,-0.65,4,8,-35.8,2,7,13,14
1959,-0.0152,0.362,0.973,-0.45,246.7,78.6,1041,-0.0271,-0.59,918,-0.0018,-0.04,3,8,-52.9,2,7,13,16
1959,-0.0087,0.361,0.985,-0.25,246.7,83.9,1041,-0.0177,-0.37,918,0.0014,0.03,3,8,-54.0,2,7,13,17
1959,0.0012,0.355,1.002,0.03,246.7,89.8,1041,-0.0154,-0.31,918,0.02,0.37,3,8,-57.2,2,7,13,18
1959,-0.0025,0.345,0.996,-0.07,246.7,79.0,1041,-0.016,-0.31,918,0.0128,0.23,4,8,-54.9,2,7,13,20
1959,-0.004,0.345,0.994,-0.11,246.7,83.8,1041,-0.0244,-0.47,918,0.019,0.34,5,8,-56.4,2,7,13,21
1998,-0.0227,0.408,0.952,-0.84,251.6,68.8,1061,-0.0186,-0.51,937,-0.0273,-0.69,4,8,-36.5,2,7,14,14
2014,-0.0142,0.364,0.975,-0.43,253.7,74.1,1069,-0.0237,-0.53,945,-0.0035,-0.07,4,8,-51.3,2,7,15,16
2014,-0.0077,0.364,0.987,-0.22,253.7,78.7,1069,-0.0141,-0.3,945,-0.0003,-0.01,4,8,-51.3,2,7,15,17
2014,0.0013,0.358,1.002,0.04,253.7,84.6,1069,-0.0155,-0.32,945,0.0203,0.39,3,8,-53.8,2,7,15,18
2014,-0.0039,0.347,0.994,-0.11,253.7,75.8,1069,-0.0172,-0.34,945,0.0112,0.21,5,8,-52.5,2,7,15,20
2014,-0.0058,0.346,0.991,-0.16,253.7,85.9,1069,-0.025,-0.49,945,0.016,0.29,4,8,-54.2,2,7,15,21
1294,-0.0775,0.431,0.743,-4.05,163.1,102.9,704,-0.0991,-3.77,590,-0.0517,-1.85,0,8,-17.7,2,8,9,12
1294,-0.0358,0.423,0.916,-1.21,163.1,60.1,704,-0.0502,-1.32,590,-0.0186,-0.4,3,8,-22.3,2,8,9,14
1294,-0.0045,0.393,0.992,-0.11,163.1,46.3,704,-0.029,-0.59,590,0.0248,0.4,3,8,-28.5,2,8,9,16
1294,0.0001,0.386,1.0,0.0,163.1,49.4,704,-0.015,-0.29,590,0.0181,0.29,4,8,-23.7,2,8,9,17
1294,0.0228,0.377,1.042,0.53,163.1,35.5,704,-0.0099,-0.18,590,0.0618,0.92,5,8,-18.8,2,8,9,18
1294,0.0247,0.37,1.044,0.55,163.1,38.9,704,-0.0157,-0.28,590,0.073,1.01,6,8,-16.0,2,8,9,20
1294,0.0188,0.367,1.033,0.42,163.1,39.7,704,-0.0309,-0.56,590,0.0781,1.06,4,8,-15.8,2,8,9,21
1530,-0.0602,0.433,0.79,-3.43,192.7,96.3,833,-0.0664,-2.74,697,-0.0528,-2.08,0,8,-18.7,2,8,10,12
1530,-0.0266,0.43,0.937,-0.99,192.7,58.7,833,-0.0272,-0.77,697,-0.0259,-0.62,3,8,-24.7,2,8,10,14
1530,-0.0127,0.395,0.976,-0.36,192.7,52.9,833,-0.0322,-0.73,697,0.0106,0.19,3,8,-34.3,2,8,10,16
1530,-0.0091,0.388,0.983,-0.25,192.7,56.9,833,-0.0198,-0.42,697,0.0036,0.06,4,8,-30.0,2,8,10,17
1530,0.0081,0.38,1.015,0.21,192.7,40.7,833,-0.0174,-0.36,697,0.0385,0.65,4,8,-25.9,2,8,10,18
1530,0.0103,0.371,1.018,0.26,192.7,43.1,833,-0.0214,-0.43,697,0.0483,0.76,5,8,-21.5,2,8,10,20
1530,0.0037,0.371,1.007,0.09,192.7,43.0,833,-0.0353,-0.72,697,0.0503,0.78,5,8,-21.5,2,8,10,21
1647,-0.0589,0.43,0.788,-3.56,207.4,104.0,884,-0.0644,-2.76,763,-0.0525,-2.25,0,8,-20.3,2,8,11,12
1647,-0.0296,0.43,0.929,-1.15,207.4,65.2,884,-0.0289,-0.85,763,-0.0303,-0.78,2,8,-28.9,2,8,11,14
1647,-0.0133,0.397,0.974,-0.4,207.4,54.6,884,-0.0351,-0.83,763,0.012,0.23,4,8,-36.9,2,8,11,16
1647,-0.006,0.389,0.989,-0.17,207.4,53.1,884,-0.0196,-0.43,763,0.0098,0.19,4,8,-30.3,2,8,11,17
1647,0.01,0.381,1.019,0.28,207.4,39.8,884,-0.0172,-0.37,763,0.0415,0.74,4,8,-26.4,2,8,11,18
1647,0.014,0.373,1.025,0.37,207.4,41.5,884,-0.0194,-0.41,763,0.0528,0.88,4,8,-22.4,2,8,11,20
1647,0.0083,0.374,1.015,0.22,207.4,41.8,884,-0.0321,-0.67,763,0.0552,0.91,4,8,-22.7,2,8,11,21
1749,-0.0576,0.427,0.787,-3.67,220.3,105.2,932,-0.0632,-2.85,817,-0.0511,-2.32,0,8,-21.1,2,8,12,12
1749,-0.0209,0.433,0.949,-0.84,220.3,49.6,932,-0.0337,-1.04,817,-0.0063,-0.16,3,8,-25.1,2,8,12,14
1749,0.0006,0.404,1.001,0.02,220.3,45.3,932,-0.0334,-0.81,817,0.0395,0.78,4,8,-29.9,2,8,12,16
1749,0.0116,0.397,1.022,0.34,220.3,40.8,932,-0.0127,-0.29,817,0.0392,0.76,4,8,-23.4,2,8,12,17
1749,0.0278,0.388,1.053,0.79,220.3,36.3,932,-0.0072,-0.16,817,0.0678,1.25,3,8,-18.6,2,8,12,18
1749,0.0304,0.38,1.056,0.83,220.3,36.9,932,-0.008,-0.17,817,0.0743,1.28,4,8,-16.0,2,8,12,20
1749,0.0258,0.381,1.047,0.7,220.3,41.0,932,-0.0186,-0.4,817,0.0765,1.3,4,8,-17.5,2,8,12,21
1842,-0.0233,0.43,0.942,-0.97,232.0,55.7,970,-0.0349,-1.11,872,-0.0104,-0.28,3,8,-21.2,2,8,13,14
1842,-0.0013,0.403,0.997,-0.04,232.0,45.7,970,-0.0328,-0.81,872,0.0337,0.7,4,8,-32.2,2,8,13,16
1842,0.0067,0.396,1.013,0.21,232.0,41.2,970,-0.0126,-0.3,872,0.0281,0.57,4,8,-26.8,2,8,13,17
1842,0.0209,0.385,1.04,0.62,232.0,37.7,970,-0.007,-0.16,872,0.0518,1.01,3,8,-18.0,2,8,13,18
1842,0.0211,0.377,1.039,0.6,232.0,37.8,970,-0.0102,-0.23,872,0.056,1.01,3,8,-20.3,2,8,13,20
1842,0.015,0.379,1.027,0.42,232.0,41.6,970,-0.0214,-0.47,872,0.0554,0.99,4,8,-18.5,2,8,13,21
1942,-0.0266,0.425,0.933,-1.15,244.6,63.1,1019,-0.0385,-1.26,923,-0.0134,-0.38,2,8,-22.0,2,8,14,14
1983,-0.0046,0.403,0.991,-0.15,249.8,49.9,1042,-0.04,-1.05,941,0.0346,0.76,4,8,-38.5,2,8,15,16
1983,0.0024,0.398,1.005,0.08,249.8,43.1,1042,-0.0222,-0.55,941,0.0295,0.63,4,8,-30.7,2,8,15,17
1983,0.0131,0.387,1.026,0.41,249.8,39.4,1042,-0.0224,-0.53,941,0.0525,1.08,4,8,-22.6,2,8,15,18
1983,0.0092,0.376,1.017,0.28,249.8,42.0,1042,-0.0286,-0.67,941,0.0511,0.98,4,8,-24.8,2,8,15,20
1983,0.0033,0.376,1.006,0.1,249.8,44.0,1042,-0.038,-0.88,941,0.0491,0.93,4,8,-22.7,2,8,15,21
948,-0.0455,0.406,0.787,-2.6,119.4,44.9,536,-0.0314,-1.31,412,-0.0639,-2.53,1,8,-11.3,2,9,10,12
948,-0.0196,0.443,0.944,-0.68,119.4,32.8,536,-0.0111,-0.29,412,-0.0306,-0.69,3,8,-11.9,2,9,10,14
948,-0.0291,0.415,0.935,-0.79,119.4,37.3,536,-0.0553,-1.19,412,0.0049,0.08,3,8,-21.5,2,9,10,16
948,-0.0227,0.423,0.951,-0.6,119.4,32.9,536,-0.045,-0.92,412,0.0064,0.11,3,8,-20.3,2,9,10,17
948,-0.0141,0.408,0.97,-0.36,119.4,29.9,536,-0.0513,-1.02,412,0.0342,0.56,4,8,-22.2,2,9,10,18
948,-0.0075,0.401,0.985,-0.18,119.4,30.7,536,-0.0503,-0.98,412,0.0481,0.71,4,8,-20.9,2,9,10,20
948,-0.0205,0.403,0.959,-0.5,119.4,34.8,536,-0.0644,-1.26,412,0.0366,0.55,3,8,-20.3,2,9,10,21
1238,-0.0388,0.413,0.806,-2.65,155.9,52.1,673,-0.0359,-1.74,565,-0.0422,-2.05,2,8,-13.0,2,9,11,12
1238,-0.0032,0.452,0.99,-0.13,155.9,27.7,673,-0.0133,-0.4,565,0.0088,0.23,3,8,-12.6,2,9,11,14
1238,-0.0055,0.428,0.987,-0.17,155.9,40.0,673,-0.0569,-1.38,565,0.0557,1.09,3,8,-23.1,2,9,11,16
1238,0.0028,0.423,1.006,0.08,155.9,36.4,673,-0.0414,-0.95,565,0.0555,1.06,3,8,-18.1,2,9,11,17
1238,0.0174,0.413,1.038,0.5,155.9,30.8,673,-0.0364,-0.8,565,0.0814,1.51,4,8,-16.2,2,9,11,18
1238,0.0251,0.405,1.052,0.68,155.9,31.9,673,-0.028,-0.59,565,0.0882,1.52,4,8,-12.8,2,9,11,20
1238,0.0127,0.409,1.026,0.34,155.9,37.0,673,-0.0425,-0.9,565,0.0784,1.35,3,8,-12.9,2,9,11,21
1440,-0.0382,0.408,0.797,-2.97,181.4,60.5,768,-0.038,-2.06,672,-0.0385,-2.16,2,8,-17.2,2,9,12,12
1440,0.0124,0.457,1.038,0.53,181.4,25.8,768,-0.0089,-0.29,672,0.0368,1.0,4,8,-12.3,2,9,12,14
1440,0.0175,0.436,1.041,0.57,181.4,40.0,768,-0.0373,-0.95,672,0.08,1.66,3,8,-24.4,2,9,12,16
1440,0.0284,0.433,1.065,0.88,181.4,35.0,768,-0.0182,-0.43,672,0.0816,1.65,3,8,-19.5,2,9,12,17
1440,0.0402,0.418,1.089,1.21,181.4,30.2,768,-0.0135,-0.31,672,0.1016,1.99,4,8,-13.0,2,9,12,18
1440,0.0471,0.408,1.1,1.36,181.4,30.7,768,-0.0028,-0.06,672,0.1043,1.93,4,8,-6.8,2,9,12,20
1440,0.0396,0.417,1.082,1.13,181.4,34.8,768,-0.0127,-0.28,672,0.0993,1.83,4,8,-6.8,2,9,12,21
1628,-0.0006,0.449,0.998,-0.03,205.0,35.2,858,-0.0184,-0.65,770,0.0192,0.57,5,8,-20.0,2,9,13,14
1628,0.0088,0.431,1.021,0.31,205.0,45.2,858,-0.038,-1.03,770,0.061,1.38,3,8,-31.1,2,9,13,16
1628,0.0147,0.425,1.033,0.49,205.0,39.7,858,-0.0177,-0.45,770,0.0507,1.13,3,8,-26.4,2,9,13,17
1628,0.0236,0.41,1.053,0.77,205.0,35.4,858,-0.0145,-0.35,770,0.066,1.43,3,8,-20.5,2,9,13,18
1628,0.0267,0.4,1.056,0.83,205.0,35.5,858,-0.0068,-0.16,770,0.0641,1.31,4,8,-16.4,2,9,13,20
1628,0.0171,0.407,1.035,0.53,205.0,40.6,858,-0.0175,-0.41,770,0.0555,1.13,3,8,-15.9,2,9,13,21
1840,-0.0109,0.439,0.966,-0.55,231.7,39.8,971,-0.0309,-1.2,869,0.0115,0.37,2,8,-23.8,2,9,14,14
1924,-0.0024,0.427,0.994,-0.1,242.3,54.2,1024,-0.0448,-1.38,900,0.0458,1.15,3,8,-39.9,2,9,15,16
1924,0.0054,0.424,1.013,0.2,242.3,45.6,1024,-0.0243,-0.7,900,0.0392,0.96,4,8,-32.4,2,9,15,17
1924,0.0134,0.411,1.03,0.49,242.3,41.5,1024,-0.0263,-0.73,900,0.0586,1.39,3,8,-27.7,2,9,15,18
1924,0.0091,0.398,1.019,0.32,242.3,39.7,1024,-0.0282,-0.76,900,0.0515,1.16,3,8,-17.2,2,9,15,20
1924,-0.0007,0.402,0.999,-0.02,242.3,45.6,1024,-0.0381,-1.01,900,0.0419,0.93,4,8,-21.5,2,9,15,21
