n,avg_R,win_rate,PF,t_stat,trades_per_year,maxDD_R,L_n,L_avg,L_t,S_n,S_avg,S_t,yrs_pos,yrs_n,worst_yr,rs,re,ee,ex,gross_avg,gross_t,gross_L,gross_S,med_width
1587,-0.0154,0.425,0.961,-0.57,199.9,43.0,878,-0.0564,-1.6,709,0.0354,0.85,2,8,-31.9,7,12.5,14,16,0.0657,2.34,0.0269,0.1079,6.039999999999964
1587,-0.006,0.418,0.986,-0.21,199.9,45.7,878,-0.0397,-1.05,709,0.0358,0.82,4,8,-27.2,7,12.5,14,17,0.0748,2.5,0.0446,0.1077,6.039999999999964
1587,0.0009,0.418,1.002,0.03,199.9,39.7,878,-0.0451,-1.14,709,0.0579,1.26,4,8,-22.5,7,12.5,14,18,0.0839,2.7,0.0374,0.1346,6.039999999999964
1587,-0.0002,0.417,1.0,-0.01,199.9,35.6,878,-0.0467,-1.16,709,0.0575,1.25,4,8,-19.8,7,12.5,14,19,0.079,2.5,0.0331,0.1289,6.039999999999964
1587,-0.0062,0.407,0.987,-0.2,199.9,37.1,878,-0.047,-1.13,709,0.0444,0.95,3,8,-19.0,7,12.5,14,20,0.0744,2.29,0.0308,0.1219,6.039999999999964
1587,-0.0142,0.401,0.97,-0.45,199.9,43.8,878,-0.05,-1.16,709,0.0301,0.64,3,8,-21.4,7,12.5,14,21,0.0651,1.97,0.0257,0.1079,6.039999999999964
1818,-0.0221,0.421,0.942,-0.92,229.0,55.0,990,-0.0612,-1.92,828,0.0246,0.67,2,8,-29.2,7,12.5,15,16,0.0522,2.11,0.0122,0.0952,6.180000000000064
1818,-0.0139,0.42,0.966,-0.54,229.0,53.7,990,-0.0423,-1.23,828,0.02,0.52,3,8,-22.3,7,12.5,15,17,0.0598,2.27,0.0324,0.0894,6.180000000000064
1818,-0.0138,0.416,0.968,-0.51,229.0,56.1,990,-0.0532,-1.49,828,0.0334,0.83,3,8,-18.7,7,12.5,15,18,0.063,2.29,0.0224,0.1066,6.180000000000064
1818,-0.0156,0.417,0.965,-0.57,229.0,51.9,990,-0.0601,-1.64,828,0.0375,0.92,3,8,-21.6,7,12.5,15,19,0.0585,2.09,0.0143,0.1059,6.180000000000064
1818,-0.0231,0.404,0.949,-0.83,229.0,62.7,990,-0.0623,-1.65,828,0.0238,0.57,3,8,-19.1,7,12.5,15,20,0.0527,1.83,0.0113,0.0971,6.180000000000064
1818,-0.0283,0.4,0.939,-0.99,229.0,69.3,990,-0.0641,-1.64,828,0.0144,0.35,2,8,-21.2,7,12.5,15,21,0.0472,1.61,0.0089,0.0884,6.180000000000064
1915,-0.0205,0.421,0.945,-0.89,241.2,56.4,1031,-0.06,-1.96,884,0.0257,0.74,2,8,-26.7,7,12.5,16,16,0.0538,2.3,0.0145,0.0951,6.279999999999973
1915,-0.0116,0.423,0.971,-0.47,241.2,52.9,1031,-0.0392,-1.18,884,0.0206,0.56,3,8,-21.1,7,12.5,16,17,0.0627,2.51,0.0364,0.0903,6.279999999999973
1915,-0.0113,0.421,0.973,-0.44,241.2,53.9,1031,-0.0472,-1.37,884,0.0305,0.8,2,8,-17.9,7,12.5,16,18,0.0655,2.51,0.0302,0.1026,6.279999999999973
1915,-0.0144,0.42,0.967,-0.55,241.2,51.1,1031,-0.0544,-1.54,884,0.0323,0.84,3,8,-19.5,7,12.5,16,19,0.0604,2.28,0.0219,0.1009,6.279999999999973
1915,-0.0212,0.408,0.953,-0.79,241.2,61.6,1031,-0.0577,-1.58,884,0.0214,0.55,3,8,-16.8,7,12.5,16,20,0.0557,2.04,0.0182,0.095,6.279999999999973
1915,-0.0264,0.404,0.942,-0.97,241.2,69.2,1031,-0.06,-1.59,884,0.0128,0.32,2,8,-20.2,7,12.5,16,21,0.0491,1.76,0.0142,0.0856,6.279999999999973
1941,-0.0115,0.424,0.971,-0.47,244.5,53.3,1048,-0.0384,-1.18,893,0.0201,0.56,3,8,-21.5,7,12.5,17,17,0.0621,2.53,0.0361,0.0897,6.329999999999927
1941,-0.0112,0.422,0.973,-0.44,244.5,54.3,1048,-0.0453,-1.33,893,0.0289,0.76,2,8,-18.3,7,12.5,17,18,0.0648,2.52,0.0307,0.1009,6.329999999999927
1941,-0.0135,0.42,0.968,-0.52,244.5,51.5,1048,-0.0512,-1.46,893,0.0307,0.81,3,8,-19.7,7,12.5,17,19,0.0603,2.31,0.0238,0.0992,6.329999999999927
1941,-0.0197,0.408,0.956,-0.74,244.5,61.9,1048,-0.054,-1.5,893,0.0207,0.53,3,8,-16.6,7,12.5,17,20,0.0557,2.07,0.0197,0.0941,6.329999999999927
1941,-0.0253,0.403,0.944,-0.94,244.5,69.4,1048,-0.057,-1.53,893,0.0119,0.31,2,8,-20.0,7,12.5,17,21,0.0488,1.77,0.0151,0.0846,6.329999999999927
1459,-0.023,0.413,0.941,-0.84,183.8,49.2,801,-0.0487,-1.33,658,0.0084,0.21,3,8,-30.0,7,13.0,14,16,0.0583,2.05,0.0453,0.0721,6.317000000000007
1459,-0.0137,0.418,0.967,-0.47,183.8,49.7,801,-0.0339,-0.86,658,0.0108,0.25,4,8,-25.5,7,13.0,14,17,0.0684,2.26,0.0637,0.0734,6.317000000000007
1459,-0.0063,0.421,0.985,-0.21,183.8,44.2,801,-0.0432,-1.07,658,0.0387,0.85,3,8,-21.3,7,13.0,14,18,0.0761,2.41,0.0516,0.1021,6.317000000000007
1459,-0.0115,0.413,0.974,-0.38,183.8,43.4,801,-0.0464,-1.12,658,0.0309,0.68,4,8,-23.0,7,13.0,14,19,0.0668,2.1,0.0437,0.0913,6.317000000000007
1459,-0.0192,0.409,0.958,-0.61,183.8,42.9,801,-0.0528,-1.24,658,0.0216,0.47,4,8,-22.2,7,13.0,14,20,0.0609,1.86,0.0367,0.0868,6.317000000000007
1459,-0.0282,0.398,0.939,-0.88,183.8,52.9,801,-0.0562,-1.28,658,0.0058,0.13,3,8,-24.8,7,13.0,14,21,0.0523,1.57,0.033,0.0729,6.317000000000007
1753,-0.0282,0.412,0.923,-1.2,220.8,65.3,949,-0.0504,-1.59,804,-0.002,-0.06,2,8,-27.4,7,13.0,15,16,0.0447,1.86,0.0282,0.0621,6.5
1753,-0.0216,0.419,0.945,-0.87,220.8,64.1,949,-0.0353,-1.04,804,-0.0055,-0.15,2,8,-22.9,7,13.0,15,17,0.0513,2.0,0.0454,0.0575,6.5
1753,-0.0215,0.418,0.948,-0.82,220.8,67.4,949,-0.0482,-1.36,804,0.0101,0.26,1,8,-21.0,7,13.0,15,18,0.0529,1.98,0.0328,0.0742,6.5
1753,-0.0245,0.416,0.942,-0.92,220.8,64.9,949,-0.0545,-1.51,804,0.011,0.28,3,8,-25.7,7,13.0,15,19,0.0472,1.74,0.0246,0.0711,6.5
1753,-0.0337,0.405,0.923,-1.24,220.8,77.5,949,-0.0599,-1.6,804,-0.0028,-0.07,2,8,-24.3,7,13.0,15,20,0.0393,1.4,0.019,0.0608,6.5
1753,-0.0389,0.398,0.914,-1.4,220.8,84.0,949,-0.0604,-1.56,804,-0.0136,-0.34,2,8,-26.4,7,13.0,15,21,0.0356,1.24,0.0195,0.0525,6.5
1877,-0.0259,0.412,0.926,-1.18,236.4,64.7,999,-0.0472,-1.56,878,-0.0017,-0.05,2,8,-25.3,7,13.0,16,16,0.0458,2.05,0.0307,0.0612,6.643000000000029
1877,-0.0188,0.421,0.95,-0.8,236.4,62.1,999,-0.0299,-0.92,878,-0.0063,-0.18,3,8,-23.1,7,13.0,16,17,0.0539,2.25,0.0511,0.0567,6.643000000000029
1877,-0.0196,0.422,0.951,-0.79,236.4,64.4,999,-0.04,-1.18,878,0.0037,0.1,2,8,-20.1,7,13.0,16,18,0.0545,2.18,0.0422,0.0671,6.643000000000029
1877,-0.0237,0.42,0.942,-0.95,236.4,63.4,999,-0.0466,-1.34,878,0.0023,0.06,2,8,-24.2,7,13.0,16,19,0.0483,1.9,0.0341,0.0627,6.643000000000029
1877,-0.0325,0.41,0.924,-1.26,236.4,76.7,999,-0.0531,-1.48,878,-0.009,-0.24,1,8,-22.0,7,13.0,16,20,0.0409,1.56,0.0268,0.0552,6.643000000000029
1877,-0.0384,0.402,0.912,-1.46,236.4,85.6,999,-0.0548,-1.47,878,-0.0198,-0.53,2,8,-26.5,7,13.0,16,21,0.0353,1.32,0.0247,0.0462,6.643000000000029
1915,-0.0192,0.42,0.949,-0.83,241.2,63.0,1023,-0.0301,-0.94,892,-0.0068,-0.2,2,8,-24.0,7,13.0,17,17,0.0529,2.27,0.0493,0.0566,6.75
1915,-0.0193,0.423,0.951,-0.8,241.2,64.7,1023,-0.0385,-1.16,892,0.0027,0.08,2,8,-20.3,7,13.0,17,18,0.0536,2.19,0.0413,0.0663,6.75
1915,-0.0223,0.419,0.945,-0.91,241.2,63.7,1023,-0.0436,-1.28,892,0.002,0.06,2,8,-24.6,7,13.0,17,19,0.0483,1.94,0.0351,0.0619,6.75
1915,-0.0297,0.411,0.93,-1.17,241.2,76.2,1023,-0.0487,-1.38,892,-0.0079,-0.22,1,8,-22.0,7,13.0,17,20,0.0419,1.63,0.029,0.0552,6.75
1915,-0.0364,0.402,0.916,-1.4,241.2,85.5,1023,-0.0516,-1.41,892,-0.0189,-0.52,2,8,-26.9,7,13.0,17,21,0.0358,1.36,0.0259,0.0461,6.75
1335,-0.0317,0.418,0.914,-1.19,168.1,55.2,727,-0.0387,-1.06,608,-0.0235,-0.6,3,8,-25.3,7,13.25,14,16,0.0446,1.6,0.0467,0.0425,6.589999999999918
1335,-0.0252,0.426,0.936,-0.9,168.1,55.1,727,-0.0259,-0.67,608,-0.0243,-0.6,4,8,-24.8,7,13.25,14,17,0.0534,1.82,0.0625,0.0439,6.589999999999918
1335,-0.016,0.431,0.961,-0.55,168.1,46.3,727,-0.0323,-0.81,608,0.0035,0.08,3,8,-23.8,7,13.25,14,18,0.0643,2.11,0.0554,0.0736,6.589999999999918
1335,-0.0206,0.425,0.951,-0.69,168.1,45.2,727,-0.0372,-0.91,608,-0.0007,-0.02,4,8,-20.3,7,13.25,14,19,0.0568,1.83,0.0465,0.0675,6.589999999999918
1335,-0.0273,0.419,0.937,-0.89,168.1,48.1,727,-0.045,-1.06,608,-0.0061,-0.14,3,8,-25.1,7,13.25,14,20,0.0521,1.62,0.0387,0.0661,6.589999999999918
1335,-0.034,0.412,0.923,-1.09,168.1,54.9,727,-0.0444,-1.01,608,-0.0217,-0.49,3,8,-26.9,7,13.25,14,21,0.0458,1.39,0.0394,0.0524,6.589999999999918
1694,-0.038,0.416,0.89,-1.73,213.4,77.0,908,-0.0471,-1.55,786,-0.0275,-0.87,1,8,-29.5,7,13.25,15,16,0.0329,1.46,0.0285,0.0374,6.811500000000137
1694,-0.0323,0.426,0.913,-1.39,213.4,76.1,908,-0.0345,-1.06,786,-0.0298,-0.89,3,8,-26.8,7,13.25,15,17,0.0394,1.65,0.0427,0.0359,6.811500000000137
1694,-0.0323,0.424,0.917,-1.33,213.4,79.9,908,-0.0459,-1.36,786,-0.0166,-0.47,1,8,-26.0,7,13.25,15,18,0.0415,1.66,0.0323,0.051,6.811500000000137
1694,-0.0343,0.425,0.915,-1.38,213.4,78.1,908,-0.0524,-1.51,786,-0.0134,-0.37,2,8,-28.3,7,13.25,15,19,0.0371,1.45,0.0237,0.0508,6.811500000000137
1694,-0.0437,0.411,0.896,-1.7,213.4,89.1,908,-0.0587,-1.64,786,-0.0262,-0.71,2,8,-26.8,7,13.25,15,20,0.0289,1.09,0.0175,0.0407,6.811500000000137
1694,-0.0462,0.409,0.893,-1.75,213.4,93.8,908,-0.0567,-1.52,786,-0.0339,-0.92,2,8,-28.7,7,13.25,15,21,0.0275,1.01,0.0201,0.0351,6.811500000000137
1842,-0.0355,0.415,0.892,-1.74,232.0,77.4,966,-0.0442,-1.54,876,-0.026,-0.9,1,8,-29.5,7,13.25,16,16,0.034,1.65,0.0306,0.0374,6.981500000000096
1842,-0.0301,0.428,0.916,-1.39,232.0,76.8,966,-0.03,-0.98,876,-0.0302,-0.99,2,8,-26.5,7,13.25,16,17,0.0414,1.88,0.0473,0.0357,6.981500000000096
1842,-0.0302,0.428,0.919,-1.33,232.0,77.4,966,-0.0378,-1.18,876,-0.0218,-0.68,2,8,-25.8,7,13.25,16,18,0.0429,1.85,0.0412,0.0445,6.981500000000096
1842,-0.0329,0.428,0.916,-1.41,232.0,77.2,966,-0.0437,-1.32,876,-0.0209,-0.64,2,8,-28.4,7,13.25,16,19,0.0386,1.63,0.0343,0.0428,6.981500000000096
1842,-0.0418,0.416,0.898,-1.74,232.0,89.5,966,-0.0516,-1.5,876,-0.031,-0.92,1,8,-28.0,7,13.25,16,20,0.0305,1.24,0.0266,0.0345,6.981500000000096
1842,-0.0456,0.412,0.891,-1.84,232.0,97.2,966,-0.0515,-1.44,876,-0.0391,-1.15,2,8,-30.7,7,13.25,16,21,0.0268,1.06,0.0258,0.0279,6.981500000000096
1886,-0.0295,0.427,0.916,-1.39,237.5,78.0,993,-0.0287,-0.96,893,-0.0303,-1.01,2,8,-26.6,7,13.25,17,17,0.0411,1.91,0.0466,0.0356,7.019999999999982
1886,-0.0291,0.429,0.921,-1.31,237.5,77.6,993,-0.0352,-1.12,893,-0.0224,-0.71,2,8,-25.3,7,13.25,17,18,0.0424,1.88,0.0408,0.044,7.019999999999982
1886,-0.0307,0.427,0.92,-1.34,237.5,77.0,993,-0.0397,-1.23,893,-0.0207,-0.64,1,8,-28.3,7,13.25,17,19,0.0392,1.69,0.0359,0.0426,7.019999999999982
1886,-0.0384,0.417,0.905,-1.62,237.5,88.4,993,-0.0459,-1.37,893,-0.03,-0.91,1,8,-27.4,7,13.25,17,20,0.0322,1.34,0.0297,0.0348,7.019999999999982
1886,-0.0425,0.412,0.897,-1.75,237.5,96.1,993,-0.0466,-1.33,893,-0.0379,-1.13,2,8,-30.5,7,13.25,17,21,0.0284,1.15,0.0284,0.0284,7.019999999999982
1081,-0.0255,0.42,0.923,-0.98,136.2,41.7,592,-0.0341,-0.97,489,-0.0149,-0.39,2,8,-16.1,7,13.5,14,16,0.0325,1.19,0.0235,0.0418,7.189999999999827
1081,-0.0148,0.438,0.958,-0.54,136.2,38.3,592,-0.0225,-0.6,489,-0.0055,-0.13,2,8,-13.5,7,13.5,14,17,0.0444,1.53,0.0367,0.0524,7.189999999999827
1081,-0.0019,0.444,0.995,-0.07,136.2,30.9,592,-0.0253,-0.66,489,0.0263,0.6,3,8,-12.8,7,13.5,14,18,0.0602,1.98,0.0357,0.0855,7.189999999999827
1081,-0.0075,0.442,0.98,-0.26,136.2,27.4,592,-0.0325,-0.83,489,0.0227,0.51,3,8,-15.6,7,13.5,14,19,0.0542,1.75,0.0288,0.0804,7.189999999999827
1081,-0.0098,0.437,0.975,-0.32,136.2,28.5,592,-0.0386,-0.95,489,0.0251,0.56,2,8,-16.6,7,13.5,14,20,0.0552,1.72,0.0219,0.0897,7.189999999999827
1081,-0.0182,0.426,0.955,-0.59,136.2,30.3,592,-0.0423,-0.99,489,0.0111,0.25,2,8,-18.5,7,13.5,14,21,0.0478,1.45,0.018,0.0786,7.189999999999827
1579,-0.036,0.42,0.882,-1.84,198.9,69.4,842,-0.0431,-1.61,737,-0.0278,-0.97,1,8,-17.9,7,13.5,15,16,0.026,1.29,0.0235,0.0285,7.329999999999927
1579,-0.0285,0.435,0.914,-1.35,198.9,62.5,842,-0.0317,-1.1,737,-0.0249,-0.81,2,8,-18.3,7,13.5,15,17,0.0326,1.5,0.035,0.0302,7.329999999999927
1579,-0.0282,0.433,0.919,-1.28,198.9,66.9,842,-0.0415,-1.38,737,-0.013,-0.4,1,8,-17.9,7,13.5,15,18,0.0337,1.48,0.0244,0.0434,7.329999999999927
1579,-0.0289,0.434,0.921,-1.27,198.9,58.0,842,-0.0477,-1.54,737,-0.0073,-0.22,2,8,-19.5,7,13.5,15,19,0.0308,1.31,0.016,0.0461,7.329999999999927
1579,-0.0371,0.421,0.903,-1.57,198.9,69.9,842,-0.0544,-1.68,737,-0.0172,-0.5,1,8,-18.9,7,13.5,15,20,0.0244,1.0,0.0083,0.041,7.329999999999927
1579,-0.0413,0.417,0.895,-1.7,198.9,75.3,842,-0.0539,-1.58,737,-0.0268,-0.77,1,8,-20.8,7,13.5,15,21,0.0212,0.84,0.0085,0.0343,7.329999999999927
1775,-0.0328,0.417,0.886,-1.86,223.6,71.4,918,-0.0387,-1.56,857,-0.0265,-1.05,1,8,-19.5,7,13.5,16,16,0.029,1.61,0.0281,0.03,7.410000000000082
1775,-0.0223,0.44,0.929,-1.16,223.6,59.1,918,-0.0206,-0.76,857,-0.0241,-0.88,2,8,-17.4,7,13.5,16,17,0.0402,2.06,0.0485,0.0322,7.410000000000082
1775,-0.0225,0.439,0.932,-1.11,223.6,61.5,918,-0.0268,-0.95,857,-0.0178,-0.62,2,8,-16.8,7,13.5,16,18,0.0413,2.01,0.0439,0.0388,7.410000000000082
1775,-0.0239,0.439,0.931,-1.15,223.6,55.7,918,-0.0322,-1.1,857,-0.015,-0.51,3,8,-16.7,7,13.5,16,19,0.038,1.79,0.0385,0.0375,7.410000000000082
1775,-0.0333,0.428,0.909,-1.54,223.6,68.8,918,-0.0408,-1.33,857,-0.0252,-0.83,1,8,-15.9,7,13.5,16,20,0.0295,1.33,0.0291,0.03,7.410000000000082
1775,-0.038,0.423,0.9,-1.7,223.6,75.0,918,-0.0407,-1.26,857,-0.035,-1.14,1,8,-19.2,7,13.5,16,21,0.0253,1.11,0.0282,0.0226,7.410000000000082
1827,-0.0213,0.44,0.931,-1.14,230.1,59.8,948,-0.0195,-0.74,879,-0.0233,-0.88,2,8,-18.4,7,13.5,17,17,0.0402,2.12,0.0469,0.0336,7.440000000000055
1827,-0.0214,0.44,0.934,-1.09,230.1,61.6,948,-0.0245,-0.89,879,-0.0179,-0.64,2,8,-16.8,7,13.5,17,18,0.0406,2.04,0.0421,0.039,7.440000000000055
1827,-0.0215,0.439,0.937,-1.06,230.1,55.7,948,-0.0285,-1.0,879,-0.014,-0.48,3,8,-16.9,7,13.5,17,19,0.0381,1.85,0.038,0.0382,7.440000000000055
1827,-0.0296,0.429,0.918,-1.4,230.1,66.7,948,-0.0353,-1.18,879,-0.0235,-0.79,1,8,-15.6,7,13.5,17,20,0.0308,1.43,0.0301,0.0314,7.440000000000055
1827,-0.0346,0.423,0.907,-1.59,230.1,73.5,948,-0.0358,-1.14,879,-0.0334,-1.11,2,8,-19.2,7,13.5,17,21,0.0267,1.2,0.0296,0.0239,7.440000000000055
1250,-0.048,0.428,0.799,-2.97,157.5,77.1,667,-0.0415,-1.84,583,-0.0555,-2.4,2,8,-18.4,7,14.0,15,16,0.01,0.61,0.0175,0.0024,8.389999999999873
1250,-0.0484,0.436,0.819,-2.68,157.5,78.3,667,-0.0376,-1.48,583,-0.0608,-2.37,2,8,-17.1,7,14.0,15,17,0.0084,0.45,0.0197,-0.0032,8.389999999999873
1250,-0.0435,0.44,0.849,-2.2,157.5,78.7,667,-0.033,-1.18,583,-0.0554,-2.0,2,8,-15.1,7,14.0,15,18,0.0122,0.6,0.0187,0.0054,8.389999999999873
1250,-0.0432,0.438,0.857,-2.09,157.5,79.9,667,-0.0412,-1.41,583,-0.0455,-1.56,1,8,-17.9,7,14.0,15,19,0.0124,0.58,0.0096,0.0152,8.389999999999873
1250,-0.0542,0.425,0.831,-2.53,157.5,93.4,667,-0.048,-1.59,583,-0.0613,-2.03,1,8,-21.3,7,14.0,15,20,0.0048,0.22,0.0053,0.0043,8.389999999999873
1250,-0.0561,0.431,0.832,-2.51,157.5,91.9,667,-0.0455,-1.42,583,-0.0683,-2.21,1,8,-24.9,7,14.0,15,21,0.0024,0.1,0.0058,-0.001,8.389999999999873
1566,-0.043,0.42,0.804,-3.17,197.3,85.5,811,-0.0367,-1.91,755,-0.0497,-2.6,2,8,-20.5,7,14.0,16,16,0.0155,1.13,0.0229,0.0083,8.399999999999977
1566,-0.0394,0.443,0.843,-2.54,197.3,79.3,811,-0.0263,-1.19,755,-0.0534,-2.46,2,8,-19.4,7,14.0,16,17,0.0194,1.23,0.0335,0.0056,8.399999999999977
1566,-0.0376,0.444,0.861,-2.23,197.3,80.9,811,-0.0218,-0.89,755,-0.0545,-2.37,2,8,-19.9,7,14.0,16,18,0.022,1.28,0.0392,0.0052,8.399999999999977
1566,-0.0384,0.44,0.866,-2.17,197.3,84.0,811,-0.0236,-0.92,755,-0.0543,-2.24,1,8,-18.0,7,14.0,16,19,0.0212,1.17,0.037,0.0058,8.399999999999977
1566,-0.0493,0.432,0.84,-2.67,197.3,103.1,811,-0.031,-1.16,755,-0.0689,-2.72,1,8,-21.1,7,14.0,16,20,0.0109,0.58,0.0298,-0.0076,8.399999999999977
1566,-0.0533,0.435,0.834,-2.76,197.3,104.2,811,-0.0305,-1.07,755,-0.0779,-2.99,1,8,-26.5,7,14.0,16,21,0.0052,0.26,0.0263,-0.0155,8.399999999999977
1661,-0.0369,0.443,0.847,-2.51,209.3,80.1,866,-0.0228,-1.09,795,-0.0522,-2.53,2,8,-18.6,7,14.0,17,17,0.0214,1.45,0.0355,0.0072,8.490000000000009
1661,-0.0361,0.445,0.862,-2.26,209.3,82.4,866,-0.0212,-0.92,795,-0.0524,-2.38,2,8,-20.1,7,14.0,17,18,0.0222,1.38,0.0363,0.0079,8.490000000000009
1661,-0.0359,0.439,0.871,-2.12,209.3,84.0,866,-0.0216,-0.88,795,-0.0516,-2.22,1,8,-18.9,7,14.0,17,19,0.0221,1.29,0.0354,0.0086,8.490000000000009
1661,-0.0448,0.433,0.85,-2.53,209.3,101.8,866,-0.025,-0.98,795,-0.0664,-2.73,1,8,-20.1,7,14.0,17,20,0.0125,0.69,0.0311,-0.0064,8.490000000000009
1661,-0.0493,0.435,0.843,-2.66,209.3,102.8,866,-0.0245,-0.9,795,-0.0763,-3.05,1,8,-25.6,7,14.0,17,21,0.0069,0.37,0.0293,-0.0157,8.490000000000009
1033,-0.0283,0.403,0.79,-2.66,130.3,35.9,535,-0.0196,-1.33,498,-0.0377,-2.44,1,8,-8.0,7,15.0,16,16,0.0186,1.7,0.0258,0.0116,9.799999999999955
1033,-0.0186,0.44,0.889,-1.34,130.3,27.9,535,0.0009,0.04,498,-0.0395,-2.02,2,8,-10.5,7,15.0,16,17,0.0284,1.99,0.0456,0.0117,9.799999999999955
1033,-0.0189,0.439,0.901,-1.2,130.3,28.5,535,0.0065,0.28,498,-0.0461,-2.21,2,8,-9.0,7,15.0,16,18,0.031,1.93,0.0565,0.0063,9.799999999999955
1033,-0.0193,0.444,0.906,-1.13,130.3,34.3,535,0.0129,0.5,498,-0.0538,-2.44,2,8,-11.9,7,15.0,16,19,0.0309,1.76,0.0624,0.0003,9.799999999999955
1033,-0.022,0.461,0.902,-1.2,130.3,35.8,535,0.0093,0.34,498,-0.0557,-2.31,2,8,-11.6,7,15.0,16,20,0.0284,1.51,0.0613,-0.0035,9.799999999999955
1033,-0.0208,0.451,0.912,-1.05,130.3,38.6,535,0.0105,0.35,498,-0.0544,-2.11,2,8,-10.8,7,15.0,16,21,0.0289,1.42,0.059,-0.0003,9.799999999999955
1226,-0.0165,0.434,0.895,-1.36,154.5,30.6,642,0.0007,0.04,584,-0.0355,-2.04,2,8,-11.3,7,15.0,17,17,0.0303,2.47,0.044,0.0163,9.735000000000014
1226,-0.0167,0.443,0.908,-1.21,154.5,29.8,642,0.0023,0.11,584,-0.0375,-2.0,2,8,-10.5,7,15.0,17,18,0.0319,2.29,0.0482,0.0152,9.735000000000014
1226,-0.016,0.442,0.919,-1.05,154.5,33.4,642,0.0084,0.37,584,-0.0429,-2.14,2,8,-12.2,7,15.0,17,19,0.0329,2.12,0.0545,0.0107,9.735000000000014
1226,-0.0161,0.457,0.926,-0.98,154.5,31.8,642,0.0125,0.51,584,-0.0476,-2.15,2,8,-11.1,7,15.0,17,20,0.032,1.9,0.0586,0.0047,9.735000000000014
1226,-0.0161,0.45,0.93,-0.9,154.5,36.2,642,0.0166,0.63,584,-0.0521,-2.21,2,8,-11.1,7,15.0,17,21,0.0322,1.77,0.0613,0.0023,9.735000000000014
1681,-0.0296,0.415,0.932,-1.05,211.7,64.9,942,-0.0626,-1.67,739,0.0124,0.29,2,8,-32.4,8,12.5,14,16,0.0633,2.13,0.0252,0.1063,5.3400000000001455
1681,-0.028,0.402,0.94,-0.93,211.7,70.3,942,-0.0591,-1.48,739,0.0118,0.26,3,8,-27.0,8,12.5,14,17,0.0677,2.15,0.0327,0.1072,5.3400000000001455
1681,-0.022,0.399,0.955,-0.7,211.7,64.4,942,-0.0607,-1.44,739,0.0274,0.58,2,8,-25.3,8,12.5,14,18,0.077,2.33,0.0308,0.1292,5.3400000000001455
1681,-0.02,0.397,0.96,-0.62,211.7,56.4,942,-0.0614,-1.42,739,0.0328,0.69,3,8,-25.0,8,12.5,14,19,0.0772,2.29,0.0281,0.1325,5.3400000000001455
1681,-0.0317,0.386,0.939,-0.96,211.7,70.7,942,-0.0622,-1.38,739,0.0072,0.15,3,8,-24.6,8,12.5,14,20,0.0682,1.96,0.0269,0.1146,5.3400000000001455
1681,-0.0399,0.382,0.924,-1.19,211.7,82.7,942,-0.0644,-1.4,739,-0.0088,-0.18,2,8,-25.2,8,12.5,14,21,0.0592,1.68,0.0234,0.0996,5.3400000000001455
1874,-0.034,0.414,0.919,-1.33,236.0,78.0,1039,-0.0632,-1.84,835,0.0023,0.06,2,8,-29.1,8,12.5,15,16,0.0528,1.98,0.0167,0.0927,5.5049999999999955
1874,-0.033,0.406,0.927,-1.21,236.0,86.1,1039,-0.0557,-1.51,835,-0.0047,-0.12,2,8,-27.8,8,12.5,15,17,0.0559,1.97,0.0263,0.0886,5.5049999999999955
1874,-0.0307,0.402,0.935,-1.07,236.0,83.9,1039,-0.0601,-1.55,835,0.0058,0.14,1,8,-25.5,8,12.5,15,18,0.0601,2.02,0.0214,0.1029,5.5049999999999955
1874,-0.032,0.398,0.934,-1.09,236.0,78.8,1039,-0.0654,-1.64,835,0.0094,0.22,2,8,-26.4,8,12.5,15,19,0.058,1.9,0.0152,0.1054,5.5049999999999955
1874,-0.0422,0.386,0.916,-1.4,236.0,94.5,1039,-0.0659,-1.59,835,-0.0128,-0.29,1,8,-26.8,8,12.5,15,20,0.0503,1.6,0.0144,0.09,5.5049999999999955
1874,-0.0476,0.384,0.907,-1.56,236.0,102.9,1039,-0.0646,-1.52,835,-0.0265,-0.6,2,8,-25.9,8,12.5,15,21,0.0448,1.4,0.0154,0.0772,5.5049999999999955
1955,-0.0323,0.414,0.921,-1.31,246.2,77.2,1071,-0.0626,-1.87,884,0.0044,0.12,2,8,-27.6,8,12.5,16,16,0.0557,2.19,0.0203,0.0941,5.6099999999999
1955,-0.0305,0.408,0.931,-1.16,246.2,84.3,1071,-0.0529,-1.47,884,-0.0033,-0.08,3,8,-27.1,8,12.5,16,17,0.0598,2.2,0.031,0.091,5.6099999999999
1955,-0.0277,0.405,0.94,-1.0,246.2,79.9,1071,-0.0546,-1.44,884,0.0048,0.12,1,8,-24.0,8,12.5,16,18,0.0642,2.25,0.0299,0.1013,5.6099999999999
1955,-0.0298,0.401,0.937,-1.05,246.2,75.6,1071,-0.0601,-1.54,884,0.0069,0.17,2,8,-24.8,8,12.5,16,19,0.0608,2.09,0.0227,0.1021,5.6099999999999
1955,-0.0369,0.391,0.925,-1.27,246.2,88.0,1071,-0.0616,-1.52,884,-0.007,-0.17,1,8,-25.7,8,12.5,16,20,0.0558,1.85,0.0212,0.0933,5.6099999999999
1955,-0.0426,0.389,0.915,-1.44,246.2,97.6,1071,-0.0614,-1.48,884,-0.0198,-0.47,2,8,-26.9,8,12.5,16,21,0.0492,1.61,0.0208,0.0799,5.6099999999999
1975,-0.03,0.409,0.931,-1.15,248.7,84.6,1083,-0.0518,-1.46,892,-0.0034,-0.09,3,8,-26.7,8,12.5,17,17,0.0599,2.23,0.0318,0.0905,5.639999999999873
1975,-0.0279,0.405,0.939,-1.02,248.7,81.0,1083,-0.0535,-1.43,892,0.0031,0.08,1,8,-23.5,8,12.5,17,18,0.0636,2.25,0.0308,0.0993,5.639999999999873
1975,-0.0292,0.4,0.938,-1.04,248.7,76.5,1083,-0.058,-1.5,892,0.0058,0.14,2,8,-24.0,8,12.5,17,19,0.0609,2.11,0.0243,0.1007,5.639999999999873
1975,-0.0359,0.39,0.927,-1.24,248.7,89.4,1083,-0.059,-1.47,892,-0.0078,-0.19,1,8,-25.9,8,12.5,17,20,0.0561,1.88,0.0231,0.0921,5.639999999999873
1975,-0.042,0.388,0.915,-1.44,248.7,99.0,1083,-0.0599,-1.46,892,-0.0204,-0.49,2,8,-27.3,8,12.5,17,21,0.0492,1.63,0.0218,0.079,5.639999999999873
1555,-0.0288,0.406,0.931,-1.02,195.8,65.4,858,-0.0419,-1.09,697,-0.0127,-0.3,2,8,-30.2,8,13.0,14,16,0.059,1.98,0.0548,0.0637,5.75
1555,-0.0257,0.405,0.942,-0.85,195.8,66.4,858,-0.0389,-0.95,697,-0.0095,-0.21,3,8,-25.7,8,13.0,14,17,0.0638,2.02,0.0593,0.0687,5.75
1555,-0.0209,0.407,0.955,-0.66,195.8,59.4,858,-0.0448,-1.04,697,0.0085,0.18,2,8,-21.6,8,13.0,14,18,0.0691,2.08,0.0496,0.0901,5.75
1555,-0.0238,0.397,0.95,-0.74,195.8,55.6,858,-0.0473,-1.07,697,0.0051,0.11,3,8,-21.6,8,13.0,14,19,0.0633,1.88,0.0433,0.0849,5.75
1555,-0.0357,0.393,0.928,-1.07,195.8,69.7,858,-0.0524,-1.14,697,-0.0151,-0.32,2,8,-22.2,8,13.0,14,20,0.0531,1.52,0.0384,0.0689,5.75
1555,-0.0451,0.383,0.911,-1.34,195.8,82.6,858,-0.0543,-1.15,697,-0.0337,-0.7,2,8,-25.9,8,13.0,14,21,0.0448,1.27,0.0369,0.0533,5.75
1816,-0.0362,0.404,0.908,-1.46,228.7,85.0,989,-0.0417,-1.23,827,-0.0297,-0.82,1,8,-27.8,8,13.0,15,16,0.0447,1.74,0.0408,0.0487,5.94500000000005
1816,-0.0364,0.406,0.915,-1.37,228.7,93.3,989,-0.0375,-1.03,827,-0.035,-0.9,1,8,-24.9,8,13.0,15,17,0.0466,1.7,0.0459,0.0472,5.94500000000005
1816,-0.0351,0.406,0.922,-1.26,228.7,93.2,989,-0.0445,-1.16,827,-0.024,-0.59,1,8,-22.6,8,13.0,15,18,0.0486,1.69,0.0383,0.0595,5.94500000000005
1816,-0.038,0.4,0.918,-1.33,228.7,90.7,989,-0.0505,-1.28,827,-0.0231,-0.56,1,8,-23.2,8,13.0,15,19,0.0452,1.54,0.0313,0.0599,5.94500000000005
1816,-0.0491,0.391,0.898,-1.67,228.7,107.7,989,-0.0539,-1.31,827,-0.0435,-1.03,1,8,-23.9,8,13.0,15,20,0.0356,1.17,0.0271,0.0446,5.94500000000005
1816,-0.055,0.384,0.888,-1.84,228.7,117.3,989,-0.0519,-1.23,827,-0.0587,-1.4,2,8,-23.4,8,13.0,15,21,0.0316,1.02,0.0307,0.0326,5.94500000000005
1922,-0.0331,0.405,0.913,-1.4,242.1,81.8,1031,-0.0393,-1.2,891,-0.0258,-0.76,1,8,-26.3,8,13.0,16,16,0.0482,2.0,0.0447,0.0518,6.029999999999973
1922,-0.0321,0.408,0.922,-1.27,242.1,87.7,1031,-0.0319,-0.91,891,-0.0324,-0.89,1,8,-25.3,8,13.0,16,17,0.0519,2.01,0.0527,0.051,6.029999999999973
1922,-0.0308,0.409,0.929,-1.16,242.1,86.3,1031,-0.0355,-0.96,891,-0.0254,-0.67,1,8,-23.0,8,13.0,16,18,0.0535,1.97,0.049,0.0582,6.029999999999973
1922,-0.0341,0.405,0.924,-1.26,242.1,84.3,1031,-0.041,-1.07,891,-0.0261,-0.68,1,8,-20.2,8,13.0,16,19,0.0498,1.8,0.0422,0.0576,6.029999999999973
1922,-0.0419,0.398,0.91,-1.49,242.1,98.0,1031,-0.0446,-1.12,891,-0.0386,-0.98,1,8,-24.9,8,13.0,16,20,0.0435,1.51,0.0375,0.0498,6.029999999999973
1922,-0.0483,0.392,0.898,-1.69,242.1,109.4,1031,-0.0437,-1.07,891,-0.0537,-1.36,2,8,-24.7,8,13.0,16,21,0.0378,1.29,0.0384,0.0372,6.029999999999973
1954,-0.032,0.407,0.922,-1.29,246.1,88.7,1050,-0.0317,-0.92,904,-0.0324,-0.91,1,8,-25.0,8,13.0,17,17,0.0519,2.05,0.0524,0.0513,6.080000000000155
1954,-0.0309,0.409,0.928,-1.18,246.1,87.1,1050,-0.0348,-0.95,904,-0.0264,-0.7,1,8,-22.6,8,13.0,17,18,0.0533,2.0,0.0494,0.0574,6.080000000000155
1954,-0.0328,0.404,0.926,-1.23,246.1,84.9,1050,-0.0391,-1.04,904,-0.0255,-0.67,1,8,-19.5,8,13.0,17,19,0.0503,1.85,0.0434,0.0575,6.080000000000155
1954,-0.0394,0.398,0.914,-1.42,246.1,98.3,1050,-0.0413,-1.05,904,-0.0372,-0.96,1,8,-24.4,8,13.0,17,20,0.0449,1.59,0.04,0.0499,6.080000000000155
1954,-0.0467,0.39,0.901,-1.66,246.1,110.2,1050,-0.042,-1.05,904,-0.0521,-1.34,2,8,-24.7,8,13.0,17,21,0.0387,1.35,0.0397,0.0377,6.080000000000155
1429,-0.0428,0.411,0.893,-1.55,180.0,77.8,785,-0.0391,-1.02,644,-0.0473,-1.19,1,8,-27.5,8,13.25,14,16,0.0444,1.53,0.0554,0.0328,6.009999999999991
1429,-0.0426,0.414,0.9,-1.47,180.0,81.9,785,-0.037,-0.92,644,-0.0493,-1.19,3,8,-30.4,8,13.25,14,17,0.0478,1.57,0.0606,0.0344,6.009999999999991
1429,-0.0367,0.416,0.917,-1.21,180.0,71.9,785,-0.0419,-1.0,644,-0.0304,-0.7,2,8,-29.4,8,13.25,14,18,0.0554,1.73,0.0532,0.0577,6.009999999999991
1429,-0.0388,0.409,0.916,-1.25,180.0,70.4,785,-0.0465,-1.08,644,-0.0293,-0.66,2,8,-24.5,8,13.25,14,19,0.0508,1.55,0.0447,0.0572,6.009999999999991
1429,-0.0492,0.403,0.896,-1.54,180.0,81.1,785,-0.0518,-1.15,644,-0.0461,-1.02,1,8,-29.5,8,13.25,14,20,0.0424,1.25,0.0404,0.0444,6.009999999999991
1429,-0.0548,0.396,0.887,-1.68,180.0,88.6,785,-0.0478,-1.03,644,-0.0632,-1.4,2,8,-29.1,8,13.25,14,21,0.038,1.1,0.0464,0.0292,6.009999999999991
1760,-0.0468,0.411,0.874,-2.02,221.7,97.3,951,-0.0424,-1.31,809,-0.0521,-1.58,1,8,-34.8,8,13.25,15,16,0.0342,1.43,0.039,0.0293,6.225000000000023
1760,-0.0473,0.415,0.883,-1.93,221.7,106.3,951,-0.0386,-1.12,809,-0.0575,-1.65,1,8,-36.3,8,13.25,15,17,0.0363,1.43,0.0442,0.0282,6.225000000000023
1760,-0.047,0.414,0.889,-1.82,221.7,107.5,951,-0.0457,-1.27,809,-0.0486,-1.32,1,8,-35.2,8,13.25,15,18,0.0378,1.42,0.0369,0.0389,6.225000000000023
1760,-0.0488,0.411,0.889,-1.84,221.7,107.7,951,-0.0512,-1.37,809,-0.0461,-1.23,1,8,-31.7,8,13.25,15,19,0.0355,1.3,0.0303,0.0409,6.225000000000023
1760,-0.0597,0.399,0.869,-2.17,221.7,122.5,951,-0.0552,-1.42,809,-0.0649,-1.69,1,8,-37.1,8,13.25,15,20,0.0266,0.94,0.0257,0.0275,6.225000000000023
1760,-0.0612,0.397,0.869,-2.18,221.7,127.4,951,-0.0484,-1.2,809,-0.0762,-1.98,2,8,-36.6,8,13.25,15,21,0.0263,0.91,0.0341,0.0183,6.225000000000023
1890,-0.0438,0.41,0.877,-2.02,238.0,95.4,1001,-0.0406,-1.31,889,-0.0474,-1.57,1,8,-34.9,8,13.25,16,16,0.0371,1.67,0.0424,0.0317,6.379999999999882
1890,-0.0438,0.417,0.888,-1.9,238.0,102.0,1001,-0.0344,-1.04,889,-0.0543,-1.69,2,8,-37.4,8,13.25,16,17,0.0404,1.71,0.05,0.0308,6.379999999999882
1890,-0.0426,0.416,0.896,-1.76,238.0,100.6,1001,-0.0371,-1.07,889,-0.0488,-1.45,1,8,-35.8,8,13.25,16,18,0.042,1.69,0.0475,0.0365,6.379999999999882
1890,-0.0448,0.415,0.895,-1.79,238.0,101.4,1001,-0.0423,-1.18,889,-0.0475,-1.38,1,8,-33.9,8,13.25,16,19,0.0391,1.53,0.0411,0.0371,6.379999999999882
1890,-0.0523,0.404,0.882,-2.01,238.0,113.5,1001,-0.0469,-1.25,889,-0.0584,-1.65,1,8,-39.4,8,13.25,16,20,0.0331,1.24,0.0363,0.0299,6.379999999999882
1890,-0.0548,0.403,0.879,-2.07,238.0,120.7,1001,-0.0419,-1.08,889,-0.0694,-1.95,2,8,-39.0,8,13.25,16,21,0.0304,1.11,0.0407,0.0201,6.379999999999882
1927,-0.0435,0.416,0.887,-1.92,242.7,103.2,1022,-0.0342,-1.06,905,-0.0541,-1.72,2,8,-37.1,8,13.25,17,17,0.0401,1.73,0.0492,0.0309,6.420000000000073
1927,-0.0424,0.416,0.895,-1.78,242.7,101.0,1022,-0.0362,-1.07,905,-0.0493,-1.49,1,8,-35.3,8,13.25,17,18,0.0417,1.71,0.0474,0.0359,6.420000000000073
1927,-0.0433,0.414,0.897,-1.76,242.7,101.3,1022,-0.0403,-1.14,905,-0.0467,-1.38,1,8,-33.7,8,13.25,17,19,0.0397,1.58,0.0421,0.0373,6.420000000000073
1927,-0.0497,0.404,0.886,-1.95,242.7,113.1,1022,-0.0431,-1.17,905,-0.0571,-1.64,1,8,-38.9,8,13.25,17,20,0.0346,1.32,0.0389,0.0303,6.420000000000073
1927,-0.053,0.402,0.881,-2.03,242.7,120.6,1022,-0.0398,-1.04,905,-0.0678,-1.93,2,8,-38.9,8,13.25,17,21,0.0315,1.18,0.042,0.021,6.420000000000073
1167,-0.0238,0.416,0.932,-0.9,147.0,48.2,642,-0.0258,-0.72,525,-0.0214,-0.54,1,8,-13.4,8,13.5,14,16,0.043,1.54,0.0412,0.0449,6.690000000000055
1167,-0.0172,0.43,0.954,-0.61,147.0,44.6,642,-0.0214,-0.56,525,-0.012,-0.29,2,8,-12.9,8,13.5,14,17,0.0514,1.72,0.0471,0.0559,6.690000000000055
1167,-0.0102,0.439,0.974,-0.35,147.0,39.2,642,-0.0288,-0.74,525,0.0126,0.28,3,8,-14.8,8,13.5,14,18,0.0599,1.93,0.0361,0.0846,6.690000000000055
1167,-0.0135,0.432,0.967,-0.45,147.0,35.9,642,-0.0365,-0.9,525,0.0145,0.32,3,8,-11.6,8,13.5,14,19,0.055,1.73,0.0272,0.0839,6.690000000000055
1167,-0.0189,0.427,0.955,-0.61,147.0,38.2,642,-0.0404,-0.96,525,0.0074,0.16,2,8,-13.2,8,13.5,14,20,0.0511,1.55,0.0214,0.082,6.690000000000055
1167,-0.0238,0.414,0.945,-0.75,147.0,42.2,642,-0.0425,-0.97,525,-0.001,-0.02,2,8,-14.2,8,13.5,14,21,0.0463,1.36,0.0185,0.0752,6.690000000000055
1648,-0.0319,0.42,0.901,-1.57,207.6,69.8,877,-0.031,-1.1,771,-0.0329,-1.11,1,8,-20.3,8,13.5,15,16,0.0362,1.72,0.0397,0.0325,6.811500000000024
1648,-0.0293,0.431,0.917,-1.33,207.6,71.7,877,-0.0277,-0.91,771,-0.0312,-0.98,1,8,-19.7,8,13.5,15,17,0.0385,1.7,0.0428,0.0342,6.811500000000024
1648,-0.0299,0.433,0.92,-1.3,207.6,78.0,877,-0.0364,-1.15,771,-0.0224,-0.67,1,8,-19.0,8,13.5,15,18,0.0389,1.64,0.0321,0.0459,6.811500000000024
1648,-0.0304,0.43,0.922,-1.28,207.6,70.8,877,-0.0421,-1.28,771,-0.0171,-0.5,1,8,-17.2,8,13.5,15,19,0.0366,1.49,0.0249,0.0486,6.811500000000024
1648,-0.0386,0.419,0.905,-1.57,207.6,83.5,877,-0.0463,-1.35,771,-0.0299,-0.84,1,8,-20.3,8,13.5,15,20,0.0299,1.17,0.0184,0.0416,6.811500000000024
1648,-0.0393,0.413,0.906,-1.54,207.6,86.5,877,-0.042,-1.17,771,-0.0363,-1.01,1,8,-19.9,8,13.5,15,21,0.0292,1.11,0.0222,0.0364,6.811500000000024
1826,-0.029,0.417,0.905,-1.56,230.0,70.0,948,-0.0281,-1.07,878,-0.03,-1.14,1,8,-20.7,8,13.5,16,16,0.0404,2.13,0.0455,0.0354,6.880499999999984
1826,-0.0231,0.434,0.931,-1.14,230.0,63.3,948,-0.0173,-0.61,878,-0.0294,-1.03,2,8,-19.7,8,13.5,16,17,0.0476,2.31,0.0577,0.0378,6.880499999999984
1826,-0.0232,0.436,0.935,-1.09,230.0,68.2,948,-0.021,-0.7,878,-0.0256,-0.85,2,8,-19.0,8,13.5,16,18,0.0486,2.25,0.0542,0.0431,6.880499999999984
1826,-0.0243,0.435,0.935,-1.11,230.0,62.5,948,-0.0259,-0.83,878,-0.0226,-0.73,2,8,-18.5,8,13.5,16,19,0.0455,2.03,0.0488,0.0422,6.880499999999984
1826,-0.0312,0.424,0.92,-1.37,230.0,73.0,948,-0.0313,-0.96,878,-0.0312,-0.98,1,8,-22.0,8,13.5,16,20,0.0395,1.68,0.0419,0.0371,6.880499999999984
1826,-0.0324,0.42,0.919,-1.37,230.0,76.2,948,-0.0271,-0.79,878,-0.0381,-1.17,2,8,-21.8,8,13.5,16,21,0.0377,1.56,0.0443,0.0313,6.880499999999984
1873,-0.0228,0.433,0.931,-1.16,235.9,63.8,974,-0.0176,-0.63,899,-0.0285,-1.02,2,8,-19.5,8,13.5,17,17,0.0475,2.37,0.0558,0.0392,6.932999999999993
1873,-0.0237,0.435,0.932,-1.15,235.9,69.3,974,-0.0217,-0.74,899,-0.0258,-0.88,2,8,-18.5,8,13.5,17,18,0.0478,2.27,0.0525,0.0431,6.932999999999993
1873,-0.0235,0.433,0.936,-1.09,235.9,63.1,974,-0.0257,-0.84,899,-0.0211,-0.7,2,8,-18.3,8,13.5,17,19,0.0454,2.08,0.0475,0.0433,6.932999999999993
1873,-0.0291,0.423,0.924,-1.3,235.9,71.8,974,-0.029,-0.91,899,-0.0293,-0.94,1,8,-21.5,8,13.5,17,20,0.0405,1.77,0.0424,0.0386,6.932999999999993
1873,-0.0311,0.418,0.921,-1.34,235.9,76.1,974,-0.0263,-0.78,899,-0.0364,-1.14,2,8,-21.8,8,13.5,17,21,0.0386,1.63,0.0446,0.0327,6.932999999999993
1313,-0.0466,0.431,0.815,-2.79,165.4,79.2,700,-0.0404,-1.72,613,-0.0537,-2.26,2,8,-23.5,8,14.0,15,16,0.0162,0.95,0.027,0.0053,7.957000000000107
1313,-0.0532,0.436,0.815,-2.82,165.4,89.8,700,-0.0431,-1.62,613,-0.0646,-2.43,2,8,-22.3,8,14.0,15,17,0.0082,0.42,0.0213,-0.0051,7.957000000000107
1313,-0.0471,0.442,0.847,-2.3,165.4,88.0,700,-0.0343,-1.18,613,-0.0617,-2.17,2,8,-20.2,8,14.0,15,18,0.0134,0.64,0.0249,0.0016,7.957000000000107
1313,-0.0457,0.436,0.858,-2.12,165.4,90.6,700,-0.0425,-1.39,613,-0.0493,-1.64,1,8,-20.9,8,14.0,15,19,0.0143,0.65,0.0151,0.0135,7.957000000000107
1313,-0.055,0.423,0.839,-2.46,165.4,104.0,700,-0.0491,-1.55,613,-0.0618,-1.96,1,8,-25.4,8,14.0,15,20,0.0079,0.34,0.0099,0.0058,7.957000000000107
1313,-0.0532,0.428,0.85,-2.27,165.4,100.6,700,-0.0418,-1.25,613,-0.0662,-2.04,1,8,-23.3,8,14.0,15,21,0.0087,0.36,0.0157,0.0017,7.957000000000107
1621,-0.0422,0.421,0.818,-2.99,204.2,89.1,845,-0.0363,-1.8,776,-0.0487,-2.45,2,8,-27.2,8,14.0,16,16,0.0232,1.61,0.0329,0.0137,7.9500000000000455
1621,-0.0433,0.44,0.838,-2.67,204.2,90.3,845,-0.031,-1.34,776,-0.0568,-2.52,1,8,-24.5,8,14.0,16,17,0.0238,1.44,0.0381,0.0099,7.9500000000000455
1621,-0.0398,0.443,0.862,-2.26,204.2,89.6,845,-0.0216,-0.84,776,-0.0596,-2.49,2,8,-22.5,8,14.0,16,18,0.028,1.56,0.0481,0.0084,7.9500000000000455
1621,-0.0393,0.439,0.871,-2.11,204.2,91.3,845,-0.024,-0.88,776,-0.056,-2.2,1,8,-24.0,8,14.0,16,19,0.0276,1.45,0.045,0.0106,7.9500000000000455
1621,-0.0466,0.431,0.857,-2.39,204.2,105.6,845,-0.0273,-0.97,776,-0.0675,-2.52,1,8,-27.3,8,14.0,16,20,0.0196,0.98,0.04,-0.0004,7.9500000000000455
1621,-0.047,0.434,0.861,-2.3,204.2,102.7,845,-0.0218,-0.73,776,-0.0744,-2.69,1,8,-25.2,8,14.0,16,21,0.0166,0.79,0.0419,-0.008,7.9500000000000455
1713,-0.0411,0.438,0.841,-2.67,215.8,91.3,896,-0.0282,-1.28,817,-0.0552,-2.57,1,8,-24.4,8,14.0,17,17,0.0249,1.6,0.0383,0.0115,8.002999999999929
1713,-0.0409,0.441,0.854,-2.44,215.8,93.5,896,-0.0248,-1.02,817,-0.0585,-2.56,2,8,-23.3,8,14.0,17,18,0.0261,1.54,0.0424,0.0098,8.002999999999929
1713,-0.0396,0.435,0.867,-2.22,215.8,94.6,896,-0.0269,-1.04,817,-0.0537,-2.21,1,8,-24.9,8,14.0,17,19,0.0258,1.43,0.0387,0.013,8.002999999999929
1713,-0.0454,0.43,0.858,-2.42,215.8,108.5,896,-0.0271,-1.0,817,-0.0654,-2.54,1,8,-27.9,8,14.0,17,20,0.0184,0.97,0.0363,0.0004,8.002999999999929
1713,-0.0466,0.431,0.859,-2.38,215.8,106.5,896,-0.0223,-0.78,817,-0.0732,-2.77,1,8,-26.3,8,14.0,17,21,0.0151,0.76,0.0386,-0.0085,8.002999999999929
1072,-0.0283,0.399,0.801,-2.56,135.2,41.1,554,-0.0207,-1.37,518,-0.0365,-2.26,1,8,-7.9,8,15.0,16,16,0.0236,2.09,0.0301,0.0173,9.349999999999909
1072,-0.0204,0.439,0.886,-1.4,135.2,31.3,554,-0.0015,-0.07,518,-0.0406,-1.96,2,8,-10.0,8,15.0,16,17,0.0335,2.24,0.051,0.0165,9.349999999999909
1072,-0.0174,0.438,0.914,-1.06,135.2,26.9,554,0.0105,0.44,518,-0.0472,-2.15,3,8,-8.5,8,15.0,16,18,0.0374,2.23,0.0658,0.0101,9.349999999999909
1072,-0.0187,0.442,0.914,-1.04,135.2,31.1,554,0.0178,0.66,518,-0.0577,-2.47,2,8,-11.7,8,15.0,16,19,0.0363,1.97,0.0737,0.0004,9.349999999999909
1072,-0.019,0.461,0.92,-0.99,135.2,31.3,554,0.0182,0.64,518,-0.0587,-2.31,2,8,-10.7,8,15.0,16,20,0.0351,1.78,0.0736,-0.0019,9.349999999999909
1072,-0.0164,0.452,0.933,-0.79,135.2,32.4,554,0.0214,0.69,518,-0.0568,-2.1,2,8,-9.7,8,15.0,16,21,0.0373,1.75,0.0738,0.0021,9.349999999999909
1275,-0.019,0.431,0.887,-1.5,160.7,34.6,664,-0.0007,-0.04,611,-0.0389,-2.13,2,8,-10.7,8,15.0,17,17,0.0333,2.59,0.0483,0.0182,9.259999999999991
1275,-0.0198,0.438,0.897,-1.38,160.7,31.7,664,0.0011,0.05,611,-0.0426,-2.17,3,8,-9.9,8,15.0,17,18,0.0336,2.31,0.0528,0.0144,9.259999999999991
1275,-0.0222,0.434,0.895,-1.39,160.7,36.7,664,0.0046,0.19,611,-0.0513,-2.44,2,8,-12.2,8,15.0,17,19,0.0311,1.92,0.0562,0.006,9.259999999999991
1275,-0.0206,0.451,0.911,-1.19,160.7,35.9,664,0.011,0.43,611,-0.0548,-2.38,3,8,-10.3,8,15.0,17,20,0.0312,1.78,0.0605,0.0016,9.259999999999991
1275,-0.019,0.445,0.922,-1.02,160.7,35.3,664,0.0171,0.62,611,-0.0581,-2.38,2,8,-10.0,8,15.0,17,21,0.0328,1.73,0.065,0.0005,9.259999999999991
1806,-0.0354,0.398,0.928,-1.16,227.5,94.5,1012,-0.072,-1.73,794,0.0112,0.25,2,8,-27.7,9,12.5,14,16,0.0734,2.3,0.0383,0.1116,4.509999999999991
1806,-0.03,0.385,0.943,-0.92,227.5,98.7,1012,-0.0598,-1.34,794,0.0079,0.17,3,8,-33.7,9,12.5,14,17,0.0825,2.43,0.0545,0.113,4.509999999999991
1806,-0.0231,0.374,0.958,-0.67,227.5,92.5,1012,-0.061,-1.31,794,0.0252,0.5,2,8,-26.5,9,12.5,14,18,0.0912,2.54,0.0513,0.1346,4.509999999999991
1806,-0.0245,0.374,0.956,-0.7,227.5,87.7,1012,-0.0689,-1.44,794,0.0322,0.63,2,8,-25.9,9,12.5,14,19,0.0902,2.47,0.0428,0.1418,4.509999999999991
1806,-0.0309,0.365,0.946,-0.86,227.5,94.8,1012,-0.0654,-1.31,794,0.0131,0.25,3,8,-32.2,9,12.5,14,20,0.0852,2.26,0.0458,0.1282,4.509999999999991
1806,-0.0385,0.358,0.934,-1.06,227.5,103.8,1012,-0.0661,-1.3,794,-0.0034,-0.07,3,8,-34.8,9,12.5,14,21,0.0755,1.98,0.042,0.1119,4.509999999999991
1956,-0.0385,0.398,0.92,-1.35,246.4,104.5,1090,-0.0715,-1.83,866,0.0031,0.07,2,8,-34.3,9,12.5,15,16,0.0633,2.16,0.0296,0.1002,4.680000000000064
1956,-0.0354,0.386,0.931,-1.17,246.4,111.9,1090,-0.0582,-1.39,866,-0.0067,-0.15,2,8,-36.4,9,12.5,15,17,0.069,2.21,0.0451,0.0953,4.680000000000064
1956,-0.031,0.376,0.942,-0.97,246.4,107.4,1090,-0.0614,-1.4,866,0.0074,0.16,2,8,-35.0,9,12.5,15,18,0.0749,2.27,0.04,0.113,4.680000000000064
1956,-0.0334,0.378,0.939,-1.02,246.4,103.7,1090,-0.0712,-1.58,866,0.0142,0.3,2,8,-34.3,9,12.5,15,19,0.0718,2.13,0.0275,0.1204,4.680000000000064
1956,-0.0394,0.366,0.93,-1.17,246.4,112.6,1090,-0.0687,-1.47,866,-0.0024,-0.05,3,8,-41.2,9,12.5,15,20,0.0676,1.95,0.0301,0.1087,4.680000000000064
1956,-0.0454,0.359,0.92,-1.33,246.4,120.0,1090,-0.0676,-1.41,866,-0.0175,-0.37,3,8,-43.8,9,12.5,15,21,0.0606,1.73,0.03,0.0942,4.680000000000064
2000,-0.039,0.397,0.917,-1.4,251.9,107.5,1108,-0.0741,-1.93,892,0.0047,0.12,2,8,-34.6,9,12.5,16,16,0.0634,2.22,0.029,0.1007,4.741499999999974
2000,-0.0341,0.388,0.932,-1.15,251.9,111.5,1108,-0.0585,-1.42,892,-0.0039,-0.09,3,8,-36.3,9,12.5,16,17,0.071,2.32,0.0464,0.0976,4.741499999999974
2000,-0.0299,0.378,0.943,-0.95,251.9,105.9,1108,-0.0607,-1.4,892,0.0083,0.18,2,8,-34.8,9,12.5,16,18,0.0768,2.38,0.0434,0.113,4.741499999999974
2000,-0.0336,0.378,0.938,-1.05,251.9,103.3,1108,-0.0718,-1.62,892,0.0138,0.3,2,8,-34.6,9,12.5,16,19,0.0726,2.21,0.0301,0.1185,4.741499999999974
2000,-0.0383,0.367,0.931,-1.16,251.9,112.5,1108,-0.0702,-1.52,892,0.0013,0.03,2,8,-41.7,9,12.5,16,20,0.0694,2.05,0.0316,0.1104,4.741499999999974
2000,-0.0446,0.36,0.921,-1.33,251.9,119.7,1108,-0.0695,-1.47,892,-0.0137,-0.29,2,8,-44.9,9,12.5,16,21,0.062,1.8,0.0321,0.0943,4.741499999999974
2008,-0.034,0.388,0.932,-1.15,252.9,111.7,1114,-0.0582,-1.42,894,-0.0039,-0.09,3,8,-36.3,9,12.5,17,17,0.0706,2.32,0.0465,0.0967,4.7549999999999955
2008,-0.0303,0.377,0.942,-0.97,252.9,107.4,1114,-0.0606,-1.41,894,0.0075,0.17,2,8,-34.8,9,12.5,17,18,0.0757,2.36,0.0431,0.111,4.7549999999999955
2008,-0.0334,0.377,0.938,-1.05,252.9,105.1,1114,-0.0708,-1.6,894,0.0131,0.29,2,8,-34.8,9,12.5,17,19,0.0718,2.19,0.0305,0.1166,4.7549999999999955
2008,-0.0378,0.367,0.932,-1.15,252.9,114.4,1114,-0.0686,-1.49,894,0.0006,0.01,2,8,-42.0,9,12.5,17,20,0.069,2.05,0.0324,0.1087,4.7549999999999955
2008,-0.0444,0.359,0.921,-1.33,252.9,121.9,1114,-0.0687,-1.46,894,-0.0142,-0.3,2,8,-45.3,9,12.5,17,21,0.0613,1.79,0.0323,0.0928,4.7549999999999955
1687,-0.0217,0.395,0.953,-0.71,212.5,72.1,934,-0.0396,-0.94,753,0.0005,0.01,2,8,-27.4,9,13.0,14,16,0.0816,2.55,0.0731,0.0908,4.940000000000055
1687,-0.0139,0.398,0.972,-0.43,212.5,71.3,934,-0.0255,-0.57,753,0.0004,0.01,2,8,-21.0,9,13.0,14,17,0.0922,2.7,0.0914,0.093,4.940000000000055
1687,-0.0079,0.392,0.984,-0.23,212.5,63.4,934,-0.0297,-0.63,753,0.0191,0.38,2,8,-17.0,9,13.0,14,18,0.0988,2.74,0.0825,0.1162,4.940000000000055
1687,-0.0148,0.385,0.972,-0.43,212.5,66.1,934,-0.0397,-0.83,753,0.016,0.32,2,8,-15.9,9,13.0,14,19,0.0914,2.51,0.0711,0.113,4.940000000000055
1687,-0.0234,0.381,0.957,-0.66,212.5,71.6,934,-0.0411,-0.83,753,-0.0014,-0.03,2,8,-18.8,9,13.0,14,20,0.0856,2.28,0.0699,0.1023,4.940000000000055
1687,-0.0319,0.369,0.942,-0.88,212.5,82.8,934,-0.0386,-0.76,753,-0.0237,-0.47,2,8,-24.3,9,13.0,14,21,0.0772,2.03,0.0705,0.0843,4.940000000000055
1905,-0.0298,0.395,0.932,-1.08,239.9,88.6,1046,-0.0398,-1.05,859,-0.0175,-0.44,2,8,-30.1,9,13.0,15,16,0.0648,2.3,0.0579,0.0722,5.160000000000082
1905,-0.0271,0.396,0.943,-0.92,239.9,93.1,1046,-0.0268,-0.66,859,-0.0274,-0.65,2,8,-29.7,9,13.0,15,17,0.0707,2.35,0.0741,0.0671,5.160000000000082
1905,-0.0237,0.391,0.952,-0.76,239.9,89.1,1046,-0.0315,-0.73,859,-0.0143,-0.32,2,8,-27.0,9,13.0,15,18,0.0757,2.38,0.0688,0.0831,5.160000000000082
1905,-0.0284,0.39,0.945,-0.9,239.9,90.4,1046,-0.0411,-0.94,859,-0.0129,-0.29,2,8,-26.6,9,13.0,15,19,0.0714,2.22,0.0579,0.0858,5.160000000000082
1905,-0.0359,0.381,0.932,-1.11,239.9,102.9,1046,-0.0403,-0.89,859,-0.0305,-0.67,1,8,-30.3,9,13.0,15,20,0.0662,1.99,0.0579,0.0751,5.160000000000082
1905,-0.042,0.37,0.921,-1.28,239.9,112.2,1046,-0.0357,-0.76,859,-0.0498,-1.09,2,8,-32.1,9,13.0,15,21,0.0619,1.83,0.0631,0.0606,5.160000000000082
1972,-0.0287,0.395,0.934,-1.08,248.4,88.1,1072,-0.0411,-1.11,900,-0.014,-0.37,2,8,-28.0,9,13.0,16,16,0.065,2.4,0.0566,0.0739,5.213500000000067
1972,-0.0241,0.399,0.948,-0.85,248.4,87.8,1072,-0.0256,-0.64,900,-0.0224,-0.55,2,8,-27.1,9,13.0,16,17,0.0729,2.52,0.0753,0.0703,5.213500000000067
1972,-0.0217,0.394,0.955,-0.72,248.4,84.2,1072,-0.0293,-0.7,900,-0.0127,-0.3,2,8,-25.3,9,13.0,16,18,0.0774,2.52,0.0721,0.0829,5.213500000000067
1972,-0.0278,0.391,0.945,-0.91,248.4,86.9,1072,-0.0401,-0.94,900,-0.0131,-0.31,2,8,-25.0,9,13.0,16,19,0.0718,2.32,0.0603,0.084,5.213500000000067
1972,-0.034,0.383,0.934,-1.08,248.4,99.9,1072,-0.0411,-0.92,900,-0.0256,-0.58,1,8,-29.6,9,13.0,16,20,0.069,2.14,0.0597,0.0787,5.213500000000067
1972,-0.0408,0.372,0.922,-1.28,248.4,110.0,1072,-0.0377,-0.82,900,-0.0445,-1.02,2,8,-32.0,9,13.0,16,21,0.0638,1.95,0.0638,0.0639,5.213500000000067
1989,-0.0241,0.398,0.948,-0.85,250.5,88.2,1083,-0.0255,-0.65,906,-0.0224,-0.56,2,8,-26.8,9,13.0,17,17,0.0721,2.52,0.0748,0.0693,5.229999999999791
1989,-0.0218,0.394,0.955,-0.73,250.5,85.1,1083,-0.0293,-0.7,906,-0.0129,-0.3,2,8,-24.7,9,13.0,17,18,0.0762,2.52,0.0712,0.0815,5.229999999999791
1989,-0.0274,0.391,0.945,-0.91,250.5,88.2,1083,-0.0398,-0.94,906,-0.0125,-0.29,2,8,-24.8,9,13.0,17,19,0.071,2.32,0.0596,0.083,5.229999999999791
1989,-0.0329,0.384,0.936,-1.06,250.5,100.9,1083,-0.0396,-0.9,906,-0.025,-0.57,1,8,-28.9,9,13.0,17,20,0.069,2.17,0.0599,0.0785,5.229999999999791
1989,-0.0404,0.371,0.923,-1.28,250.5,111.4,1083,-0.0376,-0.83,906,-0.0438,-1.01,2,8,-31.8,9,13.0,17,21,0.0633,1.96,0.0628,0.0638,5.229999999999791
1553,-0.0424,0.406,0.904,-1.47,195.6,92.3,857,-0.0413,-1.03,696,-0.0437,-1.05,2,8,-29.2,9,13.25,14,16,0.0608,2.0,0.0673,0.054,5.25
1553,-0.0357,0.411,0.924,-1.18,195.6,90.6,857,-0.0267,-0.63,696,-0.0469,-1.08,2,8,-32.0,9,13.25,14,17,0.0721,2.25,0.0878,0.0556,5.25
1553,-0.0278,0.405,0.943,-0.87,195.6,78.6,857,-0.0311,-0.7,696,-0.0237,-0.52,2,8,-30.5,9,13.25,14,18,0.0816,2.42,0.079,0.0844,5.25
1553,-0.0363,0.401,0.928,-1.12,195.6,83.9,857,-0.044,-0.97,696,-0.0267,-0.58,2,8,-28.9,9,13.25,14,19,0.0728,2.12,0.0647,0.0813,5.25
1553,-0.0432,0.394,0.916,-1.29,195.6,91.1,857,-0.0434,-0.92,696,-0.0429,-0.92,2,8,-29.9,9,13.25,14,20,0.0686,1.93,0.0654,0.072,5.25
1553,-0.0467,0.384,0.911,-1.36,195.6,96.3,857,-0.036,-0.73,696,-0.0599,-1.28,2,8,-31.7,9,13.25,14,21,0.0652,1.8,0.0727,0.0575,5.25
1854,-0.0496,0.405,0.88,-2.0,233.5,109.3,1007,-0.0485,-1.39,847,-0.051,-1.44,2,8,-36.4,9,13.25,15,16,0.0466,1.83,0.0473,0.0458,5.460000000000036
1854,-0.0489,0.408,0.89,-1.86,233.5,116.7,1007,-0.0384,-1.03,847,-0.0614,-1.66,2,8,-38.6,9,13.25,15,17,0.0512,1.89,0.0613,0.0406,5.460000000000036
1854,-0.0473,0.4,0.899,-1.71,233.5,116.8,1007,-0.0448,-1.15,847,-0.0504,-1.29,2,8,-37.6,9,13.25,15,18,0.0545,1.91,0.0543,0.0547,5.460000000000036
1854,-0.0524,0.401,0.892,-1.86,233.5,121.8,1007,-0.0539,-1.35,847,-0.0506,-1.27,2,8,-39.0,9,13.25,15,19,0.0492,1.69,0.0434,0.0552,5.460000000000036
1854,-0.0603,0.388,0.879,-2.07,233.5,133.2,1007,-0.0522,-1.25,847,-0.07,-1.74,1,8,-40.2,9,13.25,15,20,0.0438,1.44,0.0438,0.0438,5.460000000000036
1854,-0.0618,0.381,0.879,-2.07,233.5,136.3,1007,-0.0443,-1.02,847,-0.0826,-2.05,1,8,-41.6,9,13.25,15,21,0.0435,1.4,0.0521,0.0344,5.460000000000036
1948,-0.0487,0.402,0.879,-2.05,245.3,111.4,1039,-0.0498,-1.47,909,-0.0475,-1.43,2,8,-35.6,9,13.25,16,16,0.0456,1.89,0.0456,0.0455,5.539999999999964
1948,-0.0467,0.409,0.893,-1.85,245.3,113.4,1039,-0.0373,-1.03,909,-0.0574,-1.65,2,8,-36.7,9,13.25,16,17,0.0511,1.99,0.0614,0.0407,5.539999999999964
1948,-0.0453,0.401,0.901,-1.71,245.3,112.4,1039,-0.0418,-1.1,909,-0.0493,-1.34,2,8,-35.9,9,13.25,16,18,0.0542,2.0,0.0573,0.0511,5.539999999999964
1948,-0.0513,0.401,0.892,-1.89,245.3,119.2,1039,-0.0525,-1.35,909,-0.0498,-1.34,2,8,-38.0,9,13.25,16,19,0.0485,1.75,0.0461,0.0509,5.539999999999964
1948,-0.0569,0.391,0.884,-2.03,245.3,129.8,1039,-0.0529,-1.3,909,-0.0614,-1.62,1,8,-40.4,9,13.25,16,20,0.046,1.59,0.046,0.0461,5.539999999999964
1948,-0.0592,0.384,0.881,-2.06,245.3,135.1,1039,-0.0469,-1.11,909,-0.0732,-1.92,1,8,-42.5,9,13.25,16,21,0.0448,1.52,0.0528,0.0368,5.539999999999964
1968,-0.0464,0.409,0.892,-1.86,247.9,113.8,1052,-0.0371,-1.04,916,-0.0571,-1.66,2,8,-36.4,9,13.25,17,17,0.0503,1.98,0.0605,0.04,5.554000000000087
1968,-0.045,0.401,0.9,-1.71,247.9,113.0,1052,-0.0415,-1.1,916,-0.049,-1.35,2,8,-35.3,9,13.25,17,18,0.053,1.98,0.056,0.0499,5.554000000000087
1968,-0.0505,0.401,0.892,-1.88,247.9,120.3,1052,-0.052,-1.35,916,-0.0488,-1.32,2,8,-37.7,9,13.25,17,19,0.0478,1.75,0.0452,0.0504,5.554000000000087
1968,-0.0554,0.392,0.886,-1.99,247.9,130.5,1052,-0.0511,-1.26,916,-0.0604,-1.6,1,8,-39.7,9,13.25,17,20,0.0465,1.63,0.0463,0.0467,5.554000000000087
1968,-0.0583,0.384,0.882,-2.05,247.9,135.9,1052,-0.0464,-1.11,916,-0.0719,-1.9,1,8,-42.3,9,13.25,17,21,0.0449,1.54,0.0519,0.0377,5.554000000000087
1284,-0.0261,0.411,0.932,-0.97,161.7,58.7,712,-0.043,-1.19,572,-0.0051,-0.13,2,8,-20.0,9,13.5,14,16,0.0539,1.88,0.036,0.0725,5.945999999999913
1284,-0.0113,0.429,0.972,-0.39,161.7,55.2,712,-0.0267,-0.69,572,0.0079,0.18,2,8,-20.8,9,13.5,14,17,0.0678,2.21,0.0528,0.0834,5.945999999999913
1284,-0.0038,0.433,0.991,-0.12,161.7,45.2,712,-0.0357,-0.9,572,0.036,0.78,3,8,-22.2,9,13.5,14,18,0.0786,2.45,0.0401,0.1187,5.945999999999913
1284,-0.0122,0.427,0.972,-0.4,161.7,42.8,712,-0.0462,-1.13,572,0.03,0.65,3,8,-20.1,9,13.5,14,19,0.0734,2.24,0.032,0.1163,5.945999999999913
1284,-0.0159,0.418,0.965,-0.5,161.7,41.0,712,-0.0481,-1.13,572,0.0241,0.51,2,8,-20.1,9,13.5,14,20,0.0746,2.2,0.0334,0.1174,5.945999999999913
1284,-0.0164,0.403,0.965,-0.5,161.7,43.1,712,-0.0429,-0.96,572,0.0166,0.35,3,8,-17.9,9,13.5,14,21,0.0719,2.06,0.0354,0.11,5.945999999999913
1755,-0.0313,0.417,0.911,-1.46,221.0,74.4,943,-0.0414,-1.42,812,-0.0194,-0.62,2,8,-21.9,9,13.5,15,16,0.0484,2.21,0.0437,0.0533,6.162000000000035
1755,-0.0268,0.428,0.93,-1.16,221.0,73.4,943,-0.0323,-1.02,812,-0.0203,-0.6,2,8,-22.3,9,13.5,15,17,0.0527,2.22,0.0551,0.0502,6.162000000000035
1755,-0.0281,0.427,0.931,-1.16,221.0,79.4,943,-0.0418,-1.27,812,-0.0122,-0.34,2,8,-24.3,9,13.5,15,18,0.0535,2.15,0.0448,0.0626,6.162000000000035
1755,-0.0299,0.427,0.929,-1.21,221.0,73.5,943,-0.0456,-1.34,812,-0.0117,-0.32,2,8,-21.0,9,13.5,15,19,0.0519,2.03,0.0391,0.0653,6.162000000000035
1755,-0.0358,0.414,0.919,-1.4,221.0,81.8,943,-0.0461,-1.29,812,-0.0238,-0.65,1,8,-20.4,9,13.5,15,20,0.0485,1.82,0.0372,0.0603,6.162000000000035
1755,-0.0358,0.403,0.921,-1.35,221.0,84.9,943,-0.0397,-1.06,812,-0.0312,-0.83,2,8,-18.7,9,13.5,15,21,0.0477,1.73,0.0417,0.054,6.162000000000035
1894,-0.0315,0.413,0.907,-1.58,238.5,79.2,995,-0.0428,-1.54,899,-0.0189,-0.66,2,8,-21.9,9,13.5,16,16,0.0476,2.35,0.0426,0.0526,6.235000000000014
1894,-0.0231,0.429,0.937,-1.07,238.5,69.1,995,-0.0261,-0.86,899,-0.0198,-0.64,2,8,-21.0,9,13.5,16,17,0.056,2.54,0.062,0.05,6.235000000000014
1894,-0.0257,0.427,0.934,-1.13,238.5,73.3,995,-0.0346,-1.09,899,-0.0158,-0.49,2,8,-24.5,9,13.5,16,18,0.0559,2.42,0.0541,0.0577,6.235000000000014
1894,-0.0294,0.424,0.928,-1.26,238.5,72.5,995,-0.041,-1.25,899,-0.0166,-0.5,2,8,-21.5,9,13.5,16,19,0.0526,2.2,0.0482,0.057,6.235000000000014
1894,-0.0344,0.414,0.92,-1.42,238.5,79.9,995,-0.0429,-1.25,899,-0.0249,-0.74,1,8,-21.7,9,13.5,16,20,0.0503,2.01,0.0463,0.0542,6.235000000000014
1894,-0.0347,0.404,0.921,-1.38,238.5,82.0,995,-0.0375,-1.04,899,-0.0315,-0.91,2,8,-17.4,9,13.5,16,21,0.05,1.94,0.0514,0.0485,6.235000000000014
1927,-0.0232,0.429,0.936,-1.09,242.7,70.5,1014,-0.0266,-0.89,913,-0.0195,-0.64,2,8,-21.1,9,13.5,17,17,0.0549,2.55,0.0596,0.0502,6.25
1927,-0.0259,0.427,0.933,-1.16,242.7,75.2,1014,-0.0351,-1.13,913,-0.0158,-0.49,2,8,-25.3,9,13.5,17,18,0.054,2.39,0.0512,0.0568,6.25
1927,-0.0291,0.424,0.928,-1.27,242.7,74.5,1014,-0.0415,-1.28,913,-0.0154,-0.47,2,8,-21.9,9,13.5,17,19,0.0508,2.18,0.0446,0.0569,6.25
1927,-0.0331,0.416,0.922,-1.38,242.7,81.2,1014,-0.0417,-1.23,913,-0.0234,-0.7,2,8,-22.6,9,13.5,17,20,0.0498,2.04,0.0442,0.0553,6.25
1927,-0.0341,0.403,0.921,-1.38,242.7,83.9,1014,-0.0378,-1.06,913,-0.0301,-0.88,2,8,-17.3,9,13.5,17,21,0.0492,1.95,0.0489,0.0496,6.25
1418,-0.0475,0.43,0.826,-2.72,178.7,89.0,754,-0.0407,-1.68,664,-0.0552,-2.19,2,8,-24.4,9,14.0,15,16,0.0205,1.15,0.0359,0.005,7.135000000000105
1418,-0.0522,0.432,0.831,-2.65,178.7,96.9,754,-0.0382,-1.38,664,-0.0681,-2.43,2,8,-23.6,9,14.0,15,17,0.0134,0.66,0.0362,-0.0094,7.135000000000105
1418,-0.0468,0.437,0.859,-2.19,178.7,97.8,754,-0.03,-0.98,664,-0.066,-2.2,2,8,-21.7,9,14.0,15,18,0.0181,0.83,0.0398,-0.0036,7.135000000000105
1418,-0.0405,0.439,0.883,-1.8,178.7,92.7,754,-0.0313,-0.98,664,-0.0511,-1.61,2,8,-22.2,9,14.0,15,19,0.0226,0.98,0.0359,0.0093,7.135000000000105
1418,-0.0475,0.425,0.871,-2.02,178.7,104.4,754,-0.036,-1.09,664,-0.0605,-1.83,2,8,-26.2,9,14.0,15,20,0.0176,0.73,0.0312,0.0039,7.135000000000105
1418,-0.048,0.424,0.874,-1.97,178.7,103.7,754,-0.0314,-0.9,664,-0.0668,-1.96,2,8,-24.5,9,14.0,15,21,0.017,0.68,0.0347,-0.0007,7.135000000000105
1702,-0.0464,0.419,0.818,-3.08,214.4,102.2,882,-0.0405,-1.9,820,-0.0527,-2.47,2,8,-28.9,9,14.0,16,16,0.0217,1.42,0.0335,0.0104,7.185000000000059
1702,-0.0454,0.435,0.844,-2.63,214.4,100.8,882,-0.0297,-1.2,820,-0.0623,-2.58,2,8,-25.9,9,14.0,16,17,0.0228,1.3,0.0445,0.0017,7.185000000000059
1702,-0.0442,0.437,0.86,-2.36,214.4,103.1,882,-0.0249,-0.91,820,-0.065,-2.55,2,8,-25.0,9,14.0,16,18,0.0249,1.31,0.0501,0.0005,7.185000000000059
1702,-0.0422,0.434,0.873,-2.13,214.4,101.7,882,-0.0262,-0.91,820,-0.0595,-2.2,1,8,-27.1,9,14.0,16,19,0.0263,1.31,0.049,0.0044,7.185000000000059
1702,-0.0466,0.426,0.868,-2.25,214.4,112.2,882,-0.027,-0.9,820,-0.0677,-2.37,1,8,-28.7,9,14.0,16,20,0.021,0.99,0.0478,-0.0049,7.185000000000059
1702,-0.0471,0.426,0.871,-2.18,214.4,109.3,882,-0.0217,-0.69,820,-0.0743,-2.53,1,8,-26.8,9,14.0,16,21,0.0195,0.88,0.0516,-0.0116,7.185000000000059
1785,-0.0442,0.434,0.844,-2.67,224.9,103.5,927,-0.028,-1.19,858,-0.0616,-2.67,2,8,-25.8,9,14.0,17,17,0.0229,1.38,0.0435,0.0027,7.276999999999816
1785,-0.0453,0.434,0.853,-2.52,224.9,108.0,927,-0.0284,-1.09,858,-0.0635,-2.59,2,8,-25.5,9,14.0,17,18,0.0217,1.2,0.0424,0.0013,7.276999999999816
1785,-0.0436,0.431,0.866,-2.29,224.9,107.4,927,-0.0312,-1.13,858,-0.057,-2.19,1,8,-27.9,9,14.0,17,19,0.022,1.15,0.0393,0.005,7.276999999999816
1785,-0.0463,0.427,0.866,-2.32,224.9,116.3,927,-0.0291,-1.01,858,-0.0648,-2.36,2,8,-29.0,9,14.0,17,20,0.0183,0.9,0.041,-0.0041,7.276999999999816
1785,-0.0476,0.425,0.867,-2.28,224.9,114.0,927,-0.0244,-0.8,858,-0.0726,-2.57,1,8,-27.7,9,14.0,17,21,0.0161,0.76,0.0448,-0.0121,7.276999999999816
1132,-0.0303,0.398,0.799,-2.67,142.8,46.4,584,-0.022,-1.4,548,-0.0391,-2.38,1,8,-8.7,9,15.0,16,16,0.0232,2.0,0.0284,0.0182,8.644999999999982
1132,-0.0194,0.436,0.897,-1.29,142.8,34.1,584,0.0022,0.1,548,-0.0425,-1.99,2,8,-10.0,9,15.0,16,17,0.0345,2.23,0.0513,0.0183,8.644999999999982
1132,-0.0162,0.443,0.924,-0.96,142.8,27.5,584,0.0117,0.46,548,-0.0459,-2.03,3,8,-11.5,9,15.0,16,18,0.0393,2.27,0.0651,0.0144,8.644999999999982
1132,-0.0156,0.44,0.932,-0.84,142.8,29.8,584,0.0239,0.85,548,-0.0576,-2.37,3,8,-9.8,9,15.0,16,19,0.0391,2.04,0.0766,0.0029,8.644999999999982
1132,-0.0137,0.458,0.945,-0.69,142.8,29.2,584,0.0282,0.95,548,-0.0583,-2.23,2,8,-8.2,9,15.0,16,20,0.0418,2.05,0.0833,0.0017,8.644999999999982
1132,-0.0086,0.455,0.966,-0.4,142.8,27.7,584,0.0324,1.01,548,-0.0523,-1.87,2,8,-7.0,9,15.0,16,21,0.0471,2.15,0.0862,0.0094,8.644999999999982
1344,-0.0191,0.426,0.891,-1.46,169.4,39.5,699,0.0004,0.02,645,-0.0403,-2.12,2,8,-11.0,9,15.0,17,17,0.0335,2.51,0.0469,0.02,8.620000000000005
1344,-0.0208,0.44,0.898,-1.4,169.4,36.8,699,-0.0017,-0.08,645,-0.0415,-2.04,3,8,-14.7,9,15.0,17,18,0.0326,2.17,0.0473,0.0179,8.620000000000005
1344,-0.0219,0.432,0.902,-1.32,169.4,41.4,699,0.0043,0.18,645,-0.0503,-2.28,3,8,-11.4,9,15.0,17,19,0.0306,1.82,0.0528,0.0082,8.620000000000005
1344,-0.0172,0.449,0.929,-0.96,169.4,37.4,699,0.014,0.53,645,-0.0509,-2.15,3,8,-9.5,9,15.0,17,20,0.0352,1.94,0.0635,0.0067,8.620000000000005
1344,-0.0132,0.447,0.948,-0.69,169.4,32.1,699,0.0209,0.73,645,-0.0502,-1.99,3,8,-9.0,9,15.0,17,21,0.0398,2.04,0.0698,0.0096,8.620000000000005
1901,-0.0867,0.363,0.848,-2.67,239.4,166.2,1067,-0.0964,-2.19,834,-0.0743,-1.55,1,8,-52.4,10,12.5,14,16,0.0663,1.91,0.0367,0.0978,3.8600000000001273
1901,-0.0816,0.347,0.864,-2.37,239.4,158.1,1067,-0.09,-1.92,834,-0.0708,-1.4,1,8,-45.1,10,12.5,14,17,0.0734,1.99,0.0461,0.1026,3.8600000000001273
1901,-0.0627,0.338,0.899,-1.7,239.4,123.6,1067,-0.079,-1.58,834,-0.0419,-0.77,1,8,-40.2,10,12.5,14,18,0.0911,2.33,0.0569,0.1277,3.8600000000001273
1901,-0.0636,0.333,0.899,-1.69,239.4,126.1,1067,-0.0779,-1.51,834,-0.0454,-0.83,0,8,-39.8,10,12.5,14,19,0.0906,2.27,0.0545,0.1292,3.8600000000001273
1901,-0.073,0.319,0.887,-1.89,239.4,144.1,1067,-0.0756,-1.4,834,-0.0696,-1.27,0,8,-40.3,10,12.5,14,20,0.0835,2.03,0.0567,0.1121,3.8600000000001273
1901,-0.079,0.316,0.878,-2.03,239.4,156.2,1067,-0.0745,-1.37,834,-0.0848,-1.56,0,8,-37.0,10,12.5,14,21,0.0745,1.8,0.0553,0.0951,3.8600000000001273
1998,-0.0894,0.363,0.841,-2.88,251.6,182.3,1119,-0.0983,-2.33,879,-0.0781,-1.71,1,8,-57.5,10,12.5,15,16,0.0577,1.75,0.0313,0.0859,3.9700000000000273
1998,-0.0851,0.345,0.856,-2.58,251.6,175.6,1119,-0.0893,-1.99,879,-0.0796,-1.64,1,8,-50.0,10,12.5,15,17,0.0621,1.77,0.0405,0.0852,3.9700000000000273
1998,-0.0692,0.339,0.886,-1.96,251.6,143.0,1119,-0.0807,-1.68,879,-0.0546,-1.05,1,8,-43.8,10,12.5,15,18,0.0765,2.06,0.0482,0.1068,3.9700000000000273
1998,-0.0715,0.335,0.885,-1.98,251.6,147.9,1119,-0.082,-1.66,879,-0.058,-1.11,0,8,-44.4,10,12.5,15,19,0.0747,1.97,0.0451,0.1064,3.9700000000000273
1998,-0.0814,0.319,0.872,-2.2,251.6,168.1,1119,-0.0823,-1.59,879,-0.0802,-1.54,0,8,-45.9,10,12.5,15,20,0.0666,1.7,0.0443,0.0904,3.9700000000000273
1998,-0.0884,0.316,0.862,-2.38,251.6,182.5,1119,-0.0829,-1.59,879,-0.0953,-1.83,0,8,-43.8,10,12.5,15,21,0.0585,1.49,0.0445,0.0735,3.9700000000000273
2026,-0.09,0.361,0.838,-2.93,255.2,186.5,1131,-0.1007,-2.41,895,-0.0763,-1.7,1,8,-57.9,10,12.5,16,16,0.0578,1.78,0.0296,0.0876,3.989500000000021
2026,-0.0849,0.347,0.855,-2.61,255.2,178.2,1131,-0.091,-2.04,895,-0.0773,-1.62,1,8,-50.4,10,12.5,16,17,0.0637,1.85,0.0395,0.0894,3.989500000000021
2026,-0.0694,0.34,0.885,-1.99,255.2,145.2,1131,-0.0818,-1.72,895,-0.0539,-1.05,1,8,-43.9,10,12.5,16,18,0.0771,2.1,0.0478,0.1081,3.989500000000021
2026,-0.0726,0.336,0.883,-2.04,255.2,152.2,1131,-0.0838,-1.71,895,-0.0584,-1.13,0,8,-44.6,10,12.5,16,19,0.0743,1.99,0.0442,0.1062,3.989500000000021
2026,-0.0806,0.32,0.872,-2.21,255.2,169.1,1131,-0.0843,-1.65,895,-0.0758,-1.48,0,8,-46.0,10,12.5,16,20,0.0687,1.78,0.0438,0.0951,3.989500000000021
2026,-0.0878,0.318,0.862,-2.39,255.2,183.9,1131,-0.0851,-1.64,895,-0.0912,-1.78,0,8,-45.4,10,12.5,16,21,0.0594,1.53,0.0435,0.0763,3.989500000000021
2030,-0.0848,0.348,0.855,-2.61,255.7,178.3,1133,-0.0909,-2.04,897,-0.0772,-1.62,1,8,-50.5,10,12.5,17,17,0.0634,1.84,0.0389,0.0893,3.990000000000009
2030,-0.0699,0.339,0.884,-2.01,255.7,146.3,1133,-0.0819,-1.73,897,-0.0547,-1.07,1,8,-44.1,10,12.5,17,18,0.076,2.08,0.047,0.1068,3.990000000000009
2030,-0.073,0.335,0.882,-2.06,255.7,153.3,1133,-0.084,-1.72,897,-0.0591,-1.15,0,8,-44.7,10,12.5,17,19,0.0732,1.96,0.0433,0.1049,3.990000000000009
2030,-0.081,0.32,0.871,-2.22,255.7,170.2,1133,-0.0846,-1.65,897,-0.0765,-1.49,0,8,-46.2,10,12.5,17,20,0.0675,1.75,0.0428,0.0936,3.990000000000009
2030,-0.0881,0.317,0.861,-2.4,255.7,184.8,1133,-0.0853,-1.65,897,-0.0916,-1.79,0,8,-45.4,10,12.5,17,21,0.0582,1.5,0.0424,0.0749,3.990000000000009
1790,-0.0539,0.376,0.896,-1.7,225.4,104.6,988,-0.0481,-1.09,802,-0.0611,-1.33,1,8,-35.3,10,13.0,14,16,0.077,2.27,0.0808,0.0729,4.339999999999918
1790,-0.0511,0.373,0.907,-1.51,225.4,102.0,988,-0.0402,-0.86,802,-0.0645,-1.33,2,8,-34.9,10,13.0,14,17,0.0817,2.27,0.0891,0.0738,4.339999999999918
1790,-0.0352,0.368,0.938,-0.97,225.4,87.7,988,-0.0336,-0.67,802,-0.0373,-0.71,2,8,-34.2,10,13.0,14,18,0.0969,2.53,0.0936,0.1003,4.339999999999918
1790,-0.0436,0.354,0.925,-1.19,225.4,89.9,988,-0.0389,-0.76,802,-0.0494,-0.95,2,8,-35.3,10,13.0,14,19,0.0893,2.32,0.0843,0.0946,4.339999999999918
1790,-0.0546,0.345,0.909,-1.44,225.4,108.4,988,-0.0406,-0.76,802,-0.0718,-1.37,1,8,-37.0,10,13.0,14,20,0.0809,2.01,0.082,0.0797,4.339999999999918
1790,-0.0569,0.34,0.906,-1.48,225.4,112.6,988,-0.0322,-0.59,802,-0.0873,-1.66,1,8,-33.2,10,13.0,14,21,0.0762,1.88,0.0885,0.0632,4.339999999999918
1950,-0.0619,0.373,0.877,-2.09,245.6,128.2,1072,-0.0505,-1.23,878,-0.0757,-1.78,1,8,-41.1,10,13.0,15,16,0.0628,2.03,0.0682,0.0572,4.4500000000000455
1950,-0.0607,0.371,0.887,-1.93,245.6,130.1,1072,-0.0402,-0.92,878,-0.0859,-1.91,1,8,-40.1,10,13.0,15,17,0.0654,1.99,0.0796,0.0505,4.4500000000000455
1950,-0.0488,0.367,0.912,-1.45,245.6,119.3,1072,-0.0351,-0.75,878,-0.0654,-1.36,1,8,-37.1,10,13.0,15,18,0.0767,2.19,0.0832,0.0699,4.4500000000000455
1950,-0.0549,0.357,0.904,-1.62,245.6,122.5,1072,-0.0404,-0.85,878,-0.0725,-1.51,1,8,-39.2,10,13.0,15,19,0.0723,2.04,0.0776,0.0668,4.4500000000000455
1950,-0.0655,0.345,0.888,-1.86,245.6,139.5,1072,-0.0422,-0.84,878,-0.094,-1.93,1,8,-41.9,10,13.0,15,20,0.064,1.73,0.0744,0.053,4.4500000000000455
1950,-0.0684,0.341,0.884,-1.91,245.6,146.4,1072,-0.0351,-0.69,878,-0.1091,-2.23,2,8,-37.7,10,13.0,15,21,0.0614,1.64,0.0842,0.0374,4.4500000000000455
2002,-0.0623,0.371,0.875,-2.16,252.1,131.4,1092,-0.0546,-1.36,910,-0.0714,-1.74,1,8,-41.3,10,13.0,16,16,0.0624,2.07,0.0651,0.0597,4.514999999999986
2002,-0.0587,0.374,0.889,-1.91,252.1,128.1,1092,-0.041,-0.95,910,-0.0799,-1.84,1,8,-39.6,10,13.0,16,17,0.0692,2.16,0.0805,0.0574,4.514999999999986
2002,-0.0473,0.369,0.913,-1.44,252.1,116.8,1092,-0.0344,-0.75,910,-0.0629,-1.35,1,8,-36.1,10,13.0,16,18,0.0794,2.33,0.086,0.0726,4.514999999999986
2002,-0.0541,0.36,0.904,-1.63,252.1,120.6,1092,-0.0398,-0.85,910,-0.0714,-1.54,1,8,-38.0,10,13.0,16,19,0.0743,2.16,0.0798,0.0687,4.514999999999986
2002,-0.0632,0.348,0.891,-1.83,252.1,137.9,1092,-0.0432,-0.87,910,-0.0872,-1.85,1,8,-41.8,10,13.0,16,20,0.0693,1.93,0.0769,0.0615,4.514999999999986
2002,-0.0668,0.343,0.886,-1.91,252.1,146.0,1092,-0.037,-0.73,910,-0.1027,-2.17,2,8,-38.2,10,13.0,16,21,0.0655,1.8,0.0844,0.0458,4.514999999999986
2013,-0.0586,0.373,0.888,-1.92,253.5,128.3,1099,-0.0409,-0.96,914,-0.0799,-1.84,1,8,-39.7,10,13.0,17,17,0.0689,2.17,0.0795,0.0579,4.529999999999973
2013,-0.0476,0.369,0.912,-1.46,253.5,117.6,1099,-0.0343,-0.75,914,-0.0635,-1.37,1,8,-36.2,10,13.0,17,18,0.0786,2.33,0.0848,0.0722,4.529999999999973
2013,-0.0546,0.359,0.902,-1.66,253.5,122.0,1099,-0.0404,-0.87,914,-0.0718,-1.55,1,8,-38.2,10,13.0,17,19,0.0729,2.14,0.0779,0.0679,4.529999999999973
2013,-0.0633,0.348,0.89,-1.85,253.5,138.7,1099,-0.0432,-0.88,914,-0.0874,-1.86,1,8,-41.9,10,13.0,17,20,0.0681,1.91,0.0755,0.0605,4.529999999999973
2013,-0.0672,0.342,0.885,-1.93,253.5,146.7,1099,-0.0375,-0.75,914,-0.103,-2.18,2,8,-38.3,10,13.0,17,21,0.0639,1.77,0.0824,0.0448,4.529999999999973
1652,-0.0716,0.389,0.853,-2.41,208.1,131.5,910,-0.0591,-1.46,742,-0.0871,-1.99,2,8,-40.1,10,13.25,14,16,0.0537,1.71,0.0651,0.0417,4.759999999999991
1652,-0.069,0.39,0.866,-2.21,208.1,133.7,910,-0.0503,-1.17,742,-0.0919,-2.03,2,8,-42.4,10,13.25,14,17,0.0593,1.79,0.0759,0.0417,4.759999999999991
1652,-0.054,0.386,0.898,-1.63,208.1,117.9,910,-0.0461,-1.0,742,-0.0638,-1.35,2,8,-40.2,10,13.25,14,18,0.0757,2.16,0.0784,0.0729,4.759999999999991
1652,-0.0596,0.374,0.891,-1.76,208.1,121.9,910,-0.0491,-1.04,742,-0.0725,-1.51,2,8,-39.9,10,13.25,14,19,0.0705,1.97,0.0706,0.0704,4.759999999999991
1652,-0.0687,0.366,0.878,-1.96,208.1,134.9,910,-0.0497,-1.0,742,-0.0921,-1.89,1,8,-40.9,10,13.25,14,20,0.063,1.69,0.0682,0.0575,4.759999999999991
1652,-0.0672,0.363,0.882,-1.88,208.1,134.9,910,-0.0359,-0.7,742,-0.1056,-2.17,2,8,-41.7,10,13.25,14,21,0.064,1.69,0.0822,0.0449,4.759999999999991
1907,-0.0797,0.387,0.829,-3.02,240.2,158.1,1036,-0.0677,-1.86,871,-0.0939,-2.46,1,8,-44.8,10,13.25,15,16,0.0375,1.37,0.0435,0.0312,4.893000000000029
1907,-0.0804,0.388,0.839,-2.89,240.2,166.2,1036,-0.0595,-1.53,871,-0.1054,-2.65,1,8,-48.4,10,13.25,15,17,0.0393,1.36,0.0549,0.0231,4.893000000000029
1907,-0.0732,0.382,0.858,-2.48,240.2,160.7,1036,-0.059,-1.42,871,-0.09,-2.16,1,8,-47.2,10,13.25,15,18,0.0472,1.54,0.0539,0.0402,4.893000000000029
1907,-0.0774,0.373,0.855,-2.57,240.2,165.7,1036,-0.0618,-1.46,871,-0.0958,-2.26,1,8,-49.3,10,13.25,15,19,0.0446,1.42,0.0503,0.0387,4.893000000000029
1907,-0.0886,0.36,0.839,-2.83,240.2,183.7,1036,-0.0646,-1.44,871,-0.117,-2.73,1,8,-50.1,10,13.25,15,20,0.0355,1.08,0.0458,0.0249,4.893000000000029
1907,-0.0875,0.36,0.843,-2.74,240.2,186.3,1036,-0.0532,-1.15,871,-0.1284,-2.99,1,8,-51.1,10,13.25,15,21,0.0379,1.13,0.0609,0.014,4.893000000000029
1981,-0.0795,0.384,0.826,-3.12,249.5,161.8,1061,-0.0715,-2.01,920,-0.0888,-2.44,1,8,-46.0,10,13.25,16,16,0.037,1.41,0.0409,0.0331,4.990000000000009
1981,-0.0782,0.391,0.84,-2.9,249.5,164.2,1061,-0.0601,-1.58,920,-0.0991,-2.62,1,8,-47.4,10,13.25,16,17,0.0418,1.5,0.0556,0.0278,4.990000000000009
1981,-0.0708,0.384,0.86,-2.48,249.5,156.8,1061,-0.0571,-1.4,920,-0.0866,-2.18,1,8,-47.3,10,13.25,16,18,0.0489,1.66,0.0572,0.0405,4.990000000000009
1981,-0.0753,0.375,0.856,-2.58,249.5,162.8,1061,-0.0601,-1.44,920,-0.0929,-2.3,1,8,-49.4,10,13.25,16,19,0.0456,1.51,0.0529,0.0382,4.990000000000009
1981,-0.0838,0.364,0.845,-2.76,249.5,179.2,1061,-0.0644,-1.46,920,-0.1061,-2.59,1,8,-51.2,10,13.25,16,20,0.0404,1.28,0.0483,0.0325,4.990000000000009
1981,-0.0836,0.364,0.847,-2.7,249.5,183.3,1061,-0.0544,-1.2,920,-0.1173,-2.86,1,8,-53.1,10,13.25,16,21,0.0413,1.28,0.0604,0.0221,4.990000000000009
1995,-0.0779,0.39,0.84,-2.91,251.3,164.2,1070,-0.0598,-1.58,925,-0.0987,-2.62,1,8,-47.0,10,13.25,17,17,0.0414,1.51,0.0542,0.0285,5.009999999999991
1995,-0.0706,0.384,0.86,-2.49,251.3,157.0,1070,-0.0567,-1.41,925,-0.0866,-2.19,1,8,-46.4,10,13.25,17,18,0.0479,1.64,0.0557,0.04,5.009999999999991
1995,-0.0754,0.374,0.855,-2.6,251.3,163.7,1070,-0.0605,-1.46,925,-0.0927,-2.31,1,8,-48.7,10,13.25,17,19,0.0441,1.48,0.0508,0.0373,5.009999999999991
1995,-0.0834,0.364,0.845,-2.76,251.3,179.5,1070,-0.064,-1.46,925,-0.1058,-2.59,1,8,-49.9,10,13.25,17,20,0.0394,1.26,0.0471,0.0316,5.009999999999991
1995,-0.0834,0.363,0.847,-2.71,251.3,183.2,1070,-0.0545,-1.21,925,-0.1168,-2.86,1,8,-52.1,10,13.25,17,21,0.0399,1.25,0.0585,0.0211,5.009999999999991
1381,-0.0473,0.406,0.887,-1.72,173.9,82.7,767,-0.062,-1.69,614,-0.0291,-0.7,2,8,-28.8,10,13.5,14,16,0.0465,1.58,0.0269,0.0671,5.509999999999991
1381,-0.0361,0.416,0.919,-1.23,173.9,74.0,767,-0.0523,-1.34,614,-0.0159,-0.36,3,8,-28.2,10,13.5,14,17,0.0558,1.78,0.0333,0.0796,5.509999999999991
1381,-0.0256,0.417,0.944,-0.84,173.9,60.9,767,-0.0587,-1.47,614,0.0157,0.34,3,8,-26.0,10,13.5,14,18,0.0711,2.19,0.0285,0.116,5.509999999999991
1381,-0.0305,0.413,0.936,-0.98,173.9,55.6,767,-0.0591,-1.43,614,0.0054,0.11,3,8,-24.5,10,13.5,14,19,0.0692,2.07,0.025,0.1157,5.509999999999991
1381,-0.0355,0.401,0.928,-1.1,173.9,61.1,767,-0.0622,-1.43,614,-0.0022,-0.05,2,8,-24.8,10,13.5,14,20,0.0687,1.97,0.0234,0.1165,5.509999999999991
1381,-0.0332,0.387,0.934,-1.0,173.9,57.0,767,-0.0481,-1.05,614,-0.0147,-0.3,2,8,-21.9,10,13.5,14,21,0.0695,1.94,0.0354,0.1055,5.509999999999991
1815,-0.0552,0.411,0.859,-2.46,228.6,113.2,980,-0.0615,-2.01,835,-0.0478,-1.44,1,8,-28.7,10,13.5,15,16,0.0359,1.54,0.0281,0.044,5.660000000000082
1815,-0.0526,0.414,0.876,-2.18,228.6,112.4,980,-0.0535,-1.62,835,-0.0515,-1.45,1,8,-26.6,10,13.5,15,17,0.0377,1.51,0.0367,0.0387,5.660000000000082
1815,-0.0499,0.414,0.888,-1.99,228.6,109.2,980,-0.0595,-1.76,835,-0.0385,-1.03,1,8,-25.5,10,13.5,15,18,0.0417,1.61,0.0299,0.054,5.660000000000082
1815,-0.0496,0.41,0.892,-1.92,228.6,103.1,980,-0.0571,-1.62,835,-0.0409,-1.08,1,8,-21.5,10,13.5,15,19,0.0426,1.59,0.0305,0.0553,5.660000000000082
1815,-0.058,0.398,0.879,-2.16,228.6,115.7,980,-0.0617,-1.66,835,-0.0535,-1.38,1,8,-22.1,10,13.5,15,20,0.0373,1.34,0.0243,0.0509,5.660000000000082
1815,-0.0556,0.388,0.886,-2.01,228.6,115.6,980,-0.0506,-1.29,835,-0.0616,-1.58,1,8,-24.2,10,13.5,15,21,0.04,1.39,0.0366,0.0436,5.660000000000082
1931,-0.0559,0.409,0.853,-2.63,243.2,122.1,1023,-0.0645,-2.2,908,-0.0462,-1.5,1,8,-29.5,10,13.5,16,16,0.0366,1.68,0.0269,0.0463,5.72199999999998
1931,-0.0481,0.419,0.883,-2.1,243.2,108.3,1023,-0.0479,-1.5,908,-0.0483,-1.46,1,8,-26.2,10,13.5,16,17,0.0442,1.88,0.0453,0.0431,5.72199999999998
1931,-0.0461,0.417,0.893,-1.93,243.2,102.6,1023,-0.0523,-1.59,908,-0.0391,-1.13,1,8,-25.6,10,13.5,16,18,0.0474,1.95,0.0413,0.0536,5.72199999999998
1931,-0.0476,0.41,0.893,-1.94,243.2,103.1,1023,-0.0515,-1.5,908,-0.0431,-1.23,1,8,-22.1,10,13.5,16,19,0.0468,1.85,0.0412,0.0524,5.72199999999998
1931,-0.0531,0.4,0.886,-2.07,243.2,113.6,1023,-0.057,-1.58,908,-0.0487,-1.35,1,8,-23.2,10,13.5,16,20,0.0438,1.66,0.0356,0.0521,5.72199999999998
1931,-0.0511,0.392,0.892,-1.94,243.2,111.0,1023,-0.0463,-1.22,908,-0.0566,-1.55,1,8,-22.2,10,13.5,16,21,0.0464,1.7,0.0466,0.0462,5.72199999999998
1957,-0.0481,0.418,0.882,-2.12,246.5,108.8,1036,-0.0481,-1.53,921,-0.048,-1.47,1,8,-25.9,10,13.5,17,17,0.0436,1.89,0.0429,0.0443,5.729999999999791
1957,-0.0466,0.416,0.891,-1.98,246.5,104.4,1036,-0.0523,-1.61,921,-0.0401,-1.18,1,8,-25.8,10,13.5,17,18,0.0456,1.91,0.0387,0.0525,5.729999999999791
1957,-0.0484,0.409,0.891,-1.99,246.5,104.9,1036,-0.0526,-1.55,921,-0.0438,-1.26,1,8,-21.8,10,13.5,17,19,0.0441,1.78,0.0373,0.051,5.729999999999791
1957,-0.0535,0.399,0.884,-2.12,246.5,114.6,1036,-0.0571,-1.6,921,-0.0495,-1.38,1,8,-23.6,10,13.5,17,20,0.0414,1.59,0.0323,0.0505,5.729999999999791
1957,-0.0518,0.39,0.89,-1.99,246.5,112.6,1036,-0.0471,-1.26,921,-0.0571,-1.59,1,8,-21.4,10,13.5,17,21,0.0437,1.63,0.0432,0.0443,5.729999999999791
1488,-0.0574,0.433,0.806,-3.17,187.5,102.6,793,-0.0543,-2.16,695,-0.0608,-2.33,2,8,-27.8,10,14.0,15,16,0.0164,0.88,0.0266,0.0062,6.600000000000023
1488,-0.0615,0.429,0.815,-3.01,187.5,106.9,793,-0.0479,-1.68,695,-0.077,-2.64,2,8,-28.4,10,14.0,15,17,0.0103,0.49,0.0305,-0.0099,6.600000000000023
1488,-0.0548,0.435,0.846,-2.49,187.5,105.8,793,-0.0397,-1.28,695,-0.0719,-2.32,2,8,-26.0,10,14.0,15,18,0.0163,0.73,0.0318,0.0008,6.600000000000023
1488,-0.0488,0.432,0.868,-2.11,187.5,103.0,793,-0.0377,-1.16,695,-0.0615,-1.88,1,8,-29.0,10,14.0,15,19,0.021,0.88,0.0315,0.0104,6.600000000000023
1488,-0.058,0.418,0.852,-2.42,187.5,116.8,793,-0.0464,-1.38,695,-0.0711,-2.08,1,8,-32.9,10,14.0,15,20,0.0124,0.5,0.022,0.0028,6.600000000000023
1488,-0.0587,0.417,0.855,-2.36,187.5,118.7,793,-0.0432,-1.23,695,-0.0765,-2.18,1,8,-31.5,10,14.0,15,21,0.0115,0.45,0.0263,-0.0032,6.600000000000023
1762,-0.0584,0.421,0.789,-3.71,221.9,121.6,913,-0.0561,-2.52,849,-0.0609,-2.73,2,8,-35.0,10,14.0,16,16,0.0175,1.1,0.0244,0.0109,6.703500000000076
1762,-0.0554,0.434,0.823,-3.08,221.9,116.2,913,-0.0417,-1.62,849,-0.0703,-2.79,1,8,-32.2,10,14.0,16,17,0.0209,1.14,0.0393,0.0033,6.703500000000076
1762,-0.0502,0.438,0.85,-2.59,221.9,111.0,913,-0.0347,-1.24,849,-0.0669,-2.52,1,8,-29.8,10,14.0,16,18,0.0273,1.39,0.046,0.0095,6.703500000000076
1762,-0.0471,0.43,0.866,-2.3,221.9,108.8,913,-0.0323,-1.09,849,-0.063,-2.25,1,8,-32.9,10,14.0,16,19,0.0298,1.43,0.0483,0.0122,6.703500000000076
1762,-0.0516,0.424,0.862,-2.42,221.9,118.7,913,-0.0366,-1.19,849,-0.0677,-2.3,1,8,-34.0,10,14.0,16,20,0.0229,1.05,0.0423,0.0043,6.703500000000076
1762,-0.0524,0.422,0.864,-2.36,221.9,119.7,913,-0.0324,-1.01,849,-0.0739,-2.44,1,8,-32.7,10,14.0,16,21,0.0205,0.9,0.0458,-0.0038,6.703500000000076
1835,-0.0544,0.432,0.822,-3.14,231.1,118.8,953,-0.0396,-1.6,882,-0.0704,-2.9,1,8,-32.0,10,14.0,17,17,0.0209,1.2,0.038,0.0041,6.730000000000018
1835,-0.0521,0.434,0.842,-2.79,231.1,116.1,953,-0.0379,-1.4,882,-0.0674,-2.63,2,8,-30.5,10,14.0,17,18,0.0233,1.24,0.0382,0.0088,6.730000000000018
1835,-0.0492,0.428,0.858,-2.5,231.1,112.5,953,-0.038,-1.33,882,-0.0614,-2.27,1,8,-33.3,10,14.0,17,19,0.0246,1.24,0.0375,0.012,6.730000000000018
1835,-0.0529,0.423,0.856,-2.56,231.1,121.6,953,-0.0403,-1.36,882,-0.0664,-2.33,1,8,-34.0,10,14.0,17,20,0.0186,0.89,0.0339,0.0036,6.730000000000018
1835,-0.0539,0.421,0.858,-2.51,231.1,123.4,953,-0.0359,-1.15,882,-0.0733,-2.5,1,8,-33.0,10,14.0,17,21,0.016,0.74,0.0378,-0.0053,6.730000000000018
1192,-0.0333,0.401,0.79,-2.85,150.3,52.2,606,-0.0261,-1.6,586,-0.0408,-2.43,1,8,-9.3,10,15.0,16,16,0.0247,2.07,0.0297,0.0201,8.205000000000041
1192,-0.0211,0.435,0.893,-1.38,150.3,38.2,606,-0.0017,-0.08,586,-0.0413,-1.91,2,8,-11.8,10,15.0,16,17,0.0382,2.42,0.0546,0.023,8.205000000000041
1192,-0.0149,0.442,0.932,-0.87,150.3,30.7,606,0.0096,0.38,586,-0.0403,-1.77,3,8,-13.1,10,15.0,16,18,0.0451,2.56,0.0691,0.0227,8.205000000000041
1192,-0.0167,0.44,0.93,-0.88,150.3,35.6,606,0.0214,0.75,586,-0.056,-2.29,3,8,-14.2,10,15.0,16,19,0.0435,2.25,0.0809,0.0087,8.205000000000041
1192,-0.0155,0.458,0.94,-0.78,150.3,32.6,606,0.0229,0.76,586,-0.0553,-2.11,2,8,-11.1,10,15.0,16,20,0.0444,2.16,0.0832,0.0083,8.205000000000041
1192,-0.0116,0.451,0.957,-0.54,150.3,32.8,606,0.0247,0.77,586,-0.0491,-1.76,2,8,-9.7,10,15.0,16,21,0.0484,2.2,0.0836,0.0156,8.205000000000041
1404,-0.0204,0.425,0.89,-1.51,176.9,42.8,727,-0.0045,-0.24,677,-0.0375,-1.91,2,8,-13.0,10,15.0,17,17,0.0371,2.7,0.0481,0.0262,8.06149999999991
1404,-0.0193,0.437,0.908,-1.27,176.9,36.2,727,-0.0039,-0.18,677,-0.0359,-1.73,3,8,-15.8,10,15.0,17,18,0.039,2.54,0.052,0.0262,8.06149999999991
1404,-0.0223,0.433,0.905,-1.32,176.9,41.6,727,0.0011,0.05,677,-0.0475,-2.11,3,8,-15.4,10,15.0,17,19,0.0369,2.15,0.0591,0.0149,8.06149999999991
1404,-0.0189,0.45,0.925,-1.05,176.9,38.9,727,0.0063,0.24,677,-0.0459,-1.9,3,8,-11.9,10,15.0,17,20,0.0395,2.14,0.0639,0.0153,8.06149999999991
1404,-0.0154,0.444,0.942,-0.8,176.9,35.6,727,0.0115,0.4,677,-0.0444,-1.73,3,8,-11.2,10,15.0,17,21,0.0437,2.21,0.0691,0.0185,8.06149999999991
1982,-0.1415,0.317,0.785,-4.1,249.6,283.5,1120,-0.1429,-3.08,862,-0.1397,-2.7,1,8,-72.6,11,12.5,14,16,0.0398,1.06,0.0288,0.0512,3.0599999999999454
1982,-0.1388,0.299,0.798,-3.77,249.6,283.1,1120,-0.1329,-2.69,862,-0.1464,-2.65,0,8,-71.4,11,12.5,14,17,0.0492,1.22,0.0408,0.058,3.0599999999999454
1982,-0.1291,0.288,0.816,-3.29,249.6,269.1,1120,-0.13,-2.49,862,-0.1278,-2.15,0,8,-74.9,11,12.5,14,18,0.0664,1.55,0.0482,0.0856,3.0599999999999454
1982,-0.1279,0.281,0.821,-3.18,249.6,267.1,1120,-0.1321,-2.44,862,-0.1224,-2.04,0,8,-70.2,11,12.5,14,19,0.0694,1.58,0.0458,0.0941,3.0599999999999454
1982,-0.1431,0.27,0.803,-3.49,249.6,299.4,1120,-0.1416,-2.51,862,-0.145,-2.43,0,8,-77.4,11,12.5,14,20,0.0547,1.22,0.0417,0.0684,3.0599999999999454
1982,-0.1545,0.265,0.789,-3.79,249.6,322.9,1120,-0.1485,-2.65,862,-0.1622,-2.74,0,8,-80.4,11,12.5,14,21,0.043,0.96,0.037,0.0493,3.0599999999999454
2028,-0.1445,0.318,0.779,-4.26,255.4,295.9,1149,-0.1456,-3.2,879,-0.143,-2.81,1,8,-76.1,11,12.5,15,16,0.033,0.9,0.0246,0.0417,3.099999999999909
2028,-0.1409,0.299,0.793,-3.9,255.4,293.8,1149,-0.135,-2.79,879,-0.1485,-2.74,0,8,-74.7,11,12.5,15,17,0.0421,1.08,0.0358,0.0487,3.099999999999909
2028,-0.1315,0.289,0.812,-3.42,255.4,280.0,1149,-0.132,-2.58,879,-0.1308,-2.24,0,8,-78.9,11,12.5,15,18,0.0589,1.41,0.0428,0.0758,3.099999999999909
2028,-0.1286,0.284,0.819,-3.26,255.4,274.6,1149,-0.1336,-2.52,879,-0.1222,-2.07,0,8,-74.0,11,12.5,15,19,0.0633,1.48,0.0406,0.0872,3.099999999999909
2028,-0.144,0.271,0.8,-3.58,255.4,307.5,1149,-0.1435,-2.61,879,-0.1446,-2.47,0,8,-81.1,11,12.5,15,20,0.0486,1.11,0.0361,0.0617,3.099999999999909
2028,-0.1548,0.268,0.787,-3.87,255.4,330.6,1149,-0.1504,-2.75,879,-0.1605,-2.75,0,8,-84.4,11,12.5,15,21,0.0373,0.86,0.031,0.044,3.099999999999909
2041,-0.1433,0.318,0.78,-4.25,257.1,296.1,1152,-0.1458,-3.22,889,-0.1401,-2.78,1,8,-76.1,11,12.5,16,16,0.0344,0.95,0.0242,0.045,3.1100000000001273
2041,-0.1396,0.301,0.794,-3.89,257.1,293.4,1152,-0.1351,-2.8,889,-0.1455,-2.71,0,8,-74.7,11,12.5,16,17,0.0443,1.14,0.0357,0.0533,3.1100000000001273
2041,-0.1306,0.291,0.812,-3.42,257.1,279.9,1152,-0.1315,-2.58,889,-0.1294,-2.24,0,8,-78.9,11,12.5,16,18,0.0595,1.43,0.0425,0.0772,3.1100000000001273
2041,-0.1281,0.285,0.819,-3.27,257.1,275.3,1152,-0.1334,-2.52,889,-0.1213,-2.08,0,8,-74.0,11,12.5,16,19,0.0637,1.5,0.0406,0.0879,3.1100000000001273
2041,-0.1428,0.273,0.801,-3.57,257.1,307.9,1152,-0.1435,-2.62,889,-0.1418,-2.44,0,8,-81.1,11,12.5,16,20,0.0502,1.16,0.036,0.065,3.1100000000001273
2041,-0.1533,0.27,0.788,-3.86,257.1,329.8,1152,-0.1499,-2.75,889,-0.1578,-2.74,0,8,-84.4,11,12.5,16,21,0.0384,0.89,0.0314,0.0457,3.1100000000001273
2044,-0.1396,0.301,0.794,-3.89,257.4,293.7,1155,-0.135,-2.81,889,-0.1455,-2.71,0,8,-74.7,11,12.5,17,17,0.0441,1.14,0.0354,0.0533,3.111500000000092
2044,-0.1308,0.291,0.811,-3.43,257.4,280.6,1155,-0.1318,-2.59,889,-0.1294,-2.24,0,8,-78.9,11,12.5,17,18,0.0591,1.43,0.0417,0.0772,3.111500000000092
2044,-0.1284,0.285,0.818,-3.28,257.4,276.3,1155,-0.1339,-2.54,889,-0.1213,-2.08,0,8,-74.0,11,12.5,17,19,0.0631,1.49,0.0395,0.0879,3.111500000000092
2044,-0.1431,0.273,0.8,-3.58,257.4,308.8,1155,-0.144,-2.63,889,-0.1418,-2.44,0,8,-81.1,11,12.5,17,20,0.0497,1.15,0.035,0.065,3.111500000000092
2044,-0.1538,0.27,0.787,-3.88,257.4,331.1,1155,-0.1506,-2.77,889,-0.1578,-2.74,0,8,-84.4,11,12.5,17,21,0.0377,0.87,0.03,0.0457,3.111500000000092
1898,-0.0699,0.352,0.879,-2.03,239.0,154.4,1041,-0.0542,-1.11,857,-0.089,-1.84,1,8,-51.3,11,13.0,14,16,0.0668,1.84,0.0917,0.0416,3.714999999999918
1898,-0.0713,0.346,0.883,-1.96,239.0,152.2,1041,-0.0451,-0.88,857,-0.1031,-2.0,1,8,-55.6,11,13.0,14,17,0.0715,1.85,0.1008,0.0417,3.714999999999918
1898,-0.0597,0.337,0.904,-1.53,239.0,142.1,1041,-0.0456,-0.84,857,-0.0769,-1.38,1,8,-55.1,11,13.0,14,18,0.0873,2.11,0.1056,0.0688,3.714999999999918
1898,-0.0678,0.326,0.894,-1.73,239.0,148.4,1041,-0.0483,-0.87,857,-0.0914,-1.67,1,8,-51.5,11,13.0,14,19,0.0823,1.97,0.1003,0.064,3.714999999999918
1898,-0.0819,0.315,0.875,-2.03,239.0,177.2,1041,-0.0548,-0.95,857,-0.1147,-2.08,1,8,-56.4,11,13.0,14,20,0.072,1.68,0.0953,0.0483,3.714999999999918
1898,-0.0888,0.308,0.865,-2.19,239.0,191.2,1041,-0.0539,-0.92,857,-0.1312,-2.38,1,8,-58.9,11,13.0,14,21,0.0662,1.53,0.0996,0.0323,3.714999999999918
1995,-0.0767,0.352,0.865,-2.32,251.3,171.7,1095,-0.0558,-1.2,900,-0.1021,-2.21,1,8,-55.5,11,13.0,15,16,0.0562,1.63,0.0862,0.0255,3.8099999999999454
1995,-0.0769,0.346,0.872,-2.2,251.3,169.0,1095,-0.0449,-0.91,900,-0.1158,-2.35,1,8,-59.7,11,13.0,15,17,0.0615,1.68,0.0969,0.0254,3.8099999999999454
1995,-0.0654,0.338,0.894,-1.75,251.3,156.5,1095,-0.0433,-0.83,900,-0.0922,-1.73,1,8,-60.4,11,13.0,15,18,0.076,1.94,0.1018,0.0497,3.8099999999999454
1995,-0.0694,0.331,0.89,-1.84,251.3,161.0,1095,-0.0455,-0.85,900,-0.0986,-1.88,1,8,-57.2,11,13.0,15,19,0.0756,1.91,0.0987,0.052,3.8099999999999454
1995,-0.0836,0.318,0.87,-2.16,251.3,189.6,1095,-0.0517,-0.93,900,-0.1224,-2.32,1,8,-62.1,11,13.0,15,20,0.0642,1.57,0.0937,0.034,3.8099999999999454
1995,-0.0906,0.312,0.861,-2.32,251.3,204.1,1095,-0.0515,-0.92,900,-0.1381,-2.61,1,8,-64.8,11,13.0,15,21,0.059,1.44,0.0975,0.0197,3.8099999999999454
2024,-0.0759,0.352,0.865,-2.33,254.9,175.1,1104,-0.0576,-1.25,920,-0.0979,-2.16,1,8,-56.4,11,13.0,16,16,0.0568,1.68,0.0847,0.0287,3.8500000000001364
2024,-0.0735,0.349,0.876,-2.13,254.9,167.5,1104,-0.0439,-0.9,920,-0.1091,-2.26,1,8,-58.7,11,13.0,16,17,0.0663,1.84,0.1001,0.0323,3.8500000000001364
2024,-0.063,0.341,0.897,-1.71,254.9,155.6,1104,-0.0411,-0.8,920,-0.0893,-1.71,1,8,-60.2,11,13.0,16,18,0.0793,2.06,0.106,0.0524,3.8500000000001364
2024,-0.0674,0.334,0.892,-1.81,254.9,159.8,1104,-0.0434,-0.82,920,-0.0963,-1.87,1,8,-56.8,11,13.0,16,19,0.0787,2.02,0.1028,0.0544,3.8500000000001364
2024,-0.082,0.321,0.871,-2.14,254.9,189.7,1104,-0.0513,-0.93,920,-0.1189,-2.3,1,8,-62.4,11,13.0,16,20,0.0681,1.7,0.0965,0.0394,3.8500000000001364
2024,-0.0891,0.315,0.862,-2.32,254.9,204.4,1104,-0.0504,-0.9,920,-0.1356,-2.62,1,8,-65.3,11,13.0,16,21,0.0615,1.52,0.0989,0.0237,3.8500000000001364
2031,-0.0734,0.35,0.876,-2.14,255.8,168.2,1110,-0.0439,-0.91,921,-0.1089,-2.25,1,8,-58.7,11,13.0,17,17,0.0664,1.85,0.0994,0.033,3.8600000000001273
2031,-0.0633,0.341,0.896,-1.72,255.8,156.7,1110,-0.0418,-0.81,921,-0.0891,-1.71,1,8,-59.9,11,13.0,17,18,0.079,2.06,0.1049,0.0529,3.8600000000001273
2031,-0.0681,0.334,0.891,-1.84,255.8,162.1,1110,-0.0448,-0.85,921,-0.0962,-1.87,1,8,-56.9,11,13.0,17,19,0.0777,2.0,0.1007,0.0545,3.8600000000001273
2031,-0.0825,0.321,0.87,-2.17,255.8,191.7,1110,-0.0527,-0.96,921,-0.1185,-2.29,1,8,-62.5,11,13.0,17,20,0.0672,1.68,0.0945,0.0395,3.8600000000001273
2031,-0.0902,0.314,0.86,-2.35,255.8,207.1,1110,-0.0526,-0.95,921,-0.1356,-2.62,1,8,-65.5,11,13.0,17,21,0.0598,1.49,0.0959,0.0234,3.8600000000001273
1773,-0.0646,0.378,0.878,-2.0,223.3,139.3,972,-0.0557,-1.24,801,-0.0755,-1.63,2,8,-41.5,11,13.25,14,16,0.0613,1.8,0.0811,0.0411,4.120000000000118
1773,-0.0646,0.374,0.885,-1.9,223.3,137.1,972,-0.0472,-0.99,801,-0.0857,-1.78,2,8,-43.4,11,13.25,14,17,0.0639,1.78,0.0915,0.0355,4.120000000000118
1773,-0.0528,0.367,0.908,-1.47,223.3,128.3,972,-0.0476,-0.95,801,-0.059,-1.16,2,8,-45.2,11,13.25,14,18,0.079,2.09,0.0941,0.0635,4.120000000000118
1773,-0.059,0.357,0.9,-1.62,223.3,131.2,972,-0.0506,-0.99,801,-0.0692,-1.35,2,8,-45.4,11,13.25,14,19,0.0749,1.94,0.0878,0.0617,4.120000000000118
1773,-0.0711,0.346,0.883,-1.89,223.3,152.1,972,-0.0566,-1.06,801,-0.0888,-1.71,2,8,-48.0,11,13.25,14,20,0.0656,1.64,0.082,0.0487,4.120000000000118
1773,-0.0714,0.342,0.884,-1.87,223.3,156.8,972,-0.0482,-0.88,801,-0.0997,-1.91,2,8,-49.1,11,13.25,14,21,0.0683,1.68,0.0957,0.0403,4.120000000000118
1955,-0.0736,0.379,0.857,-2.47,246.2,160.5,1067,-0.0616,-1.48,888,-0.088,-2.08,1,8,-44.6,11,13.25,15,16,0.0474,1.54,0.0675,0.0269,4.279999999999973
1955,-0.0745,0.372,0.864,-2.38,246.2,160.6,1067,-0.0539,-1.22,888,-0.0993,-2.25,2,8,-46.5,11,13.25,15,17,0.0495,1.53,0.0768,0.0217,4.279999999999973
1955,-0.066,0.366,0.883,-2.0,246.2,157.7,1067,-0.0531,-1.14,888,-0.0816,-1.75,2,8,-49.2,11,13.25,15,18,0.0591,1.73,0.0769,0.041,4.279999999999973
1955,-0.0685,0.361,0.882,-2.03,246.2,157.5,1067,-0.0558,-1.17,888,-0.0837,-1.77,2,8,-50.5,11,13.25,15,19,0.0599,1.71,0.0733,0.0461,4.279999999999973
1955,-0.0827,0.344,0.861,-2.39,246.2,182.5,1067,-0.0628,-1.26,888,-0.1067,-2.24,1,8,-52.9,11,13.25,15,20,0.049,1.35,0.0675,0.03,4.279999999999973
1955,-0.0834,0.343,0.861,-2.36,246.2,189.7,1067,-0.0559,-1.1,888,-0.1165,-2.44,2,8,-54.7,11,13.25,15,21,0.0514,1.4,0.0788,0.0235,4.279999999999973
2006,-0.0725,0.379,0.857,-2.5,252.7,164.0,1081,-0.0633,-1.54,925,-0.0833,-2.04,1,8,-45.6,11,13.25,16,16,0.0477,1.6,0.0662,0.0293,4.3215000000000146
2006,-0.0712,0.376,0.868,-2.33,252.7,158.4,1081,-0.0529,-1.21,925,-0.0926,-2.18,2,8,-45.5,11,13.25,16,17,0.0532,1.69,0.0793,0.0272,4.3215000000000146
2006,-0.0628,0.37,0.887,-1.94,252.7,154.9,1081,-0.0501,-1.09,925,-0.0776,-1.73,2,8,-49.0,11,13.25,16,18,0.0614,1.85,0.0811,0.0419,4.3215000000000146
2006,-0.066,0.362,0.884,-2.0,252.7,155.7,1081,-0.053,-1.12,925,-0.0811,-1.78,2,8,-50.1,11,13.25,16,19,0.0613,1.8,0.0774,0.0453,4.3215000000000146
2006,-0.0784,0.348,0.866,-2.31,252.7,181.1,1081,-0.0615,-1.25,925,-0.0982,-2.14,1,8,-53.3,11,13.25,16,20,0.0527,1.5,0.0699,0.0356,4.3215000000000146
2006,-0.0794,0.347,0.866,-2.3,252.7,188.5,1081,-0.0545,-1.08,925,-0.1085,-2.35,2,8,-55.2,11,13.25,16,21,0.0534,1.49,0.079,0.0279,4.3215000000000146
2014,-0.0712,0.376,0.868,-2.34,253.7,158.8,1088,-0.0531,-1.23,926,-0.0924,-2.18,2,8,-45.6,11,13.25,17,17,0.0531,1.7,0.0781,0.0281,4.330000000000041
2014,-0.0631,0.37,0.886,-1.96,253.7,155.6,1088,-0.0508,-1.11,926,-0.0775,-1.73,2,8,-48.8,11,13.25,17,18,0.0608,1.84,0.0793,0.0421,4.330000000000041
2014,-0.0666,0.361,0.883,-2.03,253.7,157.3,1088,-0.0545,-1.16,926,-0.0809,-1.78,2,8,-50.2,11,13.25,17,19,0.0598,1.77,0.0748,0.0449,4.330000000000041
2014,-0.079,0.348,0.865,-2.34,253.7,182.5,1088,-0.0629,-1.28,926,-0.0979,-2.13,1,8,-53.4,11,13.25,17,20,0.0515,1.47,0.0677,0.0352,4.330000000000041
2014,-0.0806,0.346,0.864,-2.34,253.7,190.1,1088,-0.0567,-1.13,926,-0.1086,-2.35,2,8,-55.5,11,13.25,17,21,0.0513,1.44,0.0758,0.0268,4.330000000000041
1502,-0.0393,0.406,0.913,-1.35,189.2,83.4,825,-0.054,-1.36,677,-0.0215,-0.5,2,8,-24.8,11,13.5,14,16,0.053,1.72,0.0263,0.0806,4.9099999999998545
1502,-0.0322,0.408,0.933,-1.04,189.2,74.3,825,-0.0458,-1.08,677,-0.0158,-0.34,2,8,-25.6,11,13.5,14,17,0.0584,1.78,0.0316,0.0861,4.9099999999998545
1502,-0.0276,0.41,0.944,-0.86,189.2,66.3,825,-0.0583,-1.36,677,0.0098,0.2,3,8,-24.8,11,13.5,14,18,0.0681,2.0,0.0246,0.113,4.9099999999998545
1502,-0.0313,0.403,0.939,-0.95,189.2,60.7,825,-0.0566,-1.26,677,-0.0004,-0.01,3,8,-19.7,11,13.5,14,19,0.0674,1.91,0.0256,0.1104,4.9099999999998545
1502,-0.0416,0.385,0.921,-1.22,189.2,76.2,825,-0.0684,-1.47,677,-0.0089,-0.18,1,8,-22.5,11,13.5,14,20,0.0636,1.74,0.0205,0.108,4.9099999999998545
1502,-0.0421,0.373,0.922,-1.21,189.2,78.5,825,-0.0587,-1.21,677,-0.0219,-0.44,1,8,-25.6,11,13.5,14,21,0.0659,1.76,0.0356,0.0972,4.9099999999998545
1874,-0.0524,0.408,0.878,-2.13,236.0,116.9,1010,-0.0564,-1.66,864,-0.0477,-1.34,1,8,-27.6,11,13.5,15,16,0.0441,1.74,0.0387,0.0496,5.099999999999909
1874,-0.049,0.406,0.894,-1.85,236.0,108.1,1010,-0.0474,-1.3,864,-0.0508,-1.33,1,8,-26.4,11,13.5,15,17,0.0481,1.77,0.0479,0.0483,5.099999999999909
1874,-0.0479,0.409,0.9,-1.75,236.0,108.9,1010,-0.0549,-1.47,864,-0.0397,-0.99,1,8,-26.1,11,13.5,15,18,0.0501,1.78,0.0389,0.0617,5.099999999999909
1874,-0.0442,0.404,0.91,-1.57,236.0,100.0,1010,-0.0495,-1.27,864,-0.0381,-0.94,2,8,-24.3,11,13.5,15,19,0.0539,1.85,0.0423,0.0659,5.099999999999909
1874,-0.0563,0.386,0.89,-1.93,236.0,120.5,1010,-0.0577,-1.42,864,-0.0548,-1.31,1,8,-22.8,11,13.5,15,20,0.0447,1.48,0.0344,0.0553,5.099999999999909
1874,-0.0553,0.38,0.895,-1.85,236.0,122.4,1010,-0.048,-1.13,864,-0.0637,-1.53,1,8,-23.6,11,13.5,15,21,0.048,1.55,0.046,0.0499,5.099999999999909
1965,-0.0509,0.409,0.878,-2.16,247.5,122.0,1048,-0.058,-1.76,917,-0.0427,-1.27,1,8,-28.0,11,13.5,16,16,0.045,1.88,0.0385,0.0516,5.150000000000091
1965,-0.0426,0.412,0.905,-1.67,247.5,102.5,1048,-0.0408,-1.14,917,-0.0446,-1.23,1,8,-25.1,11,13.5,16,17,0.055,2.12,0.0585,0.0515,5.150000000000091
1965,-0.0418,0.413,0.91,-1.59,247.5,100.6,1048,-0.0465,-1.28,917,-0.0366,-0.96,2,8,-23.5,11,13.5,16,18,0.0566,2.11,0.0524,0.0608,5.150000000000091
1965,-0.0398,0.405,0.917,-1.46,247.5,94.9,1048,-0.0421,-1.1,917,-0.0372,-0.96,2,8,-23.3,11,13.5,16,19,0.0593,2.13,0.0562,0.0625,5.150000000000091
1965,-0.0486,0.392,0.903,-1.73,247.5,112.2,1048,-0.0493,-1.24,917,-0.0479,-1.21,1,8,-21.9,11,13.5,16,20,0.0535,1.85,0.0499,0.0572,5.150000000000091
1965,-0.0473,0.386,0.908,-1.64,247.5,112.2,1048,-0.0387,-0.93,917,-0.0571,-1.44,1,8,-22.4,11,13.5,16,21,0.0559,1.88,0.0605,0.0513,5.150000000000091
1983,-0.0427,0.411,0.904,-1.7,249.8,103.7,1057,-0.0414,-1.17,926,-0.0443,-1.23,1,8,-25.2,11,13.5,17,17,0.0546,2.13,0.0564,0.0527,5.160000000000082
1983,-0.0425,0.412,0.909,-1.63,249.8,102.5,1057,-0.0474,-1.31,926,-0.0368,-0.98,2,8,-23.9,11,13.5,17,18,0.0552,2.08,0.0499,0.0606,5.160000000000082
1983,-0.0411,0.404,0.914,-1.52,249.8,97.3,1057,-0.044,-1.16,926,-0.0377,-0.98,2,8,-23.4,11,13.5,17,19,0.0566,2.06,0.0521,0.0612,5.160000000000082
1983,-0.0499,0.39,0.9,-1.79,249.8,114.6,1057,-0.051,-1.29,926,-0.0486,-1.24,1,8,-22.6,11,13.5,17,20,0.0508,1.78,0.0461,0.0556,5.160000000000082
1983,-0.0495,0.384,0.903,-1.73,249.8,115.2,1057,-0.0416,-1.01,926,-0.0585,-1.49,1,8,-22.6,11,13.5,17,21,0.0523,1.78,0.0559,0.0487,5.160000000000082
1566,-0.0715,0.425,0.777,-3.78,197.2,125.6,827,-0.0662,-2.47,739,-0.0773,-2.91,2,8,-30.3,11,14.0,15,16,0.0102,0.52,0.0191,0.0014,6.184999999999945
1566,-0.0787,0.415,0.781,-3.75,197.2,134.0,827,-0.0627,-2.09,739,-0.0966,-3.31,1,8,-30.9,11,14.0,15,17,0.002,0.09,0.0182,-0.0139,6.184999999999945
1566,-0.0753,0.425,0.803,-3.36,197.2,132.0,827,-0.058,-1.8,739,-0.0947,-3.05,1,8,-30.0,11,14.0,15,18,0.0054,0.23,0.0155,-0.0045,6.184999999999945
1566,-0.067,0.422,0.83,-2.85,197.2,126.4,827,-0.0547,-1.63,739,-0.0807,-2.46,1,8,-33.8,11,14.0,15,19,0.0124,0.51,0.0155,0.0095,6.184999999999945
1566,-0.0785,0.407,0.812,-3.23,197.2,142.9,827,-0.0638,-1.86,739,-0.095,-2.77,1,8,-38.2,11,14.0,15,20,-0.0009,-0.03,0.0036,-0.0052,6.184999999999945
1566,-0.0789,0.411,0.817,-3.14,197.2,142.1,827,-0.0632,-1.76,739,-0.0965,-2.74,1,8,-37.1,11,14.0,15,21,-0.0008,-0.03,0.0047,-0.0061,6.184999999999945
1820,-0.0683,0.42,0.773,-4.1,229.2,142.0,949,-0.0659,-2.77,871,-0.071,-3.05,2,8,-37.6,11,14.0,16,16,0.0132,0.78,0.0203,0.0064,6.238499999999931
1820,-0.0675,0.425,0.8,-3.58,229.2,138.2,949,-0.054,-1.98,871,-0.0823,-3.18,1,8,-35.4,11,14.0,16,17,0.0153,0.79,0.0321,-0.001,6.238499999999931
1820,-0.0642,0.435,0.822,-3.19,229.2,134.2,949,-0.0484,-1.65,871,-0.0814,-2.98,1,8,-34.8,11,14.0,16,18,0.0208,1.01,0.0378,0.0045,6.238499999999931
1820,-0.0581,0.426,0.845,-2.75,229.2,127.8,949,-0.044,-1.44,871,-0.0735,-2.55,1,8,-35.3,11,14.0,16,19,0.0274,1.27,0.0422,0.0132,6.238499999999931
1820,-0.0647,0.42,0.837,-2.95,229.2,143.5,949,-0.0496,-1.57,871,-0.0812,-2.68,1,8,-36.9,11,14.0,16,20,0.0174,0.77,0.0349,0.0005,6.238499999999931
1820,-0.0655,0.42,0.839,-2.88,229.2,141.7,949,-0.047,-1.42,871,-0.0857,-2.76,1,8,-34.9,11,14.0,16,21,0.0154,0.66,0.0364,-0.0048,6.238499999999931
1883,-0.0657,0.425,0.802,-3.6,237.2,140.3,985,-0.0517,-1.96,898,-0.081,-3.23,1,8,-35.3,11,14.0,17,17,0.0164,0.88,0.0321,0.001,6.279999999999973
1883,-0.0652,0.432,0.816,-3.35,237.2,138.9,985,-0.0518,-1.83,898,-0.0798,-3.01,1,8,-35.5,11,14.0,17,18,0.0181,0.92,0.0309,0.0056,6.279999999999973
1883,-0.0602,0.424,0.837,-2.94,237.2,132.1,985,-0.0496,-1.67,898,-0.0719,-2.56,1,8,-36.2,11,14.0,17,19,0.0226,1.09,0.0327,0.0127,6.279999999999973
1883,-0.0662,0.419,0.831,-3.11,237.2,147.5,985,-0.0538,-1.76,898,-0.0798,-2.71,1,8,-37.8,11,14.0,17,20,0.0133,0.61,0.0271,-0.0003,6.279999999999973
1883,-0.0678,0.418,0.832,-3.07,237.2,147.2,985,-0.0512,-1.6,898,-0.086,-2.85,1,8,-36.3,11,14.0,17,21,0.0103,0.46,0.0286,-0.0076,6.279999999999973
1247,-0.0419,0.399,0.752,-3.5,157.2,63.2,637,-0.0321,-1.9,610,-0.052,-3.08,1,8,-11.3,11,15.0,16,16,0.024,1.95,0.032,0.0165,7.803000000000111
1247,-0.0292,0.431,0.861,-1.87,157.2,48.6,637,-0.0046,-0.2,610,-0.0548,-2.55,2,8,-15.2,11,15.0,16,17,0.0396,2.42,0.0606,0.0201,7.803000000000111
1247,-0.0224,0.442,0.904,-1.28,157.2,39.8,637,0.0115,0.44,610,-0.0578,-2.56,3,8,-13.1,11,15.0,16,18,0.0472,2.6,0.0795,0.0173,7.803000000000111
1247,-0.019,0.44,0.924,-0.99,157.2,41.7,637,0.0298,1.02,610,-0.0701,-2.88,2,8,-17.0,11,15.0,16,19,0.049,2.46,0.0939,0.0075,7.803000000000111
1247,-0.0182,0.458,0.932,-0.9,157.2,35.5,637,0.0334,1.09,610,-0.0721,-2.77,2,8,-10.7,11,15.0,16,20,0.0494,2.36,0.0972,0.005,7.803000000000111
1247,-0.0123,0.453,0.956,-0.57,157.2,36.9,637,0.0346,1.05,610,-0.0612,-2.2,2,8,-9.9,11,15.0,16,21,0.0559,2.49,0.0986,0.0164,7.803000000000111
1460,-0.028,0.424,0.858,-2.03,183.9,54.5,757,-0.0071,-0.36,703,-0.0506,-2.6,1,8,-15.9,11,15.0,17,17,0.038,2.66,0.0539,0.0225,7.7215000000001055
1460,-0.0266,0.436,0.881,-1.72,183.9,46.2,757,-0.0041,-0.18,703,-0.051,-2.47,2,8,-16.3,11,15.0,17,18,0.0413,2.59,0.0612,0.0219,7.7215000000001055
1460,-0.0255,0.433,0.896,-1.48,183.9,47.2,757,0.0086,0.33,703,-0.0622,-2.77,1,8,-17.7,11,15.0,17,19,0.0404,2.28,0.0699,0.0117,7.7215000000001055
1460,-0.0234,0.449,0.912,-1.28,183.9,44.0,757,0.0144,0.53,703,-0.064,-2.67,2,8,-11.5,11,15.0,17,20,0.041,2.18,0.0735,0.0093,7.7215000000001055
1460,-0.02,0.444,0.927,-1.03,183.9,41.4,757,0.0167,0.57,703,-0.0596,-2.34,2,8,-11.2,11,15.0,17,21,0.0448,2.23,0.0755,0.0148,7.7215000000001055
2036,-0.241,0.227,0.703,-5.62,256.4,505.0,1225,-0.2321,-4.02,811,-0.2544,-4.03,0,8,-105.1,12,12.5,14,16,0.0754,1.49,0.068,0.083,2.0299999999999727
2036,-0.2345,0.212,0.716,-5.11,256.4,517.1,1225,-0.2182,-3.51,811,-0.2592,-3.89,0,8,-104.5,12,12.5,14,17,0.0956,1.75,0.091,0.1005,2.0299999999999727
2036,-0.2276,0.202,0.729,-4.63,256.4,514.3,1225,-0.2178,-3.27,811,-0.2424,-3.39,1,8,-103.7,12,12.5,14,18,0.1269,2.12,0.1036,0.1509,2.0299999999999727
2036,-0.2271,0.194,0.733,-4.47,256.4,508.5,1225,-0.2188,-3.15,811,-0.2397,-3.32,1,8,-97.5,12,12.5,14,19,0.1169,1.94,0.0916,0.1431,2.0299999999999727
2036,-0.2281,0.188,0.734,-4.34,256.4,515.7,1225,-0.2189,-3.0,811,-0.2419,-3.33,1,8,-114.9,12,12.5,14,20,0.0969,1.59,0.082,0.1124,2.0299999999999727
2036,-0.2398,0.184,0.722,-4.6,256.4,536.2,1225,-0.2281,-3.16,811,-0.2575,-3.56,1,8,-120.7,12,12.5,14,21,0.0841,1.39,0.0716,0.097,2.0299999999999727
2046,-0.2367,0.229,0.707,-5.54,257.7,502.1,1231,-0.2275,-3.96,815,-0.2506,-3.98,0,8,-105.1,12,12.5,15,16,0.0777,1.54,0.0716,0.0841,2.0399999999999636
2046,-0.2306,0.214,0.72,-5.04,257.7,515.2,1231,-0.2141,-3.45,815,-0.2554,-3.85,1,8,-104.5,12,12.5,15,17,0.0974,1.8,0.0935,0.1015,2.0399999999999636
2046,-0.2241,0.203,0.732,-4.58,257.7,512.1,1231,-0.215,-3.24,815,-0.2379,-3.34,1,8,-103.7,12,12.5,15,18,0.1279,2.15,0.1045,0.1521,2.0399999999999636
2046,-0.2227,0.196,0.738,-4.4,257.7,504.6,1231,-0.2154,-3.11,815,-0.2338,-3.24,1,8,-98.3,12,12.5,15,19,0.1189,1.99,0.0933,0.1455,2.0399999999999636
2046,-0.2237,0.19,0.739,-4.27,257.7,511.1,1231,-0.2154,-2.97,815,-0.2362,-3.26,1,8,-114.9,12,12.5,15,20,0.0992,1.64,0.084,0.1149,2.0399999999999636
2046,-0.2358,0.186,0.726,-4.54,257.7,532.5,1231,-0.2249,-3.13,815,-0.2521,-3.5,1,8,-120.7,12,12.5,15,21,0.0861,1.43,0.0734,0.0993,2.0399999999999636
2047,-0.2366,0.229,0.707,-5.54,257.8,502.1,1231,-0.2275,-3.96,816,-0.2503,-3.98,0,8,-105.1,12,12.5,16,16,0.0777,1.54,0.0716,0.084,2.0399999999999636
2047,-0.2305,0.213,0.72,-5.05,257.8,515.4,1231,-0.2141,-3.45,816,-0.2553,-3.85,1,8,-104.6,12,12.5,16,17,0.0972,1.8,0.0932,0.1013,2.0399999999999636
2047,-0.224,0.203,0.732,-4.58,257.8,512.2,1231,-0.215,-3.24,816,-0.2377,-3.34,1,8,-103.7,12,12.5,16,18,0.1277,2.15,0.1042,0.152,2.0399999999999636
2047,-0.2226,0.196,0.738,-4.4,257.8,504.6,1231,-0.2154,-3.11,816,-0.2336,-3.24,1,8,-98.3,12,12.5,16,19,0.1189,1.99,0.0933,0.1454,2.0399999999999636
2047,-0.2236,0.19,0.739,-4.27,257.8,511.1,1231,-0.2154,-2.97,816,-0.2359,-3.26,1,8,-114.9,12,12.5,16,20,0.0992,1.64,0.0841,0.1148,2.0399999999999636
2047,-0.2355,0.187,0.726,-4.54,257.8,532.2,1231,-0.2249,-3.13,816,-0.2514,-3.49,1,8,-120.3,12,12.5,16,21,0.0864,1.44,0.0737,0.0996,2.0399999999999636
2047,-0.2305,0.213,0.72,-5.05,257.8,515.4,1231,-0.2141,-3.45,816,-0.2553,-3.85,1,8,-104.6,12,12.5,17,17,0.0972,1.8,0.0932,0.1013,2.0399999999999636
2047,-0.224,0.203,0.732,-4.58,257.8,512.2,1231,-0.215,-3.24,816,-0.2377,-3.34,1,8,-103.7,12,12.5,17,18,0.1277,2.15,0.1042,0.152,2.0399999999999636
2047,-0.2226,0.196,0.738,-4.4,257.8,504.6,1231,-0.2154,-3.11,816,-0.2336,-3.24,1,8,-98.3,12,12.5,17,19,0.1189,1.99,0.0933,0.1454,2.0399999999999636
2047,-0.2236,0.19,0.739,-4.27,257.8,511.1,1231,-0.2154,-2.97,816,-0.2359,-3.26,1,8,-114.9,12,12.5,17,20,0.0992,1.64,0.0841,0.1148,2.0399999999999636
2047,-0.2355,0.187,0.726,-4.54,257.8,532.2,1231,-0.2249,-3.13,816,-0.2514,-3.49,1,8,-120.3,12,12.5,17,21,0.0864,1.44,0.0737,0.0996,2.0399999999999636
1982,-0.0933,0.302,0.862,-2.2,249.6,236.5,1121,-0.0859,-1.46,861,-0.1029,-1.7,2,8,-59.2,12,13.0,14,16,0.1019,2.26,0.125,0.0788,2.8994999999998754
1982,-0.0872,0.292,0.875,-1.95,249.6,220.4,1121,-0.0741,-1.19,861,-0.1043,-1.65,2,8,-58.6,12,13.0,14,17,0.1119,2.33,0.1381,0.0856,2.8994999999998754
1982,-0.0785,0.282,0.89,-1.66,249.6,221.4,1121,-0.0764,-1.16,861,-0.0812,-1.21,2,8,-60.5,12,13.0,14,18,0.1257,2.45,0.1372,0.1141,2.8994999999998754
1982,-0.0859,0.274,0.882,-1.8,249.6,219.4,1121,-0.0766,-1.13,861,-0.098,-1.49,2,8,-60.3,12,13.0,14,19,0.1193,2.3,0.1345,0.1041,2.8994999999998754
1982,-0.1059,0.264,0.857,-2.16,249.6,261.1,1121,-0.094,-1.34,861,-0.1213,-1.83,2,8,-68.2,12,13.0,14,20,0.1024,1.94,0.1138,0.0909,2.8994999999998754
1982,-0.1158,0.256,0.845,-2.36,249.6,270.8,1121,-0.0943,-1.34,861,-0.1437,-2.18,2,8,-69.4,12,13.0,14,21,0.0949,1.79,0.1122,0.0775,2.8994999999998754
2026,-0.0891,0.305,0.866,-2.14,255.2,235.2,1145,-0.0782,-1.35,881,-0.1032,-1.74,2,8,-58.6,12,13.0,15,16,0.1019,2.32,0.1257,0.0778,2.9400000000000546
2026,-0.082,0.296,0.881,-1.87,255.2,218.1,1145,-0.0637,-1.04,881,-0.1058,-1.71,2,8,-57.2,12,13.0,15,17,0.1127,2.41,0.1407,0.0843,2.9400000000000546
2026,-0.0729,0.286,0.897,-1.57,255.2,218.3,1145,-0.0656,-1.01,881,-0.0825,-1.25,2,8,-62.0,12,13.0,15,18,0.1269,2.54,0.1413,0.1122,2.9400000000000546
2026,-0.0785,0.281,0.891,-1.68,255.2,213.9,1145,-0.0661,-1.0,881,-0.0946,-1.46,2,8,-62.4,12,13.0,15,19,0.1228,2.44,0.1392,0.1063,2.9400000000000546
2026,-0.0984,0.269,0.865,-2.04,255.2,254.8,1145,-0.0828,-1.2,881,-0.1185,-1.82,2,8,-70.4,12,13.0,15,20,0.1058,2.05,0.1197,0.0916,2.9400000000000546
2026,-0.1083,0.263,0.853,-2.25,255.2,265.0,1145,-0.0837,-1.21,881,-0.1404,-2.17,2,8,-72.2,12,13.0,15,21,0.0979,1.9,0.1176,0.0779,2.9400000000000546
2040,-0.0893,0.305,0.866,-2.16,256.9,236.9,1150,-0.0788,-1.37,890,-0.1028,-1.75,2,8,-59.4,12,13.0,16,16,0.1007,2.31,0.124,0.0771,2.9500000000000455
2040,-0.0802,0.298,0.883,-1.84,256.9,215.9,1150,-0.0621,-1.02,890,-0.1035,-1.68,2,8,-57.3,12,13.0,16,17,0.1137,2.45,0.142,0.0852,2.9500000000000455
2040,-0.0712,0.288,0.898,-1.54,256.9,216.4,1150,-0.0633,-0.98,890,-0.0814,-1.25,2,8,-62.3,12,13.0,16,18,0.1278,2.58,0.1434,0.112,2.9500000000000455
2040,-0.077,0.282,0.892,-1.65,256.9,212.2,1150,-0.064,-0.97,890,-0.0938,-1.47,2,8,-62.5,12,13.0,16,19,0.1235,2.47,0.1411,0.1058,2.9500000000000455
2040,-0.0973,0.271,0.866,-2.04,256.9,254.6,1150,-0.081,-1.18,890,-0.1184,-1.84,2,8,-71.3,12,13.0,16,20,0.1059,2.07,0.1213,0.0904,2.9500000000000455
2040,-0.1069,0.265,0.854,-2.24,256.9,264.0,1150,-0.0818,-1.19,890,-0.1395,-2.18,2,8,-73.2,12,13.0,16,21,0.0982,1.92,0.119,0.0773,2.9500000000000455
2043,-0.0803,0.298,0.883,-1.84,257.3,216.3,1152,-0.0622,-1.02,891,-0.1038,-1.69,2,8,-57.3,12,13.0,17,17,0.1136,2.45,0.1416,0.0853,2.9500000000000455
2043,-0.0712,0.288,0.898,-1.54,257.3,217.1,1152,-0.0637,-0.99,891,-0.0809,-1.24,2,8,-62.3,12,13.0,17,18,0.1278,2.58,0.1426,0.1129,2.9500000000000455
2043,-0.0773,0.282,0.892,-1.66,257.3,213.2,1152,-0.0649,-0.98,891,-0.0933,-1.46,2,8,-62.5,12,13.0,17,19,0.123,2.46,0.1397,0.1061,2.9500000000000455
2043,-0.0978,0.271,0.865,-2.05,257.3,255.6,1152,-0.0822,-1.2,891,-0.1179,-1.83,2,8,-71.3,12,13.0,17,20,0.1051,2.06,0.1196,0.0905,2.9500000000000455
2043,-0.1073,0.265,0.854,-2.25,257.3,265.1,1152,-0.0829,-1.21,891,-0.1388,-2.17,2,8,-73.2,12,13.0,17,21,0.0975,1.91,0.1173,0.0776,2.9500000000000455
1866,-0.0896,0.346,0.851,-2.52,235.0,188.0,1058,-0.1095,-2.3,808,-0.0634,-1.19,2,8,-47.3,12,13.25,14,16,0.077,2.03,0.0577,0.0972,3.4950000000000045
1866,-0.0884,0.337,0.859,-2.39,235.0,186.8,1058,-0.1052,-2.1,808,-0.0664,-1.22,2,8,-57.3,12,13.25,14,17,0.0799,2.02,0.0645,0.0962,3.4950000000000045
1866,-0.0787,0.332,0.877,-2.02,235.0,184.3,1058,-0.1096,-2.08,808,-0.0382,-0.66,2,8,-59.1,12,13.25,14,18,0.0876,2.11,0.059,0.1176,3.4950000000000045
1866,-0.0845,0.321,0.871,-2.14,235.0,182.2,1058,-0.114,-2.12,808,-0.0458,-0.79,2,8,-61.6,12,13.25,14,19,0.0819,1.95,0.0512,0.114,3.4950000000000045
1866,-0.0991,0.312,0.852,-2.46,235.0,207.9,1058,-0.1228,-2.21,808,-0.0681,-1.17,2,8,-64.8,12,13.25,14,20,0.0695,1.61,0.0384,0.1021,3.4950000000000045
1866,-0.098,0.305,0.855,-2.38,235.0,201.8,1058,-0.1137,-1.99,808,-0.0774,-1.32,2,8,-64.3,12,13.25,14,21,0.0707,1.6,0.0507,0.0917,3.4950000000000045
1997,-0.0925,0.349,0.842,-2.76,251.5,201.9,1129,-0.1108,-2.45,868,-0.0687,-1.38,2,8,-47.0,12,13.25,15,16,0.0685,1.95,0.0474,0.0908,3.5799999999999272
1997,-0.0931,0.34,0.849,-2.66,251.5,203.8,1129,-0.1079,-2.27,868,-0.0739,-1.44,2,8,-56.6,12,13.25,15,17,0.0714,1.94,0.0527,0.0912,3.5799999999999272
1997,-0.0864,0.334,0.863,-2.35,251.5,204.6,1129,-0.113,-2.26,868,-0.0518,-0.96,2,8,-58.8,12,13.25,15,18,0.0754,1.95,0.0457,0.1068,3.5799999999999272
1997,-0.0892,0.324,0.862,-2.39,251.5,199.1,1129,-0.1163,-2.28,868,-0.054,-0.99,2,8,-62.7,12,13.25,15,19,0.0733,1.87,0.0404,0.1081,3.5799999999999272
1997,-0.1044,0.313,0.841,-2.74,251.5,227.9,1129,-0.1251,-2.37,868,-0.0776,-1.42,2,8,-66.0,12,13.25,15,20,0.0614,1.52,0.0296,0.0951,3.5799999999999272
1997,-0.1037,0.309,0.844,-2.66,251.5,230.1,1129,-0.118,-2.18,868,-0.085,-1.54,2,8,-66.8,12,13.25,15,21,0.0624,1.52,0.0388,0.0873,3.5799999999999272
2027,-0.0925,0.351,0.841,-2.8,255.3,203.0,1138,-0.1103,-2.46,889,-0.0697,-1.43,2,8,-48.0,12,13.25,16,16,0.0674,1.95,0.0476,0.0881,3.6100000000001273
2027,-0.0907,0.342,0.851,-2.63,255.3,200.2,1138,-0.104,-2.2,889,-0.0737,-1.47,2,8,-56.3,12,13.25,16,17,0.0715,1.97,0.0551,0.0888,3.6100000000001273
2027,-0.0835,0.337,0.866,-2.3,255.3,199.4,1138,-0.1077,-2.17,889,-0.0524,-0.99,2,8,-59.1,12,13.25,16,18,0.0757,1.99,0.0494,0.1032,3.6100000000001273
2027,-0.0867,0.326,0.864,-2.35,255.3,194.8,1138,-0.1107,-2.18,889,-0.056,-1.05,2,8,-62.8,12,13.25,16,19,0.0734,1.9,0.0445,0.1037,3.6100000000001273
2027,-0.1006,0.316,0.846,-2.67,255.3,223.3,1138,-0.1198,-2.28,889,-0.0762,-1.42,2,8,-67.0,12,13.25,16,20,0.0627,1.58,0.0329,0.0938,3.6100000000001273
2027,-0.0998,0.313,0.849,-2.59,255.3,225.0,1138,-0.1133,-2.1,889,-0.0825,-1.52,2,8,-67.8,12,13.25,16,21,0.0635,1.57,0.0409,0.0871,3.6100000000001273
2031,-0.0909,0.342,0.851,-2.64,255.8,200.6,1141,-0.1041,-2.2,890,-0.0741,-1.48,2,8,-56.3,12,13.25,17,17,0.0714,1.97,0.0546,0.0889,3.6200000000001182
2031,-0.0834,0.337,0.866,-2.3,255.8,200.0,1141,-0.108,-2.18,890,-0.052,-0.98,2,8,-59.1,12,13.25,17,18,0.0758,2.0,0.0488,0.1042,3.6200000000001182
2031,-0.087,0.325,0.864,-2.36,255.8,195.8,1141,-0.1115,-2.21,890,-0.0555,-1.04,2,8,-62.8,12,13.25,17,19,0.0729,1.9,0.0432,0.104,3.6200000000001182
2031,-0.1011,0.316,0.845,-2.69,255.8,224.3,1141,-0.1209,-2.31,890,-0.0757,-1.41,2,8,-67.0,12,13.25,17,20,0.0619,1.56,0.0313,0.0939,3.6200000000001182
2031,-0.1001,0.313,0.848,-2.61,255.8,226.1,1141,-0.1144,-2.13,890,-0.0818,-1.51,2,8,-67.8,12,13.25,17,21,0.0628,1.56,0.0394,0.0874,3.6200000000001182
1600,-0.057,0.392,0.887,-1.85,201.5,108.3,879,-0.078,-1.85,721,-0.0313,-0.7,2,8,-46.4,12,13.5,14,16,0.0686,2.06,0.0398,0.0983,4.3250000000000455
1600,-0.0502,0.385,0.905,-1.53,201.5,98.1,879,-0.074,-1.66,721,-0.0211,-0.44,2,8,-50.7,12,13.5,14,17,0.0731,2.06,0.0433,0.1039,4.3250000000000455
1600,-0.0456,0.386,0.916,-1.34,201.5,94.8,879,-0.0859,-1.9,721,0.0035,0.07,2,8,-48.6,12,13.5,14,18,0.0772,2.11,0.0296,0.1264,4.3250000000000455
1600,-0.0501,0.379,0.911,-1.45,201.5,89.3,879,-0.0883,-1.89,721,-0.0037,-0.07,3,8,-46.0,12,13.5,14,19,0.0757,2.01,0.031,0.1219,4.3250000000000455
1600,-0.065,0.366,0.888,-1.85,201.5,113.8,879,-0.1054,-2.2,721,-0.0157,-0.3,2,8,-51.5,12,13.5,14,20,0.0653,1.69,0.0147,0.1177,4.3250000000000455
1600,-0.0642,0.349,0.891,-1.77,201.5,112.8,879,-0.0937,-1.87,721,-0.0282,-0.54,2,8,-48.3,12,13.5,14,21,0.0675,1.71,0.0301,0.1061,4.3250000000000455
1931,-0.0586,0.4,0.877,-2.2,243.2,134.2,1052,-0.074,-2.02,879,-0.0401,-1.04,2,8,-48.2,12,13.5,15,16,0.0603,2.16,0.0394,0.0823,4.4529999999999745
1931,-0.0529,0.39,0.895,-1.86,243.2,124.3,1052,-0.0656,-1.68,879,-0.0378,-0.91,2,8,-52.6,12,13.5,15,17,0.0678,2.27,0.0506,0.0859,4.4529999999999745
1931,-0.051,0.393,0.903,-1.73,243.2,122.5,1052,-0.0732,-1.83,879,-0.0244,-0.55,2,8,-48.5,12,13.5,15,18,0.0674,2.19,0.0393,0.097,4.4529999999999745
1931,-0.0473,0.387,0.912,-1.56,243.2,108.9,1052,-0.0671,-1.61,879,-0.0235,-0.53,2,8,-43.2,12,13.5,15,19,0.069,2.17,0.0439,0.0955,4.4529999999999745
1931,-0.0616,0.373,0.889,-1.99,243.2,134.4,1052,-0.077,-1.79,879,-0.0432,-0.96,2,8,-49.9,12,13.5,15,20,0.0577,1.76,0.0325,0.0843,4.4529999999999745
1931,-0.0605,0.363,0.894,-1.89,243.2,131.2,1052,-0.0672,-1.49,879,-0.0524,-1.16,1,8,-44.1,12,13.5,15,21,0.0578,1.72,0.0411,0.0753,4.4529999999999745
1994,-0.0585,0.401,0.874,-2.27,251.1,137.6,1080,-0.0733,-2.05,914,-0.041,-1.1,2,8,-48.6,12,13.5,16,16,0.0605,2.26,0.0415,0.0803,4.523500000000126
1994,-0.048,0.394,0.904,-1.73,251.1,118.8,1080,-0.0561,-1.46,914,-0.0384,-0.96,2,8,-51.1,12,13.5,16,17,0.0719,2.49,0.0612,0.083,4.523500000000126
1994,-0.046,0.396,0.911,-1.59,251.1,114.4,1080,-0.0637,-1.62,914,-0.025,-0.59,2,8,-46.8,12,13.5,16,18,0.0723,2.43,0.0517,0.0938,4.523500000000126
1994,-0.0443,0.387,0.916,-1.49,251.1,106.9,1080,-0.0591,-1.44,914,-0.0267,-0.62,3,8,-42.7,12,13.5,16,19,0.0737,2.39,0.0576,0.0905,4.523500000000126
1994,-0.0568,0.376,0.897,-1.87,251.1,129.1,1080,-0.0686,-1.62,914,-0.0429,-0.99,2,8,-49.5,12,13.5,16,20,0.0646,2.03,0.0477,0.0823,4.523500000000126
1994,-0.0552,0.367,0.901,-1.77,251.1,125.5,1080,-0.0585,-1.32,914,-0.0513,-1.18,1,8,-42.7,12,13.5,16,21,0.0659,2.02,0.0575,0.0746,4.523500000000126
2005,-0.0477,0.395,0.904,-1.73,252.5,118.4,1084,-0.056,-1.46,921,-0.0378,-0.95,2,8,-50.4,12,13.5,17,17,0.0723,2.52,0.0604,0.0846,4.539999999999964
2005,-0.0459,0.396,0.911,-1.6,252.5,115.0,1084,-0.064,-1.63,921,-0.0245,-0.58,2,8,-46.5,12,13.5,17,18,0.0725,2.45,0.0508,0.0949,4.539999999999964
2005,-0.0444,0.387,0.916,-1.51,252.5,106.8,1084,-0.0602,-1.47,921,-0.0259,-0.61,3,8,-41.8,12,13.5,17,19,0.0732,2.39,0.0559,0.0912,4.539999999999964
2005,-0.0573,0.376,0.895,-1.9,252.5,129.3,1084,-0.0698,-1.66,921,-0.0425,-0.99,2,8,-49.3,12,13.5,17,20,0.0638,2.02,0.0458,0.0824,4.539999999999964
2005,-0.0556,0.367,0.901,-1.79,252.5,126.7,1084,-0.0596,-1.35,921,-0.0508,-1.17,1,8,-42.1,12,13.5,17,21,0.065,2.01,0.0554,0.0748,4.539999999999964
1648,-0.0734,0.424,0.787,-3.68,207.6,135.3,870,-0.0746,-2.63,778,-0.0721,-2.59,1,8,-31.0,12,14.0,15,16,0.0139,0.69,0.013,0.0148,5.731499999999983
1648,-0.0749,0.417,0.803,-3.4,207.6,135.0,870,-0.0692,-2.19,778,-0.0813,-2.66,2,8,-32.2,12,14.0,15,17,0.0121,0.53,0.0176,0.0067,5.731499999999983
1648,-0.0719,0.421,0.822,-3.07,207.6,133.5,870,-0.0666,-1.97,778,-0.0779,-2.42,2,8,-32.0,12,14.0,15,18,0.0124,0.52,0.0113,0.0134,5.731499999999983
1648,-0.0624,0.419,0.85,-2.54,207.6,123.0,870,-0.0619,-1.76,778,-0.0628,-1.85,1,8,-36.0,12,14.0,15,19,0.0181,0.72,0.0104,0.0258,5.731499999999983
1648,-0.074,0.406,0.832,-2.93,207.6,141.9,870,-0.0712,-1.98,778,-0.0771,-2.18,1,8,-39.9,12,14.0,15,20,0.0047,0.18,-0.0014,0.0108,5.731499999999983
1648,-0.0783,0.409,0.827,-3.0,207.6,143.9,870,-0.0728,-1.95,778,-0.0845,-2.34,1,8,-37.8,12,14.0,15,21,-0.0005,-0.02,-0.0044,0.0032,5.731499999999983
1868,-0.0707,0.42,0.783,-3.94,235.3,150.2,978,-0.0703,-2.74,890,-0.0711,-2.85,2,8,-38.2,12,14.0,16,16,0.0193,1.06,0.0226,0.016,5.838499999999954
1868,-0.0657,0.424,0.819,-3.27,235.3,139.8,978,-0.0573,-1.97,890,-0.075,-2.71,1,8,-37.4,12,14.0,16,17,0.0236,1.15,0.0366,0.011,5.838499999999954
1868,-0.0643,0.427,0.833,-3.01,235.3,136.7,978,-0.0549,-1.76,890,-0.0747,-2.57,1,8,-37.2,12,14.0,16,18,0.0264,1.21,0.0394,0.0137,5.838499999999954
1868,-0.0576,0.422,0.856,-2.57,235.3,127.9,978,-0.0498,-1.53,890,-0.0661,-2.17,1,8,-38.8,12,14.0,16,19,0.0318,1.39,0.0419,0.0221,5.838499999999954
1868,-0.0654,0.414,0.845,-2.83,235.3,146.4,978,-0.0559,-1.68,890,-0.0759,-2.38,1,8,-40.1,12,14.0,16,20,0.0212,0.9,0.035,0.0078,5.838499999999954
1868,-0.0687,0.418,0.842,-2.87,235.3,145.3,978,-0.0554,-1.59,890,-0.0833,-2.56,1,8,-37.0,12,14.0,16,21,0.0163,0.67,0.035,-0.0017,5.838499999999954
1920,-0.0634,0.426,0.822,-3.23,241.8,140.0,1007,-0.0541,-1.91,913,-0.0736,-2.73,1,8,-37.0,12,14.0,17,17,0.0253,1.27,0.0374,0.0134,5.86649999999986
1920,-0.0644,0.426,0.83,-3.09,241.8,140.3,1007,-0.0573,-1.89,913,-0.0722,-2.55,1,8,-37.9,12,14.0,17,18,0.0251,1.18,0.0343,0.016,5.86649999999986
1920,-0.0585,0.421,0.852,-2.68,241.8,129.9,1007,-0.0542,-1.71,913,-0.0633,-2.12,1,8,-39.4,12,14.0,17,19,0.0295,1.33,0.0361,0.0231,5.86649999999986
1920,-0.0665,0.414,0.841,-2.95,241.8,148.7,1007,-0.0599,-1.84,913,-0.0737,-2.37,1,8,-40.8,12,14.0,17,20,0.0184,0.8,0.029,0.0081,5.86649999999986
1920,-0.0699,0.418,0.838,-2.99,241.8,148.2,1007,-0.0586,-1.73,913,-0.0823,-2.58,1,8,-38.0,12,14.0,17,21,0.0132,0.55,0.0295,-0.0027,5.86649999999986
1307,-0.0403,0.404,0.771,-3.16,164.7,69.1,671,-0.0285,-1.56,636,-0.0527,-2.98,1,8,-14.1,12,15.0,16,16,0.0301,2.3,0.0425,0.0187,7.270000000000209
1307,-0.0264,0.434,0.879,-1.61,164.7,50.9,671,0.0005,0.02,636,-0.0547,-2.46,1,8,-10.8,12,15.0,16,17,0.0458,2.68,0.0719,0.0215,7.270000000000209
1307,-0.0208,0.441,0.914,-1.14,164.7,45.9,671,0.0163,0.58,636,-0.06,-2.59,2,8,-13.4,12,15.0,16,18,0.0542,2.84,0.0943,0.017,7.270000000000209
1307,-0.0167,0.443,0.936,-0.83,164.7,46.0,671,0.0369,1.19,636,-0.0732,-2.93,3,8,-14.4,12,15.0,16,19,0.0577,2.76,0.1129,0.0064,7.270000000000209
1307,-0.0174,0.452,0.938,-0.82,164.7,41.9,671,0.0415,1.27,636,-0.0795,-2.99,2,8,-14.7,12,15.0,16,20,0.0554,2.51,0.1161,-0.0011,7.270000000000209
1307,-0.0174,0.451,0.941,-0.77,164.7,45.1,671,0.0339,0.98,636,-0.0715,-2.54,3,8,-13.2,12,15.0,16,21,0.057,2.44,0.11,0.0076,7.270000000000209
1510,-0.0241,0.429,0.883,-1.65,190.2,54.3,784,-0.001,-0.05,726,-0.0489,-2.41,1,8,-12.8,12,15.0,17,17,0.0452,2.99,0.0648,0.026,7.220000000000027
1510,-0.0244,0.436,0.896,-1.49,190.2,51.4,784,0.0007,0.03,726,-0.0514,-2.41,1,8,-16.5,12,15.0,17,18,0.0474,2.81,0.0716,0.0237,7.220000000000027
1510,-0.0243,0.435,0.905,-1.35,190.2,52.9,784,0.0136,0.5,726,-0.0652,-2.82,1,8,-13.9,12,15.0,17,19,0.0452,2.43,0.0802,0.0111,7.220000000000027
1510,-0.0243,0.444,0.913,-1.26,190.2,52.7,784,0.0164,0.56,726,-0.0683,-2.76,1,8,-15.3,12,15.0,17,20,0.0433,2.18,0.0805,0.0069,7.220000000000027
1510,-0.025,0.444,0.914,-1.23,190.2,52.4,784,0.0136,0.44,726,-0.0667,-2.56,1,8,-13.0,12,15.0,17,21,0.0435,2.08,0.078,0.0099,7.220000000000027
1838,-0.0493,0.351,0.919,-1.37,231.5,110.9,1021,-0.0743,-1.54,817,-0.0179,-0.33,2,8,-35.9,13,13.5,14,16,0.1149,2.94,0.0933,0.1366,3.0599999999999454
1838,-0.0374,0.337,0.941,-0.98,231.5,123.7,1021,-0.0592,-1.15,817,-0.0101,-0.18,3,8,-43.7,13,13.5,14,17,0.1217,2.92,0.1115,0.1319,3.0599999999999454
1838,-0.0352,0.333,0.945,-0.89,231.5,130.2,1021,-0.0779,-1.5,817,0.0182,0.3,3,8,-42.0,13,13.5,14,18,0.1264,2.94,0.0899,0.1633,3.0599999999999454
1838,-0.0341,0.325,0.948,-0.84,231.5,132.5,1021,-0.0797,-1.48,817,0.0229,0.37,3,8,-38.7,13,13.5,14,19,0.1245,2.81,0.092,0.1572,3.0599999999999454
1838,-0.0476,0.312,0.93,-1.15,231.5,134.9,1021,-0.0907,-1.63,817,0.0063,0.1,2,8,-41.4,13,13.5,14,20,0.1157,2.54,0.0832,0.1483,3.0599999999999454
1838,-0.0409,0.304,0.941,-0.96,231.5,128.6,1021,-0.0708,-1.21,817,-0.0036,-0.06,2,8,-35.2,13,13.5,14,21,0.1252,2.7,0.1058,0.1447,3.0599999999999454
1999,-0.0506,0.361,0.915,-1.51,251.8,123.3,1106,-0.0772,-1.7,893,-0.0176,-0.35,2,8,-40.6,13,13.5,15,16,0.1037,2.9,0.0806,0.1273,3.1900000000000546
1999,-0.0342,0.346,0.945,-0.95,251.8,131.2,1106,-0.0561,-1.15,893,-0.0072,-0.14,4,8,-48.1,13,13.5,15,17,0.1151,3.01,0.1047,0.1257,3.1900000000000546
1999,-0.0316,0.343,0.95,-0.85,251.8,138.1,1106,-0.0687,-1.39,893,0.0142,0.25,4,8,-47.6,13,13.5,15,18,0.1181,2.99,0.0874,0.1493,3.1900000000000546
1999,-0.0246,0.337,0.962,-0.64,251.8,130.1,1106,-0.0645,-1.25,893,0.0249,0.43,4,8,-39.2,13,13.5,15,19,0.1212,2.98,0.0941,0.1488,3.1900000000000546
1999,-0.0392,0.322,0.941,-1.0,251.8,135.0,1106,-0.0759,-1.44,893,0.0063,0.11,2,8,-42.9,13,13.5,15,20,0.1107,2.65,0.0837,0.1383,3.1900000000000546
1999,-0.033,0.315,0.951,-0.82,251.8,126.1,1106,-0.0564,-1.01,893,-0.004,-0.07,2,8,-35.3,13,13.5,15,21,0.1189,2.79,0.1034,0.1348,3.1900000000000546
2016,-0.0512,0.361,0.913,-1.54,253.9,123.7,1112,-0.0774,-1.72,904,-0.0191,-0.39,1,8,-40.7,13,13.5,16,16,0.1017,2.88,0.0809,0.1227,3.2000000000000455
2016,-0.0343,0.348,0.944,-0.96,253.9,130.2,1112,-0.0557,-1.15,904,-0.008,-0.15,4,8,-48.8,13,13.5,16,17,0.1151,3.04,0.1063,0.124,3.2000000000000455
2016,-0.0323,0.343,0.949,-0.87,253.9,137.1,1112,-0.0697,-1.42,904,0.0138,0.25,4,8,-48.7,13,13.5,16,18,0.1171,3.0,0.0879,0.1466,3.2000000000000455
2016,-0.0261,0.337,0.959,-0.68,253.9,130.5,1112,-0.0662,-1.29,904,0.0232,0.41,4,8,-40.3,13,13.5,16,19,0.1194,2.97,0.0946,0.1446,3.2000000000000455
2016,-0.0396,0.322,0.94,-1.02,253.9,132.8,1112,-0.0768,-1.46,904,0.0061,0.11,3,8,-44.0,13,13.5,16,20,0.1108,2.69,0.0856,0.1363,3.2000000000000455
2016,-0.0338,0.315,0.95,-0.85,253.9,124.3,1112,-0.0575,-1.04,904,-0.0046,-0.08,2,8,-36.3,13,13.5,16,21,0.1187,2.82,0.1056,0.132,3.2000000000000455
2020,-0.0344,0.348,0.944,-0.97,254.4,130.3,1114,-0.0559,-1.15,906,-0.0081,-0.15,4,8,-48.8,13,13.5,17,17,0.1144,3.03,0.1058,0.1231,3.2065000000000055
2020,-0.0321,0.343,0.949,-0.87,254.4,136.8,1114,-0.0697,-1.42,906,0.014,0.25,4,8,-48.7,13,13.5,17,18,0.1167,3.0,0.0876,0.1462,3.2065000000000055
2020,-0.0266,0.337,0.959,-0.7,254.4,130.4,1114,-0.0663,-1.3,906,0.0221,0.39,4,8,-40.3,13,13.5,17,19,0.1183,2.95,0.0943,0.1427,3.2065000000000055
2020,-0.0402,0.321,0.939,-1.03,254.4,133.0,1114,-0.0769,-1.46,906,0.0049,0.08,2,8,-44.0,13,13.5,17,20,0.1096,2.66,0.0853,0.1342,3.2065000000000055
2020,-0.0344,0.314,0.949,-0.86,254.4,124.5,1114,-0.0576,-1.04,906,-0.006,-0.11,2,8,-36.3,13,13.5,17,21,0.1175,2.79,0.1052,0.1299,3.2065000000000055
1780,-0.0989,0.41,0.759,-4.5,224.2,184.5,935,-0.0973,-3.14,845,-0.1007,-3.23,0,8,-33.1,13,14.0,15,16,0.0078,0.34,0.0187,-0.0025,4.7999999999999545
1780,-0.0962,0.405,0.785,-3.92,224.2,185.0,935,-0.0785,-2.22,845,-0.1158,-3.43,1,8,-36.8,13,14.0,15,17,0.0036,0.14,0.0368,-0.0282,4.7999999999999545
1780,-0.0923,0.399,0.803,-3.58,224.2,177.9,935,-0.0815,-2.17,845,-0.1043,-2.97,1,8,-37.1,13,14.0,15,18,0.0049,0.18,0.0297,-0.0189,4.7999999999999545
1780,-0.0802,0.398,0.834,-2.94,224.2,165.6,935,-0.0769,-1.95,845,-0.0839,-2.24,1,8,-33.0,13,14.0,15,19,0.0138,0.49,0.0303,-0.002,4.7999999999999545
1780,-0.0902,0.383,0.822,-3.22,224.2,180.8,935,-0.0887,-2.2,845,-0.0919,-2.37,1,8,-36.7,13,14.0,15,20,-0.0004,-0.02,0.0159,-0.0161,4.7999999999999545
1780,-0.0938,0.384,0.82,-3.25,224.2,189.2,935,-0.0879,-2.09,845,-0.1003,-2.57,1,8,-40.8,13,14.0,15,21,-0.004,-0.13,0.0158,-0.0229,4.7999999999999545
1937,-0.0974,0.405,0.753,-4.76,244.0,198.3,1009,-0.0989,-3.42,928,-0.0958,-3.31,0,8,-36.7,13,14.0,16,16,0.0065,0.31,0.0139,-0.0005,4.899999999999864
1937,-0.0905,0.41,0.791,-3.96,244.0,192.9,1009,-0.0785,-2.38,928,-0.1036,-3.29,1,8,-37.6,13,14.0,16,17,0.0075,0.32,0.0362,-0.0197,4.899999999999864
1937,-0.0897,0.404,0.803,-3.73,244.0,192.6,1009,-0.0856,-2.44,928,-0.0941,-2.88,1,8,-37.2,13,14.0,16,18,0.0075,0.3,0.0303,-0.0141,4.899999999999864
1937,-0.0801,0.404,0.829,-3.15,244.0,182.7,1009,-0.0817,-2.21,928,-0.0784,-2.26,1,8,-32.4,13,14.0,16,19,0.015,0.57,0.0312,-0.0003,4.899999999999864
1937,-0.0866,0.392,0.824,-3.31,244.0,193.6,1009,-0.0884,-2.33,928,-0.0847,-2.36,1,8,-36.9,13,14.0,16,20,0.0033,0.12,0.0226,-0.0149,4.899999999999864
1937,-0.0896,0.391,0.823,-3.32,244.0,198.3,1009,-0.0855,-2.16,928,-0.094,-2.59,1,8,-41.0,13,14.0,16,21,-0.0004,-0.01,0.0244,-0.0238,4.899999999999864
1971,-0.0886,0.411,0.792,-3.93,248.2,192.7,1028,-0.0755,-2.32,943,-0.1028,-3.31,1,8,-37.7,13,14.0,17,17,0.0085,0.37,0.0379,-0.0194,4.910000000000082
1971,-0.0893,0.402,0.801,-3.78,248.2,194.5,1028,-0.0856,-2.48,943,-0.0934,-2.9,1,8,-38.6,13,14.0,17,18,0.0072,0.3,0.0297,-0.0142,4.910000000000082
1971,-0.0801,0.403,0.828,-3.2,248.2,182.7,1028,-0.082,-2.26,943,-0.078,-2.28,1,8,-32.4,13,14.0,17,19,0.0142,0.55,0.0308,-0.0017,4.910000000000082
1971,-0.0859,0.392,0.824,-3.33,248.2,193.7,1028,-0.0876,-2.35,943,-0.0839,-2.37,1,8,-36.4,13,14.0,17,20,0.0032,0.12,0.0231,-0.0158,4.910000000000082
1971,-0.0887,0.392,0.823,-3.34,248.2,196.5,1028,-0.0839,-2.16,943,-0.0939,-2.63,1,8,-40.7,13,14.0,17,21,-0.0005,-0.02,0.026,-0.0258,4.910000000000082
1405,-0.0424,0.406,0.781,-3.1,177.1,80.0,725,-0.0318,-1.66,680,-0.0537,-2.74,1,8,-17.0,13,15.0,16,16,0.0283,2.02,0.0377,0.0194,6.670000000000073
1405,-0.0316,0.431,0.87,-1.8,177.1,65.5,725,-0.0044,-0.17,680,-0.0606,-2.56,2,8,-18.0,13,15.0,16,17,0.0389,2.15,0.0661,0.013,6.670000000000073
1405,-0.0277,0.433,0.897,-1.43,177.1,64.0,725,0.0089,0.3,680,-0.0668,-2.72,2,8,-22.9,13,15.0,16,18,0.0453,2.27,0.085,0.0075,6.670000000000073
1405,-0.0247,0.437,0.915,-1.17,177.1,68.2,725,0.0284,0.87,680,-0.0812,-3.1,3,8,-20.8,13,15.0,16,19,0.0467,2.15,0.0993,-0.0033,6.670000000000073
1405,-0.0246,0.441,0.921,-1.11,177.1,64.3,725,0.036,1.06,680,-0.0891,-3.23,2,8,-21.1,13,15.0,16,20,0.0466,2.05,0.1078,-0.0116,6.670000000000073
1405,-0.0266,0.439,0.918,-1.14,177.1,68.3,725,0.0269,0.74,680,-0.0836,-2.9,3,8,-20.3,13,15.0,16,21,0.0465,1.93,0.1,-0.0044,6.670000000000073
1600,-0.0286,0.425,0.875,-1.82,201.6,67.6,832,-0.0057,-0.25,768,-0.0534,-2.46,1,8,-18.5,13,15.0,17,17,0.0399,2.48,0.0601,0.0198,6.665000000000077
1600,-0.0278,0.429,0.892,-1.59,201.6,68.9,832,-0.0026,-0.1,768,-0.055,-2.43,1,8,-23.6,13,15.0,17,18,0.042,2.36,0.0664,0.0178,6.665000000000077
1600,-0.0271,0.432,0.904,-1.42,201.6,72.0,832,0.0093,0.32,768,-0.0665,-2.73,3,8,-19.0,13,15.0,17,19,0.0401,2.06,0.0727,0.0078,6.665000000000077
1600,-0.0264,0.434,0.913,-1.31,201.6,67.7,832,0.0154,0.5,768,-0.0717,-2.77,2,8,-21.1,13,15.0,17,20,0.0392,1.9,0.0772,0.0016,6.665000000000077
1600,-0.0287,0.435,0.91,-1.35,201.6,71.1,832,0.0123,0.38,768,-0.0731,-2.72,3,8,-19.7,13,15.0,17,21,0.0387,1.78,0.0752,0.0026,6.665000000000077
