n,avg_R,win_rate,PF,t_stat,trades_per_year,maxDD_R,L_n,L_avg,L_t,S_n,S_avg,S_t,yrs_pos,yrs_n,worst_yr,rs,re,ee,ex,med_width
1683,0.0511,0.507,1.178,2.57,212.0,14.3,881,0.0443,1.61,802,0.0587,2.02,7,8,-5.2,-3,5,9,12,5.2999999999999545
1683,0.087,0.465,1.223,3.1,212.0,13.5,881,0.0844,2.25,802,0.0899,2.13,8,8,5.7,-3,5,9,14,5.2999999999999545
1683,0.0885,0.429,1.184,2.59,212.0,19.8,881,0.0705,1.56,802,0.1082,2.09,7,8,-5.9,-3,5,9,16,5.2999999999999545
1683,0.1007,0.421,1.204,2.82,212.0,19.6,881,0.0872,1.86,802,0.1154,2.13,7,8,-3.7,-3,5,9,17,5.2999999999999545
1683,0.1123,0.422,1.225,3.04,212.0,24.8,881,0.0909,1.88,802,0.1358,2.4,7,8,-3.1,-3,5,9,18,5.2999999999999545
1683,0.1047,0.408,1.203,2.77,212.0,23.1,881,0.0842,1.7,802,0.1272,2.21,8,8,0.4,-3,5,9,20,5.2999999999999545
1683,0.1085,0.404,1.208,2.81,212.0,23.1,881,0.0831,1.65,802,0.1364,2.31,8,8,0.5,-3,5,9,21,5.2999999999999545
1768,0.0502,0.506,1.178,2.62,222.7,14.7,924,0.0419,1.59,844,0.0593,2.13,7,8,-2.1,-3,5,10,12,5.3250000000000455
1768,0.0839,0.462,1.218,3.1,222.7,14.4,924,0.078,2.16,844,0.0903,2.23,8,8,3.8,-3,5,10,14,5.3250000000000455
1768,0.0863,0.43,1.181,2.62,222.7,20.8,924,0.0647,1.49,844,0.11,2.2,7,8,-6.5,-3,5,10,16,5.3250000000000455
1768,0.101,0.425,1.207,2.94,222.7,20.8,924,0.0833,1.84,844,0.1202,2.3,7,8,-3.7,-3,5,10,17,5.3250000000000455
1768,0.1121,0.428,1.228,3.15,222.7,26.5,924,0.0861,1.85,844,0.1405,2.58,7,8,-4.0,-3,5,10,18,5.3250000000000455
1768,0.1052,0.414,1.206,2.89,222.7,23.6,924,0.079,1.66,844,0.134,2.41,8,8,0.5,-3,5,10,20,5.3250000000000455
1768,0.1072,0.41,1.208,2.89,222.7,23.4,924,0.0771,1.6,844,0.1402,2.46,8,8,0.9,-3,5,10,21,5.3250000000000455
1825,0.0515,0.506,1.187,2.77,229.9,14.2,948,0.0442,1.71,877,0.0595,2.21,7,8,-0.9,-3,5,11,12,5.379999999999882
1825,0.0883,0.465,1.233,3.34,229.9,13.5,948,0.0834,2.36,877,0.0936,2.37,8,8,6.5,-3,5,11,14,5.379999999999882
1825,0.0869,0.432,1.184,2.7,229.9,20.6,948,0.0653,1.53,877,0.1102,2.27,7,8,-6.1,-3,5,11,16,5.379999999999882
1825,0.1031,0.428,1.214,3.07,229.9,20.7,948,0.0854,1.93,877,0.1222,2.4,7,8,-3.4,-3,5,11,17,5.379999999999882
1825,0.1147,0.43,1.236,3.3,229.9,26.2,948,0.0886,1.94,877,0.1429,2.7,7,8,-3.1,-3,5,11,18,5.379999999999882
1825,0.1084,0.415,1.215,3.05,229.9,22.8,948,0.0823,1.76,877,0.1367,2.53,8,8,1.8,-3,5,11,20,5.379999999999882
1825,0.1097,0.412,1.214,3.03,229.9,22.7,948,0.08,1.69,877,0.1419,2.56,8,8,2.3,-3,5,11,21,5.379999999999882
1867,0.0518,0.507,1.192,2.84,235.1,13.5,967,0.0441,1.74,900,0.0601,2.29,8,8,1.2,-3,5,12,12,5.410000000000082
1867,0.0859,0.465,1.227,3.3,235.1,14.1,967,0.0825,2.36,900,0.0897,2.31,8,8,4.1,-3,5,12,14,5.410000000000082
1867,0.082,0.432,1.174,2.6,235.1,21.5,967,0.0634,1.51,900,0.1019,2.14,7,8,-8.7,-3,5,12,16,5.410000000000082
1867,0.1002,0.428,1.208,3.04,235.1,21.2,967,0.0842,1.93,900,0.1175,2.36,7,8,-5.7,-3,5,12,17,5.410000000000082
1867,0.1113,0.43,1.229,3.26,235.1,26.3,967,0.0857,1.9,900,0.1389,2.67,7,8,-5.0,-3,5,12,18,5.410000000000082
1867,0.1079,0.415,1.214,3.08,235.1,23.4,967,0.0789,1.72,900,0.139,2.62,8,8,1.1,-3,5,12,20,5.410000000000082
1867,0.1094,0.412,1.214,3.07,235.1,24.1,967,0.0777,1.66,900,0.1435,2.64,8,8,1.3,-3,5,12,21,5.410000000000082
1910,0.0871,0.466,1.232,3.41,240.6,13.6,987,0.0833,2.42,923,0.0912,2.4,8,8,4.4,-3,5,13,14,5.435000000000059
1910,0.0842,0.434,1.18,2.71,240.6,23.2,987,0.0646,1.56,923,0.1052,2.25,7,8,-10.2,-3,5,13,16,5.435000000000059
1910,0.1012,0.43,1.212,3.12,240.6,22.8,987,0.0852,1.98,923,0.1183,2.41,7,8,-7.1,-3,5,13,17,5.435000000000059
1910,0.1119,0.431,1.231,3.33,240.6,27.9,987,0.0875,1.98,923,0.1379,2.7,7,8,-6.3,-3,5,13,18,5.435000000000059
1910,0.1084,0.416,1.216,3.15,240.6,24.9,987,0.0813,1.8,923,0.1374,2.63,8,8,0.4,-3,5,13,20,5.435000000000059
1910,0.1092,0.414,1.215,3.11,240.6,25.8,987,0.0791,1.72,923,0.1413,2.64,8,8,0.2,-3,5,13,21,5.435000000000059
1966,0.0813,0.464,1.219,3.26,247.6,14.3,1017,0.0774,2.31,949,0.0854,2.3,8,8,4.8,-3,5,14,14,5.5
1990,0.0779,0.433,1.169,2.59,250.6,23.6,1029,0.0609,1.53,961,0.096,2.12,7,8,-10.5,-3,5,15,16,5.5499999999999545
1990,0.0935,0.431,1.197,2.98,250.6,23.1,1029,0.0795,1.92,961,0.1085,2.28,7,8,-8.0,-3,5,15,17,5.5499999999999545
1990,0.1033,0.43,1.215,3.17,250.6,28.4,1029,0.0797,1.86,961,0.1285,2.6,7,8,-7.3,-3,5,15,18,5.5499999999999545
1990,0.0999,0.415,1.2,3.0,250.6,25.1,1029,0.0729,1.67,961,0.1287,2.55,7,8,-0.0,-3,5,15,20,5.5499999999999545
1990,0.0999,0.413,1.198,2.95,250.6,26.1,1029,0.0694,1.56,961,0.1327,2.56,7,8,-0.2,-3,5,15,21,5.5499999999999545
1599,0.0306,0.502,1.111,1.61,201.4,15.8,847,0.0195,0.76,752,0.043,1.55,7,8,-5.7,-3,6,9,12,5.539999999999964
1599,0.0607,0.466,1.16,2.26,201.4,21.3,847,0.0636,1.76,752,0.0574,1.43,7,8,-1.2,-3,6,9,14,5.539999999999964
1599,0.0653,0.43,1.139,1.97,201.4,21.0,847,0.06,1.35,752,0.0713,1.44,7,8,-12.6,-3,6,9,16,5.539999999999964
1599,0.0762,0.427,1.158,2.21,201.4,20.8,847,0.0761,1.65,752,0.0762,1.47,7,8,-9.4,-3,6,9,17,5.539999999999964
1599,0.0897,0.425,1.184,2.5,201.4,25.7,847,0.0807,1.69,752,0.0999,1.84,7,8,-8.9,-3,6,9,18,5.539999999999964
1599,0.0789,0.409,1.156,2.16,201.4,24.1,847,0.0704,1.44,752,0.0886,1.62,7,8,-5.4,-3,6,9,20,5.539999999999964
1599,0.0844,0.409,1.165,2.25,201.4,25.3,847,0.0688,1.39,752,0.1019,1.8,7,8,-5.5,-3,6,9,21,5.539999999999964
1706,0.0317,0.501,1.118,1.75,214.9,18.6,900,0.0222,0.9,806,0.0423,1.6,7,8,-2.6,-3,6,10,12,5.6049999999999045
1706,0.0573,0.462,1.153,2.23,214.9,21.8,900,0.0599,1.74,806,0.0543,1.42,7,8,-2.0,-3,6,10,14,5.6049999999999045
1706,0.0609,0.431,1.131,1.93,214.9,23.1,900,0.0514,1.21,806,0.0714,1.51,6,8,-14.7,-3,6,10,16,5.6049999999999045
1706,0.0736,0.43,1.155,2.23,214.9,23.0,900,0.0692,1.57,806,0.0786,1.59,7,8,-11.3,-3,6,10,17,5.6049999999999045
1706,0.0856,0.429,1.178,2.5,214.9,28.4,900,0.0717,1.57,806,0.1011,1.96,7,8,-11.7,-3,6,10,18,5.6049999999999045
1706,0.0767,0.415,1.153,2.2,214.9,25.6,900,0.0631,1.35,806,0.0918,1.75,7,8,-7.2,-3,6,10,20,5.6049999999999045
1706,0.079,0.414,1.156,2.22,214.9,25.9,900,0.059,1.25,806,0.1014,1.88,7,8,-7.2,-3,6,10,21,5.6049999999999045
1773,0.0333,0.502,1.127,1.9,223.3,18.7,930,0.0245,1.02,843,0.043,1.69,7,8,-1.4,-3,6,11,12,5.6599999999998545
1773,0.0625,0.466,1.17,2.51,223.3,20.8,930,0.0657,1.96,843,0.059,1.59,7,8,-1.2,-3,6,11,14,5.6599999999998545
1773,0.0621,0.433,1.135,2.02,223.3,23.1,930,0.0538,1.3,843,0.0714,1.56,6,8,-14.4,-3,6,11,16,5.6599999999998545
1773,0.0766,0.434,1.163,2.39,223.3,22.9,930,0.0736,1.71,843,0.08,1.67,7,8,-11.0,-3,6,11,17,5.6599999999998545
1773,0.089,0.432,1.187,2.67,223.3,28.2,930,0.0764,1.72,843,0.1029,2.06,7,8,-10.7,-3,6,11,18,5.6599999999998545
1773,0.0817,0.417,1.165,2.4,223.3,24.9,930,0.071,1.56,843,0.0936,1.84,7,8,-5.1,-3,6,11,20,5.6599999999998545
1773,0.0839,0.417,1.167,2.41,223.3,25.4,930,0.0674,1.46,843,0.102,1.94,7,8,-5.2,-3,6,11,21,5.6599999999998545
1825,0.0346,0.502,1.135,2.03,229.9,18.4,952,0.0253,1.07,873,0.0448,1.81,8,8,1.6,-3,6,12,12,5.699999999999818
1825,0.0643,0.467,1.175,2.61,229.9,15.9,952,0.0663,2.0,873,0.0621,1.69,7,8,-3.0,-3,6,12,14,5.699999999999818
1825,0.0609,0.433,1.133,2.01,229.9,24.2,952,0.0524,1.29,873,0.0701,1.55,7,8,-16.5,-3,6,12,16,5.699999999999818
1825,0.0779,0.435,1.166,2.46,229.9,23.6,952,0.0728,1.72,873,0.0834,1.76,7,8,-12.7,-3,6,12,17,5.699999999999818
1825,0.0893,0.432,1.188,2.72,229.9,28.1,952,0.0744,1.7,873,0.1056,2.14,7,8,-12.2,-3,6,12,18,5.699999999999818
1825,0.0863,0.418,1.175,2.58,229.9,25.5,952,0.0694,1.55,873,0.1048,2.09,7,8,-5.2,-3,6,12,20,5.699999999999818
1825,0.088,0.418,1.176,2.57,229.9,27.3,952,0.0665,1.46,873,0.1115,2.16,7,8,-5.5,-3,6,12,21,5.699999999999818
1874,0.067,0.469,1.185,2.77,236.0,15.3,975,0.069,2.12,899,0.0647,1.8,7,8,-2.5,-3,6,13,14,5.730000000000018
1874,0.0635,0.435,1.14,2.14,236.0,25.6,975,0.0531,1.33,899,0.0748,1.68,7,8,-17.7,-3,6,13,16,5.730000000000018
1874,0.0787,0.437,1.169,2.54,236.0,24.8,975,0.0732,1.76,899,0.0847,1.82,7,8,-14.6,-3,6,13,17,5.730000000000018
1874,0.0897,0.435,1.19,2.79,236.0,29.5,975,0.0758,1.76,899,0.1049,2.17,7,8,-13.9,-3,6,13,18,5.730000000000018
1874,0.087,0.419,1.178,2.65,236.0,26.6,975,0.0718,1.63,899,0.1035,2.1,7,8,-6.0,-3,6,13,20,5.730000000000018
1874,0.088,0.42,1.177,2.62,236.0,28.5,975,0.0685,1.54,899,0.1092,2.16,7,8,-6.8,-3,6,13,21,5.730000000000018
1947,0.0659,0.468,1.185,2.8,245.2,16.8,1011,0.0665,2.1,936,0.0652,1.87,7,8,-1.0,-3,6,14,14,5.781999999999925
1976,0.0626,0.436,1.14,2.19,248.9,26.1,1024,0.0546,1.42,952,0.0712,1.67,6,8,-18.2,-3,6,15,16,5.835000000000036
1976,0.0766,0.438,1.167,2.56,248.9,26.1,1024,0.0731,1.83,952,0.0803,1.79,7,8,-15.8,-3,6,15,17,5.835000000000036
1976,0.0865,0.434,1.185,2.79,248.9,30.9,1024,0.0732,1.77,952,0.1008,2.17,7,8,-14.9,-3,6,15,18,5.835000000000036
1976,0.0848,0.419,1.175,2.68,248.9,27.1,1024,0.0704,1.65,952,0.1002,2.12,6,8,-6.5,-3,6,15,20,5.835000000000036
1976,0.0843,0.42,1.171,2.61,248.9,29.2,1024,0.0654,1.52,952,0.1047,2.16,6,8,-7.5,-3,6,15,21,5.835000000000036
1409,0.0132,0.493,1.054,0.75,177.5,16.1,728,0.0058,0.23,681,0.0212,0.83,5,8,-3.7,-3,7,9,12,5.8530000000000655
1409,0.0494,0.475,1.14,1.89,177.5,11.8,728,0.0614,1.7,681,0.0365,0.96,8,8,3.4,-3,7,9,14,5.8530000000000655
1409,0.0572,0.434,1.129,1.72,177.5,21.6,728,0.0556,1.21,681,0.0588,1.22,6,8,-6.9,-3,7,9,16,5.8530000000000655
1409,0.0624,0.431,1.136,1.81,177.5,28.8,728,0.0695,1.44,681,0.0549,1.1,6,8,-6.8,-3,7,9,17,5.8530000000000655
1409,0.0794,0.433,1.172,2.2,177.5,28.0,728,0.0801,1.61,681,0.0787,1.5,6,8,-4.6,-3,7,9,18,5.8530000000000655
1409,0.0725,0.419,1.15,1.98,177.5,29.3,728,0.0741,1.45,681,0.0707,1.34,6,8,-7.3,-3,7,9,20,5.8530000000000655
1409,0.0789,0.418,1.162,2.1,177.5,27.6,728,0.0748,1.45,681,0.0834,1.52,6,8,-5.1,-3,7,9,21,5.8530000000000655
1561,0.0239,0.495,1.101,1.42,196.6,17.2,811,0.0264,1.11,750,0.0213,0.89,6,8,-4.2,-3,7,10,12,5.932999999999993
1561,0.0525,0.471,1.152,2.14,196.6,12.5,811,0.0687,2.03,750,0.035,0.98,7,8,-0.0,-3,7,10,14,5.932999999999993
1561,0.0563,0.437,1.129,1.81,196.6,22.0,811,0.0546,1.27,750,0.0582,1.29,5,8,-11.2,-3,7,10,16,5.932999999999993
1561,0.0634,0.436,1.141,1.96,196.6,28.5,811,0.0685,1.53,750,0.0579,1.24,6,8,-8.5,-3,7,10,17,5.932999999999993
1561,0.0769,0.438,1.169,2.29,196.6,29.3,811,0.0725,1.57,750,0.0816,1.66,6,8,-10.1,-3,7,10,18,5.932999999999993
1561,0.0703,0.425,1.148,2.06,196.6,31.0,811,0.0667,1.42,750,0.0742,1.49,6,8,-9.4,-3,7,10,20,5.932999999999993
1561,0.0718,0.422,1.149,2.05,196.6,30.0,811,0.0621,1.3,750,0.0823,1.6,6,8,-8.1,-3,7,10,21,5.932999999999993
1663,0.026,0.498,1.114,1.63,209.5,16.9,854,0.028,1.23,809,0.0239,1.07,6,8,-5.1,-3,7,11,12,5.970000000000027
1663,0.0581,0.476,1.172,2.47,209.5,14.5,854,0.0705,2.16,809,0.0449,1.32,8,8,0.6,-3,7,11,14,5.970000000000027
1663,0.0557,0.438,1.129,1.87,209.5,22.8,854,0.0491,1.19,809,0.0626,1.45,5,8,-10.4,-3,7,11,16,5.970000000000027
1663,0.0647,0.44,1.146,2.09,209.5,27.5,854,0.0652,1.51,809,0.0643,1.44,5,8,-9.0,-3,7,11,17,5.970000000000027
1663,0.079,0.44,1.176,2.45,209.5,29.7,854,0.069,1.55,809,0.0894,1.91,6,8,-8.1,-3,7,11,18,5.970000000000027
1663,0.0733,0.426,1.156,2.23,209.5,28.6,854,0.0661,1.46,809,0.0809,1.7,6,8,-10.1,-3,7,11,20,5.970000000000027
1663,0.075,0.425,1.157,2.23,209.5,27.8,854,0.0624,1.35,809,0.0883,1.8,6,8,-9.0,-3,7,11,21,5.970000000000027
1734,0.0275,0.499,1.124,1.79,218.4,16.6,887,0.0293,1.34,847,0.0255,1.19,6,8,-4.7,-3,7,12,12,5.990000000000009
1734,0.062,0.478,1.185,2.67,218.4,13.7,887,0.0758,2.37,847,0.0476,1.41,8,8,1.4,-3,7,12,14,5.990000000000009
1734,0.0564,0.439,1.131,1.93,218.4,23.0,887,0.0522,1.29,847,0.0607,1.43,5,8,-10.3,-3,7,12,16,5.990000000000009
1734,0.0673,0.441,1.152,2.21,218.4,29.0,887,0.0676,1.6,847,0.0671,1.52,5,8,-8.9,-3,7,12,17,5.990000000000009
1734,0.0806,0.439,1.18,2.55,218.4,28.7,887,0.0706,1.62,847,0.0911,1.98,6,8,-8.0,-3,7,12,18,5.990000000000009
1734,0.0778,0.426,1.166,2.41,218.4,30.3,887,0.0672,1.51,847,0.0889,1.9,6,8,-11.8,-3,7,12,20,5.990000000000009
1734,0.0787,0.425,1.165,2.39,218.4,29.1,887,0.0636,1.41,847,0.0945,1.96,6,8,-10.5,-3,7,12,21,5.990000000000009
1803,0.0619,0.477,1.187,2.75,227.1,14.6,920,0.0757,2.43,883,0.0476,1.46,7,8,-0.4,-3,7,13,14,6.029999999999973
1803,0.0566,0.441,1.132,1.98,227.1,24.4,920,0.051,1.29,883,0.0625,1.51,5,8,-15.6,-3,7,13,16,6.029999999999973
1803,0.066,0.443,1.15,2.22,227.1,26.3,920,0.0664,1.62,883,0.0655,1.53,6,8,-13.1,-3,7,13,17,6.029999999999973
1803,0.0782,0.442,1.175,2.54,227.1,31.4,920,0.0696,1.64,883,0.0871,1.95,6,8,-13.6,-3,7,13,18,6.029999999999973
1803,0.0755,0.427,1.162,2.41,227.1,29.1,920,0.0681,1.57,883,0.0833,1.83,6,8,-12.1,-3,7,13,20,6.029999999999973
1803,0.0758,0.428,1.16,2.37,227.1,29.0,920,0.0637,1.45,883,0.0885,1.89,6,8,-10.9,-3,7,13,21,6.029999999999973
1906,0.0588,0.475,1.18,2.72,240.1,15.0,971,0.0714,2.39,935,0.0456,1.46,8,8,0.2,-3,7,14,14,6.090000000000032
1955,0.0528,0.443,1.127,1.96,246.2,26.7,991,0.0529,1.42,964,0.0528,1.35,5,8,-16.7,-3,7,15,16,6.210000000000036
1955,0.0604,0.442,1.14,2.16,246.2,32.3,991,0.0655,1.69,964,0.0552,1.36,5,8,-15.4,-3,7,15,17,6.210000000000036
1955,0.0711,0.439,1.162,2.45,246.2,32.2,991,0.0652,1.62,964,0.0773,1.84,6,8,-14.3,-3,7,15,18,6.210000000000036
1955,0.0687,0.425,1.149,2.32,246.2,34.6,991,0.0624,1.52,964,0.0752,1.76,6,8,-19.5,-3,7,15,20,6.210000000000036
1955,0.0669,0.426,1.143,2.21,246.2,33.5,991,0.0555,1.33,964,0.0787,1.79,6,8,-18.2,-3,7,15,21,6.210000000000036
985,-0.0028,0.487,0.987,-0.16,124.1,15.3,516,-0.0048,-0.2,469,-0.0005,-0.02,2,8,-4.3,-3,8,9,12,6.413000000000011
985,0.028,0.474,1.087,1.0,124.1,21.1,516,0.0472,1.29,469,0.007,0.16,6,8,-7.1,-3,8,9,14,6.413000000000011
985,0.0265,0.445,1.063,0.73,124.1,20.5,516,0.0314,0.66,469,0.0212,0.39,5,8,-11.2,-3,8,9,16,6.413000000000011
985,0.0292,0.436,1.067,0.78,124.1,19.9,516,0.0457,0.91,469,0.0109,0.19,5,8,-10.0,-3,8,9,17,6.413000000000011
985,0.05,0.443,1.114,1.26,124.1,20.1,516,0.0569,1.09,469,0.0425,0.71,6,8,-5.6,-3,8,9,18,6.413000000000011
985,0.0397,0.424,1.086,0.98,124.1,20.2,516,0.0445,0.82,469,0.0345,0.56,6,8,-6.8,-3,8,9,20,6.413000000000011
985,0.0446,0.431,1.095,1.08,124.1,21.7,516,0.0401,0.74,469,0.0495,0.78,6,8,-4.9,-3,8,9,21,6.413000000000011
1244,0.0091,0.489,1.046,0.58,156.8,18.1,651,0.0188,0.84,593,-0.0016,-0.07,5,8,-4.1,-3,8,10,12,6.4920000000000755
1244,0.0316,0.468,1.099,1.27,156.8,26.1,651,0.0574,1.73,593,0.0033,0.09,6,8,-7.2,-3,8,10,14,6.4920000000000755
1244,0.0377,0.449,1.092,1.18,156.8,23.1,651,0.0471,1.1,593,0.0273,0.58,5,8,-9.1,-3,8,10,16,6.4920000000000755
1244,0.04,0.444,1.095,1.22,156.8,21.3,651,0.0584,1.3,593,0.0199,0.41,5,8,-8.8,-3,8,10,17,6.4920000000000755
1244,0.0572,0.447,1.134,1.66,156.8,22.7,651,0.0642,1.38,593,0.0496,0.97,6,8,-8.5,-3,8,10,18,6.4920000000000755
1244,0.0483,0.433,1.107,1.37,156.8,21.5,651,0.0519,1.09,593,0.0443,0.85,7,8,-10.6,-3,8,10,20,6.4920000000000755
1244,0.0453,0.434,1.099,1.27,156.8,22.5,651,0.0406,0.85,593,0.0504,0.94,7,8,-9.6,-3,8,10,21,6.4920000000000755
1401,0.0155,0.494,1.083,1.09,176.6,16.2,719,0.0221,1.06,682,0.0084,0.44,4,8,-3.1,-3,8,11,12,6.509999999999991
1401,0.0347,0.47,1.112,1.51,176.6,26.8,719,0.0555,1.79,682,0.0127,0.37,6,8,-6.8,-3,8,11,14,6.509999999999991
1401,0.0372,0.45,1.092,1.26,176.6,24.1,719,0.0354,0.89,682,0.0392,0.9,5,8,-8.9,-3,8,11,16,6.509999999999991
1401,0.0424,0.448,1.102,1.39,176.6,22.8,719,0.0499,1.19,682,0.0346,0.78,5,8,-12.3,-3,8,11,17,6.509999999999991
1401,0.0593,0.449,1.141,1.86,176.6,22.1,719,0.0533,1.23,682,0.0656,1.39,7,8,-10.1,-3,8,11,18,6.509999999999991
1401,0.053,0.434,1.12,1.61,176.6,23.6,719,0.0438,0.98,682,0.0627,1.28,7,8,-12.2,-3,8,11,20,6.509999999999991
1401,0.0495,0.437,1.11,1.48,176.6,26.1,719,0.0342,0.77,682,0.0657,1.31,7,8,-11.8,-3,8,11,21,6.509999999999991
1519,0.0171,0.492,1.097,1.29,191.3,16.2,777,0.0229,1.18,742,0.0111,0.61,6,8,-3.9,-3,8,12,12,6.5499999999999545
1519,0.0394,0.474,1.13,1.78,191.3,22.9,777,0.0605,2.03,742,0.0174,0.53,7,8,-5.3,-3,8,12,14,6.5499999999999545
1519,0.0389,0.455,1.097,1.37,191.3,27.3,777,0.035,0.91,742,0.0429,1.02,5,8,-11.7,-3,8,12,16,6.5499999999999545
1519,0.0467,0.452,1.114,1.59,191.3,23.8,777,0.0509,1.27,742,0.0424,0.98,5,8,-11.1,-3,8,12,17,6.5499999999999545
1519,0.0628,0.448,1.151,2.04,191.3,22.8,777,0.0552,1.33,742,0.0706,1.55,7,8,-8.5,-3,8,12,18,6.5499999999999545
1519,0.0588,0.436,1.134,1.86,191.3,24.6,777,0.0464,1.09,742,0.0718,1.52,7,8,-12.3,-3,8,12,20,6.5499999999999545
1519,0.0562,0.44,1.126,1.75,191.3,21.8,777,0.0391,0.91,742,0.0741,1.54,7,8,-10.7,-3,8,12,21,6.5499999999999545
1641,0.0435,0.477,1.147,2.08,206.7,17.4,829,0.0579,2.04,812,0.0288,0.93,7,8,-0.9,-3,8,13,14,6.670000000000073
1641,0.0441,0.46,1.113,1.63,206.7,27.3,829,0.032,0.88,812,0.0564,1.42,5,8,-13.0,-3,8,13,16,6.670000000000073
1641,0.0495,0.457,1.123,1.78,206.7,23.5,829,0.0489,1.28,812,0.05,1.23,5,8,-14.3,-3,8,13,17,6.670000000000073
1641,0.0626,0.454,1.152,2.15,206.7,25.2,829,0.0518,1.31,812,0.0736,1.72,6,8,-12.0,-3,8,13,18,6.670000000000073
1641,0.0582,0.439,1.134,1.94,206.7,27.8,829,0.0446,1.1,812,0.072,1.63,7,8,-17.7,-3,8,13,20,6.670000000000073
1641,0.0539,0.445,1.122,1.77,206.7,26.2,829,0.0373,0.91,812,0.0709,1.57,7,8,-16.2,-3,8,13,21,6.670000000000073
1813,0.0397,0.472,1.138,2.04,228.3,18.4,912,0.0485,1.83,901,0.0307,1.07,7,8,-0.5,-3,8,14,14,6.769999999999982
1896,0.0418,0.463,1.111,1.7,238.8,31.4,952,0.0302,0.91,944,0.0535,1.48,5,8,-18.6,-3,8,15,16,6.8900000000001
1896,0.0482,0.457,1.123,1.89,238.8,34.3,952,0.0472,1.36,944,0.0493,1.32,6,8,-23.6,-3,8,15,17,6.8900000000001
1896,0.0582,0.453,1.145,2.19,238.8,34.3,952,0.0451,1.25,944,0.0713,1.83,6,8,-22.5,-3,8,15,18,6.8900000000001
1896,0.0514,0.437,1.121,1.88,238.8,38.0,952,0.0357,0.96,944,0.0673,1.68,7,8,-27.9,-3,8,15,20,6.8900000000001
1896,0.0452,0.441,1.104,1.63,238.8,37.9,952,0.0265,0.71,944,0.0641,1.57,7,8,-27.0,-3,8,15,21,6.8900000000001
726,0.0274,0.483,1.195,1.64,91.6,5.3,378,0.0562,2.28,348,-0.004,-0.18,7,8,-1.1,-3,9,10,12,7.3799999999999955
726,0.0475,0.475,1.178,1.64,91.6,12.2,378,0.0579,1.49,348,0.0363,0.84,6,8,-3.2,-3,9,10,14,7.3799999999999955
726,0.0528,0.456,1.147,1.38,91.6,22.8,378,0.0208,0.42,348,0.0876,1.48,5,8,-17.0,-3,9,10,16,7.3799999999999955
726,0.0592,0.472,1.159,1.49,91.6,21.7,378,0.0344,0.66,348,0.0861,1.44,6,8,-14.6,-3,9,10,17,7.3799999999999955
726,0.0655,0.46,1.173,1.62,91.6,17.9,378,0.0332,0.62,348,0.1006,1.64,6,8,-11.7,-3,9,10,18,7.3799999999999955
726,0.0699,0.459,1.174,1.66,91.6,18.6,378,0.0399,0.72,348,0.1025,1.6,6,8,-10.9,-3,9,10,20,7.3799999999999955
726,0.0528,0.45,1.128,1.26,91.6,22.4,378,0.0135,0.25,348,0.0955,1.48,6,8,-11.9,-3,9,10,21,7.3799999999999955
1004,0.0353,0.494,1.277,2.64,126.5,6.3,513,0.0514,2.6,491,0.0185,1.03,8,8,1.5,-3,9,11,12,7.3034999999999854
1004,0.0599,0.484,1.235,2.5,126.5,11.5,513,0.0628,1.94,491,0.0569,1.61,7,8,-0.6,-3,9,11,14,7.3034999999999854
1004,0.0622,0.464,1.178,1.95,126.5,23.0,513,0.0259,0.61,491,0.1002,2.09,5,8,-11.8,-3,9,11,16,7.3034999999999854
1004,0.0685,0.473,1.189,2.08,126.5,21.4,513,0.0448,1.01,491,0.0932,1.91,6,8,-10.7,-3,9,11,17,7.3034999999999854
1004,0.0818,0.46,1.221,2.4,126.5,17.2,513,0.0478,1.04,491,0.1174,2.33,6,8,-8.7,-3,9,11,18,7.3034999999999854
1004,0.0837,0.455,1.213,2.33,126.5,17.3,513,0.0573,1.19,491,0.1113,2.09,7,8,-6.9,-3,9,11,20,7.3034999999999854
1004,0.0734,0.45,1.183,2.04,126.5,21.6,513,0.0412,0.85,491,0.107,2.0,6,8,-7.9,-3,9,11,21,7.3034999999999854
1200,0.0345,0.494,1.296,3.01,151.1,5.8,604,0.0473,2.77,596,0.0216,1.41,8,8,1.5,-3,9,12,12,7.345000000000027
1200,0.0666,0.493,1.269,3.01,151.1,13.2,604,0.0693,2.33,596,0.0638,1.95,7,8,-2.8,-3,9,12,14,7.345000000000027
1200,0.0656,0.473,1.192,2.24,151.1,26.8,604,0.0288,0.74,596,0.1029,2.35,6,8,-15.3,-3,9,12,16,7.345000000000027
1200,0.0737,0.478,1.207,2.43,151.1,22.7,604,0.0449,1.1,596,0.1029,2.28,6,8,-11.1,-3,9,12,17,7.345000000000027
1200,0.0844,0.457,1.231,2.68,151.1,16.2,604,0.047,1.11,596,0.1223,2.63,7,8,-4.1,-3,9,12,18,7.345000000000027
1200,0.0879,0.453,1.226,2.68,151.1,15.5,604,0.0543,1.23,596,0.1219,2.5,8,8,0.4,-3,9,12,20,7.345000000000027
1200,0.0807,0.455,1.203,2.44,151.1,18.5,604,0.0423,0.95,596,0.1195,2.43,8,8,0.6,-3,9,12,21,7.345000000000027
1401,0.0604,0.489,1.248,3.03,176.5,16.9,701,0.0671,2.49,700,0.0536,1.82,7,8,-5.4,-3,9,13,14,7.420000000000073
1401,0.0573,0.473,1.168,2.15,176.5,29.4,701,0.0208,0.59,700,0.0938,2.35,5,8,-16.3,-3,9,13,16,7.420000000000073
1401,0.0587,0.474,1.164,2.13,176.5,25.8,701,0.0335,0.91,700,0.084,2.06,6,8,-11.8,-3,9,13,17,7.420000000000073
1401,0.0668,0.458,1.182,2.35,176.5,21.6,701,0.0351,0.91,700,0.0985,2.35,6,8,-9.3,-3,9,13,18,7.420000000000073
1401,0.067,0.449,1.171,2.26,176.5,21.4,701,0.0404,1.01,700,0.0936,2.13,7,8,-11.6,-3,9,13,20,7.420000000000073
1401,0.0577,0.453,1.144,1.93,176.5,24.9,701,0.0293,0.73,700,0.0862,1.96,6,8,-11.2,-3,9,13,21,7.420000000000073
1685,0.0508,0.484,1.216,2.89,212.2,19.9,852,0.0511,2.18,833,0.0504,1.92,7,8,-9.7,-3,9,14,14,7.420000000000073
1808,0.0491,0.474,1.149,2.16,227.7,36.5,918,0.0271,0.91,890,0.0718,2.08,5,8,-23.4,-3,9,15,16,7.539999999999964
1808,0.0558,0.473,1.16,2.34,227.7,30.6,918,0.0432,1.37,890,0.0687,1.92,6,8,-18.8,-3,9,15,17,7.539999999999964
1808,0.0649,0.46,1.182,2.64,227.7,26.9,918,0.0428,1.31,890,0.0877,2.38,6,8,-17.5,-3,9,15,18,7.539999999999964
1808,0.0606,0.449,1.158,2.37,227.7,28.1,918,0.041,1.2,890,0.0809,2.11,6,8,-18.8,-3,9,15,20,7.539999999999964
1808,0.05,0.451,1.127,1.94,227.7,32.6,918,0.0291,0.84,890,0.0716,1.86,5,8,-19.4,-3,9,15,21,7.539999999999964
1703,0.0523,0.507,1.177,2.56,214.5,16.6,892,0.0433,1.55,811,0.0622,2.09,7,8,-8.2,-2,5,9,12,5.150000000000091
1703,0.0868,0.46,1.217,3.01,214.5,13.3,892,0.078,2.05,811,0.0965,2.2,8,8,3.1,-2,5,9,14,5.150000000000091
1703,0.0899,0.422,1.182,2.56,214.5,19.0,892,0.0602,1.31,811,0.1227,2.28,7,8,-6.4,-2,5,9,16,5.150000000000091
1703,0.104,0.417,1.206,2.84,214.5,21.1,892,0.0786,1.64,811,0.132,2.35,7,8,-2.9,-2,5,9,17,5.150000000000091
1703,0.114,0.416,1.224,2.99,214.5,24.0,892,0.0804,1.62,811,0.1511,2.58,7,8,-4.1,-2,5,9,18,5.150000000000091
1703,0.1085,0.403,1.206,2.77,214.5,22.9,892,0.0758,1.48,811,0.1444,2.41,7,8,-0.9,-2,5,9,20,5.150000000000091
1703,0.1097,0.398,1.205,2.76,214.5,22.3,892,0.0725,1.4,811,0.1507,2.46,7,8,-0.8,-2,5,9,21,5.150000000000091
1787,0.0522,0.507,1.181,2.67,225.1,16.4,937,0.042,1.57,850,0.0635,2.21,7,8,-5.4,-2,5,10,12,5.170000000000073
1787,0.0847,0.458,1.214,3.05,225.1,13.7,937,0.0743,2.03,850,0.0963,2.27,8,8,4.3,-2,5,10,14,5.170000000000073
1787,0.0889,0.423,1.182,2.62,225.1,19.2,937,0.057,1.29,850,0.124,2.38,7,8,-7.1,-2,5,10,16,5.170000000000073
1787,0.1045,0.421,1.21,2.95,225.1,18.9,937,0.0758,1.65,850,0.1361,2.5,7,8,-3.8,-2,5,10,17,5.170000000000073
1787,0.1139,0.422,1.226,3.1,225.1,25.2,937,0.0777,1.63,850,0.1538,2.72,7,8,-5.4,-2,5,10,18,5.170000000000073
1787,0.1098,0.41,1.211,2.91,225.1,22.2,937,0.0744,1.51,850,0.1489,2.57,7,8,-0.4,-2,5,10,20,5.170000000000073
1787,0.1094,0.404,1.207,2.85,225.1,21.9,937,0.0703,1.41,850,0.1526,2.58,7,8,-0.3,-2,5,10,21,5.170000000000073
1837,0.0533,0.508,1.188,2.78,231.4,15.7,958,0.0447,1.69,879,0.0627,2.25,7,8,-4.5,-2,5,11,12,5.220000000000027
1837,0.0878,0.461,1.225,3.22,231.4,13.7,958,0.0784,2.18,879,0.098,2.38,8,8,5.9,-2,5,11,14,5.220000000000027
1837,0.0889,0.424,1.184,2.67,231.4,19.2,958,0.0576,1.33,879,0.123,2.42,7,8,-6.8,-2,5,11,16,5.220000000000027
1837,0.1057,0.423,1.214,3.05,231.4,18.9,958,0.0774,1.72,879,0.1366,2.57,7,8,-3.7,-2,5,11,17,5.220000000000027
1837,0.1153,0.423,1.231,3.21,231.4,25.2,958,0.0793,1.69,879,0.1546,2.8,7,8,-4.8,-2,5,11,18,5.220000000000027
1837,0.1124,0.41,1.217,3.04,231.4,22.2,958,0.0763,1.58,879,0.1517,2.68,8,8,0.1,-2,5,11,20,5.220000000000027
1837,0.1119,0.406,1.213,2.98,231.4,21.9,958,0.0717,1.47,879,0.1556,2.69,8,8,0.4,-2,5,11,21,5.220000000000027
1874,0.0536,0.51,1.192,2.85,236.0,13.8,974,0.044,1.7,900,0.0639,2.34,7,8,-2.8,-2,5,12,12,5.271499999999946
1874,0.0869,0.462,1.223,3.23,236.0,13.7,974,0.0804,2.26,900,0.0938,2.31,8,8,3.1,-2,5,12,14,5.271499999999946
1874,0.0862,0.425,1.179,2.63,236.0,20.0,974,0.0595,1.39,900,0.1151,2.31,7,8,-9.4,-2,5,12,16,5.271499999999946
1874,0.1049,0.424,1.213,3.07,236.0,19.4,974,0.0799,1.79,900,0.132,2.53,7,8,-6.0,-2,5,12,17,5.271499999999946
1874,0.114,0.423,1.229,3.22,236.0,25.3,974,0.0799,1.72,900,0.151,2.79,7,8,-6.7,-2,5,12,18,5.271499999999946
1874,0.1138,0.411,1.221,3.12,236.0,22.7,974,0.0764,1.6,900,0.1542,2.77,7,8,-0.6,-2,5,12,20,5.271499999999946
1874,0.1139,0.407,1.218,3.07,236.0,23.1,974,0.0729,1.51,900,0.1583,2.78,7,8,-0.6,-2,5,12,21,5.271499999999946
1920,0.0885,0.464,1.23,3.36,241.8,13.6,993,0.0807,2.3,927,0.0968,2.44,8,8,4.2,-2,5,13,14,5.30499999999995
1920,0.0888,0.428,1.186,2.76,241.8,20.8,993,0.0601,1.42,927,0.1195,2.44,7,8,-9.9,-2,5,13,16,5.30499999999995
1920,0.1064,0.427,1.218,3.17,241.8,20.3,993,0.0806,1.83,927,0.1341,2.62,7,8,-6.6,-2,5,13,17,5.30499999999995
1920,0.1155,0.426,1.233,3.32,241.8,26.0,993,0.0814,1.78,927,0.152,2.87,7,8,-7.0,-2,5,13,18,5.30499999999995
1920,0.1152,0.414,1.225,3.22,241.8,23.0,993,0.0782,1.66,927,0.1549,2.85,7,8,-0.1,-2,5,13,20,5.30499999999995
1920,0.1145,0.409,1.221,3.15,241.8,23.5,993,0.0731,1.54,927,0.1589,2.86,7,8,-0.4,-2,5,13,21,5.30499999999995
1970,0.0847,0.463,1.222,3.29,248.1,14.3,1021,0.0766,2.24,949,0.0934,2.41,8,8,4.5,-2,5,14,14,5.3700000000000045
1991,0.0844,0.427,1.179,2.7,250.8,21.6,1033,0.0581,1.42,958,0.1128,2.37,7,8,-10.6,-2,5,15,16,5.399999999999864
1991,0.1006,0.427,1.208,3.09,250.8,21.0,1033,0.0766,1.8,958,0.1265,2.54,7,8,-7.7,-2,5,15,17,5.399999999999864
1991,0.1085,0.425,1.221,3.21,250.8,27.1,1033,0.0753,1.71,958,0.1443,2.79,7,8,-8.5,-2,5,15,18,5.399999999999864
1991,0.1081,0.412,1.213,3.11,250.8,23.8,1033,0.0711,1.56,958,0.148,2.79,7,8,-1.2,-2,5,15,20,5.399999999999864
1991,0.1067,0.408,1.207,3.02,250.8,24.6,1033,0.065,1.41,958,0.1517,2.8,7,8,-1.5,-2,5,15,21,5.399999999999864
1621,0.0312,0.503,1.11,1.61,204.2,16.0,857,0.0203,0.77,764,0.0434,1.52,7,8,-6.2,-2,6,9,12,5.350000000000136
1621,0.0576,0.46,1.148,2.1,204.2,20.2,857,0.0594,1.62,764,0.0554,1.35,6,8,-2.6,-2,6,9,14,5.350000000000136
1621,0.0637,0.423,1.133,1.89,204.2,21.5,857,0.0531,1.17,764,0.0756,1.5,7,8,-13.6,-2,6,9,16,5.350000000000136
1621,0.0764,0.423,1.155,2.17,204.2,20.8,857,0.0711,1.51,764,0.0823,1.56,7,8,-9.1,-2,6,9,17,5.350000000000136
1621,0.0884,0.419,1.177,2.41,204.2,25.2,857,0.0739,1.5,764,0.1047,1.9,7,8,-10.3,-2,6,9,18,5.350000000000136
1621,0.0798,0.405,1.154,2.12,204.2,24.2,857,0.0663,1.3,764,0.0949,1.7,7,8,-7.2,-2,6,9,20,5.350000000000136
1621,0.0833,0.403,1.159,2.17,204.2,24.3,857,0.0628,1.23,764,0.1063,1.84,7,8,-7.3,-2,6,9,21,5.350000000000136
1726,0.0339,0.503,1.123,1.83,217.4,19.1,912,0.0246,0.98,814,0.0442,1.62,7,8,-3.4,-2,6,10,12,5.425000000000068
1726,0.0561,0.458,1.146,2.14,217.4,20.8,912,0.059,1.69,814,0.0529,1.34,6,8,-3.1,-2,6,10,14,5.425000000000068
1726,0.0608,0.424,1.128,1.88,217.4,23.2,912,0.0472,1.09,814,0.076,1.57,7,8,-15.8,-2,6,10,16,5.425000000000068
1726,0.0743,0.427,1.153,2.2,217.4,21.4,912,0.0652,1.45,814,0.0845,1.66,7,8,-12.0,-2,6,10,17,5.425000000000068
1726,0.0847,0.424,1.172,2.41,217.4,27.4,912,0.0671,1.43,814,0.1043,1.98,7,8,-13.6,-2,6,10,18,5.425000000000068
1726,0.0784,0.411,1.153,2.18,217.4,24.7,912,0.0628,1.3,814,0.0959,1.79,7,8,-8.7,-2,6,10,20,5.425000000000068
1726,0.079,0.408,1.152,2.16,217.4,24.9,912,0.0568,1.17,814,0.1039,1.88,7,8,-8.9,-2,6,10,21,5.425000000000068
1786,0.0353,0.506,1.131,1.96,224.9,18.3,939,0.0271,1.1,847,0.0443,1.68,7,8,-2.4,-2,6,11,12,5.475000000000023
1786,0.0604,0.462,1.159,2.37,224.9,20.0,939,0.0632,1.85,847,0.0574,1.5,7,8,-2.3,-2,6,11,14,5.475000000000023
1786,0.0623,0.426,1.132,1.98,224.9,23.3,939,0.0495,1.17,847,0.0766,1.63,7,8,-15.6,-2,6,11,16,5.475000000000023
1786,0.0774,0.429,1.16,2.35,224.9,21.8,939,0.0691,1.57,847,0.0866,1.75,7,8,-11.8,-2,6,11,17,5.475000000000023
1786,0.0879,0.426,1.18,2.57,224.9,27.4,939,0.0707,1.54,847,0.1068,2.08,7,8,-12.8,-2,6,11,18,5.475000000000023
1786,0.0839,0.413,1.166,2.39,224.9,25.0,939,0.0691,1.46,847,0.1003,1.92,7,8,-7.4,-2,6,11,20,5.475000000000023
1786,0.0845,0.41,1.164,2.36,224.9,25.0,939,0.0637,1.33,847,0.1077,2.0,7,8,-7.6,-2,6,11,21,5.475000000000023
1835,0.0363,0.505,1.137,2.07,231.1,17.8,959,0.0272,1.13,876,0.0463,1.81,8,8,0.2,-2,6,12,12,5.5499999999999545
1835,0.063,0.463,1.167,2.5,231.1,16.2,959,0.0657,1.94,876,0.0601,1.59,7,8,-3.9,-2,6,12,14,5.5499999999999545
1835,0.0623,0.426,1.133,2.01,231.1,24.3,959,0.0507,1.22,876,0.0751,1.62,7,8,-17.5,-2,6,12,16,5.5499999999999545
1835,0.0798,0.431,1.166,2.46,231.1,21.9,959,0.0709,1.64,876,0.0895,1.83,7,8,-13.4,-2,6,12,17,5.5499999999999545
1835,0.0894,0.426,1.184,2.65,231.1,27.3,959,0.0712,1.58,876,0.1092,2.16,7,8,-14.3,-2,6,12,18,5.5499999999999545
1835,0.0894,0.414,1.178,2.58,231.1,24.9,959,0.0698,1.5,876,0.1108,2.15,7,8,-7.2,-2,6,12,20,5.5499999999999545
1835,0.09,0.412,1.176,2.55,231.1,26.6,959,0.0651,1.38,876,0.1173,2.21,7,8,-7.8,-2,6,12,21,5.5499999999999545
1887,0.0662,0.465,1.178,2.68,237.7,15.6,981,0.0678,2.04,906,0.0644,1.75,7,8,-3.1,-2,6,13,14,5.589999999999918
1887,0.0655,0.429,1.141,2.15,237.7,24.7,981,0.051,1.25,906,0.0813,1.79,7,8,-17.8,-2,6,13,16,5.589999999999918
1887,0.0813,0.434,1.171,2.55,237.7,22.5,981,0.0709,1.67,906,0.0926,1.94,7,8,-14.5,-2,6,13,17,5.589999999999918
1887,0.0908,0.43,1.188,2.74,237.7,27.8,981,0.0721,1.62,906,0.111,2.25,7,8,-15.0,-2,6,13,18,5.589999999999918
1887,0.0911,0.417,1.182,2.68,237.7,24.9,981,0.0716,1.56,906,0.1123,2.23,7,8,-6.9,-2,6,13,20,5.589999999999918
1887,0.091,0.415,1.179,2.63,237.7,26.5,981,0.0657,1.42,906,0.1183,2.28,7,8,-7.7,-2,6,13,21,5.589999999999918
1954,0.0673,0.466,1.184,2.79,246.1,16.5,1015,0.0671,2.07,939,0.0675,1.88,7,8,-1.7,-2,6,14,14,5.680000000000064
1980,0.0666,0.431,1.146,2.26,249.4,25.6,1028,0.0539,1.37,952,0.0802,1.82,7,8,-18.7,-2,6,15,16,5.710000000000036
1980,0.081,0.435,1.173,2.63,249.4,24.3,1028,0.0724,1.76,952,0.0904,1.96,7,8,-16.0,-2,6,15,17,5.710000000000036
1980,0.0893,0.429,1.187,2.79,249.4,29.8,1028,0.0713,1.66,952,0.1087,2.28,7,8,-16.3,-2,6,15,18,5.710000000000036
1980,0.0903,0.417,1.183,2.75,249.4,26.1,1028,0.0712,1.61,952,0.1108,2.28,7,8,-8.0,-2,6,15,20,5.710000000000036
1980,0.0887,0.415,1.177,2.66,249.4,27.9,1028,0.0641,1.43,952,0.1153,2.31,7,8,-9.2,-2,6,15,21,5.710000000000036
1432,0.0143,0.494,1.057,0.79,180.4,16.1,739,0.0078,0.31,693,0.0212,0.82,5,8,-3.0,-2,7,9,12,5.715000000000032
1432,0.0484,0.473,1.134,1.83,180.4,12.6,739,0.0594,1.63,693,0.0366,0.96,8,8,2.6,-2,7,9,14,5.715000000000032
1432,0.057,0.429,1.126,1.69,180.4,20.2,739,0.0498,1.07,693,0.0647,1.32,6,8,-8.4,-2,7,9,16,5.715000000000032
1432,0.0624,0.429,1.134,1.79,180.4,27.6,739,0.0641,1.32,693,0.0607,1.21,6,8,-5.5,-2,7,9,17,5.715000000000032
1432,0.0785,0.429,1.166,2.14,180.4,26.2,739,0.0735,1.44,693,0.0838,1.59,6,8,-6.7,-2,7,9,18,5.715000000000032
1432,0.0733,0.416,1.149,1.96,180.4,27.9,739,0.0712,1.35,693,0.0756,1.42,6,8,-5.5,-2,7,9,20,5.715000000000032
1432,0.0775,0.413,1.156,2.03,180.4,25.7,739,0.0686,1.29,693,0.087,1.58,6,8,-4.0,-2,7,9,21,5.715000000000032
1583,0.0269,0.498,1.111,1.57,199.4,18.2,825,0.0298,1.24,758,0.0236,0.97,6,8,-3.5,-2,7,10,12,5.779999999999973
1583,0.0531,0.47,1.15,2.13,199.4,15.5,825,0.069,2.02,758,0.0357,0.98,7,8,-1.6,-2,7,10,14,5.779999999999973
1583,0.0574,0.432,1.129,1.82,199.4,21.4,825,0.051,1.17,758,0.0645,1.39,6,8,-12.8,-2,7,10,16,5.779999999999973
1583,0.0636,0.435,1.139,1.94,199.4,28.2,825,0.0635,1.41,758,0.0636,1.34,6,8,-10.0,-2,7,10,17,5.779999999999973
1583,0.0759,0.434,1.164,2.22,199.4,28.9,825,0.0674,1.43,758,0.0852,1.72,6,8,-12.6,-2,7,10,18,5.779999999999973
1583,0.0719,0.421,1.148,2.06,199.4,30.7,825,0.0669,1.38,758,0.0773,1.53,6,8,-8.7,-2,7,10,20,5.779999999999973
1583,0.0713,0.416,1.145,2.0,199.4,29.3,825,0.0593,1.21,758,0.0844,1.62,6,8,-8.0,-2,7,10,21,5.779999999999973
1676,0.0284,0.502,1.122,1.74,211.1,17.1,864,0.0318,1.37,812,0.0248,1.08,6,8,-4.2,-2,7,11,12,5.818499999999972
1676,0.0572,0.475,1.165,2.4,211.1,14.8,864,0.0703,2.13,812,0.0433,1.25,7,8,-0.9,-2,7,11,14,5.818499999999972
1676,0.0575,0.433,1.13,1.89,211.1,22.4,864,0.0465,1.11,812,0.0692,1.57,5,8,-12.2,-2,7,11,16,5.818499999999972
1676,0.0653,0.437,1.144,2.07,211.1,27.1,864,0.0609,1.4,812,0.0699,1.54,6,8,-9.6,-2,7,11,17,5.818499999999972
1676,0.0779,0.436,1.17,2.37,211.1,29.7,864,0.0641,1.41,812,0.0925,1.95,6,8,-10.9,-2,7,11,18,5.818499999999972
1676,0.0757,0.423,1.158,2.25,211.1,27.7,864,0.0659,1.4,812,0.0861,1.78,6,8,-10.4,-2,7,11,20,5.818499999999972
1676,0.0759,0.419,1.156,2.2,211.1,27.0,864,0.0593,1.25,812,0.0936,1.87,6,8,-8.9,-2,7,11,21,5.818499999999972
1742,0.0296,0.503,1.131,1.88,219.4,16.8,893,0.0325,1.44,849,0.0267,1.2,6,8,-3.9,-2,7,12,12,5.861500000000092
1742,0.0627,0.476,1.182,2.66,219.4,14.0,893,0.0782,2.4,849,0.0464,1.35,8,8,0.2,-2,7,12,14,5.861500000000092
1742,0.06,0.435,1.137,2.0,219.4,22.1,893,0.0526,1.27,849,0.0677,1.56,5,8,-11.7,-2,7,12,16,5.861500000000092
1742,0.0702,0.438,1.155,2.26,219.4,27.9,893,0.0676,1.57,849,0.0729,1.62,6,8,-8.6,-2,7,12,17,5.861500000000092
1742,0.0819,0.435,1.179,2.53,219.4,28.3,893,0.0696,1.55,849,0.0948,2.03,6,8,-10.3,-2,7,12,18,5.861500000000092
1742,0.0818,0.423,1.171,2.47,219.4,28.9,893,0.0699,1.51,849,0.0943,1.98,6,8,-11.1,-2,7,12,20,5.861500000000092
1742,0.0817,0.42,1.168,2.41,219.4,27.4,893,0.0636,1.36,849,0.1007,2.05,6,8,-9.4,-2,7,12,21,5.861500000000092
1815,0.0625,0.477,1.184,2.73,228.6,14.0,925,0.0775,2.45,890,0.047,1.42,7,8,-1.2,-2,7,13,14,5.919999999999845
1815,0.0601,0.437,1.138,2.06,228.6,22.8,925,0.0508,1.26,890,0.0698,1.65,5,8,-15.9,-2,7,13,16,5.919999999999845
1815,0.0689,0.441,1.153,2.28,228.6,25.2,925,0.0659,1.58,890,0.072,1.65,6,8,-13.4,-2,7,13,17,5.919999999999845
1815,0.0797,0.439,1.175,2.53,228.6,30.0,925,0.0679,1.55,890,0.092,2.03,6,8,-15.0,-2,7,13,18,5.919999999999845
1815,0.0799,0.425,1.168,2.48,228.6,27.8,925,0.0697,1.55,890,0.0904,1.96,6,8,-11.3,-2,7,13,20,5.919999999999845
1815,0.0793,0.423,1.164,2.41,228.6,27.4,925,0.0623,1.37,890,0.0968,2.04,6,8,-9.8,-2,7,13,21,5.919999999999845
1910,0.0614,0.475,1.185,2.79,240.6,14.3,974,0.0738,2.42,936,0.0484,1.52,7,8,-0.7,-2,7,14,14,5.980000000000018
1956,0.0577,0.44,1.136,2.09,246.4,24.8,994,0.0527,1.39,962,0.0628,1.57,5,8,-17.5,-2,7,15,16,6.029999999999973
1956,0.0649,0.44,1.147,2.27,246.4,30.1,994,0.0654,1.65,962,0.0644,1.56,5,8,-14.1,-2,7,15,17,6.029999999999973
1956,0.0742,0.437,1.165,2.49,246.4,30.5,994,0.0636,1.53,962,0.085,1.98,6,8,-15.7,-2,7,15,18,6.029999999999973
1956,0.0735,0.423,1.157,2.41,246.4,32.3,994,0.0632,1.48,962,0.0841,1.92,6,8,-16.8,-2,7,15,20,6.029999999999973
1956,0.0708,0.421,1.149,2.28,246.4,30.7,994,0.0537,1.25,962,0.0886,1.97,6,8,-15.1,-2,7,15,21,6.029999999999973
1005,-0.0042,0.486,0.98,-0.24,126.7,18.1,527,-0.0116,-0.46,478,0.004,0.16,3,8,-4.7,-2,8,9,12,6.240000000000009
1005,0.0266,0.472,1.081,0.94,126.7,23.2,527,0.0383,1.04,478,0.0137,0.31,6,8,-8.2,-2,8,9,14,6.240000000000009
1005,0.0263,0.44,1.061,0.72,126.7,22.0,527,0.0192,0.4,478,0.0341,0.62,5,8,-10.0,-2,8,9,16,6.240000000000009
1005,0.0291,0.434,1.066,0.77,126.7,22.8,527,0.0334,0.66,478,0.0244,0.43,4,8,-8.9,-2,8,9,17,6.240000000000009
1005,0.0495,0.438,1.111,1.24,126.7,23.0,527,0.0423,0.8,478,0.0574,0.95,5,8,-3.3,-2,8,9,18,6.240000000000009
1005,0.0405,0.423,1.087,0.99,126.7,23.4,527,0.0336,0.62,478,0.0482,0.78,6,8,-4.9,-2,8,9,20,6.240000000000009
1005,0.0431,0.426,1.091,1.04,126.7,22.2,527,0.0262,0.48,478,0.0617,0.97,6,8,-3.8,-2,8,9,21,6.240000000000009
1264,0.0101,0.49,1.05,0.64,159.3,17.6,666,0.0155,0.68,598,0.0041,0.19,5,8,-4.3,-2,8,10,12,6.404999999999859
1264,0.0329,0.467,1.102,1.31,159.3,29.9,666,0.0522,1.56,598,0.0114,0.3,6,8,-10.3,-2,8,10,14,6.404999999999859
1264,0.0374,0.444,1.089,1.16,159.3,25.5,666,0.0363,0.84,598,0.0387,0.8,4,8,-11.5,-2,8,10,16,6.404999999999859
1264,0.0386,0.441,1.09,1.16,159.3,27.5,666,0.0451,1.0,598,0.0314,0.64,5,8,-8.5,-2,8,10,17,6.404999999999859
1264,0.0556,0.442,1.127,1.59,159.3,26.1,666,0.0506,1.08,598,0.0611,1.17,6,8,-8.1,-2,8,10,18,6.404999999999859
1264,0.0488,0.43,1.107,1.36,159.3,27.9,666,0.0444,0.92,598,0.0536,1.0,6,8,-10.2,-2,8,10,20,6.404999999999859
1264,0.0434,0.428,1.093,1.2,159.3,29.0,666,0.0307,0.64,598,0.0576,1.05,6,8,-8.9,-2,8,10,21,6.404999999999859
1414,0.0158,0.496,1.083,1.09,178.2,16.2,730,0.0198,0.93,684,0.0116,0.59,5,8,-2.9,-2,8,11,12,6.404999999999859
1414,0.0348,0.47,1.11,1.5,178.2,32.2,730,0.0503,1.6,684,0.0182,0.53,6,8,-8.9,-2,8,11,14,6.404999999999859
1414,0.0388,0.446,1.094,1.3,178.2,27.3,730,0.0269,0.67,684,0.0515,1.16,5,8,-11.5,-2,8,11,16,6.404999999999859
1414,0.0419,0.445,1.099,1.36,178.2,28.3,730,0.0388,0.92,684,0.0453,1.0,5,8,-13.3,-2,8,11,17,6.404999999999859
1414,0.0578,0.443,1.135,1.78,178.2,28.2,730,0.0414,0.95,684,0.0752,1.56,6,8,-10.8,-2,8,11,18,6.404999999999859
1414,0.0553,0.431,1.123,1.65,178.2,29.6,730,0.0368,0.81,684,0.075,1.51,7,8,-13.0,-2,8,11,20,6.404999999999859
1414,0.0503,0.431,1.11,1.48,178.2,29.9,730,0.0249,0.55,684,0.0774,1.52,7,8,-12.2,-2,8,11,21,6.404999999999859
1528,0.0175,0.493,1.097,1.29,192.4,15.7,786,0.0202,1.02,742,0.0147,0.8,6,8,-3.5,-2,8,12,12,6.430000000000064
1528,0.0404,0.473,1.13,1.8,192.4,27.7,786,0.0571,1.89,742,0.0227,0.68,6,8,-7.0,-2,8,12,14,6.430000000000064
1528,0.0409,0.45,1.101,1.42,192.4,25.9,786,0.0278,0.72,742,0.0548,1.28,5,8,-9.4,-2,8,12,16,6.430000000000064
1528,0.0477,0.449,1.114,1.6,192.4,22.4,786,0.0425,1.05,742,0.0532,1.21,5,8,-10.9,-2,8,12,17,6.430000000000064
1528,0.0626,0.443,1.147,2.0,192.4,22.9,786,0.0456,1.08,742,0.0805,1.73,7,8,-8.0,-2,8,12,18,6.430000000000064
1528,0.0616,0.433,1.138,1.91,192.4,24.9,786,0.0404,0.93,742,0.084,1.75,7,8,-12.0,-2,8,12,20,6.430000000000064
1528,0.058,0.435,1.127,1.77,192.4,21.7,786,0.0312,0.71,742,0.0864,1.76,7,8,-10.1,-2,8,12,21,6.430000000000064
1657,0.0447,0.477,1.148,2.11,208.7,22.6,839,0.0543,1.89,818,0.0349,1.12,6,8,-2.1,-2,8,13,14,6.509999999999991
1657,0.0469,0.457,1.118,1.71,208.7,25.8,839,0.0258,0.7,818,0.0685,1.69,5,8,-10.5,-2,8,13,16,6.509999999999991
1657,0.0527,0.456,1.128,1.86,208.7,24.4,839,0.0436,1.13,818,0.0619,1.5,5,8,-14.0,-2,8,13,17,6.509999999999991
1657,0.0647,0.451,1.155,2.19,208.7,25.3,839,0.0444,1.11,818,0.0855,1.97,7,8,-11.5,-2,8,13,18,6.509999999999991
1657,0.0625,0.439,1.142,2.05,208.7,28.4,839,0.0391,0.95,818,0.0866,1.93,7,8,-17.4,-2,8,13,20,6.509999999999991
1657,0.0573,0.442,1.128,1.86,208.7,26.5,839,0.0293,0.71,818,0.086,1.88,7,8,-15.5,-2,8,13,21,6.509999999999991
1823,0.0421,0.471,1.144,2.13,229.6,20.7,919,0.0463,1.72,904,0.0378,1.3,7,8,-0.1,-2,8,14,14,6.59699999999998
1900,0.045,0.459,1.117,1.8,239.3,29.8,957,0.0254,0.75,943,0.0649,1.75,5,8,-16.1,-2,8,15,16,6.705000000000041
1900,0.0518,0.455,1.13,1.99,239.3,33.8,957,0.043,1.21,943,0.0607,1.6,6,8,-22.3,-2,8,15,17,6.705000000000041
1900,0.0603,0.449,1.148,2.23,239.3,33.9,957,0.039,1.06,943,0.082,2.06,6,8,-21.0,-2,8,15,18,6.705000000000041
1900,0.055,0.436,1.127,1.97,239.3,37.3,957,0.0312,0.82,943,0.0791,1.93,7,8,-26.6,-2,8,15,20,6.705000000000041
1900,0.0479,0.437,1.109,1.69,239.3,36.8,957,0.02,0.52,943,0.0761,1.83,7,8,-25.3,-2,8,15,21,6.705000000000041
739,0.0265,0.486,1.183,1.57,93.2,6.6,385,0.0551,2.2,354,-0.0046,-0.21,7,8,-1.6,-2,9,10,12,7.307000000000016
739,0.0439,0.472,1.16,1.5,93.2,12.0,385,0.0574,1.46,354,0.0293,0.67,5,8,-2.1,-2,9,10,14,7.307000000000016
739,0.0492,0.455,1.134,1.27,93.2,22.5,385,0.0197,0.39,354,0.0814,1.36,5,8,-15.9,-2,9,10,16,7.307000000000016
739,0.0541,0.471,1.142,1.36,93.2,21.5,385,0.0313,0.6,354,0.0788,1.3,5,8,-13.6,-2,9,10,17,7.307000000000016
739,0.0601,0.457,1.155,1.48,93.2,17.7,385,0.0301,0.56,354,0.0927,1.51,6,8,-11.7,-2,9,10,18,7.307000000000016
739,0.0663,0.456,1.162,1.57,93.2,18.3,385,0.043,0.78,354,0.0917,1.42,6,8,-10.9,-2,9,10,20,7.307000000000016
739,0.0496,0.447,1.118,1.18,93.2,22.2,385,0.0187,0.34,354,0.0833,1.29,6,8,-11.6,-2,9,10,21,7.307000000000016
1015,0.0365,0.5,1.281,2.69,127.9,6.7,517,0.0539,2.67,498,0.0185,1.02,8,8,1.9,-2,9,11,12,7.173000000000002
1015,0.0609,0.486,1.235,2.51,127.9,11.0,517,0.0635,1.93,498,0.0583,1.63,8,8,0.5,-2,9,11,14,7.173000000000002
1015,0.063,0.463,1.178,1.95,127.9,22.0,517,0.0257,0.6,498,0.1016,2.1,5,8,-10.1,-2,9,11,16,7.173000000000002
1015,0.0679,0.47,1.184,2.04,127.9,20.0,517,0.0434,0.96,498,0.0933,1.89,6,8,-11.5,-2,9,11,17,7.173000000000002
1015,0.0808,0.457,1.214,2.34,127.9,18.1,517,0.0471,1.0,498,0.1158,2.29,6,8,-9.7,-2,9,11,18,7.173000000000002
1015,0.0857,0.453,1.215,2.36,127.9,17.4,517,0.06,1.21,498,0.1125,2.1,7,8,-8.0,-2,9,11,20,7.173000000000002
1015,0.0744,0.447,1.183,2.04,127.9,21.3,517,0.0437,0.88,498,0.1064,1.98,7,8,-8.6,-2,9,11,21,7.173000000000002
1209,0.0356,0.498,1.299,3.04,152.3,6.3,607,0.0487,2.78,602,0.0224,1.44,8,8,1.8,-2,9,12,12,7.220000000000027
1209,0.0688,0.494,1.274,3.07,152.3,12.7,607,0.0719,2.38,602,0.0656,1.98,7,8,-1.5,-2,9,12,14,7.220000000000027
1209,0.0694,0.473,1.2,2.34,152.3,25.2,607,0.0315,0.8,602,0.1075,2.42,6,8,-13.5,-2,9,12,16,7.220000000000027
1209,0.0766,0.476,1.212,2.49,152.3,21.6,607,0.0464,1.13,602,0.1069,2.34,6,8,-9.4,-2,9,12,17,7.220000000000027
1209,0.0864,0.455,1.233,2.71,152.3,14.8,607,0.0489,1.13,602,0.1241,2.65,7,8,-1.8,-2,9,12,18,7.220000000000027
1209,0.0922,0.452,1.234,2.77,152.3,13.8,607,0.0589,1.31,602,0.1257,2.55,8,8,0.5,-2,9,12,20,7.220000000000027
1209,0.0843,0.453,1.21,2.51,152.3,16.9,607,0.0468,1.03,602,0.1222,2.47,7,8,-0.6,-2,9,12,21,7.220000000000027
1417,0.0631,0.49,1.256,3.13,178.5,16.5,705,0.0688,2.53,712,0.0576,1.94,7,8,-3.9,-2,9,13,14,7.330000000000155
1417,0.0599,0.474,1.174,2.23,178.5,28.2,705,0.0238,0.67,712,0.0955,2.38,4,8,-14.4,-2,9,13,16,7.330000000000155
1417,0.0622,0.474,1.172,2.24,178.5,24.8,705,0.038,1.01,712,0.0862,2.1,5,8,-10.1,-2,9,13,17,7.330000000000155
1417,0.0698,0.457,1.188,2.43,178.5,20.3,705,0.0387,0.99,712,0.1007,2.4,6,8,-9.1,-2,9,13,18,7.330000000000155
1417,0.0714,0.45,1.181,2.38,178.5,19.7,705,0.0445,1.09,712,0.0981,2.23,7,8,-11.5,-2,9,13,20,7.330000000000155
1417,0.0618,0.453,1.153,2.05,178.5,23.2,705,0.0326,0.79,712,0.0907,2.06,6,8,-10.8,-2,9,13,21,7.330000000000155
1695,0.054,0.485,1.228,3.03,213.5,18.8,852,0.0538,2.25,843,0.0543,2.05,7,8,-8.3,-2,9,14,14,7.330000000000155
1816,0.0505,0.472,1.151,2.19,228.7,34.7,918,0.0289,0.95,898,0.0727,2.08,5,8,-21.5,-2,9,15,16,7.391500000000065
1816,0.0582,0.47,1.165,2.41,228.7,29.6,918,0.0464,1.44,898,0.0703,1.95,6,8,-18.7,-2,9,15,17,7.391500000000065
1816,0.0657,0.457,1.181,2.63,228.7,26.5,918,0.0442,1.32,898,0.0876,2.36,6,8,-17.3,-2,9,15,18,7.391500000000065
1816,0.0625,0.448,1.161,2.4,228.7,28.0,918,0.0438,1.25,898,0.0816,2.11,6,8,-18.7,-2,9,15,20,7.391500000000065
1816,0.051,0.448,1.128,1.95,228.7,31.0,918,0.0309,0.87,898,0.0715,1.84,5,8,-19.0,-2,9,15,21,7.391500000000065
1710,0.0519,0.506,1.174,2.53,215.4,18.0,891,0.0462,1.64,819,0.0581,1.95,7,8,-9.9,-1,5,9,12,5.1200000000000045
1710,0.0897,0.461,1.223,3.1,215.4,14.4,891,0.0832,2.17,819,0.0968,2.21,8,8,1.3,-1,5,9,14,5.1200000000000045
1710,0.0913,0.422,1.185,2.59,215.4,19.0,891,0.0633,1.37,819,0.1217,2.27,7,8,-6.3,-1,5,9,16,5.1200000000000045
1710,0.1057,0.416,1.209,2.88,215.4,21.1,891,0.0821,1.71,819,0.1314,2.34,7,8,-2.7,-1,5,9,17,5.1200000000000045
1710,0.1152,0.415,1.225,3.02,215.4,23.9,891,0.083,1.66,819,0.1502,2.58,7,8,-3.9,-1,5,9,18,5.1200000000000045
1710,0.1092,0.402,1.206,2.79,215.4,22.9,891,0.079,1.53,819,0.1422,2.39,7,8,-0.7,-1,5,9,20,5.1200000000000045
1710,0.1105,0.397,1.206,2.77,215.4,22.2,891,0.0764,1.47,819,0.1477,2.42,7,8,-0.6,-1,5,9,21,5.1200000000000045
1794,0.0523,0.506,1.18,2.66,226.0,16.2,937,0.0449,1.66,857,0.0604,2.1,7,8,-6.6,-1,5,10,12,5.164999999999964
1794,0.0879,0.459,1.221,3.15,226.0,14.2,937,0.0795,2.16,857,0.0969,2.29,8,8,3.0,-1,5,10,14,5.164999999999964
1794,0.0905,0.424,1.185,2.66,226.0,19.1,937,0.0602,1.36,857,0.1237,2.38,7,8,-6.9,-1,5,10,16,5.164999999999964
1794,0.1061,0.421,1.213,2.99,226.0,18.8,937,0.0793,1.72,857,0.1355,2.49,7,8,-3.7,-1,5,10,17,5.164999999999964
1794,0.1149,0.421,1.227,3.13,226.0,25.1,937,0.0801,1.67,857,0.1528,2.71,7,8,-5.2,-1,5,10,18,5.164999999999964
1794,0.1107,0.409,1.212,2.93,226.0,22.1,937,0.0773,1.57,857,0.1472,2.55,7,8,-0.2,-1,5,10,20,5.164999999999964
1794,0.1107,0.403,1.209,2.88,226.0,21.8,937,0.0738,1.48,857,0.1509,2.56,7,8,-0.2,-1,5,10,21,5.164999999999964
1841,0.0532,0.507,1.186,2.76,231.9,15.5,955,0.0471,1.77,886,0.0598,2.14,7,8,-5.3,-1,5,11,12,5.182999999999993
1841,0.0893,0.461,1.228,3.27,231.9,14.2,955,0.0807,2.22,886,0.0987,2.39,8,8,6.2,-1,5,11,14,5.182999999999993
1841,0.0895,0.424,1.184,2.68,231.9,19.1,955,0.0586,1.34,886,0.1228,2.42,7,8,-6.6,-1,5,11,16,5.182999999999993
1841,0.1064,0.422,1.215,3.06,231.9,18.9,955,0.0789,1.73,886,0.1361,2.56,7,8,-3.5,-1,5,11,17,5.182999999999993
1841,0.1155,0.422,1.23,3.2,231.9,25.1,955,0.0801,1.7,886,0.1537,2.8,7,8,-4.6,-1,5,11,18,5.182999999999993
1841,0.1122,0.409,1.216,3.03,231.9,22.2,955,0.077,1.58,886,0.1502,2.66,8,8,0.3,-1,5,11,20,5.182999999999993
1841,0.1119,0.404,1.212,2.97,231.9,21.8,955,0.0726,1.48,886,0.1541,2.67,8,8,0.5,-1,5,11,21,5.182999999999993
1879,0.0535,0.509,1.19,2.83,236.7,13.7,972,0.0464,1.77,907,0.0611,2.24,7,8,-3.7,-1,5,12,12,5.230000000000018
1879,0.0884,0.462,1.226,3.28,236.7,14.2,972,0.0826,2.3,907,0.0946,2.33,8,8,2.8,-1,5,12,14,5.230000000000018
1879,0.0869,0.425,1.18,2.65,236.7,19.9,972,0.0607,1.41,907,0.115,2.31,7,8,-9.3,-1,5,12,16,5.230000000000018
1879,0.1056,0.423,1.214,3.08,236.7,19.3,972,0.0814,1.81,907,0.1315,2.52,7,8,-5.8,-1,5,12,17,5.230000000000018
1879,0.1143,0.422,1.228,3.22,236.7,25.2,972,0.0807,1.73,907,0.1502,2.78,7,8,-6.5,-1,5,12,18,5.230000000000018
1879,0.1136,0.41,1.219,3.11,236.7,22.6,972,0.077,1.61,907,0.1527,2.75,7,8,-0.4,-1,5,12,20,5.230000000000018
1879,0.1138,0.406,1.217,3.07,236.7,23.0,972,0.0737,1.52,907,0.1568,2.77,7,8,-0.5,-1,5,12,21,5.230000000000018
1922,0.0888,0.463,1.229,3.35,242.1,13.6,989,0.0822,2.32,933,0.0958,2.42,8,8,4.4,-1,5,13,14,5.271499999999946
1922,0.088,0.427,1.184,2.73,242.1,20.7,989,0.0611,1.44,933,0.1166,2.39,7,8,-9.7,-1,5,13,16,5.271499999999946
1922,0.1057,0.426,1.216,3.14,242.1,20.2,989,0.0816,1.84,933,0.1313,2.57,7,8,-6.5,-1,5,13,17,5.271499999999946
1922,0.1141,0.425,1.23,3.27,242.1,25.9,989,0.0814,1.77,933,0.1489,2.82,7,8,-6.8,-1,5,13,18,5.271499999999946
1922,0.1137,0.412,1.221,3.17,242.1,22.9,989,0.0782,1.65,933,0.1513,2.79,8,8,0.1,-1,5,13,20,5.271499999999946
1922,0.113,0.407,1.217,3.1,242.1,23.4,989,0.0733,1.53,933,0.1551,2.8,7,8,-0.2,-1,5,13,21,5.271499999999946
1972,0.085,0.462,1.222,3.28,248.4,14.3,1017,0.078,2.26,955,0.0925,2.38,8,8,4.7,-1,5,14,14,5.329999999999927
1993,0.0836,0.426,1.177,2.67,251.0,21.5,1028,0.059,1.44,965,0.1097,2.31,7,8,-10.5,-1,5,15,16,5.369999999999891
1993,0.0999,0.426,1.205,3.06,251.0,20.9,1028,0.0778,1.82,965,0.1234,2.48,7,8,-7.5,-1,5,15,17,5.369999999999891
1993,0.1072,0.424,1.217,3.16,251.0,27.0,1028,0.0754,1.7,965,0.1411,2.74,7,8,-8.3,-1,5,15,18,5.369999999999891
1993,0.1062,0.411,1.208,3.05,251.0,23.7,1028,0.0713,1.56,965,0.1434,2.71,7,8,-1.0,-1,5,15,20,5.369999999999891
1993,0.1049,0.407,1.202,2.96,251.0,24.5,1028,0.0654,1.41,965,0.1469,2.72,7,8,-1.3,-1,5,15,21,5.369999999999891
1627,0.0301,0.502,1.106,1.55,204.9,17.3,856,0.0223,0.84,771,0.0388,1.36,7,8,-8.1,-1,6,9,12,5.313000000000102
1627,0.0595,0.46,1.152,2.17,204.9,22.6,856,0.0642,1.74,771,0.0543,1.32,6,8,-5.1,-1,6,9,14,5.313000000000102
1627,0.0647,0.423,1.134,1.92,204.9,22.6,856,0.0556,1.22,771,0.0749,1.49,7,8,-13.5,-1,6,9,16,5.313000000000102
1627,0.0777,0.423,1.157,2.2,204.9,20.8,856,0.0738,1.56,771,0.0821,1.56,7,8,-8.9,-1,6,9,17,5.313000000000102
1627,0.0894,0.418,1.179,2.43,204.9,25.1,856,0.0759,1.54,771,0.1043,1.9,7,8,-10.1,-1,6,9,18,5.313000000000102
1627,0.08,0.404,1.154,2.13,204.9,24.1,856,0.069,1.35,771,0.0923,1.66,7,8,-7.0,-1,6,9,20,5.313000000000102
1627,0.0838,0.402,1.159,2.18,204.9,24.2,856,0.0663,1.29,771,0.1032,1.79,7,8,-7.2,-1,6,9,21,5.313000000000102
1732,0.0333,0.502,1.12,1.79,218.1,18.7,912,0.0266,1.05,820,0.0408,1.49,7,8,-4.7,-1,6,10,12,5.399999999999864
1732,0.0583,0.458,1.151,2.22,218.1,22.6,912,0.0638,1.82,820,0.0521,1.32,6,8,-3.0,-1,6,10,14,5.399999999999864
1732,0.0621,0.424,1.13,1.92,218.1,23.0,912,0.0498,1.15,820,0.0758,1.57,7,8,-15.6,-1,6,10,16,5.399999999999864
1732,0.0756,0.427,1.155,2.24,218.1,21.3,912,0.0679,1.51,820,0.0841,1.66,7,8,-11.9,-1,6,10,17,5.399999999999864
1732,0.0854,0.423,1.173,2.43,218.1,27.3,912,0.0689,1.47,820,0.1038,1.97,7,8,-13.4,-1,6,10,18,5.399999999999864
1732,0.0789,0.41,1.154,2.19,218.1,24.6,912,0.0652,1.35,820,0.094,1.76,7,8,-8.5,-1,6,10,20,5.399999999999864
1732,0.08,0.407,1.153,2.18,218.1,24.8,912,0.0599,1.23,820,0.1023,1.85,7,8,-8.7,-1,6,10,21,5.399999999999864
1791,0.0344,0.504,1.127,1.9,225.6,17.9,936,0.0286,1.16,855,0.0407,1.54,7,8,-3.5,-1,6,11,12,5.410000000000082
1791,0.0618,0.462,1.162,2.41,225.6,19.8,936,0.0649,1.88,855,0.0584,1.53,7,8,-2.1,-1,6,11,14,5.410000000000082
1791,0.0634,0.425,1.134,2.01,225.6,23.1,936,0.0498,1.17,855,0.0783,1.67,7,8,-15.4,-1,6,11,16,5.410000000000082
1791,0.0782,0.429,1.162,2.37,225.6,21.8,936,0.0697,1.58,855,0.0875,1.78,7,8,-11.6,-1,6,11,17,5.410000000000082
1791,0.088,0.425,1.18,2.57,225.6,27.3,936,0.0708,1.54,855,0.1069,2.09,7,8,-12.6,-1,6,11,18,5.410000000000082
1791,0.0841,0.412,1.165,2.39,225.6,25.0,936,0.0691,1.45,855,0.1004,1.93,7,8,-7.2,-1,6,11,20,5.410000000000082
1791,0.085,0.41,1.165,2.37,225.6,24.9,936,0.064,1.33,855,0.1081,2.01,7,8,-7.4,-1,6,11,21,5.410000000000082
1841,0.0354,0.505,1.133,2.01,231.9,17.4,957,0.0287,1.18,884,0.0428,1.67,7,8,-0.9,-1,6,12,12,5.490000000000009
1841,0.0643,0.463,1.17,2.54,231.9,16.6,957,0.0672,1.98,884,0.0611,1.62,7,8,-3.7,-1,6,12,14,5.490000000000009
1841,0.0635,0.426,1.135,2.04,231.9,24.1,957,0.0512,1.23,884,0.0767,1.65,7,8,-17.4,-1,6,12,16,5.490000000000009
1841,0.0806,0.43,1.167,2.48,231.9,21.8,957,0.0716,1.65,884,0.0903,1.86,7,8,-13.2,-1,6,12,17,5.490000000000009
1841,0.0896,0.426,1.184,2.65,231.9,27.1,957,0.0714,1.57,884,0.1093,2.17,7,8,-14.1,-1,6,12,18,5.490000000000009
1841,0.0895,0.413,1.177,2.58,231.9,24.8,957,0.0699,1.49,884,0.1108,2.16,7,8,-7.0,-1,6,12,20,5.490000000000009
1841,0.0904,0.412,1.176,2.56,231.9,26.5,957,0.0654,1.38,884,0.1176,2.22,7,8,-7.6,-1,6,12,21,5.490000000000009
1890,0.0657,0.464,1.176,2.65,238.0,15.8,978,0.0685,2.05,912,0.0627,1.7,7,8,-2.9,-1,6,13,14,5.55499999999995
1890,0.0647,0.429,1.139,2.12,238.0,24.5,978,0.0511,1.24,912,0.0794,1.75,7,8,-17.6,-1,6,13,16,5.55499999999995
1890,0.0802,0.433,1.168,2.52,238.0,22.4,978,0.0707,1.66,912,0.0905,1.9,7,8,-14.4,-1,6,13,17,5.55499999999995
1890,0.089,0.429,1.184,2.69,238.0,27.7,978,0.071,1.59,912,0.1082,2.2,7,8,-14.8,-1,6,13,18,5.55499999999995
1890,0.0897,0.416,1.179,2.64,238.0,24.8,978,0.0711,1.55,912,0.1096,2.18,7,8,-6.7,-1,6,13,20,5.55499999999995
1890,0.0897,0.414,1.176,2.59,238.0,26.4,978,0.0654,1.41,912,0.1157,2.24,7,8,-7.5,-1,6,13,21,5.55499999999995
1956,0.067,0.465,1.182,2.77,246.4,16.7,1011,0.068,2.08,945,0.0659,1.84,7,8,-1.5,-1,6,14,14,5.620000000000118
1982,0.0658,0.43,1.144,2.23,249.6,25.4,1023,0.0544,1.37,959,0.0781,1.78,7,8,-18.6,-1,6,15,16,5.664999999999964
1982,0.0802,0.434,1.17,2.6,249.6,24.2,1023,0.0729,1.76,959,0.088,1.91,7,8,-15.8,-1,6,15,17,5.664999999999964
1982,0.0878,0.428,1.183,2.74,249.6,29.7,1023,0.0708,1.64,959,0.1058,2.23,7,8,-16.1,-1,6,15,18,5.664999999999964
1982,0.0885,0.416,1.178,2.69,249.6,26.1,1023,0.0711,1.59,959,0.1071,2.21,6,8,-7.8,-1,6,15,20,5.664999999999964
1982,0.0872,0.415,1.173,2.6,249.6,27.8,1023,0.0642,1.43,959,0.1117,2.24,6,8,-9.0,-1,6,15,21,5.664999999999964
1435,0.0138,0.494,1.055,0.76,180.7,15.8,739,0.0068,0.27,696,0.0213,0.82,4,8,-2.8,-1,7,9,12,5.7000000000000455
1435,0.0508,0.473,1.141,1.92,180.7,12.6,739,0.06,1.65,696,0.0411,1.07,8,8,2.8,-1,7,9,14,5.7000000000000455
1435,0.0588,0.429,1.13,1.74,180.7,20.2,739,0.0489,1.05,696,0.0694,1.42,6,8,-8.3,-1,7,9,16,5.7000000000000455
1435,0.0647,0.43,1.138,1.85,180.7,27.6,739,0.0635,1.3,696,0.0659,1.31,6,8,-4.9,-1,7,9,17,5.7000000000000455
1435,0.0807,0.429,1.171,2.2,180.7,26.2,739,0.0728,1.42,696,0.0891,1.69,6,8,-6.6,-1,7,9,18,5.7000000000000455
1435,0.0745,0.416,1.151,1.99,180.7,27.9,739,0.0708,1.34,696,0.0783,1.47,6,8,-5.0,-1,7,9,20,5.7000000000000455
1435,0.078,0.413,1.156,2.04,180.7,25.7,739,0.0679,1.28,696,0.0888,1.61,6,8,-3.9,-1,7,9,21,5.7000000000000455
1586,0.027,0.499,1.111,1.57,199.8,17.9,826,0.0291,1.21,760,0.0248,1.01,6,8,-3.2,-1,7,10,12,5.764999999999986
1586,0.0558,0.47,1.158,2.24,199.8,15.2,826,0.0699,2.05,760,0.0404,1.1,7,8,-1.4,-1,7,10,14,5.764999999999986
1586,0.0596,0.433,1.133,1.88,199.8,21.3,826,0.0504,1.16,760,0.0696,1.5,6,8,-12.6,-1,7,10,16,5.764999999999986
1586,0.0658,0.435,1.143,2.0,199.8,28.2,826,0.0633,1.4,760,0.0685,1.43,6,8,-9.8,-1,7,10,17,5.764999999999986
1586,0.0779,0.434,1.168,2.28,199.8,28.8,826,0.0667,1.41,760,0.0901,1.81,6,8,-12.5,-1,7,10,18,5.764999999999986
1586,0.0732,0.421,1.151,2.09,199.8,30.7,826,0.0666,1.37,760,0.0804,1.59,6,8,-8.2,-1,7,10,20,5.764999999999986
1586,0.0725,0.416,1.147,2.03,199.8,29.3,826,0.0587,1.2,760,0.0876,1.68,6,8,-7.8,-1,7,10,21,5.764999999999986
1680,0.0287,0.502,1.123,1.75,211.6,16.8,864,0.0317,1.36,816,0.0256,1.11,6,8,-3.5,-1,7,11,12,5.779999999999973
1680,0.0612,0.476,1.177,2.55,211.6,14.2,864,0.0723,2.18,816,0.0495,1.42,7,8,-0.7,-1,7,11,14,5.779999999999973
1680,0.061,0.434,1.138,2.0,211.6,22.3,864,0.0469,1.12,816,0.0758,1.71,5,8,-12.1,-1,7,11,16,5.779999999999973
1680,0.0686,0.438,1.151,2.17,211.6,26.8,864,0.0618,1.41,816,0.0757,1.66,6,8,-9.0,-1,7,11,17,5.779999999999973
1680,0.0808,0.436,1.176,2.45,211.6,29.6,864,0.0648,1.42,816,0.0977,2.06,6,8,-10.8,-1,7,11,18,5.779999999999973
1680,0.0786,0.424,1.164,2.33,211.6,27.7,864,0.0668,1.42,816,0.0912,1.89,6,8,-9.5,-1,7,11,20,5.779999999999973
1680,0.0787,0.42,1.161,2.28,211.6,26.9,864,0.0599,1.26,816,0.0987,1.98,6,8,-8.1,-1,7,11,21,5.779999999999973
1748,0.0299,0.504,1.131,1.89,220.2,16.6,894,0.0323,1.43,854,0.0273,1.23,6,8,-3.2,-1,7,12,12,5.825000000000159
1748,0.0667,0.477,1.194,2.82,220.2,13.3,894,0.08,2.45,854,0.0528,1.54,8,8,0.4,-1,7,12,14,5.825000000000159
1748,0.064,0.436,1.146,2.14,220.2,22.1,894,0.0532,1.29,854,0.0753,1.73,5,8,-11.5,-1,7,12,16,5.825000000000159
1748,0.074,0.439,1.164,2.38,220.2,27.5,894,0.0685,1.59,854,0.0797,1.77,6,8,-8.1,-1,7,12,17,5.825000000000159
1748,0.0856,0.436,1.187,2.64,220.2,28.1,894,0.0704,1.57,854,0.1015,2.17,6,8,-10.2,-1,7,12,18,5.825000000000159
1748,0.0856,0.424,1.179,2.58,220.2,28.5,894,0.0708,1.53,854,0.101,2.12,6,8,-10.2,-1,7,12,20,5.825000000000159
1748,0.0853,0.421,1.176,2.52,220.2,27.0,894,0.0642,1.37,854,0.1075,2.19,6,8,-8.6,-1,7,12,21,5.825000000000159
1819,0.0654,0.476,1.192,2.85,229.1,13.9,926,0.08,2.52,893,0.0502,1.51,7,8,-1.0,-1,7,13,14,5.910000000000082
1819,0.0629,0.437,1.144,2.15,229.1,22.7,926,0.0537,1.33,893,0.0724,1.71,5,8,-15.8,-1,7,13,16,5.910000000000082
1819,0.0717,0.441,1.16,2.37,229.1,24.7,926,0.0689,1.64,893,0.0745,1.71,6,8,-13.3,-1,7,13,17,5.910000000000082
1819,0.0823,0.439,1.181,2.61,229.1,29.9,926,0.0711,1.62,893,0.0939,2.08,6,8,-14.8,-1,7,13,18,5.910000000000082
1819,0.0823,0.426,1.173,2.55,229.1,27.3,926,0.0734,1.63,893,0.0915,1.98,6,8,-10.4,-1,7,13,20,5.910000000000082
1819,0.0815,0.424,1.168,2.48,229.1,27.3,926,0.0656,1.44,893,0.0979,2.06,6,8,-8.9,-1,7,13,21,5.910000000000082
1914,0.0642,0.474,1.193,2.91,241.1,14.2,975,0.0765,2.5,939,0.0515,1.61,7,8,-0.5,-1,7,14,14,5.960000000000036
1959,0.0609,0.44,1.143,2.2,246.7,24.8,994,0.0564,1.48,965,0.0656,1.64,5,8,-17.4,-1,7,15,16,6.017000000000053
1959,0.0682,0.441,1.155,2.38,246.7,29.7,994,0.0695,1.75,965,0.0669,1.61,5,8,-13.9,-1,7,15,17,6.017000000000053
1959,0.0774,0.437,1.173,2.59,246.7,30.5,994,0.0678,1.63,965,0.0873,2.03,6,8,-15.6,-1,7,15,18,6.017000000000053
1959,0.0762,0.424,1.162,2.49,246.7,31.8,994,0.0673,1.57,965,0.0853,1.95,6,8,-15.9,-1,7,15,20,6.017000000000053
1959,0.0734,0.423,1.154,2.35,246.7,30.3,994,0.0575,1.33,965,0.0897,1.99,6,8,-14.3,-1,7,15,21,6.017000000000053
1006,-0.0052,0.485,0.975,-0.29,126.8,18.0,527,-0.0126,-0.5,479,0.0029,0.12,3,8,-4.6,-1,8,9,12,6.215000000000032
1006,0.026,0.471,1.079,0.92,126.8,23.2,527,0.0384,1.04,479,0.0123,0.28,6,8,-8.3,-1,8,9,14,6.215000000000032
1006,0.0247,0.438,1.057,0.68,126.8,21.8,527,0.0174,0.36,479,0.0327,0.59,5,8,-11.0,-1,8,9,16,6.215000000000032
1006,0.0279,0.433,1.063,0.74,126.8,22.6,527,0.0321,0.64,479,0.0233,0.41,4,8,-9.5,-1,8,9,17,6.215000000000032
1006,0.0481,0.436,1.107,1.21,126.8,22.8,527,0.0409,0.78,479,0.0561,0.92,5,8,-3.3,-1,8,9,18,6.215000000000032
1006,0.0396,0.422,1.084,0.97,126.8,23.2,527,0.0327,0.6,479,0.0471,0.77,6,8,-4.9,-1,8,9,20,6.215000000000032
1006,0.0415,0.425,1.087,1.0,126.8,22.0,527,0.0249,0.46,479,0.0596,0.94,6,8,-3.6,-1,8,9,21,6.215000000000032
1267,0.0103,0.49,1.051,0.65,159.7,17.3,667,0.0148,0.65,600,0.0053,0.24,5,8,-3.7,-1,8,10,12,6.349999999999909
1267,0.0328,0.466,1.101,1.31,159.7,29.3,667,0.0528,1.58,600,0.0105,0.28,6,8,-9.7,-1,8,10,14,6.349999999999909
1267,0.036,0.443,1.085,1.12,159.7,25.3,667,0.0352,0.82,600,0.0368,0.76,5,8,-11.4,-1,8,10,16,6.349999999999909
1267,0.0374,0.441,1.087,1.13,159.7,27.1,667,0.0445,0.99,600,0.0297,0.6,5,8,-8.5,-1,8,10,17,6.349999999999909
1267,0.0542,0.441,1.124,1.56,159.7,25.7,667,0.0496,1.06,600,0.0594,1.14,6,8,-8.1,-1,8,10,18,6.349999999999909
1267,0.0475,0.429,1.104,1.33,159.7,27.7,667,0.0437,0.91,600,0.0518,0.97,6,8,-10.2,-1,8,10,20,6.349999999999909
1267,0.0416,0.427,1.089,1.15,159.7,28.8,667,0.0296,0.62,600,0.0549,1.0,6,8,-8.9,-1,8,10,21,6.349999999999909
1416,0.016,0.496,1.084,1.1,178.5,16.0,730,0.0198,0.93,686,0.012,0.6,5,8,-2.8,-1,8,11,12,6.345000000000027
1416,0.0365,0.47,1.116,1.57,178.5,31.3,730,0.0521,1.65,686,0.02,0.58,6,8,-8.8,-1,8,11,14,6.345000000000027
1416,0.0396,0.446,1.096,1.32,178.5,26.6,730,0.0271,0.67,686,0.053,1.19,5,8,-11.4,-1,8,11,16,6.345000000000027
1416,0.0428,0.445,1.101,1.39,178.5,27.5,730,0.0395,0.93,686,0.0464,1.02,5,8,-12.9,-1,8,11,17,6.345000000000027
1416,0.0587,0.444,1.136,1.81,178.5,27.3,730,0.0419,0.96,686,0.0765,1.59,6,8,-10.4,-1,8,11,18,6.345000000000027
1416,0.0567,0.431,1.126,1.69,178.5,28.9,730,0.0376,0.83,686,0.0771,1.54,7,8,-12.6,-1,8,11,20,6.345000000000027
1416,0.0512,0.431,1.111,1.51,178.5,29.2,730,0.0254,0.56,686,0.0787,1.54,7,8,-11.8,-1,8,11,21,6.345000000000027
1533,0.0176,0.494,1.097,1.29,193.1,15.7,787,0.0202,1.02,746,0.0148,0.8,6,8,-3.4,-1,8,12,12,6.410000000000082
1533,0.0435,0.473,1.141,1.93,193.1,25.0,787,0.0586,1.94,746,0.0276,0.82,6,8,-4.9,-1,8,12,14,6.410000000000082
1533,0.044,0.451,1.108,1.52,193.1,26.4,787,0.0282,0.73,746,0.0607,1.41,5,8,-9.2,-1,8,12,16,6.410000000000082
1533,0.0506,0.45,1.121,1.7,193.1,22.7,787,0.0432,1.07,746,0.0583,1.33,5,8,-10.5,-1,8,12,17,6.410000000000082
1533,0.0657,0.444,1.155,2.1,193.1,22.9,787,0.0463,1.1,746,0.0862,1.86,7,8,-7.6,-1,8,12,18,6.410000000000082
1533,0.0652,0.434,1.146,2.02,193.1,24.9,787,0.0412,0.95,746,0.0905,1.88,7,8,-11.5,-1,8,12,20,6.410000000000082
1533,0.0612,0.436,1.135,1.87,193.1,21.7,787,0.0316,0.73,746,0.0925,1.88,7,8,-9.7,-1,8,12,21,6.410000000000082
1660,0.0467,0.476,1.155,2.19,209.1,20.6,840,0.0566,1.96,820,0.0365,1.16,7,8,-1.5,-1,8,13,14,6.490000000000009
1660,0.0491,0.457,1.123,1.79,209.1,26.2,840,0.0288,0.78,820,0.0699,1.73,5,8,-10.2,-1,8,13,16,6.490000000000009
1660,0.055,0.455,1.134,1.94,209.1,24.4,840,0.0467,1.21,820,0.0635,1.54,5,8,-13.5,-1,8,13,17,6.490000000000009
1660,0.0672,0.451,1.161,2.27,209.1,25.3,840,0.0478,1.18,820,0.0871,2.01,7,8,-11.0,-1,8,13,18,6.490000000000009
1660,0.0652,0.439,1.148,2.13,209.1,28.4,840,0.0429,1.04,820,0.088,1.95,7,8,-16.9,-1,8,13,20,6.490000000000009
1660,0.0595,0.442,1.133,1.92,209.1,26.5,840,0.0327,0.79,820,0.0869,1.89,7,8,-15.1,-1,8,13,21,6.490000000000009
1826,0.0441,0.471,1.151,2.22,230.0,18.7,920,0.0487,1.8,906,0.0395,1.36,8,8,0.9,-1,8,14,14,6.537500000000023
1902,0.0478,0.46,1.124,1.91,239.6,30.0,957,0.029,0.86,945,0.0668,1.8,5,8,-15.6,-1,8,15,16,6.669999999999959
1902,0.0548,0.455,1.137,2.1,239.6,33.4,957,0.047,1.32,945,0.0627,1.65,6,8,-21.8,-1,8,15,17,6.669999999999959
1902,0.0636,0.45,1.156,2.34,239.6,33.9,957,0.0431,1.16,945,0.0843,2.12,6,8,-20.5,-1,8,15,18,6.669999999999959
1902,0.0579,0.436,1.134,2.06,239.6,37.1,957,0.0352,0.92,945,0.0808,1.96,7,8,-26.1,-1,8,15,20,6.669999999999959
1902,0.0503,0.438,1.114,1.77,239.6,36.4,957,0.0238,0.62,945,0.0772,1.85,7,8,-24.9,-1,8,15,21,6.669999999999959
741,0.0282,0.487,1.195,1.66,93.5,6.7,386,0.0551,2.2,355,-0.0011,-0.05,7,8,-1.7,-1,9,10,12,7.240000000000009
741,0.0447,0.472,1.163,1.53,93.5,12.0,386,0.0585,1.49,355,0.0297,0.68,5,8,-1.8,-1,9,10,14,7.240000000000009
741,0.0492,0.455,1.134,1.27,93.5,22.1,386,0.0206,0.41,355,0.0802,1.34,5,8,-15.4,-1,9,10,16,7.240000000000009
741,0.0541,0.471,1.142,1.36,93.5,21.3,386,0.0324,0.62,355,0.0778,1.29,5,8,-13.1,-1,9,10,17,7.240000000000009
741,0.0601,0.457,1.155,1.48,93.5,17.5,386,0.0307,0.58,355,0.0919,1.5,6,8,-11.7,-1,9,10,18,7.240000000000009
741,0.0662,0.455,1.161,1.57,93.5,18.2,386,0.0435,0.79,355,0.0908,1.41,6,8,-10.9,-1,9,10,20,7.240000000000009
741,0.0489,0.445,1.116,1.16,93.5,22.2,386,0.019,0.35,355,0.0813,1.26,6,8,-11.6,-1,9,10,21,7.240000000000009
1017,0.0376,0.5,1.289,2.76,128.2,6.7,518,0.0545,2.7,499,0.0201,1.1,8,8,2.0,-1,9,11,12,7.129999999999882
1017,0.0641,0.487,1.247,2.64,128.2,10.9,518,0.0661,2.0,499,0.0621,1.73,8,8,0.5,-1,9,11,14,7.129999999999882
1017,0.0648,0.463,1.182,2.0,128.2,21.7,518,0.0259,0.6,499,0.1051,2.17,5,8,-9.2,-1,9,11,16,7.129999999999882
1017,0.0696,0.47,1.189,2.09,128.2,19.6,518,0.0438,0.97,499,0.0964,1.96,6,8,-11.1,-1,9,11,17,7.129999999999882
1017,0.0827,0.458,1.219,2.39,128.2,18.1,518,0.0475,1.01,499,0.1192,2.35,6,8,-9.3,-1,9,11,18,7.129999999999882
1017,0.088,0.453,1.221,2.41,128.2,17.4,518,0.0601,1.22,499,0.117,2.17,7,8,-7.6,-1,9,11,20,7.129999999999882
1017,0.0763,0.447,1.187,2.08,128.2,21.3,518,0.0438,0.88,499,0.11,2.03,6,8,-8.2,-1,9,11,21,7.129999999999882
1214,0.0363,0.498,1.305,3.1,152.9,6.4,609,0.0492,2.81,605,0.0235,1.5,8,8,1.8,-1,9,12,12,7.190000000000055
1214,0.0733,0.495,1.293,3.26,152.9,12.7,609,0.0738,2.44,605,0.0727,2.19,7,8,-0.7,-1,9,12,14,7.190000000000055
1214,0.0738,0.474,1.213,2.48,152.9,24.7,609,0.032,0.81,605,0.1158,2.61,6,8,-12.4,-1,9,12,16,7.190000000000055
1214,0.0804,0.477,1.223,2.61,152.9,21.1,609,0.0469,1.14,605,0.1142,2.5,5,8,-8.3,-1,9,12,17,7.190000000000055
1214,0.0908,0.457,1.245,2.84,152.9,14.2,609,0.0494,1.14,605,0.1324,2.82,7,8,-0.6,-1,9,12,18,7.190000000000055
1214,0.0969,0.454,1.247,2.9,152.9,13.2,609,0.0591,1.31,605,0.135,2.72,8,8,0.9,-1,9,12,20,7.190000000000055
1214,0.0889,0.455,1.222,2.64,152.9,16.8,609,0.0469,1.03,605,0.1311,2.64,7,8,-1.6,-1,9,12,21,7.190000000000055
1420,0.066,0.49,1.268,3.26,178.8,16.4,707,0.0716,2.62,713,0.0604,2.03,7,8,-3.1,-1,9,13,14,7.267500000000041
1420,0.0631,0.474,1.183,2.34,178.8,27.4,707,0.0274,0.76,713,0.0984,2.45,4,8,-13.0,-1,9,13,16,7.267500000000041
1420,0.0654,0.473,1.181,2.35,178.8,24.4,707,0.0412,1.1,713,0.0893,2.17,5,8,-9.6,-1,9,13,17,7.267500000000041
1420,0.0733,0.458,1.198,2.54,178.8,20.1,707,0.0424,1.08,713,0.1039,2.47,6,8,-8.6,-1,9,13,18,7.267500000000041
1420,0.0749,0.451,1.19,2.48,178.8,19.6,707,0.0484,1.19,713,0.1011,2.28,6,8,-11.0,-1,9,13,20,7.267500000000041
1420,0.0648,0.454,1.161,2.14,178.8,23.1,707,0.0363,0.88,713,0.0932,2.1,6,8,-10.4,-1,9,13,21,7.267500000000041
1698,0.0567,0.485,1.239,3.17,213.9,18.4,854,0.0564,2.35,844,0.057,2.15,7,8,-7.2,-1,9,14,14,7.254000000000133
1818,0.0539,0.473,1.161,2.33,229.0,33.7,919,0.0326,1.07,899,0.0757,2.17,5,8,-20.0,-1,9,15,16,7.379999999999882
1818,0.0617,0.471,1.175,2.54,229.0,29.4,919,0.0502,1.55,899,0.0734,2.03,6,8,-18.2,-1,9,15,17,7.379999999999882
1818,0.0695,0.458,1.192,2.77,229.0,26.5,919,0.0483,1.44,899,0.0911,2.44,6,8,-16.8,-1,9,15,18,7.379999999999882
1818,0.0658,0.448,1.169,2.51,229.0,28.0,919,0.0475,1.35,899,0.0844,2.17,7,8,-18.2,-1,9,15,20,7.379999999999882
1818,0.054,0.449,1.135,2.05,229.0,30.9,919,0.0346,0.97,899,0.0739,1.89,5,8,-18.5,-1,9,15,21,7.379999999999882
1765,0.0621,0.505,1.197,2.9,222.3,20.1,905,0.0567,1.91,860,0.0678,2.19,7,8,-12.0,0,5,9,12,4.7840000000001055
1765,0.1074,0.457,1.256,3.59,222.3,18.5,905,0.1071,2.65,860,0.1078,2.43,7,8,-4.7,0,5,9,14,4.7840000000001055
1765,0.1177,0.413,1.231,3.21,222.3,20.1,905,0.0979,2.01,860,0.1385,2.51,8,8,1.0,0,5,9,16,4.7840000000001055
1765,0.132,0.411,1.253,3.45,222.3,21.3,905,0.1137,2.25,860,0.1512,2.62,8,8,4.5,0,5,9,17,4.7840000000001055
1765,0.1456,0.411,1.276,3.65,222.3,22.6,905,0.1179,2.24,860,0.1747,2.9,8,8,1.4,0,5,9,18,4.7840000000001055
1765,0.1448,0.397,1.266,3.54,222.3,23.1,905,0.1161,2.15,860,0.175,2.83,8,8,8.9,0,5,9,20,4.7840000000001055
1765,0.1486,0.392,1.269,3.55,222.3,21.5,905,0.1143,2.08,860,0.1846,2.91,8,8,10.4,0,5,9,21,4.7840000000001055
1841,0.0627,0.507,1.202,3.03,231.9,17.5,943,0.057,1.98,898,0.0687,2.3,7,8,-9.1,0,5,10,12,4.8370000000002165
1841,0.1061,0.456,1.255,3.65,231.9,16.4,943,0.1043,2.66,898,0.1079,2.5,7,8,-2.2,0,5,10,14,4.8370000000002165
1841,0.1161,0.413,1.229,3.26,231.9,17.8,943,0.0918,1.95,898,0.1415,2.63,7,8,-2.0,0,5,10,16,4.8370000000002165
1841,0.1315,0.414,1.255,3.54,231.9,18.7,943,0.1087,2.22,898,0.1554,2.77,8,8,0.9,0,5,10,17,4.8370000000002165
1841,0.144,0.414,1.276,3.73,231.9,22.2,943,0.113,2.21,898,0.1766,3.03,7,8,-2.1,0,5,10,18,4.8370000000002165
1841,0.1427,0.4,1.264,3.6,231.9,21.7,943,0.1099,2.1,898,0.1771,2.95,8,8,6.4,0,5,10,20,4.8370000000002165
1841,0.1444,0.396,1.264,3.56,231.9,19.9,943,0.1072,2.02,898,0.1834,2.98,8,8,7.5,0,5,10,21,4.8370000000002165
1879,0.0646,0.508,1.212,3.17,236.7,16.0,959,0.0597,2.1,920,0.0697,2.38,7,8,-7.7,0,5,11,12,4.869999999999891
1879,0.1085,0.458,1.264,3.79,236.7,15.4,959,0.1052,2.72,920,0.1119,2.64,8,8,1.6,0,5,11,14,4.869999999999891
1879,0.1162,0.414,1.231,3.31,236.7,18.6,959,0.0936,2.01,920,0.1397,2.64,7,8,-1.7,0,5,11,16,4.869999999999891
1879,0.1321,0.415,1.257,3.61,236.7,19.3,959,0.1108,2.3,920,0.1544,2.8,8,8,1.0,0,5,11,17,4.869999999999891
1879,0.1438,0.415,1.277,3.78,236.7,22.2,959,0.1141,2.26,920,0.1748,3.05,7,8,-1.5,0,5,11,18,4.869999999999891
1879,0.1427,0.401,1.265,3.65,236.7,22.5,959,0.1104,2.14,920,0.1763,2.99,8,8,6.8,0,5,11,20,4.869999999999891
1879,0.1441,0.396,1.264,3.61,236.7,19.9,959,0.1072,2.05,920,0.1825,3.02,8,8,8.2,0,5,11,21,4.869999999999891
1913,0.0641,0.509,1.213,3.2,240.9,15.4,975,0.0594,2.12,938,0.069,2.41,7,8,-6.9,0,5,12,12,4.920000000000073
1913,0.1081,0.458,1.264,3.83,240.9,16.1,975,0.107,2.8,938,0.1093,2.62,8,8,0.1,0,5,12,14,4.920000000000073
1913,0.1159,0.415,1.231,3.35,240.9,17.5,975,0.0966,2.1,938,0.136,2.61,7,8,-3.4,0,5,12,16,4.920000000000073
1913,0.1339,0.417,1.262,3.71,240.9,18.2,975,0.1146,2.4,938,0.1539,2.83,7,8,-0.3,0,5,12,17,4.920000000000073
1913,0.1446,0.416,1.279,3.85,240.9,22.3,975,0.1159,2.32,938,0.1744,3.09,7,8,-2.5,0,5,12,18,4.920000000000073
1913,0.146,0.403,1.273,3.79,240.9,21.4,975,0.1112,2.18,938,0.1822,3.13,8,8,7.1,0,5,12,20,4.920000000000073
1913,0.1482,0.399,1.273,3.76,240.9,19.9,975,0.1092,2.11,938,0.1887,3.17,8,8,8.2,0,5,12,21,4.920000000000073
1949,0.1083,0.459,1.266,3.89,245.5,14.7,987,0.1067,2.82,962,0.11,2.69,8,8,2.9,0,5,13,14,4.9500000000000455
1949,0.1155,0.416,1.232,3.38,245.5,18.1,987,0.0975,2.14,962,0.134,2.62,7,8,-2.4,0,5,13,16,4.9500000000000455
1949,0.1322,0.417,1.26,3.71,245.5,18.5,987,0.1151,2.44,962,0.1497,2.8,8,8,0.3,0,5,13,17,4.9500000000000455
1949,0.1426,0.417,1.276,3.85,245.5,21.9,987,0.1165,2.36,962,0.1692,3.05,7,8,-1.5,0,5,13,18,4.9500000000000455
1949,0.1442,0.403,1.27,3.79,245.5,21.1,987,0.1129,2.24,962,0.1762,3.09,8,8,8.9,0,5,13,20,4.9500000000000455
1949,0.1455,0.4,1.269,3.75,245.5,20.9,987,0.1098,2.14,962,0.1822,3.12,8,8,9.7,0,5,13,21,4.9500000000000455
1990,0.1047,0.459,1.26,3.83,250.6,14.7,1012,0.1026,2.77,978,0.107,2.65,8,8,2.5,0,5,14,14,4.9950000000000045
2006,0.1126,0.417,1.229,3.38,252.7,19.1,1021,0.0963,2.18,985,0.1295,2.58,7,8,-2.8,0,5,15,16,5.009999999999991
2006,0.1294,0.419,1.257,3.72,252.7,19.5,1021,0.1143,2.49,985,0.145,2.77,8,8,0.5,0,5,15,17,5.009999999999991
2006,0.1385,0.418,1.27,3.83,252.7,22.4,1021,0.1139,2.38,985,0.164,3.02,7,8,-2.1,0,5,15,18,5.009999999999991
2006,0.1392,0.404,1.262,3.75,252.7,22.1,1021,0.1089,2.22,985,0.1706,3.05,8,8,8.5,0,5,15,20,5.009999999999991
2006,0.1398,0.401,1.26,3.69,252.7,21.9,1021,0.1049,2.11,985,0.176,3.07,8,8,9.0,0,5,15,21,5.009999999999991
1682,0.0396,0.505,1.132,1.96,211.8,17.1,874,0.0269,0.97,808,0.0534,1.81,7,8,-8.6,0,6,9,12,5.0265000000000555
1682,0.0758,0.458,1.186,2.67,211.8,28.7,874,0.0789,2.05,808,0.0724,1.73,7,8,-10.4,0,6,9,14,5.0265000000000555
1682,0.0888,0.416,1.179,2.53,211.8,26.2,874,0.08,1.68,808,0.0983,1.89,6,8,-6.4,0,6,9,16,5.0265000000000555
1682,0.1003,0.417,1.197,2.73,211.8,26.0,874,0.0937,1.9,808,0.1073,1.97,6,8,-1.3,0,6,9,17,5.0265000000000555
1682,0.1148,0.413,1.223,2.99,211.8,24.0,874,0.0972,1.88,808,0.1339,2.35,7,8,-4.3,0,6,9,18,5.0265000000000555
1682,0.111,0.4,1.209,2.83,211.8,25.1,874,0.0931,1.75,808,0.1304,2.24,8,8,2.4,0,6,9,20,5.0265000000000555
1682,0.1162,0.398,1.215,2.9,211.8,25.1,874,0.0904,1.68,808,0.1441,2.41,8,8,3.4,0,6,9,21,5.0265000000000555
1780,0.0428,0.507,1.146,2.2,224.2,16.7,923,0.0332,1.24,857,0.0533,1.88,7,8,-5.5,0,6,10,12,5.100000000000136
1780,0.0754,0.457,1.188,2.76,224.2,26.4,923,0.0806,2.18,857,0.0698,1.73,7,8,-7.3,0,6,10,14,5.100000000000136
1780,0.0851,0.416,1.173,2.52,224.2,22.1,923,0.0715,1.57,857,0.0998,1.98,7,8,-10.9,0,6,10,16,5.100000000000136
1780,0.0971,0.419,1.192,2.75,224.2,22.2,923,0.086,1.82,857,0.1091,2.07,7,8,-7.0,0,6,10,17,5.100000000000136
1780,0.1095,0.415,1.214,2.97,224.2,25.2,923,0.0885,1.78,857,0.1321,2.41,7,8,-9.9,0,6,10,18,5.100000000000136
1780,0.1058,0.402,1.2,2.81,224.2,24.5,923,0.0848,1.67,857,0.1284,2.29,7,8,-2.3,0,6,10,20,5.100000000000136
1780,0.1076,0.401,1.201,2.8,224.2,22.2,923,0.0795,1.55,857,0.1379,2.4,7,8,-1.4,0,6,10,21,5.100000000000136
1830,0.0449,0.508,1.156,2.36,230.5,15.4,946,0.0357,1.36,884,0.0548,1.99,7,8,-4.0,0,6,11,12,5.124999999999886
1830,0.0792,0.46,1.199,2.96,230.5,22.6,946,0.0811,2.23,884,0.0772,1.96,7,8,-3.4,0,6,11,14,5.124999999999886
1830,0.0874,0.417,1.179,2.63,230.5,20.8,946,0.0757,1.69,884,0.0999,2.03,7,8,-10.7,0,6,11,16,5.124999999999886
1830,0.1008,0.421,1.201,2.91,230.5,23.1,946,0.0925,1.99,884,0.1096,2.13,7,8,-6.8,0,6,11,17,5.124999999999886
1830,0.1127,0.417,1.222,3.12,230.5,25.7,946,0.0948,1.94,884,0.1318,2.46,7,8,-9.1,0,6,11,18,5.124999999999886
1830,0.1102,0.405,1.21,2.98,230.5,26.3,946,0.0927,1.85,884,0.129,2.36,7,8,-1.1,0,6,11,20,5.124999999999886
1830,0.112,0.403,1.21,2.97,230.5,23.4,946,0.0881,1.74,884,0.1376,2.45,7,8,-0.1,0,6,11,21,5.124999999999886
1876,0.0451,0.507,1.16,2.43,236.3,14.9,966,0.0361,1.4,910,0.0546,2.04,7,8,-2.3,0,6,12,12,5.150000000000091
1876,0.0819,0.461,1.207,3.09,236.3,19.1,966,0.0834,2.33,910,0.0802,2.05,8,8,0.3,0,6,12,14,5.150000000000091
1876,0.0895,0.418,1.184,2.73,236.3,19.8,966,0.0781,1.77,910,0.1016,2.09,7,8,-11.5,0,6,12,16,5.150000000000091
1876,0.1055,0.423,1.212,3.08,236.3,21.9,966,0.0957,2.09,910,0.1159,2.27,7,8,-7.3,0,6,12,17,5.150000000000091
1876,0.116,0.419,1.23,3.25,236.3,24.7,966,0.0966,2.0,910,0.1366,2.58,7,8,-9.5,0,6,12,18,5.150000000000091
1876,0.1177,0.407,1.226,3.22,236.3,25.2,966,0.0941,1.91,910,0.1427,2.64,8,8,0.3,0,6,12,20,5.150000000000091
1876,0.1196,0.407,1.226,3.21,236.3,22.3,966,0.0904,1.81,910,0.1505,2.72,8,8,0.9,0,6,12,21,5.150000000000091
1917,0.0831,0.462,1.212,3.19,241.4,17.5,981,0.085,2.4,936,0.0811,2.12,8,8,3.2,0,6,13,14,5.173000000000002
1917,0.0892,0.419,1.185,2.76,241.4,18.3,981,0.0786,1.8,936,0.1002,2.1,7,8,-10.4,0,6,13,16,5.173000000000002
1917,0.1035,0.424,1.209,3.07,241.4,19.5,981,0.0956,2.11,936,0.1117,2.23,7,8,-7.1,0,6,13,17,5.173000000000002
1917,0.1136,0.42,1.226,3.24,241.4,24.2,981,0.0966,2.03,936,0.1314,2.53,7,8,-8.8,0,6,13,18,5.173000000000002
1917,0.1157,0.407,1.223,3.22,241.4,23.6,981,0.0959,1.97,936,0.1365,2.57,8,8,2.0,0,6,13,20,5.173000000000002
1917,0.1169,0.407,1.222,3.2,241.4,21.1,981,0.0916,1.86,936,0.1435,2.65,8,8,2.3,0,6,13,21,5.173000000000002
1975,0.0841,0.463,1.218,3.3,248.7,17.3,1012,0.0843,2.43,963,0.0839,2.24,8,8,4.4,0,6,14,14,5.226999999999862
1995,0.0911,0.422,1.192,2.9,251.3,19.2,1022,0.0822,1.94,973,0.1004,2.16,7,8,-11.0,0,6,15,16,5.246999999999844
1995,0.1059,0.427,1.217,3.23,251.3,20.5,1022,0.1003,2.28,973,0.1117,2.29,7,8,-7.2,0,6,15,17,5.246999999999844
1995,0.1148,0.422,1.231,3.37,251.3,25.8,1022,0.0992,2.15,973,0.1313,2.6,7,8,-9.4,0,6,15,18,5.246999999999844
1995,0.1166,0.409,1.227,3.34,251.3,24.6,1022,0.0982,2.08,973,0.1358,2.63,8,8,1.5,0,6,15,20,5.246999999999844
1995,0.1164,0.41,1.223,3.27,251.3,22.1,1022,0.0929,1.94,973,0.141,2.68,8,8,1.2,0,6,15,21,5.246999999999844
1487,0.0217,0.498,1.082,1.16,187.3,13.7,755,0.0116,0.44,732,0.0322,1.2,5,8,-3.5,0,7,9,12,5.399999999999864
1487,0.0644,0.472,1.172,2.35,187.3,15.3,755,0.0752,1.96,732,0.0532,1.36,8,8,0.7,0,7,9,14,5.399999999999864
1487,0.0795,0.426,1.17,2.28,187.3,19.1,755,0.0778,1.59,732,0.0812,1.63,6,8,-5.2,0,7,9,16,5.399999999999864
1487,0.0837,0.426,1.174,2.32,187.3,24.2,755,0.0886,1.74,732,0.0786,1.54,7,8,-0.3,0,7,9,17,5.399999999999864
1487,0.1007,0.426,1.208,2.66,187.3,24.9,755,0.0949,1.78,732,0.1068,1.99,7,8,-3.7,0,7,9,18,5.399999999999864
1487,0.1002,0.414,1.198,2.59,187.3,25.4,755,0.099,1.81,732,0.1014,1.86,8,8,1.4,0,7,9,20,5.399999999999864
1487,0.1056,0.412,1.207,2.67,187.3,23.0,755,0.0958,1.73,732,0.1158,2.05,8,8,2.1,0,7,9,21,5.399999999999864
1636,0.0324,0.502,1.127,1.82,206.1,15.5,839,0.0336,1.34,797,0.0312,1.23,7,8,-3.8,0,7,10,12,5.469999999999914
1636,0.0665,0.469,1.181,2.58,206.1,20.6,839,0.0831,2.31,797,0.0491,1.33,8,8,0.8,0,7,10,14,5.469999999999914
1636,0.0734,0.427,1.159,2.23,206.1,22.7,839,0.067,1.47,797,0.0801,1.68,6,8,-12.3,0,7,10,16,5.469999999999914
1636,0.0775,0.428,1.163,2.29,206.1,26.1,839,0.0761,1.61,797,0.0789,1.62,5,8,-9.3,0,7,10,17,5.469999999999914
1636,0.0908,0.427,1.189,2.56,206.1,29.8,839,0.0783,1.58,797,0.1039,2.04,6,8,-13.2,0,7,10,18,5.469999999999914
1636,0.0888,0.414,1.177,2.45,206.1,27.9,839,0.0805,1.59,797,0.0974,1.88,6,8,-6.7,0,7,10,20,5.469999999999914
1636,0.0894,0.413,1.175,2.42,206.1,26.2,839,0.0727,1.42,797,0.107,2.0,6,8,-5.9,0,7,10,21,5.469999999999914
1726,0.0347,0.504,1.141,2.03,217.4,14.2,878,0.0361,1.49,848,0.0333,1.39,6,8,-1.0,0,7,11,12,5.503500000000031
1726,0.0723,0.474,1.2,2.91,217.4,19.8,878,0.0853,2.45,848,0.0589,1.66,8,8,1.6,0,7,11,14,5.503500000000031
1726,0.0764,0.429,1.168,2.41,217.4,23.0,878,0.0679,1.54,848,0.0852,1.87,6,8,-11.7,0,7,11,16,5.503500000000031
1726,0.0818,0.431,1.174,2.5,217.4,26.5,878,0.0794,1.73,848,0.0843,1.81,5,8,-8.5,0,7,11,17,5.503500000000031
1726,0.0954,0.43,1.201,2.79,217.4,30.7,878,0.082,1.71,848,0.1093,2.24,6,8,-11.5,0,7,11,18,5.503500000000031
1726,0.0934,0.418,1.189,2.68,217.4,27.6,878,0.0838,1.71,848,0.1033,2.08,6,8,-6.9,0,7,11,20,5.503500000000031
1726,0.0945,0.417,1.188,2.65,217.4,26.2,878,0.0763,1.54,848,0.1134,2.21,6,8,-5.2,0,7,11,21,5.503500000000031
1787,0.0349,0.505,1.145,2.11,225.1,13.7,905,0.0367,1.56,882,0.0331,1.43,6,8,-0.8,0,7,12,12,5.529999999999973
1787,0.0743,0.474,1.207,3.03,225.1,17.6,905,0.0882,2.58,882,0.0601,1.71,8,8,3.6,0,7,12,14,5.529999999999973
1787,0.078,0.43,1.172,2.5,225.1,22.4,905,0.0705,1.63,882,0.0856,1.9,6,8,-9.4,0,7,12,16,5.529999999999973
1787,0.0862,0.432,1.184,2.67,225.1,26.3,905,0.0828,1.84,882,0.0897,1.94,6,8,-5.7,0,7,12,17,5.529999999999973
1787,0.098,0.43,1.207,2.91,225.1,27.6,905,0.084,1.78,882,0.1123,2.33,6,8,-9.2,0,7,12,18,5.529999999999973
1787,0.0988,0.418,1.2,2.88,225.1,27.7,905,0.0843,1.75,882,0.1137,2.31,6,8,-6.4,0,7,12,20,5.529999999999973
1787,0.1,0.418,1.199,2.85,225.1,26.1,905,0.0779,1.6,882,0.1227,2.43,6,8,-4.5,0,7,12,21,5.529999999999973
1851,0.0738,0.474,1.208,3.09,233.1,15.7,931,0.0897,2.68,920,0.0576,1.69,8,8,2.6,0,7,13,14,5.589999999999918
1851,0.077,0.431,1.171,2.53,233.1,23.6,931,0.0738,1.74,920,0.0802,1.83,6,8,-12.3,0,7,13,16,5.589999999999918
1851,0.0838,0.433,1.18,2.66,233.1,24.4,931,0.0861,1.95,920,0.0814,1.81,6,8,-9.7,0,7,13,17,5.589999999999918
1851,0.0949,0.432,1.201,2.89,233.1,28.6,931,0.0878,1.9,920,0.1021,2.18,6,8,-13.0,0,7,13,18,5.589999999999918
1851,0.0956,0.418,1.194,2.85,233.1,27.5,931,0.0898,1.91,920,0.1014,2.12,6,8,-6.6,0,7,13,20,5.589999999999918
1851,0.0961,0.42,1.192,2.81,233.1,26.0,931,0.0826,1.73,920,0.1097,2.24,6,8,-4.8,0,7,13,21,5.589999999999918
1936,0.0744,0.472,1.213,3.21,243.8,15.8,975,0.0862,2.66,961,0.0623,1.88,8,8,2.9,0,7,14,14,5.6599999999998545
1970,0.0784,0.435,1.177,2.69,248.1,25.5,991,0.0762,1.89,979,0.0806,1.91,6,8,-13.3,0,7,15,16,5.705000000000041
1970,0.0858,0.435,1.188,2.84,248.1,26.4,991,0.0889,2.11,979,0.0826,1.9,5,8,-8.8,0,7,15,17,5.705000000000041
1970,0.0957,0.433,1.206,3.03,248.1,27.4,991,0.0876,1.98,979,0.1038,2.31,6,8,-12.4,0,7,15,18,5.705000000000041
1970,0.0948,0.419,1.195,2.95,248.1,29.4,991,0.0865,1.92,979,0.1032,2.25,6,8,-9.3,0,7,15,20,5.705000000000041
1970,0.0932,0.421,1.188,2.84,248.1,27.6,991,0.0777,1.7,979,0.1089,2.31,6,8,-7.5,0,7,15,21,5.705000000000041
1046,-0.0025,0.489,0.989,-0.14,131.8,17.5,545,-0.0174,-0.68,501,0.0137,0.54,4,8,-6.2,0,8,9,12,5.9500000000000455
1046,0.0371,0.471,1.11,1.28,131.8,22.8,545,0.0509,1.33,501,0.0221,0.51,5,8,-11.2,0,8,9,14,5.9500000000000455
1046,0.0391,0.438,1.09,1.05,131.8,24.0,545,0.0425,0.87,501,0.0354,0.63,5,8,-13.6,0,8,9,16,5.9500000000000455
1046,0.039,0.428,1.087,1.02,131.8,24.8,545,0.0493,0.96,501,0.0278,0.49,5,8,-12.6,0,8,9,17,5.9500000000000455
1046,0.0611,0.433,1.134,1.51,131.8,24.2,545,0.0577,1.08,501,0.0648,1.06,5,8,-5.5,0,8,9,18,5.9500000000000455
1046,0.0588,0.422,1.123,1.42,131.8,23.2,545,0.0564,1.02,501,0.0615,0.99,5,8,-5.8,0,8,9,20,5.9500000000000455
1046,0.0603,0.424,1.125,1.43,131.8,25.5,545,0.0464,0.84,501,0.0755,1.17,5,8,-4.4,0,8,9,21,5.9500000000000455
1307,0.0138,0.494,1.065,0.85,164.7,16.1,682,0.0152,0.65,625,0.0122,0.54,5,8,-4.7,0,8,10,12,6.040000000000191
1307,0.0434,0.469,1.13,1.68,164.7,29.8,682,0.0664,1.9,625,0.0182,0.48,6,8,-9.7,0,8,10,14,6.040000000000191
1307,0.0449,0.439,1.104,1.35,164.7,28.9,682,0.0485,1.08,625,0.041,0.83,6,8,-14.5,0,8,10,16,6.040000000000191
1307,0.044,0.432,1.099,1.29,164.7,31.2,682,0.0543,1.17,625,0.0328,0.65,5,8,-11.6,0,8,10,17,6.040000000000191
1307,0.0624,0.434,1.139,1.74,164.7,29.4,682,0.0583,1.21,625,0.0669,1.26,5,8,-10.9,0,8,10,18,6.040000000000191
1307,0.0602,0.423,1.128,1.64,164.7,29.4,682,0.0565,1.14,625,0.0642,1.18,6,8,-12.0,0,8,10,20,6.040000000000191
1307,0.0537,0.423,1.112,1.45,164.7,28.8,682,0.0399,0.81,625,0.0688,1.24,5,8,-10.5,0,8,10,21,6.040000000000191
1457,0.0191,0.497,1.096,1.28,183.6,14.7,749,0.02,0.91,708,0.0182,0.9,5,8,-2.3,0,8,11,12,6.0499999999999545
1457,0.0475,0.472,1.147,1.98,183.6,27.0,749,0.0676,2.05,708,0.0262,0.75,6,8,-6.6,0,8,11,14,6.0499999999999545
1457,0.0504,0.443,1.119,1.63,183.6,27.6,749,0.047,1.12,708,0.054,1.18,5,8,-12.2,0,8,11,16,6.0499999999999545
1457,0.0532,0.438,1.122,1.67,183.6,28.5,749,0.0585,1.34,708,0.0475,1.02,5,8,-13.4,0,8,11,17,6.0499999999999545
1457,0.0717,0.439,1.162,2.14,183.6,27.3,749,0.0621,1.36,708,0.0819,1.66,5,8,-12.4,0,8,11,18,6.0499999999999545
1457,0.0719,0.428,1.156,2.07,183.6,28.2,749,0.06,1.28,708,0.0844,1.65,7,8,-13.3,0,8,11,20,6.0499999999999545
1457,0.066,0.429,1.14,1.89,183.6,30.3,749,0.0448,0.96,708,0.0884,1.69,7,8,-12.6,0,8,11,21,6.0499999999999545
1574,0.0202,0.494,1.107,1.44,198.2,14.4,804,0.0206,1.01,770,0.0197,1.04,6,8,-3.0,0,8,12,12,6.144999999999982
1574,0.0519,0.474,1.163,2.24,198.2,20.8,804,0.0679,2.16,770,0.0352,1.03,6,8,-1.4,0,8,12,14,6.144999999999982
1574,0.0544,0.447,1.131,1.83,198.2,29.8,804,0.0432,1.07,770,0.0661,1.5,5,8,-15.1,0,8,12,16,6.144999999999982
1574,0.0607,0.443,1.142,1.98,198.2,26.7,804,0.0579,1.38,770,0.0638,1.42,6,8,-11.3,0,8,12,17,6.144999999999982
1574,0.0774,0.44,1.178,2.4,198.2,23.4,804,0.0613,1.4,770,0.0943,1.99,6,8,-8.3,0,8,12,18,6.144999999999982
1574,0.0798,0.431,1.175,2.4,198.2,25.2,804,0.0584,1.3,770,0.1022,2.08,7,8,-10.9,0,8,12,20,6.144999999999982
1574,0.076,0.434,1.164,2.26,198.2,25.2,804,0.0468,1.04,770,0.1065,2.12,7,8,-9.0,0,8,12,21,6.144999999999982
1703,0.0544,0.476,1.175,2.49,214.5,16.9,855,0.0666,2.22,848,0.0421,1.32,8,8,1.5,0,8,13,14,6.269999999999982
1703,0.0592,0.452,1.145,2.09,214.5,30.3,855,0.0459,1.2,848,0.0725,1.75,5,8,-16.2,0,8,13,16,6.269999999999982
1703,0.065,0.447,1.155,2.23,214.5,26.9,855,0.0631,1.57,848,0.067,1.59,6,8,-13.5,0,8,13,17,6.269999999999982
1703,0.0786,0.445,1.183,2.58,214.5,27.7,855,0.0644,1.54,848,0.0929,2.09,6,8,-12.2,0,8,13,18,6.269999999999982
1703,0.0787,0.433,1.175,2.5,214.5,30.5,855,0.0611,1.42,848,0.0965,2.09,7,8,-16.7,0,8,13,20,6.269999999999982
1703,0.0731,0.438,1.159,2.3,214.5,28.1,855,0.0491,1.14,848,0.0972,2.07,7,8,-14.8,0,8,13,21,6.269999999999982
1859,0.0526,0.472,1.175,2.56,234.1,18.7,931,0.0567,2.01,928,0.0485,1.62,7,8,-0.3,0,8,14,14,6.319999999999936
1923,0.0616,0.456,1.156,2.35,242.2,32.9,965,0.045,1.27,958,0.0783,2.03,5,8,-20.3,0,8,15,16,6.410000000000082
1923,0.0701,0.449,1.172,2.58,242.2,31.1,965,0.065,1.74,958,0.0753,1.9,6,8,-17.9,0,8,15,17,6.410000000000082
1923,0.0804,0.446,1.192,2.83,242.2,31.9,965,0.0617,1.59,958,0.0992,2.4,6,8,-17.5,0,8,15,18,6.410000000000082
1923,0.0764,0.434,1.173,2.61,242.2,35.0,965,0.0545,1.36,958,0.0985,2.3,7,8,-22.1,0,8,15,20,6.410000000000082
1923,0.0691,0.437,1.153,2.34,242.2,34.0,965,0.042,1.05,958,0.0965,2.22,7,8,-21.1,0,8,15,21,6.410000000000082
763,0.0328,0.491,1.221,1.89,96.2,6.7,395,0.0616,2.4,368,0.0018,0.08,7,8,-1.6,0,9,10,12,6.990000000000009
763,0.0545,0.476,1.195,1.81,96.2,13.1,395,0.073,1.74,368,0.0347,0.8,6,8,-2.3,0,9,10,14,6.990000000000009
763,0.0519,0.451,1.137,1.3,96.2,23.8,395,0.0295,0.55,368,0.0759,1.26,5,8,-17.4,0,9,10,16,6.990000000000009
763,0.0559,0.461,1.142,1.36,96.2,22.9,395,0.04,0.72,368,0.0729,1.2,6,8,-14.7,0,9,10,17,6.990000000000009
763,0.0621,0.45,1.156,1.49,96.2,19.5,395,0.0356,0.63,368,0.0906,1.47,6,8,-14.7,0,9,10,18,6.990000000000009
763,0.0718,0.447,1.17,1.65,96.2,20.1,395,0.0517,0.88,368,0.0932,1.44,6,8,-13.5,0,9,10,20,6.990000000000009
763,0.0546,0.443,1.126,1.26,96.2,24.2,395,0.0255,0.44,368,0.0858,1.32,6,8,-13.8,0,9,10,21,6.990000000000009
1055,0.0412,0.497,1.306,2.96,133.0,6.7,536,0.0578,2.8,519,0.024,1.29,8,8,1.8,0,9,11,12,6.819999999999936
1055,0.0761,0.488,1.287,3.04,133.0,12.0,536,0.084,2.39,519,0.068,1.9,8,8,0.8,0,9,11,14,6.819999999999936
1055,0.0743,0.463,1.204,2.24,133.0,22.3,536,0.0472,1.04,519,0.1022,2.1,6,8,-8.9,0,9,11,16,6.819999999999936
1055,0.08,0.466,1.211,2.34,133.0,22.4,536,0.0658,1.39,519,0.0947,1.91,6,8,-12.1,0,9,11,17,6.819999999999936
1055,0.0923,0.455,1.238,2.6,133.0,23.6,536,0.0673,1.36,519,0.1181,2.32,6,8,-11.7,0,9,11,18,6.819999999999936
1055,0.1008,0.451,1.247,2.7,133.0,22.3,536,0.0824,1.6,519,0.1198,2.21,7,8,-8.8,0,9,11,20,6.819999999999936
1055,0.0895,0.45,1.214,2.39,133.0,22.2,536,0.0654,1.27,519,0.1144,2.1,7,8,-9.5,0,9,11,21,6.819999999999936
1255,0.0399,0.495,1.323,3.32,158.1,6.3,626,0.053,2.94,629,0.0268,1.68,8,8,1.8,0,9,12,12,6.9699999999998
1255,0.0808,0.494,1.315,3.52,158.1,13.2,626,0.0832,2.63,629,0.0783,2.35,8,8,2.9,0,9,12,14,6.9699999999998
1255,0.0807,0.471,1.227,2.65,158.1,24.1,626,0.0462,1.12,629,0.1152,2.57,6,8,-10.9,0,9,12,16,6.9699999999998
1255,0.0885,0.471,1.239,2.81,158.1,21.9,626,0.0619,1.44,629,0.115,2.5,6,8,-6.3,0,9,12,17,6.9699999999998
1255,0.0974,0.454,1.256,2.98,158.1,16.7,626,0.0619,1.37,629,0.1326,2.81,7,8,-0.8,0,9,12,18,6.9699999999998
1255,0.1075,0.452,1.267,3.15,158.1,16.1,626,0.0745,1.6,629,0.1404,2.82,8,8,0.5,0,9,12,20,6.9699999999998
1255,0.1007,0.457,1.245,2.93,158.1,18.9,626,0.0631,1.34,629,0.138,2.76,8,8,1.7,0,9,12,21,6.9699999999998
1464,0.0745,0.49,1.297,3.6,184.4,16.1,723,0.0821,2.87,741,0.0671,2.25,8,8,0.9,0,9,13,14,7.079999999999927
1464,0.0727,0.471,1.207,2.64,184.4,27.0,723,0.0444,1.19,741,0.1003,2.48,5,8,-11.0,0,9,13,16,7.079999999999927
1464,0.0762,0.469,1.207,2.68,184.4,25.0,723,0.0584,1.49,741,0.0936,2.26,6,8,-10.5,0,9,13,17,7.079999999999927
1464,0.0831,0.454,1.219,2.82,184.4,22.3,723,0.0574,1.4,741,0.1081,2.56,7,8,-10.8,0,9,13,18,7.079999999999927
1464,0.0885,0.447,1.22,2.87,184.4,23.0,723,0.0661,1.56,741,0.1102,2.47,7,8,-11.9,0,9,13,20,7.079999999999927
1464,0.0795,0.456,1.194,2.57,184.4,25.4,723,0.0545,1.28,741,0.1039,2.32,6,8,-11.1,0,9,13,21,7.079999999999927
1733,0.0654,0.486,1.27,3.54,218.3,18.5,867,0.0639,2.55,866,0.067,2.47,7,8,-3.2,0,9,14,14,7.060000000000173
1843,0.0664,0.471,1.195,2.78,232.1,33.6,932,0.0452,1.42,911,0.0881,2.46,6,8,-17.7,0,9,15,16,7.1400000000001
1843,0.0763,0.467,1.213,3.04,232.1,29.9,932,0.0649,1.92,911,0.0879,2.37,6,8,-15.2,0,9,15,17,7.1400000000001
1843,0.0844,0.456,1.229,3.25,232.1,26.5,932,0.0628,1.78,911,0.1065,2.79,6,8,-14.7,0,9,15,18,7.1400000000001
1843,0.0829,0.448,1.21,3.06,232.1,27.1,932,0.0631,1.72,911,0.1032,2.58,7,8,-15.3,0,9,15,20,7.1400000000001
1843,0.0719,0.453,1.177,2.64,232.1,32.9,932,0.0505,1.37,911,0.0937,2.34,7,8,-15.7,0,9,15,21,7.1400000000001
1818,0.0647,0.496,1.188,2.83,229.0,19.8,923,0.0623,1.93,895,0.0672,2.07,7,8,-11.1,1,5,9,12,4.360000000000127
1818,0.1207,0.449,1.27,3.82,229.0,18.0,923,0.12,2.76,895,0.1214,2.64,7,8,-4.3,1,5,9,14,4.360000000000127
1818,0.1286,0.399,1.239,3.35,229.0,20.2,923,0.1109,2.14,895,0.1468,2.59,8,8,2.9,1,5,9,16,4.360000000000127
1818,0.14,0.393,1.255,3.51,229.0,20.3,923,0.1183,2.2,895,0.1624,2.74,8,8,4.1,1,5,9,17,4.360000000000127
1818,0.1566,0.395,1.283,3.76,229.0,23.5,923,0.1229,2.19,895,0.1915,3.11,8,8,3.6,1,5,9,18,4.360000000000127
1818,0.1541,0.382,1.27,3.61,229.0,22.4,923,0.1198,2.09,895,0.1895,2.99,8,8,13.5,1,5,9,20,4.360000000000127
1818,0.161,0.377,1.279,3.69,229.0,21.9,923,0.1198,2.06,895,0.2035,3.13,8,8,14.3,1,5,9,21,4.360000000000127
1887,0.0676,0.499,1.2,3.05,237.7,16.0,958,0.0653,2.09,929,0.0698,2.22,7,8,-7.1,1,5,10,12,4.420000000000073
1887,0.1223,0.448,1.277,3.97,237.7,16.7,958,0.1222,2.89,929,0.1224,2.73,7,8,-0.5,1,5,10,14,4.420000000000073
1887,0.1278,0.4,1.24,3.42,237.7,19.0,958,0.1073,2.13,929,0.1489,2.69,8,8,2.0,1,5,10,16,4.420000000000073
1887,0.1409,0.395,1.259,3.63,237.7,20.3,958,0.1175,2.25,929,0.1651,2.86,8,8,2.5,1,5,10,17,4.420000000000073
1887,0.1563,0.399,1.285,3.86,237.7,25.1,958,0.1222,2.24,929,0.1915,3.19,8,8,2.1,1,5,10,18,4.420000000000073
1887,0.1526,0.386,1.269,3.67,237.7,21.2,958,0.116,2.09,929,0.1903,3.08,8,8,12.8,1,5,10,20,4.420000000000073
1887,0.1571,0.38,1.274,3.71,237.7,21.1,958,0.115,2.04,929,0.2006,3.17,8,8,13.5,1,5,10,21,4.420000000000073
1914,0.0677,0.498,1.202,3.09,241.1,15.1,969,0.0675,2.17,945,0.0679,2.19,7,8,-6.2,1,5,11,12,4.440000000000055
1914,0.1217,0.449,1.278,4.0,241.1,16.0,969,0.1221,2.92,945,0.1212,2.74,8,8,2.6,1,5,11,14,4.440000000000055
1914,0.129,0.402,1.243,3.49,241.1,18.4,969,0.1083,2.18,945,0.1502,2.74,8,8,1.3,1,5,11,16,4.440000000000055
1914,0.1428,0.397,1.264,3.71,241.1,19.6,969,0.1192,2.3,945,0.1669,2.92,8,8,1.9,1,5,11,17,4.440000000000055
1914,0.1576,0.4,1.288,3.93,241.1,26.1,969,0.1229,2.27,945,0.1932,3.26,8,8,1.7,1,5,11,18,4.440000000000055
1914,0.1545,0.387,1.274,3.76,241.1,21.3,969,0.1167,2.12,945,0.1932,3.16,8,8,12.6,1,5,11,20,4.440000000000055
1914,0.1582,0.381,1.277,3.78,241.1,20.1,969,0.115,2.06,945,0.2026,3.24,8,8,13.4,1,5,11,21,4.440000000000055
1942,0.0675,0.499,1.204,3.12,244.6,14.7,982,0.0671,2.19,960,0.0678,2.23,7,8,-5.4,1,5,12,12,4.480000000000018
1942,0.1213,0.451,1.278,4.03,244.6,16.9,982,0.1249,3.01,960,0.1177,2.69,8,8,1.1,1,5,12,14,4.480000000000018
1942,0.1311,0.404,1.249,3.58,244.6,18.2,982,0.114,2.31,960,0.1485,2.75,8,8,0.6,1,5,12,16,4.480000000000018
1942,0.1461,0.399,1.272,3.84,244.6,19.6,982,0.1265,2.46,960,0.1661,2.95,8,8,1.6,1,5,12,17,4.480000000000018
1942,0.1589,0.401,1.292,4.01,244.6,25.1,982,0.1278,2.38,960,0.1906,3.26,8,8,1.8,1,5,12,18,4.480000000000018
1942,0.1564,0.388,1.278,3.85,244.6,20.4,982,0.1198,2.2,960,0.1938,3.21,8,8,14.0,1,5,12,20,4.480000000000018
1942,0.1609,0.384,1.283,3.88,244.6,20.1,982,0.1194,2.15,960,0.2034,3.29,8,8,14.5,1,5,12,21,4.480000000000018
1969,0.1196,0.449,1.275,4.02,248.0,16.9,993,0.1218,2.96,976,0.1174,2.73,8,8,2.9,1,5,13,14,4.519999999999982
1969,0.131,0.404,1.25,3.62,248.0,18.9,993,0.1119,2.29,976,0.1505,2.81,8,8,0.3,1,5,13,16,4.519999999999982
1969,0.1454,0.399,1.271,3.86,248.0,19.6,993,0.1244,2.44,976,0.1669,3.0,8,8,1.3,1,5,13,17,4.519999999999982
1969,0.1579,0.401,1.291,4.02,248.0,25.7,993,0.1256,2.36,976,0.1908,3.3,8,8,1.6,1,5,13,18,4.519999999999982
1969,0.1561,0.389,1.279,3.88,248.0,20.8,993,0.1186,2.19,976,0.1943,3.26,8,8,14.2,1,5,13,20,4.519999999999982
1969,0.16,0.384,1.282,3.9,248.0,20.6,993,0.1175,2.14,976,0.2034,3.33,8,8,14.5,1,5,13,21,4.519999999999982
2001,0.1165,0.448,1.27,3.97,252.0,16.2,1014,0.1172,2.91,987,0.1158,2.71,8,8,3.0,1,5,14,14,4.550000000000182
2017,0.1278,0.405,1.246,3.61,254.0,19.1,1023,0.1067,2.24,994,0.1496,2.84,8,8,0.1,1,5,15,16,4.570000000000164
2017,0.142,0.401,1.267,3.85,254.0,19.8,1023,0.1194,2.41,994,0.1653,3.01,8,8,0.6,1,5,15,17,4.570000000000164
2017,0.1538,0.404,1.285,4.0,254.0,26.6,1023,0.1189,2.3,994,0.1897,3.33,8,8,0.8,1,5,15,18,4.570000000000164
2017,0.1504,0.389,1.27,3.82,254.0,21.8,1023,0.1099,2.09,994,0.1922,3.27,8,8,12.6,1,5,15,20,4.570000000000164
2017,0.1536,0.385,1.272,3.82,254.0,21.6,1023,0.1074,2.01,994,0.2011,3.34,8,8,12.5,1,5,15,21,4.570000000000164
1740,0.0375,0.498,1.115,1.75,219.2,18.0,892,0.0253,0.84,848,0.0502,1.66,7,8,-7.6,1,6,9,12,4.654999999999973
1740,0.0828,0.451,1.192,2.79,219.2,27.7,892,0.0823,2.01,848,0.0834,1.93,7,8,-9.8,1,6,9,14,4.654999999999973
1740,0.0927,0.403,1.177,2.54,219.2,24.6,892,0.0846,1.69,848,0.1011,1.91,7,8,-7.0,1,6,9,16,4.654999999999973
1740,0.1015,0.401,1.19,2.67,219.2,24.5,892,0.0913,1.76,848,0.1121,2.02,7,8,-3.8,1,6,9,17,4.654999999999973
1740,0.119,0.398,1.22,3.0,219.2,25.7,892,0.0964,1.76,848,0.1428,2.47,7,8,-4.0,1,6,9,18,4.654999999999973
1740,0.1138,0.386,1.204,2.81,219.2,24.8,892,0.0912,1.63,848,0.1376,2.34,8,8,4.6,1,6,9,20,4.654999999999973
1740,0.1224,0.384,1.217,2.96,219.2,24.4,892,0.0919,1.62,848,0.1546,2.56,8,8,5.0,1,6,9,21,4.654999999999973
1831,0.0432,0.5,1.136,2.1,230.6,17.2,942,0.0325,1.12,889,0.0546,1.86,7,8,-3.6,1,6,10,12,4.710000000000036
1831,0.0857,0.451,1.201,2.99,230.6,25.0,942,0.0847,2.15,889,0.0869,2.07,7,8,-6.2,1,6,10,14,4.710000000000036
1831,0.0903,0.405,1.174,2.57,230.6,22.5,942,0.0744,1.55,889,0.107,2.08,7,8,-9.4,1,6,10,16,4.710000000000036
1831,0.1002,0.403,1.189,2.73,230.6,24.3,942,0.0836,1.68,889,0.1178,2.18,7,8,-7.4,1,6,10,17,4.710000000000036
1831,0.1154,0.401,1.216,3.02,230.6,29.3,942,0.0876,1.67,889,0.1448,2.59,7,8,-7.5,1,6,10,18,4.710000000000036
1831,0.1097,0.389,1.198,2.81,230.6,24.2,942,0.081,1.52,889,0.14,2.45,8,8,1.9,1,6,10,20,4.710000000000036
1831,0.1146,0.387,1.205,2.88,230.6,24.3,942,0.0789,1.46,889,0.1524,2.61,8,8,2.1,1,6,10,21,4.710000000000036
1868,0.0428,0.501,1.136,2.11,235.3,17.7,960,0.0335,1.17,908,0.0528,1.83,7,8,-2.7,1,6,11,12,4.740000000000009
1868,0.0853,0.452,1.202,3.02,235.3,21.9,960,0.0837,2.16,908,0.087,2.11,7,8,-3.1,1,6,11,14,4.740000000000009
1868,0.0922,0.407,1.179,2.66,235.3,23.3,960,0.0761,1.61,908,0.1091,2.15,7,8,-10.2,1,6,11,16,4.740000000000009
1868,0.1032,0.405,1.196,2.86,235.3,24.5,960,0.0866,1.76,908,0.1208,2.27,7,8,-7.9,1,6,11,17,4.740000000000009
1868,0.1175,0.403,1.221,3.12,235.3,30.3,960,0.0894,1.73,908,0.1473,2.67,7,8,-7.6,1,6,11,18,4.740000000000009
1868,0.1137,0.391,1.207,2.95,235.3,25.3,960,0.0852,1.61,908,0.1439,2.56,8,8,2.6,1,6,11,20,4.740000000000009
1868,0.1181,0.389,1.212,3.01,235.3,24.3,960,0.0833,1.55,908,0.1549,2.69,8,8,2.8,1,6,11,21,4.740000000000009
1906,0.0435,0.5,1.141,2.19,240.1,17.7,977,0.0339,1.21,929,0.0536,1.9,7,8,-0.9,1,6,12,12,4.7549999999999955
1906,0.0886,0.454,1.211,3.17,240.1,19.3,977,0.087,2.27,929,0.0903,2.21,8,8,0.8,1,6,12,14,4.7549999999999955
1906,0.0973,0.41,1.19,2.83,240.1,22.2,977,0.0813,1.74,929,0.1141,2.26,7,8,-10.0,1,6,12,16,4.7549999999999955
1906,0.1095,0.408,1.209,3.06,240.1,23.3,977,0.0934,1.92,929,0.1265,2.39,7,8,-7.2,1,6,12,17,4.7549999999999955
1906,0.1218,0.405,1.23,3.26,240.1,28.7,977,0.0944,1.85,929,0.1505,2.76,7,8,-7.0,1,6,12,18,4.7549999999999955
1906,0.1191,0.393,1.218,3.13,240.1,24.2,977,0.0891,1.71,929,0.1506,2.7,8,8,5.1,1,6,12,20,4.7549999999999955
1906,0.1238,0.392,1.223,3.18,240.1,23.1,977,0.0881,1.67,929,0.1613,2.82,8,8,5.1,1,6,12,21,4.7549999999999955
1939,0.0875,0.454,1.21,3.17,244.2,17.2,992,0.0862,2.28,947,0.0889,2.21,8,8,2.6,1,6,13,14,4.779999999999973
1939,0.0972,0.411,1.191,2.86,244.2,22.7,992,0.0791,1.71,947,0.1161,2.33,7,8,-9.5,1,6,13,16,4.779999999999973
1939,0.1086,0.408,1.208,3.07,244.2,23.4,992,0.0912,1.9,947,0.1268,2.43,7,8,-7.2,1,6,13,17,4.779999999999973
1939,0.1207,0.406,1.229,3.27,244.2,29.3,992,0.0925,1.83,947,0.1501,2.79,7,8,-6.7,1,6,13,18,4.779999999999973
1939,0.1192,0.394,1.219,3.17,244.2,23.7,992,0.0894,1.74,947,0.1505,2.73,8,8,6.0,1,6,13,20,4.779999999999973
1939,0.1234,0.393,1.224,3.22,244.2,23.0,992,0.0879,1.68,947,0.1606,2.85,8,8,5.8,1,6,13,21,4.779999999999973
1988,0.0889,0.454,1.215,3.28,250.4,16.6,1020,0.0849,2.29,968,0.093,2.35,8,8,4.0,1,6,14,14,4.823500000000081
2006,0.0983,0.412,1.196,2.96,252.7,23.9,1029,0.0791,1.76,977,0.1185,2.42,7,8,-9.8,1,6,15,16,4.860000000000014
2006,0.1102,0.411,1.214,3.19,252.7,25.0,1029,0.0922,1.97,977,0.1292,2.53,7,8,-8.2,1,6,15,17,4.860000000000014
2006,0.1218,0.409,1.233,3.38,252.7,31.1,1029,0.0915,1.86,977,0.1536,2.91,7,8,-7.5,1,6,15,18,4.860000000000014
2006,0.1192,0.395,1.221,3.25,252.7,26.3,1029,0.0875,1.75,977,0.1524,2.83,8,8,4.3,1,6,15,20,4.860000000000014
2006,0.1218,0.395,1.223,3.26,252.7,25.6,1029,0.0845,1.66,977,0.1611,2.93,8,8,3.5,1,6,15,21,4.860000000000014
1546,0.0263,0.494,1.094,1.33,194.7,14.5,773,0.017,0.6,773,0.0356,1.29,7,8,-1.3,1,7,9,12,5.0049999999999955
1546,0.073,0.469,1.186,2.56,194.7,19.2,773,0.0806,1.99,773,0.0654,1.62,8,8,6.0,1,7,9,14,5.0049999999999955
1546,0.0826,0.418,1.169,2.29,194.7,24.3,773,0.0854,1.66,773,0.0798,1.57,6,8,-7.8,1,7,9,16,5.0049999999999955
1546,0.0884,0.413,1.175,2.36,194.7,25.9,773,0.0938,1.75,773,0.083,1.58,6,8,-4.2,1,7,9,17,5.0049999999999955
1546,0.1084,0.415,1.213,2.76,194.7,27.5,773,0.0992,1.77,773,0.1175,2.13,7,8,-5.2,1,7,9,18,5.0049999999999955
1546,0.1035,0.4,1.196,2.59,194.7,26.9,773,0.0977,1.71,773,0.1094,1.96,7,8,-0.7,1,7,9,20,5.0049999999999955
1546,0.1107,0.398,1.207,2.71,194.7,25.6,773,0.0971,1.67,773,0.1243,2.15,7,8,-1.1,1,7,9,21,5.0049999999999955
1688,0.0395,0.499,1.146,2.09,212.6,13.9,856,0.0396,1.46,832,0.0395,1.5,7,8,-0.4,1,7,10,12,5.074999999999932
1688,0.0785,0.467,1.203,2.9,212.6,17.0,856,0.0887,2.33,832,0.0679,1.76,8,8,3.6,1,7,10,14,5.074999999999932
1688,0.0787,0.421,1.162,2.31,212.6,27.6,856,0.0733,1.53,832,0.0843,1.73,6,8,-13.0,1,7,10,16,5.074999999999932
1688,0.0841,0.415,1.169,2.38,212.6,28.4,856,0.0805,1.61,832,0.0879,1.75,6,8,-11.7,1,7,10,17,5.074999999999932
1688,0.1011,0.416,1.201,2.73,212.6,31.9,856,0.083,1.6,832,0.1196,2.27,7,8,-13.0,1,7,10,18,5.074999999999932
1688,0.0947,0.402,1.181,2.52,212.6,28.7,856,0.0783,1.48,832,0.1116,2.08,7,8,-7.4,1,7,10,20,5.074999999999932
1688,0.0975,0.399,1.183,2.54,212.6,27.3,856,0.0728,1.36,832,0.123,2.23,7,8,-7.4,1,7,10,21,5.074999999999932
1770,0.0385,0.499,1.146,2.12,222.9,14.0,892,0.0394,1.5,878,0.0377,1.5,7,8,-1.5,1,7,11,12,5.1235000000000355
1770,0.0811,0.472,1.213,3.1,222.9,18.1,892,0.0909,2.46,878,0.0713,1.92,8,8,4.2,1,7,11,14,5.1235000000000355
1770,0.0849,0.425,1.178,2.57,222.9,26.5,892,0.0765,1.64,878,0.0934,1.99,6,8,-12.7,1,7,11,16,5.1235000000000355
1770,0.0907,0.42,1.184,2.64,222.9,28.3,892,0.0835,1.72,878,0.0979,2.02,6,8,-10.9,1,7,11,17,5.1235000000000355
1770,0.107,0.421,1.215,2.99,222.9,33.9,892,0.0849,1.68,878,0.1294,2.55,7,8,-11.8,1,7,11,18,5.1235000000000355
1770,0.1015,0.406,1.196,2.78,222.9,30.7,892,0.0812,1.58,878,0.122,2.36,7,8,-6.1,1,7,11,20,5.1235000000000355
1770,0.1046,0.405,1.199,2.81,222.9,29.3,892,0.0762,1.46,878,0.1333,2.51,7,8,-6.2,1,7,11,21,5.1235000000000355
1823,0.0387,0.499,1.15,2.19,229.6,13.8,916,0.0395,1.54,907,0.038,1.56,7,8,-1.5,1,7,12,12,5.160000000000082
1823,0.0827,0.473,1.218,3.2,229.6,18.2,916,0.0927,2.56,907,0.0726,1.97,8,8,6.2,1,7,12,14,5.160000000000082
1823,0.0884,0.426,1.185,2.7,229.6,24.9,916,0.0802,1.75,907,0.0966,2.07,6,8,-9.7,1,7,12,16,5.160000000000082
1823,0.0955,0.421,1.195,2.81,229.6,24.4,916,0.089,1.86,907,0.1022,2.12,6,8,-7.4,1,7,12,17,5.160000000000082
1823,0.1095,0.42,1.221,3.09,229.6,29.7,916,0.089,1.78,907,0.1302,2.59,7,8,-8.6,1,7,12,18,5.160000000000082
1823,0.1052,0.406,1.203,2.92,229.6,26.7,916,0.0832,1.65,907,0.1274,2.48,6,8,-1.5,1,7,12,20,5.160000000000082
1823,0.1086,0.405,1.207,2.95,229.6,25.9,916,0.0794,1.54,907,0.1381,2.62,7,8,-1.7,1,7,12,21,5.160000000000082
1879,0.0805,0.472,1.214,3.19,236.7,19.9,942,0.0923,2.6,937,0.0687,1.91,8,8,4.5,1,7,13,14,5.229999999999791
1879,0.0873,0.426,1.184,2.72,236.7,26.9,942,0.0801,1.78,937,0.0945,2.07,6,8,-13.3,1,7,13,16,5.229999999999791
1879,0.0937,0.421,1.192,2.82,236.7,25.4,942,0.0897,1.91,937,0.0977,2.07,6,8,-11.5,1,7,13,17,5.229999999999791
1879,0.107,0.42,1.216,3.08,236.7,31.4,942,0.0903,1.84,937,0.1237,2.52,7,8,-12.8,1,7,13,18,5.229999999999791
1879,0.1032,0.406,1.201,2.93,236.7,28.0,942,0.0869,1.75,937,0.1196,2.39,6,8,-4.8,1,7,13,20,5.229999999999791
1879,0.1062,0.407,1.204,2.95,236.7,27.2,942,0.0826,1.64,937,0.13,2.53,7,8,-5.6,1,7,13,21,5.229999999999791
1954,0.0827,0.469,1.224,3.36,246.1,20.6,983,0.0881,2.56,971,0.0772,2.19,8,8,6.1,1,7,14,14,5.300000000000182
1985,0.0896,0.429,1.193,2.9,250.0,28.8,998,0.0787,1.83,987,0.1006,2.27,6,8,-12.5,1,7,15,16,5.339999999999918
1985,0.0964,0.424,1.201,3.01,250.0,27.1,998,0.0886,1.97,987,0.1044,2.28,5,8,-9.5,1,7,15,17,5.339999999999918
1985,0.1091,0.423,1.224,3.26,250.0,30.3,998,0.0863,1.84,987,0.1321,2.77,6,8,-10.4,1,7,15,18,5.339999999999918
1985,0.1031,0.408,1.203,3.04,250.0,27.5,998,0.0792,1.67,987,0.1272,2.62,6,8,-4.4,1,7,15,20,5.339999999999918
1985,0.1038,0.408,1.201,2.99,250.0,27.1,998,0.0727,1.5,987,0.1353,2.72,6,8,-5.2,1,7,15,21,5.339999999999918
1090,0.0004,0.483,1.002,0.02,137.4,19.1,561,-0.017,-0.61,529,0.0189,0.72,4,8,-6.3,1,8,9,12,5.608499999999935
1090,0.0443,0.47,1.126,1.48,137.4,24.0,561,0.0486,1.22,529,0.0398,0.88,6,8,-12.1,1,8,9,14,5.608499999999935
1090,0.0441,0.431,1.097,1.15,137.4,25.9,561,0.0469,0.92,529,0.0412,0.72,5,8,-13.6,1,8,9,16,5.608499999999935
1090,0.044,0.42,1.094,1.11,137.4,26.9,561,0.0539,1.0,529,0.0334,0.57,4,8,-13.1,1,8,9,17,5.608499999999935
1090,0.0687,0.427,1.145,1.64,137.4,24.5,561,0.0623,1.12,529,0.0755,1.21,5,8,-5.6,1,8,9,18,5.608499999999935
1090,0.059,0.409,1.119,1.39,137.4,24.3,561,0.0543,0.95,529,0.064,1.01,6,8,-5.7,1,8,9,20,5.608499999999935
1090,0.0596,0.413,1.118,1.38,137.4,27.4,561,0.0459,0.81,529,0.074,1.13,5,8,-2.9,1,8,9,21,5.608499999999935
1348,0.0202,0.491,1.092,1.17,169.9,13.5,700,0.0185,0.74,648,0.0221,0.93,6,8,-2.1,1,8,10,12,5.753500000000031
1348,0.0533,0.47,1.154,1.98,169.9,28.8,700,0.0677,1.85,648,0.0378,0.95,6,8,-9.1,1,8,10,14,5.753500000000031
1348,0.0519,0.435,1.116,1.51,169.9,28.8,700,0.0548,1.18,648,0.0489,0.96,6,8,-18.0,1,8,10,16,5.753500000000031
1348,0.0518,0.425,1.112,1.46,169.9,28.0,700,0.0601,1.23,648,0.0429,0.83,5,8,-16.4,1,8,10,17,5.753500000000031
1348,0.0725,0.43,1.156,1.96,169.9,27.8,700,0.0646,1.28,648,0.081,1.48,5,8,-11.9,1,8,10,18,5.753500000000031
1348,0.0633,0.414,1.13,1.67,169.9,27.0,700,0.0543,1.06,648,0.0729,1.3,6,8,-10.5,1,8,10,20,5.753500000000031
1348,0.0568,0.414,1.114,1.49,169.9,27.3,700,0.039,0.76,648,0.076,1.33,5,8,-8.6,1,8,10,21,5.753500000000031
1497,0.0214,0.492,1.102,1.35,188.7,16.0,767,0.0195,0.83,730,0.0234,1.1,5,8,-3.0,1,8,11,12,5.759999999999991
1497,0.0535,0.473,1.159,2.14,188.7,26.8,767,0.0676,1.96,730,0.0387,1.07,6,8,-7.0,1,8,11,14,5.759999999999991
1497,0.0593,0.441,1.135,1.85,188.7,27.3,767,0.0524,1.19,730,0.0666,1.42,6,8,-14.8,1,8,11,16,5.759999999999991
1497,0.0613,0.431,1.136,1.85,188.7,26.5,767,0.0596,1.3,730,0.0631,1.32,5,8,-10.5,1,8,11,17,5.759999999999991
1497,0.0818,0.435,1.179,2.36,188.7,24.7,767,0.0628,1.32,730,0.1018,2.0,6,8,-9.2,1,8,11,18,5.759999999999991
1497,0.0777,0.42,1.163,2.17,188.7,25.3,767,0.0556,1.15,730,0.1008,1.91,7,8,-10.1,1,8,11,20,5.759999999999991
1497,0.0721,0.421,1.148,1.99,188.7,29.2,767,0.042,0.87,730,0.1036,1.92,7,8,-9.0,1,8,11,21,5.759999999999991
1612,0.0222,0.489,1.111,1.5,203.0,15.9,822,0.0191,0.87,790,0.0254,1.28,6,8,-2.8,1,8,12,12,5.811500000000024
1612,0.0595,0.477,1.18,2.47,203.0,21.0,822,0.0684,2.08,790,0.0502,1.42,6,8,-1.7,1,8,12,14,5.811500000000024
1612,0.0684,0.447,1.158,2.2,203.0,27.3,822,0.0564,1.32,790,0.081,1.78,6,8,-14.6,1,8,12,16,5.811500000000024
1612,0.0753,0.437,1.169,2.33,203.0,23.3,822,0.0704,1.57,790,0.0804,1.73,6,8,-9.9,1,8,12,17,5.811500000000024
1612,0.0936,0.436,1.208,2.77,203.0,22.7,822,0.0737,1.59,790,0.1142,2.33,6,8,-4.9,1,8,12,18,5.811500000000024
1612,0.0906,0.424,1.192,2.61,203.0,24.4,822,0.0664,1.4,790,0.1158,2.27,7,8,-7.4,1,8,12,20,5.811500000000024
1612,0.0879,0.427,1.183,2.5,203.0,24.1,822,0.0573,1.2,790,0.1197,2.31,7,8,-5.1,1,8,12,21,5.811500000000024
1736,0.0589,0.476,1.181,2.58,218.6,16.7,878,0.0617,1.98,858,0.0559,1.68,8,8,0.8,1,8,13,14,5.920000000000073
1736,0.0717,0.449,1.17,2.43,218.6,28.7,878,0.0531,1.31,858,0.0907,2.1,5,8,-17.3,1,8,13,16,5.920000000000073
1736,0.0787,0.44,1.18,2.56,218.6,24.8,878,0.072,1.68,858,0.0855,1.94,6,8,-12.6,1,8,13,17,5.920000000000073
1736,0.0941,0.44,1.212,2.93,218.6,27.1,878,0.0734,1.65,858,0.1153,2.49,6,8,-7.4,1,8,13,18,5.920000000000073
1736,0.0904,0.426,1.194,2.75,218.6,29.5,878,0.0664,1.47,858,0.1149,2.39,7,8,-11.6,1,8,13,20,5.920000000000073
1736,0.086,0.43,1.182,2.58,218.6,26.6,878,0.0568,1.25,858,0.1159,2.37,7,8,-9.0,1,8,13,21,5.920000000000073
1883,0.0575,0.47,1.182,2.66,237.2,18.5,951,0.0517,1.76,932,0.0633,2.0,7,8,-0.4,1,8,14,14,5.960000000000036
1943,0.0698,0.449,1.17,2.54,244.7,33.3,982,0.0419,1.13,961,0.0982,2.43,5,8,-24.2,1,8,15,16,6.029999999999973
1943,0.0775,0.44,1.182,2.71,244.7,28.9,982,0.06,1.53,961,0.0953,2.3,6,8,-18.9,1,8,15,17,6.029999999999973
1943,0.0896,0.438,1.206,3.01,244.7,31.2,982,0.0563,1.38,961,0.1238,2.85,6,8,-14.6,1,8,15,18,6.029999999999973
1943,0.0824,0.425,1.18,2.69,244.7,34.2,982,0.0459,1.11,961,0.1196,2.66,6,8,-18.6,1,8,15,20,6.029999999999973
1943,0.0771,0.428,1.165,2.49,244.7,31.9,982,0.0357,0.85,961,0.1193,2.62,6,8,-16.4,1,8,15,21,6.029999999999973
785,0.039,0.492,1.258,2.21,99.0,5.4,406,0.0698,2.7,379,0.006,0.25,7,8,-0.3,1,9,10,12,6.669999999999845
785,0.0567,0.478,1.196,1.86,99.0,13.8,406,0.0751,1.76,379,0.037,0.84,6,8,-2.5,1,9,10,14,6.669999999999845
785,0.052,0.45,1.132,1.29,99.0,23.8,406,0.0308,0.57,379,0.0747,1.24,5,8,-17.3,1,9,10,16,6.669999999999845
785,0.0566,0.456,1.139,1.37,99.0,23.1,406,0.0411,0.73,379,0.0731,1.2,6,8,-14.8,1,9,10,17,6.669999999999845
785,0.0664,0.447,1.161,1.58,99.0,20.4,406,0.0383,0.66,379,0.0965,1.56,6,8,-16.0,1,9,10,18,6.669999999999845
785,0.0713,0.446,1.164,1.63,99.0,20.4,406,0.0453,0.77,379,0.0993,1.53,6,8,-15.0,1,9,10,20,6.669999999999845
785,0.0549,0.438,1.123,1.26,99.0,24.7,406,0.021,0.36,379,0.0911,1.4,6,8,-15.1,1,9,10,21,6.669999999999845
1084,0.045,0.497,1.325,3.15,136.6,7.1,549,0.0601,2.85,535,0.0294,1.53,8,8,1.8,1,9,11,12,6.5499999999999545
1084,0.0782,0.492,1.285,3.07,136.6,12.4,549,0.0843,2.35,535,0.0719,1.99,8,8,2.2,1,9,11,14,6.5499999999999545
1084,0.0756,0.463,1.2,2.25,136.6,20.6,549,0.0473,1.03,535,0.1047,2.14,5,8,-6.2,1,9,11,16,6.5499999999999545
1084,0.0791,0.459,1.201,2.29,136.6,22.2,549,0.06,1.25,535,0.0987,1.98,6,8,-11.6,1,9,11,17,6.5499999999999545
1084,0.0936,0.452,1.233,2.61,136.6,23.5,549,0.0622,1.24,535,0.1259,2.46,7,8,-11.4,1,9,11,18,6.5499999999999545
1084,0.1,0.447,1.237,2.65,136.6,22.1,549,0.0745,1.42,535,0.1262,2.31,7,8,-8.3,1,9,11,20,6.5499999999999545
1084,0.0892,0.444,1.207,2.35,136.6,21.8,549,0.0594,1.14,535,0.1197,2.18,7,8,-8.7,1,9,11,21,6.5499999999999545
1290,0.0428,0.495,1.335,3.46,162.5,6.6,641,0.0534,2.89,649,0.0322,1.96,8,8,1.9,1,9,12,12,6.599999999999909
1290,0.0865,0.5,1.327,3.69,162.5,12.5,641,0.0843,2.61,649,0.0887,2.61,8,8,4.9,1,9,12,14,6.599999999999909
1290,0.0874,0.472,1.238,2.81,162.5,22.4,641,0.0568,1.33,649,0.1177,2.61,6,8,-8.4,1,9,12,16,6.599999999999909
1290,0.0954,0.465,1.249,2.94,162.5,19.7,641,0.0718,1.59,649,0.1188,2.55,7,8,-2.7,1,9,12,17,6.599999999999909
1290,0.1054,0.451,1.268,3.14,162.5,16.2,641,0.0718,1.52,649,0.1385,2.91,8,8,0.8,1,9,12,18,6.599999999999909
1290,0.1129,0.448,1.272,3.23,162.5,16.2,641,0.083,1.71,649,0.1424,2.84,8,8,2.3,1,9,12,20,6.599999999999909
1290,0.1067,0.45,1.252,3.02,162.5,18.8,641,0.0728,1.48,649,0.1401,2.77,8,8,1.0,1,9,12,21,6.599999999999909
1502,0.0766,0.493,1.295,3.64,189.2,16.5,746,0.078,2.69,756,0.0752,2.46,8,8,1.7,1,9,13,14,6.689999999999941
1502,0.0785,0.471,1.216,2.79,189.2,26.1,746,0.0504,1.31,756,0.1062,2.59,6,8,-11.0,1,9,13,16,6.689999999999941
1502,0.0829,0.463,1.218,2.83,189.2,24.5,746,0.0662,1.62,756,0.0994,2.36,6,8,-7.6,1,9,13,17,6.689999999999941
1502,0.0908,0.451,1.232,3.0,189.2,21.8,746,0.0654,1.53,756,0.1158,2.7,6,8,-7.8,1,9,13,18,6.689999999999941
1502,0.0946,0.444,1.229,3.0,189.2,21.6,746,0.0737,1.68,756,0.1153,2.55,7,8,-8.6,1,9,13,20,6.689999999999941
1502,0.086,0.449,1.204,2.71,189.2,24.5,746,0.0628,1.42,756,0.1089,2.39,6,8,-7.2,1,9,13,21,6.689999999999941
1765,0.0677,0.485,1.269,3.56,222.3,19.0,887,0.0593,2.31,878,0.0761,2.71,7,8,-4.8,1,9,14,14,6.7029999999999745
1866,0.069,0.466,1.196,2.81,235.0,34.9,949,0.0399,1.22,917,0.0992,2.69,6,8,-21.3,1,9,15,16,6.795000000000073
1866,0.0778,0.46,1.209,3.01,235.0,29.1,949,0.0575,1.65,917,0.0988,2.58,6,8,-15.0,1,9,15,17,6.795000000000073
1866,0.0872,0.451,1.229,3.26,235.0,26.7,949,0.0547,1.51,917,0.1208,3.06,6,8,-13.5,1,9,15,18,6.795000000000073
1866,0.0826,0.441,1.202,2.97,235.0,26.6,949,0.0514,1.37,917,0.1149,2.79,7,8,-13.4,1,9,15,20,6.795000000000073
1866,0.0731,0.443,1.175,2.61,235.0,32.1,949,0.0407,1.07,917,0.1067,2.58,6,8,-12.9,1,9,15,21,6.795000000000073
1920,0.1091,0.465,1.264,3.81,241.8,17.1,965,0.1024,2.56,955,0.1159,2.84,8,8,5.5,2,5,9,12,3.4664999999998827
1920,0.151,0.409,1.292,4.07,241.8,19.5,965,0.1384,2.71,955,0.1636,3.04,8,8,1.0,2,5,9,14,3.4664999999998827
1920,0.1637,0.353,1.271,3.69,241.8,26.2,965,0.1306,2.17,955,0.1972,3.02,7,8,-12.7,2,5,9,16,3.4664999999998827
1920,0.1778,0.349,1.289,3.84,241.8,29.8,965,0.1438,2.26,955,0.2121,3.15,7,8,-14.5,2,5,9,17,3.4664999999998827
1920,0.1895,0.343,1.304,3.91,241.8,37.2,965,0.146,2.19,955,0.2334,3.31,7,8,-15.1,2,5,9,18,3.4664999999998827
1920,0.1872,0.33,1.294,3.78,241.8,33.4,965,0.1324,1.98,955,0.2426,3.32,7,8,-6.3,2,5,9,20,3.4664999999998827
1920,0.1898,0.326,1.295,3.77,241.8,32.0,965,0.1251,1.86,955,0.2551,3.41,7,8,-5.1,2,5,9,21,3.4664999999998827
1965,0.1076,0.465,1.263,3.84,247.5,16.6,989,0.1021,2.6,976,0.1132,2.83,8,8,8.3,2,5,10,12,3.51299999999992
1965,0.1492,0.41,1.29,4.1,247.5,19.8,989,0.1398,2.79,976,0.1588,3.0,8,8,1.7,2,5,10,14,3.51299999999992
1965,0.1578,0.354,1.263,3.63,247.5,27.2,989,0.1252,2.12,976,0.1907,2.98,7,8,-12.6,2,5,10,16,3.51299999999992
1965,0.1735,0.352,1.283,3.82,247.5,30.4,989,0.141,2.26,976,0.2064,3.12,7,8,-14.4,2,5,10,17,3.51299999999992
1965,0.1854,0.346,1.299,3.9,247.5,37.8,989,0.1437,2.2,976,0.2277,3.29,7,8,-14.6,2,5,10,18,3.51299999999992
1965,0.1805,0.332,1.284,3.72,247.5,33.1,989,0.1282,1.96,976,0.2335,3.25,7,8,-4.9,2,5,10,20,3.51299999999992
1965,0.1831,0.327,1.286,3.71,247.5,31.8,989,0.1213,1.84,976,0.2457,3.35,7,8,-3.6,2,5,10,21,3.51299999999992
1977,0.1069,0.466,1.262,3.84,249.0,16.6,993,0.1021,2.61,984,0.1117,2.81,8,8,8.7,2,5,11,12,3.5299999999999727
1977,0.148,0.41,1.288,4.09,249.0,19.6,993,0.1392,2.79,984,0.1568,2.98,8,8,3.8,2,5,11,14,3.5299999999999727
1977,0.1571,0.355,1.262,3.63,249.0,28.2,993,0.1257,2.14,984,0.1888,2.97,7,8,-12.6,2,5,11,16,3.5299999999999727
1977,0.1732,0.352,1.283,3.83,249.0,30.4,993,0.1414,2.28,984,0.2052,3.12,7,8,-14.4,2,5,11,17,3.5299999999999727
1977,0.1848,0.346,1.299,3.91,249.0,37.8,993,0.1434,2.21,984,0.2266,3.29,7,8,-14.6,2,5,11,18,3.5299999999999727
1977,0.1796,0.332,1.283,3.72,249.0,33.1,993,0.1276,1.96,984,0.2321,3.25,7,8,-4.9,2,5,11,20,3.5299999999999727
1977,0.1823,0.327,1.284,3.71,249.0,31.8,993,0.1206,1.83,984,0.2445,3.35,7,8,-3.6,2,5,11,21,3.5299999999999727
1992,0.1062,0.466,1.262,3.84,250.9,16.4,1000,0.1017,2.62,992,0.1108,2.81,8,8,7.9,2,5,12,12,3.5365000000000464
1992,0.1482,0.41,1.29,4.12,250.9,19.9,1000,0.1402,2.83,992,0.1561,2.99,8,8,3.1,2,5,12,14,3.5365000000000464
1992,0.1586,0.357,1.265,3.69,250.9,26.6,1000,0.128,2.19,992,0.1894,3.0,7,8,-13.2,2,5,12,16,3.5365000000000464
1992,0.1753,0.354,1.288,3.9,250.9,30.0,1000,0.1443,2.34,992,0.2066,3.16,7,8,-14.7,2,5,12,17,3.5365000000000464
1992,0.1873,0.348,1.304,3.98,250.9,36.8,1000,0.1465,2.27,992,0.2283,3.34,7,8,-14.6,2,5,12,18,3.5365000000000464
1992,0.1825,0.334,1.289,3.8,250.9,32.7,1000,0.1311,2.02,992,0.2344,3.31,7,8,-3.5,2,5,12,20,3.5365000000000464
1992,0.1853,0.329,1.29,3.8,250.9,31.8,1000,0.1246,1.9,992,0.2465,3.4,7,8,-2.5,2,5,12,21,3.5365000000000464
2008,0.1453,0.409,1.284,4.07,252.9,19.8,1008,0.1377,2.79,1000,0.153,2.95,8,8,2.2,2,5,13,14,3.550000000000068
2008,0.1549,0.355,1.259,3.63,252.9,28.2,1008,0.1263,2.17,1000,0.1838,2.93,7,8,-14.1,2,5,13,16,3.550000000000068
2008,0.1706,0.353,1.28,3.82,252.9,30.5,1008,0.1419,2.31,1000,0.1994,3.08,7,8,-15.9,2,5,13,17,3.550000000000068
2008,0.1822,0.347,1.295,3.9,252.9,37.4,1008,0.1439,2.24,1000,0.2208,3.26,7,8,-15.7,2,5,13,18,3.550000000000068
2008,0.178,0.332,1.281,3.73,252.9,32.9,1008,0.1295,2.01,1000,0.2268,3.22,7,8,-4.0,2,5,13,20,3.550000000000068
2008,0.1803,0.328,1.282,3.72,252.9,32.3,1008,0.1228,1.89,1000,0.2383,3.31,7,8,-3.1,2,5,13,21,3.550000000000068
2025,0.1419,0.408,1.279,4.0,255.0,19.4,1020,0.1323,2.71,1005,0.1516,2.94,8,8,2.6,2,5,14,14,3.5700000000001637
2034,0.1513,0.355,1.255,3.59,256.2,28.2,1026,0.122,2.13,1008,0.1812,2.91,7,8,-13.7,2,5,15,16,3.5850000000000364
2034,0.1661,0.353,1.274,3.77,256.2,30.5,1026,0.1374,2.28,1008,0.1953,3.03,7,8,-15.9,2,5,15,17,3.5850000000000364
2034,0.177,0.348,1.288,3.84,256.2,37.3,1026,0.1371,2.17,1008,0.2177,3.23,7,8,-15.5,2,5,15,18,3.5850000000000364
2034,0.1709,0.332,1.271,3.63,256.2,33.8,1026,0.1212,1.91,1008,0.2216,3.17,7,8,-4.9,2,5,15,20,3.5850000000000364
2034,0.1732,0.327,1.272,3.62,256.2,33.4,1026,0.1147,1.79,1008,0.2328,3.26,7,8,-4.2,2,5,15,21,3.5850000000000364
1857,0.0716,0.484,1.191,2.86,233.9,21.2,941,0.066,1.83,916,0.0773,2.23,8,8,6.7,2,6,9,12,3.839999999999918
1857,0.1173,0.425,1.242,3.48,233.9,21.1,941,0.1118,2.37,916,0.1229,2.55,8,8,5.8,2,6,9,14,3.839999999999918
1857,0.1343,0.372,1.234,3.24,233.9,32.1,941,0.1207,2.09,916,0.1482,2.49,7,8,-18.5,2,6,9,16,3.839999999999918
1857,0.1469,0.372,1.251,3.39,233.9,33.7,941,0.1328,2.19,916,0.1613,2.61,7,8,-17.3,2,6,9,17,3.839999999999918
1857,0.1592,0.362,1.268,3.52,233.9,40.6,941,0.1367,2.14,916,0.1823,2.85,7,8,-17.5,2,6,9,18,3.839999999999918
1857,0.155,0.35,1.254,3.37,233.9,37.4,941,0.1303,2.0,916,0.1804,2.77,7,8,-8.7,2,6,9,20,3.839999999999918
1857,0.1586,0.348,1.257,3.39,233.9,36.0,941,0.1233,1.88,916,0.1949,2.92,7,8,-7.4,2,6,9,21,3.839999999999918
1926,0.0729,0.482,1.198,2.98,242.6,21.1,982,0.0687,1.96,944,0.0773,2.27,8,8,6.2,2,6,10,12,3.900000000000091
1926,0.1143,0.425,1.237,3.48,242.6,21.1,982,0.1094,2.4,944,0.1194,2.53,8,8,4.5,2,6,10,14,3.900000000000091
1926,0.1226,0.371,1.214,3.05,242.6,34.0,982,0.1032,1.85,944,0.1427,2.46,7,8,-20.8,2,6,10,16,3.900000000000091
1926,0.1364,0.372,1.233,3.25,242.6,36.4,982,0.1177,2.01,944,0.1559,2.59,7,8,-20.2,2,6,10,17,3.900000000000091
1926,0.1481,0.363,1.25,3.37,242.6,43.2,982,0.1214,1.96,944,0.1759,2.82,7,8,-20.1,2,6,10,18,3.900000000000091
1926,0.1423,0.35,1.234,3.19,242.6,39.1,982,0.115,1.83,944,0.1707,2.69,7,8,-10.3,2,6,10,20,3.900000000000091
1926,0.1447,0.348,1.235,3.19,242.6,37.9,982,0.1069,1.69,944,0.1841,2.83,7,8,-8.8,2,6,10,21,3.900000000000091
1947,0.072,0.483,1.197,2.98,245.2,20.8,992,0.0681,1.96,955,0.076,2.26,8,8,6.2,2,6,11,12,3.910000000000082
1947,0.1138,0.425,1.237,3.5,245.2,21.1,992,0.109,2.41,955,0.1187,2.54,8,8,4.5,2,6,11,14,3.910000000000082
1947,0.124,0.373,1.217,3.11,245.2,34.0,992,0.1072,1.94,955,0.1414,2.46,7,8,-20.8,2,6,11,16,3.910000000000082
1947,0.1392,0.374,1.239,3.34,245.2,36.4,992,0.1232,2.12,955,0.1558,2.6,7,8,-20.2,2,6,11,17,3.910000000000082
1947,0.1506,0.365,1.255,3.46,245.2,43.2,992,0.1264,2.06,955,0.1757,2.83,7,8,-20.1,2,6,11,18,3.910000000000082
1947,0.1458,0.352,1.24,3.29,245.2,39.1,992,0.1221,1.96,955,0.1703,2.7,7,8,-10.3,2,6,11,20,3.910000000000082
1947,0.1482,0.35,1.241,3.29,245.2,37.9,992,0.1144,1.82,955,0.1833,2.84,7,8,-8.8,2,6,11,21,3.910000000000082
1968,0.0709,0.482,1.195,2.96,247.9,20.9,1004,0.0668,1.95,964,0.0752,2.26,8,8,6.4,2,6,12,12,3.919999999999959
1968,0.1127,0.425,1.235,3.49,247.9,21.1,1004,0.1069,2.38,964,0.1187,2.56,8,8,3.4,2,6,12,14,3.919999999999959
1968,0.1241,0.376,1.218,3.14,247.9,33.8,1004,0.1064,1.94,964,0.1425,2.5,7,8,-21.4,2,6,12,16,3.919999999999959
1968,0.14,0.376,1.241,3.38,247.9,35.9,1004,0.1235,2.14,964,0.1572,2.65,7,8,-20.5,2,6,12,17,3.919999999999959
1968,0.1517,0.367,1.258,3.51,247.9,42.2,1004,0.1269,2.09,964,0.1776,2.89,7,8,-20.0,2,6,12,18,3.919999999999959
1968,0.1477,0.353,1.244,3.36,247.9,38.6,1004,0.1232,1.99,964,0.1732,2.77,7,8,-8.9,2,6,12,20,3.919999999999959
1968,0.15,0.352,1.245,3.36,247.9,37.9,1004,0.1157,1.86,964,0.1857,2.9,7,8,-7.7,2,6,12,21,3.919999999999959
1991,0.1097,0.424,1.23,3.43,250.8,20.6,1017,0.1056,2.38,974,0.1139,2.47,8,8,3.4,2,6,13,14,3.9600000000000364
1991,0.1185,0.373,1.209,3.03,250.8,34.3,1017,0.1029,1.9,974,0.1348,2.38,7,8,-20.7,2,6,13,16,3.9600000000000364
1991,0.1329,0.374,1.229,3.24,250.8,36.3,1017,0.1185,2.07,974,0.1479,2.51,7,8,-21.1,2,6,13,17,3.9600000000000364
1991,0.1444,0.365,1.245,3.37,250.8,42.8,1017,0.1218,2.03,974,0.1679,2.76,7,8,-20.4,2,6,13,18,3.9600000000000364
1991,0.1412,0.351,1.233,3.24,250.8,38.8,1017,0.1199,1.96,974,0.1634,2.63,7,8,-8.4,2,6,13,20,3.9600000000000364
1991,0.1434,0.35,1.234,3.24,250.8,38.3,1017,0.1128,1.83,974,0.1754,2.76,7,8,-6.9,2,6,13,21,3.9600000000000364
2019,0.1076,0.423,1.227,3.41,254.3,21.6,1033,0.1038,2.36,986,0.1117,2.46,8,8,2.8,2,6,14,14,4.0
2030,0.1151,0.373,1.204,2.99,255.7,34.0,1040,0.1022,1.92,990,0.1287,2.31,7,8,-20.4,2,6,15,16,4.008499999999913
2030,0.1288,0.374,1.223,3.2,255.7,36.3,1040,0.117,2.08,990,0.1413,2.44,7,8,-21.1,2,6,15,17,4.008499999999913
2030,0.1396,0.366,1.238,3.32,255.7,42.7,1040,0.1174,1.99,990,0.163,2.71,7,8,-20.3,2,6,15,18,4.008499999999913
2030,0.1347,0.351,1.223,3.14,255.7,39.8,1040,0.1139,1.89,990,0.1565,2.56,7,8,-9.4,2,6,15,20,4.008499999999913
2030,0.1369,0.35,1.225,3.14,255.7,39.4,1040,0.1078,1.78,990,0.1675,2.68,7,8,-8.0,2,6,15,21,4.008499999999913
1684,0.0467,0.491,1.149,2.15,212.1,17.4,826,0.0343,1.09,858,0.0587,1.95,7,8,-9.6,2,7,9,12,4.339999999999918
1684,0.0965,0.455,1.223,3.11,212.1,19.9,826,0.0902,2.07,858,0.1026,2.33,8,8,0.5,2,7,9,14,4.339999999999918
1684,0.115,0.397,1.217,2.93,212.1,28.6,826,0.0946,1.73,858,0.1347,2.39,7,8,-13.1,2,7,9,16,4.339999999999918
1684,0.1225,0.39,1.224,3.01,212.1,27.0,826,0.1055,1.85,858,0.1388,2.4,6,8,-9.4,2,7,9,17,4.339999999999918
1684,0.1396,0.389,1.253,3.3,212.1,33.5,826,0.1119,1.89,858,0.1662,2.75,6,8,-10.4,2,7,9,18,4.339999999999918
1684,0.1361,0.374,1.238,3.16,212.1,33.2,826,0.11,1.81,858,0.1613,2.64,6,8,-6.9,2,7,9,20,4.339999999999918
1684,0.138,0.371,1.238,3.14,212.1,32.6,826,0.1025,1.66,858,0.1721,2.74,7,8,-8.2,2,7,9,21,4.339999999999918
1807,0.0555,0.492,1.181,2.66,227.6,14.8,905,0.0526,1.77,902,0.0583,2.0,7,8,-6.5,2,7,10,12,4.417000000000144
1807,0.0964,0.454,1.224,3.25,227.6,19.6,905,0.0925,2.26,902,0.1002,2.34,8,8,5.5,2,7,10,14,4.417000000000144
1807,0.103,0.397,1.195,2.76,227.6,31.3,905,0.0765,1.5,902,0.1297,2.38,6,8,-17.4,2,7,10,16,4.417000000000144
1807,0.11,0.391,1.203,2.85,227.6,31.1,905,0.0853,1.6,902,0.1348,2.41,6,8,-15.5,2,7,10,17,4.417000000000144
1807,0.1232,0.388,1.225,3.07,227.6,37.7,905,0.0881,1.59,902,0.1584,2.72,6,8,-16.9,2,7,10,18,4.417000000000144
1807,0.118,0.373,1.207,2.89,227.6,35.0,905,0.0842,1.49,902,0.152,2.58,6,8,-12.3,2,7,10,20,4.417000000000144
1807,0.1181,0.371,1.205,2.84,227.6,34.1,905,0.0748,1.31,902,0.1615,2.67,6,8,-13.1,2,7,10,21,4.417000000000144
1865,0.0551,0.495,1.184,2.72,234.9,14.8,928,0.0543,1.86,937,0.0558,1.98,7,8,-7.2,2,7,11,12,4.447000000000116
1865,0.097,0.455,1.228,3.35,234.9,18.7,928,0.0959,2.38,937,0.098,2.36,8,8,4.5,2,7,11,14,4.447000000000116
1865,0.1045,0.399,1.199,2.86,234.9,31.7,928,0.0837,1.67,937,0.1252,2.36,5,8,-18.4,2,7,11,16,4.447000000000116
1865,0.1122,0.393,1.208,2.97,234.9,32.1,928,0.093,1.78,937,0.1311,2.41,6,8,-16.5,2,7,11,17,4.447000000000116
1865,0.1255,0.391,1.23,3.2,234.9,38.7,928,0.0959,1.76,937,0.1549,2.74,6,8,-17.9,2,7,11,18,4.447000000000116
1865,0.1209,0.376,1.214,3.02,234.9,36.0,928,0.093,1.67,937,0.1485,2.59,6,8,-13.3,2,7,11,20,4.447000000000116
1865,0.1217,0.375,1.212,2.98,234.9,35.1,928,0.0846,1.5,937,0.1585,2.69,6,8,-14.1,2,7,11,21,4.447000000000116
1905,0.0536,0.494,1.181,2.7,239.9,14.6,949,0.0526,1.84,956,0.0546,1.98,7,8,-6.4,2,7,12,12,4.4500000000000455
1905,0.096,0.455,1.227,3.35,239.9,19.6,949,0.0916,2.31,956,0.1004,2.43,8,8,2.5,2,7,12,14,4.4500000000000455
1905,0.104,0.4,1.199,2.88,239.9,32.3,949,0.0802,1.62,956,0.1277,2.44,6,8,-20.4,2,7,12,16,4.4500000000000455
1905,0.1119,0.394,1.208,3.0,239.9,33.6,949,0.0909,1.76,956,0.1327,2.47,6,8,-18.7,2,7,12,17,4.4500000000000455
1905,0.1256,0.392,1.231,3.24,239.9,39.7,949,0.0943,1.76,956,0.1568,2.8,6,8,-19.8,2,7,12,18,4.4500000000000455
1905,0.1217,0.375,1.216,3.08,239.9,37.5,949,0.0909,1.65,956,0.1522,2.68,6,8,-13.9,2,7,12,20,4.4500000000000455
1905,0.1226,0.375,1.214,3.04,239.9,37.6,949,0.0831,1.49,956,0.1618,2.78,6,8,-15.0,2,7,12,21,4.4500000000000455
1945,0.0928,0.454,1.22,3.29,245.0,22.2,969,0.0934,2.39,976,0.0923,2.27,8,8,2.8,2,7,13,14,4.5
1945,0.0988,0.397,1.189,2.78,245.0,35.3,969,0.0818,1.67,976,0.1157,2.25,6,8,-20.3,2,7,13,16,4.5
1945,0.1047,0.392,1.195,2.85,245.0,33.4,969,0.0916,1.8,976,0.1178,2.23,6,8,-20.2,2,7,13,17,4.5
1945,0.1181,0.389,1.217,3.09,245.0,40.3,969,0.0953,1.8,976,0.1407,2.56,6,8,-21.5,2,7,13,18,4.5
1945,0.114,0.373,1.202,2.93,245.0,37.2,969,0.0934,1.72,976,0.1345,2.41,6,8,-14.8,2,7,13,20,4.5
1945,0.1147,0.373,1.2,2.89,245.0,38.1,969,0.086,1.57,976,0.1431,2.5,6,8,-15.8,2,7,13,21,4.5
1991,0.0896,0.45,1.215,3.24,250.8,23.0,994,0.0897,2.34,997,0.0896,2.25,8,8,2.1,2,7,14,14,4.560000000000173
2011,0.0964,0.4,1.187,2.79,253.3,36.7,1006,0.0806,1.7,1005,0.1122,2.23,6,8,-18.5,2,7,15,16,4.599999999999909
2011,0.1021,0.393,1.192,2.86,253.3,31.8,1006,0.0894,1.81,1005,0.1149,2.23,5,8,-17.3,2,7,15,17,4.599999999999909
2011,0.1145,0.391,1.213,3.08,253.3,36.9,1006,0.0888,1.73,1005,0.1403,2.61,6,8,-18.1,2,7,15,18,4.599999999999909
2011,0.1085,0.374,1.193,2.86,253.3,34.7,1006,0.0845,1.6,1005,0.1324,2.43,6,8,-12.3,2,7,15,20,4.599999999999909
2011,0.1083,0.374,1.191,2.8,253.3,35.7,1006,0.0773,1.45,1005,0.1394,2.49,6,8,-13.5,2,7,15,21,4.599999999999909
1199,0.015,0.49,1.059,0.74,151.1,13.1,607,-0.0122,-0.43,592,0.0428,1.51,6,8,-0.8,2,8,9,12,5.0300000000002
1199,0.0625,0.468,1.166,1.99,151.1,24.6,607,0.0547,1.32,592,0.0705,1.49,6,8,-8.9,2,8,9,14,5.0300000000002
1199,0.0821,0.422,1.17,2.0,151.1,27.6,607,0.0573,1.09,592,0.1075,1.7,6,8,-14.8,2,8,9,16,5.0300000000002
1199,0.0836,0.411,1.169,1.98,151.1,27.3,607,0.067,1.21,592,0.1007,1.58,5,8,-12.1,2,8,9,17,5.0300000000002
1199,0.1099,0.415,1.219,2.46,151.1,25.8,607,0.0764,1.32,592,0.1443,2.11,6,8,-6.8,2,8,9,18,5.0300000000002
1199,0.114,0.397,1.217,2.42,151.1,27.2,607,0.0683,1.16,592,0.1609,2.18,6,8,-2.5,2,8,9,20,5.0300000000002
1199,0.11,0.397,1.206,2.32,151.1,30.2,607,0.0538,0.92,592,0.1677,2.24,7,8,-2.4,2,8,9,21,5.0300000000002
1463,0.0267,0.492,1.111,1.48,184.4,14.9,756,0.015,0.59,707,0.0392,1.54,7,8,-0.6,2,8,10,12,5.130000000000109
1463,0.0581,0.467,1.155,2.08,184.4,32.0,756,0.0557,1.49,707,0.0608,1.45,6,8,-11.8,2,8,10,14,5.130000000000109
1463,0.0626,0.42,1.13,1.73,184.4,33.9,756,0.0381,0.81,707,0.0888,1.6,6,8,-21.0,2,8,10,16,5.130000000000109
1463,0.0649,0.41,1.131,1.74,184.4,32.0,756,0.0478,0.97,707,0.083,1.48,5,8,-18.5,2,8,10,17,5.130000000000109
1463,0.0855,0.411,1.171,2.19,184.4,30.3,756,0.0534,1.04,707,0.1199,2.01,6,8,-13.0,2,8,10,18,5.130000000000109
1463,0.0879,0.396,1.168,2.14,184.4,31.4,756,0.0442,0.85,707,0.1346,2.09,6,8,-8.9,2,8,10,20,5.130000000000109
1463,0.0811,0.394,1.153,1.96,184.4,34.9,756,0.0273,0.53,707,0.1387,2.13,6,8,-9.1,2,8,10,21,5.130000000000109
1595,0.0298,0.497,1.13,1.77,201.0,15.7,813,0.0204,0.84,782,0.0396,1.7,8,8,0.7,2,8,11,12,5.1469999999999345
1595,0.0572,0.466,1.155,2.17,201.0,28.8,813,0.0569,1.59,782,0.0575,1.48,6,8,-8.7,2,8,11,14,5.1469999999999345
1595,0.0661,0.423,1.14,1.94,201.0,34.6,813,0.0435,0.97,782,0.0895,1.73,6,8,-19.2,2,8,11,16,5.1469999999999345
1595,0.0721,0.415,1.148,2.04,201.0,32.2,813,0.056,1.19,782,0.0888,1.69,5,8,-13.3,2,8,11,17,5.1469999999999345
1595,0.0919,0.415,1.186,2.48,201.0,32.3,813,0.0613,1.25,782,0.1237,2.22,6,8,-7.5,2,8,11,18,5.1469999999999345
1595,0.0966,0.401,1.188,2.48,201.0,34.0,813,0.0552,1.1,782,0.1396,2.32,6,8,-5.1,2,8,11,20,5.1469999999999345
1595,0.0906,0.401,1.173,2.31,201.0,37.2,813,0.039,0.78,782,0.1442,2.37,6,8,-3.6,2,8,11,21,5.1469999999999345
1709,0.0295,0.493,1.134,1.86,215.2,16.3,866,0.0189,0.82,843,0.0404,1.85,8,8,0.4,2,8,12,12,5.190000000000055
1709,0.065,0.469,1.179,2.53,215.2,21.8,866,0.0513,1.5,843,0.0791,2.06,6,8,-0.6,2,8,12,14,5.190000000000055
1709,0.0799,0.43,1.172,2.41,215.2,36.4,866,0.0457,1.05,843,0.1149,2.3,6,8,-16.2,2,8,12,16,5.190000000000055
1709,0.0907,0.423,1.19,2.63,215.2,30.9,866,0.0662,1.42,843,0.1159,2.27,6,8,-9.9,2,8,12,17,5.190000000000055
1709,0.1106,0.42,1.229,3.06,215.2,28.6,866,0.0749,1.55,843,0.1472,2.73,7,8,-0.1,2,8,12,18,5.190000000000055
1709,0.1154,0.407,1.228,3.05,215.2,29.8,866,0.0705,1.44,843,0.1614,2.79,7,8,-2.5,2,8,12,20,5.190000000000055
1709,0.1117,0.408,1.217,2.92,215.2,31.6,866,0.0587,1.19,843,0.1661,2.84,8,8,0.2,2,8,12,21,5.190000000000055
1817,0.0604,0.466,1.169,2.47,228.8,20.4,915,0.0461,1.41,902,0.0749,2.06,6,8,-1.6,2,8,13,14,5.289999999999964
1817,0.0748,0.43,1.163,2.36,228.8,38.4,915,0.042,1.0,902,0.108,2.27,5,8,-21.8,2,8,13,16,5.289999999999964
1817,0.0819,0.42,1.173,2.49,228.8,33.1,915,0.062,1.39,902,0.1021,2.11,6,8,-15.6,2,8,13,17,5.289999999999964
1817,0.0992,0.417,1.206,2.88,228.8,30.9,915,0.0699,1.5,902,0.129,2.53,6,8,-6.2,2,8,13,18,5.289999999999964
1817,0.1025,0.403,1.203,2.84,228.8,31.2,915,0.0663,1.4,902,0.1392,2.55,7,8,-9.5,2,8,13,20,5.289999999999964
1817,0.0974,0.406,1.19,2.67,228.8,34.5,915,0.0544,1.15,902,0.141,2.55,7,8,-7.5,2,8,13,21,5.289999999999964
1927,0.0549,0.459,1.156,2.35,242.7,21.9,968,0.039,1.24,959,0.0709,2.05,6,8,-4.4,2,8,14,14,5.379999999999882
1975,0.0701,0.431,1.156,2.35,248.7,40.6,995,0.035,0.89,980,0.1057,2.36,5,8,-25.3,2,8,15,16,5.420000000000073
1975,0.0771,0.422,1.166,2.49,248.7,33.6,995,0.0531,1.27,980,0.1013,2.21,6,8,-17.7,2,8,15,17,5.420000000000073
1975,0.0908,0.419,1.192,2.8,248.7,30.9,995,0.0545,1.25,980,0.1278,2.66,6,8,-8.9,2,8,15,18,5.420000000000073
1975,0.0891,0.403,1.179,2.62,248.7,31.9,995,0.0471,1.06,980,0.1316,2.56,7,8,-13.0,2,8,15,20,5.420000000000073
1975,0.0843,0.405,1.166,2.46,248.7,35.4,995,0.0373,0.84,980,0.1319,2.53,7,8,-10.7,2,8,15,21,5.420000000000073
861,0.0407,0.49,1.246,2.23,108.6,9.3,446,0.0596,2.27,415,0.0204,0.81,7,8,-2.0,2,9,10,12,6.2000000000000455
861,0.0586,0.476,1.191,1.91,108.6,17.5,446,0.0573,1.38,415,0.0599,1.33,7,8,-5.3,2,9,10,14,6.2000000000000455
861,0.0451,0.439,1.109,1.14,108.6,31.9,446,-0.0015,-0.03,415,0.0951,1.57,5,8,-17.3,2,9,10,16,6.2000000000000455
861,0.056,0.441,1.131,1.37,108.6,29.0,446,0.0164,0.3,415,0.0986,1.6,6,8,-13.8,2,9,10,17,6.2000000000000455
861,0.0661,0.431,1.152,1.58,108.6,25.6,446,0.0141,0.25,415,0.1219,1.94,6,8,-14.7,2,9,10,18,6.2000000000000455
861,0.0757,0.431,1.165,1.7,108.6,26.7,446,0.0152,0.27,415,0.1407,2.03,6,8,-13.5,2,9,10,20,6.2000000000000455
861,0.0614,0.426,1.132,1.39,108.6,30.8,446,-0.0042,-0.07,415,0.1319,1.91,6,8,-13.0,2,9,10,21,6.2000000000000455
1164,0.0492,0.5,1.326,3.28,146.7,7.7,589,0.0556,2.55,575,0.0426,2.07,8,8,1.0,2,9,11,12,6.043500000000108
1164,0.0854,0.49,1.293,3.25,146.7,14.6,589,0.0726,2.03,575,0.0986,2.56,8,8,4.0,2,9,11,14,6.043500000000108
1164,0.0831,0.454,1.209,2.42,146.7,28.2,589,0.0321,0.71,575,0.1354,2.6,6,8,-8.3,2,9,11,16,6.043500000000108
1164,0.0943,0.449,1.228,2.63,146.7,25.1,589,0.0521,1.09,575,0.1375,2.56,6,8,-8.9,2,9,11,17,6.043500000000108
1164,0.1087,0.439,1.257,2.93,146.7,21.0,589,0.0566,1.13,575,0.1621,2.95,7,8,-7.9,2,9,11,18,6.043500000000108
1164,0.1179,0.438,1.265,3.0,146.7,21.7,589,0.0657,1.27,575,0.1714,2.9,7,8,-3.9,2,9,11,20,6.043500000000108
1164,0.1064,0.436,1.235,2.71,146.7,26.6,589,0.0488,0.94,575,0.1653,2.8,7,8,-4.3,2,9,11,21,6.043500000000108
1375,0.0462,0.496,1.332,3.55,173.2,7.6,684,0.0487,2.53,691,0.0437,2.49,8,8,1.5,2,9,12,12,6.100000000000136
1375,0.0928,0.496,1.326,3.78,173.2,16.8,684,0.0673,2.07,691,0.118,3.21,8,8,2.3,2,9,12,14,6.100000000000136
1375,0.0946,0.46,1.243,2.93,173.2,29.5,684,0.0372,0.88,691,0.1513,3.12,7,8,-12.4,2,9,12,16,6.100000000000136
1375,0.1075,0.456,1.265,3.18,173.2,27.1,684,0.0596,1.31,691,0.155,3.09,7,8,-5.8,2,9,12,17,6.100000000000136
1375,0.1198,0.441,1.289,3.43,173.2,22.5,684,0.0655,1.38,691,0.1736,3.39,7,8,-0.1,2,9,12,18,6.100000000000136
1375,0.1285,0.437,1.293,3.52,173.2,23.8,684,0.0769,1.58,691,0.1795,3.3,8,8,4.8,2,9,12,20,6.100000000000136
1375,0.1209,0.441,1.271,3.29,173.2,24.9,684,0.0649,1.32,691,0.1764,3.23,8,8,6.6,2,9,12,21,6.100000000000136
1581,0.0823,0.489,1.294,3.7,199.1,20.1,788,0.0643,2.18,793,0.1002,3.01,7,8,-3.2,2,9,13,14,6.209999999999809
1581,0.0815,0.459,1.21,2.77,199.1,32.4,788,0.0312,0.81,793,0.1314,2.97,6,8,-16.6,2,9,13,16,6.209999999999809
1581,0.0888,0.45,1.219,2.89,199.1,30.6,788,0.0524,1.26,793,0.1249,2.75,6,8,-10.2,2,9,13,17,6.209999999999809
1581,0.0972,0.436,1.234,3.06,199.1,28.5,788,0.0556,1.29,793,0.1385,2.99,6,8,-7.6,2,9,13,18,6.209999999999809
1581,0.1014,0.429,1.23,3.05,199.1,27.9,788,0.0636,1.43,793,0.1389,2.82,7,8,-7.7,2,9,13,20,6.209999999999809
1581,0.0924,0.434,1.206,2.76,199.1,30.3,788,0.0527,1.17,793,0.1318,2.67,7,8,-7.0,2,9,13,21,6.209999999999809
1816,0.0671,0.479,1.244,3.33,228.7,22.3,913,0.0454,1.71,903,0.0891,2.93,7,8,-8.4,2,9,14,14,6.228500000000054
1910,0.0687,0.455,1.182,2.65,240.6,39.9,973,0.0264,0.79,937,0.1126,2.83,6,8,-25.4,2,9,15,16,6.279999999999973
1910,0.0783,0.449,1.198,2.87,240.6,33.5,973,0.0475,1.32,937,0.1104,2.68,6,8,-16.9,2,9,15,17,6.279999999999973
1910,0.0873,0.439,1.215,3.1,240.6,32.0,973,0.0464,1.24,937,0.1297,3.07,6,8,-12.9,2,9,15,18,6.279999999999973
1910,0.0853,0.427,1.197,2.9,240.6,32.1,973,0.0451,1.16,937,0.127,2.85,7,8,-9.7,2,9,15,20,6.279999999999973
1910,0.0763,0.432,1.172,2.57,240.6,36.4,973,0.0351,0.9,937,0.119,2.66,6,8,-9.0,2,9,15,21,6.279999999999973
