n,avg_R,win_rate,PF,t_stat,trades_per_year,maxDD_R,yrs_pos,L_n,L_avg,L_t,S_n,S_avg,S_t,cost_R,params,timing,sl,sl_k,tp_r,buf_k,buf_atr
1748.0,-0.3746,0.112,0.615,-5.84,220.2,689.6,0,821,-0.4218,-5.33,927,-0.3328,-3.37,0.341,"{""entry_mode"": 2, ""sl_k"": 0.25}",T0_asia0-7,W,0.25,0.0,0.0,0.0
1194.0,-0.4062,0.114,0.584,-5.76,150.5,498.2,0,577,-0.3769,-3.52,617,-0.4335,-4.67,0.346,"{""entry_mode"": 2, ""buf_atr"": 0.1, ""sl_k"": 0.25}",T0_asia0-7,W,0.25,0.0,0.0,0.1
1665.0,-0.3337,0.123,0.653,-5.12,209.7,627.6,1,783,-0.3529,-3.91,882,-0.3167,-3.39,0.344,"{""entry_mode"": 2, ""buf_k"": 0.05, ""sl_k"": 0.25}",T0_asia0-7,W,0.25,0.0,0.05,0.0
1086.0,-0.4357,0.11,0.557,-5.79,136.9,474.3,0,527,-0.5132,-4.94,559,-0.3626,-3.34,0.354,"{""entry_mode"": 2, ""buf_k"": 0.05, ""buf_atr"": 0.1, ""sl_k"": 0.25}",T0_asia0-7,W,0.25,0.0,0.05,0.1
1567.0,-0.3454,0.119,0.643,-5.09,197.4,585.9,1,740,-0.4249,-4.71,827,-0.2743,-2.74,0.348,"{""entry_mode"": 2, ""buf_k"": 0.1, ""sl_k"": 0.25}",T0_asia0-7,W,0.25,0.0,0.1,0.0
993.0,-0.3349,0.125,0.653,-4.04,125.2,332.6,1,486,-0.4714,-4.66,507,-0.204,-1.57,0.357,"{""entry_mode"": 2, ""buf_k"": 0.1, ""buf_atr"": 0.1, ""sl_k"": 0.25}",T0_asia0-7,W,0.25,0.0,0.1,0.1
1337.0,-0.456,0.105,0.538,-7.28,168.4,633.9,0,635,-0.4913,-5.24,702,-0.424,-5.05,0.362,"{""entry_mode"": 2, ""buf_k"": 0.2, ""sl_k"": 0.25}",T0_asia0-7,W,0.25,0.0,0.2,0.0
800.0,-0.2687,0.129,0.719,-2.75,100.9,222.4,2,392,-0.3383,-2.61,408,-0.2018,-1.38,0.364,"{""entry_mode"": 2, ""buf_k"": 0.2, ""buf_atr"": 0.1, ""sl_k"": 0.25}",T0_asia0-7,W,0.25,0.0,0.2,0.1
1146.0,-0.4453,0.11,0.547,-6.61,144.5,546.5,0,556,-0.4373,-4.25,590,-0.4529,-5.15,0.377,"{""entry_mode"": 2, ""buf_k"": 0.3, ""sl_k"": 0.25}",T0_asia0-7,W,0.25,0.0,0.3,0.0
650.0,-0.2196,0.12,0.774,-1.9,82.0,171.4,3,322,-0.2054,-1.26,328,-0.2336,-1.42,0.372,"{""entry_mode"": 2, ""buf_k"": 0.3, ""buf_atr"": 0.1, ""sl_k"": 0.25}",T0_asia0-7,W,0.25,0.0,0.3,0.1
805.0,-0.494,0.104,0.502,-6.36,101.5,415.9,2,395,-0.5329,-5.4,410,-0.4565,-3.83,0.394,"{""entry_mode"": 2, ""buf_k"": 0.5, ""sl_k"": 0.25}",T0_asia0-7,W,0.25,0.0,0.5,0.0
429.0,-0.5609,0.098,0.44,-5.75,54.1,240.7,0,210,-0.548,-4.04,219,-0.5733,-4.08,0.388,"{""entry_mode"": 2, ""buf_k"": 0.5, ""buf_atr"": 0.1, ""sl_k"": 0.25}",T0_asia0-7,W,0.25,0.0,0.5,0.1
1748.0,-0.3624,0.477,0.371,-19.54,220.2,633.5,0,821,-0.3585,-13.22,927,-0.3659,-14.38,0.341,"{""entry_mode"": 2, ""sl_k"": 0.25, ""tp_r"": 0.5}",T0_asia0-7,W,0.25,0.5,0.0,0.0
1194.0,-0.3097,0.512,0.425,-13.77,150.5,373.2,0,577,-0.2944,-9.09,617,-0.324,-10.37,0.346,"{""entry_mode"": 2, ""buf_atr"": 0.1, ""sl_k"": 0.25, ""tp_r"": 0.5}",T0_asia0-7,W,0.25,0.5,0.0,0.1
1665.0,-0.3439,0.489,0.389,-18.07,209.7,576.5,0,783,-0.355,-12.77,882,-0.334,-12.8,0.344,"{""entry_mode"": 2, ""buf_k"": 0.05, ""sl_k"": 0.25, ""tp_r"": 0.5}",T0_asia0-7,W,0.25,0.5,0.05,0.0
1086.0,-0.3293,0.5,0.404,-13.95,136.9,358.1,0,527,-0.3413,-10.07,559,-0.318,-9.66,0.354,"{""entry_mode"": 2, ""buf_k"": 0.05, ""buf_atr"": 0.1, ""sl_k"": 0.25, ""tp_r"": 0.5}",T0_asia0-7,W,0.25,0.5,0.05,0.1
1567.0,-0.3354,0.495,0.398,-17.07,197.4,531.7,0,740,-0.3435,-12.0,827,-0.3281,-12.14,0.348,"{""entry_mode"": 2, ""buf_k"": 0.1, ""sl_k"": 0.25, ""tp_r"": 0.5}",T0_asia0-7,W,0.25,0.5,0.1,0.0
993.0,-0.3178,0.509,0.417,-12.84,125.2,316.0,0,486,-0.3124,-8.84,507,-0.323,-9.31,0.357,"{""entry_mode"": 2, ""buf_k"": 0.1, ""buf_atr"": 0.1, ""sl_k"": 0.25, ""tp_r"": 0.5}",T0_asia0-7,W,0.25,0.5,0.1,0.1
1337.0,-0.3435,0.491,0.39,-16.13,168.4,462.3,0,635,-0.345,-11.12,702,-0.3421,-11.68,0.362,"{""entry_mode"": 2, ""buf_k"": 0.2, ""sl_k"": 0.25, ""tp_r"": 0.5}",T0_asia0-7,W,0.25,0.5,0.2,0.0
800.0,-0.2821,0.532,0.458,-10.21,100.9,225.7,0,392,-0.2944,-7.45,408,-0.2702,-6.99,0.364,"{""entry_mode"": 2, ""buf_k"": 0.2, ""buf_atr"": 0.1, ""sl_k"": 0.25, ""tp_r"": 0.5}",T0_asia0-7,W,0.25,0.5,0.2,0.1
1146.0,-0.3095,0.515,0.425,-13.48,144.5,361.8,0,556,-0.3479,-10.54,590,-0.2732,-8.57,0.377,"{""entry_mode"": 2, ""buf_k"": 0.3, ""sl_k"": 0.25, ""tp_r"": 0.5}",T0_asia0-7,W,0.25,0.5,0.3,0.0
650.0,-0.3027,0.52,0.434,-9.89,82.0,196.8,0,322,-0.3025,-6.95,328,-0.303,-7.02,0.372,"{""entry_mode"": 2, ""buf_k"": 0.3, ""buf_atr"": 0.1, ""sl_k"": 0.25, ""tp_r"": 0.5}",T0_asia0-7,W,0.25,0.5,0.3,0.1
805.0,-0.3383,0.499,0.395,-12.28,101.5,272.4,0,395,-0.3721,-9.46,410,-0.3058,-7.93,0.394,"{""entry_mode"": 2, ""buf_k"": 0.5, ""sl_k"": 0.25, ""tp_r"": 0.5}",T0_asia0-7,W,0.25,0.5,0.5,0.0
429.0,-0.3339,0.501,0.398,-8.89,54.1,143.3,0,210,-0.3665,-6.82,219,-0.3027,-5.76,0.388,"{""entry_mode"": 2, ""buf_k"": 0.5, ""buf_atr"": 0.1, ""sl_k"": 0.25, ""tp_r"": 0.5}",T0_asia0-7,W,0.25,0.5,0.5,0.1
1748.0,-0.376,0.354,0.471,-16.01,220.2,657.3,0,821,-0.3864,-11.33,927,-0.3668,-11.33,0.341,"{""entry_mode"": 2, ""sl_k"": 0.25, ""tp_r"": 1.0}",T0_asia0-7,W,0.25,1.0,0.0,0.0
1194.0,-0.313,0.385,0.538,-10.81,150.5,377.7,0,577,-0.2834,-6.76,617,-0.3407,-8.5,0.346,"{""entry_mode"": 2, ""buf_atr"": 0.1, ""sl_k"": 0.25, ""tp_r"": 1.0}",T0_asia0-7,W,0.25,1.0,0.0,0.1
1665.0,-0.3445,0.369,0.504,-14.21,209.7,581.9,0,783,-0.3734,-10.64,882,-0.3188,-9.51,0.344,"{""entry_mode"": 2, ""buf_k"": 0.05, ""sl_k"": 0.25, ""tp_r"": 1.0}",T0_asia0-7,W,0.25,1.0,0.05,0.0
1086.0,-0.3276,0.378,0.522,-10.84,136.9,361.0,0,527,-0.3086,-7.07,559,-0.3455,-8.24,0.354,"{""entry_mode"": 2, ""buf_k"": 0.05, ""buf_atr"": 0.1, ""sl_k"": 0.25, ""tp_r"": 1.0}",T0_asia0-7,W,0.25,1.0,0.05,0.1
1567.0,-0.3243,0.379,0.526,-12.89,197.4,516.3,0,740,-0.3322,-9.08,827,-0.3173,-9.15,0.348,"{""entry_mode"": 2, ""buf_k"": 0.1, ""sl_k"": 0.25, ""tp_r"": 1.0}",T0_asia0-7,W,0.25,1.0,0.1,0.0
993.0,-0.2957,0.395,0.558,-9.27,125.2,296.0,0,486,-0.271,-5.91,507,-0.3194,-7.19,0.357,"{""entry_mode"": 2, ""buf_k"": 0.1, ""buf_atr"": 0.1, ""sl_k"": 0.25, ""tp_r"": 1.0}",T0_asia0-7,W,0.25,1.0,0.1,0.1
1337.0,-0.353,0.366,0.496,-13.02,168.4,480.2,0,635,-0.3478,-8.79,702,-0.3577,-9.61,0.362,"{""entry_mode"": 2, ""buf_k"": 0.2, ""sl_k"": 0.25, ""tp_r"": 1.0}",T0_asia0-7,W,0.25,1.0,0.2,0.0
800.0,-0.2807,0.402,0.576,-7.86,100.9,224.5,1,392,-0.2502,-4.87,408,-0.31,-6.24,0.364,"{""entry_mode"": 2, ""buf_k"": 0.2, ""buf_atr"": 0.1, ""sl_k"": 0.25, ""tp_r"": 1.0}",T0_asia0-7,W,0.25,1.0,0.2,0.1
1146.0,-0.3208,0.383,0.53,-10.89,144.5,380.6,0,556,-0.3304,-7.8,590,-0.3118,-7.6,0.377,"{""entry_mode"": 2, ""buf_k"": 0.3, ""sl_k"": 0.25, ""tp_r"": 1.0}",T0_asia0-7,W,0.25,1.0,0.3,0.0
650.0,-0.2844,0.402,0.572,-7.18,82.0,196.0,1,322,-0.2889,-5.13,328,-0.2801,-5.02,0.372,"{""entry_mode"": 2, ""buf_k"": 0.3, ""buf_atr"": 0.1, ""sl_k"": 0.25, ""tp_r"": 1.0}",T0_asia0-7,W,0.25,1.0,0.3,0.1
805.0,-0.3648,0.364,0.484,-10.46,101.5,293.7,0,395,-0.3448,-6.86,410,-0.3841,-7.92,0.394,"{""entry_mode"": 2, ""buf_k"": 0.5, ""sl_k"": 0.25, ""tp_r"": 1.0}",T0_asia0-7,W,0.25,1.0,0.5,0.0
429.0,-0.2687,0.41,0.589,-5.51,54.1,115.8,1,210,-0.2616,-3.75,219,-0.2754,-4.04,0.388,"{""entry_mode"": 2, ""buf_k"": 0.5, ""buf_atr"": 0.1, ""sl_k"": 0.25, ""tp_r"": 1.0}",T0_asia0-7,W,0.25,1.0,0.5,0.1
1748.0,-0.3794,0.283,0.519,-13.81,220.2,670.0,0,821,-0.3806,-9.51,927,-0.3782,-10.01,0.341,"{""entry_mode"": 2, ""sl_k"": 0.25, ""tp_r"": 1.5}",T0_asia0-7,W,0.25,1.5,0.0,0.0
1194.0,-0.3196,0.307,0.582,-9.37,150.5,385.5,0,577,-0.2767,-5.56,617,-0.3597,-7.68,0.346,"{""entry_mode"": 2, ""buf_atr"": 0.1, ""sl_k"": 0.25, ""tp_r"": 1.5}",T0_asia0-7,W,0.25,1.5,0.0,0.1
1665.0,-0.3329,0.302,0.567,-11.6,209.7,571.7,1,783,-0.356,-8.59,882,-0.3123,-7.85,0.344,"{""entry_mode"": 2, ""buf_k"": 0.05, ""sl_k"": 0.25, ""tp_r"": 1.5}",T0_asia0-7,W,0.25,1.5,0.05,0.0
1086.0,-0.3326,0.303,0.568,-9.35,136.9,364.2,0,527,-0.2919,-5.64,559,-0.371,-7.59,0.354,"{""entry_mode"": 2, ""buf_k"": 0.05, ""buf_atr"": 0.1, ""sl_k"": 0.25, ""tp_r"": 1.5}",T0_asia0-7,W,0.25,1.5,0.05,0.1
1567.0,-0.3521,0.295,0.548,-11.96,197.4,556.5,0,740,-0.3776,-8.92,827,-0.3293,-8.04,0.348,"{""entry_mode"": 2, ""buf_k"": 0.1, ""sl_k"": 0.25, ""tp_r"": 1.5}",T0_asia0-7,W,0.25,1.5,0.1,0.0
993.0,-0.3142,0.31,0.588,-8.39,125.2,313.4,0,486,-0.2712,-4.98,507,-0.3554,-6.89,0.357,"{""entry_mode"": 2, ""buf_k"": 0.1, ""buf_atr"": 0.1, ""sl_k"": 0.25, ""tp_r"": 1.5}",T0_asia0-7,W,0.25,1.5,0.1,0.1
1337.0,-0.3696,0.288,0.53,-11.69,168.4,500.9,0,635,-0.3703,-8.04,702,-0.3689,-8.48,0.362,"{""entry_mode"": 2, ""buf_k"": 0.2, ""sl_k"": 0.25, ""tp_r"": 1.5}",T0_asia0-7,W,0.25,1.5,0.2,0.0
800.0,-0.2705,0.328,0.637,-6.37,100.9,216.4,0,392,-0.1985,-3.2,408,-0.3398,-5.86,0.364,"{""entry_mode"": 2, ""buf_k"": 0.2, ""buf_atr"": 0.1, ""sl_k"": 0.25, ""tp_r"": 1.5}",T0_asia0-7,W,0.25,1.5,0.2,0.1
1146.0,-0.3278,0.305,0.574,-9.43,144.5,387.0,0,556,-0.3302,-6.6,590,-0.3255,-6.74,0.377,"{""entry_mode"": 2, ""buf_k"": 0.3, ""sl_k"": 0.25, ""tp_r"": 1.5}",T0_asia0-7,W,0.25,1.5,0.3,0.0
650.0,-0.3063,0.314,0.597,-6.58,82.0,203.7,2,322,-0.2783,-4.16,328,-0.3338,-5.15,0.372,"{""entry_mode"": 2, ""buf_k"": 0.3, ""buf_atr"": 0.1, ""sl_k"": 0.25, ""tp_r"": 1.5}",T0_asia0-7,W,0.25,1.5,0.3,0.1
805.0,-0.366,0.292,0.535,-8.93,101.5,294.6,0,395,-0.3055,-5.1,410,-0.4242,-7.59,0.394,"{""entry_mode"": 2, ""buf_k"": 0.5, ""sl_k"": 0.25, ""tp_r"": 1.5}",T0_asia0-7,W,0.25,1.5,0.5,0.0
429.0,-0.3316,0.305,0.569,-5.86,54.1,142.6,0,210,-0.2356,-2.82,219,-0.4236,-5.54,0.388,"{""entry_mode"": 2, ""buf_k"": 0.5, ""buf_atr"": 0.1, ""sl_k"": 0.25, ""tp_r"": 1.5}",T0_asia0-7,W,0.25,1.5,0.5,0.1
1748.0,-0.3851,0.235,0.542,-12.47,220.2,684.5,0,821,-0.3768,-8.33,927,-0.3924,-9.28,0.341,"{""entry_mode"": 2, ""sl_k"": 0.25, ""tp_r"": 2.0}",T0_asia0-7,W,0.25,2.0,0.0,0.0
1194.0,-0.3502,0.248,0.578,-9.17,150.5,420.9,0,577,-0.3318,-5.97,617,-0.3674,-6.99,0.346,"{""entry_mode"": 2, ""buf_atr"": 0.1, ""sl_k"": 0.25, ""tp_r"": 2.0}",T0_asia0-7,W,0.25,2.0,0.0,0.1
1665.0,-0.325,0.255,0.603,-10.0,209.7,562.1,1,783,-0.3446,-7.33,882,-0.3075,-6.83,0.344,"{""entry_mode"": 2, ""buf_k"": 0.05, ""sl_k"": 0.25, ""tp_r"": 2.0}",T0_asia0-7,W,0.25,2.0,0.05,0.0
1086.0,-0.3314,0.255,0.597,-8.22,136.9,365.0,0,527,-0.33,-5.67,559,-0.3328,-5.94,0.354,"{""entry_mode"": 2, ""buf_k"": 0.05, ""buf_atr"": 0.1, ""sl_k"": 0.25, ""tp_r"": 2.0}",T0_asia0-7,W,0.25,2.0,0.05,0.1
1567.0,-0.3613,0.245,0.566,-10.94,197.4,573.5,0,740,-0.3914,-8.27,827,-0.3343,-7.25,0.348,"{""entry_mode"": 2, ""buf_k"": 0.1, ""sl_k"": 0.25, ""tp_r"": 2.0}",T0_asia0-7,W,0.25,2.0,0.1,0.0
993.0,-0.3191,0.259,0.61,-7.56,125.2,319.1,0,486,-0.287,-4.69,507,-0.3499,-6.01,0.357,"{""entry_mode"": 2, ""buf_k"": 0.1, ""buf_atr"": 0.1, ""sl_k"": 0.25, ""tp_r"": 2.0}",T0_asia0-7,W,0.25,2.0,0.1,0.1
1337.0,-0.4159,0.226,0.513,-11.92,168.4,561.7,0,635,-0.4483,-8.99,702,-0.3866,-7.92,0.362,"{""entry_mode"": 2, ""buf_k"": 0.2, ""sl_k"": 0.25, ""tp_r"": 2.0}",T0_asia0-7,W,0.25,2.0,0.2,0.0
800.0,-0.2713,0.274,0.662,-5.63,100.9,217.7,0,392,-0.1906,-2.68,408,-0.3489,-5.36,0.364,"{""entry_mode"": 2, ""buf_k"": 0.2, ""buf_atr"": 0.1, ""sl_k"": 0.25, ""tp_r"": 2.0}",T0_asia0-7,W,0.25,2.0,0.2,0.1
1146.0,-0.3645,0.243,0.564,-9.44,144.5,422.2,0,556,-0.3793,-6.85,590,-0.3506,-6.49,0.377,"{""entry_mode"": 2, ""buf_k"": 0.3, ""sl_k"": 0.25, ""tp_r"": 2.0}",T0_asia0-7,W,0.25,2.0,0.3,0.0
650.0,-0.2996,0.265,0.632,-5.66,82.0,199.1,2,322,-0.2675,-3.5,328,-0.3311,-4.51,0.372,"{""entry_mode"": 2, ""buf_k"": 0.3, ""buf_atr"": 0.1, ""sl_k"": 0.25, ""tp_r"": 2.0}",T0_asia0-7,W,0.25,2.0,0.3,0.1
805.0,-0.3409,0.252,0.589,-7.29,101.5,274.5,0,395,-0.2706,-3.93,410,-0.4087,-6.45,0.394,"{""entry_mode"": 2, ""buf_k"": 0.5, ""sl_k"": 0.25, ""tp_r"": 2.0}",T0_asia0-7,W,0.25,2.0,0.5,0.0
429.0,-0.3501,0.249,0.578,-5.51,54.1,150.3,0,210,-0.267,-2.84,219,-0.4298,-5.02,0.388,"{""entry_mode"": 2, ""buf_k"": 0.5, ""buf_atr"": 0.1, ""sl_k"": 0.25, ""tp_r"": 2.0}",T0_asia0-7,W,0.25,2.0,0.5,0.1
1748.0,-0.1863,0.237,0.762,-4.03,220.2,370.6,1,821,-0.2351,-3.75,927,-0.143,-2.13,0.17,"{""entry_mode"": 2, ""sl_k"": 0.5}",T0_asia0-7,W,0.5,0.0,0.0,0.0
1194.0,-0.1715,0.245,0.781,-3.06,150.5,223.3,1,577,-0.2279,-2.88,617,-0.1187,-1.5,0.173,"{""entry_mode"": 2, ""buf_atr"": 0.1, ""sl_k"": 0.5}",T0_asia0-7,W,0.5,0.0,0.0,0.1
1665.0,-0.2113,0.235,0.731,-4.6,209.7,399.1,1,783,-0.2473,-3.83,882,-0.1794,-2.76,0.172,"{""entry_mode"": 2, ""buf_k"": 0.05, ""sl_k"": 0.5}",T0_asia0-7,W,0.5,0.0,0.05,0.0
1086.0,-0.1943,0.237,0.754,-3.33,136.9,236.9,1,527,-0.277,-3.44,559,-0.1164,-1.38,0.177,"{""entry_mode"": 2, ""buf_k"": 0.05, ""buf_atr"": 0.1, ""sl_k"": 0.5}",T0_asia0-7,W,0.5,0.0,0.05,0.1
1567.0,-0.2078,0.237,0.737,-4.33,197.4,360.1,0,740,-0.2622,-3.94,827,-0.1591,-2.32,0.174,"{""entry_mode"": 2, ""buf_k"": 0.1, ""sl_k"": 0.5}",T0_asia0-7,W,0.5,0.0,0.1,0.0
993.0,-0.1658,0.245,0.788,-2.73,125.2,183.4,1,486,-0.2276,-2.76,507,-0.1066,-1.2,0.179,"{""entry_mode"": 2, ""buf_k"": 0.1, ""buf_atr"": 0.1, ""sl_k"": 0.5}",T0_asia0-7,W,0.5,0.0,0.1,0.1
1337.0,-0.2474,0.229,0.692,-5.0,168.4,352.6,1,635,-0.3057,-4.41,702,-0.1946,-2.77,0.181,"{""entry_mode"": 2, ""buf_k"": 0.2, ""sl_k"": 0.5}",T0_asia0-7,W,0.5,0.0,0.2,0.0
800.0,-0.1792,0.244,0.77,-2.72,100.9,150.8,1,392,-0.163,-1.73,408,-0.1948,-2.12,0.182,"{""entry_mode"": 2, ""buf_k"": 0.2, ""buf_atr"": 0.1, ""sl_k"": 0.5}",T0_asia0-7,W,0.5,0.0,0.2,0.1
1146.0,-0.2382,0.225,0.704,-4.46,144.5,294.0,0,556,-0.3103,-4.2,590,-0.1702,-2.21,0.188,"{""entry_mode"": 2, ""buf_k"": 0.3, ""sl_k"": 0.5}",T0_asia0-7,W,0.5,0.0,0.3,0.0
650.0,-0.1984,0.231,0.752,-2.67,82.0,129.0,1,322,-0.1409,-1.32,328,-0.2549,-2.47,0.186,"{""entry_mode"": 2, ""buf_k"": 0.3, ""buf_atr"": 0.1, ""sl_k"": 0.5}",T0_asia0-7,W,0.5,0.0,0.3,0.1
805.0,-0.1905,0.222,0.765,-2.69,101.5,168.2,1,395,-0.3355,-3.84,410,-0.0508,-0.46,0.197,"{""entry_mode"": 2, ""buf_k"": 0.5, ""sl_k"": 0.5}",T0_asia0-7,W,0.5,0.0,0.5,0.0
429.0,-0.3338,0.2,0.602,-3.97,54.1,152.8,1,210,-0.3128,-2.53,219,-0.3539,-3.09,0.194,"{""entry_mode"": 2, ""buf_k"": 0.5, ""buf_atr"": 0.1, ""sl_k"": 0.5}",T0_asia0-7,W,0.5,0.0,0.5,0.1
1748.0,-0.1941,0.562,0.578,-10.73,220.2,343.6,0,821,-0.2131,-8.04,927,-0.1773,-7.16,0.17,"{""entry_mode"": 2, ""sl_k"": 0.5, ""tp_r"": 0.5}",T0_asia0-7,W,0.5,0.5,0.0,0.0
1194.0,-0.1445,0.595,0.661,-6.66,150.5,175.1,0,577,-0.1205,-3.88,617,-0.167,-5.51,0.173,"{""entry_mode"": 2, ""buf_atr"": 0.1, ""sl_k"": 0.5, ""tp_r"": 0.5}",T0_asia0-7,W,0.5,0.5,0.0,0.1
1665.0,-0.1889,0.566,0.586,-10.21,209.7,321.0,0,783,-0.2206,-8.12,882,-0.1607,-6.37,0.172,"{""entry_mode"": 2, ""buf_k"": 0.05, ""sl_k"": 0.5, ""tp_r"": 0.5}",T0_asia0-7,W,0.5,0.5,0.05,0.0
1086.0,-0.1503,0.591,0.65,-6.6,136.9,165.3,0,527,-0.1264,-3.89,559,-0.1728,-5.41,0.177,"{""entry_mode"": 2, ""buf_k"": 0.05, ""buf_atr"": 0.1, ""sl_k"": 0.5, ""tp_r"": 0.5}",T0_asia0-7,W,0.5,0.5,0.05,0.1
1567.0,-0.1643,0.582,0.626,-8.65,197.4,265.2,1,740,-0.1601,-5.79,827,-0.168,-6.43,0.174,"{""entry_mode"": 2, ""buf_k"": 0.1, ""sl_k"": 0.5, ""tp_r"": 0.5}",T0_asia0-7,W,0.5,0.5,0.1,0.0
993.0,-0.1549,0.588,0.642,-6.5,125.2,154.5,1,486,-0.145,-4.26,507,-0.1644,-4.92,0.179,"{""entry_mode"": 2, ""buf_k"": 0.1, ""buf_atr"": 0.1, ""sl_k"": 0.5, ""tp_r"": 0.5}",T0_asia0-7,W,0.5,0.5,0.1,0.1
1337.0,-0.1591,0.586,0.635,-7.75,168.4,217.4,0,635,-0.1323,-4.46,702,-0.1835,-6.44,0.181,"{""entry_mode"": 2, ""buf_k"": 0.2, ""sl_k"": 0.5, ""tp_r"": 0.5}",T0_asia0-7,W,0.5,0.5,0.2,0.0
800.0,-0.1293,0.605,0.688,-4.91,100.9,105.2,1,392,-0.0891,-2.4,408,-0.168,-4.5,0.182,"{""entry_mode"": 2, ""buf_k"": 0.2, ""buf_atr"": 0.1, ""sl_k"": 0.5, ""tp_r"": 0.5}",T0_asia0-7,W,0.5,0.5,0.2,0.1
1146.0,-0.1583,0.587,0.636,-7.13,144.5,187.4,0,556,-0.1524,-4.78,590,-0.1639,-5.3,0.188,"{""entry_mode"": 2, ""buf_k"": 0.3, ""sl_k"": 0.5, ""tp_r"": 0.5}",T0_asia0-7,W,0.5,0.5,0.3,0.0
650.0,-0.1209,0.612,0.704,-4.15,82.0,78.7,1,322,-0.0793,-1.94,328,-0.1617,-3.89,0.186,"{""entry_mode"": 2, ""buf_k"": 0.3, ""buf_atr"": 0.1, ""sl_k"": 0.5, ""tp_r"": 0.5}",T0_asia0-7,W,0.5,0.5,0.3,0.1
805.0,-0.1641,0.585,0.626,-6.18,101.5,132.1,0,395,-0.1729,-4.54,410,-0.1556,-4.19,0.197,"{""entry_mode"": 2, ""buf_k"": 0.5, ""sl_k"": 0.5, ""tp_r"": 0.5}",T0_asia0-7,W,0.5,0.5,0.5,0.0
429.0,-0.1524,0.592,0.646,-4.21,54.1,69.5,1,210,-0.1265,-2.46,219,-0.1773,-3.47,0.194,"{""entry_mode"": 2, ""buf_k"": 0.5, ""buf_atr"": 0.1, ""sl_k"": 0.5, ""tp_r"": 0.5}",T0_asia0-7,W,0.5,0.5,0.5,0.1
1748.0,-0.193,0.423,0.678,-8.12,220.2,346.7,0,821,-0.2178,-6.28,927,-0.171,-5.24,0.17,"{""entry_mode"": 2, ""sl_k"": 0.5, ""tp_r"": 1.0}",T0_asia0-7,W,0.5,1.0,0.0,0.0
1194.0,-0.1551,0.446,0.733,-5.36,150.5,188.7,0,577,-0.1192,-2.84,617,-0.1886,-4.72,0.173,"{""entry_mode"": 2, ""buf_atr"": 0.1, ""sl_k"": 0.5, ""tp_r"": 1.0}",T0_asia0-7,W,0.5,1.0,0.0,0.1
1665.0,-0.1809,0.431,0.695,-7.41,209.7,313.1,1,783,-0.2086,-5.87,882,-0.1563,-4.66,0.172,"{""entry_mode"": 2, ""buf_k"": 0.05, ""sl_k"": 0.5, ""tp_r"": 1.0}",T0_asia0-7,W,0.5,1.0,0.05,0.0
1086.0,-0.1501,0.447,0.741,-4.94,136.9,167.7,0,527,-0.1219,-2.78,559,-0.1768,-4.2,0.177,"{""entry_mode"": 2, ""buf_k"": 0.05, ""buf_atr"": 0.1, ""sl_k"": 0.5, ""tp_r"": 1.0}",T0_asia0-7,W,0.5,1.0,0.05,0.1
1567.0,-0.1786,0.433,0.699,-7.09,197.4,287.2,0,740,-0.1931,-5.27,827,-0.1657,-4.78,0.174,"{""entry_mode"": 2, ""buf_k"": 0.1, ""sl_k"": 0.5, ""tp_r"": 1.0}",T0_asia0-7,W,0.5,1.0,0.1,0.0
993.0,-0.1651,0.438,0.719,-5.2,125.2,165.7,1,486,-0.1352,-2.96,507,-0.1937,-4.39,0.179,"{""entry_mode"": 2, ""buf_k"": 0.1, ""buf_atr"": 0.1, ""sl_k"": 0.5, ""tp_r"": 1.0}",T0_asia0-7,W,0.5,1.0,0.1,0.1
1337.0,-0.192,0.424,0.68,-7.05,168.4,260.5,0,635,-0.1798,-4.53,702,-0.2029,-5.42,0.181,"{""entry_mode"": 2, ""buf_k"": 0.2, ""sl_k"": 0.5, ""tp_r"": 1.0}",T0_asia0-7,W,0.5,1.0,0.2,0.0
800.0,-0.1578,0.441,0.729,-4.46,100.9,126.2,1,392,-0.1018,-2.0,408,-0.2115,-4.31,0.182,"{""entry_mode"": 2, ""buf_k"": 0.2, ""buf_atr"": 0.1, ""sl_k"": 0.5, ""tp_r"": 1.0}",T0_asia0-7,W,0.5,1.0,0.2,0.1
1146.0,-0.1836,0.431,0.693,-6.22,144.5,210.7,0,556,-0.2014,-4.75,590,-0.1668,-4.06,0.188,"{""entry_mode"": 2, ""buf_k"": 0.3, ""sl_k"": 0.5, ""tp_r"": 1.0}",T0_asia0-7,W,0.5,1.0,0.3,0.0
650.0,-0.1898,0.429,0.686,-4.81,82.0,124.2,1,322,-0.1302,-2.29,328,-0.2484,-4.55,0.186,"{""entry_mode"": 2, ""buf_k"": 0.3, ""buf_atr"": 0.1, ""sl_k"": 0.5, ""tp_r"": 1.0}",T0_asia0-7,W,0.5,1.0,0.3,0.1
805.0,-0.1938,0.426,0.68,-5.49,101.5,156.0,0,395,-0.1746,-3.45,410,-0.2123,-4.31,0.197,"{""entry_mode"": 2, ""buf_k"": 0.5, ""sl_k"": 0.5, ""tp_r"": 1.0}",T0_asia0-7,W,0.5,1.0,0.5,0.0
429.0,-0.23,0.408,0.631,-4.79,54.1,101.8,1,210,-0.159,-2.29,219,-0.2982,-4.5,0.194,"{""entry_mode"": 2, ""buf_k"": 0.5, ""buf_atr"": 0.1, ""sl_k"": 0.5, ""tp_r"": 1.0}",T0_asia0-7,W,0.5,1.0,0.5,0.1
1748.0,-0.1915,0.348,0.716,-6.84,220.2,353.3,0,821,-0.2065,-5.04,927,-0.1783,-4.64,0.17,"{""entry_mode"": 2, ""sl_k"": 0.5, ""tp_r"": 1.5}",T0_asia0-7,W,0.5,1.5,0.0,0.0
1194.0,-0.1878,0.352,0.722,-5.52,150.5,225.6,0,577,-0.1731,-3.49,617,-0.2016,-4.31,0.173,"{""entry_mode"": 2, ""buf_atr"": 0.1, ""sl_k"": 0.5, ""tp_r"": 1.5}",T0_asia0-7,W,0.5,1.5,0.0,0.1
1665.0,-0.1809,0.354,0.731,-6.26,209.7,326.9,1,783,-0.2051,-4.87,882,-0.1594,-4.02,0.172,"{""entry_mode"": 2, ""buf_k"": 0.05, ""sl_k"": 0.5, ""tp_r"": 1.5}",T0_asia0-7,W,0.5,1.5,0.05,0.0
1086.0,-0.1837,0.35,0.728,-5.13,136.9,199.9,0,527,-0.1698,-3.26,559,-0.1968,-3.99,0.177,"{""entry_mode"": 2, ""buf_k"": 0.05, ""buf_atr"": 0.1, ""sl_k"": 0.5, ""tp_r"": 1.5}",T0_asia0-7,W,0.5,1.5,0.05,0.1
1567.0,-0.1855,0.352,0.726,-6.23,197.4,304.3,0,740,-0.2123,-4.91,827,-0.1614,-3.94,0.174,"{""entry_mode"": 2, ""buf_k"": 0.1, ""sl_k"": 0.5, ""tp_r"": 1.5}",T0_asia0-7,W,0.5,1.5,0.1,0.0
993.0,-0.1899,0.344,0.721,-5.07,125.2,189.0,0,486,-0.1578,-2.9,507,-0.2207,-4.26,0.179,"{""entry_mode"": 2, ""buf_k"": 0.1, ""buf_atr"": 0.1, ""sl_k"": 0.5, ""tp_r"": 1.5}",T0_asia0-7,W,0.5,1.5,0.1,0.1
1337.0,-0.1991,0.343,0.709,-6.19,168.4,270.8,0,635,-0.2043,-4.36,702,-0.1944,-4.4,0.181,"{""entry_mode"": 2, ""buf_k"": 0.2, ""sl_k"": 0.5, ""tp_r"": 1.5}",T0_asia0-7,W,0.5,1.5,0.2,0.0
800.0,-0.1476,0.36,0.777,-3.5,100.9,118.1,0,392,-0.0658,-1.06,408,-0.2261,-3.94,0.182,"{""entry_mode"": 2, ""buf_k"": 0.2, ""buf_atr"": 0.1, ""sl_k"": 0.5, ""tp_r"": 1.5}",T0_asia0-7,W,0.5,1.5,0.2,0.1
1146.0,-0.1779,0.35,0.738,-5.07,144.5,205.9,0,556,-0.2036,-4.04,590,-0.1536,-3.14,0.188,"{""entry_mode"": 2, ""buf_k"": 0.3, ""sl_k"": 0.5, ""tp_r"": 1.5}",T0_asia0-7,W,0.5,1.5,0.3,0.0
650.0,-0.1766,0.355,0.74,-3.77,82.0,117.1,0,322,-0.0856,-1.24,328,-0.266,-4.2,0.186,"{""entry_mode"": 2, ""buf_k"": 0.3, ""buf_atr"": 0.1, ""sl_k"": 0.5, ""tp_r"": 1.5}",T0_asia0-7,W,0.5,1.5,0.3,0.1
805.0,-0.2046,0.342,0.704,-4.91,101.5,164.7,0,395,-0.1861,-3.08,410,-0.2225,-3.86,0.197,"{""entry_mode"": 2, ""buf_k"": 0.5, ""sl_k"": 0.5, ""tp_r"": 1.5}",T0_asia0-7,W,0.5,1.5,0.5,0.0
429.0,-0.278,0.312,0.617,-4.94,54.1,122.1,1,210,-0.1952,-2.34,219,-0.3574,-4.73,0.194,"{""entry_mode"": 2, ""buf_k"": 0.5, ""buf_atr"": 0.1, ""sl_k"": 0.5, ""tp_r"": 1.5}",T0_asia0-7,W,0.5,1.5,0.5,0.1
1748.0,-0.1924,0.301,0.733,-6.13,220.2,354.4,0,821,-0.233,-5.13,927,-0.1565,-3.61,0.17,"{""entry_mode"": 2, ""sl_k"": 0.5, ""tp_r"": 2.0}",T0_asia0-7,W,0.5,2.0,0.0,0.0
1194.0,-0.1861,0.309,0.741,-4.9,150.5,225.0,0,577,-0.1742,-3.13,617,-0.1972,-3.8,0.173,"{""entry_mode"": 2, ""buf_atr"": 0.1, ""sl_k"": 0.5, ""tp_r"": 2.0}",T0_asia0-7,W,0.5,2.0,0.0,0.1
1665.0,-0.1969,0.302,0.727,-6.13,209.7,355.5,1,783,-0.2556,-5.54,882,-0.1448,-3.24,0.172,"{""entry_mode"": 2, ""buf_k"": 0.05, ""sl_k"": 0.5, ""tp_r"": 2.0}",T0_asia0-7,W,0.5,2.0,0.05,0.0
1086.0,-0.1803,0.308,0.75,-4.5,136.9,196.8,0,527,-0.1782,-3.04,559,-0.1824,-3.32,0.177,"{""entry_mode"": 2, ""buf_k"": 0.05, ""buf_atr"": 0.1, ""sl_k"": 0.5, ""tp_r"": 2.0}",T0_asia0-7,W,0.5,2.0,0.05,0.1
1567.0,-0.2133,0.3,0.707,-6.48,197.4,352.0,0,740,-0.2736,-5.82,827,-0.1593,-3.47,0.174,"{""entry_mode"": 2, ""buf_k"": 0.1, ""sl_k"": 0.5, ""tp_r"": 2.0}",T0_asia0-7,W,0.5,2.0,0.1,0.0
993.0,-0.1599,0.307,0.777,-3.76,125.2,159.7,0,486,-0.1393,-2.25,507,-0.1797,-3.08,0.179,"{""entry_mode"": 2, ""buf_k"": 0.1, ""buf_atr"": 0.1, ""sl_k"": 0.5, ""tp_r"": 2.0}",T0_asia0-7,W,0.5,2.0,0.1,0.1
1337.0,-0.2171,0.294,0.704,-6.07,168.4,296.9,0,635,-0.2305,-4.42,702,-0.205,-4.17,0.181,"{""entry_mode"": 2, ""buf_k"": 0.2, ""sl_k"": 0.5, ""tp_r"": 2.0}",T0_asia0-7,W,0.5,2.0,0.2,0.0
800.0,-0.1491,0.311,0.79,-3.15,100.9,119.3,0,392,-0.0542,-0.77,408,-0.2403,-3.81,0.182,"{""entry_mode"": 2, ""buf_k"": 0.2, ""buf_atr"": 0.1, ""sl_k"": 0.5, ""tp_r"": 2.0}",T0_asia0-7,W,0.5,2.0,0.2,0.1
1146.0,-0.1998,0.295,0.728,-5.1,144.5,233.6,1,556,-0.2311,-4.11,590,-0.1704,-3.12,0.188,"{""entry_mode"": 2, ""buf_k"": 0.3, ""sl_k"": 0.5, ""tp_r"": 2.0}",T0_asia0-7,W,0.5,2.0,0.3,0.0
650.0,-0.2087,0.295,0.718,-4.01,82.0,136.5,0,322,-0.1063,-1.37,328,-0.3092,-4.45,0.186,"{""entry_mode"": 2, ""buf_k"": 0.3, ""buf_atr"": 0.1, ""sl_k"": 0.5, ""tp_r"": 2.0}",T0_asia0-7,W,0.5,2.0,0.3,0.1
805.0,-0.1946,0.294,0.736,-4.13,101.5,156.7,0,395,-0.1839,-2.69,410,-0.2049,-3.15,0.197,"{""entry_mode"": 2, ""buf_k"": 0.5, ""sl_k"": 0.5, ""tp_r"": 2.0}",T0_asia0-7,W,0.5,2.0,0.5,0.0
429.0,-0.2497,0.282,0.671,-3.93,54.1,112.0,1,210,-0.1663,-1.75,219,-0.3298,-3.9,0.194,"{""entry_mode"": 2, ""buf_k"": 0.5, ""buf_atr"": 0.1, ""sl_k"": 0.5, ""tp_r"": 2.0}",T0_asia0-7,W,0.5,2.0,0.5,0.1
1748.0,-0.1635,0.318,0.752,-4.59,220.2,318.6,1,821,-0.202,-4.11,927,-0.1295,-2.53,0.114,"{""entry_mode"": 2, ""sl_k"": 0.75}",T0_asia0-7,W,0.75,0.0,0.0,0.0
1194.0,-0.14,0.332,0.786,-3.24,150.5,170.6,1,577,-0.153,-2.44,617,-0.1279,-2.14,0.115,"{""entry_mode"": 2, ""buf_atr"": 0.1, ""sl_k"": 0.75}",T0_asia0-7,W,0.75,0.0,0.0,0.1
1665.0,-0.1392,0.329,0.787,-3.78,209.7,268.6,1,783,-0.2047,-4.0,882,-0.081,-1.54,0.115,"{""entry_mode"": 2, ""buf_k"": 0.05, ""sl_k"": 0.75}",T0_asia0-7,W,0.75,0.0,0.05,0.0
1086.0,-0.1636,0.325,0.752,-3.66,136.9,179.6,1,527,-0.2014,-3.17,559,-0.128,-2.03,0.118,"{""entry_mode"": 2, ""buf_k"": 0.05, ""buf_atr"": 0.1, ""sl_k"": 0.75}",T0_asia0-7,W,0.75,0.0,0.05,0.1
1567.0,-0.1293,0.333,0.802,-3.35,197.4,233.3,2,740,-0.2064,-3.89,827,-0.0603,-1.09,0.116,"{""entry_mode"": 2, ""buf_k"": 0.1, ""sl_k"": 0.75}",T0_asia0-7,W,0.75,0.0,0.1,0.0
993.0,-0.1655,0.324,0.75,-3.56,125.2,165.3,1,486,-0.1953,-3.01,507,-0.1369,-2.06,0.119,"{""entry_mode"": 2, ""buf_k"": 0.1, ""buf_atr"": 0.1, ""sl_k"": 0.75}",T0_asia0-7,W,0.75,0.0,0.1,0.1
1337.0,-0.1607,0.318,0.763,-3.88,168.4,221.7,0,635,-0.2396,-4.13,702,-0.0892,-1.52,0.121,"{""entry_mode"": 2, ""buf_k"": 0.2, ""sl_k"": 0.75}",T0_asia0-7,W,0.75,0.0,0.2,0.0
800.0,-0.1515,0.325,0.771,-2.91,100.9,124.3,0,392,-0.1304,-1.74,408,-0.1718,-2.38,0.121,"{""entry_mode"": 2, ""buf_k"": 0.2, ""buf_atr"": 0.1, ""sl_k"": 0.75}",T0_asia0-7,W,0.75,0.0,0.2,0.1
1146.0,-0.1787,0.303,0.739,-4.03,144.5,217.2,0,556,-0.2154,-3.44,590,-0.1442,-2.29,0.126,"{""entry_mode"": 2, ""buf_k"": 0.3, ""sl_k"": 0.75}",T0_asia0-7,W,0.75,0.0,0.3,0.0
650.0,-0.1749,0.297,0.748,-2.85,82.0,113.7,1,322,-0.101,-1.09,328,-0.2475,-3.09,0.124,"{""entry_mode"": 2, ""buf_k"": 0.3, ""buf_atr"": 0.1, ""sl_k"": 0.75}",T0_asia0-7,W,0.75,0.0,0.3,0.1
805.0,-0.1367,0.317,0.799,-2.46,101.5,114.8,2,395,-0.1965,-2.65,410,-0.079,-0.96,0.131,"{""entry_mode"": 2, ""buf_k"": 0.5, ""sl_k"": 0.75}",T0_asia0-7,W,0.75,0.0,0.5,0.0
429.0,-0.2204,0.291,0.69,-3.01,54.1,104.6,1,210,-0.2064,-1.86,219,-0.2337,-2.42,0.129,"{""entry_mode"": 2, ""buf_k"": 0.5, ""buf_atr"": 0.1, ""sl_k"": 0.75}",T0_asia0-7,W,0.75,0.0,0.5,0.1
1748.0,-0.1351,0.588,0.675,-7.65,220.2,244.2,1,821,-0.128,-4.94,927,-0.1415,-5.85,0.114,"{""entry_mode"": 2, ""sl_k"": 0.75, ""tp_r"": 0.5}",T0_asia0-7,W,0.75,0.5,0.0,0.0
1194.0,-0.1051,0.61,0.734,-4.97,150.5,127.0,0,577,-0.0624,-2.07,617,-0.145,-4.89,0.115,"{""entry_mode"": 2, ""buf_atr"": 0.1, ""sl_k"": 0.75, ""tp_r"": 0.5}",T0_asia0-7,W,0.75,0.5,0.0,0.1
1665.0,-0.124,0.597,0.697,-6.86,209.7,210.0,0,783,-0.1354,-5.09,882,-0.1139,-4.62,0.115,"{""entry_mode"": 2, ""buf_k"": 0.05, ""sl_k"": 0.75, ""tp_r"": 0.5}",T0_asia0-7,W,0.75,0.5,0.05,0.0
1086.0,-0.1256,0.597,0.694,-5.6,136.9,139.2,0,527,-0.0785,-2.45,559,-0.17,-5.43,0.118,"{""entry_mode"": 2, ""buf_k"": 0.05, ""buf_atr"": 0.1, ""sl_k"": 0.75, ""tp_r"": 0.5}",T0_asia0-7,W,0.75,0.5,0.05,0.1
1567.0,-0.1282,0.593,0.689,-6.87,197.4,204.8,0,740,-0.1351,-4.94,827,-0.1219,-4.77,0.116,"{""entry_mode"": 2, ""buf_k"": 0.1, ""sl_k"": 0.75, ""tp_r"": 0.5}",T0_asia0-7,W,0.75,0.5,0.1,0.0
993.0,-0.1474,0.581,0.653,-6.25,125.2,147.6,0,486,-0.1038,-3.09,507,-0.1891,-5.72,0.119,"{""entry_mode"": 2, ""buf_k"": 0.1, ""buf_atr"": 0.1, ""sl_k"": 0.75, ""tp_r"": 0.5}",T0_asia0-7,W,0.75,0.5,0.1,0.1
1337.0,-0.1232,0.598,0.699,-6.1,168.4,166.5,0,635,-0.124,-4.21,702,-0.1226,-4.42,0.121,"{""entry_mode"": 2, ""buf_k"": 0.2, ""sl_k"": 0.75, ""tp_r"": 0.5}",T0_asia0-7,W,0.75,0.5,0.2,0.0
800.0,-0.1003,0.615,0.746,-3.85,100.9,80.2,1,392,-0.0442,-1.21,408,-0.1541,-4.18,0.121,"{""entry_mode"": 2, ""buf_k"": 0.2, ""buf_atr"": 0.1, ""sl_k"": 0.75, ""tp_r"": 0.5}",T0_asia0-7,W,0.75,0.5,0.2,0.1
1146.0,-0.1345,0.591,0.678,-6.15,144.5,156.8,0,556,-0.1211,-3.86,590,-0.1472,-4.82,0.126,"{""entry_mode"": 2, ""buf_k"": 0.3, ""sl_k"": 0.75, ""tp_r"": 0.5}",T0_asia0-7,W,0.75,0.5,0.3,0.0
650.0,-0.1197,0.603,0.707,-4.12,82.0,77.8,1,322,-0.0704,-1.73,328,-0.168,-4.06,0.124,"{""entry_mode"": 2, ""buf_k"": 0.3, ""buf_atr"": 0.1, ""sl_k"": 0.75, ""tp_r"": 0.5}",T0_asia0-7,W,0.75,0.5,0.3,0.1
805.0,-0.1352,0.594,0.678,-5.14,101.5,108.9,0,395,-0.0884,-2.38,410,-0.1803,-4.86,0.131,"{""entry_mode"": 2, ""buf_k"": 0.5, ""sl_k"": 0.75, ""tp_r"": 0.5}",T0_asia0-7,W,0.75,0.5,0.5,0.0
429.0,-0.1535,0.578,0.643,-4.27,54.1,68.1,0,210,-0.094,-1.87,219,-0.2105,-4.12,0.129,"{""entry_mode"": 2, ""buf_k"": 0.5, ""buf_atr"": 0.1, ""sl_k"": 0.75, ""tp_r"": 0.5}",T0_asia0-7,W,0.75,0.5,0.5,0.1
1748.0,-0.1495,0.443,0.73,-6.47,220.2,282.9,1,821,-0.1456,-4.26,927,-0.1529,-4.87,0.114,"{""entry_mode"": 2, ""sl_k"": 0.75, ""tp_r"": 1.0}",T0_asia0-7,W,0.75,1.0,0.0,0.0
1194.0,-0.1323,0.451,0.758,-4.71,150.5,157.9,0,577,-0.1035,-2.53,617,-0.1592,-4.12,0.115,"{""entry_mode"": 2, ""buf_atr"": 0.1, ""sl_k"": 0.75, ""tp_r"": 1.0}",T0_asia0-7,W,0.75,1.0,0.0,0.1
1665.0,-0.1233,0.459,0.773,-5.18,209.7,220.9,1,783,-0.1478,-4.21,882,-0.1016,-3.13,0.115,"{""entry_mode"": 2, ""buf_k"": 0.05, ""sl_k"": 0.75, ""tp_r"": 1.0}",T0_asia0-7,W,0.75,1.0,0.05,0.0
1086.0,-0.1373,0.446,0.751,-4.65,136.9,149.1,0,527,-0.1055,-2.46,559,-0.1672,-4.12,0.118,"{""entry_mode"": 2, ""buf_k"": 0.05, ""buf_atr"": 0.1, ""sl_k"": 0.75, ""tp_r"": 1.0}",T0_asia0-7,W,0.75,1.0,0.05,0.1
1567.0,-0.1209,0.458,0.777,-4.92,197.4,199.1,1,740,-0.1486,-4.12,827,-0.0962,-2.86,0.116,"{""entry_mode"": 2, ""buf_k"": 0.1, ""sl_k"": 0.75, ""tp_r"": 1.0}",T0_asia0-7,W,0.75,1.0,0.1,0.0
993.0,-0.1495,0.438,0.732,-4.84,125.2,148.4,0,486,-0.1137,-2.54,507,-0.1838,-4.31,0.119,"{""entry_mode"": 2, ""buf_k"": 0.1, ""buf_atr"": 0.1, ""sl_k"": 0.75, ""tp_r"": 1.0}",T0_asia0-7,W,0.75,1.0,0.1,0.1
1337.0,-0.1416,0.446,0.745,-5.31,168.4,193.1,0,635,-0.167,-4.3,702,-0.1186,-3.24,0.121,"{""entry_mode"": 2, ""buf_k"": 0.2, ""sl_k"": 0.75, ""tp_r"": 1.0}",T0_asia0-7,W,0.75,1.0,0.2,0.0
800.0,-0.1134,0.458,0.79,-3.27,100.9,91.6,1,392,-0.036,-0.72,408,-0.1877,-3.94,0.121,"{""entry_mode"": 2, ""buf_k"": 0.2, ""buf_atr"": 0.1, ""sl_k"": 0.75, ""tp_r"": 1.0}",T0_asia0-7,W,0.75,1.0,0.2,0.1
1146.0,-0.1452,0.439,0.741,-5.02,144.5,166.5,0,556,-0.1455,-3.48,590,-0.145,-3.62,0.126,"{""entry_mode"": 2, ""buf_k"": 0.3, ""sl_k"": 0.75, ""tp_r"": 1.0}",T0_asia0-7,W,0.75,1.0,0.3,0.0
650.0,-0.1508,0.446,0.733,-3.92,82.0,98.9,0,322,-0.0802,-1.44,328,-0.2202,-4.16,0.124,"{""entry_mode"": 2, ""buf_k"": 0.3, ""buf_atr"": 0.1, ""sl_k"": 0.75, ""tp_r"": 1.0}",T0_asia0-7,W,0.75,1.0,0.3,0.1
805.0,-0.1417,0.447,0.747,-4.09,101.5,114.1,0,395,-0.0952,-1.9,410,-0.1865,-3.9,0.131,"{""entry_mode"": 2, ""buf_k"": 0.5, ""sl_k"": 0.75, ""tp_r"": 1.0}",T0_asia0-7,W,0.75,1.0,0.5,0.0
429.0,-0.2031,0.413,0.658,-4.31,54.1,90.2,0,210,-0.145,-2.12,219,-0.2589,-3.99,0.129,"{""entry_mode"": 2, ""buf_k"": 0.5, ""buf_atr"": 0.1, ""sl_k"": 0.75, ""tp_r"": 1.0}",T0_asia0-7,W,0.75,1.0,0.5,0.1
1748.0,-0.1287,0.387,0.785,-4.8,220.2,251.3,1,821,-0.1482,-3.75,927,-0.1114,-3.04,0.114,"{""entry_mode"": 2, ""sl_k"": 0.75, ""tp_r"": 1.5}",T0_asia0-7,W,0.75,1.5,0.0,0.0
1194.0,-0.139,0.386,0.77,-4.31,150.5,167.3,0,577,-0.1113,-2.33,617,-0.1649,-3.78,0.115,"{""entry_mode"": 2, ""buf_atr"": 0.1, ""sl_k"": 0.75, ""tp_r"": 1.5}",T0_asia0-7,W,0.75,1.5,0.0,0.1
1665.0,-0.1236,0.392,0.794,-4.48,209.7,229.4,1,783,-0.18,-4.47,882,-0.0736,-1.94,0.115,"{""entry_mode"": 2, ""buf_k"": 0.05, ""sl_k"": 0.75, ""tp_r"": 1.5}",T0_asia0-7,W,0.75,1.5,0.05,0.0
1086.0,-0.1427,0.384,0.764,-4.22,136.9,155.4,0,527,-0.1312,-2.64,559,-0.1535,-3.33,0.118,"{""entry_mode"": 2, ""buf_k"": 0.05, ""buf_atr"": 0.1, ""sl_k"": 0.75, ""tp_r"": 1.5}",T0_asia0-7,W,0.75,1.5,0.05,0.1
1567.0,-0.1117,0.397,0.813,-3.91,197.4,198.9,1,740,-0.1738,-4.19,827,-0.0562,-1.43,0.116,"{""entry_mode"": 2, ""buf_k"": 0.1, ""sl_k"": 0.75, ""tp_r"": 1.5}",T0_asia0-7,W,0.75,1.5,0.1,0.0
993.0,-0.1355,0.381,0.777,-3.8,125.2,135.0,0,486,-0.109,-2.09,507,-0.161,-3.3,0.119,"{""entry_mode"": 2, ""buf_k"": 0.1, ""buf_atr"": 0.1, ""sl_k"": 0.75, ""tp_r"": 1.5}",T0_asia0-7,W,0.75,1.5,0.1,0.1
1337.0,-0.1512,0.378,0.756,-4.9,168.4,204.3,1,635,-0.2001,-4.47,702,-0.1069,-2.52,0.121,"{""entry_mode"": 2, ""buf_k"": 0.2, ""sl_k"": 0.75, ""tp_r"": 1.5}",T0_asia0-7,W,0.75,1.5,0.2,0.0
800.0,-0.114,0.389,0.81,-2.84,100.9,92.6,0,392,-0.0474,-0.8,408,-0.178,-3.27,0.121,"{""entry_mode"": 2, ""buf_k"": 0.2, ""buf_atr"": 0.1, ""sl_k"": 0.75, ""tp_r"": 1.5}",T0_asia0-7,W,0.75,1.5,0.2,0.1
1146.0,-0.1566,0.366,0.749,-4.7,144.5,180.8,1,556,-0.158,-3.26,590,-0.1553,-3.39,0.126,"{""entry_mode"": 2, ""buf_k"": 0.3, ""sl_k"": 0.75, ""tp_r"": 1.5}",T0_asia0-7,W,0.75,1.5,0.3,0.0
650.0,-0.1878,0.358,0.707,-4.25,82.0,122.9,0,322,-0.1148,-1.77,328,-0.2594,-4.33,0.124,"{""entry_mode"": 2, ""buf_k"": 0.3, ""buf_atr"": 0.1, ""sl_k"": 0.75, ""tp_r"": 1.5}",T0_asia0-7,W,0.75,1.5,0.3,0.1
805.0,-0.1473,0.373,0.764,-3.66,101.5,118.6,0,395,-0.1201,-2.05,410,-0.1736,-3.14,0.131,"{""entry_mode"": 2, ""buf_k"": 0.5, ""sl_k"": 0.75, ""tp_r"": 1.5}",T0_asia0-7,W,0.75,1.5,0.5,0.0
429.0,-0.1765,0.364,0.727,-3.2,54.1,82.2,0,210,-0.1254,-1.56,219,-0.2254,-2.98,0.129,"{""entry_mode"": 2, ""buf_k"": 0.5, ""buf_atr"": 0.1, ""sl_k"": 0.75, ""tp_r"": 1.5}",T0_asia0-7,W,0.75,1.5,0.5,0.1
1748.0,-0.1251,0.359,0.799,-4.26,220.2,255.9,1,821,-0.1581,-3.68,927,-0.0959,-2.39,0.114,"{""entry_mode"": 2, ""sl_k"": 0.75, ""tp_r"": 2.0}",T0_asia0-7,W,0.75,2.0,0.0,0.0
1194.0,-0.1141,0.368,0.817,-3.2,150.5,139.7,1,577,-0.1038,-1.98,617,-0.1237,-2.55,0.115,"{""entry_mode"": 2, ""buf_atr"": 0.1, ""sl_k"": 0.75, ""tp_r"": 2.0}",T0_asia0-7,W,0.75,2.0,0.0,0.1
1665.0,-0.1095,0.368,0.823,-3.61,209.7,222.6,1,783,-0.1734,-3.96,882,-0.0528,-1.26,0.115,"{""entry_mode"": 2, ""buf_k"": 0.05, ""sl_k"": 0.75, ""tp_r"": 2.0}",T0_asia0-7,W,0.75,2.0,0.05,0.0
1086.0,-0.1315,0.36,0.791,-3.54,136.9,143.7,0,527,-0.1332,-2.44,559,-0.1298,-2.57,0.118,"{""entry_mode"": 2, ""buf_k"": 0.05, ""buf_atr"": 0.1, ""sl_k"": 0.75, ""tp_r"": 2.0}",T0_asia0-7,W,0.75,2.0,0.05,0.1
1567.0,-0.0971,0.373,0.842,-3.09,197.4,190.4,1,740,-0.1811,-4.03,827,-0.022,-0.5,0.116,"{""entry_mode"": 2, ""buf_k"": 0.1, ""sl_k"": 0.75, ""tp_r"": 2.0}",T0_asia0-7,W,0.75,2.0,0.1,0.0
993.0,-0.1347,0.354,0.787,-3.46,125.2,134.7,0,486,-0.127,-2.23,507,-0.142,-2.66,0.119,"{""entry_mode"": 2, ""buf_k"": 0.1, ""buf_atr"": 0.1, ""sl_k"": 0.75, ""tp_r"": 2.0}",T0_asia0-7,W,0.75,2.0,0.1,0.1
1337.0,-0.1218,0.359,0.809,-3.57,168.4,174.9,2,635,-0.1966,-4.04,702,-0.0542,-1.13,0.121,"{""entry_mode"": 2, ""buf_k"": 0.2, ""sl_k"": 0.75, ""tp_r"": 2.0}",T0_asia0-7,W,0.75,2.0,0.2,0.0
800.0,-0.1169,0.359,0.814,-2.66,100.9,95.0,0,392,-0.0431,-0.66,408,-0.1879,-3.18,0.121,"{""entry_mode"": 2, ""buf_k"": 0.2, ""buf_atr"": 0.1, ""sl_k"": 0.75, ""tp_r"": 2.0}",T0_asia0-7,W,0.75,2.0,0.2,0.1
1146.0,-0.1192,0.346,0.815,-3.2,144.5,151.4,1,556,-0.1388,-2.58,590,-0.1008,-1.95,0.126,"{""entry_mode"": 2, ""buf_k"": 0.3, ""sl_k"": 0.75, ""tp_r"": 2.0}",T0_asia0-7,W,0.75,2.0,0.3,0.0
650.0,-0.1793,0.328,0.73,-3.69,82.0,119.9,1,322,-0.0777,-1.07,328,-0.2791,-4.35,0.124,"{""entry_mode"": 2, ""buf_k"": 0.3, ""buf_atr"": 0.1, ""sl_k"": 0.75, ""tp_r"": 2.0}",T0_asia0-7,W,0.75,2.0,0.3,0.1
805.0,-0.1195,0.35,0.815,-2.67,101.5,96.2,1,395,-0.1007,-1.55,410,-0.1375,-2.23,0.131,"{""entry_mode"": 2, ""buf_k"": 0.5, ""sl_k"": 0.75, ""tp_r"": 2.0}",T0_asia0-7,W,0.75,2.0,0.5,0.0
429.0,-0.1876,0.329,0.724,-3.11,54.1,92.3,0,210,-0.1542,-1.75,219,-0.2196,-2.67,0.129,"{""entry_mode"": 2, ""buf_k"": 0.5, ""buf_atr"": 0.1, ""sl_k"": 0.75, ""tp_r"": 2.0}",T0_asia0-7,W,0.75,2.0,0.5,0.1
1748.0,-0.1203,0.372,0.787,-3.93,220.2,230.3,1,821,-0.1656,-3.9,927,-0.0802,-1.83,0.085,"{""entry_mode"": 2}",T0_asia0-7,W,1.0,0.0,0.0,0.0
1194.0,-0.1271,0.381,0.777,-3.51,150.5,161.2,1,577,-0.126,-2.38,617,-0.1281,-2.59,0.086,"{""entry_mode"": 2, ""buf_atr"": 0.1}",T0_asia0-7,W,1.0,0.0,0.0,0.1
1665.0,-0.1267,0.374,0.777,-4.08,209.7,239.7,1,783,-0.1691,-3.87,882,-0.089,-2.02,0.086,"{""entry_mode"": 2, ""buf_k"": 0.05}",T0_asia0-7,W,1.0,0.0,0.05,0.0
1086.0,-0.148,0.369,0.744,-3.87,136.9,163.5,0,527,-0.1522,-2.69,559,-0.144,-2.78,0.088,"{""entry_mode"": 2, ""buf_k"": 0.05, ""buf_atr"": 0.1}",T0_asia0-7,W,1.0,0.0,0.05,0.1
1567.0,-0.1099,0.384,0.805,-3.38,197.4,193.8,1,740,-0.1565,-3.43,827,-0.0681,-1.48,0.087,"{""entry_mode"": 2, ""buf_k"": 0.1}",T0_asia0-7,W,1.0,0.0,0.1,0.0
993.0,-0.1297,0.375,0.772,-3.24,125.2,129.3,1,486,-0.1338,-2.31,507,-0.1258,-2.27,0.089,"{""entry_mode"": 2, ""buf_k"": 0.1, ""buf_atr"": 0.1}",T0_asia0-7,W,1.0,0.0,0.1,0.1
1337.0,-0.1229,0.379,0.784,-3.56,168.4,169.0,0,635,-0.1784,-3.63,702,-0.0728,-1.51,0.09,"{""entry_mode"": 2, ""buf_k"": 0.2}",T0_asia0-7,W,1.0,0.0,0.2,0.0
800.0,-0.1215,0.376,0.786,-2.73,100.9,101.4,2,392,-0.0848,-1.28,408,-0.1567,-2.61,0.091,"{""entry_mode"": 2, ""buf_k"": 0.2, ""buf_atr"": 0.1}",T0_asia0-7,W,1.0,0.0,0.2,0.1
1146.0,-0.1352,0.368,0.766,-3.63,144.5,164.7,0,556,-0.1355,-2.52,590,-0.1349,-2.62,0.094,"{""entry_mode"": 2, ""buf_k"": 0.3}",T0_asia0-7,W,1.0,0.0,0.3,0.0
650.0,-0.1182,0.368,0.797,-2.32,82.0,79.3,1,322,-0.0788,-1.05,328,-0.1568,-2.29,0.093,"{""entry_mode"": 2, ""buf_k"": 0.3, ""buf_atr"": 0.1}",T0_asia0-7,W,1.0,0.0,0.3,0.1
805.0,-0.1278,0.368,0.785,-2.76,101.5,107.9,2,395,-0.1566,-2.48,410,-0.1001,-1.48,0.099,"{""entry_mode"": 2, ""buf_k"": 0.5}",T0_asia0-7,W,1.0,0.0,0.5,0.0
429.0,-0.1528,0.366,0.744,-2.48,54.1,70.8,2,210,-0.1263,-1.35,219,-0.1781,-2.2,0.097,"{""entry_mode"": 2, ""buf_k"": 0.5, ""buf_atr"": 0.1}",T0_asia0-7,W,1.0,0.0,0.5,0.1
1748.0,-0.1092,0.591,0.721,-6.34,220.2,198.0,0,821,-0.121,-4.76,927,-0.0988,-4.22,0.085,"{""entry_mode"": 2, ""tp_r"": 0.5}",T0_asia0-7,W,1.0,0.5,0.0,0.0
1194.0,-0.092,0.606,0.757,-4.44,150.5,111.6,0,577,-0.0478,-1.62,617,-0.1334,-4.6,0.086,"{""entry_mode"": 2, ""buf_atr"": 0.1, ""tp_r"": 0.5}",T0_asia0-7,W,1.0,0.5,0.0,0.1
1665.0,-0.1042,0.595,0.731,-5.92,209.7,178.6,0,783,-0.1138,-4.38,882,-0.0957,-3.99,0.086,"{""entry_mode"": 2, ""buf_k"": 0.05, ""tp_r"": 0.5}",T0_asia0-7,W,1.0,0.5,0.05,0.0
1086.0,-0.1031,0.597,0.734,-4.72,136.9,114.8,0,527,-0.0592,-1.9,559,-0.1445,-4.73,0.088,"{""entry_mode"": 2, ""buf_k"": 0.05, ""buf_atr"": 0.1, ""tp_r"": 0.5}",T0_asia0-7,W,1.0,0.5,0.05,0.1
1567.0,-0.1023,0.597,0.736,-5.62,197.4,162.9,0,740,-0.1013,-3.79,827,-0.1031,-4.15,0.087,"{""entry_mode"": 2, ""buf_k"": 0.1, ""tp_r"": 0.5}",T0_asia0-7,W,1.0,0.5,0.1,0.0
993.0,-0.1014,0.596,0.736,-4.45,125.2,102.2,0,486,-0.0677,-2.09,507,-0.1337,-4.18,0.089,"{""entry_mode"": 2, ""buf_k"": 0.1, ""buf_atr"": 0.1, ""tp_r"": 0.5}",T0_asia0-7,W,1.0,0.5,0.1,0.1
1337.0,-0.1095,0.59,0.721,-5.55,168.4,147.8,0,635,-0.0991,-3.44,702,-0.119,-4.39,0.09,"{""entry_mode"": 2, ""buf_k"": 0.2, ""tp_r"": 0.5}",T0_asia0-7,W,1.0,0.5,0.2,0.0
800.0,-0.1125,0.592,0.715,-4.4,100.9,90.0,0,392,-0.0709,-1.95,408,-0.1525,-4.25,0.091,"{""entry_mode"": 2, ""buf_k"": 0.2, ""buf_atr"": 0.1, ""tp_r"": 0.5}",T0_asia0-7,W,1.0,0.5,0.2,0.1
1146.0,-0.1167,0.59,0.707,-5.44,144.5,133.7,0,556,-0.0979,-3.18,590,-0.1343,-4.5,0.094,"{""entry_mode"": 2, ""buf_k"": 0.3, ""tp_r"": 0.5}",T0_asia0-7,W,1.0,0.5,0.3,0.0
650.0,-0.1104,0.595,0.721,-3.87,82.0,72.7,1,322,-0.0661,-1.64,328,-0.1539,-3.82,0.093,"{""entry_mode"": 2, ""buf_k"": 0.3, ""buf_atr"": 0.1, ""tp_r"": 0.5}",T0_asia0-7,W,1.0,0.5,0.3,0.1
805.0,-0.1164,0.595,0.71,-4.52,101.5,93.7,0,395,-0.0742,-2.03,410,-0.157,-4.32,0.099,"{""entry_mode"": 2, ""buf_k"": 0.5, ""tp_r"": 0.5}",T0_asia0-7,W,1.0,0.5,0.5,0.0
429.0,-0.104,0.601,0.736,-2.96,54.1,45.4,1,210,-0.0621,-1.25,219,-0.1442,-2.89,0.097,"{""entry_mode"": 2, ""buf_k"": 0.5, ""buf_atr"": 0.1, ""tp_r"": 0.5}",T0_asia0-7,W,1.0,0.5,0.5,0.1
1748.0,-0.1087,0.459,0.781,-4.92,220.2,205.9,1,821,-0.1384,-4.24,927,-0.0824,-2.75,0.085,"{""entry_mode"": 2, ""tp_r"": 1.0}",T0_asia0-7,W,1.0,1.0,0.0,0.0
1194.0,-0.1185,0.46,0.764,-4.45,150.5,141.8,0,577,-0.0908,-2.32,617,-0.1443,-3.97,0.086,"{""entry_mode"": 2, ""buf_atr"": 0.1, ""tp_r"": 1.0}",T0_asia0-7,W,1.0,1.0,0.0,0.1
1665.0,-0.1097,0.462,0.78,-4.84,209.7,201.6,1,783,-0.1458,-4.36,882,-0.0777,-2.52,0.086,"{""entry_mode"": 2, ""buf_k"": 0.05, ""tp_r"": 1.0}",T0_asia0-7,W,1.0,1.0,0.05,0.0
1086.0,-0.1294,0.448,0.747,-4.62,136.9,140.5,0,527,-0.1054,-2.57,559,-0.1521,-3.97,0.088,"{""entry_mode"": 2, ""buf_k"": 0.05, ""buf_atr"": 0.1, ""tp_r"": 1.0}",T0_asia0-7,W,1.0,1.0,0.05,0.1
1567.0,-0.1122,0.462,0.775,-4.82,197.4,186.5,1,740,-0.1418,-4.13,827,-0.0856,-2.71,0.087,"{""entry_mode"": 2, ""buf_k"": 0.1, ""tp_r"": 1.0}",T0_asia0-7,W,1.0,1.0,0.1,0.0
993.0,-0.1066,0.454,0.788,-3.6,125.2,105.9,0,486,-0.0842,-1.96,507,-0.1281,-3.13,0.089,"{""entry_mode"": 2, ""buf_k"": 0.1, ""buf_atr"": 0.1, ""tp_r"": 1.0}",T0_asia0-7,W,1.0,1.0,0.1,0.1
1337.0,-0.1207,0.453,0.76,-4.79,168.4,164.3,0,635,-0.1384,-3.74,702,-0.1047,-3.04,0.09,"{""entry_mode"": 2, ""buf_k"": 0.2, ""tp_r"": 1.0}",T0_asia0-7,W,1.0,1.0,0.2,0.0
800.0,-0.1003,0.462,0.8,-3.04,100.9,81.3,1,392,-0.0408,-0.85,408,-0.1575,-3.48,0.091,"{""entry_mode"": 2, ""buf_k"": 0.2, ""buf_atr"": 0.1, ""tp_r"": 1.0}",T0_asia0-7,W,1.0,1.0,0.2,0.1
1146.0,-0.1222,0.449,0.761,-4.45,144.5,140.0,0,556,-0.1079,-2.71,590,-0.1357,-3.58,0.094,"{""entry_mode"": 2, ""buf_k"": 0.3, ""tp_r"": 1.0}",T0_asia0-7,W,1.0,1.0,0.3,0.0
650.0,-0.1123,0.46,0.781,-3.04,82.0,74.9,2,322,-0.064,-1.2,328,-0.1598,-3.12,0.093,"{""entry_mode"": 2, ""buf_k"": 0.3, ""buf_atr"": 0.1, ""tp_r"": 1.0}",T0_asia0-7,W,1.0,1.0,0.3,0.1
805.0,-0.1198,0.456,0.772,-3.57,101.5,96.4,1,395,-0.0903,-1.86,410,-0.1483,-3.2,0.099,"{""entry_mode"": 2, ""buf_k"": 0.5, ""tp_r"": 1.0}",T0_asia0-7,W,1.0,1.0,0.5,0.0
429.0,-0.0726,0.48,0.854,-1.58,54.1,37.1,2,210,-0.0314,-0.48,219,-0.1122,-1.76,0.097,"{""entry_mode"": 2, ""buf_k"": 0.5, ""buf_atr"": 0.1, ""tp_r"": 1.0}",T0_asia0-7,W,1.0,1.0,0.5,0.1
1748.0,-0.0998,0.418,0.811,-4.01,220.2,202.4,1,821,-0.1413,-3.88,927,-0.063,-1.85,0.085,"{""entry_mode"": 2, ""tp_r"": 1.5}",T0_asia0-7,W,1.0,1.5,0.0,0.0
1194.0,-0.104,0.42,0.806,-3.44,150.5,132.3,0,577,-0.0823,-1.85,617,-0.1244,-3.02,0.086,"{""entry_mode"": 2, ""buf_atr"": 0.1, ""tp_r"": 1.5}",T0_asia0-7,W,1.0,1.5,0.0,0.1
1665.0,-0.1019,0.419,0.808,-3.98,209.7,206.1,1,783,-0.1491,-4.0,882,-0.0599,-1.7,0.086,"{""entry_mode"": 2, ""buf_k"": 0.05, ""tp_r"": 1.5}",T0_asia0-7,W,1.0,1.5,0.05,0.0
1086.0,-0.1314,0.405,0.76,-4.18,136.9,143.5,0,527,-0.1099,-2.36,559,-0.1516,-3.57,0.088,"{""entry_mode"": 2, ""buf_k"": 0.05, ""buf_atr"": 0.1, ""tp_r"": 1.5}",T0_asia0-7,W,1.0,1.5,0.05,0.1
1567.0,-0.0813,0.429,0.845,-3.06,197.4,160.0,1,740,-0.1407,-3.65,827,-0.0281,-0.77,0.087,"{""entry_mode"": 2, ""buf_k"": 0.1, ""tp_r"": 1.5}",T0_asia0-7,W,1.0,1.5,0.1,0.0
993.0,-0.1085,0.41,0.799,-3.27,125.2,109.3,0,486,-0.0845,-1.74,507,-0.1315,-2.89,0.089,"{""entry_mode"": 2, ""buf_k"": 0.1, ""buf_atr"": 0.1, ""tp_r"": 1.5}",T0_asia0-7,W,1.0,1.5,0.1,0.1
1337.0,-0.0912,0.42,0.829,-3.16,168.4,133.5,0,635,-0.1417,-3.4,702,-0.0455,-1.14,0.09,"{""entry_mode"": 2, ""buf_k"": 0.2, ""tp_r"": 1.5}",T0_asia0-7,W,1.0,1.5,0.2,0.0
800.0,-0.0989,0.412,0.817,-2.65,100.9,82.0,0,392,-0.0312,-0.57,408,-0.1641,-3.24,0.091,"{""entry_mode"": 2, ""buf_k"": 0.2, ""buf_atr"": 0.1, ""tp_r"": 1.5}",T0_asia0-7,W,1.0,1.5,0.2,0.1
1146.0,-0.0867,0.412,0.839,-2.75,144.5,104.8,2,556,-0.0781,-1.7,590,-0.0948,-2.18,0.094,"{""entry_mode"": 2, ""buf_k"": 0.3, ""tp_r"": 1.5}",T0_asia0-7,W,1.0,1.5,0.3,0.0
650.0,-0.1084,0.402,0.804,-2.58,82.0,75.8,1,322,-0.0341,-0.55,328,-0.1814,-3.19,0.093,"{""entry_mode"": 2, ""buf_k"": 0.3, ""buf_atr"": 0.1, ""tp_r"": 1.5}",T0_asia0-7,W,1.0,1.5,0.3,0.1
805.0,-0.1077,0.406,0.809,-2.81,101.5,89.3,1,395,-0.0746,-1.34,410,-0.1396,-2.65,0.099,"{""entry_mode"": 2, ""buf_k"": 0.5, ""tp_r"": 1.5}",T0_asia0-7,W,1.0,1.5,0.5,0.0
429.0,-0.1082,0.413,0.806,-2.08,54.1,52.9,1,210,-0.0923,-1.23,219,-0.1234,-1.71,0.097,"{""entry_mode"": 2, ""buf_k"": 0.5, ""buf_atr"": 0.1, ""tp_r"": 1.5}",T0_asia0-7,W,1.0,1.5,0.5,0.1
1748.0,-0.1201,0.388,0.782,-4.52,220.2,230.1,1,821,-0.1586,-4.11,927,-0.0859,-2.34,0.085,"{""entry_mode"": 2, ""tp_r"": 2.0}",T0_asia0-7,W,1.0,2.0,0.0,0.0
1194.0,-0.1138,0.4,0.794,-3.52,150.5,144.9,0,577,-0.1045,-2.2,617,-0.1225,-2.78,0.086,"{""entry_mode"": 2, ""buf_atr"": 0.1, ""tp_r"": 2.0}",T0_asia0-7,W,1.0,2.0,0.0,0.1
1665.0,-0.1179,0.391,0.787,-4.3,209.7,224.6,1,783,-0.1661,-4.2,882,-0.0751,-1.98,0.086,"{""entry_mode"": 2, ""buf_k"": 0.05, ""tp_r"": 2.0}",T0_asia0-7,W,1.0,2.0,0.05,0.0
1086.0,-0.1285,0.392,0.77,-3.81,136.9,140.8,0,527,-0.1293,-2.62,559,-0.1276,-2.77,0.088,"{""entry_mode"": 2, ""buf_k"": 0.05, ""buf_atr"": 0.1, ""tp_r"": 2.0}",T0_asia0-7,W,1.0,2.0,0.05,0.1
1567.0,-0.1009,0.401,0.816,-3.55,197.4,183.0,1,740,-0.1607,-3.94,827,-0.0474,-1.2,0.087,"{""entry_mode"": 2, ""buf_k"": 0.1, ""tp_r"": 2.0}",T0_asia0-7,W,1.0,2.0,0.1,0.0
993.0,-0.1082,0.396,0.804,-3.05,125.2,109.1,1,486,-0.1038,-2.02,507,-0.1124,-2.29,0.089,"{""entry_mode"": 2, ""buf_k"": 0.1, ""buf_atr"": 0.1, ""tp_r"": 2.0}",T0_asia0-7,W,1.0,2.0,0.1,0.1
1337.0,-0.0999,0.399,0.819,-3.23,168.4,142.6,0,635,-0.1671,-3.79,702,-0.0391,-0.9,0.09,"{""entry_mode"": 2, ""buf_k"": 0.2, ""tp_r"": 2.0}",T0_asia0-7,W,1.0,2.0,0.2,0.0
800.0,-0.0885,0.4,0.839,-2.21,100.9,78.0,1,392,-0.0514,-0.88,408,-0.1241,-2.25,0.091,"{""entry_mode"": 2, ""buf_k"": 0.2, ""buf_atr"": 0.1, ""tp_r"": 2.0}",T0_asia0-7,W,1.0,2.0,0.2,0.1
1146.0,-0.1008,0.391,0.819,-2.99,144.5,121.9,1,556,-0.1032,-2.11,590,-0.0987,-2.12,0.094,"{""entry_mode"": 2, ""buf_k"": 0.3, ""tp_r"": 2.0}",T0_asia0-7,W,1.0,2.0,0.3,0.0
650.0,-0.1011,0.386,0.822,-2.24,82.0,70.8,1,322,-0.0544,-0.82,328,-0.1469,-2.37,0.093,"{""entry_mode"": 2, ""buf_k"": 0.3, ""buf_atr"": 0.1, ""tp_r"": 2.0}",T0_asia0-7,W,1.0,2.0,0.3,0.1
805.0,-0.1029,0.389,0.822,-2.49,101.5,87.6,2,395,-0.1025,-1.73,410,-0.1034,-1.79,0.099,"{""entry_mode"": 2, ""buf_k"": 0.5, ""tp_r"": 2.0}",T0_asia0-7,W,1.0,2.0,0.5,0.0
429.0,-0.1087,0.387,0.812,-1.93,54.1,53.3,2,210,-0.0803,-0.98,219,-0.1359,-1.76,0.097,"{""entry_mode"": 2, ""buf_k"": 0.5, ""buf_atr"": 0.1, ""tp_r"": 2.0}",T0_asia0-7,W,1.0,2.0,0.5,0.1
1661.0,-0.3924,0.129,0.585,-7.24,209.2,696.3,0,792,-0.3591,-4.61,869,-0.4227,-5.59,0.301,"{""range_end"": 8.0, ""entry_end"": 13.0, ""entry_mode"": 2, ""sl_k"": 0.25}",T1_asia0-8,W,0.25,0.0,0.0,0.0
1088.0,-0.4893,0.116,0.493,-7.54,137.2,532.4,0,526,-0.552,-5.83,562,-0.4306,-4.84,0.309,"{""range_end"": 8.0, ""entry_end"": 13.0, ""entry_mode"": 2, ""buf_atr"": 0.1, ""sl_k"": 0.25}",T1_asia0-8,W,0.25,0.0,0.0,0.1
1559.0,-0.3731,0.135,0.604,-6.58,196.5,635.2,1,742,-0.3575,-4.28,817,-0.3871,-5.01,0.304,"{""range_end"": 8.0, ""entry_end"": 13.0, ""entry_mode"": 2, ""buf_k"": 0.05, ""sl_k"": 0.25}",T1_asia0-8,W,0.25,0.0,0.05,0.0
989.0,-0.4489,0.122,0.531,-6.17,124.7,444.2,0,482,-0.5279,-5.12,507,-0.3738,-3.64,0.316,"{""range_end"": 8.0, ""entry_end"": 13.0, ""entry_mode"": 2, ""buf_k"": 0.05, ""buf_atr"": 0.1, ""sl_k"": 0.25}",T1_asia0-8,W,0.25,0.0,0.05,0.1
1454.0,-0.2994,0.142,0.68,-4.69,183.3,470.3,0,697,-0.3599,-4.04,757,-0.2438,-2.67,0.312,"{""range_end"": 8.0, ""entry_end"": 13.0, ""entry_mode"": 2, ""buf_k"": 0.1, ""sl_k"": 0.25}",T1_asia0-8,W,0.25,0.0,0.1,0.0
894.0,-0.3503,0.141,0.628,-4.17,112.7,328.5,1,440,-0.3414,-2.75,454,-0.3589,-3.16,0.319,"{""range_end"": 8.0, ""entry_end"": 13.0, ""entry_mode"": 2, ""buf_k"": 0.1, ""buf_atr"": 0.1, ""sl_k"": 0.25}",T1_asia0-8,W,0.25,0.0,0.1,0.1
1200.0,-0.3959,0.123,0.586,-6.03,151.2,484.1,0,573,-0.4901,-5.13,627,-0.3097,-3.44,0.323,"{""range_end"": 8.0, ""entry_end"": 13.0, ""entry_mode"": 2, ""buf_k"": 0.2, ""sl_k"": 0.25}",T1_asia0-8,W,0.25,0.0,0.2,0.0
716.0,-0.2734,0.144,0.708,-2.67,90.3,227.4,2,359,-0.0455,-0.26,357,-0.5025,-4.64,0.326,"{""range_end"": 8.0, ""entry_end"": 13.0, ""entry_mode"": 2, ""buf_k"": 0.2, ""buf_atr"": 0.1, ""sl_k"": 0.25}",T1_asia0-8,W,0.25,0.0,0.2,0.1
993.0,-0.4735,0.121,0.507,-7.34,125.2,473.7,0,482,-0.5376,-6.11,511,-0.4129,-4.4,0.343,"{""range_end"": 8.0, ""entry_end"": 13.0, ""entry_mode"": 2, ""buf_k"": 0.3, ""sl_k"": 0.25}",T1_asia0-8,W,0.25,0.0,0.3,0.0
566.0,-0.2604,0.125,0.727,-2.18,71.4,163.2,2,280,-0.0196,-0.1,286,-0.4962,-3.86,0.341,"{""range_end"": 8.0, ""entry_end"": 13.0, ""entry_mode"": 2, ""buf_k"": 0.3, ""buf_atr"": 0.1, ""sl_k"": 0.25}",T1_asia0-8,W,0.25,0.0,0.3,0.1
668.0,-0.4738,0.118,0.515,-5.39,84.2,349.4,1,331,-0.3154,-2.05,337,-0.6293,-7.27,0.354,"{""range_end"": 8.0, ""entry_end"": 13.0, ""entry_mode"": 2, ""buf_k"": 0.5, ""sl_k"": 0.25}",T1_asia0-8,W,0.25,0.0,0.5,0.0
370.0,-0.3979,0.111,0.592,-3.21,46.6,147.2,1,175,-0.5124,-3.03,195,-0.2951,-1.64,0.359,"{""range_end"": 8.0, ""entry_end"": 13.0, ""entry_mode"": 2, ""buf_k"": 0.5, ""buf_atr"": 0.1, ""sl_k"": 0.25}",T1_asia0-8,W,0.25,0.0,0.5,0.1
1661.0,-0.3096,0.505,0.426,-16.32,209.2,514.7,0,792,-0.3122,-11.37,869,-0.3072,-11.71,0.301,"{""range_end"": 8.0, ""entry_end"": 13.0, ""entry_mode"": 2, ""sl_k"": 0.25, ""tp_r"": 0.5}",T1_asia0-8,W,0.25,0.5,0.0,0.0
1088.0,-0.2751,0.528,0.466,-11.74,137.2,299.9,0,526,-0.2826,-8.36,562,-0.2681,-8.24,0.309,"{""range_end"": 8.0, ""entry_end"": 13.0, ""entry_mode"": 2, ""buf_atr"": 0.1, ""sl_k"": 0.25, ""tp_r"": 0.5}",T1_asia0-8,W,0.25,0.5,0.0,0.1
1559.0,-0.3002,0.512,0.437,-15.3,196.5,468.4,0,742,-0.3282,-11.53,817,-0.2748,-10.16,0.304,"{""range_end"": 8.0, ""entry_end"": 13.0, ""entry_mode"": 2, ""buf_k"": 0.05, ""sl_k"": 0.25, ""tp_r"": 0.5}",T1_asia0-8,W,0.25,0.5,0.05,0.0
989.0,-0.2583,0.54,0.486,-10.54,124.7,256.6,0,482,-0.2661,-7.56,507,-0.2508,-7.34,0.316,"{""range_end"": 8.0, ""entry_end"": 13.0, ""entry_mode"": 2, ""buf_k"": 0.05, ""buf_atr"": 0.1, ""sl_k"": 0.25, ""tp_r"": 0.5}",T1_asia0-8,W,0.25,0.5,0.05,0.1
1454.0,-0.2846,0.523,0.455,-14.02,183.3,415.6,0,697,-0.3016,-10.27,757,-0.269,-9.58,0.312,"{""range_end"": 8.0, ""entry_end"": 13.0, ""entry_mode"": 2, ""buf_k"": 0.1, ""sl_k"": 0.25, ""tp_r"": 0.5}",T1_asia0-8,W,0.25,0.5,0.1,0.0
894.0,-0.2751,0.53,0.465,-10.63,112.7,246.2,0,440,-0.2511,-6.82,454,-0.2984,-8.2,0.319,"{""range_end"": 8.0, ""entry_end"": 13.0, ""entry_mode"": 2, ""buf_k"": 0.1, ""buf_atr"": 0.1, ""sl_k"": 0.25, ""tp_r"": 0.5}",T1_asia0-8,W,0.25,0.5,0.1,0.1
1200.0,-0.3151,0.504,0.42,-14.08,151.2,379.8,0,573,-0.3026,-9.34,627,-0.3264,-10.55,0.323,"{""range_end"": 8.0, ""entry_end"": 13.0, ""entry_mode"": 2, ""buf_k"": 0.2, ""sl_k"": 0.25, ""tp_r"": 0.5}",T1_asia0-8,W,0.25,0.5,0.2,0.0
716.0,-0.2583,0.542,0.486,-8.94,90.3,184.9,0,359,-0.2648,-6.49,357,-0.2517,-6.15,0.326,"{""range_end"": 8.0, ""entry_end"": 13.0, ""entry_mode"": 2, ""buf_k"": 0.2, ""buf_atr"": 0.1, ""sl_k"": 0.25, ""tp_r"": 0.5}",T1_asia0-8,W,0.25,0.5,0.2,0.1
993.0,-0.2906,0.522,0.446,-11.84,125.2,289.0,0,482,-0.2705,-7.67,511,-0.3095,-9.06,0.343,"{""range_end"": 8.0, ""entry_end"": 13.0, ""entry_mode"": 2, ""buf_k"": 0.3, ""sl_k"": 0.25, ""tp_r"": 0.5}",T1_asia0-8,W,0.25,0.5,0.3,0.0
566.0,-0.2452,0.551,0.503,-7.56,71.4,138.8,0,280,-0.21,-4.57,286,-0.2797,-6.11,0.341,"{""range_end"": 8.0, ""entry_end"": 13.0, ""entry_mode"": 2, ""buf_k"": 0.3, ""buf_atr"": 0.1, ""sl_k"": 0.25, ""tp_r"": 0.5}",T1_asia0-8,W,0.25,0.5,0.3,0.1
668.0,-0.3283,0.5,0.406,-10.89,84.2,219.3,0,331,-0.3692,-8.61,337,-0.2881,-6.8,0.354,"{""range_end"": 8.0, ""entry_end"": 13.0, ""entry_mode"": 2, ""buf_k"": 0.5, ""sl_k"": 0.25, ""tp_r"": 0.5}",T1_asia0-8,W,0.25,0.5,0.5,0.0
370.0,-0.3656,0.476,0.368,-9.05,46.6,137.0,0,175,-0.4753,-8.2,195,-0.2671,-4.82,0.359,"{""range_end"": 8.0, ""entry_end"": 13.0, ""entry_mode"": 2, ""buf_k"": 0.5, ""buf_atr"": 0.1, ""sl_k"": 0.25, ""tp_r"": 0.5}",T1_asia0-8,W,0.25,0.5,0.5,0.1
1661.0,-0.2953,0.389,0.557,-12.06,209.2,490.4,0,792,-0.3007,-8.5,869,-0.2903,-8.56,0.301,"{""range_end"": 8.0, ""entry_end"": 13.0, ""entry_mode"": 2, ""sl_k"": 0.25, ""tp_r"": 1.0}",T1_asia0-8,W,0.25,1.0,0.0,0.0
1088.0,-0.3058,0.384,0.545,-10.13,137.2,341.0,1,526,-0.2952,-6.78,562,-0.3157,-7.53,0.309,"{""range_end"": 8.0, ""entry_end"": 13.0, ""entry_mode"": 2, ""buf_atr"": 0.1, ""sl_k"": 0.25, ""tp_r"": 1.0}",T1_asia0-8,W,0.25,1.0,0.0,0.1
1559.0,-0.2857,0.394,0.568,-11.27,196.5,446.3,0,742,-0.3058,-8.37,817,-0.2674,-7.59,0.304,"{""range_end"": 8.0, ""entry_end"": 13.0, ""entry_mode"": 2, ""buf_k"": 0.05, ""sl_k"": 0.25, ""tp_r"": 1.0}",T1_asia0-8,W,0.25,1.0,0.05,0.0
989.0,-0.2744,0.399,0.581,-8.62,124.7,277.6,0,482,-0.2401,-5.22,507,-0.307,-6.96,0.316,"{""range_end"": 8.0, ""entry_end"": 13.0, ""entry_mode"": 2, ""buf_k"": 0.05, ""buf_atr"": 0.1, ""sl_k"": 0.25, ""tp_r"": 1.0}",T1_asia0-8,W,0.25,1.0,0.05,0.1
1454.0,-0.2663,0.404,0.591,-10.1,183.3,388.1,0,697,-0.279,-7.34,757,-0.2546,-6.94,0.312,"{""range_end"": 8.0, ""entry_end"": 13.0, ""entry_mode"": 2, ""buf_k"": 0.1, ""sl_k"": 0.25, ""tp_r"": 1.0}",T1_asia0-8,W,0.25,1.0,0.1,0.0
894.0,-0.2484,0.413,0.613,-7.37,112.7,225.3,0,440,-0.2242,-4.64,454,-0.2718,-5.77,0.319,"{""range_end"": 8.0, ""entry_end"": 13.0, ""entry_mode"": 2, ""buf_k"": 0.1, ""buf_atr"": 0.1, ""sl_k"": 0.25, ""tp_r"": 1.0}",T1_asia0-8,W,0.25,1.0,0.1,0.1
1200.0,-0.3614,0.358,0.485,-12.75,151.2,437.5,0,573,-0.3316,-7.99,627,-0.3887,-10.01,0.323,"{""range_end"": 8.0, ""entry_end"": 13.0, ""entry_mode"": 2, ""buf_k"": 0.2, ""sl_k"": 0.25, ""tp_r"": 1.0}",T1_asia0-8,W,0.25,1.0,0.2,0.0
716.0,-0.2687,0.404,0.588,-7.16,90.3,193.4,0,359,-0.2284,-4.28,357,-0.3092,-5.86,0.326,"{""range_end"": 8.0, ""entry_end"": 13.0, ""entry_mode"": 2, ""buf_k"": 0.2, ""buf_atr"": 0.1, ""sl_k"": 0.25, ""tp_r"": 1.0}",T1_asia0-8,W,0.25,1.0,0.2,0.1
993.0,-0.3149,0.382,0.535,-9.99,125.2,314.9,0,482,-0.2985,-6.55,511,-0.3304,-7.56,0.343,"{""range_end"": 8.0, ""entry_end"": 13.0, ""entry_mode"": 2, ""buf_k"": 0.3, ""sl_k"": 0.25, ""tp_r"": 1.0}",T1_asia0-8,W,0.25,1.0,0.3,0.0
566.0,-0.2684,0.405,0.589,-6.35,71.4,154.6,0,280,-0.1992,-3.27,286,-0.3362,-5.74,0.341,"{""range_end"": 8.0, ""entry_end"": 13.0, ""entry_mode"": 2, ""buf_k"": 0.3, ""buf_atr"": 0.1, ""sl_k"": 0.25, ""tp_r"": 1.0}",T1_asia0-8,W,0.25,1.0,0.3,0.1
668.0,-0.3345,0.374,0.515,-8.69,84.2,224.2,0,331,-0.3227,-5.87,337,-0.346,-6.41,0.354,"{""range_end"": 8.0, ""entry_end"": 13.0, ""entry_mode"": 2, ""buf_k"": 0.5, ""sl_k"": 0.25, ""tp_r"": 1.0}",T1_asia0-8,W,0.25,1.0,0.5,0.0
370.0,-0.3259,0.378,0.524,-6.29,46.6,121.7,1,175,-0.4119,-5.6,195,-0.2488,-3.43,0.359,"{""range_end"": 8.0, ""entry_end"": 13.0, ""entry_mode"": 2, ""buf_k"": 0.5, ""buf_atr"": 0.1, ""sl_k"": 0.25, ""tp_r"": 1.0}",T1_asia0-8,W,0.25,1.0,0.5,0.1
1661.0,-0.3078,0.309,0.592,-10.66,209.2,513.3,0,792,-0.3148,-7.54,869,-0.3014,-7.53,0.301,"{""range_end"": 8.0, ""entry_end"": 13.0, ""entry_mode"": 2, ""sl_k"": 0.25, ""tp_r"": 1.5}",T1_asia0-8,W,0.25,1.5,0.0,0.0
1088.0,-0.3228,0.302,0.575,-9.13,137.2,353.0,0,526,-0.3085,-6.03,562,-0.3361,-6.86,0.309,"{""range_end"": 8.0, ""entry_end"": 13.0, ""entry_mode"": 2, ""buf_atr"": 0.1, ""sl_k"": 0.25, ""tp_r"": 1.5}",T1_asia0-8,W,0.25,1.5,0.0,0.1
1559.0,-0.2984,0.312,0.603,-9.97,196.5,472.5,0,742,-0.3122,-7.22,817,-0.2859,-6.89,0.304,"{""range_end"": 8.0, ""entry_end"": 13.0, ""entry_mode"": 2, ""buf_k"": 0.05, ""sl_k"": 0.25, ""tp_r"": 1.5}",T1_asia0-8,W,0.25,1.5,0.05,0.0
989.0,-0.311,0.307,0.588,-8.35,124.7,314.3,0,482,-0.2641,-4.87,507,-0.3556,-6.95,0.316,"{""range_end"": 8.0, ""entry_end"": 13.0, ""entry_mode"": 2, ""buf_k"": 0.05, ""buf_atr"": 0.1, ""sl_k"": 0.25, ""tp_r"": 1.5}",T1_asia0-8,W,0.25,1.5,0.05,0.1
1454.0,-0.2966,0.313,0.605,-9.58,183.3,432.6,0,697,-0.3034,-6.8,757,-0.2903,-6.74,0.312,"{""range_end"": 8.0, ""entry_end"": 13.0, ""entry_mode"": 2, ""buf_k"": 0.1, ""sl_k"": 0.25, ""tp_r"": 1.5}",T1_asia0-8,W,0.25,1.5,0.1,0.0
894.0,-0.2841,0.318,0.618,-7.18,112.7,260.2,0,440,-0.2421,-4.22,454,-0.3247,-5.94,0.319,"{""range_end"": 8.0, ""entry_end"": 13.0, ""entry_mode"": 2, ""buf_k"": 0.1, ""buf_atr"": 0.1, ""sl_k"": 0.25, ""tp_r"": 1.5}",T1_asia0-8,W,0.25,1.5,0.1,0.1
1200.0,-0.3728,0.282,0.524,-11.27,151.2,450.3,0,573,-0.3704,-7.7,627,-0.375,-8.22,0.323,"{""range_end"": 8.0, ""entry_end"": 13.0, ""entry_mode"": 2, ""buf_k"": 0.2, ""sl_k"": 0.25, ""tp_r"": 1.5}",T1_asia0-8,W,0.25,1.5,0.2,0.0
716.0,-0.272,0.323,0.632,-6.12,90.3,195.6,0,359,-0.2073,-3.24,357,-0.3371,-5.47,0.326,"{""range_end"": 8.0, ""entry_end"": 13.0, ""entry_mode"": 2, ""buf_k"": 0.2, ""buf_atr"": 0.1, ""sl_k"": 0.25, ""tp_r"": 1.5}",T1_asia0-8,W,0.25,1.5,0.2,0.1
993.0,-0.3469,0.294,0.551,-9.42,125.2,349.2,0,482,-0.2939,-5.44,511,-0.3969,-7.91,0.343,"{""range_end"": 8.0, ""entry_end"": 13.0, ""entry_mode"": 2, ""buf_k"": 0.3, ""sl_k"": 0.25, ""tp_r"": 1.5}",T1_asia0-8,W,0.25,1.5,0.3,0.0
566.0,-0.317,0.306,0.583,-6.42,71.4,179.4,0,280,-0.2152,-2.96,286,-0.4167,-6.26,0.341,"{""range_end"": 8.0, ""entry_end"": 13.0, ""entry_mode"": 2, ""buf_k"": 0.3, ""buf_atr"": 0.1, ""sl_k"": 0.25, ""tp_r"": 1.5}",T1_asia0-8,W,0.25,1.5,0.3,0.1
668.0,-0.356,0.292,0.543,-7.93,84.2,237.9,0,331,-0.3315,-5.14,337,-0.38,-6.08,0.354,"{""range_end"": 8.0, ""entry_end"": 13.0, ""entry_mode"": 2, ""buf_k"": 0.5, ""sl_k"": 0.25, ""tp_r"": 1.5}",T1_asia0-8,W,0.25,1.5,0.5,0.0
370.0,-0.3717,0.286,0.527,-6.2,46.6,137.5,0,175,-0.3881,-4.47,195,-0.3569,-4.3,0.359,"{""range_end"": 8.0, ""entry_end"": 13.0, ""entry_mode"": 2, ""buf_k"": 0.5, ""buf_atr"": 0.1, ""sl_k"": 0.25, ""tp_r"": 1.5}",T1_asia0-8,W,0.25,1.5,0.5,0.1
1661.0,-0.3262,0.252,0.599,-10.08,209.2,549.6,0,792,-0.2924,-6.14,869,-0.357,-8.09,0.301,"{""range_end"": 8.0, ""entry_end"": 13.0, ""entry_mode"": 2, ""sl_k"": 0.25, ""tp_r"": 2.0}",T1_asia0-8,W,0.25,2.0,0.0,0.0
1088.0,-0.35,0.245,0.575,-8.83,137.2,381.0,0,526,-0.3509,-6.12,562,-0.3491,-6.36,0.309,"{""range_end"": 8.0, ""entry_end"": 13.0, ""entry_mode"": 2, ""buf_atr"": 0.1, ""sl_k"": 0.25, ""tp_r"": 2.0}",T1_asia0-8,W,0.25,2.0,0.0,0.1
1559.0,-0.3076,0.259,0.619,-9.13,196.5,486.7,0,742,-0.3188,-6.55,817,-0.2973,-6.37,0.304,"{""range_end"": 8.0, ""entry_end"": 13.0, ""entry_mode"": 2, ""buf_k"": 0.05, ""sl_k"": 0.25, ""tp_r"": 2.0}",T1_asia0-8,W,0.25,2.0,0.05,0.0
989.0,-0.3142,0.258,0.612,-7.45,124.7,318.8,0,482,-0.299,-4.89,507,-0.3286,-5.63,0.316,"{""range_end"": 8.0, ""entry_end"": 13.0, ""entry_mode"": 2, ""buf_k"": 0.05, ""buf_atr"": 0.1, ""sl_k"": 0.25, ""tp_r"": 2.0}",T1_asia0-8,W,0.25,2.0,0.05,0.1
1454.0,-0.2884,0.266,0.64,-8.21,183.3,421.6,0,697,-0.2928,-5.76,757,-0.2844,-5.84,0.312,"{""range_end"": 8.0, ""entry_end"": 13.0, ""entry_mode"": 2, ""buf_k"": 0.1, ""sl_k"": 0.25, ""tp_r"": 2.0}",T1_asia0-8,W,0.25,2.0,0.1,0.0
894.0,-0.3011,0.263,0.626,-6.75,112.7,273.4,0,440,-0.2464,-3.77,454,-0.3542,-5.82,0.319,"{""range_end"": 8.0, ""entry_end"": 13.0, ""entry_mode"": 2, ""buf_k"": 0.1, ""buf_atr"": 0.1, ""sl_k"": 0.25, ""tp_r"": 2.0}",T1_asia0-8,W,0.25,2.0,0.1,0.1
1200.0,-0.3895,0.232,0.535,-10.54,151.2,469.3,0,573,-0.4182,-7.91,627,-0.3633,-7.02,0.323,"{""range_end"": 8.0, ""entry_end"": 13.0, ""entry_mode"": 2, ""buf_k"": 0.2, ""sl_k"": 0.25, ""tp_r"": 2.0}",T1_asia0-8,W,0.25,2.0,0.2,0.0
716.0,-0.3114,0.257,0.616,-6.27,90.3,224.5,0,359,-0.2111,-2.89,357,-0.4123,-6.15,0.326,"{""range_end"": 8.0, ""entry_end"": 13.0, ""entry_mode"": 2, ""buf_k"": 0.2, ""buf_atr"": 0.1, ""sl_k"": 0.25, ""tp_r"": 2.0}",T1_asia0-8,W,0.25,2.0,0.2,0.1
993.0,-0.3389,0.249,0.588,-8.12,125.2,339.8,0,482,-0.3313,-5.5,511,-0.3461,-5.98,0.343,"{""range_end"": 8.0, ""entry_end"": 13.0, ""entry_mode"": 2, ""buf_k"": 0.3, ""sl_k"": 0.25, ""tp_r"": 2.0}",T1_asia0-8,W,0.25,2.0,0.3,0.0
566.0,-0.3142,0.256,0.614,-5.62,71.4,177.9,0,280,-0.2046,-2.46,286,-0.4216,-5.64,0.341,"{""range_end"": 8.0, ""entry_end"": 13.0, ""entry_mode"": 2, ""buf_k"": 0.3, ""buf_atr"": 0.1, ""sl_k"": 0.25, ""tp_r"": 2.0}",T1_asia0-8,W,0.25,2.0,0.3,0.1
668.0,-0.3812,0.237,0.547,-7.58,84.2,256.7,0,331,-0.3427,-4.68,337,-0.4191,-6.06,0.354,"{""range_end"": 8.0, ""entry_end"": 13.0, ""entry_mode"": 2, ""buf_k"": 0.5, ""sl_k"": 0.25, ""tp_r"": 2.0}",T1_asia0-8,W,0.25,2.0,0.5,0.0
370.0,-0.3775,0.238,0.55,-5.6,46.6,140.1,0,175,-0.3698,-3.74,195,-0.3844,-4.16,0.359,"{""range_end"": 8.0, ""entry_end"": 13.0, ""entry_mode"": 2, ""buf_k"": 0.5, ""buf_atr"": 0.1, ""sl_k"": 0.25, ""tp_r"": 2.0}",T1_asia0-8,W,0.25,2.0,0.5,0.1
1661.0,-0.2196,0.266,0.704,-5.49,209.2,395.9,1,792,-0.2408,-4.27,869,-0.2003,-3.54,0.151,"{""range_end"": 8.0, ""entry_end"": 13.0, ""entry_mode"": 2, ""sl_k"": 0.5}",T1_asia0-8,W,0.5,0.0,0.0,0.0
1088.0,-0.2082,0.266,0.722,-3.89,137.2,234.8,1,526,-0.1685,-2.04,562,-0.2453,-3.56,0.155,"{""range_end"": 8.0, ""entry_end"": 13.0, ""entry_mode"": 2, ""buf_atr"": 0.1, ""sl_k"": 0.5}",T1_asia0-8,W,0.5,0.0,0.0,0.1
1559.0,-0.248,0.265,0.67,-6.16,196.5,412.5,0,742,-0.2636,-4.5,817,-0.2338,-4.22,0.152,"{""range_end"": 8.0, ""entry_end"": 13.0, ""entry_mode"": 2, ""buf_k"": 0.05, ""sl_k"": 0.5}",T1_asia0-8,W,0.5,0.0,0.05,0.0
989.0,-0.2364,0.254,0.689,-4.25,124.7,243.0,2,482,-0.2096,-2.5,507,-0.2618,-3.57,0.158,"{""range_end"": 8.0, ""entry_end"": 13.0, ""entry_mode"": 2, ""buf_k"": 0.05, ""buf_atr"": 0.1, ""sl_k"": 0.5}",T1_asia0-8,W,0.5,0.0,0.05,0.1
1454.0,-0.2335,0.268,0.688,-5.52,183.3,362.7,0,697,-0.2605,-4.29,757,-0.2087,-3.54,0.156,"{""range_end"": 8.0, ""entry_end"": 13.0, ""entry_mode"": 2, ""buf_k"": 0.1, ""sl_k"": 0.5}",T1_asia0-8,W,0.5,0.0,0.1,0.0
894.0,-0.1875,0.264,0.749,-3.12,112.7,173.4,0,440,-0.148,-1.6,454,-0.2258,-2.93,0.16,"{""range_end"": 8.0, ""entry_end"": 13.0, ""entry_mode"": 2, ""buf_k"": 0.1, ""buf_atr"": 0.1, ""sl_k"": 0.5}",T1_asia0-8,W,0.5,0.0,0.1,0.1
1200.0,-0.2493,0.255,0.674,-5.21,151.2,314.5,1,573,-0.2667,-3.66,627,-0.2335,-3.72,0.161,"{""range_end"": 8.0, ""entry_end"": 13.0, ""entry_mode"": 2, ""buf_k"": 0.2, ""sl_k"": 0.5}",T1_asia0-8,W,0.5,0.0,0.2,0.0
716.0,-0.2182,0.254,0.713,-3.33,90.3,170.0,1,359,-0.1293,-1.23,357,-0.3076,-3.94,0.163,"{""range_end"": 8.0, ""entry_end"": 13.0, ""entry_mode"": 2, ""buf_k"": 0.2, ""buf_atr"": 0.1, ""sl_k"": 0.5}",T1_asia0-8,W,0.5,0.0,0.2,0.1
993.0,-0.2865,0.24,0.634,-5.46,125.2,296.5,0,482,-0.2721,-3.34,511,-0.3,-4.48,0.172,"{""range_end"": 8.0, ""entry_end"": 13.0, ""entry_mode"": 2, ""buf_k"": 0.3, ""sl_k"": 0.5}",T1_asia0-8,W,0.5,0.0,0.3,0.0
566.0,-0.1546,0.249,0.798,-1.94,71.4,92.6,1,280,-0.0967,-0.78,286,-0.2112,-2.12,0.17,"{""range_end"": 8.0, ""entry_end"": 13.0, ""entry_mode"": 2, ""buf_k"": 0.3, ""buf_atr"": 0.1, ""sl_k"": 0.5}",T1_asia0-8,W,0.5,0.0,0.3,0.1
668.0,-0.1946,0.24,0.753,-2.58,84.2,141.7,2,331,-0.1534,-1.31,337,-0.2351,-2.45,0.177,"{""range_end"": 8.0, ""entry_end"": 13.0, ""entry_mode"": 2, ""buf_k"": 0.5, ""sl_k"": 0.5}",T1_asia0-8,W,0.5,0.0,0.5,0.0
370.0,-0.1506,0.227,0.808,-1.53,46.6,72.3,1,175,-0.2572,-1.85,195,-0.055,-0.4,0.179,"{""range_end"": 8.0, ""entry_end"": 13.0, ""entry_mode"": 2, ""buf_k"": 0.5, ""buf_atr"": 0.1, ""sl_k"": 0.5}",T1_asia0-8,W,0.5,0.0,0.5,0.1
1661.0,-0.1529,0.585,0.645,-8.33,209.2,260.5,1,792,-0.1481,-5.57,869,-0.1572,-6.2,0.151,"{""range_end"": 8.0, ""entry_end"": 13.0, ""entry_mode"": 2, ""sl_k"": 0.5, ""tp_r"": 0.5}",T1_asia0-8,W,0.5,0.5,0.0,0.0
1088.0,-0.1436,0.591,0.661,-6.36,137.2,161.1,1,526,-0.1061,-3.3,562,-0.1788,-5.64,0.155,"{""range_end"": 8.0, ""entry_end"": 13.0, ""entry_mode"": 2, ""buf_atr"": 0.1, ""sl_k"": 0.5, ""tp_r"": 0.5}",T1_asia0-8,W,0.5,0.5,0.0,0.1
1559.0,-0.1571,0.583,0.638,-8.28,196.5,249.7,0,742,-0.1712,-6.2,817,-0.1443,-5.53,0.152,"{""range_end"": 8.0, ""entry_end"": 13.0, ""entry_mode"": 2, ""buf_k"": 0.05, ""sl_k"": 0.5, ""tp_r"": 0.5}",T1_asia0-8,W,0.5,0.5,0.05,0.0
989.0,-0.1354,0.597,0.676,-5.72,124.7,135.0,0,482,-0.0907,-2.71,507,-0.1779,-5.34,0.158,"{""range_end"": 8.0, ""entry_end"": 13.0, ""entry_mode"": 2, ""buf_k"": 0.05, ""buf_atr"": 0.1, ""sl_k"": 0.5, ""tp_r"": 0.5}",T1_asia0-8,W,0.5,0.5,0.05,0.1
1454.0,-0.1434,0.592,0.662,-7.33,183.3,211.9,0,697,-0.138,-4.88,757,-0.1484,-5.46,0.156,"{""range_end"": 8.0, ""entry_end"": 13.0, ""entry_mode"": 2, ""buf_k"": 0.1, ""sl_k"": 0.5, ""tp_r"": 0.5}",T1_asia0-8,W,0.5,0.5,0.1,0.0
894.0,-0.1304,0.601,0.686,-5.24,112.7,117.6,0,440,-0.0883,-2.52,454,-0.1712,-4.86,0.16,"{""range_end"": 8.0, ""entry_end"": 13.0, ""entry_mode"": 2, ""buf_k"": 0.1, ""buf_atr"": 0.1, ""sl_k"": 0.5, ""tp_r"": 0.5}",T1_asia0-8,W,0.5,0.5,0.1,0.1
1200.0,-0.1707,0.574,0.615,-7.86,151.2,207.4,0,573,-0.1418,-4.53,627,-0.197,-6.54,0.161,"{""range_end"": 8.0, ""entry_end"": 13.0, ""entry_mode"": 2, ""buf_k"": 0.2, ""sl_k"": 0.5, ""tp_r"": 0.5}",T1_asia0-8,W,0.5,0.5,0.2,0.0
716.0,-0.1393,0.595,0.669,-5.0,90.3,101.2,0,359,-0.0907,-2.34,357,-0.1882,-4.71,0.163,"{""range_end"": 8.0, ""entry_end"": 13.0, ""entry_mode"": 2, ""buf_k"": 0.2, ""buf_atr"": 0.1, ""sl_k"": 0.5, ""tp_r"": 0.5}",T1_asia0-8,W,0.5,0.5,0.2,0.1
993.0,-0.1699,0.577,0.616,-7.12,125.2,171.3,0,482,-0.1563,-4.57,511,-0.1827,-5.48,0.172,"{""range_end"": 8.0, ""entry_end"": 13.0, ""entry_mode"": 2, ""buf_k"": 0.3, ""sl_k"": 0.5, ""tp_r"": 0.5}",T1_asia0-8,W,0.5,0.5,0.3,0.0
566.0,-0.1442,0.594,0.661,-4.59,71.4,82.2,0,280,-0.1222,-2.75,286,-0.1657,-3.73,0.17,"{""range_end"": 8.0, ""entry_end"": 13.0, ""entry_mode"": 2, ""buf_k"": 0.3, ""buf_atr"": 0.1, ""sl_k"": 0.5, ""tp_r"": 0.5}",T1_asia0-8,W,0.5,0.5,0.3,0.1
668.0,-0.1613,0.584,0.631,-5.55,84.2,109.2,0,331,-0.117,-2.86,337,-0.2049,-4.97,0.177,"{""range_end"": 8.0, ""entry_end"": 13.0, ""entry_mode"": 2, ""buf_k"": 0.5, ""sl_k"": 0.5, ""tp_r"": 0.5}",T1_asia0-8,W,0.5,0.5,0.5,0.0
370.0,-0.1733,0.576,0.611,-4.42,46.6,65.4,1,175,-0.2502,-4.34,195,-0.1042,-1.97,0.179,"{""range_end"": 8.0, ""entry_end"": 13.0, ""entry_mode"": 2, ""buf_k"": 0.5, ""buf_atr"": 0.1, ""sl_k"": 0.5, ""tp_r"": 0.5}",T1_asia0-8,W,0.5,0.5,0.5,0.1
1661.0,-0.175,0.43,0.7,-7.23,209.2,300.7,0,792,-0.1813,-5.15,869,-0.1693,-5.07,0.151,"{""range_end"": 8.0, ""entry_end"": 13.0, ""entry_mode"": 2, ""sl_k"": 0.5, ""tp_r"": 1.0}",T1_asia0-8,W,0.5,1.0,0.0,0.0
1088.0,-0.1643,0.438,0.717,-5.46,137.2,183.3,0,526,-0.1161,-2.66,562,-0.2094,-5.05,0.155,"{""range_end"": 8.0, ""entry_end"": 13.0, ""entry_mode"": 2, ""buf_atr"": 0.1, ""sl_k"": 0.5, ""tp_r"": 1.0}",T1_asia0-8,W,0.5,1.0,0.0,0.1
1559.0,-0.1738,0.432,0.703,-6.93,196.5,271.9,0,742,-0.2,-5.51,817,-0.15,-4.33,0.152,"{""range_end"": 8.0, ""entry_end"": 13.0, ""entry_mode"": 2, ""buf_k"": 0.05, ""sl_k"": 0.5, ""tp_r"": 1.0}",T1_asia0-8,W,0.5,1.0,0.05,0.0
989.0,-0.166,0.435,0.714,-5.27,124.7,168.8,0,482,-0.1109,-2.43,507,-0.2184,-5.03,0.158,"{""range_end"": 8.0, ""entry_end"": 13.0, ""entry_mode"": 2, ""buf_k"": 0.05, ""buf_atr"": 0.1, ""sl_k"": 0.5, ""tp_r"": 1.0}",T1_asia0-8,W,0.5,1.0,0.05,0.1
1454.0,-0.1436,0.446,0.748,-5.51,183.3,209.8,0,697,-0.1367,-3.62,757,-0.15,-4.16,0.156,"{""range_end"": 8.0, ""entry_end"": 13.0, ""entry_mode"": 2, ""buf_k"": 0.1, ""sl_k"": 0.5, ""tp_r"": 1.0}",T1_asia0-8,W,0.5,1.0,0.1,0.0
894.0,-0.165,0.434,0.716,-4.98,112.7,148.3,0,440,-0.1106,-2.31,454,-0.2176,-4.75,0.16,"{""range_end"": 8.0, ""entry_end"": 13.0, ""entry_mode"": 2, ""buf_k"": 0.1, ""buf_atr"": 0.1, ""sl_k"": 0.5, ""tp_r"": 1.0}",T1_asia0-8,W,0.5,1.0,0.1,0.1
1200.0,-0.1788,0.429,0.697,-6.23,151.2,216.9,0,573,-0.1565,-3.75,627,-0.1992,-5.03,0.161,"{""range_end"": 8.0, ""entry_end"": 13.0, ""entry_mode"": 2, ""buf_k"": 0.2, ""sl_k"": 0.5, ""tp_r"": 1.0}",T1_asia0-8,W,0.5,1.0,0.2,0.0
716.0,-0.1789,0.43,0.696,-4.83,90.3,128.1,0,359,-0.1368,-2.59,357,-0.2213,-4.26,0.163,"{""range_end"": 8.0, ""entry_end"": 13.0, ""entry_mode"": 2, ""buf_k"": 0.2, ""buf_atr"": 0.1, ""sl_k"": 0.5, ""tp_r"": 1.0}",T1_asia0-8,W,0.5,1.0,0.2,0.1
993.0,-0.1927,0.426,0.679,-6.1,125.2,192.0,0,482,-0.1859,-4.09,511,-0.1991,-4.53,0.172,"{""range_end"": 8.0, ""entry_end"": 13.0, ""entry_mode"": 2, ""buf_k"": 0.3, ""sl_k"": 0.5, ""tp_r"": 1.0}",T1_asia0-8,W,0.5,1.0,0.3,0.0
566.0,-0.1939,0.422,0.677,-4.65,71.4,109.8,1,280,-0.1499,-2.51,286,-0.237,-4.06,0.17,"{""range_end"": 8.0, ""entry_end"": 13.0, ""entry_mode"": 2, ""buf_k"": 0.3, ""buf_atr"": 0.1, ""sl_k"": 0.5, ""tp_r"": 1.0}",T1_asia0-8,W,0.5,1.0,0.3,0.1
668.0,-0.1957,0.424,0.676,-5.07,84.2,130.8,0,331,-0.185,-3.36,337,-0.2063,-3.81,0.177,"{""range_end"": 8.0, ""entry_end"": 13.0, ""entry_mode"": 2, ""buf_k"": 0.5, ""sl_k"": 0.5, ""tp_r"": 1.0}",T1_asia0-8,W,0.5,1.0,0.5,0.0
370.0,-0.2342,0.4,0.622,-4.58,46.6,86.7,0,175,-0.2507,-3.37,195,-0.2194,-3.11,0.179,"{""range_end"": 8.0, ""entry_end"": 13.0, ""entry_mode"": 2, ""buf_k"": 0.5, ""buf_atr"": 0.1, ""sl_k"": 0.5, ""tp_r"": 1.0}",T1_asia0-8,W,0.5,1.0,0.5,0.1
1661.0,-0.1775,0.357,0.729,-6.27,209.2,306.3,0,792,-0.1878,-4.57,869,-0.1682,-4.3,0.151,"{""range_end"": 8.0, ""entry_end"": 13.0, ""entry_mode"": 2, ""sl_k"": 0.5, ""tp_r"": 1.5}",T1_asia0-8,W,0.5,1.5,0.0,0.0
1088.0,-0.1804,0.358,0.727,-5.13,137.2,197.0,0,526,-0.1258,-2.44,562,-0.2315,-4.83,0.155,"{""range_end"": 8.0, ""entry_end"": 13.0, ""entry_mode"": 2, ""buf_atr"": 0.1, ""sl_k"": 0.5, ""tp_r"": 1.5}",T1_asia0-8,W,0.5,1.5,0.0,0.1
1559.0,-0.1844,0.357,0.721,-6.29,196.5,292.6,0,742,-0.2014,-4.73,817,-0.1688,-4.18,0.152,"{""range_end"": 8.0, ""entry_end"": 13.0, ""entry_mode"": 2, ""buf_k"": 0.05, ""sl_k"": 0.5, ""tp_r"": 1.5}",T1_asia0-8,W,0.5,1.5,0.05,0.0
989.0,-0.1807,0.354,0.727,-4.88,124.7,183.2,0,482,-0.1239,-2.29,507,-0.2346,-4.64,0.158,"{""range_end"": 8.0, ""entry_end"": 13.0, ""entry_mode"": 2, ""buf_k"": 0.05, ""buf_atr"": 0.1, ""sl_k"": 0.5, ""tp_r"": 1.5}",T1_asia0-8,W,0.5,1.5,0.05,0.1
1454.0,-0.1582,0.367,0.757,-5.17,183.3,235.0,0,697,-0.17,-3.84,757,-0.1474,-3.48,0.156,"{""range_end"": 8.0, ""entry_end"": 13.0, ""entry_mode"": 2, ""buf_k"": 0.1, ""sl_k"": 0.5, ""tp_r"": 1.5}",T1_asia0-8,W,0.5,1.5,0.1,0.0
894.0,-0.1708,0.352,0.741,-4.36,112.7,156.8,0,440,-0.1152,-2.02,454,-0.2247,-4.18,0.16,"{""range_end"": 8.0, ""entry_end"": 13.0, ""entry_mode"": 2, ""buf_k"": 0.1, ""buf_atr"": 0.1, ""sl_k"": 0.5, ""tp_r"": 1.5}",T1_asia0-8,W,0.5,1.5,0.1,0.1
1200.0,-0.1831,0.352,0.725,-5.43,151.2,226.2,1,573,-0.1783,-3.64,627,-0.1875,-4.04,0.161,"{""range_end"": 8.0, ""entry_end"": 13.0, ""entry_mode"": 2, ""buf_k"": 0.2, ""sl_k"": 0.5, ""tp_r"": 1.5}",T1_asia0-8,W,0.5,1.5,0.2,0.0
716.0,-0.1751,0.355,0.736,-4.0,90.3,125.6,0,359,-0.1183,-1.87,357,-0.2322,-3.85,0.163,"{""range_end"": 8.0, ""entry_end"": 13.0, ""entry_mode"": 2, ""buf_k"": 0.2, ""buf_atr"": 0.1, ""sl_k"": 0.5, ""tp_r"": 1.5}",T1_asia0-8,W,0.5,1.5,0.2,0.1
993.0,-0.2057,0.342,0.697,-5.56,125.2,204.2,0,482,-0.2058,-3.86,511,-0.2055,-4.0,0.172,"{""range_end"": 8.0, ""entry_end"": 13.0, ""entry_mode"": 2, ""buf_k"": 0.3, ""sl_k"": 0.5, ""tp_r"": 1.5}",T1_asia0-8,W,0.5,1.5,0.3,0.0
566.0,-0.1728,0.355,0.739,-3.51,71.4,97.8,1,280,-0.1528,-2.15,286,-0.1924,-2.81,0.17,"{""range_end"": 8.0, ""entry_end"": 13.0, ""entry_mode"": 2, ""buf_k"": 0.3, ""buf_atr"": 0.1, ""sl_k"": 0.5, ""tp_r"": 1.5}",T1_asia0-8,W,0.5,1.5,0.3,0.1
668.0,-0.2118,0.343,0.692,-4.68,84.2,141.5,0,331,-0.1884,-2.89,337,-0.2347,-3.72,0.177,"{""range_end"": 8.0, ""entry_end"": 13.0, ""entry_mode"": 2, ""buf_k"": 0.5, ""sl_k"": 0.5, ""tp_r"": 1.5}",T1_asia0-8,W,0.5,1.5,0.5,0.0
370.0,-0.2288,0.324,0.669,-3.79,46.6,85.5,0,175,-0.2614,-3.02,195,-0.1996,-2.37,0.179,"{""range_end"": 8.0, ""entry_end"": 13.0, ""entry_mode"": 2, ""buf_k"": 0.5, ""buf_atr"": 0.1, ""sl_k"": 0.5, ""tp_r"": 1.5}",T1_asia0-8,W,0.5,1.5,0.5,0.1
1661.0,-0.1665,0.321,0.758,-5.27,209.2,292.4,0,792,-0.1902,-4.18,869,-0.1449,-3.29,0.151,"{""range_end"": 8.0, ""entry_end"": 13.0, ""entry_mode"": 2, ""sl_k"": 0.5, ""tp_r"": 2.0}",T1_asia0-8,W,0.5,2.0,0.0,0.0
1088.0,-0.1956,0.318,0.72,-5.08,137.2,214.1,0,526,-0.148,-2.6,562,-0.2402,-4.61,0.155,"{""range_end"": 8.0, ""entry_end"": 13.0, ""entry_mode"": 2, ""buf_atr"": 0.1, ""sl_k"": 0.5, ""tp_r"": 2.0}",T1_asia0-8,W,0.5,2.0,0.0,0.1
1559.0,-0.2023,0.315,0.712,-6.28,196.5,322.7,0,742,-0.2373,-5.13,817,-0.1706,-3.81,0.152,"{""range_end"": 8.0, ""entry_end"": 13.0, ""entry_mode"": 2, ""buf_k"": 0.05, ""sl_k"": 0.5, ""tp_r"": 2.0}",T1_asia0-8,W,0.5,2.0,0.05,0.0
989.0,-0.1951,0.31,0.723,-4.78,124.7,196.2,0,482,-0.1309,-2.17,507,-0.2561,-4.66,0.158,"{""range_end"": 8.0, ""entry_end"": 13.0, ""entry_mode"": 2, ""buf_k"": 0.05, ""buf_atr"": 0.1, ""sl_k"": 0.5, ""tp_r"": 2.0}",T1_asia0-8,W,0.5,2.0,0.05,0.1
1454.0,-0.2008,0.317,0.713,-6.03,183.3,303.0,0,697,-0.2247,-4.69,757,-0.1788,-3.86,0.156,"{""range_end"": 8.0, ""entry_end"": 13.0, ""entry_mode"": 2, ""buf_k"": 0.1, ""sl_k"": 0.5, ""tp_r"": 2.0}",T1_asia0-8,W,0.5,2.0,0.1,0.0
894.0,-0.181,0.31,0.742,-4.19,112.7,161.8,0,440,-0.1447,-2.29,454,-0.2161,-3.66,0.16,"{""range_end"": 8.0, ""entry_end"": 13.0, ""entry_mode"": 2, ""buf_k"": 0.1, ""buf_atr"": 0.1, ""sl_k"": 0.5, ""tp_r"": 2.0}",T1_asia0-8,W,0.5,2.0,0.1,0.1
1200.0,-0.2112,0.306,0.703,-5.73,151.2,265.4,1,573,-0.2169,-4.06,627,-0.2059,-4.04,0.161,"{""range_end"": 8.0, ""entry_end"": 13.0, ""entry_mode"": 2, ""buf_k"": 0.2, ""sl_k"": 0.5, ""tp_r"": 2.0}",T1_asia0-8,W,0.5,2.0,0.2,0.0
716.0,-0.1944,0.307,0.725,-4.04,90.3,142.2,0,359,-0.1348,-1.92,357,-0.2543,-3.88,0.163,"{""range_end"": 8.0, ""entry_end"": 13.0, ""entry_mode"": 2, ""buf_k"": 0.2, ""buf_atr"": 0.1, ""sl_k"": 0.5, ""tp_r"": 2.0}",T1_asia0-8,W,0.5,2.0,0.2,0.1
993.0,-0.226,0.296,0.688,-5.55,125.2,224.4,0,482,-0.237,-4.05,511,-0.2156,-3.8,0.172,"{""range_end"": 8.0, ""entry_end"": 13.0, ""entry_mode"": 2, ""buf_k"": 0.3, ""sl_k"": 0.5, ""tp_r"": 2.0}",T1_asia0-8,W,0.5,2.0,0.3,0.0
566.0,-0.1941,0.306,0.727,-3.57,71.4,109.9,1,280,-0.18,-2.29,286,-0.2079,-2.75,0.17,"{""range_end"": 8.0, ""entry_end"": 13.0, ""entry_mode"": 2, ""buf_k"": 0.3, ""buf_atr"": 0.1, ""sl_k"": 0.5, ""tp_r"": 2.0}",T1_asia0-8,W,0.5,2.0,0.3,0.1
668.0,-0.1986,0.301,0.726,-3.9,84.2,134.9,1,331,-0.1611,-2.17,337,-0.2355,-3.37,0.177,"{""range_end"": 8.0, ""entry_end"": 13.0, ""entry_mode"": 2, ""buf_k"": 0.5, ""sl_k"": 0.5, ""tp_r"": 2.0}",T1_asia0-8,W,0.5,2.0,0.5,0.0
370.0,-0.1808,0.297,0.749,-2.62,46.6,75.2,2,175,-0.2595,-2.65,195,-0.1101,-1.14,0.179,"{""range_end"": 8.0, ""entry_end"": 13.0, ""entry_mode"": 2, ""buf_k"": 0.5, ""buf_atr"": 0.1, ""sl_k"": 0.5, ""tp_r"": 2.0}",T1_asia0-8,W,0.5,2.0,0.5,0.1
1661.0,-0.1894,0.346,0.694,-5.99,209.2,338.3,1,792,-0.1877,-4.05,869,-0.1908,-4.42,0.1,"{""range_end"": 8.0, ""entry_end"": 13.0, ""entry_mode"": 2, ""sl_k"": 0.75}",T1_asia0-8,W,0.75,0.0,0.0,0.0
1088.0,-0.1727,0.337,0.724,-4.14,137.2,189.4,0,526,-0.1541,-2.4,562,-0.1902,-3.52,0.103,"{""range_end"": 8.0, ""entry_end"": 13.0, ""entry_mode"": 2, ""buf_atr"": 0.1, ""sl_k"": 0.75}",T1_asia0-8,W,0.75,0.0,0.0,0.1
1559.0,-0.1847,0.352,0.702,-5.61,196.5,305.1,1,742,-0.1824,-3.67,817,-0.1867,-4.28,0.101,"{""range_end"": 8.0, ""entry_end"": 13.0, ""entry_mode"": 2, ""buf_k"": 0.05, ""sl_k"": 0.75}",T1_asia0-8,W,0.75,0.0,0.05,0.0
989.0,-0.1725,0.335,0.725,-3.93,124.7,177.2,2,482,-0.1858,-2.83,507,-0.1598,-2.72,0.105,"{""range_end"": 8.0, ""entry_end"": 13.0, ""entry_mode"": 2, ""buf_k"": 0.05, ""buf_atr"": 0.1, ""sl_k"": 0.75}",T1_asia0-8,W,0.75,0.0,0.05,0.1
1454.0,-0.1595,0.356,0.743,-4.51,183.3,242.2,2,697,-0.1699,-3.22,757,-0.1499,-3.16,0.104,"{""range_end"": 8.0, ""entry_end"": 13.0, ""entry_mode"": 2, ""buf_k"": 0.1, ""sl_k"": 0.75}",T1_asia0-8,W,0.75,0.0,0.1,0.0
894.0,-0.1476,0.347,0.761,-3.15,112.7,137.3,0,440,-0.1377,-1.92,454,-0.1571,-2.59,0.106,"{""range_end"": 8.0, ""entry_end"": 13.0, ""entry_mode"": 2, ""buf_k"": 0.1, ""buf_atr"": 0.1, ""sl_k"": 0.75}",T1_asia0-8,W,0.75,0.0,0.1,0.1
1200.0,-0.1667,0.339,0.738,-4.15,151.2,202.4,1,573,-0.1891,-3.06,627,-0.1463,-2.79,0.108,"{""range_end"": 8.0, ""entry_end"": 13.0, ""entry_mode"": 2, ""buf_k"": 0.2, ""sl_k"": 0.75}",T1_asia0-8,W,0.75,0.0,0.2,0.0
716.0,-0.1244,0.345,0.798,-2.36,90.3,105.4,1,359,-0.0903,-1.11,357,-0.1586,-2.37,0.109,"{""range_end"": 8.0, ""entry_end"": 13.0, ""entry_mode"": 2, ""buf_k"": 0.2, ""buf_atr"": 0.1, ""sl_k"": 0.75}",T1_asia0-8,W,0.75,0.0,0.2,0.1
993.0,-0.1771,0.324,0.726,-3.93,125.2,185.8,1,482,-0.1825,-2.63,511,-0.172,-2.95,0.114,"{""range_end"": 8.0, ""entry_end"": 13.0, ""entry_mode"": 2, ""buf_k"": 0.3, ""sl_k"": 0.75}",T1_asia0-8,W,0.75,0.0,0.3,0.0
566.0,-0.0992,0.337,0.845,-1.58,71.4,64.2,1,280,-0.0438,-0.45,286,-0.1534,-1.9,0.114,"{""range_end"": 8.0, ""entry_end"": 13.0, ""entry_mode"": 2, ""buf_k"": 0.3, ""buf_atr"": 0.1, ""sl_k"": 0.75}",T1_asia0-8,W,0.75,0.0,0.3,0.1
668.0,-0.1166,0.335,0.82,-1.97,84.2,93.0,2,331,-0.0711,-0.78,337,-0.1612,-2.11,0.118,"{""range_end"": 8.0, ""entry_end"": 13.0, ""entry_mode"": 2, ""buf_k"": 0.5, ""sl_k"": 0.75}",T1_asia0-8,W,0.75,0.0,0.5,0.0
370.0,-0.1545,0.308,0.766,-2.1,46.6,68.9,2,175,-0.2116,-2.0,195,-0.1033,-1.0,0.12,"{""range_end"": 8.0, ""entry_end"": 13.0, ""entry_mode"": 2, ""buf_k"": 0.5, ""buf_atr"": 0.1, ""sl_k"": 0.75}",T1_asia0-8,W,0.75,0.0,0.5,0.1
1661.0,-0.1085,0.598,0.725,-6.09,209.2,183.7,0,792,-0.1141,-4.38,869,-0.1033,-4.23,0.1,"{""range_end"": 8.0, ""entry_end"": 13.0, ""entry_mode"": 2, ""sl_k"": 0.75, ""tp_r"": 0.5}",T1_asia0-8,W,0.75,0.5,0.0,0.0
1088.0,-0.1179,0.591,0.705,-5.36,137.2,130.5,0,526,-0.0881,-2.8,562,-0.1458,-4.74,0.103,"{""range_end"": 8.0, ""entry_end"": 13.0, ""entry_mode"": 2, ""buf_atr"": 0.1, ""sl_k"": 0.75, ""tp_r"": 0.5}",T1_asia0-8,W,0.75,0.5,0.0,0.1
1559.0,-0.1085,0.6,0.725,-5.88,196.5,173.1,0,742,-0.1076,-4.0,817,-0.1092,-4.31,0.101,"{""range_end"": 8.0, ""entry_end"": 13.0, ""entry_mode"": 2, ""buf_k"": 0.05, ""sl_k"": 0.75, ""tp_r"": 0.5}",T1_asia0-8,W,0.75,0.5,0.05,0.0
989.0,-0.1266,0.585,0.688,-5.46,124.7,126.5,0,482,-0.1038,-3.14,507,-0.1483,-4.56,0.105,"{""range_end"": 8.0, ""entry_end"": 13.0, ""entry_mode"": 2, ""buf_k"": 0.05, ""buf_atr"": 0.1, ""sl_k"": 0.75, ""tp_r"": 0.5}",T1_asia0-8,W,0.75,0.5,0.05,0.1
1454.0,-0.1159,0.596,0.711,-6.03,183.3,174.1,0,697,-0.1035,-3.73,757,-0.1272,-4.78,0.104,"{""range_end"": 8.0, ""entry_end"": 13.0, ""entry_mode"": 2, ""buf_k"": 0.1, ""sl_k"": 0.75, ""tp_r"": 0.5}",T1_asia0-8,W,0.75,0.5,0.1,0.0
894.0,-0.1248,0.589,0.693,-5.1,112.7,112.1,0,440,-0.1004,-2.89,454,-0.1486,-4.3,0.106,"{""range_end"": 8.0, ""entry_end"": 13.0, ""entry_mode"": 2, ""buf_k"": 0.1, ""buf_atr"": 0.1, ""sl_k"": 0.75, ""tp_r"": 0.5}",T1_asia0-8,W,0.75,0.5,0.1,0.1
1200.0,-0.1128,0.598,0.717,-5.35,151.2,137.2,0,573,-0.1117,-3.65,627,-0.1139,-3.9,0.108,"{""range_end"": 8.0, ""entry_end"": 13.0, ""entry_mode"": 2, ""buf_k"": 0.2, ""sl_k"": 0.75, ""tp_r"": 0.5}",T1_asia0-8,W,0.75,0.5,0.2,0.0
716.0,-0.1103,0.601,0.723,-4.04,90.3,83.6,1,359,-0.0786,-2.05,357,-0.1421,-3.64,0.109,"{""range_end"": 8.0, ""entry_end"": 13.0, ""entry_mode"": 2, ""buf_k"": 0.2, ""buf_atr"": 0.1, ""sl_k"": 0.75, ""tp_r"": 0.5}",T1_asia0-8,W,0.75,0.5,0.2,0.1
993.0,-0.1359,0.583,0.672,-5.83,125.2,136.3,0,482,-0.1255,-3.75,511,-0.1457,-4.48,0.114,"{""range_end"": 8.0, ""entry_end"": 13.0, ""entry_mode"": 2, ""buf_k"": 0.3, ""sl_k"": 0.75, ""tp_r"": 0.5}",T1_asia0-8,W,0.75,0.5,0.3,0.0
566.0,-0.1287,0.59,0.687,-4.17,71.4,73.8,1,280,-0.095,-2.19,286,-0.1617,-3.68,0.114,"{""range_end"": 8.0, ""entry_end"": 13.0, ""entry_mode"": 2, ""buf_k"": 0.3, ""buf_atr"": 0.1, ""sl_k"": 0.75, ""tp_r"": 0.5}",T1_asia0-8,W,0.75,0.5,0.3,0.1
668.0,-0.1303,0.591,0.684,-4.57,84.2,89.1,1,331,-0.0911,-2.28,337,-0.1687,-4.17,0.118,"{""range_end"": 8.0, ""entry_end"": 13.0, ""entry_mode"": 2, ""buf_k"": 0.5, ""sl_k"": 0.75, ""tp_r"": 0.5}",T1_asia0-8,W,0.75,0.5,0.5,0.0
370.0,-0.1273,0.592,0.689,-3.33,46.6,47.9,2,175,-0.1629,-2.89,195,-0.0953,-1.83,0.12,"{""range_end"": 8.0, ""entry_end"": 13.0, ""entry_mode"": 2, ""buf_k"": 0.5, ""buf_atr"": 0.1, ""sl_k"": 0.75, ""tp_r"": 0.5}",T1_asia0-8,W,0.75,0.5,0.5,0.1
1661.0,-0.1378,0.447,0.74,-5.95,209.2,238.0,1,792,-0.137,-4.05,869,-0.1385,-4.36,0.1,"{""range_end"": 8.0, ""entry_end"": 13.0, ""entry_mode"": 2, ""sl_k"": 0.75, ""tp_r"": 1.0}",T1_asia0-8,W,0.75,1.0,0.0,0.0
1088.0,-0.1413,0.441,0.735,-4.93,137.2,153.8,0,526,-0.1172,-2.81,562,-0.1639,-4.16,0.103,"{""range_end"": 8.0, ""entry_end"": 13.0, ""entry_mode"": 2, ""buf_atr"": 0.1, ""sl_k"": 0.75, ""tp_r"": 1.0}",T1_asia0-8,W,0.75,1.0,0.0,0.1
1559.0,-0.1345,0.453,0.746,-5.61,196.5,214.2,0,742,-0.1367,-3.89,817,-0.1326,-4.04,0.101,"{""range_end"": 8.0, ""entry_end"": 13.0, ""entry_mode"": 2, ""buf_k"": 0.05, ""sl_k"": 0.75, ""tp_r"": 1.0}",T1_asia0-8,W,0.75,1.0,0.05,0.0
989.0,-0.1354,0.443,0.745,-4.49,124.7,136.7,0,482,-0.1279,-2.93,507,-0.1426,-3.42,0.105,"{""range_end"": 8.0, ""entry_end"": 13.0, ""entry_mode"": 2, ""buf_k"": 0.05, ""buf_atr"": 0.1, ""sl_k"": 0.75, ""tp_r"": 1.0}",T1_asia0-8,W,0.75,1.0,0.05,0.1
1454.0,-0.1228,0.457,0.767,-4.91,183.3,180.5,0,697,-0.1287,-3.55,757,-0.1173,-3.4,0.104,"{""range_end"": 8.0, ""entry_end"": 13.0, ""entry_mode"": 2, ""buf_k"": 0.1, ""sl_k"": 0.75, ""tp_r"": 1.0}",T1_asia0-8,W,0.75,1.0,0.1,0.0
894.0,-0.118,0.452,0.776,-3.7,112.7,108.3,0,440,-0.1098,-2.38,454,-0.1261,-2.84,0.106,"{""range_end"": 8.0, ""entry_end"": 13.0, ""entry_mode"": 2, ""buf_k"": 0.1, ""buf_atr"": 0.1, ""sl_k"": 0.75, ""tp_r"": 1.0}",T1_asia0-8,W,0.75,1.0,0.1,0.1
1200.0,-0.1294,0.448,0.758,-4.69,151.2,157.2,0,573,-0.1296,-3.21,627,-0.1292,-3.41,0.108,"{""range_end"": 8.0, ""entry_end"": 13.0, ""entry_mode"": 2, ""buf_k"": 0.2, ""sl_k"": 0.75, ""tp_r"": 1.0}",T1_asia0-8,W,0.75,1.0,0.2,0.0
716.0,-0.1099,0.454,0.79,-3.07,90.3,81.6,1,359,-0.0802,-1.57,357,-0.1398,-2.79,0.109,"{""range_end"": 8.0, ""entry_end"": 13.0, ""entry_mode"": 2, ""buf_k"": 0.2, ""buf_atr"": 0.1, ""sl_k"": 0.75, ""tp_r"": 1.0}",T1_asia0-8,W,0.75,1.0,0.2,0.1
993.0,-0.1433,0.439,0.736,-4.72,125.2,142.3,0,482,-0.1612,-3.67,511,-0.1265,-3.01,0.114,"{""range_end"": 8.0, ""entry_end"": 13.0, ""entry_mode"": 2, ""buf_k"": 0.3, ""sl_k"": 0.75, ""tp_r"": 1.0}",T1_asia0-8,W,0.75,1.0,0.3,0.0
566.0,-0.1146,0.458,0.785,-2.82,71.4,66.6,1,280,-0.0896,-1.54,286,-0.139,-2.45,0.114,"{""range_end"": 8.0, ""entry_end"": 13.0, ""entry_mode"": 2, ""buf_k"": 0.3, ""buf_atr"": 0.1, ""sl_k"": 0.75, ""tp_r"": 1.0}",T1_asia0-8,W,0.75,1.0,0.3,0.1
668.0,-0.1376,0.448,0.749,-3.67,84.2,93.8,0,331,-0.1142,-2.14,337,-0.1606,-3.05,0.118,"{""range_end"": 8.0, ""entry_end"": 13.0, ""entry_mode"": 2, ""buf_k"": 0.5, ""sl_k"": 0.75, ""tp_r"": 1.0}",T1_asia0-8,W,0.75,1.0,0.5,0.0
370.0,-0.1478,0.427,0.73,-2.96,46.6,61.4,1,175,-0.1496,-2.05,195,-0.1463,-2.13,0.12,"{""range_end"": 8.0, ""entry_end"": 13.0, ""entry_mode"": 2, ""buf_k"": 0.5, ""buf_atr"": 0.1, ""sl_k"": 0.75, ""tp_r"": 1.0}",T1_asia0-8,W,0.75,1.0,0.5,0.1
1661.0,-0.1196,0.403,0.79,-4.49,209.2,221.6,1,792,-0.1259,-3.25,869,-0.1139,-3.11,0.1,"{""range_end"": 8.0, ""entry_end"": 13.0, ""entry_mode"": 2, ""sl_k"": 0.75, ""tp_r"": 1.5}",T1_asia0-8,W,0.75,1.5,0.0,0.0
1088.0,-0.1568,0.384,0.73,-4.86,137.2,171.3,0,526,-0.1299,-2.73,562,-0.1819,-4.16,0.103,"{""range_end"": 8.0, ""entry_end"": 13.0, ""entry_mode"": 2, ""buf_atr"": 0.1, ""sl_k"": 0.75, ""tp_r"": 1.5}",T1_asia0-8,W,0.75,1.5,0.0,0.1
1559.0,-0.1324,0.402,0.77,-4.83,196.5,222.0,1,742,-0.1496,-3.74,817,-0.1169,-3.1,0.101,"{""range_end"": 8.0, ""entry_end"": 13.0, ""entry_mode"": 2, ""buf_k"": 0.05, ""sl_k"": 0.75, ""tp_r"": 1.5}",T1_asia0-8,W,0.75,1.5,0.05,0.0
989.0,-0.1588,0.38,0.728,-4.68,124.7,159.0,0,482,-0.1472,-2.96,507,-0.1699,-3.66,0.105,"{""range_end"": 8.0, ""entry_end"": 13.0, ""entry_mode"": 2, ""buf_k"": 0.05, ""buf_atr"": 0.1, ""sl_k"": 0.75, ""tp_r"": 1.5}",T1_asia0-8,W,0.75,1.5,0.05,0.1
1454.0,-0.1182,0.407,0.793,-4.13,183.3,181.7,1,697,-0.1459,-3.54,757,-0.0927,-2.34,0.104,"{""range_end"": 8.0, ""entry_end"": 13.0, ""entry_mode"": 2, ""buf_k"": 0.1, ""sl_k"": 0.75, ""tp_r"": 1.5}",T1_asia0-8,W,0.75,1.5,0.1,0.0
894.0,-0.1285,0.395,0.776,-3.56,112.7,114.8,0,440,-0.1212,-2.31,454,-0.1355,-2.73,0.106,"{""range_end"": 8.0, ""entry_end"": 13.0, ""entry_mode"": 2, ""buf_k"": 0.1, ""buf_atr"": 0.1, ""sl_k"": 0.75, ""tp_r"": 1.5}",T1_asia0-8,W,0.75,1.5,0.1,0.1
1200.0,-0.1468,0.388,0.751,-4.68,151.2,179.0,0,573,-0.1707,-3.74,627,-0.1249,-2.9,0.108,"{""range_end"": 8.0, ""entry_end"": 13.0, ""entry_mode"": 2, ""buf_k"": 0.2, ""sl_k"": 0.75, ""tp_r"": 1.5}",T1_asia0-8,W,0.75,1.5,0.2,0.0
716.0,-0.1177,0.392,0.796,-2.88,90.3,92.6,0,359,-0.1123,-1.91,357,-0.1232,-2.16,0.109,"{""range_end"": 8.0, ""entry_end"": 13.0, ""entry_mode"": 2, ""buf_k"": 0.2, ""buf_atr"": 0.1, ""sl_k"": 0.75, ""tp_r"": 1.5}",T1_asia0-8,W,0.75,1.5,0.2,0.1
993.0,-0.1539,0.377,0.741,-4.46,125.2,152.8,1,482,-0.1742,-3.48,511,-0.1348,-2.84,0.114,"{""range_end"": 8.0, ""entry_end"": 13.0, ""entry_mode"": 2, ""buf_k"": 0.3, ""sl_k"": 0.75, ""tp_r"": 1.5}",T1_asia0-8,W,0.75,1.5,0.3,0.0
566.0,-0.1447,0.383,0.759,-3.11,71.4,83.0,0,280,-0.1184,-1.75,286,-0.1704,-2.66,0.114,"{""range_end"": 8.0, ""entry_end"": 13.0, ""entry_mode"": 2, ""buf_k"": 0.3, ""buf_atr"": 0.1, ""sl_k"": 0.75, ""tp_r"": 1.5}",T1_asia0-8,W,0.75,1.5,0.3,0.1
668.0,-0.1336,0.386,0.778,-3.09,84.2,95.0,0,331,-0.1024,-1.64,337,-0.1641,-2.74,0.118,"{""range_end"": 8.0, ""entry_end"": 13.0, ""entry_mode"": 2, ""buf_k"": 0.5, ""sl_k"": 0.75, ""tp_r"": 1.5}",T1_asia0-8,W,0.75,1.5,0.5,0.0
370.0,-0.1337,0.373,0.779,-2.29,46.6,66.3,2,175,-0.2005,-2.38,195,-0.0737,-0.91,0.12,"{""range_end"": 8.0, ""entry_end"": 13.0, ""entry_mode"": 2, ""buf_k"": 0.5, ""buf_atr"": 0.1, ""sl_k"": 0.75, ""tp_r"": 1.5}",T1_asia0-8,W,0.75,1.5,0.5,0.1
1661.0,-0.14,0.374,0.763,-4.92,209.2,260.4,1,792,-0.1537,-3.72,869,-0.1276,-3.25,0.1,"{""range_end"": 8.0, ""entry_end"": 13.0, ""entry_mode"": 2, ""sl_k"": 0.75, ""tp_r"": 2.0}",T1_asia0-8,W,0.75,2.0,0.0,0.0
1088.0,-0.1438,0.369,0.759,-4.11,137.2,157.4,0,526,-0.1434,-2.8,562,-0.1442,-3.02,0.103,"{""range_end"": 8.0, ""entry_end"": 13.0, ""entry_mode"": 2, ""buf_atr"": 0.1, ""sl_k"": 0.75, ""tp_r"": 2.0}",T1_asia0-8,W,0.75,2.0,0.0,0.1
1559.0,-0.1528,0.376,0.744,-5.23,196.5,261.5,1,742,-0.1805,-4.27,817,-0.1276,-3.16,0.101,"{""range_end"": 8.0, ""entry_end"": 13.0, ""entry_mode"": 2, ""buf_k"": 0.05, ""sl_k"": 0.75, ""tp_r"": 2.0}",T1_asia0-8,W,0.75,2.0,0.05,0.0
989.0,-0.137,0.366,0.771,-3.7,124.7,137.1,0,482,-0.1419,-2.61,507,-0.1324,-2.62,0.105,"{""range_end"": 8.0, ""entry_end"": 13.0, ""entry_mode"": 2, ""buf_k"": 0.05, ""buf_atr"": 0.1, ""sl_k"": 0.75, ""tp_r"": 2.0}",T1_asia0-8,W,0.75,2.0,0.05,0.1
1454.0,-0.1279,0.382,0.785,-4.15,183.3,201.4,1,697,-0.176,-4.0,757,-0.0837,-1.94,0.104,"{""range_end"": 8.0, ""entry_end"": 13.0, ""entry_mode"": 2, ""buf_k"": 0.1, ""sl_k"": 0.75, ""tp_r"": 2.0}",T1_asia0-8,W,0.75,2.0,0.1,0.0
894.0,-0.1252,0.374,0.789,-3.21,112.7,113.0,0,440,-0.1342,-2.35,454,-0.1165,-2.18,0.106,"{""range_end"": 8.0, ""entry_end"": 13.0, ""entry_mode"": 2, ""buf_k"": 0.1, ""buf_atr"": 0.1, ""sl_k"": 0.75, ""tp_r"": 2.0}",T1_asia0-8,W,0.75,2.0,0.1,0.1
1200.0,-0.1394,0.367,0.772,-4.07,151.2,175.0,1,573,-0.1957,-3.99,627,-0.0879,-1.84,0.108,"{""range_end"": 8.0, ""entry_end"": 13.0, ""entry_mode"": 2, ""buf_k"": 0.2, ""sl_k"": 0.75, ""tp_r"": 2.0}",T1_asia0-8,W,0.75,2.0,0.2,0.0
716.0,-0.0985,0.374,0.834,-2.2,90.3,80.0,0,359,-0.089,-1.37,357,-0.1081,-1.75,0.109,"{""range_end"": 8.0, ""entry_end"": 13.0, ""entry_mode"": 2, ""buf_k"": 0.2, ""buf_atr"": 0.1, ""sl_k"": 0.75, ""tp_r"": 2.0}",T1_asia0-8,W,0.75,2.0,0.2,0.1
993.0,-0.1463,0.355,0.762,-3.9,125.2,148.3,1,482,-0.1767,-3.24,511,-0.1177,-2.28,0.114,"{""range_end"": 8.0, ""entry_end"": 13.0, ""entry_mode"": 2, ""buf_k"": 0.3, ""sl_k"": 0.75, ""tp_r"": 2.0}",T1_asia0-8,W,0.75,2.0,0.3,0.0
566.0,-0.1026,0.366,0.833,-1.99,71.4,62.5,1,280,-0.0581,-0.76,286,-0.1463,-2.09,0.114,"{""range_end"": 8.0, ""entry_end"": 13.0, ""entry_mode"": 2, ""buf_k"": 0.3, ""buf_atr"": 0.1, ""sl_k"": 0.75, ""tp_r"": 2.0}",T1_asia0-8,W,0.75,2.0,0.3,0.1
668.0,-0.1108,0.365,0.821,-2.34,84.2,82.6,1,331,-0.0984,-1.43,337,-0.123,-1.87,0.118,"{""range_end"": 8.0, ""entry_end"": 13.0, ""entry_mode"": 2, ""buf_k"": 0.5, ""sl_k"": 0.75, ""tp_r"": 2.0}",T1_asia0-8,W,0.75,2.0,0.5,0.0
370.0,-0.1542,0.335,0.759,-2.43,46.6,68.7,1,175,-0.2291,-2.54,195,-0.087,-0.98,0.12,"{""range_end"": 8.0, ""entry_end"": 13.0, ""entry_mode"": 2, ""buf_k"": 0.5, ""buf_atr"": 0.1, ""sl_k"": 0.75, ""tp_r"": 2.0}",T1_asia0-8,W,0.75,2.0,0.5,0.1
1661.0,-0.1432,0.393,0.726,-5.22,209.2,246.6,0,792,-0.1449,-3.55,869,-0.1417,-3.83,0.075,"{""range_end"": 8.0, ""entry_end"": 13.0, ""entry_mode"": 2}",T1_asia0-8,W,1.0,0.0,0.0,0.0
1088.0,-0.1263,0.392,0.758,-3.63,137.2,146.0,1,526,-0.1242,-2.34,562,-0.1283,-2.82,0.077,"{""range_end"": 8.0, ""entry_end"": 13.0, ""entry_mode"": 2, ""buf_atr"": 0.1}",T1_asia0-8,W,1.0,0.0,0.0,0.1
1559.0,-0.14,0.4,0.733,-4.91,196.5,228.9,1,742,-0.1397,-3.22,817,-0.1403,-3.74,0.076,"{""range_end"": 8.0, ""entry_end"": 13.0, ""entry_mode"": 2, ""buf_k"": 0.05}",T1_asia0-8,W,1.0,0.0,0.05,0.0
989.0,-0.1328,0.39,0.747,-3.63,124.7,139.3,1,482,-0.1337,-2.44,507,-0.1319,-2.7,0.079,"{""range_end"": 8.0, ""entry_end"": 13.0, ""entry_mode"": 2, ""buf_k"": 0.05, ""buf_atr"": 0.1}",T1_asia0-8,W,1.0,0.0,0.05,0.1
1454.0,-0.1221,0.406,0.766,-4.06,183.3,182.9,1,697,-0.126,-2.76,757,-0.1184,-2.99,0.078,"{""range_end"": 8.0, ""entry_end"": 13.0, ""entry_mode"": 2, ""buf_k"": 0.1}",T1_asia0-8,W,1.0,0.0,0.1,0.0
894.0,-0.1051,0.403,0.797,-2.69,112.7,104.0,0,440,-0.0777,-1.31,454,-0.1316,-2.57,0.08,"{""range_end"": 8.0, ""entry_end"": 13.0, ""entry_mode"": 2, ""buf_k"": 0.1, ""buf_atr"": 0.1}",T1_asia0-8,W,1.0,0.0,0.1,0.1
1200.0,-0.1359,0.389,0.746,-4.08,151.2,164.3,0,573,-0.1651,-3.25,627,-0.1091,-2.49,0.081,"{""range_end"": 8.0, ""entry_end"": 13.0, ""entry_mode"": 2, ""buf_k"": 0.2}",T1_asia0-8,W,1.0,0.0,0.2,0.0
716.0,-0.1187,0.392,0.776,-2.73,90.3,98.8,0,359,-0.0721,-1.08,357,-0.1656,-2.99,0.082,"{""range_end"": 8.0, ""entry_end"": 13.0, ""entry_mode"": 2, ""buf_k"": 0.2, ""buf_atr"": 0.1}",T1_asia0-8,W,1.0,0.0,0.2,0.1
993.0,-0.1359,0.385,0.749,-3.62,125.2,144.5,0,482,-0.1342,-2.33,511,-0.1375,-2.82,0.086,"{""range_end"": 8.0, ""entry_end"": 13.0, ""entry_mode"": 2, ""buf_k"": 0.3}",T1_asia0-8,W,1.0,0.0,0.3,0.0
566.0,-0.1037,0.39,0.809,-2.03,71.4,66.0,1,280,-0.0388,-0.5,286,-0.1672,-2.53,0.085,"{""range_end"": 8.0, ""entry_end"": 13.0, ""entry_mode"": 2, ""buf_k"": 0.3, ""buf_atr"": 0.1}",T1_asia0-8,W,1.0,0.0,0.3,0.1
668.0,-0.0894,0.395,0.836,-1.84,84.2,72.5,3,331,-0.049,-0.66,337,-0.129,-2.04,0.088,"{""range_end"": 8.0, ""entry_end"": 13.0, ""entry_mode"": 2, ""buf_k"": 0.5}",T1_asia0-8,W,1.0,0.0,0.5,0.0
370.0,-0.1029,0.362,0.813,-1.63,46.6,44.4,1,175,-0.1002,-1.08,195,-0.1053,-1.22,0.09,"{""range_end"": 8.0, ""entry_end"": 13.0, ""entry_mode"": 2, ""buf_k"": 0.5, ""buf_atr"": 0.1}",T1_asia0-8,W,1.0,0.0,0.5,0.1
1661.0,-0.1039,0.58,0.725,-6.03,209.2,174.2,0,792,-0.1125,-4.43,869,-0.0961,-4.09,0.075,"{""range_end"": 8.0, ""entry_end"": 13.0, ""entry_mode"": 2, ""tp_r"": 0.5}",T1_asia0-8,W,1.0,0.5,0.0,0.0
1088.0,-0.0905,0.587,0.753,-4.28,137.2,101.3,0,526,-0.0708,-2.32,562,-0.1089,-3.72,0.077,"{""range_end"": 8.0, ""entry_end"": 13.0, ""entry_mode"": 2, ""buf_atr"": 0.1, ""tp_r"": 0.5}",T1_asia0-8,W,1.0,0.5,0.0,0.1
1559.0,-0.0927,0.589,0.749,-5.23,196.5,145.8,0,742,-0.1032,-3.95,817,-0.0832,-3.45,0.076,"{""range_end"": 8.0, ""entry_end"": 13.0, ""entry_mode"": 2, ""buf_k"": 0.05, ""tp_r"": 0.5}",T1_asia0-8,W,1.0,0.5,0.05,0.0
989.0,-0.0918,0.588,0.751,-4.13,124.7,93.6,0,482,-0.0676,-2.12,507,-0.1148,-3.7,0.079,"{""range_end"": 8.0, ""entry_end"": 13.0, ""entry_mode"": 2, ""buf_k"": 0.05, ""buf_atr"": 0.1, ""tp_r"": 0.5}",T1_asia0-8,W,1.0,0.5,0.05,0.1
1454.0,-0.0803,0.599,0.779,-4.37,183.3,117.2,1,697,-0.0737,-2.75,757,-0.0863,-3.42,0.078,"{""range_end"": 8.0, ""entry_end"": 13.0, ""entry_mode"": 2, ""buf_k"": 0.1, ""tp_r"": 0.5}",T1_asia0-8,W,1.0,0.5,0.1,0.0
894.0,-0.0862,0.597,0.765,-3.67,112.7,79.3,0,440,-0.0648,-1.94,454,-0.1069,-3.24,0.08,"{""range_end"": 8.0, ""entry_end"": 13.0, ""entry_mode"": 2, ""buf_k"": 0.1, ""buf_atr"": 0.1, ""tp_r"": 0.5}",T1_asia0-8,W,1.0,0.5,0.1,0.1
1200.0,-0.0978,0.588,0.74,-4.8,151.2,119.1,0,573,-0.0924,-3.12,627,-0.1027,-3.65,0.081,"{""range_end"": 8.0, ""entry_end"": 13.0, ""entry_mode"": 2, ""buf_k"": 0.2, ""tp_r"": 0.5}",T1_asia0-8,W,1.0,0.5,0.2,0.0
716.0,-0.0997,0.591,0.738,-3.76,90.3,72.8,1,359,-0.0804,-2.15,357,-0.1191,-3.16,0.082,"{""range_end"": 8.0, ""entry_end"": 13.0, ""entry_mode"": 2, ""buf_k"": 0.2, ""buf_atr"": 0.1, ""tp_r"": 0.5}",T1_asia0-8,W,1.0,0.5,0.2,0.1
993.0,-0.1096,0.588,0.717,-4.84,125.2,111.1,0,482,-0.1184,-3.63,511,-0.1012,-3.22,0.086,"{""range_end"": 8.0, ""entry_end"": 13.0, ""entry_mode"": 2, ""buf_k"": 0.3, ""tp_r"": 0.5}",T1_asia0-8,W,1.0,0.5,0.3,0.0
566.0,-0.0944,0.592,0.75,-3.17,71.4,54.9,1,280,-0.0421,-1.01,286,-0.1456,-3.43,0.085,"{""range_end"": 8.0, ""entry_end"": 13.0, ""entry_mode"": 2, ""buf_k"": 0.3, ""buf_atr"": 0.1, ""tp_r"": 0.5}",T1_asia0-8,W,1.0,0.5,0.3,0.1
668.0,-0.0888,0.602,0.765,-3.22,84.2,60.7,1,331,-0.0643,-1.65,337,-0.1128,-2.89,0.088,"{""range_end"": 8.0, ""entry_end"": 13.0, ""entry_mode"": 2, ""buf_k"": 0.5, ""tp_r"": 0.5}",T1_asia0-8,W,1.0,0.5,0.5,0.0
370.0,-0.0821,0.597,0.777,-2.23,46.6,30.9,2,175,-0.0508,-0.96,195,-0.1101,-2.16,0.09,"{""range_end"": 8.0, ""entry_end"": 13.0, ""entry_mode"": 2, ""buf_k"": 0.5, ""buf_atr"": 0.1, ""tp_r"": 0.5}",T1_asia0-8,W,1.0,0.5,0.5,0.1
1661.0,-0.1034,0.463,0.779,-4.75,209.2,177.1,0,792,-0.1212,-3.81,869,-0.0872,-2.93,0.075,"{""range_end"": 8.0, ""entry_end"": 13.0, ""entry_mode"": 2, ""tp_r"": 1.0}",T1_asia0-8,W,1.0,1.0,0.0,0.0
1088.0,-0.1164,0.454,0.753,-4.38,137.2,129.3,0,526,-0.1167,-2.99,562,-0.1161,-3.2,0.077,"{""range_end"": 8.0, ""entry_end"": 13.0, ""entry_mode"": 2, ""buf_atr"": 0.1, ""tp_r"": 1.0}",T1_asia0-8,W,1.0,1.0,0.0,0.1
1559.0,-0.1116,0.465,0.762,-5.0,196.5,180.1,0,742,-0.1317,-4.01,817,-0.0934,-3.07,0.076,"{""range_end"": 8.0, ""entry_end"": 13.0, ""entry_mode"": 2, ""buf_k"": 0.05, ""tp_r"": 1.0}",T1_asia0-8,W,1.0,1.0,0.05,0.0
989.0,-0.112,0.454,0.763,-3.98,124.7,113.6,0,482,-0.0997,-2.42,507,-0.1238,-3.21,0.079,"{""range_end"": 8.0, ""entry_end"": 13.0, ""entry_mode"": 2, ""buf_k"": 0.05, ""buf_atr"": 0.1, ""tp_r"": 1.0}",T1_asia0-8,W,1.0,1.0,0.05,0.1
1454.0,-0.1103,0.468,0.764,-4.79,183.3,162.8,0,697,-0.1304,-3.85,757,-0.0918,-2.92,0.078,"{""range_end"": 8.0, ""entry_end"": 13.0, ""entry_mode"": 2, ""buf_k"": 0.1, ""tp_r"": 1.0}",T1_asia0-8,W,1.0,1.0,0.1,0.0
894.0,-0.0929,0.465,0.802,-3.11,112.7,85.7,0,440,-0.0847,-1.96,454,-0.1008,-2.43,0.08,"{""range_end"": 8.0, ""entry_end"": 13.0, ""entry_mode"": 2, ""buf_k"": 0.1, ""buf_atr"": 0.1, ""tp_r"": 1.0}",T1_asia0-8,W,1.0,1.0,0.1,0.1
1200.0,-0.1213,0.452,0.746,-4.75,151.2,147.9,0,573,-0.1411,-3.78,627,-0.1032,-2.95,0.081,"{""range_end"": 8.0, ""entry_end"": 13.0, ""entry_mode"": 2, ""buf_k"": 0.2, ""tp_r"": 1.0}",T1_asia0-8,W,1.0,1.0,0.2,0.0
716.0,-0.1033,0.458,0.786,-3.06,90.3,80.0,1,359,-0.0797,-1.64,357,-0.127,-2.71,0.082,"{""range_end"": 8.0, ""entry_end"": 13.0, ""entry_mode"": 2, ""buf_k"": 0.2, ""buf_atr"": 0.1, ""tp_r"": 1.0}",T1_asia0-8,W,1.0,1.0,0.2,0.1
993.0,-0.123,0.449,0.748,-4.32,125.2,122.1,0,482,-0.1463,-3.55,511,-0.1009,-2.56,0.086,"{""range_end"": 8.0, ""entry_end"": 13.0, ""entry_mode"": 2, ""buf_k"": 0.3, ""tp_r"": 1.0}",T1_asia0-8,W,1.0,1.0,0.3,0.0
566.0,-0.1033,0.463,0.788,-2.69,71.4,60.1,1,280,-0.0773,-1.41,286,-0.1288,-2.41,0.085,"{""range_end"": 8.0, ""entry_end"": 13.0, ""entry_mode"": 2, ""buf_k"": 0.3, ""buf_atr"": 0.1, ""tp_r"": 1.0}",T1_asia0-8,W,1.0,1.0,0.3,0.1
668.0,-0.0858,0.47,0.823,-2.4,84.2,64.5,0,331,-0.0675,-1.31,337,-0.1039,-2.09,0.088,"{""range_end"": 8.0, ""entry_end"": 13.0, ""entry_mode"": 2, ""buf_k"": 0.5, ""tp_r"": 1.0}",T1_asia0-8,W,1.0,1.0,0.5,0.0
370.0,-0.0662,0.465,0.86,-1.38,46.6,29.7,1,175,-0.0826,-1.18,195,-0.0515,-0.78,0.09,"{""range_end"": 8.0, ""entry_end"": 13.0, ""entry_mode"": 2, ""buf_k"": 0.5, ""buf_atr"": 0.1, ""tp_r"": 1.0}",T1_asia0-8,W,1.0,1.0,0.5,0.1
1661.0,-0.1122,0.425,0.774,-4.67,209.2,197.1,1,792,-0.1375,-3.91,869,-0.0892,-2.71,0.075,"{""range_end"": 8.0, ""entry_end"": 13.0, ""entry_mode"": 2, ""tp_r"": 1.5}",T1_asia0-8,W,1.0,1.5,0.0,0.0
1088.0,-0.1038,0.425,0.789,-3.5,137.2,117.3,0,526,-0.1127,-2.58,562,-0.0954,-2.37,0.077,"{""range_end"": 8.0, ""entry_end"": 13.0, ""entry_mode"": 2, ""buf_atr"": 0.1, ""tp_r"": 1.5}",T1_asia0-8,W,1.0,1.5,0.0,0.1
1559.0,-0.1218,0.427,0.757,-4.93,196.5,201.8,1,742,-0.1555,-4.3,817,-0.0913,-2.7,0.076,"{""range_end"": 8.0, ""entry_end"": 13.0, ""entry_mode"": 2, ""buf_k"": 0.05, ""tp_r"": 1.5}",T1_asia0-8,W,1.0,1.5,0.05,0.0
989.0,-0.0994,0.424,0.8,-3.17,124.7,101.5,0,482,-0.0933,-2.01,507,-0.1053,-2.47,0.079,"{""range_end"": 8.0, ""entry_end"": 13.0, ""entry_mode"": 2, ""buf_k"": 0.05, ""buf_atr"": 0.1, ""tp_r"": 1.5}",T1_asia0-8,W,1.0,1.5,0.05,0.1
1454.0,-0.0936,0.438,0.81,-3.61,183.3,143.4,1,697,-0.137,-3.64,757,-0.0537,-1.5,0.078,"{""range_end"": 8.0, ""entry_end"": 13.0, ""entry_mode"": 2, ""buf_k"": 0.1, ""tp_r"": 1.5}",T1_asia0-8,W,1.0,1.5,0.1,0.0
894.0,-0.0839,0.432,0.83,-2.52,112.7,80.7,0,440,-0.0679,-1.39,454,-0.0994,-2.19,0.08,"{""range_end"": 8.0, ""entry_end"": 13.0, ""entry_mode"": 2, ""buf_k"": 0.1, ""buf_atr"": 0.1, ""tp_r"": 1.5}",T1_asia0-8,W,1.0,1.5,0.1,0.1
1200.0,-0.108,0.42,0.787,-3.75,151.2,131.8,0,573,-0.1649,-3.97,627,-0.056,-1.4,0.081,"{""range_end"": 8.0, ""entry_end"": 13.0, ""entry_mode"": 2, ""buf_k"": 0.2, ""tp_r"": 1.5}",T1_asia0-8,W,1.0,1.5,0.2,0.0
716.0,-0.0906,0.422,0.822,-2.39,90.3,73.6,0,359,-0.0611,-1.11,357,-0.1203,-2.31,0.082,"{""range_end"": 8.0, ""entry_end"": 13.0, ""entry_mode"": 2, ""buf_k"": 0.2, ""buf_atr"": 0.1, ""tp_r"": 1.5}",T1_asia0-8,W,1.0,1.5,0.2,0.1
993.0,-0.1079,0.417,0.79,-3.38,125.2,111.7,0,482,-0.1293,-2.78,511,-0.0877,-2.01,0.086,"{""range_end"": 8.0, ""entry_end"": 13.0, ""entry_mode"": 2, ""buf_k"": 0.3, ""tp_r"": 1.5}",T1_asia0-8,W,1.0,1.5,0.3,0.0
566.0,-0.0961,0.417,0.815,-2.22,71.4,58.6,0,280,-0.0431,-0.68,286,-0.148,-2.5,0.085,"{""range_end"": 8.0, ""entry_end"": 13.0, ""entry_mode"": 2, ""buf_k"": 0.3, ""buf_atr"": 0.1, ""tp_r"": 1.5}",T1_asia0-8,W,1.0,1.5,0.3,0.1
668.0,-0.0771,0.427,0.851,-1.92,84.2,60.5,1,331,-0.059,-1.01,337,-0.0948,-1.71,0.088,"{""range_end"": 8.0, ""entry_end"": 13.0, ""entry_mode"": 2, ""buf_k"": 0.5, ""tp_r"": 1.5}",T1_asia0-8,W,1.0,1.5,0.5,0.0
370.0,-0.0975,0.4,0.815,-1.81,46.6,41.3,0,175,-0.1386,-1.8,195,-0.0606,-0.8,0.09,"{""range_end"": 8.0, ""entry_end"": 13.0, ""entry_mode"": 2, ""buf_k"": 0.5, ""buf_atr"": 0.1, ""tp_r"": 1.5}",T1_asia0-8,W,1.0,1.5,0.5,0.1
1661.0,-0.1309,0.405,0.745,-5.18,209.2,228.5,0,792,-0.1387,-3.74,869,-0.1237,-3.58,0.075,"{""range_end"": 8.0, ""entry_end"": 13.0, ""entry_mode"": 2, ""tp_r"": 2.0}",T1_asia0-8,W,1.0,2.0,0.0,0.0
1088.0,-0.1247,0.403,0.756,-4.0,137.2,139.5,0,526,-0.145,-3.15,562,-0.1058,-2.5,0.077,"{""range_end"": 8.0, ""entry_end"": 13.0, ""entry_mode"": 2, ""buf_atr"": 0.1, ""tp_r"": 2.0}",T1_asia0-8,W,1.0,2.0,0.0,0.1
1559.0,-0.1325,0.411,0.743,-5.08,196.5,219.4,0,742,-0.152,-3.97,817,-0.1148,-3.22,0.076,"{""range_end"": 8.0, ""entry_end"": 13.0, ""entry_mode"": 2, ""buf_k"": 0.05, ""tp_r"": 2.0}",T1_asia0-8,W,1.0,2.0,0.05,0.0
989.0,-0.1239,0.404,0.759,-3.77,124.7,125.8,0,482,-0.1345,-2.79,507,-0.1138,-2.53,0.079,"{""range_end"": 8.0, ""entry_end"": 13.0, ""entry_mode"": 2, ""buf_k"": 0.05, ""buf_atr"": 0.1, ""tp_r"": 2.0}",T1_asia0-8,W,1.0,2.0,0.05,0.1
1454.0,-0.1102,0.418,0.784,-4.02,183.3,166.3,1,697,-0.1403,-3.52,757,-0.0825,-2.18,0.078,"{""range_end"": 8.0, ""entry_end"": 13.0, ""entry_mode"": 2, ""buf_k"": 0.1, ""tp_r"": 2.0}",T1_asia0-8,W,1.0,2.0,0.1,0.0
894.0,-0.1072,0.414,0.789,-3.09,112.7,101.3,0,440,-0.0956,-1.87,454,-0.1185,-2.51,0.08,"{""range_end"": 8.0, ""entry_end"": 13.0, ""entry_mode"": 2, ""buf_k"": 0.1, ""buf_atr"": 0.1, ""tp_r"": 2.0}",T1_asia0-8,W,1.0,2.0,0.1,0.1
1200.0,-0.1232,0.401,0.764,-4.05,151.2,149.1,0,573,-0.1823,-4.19,627,-0.0692,-1.63,0.081,"{""range_end"": 8.0, ""entry_end"": 13.0, ""entry_mode"": 2, ""buf_k"": 0.2, ""tp_r"": 2.0}",T1_asia0-8,W,1.0,2.0,0.2,0.0
716.0,-0.0962,0.408,0.815,-2.41,90.3,77.8,1,359,-0.077,-1.32,357,-0.1156,-2.11,0.082,"{""range_end"": 8.0, ""entry_end"": 13.0, ""entry_mode"": 2, ""buf_k"": 0.2, ""buf_atr"": 0.1, ""tp_r"": 2.0}",T1_asia0-8,W,1.0,2.0,0.2,0.1
993.0,-0.1191,0.4,0.775,-3.52,125.2,123.1,0,482,-0.1518,-3.09,511,-0.0882,-1.89,0.086,"{""range_end"": 8.0, ""entry_end"": 13.0, ""entry_mode"": 2, ""buf_k"": 0.3, ""tp_r"": 2.0}",T1_asia0-8,W,1.0,2.0,0.3,0.0
566.0,-0.0958,0.398,0.822,-2.06,71.4,58.7,1,280,-0.0589,-0.87,286,-0.1318,-2.06,0.085,"{""range_end"": 8.0, ""entry_end"": 13.0, ""entry_mode"": 2, ""buf_k"": 0.3, ""buf_atr"": 0.1, ""tp_r"": 2.0}",T1_asia0-8,W,1.0,2.0,0.3,0.1
668.0,-0.0753,0.409,0.858,-1.74,84.2,65.4,1,331,-0.0705,-1.12,337,-0.0799,-1.35,0.088,"{""range_end"": 8.0, ""entry_end"": 13.0, ""entry_mode"": 2, ""buf_k"": 0.5, ""tp_r"": 2.0}",T1_asia0-8,W,1.0,2.0,0.5,0.0
370.0,-0.087,0.376,0.839,-1.48,46.6,36.5,1,175,-0.114,-1.36,195,-0.0628,-0.76,0.09,"{""range_end"": 8.0, ""entry_end"": 13.0, ""entry_mode"": 2, ""buf_k"": 0.5, ""buf_atr"": 0.1, ""tp_r"": 2.0}",T1_asia0-8,W,1.0,2.0,0.5,0.1
1993.0,-0.718,0.045,0.369,-10.86,251.0,1487.3,0,914,-0.7169,-8.64,1079,-0.7189,-7.19,0.679,"{""range_start"": 7.0, ""range_end"": 8.0, ""entry_mode"": 2, ""sl_k"": 0.25}",T2_ldn7-8,W,0.25,0.0,0.0,0.0
1428.0,-0.8184,0.036,0.29,-13.16,180.0,1168.6,0,685,-0.8321,-9.76,743,-0.8057,-8.94,0.689,"{""range_start"": 7.0, ""range_end"": 8.0, ""entry_mode"": 2, ""buf_atr"": 0.1, ""sl_k"": 0.25}",T2_ldn7-8,W,0.25,0.0,0.0,0.1
1965.0,-0.6286,0.051,0.446,-9.14,247.5,1252.9,0,905,-0.5694,-5.49,1060,-0.6792,-7.4,0.684,"{""range_start"": 7.0, ""range_end"": 8.0, ""entry_mode"": 2, ""buf_k"": 0.05, ""sl_k"": 0.25}",T2_ldn7-8,W,0.25,0.0,0.05,0.0
1368.0,-0.7695,0.036,0.333,-10.22,172.4,1052.7,0,659,-0.8489,-9.39,709,-0.6956,-5.87,0.694,"{""range_start"": 7.0, ""range_end"": 8.0, ""entry_mode"": 2, ""buf_k"": 0.05, ""buf_atr"": 0.1, ""sl_k"": 0.25}",T2_ldn7-8,W,0.25,0.0,0.05,0.1
1930.0,-0.5928,0.051,0.478,-8.3,243.1,1161.7,0,883,-0.5342,-4.72,1047,-0.6423,-7.08,0.691,"{""range_start"": 7.0, ""range_end"": 8.0, ""entry_mode"": 2, ""buf_k"": 0.1, ""sl_k"": 0.25}",T2_ldn7-8,W,0.25,0.0,0.1,0.0
1304.0,-0.7575,0.037,0.343,-9.75,164.3,987.8,0,633,-0.8033,-8.0,671,-0.7143,-6.07,0.704,"{""range_start"": 7.0, ""range_end"": 8.0, ""entry_mode"": 2, ""buf_k"": 0.1, ""buf_atr"": 0.1, ""sl_k"": 0.25}",T2_ldn7-8,W,0.25,0.0,0.1,0.1
1841.0,-0.5995,0.046,0.476,-7.96,231.9,1141.1,0,844,-0.6762,-6.73,997,-0.5347,-4.86,0.703,"{""range_start"": 7.0, ""range_end"": 8.0, ""entry_mode"": 2, ""buf_k"": 0.2, ""sl_k"": 0.25}",T2_ldn7-8,W,0.25,0.0,0.2,0.0
1170.0,-0.7754,0.037,0.333,-8.14,147.5,907.2,0,571,-0.953,-10.89,599,-0.6061,-3.65,0.726,"{""range_start"": 7.0, ""range_end"": 8.0, ""entry_mode"": 2, ""buf_k"": 0.2, ""buf_atr"": 0.1, ""sl_k"": 0.25}",T2_ldn7-8,W,0.25,0.0,0.2,0.1
1736.0,-0.6094,0.043,0.469,-7.39,218.6,1111.8,0,807,-0.7444,-7.21,929,-0.4922,-3.93,0.72,"{""range_start"": 7.0, ""range_end"": 8.0, ""entry_mode"": 2, ""buf_k"": 0.3, ""sl_k"": 0.25}",T2_ldn7-8,W,0.25,0.0,0.3,0.0
1041.0,-0.6117,0.048,0.468,-5.22,131.2,704.8,1,509,-0.811,-6.86,532,-0.421,-2.12,0.737,"{""range_start"": 7.0, ""range_end"": 8.0, ""entry_mode"": 2, ""buf_k"": 0.3, ""buf_atr"": 0.1, ""sl_k"": 0.25}",T2_ldn7-8,W,0.25,0.0,0.3,0.1
1525.0,-0.8543,0.033,0.268,-14.47,192.1,1304.5,0,731,-0.9901,-16.01,794,-0.7293,-7.45,0.74,"{""range_start"": 7.0, ""range_end"": 8.0, ""entry_mode"": 2, ""buf_k"": 0.5, ""sl_k"": 0.25}",T2_ldn7-8,W,0.25,0.0,0.5,0.0
859.0,-0.6723,0.045,0.419,-6.04,108.3,581.9,1,428,-0.662,-3.71,431,-0.6826,-5.09,0.77,"{""range_start"": 7.0, ""range_end"": 8.0, ""entry_mode"": 2, ""buf_k"": 0.5, ""buf_atr"": 0.1, ""sl_k"": 0.25}",T2_ldn7-8,W,0.25,0.0,0.5,0.1
1993.0,-0.6943,0.317,0.158,-40.9,251.0,1383.8,0,914,-0.6925,-27.57,1079,-0.6959,-30.19,0.679,"{""range_start"": 7.0, ""range_end"": 8.0, ""entry_mode"": 2, ""sl_k"": 0.25, ""tp_r"": 0.5}",T2_ldn7-8,W,0.25,0.5,0.0,0.0
1428.0,-0.6904,0.321,0.16,-34.28,180.0,986.4,0,685,-0.7072,-24.45,743,-0.675,-24.04,0.689,"{""range_start"": 7.0, ""range_end"": 8.0, ""entry_mode"": 2, ""buf_atr"": 0.1, ""sl_k"": 0.25, ""tp_r"": 0.5}",T2_ldn7-8,W,0.25,0.5,0.0,0.1
1965.0,-0.6825,0.325,0.163,-39.71,247.5,1341.5,0,905,-0.6636,-26.06,1060,-0.6986,-30.0,0.684,"{""range_start"": 7.0, ""range_end"": 8.0, ""entry_mode"": 2, ""buf_k"": 0.05, ""sl_k"": 0.25, ""tp_r"": 0.5}",T2_ldn7-8,W,0.25,0.5,0.05,0.0
1368.0,-0.6519,0.346,0.177,-31.18,172.4,892.2,0,659,-0.6595,-21.99,709,-0.6447,-22.1,0.694,"{""range_start"": 7.0, ""range_end"": 8.0, ""entry_mode"": 2, ""buf_k"": 0.05, ""buf_atr"": 0.1, ""sl_k"": 0.25, ""tp_r"": 0.5}",T2_ldn7-8,W,0.25,0.5,0.05,0.1
1930.0,-0.6706,0.333,0.169,-38.43,243.1,1294.6,0,883,-0.6727,-26.15,1047,-0.6688,-28.14,0.691,"{""range_start"": 7.0, ""range_end"": 8.0, ""entry_mode"": 2, ""buf_k"": 0.1, ""sl_k"": 0.25, ""tp_r"": 0.5}",T2_ldn7-8,W,0.25,0.5,0.1,0.0
1304.0,-0.6661,0.337,0.17,-31.27,164.3,868.6,0,633,-0.6827,-22.51,671,-0.6504,-21.73,0.704,"{""range_start"": 7.0, ""range_end"": 8.0, ""entry_mode"": 2, ""buf_k"": 0.1, ""buf_atr"": 0.1, ""sl_k"": 0.25, ""tp_r"": 0.5}",T2_ldn7-8,W,0.25,0.5,0.1,0.1
1841.0,-0.6917,0.321,0.16,-38.95,231.9,1274.3,0,844,-0.73,-28.41,997,-0.6593,-26.91,0.703,"{""range_start"": 7.0, ""range_end"": 8.0, ""entry_mode"": 2, ""buf_k"": 0.2, ""sl_k"": 0.25, ""tp_r"": 0.5}",T2_ldn7-8,W,0.25,0.5,0.2,0.0
1170.0,-0.6864,0.328,0.163,-30.28,147.5,803.4,0,571,-0.7128,-22.03,599,-0.6611,-20.82,0.726,"{""range_start"": 7.0, ""range_end"": 8.0, ""entry_mode"": 2, ""buf_k"": 0.2, ""buf_atr"": 0.1, ""sl_k"": 0.25, ""tp_r"": 0.5}",T2_ldn7-8,W,0.25,0.5,0.2,0.1
1736.0,-0.7018,0.316,0.154,-38.68,218.6,1218.8,0,807,-0.7165,-27.08,929,-0.6891,-27.64,0.72,"{""range_start"": 7.0, ""range_end"": 8.0, ""entry_mode"": 2, ""buf_k"": 0.3, ""sl_k"": 0.25, ""tp_r"": 0.5}",T2_ldn7-8,W,0.25,0.5,0.3,0.0
1041.0,-0.7292,0.303,0.143,-31.06,131.2,759.5,0,509,-0.7489,-22.23,532,-0.7103,-21.69,0.737,"{""range_start"": 7.0, ""range_end"": 8.0, ""entry_mode"": 2, ""buf_k"": 0.3, ""buf_atr"": 0.1, ""sl_k"": 0.25, ""tp_r"": 0.5}",T2_ldn7-8,W,0.25,0.5,0.3,0.1
1525.0,-0.6867,0.329,0.162,-34.93,192.1,1047.6,0,731,-0.7,-24.83,794,-0.6744,-24.59,0.74,"{""range_start"": 7.0, ""range_end"": 8.0, ""entry_mode"": 2, ""buf_k"": 0.5, ""sl_k"": 0.25, ""tp_r"": 0.5}",T2_ldn7-8,W,0.25,0.5,0.5,0.0
859.0,-0.7165,0.312,0.149,-27.68,108.3,615.9,0,428,-0.7108,-19.34,431,-0.7221,-19.78,0.77,"{""range_start"": 7.0, ""range_end"": 8.0, ""entry_mode"": 2, ""buf_k"": 0.5, ""buf_atr"": 0.1, ""sl_k"": 0.25, ""tp_r"": 0.5}",T2_ldn7-8,W,0.25,0.5,0.5,0.1
1993.0,-0.6685,0.252,0.256,-32.35,251.0,1332.4,0,914,-0.6668,-21.83,1079,-0.67,-23.86,0.679,"{""range_start"": 7.0, ""range_end"": 8.0, ""entry_mode"": 2, ""sl_k"": 0.25, ""tp_r"": 1.0}",T2_ldn7-8,W,0.25,1.0,0.0,0.0
1428.0,-0.6875,0.244,0.244,-28.47,180.0,982.6,0,685,-0.6871,-19.64,743,-0.6878,-20.6,0.689,"{""range_start"": 7.0, ""range_end"": 8.0, ""entry_mode"": 2, ""buf_atr"": 0.1, ""sl_k"": 0.25, ""tp_r"": 1.0}",T2_ldn7-8,W,0.25,1.0,0.0,0.1
1965.0,-0.6599,0.257,0.262,-31.55,247.5,1298.2,0,905,-0.635,-20.35,1060,-0.6812,-24.18,0.684,"{""range_start"": 7.0, ""range_end"": 8.0, ""entry_mode"": 2, ""buf_k"": 0.05, ""sl_k"": 0.25, ""tp_r"": 1.0}",T2_ldn7-8,W,0.25,1.0,0.05,0.0
1368.0,-0.6379,0.269,0.276,-25.08,172.4,873.5,0,659,-0.6275,-17.0,709,-0.6475,-18.44,0.694,"{""range_start"": 7.0, ""range_end"": 8.0, ""entry_mode"": 2, ""buf_k"": 0.05, ""buf_atr"": 0.1, ""sl_k"": 0.25, ""tp_r"": 1.0}",T2_ldn7-8,W,0.25,1.0,0.05,0.1
1930.0,-0.6715,0.252,0.254,-32.02,243.1,1297.5,0,883,-0.6712,-21.68,1047,-0.6717,-23.55,0.691,"{""range_start"": 7.0, ""range_end"": 8.0, ""entry_mode"": 2, ""buf_k"": 0.1, ""sl_k"": 0.25, ""tp_r"": 1.0}",T2_ldn7-8,W,0.25,1.0,0.1,0.0
1304.0,-0.6462,0.265,0.271,-24.93,164.3,843.8,0,633,-0.6364,-17.02,671,-0.6555,-18.21,0.704,"{""range_start"": 7.0, ""range_end"": 8.0, ""entry_mode"": 2, ""buf_k"": 0.1, ""buf_atr"": 0.1, ""sl_k"": 0.25, ""tp_r"": 1.0}",T2_ldn7-8,W,0.25,1.0,0.1,0.1
1841.0,-0.6884,0.245,0.245,-32.28,231.9,1268.2,0,844,-0.7233,-23.5,997,-0.6588,-22.33,0.703,"{""range_start"": 7.0, ""range_end"": 8.0, ""entry_mode"": 2, ""buf_k"": 0.2, ""sl_k"": 0.25, ""tp_r"": 1.0}",T2_ldn7-8,W,0.25,1.0,0.2,0.0
1170.0,-0.6813,0.251,0.25,-25.08,147.5,797.1,0,571,-0.6831,-17.41,599,-0.6796,-18.04,0.726,"{""range_start"": 7.0, ""range_end"": 8.0, ""entry_mode"": 2, ""buf_k"": 0.2, ""buf_atr"": 0.1, ""sl_k"": 0.25, ""tp_r"": 1.0}",T2_ldn7-8,W,0.25,1.0,0.2,0.1
1736.0,-0.7058,0.237,0.233,-32.61,218.6,1226.2,0,807,-0.7318,-23.44,929,-0.6832,-22.78,0.72,"{""range_start"": 7.0, ""range_end"": 8.0, ""entry_mode"": 2, ""buf_k"": 0.3, ""sl_k"": 0.25, ""tp_r"": 1.0}",T2_ldn7-8,W,0.25,1.0,0.3,0.0
1041.0,-0.7169,0.235,0.229,-25.46,131.2,746.3,0,509,-0.7249,-17.84,532,-0.7092,-18.15,0.737,"{""range_start"": 7.0, ""range_end"": 8.0, ""entry_mode"": 2, ""buf_k"": 0.3, ""buf_atr"": 0.1, ""sl_k"": 0.25, ""tp_r"": 1.0}",T2_ldn7-8,W,0.25,1.0,0.3,0.1
1525.0,-0.6798,0.252,0.251,-28.72,192.1,1037.6,0,731,-0.6697,-19.43,794,-0.6891,-21.15,0.74,"{""range_start"": 7.0, ""range_end"": 8.0, ""entry_mode"": 2, ""buf_k"": 0.5, ""sl_k"": 0.25, ""tp_r"": 1.0}",T2_ldn7-8,W,0.25,1.0,0.5,0.0
859.0,-0.6789,0.255,0.254,-21.38,108.3,584.1,0,428,-0.6448,-14.09,431,-0.7127,-16.19,0.77,"{""range_start"": 7.0, ""range_end"": 8.0, ""entry_mode"": 2, ""buf_k"": 0.5, ""buf_atr"": 0.1, ""sl_k"": 0.25, ""tp_r"": 1.0}",T2_ldn7-8,W,0.25,1.0,0.5,0.1
1993.0,-0.6567,0.208,0.309,-27.58,251.0,1309.3,0,914,-0.6442,-18.16,1079,-0.6673,-20.77,0.679,"{""range_start"": 7.0, ""range_end"": 8.0, ""entry_mode"": 2, ""sl_k"": 0.25, ""tp_r"": 1.5}",T2_ldn7-8,W,0.25,1.5,0.0,0.0
1428.0,-0.677,0.201,0.295,-24.33,180.0,966.7,0,685,-0.6581,-16.13,743,-0.6944,-18.26,0.689,"{""range_start"": 7.0, ""range_end"": 8.0, ""entry_mode"": 2, ""buf_atr"": 0.1, ""sl_k"": 0.25, ""tp_r"": 1.5}",T2_ldn7-8,W,0.25,1.5,0.0,0.1
1965.0,-0.6672,0.204,0.301,-28.02,247.5,1314.1,0,905,-0.6485,-18.26,1060,-0.6833,-21.28,0.684,"{""range_start"": 7.0, ""range_end"": 8.0, ""entry_mode"": 2, ""buf_k"": 0.05, ""sl_k"": 0.25, ""tp_r"": 1.5}",T2_ldn7-8,W,0.25,1.5,0.05,0.0
1368.0,-0.6273,0.221,0.331,-21.36,172.4,858.1,0,659,-0.6111,-14.27,709,-0.6423,-15.91,0.694,"{""range_start"": 7.0, ""range_end"": 8.0, ""entry_mode"": 2, ""buf_k"": 0.05, ""buf_atr"": 0.1, ""sl_k"": 0.25, ""tp_r"": 1.5}",T2_ldn7-8,W,0.25,1.5,0.05,0.1
1930.0,-0.6649,0.205,0.303,-27.64,243.1,1286.4,0,883,-0.6674,-18.82,1047,-0.6629,-20.24,0.691,"{""range_start"": 7.0, ""range_end"": 8.0, ""entry_mode"": 2, ""buf_k"": 0.1, ""sl_k"": 0.25, ""tp_r"": 1.5}",T2_ldn7-8,W,0.25,1.5,0.1,0.0
1304.0,-0.6417,0.215,0.32,-21.53,164.3,837.9,0,633,-0.6152,-14.14,671,-0.6667,-16.32,0.704,"{""range_start"": 7.0, ""range_end"": 8.0, ""entry_mode"": 2, ""buf_k"": 0.1, ""buf_atr"": 0.1, ""sl_k"": 0.25, ""tp_r"": 1.5}",T2_ldn7-8,W,0.25,1.5,0.1,0.1
1841.0,-0.6829,0.199,0.292,-27.94,231.9,1258.7,0,844,-0.7183,-20.42,997,-0.653,-19.26,0.703,"{""range_start"": 7.0, ""range_end"": 8.0, ""entry_mode"": 2, ""buf_k"": 0.2, ""sl_k"": 0.25, ""tp_r"": 1.5}",T2_ldn7-8,W,0.25,1.5,0.2,0.0
1170.0,-0.6763,0.204,0.298,-21.75,147.5,791.7,0,571,-0.6558,-14.41,599,-0.6959,-16.36,0.726,"{""range_start"": 7.0, ""range_end"": 8.0, ""entry_mode"": 2, ""buf_k"": 0.2, ""buf_atr"": 0.1, ""sl_k"": 0.25, ""tp_r"": 1.5}",T2_ldn7-8,W,0.25,1.5,0.2,0.1
1736.0,-0.7132,0.188,0.271,-29.01,218.6,1239.9,0,807,-0.7754,-22.62,929,-0.6591,-18.89,0.72,"{""range_start"": 7.0, ""range_end"": 8.0, ""entry_mode"": 2, ""buf_k"": 0.3, ""sl_k"": 0.25, ""tp_r"": 1.5}",T2_ldn7-8,W,0.25,1.5,0.3,0.0
1041.0,-0.7053,0.194,0.278,-21.82,131.2,734.2,0,509,-0.7189,-15.52,532,-0.6923,-15.33,0.737,"{""range_start"": 7.0, ""range_end"": 8.0, ""entry_mode"": 2, ""buf_k"": 0.3, ""buf_atr"": 0.1, ""sl_k"": 0.25, ""tp_r"": 1.5}",T2_ldn7-8,W,0.25,1.5,0.3,0.1
1525.0,-0.6633,0.21,0.308,-24.22,192.1,1012.8,0,731,-0.6531,-16.37,794,-0.6726,-17.85,0.74,"{""range_start"": 7.0, ""range_end"": 8.0, ""entry_mode"": 2, ""buf_k"": 0.5, ""sl_k"": 0.25, ""tp_r"": 1.5}",T2_ldn7-8,W,0.25,1.5,0.5,0.0
859.0,-0.6467,0.218,0.321,-17.47,108.3,556.9,0,428,-0.6113,-11.42,431,-0.6819,-13.33,0.77,"{""range_start"": 7.0, ""range_end"": 8.0, ""entry_mode"": 2, ""buf_k"": 0.5, ""buf_atr"": 0.1, ""sl_k"": 0.25, ""tp_r"": 1.5}",T2_ldn7-8,W,0.25,1.5,0.5,0.1
1993.0,-0.6557,0.174,0.337,-24.77,251.0,1308.2,0,914,-0.6353,-16.0,1079,-0.6729,-18.96,0.679,"{""range_start"": 7.0, ""range_end"": 8.0, ""entry_mode"": 2, ""sl_k"": 0.25, ""tp_r"": 2.0}",T2_ldn7-8,W,0.25,2.0,0.0,0.0
1428.0,-0.7054,0.159,0.301,-23.36,180.0,1007.3,0,685,-0.6789,-15.22,743,-0.7298,-17.82,0.689,"{""range_start"": 7.0, ""range_end"": 8.0, ""entry_mode"": 2, ""buf_atr"": 0.1, ""sl_k"": 0.25, ""tp_r"": 2.0}",T2_ldn7-8,W,0.25,2.0,0.0,0.1
1965.0,-0.6555,0.175,0.337,-24.56,247.5,1292.6,0,905,-0.6242,-15.53,1060,-0.6823,-19.14,0.684,"{""range_start"": 7.0, ""range_end"": 8.0, ""entry_mode"": 2, ""buf_k"": 0.05, ""sl_k"": 0.25, ""tp_r"": 2.0}",T2_ldn7-8,W,0.25,2.0,0.05,0.0
1368.0,-0.6291,0.184,0.358,-19.25,172.4,860.6,0,659,-0.6135,-12.88,709,-0.6435,-14.32,0.694,"{""range_start"": 7.0, ""range_end"": 8.0, ""entry_mode"": 2, ""buf_k"": 0.05, ""buf_atr"": 0.1, ""sl_k"": 0.25, ""tp_r"": 2.0}",T2_ldn7-8,W,0.25,2.0,0.05,0.1
1930.0,-0.6592,0.174,0.334,-24.55,243.1,1276.7,0,883,-0.6526,-16.35,1047,-0.6647,-18.31,0.691,"{""range_start"": 7.0, ""range_end"": 8.0, ""entry_mode"": 2, ""buf_k"": 0.1, ""sl_k"": 0.25, ""tp_r"": 2.0}",T2_ldn7-8,W,0.25,2.0,0.1,0.0
1304.0,-0.6589,0.175,0.336,-20.09,164.3,862.3,0,633,-0.6528,-13.8,671,-0.6648,-14.59,0.704,"{""range_start"": 7.0, ""range_end"": 8.0, ""entry_mode"": 2, ""buf_k"": 0.1, ""buf_atr"": 0.1, ""sl_k"": 0.25, ""tp_r"": 2.0}",T2_ldn7-8,W,0.25,2.0,0.1,0.1
1841.0,-0.6847,0.166,0.317,-25.28,231.9,1262.5,0,844,-0.7198,-18.47,997,-0.655,-17.42,0.703,"{""range_start"": 7.0, ""range_end"": 8.0, ""entry_mode"": 2, ""buf_k"": 0.2, ""sl_k"": 0.25, ""tp_r"": 2.0}",T2_ldn7-8,W,0.25,2.0,0.2,0.0
1170.0,-0.6659,0.174,0.333,-19.15,147.5,780.5,0,571,-0.651,-12.85,599,-0.6801,-14.23,0.726,"{""range_start"": 7.0, ""range_end"": 8.0, ""entry_mode"": 2, ""buf_k"": 0.2, ""buf_atr"": 0.1, ""sl_k"": 0.25, ""tp_r"": 2.0}",T2_ldn7-8,W,0.25,2.0,0.2,0.1
1736.0,-0.7163,0.157,0.294,-26.32,218.6,1246.2,0,807,-0.7654,-19.97,929,-0.6737,-17.54,0.72,"{""range_start"": 7.0, ""range_end"": 8.0, ""entry_mode"": 2, ""buf_k"": 0.3, ""sl_k"": 0.25, ""tp_r"": 2.0}",T2_ldn7-8,W,0.25,2.0,0.3,0.0
1041.0,-0.7264,0.156,0.29,-20.6,131.2,756.2,0,509,-0.7743,-15.86,532,-0.6807,-13.41,0.737,"{""range_start"": 7.0, ""range_end"": 8.0, ""entry_mode"": 2, ""buf_k"": 0.3, ""buf_atr"": 0.1, ""sl_k"": 0.25, ""tp_r"": 2.0}",T2_ldn7-8,W,0.25,2.0,0.3,0.1
1525.0,-0.7073,0.161,0.303,-24.03,192.1,1080.4,0,731,-0.7097,-16.68,794,-0.705,-17.28,0.74,"{""range_start"": 7.0, ""range_end"": 8.0, ""entry_mode"": 2, ""buf_k"": 0.5, ""sl_k"": 0.25, ""tp_r"": 2.0}",T2_ldn7-8,W,0.25,2.0,0.5,0.0
859.0,-0.6094,0.194,0.378,-14.43,108.3,525.3,0,428,-0.5746,-9.41,431,-0.6439,-11.02,0.77,"{""range_start"": 7.0, ""range_end"": 8.0, ""entry_mode"": 2, ""buf_k"": 0.5, ""buf_atr"": 0.1, ""sl_k"": 0.25, ""tp_r"": 2.0}",T2_ldn7-8,W,0.25,2.0,0.5,0.1
1993.0,-0.3251,0.118,0.665,-5.51,251.0,707.0,1,914,-0.3868,-4.79,1079,-0.2728,-3.22,0.339,"{""range_start"": 7.0, ""range_end"": 8.0, ""entry_mode"": 2, ""sl_k"": 0.5}",T2_ldn7-8,W,0.5,0.0,0.0,0.0
1428.0,-0.4206,0.103,0.573,-6.06,180.0,600.6,0,685,-0.556,-6.88,743,-0.2957,-2.68,0.344,"{""range_start"": 7.0, ""range_end"": 8.0, ""entry_mode"": 2, ""buf_atr"": 0.1, ""sl_k"": 0.5}",T2_ldn7-8,W,0.5,0.0,0.0,0.1
1965.0,-0.3267,0.116,0.664,-5.58,247.5,684.1,1,905,-0.3505,-4.16,1060,-0.3064,-3.77,0.342,"{""range_start"": 7.0, ""range_end"": 8.0, ""entry_mode"": 2, ""buf_k"": 0.05, ""sl_k"": 0.5}",T2_ldn7-8,W,0.5,0.0,0.05,0.0
1368.0,-0.3963,0.103,0.598,-5.36,172.4,542.2,0,659,-0.5987,-7.58,709,-0.2082,-1.71,0.347,"{""range_start"": 7.0, ""range_end"": 8.0, ""entry_mode"": 2, ""buf_k"": 0.05, ""buf_atr"": 0.1, ""sl_k"": 0.5}",T2_ldn7-8,W,0.5,0.0,0.05,0.1
1930.0,-0.3365,0.116,0.655,-5.76,243.1,681.9,1,883,-0.3714,-4.49,1047,-0.3071,-3.74,0.345,"{""range_start"": 7.0, ""range_end"": 8.0, ""entry_mode"": 2, ""buf_k"": 0.1, ""sl_k"": 0.5}",T2_ldn7-8,W,0.5,0.0,0.1,0.0
1304.0,-0.3491,0.109,0.644,-4.42,164.3,455.2,1,633,-0.5302,-6.05,671,-0.1783,-1.38,0.352,"{""range_start"": 7.0, ""range_end"": 8.0, ""entry_mode"": 2, ""buf_k"": 0.1, ""buf_atr"": 0.1, ""sl_k"": 0.5}",T2_ldn7-8,W,0.5,0.0,0.1,0.1
1841.0,-0.3973,0.106,0.597,-6.78,231.9,755.2,0,844,-0.4884,-6.32,997,-0.3201,-3.72,0.352,"{""range_start"": 7.0, ""range_end"": 8.0, ""entry_mode"": 2, ""buf_k"": 0.2, ""sl_k"": 0.5}",T2_ldn7-8,W,0.5,0.0,0.2,0.0
1170.0,-0.4084,0.106,0.586,-5.08,147.5,477.9,0,571,-0.558,-6.1,599,-0.2659,-2.04,0.363,"{""range_start"": 7.0, ""range_end"": 8.0, ""entry_mode"": 2, ""buf_k"": 0.2, ""buf_atr"": 0.1, ""sl_k"": 0.5}",T2_ldn7-8,W,0.5,0.0,0.2,0.1
1736.0,-0.4249,0.107,0.569,-7.15,218.6,770.0,0,807,-0.6025,-8.68,929,-0.2707,-2.91,0.36,"{""range_start"": 7.0, ""range_end"": 8.0, ""entry_mode"": 2, ""buf_k"": 0.3, ""sl_k"": 0.5}",T2_ldn7-8,W,0.5,0.0,0.3,0.0
1041.0,-0.407,0.112,0.586,-4.92,131.2,438.4,0,509,-0.5079,-4.76,532,-0.3104,-2.47,0.369,"{""range_start"": 7.0, ""range_end"": 8.0, ""entry_mode"": 2, ""buf_k"": 0.3, ""buf_atr"": 0.1, ""sl_k"": 0.5}",T2_ldn7-8,W,0.5,0.0,0.3,0.1
1525.0,-0.4555,0.107,0.539,-7.1,192.1,695.5,1,731,-0.605,-8.34,794,-0.3179,-3.07,0.37,"{""range_start"": 7.0, ""range_end"": 8.0, ""entry_mode"": 2, ""buf_k"": 0.5, ""sl_k"": 0.5}",T2_ldn7-8,W,0.5,0.0,0.5,0.0
859.0,-0.2511,0.122,0.742,-2.61,108.3,228.9,1,428,-0.2346,-1.63,431,-0.2675,-2.09,0.385,"{""range_start"": 7.0, ""range_end"": 8.0, ""entry_mode"": 2, ""buf_k"": 0.5, ""buf_atr"": 0.1, ""sl_k"": 0.5}",T2_ldn7-8,W,0.5,0.0,0.5,0.1
1993.0,-0.3605,0.479,0.374,-20.69,251.0,719.4,0,914,-0.3845,-14.97,1079,-0.3401,-14.34,0.339,"{""range_start"": 7.0, ""range_end"": 8.0, ""entry_mode"": 2, ""sl_k"": 0.5, ""tp_r"": 0.5}",T2_ldn7-8,W,0.5,0.5,0.0,0.0
1428.0,-0.3236,0.504,0.41,-15.71,180.0,462.5,0,685,-0.323,-10.81,743,-0.3241,-11.4,0.344,"{""range_start"": 7.0, ""range_end"": 8.0, ""entry_mode"": 2, ""buf_atr"": 0.1, ""sl_k"": 0.5, ""tp_r"": 0.5}",T2_ldn7-8,W,0.5,0.5,0.0,0.1
1965.0,-0.3684,0.474,0.366,-21.0,247.5,724.8,0,905,-0.3761,-14.56,1060,-0.3618,-15.13,0.342,"{""range_start"": 7.0, ""range_end"": 8.0, ""entry_mode"": 2, ""buf_k"": 0.05, ""sl_k"": 0.5, ""tp_r"": 0.5}",T2_ldn7-8,W,0.5,0.5,0.05,0.0
1368.0,-0.3275,0.501,0.406,-15.56,172.4,448.5,0,659,-0.3284,-10.77,709,-0.3268,-11.22,0.347,"{""range_start"": 7.0, ""range_end"": 8.0, ""entry_mode"": 2, ""buf_k"": 0.05, ""buf_atr"": 0.1, ""sl_k"": 0.5, ""tp_r"": 0.5}",T2_ldn7-8,W,0.5,0.5,0.05,0.1
1930.0,-0.3665,0.475,0.368,-20.73,243.1,708.3,0,883,-0.3952,-15.16,1047,-0.3424,-14.23,0.345,"{""range_start"": 7.0, ""range_end"": 8.0, ""entry_mode"": 2, ""buf_k"": 0.1, ""sl_k"": 0.5, ""tp_r"": 0.5}",T2_ldn7-8,W,0.5,0.5,0.1,0.0
1304.0,-0.3372,0.495,0.396,-15.64,164.3,439.7,0,633,-0.3426,-11.02,671,-0.3321,-11.09,0.352,"{""range_start"": 7.0, ""range_end"": 8.0, ""entry_mode"": 2, ""buf_k"": 0.1, ""buf_atr"": 0.1, ""sl_k"": 0.5, ""tp_r"": 0.5}",T2_ldn7-8,W,0.5,0.5,0.1,0.1
1841.0,-0.3816,0.466,0.354,-21.09,231.9,703.0,0,844,-0.4177,-15.69,997,-0.351,-14.25,0.352,"{""range_start"": 7.0, ""range_end"": 8.0, ""entry_mode"": 2, ""buf_k"": 0.2, ""sl_k"": 0.5, ""tp_r"": 0.5}",T2_ldn7-8,W,0.5,0.5,0.2,0.0
1170.0,-0.3646,0.479,0.369,-16.0,147.5,427.1,0,571,-0.3618,-11.03,599,-0.3674,-11.58,0.363,"{""range_start"": 7.0, ""range_end"": 8.0, ""entry_mode"": 2, ""buf_k"": 0.2, ""buf_atr"": 0.1, ""sl_k"": 0.5, ""tp_r"": 0.5}",T2_ldn7-8,W,0.5,0.5,0.2,0.1
1736.0,-0.372,0.473,0.362,-19.96,218.6,647.3,0,807,-0.3888,-14.26,929,-0.3574,-14.0,0.36,"{""range_start"": 7.0, ""range_end"": 8.0, ""entry_mode"": 2, ""buf_k"": 0.3, ""sl_k"": 0.5, ""tp_r"": 0.5}",T2_ldn7-8,W,0.5,0.5,0.3,0.0
1041.0,-0.343,0.494,0.391,-14.17,131.2,357.5,0,509,-0.3303,-9.51,532,-0.3551,-10.51,0.369,"{""range_start"": 7.0, ""range_end"": 8.0, ""entry_mode"": 2, ""buf_k"": 0.3, ""buf_atr"": 0.1, ""sl_k"": 0.5, ""tp_r"": 0.5}",T2_ldn7-8,W,0.5,0.5,0.3,0.1
1525.0,-0.3494,0.49,0.384,-17.46,192.1,533.2,0,731,-0.3072,-10.62,794,-0.3882,-14.04,0.37,"{""range_start"": 7.0, ""range_end"": 8.0, ""entry_mode"": 2, ""buf_k"": 0.5, ""sl_k"": 0.5, ""tp_r"": 0.5}",T2_ldn7-8,W,0.5,0.5,0.5,0.0
859.0,-0.3117,0.516,0.424,-11.68,108.3,268.2,0,428,-0.3287,-8.68,431,-0.2949,-7.84,0.385,"{""range_start"": 7.0, ""range_end"": 8.0, ""entry_mode"": 2, ""buf_k"": 0.5, ""buf_atr"": 0.1, ""sl_k"": 0.5, ""tp_r"": 0.5}",T2_ldn7-8,W,0.5,0.5,0.5,0.1
1993.0,-0.3592,0.362,0.489,-16.25,251.0,718.5,0,914,-0.3672,-11.26,1079,-0.3523,-11.71,0.339,"{""range_start"": 7.0, ""range_end"": 8.0, ""entry_mode"": 2, ""sl_k"": 0.5, ""tp_r"": 1.0}",T2_ldn7-8,W,0.5,1.0,0.0,0.0
1428.0,-0.3431,0.37,0.506,-13.07,180.0,489.9,0,685,-0.3501,-9.22,743,-0.3366,-9.26,0.344,"{""range_start"": 7.0, ""range_end"": 8.0, ""entry_mode"": 2, ""buf_atr"": 0.1, ""sl_k"": 0.5, ""tp_r"": 1.0}",T2_ldn7-8,W,0.5,1.0,0.0,0.1
1965.0,-0.3905,0.347,0.457,-17.71,247.5,770.1,0,905,-0.41,-12.69,1060,-0.3739,-12.39,0.342,"{""range_start"": 7.0, ""range_end"": 8.0, ""entry_mode"": 2, ""buf_k"": 0.05, ""sl_k"": 0.5, ""tp_r"": 1.0}",T2_ldn7-8,W,0.5,1.0,0.05,0.0
1368.0,-0.3392,0.373,0.51,-12.63,172.4,464.0,0,659,-0.3432,-8.85,709,-0.3354,-9.0,0.347,"{""range_start"": 7.0, ""range_end"": 8.0, ""entry_mode"": 2, ""buf_k"": 0.05, ""buf_atr"": 0.1, ""sl_k"": 0.5, ""tp_r"": 1.0}",T2_ldn7-8,W,0.5,1.0,0.05,0.1
1930.0,-0.4002,0.342,0.448,-18.06,243.1,775.2,0,883,-0.4234,-13.01,1047,-0.3807,-12.58,0.345,"{""range_start"": 7.0, ""range_end"": 8.0, ""entry_mode"": 2, ""buf_k"": 0.1, ""sl_k"": 0.5, ""tp_r"": 1.0}",T2_ldn7-8,W,0.5,1.0,0.1,0.0
1304.0,-0.35,0.368,0.498,-12.76,164.3,456.4,0,633,-0.354,-8.97,671,-0.3463,-9.07,0.352,"{""range_start"": 7.0, ""range_end"": 8.0, ""entry_mode"": 2, ""buf_k"": 0.1, ""buf_atr"": 0.1, ""sl_k"": 0.5, ""tp_r"": 1.0}",T2_ldn7-8,W,0.5,1.0,0.1,0.1
1841.0,-0.4051,0.341,0.443,-17.89,231.9,746.8,0,844,-0.4424,-13.39,997,-0.3735,-12.02,0.352,"{""range_start"": 7.0, ""range_end"": 8.0, ""entry_mode"": 2, ""buf_k"": 0.2, ""sl_k"": 0.5, ""tp_r"": 1.0}",T2_ldn7-8,W,0.5,1.0,0.2,0.0
1170.0,-0.3512,0.368,0.497,-12.13,147.5,412.6,0,571,-0.3577,-8.62,599,-0.345,-8.53,0.363,"{""range_start"": 7.0, ""range_end"": 8.0, ""entry_mode"": 2, ""buf_k"": 0.2, ""buf_atr"": 0.1, ""sl_k"": 0.5, ""tp_r"": 1.0}",T2_ldn7-8,W,0.5,1.0,0.2,0.1
1736.0,-0.3887,0.349,0.459,-16.54,218.6,682.2,0,807,-0.4309,-12.69,929,-0.3519,-10.84,0.36,"{""range_start"": 7.0, ""range_end"": 8.0, ""entry_mode"": 2, ""buf_k"": 0.3, ""sl_k"": 0.5, ""tp_r"": 1.0}",T2_ldn7-8,W,0.5,1.0,0.3,0.0
1041.0,-0.3377,0.376,0.512,-10.93,131.2,352.5,0,509,-0.3511,-7.96,532,-0.3248,-7.49,0.369,"{""range_start"": 7.0, ""range_end"": 8.0, ""entry_mode"": 2, ""buf_k"": 0.3, ""buf_atr"": 0.1, ""sl_k"": 0.5, ""tp_r"": 1.0}",T2_ldn7-8,W,0.5,1.0,0.3,0.1
1525.0,-0.3625,0.363,0.486,-14.3,192.1,554.5,0,731,-0.3324,-9.0,794,-0.3902,-11.2,0.37,"{""range_start"": 7.0, ""range_end"": 8.0, ""entry_mode"": 2, ""buf_k"": 0.5, ""sl_k"": 0.5, ""tp_r"": 1.0}",T2_ldn7-8,W,0.5,1.0,0.5,0.0
859.0,-0.263,0.413,0.597,-7.59,108.3,228.9,0,428,-0.2525,-5.13,431,-0.2734,-5.6,0.385,"{""range_start"": 7.0, ""range_end"": 8.0, ""entry_mode"": 2, ""buf_k"": 0.5, ""buf_atr"": 0.1, ""sl_k"": 0.5, ""tp_r"": 1.0}",T2_ldn7-8,W,0.5,1.0,0.5,0.1
1993.0,-0.3634,0.29,0.535,-14.03,251.0,730.2,0,914,-0.3596,-9.36,1079,-0.3666,-10.44,0.339,"{""range_start"": 7.0, ""range_end"": 8.0, ""entry_mode"": 2, ""sl_k"": 0.5, ""tp_r"": 1.5}",T2_ldn7-8,W,0.5,1.5,0.0,0.0
1428.0,-0.3602,0.291,0.538,-11.75,180.0,517.0,0,685,-0.3771,-8.55,743,-0.3446,-8.09,0.344,"{""range_start"": 7.0, ""range_end"": 8.0, ""entry_mode"": 2, ""buf_atr"": 0.1, ""sl_k"": 0.5, ""tp_r"": 1.5}",T2_ldn7-8,W,0.5,1.5,0.0,0.1
1965.0,-0.3872,0.28,0.511,-14.98,247.5,766.0,0,905,-0.3774,-9.84,1060,-0.3956,-11.3,0.342,"{""range_start"": 7.0, ""range_end"": 8.0, ""entry_mode"": 2, ""buf_k"": 0.05, ""sl_k"": 0.5, ""tp_r"": 1.5}",T2_ldn7-8,W,0.5,1.5,0.05,0.0
1368.0,-0.3602,0.292,0.538,-11.5,172.4,495.3,0,659,-0.3962,-8.87,709,-0.3268,-7.44,0.347,"{""range_start"": 7.0, ""range_end"": 8.0, ""entry_mode"": 2, ""buf_k"": 0.05, ""buf_atr"": 0.1, ""sl_k"": 0.5, ""tp_r"": 1.5}",T2_ldn7-8,W,0.5,1.5,0.05,0.1
1930.0,-0.3931,0.278,0.506,-15.06,243.1,763.8,0,883,-0.3859,-9.97,1047,-0.3992,-11.28,0.345,"{""range_start"": 7.0, ""range_end"": 8.0, ""entry_mode"": 2, ""buf_k"": 0.1, ""sl_k"": 0.5, ""tp_r"": 1.5}",T2_ldn7-8,W,0.5,1.5,0.1,0.0
1304.0,-0.3488,0.297,0.55,-10.82,164.3,457.9,0,633,-0.3593,-7.76,671,-0.339,-7.54,0.352,"{""range_start"": 7.0, ""range_end"": 8.0, ""entry_mode"": 2, ""buf_k"": 0.1, ""buf_atr"": 0.1, ""sl_k"": 0.5, ""tp_r"": 1.5}",T2_ldn7-8,W,0.5,1.5,0.1,0.1
1841.0,-0.4263,0.266,0.473,-16.27,231.9,786.3,0,844,-0.4526,-11.82,997,-0.4041,-11.24,0.352,"{""range_start"": 7.0, ""range_end"": 8.0, ""entry_mode"": 2, ""buf_k"": 0.2, ""sl_k"": 0.5, ""tp_r"": 1.5}",T2_ldn7-8,W,0.5,1.5,0.2,0.0
1170.0,-0.3524,0.296,0.547,-10.36,147.5,413.1,0,571,-0.3669,-7.56,599,-0.3386,-7.1,0.363,"{""range_start"": 7.0, ""range_end"": 8.0, ""entry_mode"": 2, ""buf_k"": 0.2, ""buf_atr"": 0.1, ""sl_k"": 0.5, ""tp_r"": 1.5}",T2_ldn7-8,W,0.5,1.5,0.2,0.1
1736.0,-0.424,0.267,0.475,-15.68,218.6,740.6,0,807,-0.4709,-12.15,929,-0.3832,-10.18,0.36,"{""range_start"": 7.0, ""range_end"": 8.0, ""entry_mode"": 2, ""buf_k"": 0.3, ""sl_k"": 0.5, ""tp_r"": 1.5}",T2_ldn7-8,W,0.5,1.5,0.3,0.0
1041.0,-0.3247,0.308,0.577,-8.87,131.2,338.0,0,509,-0.3568,-6.87,532,-0.2939,-5.7,0.369,"{""range_start"": 7.0, ""range_end"": 8.0, ""entry_mode"": 2, ""buf_k"": 0.3, ""buf_atr"": 0.1, ""sl_k"": 0.5, ""tp_r"": 1.5}",T2_ldn7-8,W,0.5,1.5,0.3,0.1
1525.0,-0.3689,0.29,0.531,-12.43,192.1,564.1,0,731,-0.3388,-7.79,794,-0.3967,-9.77,0.37,"{""range_start"": 7.0, ""range_end"": 8.0, ""entry_mode"": 2, ""buf_k"": 0.5, ""sl_k"": 0.5, ""tp_r"": 1.5}",T2_ldn7-8,W,0.5,1.5,0.5,0.0
859.0,-0.2846,0.324,0.621,-6.97,108.3,248.4,0,428,-0.251,-4.29,431,-0.318,-5.58,0.385,"{""range_start"": 7.0, ""range_end"": 8.0, ""entry_mode"": 2, ""buf_k"": 0.5, ""buf_atr"": 0.1, ""sl_k"": 0.5, ""tp_r"": 1.5}",T2_ldn7-8,W,0.5,1.5,0.5,0.1
1993.0,-0.3648,0.242,0.562,-12.49,251.0,733.4,0,914,-0.3585,-8.28,1079,-0.3701,-9.34,0.339,"{""range_start"": 7.0, ""range_end"": 8.0, ""entry_mode"": 2, ""sl_k"": 0.5, ""tp_r"": 2.0}",T2_ldn7-8,W,0.5,2.0,0.0,0.0
1428.0,-0.3828,0.237,0.544,-11.19,180.0,546.9,0,685,-0.4065,-8.3,743,-0.361,-7.55,0.344,"{""range_start"": 7.0, ""range_end"": 8.0, ""entry_mode"": 2, ""buf_atr"": 0.1, ""sl_k"": 0.5, ""tp_r"": 2.0}",T2_ldn7-8,W,0.5,2.0,0.0,0.1
1965.0,-0.3893,0.234,0.538,-13.39,247.5,771.5,0,905,-0.3878,-9.04,1060,-0.3905,-9.87,0.342,"{""range_start"": 7.0, ""range_end"": 8.0, ""entry_mode"": 2, ""buf_k"": 0.05, ""sl_k"": 0.5, ""tp_r"": 2.0}",T2_ldn7-8,W,0.5,2.0,0.05,0.0
1368.0,-0.375,0.24,0.552,-10.69,172.4,513.0,0,659,-0.4166,-8.38,709,-0.3363,-6.8,0.347,"{""range_start"": 7.0, ""range_end"": 8.0, ""entry_mode"": 2, ""buf_k"": 0.05, ""buf_atr"": 0.1, ""sl_k"": 0.5, ""tp_r"": 2.0}",T2_ldn7-8,W,0.5,2.0,0.05,0.1
1930.0,-0.3948,0.233,0.533,-13.45,243.1,766.6,0,883,-0.3981,-9.2,1047,-0.3921,-9.81,0.345,"{""range_start"": 7.0, ""range_end"": 8.0, ""entry_mode"": 2, ""buf_k"": 0.1, ""sl_k"": 0.5, ""tp_r"": 2.0}",T2_ldn7-8,W,0.5,2.0,0.1,0.0
1304.0,-0.3779,0.24,0.549,-10.55,164.3,492.7,0,633,-0.4097,-8.06,671,-0.3478,-6.89,0.352,"{""range_start"": 7.0, ""range_end"": 8.0, ""entry_mode"": 2, ""buf_k"": 0.1, ""buf_atr"": 0.1, ""sl_k"": 0.5, ""tp_r"": 2.0}",T2_ldn7-8,W,0.5,2.0,0.1,0.1
1841.0,-0.4001,0.231,0.528,-13.38,231.9,738.5,0,844,-0.4233,-9.69,997,-0.3804,-9.28,0.352,"{""range_start"": 7.0, ""range_end"": 8.0, ""entry_mode"": 2, ""buf_k"": 0.2, ""sl_k"": 0.5, ""tp_r"": 2.0}",T2_ldn7-8,W,0.5,2.0,0.2,0.0
1170.0,-0.3689,0.243,0.559,-9.69,147.5,433.4,0,571,-0.4228,-7.94,599,-0.3177,-5.84,0.363,"{""range_start"": 7.0, ""range_end"": 8.0, ""entry_mode"": 2, ""buf_k"": 0.2, ""buf_atr"": 0.1, ""sl_k"": 0.5, ""tp_r"": 2.0}",T2_ldn7-8,W,0.5,2.0,0.2,0.1
1736.0,-0.4089,0.228,0.519,-13.34,218.6,713.7,0,807,-0.4562,-10.4,929,-0.3677,-8.61,0.36,"{""range_start"": 7.0, ""range_end"": 8.0, ""entry_mode"": 2, ""buf_k"": 0.3, ""sl_k"": 0.5, ""tp_r"": 2.0}",T2_ldn7-8,W,0.5,2.0,0.3,0.0
1041.0,-0.3305,0.256,0.599,-8.01,131.2,346.3,0,509,-0.3863,-6.69,532,-0.2771,-4.71,0.369,"{""range_start"": 7.0, ""range_end"": 8.0, ""entry_mode"": 2, ""buf_k"": 0.3, ""buf_atr"": 0.1, ""sl_k"": 0.5, ""tp_r"": 2.0}",T2_ldn7-8,W,0.5,2.0,0.3,0.1
1525.0,-0.3797,0.24,0.549,-11.41,192.1,581.0,0,731,-0.3507,-7.19,794,-0.4065,-8.94,0.37,"{""range_start"": 7.0, ""range_end"": 8.0, ""entry_mode"": 2, ""buf_k"": 0.5, ""sl_k"": 0.5, ""tp_r"": 2.0}",T2_ldn7-8,W,0.5,2.0,0.5,0.0
859.0,-0.259,0.279,0.676,-5.54,108.3,224.7,0,428,-0.2459,-3.69,431,-0.272,-4.14,0.385,"{""range_start"": 7.0, ""range_end"": 8.0, ""entry_mode"": 2, ""buf_k"": 0.5, ""buf_atr"": 0.1, ""sl_k"": 0.5, ""tp_r"": 2.0}",T2_ldn7-8,W,0.5,2.0,0.5,0.1
1993.0,-0.2761,0.175,0.685,-5.77,251.0,590.9,1,914,-0.3442,-5.37,1079,-0.2184,-3.13,0.226,"{""range_start"": 7.0, ""range_end"": 8.0, ""entry_mode"": 2, ""sl_k"": 0.75}",T2_ldn7-8,W,0.75,0.0,0.0,0.0
1428.0,-0.3441,0.161,0.612,-6.08,180.0,491.3,1,685,-0.4572,-6.51,743,-0.2397,-2.75,0.23,"{""range_start"": 7.0, ""range_end"": 8.0, ""entry_mode"": 2, ""buf_atr"": 0.1, ""sl_k"": 0.75}",T2_ldn7-8,W,0.75,0.0,0.0,0.1
1965.0,-0.2759,0.176,0.685,-5.8,247.5,560.4,1,905,-0.3542,-5.56,1060,-0.209,-3.02,0.228,"{""range_start"": 7.0, ""range_end"": 8.0, ""entry_mode"": 2, ""buf_k"": 0.05, ""sl_k"": 0.75}",T2_ldn7-8,W,0.75,0.0,0.05,0.0
1368.0,-0.3321,0.166,0.625,-5.69,172.4,454.3,1,659,-0.4661,-6.59,709,-0.2075,-2.27,0.231,"{""range_start"": 7.0, ""range_end"": 8.0, ""entry_mode"": 2, ""buf_k"": 0.05, ""buf_atr"": 0.1, ""sl_k"": 0.75}",T2_ldn7-8,W,0.75,0.0,0.05,0.1
1930.0,-0.267,0.181,0.694,-5.5,243.1,534.9,0,883,-0.3682,-5.79,1047,-0.1816,-2.54,0.23,"{""range_start"": 7.0, ""range_end"": 8.0, ""entry_mode"": 2, ""buf_k"": 0.1, ""sl_k"": 0.75}",T2_ldn7-8,W,0.75,0.0,0.1,0.0
1304.0,-0.2781,0.174,0.683,-4.46,164.3,370.2,1,633,-0.4149,-5.53,671,-0.149,-1.52,0.235,"{""range_start"": 7.0, ""range_end"": 8.0, ""entry_mode"": 2, ""buf_k"": 0.1, ""buf_atr"": 0.1, ""sl_k"": 0.75}",T2_ldn7-8,W,0.75,0.0,0.1,0.1
1841.0,-0.2885,0.174,0.671,-5.74,231.9,539.3,0,844,-0.4072,-6.43,997,-0.188,-2.48,0.234,"{""range_start"": 7.0, ""range_end"": 8.0, ""entry_mode"": 2, ""buf_k"": 0.2, ""sl_k"": 0.75}",T2_ldn7-8,W,0.75,0.0,0.2,0.0
1170.0,-0.2458,0.182,0.719,-3.66,147.5,310.1,1,571,-0.3718,-4.45,599,-0.1256,-1.21,0.242,"{""range_start"": 7.0, ""range_end"": 8.0, ""entry_mode"": 2, ""buf_k"": 0.2, ""buf_atr"": 0.1, ""sl_k"": 0.75}",T2_ldn7-8,W,0.75,0.0,0.2,0.1
1736.0,-0.2641,0.179,0.697,-4.95,218.6,470.7,1,807,-0.4062,-6.17,929,-0.1406,-1.72,0.24,"{""range_start"": 7.0, ""range_end"": 8.0, ""entry_mode"": 2, ""buf_k"": 0.3, ""sl_k"": 0.75}",T2_ldn7-8,W,0.75,0.0,0.3,0.0
1041.0,-0.2315,0.185,0.734,-3.28,131.2,283.9,0,509,-0.3003,-3.11,532,-0.1656,-1.62,0.246,"{""range_start"": 7.0, ""range_end"": 8.0, ""entry_mode"": 2, ""buf_k"": 0.3, ""buf_atr"": 0.1, ""sl_k"": 0.75}",T2_ldn7-8,W,0.75,0.0,0.3,0.1
1525.0,-0.3087,0.166,0.653,-5.51,192.1,471.7,1,731,-0.4361,-6.39,794,-0.1914,-2.2,0.247,"{""range_start"": 7.0, ""range_end"": 8.0, ""entry_mode"": 2, ""buf_k"": 0.5, ""sl_k"": 0.75}",T2_ldn7-8,W,0.75,0.0,0.5,0.0
859.0,-0.2043,0.171,0.768,-2.54,108.3,184.5,1,428,-0.2208,-1.85,431,-0.1878,-1.74,0.257,"{""range_start"": 7.0, ""range_end"": 8.0, ""entry_mode"": 2, ""buf_k"": 0.5, ""buf_atr"": 0.1, ""sl_k"": 0.75}",T2_ldn7-8,W,0.75,0.0,0.5,0.1
1993.0,-0.2524,0.531,0.495,-14.72,251.0,503.9,0,914,-0.2695,-10.61,1079,-0.2379,-10.23,0.226,"{""range_start"": 7.0, ""range_end"": 8.0, ""entry_mode"": 2, ""sl_k"": 0.75, ""tp_r"": 0.5}",T2_ldn7-8,W,0.75,0.5,0.0,0.0
1428.0,-0.2103,0.56,0.552,-10.43,180.0,300.8,0,685,-0.2096,-7.19,743,-0.2109,-7.56,0.23,"{""range_start"": 7.0, ""range_end"": 8.0, ""entry_mode"": 2, ""buf_atr"": 0.1, ""sl_k"": 0.75, ""tp_r"": 0.5}",T2_ldn7-8,W,0.75,0.5,0.0,0.1
1965.0,-0.2616,0.525,0.483,-15.14,247.5,517.6,0,905,-0.281,-11.02,1060,-0.245,-10.43,0.228,"{""range_start"": 7.0, ""range_end"": 8.0, ""entry_mode"": 2, ""buf_k"": 0.05, ""sl_k"": 0.75, ""tp_r"": 0.5}",T2_ldn7-8,W,0.75,0.5,0.05,0.0
1368.0,-0.2005,0.567,0.567,-9.75,172.4,275.5,0,659,-0.1906,-6.44,709,-0.2096,-7.33,0.231,"{""range_start"": 7.0, ""range_end"": 8.0, ""entry_mode"": 2, ""buf_k"": 0.05, ""buf_atr"": 0.1, ""sl_k"": 0.75, ""tp_r"": 0.5}",T2_ldn7-8,W,0.75,0.5,0.05,0.1
1930.0,-0.2562,0.529,0.49,-14.7,243.1,495.3,0,883,-0.2842,-11.02,1047,-0.2325,-9.84,0.23,"{""range_start"": 7.0, ""range_end"": 8.0, ""entry_mode"": 2, ""buf_k"": 0.1, ""sl_k"": 0.75, ""tp_r"": 0.5}",T2_ldn7-8,W,0.75,0.5,0.1,0.0
1304.0,-0.1999,0.567,0.568,-9.48,164.3,262.0,0,633,-0.1764,-5.85,671,-0.222,-7.54,0.235,"{""range_start"": 7.0, ""range_end"": 8.0, ""entry_mode"": 2, ""buf_k"": 0.1, ""buf_atr"": 0.1, ""sl_k"": 0.75, ""tp_r"": 0.5}",T2_ldn7-8,W,0.75,0.5,0.1,0.1
1841.0,-0.2552,0.531,0.491,-14.28,231.9,472.1,0,844,-0.2774,-10.51,997,-0.2364,-9.74,0.234,"{""range_start"": 7.0, ""range_end"": 8.0, ""entry_mode"": 2, ""buf_k"": 0.2, ""sl_k"": 0.75, ""tp_r"": 0.5}",T2_ldn7-8,W,0.75,0.5,0.2,0.0
1170.0,-0.2018,0.568,0.566,-9.05,147.5,236.9,0,571,-0.2026,-6.33,599,-0.201,-6.46,0.242,"{""range_start"": 7.0, ""range_end"": 8.0, ""entry_mode"": 2, ""buf_k"": 0.2, ""buf_atr"": 0.1, ""sl_k"": 0.75, ""tp_r"": 0.5}",T2_ldn7-8,W,0.75,0.5,0.2,0.1
1736.0,-0.2549,0.532,0.491,-13.85,218.6,446.8,0,807,-0.2705,-10.0,929,-0.2413,-9.61,0.24,"{""range_start"": 7.0, ""range_end"": 8.0, ""entry_mode"": 2, ""buf_k"": 0.3, ""sl_k"": 0.75, ""tp_r"": 0.5}",T2_ldn7-8,W,0.75,0.5,0.3,0.0
1041.0,-0.1991,0.57,0.57,-8.42,131.2,211.7,0,509,-0.2057,-6.06,532,-0.1927,-5.85,0.246,"{""range_start"": 7.0, ""range_end"": 8.0, ""entry_mode"": 2, ""buf_k"": 0.3, ""buf_atr"": 0.1, ""sl_k"": 0.75, ""tp_r"": 0.5}",T2_ldn7-8,W,0.75,0.5,0.3,0.1
1525.0,-0.2174,0.557,0.542,-11.12,192.1,335.2,0,731,-0.1925,-6.84,794,-0.2403,-8.85,0.247,"{""range_start"": 7.0, ""range_end"": 8.0, ""entry_mode"": 2, ""buf_k"": 0.5, ""sl_k"": 0.75, ""tp_r"": 0.5}",T2_ldn7-8,W,0.75,0.5,0.5,0.0
859.0,-0.2018,0.568,0.565,-7.76,108.3,178.4,0,428,-0.1989,-5.39,431,-0.2046,-5.58,0.257,"{""range_start"": 7.0, ""range_end"": 8.0, ""entry_mode"": 2, ""buf_k"": 0.5, ""buf_atr"": 0.1, ""sl_k"": 0.75, ""tp_r"": 0.5}",T2_ldn7-8,W,0.75,0.5,0.5,0.1
1993.0,-0.256,0.399,0.6,-11.49,251.0,514.8,0,914,-0.2567,-7.8,1079,-0.2554,-8.43,0.226,"{""range_start"": 7.0, ""range_end"": 8.0, ""entry_mode"": 2, ""sl_k"": 0.75, ""tp_r"": 1.0}",T2_ldn7-8,W,0.75,1.0,0.0,0.0
1428.0,-0.244,0.405,0.614,-9.26,180.0,348.5,0,685,-0.2825,-7.46,743,-0.2084,-5.69,0.23,"{""range_start"": 7.0, ""range_end"": 8.0, ""entry_mode"": 2, ""buf_atr"": 0.1, ""sl_k"": 0.75, ""tp_r"": 1.0}",T2_ldn7-8,W,0.75,1.0,0.0,0.1
1965.0,-0.271,0.391,0.582,-12.11,247.5,536.2,0,905,-0.2673,-8.1,1060,-0.2742,-9.0,0.228,"{""range_start"": 7.0, ""range_end"": 8.0, ""entry_mode"": 2, ""buf_k"": 0.05, ""sl_k"": 0.75, ""tp_r"": 1.0}",T2_ldn7-8,W,0.75,1.0,0.05,0.0
1368.0,-0.232,0.412,0.63,-8.59,172.4,318.7,0,659,-0.2541,-6.54,709,-0.2115,-5.63,0.231,"{""range_start"": 7.0, ""range_end"": 8.0, ""entry_mode"": 2, ""buf_k"": 0.05, ""buf_atr"": 0.1, ""sl_k"": 0.75, ""tp_r"": 1.0}",T2_ldn7-8,W,0.75,1.0,0.05,0.1
1930.0,-0.2711,0.392,0.581,-12.0,243.1,526.8,0,883,-0.278,-8.35,1047,-0.2652,-8.63,0.23,"{""range_start"": 7.0, ""range_end"": 8.0, ""entry_mode"": 2, ""buf_k"": 0.1, ""sl_k"": 0.75, ""tp_r"": 1.0}",T2_ldn7-8,W,0.75,1.0,0.1,0.0
1304.0,-0.2095,0.423,0.659,-7.54,164.3,276.9,0,633,-0.2049,-5.12,671,-0.2137,-5.53,0.235,"{""range_start"": 7.0, ""range_end"": 8.0, ""entry_mode"": 2, ""buf_k"": 0.1, ""buf_atr"": 0.1, ""sl_k"": 0.75, ""tp_r"": 1.0}",T2_ldn7-8,W,0.75,1.0,0.1,0.1
1841.0,-0.2753,0.392,0.576,-11.94,231.9,508.8,0,844,-0.2765,-8.12,997,-0.2743,-8.75,0.234,"{""range_start"": 7.0, ""range_end"": 8.0, ""entry_mode"": 2, ""buf_k"": 0.2, ""sl_k"": 0.75, ""tp_r"": 1.0}",T2_ldn7-8,W,0.75,1.0,0.2,0.0
1170.0,-0.1872,0.436,0.691,-6.35,147.5,220.6,0,571,-0.202,-4.79,599,-0.173,-4.19,0.242,"{""range_start"": 7.0, ""range_end"": 8.0, ""entry_mode"": 2, ""buf_k"": 0.2, ""buf_atr"": 0.1, ""sl_k"": 0.75, ""tp_r"": 1.0}",T2_ldn7-8,W,0.75,1.0,0.2,0.1
1736.0,-0.2729,0.393,0.579,-11.47,218.6,475.7,0,807,-0.2721,-7.79,929,-0.2736,-8.42,0.24,"{""range_start"": 7.0, ""range_end"": 8.0, ""entry_mode"": 2, ""buf_k"": 0.3, ""sl_k"": 0.75, ""tp_r"": 1.0}",T2_ldn7-8,W,0.75,1.0,0.3,0.0
1041.0,-0.1872,0.436,0.691,-5.98,131.2,198.6,0,509,-0.2084,-4.66,532,-0.1669,-3.81,0.246,"{""range_start"": 7.0, ""range_end"": 8.0, ""entry_mode"": 2, ""buf_k"": 0.3, ""buf_atr"": 0.1, ""sl_k"": 0.75, ""tp_r"": 1.0}",T2_ldn7-8,W,0.75,1.0,0.3,0.1
1525.0,-0.2391,0.41,0.622,-9.33,192.1,366.0,0,731,-0.2356,-6.35,794,-0.2424,-6.83,0.247,"{""range_start"": 7.0, ""range_end"": 8.0, ""entry_mode"": 2, ""buf_k"": 0.5, ""sl_k"": 0.75, ""tp_r"": 1.0}",T2_ldn7-8,W,0.75,1.0,0.5,0.0
859.0,-0.1932,0.432,0.682,-5.62,108.3,172.1,1,428,-0.1602,-3.27,431,-0.2261,-4.69,0.257,"{""range_start"": 7.0, ""range_end"": 8.0, ""entry_mode"": 2, ""buf_k"": 0.5, ""buf_atr"": 0.1, ""sl_k"": 0.75, ""tp_r"": 1.0}",T2_ldn7-8,W,0.75,1.0,0.5,0.1
1993.0,-0.2553,0.324,0.645,-9.69,251.0,517.4,0,914,-0.2541,-6.53,1079,-0.2563,-7.15,0.226,"{""range_start"": 7.0, ""range_end"": 8.0, ""entry_mode"": 2, ""sl_k"": 0.75, ""tp_r"": 1.5}",T2_ldn7-8,W,0.75,1.5,0.0,0.0
1428.0,-0.2607,0.322,0.638,-8.42,180.0,373.3,0,685,-0.2907,-6.56,743,-0.2331,-5.39,0.23,"{""range_start"": 7.0, ""range_end"": 8.0, ""entry_mode"": 2, ""buf_atr"": 0.1, ""sl_k"": 0.75, ""tp_r"": 1.5}",T2_ldn7-8,W,0.75,1.5,0.0,0.1
1965.0,-0.2763,0.315,0.621,-10.49,247.5,550.1,0,905,-0.291,-7.54,1060,-0.2638,-7.31,0.228,"{""range_start"": 7.0, ""range_end"": 8.0, ""entry_mode"": 2, ""buf_k"": 0.05, ""sl_k"": 0.75, ""tp_r"": 1.5}",T2_ldn7-8,W,0.75,1.5,0.05,0.0
1368.0,-0.2307,0.336,0.674,-7.22,172.4,315.6,0,659,-0.2563,-5.61,709,-0.2069,-4.62,0.231,"{""range_start"": 7.0, ""range_end"": 8.0, ""entry_mode"": 2, ""buf_k"": 0.05, ""buf_atr"": 0.1, ""sl_k"": 0.75, ""tp_r"": 1.5}",T2_ldn7-8,W,0.75,1.5,0.05,0.1
1930.0,-0.2668,0.32,0.631,-10.01,243.1,522.0,0,883,-0.2912,-7.46,1047,-0.2461,-6.75,0.23,"{""range_start"": 7.0, ""range_end"": 8.0, ""entry_mode"": 2, ""buf_k"": 0.1, ""sl_k"": 0.75, ""tp_r"": 1.5}",T2_ldn7-8,W,0.75,1.5,0.1,0.0
1304.0,-0.2285,0.336,0.677,-6.97,164.3,298.8,0,633,-0.2235,-4.73,671,-0.2332,-5.12,0.235,"{""range_start"": 7.0, ""range_end"": 8.0, ""entry_mode"": 2, ""buf_k"": 0.1, ""buf_atr"": 0.1, ""sl_k"": 0.75, ""tp_r"": 1.5}",T2_ldn7-8,W,0.75,1.5,0.1,0.1
1841.0,-0.2727,0.319,0.624,-10.02,231.9,505.0,0,844,-0.2861,-7.15,997,-0.2614,-7.04,0.234,"{""range_start"": 7.0, ""range_end"": 8.0, ""entry_mode"": 2, ""buf_k"": 0.2, ""sl_k"": 0.75, ""tp_r"": 1.5}",T2_ldn7-8,W,0.75,1.5,0.2,0.0
1170.0,-0.2404,0.333,0.663,-6.96,147.5,282.1,0,571,-0.2485,-5.03,599,-0.2328,-4.82,0.242,"{""range_start"": 7.0, ""range_end"": 8.0, ""entry_mode"": 2, ""buf_k"": 0.2, ""buf_atr"": 0.1, ""sl_k"": 0.75, ""tp_r"": 1.5}",T2_ldn7-8,W,0.75,1.5,0.2,0.1
1736.0,-0.2589,0.324,0.641,-9.19,218.6,452.4,0,807,-0.2685,-6.5,929,-0.2506,-6.5,0.24,"{""range_start"": 7.0, ""range_end"": 8.0, ""entry_mode"": 2, ""buf_k"": 0.3, ""sl_k"": 0.75, ""tp_r"": 1.5}",T2_ldn7-8,W,0.75,1.5,0.3,0.0
1041.0,-0.2189,0.341,0.69,-5.93,131.2,231.9,0,509,-0.2892,-5.58,532,-0.1516,-2.89,0.246,"{""range_start"": 7.0, ""range_end"": 8.0, ""entry_mode"": 2, ""buf_k"": 0.3, ""buf_atr"": 0.1, ""sl_k"": 0.75, ""tp_r"": 1.5}",T2_ldn7-8,W,0.75,1.5,0.3,0.1
1525.0,-0.2557,0.325,0.646,-8.47,192.1,391.5,0,731,-0.2608,-5.98,794,-0.2511,-5.99,0.247,"{""range_start"": 7.0, ""range_end"": 8.0, ""entry_mode"": 2, ""buf_k"": 0.5, ""sl_k"": 0.75, ""tp_r"": 1.5}",T2_ldn7-8,W,0.75,1.5,0.5,0.0
859.0,-0.211,0.341,0.7,-5.17,108.3,183.7,1,428,-0.2189,-3.79,431,-0.2031,-3.53,0.257,"{""range_start"": 7.0, ""range_end"": 8.0, ""entry_mode"": 2, ""buf_k"": 0.5, ""buf_atr"": 0.1, ""sl_k"": 0.75, ""tp_r"": 1.5}",T2_ldn7-8,W,0.75,1.5,0.5,0.1
1993.0,-0.2511,0.278,0.673,-8.44,251.0,513.0,0,914,-0.2766,-6.38,1079,-0.2295,-5.61,0.226,"{""range_start"": 7.0, ""range_end"": 8.0, ""entry_mode"": 2, ""sl_k"": 0.75, ""tp_r"": 2.0}",T2_ldn7-8,W,0.75,2.0,0.0,0.0
1428.0,-0.2585,0.275,0.664,-7.4,180.0,369.6,0,685,-0.3093,-6.26,743,-0.2117,-4.29,0.23,"{""range_start"": 7.0, ""range_end"": 8.0, ""entry_mode"": 2, ""buf_atr"": 0.1, ""sl_k"": 0.75, ""tp_r"": 2.0}",T2_ldn7-8,W,0.75,2.0,0.0,0.1
1965.0,-0.2577,0.275,0.665,-8.62,247.5,517.1,0,905,-0.3056,-7.1,1060,-0.2168,-5.23,0.228,"{""range_start"": 7.0, ""range_end"": 8.0, ""entry_mode"": 2, ""buf_k"": 0.05, ""sl_k"": 0.75, ""tp_r"": 2.0}",T2_ldn7-8,W,0.75,2.0,0.05,0.0
1368.0,-0.2243,0.287,0.704,-6.19,172.4,306.8,0,659,-0.2517,-4.87,709,-0.1988,-3.92,0.231,"{""range_start"": 7.0, ""range_end"": 8.0, ""entry_mode"": 2, ""buf_k"": 0.05, ""buf_atr"": 0.1, ""sl_k"": 0.75, ""tp_r"": 2.0}",T2_ldn7-8,W,0.75,2.0,0.05,0.1
1930.0,-0.2618,0.275,0.66,-8.71,243.1,515.9,0,883,-0.3309,-7.71,1047,-0.2035,-4.86,0.23,"{""range_start"": 7.0, ""range_end"": 8.0, ""entry_mode"": 2, ""buf_k"": 0.1, ""sl_k"": 0.75, ""tp_r"": 2.0}",T2_ldn7-8,W,0.75,2.0,0.1,0.0
1304.0,-0.2074,0.293,0.724,-5.56,164.3,272.3,0,633,-0.207,-3.85,671,-0.2078,-4.0,0.235,"{""range_start"": 7.0, ""range_end"": 8.0, ""entry_mode"": 2, ""buf_k"": 0.1, ""buf_atr"": 0.1, ""sl_k"": 0.75, ""tp_r"": 2.0}",T2_ldn7-8,W,0.75,2.0,0.1,0.1
1841.0,-0.2817,0.269,0.637,-9.24,231.9,522.5,0,844,-0.3313,-7.55,997,-0.2397,-5.68,0.234,"{""range_start"": 7.0, ""range_end"": 8.0, ""entry_mode"": 2, ""buf_k"": 0.2, ""sl_k"": 0.75, ""tp_r"": 2.0}",T2_ldn7-8,W,0.75,2.0,0.2,0.0
1170.0,-0.2263,0.291,0.702,-5.78,147.5,266.6,0,571,-0.2427,-4.35,599,-0.2106,-3.83,0.242,"{""range_start"": 7.0, ""range_end"": 8.0, ""entry_mode"": 2, ""buf_k"": 0.2, ""buf_atr"": 0.1, ""sl_k"": 0.75, ""tp_r"": 2.0}",T2_ldn7-8,W,0.75,2.0,0.2,0.1
1736.0,-0.2418,0.281,0.684,-7.56,218.6,423.6,0,807,-0.2869,-6.23,929,-0.2025,-4.57,0.24,"{""range_start"": 7.0, ""range_end"": 8.0, ""entry_mode"": 2, ""buf_k"": 0.3, ""sl_k"": 0.75, ""tp_r"": 2.0}",T2_ldn7-8,W,0.75,2.0,0.3,0.0
1041.0,-0.2185,0.291,0.712,-5.23,131.2,239.9,0,509,-0.2787,-4.77,532,-0.1608,-2.7,0.246,"{""range_start"": 7.0, ""range_end"": 8.0, ""entry_mode"": 2, ""buf_k"": 0.3, ""buf_atr"": 0.1, ""sl_k"": 0.75, ""tp_r"": 2.0}",T2_ldn7-8,W,0.75,2.0,0.3,0.1
1525.0,-0.2671,0.272,0.657,-7.88,192.1,409.4,1,731,-0.2714,-5.55,794,-0.2632,-5.59,0.247,"{""range_start"": 7.0, ""range_end"": 8.0, ""entry_mode"": 2, ""buf_k"": 0.5, ""sl_k"": 0.75, ""tp_r"": 2.0}",T2_ldn7-8,W,0.75,2.0,0.5,0.0
859.0,-0.2525,0.275,0.674,-5.55,108.3,222.7,1,428,-0.2317,-3.55,431,-0.2732,-4.3,0.257,"{""range_start"": 7.0, ""range_end"": 8.0, ""entry_mode"": 2, ""buf_k"": 0.5, ""buf_atr"": 0.1, ""sl_k"": 0.75, ""tp_r"": 2.0}",T2_ldn7-8,W,0.75,2.0,0.5,0.1
1993.0,-0.2067,0.233,0.737,-4.86,251.0,431.8,0,914,-0.2814,-5.07,1079,-0.1434,-2.28,0.17,"{""range_start"": 7.0, ""range_end"": 8.0, ""entry_mode"": 2}",T2_ldn7-8,W,1.0,0.0,0.0,0.0
1428.0,-0.2323,0.23,0.707,-4.67,180.0,336.8,2,685,-0.2993,-4.52,743,-0.1705,-2.31,0.172,"{""range_start"": 7.0, ""range_end"": 8.0, ""entry_mode"": 2, ""buf_atr"": 0.1}",T2_ldn7-8,W,1.0,0.0,0.0,0.1
1965.0,-0.199,0.236,0.747,-4.66,247.5,402.0,0,905,-0.2621,-4.57,1060,-0.1451,-2.33,0.171,"{""range_start"": 7.0, ""range_end"": 8.0, ""entry_mode"": 2, ""buf_k"": 0.05}",T2_ldn7-8,W,1.0,0.0,0.05,0.0
1368.0,-0.2246,0.233,0.716,-4.38,172.4,312.3,2,659,-0.3197,-4.78,709,-0.1361,-1.77,0.173,"{""range_start"": 7.0, ""range_end"": 8.0, ""entry_mode"": 2, ""buf_k"": 0.05, ""buf_atr"": 0.1}",T2_ldn7-8,W,1.0,0.0,0.05,0.1
1930.0,-0.1897,0.243,0.758,-4.41,243.1,379.5,0,883,-0.2455,-4.21,1047,-0.1426,-2.29,0.173,"{""range_start"": 7.0, ""range_end"": 8.0, ""entry_mode"": 2, ""buf_k"": 0.1}",T2_ldn7-8,W,1.0,0.0,0.1,0.0
1304.0,-0.1793,0.238,0.773,-3.25,164.3,243.5,1,633,-0.2575,-3.49,671,-0.1056,-1.3,0.176,"{""range_start"": 7.0, ""range_end"": 8.0, ""entry_mode"": 2, ""buf_k"": 0.1, ""buf_atr"": 0.1}",T2_ldn7-8,W,1.0,0.0,0.1,0.1
1841.0,-0.2134,0.232,0.732,-4.83,231.9,400.3,0,844,-0.2887,-4.89,997,-0.1496,-2.32,0.176,"{""range_start"": 7.0, ""range_end"": 8.0, ""entry_mode"": 2, ""buf_k"": 0.2}",T2_ldn7-8,W,1.0,0.0,0.2,0.0
1170.0,-0.1665,0.244,0.788,-2.84,147.5,214.0,1,571,-0.25,-3.15,599,-0.0869,-1.01,0.181,"{""range_start"": 7.0, ""range_end"": 8.0, ""entry_mode"": 2, ""buf_k"": 0.2, ""buf_atr"": 0.1}",T2_ldn7-8,W,1.0,0.0,0.2,0.1
1736.0,-0.2331,0.226,0.709,-5.15,218.6,416.5,0,807,-0.3443,-5.99,929,-0.1366,-2.01,0.18,"{""range_start"": 7.0, ""range_end"": 8.0, ""entry_mode"": 2, ""buf_k"": 0.3}",T2_ldn7-8,W,1.0,0.0,0.3,0.0
1041.0,-0.1594,0.239,0.798,-2.56,131.2,209.7,2,509,-0.2153,-2.45,532,-0.1059,-1.2,0.184,"{""range_start"": 7.0, ""range_end"": 8.0, ""entry_mode"": 2, ""buf_k"": 0.3, ""buf_atr"": 0.1}",T2_ldn7-8,W,1.0,0.0,0.3,0.1
1525.0,-0.2634,0.222,0.676,-5.54,192.1,414.5,0,731,-0.3623,-5.94,794,-0.1724,-2.39,0.185,"{""range_start"": 7.0, ""range_end"": 8.0, ""entry_mode"": 2, ""buf_k"": 0.5}",T2_ldn7-8,W,1.0,0.0,0.5,0.0
859.0,-0.17,0.229,0.786,-2.54,108.3,153.4,1,428,-0.1876,-1.89,431,-0.1524,-1.69,0.193,"{""range_start"": 7.0, ""range_end"": 8.0, ""entry_mode"": 2, ""buf_k"": 0.5, ""buf_atr"": 0.1}",T2_ldn7-8,W,1.0,0.0,0.5,0.1
1993.0,-0.1884,0.563,0.586,-11.16,251.0,376.4,0,914,-0.1865,-7.48,1079,-0.19,-8.28,0.17,"{""range_start"": 7.0, ""range_end"": 8.0, ""entry_mode"": 2, ""tp_r"": 0.5}",T2_ldn7-8,W,1.0,0.5,0.0,0.0
1428.0,-0.1506,0.59,0.649,-7.59,180.0,215.8,0,685,-0.1523,-5.31,743,-0.149,-5.43,0.172,"{""range_start"": 7.0, ""range_end"": 8.0, ""entry_mode"": 2, ""buf_atr"": 0.1, ""tp_r"": 0.5}",T2_ldn7-8,W,1.0,0.5,0.0,0.1
1965.0,-0.1952,0.56,0.575,-11.46,247.5,384.5,0,905,-0.1917,-7.65,1060,-0.1981,-8.53,0.171,"{""range_start"": 7.0, ""range_end"": 8.0, ""entry_mode"": 2, ""buf_k"": 0.05, ""tp_r"": 0.5}",T2_ldn7-8,W,1.0,0.5,0.05,0.0
1368.0,-0.1346,0.602,0.678,-6.67,172.4,186.5,0,659,-0.1338,-4.59,709,-0.1354,-4.84,0.173,"{""range_start"": 7.0, ""range_end"": 8.0, ""entry_mode"": 2, ""buf_k"": 0.05, ""buf_atr"": 0.1, ""tp_r"": 0.5}",T2_ldn7-8,W,1.0,0.5,0.05,0.1
1930.0,-0.1906,0.563,0.582,-11.1,243.1,369.8,0,883,-0.1956,-7.7,1047,-0.1864,-7.99,0.173,"{""range_start"": 7.0, ""range_end"": 8.0, ""entry_mode"": 2, ""buf_k"": 0.1, ""tp_r"": 0.5}",T2_ldn7-8,W,1.0,0.5,0.1,0.0
1304.0,-0.1351,0.601,0.677,-6.53,164.3,183.4,1,633,-0.127,-4.28,671,-0.1427,-4.95,0.176,"{""range_start"": 7.0, ""range_end"": 8.0, ""entry_mode"": 2, ""buf_k"": 0.1, ""buf_atr"": 0.1, ""tp_r"": 0.5}",T2_ldn7-8,W,1.0,0.5,0.1,0.1
1841.0,-0.1878,0.567,0.587,-10.67,231.9,346.8,0,844,-0.1946,-7.47,997,-0.1821,-7.62,0.176,"{""range_start"": 7.0, ""range_end"": 8.0, ""entry_mode"": 2, ""buf_k"": 0.2, ""tp_r"": 0.5}",T2_ldn7-8,W,1.0,0.5,0.2,0.0
1170.0,-0.1465,0.595,0.656,-6.7,147.5,174.1,0,571,-0.141,-4.5,599,-0.1517,-4.96,0.181,"{""range_start"": 7.0, ""range_end"": 8.0, ""entry_mode"": 2, ""buf_k"": 0.2, ""buf_atr"": 0.1, ""tp_r"": 0.5}",T2_ldn7-8,W,1.0,0.5,0.2,0.1
1736.0,-0.1916,0.565,0.582,-10.55,218.6,336.1,0,807,-0.21,-7.85,929,-0.1757,-7.1,0.18,"{""range_start"": 7.0, ""range_end"": 8.0, ""entry_mode"": 2, ""buf_k"": 0.3, ""tp_r"": 0.5}",T2_ldn7-8,W,1.0,0.5,0.3,0.0
1041.0,-0.1563,0.588,0.64,-6.71,131.2,169.5,2,509,-0.1401,-4.22,532,-0.1717,-5.26,0.184,"{""range_start"": 7.0, ""range_end"": 8.0, ""entry_mode"": 2, ""buf_k"": 0.3, ""buf_atr"": 0.1, ""tp_r"": 0.5}",T2_ldn7-8,W,1.0,0.5,0.3,0.1
1525.0,-0.1619,0.585,0.63,-8.4,192.1,252.6,0,731,-0.1641,-5.89,794,-0.1599,-5.99,0.185,"{""range_start"": 7.0, ""range_end"": 8.0, ""entry_mode"": 2, ""buf_k"": 0.5, ""tp_r"": 0.5}",T2_ldn7-8,W,1.0,0.5,0.5,0.0
859.0,-0.1244,0.61,0.698,-4.89,108.3,114.3,2,428,-0.1071,-2.98,431,-0.1416,-3.93,0.193,"{""range_start"": 7.0, ""range_end"": 8.0, ""entry_mode"": 2, ""buf_k"": 0.5, ""buf_atr"": 0.1, ""tp_r"": 0.5}",T2_ldn7-8,W,1.0,0.5,0.5,0.1
1993.0,-0.1868,0.427,0.685,-8.41,251.0,377.0,0,914,-0.1691,-5.15,1079,-0.2017,-6.69,0.17,"{""range_start"": 7.0, ""range_end"": 8.0, ""entry_mode"": 2, ""tp_r"": 1.0}",T2_ldn7-8,W,1.0,1.0,0.0,0.0
1428.0,-0.2025,0.422,0.664,-7.74,180.0,289.8,0,685,-0.2131,-5.64,743,-0.1927,-5.31,0.172,"{""range_start"": 7.0, ""range_end"": 8.0, ""entry_mode"": 2, ""buf_atr"": 0.1, ""tp_r"": 1.0}",T2_ldn7-8,W,1.0,1.0,0.0,0.1
1965.0,-0.1905,0.426,0.68,-8.53,247.5,378.1,0,905,-0.1766,-5.36,1060,-0.2023,-6.66,0.171,"{""range_start"": 7.0, ""range_end"": 8.0, ""entry_mode"": 2, ""buf_k"": 0.05, ""tp_r"": 1.0}",T2_ldn7-8,W,1.0,1.0,0.05,0.0
1368.0,-0.1783,0.434,0.698,-6.63,172.4,243.9,0,659,-0.1933,-4.99,709,-0.1643,-4.4,0.173,"{""range_start"": 7.0, ""range_end"": 8.0, ""entry_mode"": 2, ""buf_k"": 0.05, ""buf_atr"": 0.1, ""tp_r"": 1.0}",T2_ldn7-8,W,1.0,1.0,0.05,0.1
1930.0,-0.189,0.428,0.682,-8.37,243.1,370.5,0,883,-0.174,-5.2,1047,-0.2017,-6.59,0.173,"{""range_start"": 7.0, ""range_end"": 8.0, ""entry_mode"": 2, ""buf_k"": 0.1, ""tp_r"": 1.0}",T2_ldn7-8,W,1.0,1.0,0.1,0.0
1304.0,-0.1726,0.437,0.706,-6.27,164.3,226.3,0,633,-0.1941,-4.91,671,-0.1523,-3.97,0.176,"{""range_start"": 7.0, ""range_end"": 8.0, ""entry_mode"": 2, ""buf_k"": 0.1, ""buf_atr"": 0.1, ""tp_r"": 1.0}",T2_ldn7-8,W,1.0,1.0,0.1,0.1
1841.0,-0.1935,0.427,0.677,-8.37,231.9,359.1,0,844,-0.191,-5.59,997,-0.1956,-6.23,0.176,"{""range_start"": 7.0, ""range_end"": 8.0, ""entry_mode"": 2, ""buf_k"": 0.2, ""tp_r"": 1.0}",T2_ldn7-8,W,1.0,1.0,0.2,0.0
1170.0,-0.1742,0.438,0.705,-5.98,147.5,207.9,0,571,-0.2166,-5.22,599,-0.1339,-3.28,0.181,"{""range_start"": 7.0, ""range_end"": 8.0, ""entry_mode"": 2, ""buf_k"": 0.2, ""buf_atr"": 0.1, ""tp_r"": 1.0}",T2_ldn7-8,W,1.0,1.0,0.2,0.1
1736.0,-0.192,0.426,0.679,-8.05,218.6,335.3,0,807,-0.2049,-5.86,929,-0.1808,-5.54,0.18,"{""range_start"": 7.0, ""range_end"": 8.0, ""entry_mode"": 2, ""buf_k"": 0.3, ""tp_r"": 1.0}",T2_ldn7-8,W,1.0,1.0,0.3,0.0
1041.0,-0.1684,0.437,0.713,-5.44,131.2,179.9,1,509,-0.2066,-4.69,532,-0.1318,-3.04,0.184,"{""range_start"": 7.0, ""range_end"": 8.0, ""entry_mode"": 2, ""buf_k"": 0.3, ""buf_atr"": 0.1, ""tp_r"": 1.0}",T2_ldn7-8,W,1.0,1.0,0.3,0.1
1525.0,-0.1587,0.445,0.728,-6.19,192.1,246.1,0,731,-0.1676,-4.53,794,-0.1505,-4.24,0.185,"{""range_start"": 7.0, ""range_end"": 8.0, ""entry_mode"": 2, ""buf_k"": 0.5, ""tp_r"": 1.0}",T2_ldn7-8,W,1.0,1.0,0.5,0.0
859.0,-0.1409,0.451,0.754,-4.12,108.3,125.3,1,428,-0.1458,-3.01,431,-0.136,-2.81,0.193,"{""range_start"": 7.0, ""range_end"": 8.0, ""entry_mode"": 2, ""buf_k"": 0.5, ""buf_atr"": 0.1, ""tp_r"": 1.0}",T2_ldn7-8,W,1.0,1.0,0.5,0.1
1993.0,-0.1773,0.356,0.733,-6.75,251.0,362.1,0,914,-0.1904,-4.96,1079,-0.1662,-4.62,0.17,"{""range_start"": 7.0, ""range_end"": 8.0, ""entry_mode"": 2, ""tp_r"": 1.5}",T2_ldn7-8,W,1.0,1.5,0.0,0.0
1428.0,-0.1945,0.349,0.711,-6.3,180.0,278.9,0,685,-0.2349,-5.33,743,-0.1573,-3.64,0.172,"{""range_start"": 7.0, ""range_end"": 8.0, ""entry_mode"": 2, ""buf_atr"": 0.1, ""tp_r"": 1.5}",T2_ldn7-8,W,1.0,1.5,0.0,0.1
1965.0,-0.1829,0.353,0.726,-6.92,247.5,366.7,0,905,-0.2019,-5.24,1060,-0.1667,-4.59,0.171,"{""range_start"": 7.0, ""range_end"": 8.0, ""entry_mode"": 2, ""buf_k"": 0.05, ""tp_r"": 1.5}",T2_ldn7-8,W,1.0,1.5,0.05,0.0
1368.0,-0.1684,0.361,0.746,-5.3,172.4,231.3,0,659,-0.1954,-4.29,709,-0.1434,-3.23,0.173,"{""range_start"": 7.0, ""range_end"": 8.0, ""entry_mode"": 2, ""buf_k"": 0.05, ""buf_atr"": 0.1, ""tp_r"": 1.5}",T2_ldn7-8,W,1.0,1.5,0.05,0.1
1930.0,-0.1804,0.355,0.73,-6.76,243.1,359.0,0,883,-0.2019,-5.18,1047,-0.1624,-4.44,0.173,"{""range_start"": 7.0, ""range_end"": 8.0, ""entry_mode"": 2, ""buf_k"": 0.1, ""tp_r"": 1.5}",T2_ldn7-8,W,1.0,1.5,0.1,0.0
1304.0,-0.156,0.366,0.763,-4.77,164.3,205.2,0,633,-0.1625,-3.46,671,-0.1498,-3.29,0.176,"{""range_start"": 7.0, ""range_end"": 8.0, ""entry_mode"": 2, ""buf_k"": 0.1, ""buf_atr"": 0.1, ""tp_r"": 1.5}",T2_ldn7-8,W,1.0,1.5,0.1,0.1
1841.0,-0.2052,0.346,0.698,-7.56,231.9,381.1,0,844,-0.2321,-5.84,997,-0.1825,-4.9,0.176,"{""range_start"": 7.0, ""range_end"": 8.0, ""entry_mode"": 2, ""buf_k"": 0.2, ""tp_r"": 1.5}",T2_ldn7-8,W,1.0,1.5,0.2,0.0
1170.0,-0.1646,0.366,0.752,-4.78,147.5,199.5,0,571,-0.1934,-3.93,599,-0.1371,-2.84,0.181,"{""range_start"": 7.0, ""range_end"": 8.0, ""entry_mode"": 2, ""buf_k"": 0.2, ""buf_atr"": 0.1, ""tp_r"": 1.5}",T2_ldn7-8,W,1.0,1.5,0.2,0.1
1736.0,-0.2019,0.344,0.704,-7.18,218.6,354.6,0,807,-0.2416,-5.93,929,-0.1675,-4.31,0.18,"{""range_start"": 7.0, ""range_end"": 8.0, ""entry_mode"": 2, ""buf_k"": 0.3, ""tp_r"": 1.5}",T2_ldn7-8,W,1.0,1.5,0.3,0.0
1041.0,-0.173,0.357,0.741,-4.73,131.2,187.5,0,509,-0.2171,-4.19,532,-0.1307,-2.54,0.184,"{""range_start"": 7.0, ""range_end"": 8.0, ""entry_mode"": 2, ""buf_k"": 0.3, ""buf_atr"": 0.1, ""tp_r"": 1.5}",T2_ldn7-8,W,1.0,1.5,0.3,0.1
1525.0,-0.1887,0.352,0.722,-6.25,192.1,294.8,1,731,-0.2009,-4.61,794,-0.1775,-4.24,0.185,"{""range_start"": 7.0, ""range_end"": 8.0, ""entry_mode"": 2, ""buf_k"": 0.5, ""tp_r"": 1.5}",T2_ldn7-8,W,1.0,1.5,0.5,0.0
859.0,-0.1781,0.352,0.736,-4.42,108.3,158.1,1,428,-0.1586,-2.76,431,-0.1974,-3.49,0.193,"{""range_start"": 7.0, ""range_end"": 8.0, ""entry_mode"": 2, ""buf_k"": 0.5, ""buf_atr"": 0.1, ""tp_r"": 1.5}",T2_ldn7-8,W,1.0,1.5,0.5,0.1
1993.0,-0.1852,0.308,0.74,-6.31,251.0,380.0,0,914,-0.2299,-5.45,1079,-0.1474,-3.61,0.17,"{""range_start"": 7.0, ""range_end"": 8.0, ""entry_mode"": 2, ""tp_r"": 2.0}",T2_ldn7-8,W,1.0,2.0,0.0,0.0
1428.0,-0.2266,0.297,0.688,-6.67,180.0,323.6,0,685,-0.2757,-5.73,743,-0.1814,-3.79,0.172,"{""range_start"": 7.0, ""range_end"": 8.0, ""entry_mode"": 2, ""buf_atr"": 0.1, ""tp_r"": 2.0}",T2_ldn7-8,W,1.0,2.0,0.0,0.1
1965.0,-0.2021,0.303,0.718,-6.89,247.5,405.8,0,905,-0.2397,-5.69,1060,-0.1699,-4.17,0.171,"{""range_start"": 7.0, ""range_end"": 8.0, ""entry_mode"": 2, ""buf_k"": 0.05, ""tp_r"": 2.0}",T2_ldn7-8,W,1.0,2.0,0.05,0.0
1368.0,-0.2173,0.301,0.699,-6.24,172.4,299.1,1,659,-0.2784,-5.68,709,-0.1605,-3.25,0.173,"{""range_start"": 7.0, ""range_end"": 8.0, ""entry_mode"": 2, ""buf_k"": 0.05, ""buf_atr"": 0.1, ""tp_r"": 2.0}",T2_ldn7-8,W,1.0,2.0,0.05,0.1
1930.0,-0.1961,0.308,0.726,-6.61,243.1,387.3,0,883,-0.2341,-5.48,1047,-0.1641,-3.99,0.173,"{""range_start"": 7.0, ""range_end"": 8.0, ""entry_mode"": 2, ""buf_k"": 0.1, ""tp_r"": 2.0}",T2_ldn7-8,W,1.0,2.0,0.1,0.0
1304.0,-0.2028,0.304,0.718,-5.63,164.3,266.3,1,633,-0.2436,-4.79,671,-0.1643,-3.22,0.176,"{""range_start"": 7.0, ""range_end"": 8.0, ""entry_mode"": 2, ""buf_k"": 0.1, ""buf_atr"": 0.1, ""tp_r"": 2.0}",T2_ldn7-8,W,1.0,2.0,0.1,0.1
1841.0,-0.2007,0.304,0.722,-6.59,231.9,371.7,0,844,-0.2611,-5.99,997,-0.1497,-3.53,0.176,"{""range_start"": 7.0, ""range_end"": 8.0, ""entry_mode"": 2, ""buf_k"": 0.2, ""tp_r"": 2.0}",T2_ldn7-8,W,1.0,2.0,0.2,0.0
1170.0,-0.1912,0.314,0.732,-5.01,147.5,234.8,0,571,-0.2263,-4.18,599,-0.1578,-2.93,0.181,"{""range_start"": 7.0, ""range_end"": 8.0, ""entry_mode"": 2, ""buf_k"": 0.2, ""buf_atr"": 0.1, ""tp_r"": 2.0}",T2_ldn7-8,W,1.0,2.0,0.2,0.1
1736.0,-0.1982,0.303,0.726,-6.3,218.6,347.9,0,807,-0.266,-5.94,929,-0.1394,-3.16,0.18,"{""range_start"": 7.0, ""range_end"": 8.0, ""entry_mode"": 2, ""buf_k"": 0.3, ""tp_r"": 2.0}",T2_ldn7-8,W,1.0,2.0,0.3,0.0
1041.0,-0.1749,0.312,0.754,-4.28,131.2,196.4,0,509,-0.2197,-3.81,532,-0.132,-2.28,0.184,"{""range_start"": 7.0, ""range_end"": 8.0, ""entry_mode"": 2, ""buf_k"": 0.3, ""buf_atr"": 0.1, ""tp_r"": 2.0}",T2_ldn7-8,W,1.0,2.0,0.3,0.1
1525.0,-0.2005,0.305,0.724,-5.96,192.1,329.1,0,731,-0.2522,-5.28,794,-0.1529,-3.23,0.185,"{""range_start"": 7.0, ""range_end"": 8.0, ""entry_mode"": 2, ""buf_k"": 0.5, ""tp_r"": 2.0}",T2_ldn7-8,W,1.0,2.0,0.5,0.0
859.0,-0.1524,0.313,0.785,-3.34,108.3,139.5,1,428,-0.1565,-2.42,431,-0.1483,-2.3,0.193,"{""range_start"": 7.0, ""range_end"": 8.0, ""entry_mode"": 2, ""buf_k"": 0.5, ""buf_atr"": 0.1, ""tp_r"": 2.0}",T2_ldn7-8,W,1.0,2.0,0.5,0.1
1920.0,-0.3648,0.163,0.6,-7.62,241.9,700.4,0,913,-0.4471,-6.97,1007,-0.2902,-4.13,0.309,"{""range_start"": 8.0, ""range_end"": 13.0, ""entry_end"": 17.0, ""entry_mode"": 2, ""sl_k"": 0.25}",T3_ldn8-13,W,0.25,0.0,0.0,0.0
1595.0,-0.2632,0.184,0.704,-4.46,201.0,432.7,0,774,-0.26,-3.09,821,-0.2662,-3.21,0.315,"{""range_start"": 8.0, ""range_end"": 13.0, ""entry_end"": 17.0, ""entry_mode"": 2, ""buf_atr"": 0.1, ""sl_k"": 0.25}",T3_ldn8-13,W,0.25,0.0,0.0,0.1
1866.0,-0.3542,0.171,0.607,-7.54,235.1,661.0,0,892,-0.4048,-6.04,974,-0.3079,-4.68,0.313,"{""range_start"": 8.0, ""range_end"": 13.0, ""entry_end"": 17.0, ""entry_mode"": 2, ""buf_k"": 0.05, ""sl_k"": 0.25}",T3_ldn8-13,W,0.25,0.0,0.05,0.0
1522.0,-0.2677,0.183,0.699,-4.74,191.8,425.7,0,743,-0.2455,-3.21,779,-0.2888,-3.49,0.318,"{""range_start"": 8.0, ""range_end"": 13.0, ""entry_end"": 17.0, ""entry_mode"": 2, ""buf_k"": 0.05, ""buf_atr"": 0.1, ""sl_k"": 0.25}",T3_ldn8-13,W,0.25,0.0,0.05,0.1
1806.0,-0.3154,0.184,0.646,-6.65,227.5,580.6,0,880,-0.318,-4.55,926,-0.3129,-4.86,0.315,"{""range_start"": 8.0, ""range_end"": 13.0, ""entry_end"": 17.0, ""entry_mode"": 2, ""buf_k"": 0.1, ""sl_k"": 0.25}",T3_ldn8-13,W,0.25,0.0,0.1,0.0
1423.0,-0.2478,0.182,0.721,-4.2,179.3,362.7,1,696,-0.2089,-2.61,727,-0.285,-3.29,0.324,"{""range_start"": 8.0, ""range_end"": 13.0, ""entry_end"": 17.0, ""entry_mode"": 2, ""buf_k"": 0.1, ""buf_atr"": 0.1, ""sl_k"": 0.25}",T3_ldn8-13,W,0.25,0.0,0.1,0.1
1652.0,-0.2045,0.182,0.77,-3.28,208.1,365.0,0,814,-0.1172,-1.24,838,-0.2893,-3.56,0.322,"{""range_start"": 8.0, ""range_end"": 13.0, ""entry_end"": 17.0, ""entry_mode"": 2, ""buf_k"": 0.2, ""sl_k"": 0.25}",T3_ldn8-13,W,0.25,0.0,0.2,0.0
1254.0,-0.2853,0.173,0.684,-4.72,158.0,367.9,0,618,-0.2186,-2.48,636,-0.3501,-4.22,0.334,"{""range_start"": 8.0, ""range_end"": 13.0, ""entry_end"": 17.0, ""entry_mode"": 2, ""buf_k"": 0.2, ""buf_atr"": 0.1, ""sl_k"": 0.25}",T3_ldn8-13,W,0.25,0.0,0.2,0.1
1496.0,-0.2534,0.176,0.719,-4.07,188.5,407.9,0,739,-0.1838,-1.99,757,-0.3214,-3.86,0.334,"{""range_start"": 8.0, ""range_end"": 13.0, ""entry_end"": 17.0, ""entry_mode"": 2, ""buf_k"": 0.3, ""sl_k"": 0.25}",T3_ldn8-13,W,0.25,0.0,0.3,0.0
1121.0,-0.2856,0.172,0.683,-4.4,141.2,322.4,1,542,-0.254,-2.59,579,-0.3151,-3.67,0.342,"{""range_start"": 8.0, ""range_end"": 13.0, ""entry_end"": 17.0, ""entry_mode"": 2, ""buf_k"": 0.3, ""buf_atr"": 0.1, ""sl_k"": 0.25}",T3_ldn8-13,W,0.25,0.0,0.3,0.1
1212.0,-0.3512,0.167,0.623,-5.62,152.7,434.4,0,591,-0.3151,-3.19,621,-0.3855,-4.96,0.349,"{""range_start"": 8.0, ""range_end"": 13.0, ""entry_end"": 17.0, ""entry_mode"": 2, ""buf_k"": 0.5, ""sl_k"": 0.25}",T3_ldn8-13,W,0.25,0.0,0.5,0.0
865.0,-0.3606,0.14,0.614,-4.21,109.0,340.9,2,423,-0.2763,-1.84,442,-0.4412,-5.07,0.353,"{""range_start"": 8.0, ""range_end"": 13.0, ""entry_end"": 17.0, ""entry_mode"": 2, ""buf_k"": 0.5, ""buf_atr"": 0.1, ""sl_k"": 0.25}",T3_ldn8-13,W,0.25,0.0,0.5,0.1
1920.0,-0.3534,0.481,0.382,-19.68,241.9,678.6,0,913,-0.3581,-13.62,1007,-0.3492,-14.2,0.309,"{""range_start"": 8.0, ""range_end"": 13.0, ""entry_end"": 17.0, ""entry_mode"": 2, ""sl_k"": 0.25, ""tp_r"": 0.5}",T3_ldn8-13,W,0.25,0.5,0.0,0.0
1595.0,-0.3272,0.496,0.406,-16.89,201.0,522.9,0,774,-0.3424,-12.32,821,-0.3129,-11.57,0.315,"{""range_start"": 8.0, ""range_end"": 13.0, ""entry_end"": 17.0, ""entry_mode"": 2, ""buf_atr"": 0.1, ""sl_k"": 0.25, ""tp_r"": 0.5}",T3_ldn8-13,W,0.25,0.5,0.0,0.1
1866.0,-0.3521,0.482,0.383,-19.16,235.1,657.0,0,892,-0.3881,-14.64,974,-0.3191,-12.53,0.313,"{""range_start"": 8.0, ""range_end"": 13.0, ""entry_end"": 17.0, ""entry_mode"": 2, ""buf_k"": 0.05, ""sl_k"": 0.25, ""tp_r"": 0.5}",T3_ldn8-13,W,0.25,0.5,0.05,0.0
1522.0,-0.3272,0.496,0.406,-16.49,191.8,500.0,0,743,-0.3144,-11.09,779,-0.3394,-12.22,0.318,"{""range_start"": 8.0, ""range_end"": 13.0, ""entry_end"": 17.0, ""entry_mode"": 2, ""buf_k"": 0.05, ""buf_atr"": 0.1, ""sl_k"": 0.25, ""tp_r"": 0.5}",T3_ldn8-13,W,0.25,0.5,0.05,0.1
1806.0,-0.336,0.493,0.399,-17.98,227.5,606.8,0,880,-0.3637,-13.63,926,-0.3096,-11.84,0.315,"{""range_start"": 8.0, ""range_end"": 13.0, ""entry_end"": 17.0, ""entry_mode"": 2, ""buf_k"": 0.1, ""sl_k"": 0.25, ""tp_r"": 0.5}",T3_ldn8-13,W,0.25,0.5,0.1,0.0
1423.0,-0.351,0.481,0.383,-17.07,179.3,499.5,0,696,-0.3285,-11.17,727,-0.3726,-12.96,0.324,"{""range_start"": 8.0, ""range_end"": 13.0, ""entry_end"": 17.0, ""entry_mode"": 2, ""buf_k"": 0.1, ""buf_atr"": 0.1, ""sl_k"": 0.25, ""tp_r"": 0.5}",T3_ldn8-13,W,0.25,0.5,0.1,0.1
1652.0,-0.353,0.48,0.381,-18.5,208.1,583.2,0,814,-0.3579,-13.18,838,-0.3483,-12.98,0.322,"{""range_start"": 8.0, ""range_end"": 13.0, ""entry_end"": 17.0, ""entry_mode"": 2, ""buf_k"": 0.2, ""sl_k"": 0.25, ""tp_r"": 0.5}",T3_ldn8-13,W,0.25,0.5,0.2,0.0
1254.0,-0.3608,0.476,0.372,-16.51,158.0,455.7,0,618,-0.3335,-10.66,636,-0.3874,-12.68,0.334,"{""range_start"": 8.0, ""range_end"": 13.0, ""entry_end"": 17.0, ""entry_mode"": 2, ""buf_k"": 0.2, ""buf_atr"": 0.1, ""sl_k"": 0.25, ""tp_r"": 0.5}",T3_ldn8-13,W,0.25,0.5,0.2,0.1
1496.0,-0.3802,0.464,0.355,-18.98,188.5,571.8,0,739,-0.3646,-12.78,757,-0.3953,-14.06,0.334,"{""range_start"": 8.0, ""range_end"": 13.0, ""entry_end"": 17.0, ""entry_mode"": 2, ""buf_k"": 0.3, ""sl_k"": 0.25, ""tp_r"": 0.5}",T3_ldn8-13,W,0.25,0.5,0.3,0.0
1121.0,-0.3547,0.481,0.378,-15.34,141.2,398.0,0,542,-0.3476,-10.44,579,-0.3613,-11.23,0.342,"{""range_start"": 8.0, ""range_end"": 13.0, ""entry_end"": 17.0, ""entry_mode"": 2, ""buf_k"": 0.3, ""buf_atr"": 0.1, ""sl_k"": 0.25, ""tp_r"": 0.5}",T3_ldn8-13,W,0.25,0.5,0.3,0.1
1212.0,-0.374,0.469,0.36,-16.81,152.7,456.0,0,591,-0.3531,-11.07,621,-0.3939,-12.68,0.349,"{""range_start"": 8.0, ""range_end"": 13.0, ""entry_end"": 17.0, ""entry_mode"": 2, ""buf_k"": 0.5, ""sl_k"": 0.25, ""tp_r"": 0.5}",T3_ldn8-13,W,0.25,0.5,0.5,0.0
865.0,-0.4305,0.434,0.311,-16.42,109.0,372.9,0,423,-0.4008,-10.66,442,-0.4589,-12.55,0.353,"{""range_start"": 8.0, ""range_end"": 13.0, ""entry_end"": 17.0, ""entry_mode"": 2, ""buf_k"": 0.5, ""buf_atr"": 0.1, ""sl_k"": 0.25, ""tp_r"": 0.5}",T3_ldn8-13,W,0.25,0.5,0.5,0.1
1920.0,-0.3442,0.368,0.504,-15.09,241.9,660.8,0,913,-0.3573,-10.82,1007,-0.3323,-10.53,0.309,"{""range_start"": 8.0, ""range_end"": 13.0, ""entry_end"": 17.0, ""entry_mode"": 2, ""sl_k"": 0.25, ""tp_r"": 1.0}",T3_ldn8-13,W,0.25,1.0,0.0,0.0
1595.0,-0.3347,0.373,0.513,-13.46,201.0,539.8,0,774,-0.3485,-9.74,821,-0.3217,-9.31,0.315,"{""range_start"": 8.0, ""range_end"": 13.0, ""entry_end"": 17.0, ""entry_mode"": 2, ""buf_atr"": 0.1, ""sl_k"": 0.25, ""tp_r"": 1.0}",T3_ldn8-13,W,0.25,1.0,0.0,0.1
1866.0,-0.3284,0.377,0.521,-14.03,235.1,612.9,0,892,-0.3611,-10.84,974,-0.2985,-9.09,0.313,"{""range_start"": 8.0, ""range_end"": 13.0, ""entry_end"": 17.0, ""entry_mode"": 2, ""buf_k"": 0.05, ""sl_k"": 0.25, ""tp_r"": 1.0}",T3_ldn8-13,W,0.25,1.0,0.05,0.0
1522.0,-0.316,0.381,0.533,-12.33,191.8,483.8,0,743,-0.3197,-8.65,779,-0.3126,-8.78,0.318,"{""range_start"": 8.0, ""range_end"": 13.0, ""entry_end"": 17.0, ""entry_mode"": 2, ""buf_k"": 0.05, ""buf_atr"": 0.1, ""sl_k"": 0.25, ""tp_r"": 1.0}",T3_ldn8-13,W,0.25,1.0,0.05,0.1
1806.0,-0.3208,0.382,0.53,-13.46,227.5,579.3,0,880,-0.3549,-10.55,926,-0.2884,-8.55,0.315,"{""range_start"": 8.0, ""range_end"": 13.0, ""entry_end"": 17.0, ""entry_mode"": 2, ""buf_k"": 0.1, ""sl_k"": 0.25, ""tp_r"": 1.0}",T3_ldn8-13,W,0.25,1.0,0.1,0.0
1423.0,-0.3357,0.372,0.512,-12.72,179.3,478.6,0,696,-0.3268,-8.54,727,-0.3442,-9.45,0.324,"{""range_start"": 8.0, ""range_end"": 13.0, ""entry_end"": 17.0, ""entry_mode"": 2, ""buf_k"": 0.1, ""buf_atr"": 0.1, ""sl_k"": 0.25, ""tp_r"": 1.0}",T3_ldn8-13,W,0.25,1.0,0.1,0.1
1652.0,-0.3299,0.375,0.519,-13.43,208.1,550.1,0,814,-0.3271,-9.43,838,-0.3327,-9.56,0.322,"{""range_start"": 8.0, ""range_end"": 13.0, ""entry_end"": 17.0, ""entry_mode"": 2, ""buf_k"": 0.2, ""sl_k"": 0.25, ""tp_r"": 1.0}",T3_ldn8-13,W,0.25,1.0,0.2,0.0
1254.0,-0.3513,0.364,0.495,-12.65,158.0,443.2,0,618,-0.3175,-7.93,636,-0.3841,-9.97,0.334,"{""range_start"": 8.0, ""range_end"": 13.0, ""entry_end"": 17.0, ""entry_mode"": 2, ""buf_k"": 0.2, ""buf_atr"": 0.1, ""sl_k"": 0.25, ""tp_r"": 1.0}",T3_ldn8-13,W,0.25,1.0,0.2,0.1
1496.0,-0.363,0.359,0.483,-14.32,188.5,546.5,0,739,-0.352,-9.7,757,-0.3739,-10.54,0.334,"{""range_start"": 8.0, ""range_end"": 13.0, ""entry_end"": 17.0, ""entry_mode"": 2, ""buf_k"": 0.3, ""sl_k"": 0.25, ""tp_r"": 1.0}",T3_ldn8-13,W,0.25,1.0,0.3,0.0
1121.0,-0.3422,0.368,0.504,-11.63,141.2,386.3,0,542,-0.3343,-7.88,579,-0.3496,-8.55,0.342,"{""range_start"": 8.0, ""range_end"": 13.0, ""entry_end"": 17.0, ""entry_mode"": 2, ""buf_k"": 0.3, ""buf_atr"": 0.1, ""sl_k"": 0.25, ""tp_r"": 1.0}",T3_ldn8-13,W,0.25,1.0,0.3,0.1
1212.0,-0.3475,0.369,0.501,-12.12,152.7,422.9,0,591,-0.3048,-7.27,621,-0.3882,-9.9,0.349,"{""range_start"": 8.0, ""range_end"": 13.0, ""entry_end"": 17.0, ""entry_mode"": 2, ""buf_k"": 0.5, ""sl_k"": 0.25, ""tp_r"": 1.0}",T3_ldn8-13,W,0.25,1.0,0.5,0.0
865.0,-0.435,0.325,0.413,-13.35,109.0,376.3,0,423,-0.4249,-9.12,442,-0.4446,-9.74,0.353,"{""range_start"": 8.0, ""range_end"": 13.0, ""entry_end"": 17.0, ""entry_mode"": 2, ""buf_k"": 0.5, ""buf_atr"": 0.1, ""sl_k"": 0.25, ""tp_r"": 1.0}",T3_ldn8-13,W,0.25,1.0,0.5,0.1
1920.0,-0.3319,0.304,0.565,-12.41,241.9,637.6,0,913,-0.3649,-9.52,1007,-0.302,-8.09,0.309,"{""range_start"": 8.0, ""range_end"": 13.0, ""entry_end"": 17.0, ""entry_mode"": 2, ""sl_k"": 0.25, ""tp_r"": 1.5}",T3_ldn8-13,W,0.25,1.5,0.0,0.0
1595.0,-0.3005,0.318,0.597,-10.22,201.0,492.9,0,774,-0.3285,-7.81,821,-0.2741,-6.66,0.315,"{""range_start"": 8.0, ""range_end"": 13.0, ""entry_end"": 17.0, ""entry_mode"": 2, ""buf_atr"": 0.1, ""sl_k"": 0.25, ""tp_r"": 1.5}",T3_ldn8-13,W,0.25,1.5,0.0,0.1
1866.0,-0.3043,0.316,0.595,-11.05,235.1,567.7,0,892,-0.3496,-8.97,974,-0.2628,-6.77,0.313,"{""range_start"": 8.0, ""range_end"": 13.0, ""entry_end"": 17.0, ""entry_mode"": 2, ""buf_k"": 0.05, ""sl_k"": 0.25, ""tp_r"": 1.5}",T3_ldn8-13,W,0.25,1.5,0.05,0.0
1522.0,-0.2822,0.323,0.619,-9.29,191.8,443.1,0,743,-0.2598,-5.9,779,-0.3035,-7.24,0.318,"{""range_start"": 8.0, ""range_end"": 13.0, ""entry_end"": 17.0, ""entry_mode"": 2, ""buf_k"": 0.05, ""buf_atr"": 0.1, ""sl_k"": 0.25, ""tp_r"": 1.5}",T3_ldn8-13,W,0.25,1.5,0.05,0.1
1806.0,-0.2987,0.317,0.602,-10.65,227.5,542.4,0,880,-0.3218,-8.11,926,-0.2767,-6.99,0.315,"{""range_start"": 8.0, ""range_end"": 13.0, ""entry_end"": 17.0, ""entry_mode"": 2, ""buf_k"": 0.1, ""sl_k"": 0.25, ""tp_r"": 1.5}",T3_ldn8-13,W,0.25,1.5,0.1,0.0
1423.0,-0.2996,0.316,0.599,-9.59,179.3,426.4,0,696,-0.2783,-6.13,727,-0.32,-7.44,0.324,"{""range_start"": 8.0, ""range_end"": 13.0, ""entry_end"": 17.0, ""entry_mode"": 2, ""buf_k"": 0.1, ""buf_atr"": 0.1, ""sl_k"": 0.25, ""tp_r"": 1.5}",T3_ldn8-13,W,0.25,1.5,0.1,0.1
1652.0,-0.2963,0.317,0.603,-10.2,208.1,500.8,0,814,-0.2962,-7.22,838,-0.2964,-7.21,0.322,"{""range_start"": 8.0, ""range_end"": 13.0, ""entry_end"": 17.0, ""entry_mode"": 2, ""buf_k"": 0.2, ""sl_k"": 0.25, ""tp_r"": 1.5}",T3_ldn8-13,W,0.25,1.5,0.2,0.0
1254.0,-0.3396,0.301,0.556,-10.34,158.0,432.2,0,618,-0.2833,-5.88,636,-0.3943,-8.84,0.334,"{""range_start"": 8.0, ""range_end"": 13.0, ""entry_end"": 17.0, ""entry_mode"": 2, ""buf_k"": 0.2, ""buf_atr"": 0.1, ""sl_k"": 0.25, ""tp_r"": 1.5}",T3_ldn8-13,W,0.25,1.5,0.2,0.1
1496.0,-0.3275,0.304,0.57,-10.87,188.5,502.8,0,739,-0.3118,-7.22,757,-0.3429,-8.16,0.334,"{""range_start"": 8.0, ""range_end"": 13.0, ""entry_end"": 17.0, ""entry_mode"": 2, ""buf_k"": 0.3, ""sl_k"": 0.25, ""tp_r"": 1.5}",T3_ldn8-13,W,0.25,1.5,0.3,0.0
1121.0,-0.358,0.293,0.536,-10.46,141.2,406.5,0,542,-0.3515,-7.13,579,-0.364,-7.65,0.342,"{""range_start"": 8.0, ""range_end"": 13.0, ""entry_end"": 17.0, ""entry_mode"": 2, ""buf_k"": 0.3, ""buf_atr"": 0.1, ""sl_k"": 0.25, ""tp_r"": 1.5}",T3_ldn8-13,W,0.25,1.5,0.3,0.1
1212.0,-0.3585,0.295,0.538,-10.78,152.7,440.1,0,591,-0.2854,-5.78,621,-0.4281,-9.58,0.349,"{""range_start"": 8.0, ""range_end"": 13.0, ""entry_end"": 17.0, ""entry_mode"": 2, ""buf_k"": 0.5, ""sl_k"": 0.25, ""tp_r"": 1.5}",T3_ldn8-13,W,0.25,1.5,0.5,0.0
865.0,-0.4271,0.265,0.47,-11.22,109.0,369.4,0,423,-0.4434,-8.26,442,-0.4115,-7.62,0.353,"{""range_start"": 8.0, ""range_end"": 13.0, ""entry_end"": 17.0, ""entry_mode"": 2, ""buf_k"": 0.5, ""buf_atr"": 0.1, ""sl_k"": 0.25, ""tp_r"": 1.5}",T3_ldn8-13,W,0.25,1.5,0.5,0.1
1920.0,-0.3651,0.248,0.556,-12.36,241.9,701.8,0,913,-0.4018,-9.56,1007,-0.3318,-8.0,0.309,"{""range_start"": 8.0, ""range_end"": 13.0, ""entry_end"": 17.0, ""entry_mode"": 2, ""sl_k"": 0.25, ""tp_r"": 2.0}",T3_ldn8-13,W,0.25,2.0,0.0,0.0
1595.0,-0.2976,0.273,0.625,-9.0,201.0,484.4,0,774,-0.3356,-7.15,821,-0.2617,-5.63,0.315,"{""range_start"": 8.0, ""range_end"": 13.0, ""entry_end"": 17.0, ""entry_mode"": 2, ""buf_atr"": 0.1, ""sl_k"": 0.25, ""tp_r"": 2.0}",T3_ldn8-13,W,0.25,2.0,0.0,0.1
1866.0,-0.3065,0.268,0.618,-9.93,235.1,571.9,0,892,-0.3579,-8.23,974,-0.2594,-5.95,0.313,"{""range_start"": 8.0, ""range_end"": 13.0, ""entry_end"": 17.0, ""entry_mode"": 2, ""buf_k"": 0.05, ""sl_k"": 0.25, ""tp_r"": 2.0}",T3_ldn8-13,W,0.25,2.0,0.05,0.0
1522.0,-0.2886,0.273,0.636,-8.49,191.8,455.3,0,743,-0.2531,-5.1,779,-0.3225,-6.91,0.318,"{""range_start"": 8.0, ""range_end"": 13.0, ""entry_end"": 17.0, ""entry_mode"": 2, ""buf_k"": 0.05, ""buf_atr"": 0.1, ""sl_k"": 0.25, ""tp_r"": 2.0}",T3_ldn8-13,W,0.25,2.0,0.05,0.1
1806.0,-0.2693,0.281,0.659,-8.46,227.5,487.8,0,880,-0.3069,-6.85,926,-0.2335,-5.17,0.315,"{""range_start"": 8.0, ""range_end"": 13.0, ""entry_end"": 17.0, ""entry_mode"": 2, ""buf_k"": 0.1, ""sl_k"": 0.25, ""tp_r"": 2.0}",T3_ldn8-13,W,0.25,2.0,0.1,0.0
1423.0,-0.296,0.272,0.628,-8.43,179.3,421.8,0,696,-0.2628,-5.12,727,-0.3277,-6.82,0.324,"{""range_start"": 8.0, ""range_end"": 13.0, ""entry_end"": 17.0, ""entry_mode"": 2, ""buf_k"": 0.1, ""buf_atr"": 0.1, ""sl_k"": 0.25, ""tp_r"": 2.0}",T3_ldn8-13,W,0.25,2.0,0.1,0.1
1652.0,-0.2744,0.277,0.652,-8.34,208.1,472.2,0,814,-0.2333,-4.94,838,-0.3142,-6.86,0.322,"{""range_start"": 8.0, ""range_end"": 13.0, ""entry_end"": 17.0, ""entry_mode"": 2, ""buf_k"": 0.2, ""sl_k"": 0.25, ""tp_r"": 2.0}",T3_ldn8-13,W,0.25,2.0,0.2,0.0
1254.0,-0.3352,0.258,0.586,-9.1,158.0,427.8,0,618,-0.2767,-5.09,636,-0.392,-7.87,0.334,"{""range_start"": 8.0, ""range_end"": 13.0, ""entry_end"": 17.0, ""entry_mode"": 2, ""buf_k"": 0.2, ""buf_atr"": 0.1, ""sl_k"": 0.25, ""tp_r"": 2.0}",T3_ldn8-13,W,0.25,2.0,0.2,0.1
1496.0,-0.3224,0.263,0.6,-9.54,188.5,494.3,0,739,-0.3059,-6.31,757,-0.3384,-7.18,0.334,"{""range_start"": 8.0, ""range_end"": 13.0, ""entry_end"": 17.0, ""entry_mode"": 2, ""buf_k"": 0.3, ""sl_k"": 0.25, ""tp_r"": 2.0}",T3_ldn8-13,W,0.25,2.0,0.3,0.0
1121.0,-0.3507,0.254,0.569,-9.13,141.2,398.6,0,542,-0.3529,-6.39,579,-0.3486,-6.51,0.342,"{""range_start"": 8.0, ""range_end"": 13.0, ""entry_end"": 17.0, ""entry_mode"": 2, ""buf_k"": 0.3, ""buf_atr"": 0.1, ""sl_k"": 0.25, ""tp_r"": 2.0}",T3_ldn8-13,W,0.25,2.0,0.3,0.1
1212.0,-0.3616,0.251,0.561,-9.73,152.7,444.1,0,591,-0.3128,-5.7,621,-0.408,-8.11,0.349,"{""range_start"": 8.0, ""range_end"": 13.0, ""entry_end"": 17.0, ""entry_mode"": 2, ""buf_k"": 0.5, ""sl_k"": 0.25, ""tp_r"": 2.0}",T3_ldn8-13,W,0.25,2.0,0.5,0.0
865.0,-0.416,0.229,0.507,-9.74,109.0,359.8,0,423,-0.43,-7.12,442,-0.4025,-6.66,0.353,"{""range_start"": 8.0, ""range_end"": 13.0, ""entry_end"": 17.0, ""entry_mode"": 2, ""buf_k"": 0.5, ""buf_atr"": 0.1, ""sl_k"": 0.25, ""tp_r"": 2.0}",T3_ldn8-13,W,0.25,2.0,0.5,0.1
1920.0,-0.1492,0.312,0.781,-4.07,241.9,296.6,0,913,-0.1536,-2.9,1007,-0.1453,-2.86,0.155,"{""range_start"": 8.0, ""range_end"": 13.0, ""entry_end"": 17.0, ""entry_mode"": 2, ""sl_k"": 0.5}",T3_ldn8-13,W,0.5,0.0,0.0,0.0
1595.0,-0.1175,0.328,0.823,-2.94,201.0,195.1,2,774,-0.101,-1.78,821,-0.133,-2.36,0.158,"{""range_start"": 8.0, ""range_end"": 13.0, ""entry_end"": 17.0, ""entry_mode"": 2, ""buf_atr"": 0.1, ""sl_k"": 0.5}",T3_ldn8-13,W,0.5,0.0,0.0,0.1
1866.0,-0.1467,0.314,0.783,-3.98,235.1,288.3,0,892,-0.1498,-2.77,974,-0.1439,-2.86,0.157,"{""range_start"": 8.0, ""range_end"": 13.0, ""entry_end"": 17.0, ""entry_mode"": 2, ""buf_k"": 0.05, ""sl_k"": 0.5}",T3_ldn8-13,W,0.5,0.0,0.05,0.0
1522.0,-0.1338,0.328,0.799,-3.45,191.8,207.9,1,743,-0.1111,-2.03,779,-0.1555,-2.83,0.159,"{""range_start"": 8.0, ""range_end"": 13.0, ""entry_end"": 17.0, ""entry_mode"": 2, ""buf_k"": 0.05, ""buf_atr"": 0.1, ""sl_k"": 0.5}",T3_ldn8-13,W,0.5,0.0,0.05,0.1
1806.0,-0.1299,0.323,0.807,-3.46,227.5,249.5,0,880,-0.0869,-1.55,926,-0.1707,-3.41,0.158,"{""range_start"": 8.0, ""range_end"": 13.0, ""entry_end"": 17.0, ""entry_mode"": 2, ""buf_k"": 0.1, ""sl_k"": 0.5}",T3_ldn8-13,W,0.5,0.0,0.1,0.0
1423.0,-0.1325,0.323,0.803,-3.27,179.3,193.5,1,696,-0.0982,-1.68,727,-0.1653,-2.93,0.162,"{""range_start"": 8.0, ""range_end"": 13.0, ""entry_end"": 17.0, ""entry_mode"": 2, ""buf_k"": 0.1, ""buf_atr"": 0.1, ""sl_k"": 0.5}",T3_ldn8-13,W,0.5,0.0,0.1,0.1
1652.0,-0.1196,0.32,0.823,-2.96,208.1,222.8,0,814,-0.0515,-0.84,838,-0.1858,-3.5,0.161,"{""range_start"": 8.0, ""range_end"": 13.0, ""entry_end"": 17.0, ""entry_mode"": 2, ""buf_k"": 0.2, ""sl_k"": 0.5}",T3_ldn8-13,W,0.5,0.0,0.2,0.0
1254.0,-0.1728,0.307,0.752,-4.09,158.0,226.1,1,618,-0.1171,-1.85,636,-0.2268,-4.04,0.167,"{""range_start"": 8.0, ""range_end"": 13.0, ""entry_end"": 17.0, ""entry_mode"": 2, ""buf_k"": 0.2, ""buf_atr"": 0.1, ""sl_k"": 0.5}",T3_ldn8-13,W,0.5,0.0,0.2,0.1
1496.0,-0.1468,0.31,0.788,-3.46,188.5,231.9,2,739,-0.0867,-1.33,757,-0.2055,-3.76,0.167,"{""range_start"": 8.0, ""range_end"": 13.0, ""entry_end"": 17.0, ""entry_mode"": 2, ""buf_k"": 0.3, ""sl_k"": 0.5}",T3_ldn8-13,W,0.5,0.0,0.3,0.0
1121.0,-0.1746,0.301,0.749,-3.63,141.2,210.0,1,542,-0.1216,-1.55,579,-0.2243,-3.93,0.171,"{""range_start"": 8.0, ""range_end"": 13.0, ""entry_end"": 17.0, ""entry_mode"": 2, ""buf_k"": 0.3, ""buf_atr"": 0.1, ""sl_k"": 0.5}",T3_ldn8-13,W,0.5,0.0,0.3,0.1
1212.0,-0.1704,0.299,0.762,-3.6,152.7,209.2,1,591,-0.1826,-2.68,621,-0.1588,-2.42,0.175,"{""range_start"": 8.0, ""range_end"": 13.0, ""entry_end"": 17.0, ""entry_mode"": 2, ""buf_k"": 0.5, ""sl_k"": 0.5}",T3_ldn8-13,W,0.5,0.0,0.5,0.0
865.0,-0.2175,0.274,0.697,-3.91,109.0,201.4,1,423,-0.169,-1.9,442,-0.2638,-3.88,0.176,"{""range_start"": 8.0, ""range_end"": 13.0, ""entry_end"": 17.0, ""entry_mode"": 2, ""buf_k"": 0.5, ""buf_atr"": 0.1, ""sl_k"": 0.5}",T3_ldn8-13,W,0.5,0.0,0.5,0.1
1920.0,-0.1622,0.576,0.626,-9.46,241.9,315.5,0,913,-0.159,-6.43,1007,-0.165,-6.94,0.155,"{""range_start"": 8.0, ""range_end"": 13.0, ""entry_end"": 17.0, ""entry_mode"": 2, ""sl_k"": 0.5, ""tp_r"": 0.5}",T3_ldn8-13,W,0.5,0.5,0.0,0.0
1595.0,-0.1772,0.564,0.6,-9.45,201.0,288.4,0,774,-0.1733,-6.39,821,-0.1809,-6.97,0.158,"{""range_start"": 8.0, ""range_end"": 13.0, ""entry_end"": 17.0, ""entry_mode"": 2, ""buf_atr"": 0.1, ""sl_k"": 0.5, ""tp_r"": 0.5}",T3_ldn8-13,W,0.5,0.5,0.0,0.1
1866.0,-0.1676,0.571,0.616,-9.66,235.1,316.1,0,892,-0.1716,-6.84,974,-0.1639,-6.83,0.157,"{""range_start"": 8.0, ""range_end"": 13.0, ""entry_end"": 17.0, ""entry_mode"": 2, ""buf_k"": 0.05, ""sl_k"": 0.5, ""tp_r"": 0.5}",T3_ldn8-13,W,0.5,0.5,0.05,0.0
1522.0,-0.1829,0.56,0.591,-9.54,191.8,283.8,0,743,-0.177,-6.41,779,-0.1886,-7.07,0.159,"{""range_start"": 8.0, ""range_end"": 13.0, ""entry_end"": 17.0, ""entry_mode"": 2, ""buf_k"": 0.05, ""buf_atr"": 0.1, ""sl_k"": 0.5, ""tp_r"": 0.5}",T3_ldn8-13,W,0.5,0.5,0.05,0.1
1806.0,-0.1683,0.573,0.616,-9.5,227.5,309.0,0,880,-0.1698,-6.67,926,-0.1669,-6.76,0.158,"{""range_start"": 8.0, ""range_end"": 13.0, ""entry_end"": 17.0, ""entry_mode"": 2, ""buf_k"": 0.1, ""sl_k"": 0.5, ""tp_r"": 0.5}",T3_ldn8-13,W,0.5,0.5,0.1,0.0
1423.0,-0.1968,0.551,0.569,-9.9,179.3,282.1,0,696,-0.1902,-6.66,727,-0.2032,-7.33,0.162,"{""range_start"": 8.0, ""range_end"": 13.0, ""entry_end"": 17.0, ""entry_mode"": 2, ""buf_k"": 0.1, ""buf_atr"": 0.1, ""sl_k"": 0.5, ""tp_r"": 0.5}",T3_ldn8-13,W,0.5,0.5,0.1,0.1
1652.0,-0.1842,0.562,0.591,-9.9,208.1,311.9,0,814,-0.1833,-6.86,838,-0.185,-7.13,0.161,"{""range_start"": 8.0, ""range_end"": 13.0, ""entry_end"": 17.0, ""entry_mode"": 2, ""buf_k"": 0.2, ""sl_k"": 0.5, ""tp_r"": 0.5}",T3_ldn8-13,W,0.5,0.5,0.2,0.0
1254.0,-0.2177,0.542,0.538,-10.24,158.0,274.2,0,618,-0.2069,-6.83,636,-0.2281,-7.65,0.167,"{""range_start"": 8.0, ""range_end"": 13.0, ""entry_end"": 17.0, ""entry_mode"": 2, ""buf_k"": 0.2, ""buf_atr"": 0.1, ""sl_k"": 0.5, ""tp_r"": 0.5}",T3_ldn8-13,W,0.5,0.5,0.2,0.1
1496.0,-0.2071,0.547,0.554,-10.6,188.5,311.5,0,739,-0.2022,-7.19,757,-0.2119,-7.8,0.167,"{""range_start"": 8.0, ""range_end"": 13.0, ""entry_end"": 17.0, ""entry_mode"": 2, ""buf_k"": 0.3, ""sl_k"": 0.5, ""tp_r"": 0.5}",T3_ldn8-13,W,0.5,0.5,0.3,0.0
1121.0,-0.2091,0.545,0.551,-9.33,141.2,235.7,0,542,-0.2175,-6.74,579,-0.2013,-6.45,0.171,"{""range_start"": 8.0, ""range_end"": 13.0, ""entry_end"": 17.0, ""entry_mode"": 2, ""buf_k"": 0.3, ""buf_atr"": 0.1, ""sl_k"": 0.5, ""tp_r"": 0.5}",T3_ldn8-13,W,0.5,0.5,0.3,0.1
1212.0,-0.199,0.555,0.568,-9.18,152.7,242.0,0,591,-0.2043,-6.56,621,-0.1939,-6.43,0.175,"{""range_start"": 8.0, ""range_end"": 13.0, ""entry_end"": 17.0, ""entry_mode"": 2, ""buf_k"": 0.5, ""sl_k"": 0.5, ""tp_r"": 0.5}",T3_ldn8-13,W,0.5,0.5,0.5,0.0
865.0,-0.2473,0.521,0.497,-9.63,109.0,213.9,0,423,-0.2285,-6.25,442,-0.2652,-7.36,0.176,"{""range_start"": 8.0, ""range_end"": 13.0, ""entry_end"": 17.0, ""entry_mode"": 2, ""buf_k"": 0.5, ""buf_atr"": 0.1, ""sl_k"": 0.5, ""tp_r"": 0.5}",T3_ldn8-13,W,0.5,0.5,0.5,0.1
1920.0,-0.1553,0.444,0.723,-6.96,241.9,303.9,0,913,-0.158,-4.89,1007,-0.1528,-4.95,0.155,"{""range_start"": 8.0, ""range_end"": 13.0, ""entry_end"": 17.0, ""entry_mode"": 2, ""sl_k"": 0.5, ""tp_r"": 1.0}",T3_ldn8-13,W,0.5,1.0,0.0,0.0
1595.0,-0.1606,0.441,0.713,-6.61,201.0,259.8,0,774,-0.1525,-4.34,821,-0.1681,-5.0,0.158,"{""range_start"": 8.0, ""range_end"": 13.0, ""entry_end"": 17.0, ""entry_mode"": 2, ""buf_atr"": 0.1, ""sl_k"": 0.5, ""tp_r"": 1.0}",T3_ldn8-13,W,0.5,1.0,0.0,0.1
1866.0,-0.1436,0.447,0.741,-6.35,235.1,274.7,0,892,-0.1514,-4.64,974,-0.1365,-4.35,0.157,"{""range_start"": 8.0, ""range_end"": 13.0, ""entry_end"": 17.0, ""entry_mode"": 2, ""buf_k"": 0.05, ""sl_k"": 0.5, ""tp_r"": 1.0}",T3_ldn8-13,W,0.5,1.0,0.05,0.0
1522.0,-0.1595,0.442,0.715,-6.41,191.8,254.3,0,743,-0.1384,-3.85,779,-0.1796,-5.21,0.159,"{""range_start"": 8.0, ""range_end"": 13.0, ""entry_end"": 17.0, ""entry_mode"": 2, ""buf_k"": 0.05, ""buf_atr"": 0.1, ""sl_k"": 0.5, ""tp_r"": 1.0}",T3_ldn8-13,W,0.5,1.0,0.05,0.1
1806.0,-0.1192,0.461,0.781,-5.14,227.5,222.5,0,880,-0.1158,-3.48,926,-0.1224,-3.79,0.158,"{""range_start"": 8.0, ""range_end"": 13.0, ""entry_end"": 17.0, ""entry_mode"": 2, ""buf_k"": 0.1, ""sl_k"": 0.5, ""tp_r"": 1.0}",T3_ldn8-13,W,0.5,1.0,0.1,0.0
1423.0,-0.1749,0.436,0.692,-6.82,179.3,250.8,0,696,-0.1642,-4.44,727,-0.1852,-5.2,0.162,"{""range_start"": 8.0, ""range_end"": 13.0, ""entry_end"": 17.0, ""entry_mode"": 2, ""buf_k"": 0.1, ""buf_atr"": 0.1, ""sl_k"": 0.5, ""tp_r"": 1.0}",T3_ldn8-13,W,0.5,1.0,0.1,0.1
1652.0,-0.154,0.446,0.724,-6.41,208.1,270.4,0,814,-0.1216,-3.52,838,-0.1854,-5.55,0.161,"{""range_start"": 8.0, ""range_end"": 13.0, ""entry_end"": 17.0, ""entry_mode"": 2, ""buf_k"": 0.2, ""sl_k"": 0.5, ""tp_r"": 1.0}",T3_ldn8-13,W,0.5,1.0,0.2,0.0
1254.0,-0.2192,0.415,0.63,-8.06,158.0,277.7,0,618,-0.2166,-5.56,636,-0.2218,-5.84,0.167,"{""range_start"": 8.0, ""range_end"": 13.0, ""entry_end"": 17.0, ""entry_mode"": 2, ""buf_k"": 0.2, ""buf_atr"": 0.1, ""sl_k"": 0.5, ""tp_r"": 1.0}",T3_ldn8-13,W,0.5,1.0,0.2,0.1
1496.0,-0.1767,0.434,0.691,-7.02,188.5,268.1,0,739,-0.1557,-4.3,757,-0.1973,-5.63,0.167,"{""range_start"": 8.0, ""range_end"": 13.0, ""entry_end"": 17.0, ""entry_mode"": 2, ""buf_k"": 0.3, ""sl_k"": 0.5, ""tp_r"": 1.0}",T3_ldn8-13,W,0.5,1.0,0.3,0.0
1121.0,-0.211,0.417,0.641,-7.34,141.2,238.5,0,542,-0.2238,-5.43,579,-0.1991,-4.96,0.171,"{""range_start"": 8.0, ""range_end"": 13.0, ""entry_end"": 17.0, ""entry_mode"": 2, ""buf_k"": 0.3, ""buf_atr"": 0.1, ""sl_k"": 0.5, ""tp_r"": 1.0}",T3_ldn8-13,W,0.5,1.0,0.3,0.1
1212.0,-0.2215,0.413,0.628,-7.99,152.7,270.6,0,591,-0.2319,-5.83,621,-0.2116,-5.46,0.175,"{""range_start"": 8.0, ""range_end"": 13.0, ""entry_end"": 17.0, ""entry_mode"": 2, ""buf_k"": 0.5, ""sl_k"": 0.5, ""tp_r"": 1.0}",T3_ldn8-13,W,0.5,1.0,0.5,0.0
865.0,-0.2287,0.403,0.621,-6.94,109.0,206.7,1,423,-0.2188,-4.66,442,-0.2381,-5.15,0.176,"{""range_start"": 8.0, ""range_end"": 13.0, ""entry_end"": 17.0, ""entry_mode"": 2, ""buf_k"": 0.5, ""buf_atr"": 0.1, ""sl_k"": 0.5, ""tp_r"": 1.0}",T3_ldn8-13,W,0.5,1.0,0.5,0.1
1920.0,-0.1357,0.385,0.778,-5.23,241.9,269.0,0,913,-0.1386,-3.69,1007,-0.1331,-3.71,0.155,"{""range_start"": 8.0, ""range_end"": 13.0, ""entry_end"": 17.0, ""entry_mode"": 2, ""sl_k"": 0.5, ""tp_r"": 1.5}",T3_ldn8-13,W,0.5,1.5,0.0,0.0
1595.0,-0.1342,0.387,0.78,-4.73,201.0,221.1,0,774,-0.1287,-3.14,821,-0.1393,-3.54,0.158,"{""range_start"": 8.0, ""range_end"": 13.0, ""entry_end"": 17.0, ""entry_mode"": 2, ""buf_atr"": 0.1, ""sl_k"": 0.5, ""tp_r"": 1.5}",T3_ldn8-13,W,0.5,1.5,0.0,0.1
1866.0,-0.1283,0.387,0.789,-4.87,235.1,250.8,0,892,-0.1495,-3.95,974,-0.1089,-2.97,0.157,"{""range_start"": 8.0, ""range_end"": 13.0, ""entry_end"": 17.0, ""entry_mode"": 2, ""buf_k"": 0.05, ""sl_k"": 0.5, ""tp_r"": 1.5}",T3_ldn8-13,W,0.5,1.5,0.05,0.0
1522.0,-0.1273,0.39,0.79,-4.38,191.8,205.2,1,743,-0.116,-2.77,779,-0.1381,-3.42,0.159,"{""range_start"": 8.0, ""range_end"": 13.0, ""entry_end"": 17.0, ""entry_mode"": 2, ""buf_k"": 0.05, ""buf_atr"": 0.1, ""sl_k"": 0.5, ""tp_r"": 1.5}",T3_ldn8-13,W,0.5,1.5,0.05,0.1
1806.0,-0.1072,0.395,0.822,-3.96,227.5,205.9,0,880,-0.098,-2.51,926,-0.116,-3.09,0.158,"{""range_start"": 8.0, ""range_end"": 13.0, ""entry_end"": 17.0, ""entry_mode"": 2, ""buf_k"": 0.1, ""sl_k"": 0.5, ""tp_r"": 1.5}",T3_ldn8-13,W,0.5,1.5,0.1,0.0
1423.0,-0.1498,0.382,0.757,-5.02,179.3,215.8,1,696,-0.1362,-3.16,727,-0.1628,-3.93,0.162,"{""range_start"": 8.0, ""range_end"": 13.0, ""entry_end"": 17.0, ""entry_mode"": 2, ""buf_k"": 0.1, ""buf_atr"": 0.1, ""sl_k"": 0.5, ""tp_r"": 1.5}",T3_ldn8-13,W,0.5,1.5,0.1,0.1
1652.0,-0.1182,0.393,0.805,-4.2,208.1,214.3,1,814,-0.1017,-2.51,838,-0.1343,-3.42,0.161,"{""range_start"": 8.0, ""range_end"": 13.0, ""entry_end"": 17.0, ""entry_mode"": 2, ""buf_k"": 0.2, ""sl_k"": 0.5, ""tp_r"": 1.5}",T3_ldn8-13,W,0.5,1.5,0.2,0.0
1254.0,-0.1974,0.361,0.693,-6.23,158.0,251.9,0,618,-0.1739,-3.79,636,-0.2203,-5.03,0.167,"{""range_start"": 8.0, ""range_end"": 13.0, ""entry_end"": 17.0, ""entry_mode"": 2, ""buf_k"": 0.2, ""buf_atr"": 0.1, ""sl_k"": 0.5, ""tp_r"": 1.5}",T3_ldn8-13,W,0.5,1.5,0.2,0.1
1496.0,-0.1386,0.379,0.776,-4.68,188.5,215.1,0,739,-0.12,-2.81,757,-0.1569,-3.81,0.167,"{""range_start"": 8.0, ""range_end"": 13.0, ""entry_end"": 17.0, ""entry_mode"": 2, ""buf_k"": 0.3, ""sl_k"": 0.5, ""tp_r"": 1.5}",T3_ldn8-13,W,0.5,1.5,0.3,0.0
1121.0,-0.1899,0.362,0.703,-5.68,141.2,217.8,0,542,-0.2137,-4.47,579,-0.1676,-3.58,0.171,"{""range_start"": 8.0, ""range_end"": 13.0, ""entry_end"": 17.0, ""entry_mode"": 2, ""buf_k"": 0.3, ""buf_atr"": 0.1, ""sl_k"": 0.5, ""tp_r"": 1.5}",T3_ldn8-13,W,0.5,1.5,0.3,0.1
1212.0,-0.202,0.359,0.689,-6.25,152.7,250.6,0,591,-0.1883,-4.04,621,-0.2151,-4.79,0.175,"{""range_start"": 8.0, ""range_end"": 13.0, ""entry_end"": 17.0, ""entry_mode"": 2, ""buf_k"": 0.5, ""sl_k"": 0.5, ""tp_r"": 1.5}",T3_ldn8-13,W,0.5,1.5,0.5,0.0
865.0,-0.259,0.328,0.614,-6.94,109.0,231.0,0,423,-0.2491,-4.69,442,-0.2685,-5.13,0.176,"{""range_start"": 8.0, ""range_end"": 13.0, ""entry_end"": 17.0, ""entry_mode"": 2, ""buf_k"": 0.5, ""buf_atr"": 0.1, ""sl_k"": 0.5, ""tp_r"": 1.5}",T3_ldn8-13,W,0.5,1.5,0.5,0.1
1920.0,-0.1438,0.353,0.776,-5.1,241.9,284.5,0,913,-0.1529,-3.77,1007,-0.1354,-3.45,0.155,"{""range_start"": 8.0, ""range_end"": 13.0, ""entry_end"": 17.0, ""entry_mode"": 2, ""sl_k"": 0.5, ""tp_r"": 2.0}",T3_ldn8-13,W,0.5,2.0,0.0,0.0
1595.0,-0.1219,0.361,0.807,-3.93,201.0,204.2,1,774,-0.1143,-2.54,821,-0.1292,-3.0,0.158,"{""range_start"": 8.0, ""range_end"": 13.0, ""entry_end"": 17.0, ""entry_mode"": 2, ""buf_atr"": 0.1, ""sl_k"": 0.5, ""tp_r"": 2.0}",T3_ldn8-13,W,0.5,2.0,0.0,0.1
1866.0,-0.1222,0.359,0.807,-4.24,235.1,240.9,0,892,-0.1426,-3.45,974,-0.1036,-2.57,0.157,"{""range_start"": 8.0, ""range_end"": 13.0, ""entry_end"": 17.0, ""entry_mode"": 2, ""buf_k"": 0.05, ""sl_k"": 0.5, ""tp_r"": 2.0}",T3_ldn8-13,W,0.5,2.0,0.05,0.0
1522.0,-0.1301,0.358,0.796,-4.08,191.8,208.0,1,743,-0.1024,-2.21,779,-0.1565,-3.56,0.159,"{""range_start"": 8.0, ""range_end"": 13.0, ""entry_end"": 17.0, ""entry_mode"": 2, ""buf_k"": 0.05, ""buf_atr"": 0.1, ""sl_k"": 0.5, ""tp_r"": 2.0}",T3_ldn8-13,W,0.5,2.0,0.05,0.1
1806.0,-0.11,0.363,0.826,-3.72,227.5,215.3,2,880,-0.1002,-2.35,926,-0.1193,-2.9,0.158,"{""range_start"": 8.0, ""range_end"": 13.0, ""entry_end"": 17.0, ""entry_mode"": 2, ""buf_k"": 0.1, ""sl_k"": 0.5, ""tp_r"": 2.0}",T3_ldn8-13,W,0.5,2.0,0.1,0.0
1423.0,-0.1334,0.356,0.791,-4.04,179.3,195.7,1,696,-0.1082,-2.26,727,-0.1575,-3.47,0.162,"{""range_start"": 8.0, ""range_end"": 13.0, ""entry_end"": 17.0, ""entry_mode"": 2, ""buf_k"": 0.1, ""buf_atr"": 0.1, ""sl_k"": 0.5, ""tp_r"": 2.0}",T3_ldn8-13,W,0.5,2.0,0.1,0.1
1652.0,-0.1187,0.361,0.813,-3.84,208.1,215.8,0,814,-0.0886,-1.99,838,-0.1479,-3.46,0.161,"{""range_start"": 8.0, ""range_end"": 13.0, ""entry_end"": 17.0, ""entry_mode"": 2, ""buf_k"": 0.2, ""sl_k"": 0.5, ""tp_r"": 2.0}",T3_ldn8-13,W,0.5,2.0,0.2,0.0
1254.0,-0.1913,0.333,0.715,-5.49,158.0,249.0,0,618,-0.1624,-3.2,636,-0.2194,-4.58,0.167,"{""range_start"": 8.0, ""range_end"": 13.0, ""entry_end"": 17.0, ""entry_mode"": 2, ""buf_k"": 0.2, ""buf_atr"": 0.1, ""sl_k"": 0.5, ""tp_r"": 2.0}",T3_ldn8-13,W,0.5,2.0,0.2,0.1
1496.0,-0.1523,0.348,0.768,-4.58,188.5,239.1,1,739,-0.1354,-2.74,757,-0.1687,-3.77,0.167,"{""range_start"": 8.0, ""range_end"": 13.0, ""entry_end"": 17.0, ""entry_mode"": 2, ""buf_k"": 0.3, ""sl_k"": 0.5, ""tp_r"": 2.0}",T3_ldn8-13,W,0.5,2.0,0.3,0.0
1121.0,-0.1814,0.334,0.728,-4.93,141.2,207.1,0,542,-0.199,-3.76,579,-0.1649,-3.22,0.171,"{""range_start"": 8.0, ""range_end"": 13.0, ""entry_end"": 17.0, ""entry_mode"": 2, ""buf_k"": 0.3, ""buf_atr"": 0.1, ""sl_k"": 0.5, ""tp_r"": 2.0}",T3_ldn8-13,W,0.5,2.0,0.3,0.1
1212.0,-0.1857,0.33,0.726,-5.17,152.7,237.3,0,591,-0.1828,-3.54,621,-0.1884,-3.77,0.175,"{""range_start"": 8.0, ""range_end"": 13.0, ""entry_end"": 17.0, ""entry_mode"": 2, ""buf_k"": 0.5, ""sl_k"": 0.5, ""tp_r"": 2.0}",T3_ldn8-13,W,0.5,2.0,0.5,0.0
865.0,-0.2342,0.303,0.66,-5.67,109.0,211.2,0,423,-0.2223,-3.77,442,-0.2456,-4.23,0.176,"{""range_start"": 8.0, ""range_end"": 13.0, ""entry_end"": 17.0, ""entry_mode"": 2, ""buf_k"": 0.5, ""buf_atr"": 0.1, ""sl_k"": 0.5, ""tp_r"": 2.0}",T3_ldn8-13,W,0.5,2.0,0.5,0.1
1920.0,-0.1147,0.389,0.791,-4.01,241.9,238.6,0,913,-0.1147,-2.69,1007,-0.1148,-2.98,0.103,"{""range_start"": 8.0, ""range_end"": 13.0, ""entry_end"": 17.0, ""entry_mode"": 2, ""sl_k"": 0.75}",T3_ldn8-13,W,0.75,0.0,0.0,0.0
1595.0,-0.0934,0.394,0.826,-2.93,201.0,168.6,3,774,-0.0651,-1.36,821,-0.1201,-2.84,0.105,"{""range_start"": 8.0, ""range_end"": 13.0, ""entry_end"": 17.0, ""entry_mode"": 2, ""buf_atr"": 0.1, ""sl_k"": 0.75}",T3_ldn8-13,W,0.75,0.0,0.0,0.1
1866.0,-0.106,0.39,0.805,-3.65,235.1,211.7,1,892,-0.0997,-2.28,974,-0.1117,-2.89,0.104,"{""range_start"": 8.0, ""range_end"": 13.0, ""entry_end"": 17.0, ""entry_mode"": 2, ""buf_k"": 0.05, ""sl_k"": 0.75}",T3_ldn8-13,W,0.75,0.0,0.05,0.0
1522.0,-0.105,0.403,0.804,-3.36,191.8,178.1,2,743,-0.0727,-1.55,779,-0.1358,-3.26,0.106,"{""range_start"": 8.0, ""range_end"": 13.0, ""entry_end"": 17.0, ""entry_mode"": 2, ""buf_k"": 0.05, ""buf_atr"": 0.1, ""sl_k"": 0.75}",T3_ldn8-13,W,0.75,0.0,0.05,0.1
1806.0,-0.0982,0.394,0.819,-3.33,227.5,186.8,0,880,-0.0805,-1.82,926,-0.115,-2.93,0.105,"{""range_start"": 8.0, ""range_end"": 13.0, ""entry_end"": 17.0, ""entry_mode"": 2, ""buf_k"": 0.1, ""sl_k"": 0.75}",T3_ldn8-13,W,0.75,0.0,0.1,0.0
1423.0,-0.1155,0.394,0.789,-3.54,179.3,169.0,1,696,-0.0698,-1.41,727,-0.1593,-3.72,0.108,"{""range_start"": 8.0, ""range_end"": 13.0, ""entry_end"": 17.0, ""entry_mode"": 2, ""buf_k"": 0.1, ""buf_atr"": 0.1, ""sl_k"": 0.75}",T3_ldn8-13,W,0.75,0.0,0.1,0.1
1652.0,-0.0857,0.397,0.843,-2.71,208.1,158.0,1,814,-0.0481,-1.01,838,-0.1223,-2.93,0.107,"{""range_start"": 8.0, ""range_end"": 13.0, ""entry_end"": 17.0, ""entry_mode"": 2, ""buf_k"": 0.2, ""sl_k"": 0.75}",T3_ldn8-13,W,0.75,0.0,0.2,0.0
1254.0,-0.1254,0.389,0.774,-3.61,158.0,160.9,0,618,-0.0603,-1.13,636,-0.1885,-4.25,0.111,"{""range_start"": 8.0, ""range_end"": 13.0, ""entry_end"": 17.0, ""entry_mode"": 2, ""buf_k"": 0.2, ""buf_atr"": 0.1, ""sl_k"": 0.75}",T3_ldn8-13,W,0.75,0.0,0.2,0.1
1496.0,-0.1104,0.388,0.802,-3.34,188.5,174.8,1,739,-0.094,-1.92,757,-0.1264,-2.84,0.111,"{""range_start"": 8.0, ""range_end"": 13.0, ""entry_end"": 17.0, ""entry_mode"": 2, ""buf_k"": 0.3, ""sl_k"": 0.75}",T3_ldn8-13,W,0.75,0.0,0.3,0.0
1121.0,-0.1414,0.374,0.749,-3.82,141.2,160.1,0,542,-0.1143,-1.97,579,-0.1667,-3.55,0.114,"{""range_start"": 8.0, ""range_end"": 13.0, ""entry_end"": 17.0, ""entry_mode"": 2, ""buf_k"": 0.3, ""buf_atr"": 0.1, ""sl_k"": 0.75}",T3_ldn8-13,W,0.75,0.0,0.3,0.1
1212.0,-0.1178,0.39,0.791,-3.27,152.7,143.8,1,591,-0.101,-1.93,621,-0.1338,-2.7,0.116,"{""range_start"": 8.0, ""range_end"": 13.0, ""entry_end"": 17.0, ""entry_mode"": 2, ""buf_k"": 0.5, ""sl_k"": 0.75}",T3_ldn8-13,W,0.75,0.0,0.5,0.0
865.0,-0.1574,0.343,0.731,-3.55,109.0,146.2,0,423,-0.1149,-1.67,442,-0.1981,-3.52,0.118,"{""range_start"": 8.0, ""range_end"": 13.0, ""entry_end"": 17.0, ""entry_mode"": 2, ""buf_k"": 0.5, ""buf_atr"": 0.1, ""sl_k"": 0.75}",T3_ldn8-13,W,0.75,0.0,0.5,0.1
1920.0,-0.1103,0.588,0.714,-6.74,241.9,216.3,0,913,-0.1139,-4.77,1007,-0.107,-4.76,0.103,"{""range_start"": 8.0, ""range_end"": 13.0, ""entry_end"": 17.0, ""entry_mode"": 2, ""sl_k"": 0.75, ""tp_r"": 0.5}",T3_ldn8-13,W,0.75,0.5,0.0,0.0
1595.0,-0.1344,0.568,0.664,-7.5,201.0,219.3,0,774,-0.1429,-5.52,821,-0.1263,-5.09,0.105,"{""range_start"": 8.0, ""range_end"": 13.0, ""entry_end"": 17.0, ""entry_mode"": 2, ""buf_atr"": 0.1, ""sl_k"": 0.75, ""tp_r"": 0.5}",T3_ldn8-13,W,0.75,0.5,0.0,0.1
1866.0,-0.107,0.586,0.719,-6.49,235.1,204.4,0,892,-0.1047,-4.37,974,-0.1091,-4.81,0.104,"{""range_start"": 8.0, ""range_end"": 13.0, ""entry_end"": 17.0, ""entry_mode"": 2, ""buf_k"": 0.05, ""sl_k"": 0.75, ""tp_r"": 0.5}",T3_ldn8-13,W,0.75,0.5,0.05,0.0
1522.0,-0.1177,0.581,0.697,-6.45,191.8,185.5,0,743,-0.1186,-4.52,779,-0.117,-4.6,0.106,"{""range_start"": 8.0, ""range_end"": 13.0, ""entry_end"": 17.0, ""entry_mode"": 2, ""buf_k"": 0.05, ""buf_atr"": 0.1, ""sl_k"": 0.75, ""tp_r"": 0.5}",T3_ldn8-13,W,0.75,0.5,0.05,0.1
1806.0,-0.1206,0.578,0.692,-7.16,227.5,224.1,0,880,-0.1124,-4.63,926,-0.1285,-5.48,0.105,"{""range_start"": 8.0, ""range_end"": 13.0, ""entry_end"": 17.0, ""entry_mode"": 2, ""buf_k"": 0.1, ""sl_k"": 0.75, ""tp_r"": 0.5}",T3_ldn8-13,W,0.75,0.5,0.1,0.0
1423.0,-0.1378,0.569,0.657,-7.26,179.3,196.8,0,696,-0.1312,-4.83,727,-0.1442,-5.43,0.108,"{""range_start"": 8.0, ""range_end"": 13.0, ""entry_end"": 17.0, ""entry_mode"": 2, ""buf_k"": 0.1, ""buf_atr"": 0.1, ""sl_k"": 0.75, ""tp_r"": 0.5}",T3_ldn8-13,W,0.75,0.5,0.1,0.1
1652.0,-0.1297,0.577,0.674,-7.34,208.1,220.8,0,814,-0.1268,-5.03,838,-0.1325,-5.34,0.107,"{""range_start"": 8.0, ""range_end"": 13.0, ""entry_end"": 17.0, ""entry_mode"": 2, ""buf_k"": 0.2, ""sl_k"": 0.75, ""tp_r"": 0.5}",T3_ldn8-13,W,0.75,0.5,0.2,0.0
1254.0,-0.1554,0.56,0.624,-7.67,158.0,196.5,0,618,-0.1336,-4.66,636,-0.1765,-6.17,0.111,"{""range_start"": 8.0, ""range_end"": 13.0, ""entry_end"": 17.0, ""entry_mode"": 2, ""buf_k"": 0.2, ""buf_atr"": 0.1, ""sl_k"": 0.75, ""tp_r"": 0.5}",T3_ldn8-13,W,0.75,0.5,0.2,0.1
1496.0,-0.148,0.561,0.64,-7.93,188.5,225.1,0,739,-0.1539,-5.75,757,-0.1422,-5.46,0.111,"{""range_start"": 8.0, ""range_end"": 13.0, ""entry_end"": 17.0, ""entry_mode"": 2, ""buf_k"": 0.3, ""sl_k"": 0.75, ""tp_r"": 0.5}",T3_ldn8-13,W,0.75,0.5,0.3,0.0
1121.0,-0.1702,0.548,0.599,-7.92,141.2,192.8,0,542,-0.1785,-5.79,579,-0.1624,-5.42,0.114,"{""range_start"": 8.0, ""range_end"": 13.0, ""entry_end"": 17.0, ""entry_mode"": 2, ""buf_k"": 0.3, ""buf_atr"": 0.1, ""sl_k"": 0.75, ""tp_r"": 0.5}",T3_ldn8-13,W,0.75,0.5,0.3,0.1
1212.0,-0.1405,0.57,0.653,-6.82,152.7,171.8,0,591,-0.1271,-4.32,621,-0.1533,-5.32,0.116,"{""range_start"": 8.0, ""range_end"": 13.0, ""entry_end"": 17.0, ""entry_mode"": 2, ""buf_k"": 0.5, ""sl_k"": 0.75, ""tp_r"": 0.5}",T3_ldn8-13,W,0.75,0.5,0.5,0.0
865.0,-0.1821,0.539,0.582,-7.36,109.0,158.0,0,423,-0.1773,-5.02,442,-0.1868,-5.38,0.118,"{""range_start"": 8.0, ""range_end"": 13.0, ""entry_end"": 17.0, ""entry_mode"": 2, ""buf_k"": 0.5, ""buf_atr"": 0.1, ""sl_k"": 0.75, ""tp_r"": 0.5}",T3_ldn8-13,W,0.75,0.5,0.5,0.1
1920.0,-0.1021,0.466,0.789,-4.81,241.9,208.5,0,913,-0.1094,-3.46,1007,-0.0954,-3.34,0.103,"{""range_start"": 8.0, ""range_end"": 13.0, ""entry_end"": 17.0, ""entry_mode"": 2, ""sl_k"": 0.75, ""tp_r"": 1.0}",T3_ldn8-13,W,0.75,1.0,0.0,0.0
1595.0,-0.1083,0.461,0.777,-4.77,201.0,182.1,0,774,-0.1099,-3.35,821,-0.1068,-3.39,0.105,"{""range_start"": 8.0, ""range_end"": 13.0, ""entry_end"": 17.0, ""entry_mode"": 2, ""buf_atr"": 0.1, ""sl_k"": 0.75, ""tp_r"": 1.0}",T3_ldn8-13,W,0.75,1.0,0.0,0.1
1866.0,-0.091,0.468,0.809,-4.23,235.1,178.3,0,892,-0.1012,-3.16,974,-0.0818,-2.81,0.104,"{""range_start"": 8.0, ""range_end"": 13.0, ""entry_end"": 17.0, ""entry_mode"": 2, ""buf_k"": 0.05, ""sl_k"": 0.75, ""tp_r"": 1.0}",T3_ldn8-13,W,0.75,1.0,0.05,0.0
1522.0,-0.0998,0.47,0.792,-4.29,191.8,165.6,1,743,-0.0933,-2.78,779,-0.106,-3.28,0.106,"{""range_start"": 8.0, ""range_end"": 13.0, ""entry_end"": 17.0, ""entry_mode"": 2, ""buf_k"": 0.05, ""buf_atr"": 0.1, ""sl_k"": 0.75, ""tp_r"": 1.0}",T3_ldn8-13,W,0.75,1.0,0.05,0.1
1806.0,-0.0809,0.471,0.829,-3.75,227.5,157.3,1,880,-0.0747,-2.39,926,-0.0868,-2.91,0.105,"{""range_start"": 8.0, ""range_end"": 13.0, ""entry_end"": 17.0, ""entry_mode"": 2, ""buf_k"": 0.1, ""sl_k"": 0.75, ""tp_r"": 1.0}",T3_ldn8-13,W,0.75,1.0,0.1,0.0
1423.0,-0.1243,0.458,0.748,-5.17,179.3,180.6,0,696,-0.1023,-2.95,727,-0.1453,-4.36,0.108,"{""range_start"": 8.0, ""range_end"": 13.0, ""entry_end"": 17.0, ""entry_mode"": 2, ""buf_k"": 0.1, ""buf_atr"": 0.1, ""sl_k"": 0.75, ""tp_r"": 1.0}",T3_ldn8-13,W,0.75,1.0,0.1,0.1
1652.0,-0.0869,0.475,0.819,-3.85,208.1,158.2,1,814,-0.082,-2.53,838,-0.0917,-2.91,0.107,"{""range_start"": 8.0, ""range_end"": 13.0, ""entry_end"": 17.0, ""entry_mode"": 2, ""buf_k"": 0.2, ""sl_k"": 0.75, ""tp_r"": 1.0}",T3_ldn8-13,W,0.75,1.0,0.2,0.0
1254.0,-0.1502,0.445,0.705,-5.87,158.0,189.3,0,618,-0.1236,-3.37,636,-0.1761,-4.93,0.111,"{""range_start"": 8.0, ""range_end"": 13.0, ""entry_end"": 17.0, ""entry_mode"": 2, ""buf_k"": 0.2, ""buf_atr"": 0.1, ""sl_k"": 0.75, ""tp_r"": 1.0}",T3_ldn8-13,W,0.75,1.0,0.2,0.1
1496.0,-0.1138,0.457,0.77,-4.8,188.5,176.0,0,739,-0.1122,-3.31,757,-0.1153,-3.47,0.111,"{""range_start"": 8.0, ""range_end"": 13.0, ""entry_end"": 17.0, ""entry_mode"": 2, ""buf_k"": 0.3, ""sl_k"": 0.75, ""tp_r"": 1.0}",T3_ldn8-13,W,0.75,1.0,0.3,0.0
1121.0,-0.1568,0.437,0.693,-5.82,141.2,177.2,0,542,-0.1711,-4.44,579,-0.1434,-3.81,0.114,"{""range_start"": 8.0, ""range_end"": 13.0, ""entry_end"": 17.0, ""entry_mode"": 2, ""buf_k"": 0.3, ""buf_atr"": 0.1, ""sl_k"": 0.75, ""tp_r"": 1.0}",T3_ldn8-13,W,0.75,1.0,0.3,0.1
1212.0,-0.1254,0.459,0.748,-4.8,152.7,153.7,0,591,-0.1078,-2.88,621,-0.1422,-3.89,0.116,"{""range_start"": 8.0, ""range_end"": 13.0, ""entry_end"": 17.0, ""entry_mode"": 2, ""buf_k"": 0.5, ""sl_k"": 0.75, ""tp_r"": 1.0}",T3_ldn8-13,W,0.75,1.0,0.5,0.0
865.0,-0.2036,0.406,0.623,-6.63,109.0,177.2,0,423,-0.1981,-4.53,442,-0.2089,-4.83,0.118,"{""range_start"": 8.0, ""range_end"": 13.0, ""entry_end"": 17.0, ""entry_mode"": 2, ""buf_k"": 0.5, ""buf_atr"": 0.1, ""sl_k"": 0.75, ""tp_r"": 1.0}",T3_ldn8-13,W,0.75,1.0,0.5,0.1
1920.0,-0.1032,0.422,0.802,-4.34,241.9,213.1,0,913,-0.1193,-3.4,1007,-0.0886,-2.74,0.103,"{""range_start"": 8.0, ""range_end"": 13.0, ""entry_end"": 17.0, ""entry_mode"": 2, ""sl_k"": 0.75, ""tp_r"": 1.5}",T3_ldn8-13,W,0.75,1.5,0.0,0.0
1595.0,-0.106,0.422,0.795,-4.18,201.0,177.9,0,774,-0.0983,-2.67,821,-0.1132,-3.23,0.105,"{""range_start"": 8.0, ""range_end"": 13.0, ""entry_end"": 17.0, ""entry_mode"": 2, ""buf_atr"": 0.1, ""sl_k"": 0.75, ""tp_r"": 1.5}",T3_ldn8-13,W,0.75,1.5,0.0,0.1
1866.0,-0.0852,0.428,0.834,-3.52,235.1,168.9,1,892,-0.095,-2.66,974,-0.0762,-2.32,0.104,"{""range_start"": 8.0, ""range_end"": 13.0, ""entry_end"": 17.0, ""entry_mode"": 2, ""buf_k"": 0.05, ""sl_k"": 0.75, ""tp_r"": 1.5}",T3_ldn8-13,W,0.75,1.5,0.05,0.0
1522.0,-0.0989,0.429,0.808,-3.79,191.8,164.6,1,743,-0.0896,-2.38,779,-0.1079,-2.98,0.106,"{""range_start"": 8.0, ""range_end"": 13.0, ""entry_end"": 17.0, ""entry_mode"": 2, ""buf_k"": 0.05, ""buf_atr"": 0.1, ""sl_k"": 0.75, ""tp_r"": 1.5}",T3_ldn8-13,W,0.75,1.5,0.05,0.1
1806.0,-0.0853,0.427,0.834,-3.46,227.5,164.5,2,880,-0.081,-2.22,926,-0.0895,-2.68,0.105,"{""range_start"": 8.0, ""range_end"": 13.0, ""entry_end"": 17.0, ""entry_mode"": 2, ""buf_k"": 0.1, ""sl_k"": 0.75, ""tp_r"": 1.5}",T3_ldn8-13,W,0.75,1.5,0.1,0.0
1423.0,-0.1036,0.424,0.801,-3.81,179.3,155.9,0,696,-0.0851,-2.17,727,-0.1213,-3.21,0.108,"{""range_start"": 8.0, ""range_end"": 13.0, ""entry_end"": 17.0, ""entry_mode"": 2, ""buf_k"": 0.1, ""buf_atr"": 0.1, ""sl_k"": 0.75, ""tp_r"": 1.5}",T3_ldn8-13,W,0.75,1.5,0.1,0.1
1652.0,-0.0859,0.43,0.835,-3.31,208.1,157.2,1,814,-0.0764,-2.02,838,-0.0951,-2.67,0.107,"{""range_start"": 8.0, ""range_end"": 13.0, ""entry_end"": 17.0, ""entry_mode"": 2, ""buf_k"": 0.2, ""sl_k"": 0.75, ""tp_r"": 1.5}",T3_ldn8-13,W,0.75,1.5,0.2,0.0
1254.0,-0.1253,0.414,0.765,-4.33,158.0,158.7,0,618,-0.0943,-2.27,636,-0.1553,-3.85,0.111,"{""range_start"": 8.0, ""range_end"": 13.0, ""entry_end"": 17.0, ""entry_mode"": 2, ""buf_k"": 0.2, ""buf_atr"": 0.1, ""sl_k"": 0.75, ""tp_r"": 1.5}",T3_ldn8-13,W,0.75,1.5,0.2,0.1
1496.0,-0.1173,0.418,0.78,-4.32,188.5,181.7,0,739,-0.1274,-3.24,757,-0.1073,-2.86,0.111,"{""range_start"": 8.0, ""range_end"": 13.0, ""entry_end"": 17.0, ""entry_mode"": 2, ""buf_k"": 0.3, ""sl_k"": 0.75, ""tp_r"": 1.5}",T3_ldn8-13,W,0.75,1.5,0.3,0.0
1121.0,-0.1396,0.401,0.742,-4.58,141.2,157.0,0,542,-0.1571,-3.62,579,-0.1232,-2.88,0.114,"{""range_start"": 8.0, ""range_end"": 13.0, ""entry_end"": 17.0, ""entry_mode"": 2, ""buf_k"": 0.3, ""buf_atr"": 0.1, ""sl_k"": 0.75, ""tp_r"": 1.5}",T3_ldn8-13,W,0.75,1.5,0.3,0.1
1212.0,-0.1057,0.42,0.801,-3.55,152.7,130.4,0,591,-0.0947,-2.22,621,-0.1162,-2.79,0.116,"{""range_start"": 8.0, ""range_end"": 13.0, ""entry_end"": 17.0, ""entry_mode"": 2, ""buf_k"": 0.5, ""sl_k"": 0.75, ""tp_r"": 1.5}",T3_ldn8-13,W,0.75,1.5,0.5,0.0
865.0,-0.1738,0.37,0.692,-4.99,109.0,151.4,0,423,-0.1557,-3.14,442,-0.1911,-3.91,0.118,"{""range_start"": 8.0, ""range_end"": 13.0, ""entry_end"": 17.0, ""entry_mode"": 2, ""buf_k"": 0.5, ""buf_atr"": 0.1, ""sl_k"": 0.75, ""tp_r"": 1.5}",T3_ldn8-13,W,0.75,1.5,0.5,0.1
1920.0,-0.0943,0.406,0.823,-3.69,241.9,198.0,0,913,-0.1108,-2.98,1007,-0.0794,-2.25,0.103,"{""range_start"": 8.0, ""range_end"": 13.0, ""entry_end"": 17.0, ""entry_mode"": 2, ""sl_k"": 0.75, ""tp_r"": 2.0}",T3_ldn8-13,W,0.75,2.0,0.0,0.0
1595.0,-0.0909,0.407,0.828,-3.31,201.0,152.3,1,774,-0.0801,-2.01,821,-0.101,-2.66,0.105,"{""range_start"": 8.0, ""range_end"": 13.0, ""entry_end"": 17.0, ""entry_mode"": 2, ""buf_atr"": 0.1, ""sl_k"": 0.75, ""tp_r"": 2.0}",T3_ldn8-13,W,0.75,2.0,0.0,0.1
1866.0,-0.0809,0.408,0.847,-3.09,235.1,164.7,1,892,-0.0885,-2.3,974,-0.0739,-2.07,0.104,"{""range_start"": 8.0, ""range_end"": 13.0, ""entry_end"": 17.0, ""entry_mode"": 2, ""buf_k"": 0.05, ""sl_k"": 0.75, ""tp_r"": 2.0}",T3_ldn8-13,W,0.75,2.0,0.05,0.0
1522.0,-0.0858,0.414,0.837,-3.04,191.8,141.7,1,743,-0.0737,-1.81,779,-0.0973,-2.49,0.106,"{""range_start"": 8.0, ""range_end"": 13.0, ""entry_end"": 17.0, ""entry_mode"": 2, ""buf_k"": 0.05, ""buf_atr"": 0.1, ""sl_k"": 0.75, ""tp_r"": 2.0}",T3_ldn8-13,W,0.75,2.0,0.05,0.1
1806.0,-0.0702,0.412,0.867,-2.62,227.5,141.6,1,880,-0.0656,-1.66,926,-0.0746,-2.05,0.105,"{""range_start"": 8.0, ""range_end"": 13.0, ""entry_end"": 17.0, ""entry_mode"": 2, ""buf_k"": 0.1, ""sl_k"": 0.75, ""tp_r"": 2.0}",T3_ldn8-13,W,0.75,2.0,0.1,0.0
1423.0,-0.1026,0.404,0.809,-3.51,179.3,150.5,1,696,-0.0763,-1.8,727,-0.1278,-3.16,0.108,"{""range_start"": 8.0, ""range_end"": 13.0, ""entry_end"": 17.0, ""entry_mode"": 2, ""buf_k"": 0.1, ""buf_atr"": 0.1, ""sl_k"": 0.75, ""tp_r"": 2.0}",T3_ldn8-13,W,0.75,2.0,0.1,0.1
1652.0,-0.0682,0.414,0.872,-2.42,208.1,130.1,1,814,-0.0447,-1.08,838,-0.0911,-2.37,0.107,"{""range_start"": 8.0, ""range_end"": 13.0, ""entry_end"": 17.0, ""entry_mode"": 2, ""buf_k"": 0.2, ""sl_k"": 0.75, ""tp_r"": 2.0}",T3_ldn8-13,W,0.75,2.0,0.2,0.0
1254.0,-0.1155,0.4,0.788,-3.71,158.0,147.4,0,618,-0.0822,-1.84,636,-0.1479,-3.41,0.111,"{""range_start"": 8.0, ""range_end"": 13.0, ""entry_end"": 17.0, ""entry_mode"": 2, ""buf_k"": 0.2, ""buf_atr"": 0.1, ""sl_k"": 0.75, ""tp_r"": 2.0}",T3_ldn8-13,W,0.75,2.0,0.2,0.1
1496.0,-0.0953,0.402,0.825,-3.23,188.5,150.7,1,739,-0.0971,-2.28,757,-0.0934,-2.29,0.111,"{""range_start"": 8.0, ""range_end"": 13.0, ""entry_end"": 17.0, ""entry_mode"": 2, ""buf_k"": 0.3, ""sl_k"": 0.75, ""tp_r"": 2.0}",T3_ldn8-13,W,0.75,2.0,0.3,0.0
1121.0,-0.1371,0.387,0.752,-4.22,141.2,153.7,0,542,-0.1439,-3.1,579,-0.1306,-2.87,0.114,"{""range_start"": 8.0, ""range_end"": 13.0, ""entry_end"": 17.0, ""entry_mode"": 2, ""buf_k"": 0.3, ""buf_atr"": 0.1, ""sl_k"": 0.75, ""tp_r"": 2.0}",T3_ldn8-13,W,0.75,2.0,0.3,0.1
1212.0,-0.1127,0.402,0.796,-3.46,152.7,136.6,2,591,-0.1092,-2.3,621,-0.116,-2.59,0.116,"{""range_start"": 8.0, ""range_end"": 13.0, ""entry_end"": 17.0, ""entry_mode"": 2, ""buf_k"": 0.5, ""sl_k"": 0.75, ""tp_r"": 2.0}",T3_ldn8-13,W,0.75,2.0,0.5,0.0
865.0,-0.1608,0.355,0.721,-4.27,109.0,145.9,0,423,-0.1532,-2.88,442,-0.1682,-3.14,0.118,"{""range_start"": 8.0, ""range_end"": 13.0, ""entry_end"": 17.0, ""entry_mode"": 2, ""buf_k"": 0.5, ""buf_atr"": 0.1, ""sl_k"": 0.75, ""tp_r"": 2.0}",T3_ldn8-13,W,0.75,2.0,0.5,0.1
1920.0,-0.087,0.431,0.809,-3.66,241.9,181.7,0,913,-0.098,-2.79,1007,-0.0771,-2.39,0.077,"{""range_start"": 8.0, ""range_end"": 13.0, ""entry_end"": 17.0, ""entry_mode"": 2}",T3_ldn8-13,W,1.0,0.0,0.0,0.0
1595.0,-0.0816,0.432,0.815,-3.16,201.0,139.3,3,774,-0.0627,-1.64,821,-0.0995,-2.85,0.079,"{""range_start"": 8.0, ""range_end"": 13.0, ""entry_end"": 17.0, ""entry_mode"": 2, ""buf_atr"": 0.1}",T3_ldn8-13,W,1.0,0.0,0.0,0.1
1866.0,-0.0924,0.428,0.796,-3.87,235.1,177.2,1,892,-0.098,-2.75,974,-0.0872,-2.73,0.078,"{""range_start"": 8.0, ""range_end"": 13.0, ""entry_end"": 17.0, ""entry_mode"": 2, ""buf_k"": 0.05}",T3_ldn8-13,W,1.0,0.0,0.05,0.0
1522.0,-0.0934,0.436,0.79,-3.65,191.8,148.7,2,743,-0.0735,-1.95,779,-0.1124,-3.23,0.079,"{""range_start"": 8.0, ""range_end"": 13.0, ""entry_end"": 17.0, ""entry_mode"": 2, ""buf_k"": 0.05, ""buf_atr"": 0.1}",T3_ldn8-13,W,1.0,0.0,0.05,0.1
1806.0,-0.0812,0.437,0.818,-3.36,227.5,151.1,1,880,-0.0654,-1.8,926,-0.0962,-2.99,0.079,"{""range_start"": 8.0, ""range_end"": 13.0, ""entry_end"": 17.0, ""entry_mode"": 2, ""buf_k"": 0.1}",T3_ldn8-13,W,1.0,0.0,0.1,0.0
1423.0,-0.0984,0.429,0.784,-3.65,179.3,141.3,1,696,-0.0741,-1.84,727,-0.1216,-3.37,0.081,"{""range_start"": 8.0, ""range_end"": 13.0, ""entry_end"": 17.0, ""entry_mode"": 2, ""buf_k"": 0.1, ""buf_atr"": 0.1}",T3_ldn8-13,W,1.0,0.0,0.1,0.1
1652.0,-0.0778,0.438,0.826,-3.05,208.1,142.3,1,814,-0.0398,-1.04,838,-0.1147,-3.37,0.08,"{""range_start"": 8.0, ""range_end"": 13.0, ""entry_end"": 17.0, ""entry_mode"": 2, ""buf_k"": 0.2}",T3_ldn8-13,W,1.0,0.0,0.2,0.0
1254.0,-0.097,0.428,0.79,-3.34,158.0,127.5,0,618,-0.061,-1.39,636,-0.132,-3.45,0.083,"{""range_start"": 8.0, ""range_end"": 13.0, ""entry_end"": 17.0, ""entry_mode"": 2, ""buf_k"": 0.2, ""buf_atr"": 0.1}",T3_ldn8-13,W,1.0,0.0,0.2,0.1
1496.0,-0.0773,0.432,0.829,-2.79,188.5,130.2,2,739,-0.0423,-1.01,757,-0.1114,-3.06,0.083,"{""range_start"": 8.0, ""range_end"": 13.0, ""entry_end"": 17.0, ""entry_mode"": 2, ""buf_k"": 0.3}",T3_ldn8-13,W,1.0,0.0,0.3,0.0
1121.0,-0.1132,0.414,0.76,-3.63,141.2,129.7,0,542,-0.0945,-1.96,579,-0.1308,-3.25,0.086,"{""range_start"": 8.0, ""range_end"": 13.0, ""entry_end"": 17.0, ""entry_mode"": 2, ""buf_k"": 0.3, ""buf_atr"": 0.1}",T3_ldn8-13,W,1.0,0.0,0.3,0.1
1212.0,-0.0948,0.423,0.8,-3.03,152.7,121.2,2,591,-0.0759,-1.64,621,-0.1127,-2.68,0.087,"{""range_start"": 8.0, ""range_end"": 13.0, ""entry_end"": 17.0, ""entry_mode"": 2, ""buf_k"": 0.5}",T3_ldn8-13,W,1.0,0.0,0.5,0.0
865.0,-0.1021,0.395,0.789,-2.7,109.0,103.3,0,423,-0.0744,-1.32,442,-0.1286,-2.53,0.088,"{""range_start"": 8.0, ""range_end"": 13.0, ""entry_end"": 17.0, ""entry_mode"": 2, ""buf_k"": 0.5, ""buf_atr"": 0.1}",T3_ldn8-13,W,1.0,0.0,0.5,0.1
1920.0,-0.0882,0.577,0.749,-5.71,241.9,174.0,0,913,-0.0927,-4.09,1007,-0.084,-3.98,0.077,"{""range_start"": 8.0, ""range_end"": 13.0, ""entry_end"": 17.0, ""entry_mode"": 2, ""tp_r"": 0.5}",T3_ldn8-13,W,1.0,0.5,0.0,0.0
1595.0,-0.1051,0.56,0.706,-6.25,201.0,170.3,0,774,-0.106,-4.37,821,-0.1042,-4.47,0.079,"{""range_start"": 8.0, ""range_end"": 13.0, ""entry_end"": 17.0, ""entry_mode"": 2, ""buf_atr"": 0.1, ""tp_r"": 0.5}",T3_ldn8-13,W,1.0,0.5,0.0,0.1
1866.0,-0.0836,0.576,0.759,-5.36,235.1,158.3,0,892,-0.0922,-4.05,974,-0.0757,-3.53,0.078,"{""range_start"": 8.0, ""range_end"": 13.0, ""entry_end"": 17.0, ""entry_mode"": 2, ""buf_k"": 0.05, ""tp_r"": 0.5}",T3_ldn8-13,W,1.0,0.5,0.05,0.0
1522.0,-0.1019,0.564,0.714,-5.92,191.8,160.9,0,743,-0.0907,-3.69,779,-0.1126,-4.67,0.079,"{""range_start"": 8.0, ""range_end"": 13.0, ""entry_end"": 17.0, ""entry_mode"": 2, ""buf_k"": 0.05, ""buf_atr"": 0.1, ""tp_r"": 0.5}",T3_ldn8-13,W,1.0,0.5,0.05,0.1
1806.0,-0.0719,0.587,0.788,-4.55,227.5,132.4,0,880,-0.0758,-3.34,926,-0.0682,-3.1,0.079,"{""range_start"": 8.0, ""range_end"": 13.0, ""entry_end"": 17.0, ""entry_mode"": 2, ""buf_k"": 0.1, ""tp_r"": 0.5}",T3_ldn8-13,W,1.0,0.5,0.1,0.0
1423.0,-0.1201,0.554,0.674,-6.7,179.3,171.5,0,696,-0.1137,-4.43,727,-0.1262,-5.03,0.081,"{""range_start"": 8.0, ""range_end"": 13.0, ""entry_end"": 17.0, ""entry_mode"": 2, ""buf_k"": 0.1, ""buf_atr"": 0.1, ""tp_r"": 0.5}",T3_ldn8-13,W,1.0,0.5,0.1,0.1
1652.0,-0.0909,0.576,0.74,-5.5,208.1,158.0,0,814,-0.0758,-3.23,838,-0.1055,-4.53,0.08,"{""range_start"": 8.0, ""range_end"": 13.0, ""entry_end"": 17.0, ""entry_mode"": 2, ""buf_k"": 0.2, ""tp_r"": 0.5}",T3_ldn8-13,W,1.0,0.5,0.2,0.0
1254.0,-0.1359,0.545,0.641,-7.08,158.0,171.2,0,618,-0.1304,-4.8,636,-0.1413,-5.21,0.083,"{""range_start"": 8.0, ""range_end"": 13.0, ""entry_end"": 17.0, ""entry_mode"": 2, ""buf_k"": 0.2, ""buf_atr"": 0.1, ""tp_r"": 0.5}",T3_ldn8-13,W,1.0,0.5,0.2,0.1
1496.0,-0.1062,0.566,0.706,-6.07,188.5,160.5,0,739,-0.0975,-3.92,757,-0.1147,-4.65,0.083,"{""range_start"": 8.0, ""range_end"": 13.0, ""entry_end"": 17.0, ""entry_mode"": 2, ""buf_k"": 0.3, ""tp_r"": 0.5}",T3_ldn8-13,W,1.0,0.5,0.3,0.0
1121.0,-0.1484,0.536,0.618,-7.27,141.2,167.7,0,542,-0.1587,-5.4,579,-0.1388,-4.89,0.086,"{""range_start"": 8.0, ""range_end"": 13.0, ""entry_end"": 17.0, ""entry_mode"": 2, ""buf_k"": 0.3, ""buf_atr"": 0.1, ""tp_r"": 0.5}",T3_ldn8-13,W,1.0,0.5,0.3,0.1
1212.0,-0.126,0.554,0.664,-6.43,152.7,153.2,0,591,-0.1223,-4.37,621,-0.1295,-4.71,0.087,"{""range_start"": 8.0, ""range_end"": 13.0, ""entry_end"": 17.0, ""entry_mode"": 2, ""buf_k"": 0.5, ""tp_r"": 0.5}",T3_ldn8-13,W,1.0,0.5,0.5,0.0
865.0,-0.1363,0.547,0.649,-5.78,109.0,121.6,0,423,-0.1313,-3.9,442,-0.141,-4.27,0.088,"{""range_start"": 8.0, ""range_end"": 13.0, ""entry_end"": 17.0, ""entry_mode"": 2, ""buf_k"": 0.5, ""buf_atr"": 0.1, ""tp_r"": 0.5}",T3_ldn8-13,W,1.0,0.5,0.5,0.1
1920.0,-0.0868,0.475,0.794,-4.51,241.9,170.1,0,913,-0.1001,-3.52,1007,-0.0748,-2.86,0.077,"{""range_start"": 8.0, ""range_end"": 13.0, ""entry_end"": 17.0, ""entry_mode"": 2, ""tp_r"": 1.0}",T3_ldn8-13,W,1.0,1.0,0.0,0.0
1595.0,-0.0822,0.472,0.802,-3.98,201.0,136.7,1,774,-0.0782,-2.64,821,-0.086,-2.99,0.079,"{""range_start"": 8.0, ""range_end"": 13.0, ""entry_end"": 17.0, ""entry_mode"": 2, ""buf_atr"": 0.1, ""tp_r"": 1.0}",T3_ldn8-13,W,1.0,1.0,0.0,0.1
1866.0,-0.077,0.478,0.815,-3.94,235.1,146.9,1,892,-0.0938,-3.27,974,-0.0616,-2.31,0.078,"{""range_start"": 8.0, ""range_end"": 13.0, ""entry_end"": 17.0, ""entry_mode"": 2, ""buf_k"": 0.05, ""tp_r"": 1.0}",T3_ldn8-13,W,1.0,1.0,0.05,0.0
1522.0,-0.0844,0.474,0.798,-3.97,191.8,133.2,0,743,-0.0715,-2.34,779,-0.0967,-3.26,0.079,"{""range_start"": 8.0, ""range_end"": 13.0, ""entry_end"": 17.0, ""entry_mode"": 2, ""buf_k"": 0.05, ""buf_atr"": 0.1, ""tp_r"": 1.0}",T3_ldn8-13,W,1.0,1.0,0.05,0.1
1806.0,-0.0646,0.486,0.843,-3.25,227.5,122.7,2,880,-0.0669,-2.3,926,-0.0624,-2.29,0.079,"{""range_start"": 8.0, ""range_end"": 13.0, ""entry_end"": 17.0, ""entry_mode"": 2, ""buf_k"": 0.1, ""tp_r"": 1.0}",T3_ldn8-13,W,1.0,1.0,0.1,0.0
1423.0,-0.0979,0.467,0.772,-4.43,179.3,139.9,0,696,-0.0832,-2.62,727,-0.1119,-3.64,0.081,"{""range_start"": 8.0, ""range_end"": 13.0, ""entry_end"": 17.0, ""entry_mode"": 2, ""buf_k"": 0.1, ""buf_atr"": 0.1, ""tp_r"": 1.0}",T3_ldn8-13,W,1.0,1.0,0.1,0.1
1652.0,-0.0669,0.487,0.837,-3.22,208.1,121.9,1,814,-0.0609,-2.03,838,-0.0727,-2.53,0.08,"{""range_start"": 8.0, ""range_end"": 13.0, ""entry_end"": 17.0, ""entry_mode"": 2, ""buf_k"": 0.2, ""tp_r"": 1.0}",T3_ldn8-13,W,1.0,1.0,0.2,0.0
1254.0,-0.1085,0.46,0.751,-4.61,158.0,137.0,0,618,-0.0949,-2.84,636,-0.1217,-3.67,0.083,"{""range_start"": 8.0, ""range_end"": 13.0, ""entry_end"": 17.0, ""entry_mode"": 2, ""buf_k"": 0.2, ""buf_atr"": 0.1, ""tp_r"": 1.0}",T3_ldn8-13,W,1.0,1.0,0.2,0.1
1496.0,-0.0823,0.475,0.806,-3.74,188.5,131.1,1,739,-0.0772,-2.43,757,-0.0873,-2.86,0.083,"{""range_start"": 8.0, ""range_end"": 13.0, ""entry_end"": 17.0, ""entry_mode"": 2, ""buf_k"": 0.3, ""tp_r"": 1.0}",T3_ldn8-13,W,1.0,1.0,0.3,0.0
1121.0,-0.1235,0.45,0.723,-4.94,141.2,138.4,0,542,-0.1339,-3.73,579,-0.1138,-3.27,0.086,"{""range_start"": 8.0, ""range_end"": 13.0, ""entry_end"": 17.0, ""entry_mode"": 2, ""buf_k"": 0.3, ""buf_atr"": 0.1, ""tp_r"": 1.0}",T3_ldn8-13,W,1.0,1.0,0.3,0.1
1212.0,-0.1024,0.462,0.767,-4.22,152.7,128.9,0,591,-0.0911,-2.63,621,-0.1132,-3.32,0.087,"{""range_start"": 8.0, ""range_end"": 13.0, ""entry_end"": 17.0, ""entry_mode"": 2, ""buf_k"": 0.5, ""tp_r"": 1.0}",T3_ldn8-13,W,1.0,1.0,0.5,0.0
865.0,-0.1328,0.434,0.709,-4.62,109.0,118.4,0,423,-0.1123,-2.74,442,-0.1524,-3.77,0.088,"{""range_start"": 8.0, ""range_end"": 13.0, ""entry_end"": 17.0, ""entry_mode"": 2, ""buf_k"": 0.5, ""buf_atr"": 0.1, ""tp_r"": 1.0}",T3_ldn8-13,W,1.0,1.0,0.5,0.1
1920.0,-0.0735,0.449,0.834,-3.44,241.9,150.5,1,913,-0.0922,-2.96,1007,-0.0565,-1.92,0.077,"{""range_start"": 8.0, ""range_end"": 13.0, ""entry_end"": 17.0, ""entry_mode"": 2, ""tp_r"": 1.5}",T3_ldn8-13,W,1.0,1.5,0.0,0.0
1595.0,-0.0736,0.446,0.83,-3.23,201.0,120.6,1,774,-0.0695,-2.13,821,-0.0775,-2.43,0.079,"{""range_start"": 8.0, ""range_end"": 13.0, ""entry_end"": 17.0, ""entry_mode"": 2, ""buf_atr"": 0.1, ""tp_r"": 1.5}",T3_ldn8-13,W,1.0,1.5,0.0,0.1
1866.0,-0.0708,0.448,0.839,-3.26,235.1,139.6,1,892,-0.0878,-2.77,974,-0.0551,-1.85,0.078,"{""range_start"": 8.0, ""range_end"": 13.0, ""entry_end"": 17.0, ""entry_mode"": 2, ""buf_k"": 0.05, ""tp_r"": 1.5}",T3_ldn8-13,W,1.0,1.5,0.05,0.0
1522.0,-0.0761,0.447,0.826,-3.24,191.8,119.1,1,743,-0.0696,-2.08,779,-0.0823,-2.5,0.079,"{""range_start"": 8.0, ""range_end"": 13.0, ""entry_end"": 17.0, ""entry_mode"": 2, ""buf_k"": 0.05, ""buf_atr"": 0.1, ""tp_r"": 1.5}",T3_ldn8-13,W,1.0,1.5,0.05,0.1
1806.0,-0.0549,0.457,0.873,-2.48,227.5,111.4,2,880,-0.0551,-1.71,926,-0.0546,-1.8,0.079,"{""range_start"": 8.0, ""range_end"": 13.0, ""entry_end"": 17.0, ""entry_mode"": 2, ""buf_k"": 0.1, ""tp_r"": 1.5}",T3_ldn8-13,W,1.0,1.5,0.1,0.0
1423.0,-0.0883,0.439,0.803,-3.61,179.3,126.2,1,696,-0.0777,-2.22,727,-0.0984,-2.88,0.081,"{""range_start"": 8.0, ""range_end"": 13.0, ""entry_end"": 17.0, ""entry_mode"": 2, ""buf_k"": 0.1, ""buf_atr"": 0.1, ""tp_r"": 1.5}",T3_ldn8-13,W,1.0,1.5,0.1,0.1
1652.0,-0.0548,0.458,0.873,-2.37,208.1,102.4,2,814,-0.0281,-0.83,838,-0.0807,-2.54,0.08,"{""range_start"": 8.0, ""range_end"": 13.0, ""entry_end"": 17.0, ""entry_mode"": 2, ""buf_k"": 0.2, ""tp_r"": 1.5}",T3_ldn8-13,W,1.0,1.5,0.2,0.0
1254.0,-0.0886,0.441,0.803,-3.39,158.0,114.8,1,618,-0.0745,-2.01,636,-0.1023,-2.77,0.083,"{""range_start"": 8.0, ""range_end"": 13.0, ""entry_end"": 17.0, ""entry_mode"": 2, ""buf_k"": 0.2, ""buf_atr"": 0.1, ""tp_r"": 1.5}",T3_ldn8-13,W,1.0,1.5,0.2,0.1
1496.0,-0.0628,0.449,0.858,-2.56,188.5,100.8,1,739,-0.0518,-1.47,757,-0.0736,-2.16,0.083,"{""range_start"": 8.0, ""range_end"": 13.0, ""entry_end"": 17.0, ""entry_mode"": 2, ""buf_k"": 0.3, ""tp_r"": 1.5}",T3_ldn8-13,W,1.0,1.5,0.3,0.0
1121.0,-0.1122,0.428,0.757,-4.09,141.2,126.2,0,542,-0.1198,-3.06,579,-0.105,-2.73,0.086,"{""range_start"": 8.0, ""range_end"": 13.0, ""entry_end"": 17.0, ""entry_mode"": 2, ""buf_k"": 0.3, ""buf_atr"": 0.1, ""tp_r"": 1.5}",T3_ldn8-13,W,1.0,1.5,0.3,0.1
1212.0,-0.1007,0.436,0.783,-3.7,152.7,124.3,0,591,-0.0983,-2.5,621,-0.103,-2.73,0.087,"{""range_start"": 8.0, ""range_end"": 13.0, ""entry_end"": 17.0, ""entry_mode"": 2, ""buf_k"": 0.5, ""tp_r"": 1.5}",T3_ldn8-13,W,1.0,1.5,0.5,0.0
865.0,-0.1101,0.41,0.768,-3.42,109.0,103.5,1,423,-0.0965,-2.13,442,-0.1231,-2.69,0.088,"{""range_start"": 8.0, ""range_end"": 13.0, ""entry_end"": 17.0, ""entry_mode"": 2, ""buf_k"": 0.5, ""buf_atr"": 0.1, ""tp_r"": 1.5}",T3_ldn8-13,W,1.0,1.5,0.5,0.1
1920.0,-0.0809,0.438,0.82,-3.64,241.9,168.6,0,913,-0.0941,-2.89,1007,-0.0689,-2.26,0.077,"{""range_start"": 8.0, ""range_end"": 13.0, ""entry_end"": 17.0, ""entry_mode"": 2, ""tp_r"": 2.0}",T3_ldn8-13,W,1.0,2.0,0.0,0.0
1595.0,-0.0786,0.438,0.82,-3.32,201.0,131.1,1,774,-0.0698,-2.06,821,-0.0869,-2.63,0.079,"{""range_start"": 8.0, ""range_end"": 13.0, ""entry_end"": 17.0, ""entry_mode"": 2, ""buf_atr"": 0.1, ""tp_r"": 2.0}",T3_ldn8-13,W,1.0,2.0,0.0,0.1
1866.0,-0.0803,0.436,0.82,-3.56,235.1,154.9,1,892,-0.0932,-2.83,974,-0.0685,-2.22,0.078,"{""range_start"": 8.0, ""range_end"": 13.0, ""entry_end"": 17.0, ""entry_mode"": 2, ""buf_k"": 0.05, ""tp_r"": 2.0}",T3_ldn8-13,W,1.0,2.0,0.05,0.0
1522.0,-0.0848,0.44,0.808,-3.5,191.8,133.5,1,743,-0.074,-2.14,779,-0.0951,-2.8,0.079,"{""range_start"": 8.0, ""range_end"": 13.0, ""entry_end"": 17.0, ""entry_mode"": 2, ""buf_k"": 0.05, ""buf_atr"": 0.1, ""tp_r"": 2.0}",T3_ldn8-13,W,1.0,2.0,0.05,0.1
1806.0,-0.0658,0.445,0.851,-2.86,227.5,136.3,2,880,-0.0591,-1.75,926,-0.0722,-2.31,0.079,"{""range_start"": 8.0, ""range_end"": 13.0, ""entry_end"": 17.0, ""entry_mode"": 2, ""buf_k"": 0.1, ""tp_r"": 2.0}",T3_ldn8-13,W,1.0,2.0,0.1,0.0
1423.0,-0.0859,0.433,0.81,-3.36,179.3,123.6,1,696,-0.0729,-1.98,727,-0.0983,-2.77,0.081,"{""range_start"": 8.0, ""range_end"": 13.0, ""entry_end"": 17.0, ""entry_mode"": 2, ""buf_k"": 0.1, ""buf_atr"": 0.1, ""tp_r"": 2.0}",T3_ldn8-13,W,1.0,2.0,0.1,0.1
1652.0,-0.0693,0.446,0.843,-2.89,208.1,138.4,2,814,-0.0484,-1.4,838,-0.0897,-2.7,0.08,"{""range_start"": 8.0, ""range_end"": 13.0, ""entry_end"": 17.0, ""entry_mode"": 2, ""buf_k"": 0.2, ""tp_r"": 2.0}",T3_ldn8-13,W,1.0,2.0,0.2,0.0
1254.0,-0.0805,0.434,0.823,-2.91,158.0,107.2,0,618,-0.0601,-1.52,636,-0.1003,-2.59,0.083,"{""range_start"": 8.0, ""range_end"": 13.0, ""entry_end"": 17.0, ""entry_mode"": 2, ""buf_k"": 0.2, ""buf_atr"": 0.1, ""tp_r"": 2.0}",T3_ldn8-13,W,1.0,2.0,0.2,0.1
1496.0,-0.0673,0.441,0.849,-2.64,188.5,112.8,1,739,-0.0468,-1.27,757,-0.0874,-2.48,0.083,"{""range_start"": 8.0, ""range_end"": 13.0, ""entry_end"": 17.0, ""entry_mode"": 2, ""buf_k"": 0.3, ""tp_r"": 2.0}",T3_ldn8-13,W,1.0,2.0,0.3,0.0
1121.0,-0.0958,0.42,0.794,-3.26,141.2,109.6,0,542,-0.0975,-2.3,579,-0.0942,-2.3,0.086,"{""range_start"": 8.0, ""range_end"": 13.0, ""entry_end"": 17.0, ""entry_mode"": 2, ""buf_k"": 0.3, ""buf_atr"": 0.1, ""tp_r"": 2.0}",T3_ldn8-13,W,1.0,2.0,0.3,0.1
1212.0,-0.0883,0.429,0.812,-3.05,152.7,111.2,0,591,-0.079,-1.88,621,-0.0971,-2.43,0.087,"{""range_start"": 8.0, ""range_end"": 13.0, ""entry_end"": 17.0, ""entry_mode"": 2, ""buf_k"": 0.5, ""tp_r"": 2.0}",T3_ldn8-13,W,1.0,2.0,0.5,0.0
865.0,-0.0992,0.403,0.793,-2.91,109.0,98.7,2,423,-0.0929,-1.95,442,-0.1053,-2.15,0.088,"{""range_start"": 8.0, ""range_end"": 13.0, ""entry_end"": 17.0, ""entry_mode"": 2, ""buf_k"": 0.5, ""buf_atr"": 0.1, ""tp_r"": 2.0}",T3_ldn8-13,W,1.0,2.0,0.5,0.1
1748.0,-0.308,0.502,0.427,-16.76,220.2,540.1,0,821,-0.3009,-11.21,927,-0.3143,-12.46,0.298,"{""entry_mode"": 2, ""sl_ref"": 1, ""sl_k"": 0.1, ""tp_r"": 0.5}",T0_asia0-7,ATR,0.1,0.5,0.0,0.0
1567.0,-0.2731,0.525,0.467,-14.09,197.4,431.3,0,740,-0.2879,-10.19,827,-0.2599,-9.75,0.299,"{""entry_mode"": 2, ""buf_k"": 0.1, ""sl_ref"": 1, ""sl_k"": 0.1, ""tp_r"": 0.5}",T0_asia0-7,ATR,0.1,0.5,0.1,0.0
1146.0,-0.2337,0.551,0.518,-10.36,144.5,273.8,0,556,-0.2395,-7.39,590,-0.2282,-7.26,0.304,"{""entry_mode"": 2, ""buf_k"": 0.3, ""sl_ref"": 1, ""sl_k"": 0.1, ""tp_r"": 0.5}",T0_asia0-7,ATR,0.1,0.5,0.3,0.0
1748.0,-0.3151,0.375,0.532,-13.37,220.2,555.5,0,821,-0.3295,-9.61,927,-0.3022,-9.31,0.298,"{""entry_mode"": 2, ""sl_ref"": 1, ""sl_k"": 0.1, ""tp_r"": 1.0}",T0_asia0-7,ATR,0.1,1.0,0.0,0.0
1567.0,-0.2752,0.394,0.578,-10.95,197.4,434.2,0,740,-0.302,-8.31,827,-0.2512,-7.22,0.299,"{""entry_mode"": 2, ""buf_k"": 0.1, ""sl_ref"": 1, ""sl_k"": 0.1, ""tp_r"": 1.0}",T0_asia0-7,ATR,0.1,1.0,0.1,0.0
1146.0,-0.2495,0.408,0.61,-8.44,144.5,293.3,0,556,-0.2585,-6.1,590,-0.241,-5.84,0.304,"{""entry_mode"": 2, ""buf_k"": 0.3, ""sl_ref"": 1, ""sl_k"": 0.1, ""tp_r"": 1.0}",T0_asia0-7,ATR,0.1,1.0,0.3,0.0
1748.0,-0.3243,0.249,0.599,-10.34,220.2,581.6,0,821,-0.3354,-7.35,927,-0.3144,-7.28,0.298,"{""entry_mode"": 2, ""sl_ref"": 1, ""sl_k"": 0.1, ""tp_r"": 2.0}",T0_asia0-7,ATR,0.1,2.0,0.0,0.0
1567.0,-0.269,0.268,0.659,-7.94,197.4,435.4,1,740,-0.3214,-6.65,827,-0.2222,-4.69,0.299,"{""entry_mode"": 2, ""buf_k"": 0.1, ""sl_ref"": 1, ""sl_k"": 0.1, ""tp_r"": 2.0}",T0_asia0-7,ATR,0.1,2.0,0.1,0.0
1146.0,-0.2694,0.267,0.659,-6.79,144.5,311.1,0,556,-0.2769,-4.87,590,-0.2624,-4.74,0.304,"{""entry_mode"": 2, ""buf_k"": 0.3, ""sl_ref"": 1, ""sl_k"": 0.1, ""tp_r"": 2.0}",T0_asia0-7,ATR,0.1,2.0,0.3,0.0
1748.0,-0.1489,0.586,0.653,-8.32,220.2,268.1,0,821,-0.1604,-6.12,927,-0.1387,-5.67,0.149,"{""entry_mode"": 2, ""sl_ref"": 1, ""sl_k"": 0.2, ""tp_r"": 0.5}",T0_asia0-7,ATR,0.2,0.5,0.0,0.0
1567.0,-0.1276,0.599,0.692,-6.79,197.4,206.9,1,740,-0.1231,-4.5,827,-0.1316,-5.09,0.15,"{""entry_mode"": 2, ""buf_k"": 0.1, ""sl_ref"": 1, ""sl_k"": 0.2, ""tp_r"": 0.5}",T0_asia0-7,ATR,0.2,0.5,0.1,0.0
1146.0,-0.1142,0.609,0.718,-5.22,144.5,132.5,0,556,-0.0994,-3.18,590,-0.1281,-4.19,0.152,"{""entry_mode"": 2, ""buf_k"": 0.3, ""sl_ref"": 1, ""sl_k"": 0.2, ""tp_r"": 0.5}",T0_asia0-7,ATR,0.2,0.5,0.3,0.0
1748.0,-0.1558,0.437,0.731,-6.53,220.2,292.1,1,821,-0.167,-4.79,927,-0.146,-4.45,0.149,"{""entry_mode"": 2, ""sl_ref"": 1, ""sl_k"": 0.2, ""tp_r"": 1.0}",T0_asia0-7,ATR,0.2,1.0,0.0,0.0
1567.0,-0.1402,0.445,0.754,-5.57,197.4,242.9,1,740,-0.1575,-4.3,827,-0.1247,-3.6,0.15,"{""entry_mode"": 2, ""buf_k"": 0.1, ""sl_ref"": 1, ""sl_k"": 0.2, ""tp_r"": 1.0}",T0_asia0-7,ATR,0.2,1.0,0.1,0.0
1146.0,-0.1214,0.455,0.784,-4.11,144.5,139.1,0,556,-0.0663,-1.56,590,-0.1733,-4.24,0.152,"{""entry_mode"": 2, ""buf_k"": 0.3, ""sl_ref"": 1, ""sl_k"": 0.2, ""tp_r"": 1.0}",T0_asia0-7,ATR,0.2,1.0,0.3,0.0
1748.0,-0.113,0.324,0.835,-3.52,220.2,228.0,1,821,-0.1547,-3.36,927,-0.0761,-1.71,0.149,"{""entry_mode"": 2, ""sl_ref"": 1, ""sl_k"": 0.2, ""tp_r"": 2.0}",T0_asia0-7,ATR,0.2,2.0,0.0,0.0
1567.0,-0.1175,0.327,0.828,-3.48,197.4,215.5,1,740,-0.1776,-3.71,827,-0.0638,-1.34,0.15,"{""entry_mode"": 2, ""buf_k"": 0.1, ""sl_ref"": 1, ""sl_k"": 0.2, ""tp_r"": 2.0}",T0_asia0-7,ATR,0.2,2.0,0.1,0.0
1146.0,-0.1217,0.324,0.823,-3.09,144.5,144.1,1,556,-0.1173,-2.06,590,-0.1258,-2.3,0.152,"{""entry_mode"": 2, ""buf_k"": 0.3, ""sl_ref"": 1, ""sl_k"": 0.2, ""tp_r"": 2.0}",T0_asia0-7,ATR,0.2,2.0,0.3,0.0
1748.0,-0.1196,0.594,0.706,-6.8,220.2,215.8,1,821,-0.1039,-4.07,927,-0.1334,-5.5,0.099,"{""entry_mode"": 2, ""sl_ref"": 1, ""sl_k"": 0.3, ""tp_r"": 0.5}",T0_asia0-7,ATR,0.3,0.5,0.0,0.0
1567.0,-0.0863,0.617,0.776,-4.69,197.4,141.0,0,740,-0.0706,-2.65,827,-0.1004,-3.95,0.1,"{""entry_mode"": 2, ""buf_k"": 0.1, ""sl_ref"": 1, ""sl_k"": 0.3, ""tp_r"": 0.5}",T0_asia0-7,ATR,0.3,0.5,0.1,0.0
1146.0,-0.1022,0.61,0.741,-4.72,144.5,118.1,0,556,-0.0707,-2.29,590,-0.1319,-4.34,0.101,"{""entry_mode"": 2, ""buf_k"": 0.3, ""sl_ref"": 1, ""sl_k"": 0.3, ""tp_r"": 0.5}",T0_asia0-7,ATR,0.3,0.5,0.3,0.0
1748.0,-0.099,0.459,0.811,-4.28,220.2,184.4,1,821,-0.1197,-3.56,927,-0.0806,-2.53,0.099,"{""entry_mode"": 2, ""sl_ref"": 1, ""sl_k"": 0.3, ""tp_r"": 1.0}",T0_asia0-7,ATR,0.3,1.0,0.0,0.0
1567.0,-0.0869,0.468,0.831,-3.57,197.4,152.5,1,740,-0.0902,-2.54,827,-0.0841,-2.5,0.1,"{""entry_mode"": 2, ""buf_k"": 0.1, ""sl_ref"": 1, ""sl_k"": 0.3, ""tp_r"": 1.0}",T0_asia0-7,ATR,0.3,1.0,0.1,0.0
1146.0,-0.129,0.448,0.759,-4.55,144.5,147.8,0,556,-0.1024,-2.5,590,-0.154,-3.92,0.101,"{""entry_mode"": 2, ""buf_k"": 0.3, ""sl_ref"": 1, ""sl_k"": 0.3, ""tp_r"": 1.0}",T0_asia0-7,ATR,0.3,1.0,0.3,0.0
1748.0,-0.09,0.374,0.847,-3.13,220.2,185.8,1,821,-0.1182,-2.85,927,-0.065,-1.63,0.099,"{""entry_mode"": 2, ""sl_ref"": 1, ""sl_k"": 0.3, ""tp_r"": 2.0}",T0_asia0-7,ATR,0.3,2.0,0.0,0.0
1567.0,-0.0858,0.387,0.853,-2.83,197.4,166.2,1,740,-0.1113,-2.54,827,-0.0631,-1.5,0.1,"{""entry_mode"": 2, ""buf_k"": 0.1, ""sl_ref"": 1, ""sl_k"": 0.3, ""tp_r"": 2.0}",T0_asia0-7,ATR,0.3,2.0,0.1,0.0
1146.0,-0.1287,0.369,0.786,-3.69,144.5,154.5,1,556,-0.1413,-2.81,590,-0.1168,-2.41,0.101,"{""entry_mode"": 2, ""buf_k"": 0.3, ""sl_ref"": 1, ""sl_k"": 0.3, ""tp_r"": 2.0}",T0_asia0-7,ATR,0.3,2.0,0.3,0.0
1748.0,-0.0817,0.577,0.767,-5.03,220.2,152.5,0,821,-0.0734,-3.08,927,-0.0891,-4.0,0.06,"{""entry_mode"": 2, ""sl_ref"": 1, ""sl_k"": 0.5, ""tp_r"": 0.5}",T0_asia0-7,ATR,0.5,0.5,0.0,0.0
1567.0,-0.0858,0.572,0.757,-5.0,197.4,138.4,0,740,-0.0851,-3.4,827,-0.0864,-3.66,0.06,"{""entry_mode"": 2, ""buf_k"": 0.1, ""sl_ref"": 1, ""sl_k"": 0.5, ""tp_r"": 0.5}",T0_asia0-7,ATR,0.5,0.5,0.1,0.0
1146.0,-0.0792,0.584,0.774,-3.95,144.5,90.8,1,556,-0.0608,-2.11,590,-0.0966,-3.45,0.061,"{""entry_mode"": 2, ""buf_k"": 0.3, ""sl_ref"": 1, ""sl_k"": 0.5, ""tp_r"": 0.5}",T0_asia0-7,ATR,0.5,0.5,0.3,0.0
1748.0,-0.0808,0.469,0.804,-4.1,220.2,153.4,1,821,-0.0918,-3.16,927,-0.071,-2.64,0.06,"{""entry_mode"": 2, ""sl_ref"": 1, ""sl_k"": 0.5, ""tp_r"": 1.0}",T0_asia0-7,ATR,0.5,1.0,0.0,0.0
1567.0,-0.0727,0.478,0.823,-3.47,197.4,130.0,1,740,-0.0983,-3.23,827,-0.0498,-1.73,0.06,"{""entry_mode"": 2, ""buf_k"": 0.1, ""sl_ref"": 1, ""sl_k"": 0.5, ""tp_r"": 1.0}",T0_asia0-7,ATR,0.5,1.0,0.1,0.0
1146.0,-0.0717,0.469,0.825,-2.93,144.5,83.9,1,556,-0.0583,-1.66,590,-0.0843,-2.47,0.061,"{""entry_mode"": 2, ""buf_k"": 0.3, ""sl_ref"": 1, ""sl_k"": 0.5, ""tp_r"": 1.0}",T0_asia0-7,ATR,0.5,1.0,0.3,0.0
1748.0,-0.0952,0.438,0.78,-4.37,220.2,176.0,0,821,-0.0893,-2.75,927,-0.1003,-3.42,0.06,"{""entry_mode"": 2, ""sl_ref"": 1, ""sl_k"": 0.5, ""tp_r"": 2.0}",T0_asia0-7,ATR,0.5,2.0,0.0,0.0
1567.0,-0.0835,0.447,0.806,-3.59,197.4,147.4,0,740,-0.094,-2.74,827,-0.0741,-2.33,0.06,"{""entry_mode"": 2, ""buf_k"": 0.1, ""sl_ref"": 1, ""sl_k"": 0.5, ""tp_r"": 2.0}",T0_asia0-7,ATR,0.5,2.0,0.1,0.0
1146.0,-0.0881,0.439,0.794,-3.27,144.5,107.1,1,556,-0.052,-1.31,590,-0.1222,-3.34,0.061,"{""entry_mode"": 2, ""buf_k"": 0.3, ""sl_ref"": 1, ""sl_k"": 0.5, ""tp_r"": 2.0}",T0_asia0-7,ATR,0.5,2.0,0.3,0.0
