
### T0_asia0-7

| sl | sl_k | tp_r | buf_k | buf_atr | n | avg_R | t_stat | PF | win_rate | yrs_pos | L_avg | S_avg | maxDD_R | cost_R |
|---|---|---|---|---|---|---|---|---|---|---|---|---|---|---|
| W | 0.25 | 0 | 0 | 0 | 1748 | -0.3746 | -5.84 | 0.615 | 0.112 | 0 | -0.4218 | -0.3328 | 689.6 | 0.341 |
| W | 0.25 | 0 | 0 | 0.1 | 1194 | -0.4062 | -5.76 | 0.584 | 0.114 | 0 | -0.3769 | -0.4335 | 498.2 | 0.346 |
| W | 0.25 | 0 | 0.05 | 0 | 1665 | -0.3337 | -5.12 | 0.653 | 0.123 | 1 | -0.3529 | -0.3167 | 627.6 | 0.344 |
| W | 0.25 | 0 | 0.05 | 0.1 | 1086 | -0.4357 | -5.79 | 0.557 | 0.11 | 0 | -0.5132 | -0.3626 | 474.3 | 0.354 |
| W | 0.25 | 0 | 0.1 | 0 | 1567 | -0.3454 | -5.09 | 0.643 | 0.119 | 1 | -0.4249 | -0.2743 | 585.9 | 0.348 |
| W | 0.25 | 0 | 0.1 | 0.1 | 993 | -0.3349 | -4.04 | 0.653 | 0.125 | 1 | -0.4714 | -0.204 | 332.6 | 0.357 |
| W | 0.25 | 0 | 0.2 | 0 | 1337 | -0.456 | -7.28 | 0.538 | 0.105 | 0 | -0.4913 | -0.424 | 633.9 | 0.362 |
| W | 0.25 | 0 | 0.2 | 0.1 | 800 | -0.2687 | -2.75 | 0.719 | 0.129 | 2 | -0.3383 | -0.2018 | 222.4 | 0.364 |
| W | 0.25 | 0 | 0.3 | 0 | 1146 | -0.4453 | -6.61 | 0.547 | 0.11 | 0 | -0.4373 | -0.4529 | 546.5 | 0.377 |
| W | 0.25 | 0 | 0.3 | 0.1 | 650 | -0.2196 | -1.9 | 0.774 | 0.12 | 3 | -0.2054 | -0.2336 | 171.4 | 0.372 |
| W | 0.25 | 0 | 0.5 | 0 | 805 | -0.494 | -6.36 | 0.502 | 0.104 | 2 | -0.5329 | -0.4565 | 415.9 | 0.394 |
| W | 0.25 | 0 | 0.5 | 0.1 | 429 | -0.5609 | -5.75 | 0.44 | 0.098 | 0 | -0.548 | -0.5733 | 240.7 | 0.388 |
| W | 0.25 | 0.5 | 0 | 0 | 1748 | -0.3624 | -19.54 | 0.371 | 0.477 | 0 | -0.3585 | -0.3659 | 633.5 | 0.341 |
| W | 0.25 | 0.5 | 0 | 0.1 | 1194 | -0.3097 | -13.77 | 0.425 | 0.512 | 0 | -0.2944 | -0.324 | 373.2 | 0.346 |
| W | 0.25 | 0.5 | 0.05 | 0 | 1665 | -0.3439 | -18.07 | 0.389 | 0.489 | 0 | -0.355 | -0.334 | 576.5 | 0.344 |
| W | 0.25 | 0.5 | 0.05 | 0.1 | 1086 | -0.3293 | -13.95 | 0.404 | 0.5 | 0 | -0.3413 | -0.318 | 358.1 | 0.354 |
| W | 0.25 | 0.5 | 0.1 | 0 | 1567 | -0.3354 | -17.07 | 0.398 | 0.495 | 0 | -0.3435 | -0.3281 | 531.7 | 0.348 |
| W | 0.25 | 0.5 | 0.1 | 0.1 | 993 | -0.3178 | -12.84 | 0.417 | 0.509 | 0 | -0.3124 | -0.323 | 316 | 0.357 |
| W | 0.25 | 0.5 | 0.2 | 0 | 1337 | -0.3435 | -16.13 | 0.39 | 0.491 | 0 | -0.345 | -0.3421 | 462.3 | 0.362 |
| W | 0.25 | 0.5 | 0.2 | 0.1 | 800 | -0.2821 | -10.21 | 0.458 | 0.532 | 0 | -0.2944 | -0.2702 | 225.7 | 0.364 |
| W | 0.25 | 0.5 | 0.3 | 0 | 1146 | -0.3095 | -13.48 | 0.425 | 0.515 | 0 | -0.3479 | -0.2732 | 361.8 | 0.377 |
| W | 0.25 | 0.5 | 0.3 | 0.1 | 650 | -0.3027 | -9.89 | 0.434 | 0.52 | 0 | -0.3025 | -0.303 | 196.8 | 0.372 |
| W | 0.25 | 0.5 | 0.5 | 0 | 805 | -0.3383 | -12.28 | 0.395 | 0.499 | 0 | -0.3721 | -0.3058 | 272.4 | 0.394 |
| W | 0.25 | 0.5 | 0.5 | 0.1 | 429 | -0.3339 | -8.89 | 0.398 | 0.501 | 0 | -0.3665 | -0.3027 | 143.3 | 0.388 |
| W | 0.25 | 1 | 0 | 0 | 1748 | -0.376 | -16.01 | 0.471 | 0.354 | 0 | -0.3864 | -0.3668 | 657.3 | 0.341 |
| W | 0.25 | 1 | 0 | 0.1 | 1194 | -0.313 | -10.81 | 0.538 | 0.385 | 0 | -0.2834 | -0.3407 | 377.7 | 0.346 |
| W | 0.25 | 1 | 0.05 | 0 | 1665 | -0.3445 | -14.21 | 0.504 | 0.369 | 0 | -0.3734 | -0.3188 | 581.9 | 0.344 |
| W | 0.25 | 1 | 0.05 | 0.1 | 1086 | -0.3276 | -10.84 | 0.522 | 0.378 | 0 | -0.3086 | -0.3455 | 361 | 0.354 |
| W | 0.25 | 1 | 0.1 | 0 | 1567 | -0.3243 | -12.89 | 0.526 | 0.379 | 0 | -0.3322 | -0.3173 | 516.3 | 0.348 |
| W | 0.25 | 1 | 0.1 | 0.1 | 993 | -0.2957 | -9.27 | 0.558 | 0.395 | 0 | -0.271 | -0.3194 | 296 | 0.357 |
| W | 0.25 | 1 | 0.2 | 0 | 1337 | -0.353 | -13.02 | 0.496 | 0.366 | 0 | -0.3478 | -0.3577 | 480.2 | 0.362 |
| W | 0.25 | 1 | 0.2 | 0.1 | 800 | -0.2807 | -7.86 | 0.576 | 0.402 | 1 | -0.2502 | -0.31 | 224.5 | 0.364 |
| W | 0.25 | 1 | 0.3 | 0 | 1146 | -0.3208 | -10.89 | 0.53 | 0.383 | 0 | -0.3304 | -0.3118 | 380.6 | 0.377 |
| W | 0.25 | 1 | 0.3 | 0.1 | 650 | -0.2844 | -7.18 | 0.572 | 0.402 | 1 | -0.2889 | -0.2801 | 196 | 0.372 |
| W | 0.25 | 1 | 0.5 | 0 | 805 | -0.3648 | -10.46 | 0.484 | 0.364 | 0 | -0.3448 | -0.3841 | 293.7 | 0.394 |
| W | 0.25 | 1 | 0.5 | 0.1 | 429 | -0.2687 | -5.51 | 0.589 | 0.41 | 1 | -0.2616 | -0.2754 | 115.8 | 0.388 |
| W | 0.25 | 1.5 | 0 | 0 | 1748 | -0.3794 | -13.81 | 0.519 | 0.283 | 0 | -0.3806 | -0.3782 | 670 | 0.341 |
| W | 0.25 | 1.5 | 0 | 0.1 | 1194 | -0.3196 | -9.37 | 0.582 | 0.307 | 0 | -0.2767 | -0.3597 | 385.5 | 0.346 |
| W | 0.25 | 1.5 | 0.05 | 0 | 1665 | -0.3329 | -11.6 | 0.567 | 0.302 | 1 | -0.356 | -0.3123 | 571.7 | 0.344 |
| W | 0.25 | 1.5 | 0.05 | 0.1 | 1086 | -0.3326 | -9.35 | 0.568 | 0.303 | 0 | -0.2919 | -0.371 | 364.2 | 0.354 |
| W | 0.25 | 1.5 | 0.1 | 0 | 1567 | -0.3521 | -11.96 | 0.548 | 0.295 | 0 | -0.3776 | -0.3293 | 556.5 | 0.348 |
| W | 0.25 | 1.5 | 0.1 | 0.1 | 993 | -0.3142 | -8.39 | 0.588 | 0.31 | 0 | -0.2712 | -0.3554 | 313.4 | 0.357 |
| W | 0.25 | 1.5 | 0.2 | 0 | 1337 | -0.3696 | -11.69 | 0.53 | 0.288 | 0 | -0.3703 | -0.3689 | 500.9 | 0.362 |
| W | 0.25 | 1.5 | 0.2 | 0.1 | 800 | -0.2705 | -6.37 | 0.637 | 0.328 | 0 | -0.1985 | -0.3398 | 216.4 | 0.364 |
| W | 0.25 | 1.5 | 0.3 | 0 | 1146 | -0.3278 | -9.43 | 0.574 | 0.305 | 0 | -0.3302 | -0.3255 | 387 | 0.377 |
| W | 0.25 | 1.5 | 0.3 | 0.1 | 650 | -0.3063 | -6.58 | 0.597 | 0.314 | 2 | -0.2783 | -0.3338 | 203.7 | 0.372 |
| W | 0.25 | 1.5 | 0.5 | 0 | 805 | -0.366 | -8.93 | 0.535 | 0.292 | 0 | -0.3055 | -0.4242 | 294.6 | 0.394 |
| W | 0.25 | 1.5 | 0.5 | 0.1 | 429 | -0.3316 | -5.86 | 0.569 | 0.305 | 0 | -0.2356 | -0.4236 | 142.6 | 0.388 |
| W | 0.25 | 2 | 0 | 0 | 1748 | -0.3851 | -12.47 | 0.542 | 0.235 | 0 | -0.3768 | -0.3924 | 684.5 | 0.341 |
| W | 0.25 | 2 | 0 | 0.1 | 1194 | -0.3502 | -9.17 | 0.578 | 0.248 | 0 | -0.3318 | -0.3674 | 420.9 | 0.346 |
| W | 0.25 | 2 | 0.05 | 0 | 1665 | -0.325 | -10 | 0.603 | 0.255 | 1 | -0.3446 | -0.3075 | 562.1 | 0.344 |
| W | 0.25 | 2 | 0.05 | 0.1 | 1086 | -0.3314 | -8.22 | 0.597 | 0.255 | 0 | -0.33 | -0.3328 | 365 | 0.354 |
| W | 0.25 | 2 | 0.1 | 0 | 1567 | -0.3613 | -10.94 | 0.566 | 0.245 | 0 | -0.3914 | -0.3343 | 573.5 | 0.348 |
| W | 0.25 | 2 | 0.1 | 0.1 | 993 | -0.3191 | -7.56 | 0.61 | 0.259 | 0 | -0.287 | -0.3499 | 319.1 | 0.357 |
| W | 0.25 | 2 | 0.2 | 0 | 1337 | -0.4159 | -11.92 | 0.513 | 0.226 | 0 | -0.4483 | -0.3866 | 561.7 | 0.362 |
| W | 0.25 | 2 | 0.2 | 0.1 | 800 | -0.2713 | -5.63 | 0.662 | 0.274 | 0 | -0.1906 | -0.3489 | 217.7 | 0.364 |
| W | 0.25 | 2 | 0.3 | 0 | 1146 | -0.3645 | -9.44 | 0.564 | 0.243 | 0 | -0.3793 | -0.3506 | 422.2 | 0.377 |
| W | 0.25 | 2 | 0.3 | 0.1 | 650 | -0.2996 | -5.66 | 0.632 | 0.265 | 2 | -0.2675 | -0.3311 | 199.1 | 0.372 |
| W | 0.25 | 2 | 0.5 | 0 | 805 | -0.3409 | -7.29 | 0.589 | 0.252 | 0 | -0.2706 | -0.4087 | 274.5 | 0.394 |
| W | 0.25 | 2 | 0.5 | 0.1 | 429 | -0.3501 | -5.51 | 0.578 | 0.249 | 0 | -0.267 | -0.4298 | 150.3 | 0.388 |
| W | 0.5 | 0 | 0 | 0 | 1748 | -0.1863 | -4.03 | 0.762 | 0.237 | 1 | -0.2351 | -0.143 | 370.6 | 0.17 |
| W | 0.5 | 0 | 0 | 0.1 | 1194 | -0.1715 | -3.06 | 0.781 | 0.245 | 1 | -0.2279 | -0.1187 | 223.3 | 0.173 |
| W | 0.5 | 0 | 0.05 | 0 | 1665 | -0.2113 | -4.6 | 0.731 | 0.235 | 1 | -0.2473 | -0.1794 | 399.1 | 0.172 |
| W | 0.5 | 0 | 0.05 | 0.1 | 1086 | -0.1943 | -3.33 | 0.754 | 0.237 | 1 | -0.277 | -0.1164 | 236.9 | 0.177 |
| W | 0.5 | 0 | 0.1 | 0 | 1567 | -0.2078 | -4.33 | 0.737 | 0.237 | 0 | -0.2622 | -0.1591 | 360.1 | 0.174 |
| W | 0.5 | 0 | 0.1 | 0.1 | 993 | -0.1658 | -2.73 | 0.788 | 0.245 | 1 | -0.2276 | -0.1066 | 183.4 | 0.179 |
| W | 0.5 | 0 | 0.2 | 0 | 1337 | -0.2474 | -5 | 0.692 | 0.229 | 1 | -0.3057 | -0.1946 | 352.6 | 0.181 |
| W | 0.5 | 0 | 0.2 | 0.1 | 800 | -0.1792 | -2.72 | 0.77 | 0.244 | 1 | -0.163 | -0.1948 | 150.8 | 0.182 |
| W | 0.5 | 0 | 0.3 | 0 | 1146 | -0.2382 | -4.46 | 0.704 | 0.225 | 0 | -0.3103 | -0.1702 | 294 | 0.188 |
| W | 0.5 | 0 | 0.3 | 0.1 | 650 | -0.1984 | -2.67 | 0.752 | 0.231 | 1 | -0.1409 | -0.2549 | 129 | 0.186 |
| W | 0.5 | 0 | 0.5 | 0 | 805 | -0.1905 | -2.69 | 0.765 | 0.222 | 1 | -0.3355 | -0.0508 | 168.2 | 0.197 |
| W | 0.5 | 0 | 0.5 | 0.1 | 429 | -0.3338 | -3.97 | 0.602 | 0.2 | 1 | -0.3128 | -0.3539 | 152.8 | 0.194 |
| W | 0.5 | 0.5 | 0 | 0 | 1748 | -0.1941 | -10.73 | 0.578 | 0.562 | 0 | -0.2131 | -0.1773 | 343.6 | 0.17 |
| W | 0.5 | 0.5 | 0 | 0.1 | 1194 | -0.1445 | -6.66 | 0.661 | 0.595 | 0 | -0.1205 | -0.167 | 175.1 | 0.173 |
| W | 0.5 | 0.5 | 0.05 | 0 | 1665 | -0.1889 | -10.21 | 0.586 | 0.566 | 0 | -0.2206 | -0.1607 | 321 | 0.172 |
| W | 0.5 | 0.5 | 0.05 | 0.1 | 1086 | -0.1503 | -6.6 | 0.65 | 0.591 | 0 | -0.1264 | -0.1728 | 165.3 | 0.177 |
| W | 0.5 | 0.5 | 0.1 | 0 | 1567 | -0.1643 | -8.65 | 0.626 | 0.582 | 1 | -0.1601 | -0.168 | 265.2 | 0.174 |
| W | 0.5 | 0.5 | 0.1 | 0.1 | 993 | -0.1549 | -6.5 | 0.642 | 0.588 | 1 | -0.145 | -0.1644 | 154.5 | 0.179 |
| W | 0.5 | 0.5 | 0.2 | 0 | 1337 | -0.1591 | -7.75 | 0.635 | 0.586 | 0 | -0.1323 | -0.1835 | 217.4 | 0.181 |
| W | 0.5 | 0.5 | 0.2 | 0.1 | 800 | -0.1293 | -4.91 | 0.688 | 0.605 | 1 | -0.0891 | -0.168 | 105.2 | 0.182 |
| W | 0.5 | 0.5 | 0.3 | 0 | 1146 | -0.1583 | -7.13 | 0.636 | 0.587 | 0 | -0.1524 | -0.1639 | 187.4 | 0.188 |
| W | 0.5 | 0.5 | 0.3 | 0.1 | 650 | -0.1209 | -4.15 | 0.704 | 0.612 | 1 | -0.0793 | -0.1617 | 78.7 | 0.186 |
| W | 0.5 | 0.5 | 0.5 | 0 | 805 | -0.1641 | -6.18 | 0.626 | 0.585 | 0 | -0.1729 | -0.1556 | 132.1 | 0.197 |
| W | 0.5 | 0.5 | 0.5 | 0.1 | 429 | -0.1524 | -4.21 | 0.646 | 0.592 | 1 | -0.1265 | -0.1773 | 69.5 | 0.194 |
| W | 0.5 | 1 | 0 | 0 | 1748 | -0.193 | -8.12 | 0.678 | 0.423 | 0 | -0.2178 | -0.171 | 346.7 | 0.17 |
| W | 0.5 | 1 | 0 | 0.1 | 1194 | -0.1551 | -5.36 | 0.733 | 0.446 | 0 | -0.1192 | -0.1886 | 188.7 | 0.173 |
| W | 0.5 | 1 | 0.05 | 0 | 1665 | -0.1809 | -7.41 | 0.695 | 0.431 | 1 | -0.2086 | -0.1563 | 313.1 | 0.172 |
| W | 0.5 | 1 | 0.05 | 0.1 | 1086 | -0.1501 | -4.94 | 0.741 | 0.447 | 0 | -0.1219 | -0.1768 | 167.7 | 0.177 |
| W | 0.5 | 1 | 0.1 | 0 | 1567 | -0.1786 | -7.09 | 0.699 | 0.433 | 0 | -0.1931 | -0.1657 | 287.2 | 0.174 |
| W | 0.5 | 1 | 0.1 | 0.1 | 993 | -0.1651 | -5.2 | 0.719 | 0.438 | 1 | -0.1352 | -0.1937 | 165.7 | 0.179 |
| W | 0.5 | 1 | 0.2 | 0 | 1337 | -0.192 | -7.05 | 0.68 | 0.424 | 0 | -0.1798 | -0.2029 | 260.5 | 0.181 |
| W | 0.5 | 1 | 0.2 | 0.1 | 800 | -0.1578 | -4.46 | 0.729 | 0.441 | 1 | -0.1018 | -0.2115 | 126.2 | 0.182 |
| W | 0.5 | 1 | 0.3 | 0 | 1146 | -0.1836 | -6.22 | 0.693 | 0.431 | 0 | -0.2014 | -0.1668 | 210.7 | 0.188 |
| W | 0.5 | 1 | 0.3 | 0.1 | 650 | -0.1898 | -4.81 | 0.686 | 0.429 | 1 | -0.1302 | -0.2484 | 124.2 | 0.186 |
| W | 0.5 | 1 | 0.5 | 0 | 805 | -0.1938 | -5.49 | 0.68 | 0.426 | 0 | -0.1746 | -0.2123 | 156 | 0.197 |
| W | 0.5 | 1 | 0.5 | 0.1 | 429 | -0.23 | -4.79 | 0.631 | 0.408 | 1 | -0.159 | -0.2982 | 101.8 | 0.194 |
| W | 0.5 | 1.5 | 0 | 0 | 1748 | -0.1915 | -6.84 | 0.716 | 0.348 | 0 | -0.2065 | -0.1783 | 353.3 | 0.17 |
| W | 0.5 | 1.5 | 0 | 0.1 | 1194 | -0.1878 | -5.52 | 0.722 | 0.352 | 0 | -0.1731 | -0.2016 | 225.6 | 0.173 |
| W | 0.5 | 1.5 | 0.05 | 0 | 1665 | -0.1809 | -6.26 | 0.731 | 0.354 | 1 | -0.2051 | -0.1594 | 326.9 | 0.172 |
| W | 0.5 | 1.5 | 0.05 | 0.1 | 1086 | -0.1837 | -5.13 | 0.728 | 0.35 | 0 | -0.1698 | -0.1968 | 199.9 | 0.177 |
| W | 0.5 | 1.5 | 0.1 | 0 | 1567 | -0.1855 | -6.23 | 0.726 | 0.352 | 0 | -0.2123 | -0.1614 | 304.3 | 0.174 |
| W | 0.5 | 1.5 | 0.1 | 0.1 | 993 | -0.1899 | -5.07 | 0.721 | 0.344 | 0 | -0.1578 | -0.2207 | 189 | 0.179 |
| W | 0.5 | 1.5 | 0.2 | 0 | 1337 | -0.1991 | -6.19 | 0.709 | 0.343 | 0 | -0.2043 | -0.1944 | 270.8 | 0.181 |
| W | 0.5 | 1.5 | 0.2 | 0.1 | 800 | -0.1476 | -3.5 | 0.777 | 0.36 | 0 | -0.0658 | -0.2261 | 118.1 | 0.182 |
| W | 0.5 | 1.5 | 0.3 | 0 | 1146 | -0.1779 | -5.07 | 0.738 | 0.35 | 0 | -0.2036 | -0.1536 | 205.9 | 0.188 |
| W | 0.5 | 1.5 | 0.3 | 0.1 | 650 | -0.1766 | -3.77 | 0.74 | 0.355 | 0 | -0.0856 | -0.266 | 117.1 | 0.186 |
| W | 0.5 | 1.5 | 0.5 | 0 | 805 | -0.2046 | -4.91 | 0.704 | 0.342 | 0 | -0.1861 | -0.2225 | 164.7 | 0.197 |
| W | 0.5 | 1.5 | 0.5 | 0.1 | 429 | -0.278 | -4.94 | 0.617 | 0.312 | 1 | -0.1952 | -0.3574 | 122.1 | 0.194 |
| W | 0.5 | 2 | 0 | 0 | 1748 | -0.1924 | -6.13 | 0.733 | 0.301 | 0 | -0.233 | -0.1565 | 354.4 | 0.17 |
| W | 0.5 | 2 | 0 | 0.1 | 1194 | -0.1861 | -4.9 | 0.741 | 0.309 | 0 | -0.1742 | -0.1972 | 225 | 0.173 |
| W | 0.5 | 2 | 0.05 | 0 | 1665 | -0.1969 | -6.13 | 0.727 | 0.302 | 1 | -0.2556 | -0.1448 | 355.5 | 0.172 |
| W | 0.5 | 2 | 0.05 | 0.1 | 1086 | -0.1803 | -4.5 | 0.75 | 0.308 | 0 | -0.1782 | -0.1824 | 196.8 | 0.177 |
| W | 0.5 | 2 | 0.1 | 0 | 1567 | -0.2133 | -6.48 | 0.707 | 0.3 | 0 | -0.2736 | -0.1593 | 352 | 0.174 |
| W | 0.5 | 2 | 0.1 | 0.1 | 993 | -0.1599 | -3.76 | 0.777 | 0.307 | 0 | -0.1393 | -0.1797 | 159.7 | 0.179 |
| W | 0.5 | 2 | 0.2 | 0 | 1337 | -0.2171 | -6.07 | 0.704 | 0.294 | 0 | -0.2305 | -0.205 | 296.9 | 0.181 |
| W | 0.5 | 2 | 0.2 | 0.1 | 800 | -0.1491 | -3.15 | 0.79 | 0.311 | 0 | -0.0542 | -0.2403 | 119.3 | 0.182 |
| W | 0.5 | 2 | 0.3 | 0 | 1146 | -0.1998 | -5.1 | 0.728 | 0.295 | 1 | -0.2311 | -0.1704 | 233.6 | 0.188 |
| W | 0.5 | 2 | 0.3 | 0.1 | 650 | -0.2087 | -4.01 | 0.718 | 0.295 | 0 | -0.1063 | -0.3092 | 136.5 | 0.186 |
| W | 0.5 | 2 | 0.5 | 0 | 805 | -0.1946 | -4.13 | 0.736 | 0.294 | 0 | -0.1839 | -0.2049 | 156.7 | 0.197 |
| W | 0.5 | 2 | 0.5 | 0.1 | 429 | -0.2497 | -3.93 | 0.671 | 0.282 | 1 | -0.1663 | -0.3298 | 112 | 0.194 |
| W | 0.75 | 0 | 0 | 0 | 1748 | -0.1635 | -4.59 | 0.752 | 0.318 | 1 | -0.202 | -0.1295 | 318.6 | 0.114 |
| W | 0.75 | 0 | 0 | 0.1 | 1194 | -0.14 | -3.24 | 0.786 | 0.332 | 1 | -0.153 | -0.1279 | 170.6 | 0.115 |
| W | 0.75 | 0 | 0.05 | 0 | 1665 | -0.1392 | -3.78 | 0.787 | 0.329 | 1 | -0.2047 | -0.081 | 268.6 | 0.115 |
| W | 0.75 | 0 | 0.05 | 0.1 | 1086 | -0.1636 | -3.66 | 0.752 | 0.325 | 1 | -0.2014 | -0.128 | 179.6 | 0.118 |
| W | 0.75 | 0 | 0.1 | 0 | 1567 | -0.1293 | -3.35 | 0.802 | 0.333 | 2 | -0.2064 | -0.0603 | 233.3 | 0.116 |
| W | 0.75 | 0 | 0.1 | 0.1 | 993 | -0.1655 | -3.56 | 0.75 | 0.324 | 1 | -0.1953 | -0.1369 | 165.3 | 0.119 |
| W | 0.75 | 0 | 0.2 | 0 | 1337 | -0.1607 | -3.88 | 0.763 | 0.318 | 0 | -0.2396 | -0.0892 | 221.7 | 0.121 |
| W | 0.75 | 0 | 0.2 | 0.1 | 800 | -0.1515 | -2.91 | 0.771 | 0.325 | 0 | -0.1304 | -0.1718 | 124.3 | 0.121 |
| W | 0.75 | 0 | 0.3 | 0 | 1146 | -0.1787 | -4.03 | 0.739 | 0.303 | 0 | -0.2154 | -0.1442 | 217.2 | 0.126 |
| W | 0.75 | 0 | 0.3 | 0.1 | 650 | -0.1749 | -2.85 | 0.748 | 0.297 | 1 | -0.101 | -0.2475 | 113.7 | 0.124 |
| W | 0.75 | 0 | 0.5 | 0 | 805 | -0.1367 | -2.46 | 0.799 | 0.317 | 2 | -0.1965 | -0.079 | 114.8 | 0.131 |
| W | 0.75 | 0 | 0.5 | 0.1 | 429 | -0.2204 | -3.01 | 0.69 | 0.291 | 1 | -0.2064 | -0.2337 | 104.6 | 0.129 |
| W | 0.75 | 0.5 | 0 | 0 | 1748 | -0.1351 | -7.65 | 0.675 | 0.588 | 1 | -0.128 | -0.1415 | 244.2 | 0.114 |
| W | 0.75 | 0.5 | 0 | 0.1 | 1194 | -0.1051 | -4.97 | 0.734 | 0.61 | 0 | -0.0624 | -0.145 | 127 | 0.115 |
| W | 0.75 | 0.5 | 0.05 | 0 | 1665 | -0.124 | -6.86 | 0.697 | 0.597 | 0 | -0.1354 | -0.1139 | 210 | 0.115 |
| W | 0.75 | 0.5 | 0.05 | 0.1 | 1086 | -0.1256 | -5.6 | 0.694 | 0.597 | 0 | -0.0785 | -0.17 | 139.2 | 0.118 |
| W | 0.75 | 0.5 | 0.1 | 0 | 1567 | -0.1282 | -6.87 | 0.689 | 0.593 | 0 | -0.1351 | -0.1219 | 204.8 | 0.116 |
| W | 0.75 | 0.5 | 0.1 | 0.1 | 993 | -0.1474 | -6.25 | 0.653 | 0.581 | 0 | -0.1038 | -0.1891 | 147.6 | 0.119 |
| W | 0.75 | 0.5 | 0.2 | 0 | 1337 | -0.1232 | -6.1 | 0.699 | 0.598 | 0 | -0.124 | -0.1226 | 166.5 | 0.121 |
| W | 0.75 | 0.5 | 0.2 | 0.1 | 800 | -0.1003 | -3.85 | 0.746 | 0.615 | 1 | -0.0442 | -0.1541 | 80.2 | 0.121 |
| W | 0.75 | 0.5 | 0.3 | 0 | 1146 | -0.1345 | -6.15 | 0.678 | 0.591 | 0 | -0.1211 | -0.1472 | 156.8 | 0.126 |
| W | 0.75 | 0.5 | 0.3 | 0.1 | 650 | -0.1197 | -4.12 | 0.707 | 0.603 | 1 | -0.0704 | -0.168 | 77.8 | 0.124 |
| W | 0.75 | 0.5 | 0.5 | 0 | 805 | -0.1352 | -5.14 | 0.678 | 0.594 | 0 | -0.0884 | -0.1803 | 108.9 | 0.131 |
| W | 0.75 | 0.5 | 0.5 | 0.1 | 429 | -0.1535 | -4.27 | 0.643 | 0.578 | 0 | -0.094 | -0.2105 | 68.1 | 0.129 |
| W | 0.75 | 1 | 0 | 0 | 1748 | -0.1495 | -6.47 | 0.73 | 0.443 | 1 | -0.1456 | -0.1529 | 282.9 | 0.114 |
| W | 0.75 | 1 | 0 | 0.1 | 1194 | -0.1323 | -4.71 | 0.758 | 0.451 | 0 | -0.1035 | -0.1592 | 157.9 | 0.115 |
| W | 0.75 | 1 | 0.05 | 0 | 1665 | -0.1233 | -5.18 | 0.773 | 0.459 | 1 | -0.1478 | -0.1016 | 220.9 | 0.115 |
| W | 0.75 | 1 | 0.05 | 0.1 | 1086 | -0.1373 | -4.65 | 0.751 | 0.446 | 0 | -0.1055 | -0.1672 | 149.1 | 0.118 |
| W | 0.75 | 1 | 0.1 | 0 | 1567 | -0.1209 | -4.92 | 0.777 | 0.458 | 1 | -0.1486 | -0.0962 | 199.1 | 0.116 |
| W | 0.75 | 1 | 0.1 | 0.1 | 993 | -0.1495 | -4.84 | 0.732 | 0.438 | 0 | -0.1137 | -0.1838 | 148.4 | 0.119 |
| W | 0.75 | 1 | 0.2 | 0 | 1337 | -0.1416 | -5.31 | 0.745 | 0.446 | 0 | -0.167 | -0.1186 | 193.1 | 0.121 |
| W | 0.75 | 1 | 0.2 | 0.1 | 800 | -0.1134 | -3.27 | 0.79 | 0.458 | 1 | -0.036 | -0.1877 | 91.6 | 0.121 |
| W | 0.75 | 1 | 0.3 | 0 | 1146 | -0.1452 | -5.02 | 0.741 | 0.439 | 0 | -0.1455 | -0.145 | 166.5 | 0.126 |
| W | 0.75 | 1 | 0.3 | 0.1 | 650 | -0.1508 | -3.92 | 0.733 | 0.446 | 0 | -0.0802 | -0.2202 | 98.9 | 0.124 |
| W | 0.75 | 1 | 0.5 | 0 | 805 | -0.1417 | -4.09 | 0.747 | 0.447 | 0 | -0.0952 | -0.1865 | 114.1 | 0.131 |
| W | 0.75 | 1 | 0.5 | 0.1 | 429 | -0.2031 | -4.31 | 0.658 | 0.413 | 0 | -0.145 | -0.2589 | 90.2 | 0.129 |
| W | 0.75 | 1.5 | 0 | 0 | 1748 | -0.1287 | -4.8 | 0.785 | 0.387 | 1 | -0.1482 | -0.1114 | 251.3 | 0.114 |
| W | 0.75 | 1.5 | 0 | 0.1 | 1194 | -0.139 | -4.31 | 0.77 | 0.386 | 0 | -0.1113 | -0.1649 | 167.3 | 0.115 |
| W | 0.75 | 1.5 | 0.05 | 0 | 1665 | -0.1236 | -4.48 | 0.794 | 0.392 | 1 | -0.18 | -0.0736 | 229.4 | 0.115 |
| W | 0.75 | 1.5 | 0.05 | 0.1 | 1086 | -0.1427 | -4.22 | 0.764 | 0.384 | 0 | -0.1312 | -0.1535 | 155.4 | 0.118 |
| W | 0.75 | 1.5 | 0.1 | 0 | 1567 | -0.1117 | -3.91 | 0.813 | 0.397 | 1 | -0.1738 | -0.0562 | 198.9 | 0.116 |
| W | 0.75 | 1.5 | 0.1 | 0.1 | 993 | -0.1355 | -3.8 | 0.777 | 0.381 | 0 | -0.109 | -0.161 | 135 | 0.119 |
| W | 0.75 | 1.5 | 0.2 | 0 | 1337 | -0.1512 | -4.9 | 0.756 | 0.378 | 1 | -0.2001 | -0.1069 | 204.3 | 0.121 |
| W | 0.75 | 1.5 | 0.2 | 0.1 | 800 | -0.114 | -2.84 | 0.81 | 0.389 | 0 | -0.0474 | -0.178 | 92.6 | 0.121 |
| W | 0.75 | 1.5 | 0.3 | 0 | 1146 | -0.1566 | -4.7 | 0.749 | 0.366 | 1 | -0.158 | -0.1553 | 180.8 | 0.126 |
| W | 0.75 | 1.5 | 0.3 | 0.1 | 650 | -0.1878 | -4.25 | 0.707 | 0.358 | 0 | -0.1148 | -0.2594 | 122.9 | 0.124 |
| W | 0.75 | 1.5 | 0.5 | 0 | 805 | -0.1473 | -3.66 | 0.764 | 0.373 | 0 | -0.1201 | -0.1736 | 118.6 | 0.131 |
| W | 0.75 | 1.5 | 0.5 | 0.1 | 429 | -0.1765 | -3.2 | 0.727 | 0.364 | 0 | -0.1254 | -0.2254 | 82.2 | 0.129 |
| W | 0.75 | 2 | 0 | 0 | 1748 | -0.1251 | -4.26 | 0.799 | 0.359 | 1 | -0.1581 | -0.0959 | 255.9 | 0.114 |
| W | 0.75 | 2 | 0 | 0.1 | 1194 | -0.1141 | -3.2 | 0.817 | 0.368 | 1 | -0.1038 | -0.1237 | 139.7 | 0.115 |
| W | 0.75 | 2 | 0.05 | 0 | 1665 | -0.1095 | -3.61 | 0.823 | 0.368 | 1 | -0.1734 | -0.0528 | 222.6 | 0.115 |
| W | 0.75 | 2 | 0.05 | 0.1 | 1086 | -0.1315 | -3.54 | 0.791 | 0.36 | 0 | -0.1332 | -0.1298 | 143.7 | 0.118 |
| W | 0.75 | 2 | 0.1 | 0 | 1567 | -0.0971 | -3.09 | 0.842 | 0.373 | 1 | -0.1811 | -0.022 | 190.4 | 0.116 |
| W | 0.75 | 2 | 0.1 | 0.1 | 993 | -0.1347 | -3.46 | 0.787 | 0.354 | 0 | -0.127 | -0.142 | 134.7 | 0.119 |
| W | 0.75 | 2 | 0.2 | 0 | 1337 | -0.1218 | -3.57 | 0.809 | 0.359 | 2 | -0.1966 | -0.0542 | 174.9 | 0.121 |
| W | 0.75 | 2 | 0.2 | 0.1 | 800 | -0.1169 | -2.66 | 0.814 | 0.359 | 0 | -0.0431 | -0.1879 | 95 | 0.121 |
| W | 0.75 | 2 | 0.3 | 0 | 1146 | -0.1192 | -3.2 | 0.815 | 0.346 | 1 | -0.1388 | -0.1008 | 151.4 | 0.126 |
| W | 0.75 | 2 | 0.3 | 0.1 | 650 | -0.1793 | -3.69 | 0.73 | 0.328 | 1 | -0.0777 | -0.2791 | 119.9 | 0.124 |
| W | 0.75 | 2 | 0.5 | 0 | 805 | -0.1195 | -2.67 | 0.815 | 0.35 | 1 | -0.1007 | -0.1375 | 96.2 | 0.131 |
| W | 0.75 | 2 | 0.5 | 0.1 | 429 | -0.1876 | -3.11 | 0.724 | 0.329 | 0 | -0.1542 | -0.2196 | 92.3 | 0.129 |
| W | 1 | 0 | 0 | 0 | 1748 | -0.1203 | -3.93 | 0.787 | 0.372 | 1 | -0.1656 | -0.0802 | 230.3 | 0.085 |
| W | 1 | 0 | 0 | 0.1 | 1194 | -0.1271 | -3.51 | 0.777 | 0.381 | 1 | -0.126 | -0.1281 | 161.2 | 0.086 |
| W | 1 | 0 | 0.05 | 0 | 1665 | -0.1267 | -4.08 | 0.777 | 0.374 | 1 | -0.1691 | -0.089 | 239.7 | 0.086 |
| W | 1 | 0 | 0.05 | 0.1 | 1086 | -0.148 | -3.87 | 0.744 | 0.369 | 0 | -0.1522 | -0.144 | 163.5 | 0.088 |
| W | 1 | 0 | 0.1 | 0 | 1567 | -0.1099 | -3.38 | 0.805 | 0.384 | 1 | -0.1565 | -0.0681 | 193.8 | 0.087 |
| W | 1 | 0 | 0.1 | 0.1 | 993 | -0.1297 | -3.24 | 0.772 | 0.375 | 1 | -0.1338 | -0.1258 | 129.3 | 0.089 |
| W | 1 | 0 | 0.2 | 0 | 1337 | -0.1229 | -3.56 | 0.784 | 0.379 | 0 | -0.1784 | -0.0728 | 169 | 0.09 |
| W | 1 | 0 | 0.2 | 0.1 | 800 | -0.1215 | -2.73 | 0.786 | 0.376 | 2 | -0.0848 | -0.1567 | 101.4 | 0.091 |
| W | 1 | 0 | 0.3 | 0 | 1146 | -0.1352 | -3.63 | 0.766 | 0.368 | 0 | -0.1355 | -0.1349 | 164.7 | 0.094 |
| W | 1 | 0 | 0.3 | 0.1 | 650 | -0.1182 | -2.32 | 0.797 | 0.368 | 1 | -0.0788 | -0.1568 | 79.3 | 0.093 |
| W | 1 | 0 | 0.5 | 0 | 805 | -0.1278 | -2.76 | 0.785 | 0.368 | 2 | -0.1566 | -0.1001 | 107.9 | 0.099 |
| W | 1 | 0 | 0.5 | 0.1 | 429 | -0.1528 | -2.48 | 0.744 | 0.366 | 2 | -0.1263 | -0.1781 | 70.8 | 0.097 |
| W | 1 | 0.5 | 0 | 0 | 1748 | -0.1092 | -6.34 | 0.721 | 0.591 | 0 | -0.121 | -0.0988 | 198 | 0.085 |
| W | 1 | 0.5 | 0 | 0.1 | 1194 | -0.092 | -4.44 | 0.757 | 0.606 | 0 | -0.0478 | -0.1334 | 111.6 | 0.086 |
| W | 1 | 0.5 | 0.05 | 0 | 1665 | -0.1042 | -5.92 | 0.731 | 0.595 | 0 | -0.1138 | -0.0957 | 178.6 | 0.086 |
| W | 1 | 0.5 | 0.05 | 0.1 | 1086 | -0.1031 | -4.72 | 0.734 | 0.597 | 0 | -0.0592 | -0.1445 | 114.8 | 0.088 |
| W | 1 | 0.5 | 0.1 | 0 | 1567 | -0.1023 | -5.62 | 0.736 | 0.597 | 0 | -0.1013 | -0.1031 | 162.9 | 0.087 |
| W | 1 | 0.5 | 0.1 | 0.1 | 993 | -0.1014 | -4.45 | 0.736 | 0.596 | 0 | -0.0677 | -0.1337 | 102.2 | 0.089 |
| W | 1 | 0.5 | 0.2 | 0 | 1337 | -0.1095 | -5.55 | 0.721 | 0.59 | 0 | -0.0991 | -0.119 | 147.8 | 0.09 |
| W | 1 | 0.5 | 0.2 | 0.1 | 800 | -0.1125 | -4.4 | 0.715 | 0.592 | 0 | -0.0709 | -0.1525 | 90 | 0.091 |
| W | 1 | 0.5 | 0.3 | 0 | 1146 | -0.1167 | -5.44 | 0.707 | 0.59 | 0 | -0.0979 | -0.1343 | 133.7 | 0.094 |
| W | 1 | 0.5 | 0.3 | 0.1 | 650 | -0.1104 | -3.87 | 0.721 | 0.595 | 1 | -0.0661 | -0.1539 | 72.7 | 0.093 |
| W | 1 | 0.5 | 0.5 | 0 | 805 | -0.1164 | -4.52 | 0.71 | 0.595 | 0 | -0.0742 | -0.157 | 93.7 | 0.099 |
| W | 1 | 0.5 | 0.5 | 0.1 | 429 | -0.104 | -2.96 | 0.736 | 0.601 | 1 | -0.0621 | -0.1442 | 45.4 | 0.097 |
| W | 1 | 1 | 0 | 0 | 1748 | -0.1087 | -4.92 | 0.781 | 0.459 | 1 | -0.1384 | -0.0824 | 205.9 | 0.085 |
| W | 1 | 1 | 0 | 0.1 | 1194 | -0.1185 | -4.45 | 0.764 | 0.46 | 0 | -0.0908 | -0.1443 | 141.8 | 0.086 |
| W | 1 | 1 | 0.05 | 0 | 1665 | -0.1097 | -4.84 | 0.78 | 0.462 | 1 | -0.1458 | -0.0777 | 201.6 | 0.086 |
| W | 1 | 1 | 0.05 | 0.1 | 1086 | -0.1294 | -4.62 | 0.747 | 0.448 | 0 | -0.1054 | -0.1521 | 140.5 | 0.088 |
| W | 1 | 1 | 0.1 | 0 | 1567 | -0.1122 | -4.82 | 0.775 | 0.462 | 1 | -0.1418 | -0.0856 | 186.5 | 0.087 |
| W | 1 | 1 | 0.1 | 0.1 | 993 | -0.1066 | -3.6 | 0.788 | 0.454 | 0 | -0.0842 | -0.1281 | 105.9 | 0.089 |
| W | 1 | 1 | 0.2 | 0 | 1337 | -0.1207 | -4.79 | 0.76 | 0.453 | 0 | -0.1384 | -0.1047 | 164.3 | 0.09 |
| W | 1 | 1 | 0.2 | 0.1 | 800 | -0.1003 | -3.04 | 0.8 | 0.462 | 1 | -0.0408 | -0.1575 | 81.3 | 0.091 |
| W | 1 | 1 | 0.3 | 0 | 1146 | -0.1222 | -4.45 | 0.761 | 0.449 | 0 | -0.1079 | -0.1357 | 140 | 0.094 |
| W | 1 | 1 | 0.3 | 0.1 | 650 | -0.1123 | -3.04 | 0.781 | 0.46 | 2 | -0.064 | -0.1598 | 74.9 | 0.093 |
| W | 1 | 1 | 0.5 | 0 | 805 | -0.1198 | -3.57 | 0.772 | 0.456 | 1 | -0.0903 | -0.1483 | 96.4 | 0.099 |
| W | 1 | 1 | 0.5 | 0.1 | 429 | -0.0726 | -1.58 | 0.854 | 0.48 | 2 | -0.0314 | -0.1122 | 37.1 | 0.097 |
| W | 1 | 1.5 | 0 | 0 | 1748 | -0.0998 | -4.01 | 0.811 | 0.418 | 1 | -0.1413 | -0.063 | 202.4 | 0.085 |
| W | 1 | 1.5 | 0 | 0.1 | 1194 | -0.104 | -3.44 | 0.806 | 0.42 | 0 | -0.0823 | -0.1244 | 132.3 | 0.086 |
| W | 1 | 1.5 | 0.05 | 0 | 1665 | -0.1019 | -3.98 | 0.808 | 0.419 | 1 | -0.1491 | -0.0599 | 206.1 | 0.086 |
| W | 1 | 1.5 | 0.05 | 0.1 | 1086 | -0.1314 | -4.18 | 0.76 | 0.405 | 0 | -0.1099 | -0.1516 | 143.5 | 0.088 |
| W | 1 | 1.5 | 0.1 | 0 | 1567 | -0.0813 | -3.06 | 0.845 | 0.429 | 1 | -0.1407 | -0.0281 | 160 | 0.087 |
| W | 1 | 1.5 | 0.1 | 0.1 | 993 | -0.1085 | -3.27 | 0.799 | 0.41 | 0 | -0.0845 | -0.1315 | 109.3 | 0.089 |
| W | 1 | 1.5 | 0.2 | 0 | 1337 | -0.0912 | -3.16 | 0.829 | 0.42 | 0 | -0.1417 | -0.0455 | 133.5 | 0.09 |
| W | 1 | 1.5 | 0.2 | 0.1 | 800 | -0.0989 | -2.65 | 0.817 | 0.412 | 0 | -0.0312 | -0.1641 | 82 | 0.091 |
| W | 1 | 1.5 | 0.3 | 0 | 1146 | -0.0867 | -2.75 | 0.839 | 0.412 | 2 | -0.0781 | -0.0948 | 104.8 | 0.094 |
| W | 1 | 1.5 | 0.3 | 0.1 | 650 | -0.1084 | -2.58 | 0.804 | 0.402 | 1 | -0.0341 | -0.1814 | 75.8 | 0.093 |
| W | 1 | 1.5 | 0.5 | 0 | 805 | -0.1077 | -2.81 | 0.809 | 0.406 | 1 | -0.0746 | -0.1396 | 89.3 | 0.099 |
| W | 1 | 1.5 | 0.5 | 0.1 | 429 | -0.1082 | -2.08 | 0.806 | 0.413 | 1 | -0.0923 | -0.1234 | 52.9 | 0.097 |
| W | 1 | 2 | 0 | 0 | 1748 | -0.1201 | -4.52 | 0.782 | 0.388 | 1 | -0.1586 | -0.0859 | 230.1 | 0.085 |
| W | 1 | 2 | 0 | 0.1 | 1194 | -0.1138 | -3.52 | 0.794 | 0.4 | 0 | -0.1045 | -0.1225 | 144.9 | 0.086 |
| W | 1 | 2 | 0.05 | 0 | 1665 | -0.1179 | -4.3 | 0.787 | 0.391 | 1 | -0.1661 | -0.0751 | 224.6 | 0.086 |
| W | 1 | 2 | 0.05 | 0.1 | 1086 | -0.1285 | -3.81 | 0.77 | 0.392 | 0 | -0.1293 | -0.1276 | 140.8 | 0.088 |
| W | 1 | 2 | 0.1 | 0 | 1567 | -0.1009 | -3.55 | 0.816 | 0.401 | 1 | -0.1607 | -0.0474 | 183 | 0.087 |
| W | 1 | 2 | 0.1 | 0.1 | 993 | -0.1082 | -3.05 | 0.804 | 0.396 | 1 | -0.1038 | -0.1124 | 109.1 | 0.089 |
| W | 1 | 2 | 0.2 | 0 | 1337 | -0.0999 | -3.23 | 0.819 | 0.399 | 0 | -0.1671 | -0.0391 | 142.6 | 0.09 |
| W | 1 | 2 | 0.2 | 0.1 | 800 | -0.0885 | -2.21 | 0.839 | 0.4 | 1 | -0.0514 | -0.1241 | 78 | 0.091 |
| W | 1 | 2 | 0.3 | 0 | 1146 | -0.1008 | -2.99 | 0.819 | 0.391 | 1 | -0.1032 | -0.0987 | 121.9 | 0.094 |
| W | 1 | 2 | 0.3 | 0.1 | 650 | -0.1011 | -2.24 | 0.822 | 0.386 | 1 | -0.0544 | -0.1469 | 70.8 | 0.093 |
| W | 1 | 2 | 0.5 | 0 | 805 | -0.1029 | -2.49 | 0.822 | 0.389 | 2 | -0.1025 | -0.1034 | 87.6 | 0.099 |
| W | 1 | 2 | 0.5 | 0.1 | 429 | -0.1087 | -1.93 | 0.812 | 0.387 | 2 | -0.0803 | -0.1359 | 53.3 | 0.097 |
| ATR | 0.1 | 0.5 | 0 | 0 | 1748 | -0.308 | -16.76 | 0.427 | 0.502 | 0 | -0.3009 | -0.3143 | 540.1 | 0.298 |
| ATR | 0.1 | 0.5 | 0.1 | 0 | 1567 | -0.2731 | -14.09 | 0.467 | 0.525 | 0 | -0.2879 | -0.2599 | 431.3 | 0.299 |
| ATR | 0.1 | 0.5 | 0.3 | 0 | 1146 | -0.2337 | -10.36 | 0.518 | 0.551 | 0 | -0.2395 | -0.2282 | 273.8 | 0.304 |
| ATR | 0.1 | 1 | 0 | 0 | 1748 | -0.3151 | -13.37 | 0.532 | 0.375 | 0 | -0.3295 | -0.3022 | 555.5 | 0.298 |
| ATR | 0.1 | 1 | 0.1 | 0 | 1567 | -0.2752 | -10.95 | 0.578 | 0.394 | 0 | -0.302 | -0.2512 | 434.2 | 0.299 |
| ATR | 0.1 | 1 | 0.3 | 0 | 1146 | -0.2495 | -8.44 | 0.61 | 0.408 | 0 | -0.2585 | -0.241 | 293.3 | 0.304 |
| ATR | 0.1 | 2 | 0 | 0 | 1748 | -0.3243 | -10.34 | 0.599 | 0.249 | 0 | -0.3354 | -0.3144 | 581.6 | 0.298 |
| ATR | 0.1 | 2 | 0.1 | 0 | 1567 | -0.269 | -7.94 | 0.659 | 0.268 | 1 | -0.3214 | -0.2222 | 435.4 | 0.299 |
| ATR | 0.1 | 2 | 0.3 | 0 | 1146 | -0.2694 | -6.79 | 0.659 | 0.267 | 0 | -0.2769 | -0.2624 | 311.1 | 0.304 |
| ATR | 0.2 | 0.5 | 0 | 0 | 1748 | -0.1489 | -8.32 | 0.653 | 0.586 | 0 | -0.1604 | -0.1387 | 268.1 | 0.149 |
| ATR | 0.2 | 0.5 | 0.1 | 0 | 1567 | -0.1276 | -6.79 | 0.692 | 0.599 | 1 | -0.1231 | -0.1316 | 206.9 | 0.15 |
| ATR | 0.2 | 0.5 | 0.3 | 0 | 1146 | -0.1142 | -5.22 | 0.718 | 0.609 | 0 | -0.0994 | -0.1281 | 132.5 | 0.152 |
| ATR | 0.2 | 1 | 0 | 0 | 1748 | -0.1558 | -6.53 | 0.731 | 0.437 | 1 | -0.167 | -0.146 | 292.1 | 0.149 |
| ATR | 0.2 | 1 | 0.1 | 0 | 1567 | -0.1402 | -5.57 | 0.754 | 0.445 | 1 | -0.1575 | -0.1247 | 242.9 | 0.15 |
| ATR | 0.2 | 1 | 0.3 | 0 | 1146 | -0.1214 | -4.11 | 0.784 | 0.455 | 0 | -0.0663 | -0.1733 | 139.1 | 0.152 |
| ATR | 0.2 | 2 | 0 | 0 | 1748 | -0.113 | -3.52 | 0.835 | 0.324 | 1 | -0.1547 | -0.0761 | 228 | 0.149 |
| ATR | 0.2 | 2 | 0.1 | 0 | 1567 | -0.1175 | -3.48 | 0.828 | 0.327 | 1 | -0.1776 | -0.0638 | 215.5 | 0.15 |
| ATR | 0.2 | 2 | 0.3 | 0 | 1146 | -0.1217 | -3.09 | 0.823 | 0.324 | 1 | -0.1173 | -0.1258 | 144.1 | 0.152 |
| ATR | 0.3 | 0.5 | 0 | 0 | 1748 | -0.1196 | -6.8 | 0.706 | 0.594 | 1 | -0.1039 | -0.1334 | 215.8 | 0.099 |
| ATR | 0.3 | 0.5 | 0.1 | 0 | 1567 | -0.0863 | -4.69 | 0.776 | 0.617 | 0 | -0.0706 | -0.1004 | 141 | 0.1 |
| ATR | 0.3 | 0.5 | 0.3 | 0 | 1146 | -0.1022 | -4.72 | 0.741 | 0.61 | 0 | -0.0707 | -0.1319 | 118.1 | 0.101 |
| ATR | 0.3 | 1 | 0 | 0 | 1748 | -0.099 | -4.28 | 0.811 | 0.459 | 1 | -0.1197 | -0.0806 | 184.4 | 0.099 |
| ATR | 0.3 | 1 | 0.1 | 0 | 1567 | -0.0869 | -3.57 | 0.831 | 0.468 | 1 | -0.0902 | -0.0841 | 152.5 | 0.1 |
| ATR | 0.3 | 1 | 0.3 | 0 | 1146 | -0.129 | -4.55 | 0.759 | 0.448 | 0 | -0.1024 | -0.154 | 147.8 | 0.101 |
| ATR | 0.3 | 2 | 0 | 0 | 1748 | -0.09 | -3.13 | 0.847 | 0.374 | 1 | -0.1182 | -0.065 | 185.8 | 0.099 |
| ATR | 0.3 | 2 | 0.1 | 0 | 1567 | -0.0858 | -2.83 | 0.853 | 0.387 | 1 | -0.1113 | -0.0631 | 166.2 | 0.1 |
| ATR | 0.3 | 2 | 0.3 | 0 | 1146 | -0.1287 | -3.69 | 0.786 | 0.369 | 1 | -0.1413 | -0.1168 | 154.5 | 0.101 |
| ATR | 0.5 | 0.5 | 0 | 0 | 1748 | -0.0817 | -5.03 | 0.767 | 0.577 | 0 | -0.0734 | -0.0891 | 152.5 | 0.06 |
| ATR | 0.5 | 0.5 | 0.1 | 0 | 1567 | -0.0858 | -5 | 0.757 | 0.572 | 0 | -0.0851 | -0.0864 | 138.4 | 0.06 |
| ATR | 0.5 | 0.5 | 0.3 | 0 | 1146 | -0.0792 | -3.95 | 0.774 | 0.584 | 1 | -0.0608 | -0.0966 | 90.8 | 0.061 |
| ATR | 0.5 | 1 | 0 | 0 | 1748 | -0.0808 | -4.1 | 0.804 | 0.469 | 1 | -0.0918 | -0.071 | 153.4 | 0.06 |
| ATR | 0.5 | 1 | 0.1 | 0 | 1567 | -0.0727 | -3.47 | 0.823 | 0.478 | 1 | -0.0983 | -0.0498 | 130 | 0.06 |
| ATR | 0.5 | 1 | 0.3 | 0 | 1146 | -0.0717 | -2.93 | 0.825 | 0.469 | 1 | -0.0583 | -0.0843 | 83.9 | 0.061 |
| ATR | 0.5 | 2 | 0 | 0 | 1748 | -0.0952 | -4.37 | 0.78 | 0.438 | 0 | -0.0893 | -0.1003 | 176 | 0.06 |
| ATR | 0.5 | 2 | 0.1 | 0 | 1567 | -0.0835 | -3.59 | 0.806 | 0.447 | 0 | -0.094 | -0.0741 | 147.4 | 0.06 |
| ATR | 0.5 | 2 | 0.3 | 0 | 1146 | -0.0881 | -3.27 | 0.794 | 0.439 | 1 | -0.052 | -0.1222 | 107.1 | 0.061 |

### T1_asia0-8

| sl | sl_k | tp_r | buf_k | buf_atr | n | avg_R | t_stat | PF | win_rate | yrs_pos | L_avg | S_avg | maxDD_R | cost_R |
|---|---|---|---|---|---|---|---|---|---|---|---|---|---|---|
| W | 0.25 | 0 | 0 | 0 | 1661 | -0.3924 | -7.24 | 0.585 | 0.129 | 0 | -0.3591 | -0.4227 | 696.3 | 0.301 |
| W | 0.25 | 0 | 0 | 0.1 | 1088 | -0.4893 | -7.54 | 0.493 | 0.116 | 0 | -0.552 | -0.4306 | 532.4 | 0.309 |
| W | 0.25 | 0 | 0.05 | 0 | 1559 | -0.3731 | -6.58 | 0.604 | 0.135 | 1 | -0.3575 | -0.3871 | 635.2 | 0.304 |
| W | 0.25 | 0 | 0.05 | 0.1 | 989 | -0.4489 | -6.17 | 0.531 | 0.122 | 0 | -0.5279 | -0.3738 | 444.2 | 0.316 |
| W | 0.25 | 0 | 0.1 | 0 | 1454 | -0.2994 | -4.69 | 0.68 | 0.142 | 0 | -0.3599 | -0.2438 | 470.3 | 0.312 |
| W | 0.25 | 0 | 0.1 | 0.1 | 894 | -0.3503 | -4.17 | 0.628 | 0.141 | 1 | -0.3414 | -0.3589 | 328.5 | 0.319 |
| W | 0.25 | 0 | 0.2 | 0 | 1200 | -0.3959 | -6.03 | 0.586 | 0.123 | 0 | -0.4901 | -0.3097 | 484.1 | 0.323 |
| W | 0.25 | 0 | 0.2 | 0.1 | 716 | -0.2734 | -2.67 | 0.708 | 0.144 | 2 | -0.0455 | -0.5025 | 227.4 | 0.326 |
| W | 0.25 | 0 | 0.3 | 0 | 993 | -0.4735 | -7.34 | 0.507 | 0.121 | 0 | -0.5376 | -0.4129 | 473.7 | 0.343 |
| W | 0.25 | 0 | 0.3 | 0.1 | 566 | -0.2604 | -2.18 | 0.727 | 0.125 | 2 | -0.0196 | -0.4962 | 163.2 | 0.341 |
| W | 0.25 | 0 | 0.5 | 0 | 668 | -0.4738 | -5.39 | 0.515 | 0.118 | 1 | -0.3154 | -0.6293 | 349.4 | 0.354 |
| W | 0.25 | 0 | 0.5 | 0.1 | 370 | -0.3979 | -3.21 | 0.592 | 0.111 | 1 | -0.5124 | -0.2951 | 147.2 | 0.359 |
| W | 0.25 | 0.5 | 0 | 0 | 1661 | -0.3096 | -16.32 | 0.426 | 0.505 | 0 | -0.3122 | -0.3072 | 514.7 | 0.301 |
| W | 0.25 | 0.5 | 0 | 0.1 | 1088 | -0.2751 | -11.74 | 0.466 | 0.528 | 0 | -0.2826 | -0.2681 | 299.9 | 0.309 |
| W | 0.25 | 0.5 | 0.05 | 0 | 1559 | -0.3002 | -15.3 | 0.437 | 0.512 | 0 | -0.3282 | -0.2748 | 468.4 | 0.304 |
| W | 0.25 | 0.5 | 0.05 | 0.1 | 989 | -0.2583 | -10.54 | 0.486 | 0.54 | 0 | -0.2661 | -0.2508 | 256.6 | 0.316 |
| W | 0.25 | 0.5 | 0.1 | 0 | 1454 | -0.2846 | -14.02 | 0.455 | 0.523 | 0 | -0.3016 | -0.269 | 415.6 | 0.312 |
| W | 0.25 | 0.5 | 0.1 | 0.1 | 894 | -0.2751 | -10.63 | 0.465 | 0.53 | 0 | -0.2511 | -0.2984 | 246.2 | 0.319 |
| W | 0.25 | 0.5 | 0.2 | 0 | 1200 | -0.3151 | -14.08 | 0.42 | 0.504 | 0 | -0.3026 | -0.3264 | 379.8 | 0.323 |
| W | 0.25 | 0.5 | 0.2 | 0.1 | 716 | -0.2583 | -8.94 | 0.486 | 0.542 | 0 | -0.2648 | -0.2517 | 184.9 | 0.326 |
| W | 0.25 | 0.5 | 0.3 | 0 | 993 | -0.2906 | -11.84 | 0.446 | 0.522 | 0 | -0.2705 | -0.3095 | 289 | 0.343 |
| W | 0.25 | 0.5 | 0.3 | 0.1 | 566 | -0.2452 | -7.56 | 0.503 | 0.551 | 0 | -0.21 | -0.2797 | 138.8 | 0.341 |
| W | 0.25 | 0.5 | 0.5 | 0 | 668 | -0.3283 | -10.89 | 0.406 | 0.5 | 0 | -0.3692 | -0.2881 | 219.3 | 0.354 |
| W | 0.25 | 0.5 | 0.5 | 0.1 | 370 | -0.3656 | -9.05 | 0.368 | 0.476 | 0 | -0.4753 | -0.2671 | 137 | 0.359 |
| W | 0.25 | 1 | 0 | 0 | 1661 | -0.2953 | -12.06 | 0.557 | 0.389 | 0 | -0.3007 | -0.2903 | 490.4 | 0.301 |
| W | 0.25 | 1 | 0 | 0.1 | 1088 | -0.3058 | -10.13 | 0.545 | 0.384 | 1 | -0.2952 | -0.3157 | 341 | 0.309 |
| W | 0.25 | 1 | 0.05 | 0 | 1559 | -0.2857 | -11.27 | 0.568 | 0.394 | 0 | -0.3058 | -0.2674 | 446.3 | 0.304 |
| W | 0.25 | 1 | 0.05 | 0.1 | 989 | -0.2744 | -8.62 | 0.581 | 0.399 | 0 | -0.2401 | -0.307 | 277.6 | 0.316 |
| W | 0.25 | 1 | 0.1 | 0 | 1454 | -0.2663 | -10.1 | 0.591 | 0.404 | 0 | -0.279 | -0.2546 | 388.1 | 0.312 |
| W | 0.25 | 1 | 0.1 | 0.1 | 894 | -0.2484 | -7.37 | 0.613 | 0.413 | 0 | -0.2242 | -0.2718 | 225.3 | 0.319 |
| W | 0.25 | 1 | 0.2 | 0 | 1200 | -0.3614 | -12.75 | 0.485 | 0.358 | 0 | -0.3316 | -0.3887 | 437.5 | 0.323 |
| W | 0.25 | 1 | 0.2 | 0.1 | 716 | -0.2687 | -7.16 | 0.588 | 0.404 | 0 | -0.2284 | -0.3092 | 193.4 | 0.326 |
| W | 0.25 | 1 | 0.3 | 0 | 993 | -0.3149 | -9.99 | 0.535 | 0.382 | 0 | -0.2985 | -0.3304 | 314.9 | 0.343 |
| W | 0.25 | 1 | 0.3 | 0.1 | 566 | -0.2684 | -6.35 | 0.589 | 0.405 | 0 | -0.1992 | -0.3362 | 154.6 | 0.341 |
| W | 0.25 | 1 | 0.5 | 0 | 668 | -0.3345 | -8.69 | 0.515 | 0.374 | 0 | -0.3227 | -0.346 | 224.2 | 0.354 |
| W | 0.25 | 1 | 0.5 | 0.1 | 370 | -0.3259 | -6.29 | 0.524 | 0.378 | 1 | -0.4119 | -0.2488 | 121.7 | 0.359 |
| W | 0.25 | 1.5 | 0 | 0 | 1661 | -0.3078 | -10.66 | 0.592 | 0.309 | 0 | -0.3148 | -0.3014 | 513.3 | 0.301 |
| W | 0.25 | 1.5 | 0 | 0.1 | 1088 | -0.3228 | -9.13 | 0.575 | 0.302 | 0 | -0.3085 | -0.3361 | 353 | 0.309 |
| W | 0.25 | 1.5 | 0.05 | 0 | 1559 | -0.2984 | -9.97 | 0.603 | 0.312 | 0 | -0.3122 | -0.2859 | 472.5 | 0.304 |
| W | 0.25 | 1.5 | 0.05 | 0.1 | 989 | -0.311 | -8.35 | 0.588 | 0.307 | 0 | -0.2641 | -0.3556 | 314.3 | 0.316 |
| W | 0.25 | 1.5 | 0.1 | 0 | 1454 | -0.2966 | -9.58 | 0.605 | 0.313 | 0 | -0.3034 | -0.2903 | 432.6 | 0.312 |
| W | 0.25 | 1.5 | 0.1 | 0.1 | 894 | -0.2841 | -7.18 | 0.618 | 0.318 | 0 | -0.2421 | -0.3247 | 260.2 | 0.319 |
| W | 0.25 | 1.5 | 0.2 | 0 | 1200 | -0.3728 | -11.27 | 0.524 | 0.282 | 0 | -0.3704 | -0.375 | 450.3 | 0.323 |
| W | 0.25 | 1.5 | 0.2 | 0.1 | 716 | -0.272 | -6.12 | 0.632 | 0.323 | 0 | -0.2073 | -0.3371 | 195.6 | 0.326 |
| W | 0.25 | 1.5 | 0.3 | 0 | 993 | -0.3469 | -9.42 | 0.551 | 0.294 | 0 | -0.2939 | -0.3969 | 349.2 | 0.343 |
| W | 0.25 | 1.5 | 0.3 | 0.1 | 566 | -0.317 | -6.42 | 0.583 | 0.306 | 0 | -0.2152 | -0.4167 | 179.4 | 0.341 |
| W | 0.25 | 1.5 | 0.5 | 0 | 668 | -0.356 | -7.93 | 0.543 | 0.292 | 0 | -0.3315 | -0.38 | 237.9 | 0.354 |
| W | 0.25 | 1.5 | 0.5 | 0.1 | 370 | -0.3717 | -6.2 | 0.527 | 0.286 | 0 | -0.3881 | -0.3569 | 137.5 | 0.359 |
| W | 0.25 | 2 | 0 | 0 | 1661 | -0.3262 | -10.08 | 0.599 | 0.252 | 0 | -0.2924 | -0.357 | 549.6 | 0.301 |
| W | 0.25 | 2 | 0 | 0.1 | 1088 | -0.35 | -8.83 | 0.575 | 0.245 | 0 | -0.3509 | -0.3491 | 381 | 0.309 |
| W | 0.25 | 2 | 0.05 | 0 | 1559 | -0.3076 | -9.13 | 0.619 | 0.259 | 0 | -0.3188 | -0.2973 | 486.7 | 0.304 |
| W | 0.25 | 2 | 0.05 | 0.1 | 989 | -0.3142 | -7.45 | 0.612 | 0.258 | 0 | -0.299 | -0.3286 | 318.8 | 0.316 |
| W | 0.25 | 2 | 0.1 | 0 | 1454 | -0.2884 | -8.21 | 0.64 | 0.266 | 0 | -0.2928 | -0.2844 | 421.6 | 0.312 |
| W | 0.25 | 2 | 0.1 | 0.1 | 894 | -0.3011 | -6.75 | 0.626 | 0.263 | 0 | -0.2464 | -0.3542 | 273.4 | 0.319 |
| W | 0.25 | 2 | 0.2 | 0 | 1200 | -0.3895 | -10.54 | 0.535 | 0.232 | 0 | -0.4182 | -0.3633 | 469.3 | 0.323 |
| W | 0.25 | 2 | 0.2 | 0.1 | 716 | -0.3114 | -6.27 | 0.616 | 0.257 | 0 | -0.2111 | -0.4123 | 224.5 | 0.326 |
| W | 0.25 | 2 | 0.3 | 0 | 993 | -0.3389 | -8.12 | 0.588 | 0.249 | 0 | -0.3313 | -0.3461 | 339.8 | 0.343 |
| W | 0.25 | 2 | 0.3 | 0.1 | 566 | -0.3142 | -5.62 | 0.614 | 0.256 | 0 | -0.2046 | -0.4216 | 177.9 | 0.341 |
| W | 0.25 | 2 | 0.5 | 0 | 668 | -0.3812 | -7.58 | 0.547 | 0.237 | 0 | -0.3427 | -0.4191 | 256.7 | 0.354 |
| W | 0.25 | 2 | 0.5 | 0.1 | 370 | -0.3775 | -5.6 | 0.55 | 0.238 | 0 | -0.3698 | -0.3844 | 140.1 | 0.359 |
| W | 0.5 | 0 | 0 | 0 | 1661 | -0.2196 | -5.49 | 0.704 | 0.266 | 1 | -0.2408 | -0.2003 | 395.9 | 0.151 |
| W | 0.5 | 0 | 0 | 0.1 | 1088 | -0.2082 | -3.89 | 0.722 | 0.266 | 1 | -0.1685 | -0.2453 | 234.8 | 0.155 |
| W | 0.5 | 0 | 0.05 | 0 | 1559 | -0.248 | -6.16 | 0.67 | 0.265 | 0 | -0.2636 | -0.2338 | 412.5 | 0.152 |
| W | 0.5 | 0 | 0.05 | 0.1 | 989 | -0.2364 | -4.25 | 0.689 | 0.254 | 2 | -0.2096 | -0.2618 | 243 | 0.158 |
| W | 0.5 | 0 | 0.1 | 0 | 1454 | -0.2335 | -5.52 | 0.688 | 0.268 | 0 | -0.2605 | -0.2087 | 362.7 | 0.156 |
| W | 0.5 | 0 | 0.1 | 0.1 | 894 | -0.1875 | -3.12 | 0.749 | 0.264 | 0 | -0.148 | -0.2258 | 173.4 | 0.16 |
| W | 0.5 | 0 | 0.2 | 0 | 1200 | -0.2493 | -5.21 | 0.674 | 0.255 | 1 | -0.2667 | -0.2335 | 314.5 | 0.161 |
| W | 0.5 | 0 | 0.2 | 0.1 | 716 | -0.2182 | -3.33 | 0.713 | 0.254 | 1 | -0.1293 | -0.3076 | 170 | 0.163 |
| W | 0.5 | 0 | 0.3 | 0 | 993 | -0.2865 | -5.46 | 0.634 | 0.24 | 0 | -0.2721 | -0.3 | 296.5 | 0.172 |
| W | 0.5 | 0 | 0.3 | 0.1 | 566 | -0.1546 | -1.94 | 0.798 | 0.249 | 1 | -0.0967 | -0.2112 | 92.6 | 0.17 |
| W | 0.5 | 0 | 0.5 | 0 | 668 | -0.1946 | -2.58 | 0.753 | 0.24 | 2 | -0.1534 | -0.2351 | 141.7 | 0.177 |
| W | 0.5 | 0 | 0.5 | 0.1 | 370 | -0.1506 | -1.53 | 0.808 | 0.227 | 1 | -0.2572 | -0.055 | 72.3 | 0.179 |
| W | 0.5 | 0.5 | 0 | 0 | 1661 | -0.1529 | -8.33 | 0.645 | 0.585 | 1 | -0.1481 | -0.1572 | 260.5 | 0.151 |
| W | 0.5 | 0.5 | 0 | 0.1 | 1088 | -0.1436 | -6.36 | 0.661 | 0.591 | 1 | -0.1061 | -0.1788 | 161.1 | 0.155 |
| W | 0.5 | 0.5 | 0.05 | 0 | 1559 | -0.1571 | -8.28 | 0.638 | 0.583 | 0 | -0.1712 | -0.1443 | 249.7 | 0.152 |
| W | 0.5 | 0.5 | 0.05 | 0.1 | 989 | -0.1354 | -5.72 | 0.676 | 0.597 | 0 | -0.0907 | -0.1779 | 135 | 0.158 |
| W | 0.5 | 0.5 | 0.1 | 0 | 1454 | -0.1434 | -7.33 | 0.662 | 0.592 | 0 | -0.138 | -0.1484 | 211.9 | 0.156 |
| W | 0.5 | 0.5 | 0.1 | 0.1 | 894 | -0.1304 | -5.24 | 0.686 | 0.601 | 0 | -0.0883 | -0.1712 | 117.6 | 0.16 |
| W | 0.5 | 0.5 | 0.2 | 0 | 1200 | -0.1707 | -7.86 | 0.615 | 0.574 | 0 | -0.1418 | -0.197 | 207.4 | 0.161 |
| W | 0.5 | 0.5 | 0.2 | 0.1 | 716 | -0.1393 | -5 | 0.669 | 0.595 | 0 | -0.0907 | -0.1882 | 101.2 | 0.163 |
| W | 0.5 | 0.5 | 0.3 | 0 | 993 | -0.1699 | -7.12 | 0.616 | 0.577 | 0 | -0.1563 | -0.1827 | 171.3 | 0.172 |
| W | 0.5 | 0.5 | 0.3 | 0.1 | 566 | -0.1442 | -4.59 | 0.661 | 0.594 | 0 | -0.1222 | -0.1657 | 82.2 | 0.17 |
| W | 0.5 | 0.5 | 0.5 | 0 | 668 | -0.1613 | -5.55 | 0.631 | 0.584 | 0 | -0.117 | -0.2049 | 109.2 | 0.177 |
| W | 0.5 | 0.5 | 0.5 | 0.1 | 370 | -0.1733 | -4.42 | 0.611 | 0.576 | 1 | -0.2502 | -0.1042 | 65.4 | 0.179 |
| W | 0.5 | 1 | 0 | 0 | 1661 | -0.175 | -7.23 | 0.7 | 0.43 | 0 | -0.1813 | -0.1693 | 300.7 | 0.151 |
| W | 0.5 | 1 | 0 | 0.1 | 1088 | -0.1643 | -5.46 | 0.717 | 0.438 | 0 | -0.1161 | -0.2094 | 183.3 | 0.155 |
| W | 0.5 | 1 | 0.05 | 0 | 1559 | -0.1738 | -6.93 | 0.703 | 0.432 | 0 | -0.2 | -0.15 | 271.9 | 0.152 |
| W | 0.5 | 1 | 0.05 | 0.1 | 989 | -0.166 | -5.27 | 0.714 | 0.435 | 0 | -0.1109 | -0.2184 | 168.8 | 0.158 |
| W | 0.5 | 1 | 0.1 | 0 | 1454 | -0.1436 | -5.51 | 0.748 | 0.446 | 0 | -0.1367 | -0.15 | 209.8 | 0.156 |
| W | 0.5 | 1 | 0.1 | 0.1 | 894 | -0.165 | -4.98 | 0.716 | 0.434 | 0 | -0.1106 | -0.2176 | 148.3 | 0.16 |
| W | 0.5 | 1 | 0.2 | 0 | 1200 | -0.1788 | -6.23 | 0.697 | 0.429 | 0 | -0.1565 | -0.1992 | 216.9 | 0.161 |
| W | 0.5 | 1 | 0.2 | 0.1 | 716 | -0.1789 | -4.83 | 0.696 | 0.43 | 0 | -0.1368 | -0.2213 | 128.1 | 0.163 |
| W | 0.5 | 1 | 0.3 | 0 | 993 | -0.1927 | -6.1 | 0.679 | 0.426 | 0 | -0.1859 | -0.1991 | 192 | 0.172 |
| W | 0.5 | 1 | 0.3 | 0.1 | 566 | -0.1939 | -4.65 | 0.677 | 0.422 | 1 | -0.1499 | -0.237 | 109.8 | 0.17 |
| W | 0.5 | 1 | 0.5 | 0 | 668 | -0.1957 | -5.07 | 0.676 | 0.424 | 0 | -0.185 | -0.2063 | 130.8 | 0.177 |
| W | 0.5 | 1 | 0.5 | 0.1 | 370 | -0.2342 | -4.58 | 0.622 | 0.4 | 0 | -0.2507 | -0.2194 | 86.7 | 0.179 |
| W | 0.5 | 1.5 | 0 | 0 | 1661 | -0.1775 | -6.27 | 0.729 | 0.357 | 0 | -0.1878 | -0.1682 | 306.3 | 0.151 |
| W | 0.5 | 1.5 | 0 | 0.1 | 1088 | -0.1804 | -5.13 | 0.727 | 0.358 | 0 | -0.1258 | -0.2315 | 197 | 0.155 |
| W | 0.5 | 1.5 | 0.05 | 0 | 1559 | -0.1844 | -6.29 | 0.721 | 0.357 | 0 | -0.2014 | -0.1688 | 292.6 | 0.152 |
| W | 0.5 | 1.5 | 0.05 | 0.1 | 989 | -0.1807 | -4.88 | 0.727 | 0.354 | 0 | -0.1239 | -0.2346 | 183.2 | 0.158 |
| W | 0.5 | 1.5 | 0.1 | 0 | 1454 | -0.1582 | -5.17 | 0.757 | 0.367 | 0 | -0.17 | -0.1474 | 235 | 0.156 |
| W | 0.5 | 1.5 | 0.1 | 0.1 | 894 | -0.1708 | -4.36 | 0.741 | 0.352 | 0 | -0.1152 | -0.2247 | 156.8 | 0.16 |
| W | 0.5 | 1.5 | 0.2 | 0 | 1200 | -0.1831 | -5.43 | 0.725 | 0.352 | 1 | -0.1783 | -0.1875 | 226.2 | 0.161 |
| W | 0.5 | 1.5 | 0.2 | 0.1 | 716 | -0.1751 | -4 | 0.736 | 0.355 | 0 | -0.1183 | -0.2322 | 125.6 | 0.163 |
| W | 0.5 | 1.5 | 0.3 | 0 | 993 | -0.2057 | -5.56 | 0.697 | 0.342 | 0 | -0.2058 | -0.2055 | 204.2 | 0.172 |
| W | 0.5 | 1.5 | 0.3 | 0.1 | 566 | -0.1728 | -3.51 | 0.739 | 0.355 | 1 | -0.1528 | -0.1924 | 97.8 | 0.17 |
| W | 0.5 | 1.5 | 0.5 | 0 | 668 | -0.2118 | -4.68 | 0.692 | 0.343 | 0 | -0.1884 | -0.2347 | 141.5 | 0.177 |
| W | 0.5 | 1.5 | 0.5 | 0.1 | 370 | -0.2288 | -3.79 | 0.669 | 0.324 | 0 | -0.2614 | -0.1996 | 85.5 | 0.179 |
| W | 0.5 | 2 | 0 | 0 | 1661 | -0.1665 | -5.27 | 0.758 | 0.321 | 0 | -0.1902 | -0.1449 | 292.4 | 0.151 |
| W | 0.5 | 2 | 0 | 0.1 | 1088 | -0.1956 | -5.08 | 0.72 | 0.318 | 0 | -0.148 | -0.2402 | 214.1 | 0.155 |
| W | 0.5 | 2 | 0.05 | 0 | 1559 | -0.2023 | -6.28 | 0.712 | 0.315 | 0 | -0.2373 | -0.1706 | 322.7 | 0.152 |
| W | 0.5 | 2 | 0.05 | 0.1 | 989 | -0.1951 | -4.78 | 0.723 | 0.31 | 0 | -0.1309 | -0.2561 | 196.2 | 0.158 |
| W | 0.5 | 2 | 0.1 | 0 | 1454 | -0.2008 | -6.03 | 0.713 | 0.317 | 0 | -0.2247 | -0.1788 | 303 | 0.156 |
| W | 0.5 | 2 | 0.1 | 0.1 | 894 | -0.181 | -4.19 | 0.742 | 0.31 | 0 | -0.1447 | -0.2161 | 161.8 | 0.16 |
| W | 0.5 | 2 | 0.2 | 0 | 1200 | -0.2112 | -5.73 | 0.703 | 0.306 | 1 | -0.2169 | -0.2059 | 265.4 | 0.161 |
| W | 0.5 | 2 | 0.2 | 0.1 | 716 | -0.1944 | -4.04 | 0.725 | 0.307 | 0 | -0.1348 | -0.2543 | 142.2 | 0.163 |
| W | 0.5 | 2 | 0.3 | 0 | 993 | -0.226 | -5.55 | 0.688 | 0.296 | 0 | -0.237 | -0.2156 | 224.4 | 0.172 |
| W | 0.5 | 2 | 0.3 | 0.1 | 566 | -0.1941 | -3.57 | 0.727 | 0.306 | 1 | -0.18 | -0.2079 | 109.9 | 0.17 |
| W | 0.5 | 2 | 0.5 | 0 | 668 | -0.1986 | -3.9 | 0.726 | 0.301 | 1 | -0.1611 | -0.2355 | 134.9 | 0.177 |
| W | 0.5 | 2 | 0.5 | 0.1 | 370 | -0.1808 | -2.62 | 0.749 | 0.297 | 2 | -0.2595 | -0.1101 | 75.2 | 0.179 |
| W | 0.75 | 0 | 0 | 0 | 1661 | -0.1894 | -5.99 | 0.694 | 0.346 | 1 | -0.1877 | -0.1908 | 338.3 | 0.1 |
| W | 0.75 | 0 | 0 | 0.1 | 1088 | -0.1727 | -4.14 | 0.724 | 0.337 | 0 | -0.1541 | -0.1902 | 189.4 | 0.103 |
| W | 0.75 | 0 | 0.05 | 0 | 1559 | -0.1847 | -5.61 | 0.702 | 0.352 | 1 | -0.1824 | -0.1867 | 305.1 | 0.101 |
| W | 0.75 | 0 | 0.05 | 0.1 | 989 | -0.1725 | -3.93 | 0.725 | 0.335 | 2 | -0.1858 | -0.1598 | 177.2 | 0.105 |
| W | 0.75 | 0 | 0.1 | 0 | 1454 | -0.1595 | -4.51 | 0.743 | 0.356 | 2 | -0.1699 | -0.1499 | 242.2 | 0.104 |
| W | 0.75 | 0 | 0.1 | 0.1 | 894 | -0.1476 | -3.15 | 0.761 | 0.347 | 0 | -0.1377 | -0.1571 | 137.3 | 0.106 |
| W | 0.75 | 0 | 0.2 | 0 | 1200 | -0.1667 | -4.15 | 0.738 | 0.339 | 1 | -0.1891 | -0.1463 | 202.4 | 0.108 |
| W | 0.75 | 0 | 0.2 | 0.1 | 716 | -0.1244 | -2.36 | 0.798 | 0.345 | 1 | -0.0903 | -0.1586 | 105.4 | 0.109 |
| W | 0.75 | 0 | 0.3 | 0 | 993 | -0.1771 | -3.93 | 0.726 | 0.324 | 1 | -0.1825 | -0.172 | 185.8 | 0.114 |
| W | 0.75 | 0 | 0.3 | 0.1 | 566 | -0.0992 | -1.58 | 0.845 | 0.337 | 1 | -0.0438 | -0.1534 | 64.2 | 0.114 |
| W | 0.75 | 0 | 0.5 | 0 | 668 | -0.1166 | -1.97 | 0.82 | 0.335 | 2 | -0.0711 | -0.1612 | 93 | 0.118 |
| W | 0.75 | 0 | 0.5 | 0.1 | 370 | -0.1545 | -2.1 | 0.766 | 0.308 | 2 | -0.2116 | -0.1033 | 68.9 | 0.12 |
| W | 0.75 | 0.5 | 0 | 0 | 1661 | -0.1085 | -6.09 | 0.725 | 0.598 | 0 | -0.1141 | -0.1033 | 183.7 | 0.1 |
| W | 0.75 | 0.5 | 0 | 0.1 | 1088 | -0.1179 | -5.36 | 0.705 | 0.591 | 0 | -0.0881 | -0.1458 | 130.5 | 0.103 |
| W | 0.75 | 0.5 | 0.05 | 0 | 1559 | -0.1085 | -5.88 | 0.725 | 0.6 | 0 | -0.1076 | -0.1092 | 173.1 | 0.101 |
| W | 0.75 | 0.5 | 0.05 | 0.1 | 989 | -0.1266 | -5.46 | 0.688 | 0.585 | 0 | -0.1038 | -0.1483 | 126.5 | 0.105 |
| W | 0.75 | 0.5 | 0.1 | 0 | 1454 | -0.1159 | -6.03 | 0.711 | 0.596 | 0 | -0.1035 | -0.1272 | 174.1 | 0.104 |
| W | 0.75 | 0.5 | 0.1 | 0.1 | 894 | -0.1248 | -5.1 | 0.693 | 0.589 | 0 | -0.1004 | -0.1486 | 112.1 | 0.106 |
| W | 0.75 | 0.5 | 0.2 | 0 | 1200 | -0.1128 | -5.35 | 0.717 | 0.598 | 0 | -0.1117 | -0.1139 | 137.2 | 0.108 |
| W | 0.75 | 0.5 | 0.2 | 0.1 | 716 | -0.1103 | -4.04 | 0.723 | 0.601 | 1 | -0.0786 | -0.1421 | 83.6 | 0.109 |
| W | 0.75 | 0.5 | 0.3 | 0 | 993 | -0.1359 | -5.83 | 0.672 | 0.583 | 0 | -0.1255 | -0.1457 | 136.3 | 0.114 |
| W | 0.75 | 0.5 | 0.3 | 0.1 | 566 | -0.1287 | -4.17 | 0.687 | 0.59 | 1 | -0.095 | -0.1617 | 73.8 | 0.114 |
| W | 0.75 | 0.5 | 0.5 | 0 | 668 | -0.1303 | -4.57 | 0.684 | 0.591 | 1 | -0.0911 | -0.1687 | 89.1 | 0.118 |
| W | 0.75 | 0.5 | 0.5 | 0.1 | 370 | -0.1273 | -3.33 | 0.689 | 0.592 | 2 | -0.1629 | -0.0953 | 47.9 | 0.12 |
| W | 0.75 | 1 | 0 | 0 | 1661 | -0.1378 | -5.95 | 0.74 | 0.447 | 1 | -0.137 | -0.1385 | 238 | 0.1 |
| W | 0.75 | 1 | 0 | 0.1 | 1088 | -0.1413 | -4.93 | 0.735 | 0.441 | 0 | -0.1172 | -0.1639 | 153.8 | 0.103 |
| W | 0.75 | 1 | 0.05 | 0 | 1559 | -0.1345 | -5.61 | 0.746 | 0.453 | 0 | -0.1367 | -0.1326 | 214.2 | 0.101 |
| W | 0.75 | 1 | 0.05 | 0.1 | 989 | -0.1354 | -4.49 | 0.745 | 0.443 | 0 | -0.1279 | -0.1426 | 136.7 | 0.105 |
| W | 0.75 | 1 | 0.1 | 0 | 1454 | -0.1228 | -4.91 | 0.767 | 0.457 | 0 | -0.1287 | -0.1173 | 180.5 | 0.104 |
| W | 0.75 | 1 | 0.1 | 0.1 | 894 | -0.118 | -3.7 | 0.776 | 0.452 | 0 | -0.1098 | -0.1261 | 108.3 | 0.106 |
| W | 0.75 | 1 | 0.2 | 0 | 1200 | -0.1294 | -4.69 | 0.758 | 0.448 | 0 | -0.1296 | -0.1292 | 157.2 | 0.108 |
| W | 0.75 | 1 | 0.2 | 0.1 | 716 | -0.1099 | -3.07 | 0.79 | 0.454 | 1 | -0.0802 | -0.1398 | 81.6 | 0.109 |
| W | 0.75 | 1 | 0.3 | 0 | 993 | -0.1433 | -4.72 | 0.736 | 0.439 | 0 | -0.1612 | -0.1265 | 142.3 | 0.114 |
| W | 0.75 | 1 | 0.3 | 0.1 | 566 | -0.1146 | -2.82 | 0.785 | 0.458 | 1 | -0.0896 | -0.139 | 66.6 | 0.114 |
| W | 0.75 | 1 | 0.5 | 0 | 668 | -0.1376 | -3.67 | 0.749 | 0.448 | 0 | -0.1142 | -0.1606 | 93.8 | 0.118 |
| W | 0.75 | 1 | 0.5 | 0.1 | 370 | -0.1478 | -2.96 | 0.73 | 0.427 | 1 | -0.1496 | -0.1463 | 61.4 | 0.12 |
| W | 0.75 | 1.5 | 0 | 0 | 1661 | -0.1196 | -4.49 | 0.79 | 0.403 | 1 | -0.1259 | -0.1139 | 221.6 | 0.1 |
| W | 0.75 | 1.5 | 0 | 0.1 | 1088 | -0.1568 | -4.86 | 0.73 | 0.384 | 0 | -0.1299 | -0.1819 | 171.3 | 0.103 |
| W | 0.75 | 1.5 | 0.05 | 0 | 1559 | -0.1324 | -4.83 | 0.77 | 0.402 | 1 | -0.1496 | -0.1169 | 222 | 0.101 |
| W | 0.75 | 1.5 | 0.05 | 0.1 | 989 | -0.1588 | -4.68 | 0.728 | 0.38 | 0 | -0.1472 | -0.1699 | 159 | 0.105 |
| W | 0.75 | 1.5 | 0.1 | 0 | 1454 | -0.1182 | -4.13 | 0.793 | 0.407 | 1 | -0.1459 | -0.0927 | 181.7 | 0.104 |
| W | 0.75 | 1.5 | 0.1 | 0.1 | 894 | -0.1285 | -3.56 | 0.776 | 0.395 | 0 | -0.1212 | -0.1355 | 114.8 | 0.106 |
| W | 0.75 | 1.5 | 0.2 | 0 | 1200 | -0.1468 | -4.68 | 0.751 | 0.388 | 0 | -0.1707 | -0.1249 | 179 | 0.108 |
| W | 0.75 | 1.5 | 0.2 | 0.1 | 716 | -0.1177 | -2.88 | 0.796 | 0.392 | 0 | -0.1123 | -0.1232 | 92.6 | 0.109 |
| W | 0.75 | 1.5 | 0.3 | 0 | 993 | -0.1539 | -4.46 | 0.741 | 0.377 | 1 | -0.1742 | -0.1348 | 152.8 | 0.114 |
| W | 0.75 | 1.5 | 0.3 | 0.1 | 566 | -0.1447 | -3.11 | 0.759 | 0.383 | 0 | -0.1184 | -0.1704 | 83 | 0.114 |
| W | 0.75 | 1.5 | 0.5 | 0 | 668 | -0.1336 | -3.09 | 0.778 | 0.386 | 0 | -0.1024 | -0.1641 | 95 | 0.118 |
| W | 0.75 | 1.5 | 0.5 | 0.1 | 370 | -0.1337 | -2.29 | 0.779 | 0.373 | 2 | -0.2005 | -0.0737 | 66.3 | 0.12 |
| W | 0.75 | 2 | 0 | 0 | 1661 | -0.14 | -4.92 | 0.763 | 0.374 | 1 | -0.1537 | -0.1276 | 260.4 | 0.1 |
| W | 0.75 | 2 | 0 | 0.1 | 1088 | -0.1438 | -4.11 | 0.759 | 0.369 | 0 | -0.1434 | -0.1442 | 157.4 | 0.103 |
| W | 0.75 | 2 | 0.05 | 0 | 1559 | -0.1528 | -5.23 | 0.744 | 0.376 | 1 | -0.1805 | -0.1276 | 261.5 | 0.101 |
| W | 0.75 | 2 | 0.05 | 0.1 | 989 | -0.137 | -3.7 | 0.771 | 0.366 | 0 | -0.1419 | -0.1324 | 137.1 | 0.105 |
| W | 0.75 | 2 | 0.1 | 0 | 1454 | -0.1279 | -4.15 | 0.785 | 0.382 | 1 | -0.176 | -0.0837 | 201.4 | 0.104 |
| W | 0.75 | 2 | 0.1 | 0.1 | 894 | -0.1252 | -3.21 | 0.789 | 0.374 | 0 | -0.1342 | -0.1165 | 113 | 0.106 |
| W | 0.75 | 2 | 0.2 | 0 | 1200 | -0.1394 | -4.07 | 0.772 | 0.367 | 1 | -0.1957 | -0.0879 | 175 | 0.108 |
| W | 0.75 | 2 | 0.2 | 0.1 | 716 | -0.0985 | -2.2 | 0.834 | 0.374 | 0 | -0.089 | -0.1081 | 80 | 0.109 |
| W | 0.75 | 2 | 0.3 | 0 | 993 | -0.1463 | -3.9 | 0.762 | 0.355 | 1 | -0.1767 | -0.1177 | 148.3 | 0.114 |
| W | 0.75 | 2 | 0.3 | 0.1 | 566 | -0.1026 | -1.99 | 0.833 | 0.366 | 1 | -0.0581 | -0.1463 | 62.5 | 0.114 |
| W | 0.75 | 2 | 0.5 | 0 | 668 | -0.1108 | -2.34 | 0.821 | 0.365 | 1 | -0.0984 | -0.123 | 82.6 | 0.118 |
| W | 0.75 | 2 | 0.5 | 0.1 | 370 | -0.1542 | -2.43 | 0.759 | 0.335 | 1 | -0.2291 | -0.087 | 68.7 | 0.12 |
| W | 1 | 0 | 0 | 0 | 1661 | -0.1432 | -5.22 | 0.726 | 0.393 | 0 | -0.1449 | -0.1417 | 246.6 | 0.075 |
| W | 1 | 0 | 0 | 0.1 | 1088 | -0.1263 | -3.63 | 0.758 | 0.392 | 1 | -0.1242 | -0.1283 | 146 | 0.077 |
| W | 1 | 0 | 0.05 | 0 | 1559 | -0.14 | -4.91 | 0.733 | 0.4 | 1 | -0.1397 | -0.1403 | 228.9 | 0.076 |
| W | 1 | 0 | 0.05 | 0.1 | 989 | -0.1328 | -3.63 | 0.747 | 0.39 | 1 | -0.1337 | -0.1319 | 139.3 | 0.079 |
| W | 1 | 0 | 0.1 | 0 | 1454 | -0.1221 | -4.06 | 0.766 | 0.406 | 1 | -0.126 | -0.1184 | 182.9 | 0.078 |
| W | 1 | 0 | 0.1 | 0.1 | 894 | -0.1051 | -2.69 | 0.797 | 0.403 | 0 | -0.0777 | -0.1316 | 104 | 0.08 |
| W | 1 | 0 | 0.2 | 0 | 1200 | -0.1359 | -4.08 | 0.746 | 0.389 | 0 | -0.1651 | -0.1091 | 164.3 | 0.081 |
| W | 1 | 0 | 0.2 | 0.1 | 716 | -0.1187 | -2.73 | 0.776 | 0.392 | 0 | -0.0721 | -0.1656 | 98.8 | 0.082 |
| W | 1 | 0 | 0.3 | 0 | 993 | -0.1359 | -3.62 | 0.749 | 0.385 | 0 | -0.1342 | -0.1375 | 144.5 | 0.086 |
| W | 1 | 0 | 0.3 | 0.1 | 566 | -0.1037 | -2.03 | 0.809 | 0.39 | 1 | -0.0388 | -0.1672 | 66 | 0.085 |
| W | 1 | 0 | 0.5 | 0 | 668 | -0.0894 | -1.84 | 0.836 | 0.395 | 3 | -0.049 | -0.129 | 72.5 | 0.088 |
| W | 1 | 0 | 0.5 | 0.1 | 370 | -0.1029 | -1.63 | 0.813 | 0.362 | 1 | -0.1002 | -0.1053 | 44.4 | 0.09 |
| W | 1 | 0.5 | 0 | 0 | 1661 | -0.1039 | -6.03 | 0.725 | 0.58 | 0 | -0.1125 | -0.0961 | 174.2 | 0.075 |
| W | 1 | 0.5 | 0 | 0.1 | 1088 | -0.0905 | -4.28 | 0.753 | 0.587 | 0 | -0.0708 | -0.1089 | 101.3 | 0.077 |
| W | 1 | 0.5 | 0.05 | 0 | 1559 | -0.0927 | -5.23 | 0.749 | 0.589 | 0 | -0.1032 | -0.0832 | 145.8 | 0.076 |
| W | 1 | 0.5 | 0.05 | 0.1 | 989 | -0.0918 | -4.13 | 0.751 | 0.588 | 0 | -0.0676 | -0.1148 | 93.6 | 0.079 |
| W | 1 | 0.5 | 0.1 | 0 | 1454 | -0.0803 | -4.37 | 0.779 | 0.599 | 1 | -0.0737 | -0.0863 | 117.2 | 0.078 |
| W | 1 | 0.5 | 0.1 | 0.1 | 894 | -0.0862 | -3.67 | 0.765 | 0.597 | 0 | -0.0648 | -0.1069 | 79.3 | 0.08 |
| W | 1 | 0.5 | 0.2 | 0 | 1200 | -0.0978 | -4.8 | 0.74 | 0.588 | 0 | -0.0924 | -0.1027 | 119.1 | 0.081 |
| W | 1 | 0.5 | 0.2 | 0.1 | 716 | -0.0997 | -3.76 | 0.738 | 0.591 | 1 | -0.0804 | -0.1191 | 72.8 | 0.082 |
| W | 1 | 0.5 | 0.3 | 0 | 993 | -0.1096 | -4.84 | 0.717 | 0.588 | 0 | -0.1184 | -0.1012 | 111.1 | 0.086 |
| W | 1 | 0.5 | 0.3 | 0.1 | 566 | -0.0944 | -3.17 | 0.75 | 0.592 | 1 | -0.0421 | -0.1456 | 54.9 | 0.085 |
| W | 1 | 0.5 | 0.5 | 0 | 668 | -0.0888 | -3.22 | 0.765 | 0.602 | 1 | -0.0643 | -0.1128 | 60.7 | 0.088 |
| W | 1 | 0.5 | 0.5 | 0.1 | 370 | -0.0821 | -2.23 | 0.777 | 0.597 | 2 | -0.0508 | -0.1101 | 30.9 | 0.09 |
| W | 1 | 1 | 0 | 0 | 1661 | -0.1034 | -4.75 | 0.779 | 0.463 | 0 | -0.1212 | -0.0872 | 177.1 | 0.075 |
| W | 1 | 1 | 0 | 0.1 | 1088 | -0.1164 | -4.38 | 0.753 | 0.454 | 0 | -0.1167 | -0.1161 | 129.3 | 0.077 |
| W | 1 | 1 | 0.05 | 0 | 1559 | -0.1116 | -5 | 0.762 | 0.465 | 0 | -0.1317 | -0.0934 | 180.1 | 0.076 |
| W | 1 | 1 | 0.05 | 0.1 | 989 | -0.112 | -3.98 | 0.763 | 0.454 | 0 | -0.0997 | -0.1238 | 113.6 | 0.079 |
| W | 1 | 1 | 0.1 | 0 | 1454 | -0.1103 | -4.79 | 0.764 | 0.468 | 0 | -0.1304 | -0.0918 | 162.8 | 0.078 |
| W | 1 | 1 | 0.1 | 0.1 | 894 | -0.0929 | -3.11 | 0.802 | 0.465 | 0 | -0.0847 | -0.1008 | 85.7 | 0.08 |
| W | 1 | 1 | 0.2 | 0 | 1200 | -0.1213 | -4.75 | 0.746 | 0.452 | 0 | -0.1411 | -0.1032 | 147.9 | 0.081 |
| W | 1 | 1 | 0.2 | 0.1 | 716 | -0.1033 | -3.06 | 0.786 | 0.458 | 1 | -0.0797 | -0.127 | 80 | 0.082 |
| W | 1 | 1 | 0.3 | 0 | 993 | -0.123 | -4.32 | 0.748 | 0.449 | 0 | -0.1463 | -0.1009 | 122.1 | 0.086 |
| W | 1 | 1 | 0.3 | 0.1 | 566 | -0.1033 | -2.69 | 0.788 | 0.463 | 1 | -0.0773 | -0.1288 | 60.1 | 0.085 |
| W | 1 | 1 | 0.5 | 0 | 668 | -0.0858 | -2.4 | 0.823 | 0.47 | 0 | -0.0675 | -0.1039 | 64.5 | 0.088 |
| W | 1 | 1 | 0.5 | 0.1 | 370 | -0.0662 | -1.38 | 0.86 | 0.465 | 1 | -0.0826 | -0.0515 | 29.7 | 0.09 |
| W | 1 | 1.5 | 0 | 0 | 1661 | -0.1122 | -4.67 | 0.774 | 0.425 | 1 | -0.1375 | -0.0892 | 197.1 | 0.075 |
| W | 1 | 1.5 | 0 | 0.1 | 1088 | -0.1038 | -3.5 | 0.789 | 0.425 | 0 | -0.1127 | -0.0954 | 117.3 | 0.077 |
| W | 1 | 1.5 | 0.05 | 0 | 1559 | -0.1218 | -4.93 | 0.757 | 0.427 | 1 | -0.1555 | -0.0913 | 201.8 | 0.076 |
| W | 1 | 1.5 | 0.05 | 0.1 | 989 | -0.0994 | -3.17 | 0.8 | 0.424 | 0 | -0.0933 | -0.1053 | 101.5 | 0.079 |
| W | 1 | 1.5 | 0.1 | 0 | 1454 | -0.0936 | -3.61 | 0.81 | 0.438 | 1 | -0.137 | -0.0537 | 143.4 | 0.078 |
| W | 1 | 1.5 | 0.1 | 0.1 | 894 | -0.0839 | -2.52 | 0.83 | 0.432 | 0 | -0.0679 | -0.0994 | 80.7 | 0.08 |
| W | 1 | 1.5 | 0.2 | 0 | 1200 | -0.108 | -3.75 | 0.787 | 0.42 | 0 | -0.1649 | -0.056 | 131.8 | 0.081 |
| W | 1 | 1.5 | 0.2 | 0.1 | 716 | -0.0906 | -2.39 | 0.822 | 0.422 | 0 | -0.0611 | -0.1203 | 73.6 | 0.082 |
| W | 1 | 1.5 | 0.3 | 0 | 993 | -0.1079 | -3.38 | 0.79 | 0.417 | 0 | -0.1293 | -0.0877 | 111.7 | 0.086 |
| W | 1 | 1.5 | 0.3 | 0.1 | 566 | -0.0961 | -2.22 | 0.815 | 0.417 | 0 | -0.0431 | -0.148 | 58.6 | 0.085 |
| W | 1 | 1.5 | 0.5 | 0 | 668 | -0.0771 | -1.92 | 0.851 | 0.427 | 1 | -0.059 | -0.0948 | 60.5 | 0.088 |
| W | 1 | 1.5 | 0.5 | 0.1 | 370 | -0.0975 | -1.81 | 0.815 | 0.4 | 0 | -0.1386 | -0.0606 | 41.3 | 0.09 |
| W | 1 | 2 | 0 | 0 | 1661 | -0.1309 | -5.18 | 0.745 | 0.405 | 0 | -0.1387 | -0.1237 | 228.5 | 0.075 |
| W | 1 | 2 | 0 | 0.1 | 1088 | -0.1247 | -4 | 0.756 | 0.403 | 0 | -0.145 | -0.1058 | 139.5 | 0.077 |
| W | 1 | 2 | 0.05 | 0 | 1559 | -0.1325 | -5.08 | 0.743 | 0.411 | 0 | -0.152 | -0.1148 | 219.4 | 0.076 |
| W | 1 | 2 | 0.05 | 0.1 | 989 | -0.1239 | -3.77 | 0.759 | 0.404 | 0 | -0.1345 | -0.1138 | 125.8 | 0.079 |
| W | 1 | 2 | 0.1 | 0 | 1454 | -0.1102 | -4.02 | 0.784 | 0.418 | 1 | -0.1403 | -0.0825 | 166.3 | 0.078 |
| W | 1 | 2 | 0.1 | 0.1 | 894 | -0.1072 | -3.09 | 0.789 | 0.414 | 0 | -0.0956 | -0.1185 | 101.3 | 0.08 |
| W | 1 | 2 | 0.2 | 0 | 1200 | -0.1232 | -4.05 | 0.764 | 0.401 | 0 | -0.1823 | -0.0692 | 149.1 | 0.081 |
| W | 1 | 2 | 0.2 | 0.1 | 716 | -0.0962 | -2.41 | 0.815 | 0.408 | 1 | -0.077 | -0.1156 | 77.8 | 0.082 |
| W | 1 | 2 | 0.3 | 0 | 993 | -0.1191 | -3.52 | 0.775 | 0.4 | 0 | -0.1518 | -0.0882 | 123.1 | 0.086 |
| W | 1 | 2 | 0.3 | 0.1 | 566 | -0.0958 | -2.06 | 0.822 | 0.398 | 1 | -0.0589 | -0.1318 | 58.7 | 0.085 |
| W | 1 | 2 | 0.5 | 0 | 668 | -0.0753 | -1.74 | 0.858 | 0.409 | 1 | -0.0705 | -0.0799 | 65.4 | 0.088 |
| W | 1 | 2 | 0.5 | 0.1 | 370 | -0.087 | -1.48 | 0.839 | 0.376 | 1 | -0.114 | -0.0628 | 36.5 | 0.09 |

### T2_ldn7-8

| sl | sl_k | tp_r | buf_k | buf_atr | n | avg_R | t_stat | PF | win_rate | yrs_pos | L_avg | S_avg | maxDD_R | cost_R |
|---|---|---|---|---|---|---|---|---|---|---|---|---|---|---|
| W | 0.25 | 0 | 0 | 0 | 1993 | -0.718 | -10.86 | 0.369 | 0.045 | 0 | -0.7169 | -0.7189 | 1487.3 | 0.679 |
| W | 0.25 | 0 | 0 | 0.1 | 1428 | -0.8184 | -13.16 | 0.29 | 0.036 | 0 | -0.8321 | -0.8057 | 1168.6 | 0.689 |
| W | 0.25 | 0 | 0.05 | 0 | 1965 | -0.6286 | -9.14 | 0.446 | 0.051 | 0 | -0.5694 | -0.6792 | 1252.9 | 0.684 |
| W | 0.25 | 0 | 0.05 | 0.1 | 1368 | -0.7695 | -10.22 | 0.333 | 0.036 | 0 | -0.8489 | -0.6956 | 1052.7 | 0.694 |
| W | 0.25 | 0 | 0.1 | 0 | 1930 | -0.5928 | -8.3 | 0.478 | 0.051 | 0 | -0.5342 | -0.6423 | 1161.7 | 0.691 |
| W | 0.25 | 0 | 0.1 | 0.1 | 1304 | -0.7575 | -9.75 | 0.343 | 0.037 | 0 | -0.8033 | -0.7143 | 987.8 | 0.704 |
| W | 0.25 | 0 | 0.2 | 0 | 1841 | -0.5995 | -7.96 | 0.476 | 0.046 | 0 | -0.6762 | -0.5347 | 1141.1 | 0.703 |
| W | 0.25 | 0 | 0.2 | 0.1 | 1170 | -0.7754 | -8.14 | 0.333 | 0.037 | 0 | -0.953 | -0.6061 | 907.2 | 0.726 |
| W | 0.25 | 0 | 0.3 | 0 | 1736 | -0.6094 | -7.39 | 0.469 | 0.043 | 0 | -0.7444 | -0.4922 | 1111.8 | 0.72 |
| W | 0.25 | 0 | 0.3 | 0.1 | 1041 | -0.6117 | -5.22 | 0.468 | 0.048 | 1 | -0.811 | -0.421 | 704.8 | 0.737 |
| W | 0.25 | 0 | 0.5 | 0 | 1525 | -0.8543 | -14.47 | 0.268 | 0.033 | 0 | -0.9901 | -0.7293 | 1304.5 | 0.74 |
| W | 0.25 | 0 | 0.5 | 0.1 | 859 | -0.6723 | -6.04 | 0.419 | 0.045 | 1 | -0.662 | -0.6826 | 581.9 | 0.77 |
| W | 0.25 | 0.5 | 0 | 0 | 1993 | -0.6943 | -40.9 | 0.158 | 0.317 | 0 | -0.6925 | -0.6959 | 1383.8 | 0.679 |
| W | 0.25 | 0.5 | 0 | 0.1 | 1428 | -0.6904 | -34.28 | 0.16 | 0.321 | 0 | -0.7072 | -0.675 | 986.4 | 0.689 |
| W | 0.25 | 0.5 | 0.05 | 0 | 1965 | -0.6825 | -39.71 | 0.163 | 0.325 | 0 | -0.6636 | -0.6986 | 1341.5 | 0.684 |
| W | 0.25 | 0.5 | 0.05 | 0.1 | 1368 | -0.6519 | -31.18 | 0.177 | 0.346 | 0 | -0.6595 | -0.6447 | 892.2 | 0.694 |
| W | 0.25 | 0.5 | 0.1 | 0 | 1930 | -0.6706 | -38.43 | 0.169 | 0.333 | 0 | -0.6727 | -0.6688 | 1294.6 | 0.691 |
| W | 0.25 | 0.5 | 0.1 | 0.1 | 1304 | -0.6661 | -31.27 | 0.17 | 0.337 | 0 | -0.6827 | -0.6504 | 868.6 | 0.704 |
| W | 0.25 | 0.5 | 0.2 | 0 | 1841 | -0.6917 | -38.95 | 0.16 | 0.321 | 0 | -0.73 | -0.6593 | 1274.3 | 0.703 |
| W | 0.25 | 0.5 | 0.2 | 0.1 | 1170 | -0.6864 | -30.28 | 0.163 | 0.328 | 0 | -0.7128 | -0.6611 | 803.4 | 0.726 |
| W | 0.25 | 0.5 | 0.3 | 0 | 1736 | -0.7018 | -38.68 | 0.154 | 0.316 | 0 | -0.7165 | -0.6891 | 1218.8 | 0.72 |
| W | 0.25 | 0.5 | 0.3 | 0.1 | 1041 | -0.7292 | -31.06 | 0.143 | 0.303 | 0 | -0.7489 | -0.7103 | 759.5 | 0.737 |
| W | 0.25 | 0.5 | 0.5 | 0 | 1525 | -0.6867 | -34.93 | 0.162 | 0.329 | 0 | -0.7 | -0.6744 | 1047.6 | 0.74 |
| W | 0.25 | 0.5 | 0.5 | 0.1 | 859 | -0.7165 | -27.68 | 0.149 | 0.312 | 0 | -0.7108 | -0.7221 | 615.9 | 0.77 |
| W | 0.25 | 1 | 0 | 0 | 1993 | -0.6685 | -32.35 | 0.256 | 0.252 | 0 | -0.6668 | -0.67 | 1332.4 | 0.679 |
| W | 0.25 | 1 | 0 | 0.1 | 1428 | -0.6875 | -28.47 | 0.244 | 0.244 | 0 | -0.6871 | -0.6878 | 982.6 | 0.689 |
| W | 0.25 | 1 | 0.05 | 0 | 1965 | -0.6599 | -31.55 | 0.262 | 0.257 | 0 | -0.635 | -0.6812 | 1298.2 | 0.684 |
| W | 0.25 | 1 | 0.05 | 0.1 | 1368 | -0.6379 | -25.08 | 0.276 | 0.269 | 0 | -0.6275 | -0.6475 | 873.5 | 0.694 |
| W | 0.25 | 1 | 0.1 | 0 | 1930 | -0.6715 | -32.02 | 0.254 | 0.252 | 0 | -0.6712 | -0.6717 | 1297.5 | 0.691 |
| W | 0.25 | 1 | 0.1 | 0.1 | 1304 | -0.6462 | -24.93 | 0.271 | 0.265 | 0 | -0.6364 | -0.6555 | 843.8 | 0.704 |
| W | 0.25 | 1 | 0.2 | 0 | 1841 | -0.6884 | -32.28 | 0.245 | 0.245 | 0 | -0.7233 | -0.6588 | 1268.2 | 0.703 |
| W | 0.25 | 1 | 0.2 | 0.1 | 1170 | -0.6813 | -25.08 | 0.25 | 0.251 | 0 | -0.6831 | -0.6796 | 797.1 | 0.726 |
| W | 0.25 | 1 | 0.3 | 0 | 1736 | -0.7058 | -32.61 | 0.233 | 0.237 | 0 | -0.7318 | -0.6832 | 1226.2 | 0.72 |
| W | 0.25 | 1 | 0.3 | 0.1 | 1041 | -0.7169 | -25.46 | 0.229 | 0.235 | 0 | -0.7249 | -0.7092 | 746.3 | 0.737 |
| W | 0.25 | 1 | 0.5 | 0 | 1525 | -0.6798 | -28.72 | 0.251 | 0.252 | 0 | -0.6697 | -0.6891 | 1037.6 | 0.74 |
| W | 0.25 | 1 | 0.5 | 0.1 | 859 | -0.6789 | -21.38 | 0.254 | 0.255 | 0 | -0.6448 | -0.7127 | 584.1 | 0.77 |
| W | 0.25 | 1.5 | 0 | 0 | 1993 | -0.6567 | -27.58 | 0.309 | 0.208 | 0 | -0.6442 | -0.6673 | 1309.3 | 0.679 |
| W | 0.25 | 1.5 | 0 | 0.1 | 1428 | -0.677 | -24.33 | 0.295 | 0.201 | 0 | -0.6581 | -0.6944 | 966.7 | 0.689 |
| W | 0.25 | 1.5 | 0.05 | 0 | 1965 | -0.6672 | -28.02 | 0.301 | 0.204 | 0 | -0.6485 | -0.6833 | 1314.1 | 0.684 |
| W | 0.25 | 1.5 | 0.05 | 0.1 | 1368 | -0.6273 | -21.36 | 0.331 | 0.221 | 0 | -0.6111 | -0.6423 | 858.1 | 0.694 |
| W | 0.25 | 1.5 | 0.1 | 0 | 1930 | -0.6649 | -27.64 | 0.303 | 0.205 | 0 | -0.6674 | -0.6629 | 1286.4 | 0.691 |
| W | 0.25 | 1.5 | 0.1 | 0.1 | 1304 | -0.6417 | -21.53 | 0.32 | 0.215 | 0 | -0.6152 | -0.6667 | 837.9 | 0.704 |
| W | 0.25 | 1.5 | 0.2 | 0 | 1841 | -0.6829 | -27.94 | 0.292 | 0.199 | 0 | -0.7183 | -0.653 | 1258.7 | 0.703 |
| W | 0.25 | 1.5 | 0.2 | 0.1 | 1170 | -0.6763 | -21.75 | 0.298 | 0.204 | 0 | -0.6558 | -0.6959 | 791.7 | 0.726 |
| W | 0.25 | 1.5 | 0.3 | 0 | 1736 | -0.7132 | -29.01 | 0.271 | 0.188 | 0 | -0.7754 | -0.6591 | 1239.9 | 0.72 |
| W | 0.25 | 1.5 | 0.3 | 0.1 | 1041 | -0.7053 | -21.82 | 0.278 | 0.194 | 0 | -0.7189 | -0.6923 | 734.2 | 0.737 |
| W | 0.25 | 1.5 | 0.5 | 0 | 1525 | -0.6633 | -24.22 | 0.308 | 0.21 | 0 | -0.6531 | -0.6726 | 1012.8 | 0.74 |
| W | 0.25 | 1.5 | 0.5 | 0.1 | 859 | -0.6467 | -17.47 | 0.321 | 0.218 | 0 | -0.6113 | -0.6819 | 556.9 | 0.77 |
| W | 0.25 | 2 | 0 | 0 | 1993 | -0.6557 | -24.77 | 0.337 | 0.174 | 0 | -0.6353 | -0.6729 | 1308.2 | 0.679 |
| W | 0.25 | 2 | 0 | 0.1 | 1428 | -0.7054 | -23.36 | 0.301 | 0.159 | 0 | -0.6789 | -0.7298 | 1007.3 | 0.689 |
| W | 0.25 | 2 | 0.05 | 0 | 1965 | -0.6555 | -24.56 | 0.337 | 0.175 | 0 | -0.6242 | -0.6823 | 1292.6 | 0.684 |
| W | 0.25 | 2 | 0.05 | 0.1 | 1368 | -0.6291 | -19.25 | 0.358 | 0.184 | 0 | -0.6135 | -0.6435 | 860.6 | 0.694 |
| W | 0.25 | 2 | 0.1 | 0 | 1930 | -0.6592 | -24.55 | 0.334 | 0.174 | 0 | -0.6526 | -0.6647 | 1276.7 | 0.691 |
| W | 0.25 | 2 | 0.1 | 0.1 | 1304 | -0.6589 | -20.09 | 0.336 | 0.175 | 0 | -0.6528 | -0.6648 | 862.3 | 0.704 |
| W | 0.25 | 2 | 0.2 | 0 | 1841 | -0.6847 | -25.28 | 0.317 | 0.166 | 0 | -0.7198 | -0.655 | 1262.5 | 0.703 |
| W | 0.25 | 2 | 0.2 | 0.1 | 1170 | -0.6659 | -19.15 | 0.333 | 0.174 | 0 | -0.651 | -0.6801 | 780.5 | 0.726 |
| W | 0.25 | 2 | 0.3 | 0 | 1736 | -0.7163 | -26.32 | 0.294 | 0.157 | 0 | -0.7654 | -0.6737 | 1246.2 | 0.72 |
| W | 0.25 | 2 | 0.3 | 0.1 | 1041 | -0.7264 | -20.6 | 0.29 | 0.156 | 0 | -0.7743 | -0.6807 | 756.2 | 0.737 |
| W | 0.25 | 2 | 0.5 | 0 | 1525 | -0.7073 | -24.03 | 0.303 | 0.161 | 0 | -0.7097 | -0.705 | 1080.4 | 0.74 |
| W | 0.25 | 2 | 0.5 | 0.1 | 859 | -0.6094 | -14.43 | 0.378 | 0.194 | 0 | -0.5746 | -0.6439 | 525.3 | 0.77 |
| W | 0.5 | 0 | 0 | 0 | 1993 | -0.3251 | -5.51 | 0.665 | 0.118 | 1 | -0.3868 | -0.2728 | 707 | 0.339 |
| W | 0.5 | 0 | 0 | 0.1 | 1428 | -0.4206 | -6.06 | 0.573 | 0.103 | 0 | -0.556 | -0.2957 | 600.6 | 0.344 |
| W | 0.5 | 0 | 0.05 | 0 | 1965 | -0.3267 | -5.58 | 0.664 | 0.116 | 1 | -0.3505 | -0.3064 | 684.1 | 0.342 |
| W | 0.5 | 0 | 0.05 | 0.1 | 1368 | -0.3963 | -5.36 | 0.598 | 0.103 | 0 | -0.5987 | -0.2082 | 542.2 | 0.347 |
| W | 0.5 | 0 | 0.1 | 0 | 1930 | -0.3365 | -5.76 | 0.655 | 0.116 | 1 | -0.3714 | -0.3071 | 681.9 | 0.345 |
| W | 0.5 | 0 | 0.1 | 0.1 | 1304 | -0.3491 | -4.42 | 0.644 | 0.109 | 1 | -0.5302 | -0.1783 | 455.2 | 0.352 |
| W | 0.5 | 0 | 0.2 | 0 | 1841 | -0.3973 | -6.78 | 0.597 | 0.106 | 0 | -0.4884 | -0.3201 | 755.2 | 0.352 |
| W | 0.5 | 0 | 0.2 | 0.1 | 1170 | -0.4084 | -5.08 | 0.586 | 0.106 | 0 | -0.558 | -0.2659 | 477.9 | 0.363 |
| W | 0.5 | 0 | 0.3 | 0 | 1736 | -0.4249 | -7.15 | 0.569 | 0.107 | 0 | -0.6025 | -0.2707 | 770 | 0.36 |
| W | 0.5 | 0 | 0.3 | 0.1 | 1041 | -0.407 | -4.92 | 0.586 | 0.112 | 0 | -0.5079 | -0.3104 | 438.4 | 0.369 |
| W | 0.5 | 0 | 0.5 | 0 | 1525 | -0.4555 | -7.1 | 0.539 | 0.107 | 1 | -0.605 | -0.3179 | 695.5 | 0.37 |
| W | 0.5 | 0 | 0.5 | 0.1 | 859 | -0.2511 | -2.61 | 0.742 | 0.122 | 1 | -0.2346 | -0.2675 | 228.9 | 0.385 |
| W | 0.5 | 0.5 | 0 | 0 | 1993 | -0.3605 | -20.69 | 0.374 | 0.479 | 0 | -0.3845 | -0.3401 | 719.4 | 0.339 |
| W | 0.5 | 0.5 | 0 | 0.1 | 1428 | -0.3236 | -15.71 | 0.41 | 0.504 | 0 | -0.323 | -0.3241 | 462.5 | 0.344 |
| W | 0.5 | 0.5 | 0.05 | 0 | 1965 | -0.3684 | -21 | 0.366 | 0.474 | 0 | -0.3761 | -0.3618 | 724.8 | 0.342 |
| W | 0.5 | 0.5 | 0.05 | 0.1 | 1368 | -0.3275 | -15.56 | 0.406 | 0.501 | 0 | -0.3284 | -0.3268 | 448.5 | 0.347 |
| W | 0.5 | 0.5 | 0.1 | 0 | 1930 | -0.3665 | -20.73 | 0.368 | 0.475 | 0 | -0.3952 | -0.3424 | 708.3 | 0.345 |
| W | 0.5 | 0.5 | 0.1 | 0.1 | 1304 | -0.3372 | -15.64 | 0.396 | 0.495 | 0 | -0.3426 | -0.3321 | 439.7 | 0.352 |
| W | 0.5 | 0.5 | 0.2 | 0 | 1841 | -0.3816 | -21.09 | 0.354 | 0.466 | 0 | -0.4177 | -0.351 | 703 | 0.352 |
| W | 0.5 | 0.5 | 0.2 | 0.1 | 1170 | -0.3646 | -16 | 0.369 | 0.479 | 0 | -0.3618 | -0.3674 | 427.1 | 0.363 |
| W | 0.5 | 0.5 | 0.3 | 0 | 1736 | -0.372 | -19.96 | 0.362 | 0.473 | 0 | -0.3888 | -0.3574 | 647.3 | 0.36 |
| W | 0.5 | 0.5 | 0.3 | 0.1 | 1041 | -0.343 | -14.17 | 0.391 | 0.494 | 0 | -0.3303 | -0.3551 | 357.5 | 0.369 |
| W | 0.5 | 0.5 | 0.5 | 0 | 1525 | -0.3494 | -17.46 | 0.384 | 0.49 | 0 | -0.3072 | -0.3882 | 533.2 | 0.37 |
| W | 0.5 | 0.5 | 0.5 | 0.1 | 859 | -0.3117 | -11.68 | 0.424 | 0.516 | 0 | -0.3287 | -0.2949 | 268.2 | 0.385 |
| W | 0.5 | 1 | 0 | 0 | 1993 | -0.3592 | -16.25 | 0.489 | 0.362 | 0 | -0.3672 | -0.3523 | 718.5 | 0.339 |
| W | 0.5 | 1 | 0 | 0.1 | 1428 | -0.3431 | -13.07 | 0.506 | 0.37 | 0 | -0.3501 | -0.3366 | 489.9 | 0.344 |
| W | 0.5 | 1 | 0.05 | 0 | 1965 | -0.3905 | -17.71 | 0.457 | 0.347 | 0 | -0.41 | -0.3739 | 770.1 | 0.342 |
| W | 0.5 | 1 | 0.05 | 0.1 | 1368 | -0.3392 | -12.63 | 0.51 | 0.373 | 0 | -0.3432 | -0.3354 | 464 | 0.347 |
| W | 0.5 | 1 | 0.1 | 0 | 1930 | -0.4002 | -18.06 | 0.448 | 0.342 | 0 | -0.4234 | -0.3807 | 775.2 | 0.345 |
| W | 0.5 | 1 | 0.1 | 0.1 | 1304 | -0.35 | -12.76 | 0.498 | 0.368 | 0 | -0.354 | -0.3463 | 456.4 | 0.352 |
| W | 0.5 | 1 | 0.2 | 0 | 1841 | -0.4051 | -17.89 | 0.443 | 0.341 | 0 | -0.4424 | -0.3735 | 746.8 | 0.352 |
| W | 0.5 | 1 | 0.2 | 0.1 | 1170 | -0.3512 | -12.13 | 0.497 | 0.368 | 0 | -0.3577 | -0.345 | 412.6 | 0.363 |
| W | 0.5 | 1 | 0.3 | 0 | 1736 | -0.3887 | -16.54 | 0.459 | 0.349 | 0 | -0.4309 | -0.3519 | 682.2 | 0.36 |
| W | 0.5 | 1 | 0.3 | 0.1 | 1041 | -0.3377 | -10.93 | 0.512 | 0.376 | 0 | -0.3511 | -0.3248 | 352.5 | 0.369 |
| W | 0.5 | 1 | 0.5 | 0 | 1525 | -0.3625 | -14.3 | 0.486 | 0.363 | 0 | -0.3324 | -0.3902 | 554.5 | 0.37 |
| W | 0.5 | 1 | 0.5 | 0.1 | 859 | -0.263 | -7.59 | 0.597 | 0.413 | 0 | -0.2525 | -0.2734 | 228.9 | 0.385 |
| W | 0.5 | 1.5 | 0 | 0 | 1993 | -0.3634 | -14.03 | 0.535 | 0.29 | 0 | -0.3596 | -0.3666 | 730.2 | 0.339 |
| W | 0.5 | 1.5 | 0 | 0.1 | 1428 | -0.3602 | -11.75 | 0.538 | 0.291 | 0 | -0.3771 | -0.3446 | 517 | 0.344 |
| W | 0.5 | 1.5 | 0.05 | 0 | 1965 | -0.3872 | -14.98 | 0.511 | 0.28 | 0 | -0.3774 | -0.3956 | 766 | 0.342 |
| W | 0.5 | 1.5 | 0.05 | 0.1 | 1368 | -0.3602 | -11.5 | 0.538 | 0.292 | 0 | -0.3962 | -0.3268 | 495.3 | 0.347 |
| W | 0.5 | 1.5 | 0.1 | 0 | 1930 | -0.3931 | -15.06 | 0.506 | 0.278 | 0 | -0.3859 | -0.3992 | 763.8 | 0.345 |
| W | 0.5 | 1.5 | 0.1 | 0.1 | 1304 | -0.3488 | -10.82 | 0.55 | 0.297 | 0 | -0.3593 | -0.339 | 457.9 | 0.352 |
| W | 0.5 | 1.5 | 0.2 | 0 | 1841 | -0.4263 | -16.27 | 0.473 | 0.266 | 0 | -0.4526 | -0.4041 | 786.3 | 0.352 |
| W | 0.5 | 1.5 | 0.2 | 0.1 | 1170 | -0.3524 | -10.36 | 0.547 | 0.296 | 0 | -0.3669 | -0.3386 | 413.1 | 0.363 |
| W | 0.5 | 1.5 | 0.3 | 0 | 1736 | -0.424 | -15.68 | 0.475 | 0.267 | 0 | -0.4709 | -0.3832 | 740.6 | 0.36 |
| W | 0.5 | 1.5 | 0.3 | 0.1 | 1041 | -0.3247 | -8.87 | 0.577 | 0.308 | 0 | -0.3568 | -0.2939 | 338 | 0.369 |
| W | 0.5 | 1.5 | 0.5 | 0 | 1525 | -0.3689 | -12.43 | 0.531 | 0.29 | 0 | -0.3388 | -0.3967 | 564.1 | 0.37 |
| W | 0.5 | 1.5 | 0.5 | 0.1 | 859 | -0.2846 | -6.97 | 0.621 | 0.324 | 0 | -0.251 | -0.318 | 248.4 | 0.385 |
| W | 0.5 | 2 | 0 | 0 | 1993 | -0.3648 | -12.49 | 0.562 | 0.242 | 0 | -0.3585 | -0.3701 | 733.4 | 0.339 |
| W | 0.5 | 2 | 0 | 0.1 | 1428 | -0.3828 | -11.19 | 0.544 | 0.237 | 0 | -0.4065 | -0.361 | 546.9 | 0.344 |
| W | 0.5 | 2 | 0.05 | 0 | 1965 | -0.3893 | -13.39 | 0.538 | 0.234 | 0 | -0.3878 | -0.3905 | 771.5 | 0.342 |
| W | 0.5 | 2 | 0.05 | 0.1 | 1368 | -0.375 | -10.69 | 0.552 | 0.24 | 0 | -0.4166 | -0.3363 | 513 | 0.347 |
| W | 0.5 | 2 | 0.1 | 0 | 1930 | -0.3948 | -13.45 | 0.533 | 0.233 | 0 | -0.3981 | -0.3921 | 766.6 | 0.345 |
| W | 0.5 | 2 | 0.1 | 0.1 | 1304 | -0.3779 | -10.55 | 0.549 | 0.24 | 0 | -0.4097 | -0.3478 | 492.7 | 0.352 |
| W | 0.5 | 2 | 0.2 | 0 | 1841 | -0.4001 | -13.38 | 0.528 | 0.231 | 0 | -0.4233 | -0.3804 | 738.5 | 0.352 |
| W | 0.5 | 2 | 0.2 | 0.1 | 1170 | -0.3689 | -9.69 | 0.559 | 0.243 | 0 | -0.4228 | -0.3177 | 433.4 | 0.363 |
| W | 0.5 | 2 | 0.3 | 0 | 1736 | -0.4089 | -13.34 | 0.519 | 0.228 | 0 | -0.4562 | -0.3677 | 713.7 | 0.36 |
| W | 0.5 | 2 | 0.3 | 0.1 | 1041 | -0.3305 | -8.01 | 0.599 | 0.256 | 0 | -0.3863 | -0.2771 | 346.3 | 0.369 |
| W | 0.5 | 2 | 0.5 | 0 | 1525 | -0.3797 | -11.41 | 0.549 | 0.24 | 0 | -0.3507 | -0.4065 | 581 | 0.37 |
| W | 0.5 | 2 | 0.5 | 0.1 | 859 | -0.259 | -5.54 | 0.676 | 0.279 | 0 | -0.2459 | -0.272 | 224.7 | 0.385 |
| W | 0.75 | 0 | 0 | 0 | 1993 | -0.2761 | -5.77 | 0.685 | 0.175 | 1 | -0.3442 | -0.2184 | 590.9 | 0.226 |
| W | 0.75 | 0 | 0 | 0.1 | 1428 | -0.3441 | -6.08 | 0.612 | 0.161 | 1 | -0.4572 | -0.2397 | 491.3 | 0.23 |
| W | 0.75 | 0 | 0.05 | 0 | 1965 | -0.2759 | -5.8 | 0.685 | 0.176 | 1 | -0.3542 | -0.209 | 560.4 | 0.228 |
| W | 0.75 | 0 | 0.05 | 0.1 | 1368 | -0.3321 | -5.69 | 0.625 | 0.166 | 1 | -0.4661 | -0.2075 | 454.3 | 0.231 |
| W | 0.75 | 0 | 0.1 | 0 | 1930 | -0.267 | -5.5 | 0.694 | 0.181 | 0 | -0.3682 | -0.1816 | 534.9 | 0.23 |
| W | 0.75 | 0 | 0.1 | 0.1 | 1304 | -0.2781 | -4.46 | 0.683 | 0.174 | 1 | -0.4149 | -0.149 | 370.2 | 0.235 |
| W | 0.75 | 0 | 0.2 | 0 | 1841 | -0.2885 | -5.74 | 0.671 | 0.174 | 0 | -0.4072 | -0.188 | 539.3 | 0.234 |
| W | 0.75 | 0 | 0.2 | 0.1 | 1170 | -0.2458 | -3.66 | 0.719 | 0.182 | 1 | -0.3718 | -0.1256 | 310.1 | 0.242 |
| W | 0.75 | 0 | 0.3 | 0 | 1736 | -0.2641 | -4.95 | 0.697 | 0.179 | 1 | -0.4062 | -0.1406 | 470.7 | 0.24 |
| W | 0.75 | 0 | 0.3 | 0.1 | 1041 | -0.2315 | -3.28 | 0.734 | 0.185 | 0 | -0.3003 | -0.1656 | 283.9 | 0.246 |
| W | 0.75 | 0 | 0.5 | 0 | 1525 | -0.3087 | -5.51 | 0.653 | 0.166 | 1 | -0.4361 | -0.1914 | 471.7 | 0.247 |
| W | 0.75 | 0 | 0.5 | 0.1 | 859 | -0.2043 | -2.54 | 0.768 | 0.171 | 1 | -0.2208 | -0.1878 | 184.5 | 0.257 |
| W | 0.75 | 0.5 | 0 | 0 | 1993 | -0.2524 | -14.72 | 0.495 | 0.531 | 0 | -0.2695 | -0.2379 | 503.9 | 0.226 |
| W | 0.75 | 0.5 | 0 | 0.1 | 1428 | -0.2103 | -10.43 | 0.552 | 0.56 | 0 | -0.2096 | -0.2109 | 300.8 | 0.23 |
| W | 0.75 | 0.5 | 0.05 | 0 | 1965 | -0.2616 | -15.14 | 0.483 | 0.525 | 0 | -0.281 | -0.245 | 517.6 | 0.228 |
| W | 0.75 | 0.5 | 0.05 | 0.1 | 1368 | -0.2005 | -9.75 | 0.567 | 0.567 | 0 | -0.1906 | -0.2096 | 275.5 | 0.231 |
| W | 0.75 | 0.5 | 0.1 | 0 | 1930 | -0.2562 | -14.7 | 0.49 | 0.529 | 0 | -0.2842 | -0.2325 | 495.3 | 0.23 |
| W | 0.75 | 0.5 | 0.1 | 0.1 | 1304 | -0.1999 | -9.48 | 0.568 | 0.567 | 0 | -0.1764 | -0.222 | 262 | 0.235 |
| W | 0.75 | 0.5 | 0.2 | 0 | 1841 | -0.2552 | -14.28 | 0.491 | 0.531 | 0 | -0.2774 | -0.2364 | 472.1 | 0.234 |
| W | 0.75 | 0.5 | 0.2 | 0.1 | 1170 | -0.2018 | -9.05 | 0.566 | 0.568 | 0 | -0.2026 | -0.201 | 236.9 | 0.242 |
| W | 0.75 | 0.5 | 0.3 | 0 | 1736 | -0.2549 | -13.85 | 0.491 | 0.532 | 0 | -0.2705 | -0.2413 | 446.8 | 0.24 |
| W | 0.75 | 0.5 | 0.3 | 0.1 | 1041 | -0.1991 | -8.42 | 0.57 | 0.57 | 0 | -0.2057 | -0.1927 | 211.7 | 0.246 |
| W | 0.75 | 0.5 | 0.5 | 0 | 1525 | -0.2174 | -11.12 | 0.542 | 0.557 | 0 | -0.1925 | -0.2403 | 335.2 | 0.247 |
| W | 0.75 | 0.5 | 0.5 | 0.1 | 859 | -0.2018 | -7.76 | 0.565 | 0.568 | 0 | -0.1989 | -0.2046 | 178.4 | 0.257 |
| W | 0.75 | 1 | 0 | 0 | 1993 | -0.256 | -11.49 | 0.6 | 0.399 | 0 | -0.2567 | -0.2554 | 514.8 | 0.226 |
| W | 0.75 | 1 | 0 | 0.1 | 1428 | -0.244 | -9.26 | 0.614 | 0.405 | 0 | -0.2825 | -0.2084 | 348.5 | 0.23 |
| W | 0.75 | 1 | 0.05 | 0 | 1965 | -0.271 | -12.11 | 0.582 | 0.391 | 0 | -0.2673 | -0.2742 | 536.2 | 0.228 |
| W | 0.75 | 1 | 0.05 | 0.1 | 1368 | -0.232 | -8.59 | 0.63 | 0.412 | 0 | -0.2541 | -0.2115 | 318.7 | 0.231 |
| W | 0.75 | 1 | 0.1 | 0 | 1930 | -0.2711 | -12 | 0.581 | 0.392 | 0 | -0.278 | -0.2652 | 526.8 | 0.23 |
| W | 0.75 | 1 | 0.1 | 0.1 | 1304 | -0.2095 | -7.54 | 0.659 | 0.423 | 0 | -0.2049 | -0.2137 | 276.9 | 0.235 |
| W | 0.75 | 1 | 0.2 | 0 | 1841 | -0.2753 | -11.94 | 0.576 | 0.392 | 0 | -0.2765 | -0.2743 | 508.8 | 0.234 |
| W | 0.75 | 1 | 0.2 | 0.1 | 1170 | -0.1872 | -6.35 | 0.691 | 0.436 | 0 | -0.202 | -0.173 | 220.6 | 0.242 |
| W | 0.75 | 1 | 0.3 | 0 | 1736 | -0.2729 | -11.47 | 0.579 | 0.393 | 0 | -0.2721 | -0.2736 | 475.7 | 0.24 |
| W | 0.75 | 1 | 0.3 | 0.1 | 1041 | -0.1872 | -5.98 | 0.691 | 0.436 | 0 | -0.2084 | -0.1669 | 198.6 | 0.246 |
| W | 0.75 | 1 | 0.5 | 0 | 1525 | -0.2391 | -9.33 | 0.622 | 0.41 | 0 | -0.2356 | -0.2424 | 366 | 0.247 |
| W | 0.75 | 1 | 0.5 | 0.1 | 859 | -0.1932 | -5.62 | 0.682 | 0.432 | 1 | -0.1602 | -0.2261 | 172.1 | 0.257 |
| W | 0.75 | 1.5 | 0 | 0 | 1993 | -0.2553 | -9.69 | 0.645 | 0.324 | 0 | -0.2541 | -0.2563 | 517.4 | 0.226 |
| W | 0.75 | 1.5 | 0 | 0.1 | 1428 | -0.2607 | -8.42 | 0.638 | 0.322 | 0 | -0.2907 | -0.2331 | 373.3 | 0.23 |
| W | 0.75 | 1.5 | 0.05 | 0 | 1965 | -0.2763 | -10.49 | 0.621 | 0.315 | 0 | -0.291 | -0.2638 | 550.1 | 0.228 |
| W | 0.75 | 1.5 | 0.05 | 0.1 | 1368 | -0.2307 | -7.22 | 0.674 | 0.336 | 0 | -0.2563 | -0.2069 | 315.6 | 0.231 |
| W | 0.75 | 1.5 | 0.1 | 0 | 1930 | -0.2668 | -10.01 | 0.631 | 0.32 | 0 | -0.2912 | -0.2461 | 522 | 0.23 |
| W | 0.75 | 1.5 | 0.1 | 0.1 | 1304 | -0.2285 | -6.97 | 0.677 | 0.336 | 0 | -0.2235 | -0.2332 | 298.8 | 0.235 |
| W | 0.75 | 1.5 | 0.2 | 0 | 1841 | -0.2727 | -10.02 | 0.624 | 0.319 | 0 | -0.2861 | -0.2614 | 505 | 0.234 |
| W | 0.75 | 1.5 | 0.2 | 0.1 | 1170 | -0.2404 | -6.96 | 0.663 | 0.333 | 0 | -0.2485 | -0.2328 | 282.1 | 0.242 |
| W | 0.75 | 1.5 | 0.3 | 0 | 1736 | -0.2589 | -9.19 | 0.641 | 0.324 | 0 | -0.2685 | -0.2506 | 452.4 | 0.24 |
| W | 0.75 | 1.5 | 0.3 | 0.1 | 1041 | -0.2189 | -5.93 | 0.69 | 0.341 | 0 | -0.2892 | -0.1516 | 231.9 | 0.246 |
| W | 0.75 | 1.5 | 0.5 | 0 | 1525 | -0.2557 | -8.47 | 0.646 | 0.325 | 0 | -0.2608 | -0.2511 | 391.5 | 0.247 |
| W | 0.75 | 1.5 | 0.5 | 0.1 | 859 | -0.211 | -5.17 | 0.7 | 0.341 | 1 | -0.2189 | -0.2031 | 183.7 | 0.257 |
| W | 0.75 | 2 | 0 | 0 | 1993 | -0.2511 | -8.44 | 0.673 | 0.278 | 0 | -0.2766 | -0.2295 | 513 | 0.226 |
| W | 0.75 | 2 | 0 | 0.1 | 1428 | -0.2585 | -7.4 | 0.664 | 0.275 | 0 | -0.3093 | -0.2117 | 369.6 | 0.23 |
| W | 0.75 | 2 | 0.05 | 0 | 1965 | -0.2577 | -8.62 | 0.665 | 0.275 | 0 | -0.3056 | -0.2168 | 517.1 | 0.228 |
| W | 0.75 | 2 | 0.05 | 0.1 | 1368 | -0.2243 | -6.19 | 0.704 | 0.287 | 0 | -0.2517 | -0.1988 | 306.8 | 0.231 |
| W | 0.75 | 2 | 0.1 | 0 | 1930 | -0.2618 | -8.71 | 0.66 | 0.275 | 0 | -0.3309 | -0.2035 | 515.9 | 0.23 |
| W | 0.75 | 2 | 0.1 | 0.1 | 1304 | -0.2074 | -5.56 | 0.724 | 0.293 | 0 | -0.207 | -0.2078 | 272.3 | 0.235 |
| W | 0.75 | 2 | 0.2 | 0 | 1841 | -0.2817 | -9.24 | 0.637 | 0.269 | 0 | -0.3313 | -0.2397 | 522.5 | 0.234 |
| W | 0.75 | 2 | 0.2 | 0.1 | 1170 | -0.2263 | -5.78 | 0.702 | 0.291 | 0 | -0.2427 | -0.2106 | 266.6 | 0.242 |
| W | 0.75 | 2 | 0.3 | 0 | 1736 | -0.2418 | -7.56 | 0.684 | 0.281 | 0 | -0.2869 | -0.2025 | 423.6 | 0.24 |
| W | 0.75 | 2 | 0.3 | 0.1 | 1041 | -0.2185 | -5.23 | 0.712 | 0.291 | 0 | -0.2787 | -0.1608 | 239.9 | 0.246 |
| W | 0.75 | 2 | 0.5 | 0 | 1525 | -0.2671 | -7.88 | 0.657 | 0.272 | 1 | -0.2714 | -0.2632 | 409.4 | 0.247 |
| W | 0.75 | 2 | 0.5 | 0.1 | 859 | -0.2525 | -5.55 | 0.674 | 0.275 | 1 | -0.2317 | -0.2732 | 222.7 | 0.257 |
| W | 1 | 0 | 0 | 0 | 1993 | -0.2067 | -4.86 | 0.737 | 0.233 | 0 | -0.2814 | -0.1434 | 431.8 | 0.17 |
| W | 1 | 0 | 0 | 0.1 | 1428 | -0.2323 | -4.67 | 0.707 | 0.23 | 2 | -0.2993 | -0.1705 | 336.8 | 0.172 |
| W | 1 | 0 | 0.05 | 0 | 1965 | -0.199 | -4.66 | 0.747 | 0.236 | 0 | -0.2621 | -0.1451 | 402 | 0.171 |
| W | 1 | 0 | 0.05 | 0.1 | 1368 | -0.2246 | -4.38 | 0.716 | 0.233 | 2 | -0.3197 | -0.1361 | 312.3 | 0.173 |
| W | 1 | 0 | 0.1 | 0 | 1930 | -0.1897 | -4.41 | 0.758 | 0.243 | 0 | -0.2455 | -0.1426 | 379.5 | 0.173 |
| W | 1 | 0 | 0.1 | 0.1 | 1304 | -0.1793 | -3.25 | 0.773 | 0.238 | 1 | -0.2575 | -0.1056 | 243.5 | 0.176 |
| W | 1 | 0 | 0.2 | 0 | 1841 | -0.2134 | -4.83 | 0.732 | 0.232 | 0 | -0.2887 | -0.1496 | 400.3 | 0.176 |
| W | 1 | 0 | 0.2 | 0.1 | 1170 | -0.1665 | -2.84 | 0.788 | 0.244 | 1 | -0.25 | -0.0869 | 214 | 0.181 |
| W | 1 | 0 | 0.3 | 0 | 1736 | -0.2331 | -5.15 | 0.709 | 0.226 | 0 | -0.3443 | -0.1366 | 416.5 | 0.18 |
| W | 1 | 0 | 0.3 | 0.1 | 1041 | -0.1594 | -2.56 | 0.798 | 0.239 | 2 | -0.2153 | -0.1059 | 209.7 | 0.184 |
| W | 1 | 0 | 0.5 | 0 | 1525 | -0.2634 | -5.54 | 0.676 | 0.222 | 0 | -0.3623 | -0.1724 | 414.5 | 0.185 |
| W | 1 | 0 | 0.5 | 0.1 | 859 | -0.17 | -2.54 | 0.786 | 0.229 | 1 | -0.1876 | -0.1524 | 153.4 | 0.193 |
| W | 1 | 0.5 | 0 | 0 | 1993 | -0.1884 | -11.16 | 0.586 | 0.563 | 0 | -0.1865 | -0.19 | 376.4 | 0.17 |
| W | 1 | 0.5 | 0 | 0.1 | 1428 | -0.1506 | -7.59 | 0.649 | 0.59 | 0 | -0.1523 | -0.149 | 215.8 | 0.172 |
| W | 1 | 0.5 | 0.05 | 0 | 1965 | -0.1952 | -11.46 | 0.575 | 0.56 | 0 | -0.1917 | -0.1981 | 384.5 | 0.171 |
| W | 1 | 0.5 | 0.05 | 0.1 | 1368 | -0.1346 | -6.67 | 0.678 | 0.602 | 0 | -0.1338 | -0.1354 | 186.5 | 0.173 |
| W | 1 | 0.5 | 0.1 | 0 | 1930 | -0.1906 | -11.1 | 0.582 | 0.563 | 0 | -0.1956 | -0.1864 | 369.8 | 0.173 |
| W | 1 | 0.5 | 0.1 | 0.1 | 1304 | -0.1351 | -6.53 | 0.677 | 0.601 | 1 | -0.127 | -0.1427 | 183.4 | 0.176 |
| W | 1 | 0.5 | 0.2 | 0 | 1841 | -0.1878 | -10.67 | 0.587 | 0.567 | 0 | -0.1946 | -0.1821 | 346.8 | 0.176 |
| W | 1 | 0.5 | 0.2 | 0.1 | 1170 | -0.1465 | -6.7 | 0.656 | 0.595 | 0 | -0.141 | -0.1517 | 174.1 | 0.181 |
| W | 1 | 0.5 | 0.3 | 0 | 1736 | -0.1916 | -10.55 | 0.582 | 0.565 | 0 | -0.21 | -0.1757 | 336.1 | 0.18 |
| W | 1 | 0.5 | 0.3 | 0.1 | 1041 | -0.1563 | -6.71 | 0.64 | 0.588 | 2 | -0.1401 | -0.1717 | 169.5 | 0.184 |
| W | 1 | 0.5 | 0.5 | 0 | 1525 | -0.1619 | -8.4 | 0.63 | 0.585 | 0 | -0.1641 | -0.1599 | 252.6 | 0.185 |
| W | 1 | 0.5 | 0.5 | 0.1 | 859 | -0.1244 | -4.89 | 0.698 | 0.61 | 2 | -0.1071 | -0.1416 | 114.3 | 0.193 |
| W | 1 | 1 | 0 | 0 | 1993 | -0.1868 | -8.41 | 0.685 | 0.427 | 0 | -0.1691 | -0.2017 | 377 | 0.17 |
| W | 1 | 1 | 0 | 0.1 | 1428 | -0.2025 | -7.74 | 0.664 | 0.422 | 0 | -0.2131 | -0.1927 | 289.8 | 0.172 |
| W | 1 | 1 | 0.05 | 0 | 1965 | -0.1905 | -8.53 | 0.68 | 0.426 | 0 | -0.1766 | -0.2023 | 378.1 | 0.171 |
| W | 1 | 1 | 0.05 | 0.1 | 1368 | -0.1783 | -6.63 | 0.698 | 0.434 | 0 | -0.1933 | -0.1643 | 243.9 | 0.173 |
| W | 1 | 1 | 0.1 | 0 | 1930 | -0.189 | -8.37 | 0.682 | 0.428 | 0 | -0.174 | -0.2017 | 370.5 | 0.173 |
| W | 1 | 1 | 0.1 | 0.1 | 1304 | -0.1726 | -6.27 | 0.706 | 0.437 | 0 | -0.1941 | -0.1523 | 226.3 | 0.176 |
| W | 1 | 1 | 0.2 | 0 | 1841 | -0.1935 | -8.37 | 0.677 | 0.427 | 0 | -0.191 | -0.1956 | 359.1 | 0.176 |
| W | 1 | 1 | 0.2 | 0.1 | 1170 | -0.1742 | -5.98 | 0.705 | 0.438 | 0 | -0.2166 | -0.1339 | 207.9 | 0.181 |
| W | 1 | 1 | 0.3 | 0 | 1736 | -0.192 | -8.05 | 0.679 | 0.426 | 0 | -0.2049 | -0.1808 | 335.3 | 0.18 |
| W | 1 | 1 | 0.3 | 0.1 | 1041 | -0.1684 | -5.44 | 0.713 | 0.437 | 1 | -0.2066 | -0.1318 | 179.9 | 0.184 |
| W | 1 | 1 | 0.5 | 0 | 1525 | -0.1587 | -6.19 | 0.728 | 0.445 | 0 | -0.1676 | -0.1505 | 246.1 | 0.185 |
| W | 1 | 1 | 0.5 | 0.1 | 859 | -0.1409 | -4.12 | 0.754 | 0.451 | 1 | -0.1458 | -0.136 | 125.3 | 0.193 |
| W | 1 | 1.5 | 0 | 0 | 1993 | -0.1773 | -6.75 | 0.733 | 0.356 | 0 | -0.1904 | -0.1662 | 362.1 | 0.17 |
| W | 1 | 1.5 | 0 | 0.1 | 1428 | -0.1945 | -6.3 | 0.711 | 0.349 | 0 | -0.2349 | -0.1573 | 278.9 | 0.172 |
| W | 1 | 1.5 | 0.05 | 0 | 1965 | -0.1829 | -6.92 | 0.726 | 0.353 | 0 | -0.2019 | -0.1667 | 366.7 | 0.171 |
| W | 1 | 1.5 | 0.05 | 0.1 | 1368 | -0.1684 | -5.3 | 0.746 | 0.361 | 0 | -0.1954 | -0.1434 | 231.3 | 0.173 |
| W | 1 | 1.5 | 0.1 | 0 | 1930 | -0.1804 | -6.76 | 0.73 | 0.355 | 0 | -0.2019 | -0.1624 | 359 | 0.173 |
| W | 1 | 1.5 | 0.1 | 0.1 | 1304 | -0.156 | -4.77 | 0.763 | 0.366 | 0 | -0.1625 | -0.1498 | 205.2 | 0.176 |
| W | 1 | 1.5 | 0.2 | 0 | 1841 | -0.2052 | -7.56 | 0.698 | 0.346 | 0 | -0.2321 | -0.1825 | 381.1 | 0.176 |
| W | 1 | 1.5 | 0.2 | 0.1 | 1170 | -0.1646 | -4.78 | 0.752 | 0.366 | 0 | -0.1934 | -0.1371 | 199.5 | 0.181 |
| W | 1 | 1.5 | 0.3 | 0 | 1736 | -0.2019 | -7.18 | 0.704 | 0.344 | 0 | -0.2416 | -0.1675 | 354.6 | 0.18 |
| W | 1 | 1.5 | 0.3 | 0.1 | 1041 | -0.173 | -4.73 | 0.741 | 0.357 | 0 | -0.2171 | -0.1307 | 187.5 | 0.184 |
| W | 1 | 1.5 | 0.5 | 0 | 1525 | -0.1887 | -6.25 | 0.722 | 0.352 | 1 | -0.2009 | -0.1775 | 294.8 | 0.185 |
| W | 1 | 1.5 | 0.5 | 0.1 | 859 | -0.1781 | -4.42 | 0.736 | 0.352 | 1 | -0.1586 | -0.1974 | 158.1 | 0.193 |
| W | 1 | 2 | 0 | 0 | 1993 | -0.1852 | -6.31 | 0.74 | 0.308 | 0 | -0.2299 | -0.1474 | 380 | 0.17 |
| W | 1 | 2 | 0 | 0.1 | 1428 | -0.2266 | -6.67 | 0.688 | 0.297 | 0 | -0.2757 | -0.1814 | 323.6 | 0.172 |
| W | 1 | 2 | 0.05 | 0 | 1965 | -0.2021 | -6.89 | 0.718 | 0.303 | 0 | -0.2397 | -0.1699 | 405.8 | 0.171 |
| W | 1 | 2 | 0.05 | 0.1 | 1368 | -0.2173 | -6.24 | 0.699 | 0.301 | 1 | -0.2784 | -0.1605 | 299.1 | 0.173 |
| W | 1 | 2 | 0.1 | 0 | 1930 | -0.1961 | -6.61 | 0.726 | 0.308 | 0 | -0.2341 | -0.1641 | 387.3 | 0.173 |
| W | 1 | 2 | 0.1 | 0.1 | 1304 | -0.2028 | -5.63 | 0.718 | 0.304 | 1 | -0.2436 | -0.1643 | 266.3 | 0.176 |
| W | 1 | 2 | 0.2 | 0 | 1841 | -0.2007 | -6.59 | 0.722 | 0.304 | 0 | -0.2611 | -0.1497 | 371.7 | 0.176 |
| W | 1 | 2 | 0.2 | 0.1 | 1170 | -0.1912 | -5.01 | 0.732 | 0.314 | 0 | -0.2263 | -0.1578 | 234.8 | 0.181 |
| W | 1 | 2 | 0.3 | 0 | 1736 | -0.1982 | -6.3 | 0.726 | 0.303 | 0 | -0.266 | -0.1394 | 347.9 | 0.18 |
| W | 1 | 2 | 0.3 | 0.1 | 1041 | -0.1749 | -4.28 | 0.754 | 0.312 | 0 | -0.2197 | -0.132 | 196.4 | 0.184 |
| W | 1 | 2 | 0.5 | 0 | 1525 | -0.2005 | -5.96 | 0.724 | 0.305 | 0 | -0.2522 | -0.1529 | 329.1 | 0.185 |
| W | 1 | 2 | 0.5 | 0.1 | 859 | -0.1524 | -3.34 | 0.785 | 0.313 | 1 | -0.1565 | -0.1483 | 139.5 | 0.193 |

### T3_ldn8-13

| sl | sl_k | tp_r | buf_k | buf_atr | n | avg_R | t_stat | PF | win_rate | yrs_pos | L_avg | S_avg | maxDD_R | cost_R |
|---|---|---|---|---|---|---|---|---|---|---|---|---|---|---|
| W | 0.25 | 0 | 0 | 0 | 1920 | -0.3648 | -7.62 | 0.6 | 0.163 | 0 | -0.4471 | -0.2902 | 700.4 | 0.309 |
| W | 0.25 | 0 | 0 | 0.1 | 1595 | -0.2632 | -4.46 | 0.704 | 0.184 | 0 | -0.26 | -0.2662 | 432.7 | 0.315 |
| W | 0.25 | 0 | 0.05 | 0 | 1866 | -0.3542 | -7.54 | 0.607 | 0.171 | 0 | -0.4048 | -0.3079 | 661 | 0.313 |
| W | 0.25 | 0 | 0.05 | 0.1 | 1522 | -0.2677 | -4.74 | 0.699 | 0.183 | 0 | -0.2455 | -0.2888 | 425.7 | 0.318 |
| W | 0.25 | 0 | 0.1 | 0 | 1806 | -0.3154 | -6.65 | 0.646 | 0.184 | 0 | -0.318 | -0.3129 | 580.6 | 0.315 |
| W | 0.25 | 0 | 0.1 | 0.1 | 1423 | -0.2478 | -4.2 | 0.721 | 0.182 | 1 | -0.2089 | -0.285 | 362.7 | 0.324 |
| W | 0.25 | 0 | 0.2 | 0 | 1652 | -0.2045 | -3.28 | 0.77 | 0.182 | 0 | -0.1172 | -0.2893 | 365 | 0.322 |
| W | 0.25 | 0 | 0.2 | 0.1 | 1254 | -0.2853 | -4.72 | 0.684 | 0.173 | 0 | -0.2186 | -0.3501 | 367.9 | 0.334 |
| W | 0.25 | 0 | 0.3 | 0 | 1496 | -0.2534 | -4.07 | 0.719 | 0.176 | 0 | -0.1838 | -0.3214 | 407.9 | 0.334 |
| W | 0.25 | 0 | 0.3 | 0.1 | 1121 | -0.2856 | -4.4 | 0.683 | 0.172 | 1 | -0.254 | -0.3151 | 322.4 | 0.342 |
| W | 0.25 | 0 | 0.5 | 0 | 1212 | -0.3512 | -5.62 | 0.623 | 0.167 | 0 | -0.3151 | -0.3855 | 434.4 | 0.349 |
| W | 0.25 | 0 | 0.5 | 0.1 | 865 | -0.3606 | -4.21 | 0.614 | 0.14 | 2 | -0.2763 | -0.4412 | 340.9 | 0.353 |
| W | 0.25 | 0.5 | 0 | 0 | 1920 | -0.3534 | -19.68 | 0.382 | 0.481 | 0 | -0.3581 | -0.3492 | 678.6 | 0.309 |
| W | 0.25 | 0.5 | 0 | 0.1 | 1595 | -0.3272 | -16.89 | 0.406 | 0.496 | 0 | -0.3424 | -0.3129 | 522.9 | 0.315 |
| W | 0.25 | 0.5 | 0.05 | 0 | 1866 | -0.3521 | -19.16 | 0.383 | 0.482 | 0 | -0.3881 | -0.3191 | 657 | 0.313 |
| W | 0.25 | 0.5 | 0.05 | 0.1 | 1522 | -0.3272 | -16.49 | 0.406 | 0.496 | 0 | -0.3144 | -0.3394 | 500 | 0.318 |
| W | 0.25 | 0.5 | 0.1 | 0 | 1806 | -0.336 | -17.98 | 0.399 | 0.493 | 0 | -0.3637 | -0.3096 | 606.8 | 0.315 |
| W | 0.25 | 0.5 | 0.1 | 0.1 | 1423 | -0.351 | -17.07 | 0.383 | 0.481 | 0 | -0.3285 | -0.3726 | 499.5 | 0.324 |
| W | 0.25 | 0.5 | 0.2 | 0 | 1652 | -0.353 | -18.5 | 0.381 | 0.48 | 0 | -0.3579 | -0.3483 | 583.2 | 0.322 |
| W | 0.25 | 0.5 | 0.2 | 0.1 | 1254 | -0.3608 | -16.51 | 0.372 | 0.476 | 0 | -0.3335 | -0.3874 | 455.7 | 0.334 |
| W | 0.25 | 0.5 | 0.3 | 0 | 1496 | -0.3802 | -18.98 | 0.355 | 0.464 | 0 | -0.3646 | -0.3953 | 571.8 | 0.334 |
| W | 0.25 | 0.5 | 0.3 | 0.1 | 1121 | -0.3547 | -15.34 | 0.378 | 0.481 | 0 | -0.3476 | -0.3613 | 398 | 0.342 |
| W | 0.25 | 0.5 | 0.5 | 0 | 1212 | -0.374 | -16.81 | 0.36 | 0.469 | 0 | -0.3531 | -0.3939 | 456 | 0.349 |
| W | 0.25 | 0.5 | 0.5 | 0.1 | 865 | -0.4305 | -16.42 | 0.311 | 0.434 | 0 | -0.4008 | -0.4589 | 372.9 | 0.353 |
| W | 0.25 | 1 | 0 | 0 | 1920 | -0.3442 | -15.09 | 0.504 | 0.368 | 0 | -0.3573 | -0.3323 | 660.8 | 0.309 |
| W | 0.25 | 1 | 0 | 0.1 | 1595 | -0.3347 | -13.46 | 0.513 | 0.373 | 0 | -0.3485 | -0.3217 | 539.8 | 0.315 |
| W | 0.25 | 1 | 0.05 | 0 | 1866 | -0.3284 | -14.03 | 0.521 | 0.377 | 0 | -0.3611 | -0.2985 | 612.9 | 0.313 |
| W | 0.25 | 1 | 0.05 | 0.1 | 1522 | -0.316 | -12.33 | 0.533 | 0.381 | 0 | -0.3197 | -0.3126 | 483.8 | 0.318 |
| W | 0.25 | 1 | 0.1 | 0 | 1806 | -0.3208 | -13.46 | 0.53 | 0.382 | 0 | -0.3549 | -0.2884 | 579.3 | 0.315 |
| W | 0.25 | 1 | 0.1 | 0.1 | 1423 | -0.3357 | -12.72 | 0.512 | 0.372 | 0 | -0.3268 | -0.3442 | 478.6 | 0.324 |
| W | 0.25 | 1 | 0.2 | 0 | 1652 | -0.3299 | -13.43 | 0.519 | 0.375 | 0 | -0.3271 | -0.3327 | 550.1 | 0.322 |
| W | 0.25 | 1 | 0.2 | 0.1 | 1254 | -0.3513 | -12.65 | 0.495 | 0.364 | 0 | -0.3175 | -0.3841 | 443.2 | 0.334 |
| W | 0.25 | 1 | 0.3 | 0 | 1496 | -0.363 | -14.32 | 0.483 | 0.359 | 0 | -0.352 | -0.3739 | 546.5 | 0.334 |
| W | 0.25 | 1 | 0.3 | 0.1 | 1121 | -0.3422 | -11.63 | 0.504 | 0.368 | 0 | -0.3343 | -0.3496 | 386.3 | 0.342 |
| W | 0.25 | 1 | 0.5 | 0 | 1212 | -0.3475 | -12.12 | 0.501 | 0.369 | 0 | -0.3048 | -0.3882 | 422.9 | 0.349 |
| W | 0.25 | 1 | 0.5 | 0.1 | 865 | -0.435 | -13.35 | 0.413 | 0.325 | 0 | -0.4249 | -0.4446 | 376.3 | 0.353 |
| W | 0.25 | 1.5 | 0 | 0 | 1920 | -0.3319 | -12.41 | 0.565 | 0.304 | 0 | -0.3649 | -0.302 | 637.6 | 0.309 |
| W | 0.25 | 1.5 | 0 | 0.1 | 1595 | -0.3005 | -10.22 | 0.597 | 0.318 | 0 | -0.3285 | -0.2741 | 492.9 | 0.315 |
| W | 0.25 | 1.5 | 0.05 | 0 | 1866 | -0.3043 | -11.05 | 0.595 | 0.316 | 0 | -0.3496 | -0.2628 | 567.7 | 0.313 |
| W | 0.25 | 1.5 | 0.05 | 0.1 | 1522 | -0.2822 | -9.29 | 0.619 | 0.323 | 0 | -0.2598 | -0.3035 | 443.1 | 0.318 |
| W | 0.25 | 1.5 | 0.1 | 0 | 1806 | -0.2987 | -10.65 | 0.602 | 0.317 | 0 | -0.3218 | -0.2767 | 542.4 | 0.315 |
| W | 0.25 | 1.5 | 0.1 | 0.1 | 1423 | -0.2996 | -9.59 | 0.599 | 0.316 | 0 | -0.2783 | -0.32 | 426.4 | 0.324 |
| W | 0.25 | 1.5 | 0.2 | 0 | 1652 | -0.2963 | -10.2 | 0.603 | 0.317 | 0 | -0.2962 | -0.2964 | 500.8 | 0.322 |
| W | 0.25 | 1.5 | 0.2 | 0.1 | 1254 | -0.3396 | -10.34 | 0.556 | 0.301 | 0 | -0.2833 | -0.3943 | 432.2 | 0.334 |
| W | 0.25 | 1.5 | 0.3 | 0 | 1496 | -0.3275 | -10.87 | 0.57 | 0.304 | 0 | -0.3118 | -0.3429 | 502.8 | 0.334 |
| W | 0.25 | 1.5 | 0.3 | 0.1 | 1121 | -0.358 | -10.46 | 0.536 | 0.293 | 0 | -0.3515 | -0.364 | 406.5 | 0.342 |
| W | 0.25 | 1.5 | 0.5 | 0 | 1212 | -0.3585 | -10.78 | 0.538 | 0.295 | 0 | -0.2854 | -0.4281 | 440.1 | 0.349 |
| W | 0.25 | 1.5 | 0.5 | 0.1 | 865 | -0.4271 | -11.22 | 0.47 | 0.265 | 0 | -0.4434 | -0.4115 | 369.4 | 0.353 |
| W | 0.25 | 2 | 0 | 0 | 1920 | -0.3651 | -12.36 | 0.556 | 0.248 | 0 | -0.4018 | -0.3318 | 701.8 | 0.309 |
| W | 0.25 | 2 | 0 | 0.1 | 1595 | -0.2976 | -9 | 0.625 | 0.273 | 0 | -0.3356 | -0.2617 | 484.4 | 0.315 |
| W | 0.25 | 2 | 0.05 | 0 | 1866 | -0.3065 | -9.93 | 0.618 | 0.268 | 0 | -0.3579 | -0.2594 | 571.9 | 0.313 |
| W | 0.25 | 2 | 0.05 | 0.1 | 1522 | -0.2886 | -8.49 | 0.636 | 0.273 | 0 | -0.2531 | -0.3225 | 455.3 | 0.318 |
| W | 0.25 | 2 | 0.1 | 0 | 1806 | -0.2693 | -8.46 | 0.659 | 0.281 | 0 | -0.3069 | -0.2335 | 487.8 | 0.315 |
| W | 0.25 | 2 | 0.1 | 0.1 | 1423 | -0.296 | -8.43 | 0.628 | 0.272 | 0 | -0.2628 | -0.3277 | 421.8 | 0.324 |
| W | 0.25 | 2 | 0.2 | 0 | 1652 | -0.2744 | -8.34 | 0.652 | 0.277 | 0 | -0.2333 | -0.3142 | 472.2 | 0.322 |
| W | 0.25 | 2 | 0.2 | 0.1 | 1254 | -0.3352 | -9.1 | 0.586 | 0.258 | 0 | -0.2767 | -0.392 | 427.8 | 0.334 |
| W | 0.25 | 2 | 0.3 | 0 | 1496 | -0.3224 | -9.54 | 0.6 | 0.263 | 0 | -0.3059 | -0.3384 | 494.3 | 0.334 |
| W | 0.25 | 2 | 0.3 | 0.1 | 1121 | -0.3507 | -9.13 | 0.569 | 0.254 | 0 | -0.3529 | -0.3486 | 398.6 | 0.342 |
| W | 0.25 | 2 | 0.5 | 0 | 1212 | -0.3616 | -9.73 | 0.561 | 0.251 | 0 | -0.3128 | -0.408 | 444.1 | 0.349 |
| W | 0.25 | 2 | 0.5 | 0.1 | 865 | -0.416 | -9.74 | 0.507 | 0.229 | 0 | -0.43 | -0.4025 | 359.8 | 0.353 |
| W | 0.5 | 0 | 0 | 0 | 1920 | -0.1492 | -4.07 | 0.781 | 0.312 | 0 | -0.1536 | -0.1453 | 296.6 | 0.155 |
| W | 0.5 | 0 | 0 | 0.1 | 1595 | -0.1175 | -2.94 | 0.823 | 0.328 | 2 | -0.101 | -0.133 | 195.1 | 0.158 |
| W | 0.5 | 0 | 0.05 | 0 | 1866 | -0.1467 | -3.98 | 0.783 | 0.314 | 0 | -0.1498 | -0.1439 | 288.3 | 0.157 |
| W | 0.5 | 0 | 0.05 | 0.1 | 1522 | -0.1338 | -3.45 | 0.799 | 0.328 | 1 | -0.1111 | -0.1555 | 207.9 | 0.159 |
| W | 0.5 | 0 | 0.1 | 0 | 1806 | -0.1299 | -3.46 | 0.807 | 0.323 | 0 | -0.0869 | -0.1707 | 249.5 | 0.158 |
| W | 0.5 | 0 | 0.1 | 0.1 | 1423 | -0.1325 | -3.27 | 0.803 | 0.323 | 1 | -0.0982 | -0.1653 | 193.5 | 0.162 |
| W | 0.5 | 0 | 0.2 | 0 | 1652 | -0.1196 | -2.96 | 0.823 | 0.32 | 0 | -0.0515 | -0.1858 | 222.8 | 0.161 |
| W | 0.5 | 0 | 0.2 | 0.1 | 1254 | -0.1728 | -4.09 | 0.752 | 0.307 | 1 | -0.1171 | -0.2268 | 226.1 | 0.167 |
| W | 0.5 | 0 | 0.3 | 0 | 1496 | -0.1468 | -3.46 | 0.788 | 0.31 | 2 | -0.0867 | -0.2055 | 231.9 | 0.167 |
| W | 0.5 | 0 | 0.3 | 0.1 | 1121 | -0.1746 | -3.63 | 0.749 | 0.301 | 1 | -0.1216 | -0.2243 | 210 | 0.171 |
| W | 0.5 | 0 | 0.5 | 0 | 1212 | -0.1704 | -3.6 | 0.762 | 0.299 | 1 | -0.1826 | -0.1588 | 209.2 | 0.175 |
| W | 0.5 | 0 | 0.5 | 0.1 | 865 | -0.2175 | -3.91 | 0.697 | 0.274 | 1 | -0.169 | -0.2638 | 201.4 | 0.176 |
| W | 0.5 | 0.5 | 0 | 0 | 1920 | -0.1622 | -9.46 | 0.626 | 0.576 | 0 | -0.159 | -0.165 | 315.5 | 0.155 |
| W | 0.5 | 0.5 | 0 | 0.1 | 1595 | -0.1772 | -9.45 | 0.6 | 0.564 | 0 | -0.1733 | -0.1809 | 288.4 | 0.158 |
| W | 0.5 | 0.5 | 0.05 | 0 | 1866 | -0.1676 | -9.66 | 0.616 | 0.571 | 0 | -0.1716 | -0.1639 | 316.1 | 0.157 |
| W | 0.5 | 0.5 | 0.05 | 0.1 | 1522 | -0.1829 | -9.54 | 0.591 | 0.56 | 0 | -0.177 | -0.1886 | 283.8 | 0.159 |
| W | 0.5 | 0.5 | 0.1 | 0 | 1806 | -0.1683 | -9.5 | 0.616 | 0.573 | 0 | -0.1698 | -0.1669 | 309 | 0.158 |
| W | 0.5 | 0.5 | 0.1 | 0.1 | 1423 | -0.1968 | -9.9 | 0.569 | 0.551 | 0 | -0.1902 | -0.2032 | 282.1 | 0.162 |
| W | 0.5 | 0.5 | 0.2 | 0 | 1652 | -0.1842 | -9.9 | 0.591 | 0.562 | 0 | -0.1833 | -0.185 | 311.9 | 0.161 |
| W | 0.5 | 0.5 | 0.2 | 0.1 | 1254 | -0.2177 | -10.24 | 0.538 | 0.542 | 0 | -0.2069 | -0.2281 | 274.2 | 0.167 |
| W | 0.5 | 0.5 | 0.3 | 0 | 1496 | -0.2071 | -10.6 | 0.554 | 0.547 | 0 | -0.2022 | -0.2119 | 311.5 | 0.167 |
| W | 0.5 | 0.5 | 0.3 | 0.1 | 1121 | -0.2091 | -9.33 | 0.551 | 0.545 | 0 | -0.2175 | -0.2013 | 235.7 | 0.171 |
| W | 0.5 | 0.5 | 0.5 | 0 | 1212 | -0.199 | -9.18 | 0.568 | 0.555 | 0 | -0.2043 | -0.1939 | 242 | 0.175 |
| W | 0.5 | 0.5 | 0.5 | 0.1 | 865 | -0.2473 | -9.63 | 0.497 | 0.521 | 0 | -0.2285 | -0.2652 | 213.9 | 0.176 |
| W | 0.5 | 1 | 0 | 0 | 1920 | -0.1553 | -6.96 | 0.723 | 0.444 | 0 | -0.158 | -0.1528 | 303.9 | 0.155 |
| W | 0.5 | 1 | 0 | 0.1 | 1595 | -0.1606 | -6.61 | 0.713 | 0.441 | 0 | -0.1525 | -0.1681 | 259.8 | 0.158 |
| W | 0.5 | 1 | 0.05 | 0 | 1866 | -0.1436 | -6.35 | 0.741 | 0.447 | 0 | -0.1514 | -0.1365 | 274.7 | 0.157 |
| W | 0.5 | 1 | 0.05 | 0.1 | 1522 | -0.1595 | -6.41 | 0.715 | 0.442 | 0 | -0.1384 | -0.1796 | 254.3 | 0.159 |
| W | 0.5 | 1 | 0.1 | 0 | 1806 | -0.1192 | -5.14 | 0.781 | 0.461 | 0 | -0.1158 | -0.1224 | 222.5 | 0.158 |
| W | 0.5 | 1 | 0.1 | 0.1 | 1423 | -0.1749 | -6.82 | 0.692 | 0.436 | 0 | -0.1642 | -0.1852 | 250.8 | 0.162 |
| W | 0.5 | 1 | 0.2 | 0 | 1652 | -0.154 | -6.41 | 0.724 | 0.446 | 0 | -0.1216 | -0.1854 | 270.4 | 0.161 |
| W | 0.5 | 1 | 0.2 | 0.1 | 1254 | -0.2192 | -8.06 | 0.63 | 0.415 | 0 | -0.2166 | -0.2218 | 277.7 | 0.167 |
| W | 0.5 | 1 | 0.3 | 0 | 1496 | -0.1767 | -7.02 | 0.691 | 0.434 | 0 | -0.1557 | -0.1973 | 268.1 | 0.167 |
| W | 0.5 | 1 | 0.3 | 0.1 | 1121 | -0.211 | -7.34 | 0.641 | 0.417 | 0 | -0.2238 | -0.1991 | 238.5 | 0.171 |
| W | 0.5 | 1 | 0.5 | 0 | 1212 | -0.2215 | -7.99 | 0.628 | 0.413 | 0 | -0.2319 | -0.2116 | 270.6 | 0.175 |
| W | 0.5 | 1 | 0.5 | 0.1 | 865 | -0.2287 | -6.94 | 0.621 | 0.403 | 1 | -0.2188 | -0.2381 | 206.7 | 0.176 |
| W | 0.5 | 1.5 | 0 | 0 | 1920 | -0.1357 | -5.23 | 0.778 | 0.385 | 0 | -0.1386 | -0.1331 | 269 | 0.155 |
| W | 0.5 | 1.5 | 0 | 0.1 | 1595 | -0.1342 | -4.73 | 0.78 | 0.387 | 0 | -0.1287 | -0.1393 | 221.1 | 0.158 |
| W | 0.5 | 1.5 | 0.05 | 0 | 1866 | -0.1283 | -4.87 | 0.789 | 0.387 | 0 | -0.1495 | -0.1089 | 250.8 | 0.157 |
| W | 0.5 | 1.5 | 0.05 | 0.1 | 1522 | -0.1273 | -4.38 | 0.79 | 0.39 | 1 | -0.116 | -0.1381 | 205.2 | 0.159 |
| W | 0.5 | 1.5 | 0.1 | 0 | 1806 | -0.1072 | -3.96 | 0.822 | 0.395 | 0 | -0.098 | -0.116 | 205.9 | 0.158 |
| W | 0.5 | 1.5 | 0.1 | 0.1 | 1423 | -0.1498 | -5.02 | 0.757 | 0.382 | 1 | -0.1362 | -0.1628 | 215.8 | 0.162 |
| W | 0.5 | 1.5 | 0.2 | 0 | 1652 | -0.1182 | -4.2 | 0.805 | 0.393 | 1 | -0.1017 | -0.1343 | 214.3 | 0.161 |
| W | 0.5 | 1.5 | 0.2 | 0.1 | 1254 | -0.1974 | -6.23 | 0.693 | 0.361 | 0 | -0.1739 | -0.2203 | 251.9 | 0.167 |
| W | 0.5 | 1.5 | 0.3 | 0 | 1496 | -0.1386 | -4.68 | 0.776 | 0.379 | 0 | -0.12 | -0.1569 | 215.1 | 0.167 |
| W | 0.5 | 1.5 | 0.3 | 0.1 | 1121 | -0.1899 | -5.68 | 0.703 | 0.362 | 0 | -0.2137 | -0.1676 | 217.8 | 0.171 |
| W | 0.5 | 1.5 | 0.5 | 0 | 1212 | -0.202 | -6.25 | 0.689 | 0.359 | 0 | -0.1883 | -0.2151 | 250.6 | 0.175 |
| W | 0.5 | 1.5 | 0.5 | 0.1 | 865 | -0.259 | -6.94 | 0.614 | 0.328 | 0 | -0.2491 | -0.2685 | 231 | 0.176 |
| W | 0.5 | 2 | 0 | 0 | 1920 | -0.1438 | -5.1 | 0.776 | 0.353 | 0 | -0.1529 | -0.1354 | 284.5 | 0.155 |
| W | 0.5 | 2 | 0 | 0.1 | 1595 | -0.1219 | -3.93 | 0.807 | 0.361 | 1 | -0.1143 | -0.1292 | 204.2 | 0.158 |
| W | 0.5 | 2 | 0.05 | 0 | 1866 | -0.1222 | -4.24 | 0.807 | 0.359 | 0 | -0.1426 | -0.1036 | 240.9 | 0.157 |
| W | 0.5 | 2 | 0.05 | 0.1 | 1522 | -0.1301 | -4.08 | 0.796 | 0.358 | 1 | -0.1024 | -0.1565 | 208 | 0.159 |
| W | 0.5 | 2 | 0.1 | 0 | 1806 | -0.11 | -3.72 | 0.826 | 0.363 | 2 | -0.1002 | -0.1193 | 215.3 | 0.158 |
| W | 0.5 | 2 | 0.1 | 0.1 | 1423 | -0.1334 | -4.04 | 0.791 | 0.356 | 1 | -0.1082 | -0.1575 | 195.7 | 0.162 |
| W | 0.5 | 2 | 0.2 | 0 | 1652 | -0.1187 | -3.84 | 0.813 | 0.361 | 0 | -0.0886 | -0.1479 | 215.8 | 0.161 |
| W | 0.5 | 2 | 0.2 | 0.1 | 1254 | -0.1913 | -5.49 | 0.715 | 0.333 | 0 | -0.1624 | -0.2194 | 249 | 0.167 |
| W | 0.5 | 2 | 0.3 | 0 | 1496 | -0.1523 | -4.58 | 0.768 | 0.348 | 1 | -0.1354 | -0.1687 | 239.1 | 0.167 |
| W | 0.5 | 2 | 0.3 | 0.1 | 1121 | -0.1814 | -4.93 | 0.728 | 0.334 | 0 | -0.199 | -0.1649 | 207.1 | 0.171 |
| W | 0.5 | 2 | 0.5 | 0 | 1212 | -0.1857 | -5.17 | 0.726 | 0.33 | 0 | -0.1828 | -0.1884 | 237.3 | 0.175 |
| W | 0.5 | 2 | 0.5 | 0.1 | 865 | -0.2342 | -5.67 | 0.66 | 0.303 | 0 | -0.2223 | -0.2456 | 211.2 | 0.176 |
| W | 0.75 | 0 | 0 | 0 | 1920 | -0.1147 | -4.01 | 0.791 | 0.389 | 0 | -0.1147 | -0.1148 | 238.6 | 0.103 |
| W | 0.75 | 0 | 0 | 0.1 | 1595 | -0.0934 | -2.93 | 0.826 | 0.394 | 3 | -0.0651 | -0.1201 | 168.6 | 0.105 |
| W | 0.75 | 0 | 0.05 | 0 | 1866 | -0.106 | -3.65 | 0.805 | 0.39 | 1 | -0.0997 | -0.1117 | 211.7 | 0.104 |
| W | 0.75 | 0 | 0.05 | 0.1 | 1522 | -0.105 | -3.36 | 0.804 | 0.403 | 2 | -0.0727 | -0.1358 | 178.1 | 0.106 |
| W | 0.75 | 0 | 0.1 | 0 | 1806 | -0.0982 | -3.33 | 0.819 | 0.394 | 0 | -0.0805 | -0.115 | 186.8 | 0.105 |
| W | 0.75 | 0 | 0.1 | 0.1 | 1423 | -0.1155 | -3.54 | 0.789 | 0.394 | 1 | -0.0698 | -0.1593 | 169 | 0.108 |
| W | 0.75 | 0 | 0.2 | 0 | 1652 | -0.0857 | -2.71 | 0.843 | 0.397 | 1 | -0.0481 | -0.1223 | 158 | 0.107 |
| W | 0.75 | 0 | 0.2 | 0.1 | 1254 | -0.1254 | -3.61 | 0.774 | 0.389 | 0 | -0.0603 | -0.1885 | 160.9 | 0.111 |
| W | 0.75 | 0 | 0.3 | 0 | 1496 | -0.1104 | -3.34 | 0.802 | 0.388 | 1 | -0.094 | -0.1264 | 174.8 | 0.111 |
| W | 0.75 | 0 | 0.3 | 0.1 | 1121 | -0.1414 | -3.82 | 0.749 | 0.374 | 0 | -0.1143 | -0.1667 | 160.1 | 0.114 |
| W | 0.75 | 0 | 0.5 | 0 | 1212 | -0.1178 | -3.27 | 0.791 | 0.39 | 1 | -0.101 | -0.1338 | 143.8 | 0.116 |
| W | 0.75 | 0 | 0.5 | 0.1 | 865 | -0.1574 | -3.55 | 0.731 | 0.343 | 0 | -0.1149 | -0.1981 | 146.2 | 0.118 |
| W | 0.75 | 0.5 | 0 | 0 | 1920 | -0.1103 | -6.74 | 0.714 | 0.588 | 0 | -0.1139 | -0.107 | 216.3 | 0.103 |
| W | 0.75 | 0.5 | 0 | 0.1 | 1595 | -0.1344 | -7.5 | 0.664 | 0.568 | 0 | -0.1429 | -0.1263 | 219.3 | 0.105 |
| W | 0.75 | 0.5 | 0.05 | 0 | 1866 | -0.107 | -6.49 | 0.719 | 0.586 | 0 | -0.1047 | -0.1091 | 204.4 | 0.104 |
| W | 0.75 | 0.5 | 0.05 | 0.1 | 1522 | -0.1177 | -6.45 | 0.697 | 0.581 | 0 | -0.1186 | -0.117 | 185.5 | 0.106 |
| W | 0.75 | 0.5 | 0.1 | 0 | 1806 | -0.1206 | -7.16 | 0.692 | 0.578 | 0 | -0.1124 | -0.1285 | 224.1 | 0.105 |
| W | 0.75 | 0.5 | 0.1 | 0.1 | 1423 | -0.1378 | -7.26 | 0.657 | 0.569 | 0 | -0.1312 | -0.1442 | 196.8 | 0.108 |
| W | 0.75 | 0.5 | 0.2 | 0 | 1652 | -0.1297 | -7.34 | 0.674 | 0.577 | 0 | -0.1268 | -0.1325 | 220.8 | 0.107 |
| W | 0.75 | 0.5 | 0.2 | 0.1 | 1254 | -0.1554 | -7.67 | 0.624 | 0.56 | 0 | -0.1336 | -0.1765 | 196.5 | 0.111 |
| W | 0.75 | 0.5 | 0.3 | 0 | 1496 | -0.148 | -7.93 | 0.64 | 0.561 | 0 | -0.1539 | -0.1422 | 225.1 | 0.111 |
| W | 0.75 | 0.5 | 0.3 | 0.1 | 1121 | -0.1702 | -7.92 | 0.599 | 0.548 | 0 | -0.1785 | -0.1624 | 192.8 | 0.114 |
| W | 0.75 | 0.5 | 0.5 | 0 | 1212 | -0.1405 | -6.82 | 0.653 | 0.57 | 0 | -0.1271 | -0.1533 | 171.8 | 0.116 |
| W | 0.75 | 0.5 | 0.5 | 0.1 | 865 | -0.1821 | -7.36 | 0.582 | 0.539 | 0 | -0.1773 | -0.1868 | 158 | 0.118 |
| W | 0.75 | 1 | 0 | 0 | 1920 | -0.1021 | -4.81 | 0.789 | 0.466 | 0 | -0.1094 | -0.0954 | 208.5 | 0.103 |
| W | 0.75 | 1 | 0 | 0.1 | 1595 | -0.1083 | -4.77 | 0.777 | 0.461 | 0 | -0.1099 | -0.1068 | 182.1 | 0.105 |
| W | 0.75 | 1 | 0.05 | 0 | 1866 | -0.091 | -4.23 | 0.809 | 0.468 | 0 | -0.1012 | -0.0818 | 178.3 | 0.104 |
| W | 0.75 | 1 | 0.05 | 0.1 | 1522 | -0.0998 | -4.29 | 0.792 | 0.47 | 1 | -0.0933 | -0.106 | 165.6 | 0.106 |
| W | 0.75 | 1 | 0.1 | 0 | 1806 | -0.0809 | -3.75 | 0.829 | 0.471 | 1 | -0.0747 | -0.0868 | 157.3 | 0.105 |
| W | 0.75 | 1 | 0.1 | 0.1 | 1423 | -0.1243 | -5.17 | 0.748 | 0.458 | 0 | -0.1023 | -0.1453 | 180.6 | 0.108 |
| W | 0.75 | 1 | 0.2 | 0 | 1652 | -0.0869 | -3.85 | 0.819 | 0.475 | 1 | -0.082 | -0.0917 | 158.2 | 0.107 |
| W | 0.75 | 1 | 0.2 | 0.1 | 1254 | -0.1502 | -5.87 | 0.705 | 0.445 | 0 | -0.1236 | -0.1761 | 189.3 | 0.111 |
| W | 0.75 | 1 | 0.3 | 0 | 1496 | -0.1138 | -4.8 | 0.77 | 0.457 | 0 | -0.1122 | -0.1153 | 176 | 0.111 |
| W | 0.75 | 1 | 0.3 | 0.1 | 1121 | -0.1568 | -5.82 | 0.693 | 0.437 | 0 | -0.1711 | -0.1434 | 177.2 | 0.114 |
| W | 0.75 | 1 | 0.5 | 0 | 1212 | -0.1254 | -4.8 | 0.748 | 0.459 | 0 | -0.1078 | -0.1422 | 153.7 | 0.116 |
| W | 0.75 | 1 | 0.5 | 0.1 | 865 | -0.2036 | -6.63 | 0.623 | 0.406 | 0 | -0.1981 | -0.2089 | 177.2 | 0.118 |
| W | 0.75 | 1.5 | 0 | 0 | 1920 | -0.1032 | -4.34 | 0.802 | 0.422 | 0 | -0.1193 | -0.0886 | 213.1 | 0.103 |
| W | 0.75 | 1.5 | 0 | 0.1 | 1595 | -0.106 | -4.18 | 0.795 | 0.422 | 0 | -0.0983 | -0.1132 | 177.9 | 0.105 |
| W | 0.75 | 1.5 | 0.05 | 0 | 1866 | -0.0852 | -3.52 | 0.834 | 0.428 | 1 | -0.095 | -0.0762 | 168.9 | 0.104 |
| W | 0.75 | 1.5 | 0.05 | 0.1 | 1522 | -0.0989 | -3.79 | 0.808 | 0.429 | 1 | -0.0896 | -0.1079 | 164.6 | 0.106 |
| W | 0.75 | 1.5 | 0.1 | 0 | 1806 | -0.0853 | -3.46 | 0.834 | 0.427 | 2 | -0.081 | -0.0895 | 164.5 | 0.105 |
| W | 0.75 | 1.5 | 0.1 | 0.1 | 1423 | -0.1036 | -3.81 | 0.801 | 0.424 | 0 | -0.0851 | -0.1213 | 155.9 | 0.108 |
| W | 0.75 | 1.5 | 0.2 | 0 | 1652 | -0.0859 | -3.31 | 0.835 | 0.43 | 1 | -0.0764 | -0.0951 | 157.2 | 0.107 |
| W | 0.75 | 1.5 | 0.2 | 0.1 | 1254 | -0.1253 | -4.33 | 0.765 | 0.414 | 0 | -0.0943 | -0.1553 | 158.7 | 0.111 |
| W | 0.75 | 1.5 | 0.3 | 0 | 1496 | -0.1173 | -4.32 | 0.78 | 0.418 | 0 | -0.1274 | -0.1073 | 181.7 | 0.111 |
| W | 0.75 | 1.5 | 0.3 | 0.1 | 1121 | -0.1396 | -4.58 | 0.742 | 0.401 | 0 | -0.1571 | -0.1232 | 157 | 0.114 |
| W | 0.75 | 1.5 | 0.5 | 0 | 1212 | -0.1057 | -3.55 | 0.801 | 0.42 | 0 | -0.0947 | -0.1162 | 130.4 | 0.116 |
| W | 0.75 | 1.5 | 0.5 | 0.1 | 865 | -0.1738 | -4.99 | 0.692 | 0.37 | 0 | -0.1557 | -0.1911 | 151.4 | 0.118 |
| W | 0.75 | 2 | 0 | 0 | 1920 | -0.0943 | -3.69 | 0.823 | 0.406 | 0 | -0.1108 | -0.0794 | 198 | 0.103 |
| W | 0.75 | 2 | 0 | 0.1 | 1595 | -0.0909 | -3.31 | 0.828 | 0.407 | 1 | -0.0801 | -0.101 | 152.3 | 0.105 |
| W | 0.75 | 2 | 0.05 | 0 | 1866 | -0.0809 | -3.09 | 0.847 | 0.408 | 1 | -0.0885 | -0.0739 | 164.7 | 0.104 |
| W | 0.75 | 2 | 0.05 | 0.1 | 1522 | -0.0858 | -3.04 | 0.837 | 0.414 | 1 | -0.0737 | -0.0973 | 141.7 | 0.106 |
| W | 0.75 | 2 | 0.1 | 0 | 1806 | -0.0702 | -2.62 | 0.867 | 0.412 | 1 | -0.0656 | -0.0746 | 141.6 | 0.105 |
| W | 0.75 | 2 | 0.1 | 0.1 | 1423 | -0.1026 | -3.51 | 0.809 | 0.404 | 1 | -0.0763 | -0.1278 | 150.5 | 0.108 |
| W | 0.75 | 2 | 0.2 | 0 | 1652 | -0.0682 | -2.42 | 0.872 | 0.414 | 1 | -0.0447 | -0.0911 | 130.1 | 0.107 |
| W | 0.75 | 2 | 0.2 | 0.1 | 1254 | -0.1155 | -3.71 | 0.788 | 0.4 | 0 | -0.0822 | -0.1479 | 147.4 | 0.111 |
| W | 0.75 | 2 | 0.3 | 0 | 1496 | -0.0953 | -3.23 | 0.825 | 0.402 | 1 | -0.0971 | -0.0934 | 150.7 | 0.111 |
| W | 0.75 | 2 | 0.3 | 0.1 | 1121 | -0.1371 | -4.22 | 0.752 | 0.387 | 0 | -0.1439 | -0.1306 | 153.7 | 0.114 |
| W | 0.75 | 2 | 0.5 | 0 | 1212 | -0.1127 | -3.46 | 0.796 | 0.402 | 2 | -0.1092 | -0.116 | 136.6 | 0.116 |
| W | 0.75 | 2 | 0.5 | 0.1 | 865 | -0.1608 | -4.27 | 0.721 | 0.355 | 0 | -0.1532 | -0.1682 | 145.9 | 0.118 |
| W | 1 | 0 | 0 | 0 | 1920 | -0.087 | -3.66 | 0.809 | 0.431 | 0 | -0.098 | -0.0771 | 181.7 | 0.077 |
| W | 1 | 0 | 0 | 0.1 | 1595 | -0.0816 | -3.16 | 0.815 | 0.432 | 3 | -0.0627 | -0.0995 | 139.3 | 0.079 |
| W | 1 | 0 | 0.05 | 0 | 1866 | -0.0924 | -3.87 | 0.796 | 0.428 | 1 | -0.098 | -0.0872 | 177.2 | 0.078 |
| W | 1 | 0 | 0.05 | 0.1 | 1522 | -0.0934 | -3.65 | 0.79 | 0.436 | 2 | -0.0735 | -0.1124 | 148.7 | 0.079 |
| W | 1 | 0 | 0.1 | 0 | 1806 | -0.0812 | -3.36 | 0.818 | 0.437 | 1 | -0.0654 | -0.0962 | 151.1 | 0.079 |
| W | 1 | 0 | 0.1 | 0.1 | 1423 | -0.0984 | -3.65 | 0.784 | 0.429 | 1 | -0.0741 | -0.1216 | 141.3 | 0.081 |
| W | 1 | 0 | 0.2 | 0 | 1652 | -0.0778 | -3.05 | 0.826 | 0.438 | 1 | -0.0398 | -0.1147 | 142.3 | 0.08 |
| W | 1 | 0 | 0.2 | 0.1 | 1254 | -0.097 | -3.34 | 0.79 | 0.428 | 0 | -0.061 | -0.132 | 127.5 | 0.083 |
| W | 1 | 0 | 0.3 | 0 | 1496 | -0.0773 | -2.79 | 0.829 | 0.432 | 2 | -0.0423 | -0.1114 | 130.2 | 0.083 |
| W | 1 | 0 | 0.3 | 0.1 | 1121 | -0.1132 | -3.63 | 0.76 | 0.414 | 0 | -0.0945 | -0.1308 | 129.7 | 0.086 |
| W | 1 | 0 | 0.5 | 0 | 1212 | -0.0948 | -3.03 | 0.8 | 0.423 | 2 | -0.0759 | -0.1127 | 121.2 | 0.087 |
| W | 1 | 0 | 0.5 | 0.1 | 865 | -0.1021 | -2.7 | 0.789 | 0.395 | 0 | -0.0744 | -0.1286 | 103.3 | 0.088 |
| W | 1 | 0.5 | 0 | 0 | 1920 | -0.0882 | -5.71 | 0.749 | 0.577 | 0 | -0.0927 | -0.084 | 174 | 0.077 |
| W | 1 | 0.5 | 0 | 0.1 | 1595 | -0.1051 | -6.25 | 0.706 | 0.56 | 0 | -0.106 | -0.1042 | 170.3 | 0.079 |
| W | 1 | 0.5 | 0.05 | 0 | 1866 | -0.0836 | -5.36 | 0.759 | 0.576 | 0 | -0.0922 | -0.0757 | 158.3 | 0.078 |
| W | 1 | 0.5 | 0.05 | 0.1 | 1522 | -0.1019 | -5.92 | 0.714 | 0.564 | 0 | -0.0907 | -0.1126 | 160.9 | 0.079 |
| W | 1 | 0.5 | 0.1 | 0 | 1806 | -0.0719 | -4.55 | 0.788 | 0.587 | 0 | -0.0758 | -0.0682 | 132.4 | 0.079 |
| W | 1 | 0.5 | 0.1 | 0.1 | 1423 | -0.1201 | -6.7 | 0.674 | 0.554 | 0 | -0.1137 | -0.1262 | 171.5 | 0.081 |
| W | 1 | 0.5 | 0.2 | 0 | 1652 | -0.0909 | -5.5 | 0.74 | 0.576 | 0 | -0.0758 | -0.1055 | 158 | 0.08 |
| W | 1 | 0.5 | 0.2 | 0.1 | 1254 | -0.1359 | -7.08 | 0.641 | 0.545 | 0 | -0.1304 | -0.1413 | 171.2 | 0.083 |
| W | 1 | 0.5 | 0.3 | 0 | 1496 | -0.1062 | -6.07 | 0.706 | 0.566 | 0 | -0.0975 | -0.1147 | 160.5 | 0.083 |
| W | 1 | 0.5 | 0.3 | 0.1 | 1121 | -0.1484 | -7.27 | 0.618 | 0.536 | 0 | -0.1587 | -0.1388 | 167.7 | 0.086 |
| W | 1 | 0.5 | 0.5 | 0 | 1212 | -0.126 | -6.43 | 0.664 | 0.554 | 0 | -0.1223 | -0.1295 | 153.2 | 0.087 |
| W | 1 | 0.5 | 0.5 | 0.1 | 865 | -0.1363 | -5.78 | 0.649 | 0.547 | 0 | -0.1313 | -0.141 | 121.6 | 0.088 |
| W | 1 | 1 | 0 | 0 | 1920 | -0.0868 | -4.51 | 0.794 | 0.475 | 0 | -0.1001 | -0.0748 | 170.1 | 0.077 |
| W | 1 | 1 | 0 | 0.1 | 1595 | -0.0822 | -3.98 | 0.802 | 0.472 | 1 | -0.0782 | -0.086 | 136.7 | 0.079 |
| W | 1 | 1 | 0.05 | 0 | 1866 | -0.077 | -3.94 | 0.815 | 0.478 | 1 | -0.0938 | -0.0616 | 146.9 | 0.078 |
| W | 1 | 1 | 0.05 | 0.1 | 1522 | -0.0844 | -3.97 | 0.798 | 0.474 | 0 | -0.0715 | -0.0967 | 133.2 | 0.079 |
| W | 1 | 1 | 0.1 | 0 | 1806 | -0.0646 | -3.25 | 0.843 | 0.486 | 2 | -0.0669 | -0.0624 | 122.7 | 0.079 |
| W | 1 | 1 | 0.1 | 0.1 | 1423 | -0.0979 | -4.43 | 0.772 | 0.467 | 0 | -0.0832 | -0.1119 | 139.9 | 0.081 |
| W | 1 | 1 | 0.2 | 0 | 1652 | -0.0669 | -3.22 | 0.837 | 0.487 | 1 | -0.0609 | -0.0727 | 121.9 | 0.08 |
| W | 1 | 1 | 0.2 | 0.1 | 1254 | -0.1085 | -4.61 | 0.751 | 0.46 | 0 | -0.0949 | -0.1217 | 137 | 0.083 |
| W | 1 | 1 | 0.3 | 0 | 1496 | -0.0823 | -3.74 | 0.806 | 0.475 | 1 | -0.0772 | -0.0873 | 131.1 | 0.083 |
| W | 1 | 1 | 0.3 | 0.1 | 1121 | -0.1235 | -4.94 | 0.723 | 0.45 | 0 | -0.1339 | -0.1138 | 138.4 | 0.086 |
| W | 1 | 1 | 0.5 | 0 | 1212 | -0.1024 | -4.22 | 0.767 | 0.462 | 0 | -0.0911 | -0.1132 | 128.9 | 0.087 |
| W | 1 | 1 | 0.5 | 0.1 | 865 | -0.1328 | -4.62 | 0.709 | 0.434 | 0 | -0.1123 | -0.1524 | 118.4 | 0.088 |
| W | 1 | 1.5 | 0 | 0 | 1920 | -0.0735 | -3.44 | 0.834 | 0.449 | 1 | -0.0922 | -0.0565 | 150.5 | 0.077 |
| W | 1 | 1.5 | 0 | 0.1 | 1595 | -0.0736 | -3.23 | 0.83 | 0.446 | 1 | -0.0695 | -0.0775 | 120.6 | 0.079 |
| W | 1 | 1.5 | 0.05 | 0 | 1866 | -0.0708 | -3.26 | 0.839 | 0.448 | 1 | -0.0878 | -0.0551 | 139.6 | 0.078 |
| W | 1 | 1.5 | 0.05 | 0.1 | 1522 | -0.0761 | -3.24 | 0.826 | 0.447 | 1 | -0.0696 | -0.0823 | 119.1 | 0.079 |
| W | 1 | 1.5 | 0.1 | 0 | 1806 | -0.0549 | -2.48 | 0.873 | 0.457 | 2 | -0.0551 | -0.0546 | 111.4 | 0.079 |
| W | 1 | 1.5 | 0.1 | 0.1 | 1423 | -0.0883 | -3.61 | 0.803 | 0.439 | 1 | -0.0777 | -0.0984 | 126.2 | 0.081 |
| W | 1 | 1.5 | 0.2 | 0 | 1652 | -0.0548 | -2.37 | 0.873 | 0.458 | 2 | -0.0281 | -0.0807 | 102.4 | 0.08 |
| W | 1 | 1.5 | 0.2 | 0.1 | 1254 | -0.0886 | -3.39 | 0.803 | 0.441 | 1 | -0.0745 | -0.1023 | 114.8 | 0.083 |
| W | 1 | 1.5 | 0.3 | 0 | 1496 | -0.0628 | -2.56 | 0.858 | 0.449 | 1 | -0.0518 | -0.0736 | 100.8 | 0.083 |
| W | 1 | 1.5 | 0.3 | 0.1 | 1121 | -0.1122 | -4.09 | 0.757 | 0.428 | 0 | -0.1198 | -0.105 | 126.2 | 0.086 |
| W | 1 | 1.5 | 0.5 | 0 | 1212 | -0.1007 | -3.7 | 0.783 | 0.436 | 0 | -0.0983 | -0.103 | 124.3 | 0.087 |
| W | 1 | 1.5 | 0.5 | 0.1 | 865 | -0.1101 | -3.42 | 0.768 | 0.41 | 1 | -0.0965 | -0.1231 | 103.5 | 0.088 |
| W | 1 | 2 | 0 | 0 | 1920 | -0.0809 | -3.64 | 0.82 | 0.438 | 0 | -0.0941 | -0.0689 | 168.6 | 0.077 |
| W | 1 | 2 | 0 | 0.1 | 1595 | -0.0786 | -3.32 | 0.82 | 0.438 | 1 | -0.0698 | -0.0869 | 131.1 | 0.079 |
| W | 1 | 2 | 0.05 | 0 | 1866 | -0.0803 | -3.56 | 0.82 | 0.436 | 1 | -0.0932 | -0.0685 | 154.9 | 0.078 |
| W | 1 | 2 | 0.05 | 0.1 | 1522 | -0.0848 | -3.5 | 0.808 | 0.44 | 1 | -0.074 | -0.0951 | 133.5 | 0.079 |
| W | 1 | 2 | 0.1 | 0 | 1806 | -0.0658 | -2.86 | 0.851 | 0.445 | 2 | -0.0591 | -0.0722 | 136.3 | 0.079 |
| W | 1 | 2 | 0.1 | 0.1 | 1423 | -0.0859 | -3.36 | 0.81 | 0.433 | 1 | -0.0729 | -0.0983 | 123.6 | 0.081 |
| W | 1 | 2 | 0.2 | 0 | 1652 | -0.0693 | -2.89 | 0.843 | 0.446 | 2 | -0.0484 | -0.0897 | 138.4 | 0.08 |
| W | 1 | 2 | 0.2 | 0.1 | 1254 | -0.0805 | -2.91 | 0.823 | 0.434 | 0 | -0.0601 | -0.1003 | 107.2 | 0.083 |
| W | 1 | 2 | 0.3 | 0 | 1496 | -0.0673 | -2.64 | 0.849 | 0.441 | 1 | -0.0468 | -0.0874 | 112.8 | 0.083 |
| W | 1 | 2 | 0.3 | 0.1 | 1121 | -0.0958 | -3.26 | 0.794 | 0.42 | 0 | -0.0975 | -0.0942 | 109.6 | 0.086 |
| W | 1 | 2 | 0.5 | 0 | 1212 | -0.0883 | -3.05 | 0.812 | 0.429 | 0 | -0.079 | -0.0971 | 111.2 | 0.087 |
| W | 1 | 2 | 0.5 | 0.1 | 865 | -0.0992 | -2.91 | 0.793 | 0.403 | 2 | -0.0929 | -0.1053 | 98.7 | 0.088 |