n,avg_R,win_rate,PF,t_stat,trades_per_year,maxDD_R,yrs_pos,L_n,L_avg,L_t,S_n,S_avg,S_t,cost_R,timing,pen,rec,tf,stop,tgt
1649.0,-0.4298,0.118,0.557,-6.79,207.7,715.5,0,813,-0.4254,-4.89,836,-0.4341,-4.72,0.336,T0_asia0-7,0.0,0.0,1,ext+0.1W,none
1649.0,-0.4178,0.264,0.487,-13.83,207.7,690.8,0,813,-0.3572,-8.67,836,-0.4768,-10.83,0.336,T0_asia0-7,0.0,0.0,1,ext+0.1W,mid
1649.0,-0.3914,0.175,0.57,-9.41,207.7,647.9,0,813,-0.3407,-5.91,836,-0.4406,-7.36,0.336,T0_asia0-7,0.0,0.0,1,ext+0.1W,opp
1649.0,-0.416,0.272,0.482,-14.96,207.7,687.8,0,813,-0.3747,-9.41,836,-0.4561,-11.75,0.336,T0_asia0-7,0.0,0.0,1,ext+0.1W,1.5R
1649.0,-0.2453,0.194,0.709,-4.4,207.7,429.7,0,813,-0.2867,-4.1,836,-0.205,-2.38,0.206,T0_asia0-7,0.0,0.0,1,ext+0.25W,none
1649.0,-0.2184,0.408,0.652,-8.49,207.7,363.9,0,813,-0.1838,-5.33,836,-0.252,-6.62,0.206,T0_asia0-7,0.0,0.0,1,ext+0.25W,mid
1649.0,-0.2243,0.274,0.707,-6.41,207.7,379.5,0,813,-0.2119,-4.45,836,-0.2363,-4.61,0.206,T0_asia0-7,0.0,0.0,1,ext+0.25W,opp
1649.0,-0.2103,0.342,0.696,-7.23,207.7,357.7,1,813,-0.1713,-4.11,836,-0.2482,-6.12,0.206,T0_asia0-7,0.0,0.0,1,ext+0.25W,1.5R
1649.0,-0.1988,0.231,0.748,-4.12,207.7,347.6,0,813,-0.2872,-4.49,836,-0.1129,-1.57,0.17,T0_asia0-7,0.0,0.0,1,fix0.5W,none
1649.0,-0.1905,0.456,0.663,-8.29,207.7,316.5,0,813,-0.2086,-6.57,836,-0.1729,-5.21,0.17,T0_asia0-7,0.0,0.0,1,fix0.5W,mid
1649.0,-0.1914,0.312,0.73,-6.09,207.7,320.5,0,813,-0.2291,-5.24,836,-0.1547,-3.44,0.17,T0_asia0-7,0.0,0.0,1,fix0.5W,opp
1649.0,-0.1978,0.346,0.708,-6.87,207.7,332.8,0,813,-0.2208,-5.39,836,-0.1754,-4.33,0.17,T0_asia0-7,0.0,0.0,1,fix0.5W,1.5R
1649.0,-0.1161,0.367,0.793,-3.66,207.7,204.4,0,813,-0.1615,-3.72,836,-0.072,-1.56,0.085,T0_asia0-7,0.0,0.0,1,fix1W,none
1649.0,-0.0993,0.627,0.719,-5.99,207.7,167.2,0,813,-0.1047,-4.52,836,-0.0941,-3.97,0.085,T0_asia0-7,0.0,0.0,1,fix1W,mid
1649.0,-0.1073,0.471,0.777,-4.87,207.7,187.2,0,813,-0.1307,-4.16,836,-0.0845,-2.74,0.085,T0_asia0-7,0.0,0.0,1,fix1W,opp
1649.0,-0.098,0.412,0.812,-3.85,207.7,176.5,1,813,-0.1409,-3.88,836,-0.0562,-1.57,0.085,T0_asia0-7,0.0,0.0,1,fix1W,1.5R
1577.0,-0.3785,0.145,0.589,-6.56,198.6,610.6,0,775,-0.3996,-5.09,802,-0.3581,-4.24,0.275,T0_asia0-7,0.0,0.0,5,ext+0.1W,none
1570.0,-0.3379,0.335,0.532,-11.89,197.7,532.8,0,770,-0.3087,-8.1,800,-0.3661,-8.71,0.276,T0_asia0-7,0.0,0.0,5,ext+0.1W,mid
1577.0,-0.325,0.22,0.615,-8.27,198.6,514.9,0,775,-0.3115,-5.85,802,-0.3381,-5.86,0.275,T0_asia0-7,0.0,0.0,5,ext+0.1W,opp
1577.0,-0.3348,0.3,0.558,-11.56,198.6,528.4,0,775,-0.3106,-7.53,802,-0.3583,-8.81,0.275,T0_asia0-7,0.0,0.0,5,ext+0.1W,1.5R
1577.0,-0.2139,0.222,0.734,-4.05,198.6,377.8,1,775,-0.2672,-4.0,802,-0.1624,-1.99,0.18,T0_asia0-7,0.0,0.0,5,ext+0.25W,none
1570.0,-0.1819,0.466,0.675,-7.48,197.7,291.9,0,770,-0.1696,-5.24,800,-0.1938,-5.35,0.18,T0_asia0-7,0.0,0.0,5,ext+0.25W,mid
1577.0,-0.1772,0.316,0.751,-5.24,198.6,299.0,0,775,-0.191,-4.2,802,-0.1638,-3.28,0.18,T0_asia0-7,0.0,0.0,5,ext+0.25W,opp
1577.0,-0.1877,0.351,0.721,-6.35,198.6,301.5,0,775,-0.1924,-4.59,802,-0.1831,-4.39,0.18,T0_asia0-7,0.0,0.0,5,ext+0.25W,1.5R
1577.0,-0.2123,0.227,0.732,-4.32,198.6,349.9,0,775,-0.3081,-4.72,802,-0.1198,-1.64,0.17,T0_asia0-7,0.0,0.0,5,fix0.5W,none
1570.0,-0.1946,0.469,0.646,-8.51,197.7,307.1,0,770,-0.215,-6.83,800,-0.1749,-5.29,0.17,T0_asia0-7,0.0,0.0,5,fix0.5W,mid
1577.0,-0.1996,0.315,0.717,-6.33,198.6,319.5,0,775,-0.2353,-5.37,802,-0.165,-3.64,0.17,T0_asia0-7,0.0,0.0,5,fix0.5W,opp
1577.0,-0.2155,0.338,0.685,-7.37,198.6,342.6,0,775,-0.2521,-6.1,802,-0.1801,-4.35,0.17,T0_asia0-7,0.0,0.0,5,fix0.5W,1.5R
1577.0,-0.124,0.364,0.778,-3.88,198.6,208.4,1,775,-0.168,-3.79,802,-0.0814,-1.77,0.085,T0_asia0-7,0.0,0.0,5,fix1W,none
1570.0,-0.0978,0.642,0.711,-5.93,197.7,156.8,0,770,-0.1072,-4.66,800,-0.0888,-3.76,0.085,T0_asia0-7,0.0,0.0,5,fix1W,mid
1577.0,-0.1057,0.476,0.777,-4.77,198.6,177.1,1,775,-0.1327,-4.21,802,-0.0796,-2.55,0.085,T0_asia0-7,0.0,0.0,5,fix1W,opp
1577.0,-0.1085,0.406,0.792,-4.2,198.6,184.9,1,775,-0.157,-4.28,802,-0.0617,-1.7,0.085,T0_asia0-7,0.0,0.0,5,fix1W,1.5R
1469.0,-0.3172,0.169,0.64,-5.07,185.0,480.3,0,723,-0.3293,-3.98,746,-0.3055,-3.27,0.23,T0_asia0-7,0.0,0.0,15,ext+0.1W,none
1443.0,-0.285,0.396,0.561,-10.28,181.7,413.0,0,702,-0.2546,-6.89,741,-0.3138,-7.64,0.232,T0_asia0-7,0.0,0.0,15,ext+0.1W,mid
1468.0,-0.2895,0.26,0.634,-7.66,184.9,430.5,0,722,-0.2868,-5.76,746,-0.2921,-5.16,0.23,T0_asia0-7,0.0,0.0,15,ext+0.1W,opp
1469.0,-0.2785,0.317,0.616,-9.19,185.0,409.5,0,723,-0.2502,-5.77,746,-0.3059,-7.21,0.23,T0_asia0-7,0.0,0.0,15,ext+0.1W,1.5R
1469.0,-0.1797,0.243,0.766,-3.29,185.0,315.5,1,723,-0.2261,-3.26,746,-0.1348,-1.61,0.16,T0_asia0-7,0.0,0.0,15,ext+0.25W,none
1443.0,-0.1607,0.513,0.683,-6.8,181.7,236.0,0,702,-0.1397,-4.41,741,-0.1806,-5.17,0.162,T0_asia0-7,0.0,0.0,15,ext+0.25W,mid
1468.0,-0.1655,0.349,0.753,-5.04,184.9,261.7,0,722,-0.1903,-4.36,746,-0.1415,-2.9,0.16,T0_asia0-7,0.0,0.0,15,ext+0.25W,opp
1469.0,-0.1737,0.355,0.736,-5.72,185.0,258.8,0,723,-0.176,-4.08,746,-0.1714,-4.0,0.16,T0_asia0-7,0.0,0.0,15,ext+0.25W,1.5R
1469.0,-0.2151,0.225,0.729,-4.2,185.0,337.9,0,723,-0.2502,-3.52,746,-0.1811,-2.46,0.171,T0_asia0-7,0.0,0.0,15,fix0.5W,none
1443.0,-0.1838,0.498,0.648,-7.96,181.7,266.1,0,702,-0.1732,-5.41,741,-0.1937,-5.84,0.17,T0_asia0-7,0.0,0.0,15,fix0.5W,mid
1468.0,-0.2008,0.323,0.712,-6.27,184.9,301.6,0,722,-0.2065,-4.6,746,-0.1952,-4.27,0.171,T0_asia0-7,0.0,0.0,15,fix0.5W,opp
1469.0,-0.2044,0.34,0.699,-6.71,185.0,301.7,0,723,-0.2085,-4.8,746,-0.2004,-4.7,0.171,T0_asia0-7,0.0,0.0,15,fix0.5W,1.5R
1469.0,-0.1215,0.359,0.782,-3.62,185.0,190.5,0,723,-0.1682,-3.65,746,-0.0762,-1.57,0.085,T0_asia0-7,0.0,0.0,15,fix1W,none
1443.0,-0.0963,0.66,0.7,-5.8,181.7,142.3,0,702,-0.1036,-4.46,741,-0.0894,-3.77,0.085,T0_asia0-7,0.0,0.0,15,fix1W,mid
1468.0,-0.1091,0.483,0.766,-4.84,184.9,165.6,0,722,-0.1359,-4.26,746,-0.0831,-2.62,0.085,T0_asia0-7,0.0,0.0,15,fix1W,opp
1469.0,-0.1083,0.4,0.793,-4.04,185.0,167.5,0,723,-0.1653,-4.36,746,-0.0531,-1.4,0.085,T0_asia0-7,0.0,0.0,15,fix1W,1.5R
1210.0,-0.2147,0.229,0.728,-3.81,152.4,296.0,1,589,-0.2415,-3.2,621,-0.1892,-2.27,0.178,T0_asia0-7,0.0,0.0,60,ext+0.1W,none
1084.0,-0.2092,0.488,0.609,-7.4,136.6,231.7,0,511,-0.1853,-4.76,573,-0.2304,-5.66,0.188,T0_asia0-7,0.0,0.0,60,ext+0.1W,mid
1210.0,-0.1979,0.355,0.706,-5.37,152.4,253.9,0,589,-0.2169,-4.42,621,-0.1798,-3.29,0.178,T0_asia0-7,0.0,0.0,60,ext+0.1W,opp
1210.0,-0.1769,0.355,0.734,-5.25,152.4,229.5,0,589,-0.1774,-3.71,621,-0.1765,-3.72,0.178,T0_asia0-7,0.0,0.0,60,ext+0.1W,1.5R
1210.0,-0.171,0.287,0.757,-3.62,152.4,242.3,1,589,-0.2248,-3.56,621,-0.1199,-1.72,0.132,T0_asia0-7,0.0,0.0,60,ext+0.25W,none
1084.0,-0.1567,0.565,0.645,-6.44,136.6,172.2,0,511,-0.1403,-4.2,573,-0.1714,-4.88,0.136,T0_asia0-7,0.0,0.0,60,ext+0.25W,mid
1210.0,-0.1496,0.418,0.746,-4.7,152.4,197.1,1,589,-0.1788,-4.2,621,-0.122,-2.6,0.132,T0_asia0-7,0.0,0.0,60,ext+0.25W,opp
1210.0,-0.1596,0.365,0.746,-4.89,152.4,215.3,1,589,-0.1974,-4.32,621,-0.1238,-2.66,0.132,T0_asia0-7,0.0,0.0,60,ext+0.25W,1.5R
1210.0,-0.1829,0.241,0.764,-3.35,152.4,268.9,1,589,-0.2023,-2.54,621,-0.1646,-2.18,0.172,T0_asia0-7,0.0,0.0,60,fix0.5W,none
1084.0,-0.1841,0.526,0.622,-7.31,136.6,201.7,0,511,-0.1921,-5.41,573,-0.1769,-4.97,0.167,T0_asia0-7,0.0,0.0,60,fix0.5W,mid
1210.0,-0.1744,0.364,0.734,-5.16,152.4,227.8,0,589,-0.1883,-4.0,621,-0.1612,-3.33,0.172,T0_asia0-7,0.0,0.0,60,fix0.5W,opp
1210.0,-0.1765,0.354,0.735,-5.24,152.4,234.5,0,589,-0.1816,-3.75,621,-0.1716,-3.66,0.172,T0_asia0-7,0.0,0.0,60,fix0.5W,1.5R
1210.0,-0.099,0.372,0.817,-2.73,152.4,151.7,1,589,-0.1394,-2.73,621,-0.0606,-1.18,0.086,T0_asia0-7,0.0,0.0,60,fix1W,none
1084.0,-0.0989,0.678,0.666,-5.47,136.6,110.8,0,511,-0.1004,-3.92,573,-0.0975,-3.82,0.084,T0_asia0-7,0.0,0.0,60,fix1W,mid
1210.0,-0.1013,0.512,0.766,-4.31,152.4,130.3,0,589,-0.1205,-3.61,621,-0.0832,-2.5,0.086,T0_asia0-7,0.0,0.0,60,fix1W,opp
1210.0,-0.0974,0.406,0.81,-3.31,152.4,136.1,2,589,-0.1464,-3.49,621,-0.051,-1.24,0.086,T0_asia0-7,0.0,0.0,60,fix1W,1.5R
1047.0,-0.1886,0.257,0.747,-3.16,131.9,218.0,1,520,-0.2476,-3.24,527,-0.1303,-1.43,0.144,T0_asia0-7,0.0,0.25,1,ext+0.1W,none
1026.0,-0.1699,0.652,0.521,-8.54,129.2,177.5,0,505,-0.1544,-5.9,521,-0.1849,-6.2,0.144,T0_asia0-7,0.0,0.25,1,ext+0.1W,mid
1047.0,-0.1585,0.422,0.733,-4.88,131.9,175.3,0,520,-0.181,-4.1,527,-0.1362,-2.86,0.144,T0_asia0-7,0.0,0.25,1,ext+0.1W,opp
1047.0,-0.1648,0.362,0.743,-4.64,131.9,187.0,1,520,-0.197,-3.96,527,-0.1329,-2.62,0.144,T0_asia0-7,0.0,0.25,1,ext+0.1W,1.5R
1047.0,-0.1648,0.305,0.755,-3.28,131.9,191.5,1,520,-0.2365,-3.64,527,-0.094,-1.23,0.116,T0_asia0-7,0.0,0.25,1,ext+0.25W,none
1026.0,-0.1319,0.708,0.547,-7.41,129.2,138.8,0,505,-0.1113,-4.78,521,-0.1517,-5.65,0.116,T0_asia0-7,0.0,0.25,1,ext+0.25W,mid
1047.0,-0.1442,0.47,0.728,-4.97,131.9,158.1,0,520,-0.1707,-4.3,527,-0.118,-2.79,0.116,T0_asia0-7,0.0,0.25,1,ext+0.25W,opp
1047.0,-0.158,0.372,0.74,-4.62,131.9,180.4,0,520,-0.2096,-4.42,527,-0.107,-2.17,0.116,T0_asia0-7,0.0,0.25,1,ext+0.25W,1.5R
1047.0,-0.204,0.223,0.746,-3.2,131.9,237.6,2,520,-0.2874,-3.46,527,-0.1217,-1.26,0.183,T0_asia0-7,0.0,0.25,1,fix0.5W,none
1026.0,-0.2059,0.608,0.492,-9.77,129.2,214.0,0,505,-0.2099,-7.37,521,-0.202,-6.51,0.181,T0_asia0-7,0.0,0.25,1,fix0.5W,mid
1047.0,-0.1763,0.375,0.73,-5.04,131.9,195.9,0,520,-0.2091,-4.33,527,-0.1439,-2.85,0.183,T0_asia0-7,0.0,0.25,1,fix0.5W,opp
1047.0,-0.1922,0.349,0.717,-5.29,131.9,215.7,0,520,-0.2254,-4.41,527,-0.1593,-3.09,0.183,T0_asia0-7,0.0,0.25,1,fix0.5W,1.5R
1047.0,-0.1279,0.35,0.779,-3.13,131.9,150.8,1,520,-0.1966,-3.57,527,-0.0601,-1.0,0.091,T0_asia0-7,0.0,0.25,1,fix1W,none
1026.0,-0.1039,0.758,0.545,-6.77,129.2,109.4,0,505,-0.0938,-4.58,521,-0.1137,-4.98,0.091,T0_asia0-7,0.0,0.25,1,fix1W,mid
1047.0,-0.124,0.517,0.723,-5.01,131.9,136.6,0,520,-0.1562,-4.49,527,-0.0923,-2.62,0.091,T0_asia0-7,0.0,0.25,1,fix1W,opp
1047.0,-0.1188,0.394,0.78,-3.68,131.9,143.6,1,520,-0.1887,-4.21,527,-0.0498,-1.08,0.091,T0_asia0-7,0.0,0.25,1,fix1W,1.5R
969.0,-0.159,0.269,0.781,-2.55,122.0,172.8,3,485,-0.2147,-2.72,484,-0.1031,-1.07,0.138,T0_asia0-7,0.0,0.25,5,ext+0.1W,none
904.0,-0.1473,0.687,0.528,-7.43,113.9,136.9,0,437,-0.1384,-5.21,467,-0.1557,-5.31,0.14,T0_asia0-7,0.0,0.25,5,ext+0.1W,mid
968.0,-0.148,0.451,0.736,-4.58,121.9,148.6,1,484,-0.1704,-3.88,484,-0.1257,-2.65,0.138,T0_asia0-7,0.0,0.25,5,ext+0.1W,opp
969.0,-0.1615,0.365,0.744,-4.41,122.0,168.7,1,485,-0.1821,-3.54,484,-0.1409,-2.7,0.138,T0_asia0-7,0.0,0.25,5,ext+0.1W,1.5R
969.0,-0.1423,0.314,0.784,-2.7,122.0,157.9,1,485,-0.218,-3.25,484,-0.0664,-0.82,0.111,T0_asia0-7,0.0,0.25,5,ext+0.25W,none
904.0,-0.1188,0.733,0.54,-6.68,113.9,111.1,0,437,-0.1137,-4.75,467,-0.1236,-4.72,0.112,T0_asia0-7,0.0,0.25,5,ext+0.25W,mid
968.0,-0.1374,0.496,0.727,-4.75,121.9,138.0,0,484,-0.1726,-4.37,484,-0.1022,-2.42,0.111,T0_asia0-7,0.0,0.25,5,ext+0.25W,opp
969.0,-0.1656,0.37,0.725,-4.71,122.0,174.0,1,485,-0.2285,-4.74,484,-0.1025,-2.0,0.111,T0_asia0-7,0.0,0.25,5,ext+0.25W,1.5R
969.0,-0.1875,0.223,0.766,-2.76,122.0,206.7,3,485,-0.2632,-3.0,484,-0.1118,-1.07,0.183,T0_asia0-7,0.0,0.25,5,fix0.5W,none
904.0,-0.1833,0.642,0.497,-8.61,113.9,169.9,0,437,-0.1948,-6.68,467,-0.1726,-5.59,0.179,T0_asia0-7,0.0,0.25,5,fix0.5W,mid
968.0,-0.1748,0.389,0.725,-4.94,121.9,180.1,0,484,-0.2025,-4.14,484,-0.1471,-2.87,0.183,T0_asia0-7,0.0,0.25,5,fix0.5W,opp
969.0,-0.1928,0.348,0.715,-5.12,122.0,199.4,0,485,-0.2341,-4.43,484,-0.1514,-2.82,0.183,T0_asia0-7,0.0,0.25,5,fix0.5W,1.5R
969.0,-0.1143,0.35,0.8,-2.67,122.0,131.3,2,485,-0.1861,-3.22,484,-0.0423,-0.67,0.092,T0_asia0-7,0.0,0.25,5,fix1W,none
904.0,-0.0936,0.777,0.541,-6.07,113.9,86.9,0,437,-0.0987,-4.63,467,-0.0887,-3.99,0.09,T0_asia0-7,0.0,0.25,5,fix1W,mid
968.0,-0.1138,0.534,0.735,-4.53,121.9,117.3,0,484,-0.1571,-4.46,484,-0.0704,-1.97,0.092,T0_asia0-7,0.0,0.25,5,fix1W,opp
969.0,-0.1132,0.392,0.789,-3.37,122.0,131.6,2,485,-0.1945,-4.2,484,-0.0316,-0.65,0.092,T0_asia0-7,0.0,0.25,5,fix1W,1.5R
880.0,-0.1163,0.284,0.834,-1.77,110.8,132.6,4,454,-0.1897,-2.29,426,-0.0382,-0.37,0.133,T0_asia0-7,0.0,0.25,15,ext+0.1W,none
739.0,-0.1443,0.696,0.504,-6.86,93.1,110.0,0,361,-0.1624,-5.67,378,-0.1269,-4.14,0.136,T0_asia0-7,0.0,0.25,15,ext+0.1W,mid
878.0,-0.1304,0.484,0.752,-4.03,110.6,122.8,1,452,-0.1643,-3.81,426,-0.0944,-1.95,0.133,T0_asia0-7,0.0,0.25,15,ext+0.1W,opp
880.0,-0.1517,0.367,0.755,-3.98,110.8,147.7,1,454,-0.2131,-4.1,426,-0.0861,-1.54,0.133,T0_asia0-7,0.0,0.25,15,ext+0.1W,1.5R
880.0,-0.0988,0.327,0.844,-1.76,110.8,114.9,2,454,-0.1915,-2.71,426,0.0,0.0,0.108,T0_asia0-7,0.0,0.25,15,ext+0.25W,none
739.0,-0.1168,0.737,0.517,-6.18,93.1,88.8,0,361,-0.1284,-4.96,378,-0.1057,-3.85,0.11,T0_asia0-7,0.0,0.25,15,ext+0.25W,mid
878.0,-0.1217,0.525,0.742,-4.19,110.6,112.3,0,452,-0.1587,-4.05,426,-0.0825,-1.92,0.108,T0_asia0-7,0.0,0.25,15,ext+0.25W,opp
880.0,-0.1408,0.38,0.759,-3.83,110.8,138.1,1,454,-0.2404,-4.9,426,-0.0347,-0.63,0.108,T0_asia0-7,0.0,0.25,15,ext+0.25W,1.5R
880.0,-0.1103,0.235,0.86,-1.46,110.8,123.3,3,454,-0.1954,-2.02,426,-0.0195,-0.17,0.185,T0_asia0-7,0.0,0.25,15,fix0.5W,none
739.0,-0.1813,0.647,0.476,-7.97,93.1,135.4,0,361,-0.2055,-6.55,378,-0.1582,-4.81,0.179,T0_asia0-7,0.0,0.25,15,fix0.5W,mid
878.0,-0.1513,0.413,0.751,-4.16,110.6,141.4,0,452,-0.1653,-3.33,426,-0.1365,-2.56,0.185,T0_asia0-7,0.0,0.25,15,fix0.5W,opp
880.0,-0.1527,0.364,0.768,-3.82,110.8,149.7,1,454,-0.1947,-3.52,426,-0.1079,-1.86,0.185,T0_asia0-7,0.0,0.25,15,fix0.5W,1.5R
880.0,-0.0797,0.356,0.858,-1.71,110.8,95.7,2,454,-0.1747,-2.86,426,0.0215,0.3,0.093,T0_asia0-7,0.0,0.25,15,fix1W,none
739.0,-0.0819,0.785,0.554,-5.04,93.1,62.1,0,361,-0.0993,-4.33,378,-0.0652,-2.84,0.09,T0_asia0-7,0.0,0.25,15,fix1W,mid
878.0,-0.0912,0.559,0.774,-3.56,110.6,84.9,1,452,-0.1353,-3.81,426,-0.0445,-1.2,0.093,T0_asia0-7,0.0,0.25,15,fix1W,opp
880.0,-0.0897,0.4,0.829,-2.54,110.8,94.8,3,454,-0.1834,-3.83,426,0.01,0.19,0.093,T0_asia0-7,0.0,0.25,15,fix1W,1.5R
635.0,-0.1018,0.301,0.844,-1.5,80.0,98.4,3,324,-0.147,-1.59,311,-0.0547,-0.55,0.118,T0_asia0-7,0.0,0.25,60,ext+0.1W,none
406.0,-0.1311,0.707,0.494,-4.93,51.3,56.0,0,189,-0.1503,-4.04,217,-0.1145,-3.03,0.132,T0_asia0-7,0.0,0.25,60,ext+0.1W,mid
635.0,-0.0994,0.557,0.777,-2.9,80.0,70.6,1,324,-0.1067,-2.34,311,-0.0918,-1.79,0.118,T0_asia0-7,0.0,0.25,60,ext+0.1W,opp
635.0,-0.0955,0.381,0.834,-2.14,80.0,75.6,1,324,-0.1508,-2.46,311,-0.038,-0.59,0.118,T0_asia0-7,0.0,0.25,60,ext+0.1W,1.5R
635.0,-0.0806,0.337,0.864,-1.34,80.0,92.7,3,324,-0.1488,-1.86,311,-0.0095,-0.1,0.099,T0_asia0-7,0.0,0.25,60,ext+0.25W,none
406.0,-0.0963,0.754,0.533,-4.09,51.3,41.3,0,189,-0.1164,-3.46,217,-0.0788,-2.39,0.107,T0_asia0-7,0.0,0.25,60,ext+0.25W,mid
635.0,-0.0962,0.587,0.762,-3.09,80.0,67.8,0,324,-0.1043,-2.49,311,-0.0877,-1.9,0.099,T0_asia0-7,0.0,0.25,60,ext+0.25W,opp
635.0,-0.0941,0.389,0.827,-2.21,80.0,77.8,3,324,-0.1774,-3.08,311,-0.0074,-0.12,0.099,T0_asia0-7,0.0,0.25,60,ext+0.25W,1.5R
635.0,-0.1095,0.238,0.859,-1.28,80.0,107.8,3,324,-0.1513,-1.3,311,-0.066,-0.53,0.185,T0_asia0-7,0.0,0.25,60,fix0.5W,none
406.0,-0.1456,0.675,0.511,-5.06,51.3,62.3,0,189,-0.1659,-4.07,217,-0.128,-3.16,0.174,T0_asia0-7,0.0,0.25,60,fix0.5W,mid
635.0,-0.1057,0.476,0.807,-2.61,80.0,77.5,1,324,-0.0883,-1.6,311,-0.1238,-2.08,0.185,T0_asia0-7,0.0,0.25,60,fix0.5W,opp
635.0,-0.098,0.386,0.845,-2.06,80.0,80.2,2,324,-0.1303,-1.97,311,-0.0643,-0.94,0.185,T0_asia0-7,0.0,0.25,60,fix0.5W,1.5R
635.0,-0.0605,0.353,0.89,-1.11,80.0,73.6,3,324,-0.1307,-1.8,311,0.0127,0.15,0.093,T0_asia0-7,0.0,0.25,60,fix1W,none
406.0,-0.0686,0.788,0.563,-3.41,51.3,30.7,1,189,-0.0798,-2.74,217,-0.0589,-2.11,0.087,T0_asia0-7,0.0,0.25,60,fix1W,mid
635.0,-0.0812,0.603,0.778,-2.87,80.0,56.4,1,324,-0.0865,-2.21,311,-0.0757,-1.84,0.093,T0_asia0-7,0.0,0.25,60,fix1W,opp
635.0,-0.0856,0.391,0.835,-2.06,80.0,67.7,3,324,-0.1308,-2.27,311,-0.0385,-0.64,0.093,T0_asia0-7,0.0,0.25,60,fix1W,1.5R
1283.0,-0.2824,0.189,0.668,-5.03,161.6,384.4,0,634,-0.336,-4.61,649,-0.23,-2.7,0.221,T0_asia0-7,0.1,0.0,1,ext+0.1W,none
1283.0,-0.259,0.383,0.605,-8.73,161.6,335.4,0,634,-0.2876,-7.42,649,-0.231,-5.16,0.221,T0_asia0-7,0.1,0.0,1,ext+0.1W,mid
1283.0,-0.2256,0.266,0.709,-5.48,161.6,302.2,0,634,-0.2992,-5.73,649,-0.1537,-2.43,0.221,T0_asia0-7,0.1,0.0,1,ext+0.1W,opp
1283.0,-0.2556,0.324,0.642,-7.85,161.6,330.8,0,634,-0.2627,-5.71,649,-0.2486,-5.39,0.221,T0_asia0-7,0.1,0.0,1,ext+0.1W,1.5R
1283.0,-0.203,0.247,0.734,-3.91,161.6,288.6,0,634,-0.258,-3.96,649,-0.1493,-1.85,0.158,T0_asia0-7,0.1,0.0,1,ext+0.25W,none
1283.0,-0.1933,0.472,0.647,-7.56,161.6,250.4,0,634,-0.2059,-6.01,649,-0.1809,-4.77,0.158,T0_asia0-7,0.1,0.0,1,ext+0.25W,mid
1283.0,-0.1853,0.334,0.729,-5.34,161.6,252.0,1,634,-0.2442,-5.33,649,-0.1278,-2.46,0.158,T0_asia0-7,0.1,0.0,1,ext+0.25W,opp
1283.0,-0.1929,0.35,0.71,-5.97,161.6,255.1,0,634,-0.2278,-5.04,649,-0.1588,-3.44,0.158,T0_asia0-7,0.1,0.0,1,ext+0.25W,1.5R
1283.0,-0.2302,0.227,0.71,-4.38,161.6,317.1,0,634,-0.3271,-4.82,649,-0.1356,-1.7,0.176,T0_asia0-7,0.1,0.0,1,fix0.5W,none
1283.0,-0.2307,0.433,0.609,-8.85,161.6,298.3,0,634,-0.2747,-7.66,649,-0.1877,-4.98,0.176,T0_asia0-7,0.1,0.0,1,fix0.5W,mid
1283.0,-0.2095,0.306,0.708,-5.9,161.6,273.9,0,634,-0.2899,-6.0,649,-0.131,-2.53,0.176,T0_asia0-7,0.1,0.0,1,fix0.5W,opp
1283.0,-0.2179,0.339,0.682,-6.72,161.6,283.4,0,634,-0.2672,-5.85,649,-0.1698,-3.69,0.176,T0_asia0-7,0.1,0.0,1,fix0.5W,1.5R
1283.0,-0.1267,0.367,0.776,-3.57,161.6,181.9,1,634,-0.1925,-4.09,649,-0.0624,-1.18,0.088,T0_asia0-7,0.1,0.0,1,fix1W,none
1283.0,-0.1069,0.624,0.704,-5.65,161.6,140.6,0,634,-0.1224,-4.61,649,-0.0917,-3.4,0.088,T0_asia0-7,0.1,0.0,1,fix1W,mid
1283.0,-0.1041,0.475,0.784,-4.15,161.6,138.1,0,634,-0.1459,-4.1,649,-0.0632,-1.79,0.088,T0_asia0-7,0.1,0.0,1,fix1W,opp
1283.0,-0.084,0.419,0.838,-2.87,161.6,123.6,2,634,-0.1428,-3.46,649,-0.0266,-0.64,0.088,T0_asia0-7,0.1,0.0,1,fix1W,1.5R
1213.0,-0.2382,0.204,0.711,-4.03,152.8,312.1,0,604,-0.308,-4.17,609,-0.169,-1.84,0.199,T0_asia0-7,0.1,0.0,5,ext+0.1W,none
1208.0,-0.2275,0.428,0.623,-7.89,152.1,278.8,0,602,-0.2431,-6.41,606,-0.212,-4.88,0.2,T0_asia0-7,0.1,0.0,5,ext+0.1W,mid
1213.0,-0.1967,0.294,0.734,-4.85,152.8,251.6,0,604,-0.2678,-5.13,609,-0.1263,-2.04,0.199,T0_asia0-7,0.1,0.0,5,ext+0.1W,opp
1213.0,-0.2174,0.34,0.685,-6.48,152.8,264.1,0,604,-0.2355,-5.01,609,-0.1994,-4.16,0.199,T0_asia0-7,0.1,0.0,5,ext+0.1W,1.5R
1213.0,-0.1844,0.264,0.75,-3.7,152.8,251.8,1,604,-0.2292,-3.47,609,-0.1399,-1.88,0.146,T0_asia0-7,0.1,0.0,5,ext+0.25W,none
1208.0,-0.1652,0.513,0.672,-6.58,152.1,201.6,0,602,-0.1806,-5.39,606,-0.1499,-4.01,0.146,T0_asia0-7,0.1,0.0,5,ext+0.25W,mid
1213.0,-0.1575,0.361,0.758,-4.55,152.8,204.8,2,604,-0.2213,-4.83,609,-0.0942,-1.82,0.146,T0_asia0-7,0.1,0.0,5,ext+0.25W,opp
1213.0,-0.1592,0.364,0.752,-4.79,152.8,199.3,0,604,-0.2078,-4.5,609,-0.111,-2.33,0.146,T0_asia0-7,0.1,0.0,5,ext+0.25W,1.5R
1213.0,-0.2274,0.225,0.714,-4.19,152.8,293.2,0,604,-0.3374,-4.85,609,-0.1183,-1.42,0.177,T0_asia0-7,0.1,0.0,5,fix0.5W,none
1208.0,-0.2085,0.461,0.628,-7.96,152.1,254.1,0,602,-0.2503,-6.97,606,-0.1671,-4.39,0.177,T0_asia0-7,0.1,0.0,5,fix0.5W,mid
1213.0,-0.2011,0.313,0.716,-5.56,152.8,247.0,0,604,-0.2858,-5.81,609,-0.1171,-2.22,0.177,T0_asia0-7,0.1,0.0,5,fix0.5W,opp
1213.0,-0.2111,0.34,0.691,-6.31,152.8,259.8,0,604,-0.2733,-5.85,609,-0.1494,-3.12,0.177,T0_asia0-7,0.1,0.0,5,fix0.5W,1.5R
1213.0,-0.1222,0.369,0.781,-3.39,152.8,165.4,2,604,-0.1789,-3.68,609,-0.0659,-1.24,0.088,T0_asia0-7,0.1,0.0,5,fix1W,none
1208.0,-0.096,0.645,0.718,-5.07,152.1,119.2,0,602,-0.1132,-4.29,606,-0.0788,-2.91,0.088,T0_asia0-7,0.1,0.0,5,fix1W,mid
1213.0,-0.0982,0.482,0.792,-3.86,152.8,123.0,1,604,-0.1431,-3.98,609,-0.0537,-1.49,0.088,T0_asia0-7,0.1,0.0,5,fix1W,opp
1213.0,-0.0807,0.418,0.843,-2.69,152.8,112.0,1,604,-0.1408,-3.33,609,-0.0211,-0.5,0.088,T0_asia0-7,0.1,0.0,5,fix1W,1.5R
1107.0,-0.2125,0.223,0.733,-3.58,139.4,259.4,0,547,-0.2559,-3.32,560,-0.1701,-1.88,0.183,T0_asia0-7,0.1,0.0,15,ext+0.1W,none
1090.0,-0.1922,0.479,0.648,-6.69,137.3,211.6,0,535,-0.192,-4.99,555,-0.1923,-4.52,0.184,T0_asia0-7,0.1,0.0,15,ext+0.1W,mid
1106.0,-0.1696,0.328,0.757,-4.19,139.3,196.9,0,546,-0.2267,-4.3,560,-0.114,-1.86,0.183,T0_asia0-7,0.1,0.0,15,ext+0.1W,opp
1107.0,-0.1835,0.351,0.725,-5.22,139.4,204.0,0,547,-0.18,-3.62,560,-0.187,-3.76,0.183,T0_asia0-7,0.1,0.0,15,ext+0.1W,1.5R
1107.0,-0.1566,0.284,0.778,-3.1,139.4,201.9,0,547,-0.1893,-2.78,560,-0.1247,-1.67,0.139,T0_asia0-7,0.1,0.0,15,ext+0.25W,none
1090.0,-0.1349,0.561,0.701,-5.41,137.3,148.6,0,535,-0.1384,-4.12,555,-0.1316,-3.58,0.139,T0_asia0-7,0.1,0.0,15,ext+0.25W,mid
1106.0,-0.128,0.396,0.79,-3.69,139.3,155.9,1,546,-0.1863,-4.04,560,-0.0713,-1.38,0.139,T0_asia0-7,0.1,0.0,15,ext+0.25W,opp
1107.0,-0.1251,0.377,0.798,-3.6,139.4,148.8,0,547,-0.1669,-3.44,560,-0.0842,-1.7,0.139,T0_asia0-7,0.1,0.0,15,ext+0.25W,1.5R
1107.0,-0.2082,0.227,0.738,-3.6,139.4,256.0,0,547,-0.245,-3.1,560,-0.1722,-2.04,0.179,T0_asia0-7,0.1,0.0,15,fix0.5W,none
1090.0,-0.1912,0.494,0.638,-7.17,137.3,210.0,0,535,-0.2004,-5.42,555,-0.1824,-4.75,0.177,T0_asia0-7,0.1,0.0,15,fix0.5W,mid
1106.0,-0.1798,0.328,0.741,-4.79,139.3,205.7,0,546,-0.229,-4.42,560,-0.1319,-2.44,0.179,T0_asia0-7,0.1,0.0,15,fix0.5W,opp
1107.0,-0.1824,0.35,0.729,-5.15,139.4,206.3,0,547,-0.2166,-4.32,560,-0.1489,-2.97,0.179,T0_asia0-7,0.1,0.0,15,fix0.5W,1.5R
1107.0,-0.1071,0.368,0.808,-2.77,139.4,136.0,1,547,-0.1706,-3.31,560,-0.045,-0.78,0.089,T0_asia0-7,0.1,0.0,15,fix1W,none
1090.0,-0.0976,0.662,0.699,-5.07,137.3,108.4,0,535,-0.108,-4.01,555,-0.0876,-3.19,0.088,T0_asia0-7,0.1,0.0,15,fix1W,mid
1106.0,-0.0968,0.491,0.792,-3.69,139.3,108.4,0,546,-0.146,-3.93,560,-0.0488,-1.32,0.089,T0_asia0-7,0.1,0.0,15,fix1W,opp
1107.0,-0.0751,0.414,0.855,-2.38,139.4,93.3,0,547,-0.1463,-3.3,560,-0.0056,-0.12,0.089,T0_asia0-7,0.1,0.0,15,fix1W,1.5R
865.0,-0.1518,0.261,0.794,-2.49,108.9,161.3,0,422,-0.1746,-2.12,443,-0.1301,-1.45,0.153,T0_asia0-7,0.1,0.0,60,ext+0.1W,none
781.0,-0.1467,0.545,0.686,-4.71,98.4,116.8,0,373,-0.1485,-3.55,408,-0.145,-3.17,0.161,T0_asia0-7,0.1,0.0,60,ext+0.1W,mid
864.0,-0.1203,0.4,0.805,-2.86,108.8,114.9,1,421,-0.186,-3.45,443,-0.0579,-0.9,0.153,T0_asia0-7,0.1,0.0,60,ext+0.1W,opp
865.0,-0.1284,0.373,0.796,-3.24,108.9,121.0,0,422,-0.1419,-2.54,443,-0.1156,-2.05,0.153,T0_asia0-7,0.1,0.0,60,ext+0.1W,1.5R
865.0,-0.1191,0.314,0.819,-2.25,108.9,133.5,2,422,-0.1605,-2.22,443,-0.0797,-1.03,0.122,T0_asia0-7,0.1,0.0,60,ext+0.25W,none
781.0,-0.1187,0.609,0.699,-4.39,98.4,94.4,0,373,-0.1204,-3.27,408,-0.1172,-2.98,0.128,T0_asia0-7,0.1,0.0,60,ext+0.25W,mid
864.0,-0.1068,0.455,0.805,-2.96,108.8,103.1,1,421,-0.1635,-3.41,443,-0.0528,-0.99,0.123,T0_asia0-7,0.1,0.0,60,ext+0.25W,opp
865.0,-0.1217,0.384,0.797,-3.18,108.9,121.2,1,422,-0.1903,-3.59,443,-0.0563,-1.02,0.122,T0_asia0-7,0.1,0.0,60,ext+0.25W,1.5R
865.0,-0.1947,0.237,0.752,-3.13,108.9,210.1,1,422,-0.187,-2.05,443,-0.202,-2.39,0.181,T0_asia0-7,0.1,0.0,60,fix0.5W,none
781.0,-0.1823,0.528,0.626,-6.13,98.4,145.0,0,373,-0.1973,-4.74,408,-0.1686,-3.98,0.177,T0_asia0-7,0.1,0.0,60,fix0.5W,mid
864.0,-0.157,0.367,0.761,-3.86,108.8,149.4,0,421,-0.1818,-3.21,443,-0.1334,-2.28,0.181,T0_asia0-7,0.1,0.0,60,fix0.5W,opp
865.0,-0.1469,0.366,0.777,-3.63,108.9,143.0,0,422,-0.1454,-2.5,443,-0.1483,-2.64,0.181,T0_asia0-7,0.1,0.0,60,fix0.5W,1.5R
865.0,-0.0953,0.37,0.826,-2.23,108.9,108.9,1,422,-0.129,-2.2,443,-0.0631,-1.02,0.091,T0_asia0-7,0.1,0.0,60,fix1W,none
781.0,-0.0938,0.686,0.682,-4.38,98.4,75.2,0,373,-0.091,-3.03,408,-0.0964,-3.15,0.089,T0_asia0-7,0.1,0.0,60,fix1W,mid
864.0,-0.0855,0.521,0.803,-3.02,108.8,75.7,1,421,-0.1055,-2.63,443,-0.0664,-1.66,0.091,T0_asia0-7,0.1,0.0,60,fix1W,opp
865.0,-0.0675,0.414,0.867,-1.89,108.9,75.6,3,422,-0.1196,-2.38,443,-0.0179,-0.35,0.091,T0_asia0-7,0.1,0.0,60,fix1W,1.5R
754.0,-0.1596,0.292,0.767,-2.65,95.0,142.8,1,373,-0.2227,-3.07,381,-0.0978,-1.02,0.129,T0_asia0-7,0.1,0.25,1,ext+0.1W,none
734.0,-0.1278,0.703,0.568,-5.94,92.4,95.2,0,360,-0.1284,-4.51,374,-0.1273,-3.96,0.13,T0_asia0-7,0.1,0.25,1,ext+0.1W,mid
754.0,-0.1067,0.475,0.798,-2.99,95.0,88.1,1,373,-0.1643,-3.44,381,-0.0502,-0.95,0.129,T0_asia0-7,0.1,0.25,1,ext+0.1W,opp
754.0,-0.0918,0.389,0.846,-2.19,95.0,81.1,2,373,-0.1527,-2.63,381,-0.0321,-0.53,0.129,T0_asia0-7,0.1,0.25,1,ext+0.1W,1.5R
754.0,-0.1316,0.33,0.789,-2.47,95.0,117.8,1,373,-0.2091,-3.19,381,-0.0558,-0.67,0.108,T0_asia0-7,0.1,0.25,1,ext+0.25W,none
734.0,-0.1095,0.738,0.568,-5.6,92.4,81.4,0,360,-0.1116,-4.27,374,-0.1074,-3.7,0.108,T0_asia0-7,0.1,0.25,1,ext+0.25W,mid
754.0,-0.1102,0.509,0.77,-3.44,95.0,89.0,0,373,-0.1738,-3.99,381,-0.0478,-1.02,0.108,T0_asia0-7,0.1,0.25,1,ext+0.25W,opp
754.0,-0.0994,0.393,0.824,-2.48,95.0,85.7,1,373,-0.1839,-3.36,381,-0.0166,-0.29,0.108,T0_asia0-7,0.1,0.25,1,ext+0.25W,1.5R
754.0,-0.2029,0.22,0.747,-2.81,95.0,180.8,1,373,-0.3147,-3.56,381,-0.0935,-0.82,0.189,T0_asia0-7,0.1,0.25,1,fix0.5W,none
734.0,-0.1988,0.616,0.499,-8.03,92.4,148.1,0,360,-0.2233,-6.63,374,-0.1752,-4.84,0.189,T0_asia0-7,0.1,0.25,1,fix0.5W,mid
754.0,-0.1535,0.386,0.761,-3.7,95.0,125.9,1,373,-0.2228,-3.93,381,-0.0856,-1.42,0.189,T0_asia0-7,0.1,0.25,1,fix0.5W,opp
754.0,-0.1399,0.369,0.788,-3.21,95.0,119.2,1,373,-0.2016,-3.3,381,-0.0794,-1.28,0.189,T0_asia0-7,0.1,0.25,1,fix0.5W,1.5R
754.0,-0.106,0.353,0.815,-2.2,95.0,100.4,0,373,-0.1891,-3.0,381,-0.0246,-0.34,0.095,T0_asia0-7,0.1,0.25,1,fix1W,none
734.0,-0.1017,0.763,0.547,-5.62,92.4,75.8,0,360,-0.1053,-4.27,374,-0.0982,-3.72,0.094,T0_asia0-7,0.1,0.25,1,fix1W,mid
754.0,-0.104,0.532,0.762,-3.56,95.0,82.2,0,373,-0.1626,-3.96,381,-0.0466,-1.12,0.095,T0_asia0-7,0.1,0.25,1,fix1W,opp
754.0,-0.0741,0.405,0.86,-1.9,95.0,72.4,1,373,-0.1567,-2.89,381,0.0068,0.12,0.095,T0_asia0-7,0.1,0.25,1,fix1W,1.5R
686.0,-0.1226,0.303,0.816,-1.89,86.4,103.4,1,342,-0.197,-2.59,344,-0.0487,-0.46,0.125,T0_asia0-7,0.1,0.25,5,ext+0.1W,none
627.0,-0.1162,0.726,0.56,-5.31,79.0,73.7,0,302,-0.128,-4.31,325,-0.1052,-3.29,0.127,T0_asia0-7,0.1,0.25,5,ext+0.1W,mid
683.0,-0.0882,0.507,0.822,-2.45,86.0,62.8,1,340,-0.1495,-3.1,343,-0.0274,-0.52,0.125,T0_asia0-7,0.1,0.25,5,ext+0.1W,opp
686.0,-0.0817,0.394,0.86,-1.87,86.4,67.5,2,342,-0.1526,-2.54,344,-0.0111,-0.18,0.125,T0_asia0-7,0.1,0.25,5,ext+0.1W,1.5R
686.0,-0.0938,0.344,0.845,-1.64,86.4,80.5,1,342,-0.1833,-2.66,344,-0.0049,-0.05,0.104,T0_asia0-7,0.1,0.25,5,ext+0.25W,none
627.0,-0.0933,0.762,0.576,-4.74,79.0,59.1,0,302,-0.1133,-4.14,325,-0.0746,-2.64,0.105,T0_asia0-7,0.1,0.25,5,ext+0.25W,mid
683.0,-0.0864,0.543,0.806,-2.67,86.0,61.1,1,340,-0.1561,-3.53,343,-0.0173,-0.37,0.104,T0_asia0-7,0.1,0.25,5,ext+0.25W,opp
686.0,-0.0841,0.401,0.847,-2.01,86.4,67.4,2,342,-0.1693,-2.98,344,0.0006,0.01,0.104,T0_asia0-7,0.1,0.25,5,ext+0.25W,1.5R
686.0,-0.1799,0.222,0.774,-2.3,86.4,151.1,1,342,-0.2945,-3.13,344,-0.0659,-0.53,0.19,T0_asia0-7,0.1,0.25,5,fix0.5W,none
627.0,-0.1796,0.644,0.498,-7.08,79.0,113.6,0,302,-0.2139,-6.08,325,-0.1478,-4.06,0.186,T0_asia0-7,0.1,0.25,5,fix0.5W,mid
683.0,-0.1427,0.403,0.771,-3.36,86.0,105.0,0,340,-0.2065,-3.54,343,-0.0795,-1.29,0.189,T0_asia0-7,0.1,0.25,5,fix0.5W,opp
686.0,-0.1282,0.372,0.804,-2.8,86.4,98.8,1,342,-0.2144,-3.38,344,-0.0424,-0.65,0.19,T0_asia0-7,0.1,0.25,5,fix0.5W,1.5R
686.0,-0.0749,0.359,0.867,-1.46,86.4,73.7,2,342,-0.1575,-2.35,344,0.0073,0.09,0.095,T0_asia0-7,0.1,0.25,5,fix1W,none
627.0,-0.087,0.781,0.557,-4.76,79.0,55.5,0,302,-0.1116,-4.28,325,-0.0641,-2.5,0.093,T0_asia0-7,0.1,0.25,5,fix1W,mid
683.0,-0.0838,0.555,0.797,-2.8,86.0,59.1,1,340,-0.1506,-3.58,343,-0.0176,-0.42,0.095,T0_asia0-7,0.1,0.25,5,fix1W,opp
686.0,-0.0535,0.408,0.897,-1.3,86.4,54.8,2,342,-0.1489,-2.62,344,0.0413,0.7,0.095,T0_asia0-7,0.1,0.25,5,fix1W,1.5R
614.0,-0.0669,0.319,0.896,-0.95,77.3,65.5,3,313,-0.1458,-1.75,301,0.0152,0.13,0.121,T0_asia0-7,0.1,0.25,15,ext+0.1W,none
503.0,-0.1011,0.75,0.574,-4.36,63.4,51.5,0,243,-0.1232,-3.84,260,-0.0804,-2.41,0.123,T0_asia0-7,0.1,0.25,15,ext+0.1W,mid
611.0,-0.0631,0.543,0.862,-1.74,77.0,42.7,1,311,-0.1232,-2.53,300,-0.0009,-0.02,0.121,T0_asia0-7,0.1,0.25,15,ext+0.1W,opp
614.0,-0.0575,0.402,0.898,-1.25,77.3,45.2,2,313,-0.1547,-2.49,301,0.0436,0.65,0.121,T0_asia0-7,0.1,0.25,15,ext+0.1W,1.5R
614.0,-0.0352,0.36,0.939,-0.56,77.3,47.9,3,313,-0.1364,-1.82,301,0.0701,0.69,0.101,T0_asia0-7,0.1,0.25,15,ext+0.25W,none
503.0,-0.0779,0.785,0.602,-3.75,63.4,39.8,0,243,-0.0986,-3.38,260,-0.0586,-1.98,0.103,T0_asia0-7,0.1,0.25,15,ext+0.25W,mid
611.0,-0.0605,0.578,0.853,-1.84,77.0,40.2,1,311,-0.1282,-2.88,300,0.0097,0.2,0.101,T0_asia0-7,0.1,0.25,15,ext+0.25W,opp
614.0,-0.0423,0.415,0.92,-0.96,77.3,39.5,3,313,-0.1608,-2.72,301,0.0808,1.23,0.101,T0_asia0-7,0.1,0.25,15,ext+0.25W,1.5R
614.0,-0.0896,0.236,0.885,-1.02,77.3,99.3,2,313,-0.2004,-1.83,301,0.0255,0.18,0.191,T0_asia0-7,0.1,0.25,15,fix0.5W,none
503.0,-0.1629,0.666,0.508,-5.97,63.4,82.5,0,243,-0.2037,-5.32,260,-0.1247,-3.22,0.186,T0_asia0-7,0.1,0.25,15,fix0.5W,mid
611.0,-0.1039,0.434,0.824,-2.36,77.0,74.2,2,311,-0.1601,-2.66,300,-0.0456,-0.71,0.19,T0_asia0-7,0.1,0.25,15,fix0.5W,opp
614.0,-0.0761,0.393,0.88,-1.55,77.3,65.4,2,313,-0.1667,-2.48,301,0.018,0.25,0.191,T0_asia0-7,0.1,0.25,15,fix0.5W,1.5R
614.0,-0.0205,0.37,0.962,-0.36,77.3,46.8,4,313,-0.1381,-1.91,301,0.1017,1.15,0.095,T0_asia0-7,0.1,0.25,15,fix1W,none
503.0,-0.0663,0.807,0.61,-3.46,63.4,35.0,0,243,-0.0877,-3.21,260,-0.0463,-1.73,0.093,T0_asia0-7,0.1,0.25,15,fix1W,mid
611.0,-0.0502,0.588,0.868,-1.64,77.0,34.0,1,311,-0.1168,-2.73,300,0.0188,0.43,0.095,T0_asia0-7,0.1,0.25,15,fix1W,opp
614.0,-0.0173,0.42,0.966,-0.4,77.3,30.7,3,313,-0.1347,-2.28,301,0.1048,1.64,0.095,T0_asia0-7,0.1,0.25,15,fix1W,1.5R
431.0,-0.0801,0.325,0.867,-1.15,54.3,61.9,3,217,-0.0889,-0.95,214,-0.0713,-0.68,0.109,T0_asia0-7,0.1,0.25,60,ext+0.1W,none
267.0,-0.0864,0.757,0.581,-2.92,33.8,25.3,0,128,-0.0949,-2.34,139,-0.0785,-1.83,0.123,T0_asia0-7,0.1,0.25,60,ext+0.1W,mid
429.0,-0.0446,0.606,0.887,-1.13,54.1,28.9,2,215,-0.0485,-0.9,214,-0.0407,-0.7,0.109,T0_asia0-7,0.1,0.25,60,ext+0.1W,opp
431.0,-0.0025,0.413,0.995,-0.05,54.3,25.1,4,217,-0.0326,-0.44,214,0.0281,0.36,0.109,T0_asia0-7,0.1,0.25,60,ext+0.1W,1.5R
431.0,-0.044,0.36,0.919,-0.66,54.3,52.7,3,217,-0.0916,-1.08,214,0.0043,0.04,0.092,T0_asia0-7,0.1,0.25,60,ext+0.25W,none
267.0,-0.058,0.794,0.643,-2.23,33.8,17.5,0,128,-0.0729,-2.0,139,-0.0444,-1.2,0.101,T0_asia0-7,0.1,0.25,60,ext+0.25W,mid
429.0,-0.0498,0.632,0.861,-1.39,54.1,28.3,1,215,-0.0663,-1.34,214,-0.0332,-0.64,0.093,T0_asia0-7,0.1,0.25,60,ext+0.25W,opp
431.0,-0.0235,0.415,0.953,-0.46,54.3,38.6,4,217,-0.0922,-1.33,214,0.0463,0.61,0.092,T0_asia0-7,0.1,0.25,60,ext+0.25W,1.5R
431.0,-0.1196,0.237,0.847,-1.23,54.3,82.4,2,217,-0.1427,-1.08,214,-0.0962,-0.67,0.193,T0_asia0-7,0.1,0.25,60,fix0.5W,none
267.0,-0.1256,0.693,0.552,-3.61,33.8,36.7,0,128,-0.1382,-2.85,139,-0.1139,-2.28,0.186,T0_asia0-7,0.1,0.25,60,fix0.5W,mid
429.0,-0.0601,0.497,0.887,-1.21,54.1,40.3,4,215,-0.0325,-0.47,214,-0.0879,-1.23,0.193,T0_asia0-7,0.1,0.25,60,fix0.5W,opp
431.0,-0.0084,0.422,0.986,-0.14,54.3,37.7,5,217,-0.0219,-0.26,214,0.0052,0.06,0.193,T0_asia0-7,0.1,0.25,60,fix0.5W,1.5R
431.0,-0.0401,0.355,0.926,-0.62,54.3,53.3,3,217,-0.0982,-1.16,214,0.0188,0.19,0.097,T0_asia0-7,0.1,0.25,60,fix1W,none
267.0,-0.0547,0.805,0.624,-2.26,33.8,16.4,1,128,-0.0664,-1.93,139,-0.044,-1.29,0.093,T0_asia0-7,0.1,0.25,60,fix1W,mid
429.0,-0.0485,0.627,0.861,-1.41,54.1,25.7,1,215,-0.0674,-1.39,214,-0.0295,-0.6,0.097,T0_asia0-7,0.1,0.25,60,fix1W,opp
431.0,-0.0175,0.406,0.965,-0.34,54.3,27.0,6,217,-0.0785,-1.1,214,0.0444,0.59,0.097,T0_asia0-7,0.1,0.25,60,fix1W,1.5R
914.0,-0.2734,0.225,0.654,-4.81,115.1,256.6,0,470,-0.279,-3.56,444,-0.2675,-3.24,0.172,T0_asia0-7,0.2,0.0,1,ext+0.1W,none
914.0,-0.2152,0.456,0.62,-6.98,115.1,198.3,0,470,-0.2192,-5.4,444,-0.2109,-4.51,0.172,T0_asia0-7,0.2,0.0,1,ext+0.1W,mid
914.0,-0.2179,0.316,0.69,-5.22,115.1,199.1,0,470,-0.2374,-4.36,444,-0.1972,-3.09,0.172,T0_asia0-7,0.2,0.0,1,ext+0.1W,opp
914.0,-0.2303,0.332,0.665,-6.04,115.1,212.2,0,470,-0.2308,-4.36,444,-0.2297,-4.18,0.172,T0_asia0-7,0.2,0.0,1,ext+0.1W,1.5R
914.0,-0.1935,0.286,0.725,-3.75,115.1,182.7,0,470,-0.2629,-3.92,444,-0.1202,-1.52,0.133,T0_asia0-7,0.2,0.0,1,ext+0.25W,none
914.0,-0.1545,0.537,0.674,-5.65,115.1,143.5,0,470,-0.1689,-4.64,444,-0.1394,-3.39,0.133,T0_asia0-7,0.2,0.0,1,ext+0.25W,mid
914.0,-0.1534,0.386,0.751,-4.14,115.1,145.4,1,470,-0.2066,-4.26,444,-0.097,-1.73,0.133,T0_asia0-7,0.2,0.0,1,ext+0.25W,opp
914.0,-0.1603,0.368,0.746,-4.26,115.1,147.8,0,470,-0.2097,-4.08,444,-0.108,-1.96,0.133,T0_asia0-7,0.2,0.0,1,ext+0.25W,1.5R
914.0,-0.311,0.209,0.617,-5.48,115.1,294.8,0,470,-0.3733,-4.8,444,-0.2451,-2.95,0.187,T0_asia0-7,0.2,0.0,1,fix0.5W,none
914.0,-0.2513,0.426,0.58,-8.2,115.1,231.5,0,470,-0.2687,-6.46,444,-0.2329,-5.15,0.187,T0_asia0-7,0.2,0.0,1,fix0.5W,mid
914.0,-0.2423,0.291,0.668,-5.84,115.1,221.9,0,470,-0.2911,-5.19,444,-0.1906,-3.1,0.187,T0_asia0-7,0.2,0.0,1,fix0.5W,opp
914.0,-0.2484,0.323,0.646,-6.51,115.1,228.9,0,470,-0.27,-5.08,444,-0.2255,-4.11,0.187,T0_asia0-7,0.2,0.0,1,fix0.5W,1.5R
914.0,-0.1386,0.358,0.762,-3.29,115.1,130.0,1,470,-0.2104,-3.78,444,-0.0626,-0.98,0.093,T0_asia0-7,0.2,0.0,1,fix1W,none
914.0,-0.1118,0.625,0.693,-4.98,115.1,104.1,0,470,-0.1295,-4.2,444,-0.093,-2.84,0.093,T0_asia0-7,0.2,0.0,1,fix1W,mid
914.0,-0.1117,0.47,0.774,-3.72,115.1,102.6,1,470,-0.149,-3.6,444,-0.0721,-1.66,0.093,T0_asia0-7,0.2,0.0,1,fix1W,opp
914.0,-0.0763,0.416,0.857,-2.15,115.1,80.5,2,470,-0.1514,-3.13,444,0.0032,0.06,0.093,T0_asia0-7,0.2,0.0,1,fix1W,1.5R
859.0,-0.27,0.235,0.651,-4.76,108.2,237.6,0,447,-0.2606,-3.3,412,-0.2802,-3.43,0.162,T0_asia0-7,0.2,0.0,5,ext+0.1W,none
853.0,-0.2065,0.487,0.612,-6.82,107.4,178.3,0,444,-0.2021,-5.06,409,-0.2113,-4.59,0.162,T0_asia0-7,0.2,0.0,5,ext+0.1W,mid
859.0,-0.2118,0.338,0.688,-5.14,108.2,181.9,0,447,-0.2272,-4.22,412,-0.195,-3.09,0.162,T0_asia0-7,0.2,0.0,5,ext+0.1W,opp
859.0,-0.224,0.338,0.668,-5.75,108.2,192.7,0,447,-0.2245,-4.18,412,-0.2236,-3.95,0.162,T0_asia0-7,0.2,0.0,5,ext+0.1W,1.5R
859.0,-0.1947,0.296,0.718,-3.86,108.2,171.8,0,447,-0.2494,-3.71,412,-0.1353,-1.79,0.127,T0_asia0-7,0.2,0.0,5,ext+0.25W,none
853.0,-0.1476,0.564,0.669,-5.45,107.4,127.4,0,444,-0.1562,-4.35,409,-0.1383,-3.38,0.127,T0_asia0-7,0.2,0.0,5,ext+0.25W,mid
859.0,-0.1553,0.404,0.74,-4.22,108.2,134.4,0,447,-0.2091,-4.35,412,-0.0968,-1.73,0.127,T0_asia0-7,0.2,0.0,5,ext+0.25W,opp
859.0,-0.1598,0.373,0.743,-4.17,108.2,138.7,0,447,-0.2152,-4.14,412,-0.0997,-1.76,0.127,T0_asia0-7,0.2,0.0,5,ext+0.25W,1.5R
859.0,-0.3376,0.2,0.59,-5.83,108.2,293.0,0,447,-0.3967,-5.1,412,-0.2735,-3.17,0.188,T0_asia0-7,0.2,0.0,5,fix0.5W,none
853.0,-0.245,0.447,0.576,-7.95,107.4,210.3,0,444,-0.2552,-6.12,409,-0.2338,-5.12,0.187,T0_asia0-7,0.2,0.0,5,fix0.5W,mid
859.0,-0.2692,0.291,0.633,-6.45,108.2,231.2,0,447,-0.3075,-5.46,412,-0.2276,-3.68,0.188,T0_asia0-7,0.2,0.0,5,fix0.5W,opp
859.0,-0.2712,0.315,0.618,-6.94,108.2,234.4,0,447,-0.3025,-5.61,412,-0.2373,-4.18,0.188,T0_asia0-7,0.2,0.0,5,fix0.5W,1.5R
859.0,-0.1457,0.36,0.749,-3.44,108.2,127.5,0,447,-0.1946,-3.42,412,-0.0926,-1.47,0.094,T0_asia0-7,0.2,0.0,5,fix1W,none
853.0,-0.1089,0.641,0.687,-4.81,107.4,94.2,0,444,-0.1251,-4.05,409,-0.0913,-2.75,0.094,T0_asia0-7,0.2,0.0,5,fix1W,mid
859.0,-0.1142,0.478,0.765,-3.75,108.2,98.2,0,447,-0.1506,-3.61,412,-0.0748,-1.68,0.094,T0_asia0-7,0.2,0.0,5,fix1W,opp
859.0,-0.0835,0.414,0.843,-2.3,108.2,79.5,1,447,-0.1523,-3.09,412,-0.0089,-0.17,0.094,T0_asia0-7,0.2,0.0,5,fix1W,1.5R
768.0,-0.243,0.25,0.677,-4.1,96.7,195.3,0,392,-0.2377,-2.8,376,-0.2485,-3.0,0.155,T0_asia0-7,0.2,0.0,15,ext+0.1W,none
752.0,-0.1837,0.525,0.627,-5.95,94.7,139.8,0,381,-0.1803,-4.34,371,-0.1873,-4.09,0.157,T0_asia0-7,0.2,0.0,15,ext+0.1W,mid
766.0,-0.1875,0.366,0.71,-4.43,96.5,144.7,0,391,-0.2077,-3.71,375,-0.1665,-2.61,0.155,T0_asia0-7,0.2,0.0,15,ext+0.1W,opp
768.0,-0.1989,0.346,0.698,-4.82,96.7,153.0,0,392,-0.1993,-3.47,376,-0.1985,-3.35,0.155,T0_asia0-7,0.2,0.0,15,ext+0.1W,1.5R
768.0,-0.1754,0.31,0.738,-3.33,96.7,139.5,0,392,-0.233,-3.26,376,-0.1153,-1.48,0.125,T0_asia0-7,0.2,0.0,15,ext+0.25W,none
752.0,-0.1296,0.598,0.684,-4.71,94.7,98.6,0,381,-0.1355,-3.65,371,-0.1236,-3.03,0.125,T0_asia0-7,0.2,0.0,15,ext+0.25W,mid
766.0,-0.1351,0.431,0.762,-3.59,96.5,103.5,0,391,-0.1899,-3.8,375,-0.0779,-1.38,0.125,T0_asia0-7,0.2,0.0,15,ext+0.25W,opp
768.0,-0.1432,0.376,0.765,-3.54,96.7,111.0,0,392,-0.2041,-3.7,376,-0.0797,-1.34,0.125,T0_asia0-7,0.2,0.0,15,ext+0.25W,1.5R
768.0,-0.2813,0.211,0.655,-4.35,96.7,227.4,0,392,-0.307,-3.37,376,-0.2545,-2.77,0.19,T0_asia0-7,0.2,0.0,15,fix0.5W,none
752.0,-0.2186,0.481,0.597,-6.86,94.7,165.4,0,381,-0.2178,-4.94,371,-0.2194,-4.76,0.188,T0_asia0-7,0.2,0.0,15,fix0.5W,mid
766.0,-0.2347,0.311,0.671,-5.32,96.5,180.3,0,391,-0.2581,-4.25,375,-0.2103,-3.28,0.19,T0_asia0-7,0.2,0.0,15,fix0.5W,opp
768.0,-0.2616,0.319,0.63,-6.31,96.7,201.0,0,392,-0.2837,-4.89,376,-0.2386,-4.01,0.19,T0_asia0-7,0.2,0.0,15,fix0.5W,1.5R
768.0,-0.119,0.363,0.793,-2.56,96.7,94.9,1,392,-0.1869,-3.02,376,-0.0481,-0.69,0.095,T0_asia0-7,0.2,0.0,15,fix1W,none
752.0,-0.0991,0.664,0.695,-4.27,94.7,75.7,0,381,-0.1149,-3.56,371,-0.0828,-2.48,0.094,T0_asia0-7,0.2,0.0,15,fix1W,mid
766.0,-0.1064,0.491,0.775,-3.35,96.5,81.5,1,391,-0.1609,-3.66,375,-0.0495,-1.08,0.095,T0_asia0-7,0.2,0.0,15,fix1W,opp
768.0,-0.0759,0.413,0.857,-1.97,96.7,62.1,1,392,-0.1687,-3.21,376,0.0209,0.37,0.095,T0_asia0-7,0.2,0.0,15,fix1W,1.5R
572.0,-0.2099,0.273,0.703,-3.2,72.0,129.1,1,292,-0.193,-2.05,280,-0.2275,-2.49,0.136,T0_asia0-7,0.2,0.0,60,ext+0.1W,none
509.0,-0.1652,0.576,0.615,-4.79,64.2,85.5,1,254,-0.1798,-3.93,255,-0.1506,-2.91,0.144,T0_asia0-7,0.2,0.0,60,ext+0.1W,mid
570.0,-0.1559,0.432,0.729,-3.47,71.8,90.9,1,290,-0.1804,-3.1,280,-0.1305,-1.9,0.137,T0_asia0-7,0.2,0.0,60,ext+0.1W,opp
572.0,-0.181,0.355,0.714,-3.86,72.0,109.3,0,292,-0.2122,-3.32,280,-0.1485,-2.16,0.136,T0_asia0-7,0.2,0.0,60,ext+0.1W,1.5R
572.0,-0.1508,0.327,0.762,-2.53,72.0,92.6,0,292,-0.2093,-2.63,280,-0.0898,-1.01,0.111,T0_asia0-7,0.2,0.0,60,ext+0.25W,none
509.0,-0.1278,0.635,0.648,-4.16,64.2,66.1,1,254,-0.148,-3.58,255,-0.1076,-2.36,0.118,T0_asia0-7,0.2,0.0,60,ext+0.25W,mid
570.0,-0.1203,0.484,0.764,-3.0,71.8,69.6,0,290,-0.1763,-3.34,280,-0.0622,-1.03,0.111,T0_asia0-7,0.2,0.0,60,ext+0.25W,opp
572.0,-0.1398,0.381,0.761,-3.07,72.0,84.3,1,292,-0.2364,-3.9,280,-0.0391,-0.58,0.111,T0_asia0-7,0.2,0.0,60,ext+0.25W,1.5R
572.0,-0.3005,0.208,0.632,-4.09,72.0,190.1,0,292,-0.3042,-2.84,280,-0.2966,-2.96,0.195,T0_asia0-7,0.2,0.0,60,fix0.5W,none
509.0,-0.2313,0.507,0.545,-6.38,64.2,119.3,1,254,-0.2673,-5.39,255,-0.1954,-3.7,0.19,T0_asia0-7,0.2,0.0,60,fix0.5W,mid
570.0,-0.2153,0.349,0.683,-4.41,71.8,127.2,0,290,-0.2171,-3.24,280,-0.2136,-3.0,0.195,T0_asia0-7,0.2,0.0,60,fix0.5W,opp
572.0,-0.2253,0.336,0.675,-4.63,72.0,135.4,0,292,-0.2261,-3.29,280,-0.2245,-3.25,0.195,T0_asia0-7,0.2,0.0,60,fix0.5W,1.5R
572.0,-0.1078,0.358,0.812,-1.98,72.0,69.8,1,292,-0.169,-2.34,280,-0.0439,-0.53,0.098,T0_asia0-7,0.2,0.0,60,fix1W,none
509.0,-0.0959,0.69,0.672,-3.63,64.2,51.3,0,254,-0.1155,-3.15,255,-0.0763,-2.01,0.095,T0_asia0-7,0.2,0.0,60,fix1W,mid
570.0,-0.0892,0.525,0.798,-2.54,71.8,51.8,1,290,-0.131,-2.7,280,-0.0458,-0.9,0.098,T0_asia0-7,0.2,0.0,60,fix1W,opp
572.0,-0.0513,0.42,0.902,-1.14,72.0,42.0,3,292,-0.1545,-2.53,280,0.0564,0.85,0.098,T0_asia0-7,0.2,0.0,60,fix1W,1.5R
509.0,-0.1859,0.306,0.714,-3.07,64.1,103.8,1,260,-0.175,-2.05,249,-0.1973,-2.29,0.12,T0_asia0-7,0.2,0.25,1,ext+0.1W,none
492.0,-0.1031,0.744,0.588,-4.29,62.0,52.3,1,250,-0.0995,-3.2,242,-0.1067,-2.9,0.12,T0_asia0-7,0.2,0.25,1,ext+0.1W,mid
509.0,-0.0984,0.513,0.796,-2.47,64.1,51.4,1,260,-0.114,-2.14,249,-0.0822,-1.37,0.12,T0_asia0-7,0.2,0.25,1,ext+0.1W,opp
509.0,-0.0913,0.389,0.841,-1.84,64.1,58.9,2,260,-0.151,-2.25,249,-0.0289,-0.39,0.12,T0_asia0-7,0.2,0.25,1,ext+0.1W,1.5R
509.0,-0.1438,0.344,0.755,-2.55,64.1,79.9,0,260,-0.1916,-2.54,249,-0.0938,-1.12,0.102,T0_asia0-7,0.2,0.25,1,ext+0.25W,none
492.0,-0.0832,0.776,0.608,-3.8,62.0,42.2,1,250,-0.0812,-2.86,242,-0.0852,-2.54,0.103,T0_asia0-7,0.2,0.25,1,ext+0.25W,mid
509.0,-0.0824,0.552,0.809,-2.26,64.1,42.1,1,260,-0.128,-2.62,249,-0.0348,-0.64,0.102,T0_asia0-7,0.2,0.25,1,ext+0.25W,opp
509.0,-0.0891,0.397,0.835,-1.87,64.1,55.1,2,260,-0.1767,-2.77,249,0.0023,0.03,0.102,T0_asia0-7,0.2,0.25,1,ext+0.25W,1.5R
509.0,-0.2859,0.196,0.653,-3.55,64.1,158.2,1,260,-0.3865,-3.67,249,-0.1808,-1.48,0.2,T0_asia0-7,0.2,0.25,1,fix0.5W,none
492.0,-0.2115,0.614,0.471,-7.04,62.0,106.2,0,250,-0.2512,-6.22,242,-0.1705,-3.83,0.2,T0_asia0-7,0.2,0.25,1,fix0.5W,mid
509.0,-0.1866,0.375,0.715,-3.74,64.1,99.8,1,260,-0.2491,-3.71,249,-0.1214,-1.64,0.2,T0_asia0-7,0.2,0.25,1,fix0.5W,opp
509.0,-0.1801,0.352,0.735,-3.41,64.1,99.0,1,260,-0.2434,-3.36,249,-0.114,-1.48,0.2,T0_asia0-7,0.2,0.25,1,fix0.5W,1.5R
509.0,-0.1163,0.354,0.799,-2.03,64.1,71.4,1,260,-0.1983,-2.59,249,-0.0307,-0.36,0.1,T0_asia0-7,0.2,0.25,1,fix1W,none
492.0,-0.0908,0.776,0.57,-4.22,62.0,45.7,1,250,-0.1021,-3.51,242,-0.0792,-2.48,0.1,T0_asia0-7,0.2,0.25,1,fix1W,mid
509.0,-0.0916,0.55,0.787,-2.57,64.1,48.0,1,260,-0.1519,-3.1,249,-0.0286,-0.56,0.1,T0_asia0-7,0.2,0.25,1,fix1W,opp
509.0,-0.0594,0.413,0.888,-1.23,64.1,46.4,3,260,-0.1717,-2.65,249,0.0578,0.82,0.1,T0_asia0-7,0.2,0.25,1,fix1W,1.5R
453.0,-0.1482,0.32,0.764,-2.28,57.1,77.3,2,231,-0.1618,-1.8,222,-0.134,-1.43,0.114,T0_asia0-7,0.2,0.25,5,ext+0.1W,none
405.0,-0.0833,0.773,0.613,-3.39,51.0,34.7,0,198,-0.1003,-2.96,207,-0.067,-1.88,0.116,T0_asia0-7,0.2,0.25,5,ext+0.1W,mid
451.0,-0.0672,0.55,0.849,-1.65,56.8,33.9,3,230,-0.1052,-1.93,221,-0.0277,-0.46,0.114,T0_asia0-7,0.2,0.25,5,ext+0.1W,opp
453.0,-0.0859,0.391,0.848,-1.64,57.1,55.1,2,231,-0.1692,-2.41,222,0.0008,0.01,0.114,T0_asia0-7,0.2,0.25,5,ext+0.1W,1.5R
453.0,-0.1032,0.362,0.817,-1.7,57.1,54.1,1,231,-0.1804,-2.26,222,-0.0229,-0.25,0.096,T0_asia0-7,0.2,0.25,5,ext+0.25W,none
405.0,-0.06,0.805,0.657,-2.73,51.0,26.0,1,198,-0.0837,-2.71,207,-0.0373,-1.19,0.098,T0_asia0-7,0.2,0.25,5,ext+0.25W,mid
451.0,-0.0482,0.592,0.877,-1.3,56.8,25.3,2,230,-0.1189,-2.37,221,0.0254,0.47,0.096,T0_asia0-7,0.2,0.25,5,ext+0.25W,opp
453.0,-0.0549,0.411,0.895,-1.08,57.1,41.1,3,231,-0.1775,-2.64,222,0.0727,0.96,0.096,T0_asia0-7,0.2,0.25,5,ext+0.25W,1.5R
453.0,-0.2417,0.203,0.704,-2.7,57.1,130.2,0,231,-0.3444,-3.0,222,-0.1349,-0.98,0.2,T0_asia0-7,0.2,0.25,5,fix0.5W,none
405.0,-0.1779,0.654,0.495,-5.69,51.0,73.8,0,198,-0.2401,-5.47,207,-0.1184,-2.67,0.196,T0_asia0-7,0.2,0.25,5,fix0.5W,mid
451.0,-0.1587,0.399,0.747,-3.06,56.8,77.2,1,230,-0.2289,-3.27,221,-0.0856,-1.12,0.199,T0_asia0-7,0.2,0.25,5,fix0.5W,opp
453.0,-0.1403,0.364,0.788,-2.49,57.1,73.1,2,231,-0.2627,-3.45,222,-0.013,-0.16,0.2,T0_asia0-7,0.2,0.25,5,fix0.5W,1.5R
453.0,-0.0768,0.364,0.864,-1.25,57.1,45.8,1,231,-0.1654,-2.01,222,0.0154,0.17,0.1,T0_asia0-7,0.2,0.25,5,fix1W,none
405.0,-0.0737,0.8,0.595,-3.34,51.0,30.6,0,198,-0.1087,-3.41,207,-0.0402,-1.32,0.098,T0_asia0-7,0.2,0.25,5,fix1W,mid
451.0,-0.0606,0.581,0.848,-1.65,56.8,29.6,2,230,-0.1346,-2.65,221,0.0165,0.31,0.1,T0_asia0-7,0.2,0.25,5,fix1W,opp
453.0,-0.0193,0.424,0.962,-0.37,57.1,30.1,4,231,-0.1489,-2.14,222,0.1156,1.53,0.1,T0_asia0-7,0.2,0.25,5,fix1W,1.5R
403.0,-0.1087,0.337,0.82,-1.56,50.8,55.1,2,210,-0.1287,-1.32,193,-0.0869,-0.87,0.112,T0_asia0-7,0.2,0.25,15,ext+0.1W,none
326.0,-0.0609,0.794,0.669,-2.38,41.1,22.4,1,161,-0.103,-2.78,165,-0.0197,-0.56,0.116,T0_asia0-7,0.2,0.25,15,ext+0.1W,mid
399.0,-0.0424,0.584,0.897,-1.02,50.3,20.6,3,209,-0.0776,-1.4,190,-0.0036,-0.06,0.112,T0_asia0-7,0.2,0.25,15,ext+0.1W,opp
403.0,-0.0657,0.4,0.881,-1.19,50.8,38.7,3,210,-0.17,-2.32,193,0.0477,0.57,0.112,T0_asia0-7,0.2,0.25,15,ext+0.1W,1.5R
403.0,-0.0567,0.38,0.896,-0.85,50.8,36.2,3,210,-0.149,-1.74,193,0.0437,0.42,0.095,T0_asia0-7,0.2,0.25,15,ext+0.25W,none
326.0,-0.0415,0.822,0.721,-1.82,41.1,16.8,2,161,-0.078,-2.35,165,-0.0058,-0.19,0.099,T0_asia0-7,0.2,0.25,15,ext+0.25W,mid
399.0,-0.0223,0.624,0.938,-0.59,50.3,13.6,2,209,-0.0862,-1.7,190,0.048,0.86,0.095,T0_asia0-7,0.2,0.25,15,ext+0.25W,opp
403.0,-0.0186,0.427,0.963,-0.35,50.8,26.5,5,210,-0.1597,-2.28,193,0.1349,1.66,0.095,T0_asia0-7,0.2,0.25,15,ext+0.25W,1.5R
403.0,-0.174,0.218,0.782,-1.76,50.8,95.8,2,210,-0.2765,-2.17,193,-0.0625,-0.41,0.2,T0_asia0-7,0.2,0.25,15,fix0.5W,none
326.0,-0.1605,0.669,0.505,-4.79,41.1,53.1,0,161,-0.2428,-5.06,165,-0.0801,-1.74,0.195,T0_asia0-7,0.2,0.25,15,fix0.5W,mid
399.0,-0.1177,0.429,0.802,-2.17,50.3,55.4,1,209,-0.1758,-2.4,190,-0.0538,-0.67,0.199,T0_asia0-7,0.2,0.25,15,fix0.5W,opp
403.0,-0.1074,0.377,0.835,-1.78,50.8,59.0,4,210,-0.2365,-2.93,193,0.0331,0.37,0.2,T0_asia0-7,0.2,0.25,15,fix0.5W,1.5R
403.0,-0.0273,0.377,0.95,-0.4,50.8,28.1,4,210,-0.1591,-1.82,193,0.1162,1.09,0.1,T0_asia0-7,0.2,0.25,15,fix1W,none
326.0,-0.0536,0.819,0.654,-2.34,41.1,20.3,1,161,-0.1016,-2.95,165,-0.0067,-0.23,0.097,T0_asia0-7,0.2,0.25,15,fix1W,mid
399.0,-0.0191,0.619,0.947,-0.51,50.3,15.8,1,209,-0.0949,-1.83,190,0.0642,1.17,0.1,T0_asia0-7,0.2,0.25,15,fix1W,opp
403.0,0.0106,0.437,1.021,0.19,50.8,18.2,5,210,-0.139,-1.92,193,0.1733,2.13,0.1,T0_asia0-7,0.2,0.25,15,fix1W,1.5R
276.0,-0.0624,0.341,0.889,-0.76,34.8,32.0,3,146,-0.0393,-0.34,130,-0.0883,-0.74,0.102,T0_asia0-7,0.2,0.25,60,ext+0.1W,none
163.0,-0.0612,0.779,0.63,-1.8,20.6,10.8,2,80,-0.1092,-2.17,83,-0.015,-0.33,0.112,T0_asia0-7,0.2,0.25,60,ext+0.1W,mid
272.0,-0.0039,0.658,0.988,-0.09,34.3,13.8,3,142,0.0026,0.04,130,-0.0111,-0.16,0.103,T0_asia0-7,0.2,0.25,60,ext+0.1W,opp
276.0,-0.0194,0.399,0.962,-0.3,34.8,21.4,5,146,-0.0625,-0.72,130,0.0291,0.29,0.102,T0_asia0-7,0.2,0.25,60,ext+0.1W,1.5R
276.0,-0.0191,0.373,0.962,-0.23,34.8,27.7,5,146,-0.0697,-0.69,130,0.0377,0.28,0.09,T0_asia0-7,0.2,0.25,60,ext+0.25W,none
163.0,-0.0539,0.798,0.627,-1.72,20.6,9.5,2,80,-0.1059,-2.23,83,-0.0037,-0.09,0.1,T0_asia0-7,0.2,0.25,60,ext+0.25W,mid
272.0,-0.0112,0.68,0.963,-0.27,34.3,12.9,3,142,-0.0334,-0.6,130,0.0131,0.21,0.09,T0_asia0-7,0.2,0.25,60,ext+0.25W,opp
276.0,-0.012,0.417,0.975,-0.19,34.8,19.1,5,146,-0.0935,-1.14,130,0.0794,0.84,0.09,T0_asia0-7,0.2,0.25,60,ext+0.25W,1.5R
276.0,-0.1135,0.225,0.857,-0.88,34.8,56.0,3,146,-0.1666,-0.98,130,-0.0537,-0.27,0.203,T0_asia0-7,0.2,0.25,60,fix0.5W,none
163.0,-0.1016,0.706,0.599,-2.36,20.6,17.9,1,80,-0.1633,-2.61,83,-0.0421,-0.72,0.2,T0_asia0-7,0.2,0.25,60,fix0.5W,mid
272.0,-0.0177,0.518,0.965,-0.28,34.3,22.3,3,142,0.0178,0.21,130,-0.0564,-0.61,0.203,T0_asia0-7,0.2,0.25,60,fix0.5W,opp
276.0,0.0161,0.428,1.027,0.22,34.8,25.4,5,146,-0.0424,-0.42,130,0.0819,0.75,0.203,T0_asia0-7,0.2,0.25,60,fix0.5W,1.5R
276.0,-0.0076,0.355,0.986,-0.09,34.8,29.0,5,146,-0.0771,-0.71,130,0.0704,0.52,0.101,T0_asia0-7,0.2,0.25,60,fix1W,none
163.0,-0.0506,0.804,0.633,-1.66,20.6,9.4,3,80,-0.0907,-1.97,83,-0.012,-0.3,0.1,T0_asia0-7,0.2,0.25,60,fix1W,mid
272.0,-0.0073,0.665,0.977,-0.17,34.3,11.9,3,142,-0.021,-0.36,130,0.0076,0.12,0.101,T0_asia0-7,0.2,0.25,60,fix1W,opp
276.0,0.0119,0.417,1.024,0.18,34.8,12.3,4,146,-0.0881,-1.01,130,0.1241,1.25,0.101,T0_asia0-7,0.2,0.25,60,fix1W,1.5R
641.0,-0.307,0.251,0.59,-5.34,80.8,201.5,0,343,-0.3226,-4.08,298,-0.289,-3.44,0.149,T0_asia0-7,0.3,0.0,1,ext+0.1W,none
639.0,-0.2347,0.491,0.553,-7.13,80.6,150.0,0,343,-0.261,-6.12,296,-0.2042,-4.0,0.15,T0_asia0-7,0.3,0.0,1,ext+0.1W,mid
641.0,-0.2272,0.356,0.653,-5.18,80.8,145.8,1,343,-0.2467,-4.29,298,-0.2047,-3.05,0.149,T0_asia0-7,0.3,0.0,1,ext+0.1W,opp
641.0,-0.2271,0.335,0.662,-5.08,80.8,146.0,1,343,-0.2638,-4.37,298,-0.185,-2.77,0.149,T0_asia0-7,0.3,0.0,1,ext+0.1W,1.5R
641.0,-0.2534,0.298,0.628,-4.83,80.8,165.4,0,343,-0.3084,-4.45,298,-0.1902,-2.39,0.12,T0_asia0-7,0.3,0.0,1,ext+0.25W,none
639.0,-0.176,0.559,0.608,-5.84,80.6,113.1,0,343,-0.2044,-5.19,296,-0.1432,-3.08,0.121,T0_asia0-7,0.3,0.0,1,ext+0.25W,mid
641.0,-0.1657,0.417,0.714,-4.12,80.8,107.4,1,343,-0.2116,-4.01,298,-0.113,-1.83,0.12,T0_asia0-7,0.3,0.0,1,ext+0.25W,opp
641.0,-0.1625,0.373,0.736,-3.7,80.8,104.9,1,343,-0.2143,-3.65,298,-0.1028,-1.56,0.12,T0_asia0-7,0.3,0.0,1,ext+0.25W,1.5R
641.0,-0.3841,0.197,0.538,-5.89,80.8,255.6,0,343,-0.4381,-5.21,298,-0.3218,-3.16,0.198,T0_asia0-7,0.3,0.0,1,fix0.5W,none
639.0,-0.3136,0.397,0.503,-8.7,80.6,200.4,0,343,-0.3459,-7.26,296,-0.2761,-5.03,0.197,T0_asia0-7,0.3,0.0,1,fix0.5W,mid
641.0,-0.2619,0.287,0.646,-5.31,80.8,168.5,1,343,-0.2981,-4.52,298,-0.2202,-2.98,0.198,T0_asia0-7,0.3,0.0,1,fix0.5W,opp
641.0,-0.2809,0.31,0.608,-6.22,80.8,180.5,0,343,-0.2974,-4.8,298,-0.2619,-3.96,0.198,T0_asia0-7,0.3,0.0,1,fix0.5W,1.5R
641.0,-0.2193,0.324,0.65,-4.42,80.8,142.3,0,343,-0.2949,-4.58,298,-0.1324,-1.73,0.099,T0_asia0-7,0.3,0.0,1,fix1W,none
639.0,-0.1502,0.603,0.614,-5.53,80.6,96.8,0,343,-0.1799,-4.94,296,-0.1158,-2.84,0.099,T0_asia0-7,0.3,0.0,1,fix1W,mid
641.0,-0.1428,0.457,0.724,-3.95,80.8,92.3,1,343,-0.1871,-3.82,298,-0.0917,-1.72,0.099,T0_asia0-7,0.3,0.0,1,fix1W,opp
641.0,-0.1237,0.396,0.78,-2.91,80.8,93.1,1,343,-0.1947,-3.4,298,-0.0419,-0.67,0.099,T0_asia0-7,0.3,0.0,1,fix1W,1.5R
593.0,-0.3093,0.255,0.582,-5.29,74.8,188.3,0,318,-0.3268,-4.16,275,-0.2891,-3.3,0.143,T0_asia0-7,0.3,0.0,5,ext+0.1W,none
586.0,-0.2312,0.512,0.54,-6.98,73.9,135.6,0,315,-0.2398,-5.55,271,-0.2212,-4.32,0.144,T0_asia0-7,0.3,0.0,5,ext+0.1W,mid
592.0,-0.2232,0.373,0.65,-5.04,74.6,132.9,1,318,-0.2351,-4.03,274,-0.2094,-3.1,0.142,T0_asia0-7,0.3,0.0,5,ext+0.1W,opp
593.0,-0.2221,0.341,0.666,-4.8,74.8,132.1,1,318,-0.2649,-4.29,275,-0.1726,-2.48,0.143,T0_asia0-7,0.3,0.0,5,ext+0.1W,1.5R
593.0,-0.2575,0.302,0.617,-4.84,74.8,156.0,0,318,-0.3166,-4.59,275,-0.1891,-2.29,0.118,T0_asia0-7,0.3,0.0,5,ext+0.25W,none
586.0,-0.176,0.577,0.591,-5.78,73.9,103.1,0,315,-0.1961,-4.94,271,-0.1526,-3.25,0.118,T0_asia0-7,0.3,0.0,5,ext+0.25W,mid
592.0,-0.1674,0.432,0.703,-4.12,74.6,99.5,1,318,-0.2143,-4.03,274,-0.113,-1.82,0.118,T0_asia0-7,0.3,0.0,5,ext+0.25W,opp
593.0,-0.1672,0.376,0.725,-3.71,74.8,99.8,1,318,-0.223,-3.72,275,-0.1028,-1.51,0.118,T0_asia0-7,0.3,0.0,5,ext+0.25W,1.5R
593.0,-0.4049,0.182,0.522,-5.9,74.8,246.3,0,318,-0.4728,-5.5,275,-0.3264,-2.98,0.198,T0_asia0-7,0.3,0.0,5,fix0.5W,none
586.0,-0.3299,0.404,0.471,-9.05,73.9,193.3,0,315,-0.3489,-7.21,271,-0.3078,-5.57,0.198,T0_asia0-7,0.3,0.0,5,fix0.5W,mid
592.0,-0.3042,0.282,0.593,-6.14,74.6,180.1,0,318,-0.3451,-5.22,274,-0.2568,-3.44,0.198,T0_asia0-7,0.3,0.0,5,fix0.5W,opp
593.0,-0.3091,0.3,0.576,-6.65,74.8,183.3,0,318,-0.3492,-5.54,275,-0.2628,-3.81,0.198,T0_asia0-7,0.3,0.0,5,fix0.5W,1.5R
593.0,-0.2048,0.332,0.667,-3.99,74.8,124.0,0,318,-0.2804,-4.26,275,-0.1174,-1.46,0.099,T0_asia0-7,0.3,0.0,5,fix1W,none
586.0,-0.1415,0.621,0.617,-5.14,73.9,83.0,0,315,-0.1688,-4.58,271,-0.1097,-2.65,0.099,T0_asia0-7,0.3,0.0,5,fix1W,mid
592.0,-0.1349,0.473,0.732,-3.66,74.6,80.3,1,318,-0.1886,-3.78,274,-0.0726,-1.33,0.099,T0_asia0-7,0.3,0.0,5,fix1W,opp
593.0,-0.1212,0.401,0.782,-2.77,74.8,76.5,1,318,-0.1873,-3.17,275,-0.0448,-0.69,0.099,T0_asia0-7,0.3,0.0,5,fix1W,1.5R
517.0,-0.2781,0.271,0.614,-4.37,65.2,151.9,0,274,-0.3095,-3.69,243,-0.2428,-2.5,0.139,T0_asia0-7,0.3,0.0,15,ext+0.1W,none
500.0,-0.2094,0.546,0.553,-6.05,63.0,105.5,0,264,-0.2201,-4.82,236,-0.1974,-3.74,0.14,T0_asia0-7,0.3,0.0,15,ext+0.1W,mid
515.0,-0.1963,0.398,0.679,-4.2,64.9,103.6,1,273,-0.2135,-3.45,242,-0.1769,-2.5,0.139,T0_asia0-7,0.3,0.0,15,ext+0.1W,opp
517.0,-0.1846,0.352,0.712,-3.71,65.2,99.2,1,274,-0.2203,-3.27,243,-0.1443,-1.95,0.139,T0_asia0-7,0.3,0.0,15,ext+0.1W,1.5R
517.0,-0.2306,0.319,0.646,-4.05,65.2,125.9,0,274,-0.2876,-3.89,243,-0.1663,-1.9,0.114,T0_asia0-7,0.3,0.0,15,ext+0.25W,none
500.0,-0.1558,0.61,0.607,-4.92,63.0,78.4,0,264,-0.166,-3.98,236,-0.1444,-2.99,0.116,T0_asia0-7,0.3,0.0,15,ext+0.25W,mid
515.0,-0.1392,0.46,0.74,-3.27,64.9,73.5,1,273,-0.1787,-3.16,242,-0.0947,-1.47,0.114,T0_asia0-7,0.3,0.0,15,ext+0.25W,opp
517.0,-0.1439,0.381,0.757,-2.99,65.2,77.8,1,274,-0.1911,-2.95,243,-0.0907,-1.26,0.114,T0_asia0-7,0.3,0.0,15,ext+0.25W,1.5R
517.0,-0.3302,0.195,0.607,-4.12,65.2,183.3,0,274,-0.3599,-3.44,243,-0.2968,-2.41,0.201,T0_asia0-7,0.3,0.0,15,fix0.5W,none
500.0,-0.274,0.454,0.521,-7.08,63.0,137.0,0,264,-0.2849,-5.48,236,-0.2617,-4.53,0.199,T0_asia0-7,0.3,0.0,15,fix0.5W,mid
515.0,-0.2463,0.309,0.658,-4.59,64.9,128.7,0,273,-0.2625,-3.61,242,-0.228,-2.87,0.201,T0_asia0-7,0.3,0.0,15,fix0.5W,opp
517.0,-0.2719,0.315,0.619,-5.38,65.2,141.8,0,274,-0.2899,-4.17,243,-0.2515,-3.41,0.201,T0_asia0-7,0.3,0.0,15,fix0.5W,1.5R
517.0,-0.1791,0.342,0.704,-3.2,65.2,96.4,1,274,-0.2413,-3.33,243,-0.1091,-1.26,0.101,T0_asia0-7,0.3,0.0,15,fix1W,none
500.0,-0.1245,0.648,0.635,-4.34,63.0,62.9,0,264,-0.1398,-3.63,236,-0.1075,-2.5,0.099,T0_asia0-7,0.3,0.0,15,fix1W,mid
515.0,-0.1192,0.489,0.755,-3.05,64.9,62.6,1,273,-0.1714,-3.24,242,-0.0602,-1.05,0.101,T0_asia0-7,0.3,0.0,15,fix1W,opp
517.0,-0.1049,0.404,0.809,-2.22,65.2,61.8,1,274,-0.1742,-2.74,243,-0.0267,-0.38,0.101,T0_asia0-7,0.3,0.0,15,fix1W,1.5R
360.0,-0.2532,0.281,0.626,-3.61,45.4,99.6,1,191,-0.2775,-3.06,169,-0.2258,-2.08,0.125,T0_asia0-7,0.3,0.0,60,ext+0.1W,none
311.0,-0.2066,0.576,0.506,-5.14,39.2,65.3,0,163,-0.2239,-4.33,148,-0.1876,-3.0,0.133,T0_asia0-7,0.3,0.0,60,ext+0.1W,mid
358.0,-0.1707,0.461,0.684,-3.37,45.2,64.4,1,189,-0.1813,-2.75,169,-0.1588,-2.03,0.126,T0_asia0-7,0.3,0.0,60,ext+0.1W,opp
360.0,-0.1565,0.361,0.742,-2.68,45.4,62.2,1,191,-0.1967,-2.54,169,-0.111,-1.26,0.125,T0_asia0-7,0.3,0.0,60,ext+0.1W,1.5R
360.0,-0.2196,0.319,0.647,-3.44,45.4,90.3,0,191,-0.2793,-3.43,169,-0.1522,-1.52,0.105,T0_asia0-7,0.3,0.0,60,ext+0.25W,none
311.0,-0.1709,0.624,0.531,-4.61,39.2,54.0,0,163,-0.1883,-3.9,148,-0.1516,-2.67,0.11,T0_asia0-7,0.3,0.0,60,ext+0.25W,mid
358.0,-0.1325,0.508,0.725,-2.84,45.2,50.2,1,189,-0.1627,-2.65,169,-0.0988,-1.39,0.105,T0_asia0-7,0.3,0.0,60,ext+0.25W,opp
360.0,-0.1501,0.375,0.739,-2.68,45.4,60.0,1,191,-0.2275,-3.08,169,-0.0625,-0.73,0.105,T0_asia0-7,0.3,0.0,60,ext+0.25W,1.5R
360.0,-0.4025,0.178,0.528,-4.52,45.4,159.2,0,191,-0.4012,-3.33,169,-0.4039,-3.04,0.206,T0_asia0-7,0.3,0.0,60,fix0.5W,none
311.0,-0.2952,0.466,0.458,-6.46,39.2,93.5,1,163,-0.3344,-5.54,148,-0.2522,-3.63,0.202,T0_asia0-7,0.3,0.0,60,fix0.5W,mid
358.0,-0.2428,0.338,0.65,-3.96,45.2,92.5,2,189,-0.2159,-2.58,169,-0.2728,-3.02,0.206,T0_asia0-7,0.3,0.0,60,fix0.5W,opp
360.0,-0.2546,0.322,0.642,-4.16,45.4,97.5,1,191,-0.2213,-2.59,169,-0.2923,-3.33,0.206,T0_asia0-7,0.3,0.0,60,fix0.5W,1.5R
360.0,-0.1581,0.331,0.739,-2.3,45.4,67.0,1,191,-0.2161,-2.47,169,-0.0926,-0.86,0.103,T0_asia0-7,0.3,0.0,60,fix1W,none
311.0,-0.1477,0.646,0.551,-4.27,39.2,46.8,0,163,-0.165,-3.56,148,-0.1287,-2.48,0.101,T0_asia0-7,0.3,0.0,60,fix1W,mid
358.0,-0.1086,0.522,0.762,-2.43,45.2,41.6,1,189,-0.1366,-2.24,169,-0.0772,-1.18,0.103,T0_asia0-7,0.3,0.0,60,fix1W,opp
360.0,-0.0898,0.403,0.836,-1.57,45.4,39.7,1,191,-0.1517,-1.96,169,-0.0199,-0.24,0.103,T0_asia0-7,0.3,0.0,60,fix1W,1.5R
328.0,-0.1823,0.317,0.706,-2.56,41.5,66.8,2,176,-0.2055,-2.17,152,-0.1553,-1.44,0.117,T0_asia0-7,0.3,0.25,1,ext+0.1W,none
312.0,-0.1065,0.766,0.535,-3.76,39.5,33.7,1,168,-0.109,-3.0,144,-0.1036,-2.33,0.118,T0_asia0-7,0.3,0.25,1,ext+0.1W,mid
327.0,-0.0863,0.55,0.805,-1.86,41.4,40.2,2,176,-0.1085,-1.78,151,-0.0605,-0.85,0.117,T0_asia0-7,0.3,0.25,1,ext+0.1W,opp
328.0,-0.0758,0.396,0.862,-1.25,41.5,43.4,2,176,-0.1372,-1.72,152,-0.0048,-0.05,0.117,T0_asia0-7,0.3,0.25,1,ext+0.1W,1.5R
328.0,-0.1826,0.335,0.683,-2.84,41.5,66.5,1,176,-0.2257,-2.66,152,-0.1327,-1.35,0.101,T0_asia0-7,0.3,0.25,1,ext+0.25W,none
312.0,-0.0899,0.792,0.547,-3.44,39.5,28.5,1,168,-0.0825,-2.52,144,-0.0985,-2.35,0.101,T0_asia0-7,0.3,0.25,1,ext+0.25W,mid
327.0,-0.0682,0.587,0.828,-1.6,41.4,37.7,2,176,-0.1072,-1.9,151,-0.0228,-0.35,0.101,T0_asia0-7,0.3,0.25,1,ext+0.25W,opp
328.0,-0.1255,0.384,0.766,-2.2,41.5,58.6,2,176,-0.1803,-2.41,152,-0.0621,-0.71,0.101,T0_asia0-7,0.3,0.25,1,ext+0.25W,1.5R
328.0,-0.3439,0.165,0.6,-3.35,41.5,128.9,1,176,-0.4841,-3.99,152,-0.1817,-1.06,0.218,T0_asia0-7,0.3,0.25,1,fix0.5W,none
312.0,-0.245,0.599,0.411,-6.54,39.5,77.3,0,168,-0.2959,-6.02,144,-0.1857,-3.24,0.217,T0_asia0-7,0.3,0.25,1,fix0.5W,mid
327.0,-0.1989,0.37,0.699,-3.21,41.4,71.6,2,176,-0.2754,-3.4,151,-0.1098,-1.15,0.218,T0_asia0-7,0.3,0.25,1,fix0.5W,opp
328.0,-0.173,0.351,0.748,-2.6,41.5,65.1,2,176,-0.2253,-2.53,152,-0.1124,-1.13,0.218,T0_asia0-7,0.3,0.25,1,fix0.5W,1.5R
328.0,-0.141,0.329,0.768,-1.91,41.5,62.5,1,176,-0.2554,-2.8,152,-0.0085,-0.07,0.109,T0_asia0-7,0.3,0.25,1,fix1W,none
312.0,-0.105,0.776,0.517,-3.85,39.5,33.2,1,168,-0.1063,-3.01,144,-0.1035,-2.44,0.108,T0_asia0-7,0.3,0.25,1,fix1W,mid
327.0,-0.0785,0.566,0.815,-1.76,41.4,39.5,2,176,-0.1394,-2.32,151,-0.0075,-0.11,0.109,T0_asia0-7,0.3,0.25,1,fix1W,opp
328.0,-0.0944,0.396,0.828,-1.57,41.5,49.4,2,176,-0.1753,-2.2,152,-0.0008,-0.01,0.109,T0_asia0-7,0.3,0.25,1,fix1W,1.5R
287.0,-0.1239,0.338,0.79,-1.59,36.3,48.4,1,152,-0.1807,-1.81,135,-0.0601,-0.49,0.11,T0_asia0-7,0.3,0.25,5,ext+0.1W,none
249.0,-0.0873,0.787,0.561,-2.94,31.5,22.7,1,129,-0.1197,-2.94,120,-0.0526,-1.22,0.113,T0_asia0-7,0.3,0.25,5,ext+0.1W,mid
284.0,-0.0487,0.599,0.879,-1.02,35.9,28.9,3,151,-0.0879,-1.39,133,-0.0041,-0.06,0.11,T0_asia0-7,0.3,0.25,5,ext+0.1W,opp
287.0,-0.0602,0.404,0.887,-0.93,36.3,35.0,3,152,-0.1526,-1.81,135,0.0439,0.44,0.11,T0_asia0-7,0.3,0.25,5,ext+0.1W,1.5R
287.0,-0.128,0.359,0.767,-1.81,36.3,50.3,1,152,-0.2065,-2.3,135,-0.0396,-0.36,0.095,T0_asia0-7,0.3,0.25,5,ext+0.25W,none
249.0,-0.0674,0.811,0.593,-2.51,31.5,17.6,2,129,-0.0905,-2.48,120,-0.0425,-1.07,0.098,T0_asia0-7,0.3,0.25,5,ext+0.25W,mid
284.0,-0.029,0.637,0.918,-0.66,35.9,24.3,2,151,-0.0895,-1.52,133,0.0396,0.61,0.095,T0_asia0-7,0.3,0.25,5,ext+0.25W,opp
287.0,-0.0779,0.404,0.848,-1.26,36.3,40.0,3,152,-0.1844,-2.31,135,0.042,0.44,0.095,T0_asia0-7,0.3,0.25,5,ext+0.25W,1.5R
287.0,-0.2624,0.178,0.69,-2.21,36.3,99.5,2,152,-0.435,-3.25,135,-0.0681,-0.34,0.216,T0_asia0-7,0.3,0.25,5,fix0.5W,none
249.0,-0.2007,0.643,0.445,-5.05,31.5,51.1,1,129,-0.2495,-4.66,120,-0.1482,-2.51,0.209,T0_asia0-7,0.3,0.25,5,fix0.5W,mid
284.0,-0.1578,0.408,0.748,-2.42,35.9,55.2,2,151,-0.2439,-2.83,133,-0.06,-0.61,0.215,T0_asia0-7,0.3,0.25,5,fix0.5W,opp
287.0,-0.147,0.362,0.781,-2.06,36.3,53.6,1,152,-0.2581,-2.72,135,-0.0219,-0.2,0.216,T0_asia0-7,0.3,0.25,5,fix0.5W,1.5R
287.0,-0.0903,0.345,0.846,-1.12,36.3,46.2,3,152,-0.2112,-2.12,135,0.0457,0.36,0.108,T0_asia0-7,0.3,0.25,5,fix1W,none
249.0,-0.0964,0.787,0.512,-3.32,31.5,24.3,1,129,-0.1237,-3.1,120,-0.067,-1.59,0.104,T0_asia0-7,0.3,0.25,5,fix1W,mid
284.0,-0.0517,0.602,0.87,-1.11,35.9,28.7,3,151,-0.1227,-1.94,133,0.029,0.42,0.108,T0_asia0-7,0.3,0.25,5,fix1W,opp
287.0,-0.0541,0.411,0.899,-0.83,36.3,30.3,3,152,-0.1485,-1.7,135,0.0523,0.54,0.108,T0_asia0-7,0.3,0.25,5,fix1W,1.5R
252.0,-0.0974,0.353,0.829,-1.17,31.9,39.9,2,135,-0.1452,-1.33,117,-0.0422,-0.33,0.107,T0_asia0-7,0.3,0.25,15,ext+0.1W,none
195.0,-0.0718,0.795,0.602,-2.23,24.8,15.9,2,100,-0.1219,-2.65,95,-0.019,-0.43,0.112,T0_asia0-7,0.3,0.25,15,ext+0.1W,mid
249.0,-0.0278,0.627,0.926,-0.56,31.5,20.4,3,134,-0.0523,-0.81,115,0.0009,0.01,0.108,T0_asia0-7,0.3,0.25,15,ext+0.1W,opp
252.0,-0.0343,0.413,0.934,-0.5,31.9,26.0,3,135,-0.1279,-1.41,117,0.0738,0.7,0.107,T0_asia0-7,0.3,0.25,15,ext+0.1W,1.5R
252.0,-0.1011,0.373,0.81,-1.35,31.9,42.7,1,135,-0.1706,-1.74,117,-0.0209,-0.18,0.094,T0_asia0-7,0.3,0.25,15,ext+0.25W,none
195.0,-0.0596,0.81,0.612,-2.03,24.8,15.6,2,100,-0.0801,-2.0,95,-0.038,-0.88,0.098,T0_asia0-7,0.3,0.25,15,ext+0.25W,mid
249.0,-0.0076,0.663,0.977,-0.17,31.5,16.9,2,134,-0.0479,-0.8,115,0.0395,0.57,0.094,T0_asia0-7,0.3,0.25,15,ext+0.25W,opp
252.0,-0.048,0.417,0.903,-0.73,31.9,29.9,3,135,-0.1569,-1.85,117,0.0777,0.77,0.094,T0_asia0-7,0.3,0.25,15,ext+0.25W,1.5R
252.0,-0.2441,0.187,0.709,-1.92,31.9,88.0,2,135,-0.3583,-2.32,117,-0.1124,-0.54,0.216,T0_asia0-7,0.3,0.25,15,fix0.5W,none
195.0,-0.2004,0.636,0.433,-4.54,24.8,41.7,1,100,-0.2743,-4.51,95,-0.1226,-1.93,0.206,T0_asia0-7,0.3,0.25,15,fix0.5W,mid
249.0,-0.1416,0.426,0.767,-2.06,31.5,43.3,1,134,-0.1915,-2.1,115,-0.0835,-0.8,0.216,T0_asia0-7,0.3,0.25,15,fix0.5W,opp
252.0,-0.1249,0.373,0.812,-1.63,31.9,44.9,2,135,-0.2025,-1.97,117,-0.0353,-0.31,0.216,T0_asia0-7,0.3,0.25,15,fix0.5W,1.5R
252.0,-0.0495,0.361,0.913,-0.57,31.9,35.0,4,135,-0.1625,-1.49,117,0.081,0.59,0.108,T0_asia0-7,0.3,0.25,15,fix1W,none
195.0,-0.081,0.795,0.547,-2.58,24.8,18.5,1,100,-0.1144,-2.58,95,-0.0458,-1.03,0.103,T0_asia0-7,0.3,0.25,15,fix1W,mid
249.0,-0.0143,0.635,0.961,-0.3,31.5,16.7,2,134,-0.0719,-1.11,115,0.0529,0.74,0.108,T0_asia0-7,0.3,0.25,15,fix1W,opp
252.0,-0.0186,0.425,0.964,-0.27,31.9,18.1,4,135,-0.1003,-1.08,117,0.0757,0.73,0.108,T0_asia0-7,0.3,0.25,15,fix1W,1.5R
170.0,-0.0539,0.347,0.895,-0.56,21.5,29.1,3,95,-0.0705,-0.57,75,-0.033,-0.21,0.097,T0_asia0-7,0.3,0.25,60,ext+0.1W,none
88.0,-0.0432,0.795,0.694,-1.01,11.3,6.1,4,45,-0.0675,-1.07,43,-0.0178,-0.3,0.104,T0_asia0-7,0.3,0.25,60,ext+0.1W,mid
166.0,0.0142,0.705,1.05,0.27,21.0,9.1,2,91,0.0295,0.44,75,-0.0045,-0.05,0.099,T0_asia0-7,0.3,0.25,60,ext+0.1W,opp
170.0,0.0275,0.406,1.06,0.34,21.5,14.3,5,95,-0.0053,-0.05,75,0.0691,0.55,0.097,T0_asia0-7,0.3,0.25,60,ext+0.1W,1.5R
170.0,-0.0631,0.365,0.87,-0.72,21.5,30.4,3,95,-0.1084,-0.97,75,-0.0058,-0.04,0.087,T0_asia0-7,0.3,0.25,60,ext+0.25W,none
88.0,-0.0546,0.795,0.606,-1.32,11.3,6.6,4,45,-0.0758,-1.25,43,-0.0323,-0.57,0.09,T0_asia0-7,0.3,0.25,60,ext+0.25W,mid
166.0,0.0048,0.723,1.018,0.1,21.0,10.6,4,91,-0.0027,-0.04,75,0.0138,0.18,0.088,T0_asia0-7,0.3,0.25,60,ext+0.25W,opp
170.0,-0.0193,0.406,0.957,-0.25,21.5,21.5,3,95,-0.0874,-0.9,75,0.0668,0.56,0.087,T0_asia0-7,0.3,0.25,60,ext+0.25W,1.5R
170.0,-0.2781,0.182,0.672,-1.77,21.5,76.0,3,95,-0.3699,-2.07,75,-0.1619,-0.59,0.215,T0_asia0-7,0.3,0.25,60,fix0.5W,none
88.0,-0.1121,0.693,0.579,-1.87,11.3,13.6,3,45,-0.1595,-1.83,43,-0.0625,-0.76,0.203,T0_asia0-7,0.3,0.25,60,fix0.5W,mid
166.0,-0.0712,0.506,0.864,-0.9,21.0,23.4,1,91,-0.0453,-0.43,75,-0.1026,-0.85,0.215,T0_asia0-7,0.3,0.25,60,fix0.5W,opp
170.0,-0.0561,0.4,0.911,-0.59,21.5,26.0,4,95,-0.097,-0.78,75,-0.0043,-0.03,0.215,T0_asia0-7,0.3,0.25,60,fix0.5W,1.5R
170.0,-0.0294,0.335,0.947,-0.27,21.5,30.8,5,95,-0.0905,-0.71,75,0.048,0.27,0.108,T0_asia0-7,0.3,0.25,60,fix1W,none
88.0,-0.0489,0.795,0.649,-1.17,11.3,6.4,4,45,-0.0687,-1.13,43,-0.0281,-0.49,0.101,T0_asia0-7,0.3,0.25,60,fix1W,mid
166.0,0.0074,0.687,1.024,0.14,21.0,8.7,3,91,0.0077,0.11,75,0.007,0.09,0.108,T0_asia0-7,0.3,0.25,60,fix1W,opp
170.0,0.0203,0.412,1.041,0.24,21.5,12.1,5,95,-0.0285,-0.26,75,0.082,0.63,0.108,T0_asia0-7,0.3,0.25,60,fix1W,1.5R
295.0,-0.1529,0.308,0.77,-1.74,37.3,64.7,1,170,-0.362,-4.1,125,0.1315,0.79,0.12,T0_asia0-7,0.5,0.0,1,ext+0.1W,none
293.0,-0.154,0.594,0.632,-3.58,37.0,45.8,1,170,-0.1906,-3.5,123,-0.1034,-1.49,0.121,T0_asia0-7,0.5,0.0,1,ext+0.1W,mid
295.0,-0.1471,0.444,0.732,-2.58,37.3,47.7,2,170,-0.1955,-2.7,125,-0.0813,-0.88,0.12,T0_asia0-7,0.5,0.0,1,ext+0.1W,opp
295.0,-0.1493,0.376,0.755,-2.29,37.3,54.6,2,170,-0.2284,-2.75,125,-0.0416,-0.4,0.12,T0_asia0-7,0.5,0.0,1,ext+0.1W,1.5R
295.0,-0.1517,0.339,0.754,-1.93,37.3,59.6,2,170,-0.3359,-4.13,125,0.0989,0.68,0.104,T0_asia0-7,0.5,0.0,1,ext+0.25W,none
293.0,-0.1424,0.628,0.626,-3.55,37.0,42.4,1,170,-0.1551,-3.04,123,-0.125,-1.93,0.104,T0_asia0-7,0.5,0.0,1,ext+0.25W,mid
295.0,-0.1174,0.488,0.765,-2.21,37.3,38.0,1,170,-0.1556,-2.29,125,-0.0655,-0.77,0.104,T0_asia0-7,0.5,0.0,1,ext+0.25W,opp
295.0,-0.1103,0.403,0.804,-1.74,37.3,44.1,1,170,-0.1738,-2.15,125,-0.0239,-0.24,0.104,T0_asia0-7,0.5,0.0,1,ext+0.25W,1.5R
295.0,-0.3177,0.183,0.628,-2.77,37.3,101.6,1,170,-0.5717,-5.7,125,0.0278,0.12,0.218,T0_asia0-7,0.5,0.0,1,fix0.5W,none
293.0,-0.2992,0.413,0.518,-5.62,37.0,87.7,0,170,-0.3153,-4.64,123,-0.277,-3.24,0.218,T0_asia0-7,0.5,0.0,1,fix0.5W,mid
295.0,-0.2558,0.292,0.654,-3.5,37.3,76.0,2,170,-0.2968,-3.18,125,-0.2,-1.71,0.218,T0_asia0-7,0.5,0.0,1,fix0.5W,opp
295.0,-0.275,0.315,0.617,-4.09,37.3,83.7,0,170,-0.2899,-3.28,125,-0.2548,-2.46,0.218,T0_asia0-7,0.5,0.0,1,fix0.5W,1.5R
295.0,-0.1789,0.329,0.719,-2.25,37.3,68.3,1,170,-0.3695,-4.42,125,0.0804,0.55,0.109,T0_asia0-7,0.5,0.0,1,fix1W,none
293.0,-0.1436,0.618,0.626,-3.58,37.0,42.8,1,170,-0.1602,-3.12,123,-0.1205,-1.88,0.109,T0_asia0-7,0.5,0.0,1,fix1W,mid
295.0,-0.1148,0.481,0.771,-2.16,37.3,42.5,1,170,-0.1529,-2.22,125,-0.0631,-0.76,0.109,T0_asia0-7,0.5,0.0,1,fix1W,opp
295.0,-0.0996,0.41,0.824,-1.55,37.3,45.3,1,170,-0.192,-2.34,125,0.0262,0.26,0.109,T0_asia0-7,0.5,0.0,1,fix1W,1.5R
261.0,-0.1556,0.318,0.761,-1.69,33.0,55.3,2,150,-0.3843,-4.38,111,0.1534,0.86,0.116,T0_asia0-7,0.5,0.0,5,ext+0.1W,none
254.0,-0.1595,0.61,0.603,-3.59,32.1,41.0,1,146,-0.2078,-3.66,108,-0.0942,-1.33,0.118,T0_asia0-7,0.5,0.0,5,ext+0.1W,mid
261.0,-0.1558,0.464,0.707,-2.67,33.0,44.3,1,150,-0.223,-3.05,111,-0.0649,-0.69,0.116,T0_asia0-7,0.5,0.0,5,ext+0.1W,opp
261.0,-0.1515,0.383,0.749,-2.21,33.0,53.2,2,150,-0.26,-3.02,111,-0.0048,-0.04,0.116,T0_asia0-7,0.5,0.0,5,ext+0.1W,1.5R
261.0,-0.1549,0.349,0.743,-1.89,33.0,52.3,2,150,-0.3652,-4.56,111,0.1294,0.83,0.1,T0_asia0-7,0.5,0.0,5,ext+0.25W,none
254.0,-0.1434,0.646,0.604,-3.45,32.1,36.9,1,146,-0.1688,-3.17,108,-0.1089,-1.65,0.101,T0_asia0-7,0.5,0.0,5,ext+0.25W,mid
261.0,-0.1201,0.51,0.75,-2.21,33.0,35.4,1,150,-0.1807,-2.61,111,-0.0381,-0.44,0.1,T0_asia0-7,0.5,0.0,5,ext+0.25W,opp
261.0,-0.1188,0.41,0.787,-1.79,33.0,42.1,1,150,-0.2249,-2.71,111,0.0245,0.23,0.1,T0_asia0-7,0.5,0.0,5,ext+0.25W,1.5R
261.0,-0.2905,0.18,0.658,-2.3,33.0,85.3,2,150,-0.5778,-5.32,111,0.0977,0.38,0.22,T0_asia0-7,0.5,0.0,5,fix0.5W,none
254.0,-0.3307,0.417,0.464,-6.04,32.1,84.0,0,146,-0.3302,-4.69,108,-0.3315,-3.8,0.219,T0_asia0-7,0.5,0.0,5,fix0.5W,mid
261.0,-0.296,0.295,0.599,-4.0,33.0,77.8,0,150,-0.3742,-4.02,111,-0.1903,-1.59,0.22,T0_asia0-7,0.5,0.0,5,fix0.5W,opp
261.0,-0.2991,0.307,0.588,-4.23,33.0,81.8,0,150,-0.3724,-4.1,111,-0.2,-1.79,0.22,T0_asia0-7,0.5,0.0,5,fix0.5W,1.5R
261.0,-0.1724,0.341,0.724,-2.07,33.0,58.7,2,150,-0.3918,-4.77,111,0.1242,0.79,0.11,T0_asia0-7,0.5,0.0,5,fix1W,none
254.0,-0.1408,0.638,0.615,-3.38,32.1,36.3,1,146,-0.1667,-3.1,108,-0.1057,-1.6,0.11,T0_asia0-7,0.5,0.0,5,fix1W,mid
261.0,-0.1154,0.502,0.764,-2.09,33.0,38.9,1,150,-0.1773,-2.49,111,-0.0317,-0.36,0.11,T0_asia0-7,0.5,0.0,5,fix1W,opp
261.0,-0.1102,0.418,0.804,-1.64,33.0,39.1,1,150,-0.2047,-2.39,111,0.0175,0.17,0.11,T0_asia0-7,0.5,0.0,5,fix1W,1.5R
226.0,-0.1798,0.31,0.721,-1.92,28.5,48.0,2,127,-0.3924,-4.42,99,0.093,0.52,0.111,T0_asia0-7,0.5,0.0,15,ext+0.1W,none
213.0,-0.1632,0.634,0.567,-3.53,26.9,35.6,0,119,-0.1782,-2.98,94,-0.1442,-1.98,0.112,T0_asia0-7,0.5,0.0,15,ext+0.1W,mid
224.0,-0.1681,0.469,0.677,-2.77,28.3,39.1,1,126,-0.2164,-2.82,98,-0.106,-1.08,0.111,T0_asia0-7,0.5,0.0,15,ext+0.1W,opp
226.0,-0.1504,0.367,0.748,-2.06,28.5,43.1,1,127,-0.2293,-2.44,99,-0.0493,-0.43,0.111,T0_asia0-7,0.5,0.0,15,ext+0.1W,1.5R
226.0,-0.1716,0.341,0.712,-2.04,28.5,46.9,2,127,-0.3696,-4.53,99,0.0823,0.52,0.095,T0_asia0-7,0.5,0.0,15,ext+0.25W,none
213.0,-0.1363,0.676,0.588,-3.18,26.9,29.8,0,119,-0.1278,-2.33,94,-0.147,-2.15,0.098,T0_asia0-7,0.5,0.0,15,ext+0.25W,mid
224.0,-0.1189,0.522,0.742,-2.1,28.3,29.8,1,126,-0.1619,-2.25,98,-0.0636,-0.7,0.095,T0_asia0-7,0.5,0.0,15,ext+0.25W,opp
226.0,-0.1186,0.394,0.786,-1.67,28.5,31.9,1,127,-0.1969,-2.19,99,-0.0181,-0.16,0.095,T0_asia0-7,0.5,0.0,15,ext+0.25W,1.5R
226.0,-0.3028,0.168,0.652,-2.21,28.5,79.1,2,127,-0.5669,-4.74,99,0.036,0.13,0.219,T0_asia0-7,0.5,0.0,15,fix0.5W,none
213.0,-0.3171,0.451,0.454,-5.55,26.9,67.6,0,119,-0.2852,-3.79,94,-0.3573,-4.06,0.218,T0_asia0-7,0.5,0.0,15,fix0.5W,mid
224.0,-0.2776,0.308,0.617,-3.52,28.3,64.3,1,126,-0.3408,-3.4,98,-0.1963,-1.56,0.219,T0_asia0-7,0.5,0.0,15,fix0.5W,opp
226.0,-0.3239,0.292,0.563,-4.28,28.5,75.1,1,127,-0.3646,-3.67,99,-0.2717,-2.32,0.219,T0_asia0-7,0.5,0.0,15,fix0.5W,1.5R
226.0,-0.1871,0.323,0.705,-2.1,28.5,50.5,1,127,-0.3594,-4.03,99,0.0339,0.2,0.109,T0_asia0-7,0.5,0.0,15,fix1W,none
213.0,-0.1224,0.671,0.628,-2.84,26.9,27.0,2,119,-0.1095,-1.99,94,-0.1387,-2.02,0.109,T0_asia0-7,0.5,0.0,15,fix1W,mid
224.0,-0.1241,0.5,0.744,-2.13,28.3,29.4,1,126,-0.159,-2.13,98,-0.0793,-0.85,0.109,T0_asia0-7,0.5,0.0,15,fix1W,opp
226.0,-0.0963,0.403,0.829,-1.32,28.5,26.1,2,127,-0.1504,-1.6,99,-0.027,-0.23,0.109,T0_asia0-7,0.5,0.0,15,fix1W,1.5R
151.0,-0.2127,0.305,0.66,-2.06,19.1,34.1,1,83,-0.3342,-3.18,68,-0.0644,-0.34,0.104,T0_asia0-7,0.5,0.0,60,ext+0.1W,none
125.0,-0.1951,0.624,0.448,-3.52,15.8,24.5,2,67,-0.1204,-1.7,58,-0.2813,-3.27,0.111,T0_asia0-7,0.5,0.0,60,ext+0.1W,mid
148.0,-0.1591,0.527,0.657,-2.35,18.7,23.9,1,80,-0.0739,-0.82,68,-0.2594,-2.56,0.105,T0_asia0-7,0.5,0.0,60,ext+0.1W,opp
151.0,-0.1189,0.377,0.789,-1.35,19.1,19.7,1,83,-0.0773,-0.65,68,-0.1697,-1.28,0.104,T0_asia0-7,0.5,0.0,60,ext+0.1W,1.5R
151.0,-0.1969,0.331,0.663,-2.08,19.1,33.3,2,83,-0.3308,-3.39,68,-0.0335,-0.19,0.093,T0_asia0-7,0.5,0.0,60,ext+0.25W,none
125.0,-0.1608,0.664,0.481,-3.09,15.8,20.2,1,67,-0.0839,-1.29,58,-0.2496,-3.02,0.099,T0_asia0-7,0.5,0.0,60,ext+0.25W,mid
148.0,-0.1102,0.574,0.732,-1.73,18.7,17.5,1,80,-0.0477,-0.57,68,-0.1838,-1.89,0.094,T0_asia0-7,0.5,0.0,60,ext+0.25W,opp
151.0,-0.1069,0.391,0.799,-1.26,19.1,19.6,1,83,-0.1152,-1.03,68,-0.0969,-0.74,0.093,T0_asia0-7,0.5,0.0,60,ext+0.25W,1.5R
151.0,-0.4347,0.146,0.515,-2.81,19.1,75.3,1,83,-0.6257,-4.85,68,-0.2016,-0.66,0.226,T0_asia0-7,0.5,0.0,60,fix0.5W,none
125.0,-0.3275,0.464,0.388,-4.8,15.8,41.3,1,67,-0.2418,-2.6,58,-0.4264,-4.27,0.223,T0_asia0-7,0.5,0.0,60,fix0.5W,mid
148.0,-0.2734,0.345,0.607,-2.98,18.7,41.8,2,80,-0.1449,-1.13,68,-0.4246,-3.29,0.227,T0_asia0-7,0.5,0.0,60,fix0.5W,opp
151.0,-0.2997,0.305,0.594,-3.18,19.1,48.7,2,83,-0.1771,-1.33,68,-0.4494,-3.42,0.226,T0_asia0-7,0.5,0.0,60,fix0.5W,1.5R
151.0,-0.1823,0.298,0.718,-1.61,19.1,32.0,1,83,-0.3299,-2.91,68,-0.002,-0.01,0.113,T0_asia0-7,0.5,0.0,60,fix1W,none
125.0,-0.1737,0.64,0.481,-3.22,15.8,21.9,2,67,-0.122,-1.75,58,-0.2333,-2.78,0.112,T0_asia0-7,0.5,0.0,60,fix1W,mid
148.0,-0.125,0.534,0.726,-1.84,18.7,19.2,1,80,-0.0737,-0.81,68,-0.1853,-1.82,0.114,T0_asia0-7,0.5,0.0,60,fix1W,opp
151.0,-0.0811,0.397,0.857,-0.89,19.1,15.1,2,83,-0.0666,-0.54,68,-0.0988,-0.72,0.113,T0_asia0-7,0.5,0.0,60,fix1W,1.5R
150.0,-0.103,0.347,0.816,-0.98,19.1,34.1,3,85,-0.3161,-3.09,65,0.1757,0.88,0.097,T0_asia0-7,0.5,0.25,1,ext+0.1W,none
137.0,-0.0828,0.818,0.54,-2.2,17.7,13.3,2,78,-0.0752,-1.62,59,-0.093,-1.49,0.1,T0_asia0-7,0.5,0.25,1,ext+0.1W,mid
150.0,-0.0591,0.62,0.838,-0.99,19.1,20.1,2,85,-0.09,-1.17,65,-0.0187,-0.2,0.097,T0_asia0-7,0.5,0.25,1,ext+0.1W,opp
150.0,-0.0237,0.42,0.953,-0.27,19.1,21.3,4,85,-0.1358,-1.22,65,0.1228,0.86,0.097,T0_asia0-7,0.5,0.25,1,ext+0.1W,1.5R
150.0,-0.1144,0.353,0.784,-1.18,19.1,35.6,3,85,-0.3121,-3.29,65,0.1441,0.8,0.086,T0_asia0-7,0.5,0.25,1,ext+0.25W,none
137.0,-0.0698,0.839,0.556,-1.99,17.7,13.1,3,78,-0.0423,-1.04,59,-0.1062,-1.73,0.088,T0_asia0-7,0.5,0.25,1,ext+0.25W,mid
150.0,-0.0407,0.653,0.876,-0.73,19.1,19.7,3,85,-0.0661,-0.92,65,-0.0074,-0.08,0.086,T0_asia0-7,0.5,0.25,1,ext+0.25W,opp
150.0,-0.0683,0.4,0.862,-0.81,19.1,29.5,3,85,-0.1672,-1.6,65,0.0611,0.45,0.086,T0_asia0-7,0.5,0.25,1,ext+0.25W,1.5R
150.0,-0.277,0.14,0.689,-1.52,19.1,73.8,2,85,-0.6724,-4.63,65,0.2399,0.65,0.232,T0_asia0-7,0.5,0.25,1,fix0.5W,none
137.0,-0.2567,0.613,0.377,-4.61,17.7,37.2,0,78,-0.2824,-3.99,59,-0.2227,-2.49,0.227,T0_asia0-7,0.5,0.25,1,fix0.5W,mid
150.0,-0.214,0.373,0.675,-2.38,19.1,39.6,3,85,-0.3112,-2.73,65,-0.0869,-0.6,0.232,T0_asia0-7,0.5,0.25,1,fix0.5W,opp
150.0,-0.2032,0.34,0.71,-2.07,19.1,39.7,2,85,-0.2886,-2.28,65,-0.0914,-0.59,0.232,T0_asia0-7,0.5,0.25,1,fix0.5W,1.5R
150.0,-0.0807,0.333,0.869,-0.68,19.1,34.8,3,85,-0.3647,-3.17,65,0.2907,1.31,0.116,T0_asia0-7,0.5,0.25,1,fix1W,none
137.0,-0.0891,0.803,0.546,-2.26,17.7,14.9,2,78,-0.0657,-1.39,59,-0.12,-1.79,0.114,T0_asia0-7,0.5,0.25,1,fix1W,mid
150.0,-0.0647,0.593,0.84,-1.0,19.1,22.2,3,85,-0.1191,-1.42,65,0.0065,0.06,0.116,T0_asia0-7,0.5,0.25,1,fix1W,opp
150.0,-0.0016,0.433,0.997,-0.02,19.1,21.8,3,85,-0.133,-1.12,65,0.1701,1.16,0.116,T0_asia0-7,0.5,0.25,1,fix1W,1.5R
127.0,-0.0274,0.386,0.947,-0.24,16.2,23.5,3,71,-0.2717,-2.43,56,0.2824,1.32,0.095,T0_asia0-7,0.5,0.25,5,ext+0.1W,none
105.0,-0.0537,0.829,0.61,-1.41,13.4,6.7,2,56,-0.0808,-1.54,49,-0.0226,-0.41,0.095,T0_asia0-7,0.5,0.25,5,ext+0.1W,mid
125.0,0.0107,0.688,1.035,0.17,16.0,11.8,3,70,-0.0236,-0.3,55,0.0543,0.55,0.095,T0_asia0-7,0.5,0.25,5,ext+0.1W,opp
127.0,0.008,0.433,1.017,0.08,16.2,19.6,3,71,-0.1357,-1.13,56,0.1902,1.24,0.095,T0_asia0-7,0.5,0.25,5,ext+0.1W,1.5R
127.0,-0.0489,0.394,0.902,-0.46,16.2,25.4,3,71,-0.2859,-2.74,56,0.2517,1.3,0.084,T0_asia0-7,0.5,0.25,5,ext+0.25W,none
105.0,-0.0434,0.838,0.631,-1.24,13.4,6.1,4,56,-0.0509,-1.11,49,-0.0348,-0.64,0.084,T0_asia0-7,0.5,0.25,5,ext+0.25W,mid
125.0,0.0245,0.72,1.091,0.43,16.0,10.9,3,70,-0.0124,-0.17,55,0.0715,0.79,0.084,T0_asia0-7,0.5,0.25,5,ext+0.25W,opp
127.0,0.0038,0.441,1.008,0.04,16.2,21.5,3,71,-0.1526,-1.34,56,0.2022,1.35,0.084,T0_asia0-7,0.5,0.25,5,ext+0.25W,1.5R
127.0,-0.2329,0.157,0.737,-1.16,16.2,52.9,3,71,-0.6796,-4.33,56,0.3335,0.84,0.237,T0_asia0-7,0.5,0.25,5,fix0.5W,none
105.0,-0.1943,0.657,0.422,-3.3,13.4,22.2,1,56,-0.2489,-3.13,49,-0.1319,-1.51,0.22,T0_asia0-7,0.5,0.25,5,fix0.5W,mid
125.0,-0.1689,0.416,0.728,-1.75,16.0,30.0,4,70,-0.3533,-2.94,55,0.0657,0.43,0.225,T0_asia0-7,0.5,0.25,5,fix0.5W,opp
127.0,-0.1879,0.346,0.73,-1.75,16.2,34.9,2,71,-0.4227,-3.22,56,0.1098,0.64,0.237,T0_asia0-7,0.5,0.25,5,fix0.5W,1.5R
127.0,0.0198,0.362,1.035,0.15,16.2,21.9,3,71,-0.2942,-2.24,56,0.4179,1.72,0.118,T0_asia0-7,0.5,0.25,5,fix1W,none
105.0,-0.0672,0.81,0.576,-1.65,13.4,8.5,1,56,-0.0733,-1.37,49,-0.0601,-0.95,0.11,T0_asia0-7,0.5,0.25,5,fix1W,mid
125.0,0.0017,0.648,1.005,0.02,16.0,13.5,3,70,-0.0479,-0.54,55,0.0648,0.62,0.112,T0_asia0-7,0.5,0.25,5,fix1W,opp
127.0,0.081,0.465,1.164,0.8,16.2,11.8,4,71,-0.0376,-0.28,56,0.2313,1.5,0.118,T0_asia0-7,0.5,0.25,5,fix1W,1.5R
111.0,-0.0199,0.405,0.96,-0.17,14.2,16.9,3,62,-0.2303,-1.88,49,0.2463,1.15,0.096,T0_asia0-7,0.5,0.25,15,ext+0.1W,none
79.0,-0.0625,0.785,0.565,-1.4,10.2,6.3,1,43,-0.0819,-1.39,36,-0.0393,-0.58,0.103,T0_asia0-7,0.5,0.25,15,ext+0.1W,mid
108.0,0.0159,0.704,1.055,0.25,13.8,8.0,3,61,0.039,0.49,47,-0.0142,-0.13,0.096,T0_asia0-7,0.5,0.25,15,ext+0.1W,opp
111.0,0.0585,0.459,1.127,0.57,14.2,13.8,4,62,-0.0669,-0.51,49,0.2173,1.34,0.096,T0_asia0-7,0.5,0.25,15,ext+0.1W,1.5R
111.0,-0.0338,0.414,0.929,-0.31,14.2,17.7,3,62,-0.2446,-2.15,49,0.233,1.18,0.086,T0_asia0-7,0.5,0.25,15,ext+0.25W,none
79.0,-0.0452,0.797,0.615,-1.12,10.2,5.5,3,43,-0.0402,-0.82,36,-0.0513,-0.76,0.09,T0_asia0-7,0.5,0.25,15,ext+0.25W,mid
108.0,0.0394,0.741,1.159,0.67,13.8,6.9,3,61,0.0557,0.77,47,0.0183,0.19,0.087,T0_asia0-7,0.5,0.25,15,ext+0.25W,opp
111.0,0.0446,0.468,1.102,0.45,14.2,13.4,3,62,-0.0862,-0.69,49,0.2101,1.34,0.086,T0_asia0-7,0.5,0.25,15,ext+0.25W,1.5R
111.0,-0.249,0.171,0.713,-1.21,14.2,44.4,2,62,-0.5227,-2.65,49,0.0973,0.25,0.24,T0_asia0-7,0.5,0.25,15,fix0.5W,none
79.0,-0.2198,0.595,0.375,-3.22,10.2,18.1,1,43,-0.2793,-3.12,36,-0.1488,-1.42,0.237,T0_asia0-7,0.5,0.25,15,fix0.5W,mid
108.0,-0.1827,0.417,0.706,-1.79,13.8,24.3,3,61,-0.2966,-2.3,47,-0.0348,-0.21,0.24,T0_asia0-7,0.5,0.25,15,fix0.5W,opp
111.0,-0.1759,0.351,0.745,-1.53,14.2,29.9,2,62,-0.2899,-1.94,49,-0.0316,-0.18,0.24,T0_asia0-7,0.5,0.25,15,fix0.5W,1.5R
111.0,0.0401,0.378,1.071,0.28,14.2,17.4,4,62,-0.2362,-1.62,49,0.3897,1.5,0.12,T0_asia0-7,0.5,0.25,15,fix1W,none
79.0,-0.0828,0.759,0.515,-1.71,10.2,7.8,2,43,-0.1001,-1.57,36,-0.0622,-0.83,0.118,T0_asia0-7,0.5,0.25,15,fix1W,mid
108.0,0.0151,0.667,1.045,0.21,13.8,8.7,3,61,0.0089,0.1,47,0.0232,0.2,0.12,T0_asia0-7,0.5,0.25,15,fix1W,opp
111.0,0.0916,0.468,1.188,0.84,14.2,9.3,5,62,0.0385,0.26,49,0.1588,0.96,0.12,T0_asia0-7,0.5,0.25,15,fix1W,1.5R
72.0,0.015,0.389,1.031,0.1,9.3,12.7,3,42,-0.2395,-1.85,30,0.3712,1.25,0.091,T0_asia0-7,0.5,0.25,60,ext+0.1W,none
37.0,-0.069,0.757,0.508,-1.08,5.0,3.5,4,18,-0.043,-0.5,19,-0.0935,-0.97,0.091,T0_asia0-7,0.5,0.25,60,ext+0.1W,mid
68.0,0.0341,0.75,1.143,0.47,8.8,4.1,3,38,0.0887,1.01,30,-0.0352,-0.28,0.096,T0_asia0-7,0.5,0.25,60,ext+0.1W,opp
72.0,0.0374,0.417,1.084,0.3,9.3,9.6,3,42,-0.0645,-0.43,30,0.18,0.87,0.091,T0_asia0-7,0.5,0.25,60,ext+0.1W,1.5R
72.0,0.0092,0.403,1.02,0.07,9.3,12.9,2,42,-0.2515,-2.05,30,0.3743,1.38,0.081,T0_asia0-7,0.5,0.25,60,ext+0.25W,none
37.0,-0.0767,0.757,0.451,-1.22,5.0,3.7,4,18,-0.0508,-0.6,19,-0.1013,-1.06,0.08,T0_asia0-7,0.5,0.25,60,ext+0.25W,mid
68.0,0.0284,0.765,1.128,0.41,8.8,4.9,3,38,0.0623,0.74,30,-0.0146,-0.13,0.086,T0_asia0-7,0.5,0.25,60,ext+0.25W,opp
72.0,0.0379,0.431,1.09,0.32,9.3,10.5,2,42,-0.0905,-0.64,30,0.2177,1.08,0.081,T0_asia0-7,0.5,0.25,60,ext+0.25W,1.5R
72.0,-0.2805,0.167,0.682,-1.05,9.3,40.9,3,42,-0.6387,-3.52,30,0.2209,0.38,0.241,T0_asia0-7,0.5,0.25,60,fix0.5W,none
37.0,-0.0525,0.703,0.743,-0.62,5.0,4.6,3,18,-0.0232,-0.2,19,-0.0802,-0.65,0.212,T0_asia0-7,0.5,0.25,60,fix0.5W,mid
68.0,-0.1312,0.471,0.768,-1.05,8.8,16.7,3,38,-0.1004,-0.61,30,-0.1702,-0.88,0.241,T0_asia0-7,0.5,0.25,60,fix0.5W,opp
72.0,-0.153,0.361,0.776,-1.06,9.3,23.3,3,42,-0.1619,-0.86,30,-0.1406,-0.62,0.241,T0_asia0-7,0.5,0.25,60,fix0.5W,1.5R
72.0,0.0589,0.361,1.106,0.33,9.3,16.2,4,42,-0.2968,-1.98,30,0.5568,1.53,0.12,T0_asia0-7,0.5,0.25,60,fix1W,none
37.0,-0.0584,0.757,0.587,-0.89,5.0,3.3,4,18,-0.0299,-0.34,19,-0.0853,-0.86,0.106,T0_asia0-7,0.5,0.25,60,fix1W,mid
68.0,0.0387,0.706,1.134,0.47,8.8,4.5,4,38,0.0497,0.46,30,0.0248,0.19,0.12,T0_asia0-7,0.5,0.25,60,fix1W,opp
72.0,0.1136,0.458,1.238,0.84,9.3,7.4,3,42,0.0179,0.1,30,0.2477,1.14,0.12,T0_asia0-7,0.5,0.25,60,fix1W,1.5R
1578.0,-0.426,0.136,0.546,-8.15,198.7,689.1,0,787,-0.3451,-4.67,791,-0.5064,-6.85,0.306,T1_asia0-8,0.0,0.0,1,ext+0.1W,none
1577.0,-0.3467,0.282,0.56,-10.73,198.6,551.7,0,787,-0.2937,-6.74,790,-0.3995,-8.37,0.306,T1_asia0-8,0.0,0.0,1,ext+0.1W,mid
1578.0,-0.3147,0.19,0.643,-7.0,198.7,499.7,0,787,-0.2515,-4.1,791,-0.3775,-5.75,0.306,T1_asia0-8,0.0,0.0,1,ext+0.1W,opp
1578.0,-0.3179,0.309,0.578,-10.84,198.7,506.0,0,787,-0.2592,-6.16,791,-0.3763,-9.24,0.306,T1_asia0-8,0.0,0.0,1,ext+0.1W,1.5R
1578.0,-0.2556,0.221,0.683,-5.53,198.7,433.5,0,787,-0.236,-3.77,791,-0.275,-4.04,0.182,T1_asia0-8,0.0,0.0,1,ext+0.25W,none
1577.0,-0.189,0.415,0.692,-7.1,198.6,306.9,0,787,-0.1651,-4.61,790,-0.2128,-5.4,0.183,T1_asia0-8,0.0,0.0,1,ext+0.25W,mid
1578.0,-0.1773,0.292,0.759,-4.91,198.7,291.0,0,787,-0.1634,-3.33,791,-0.191,-3.6,0.182,T1_asia0-8,0.0,0.0,1,ext+0.25W,opp
1578.0,-0.1738,0.357,0.741,-5.84,198.7,284.5,0,787,-0.1408,-3.31,791,-0.2066,-4.95,0.182,T1_asia0-8,0.0,0.0,1,ext+0.25W,1.5R
1578.0,-0.2244,0.261,0.7,-5.42,198.7,382.6,1,787,-0.2562,-4.58,791,-0.1927,-3.16,0.15,T1_asia0-8,0.0,0.0,1,fix0.5W,none
1577.0,-0.1789,0.458,0.679,-7.62,198.6,288.8,0,787,-0.1897,-5.82,790,-0.1682,-4.98,0.15,T1_asia0-8,0.0,0.0,1,fix0.5W,mid
1578.0,-0.1692,0.33,0.751,-5.36,198.7,280.2,0,787,-0.1855,-4.2,791,-0.1529,-3.38,0.15,T1_asia0-8,0.0,0.0,1,fix0.5W,opp
1578.0,-0.1791,0.357,0.727,-6.16,198.7,292.6,0,787,-0.1789,-4.32,791,-0.1793,-4.39,0.15,T1_asia0-8,0.0,0.0,1,fix0.5W,1.5R
1578.0,-0.1343,0.395,0.739,-4.82,198.7,226.8,1,787,-0.1306,-3.25,791,-0.1379,-3.57,0.075,T1_asia0-8,0.0,0.0,1,fix1W,none
1577.0,-0.0962,0.614,0.722,-5.78,198.6,154.4,0,787,-0.1036,-4.42,790,-0.0888,-3.75,0.075,T1_asia0-8,0.0,0.0,1,fix1W,mid
1578.0,-0.0899,0.481,0.799,-4.14,198.7,152.8,1,787,-0.0985,-3.19,791,-0.0815,-2.67,0.075,T1_asia0-8,0.0,0.0,1,fix1W,opp
1578.0,-0.0978,0.43,0.798,-3.98,198.7,171.5,1,787,-0.1152,-3.27,791,-0.0805,-2.34,0.075,T1_asia0-8,0.0,0.0,1,fix1W,1.5R
1503.0,-0.3149,0.169,0.644,-5.73,189.3,524.6,0,754,-0.2869,-3.91,749,-0.3431,-4.18,0.248,T1_asia0-8,0.0,0.0,5,ext+0.1W,none
1497.0,-0.2616,0.351,0.625,-8.48,188.5,404.9,0,749,-0.2578,-6.35,748,-0.2654,-5.71,0.25,T1_asia0-8,0.0,0.0,5,ext+0.1W,mid
1503.0,-0.2208,0.238,0.729,-5.03,189.3,355.5,0,754,-0.2133,-3.71,749,-0.2282,-3.43,0.248,T1_asia0-8,0.0,0.0,5,ext+0.1W,opp
1503.0,-0.2548,0.329,0.645,-8.41,189.3,387.7,0,754,-0.2473,-5.8,749,-0.2623,-6.1,0.248,T1_asia0-8,0.0,0.0,5,ext+0.1W,1.5R
1503.0,-0.224,0.245,0.709,-4.9,189.3,371.6,1,754,-0.2351,-3.86,749,-0.2127,-3.11,0.161,T1_asia0-8,0.0,0.0,5,ext+0.25W,none
1497.0,-0.1718,0.462,0.692,-6.83,188.5,268.0,0,749,-0.1677,-4.98,748,-0.1759,-4.7,0.162,T1_asia0-8,0.0,0.0,5,ext+0.25W,mid
1503.0,-0.16,0.323,0.769,-4.61,189.3,261.2,0,754,-0.1708,-3.68,749,-0.1491,-2.89,0.161,T1_asia0-8,0.0,0.0,5,ext+0.25W,opp
1503.0,-0.178,0.356,0.73,-5.92,189.3,273.4,0,754,-0.1689,-3.98,749,-0.1872,-4.39,0.161,T1_asia0-8,0.0,0.0,5,ext+0.25W,1.5R
1503.0,-0.2179,0.263,0.708,-5.08,189.3,357.5,1,754,-0.2572,-4.38,749,-0.1784,-2.85,0.15,T1_asia0-8,0.0,0.0,5,fix0.5W,none
1497.0,-0.1792,0.473,0.668,-7.66,188.5,272.5,0,749,-0.2102,-6.52,748,-0.148,-4.37,0.15,T1_asia0-8,0.0,0.0,5,fix0.5W,mid
1503.0,-0.162,0.339,0.759,-5.07,189.3,261.0,0,754,-0.1926,-4.36,749,-0.1312,-2.84,0.15,T1_asia0-8,0.0,0.0,5,fix0.5W,opp
1503.0,-0.1838,0.355,0.719,-6.2,189.3,283.4,0,754,-0.2005,-4.78,749,-0.167,-3.98,0.15,T1_asia0-8,0.0,0.0,5,fix0.5W,1.5R
1503.0,-0.1282,0.395,0.749,-4.46,189.3,208.6,1,754,-0.1235,-2.99,749,-0.133,-3.33,0.075,T1_asia0-8,0.0,0.0,5,fix1W,none
1497.0,-0.0927,0.629,0.719,-5.59,188.5,140.8,0,749,-0.1038,-4.48,748,-0.0815,-3.43,0.075,T1_asia0-8,0.0,0.0,5,fix1W,mid
1503.0,-0.0867,0.488,0.803,-3.96,189.3,139.6,1,754,-0.0983,-3.19,749,-0.0749,-2.41,0.075,T1_asia0-8,0.0,0.0,5,fix1W,opp
1503.0,-0.1041,0.427,0.785,-4.17,189.3,173.7,1,754,-0.1172,-3.3,749,-0.091,-2.59,0.075,T1_asia0-8,0.0,0.0,5,fix1W,1.5R
1395.0,-0.2958,0.194,0.648,-5.79,175.7,474.0,1,698,-0.2655,-3.9,697,-0.3262,-4.28,0.216,T1_asia0-8,0.0,0.0,15,ext+0.1W,none
1378.0,-0.2391,0.405,0.623,-8.19,173.6,338.0,0,685,-0.2332,-6.03,693,-0.2449,-5.6,0.216,T1_asia0-8,0.0,0.0,15,ext+0.1W,mid
1395.0,-0.2061,0.277,0.73,-5.03,175.7,319.2,0,698,-0.1998,-3.67,697,-0.2125,-3.47,0.216,T1_asia0-8,0.0,0.0,15,ext+0.1W,opp
1395.0,-0.2323,0.335,0.667,-7.44,175.7,330.9,0,698,-0.2302,-5.22,697,-0.2344,-5.31,0.216,T1_asia0-8,0.0,0.0,15,ext+0.1W,1.5R
1395.0,-0.2135,0.265,0.709,-4.84,175.7,333.5,1,698,-0.2199,-3.79,697,-0.2071,-3.12,0.147,T1_asia0-8,0.0,0.0,15,ext+0.25W,none
1378.0,-0.1628,0.504,0.681,-6.69,173.6,229.4,0,685,-0.1485,-4.53,693,-0.1769,-4.93,0.147,T1_asia0-8,0.0,0.0,15,ext+0.25W,mid
1395.0,-0.1541,0.353,0.765,-4.6,175.7,233.0,0,698,-0.1587,-3.51,697,-0.1496,-3.02,0.147,T1_asia0-8,0.0,0.0,15,ext+0.25W,opp
1395.0,-0.1576,0.364,0.754,-5.09,175.7,231.1,0,698,-0.1551,-3.55,697,-0.1601,-3.65,0.147,T1_asia0-8,0.0,0.0,15,ext+0.25W,1.5R
1395.0,-0.2284,0.257,0.694,-5.16,175.7,351.1,1,698,-0.2383,-3.87,697,-0.2184,-3.43,0.149,T1_asia0-8,0.0,0.0,15,fix0.5W,none
1378.0,-0.1783,0.494,0.656,-7.57,173.6,247.7,0,685,-0.1803,-5.5,693,-0.1763,-5.2,0.149,T1_asia0-8,0.0,0.0,15,fix0.5W,mid
1395.0,-0.1646,0.343,0.752,-5.05,175.7,245.3,0,698,-0.1743,-3.83,697,-0.1548,-3.32,0.149,T1_asia0-8,0.0,0.0,15,fix0.5W,opp
1395.0,-0.1899,0.353,0.71,-6.19,175.7,273.5,0,698,-0.1965,-4.5,697,-0.1832,-4.24,0.149,T1_asia0-8,0.0,0.0,15,fix0.5W,1.5R
1395.0,-0.1182,0.396,0.764,-3.96,175.7,175.7,0,698,-0.0873,-1.99,697,-0.1491,-3.67,0.075,T1_asia0-8,0.0,0.0,15,fix1W,none
1378.0,-0.0859,0.649,0.722,-5.17,173.6,121.2,0,685,-0.0851,-3.68,693,-0.0867,-3.63,0.074,T1_asia0-8,0.0,0.0,15,fix1W,mid
1395.0,-0.0769,0.499,0.819,-3.45,175.7,115.6,0,698,-0.075,-2.39,697,-0.0787,-2.49,0.075,T1_asia0-8,0.0,0.0,15,fix1W,opp
1395.0,-0.0986,0.426,0.793,-3.82,175.7,151.8,1,698,-0.0944,-2.56,697,-0.1029,-2.85,0.075,T1_asia0-8,0.0,0.0,15,fix1W,1.5R
1110.0,-0.2321,0.235,0.7,-4.4,139.8,306.1,2,544,-0.2197,-3.02,566,-0.244,-3.19,0.171,T1_asia0-8,0.0,0.0,60,ext+0.1W,none
1036.0,-0.1915,0.482,0.643,-6.45,130.5,202.6,0,500,-0.1831,-4.6,536,-0.1994,-4.56,0.178,T1_asia0-8,0.0,0.0,60,ext+0.1W,mid
1110.0,-0.1657,0.343,0.756,-4.08,139.8,200.8,1,544,-0.1879,-3.5,566,-0.1444,-2.38,0.171,T1_asia0-8,0.0,0.0,60,ext+0.1W,opp
1110.0,-0.1716,0.353,0.739,-4.9,139.8,203.5,0,544,-0.1633,-3.29,566,-0.1795,-3.64,0.171,T1_asia0-8,0.0,0.0,60,ext+0.1W,1.5R
1110.0,-0.1962,0.296,0.71,-4.54,139.8,252.4,2,544,-0.2193,-3.75,566,-0.1739,-2.74,0.126,T1_asia0-8,0.0,0.0,60,ext+0.25W,none
1036.0,-0.1309,0.569,0.698,-5.19,130.5,138.7,0,500,-0.1149,-3.34,536,-0.1459,-3.98,0.129,T1_asia0-8,0.0,0.0,60,ext+0.25W,mid
1110.0,-0.1255,0.413,0.784,-3.72,139.8,155.8,2,544,-0.1511,-3.31,566,-0.1008,-2.03,0.126,T1_asia0-8,0.0,0.0,60,ext+0.25W,opp
1110.0,-0.1207,0.379,0.799,-3.55,139.8,154.5,1,544,-0.1556,-3.26,566,-0.0871,-1.8,0.126,T1_asia0-8,0.0,0.0,60,ext+0.25W,1.5R
1110.0,-0.2442,0.258,0.672,-5.16,139.8,310.7,0,544,-0.2368,-3.47,566,-0.2512,-3.82,0.151,T1_asia0-8,0.0,0.0,60,fix0.5W,none
1036.0,-0.1741,0.525,0.638,-6.78,130.5,183.6,0,500,-0.1617,-4.46,536,-0.1856,-5.11,0.147,T1_asia0-8,0.0,0.0,60,fix0.5W,mid
1110.0,-0.1578,0.368,0.753,-4.49,139.8,188.4,1,544,-0.1571,-3.17,566,-0.1584,-3.18,0.151,T1_asia0-8,0.0,0.0,60,fix0.5W,opp
1110.0,-0.1697,0.36,0.738,-4.89,139.8,200.5,1,544,-0.1654,-3.31,566,-0.1739,-3.61,0.151,T1_asia0-8,0.0,0.0,60,fix0.5W,1.5R
1110.0,-0.1316,0.386,0.738,-4.04,139.8,157.5,0,544,-0.0994,-2.05,566,-0.1626,-3.71,0.075,T1_asia0-8,0.0,0.0,60,fix1W,none
1036.0,-0.0975,0.664,0.667,-5.34,130.5,102.7,0,500,-0.0735,-2.9,536,-0.1199,-4.57,0.074,T1_asia0-8,0.0,0.0,60,fix1W,mid
1110.0,-0.0933,0.507,0.775,-3.88,139.8,107.0,1,544,-0.088,-2.59,566,-0.0983,-2.89,0.075,T1_asia0-8,0.0,0.0,60,fix1W,opp
1110.0,-0.1107,0.414,0.769,-3.85,139.8,133.5,0,544,-0.1004,-2.43,566,-0.1207,-3.01,0.075,T1_asia0-8,0.0,0.0,60,fix1W,1.5R
951.0,-0.2211,0.27,0.687,-4.57,119.8,237.3,0,478,-0.2355,-3.65,473,-0.2064,-2.87,0.135,T1_asia0-8,0.0,0.25,1,ext+0.1W,none
942.0,-0.1555,0.652,0.562,-7.38,118.6,146.5,0,473,-0.1639,-5.84,469,-0.147,-4.68,0.135,T1_asia0-8,0.0,0.25,1,ext+0.1W,mid
951.0,-0.1121,0.429,0.803,-3.24,119.8,119.1,0,478,-0.1381,-2.97,473,-0.0859,-1.67,0.135,T1_asia0-8,0.0,0.25,1,ext+0.1W,opp
951.0,-0.1381,0.369,0.776,-3.74,119.8,144.5,0,478,-0.1667,-3.26,473,-0.1091,-2.05,0.135,T1_asia0-8,0.0,0.25,1,ext+0.1W,1.5R
951.0,-0.1768,0.322,0.717,-4.07,119.8,184.0,0,478,-0.2027,-3.58,473,-0.1506,-2.29,0.108,T1_asia0-8,0.0,0.25,1,ext+0.25W,none
942.0,-0.1148,0.712,0.6,-6.13,118.6,109.1,0,473,-0.1015,-4.09,469,-0.1282,-4.56,0.108,T1_asia0-8,0.0,0.25,1,ext+0.25W,mid
951.0,-0.0837,0.485,0.83,-2.75,119.8,87.0,0,478,-0.1003,-2.41,473,-0.067,-1.5,0.108,T1_asia0-8,0.0,0.25,1,ext+0.25W,opp
951.0,-0.1036,0.393,0.816,-2.92,119.8,112.8,1,478,-0.1341,-2.74,473,-0.0729,-1.42,0.108,T1_asia0-8,0.0,0.25,1,ext+0.25W,1.5R
951.0,-0.2095,0.253,0.721,-3.8,119.8,230.2,0,478,-0.2355,-3.21,473,-0.1833,-2.22,0.162,T1_asia0-8,0.0,0.25,1,fix0.5W,none
942.0,-0.1847,0.618,0.536,-8.33,118.6,174.0,0,473,-0.1926,-6.4,469,-0.1768,-5.42,0.162,T1_asia0-8,0.0,0.25,1,fix0.5W,mid
951.0,-0.1072,0.4,0.824,-2.91,119.8,115.1,1,478,-0.1209,-2.39,473,-0.0934,-1.74,0.162,T1_asia0-8,0.0,0.25,1,fix0.5W,opp
951.0,-0.1164,0.379,0.816,-3.04,119.8,126.2,0,478,-0.1288,-2.41,473,-0.1038,-1.9,0.162,T1_asia0-8,0.0,0.25,1,fix0.5W,1.5R
951.0,-0.1426,0.37,0.726,-3.93,119.8,149.4,1,478,-0.126,-2.45,473,-0.1594,-3.11,0.081,T1_asia0-8,0.0,0.25,1,fix1W,none
942.0,-0.091,0.762,0.591,-5.72,118.6,86.5,0,473,-0.0825,-3.88,469,-0.0996,-4.2,0.081,T1_asia0-8,0.0,0.25,1,fix1W,mid
951.0,-0.069,0.538,0.827,-2.74,119.8,72.1,1,478,-0.067,-1.93,473,-0.071,-1.94,0.081,T1_asia0-8,0.0,0.25,1,fix1W,opp
951.0,-0.1058,0.408,0.784,-3.32,119.8,114.8,2,478,-0.1025,-2.31,473,-0.1092,-2.38,0.081,T1_asia0-8,0.0,0.25,1,fix1W,1.5R
862.0,-0.1998,0.282,0.711,-3.92,108.6,202.7,1,441,-0.1907,-2.73,421,-0.2093,-2.81,0.13,T1_asia0-8,0.0,0.25,5,ext+0.1W,none
821.0,-0.1444,0.68,0.551,-6.79,103.4,118.5,0,414,-0.1481,-5.24,407,-0.1406,-4.41,0.131,T1_asia0-8,0.0,0.25,5,ext+0.1W,mid
862.0,-0.1062,0.451,0.804,-3.05,108.6,102.0,1,441,-0.1296,-2.79,421,-0.0818,-1.56,0.13,T1_asia0-8,0.0,0.25,5,ext+0.1W,opp
862.0,-0.1356,0.37,0.778,-3.52,108.6,131.3,1,441,-0.1509,-2.84,421,-0.1195,-2.14,0.13,T1_asia0-8,0.0,0.25,5,ext+0.1W,1.5R
862.0,-0.1659,0.328,0.73,-3.68,108.6,160.9,1,441,-0.1751,-2.9,421,-0.1562,-2.32,0.104,T1_asia0-8,0.0,0.25,5,ext+0.25W,none
821.0,-0.1081,0.733,0.584,-5.72,103.4,89.3,0,414,-0.0964,-3.87,407,-0.1199,-4.21,0.105,T1_asia0-8,0.0,0.25,5,ext+0.25W,mid
862.0,-0.0828,0.502,0.825,-2.69,108.6,78.8,1,441,-0.0999,-2.41,421,-0.0648,-1.42,0.104,T1_asia0-8,0.0,0.25,5,ext+0.25W,opp
862.0,-0.1137,0.389,0.797,-3.09,108.6,110.3,1,441,-0.1392,-2.78,421,-0.0869,-1.6,0.104,T1_asia0-8,0.0,0.25,5,ext+0.25W,1.5R
862.0,-0.2226,0.247,0.707,-3.87,108.6,226.7,0,441,-0.1953,-2.38,421,-0.2511,-3.11,0.162,T1_asia0-8,0.0,0.25,5,fix0.5W,none
821.0,-0.185,0.635,0.509,-8.12,103.4,151.9,0,414,-0.1879,-6.12,407,-0.1821,-5.39,0.16,T1_asia0-8,0.0,0.25,5,fix0.5W,mid
862.0,-0.1279,0.4,0.79,-3.39,108.6,123.1,1,441,-0.1339,-2.6,421,-0.1216,-2.19,0.162,T1_asia0-8,0.0,0.25,5,fix0.5W,opp
862.0,-0.1383,0.367,0.784,-3.47,108.6,132.0,1,441,-0.1511,-2.73,421,-0.125,-2.17,0.162,T1_asia0-8,0.0,0.25,5,fix0.5W,1.5R
862.0,-0.1353,0.369,0.74,-3.5,108.6,131.1,1,441,-0.1104,-2.0,421,-0.1613,-2.99,0.081,T1_asia0-8,0.0,0.25,5,fix1W,none
821.0,-0.0902,0.773,0.563,-5.54,103.4,74.5,0,414,-0.0756,-3.51,407,-0.1051,-4.29,0.08,T1_asia0-8,0.0,0.25,5,fix1W,mid
862.0,-0.067,0.548,0.827,-2.59,108.6,61.8,1,441,-0.0653,-1.85,421,-0.0687,-1.82,0.081,T1_asia0-8,0.0,0.25,5,fix1W,opp
862.0,-0.1048,0.405,0.786,-3.13,108.6,105.7,1,441,-0.0955,-2.07,421,-0.1145,-2.36,0.081,T1_asia0-8,0.0,0.25,5,fix1W,1.5R
761.0,-0.2228,0.286,0.676,-4.26,96.1,199.3,1,386,-0.2165,-3.01,375,-0.2292,-3.02,0.128,T1_asia0-8,0.0,0.25,15,ext+0.1W,none
676.0,-0.1417,0.694,0.533,-6.26,85.4,96.3,0,337,-0.1443,-4.75,339,-0.139,-4.14,0.13,T1_asia0-8,0.0,0.25,15,ext+0.1W,mid
761.0,-0.1109,0.473,0.789,-3.1,96.1,95.7,0,386,-0.132,-2.73,375,-0.0892,-1.68,0.128,T1_asia0-8,0.0,0.25,15,ext+0.1W,opp
761.0,-0.1356,0.373,0.776,-3.31,96.1,121.5,1,386,-0.1697,-3.01,375,-0.1006,-1.69,0.128,T1_asia0-8,0.0,0.25,15,ext+0.1W,1.5R
761.0,-0.1743,0.331,0.713,-3.73,96.1,154.4,2,386,-0.189,-3.0,375,-0.1592,-2.3,0.101,T1_asia0-8,0.0,0.25,15,ext+0.25W,none
676.0,-0.1054,0.746,0.568,-5.25,85.4,72.1,0,337,-0.0918,-3.45,339,-0.1188,-3.96,0.104,T1_asia0-8,0.0,0.25,15,ext+0.25W,mid
761.0,-0.0831,0.523,0.817,-2.62,96.1,70.9,1,386,-0.1017,-2.36,375,-0.064,-1.37,0.101,T1_asia0-8,0.0,0.25,15,ext+0.25W,opp
761.0,-0.0972,0.394,0.823,-2.48,96.1,93.7,2,386,-0.1402,-2.63,375,-0.0529,-0.92,0.101,T1_asia0-8,0.0,0.25,15,ext+0.25W,1.5R
761.0,-0.234,0.246,0.692,-3.86,96.1,222.1,1,386,-0.2111,-2.46,375,-0.2575,-3.01,0.164,T1_asia0-8,0.0,0.25,15,fix0.5W,none
676.0,-0.1815,0.649,0.489,-7.51,85.4,124.0,0,337,-0.1789,-5.44,339,-0.184,-5.19,0.16,T1_asia0-8,0.0,0.25,15,fix0.5W,mid
761.0,-0.1328,0.413,0.778,-3.39,96.1,116.5,0,386,-0.1115,-2.06,375,-0.1548,-2.73,0.164,T1_asia0-8,0.0,0.25,15,fix0.5W,opp
761.0,-0.1326,0.371,0.793,-3.11,96.1,119.4,0,386,-0.1267,-2.12,375,-0.1386,-2.28,0.164,T1_asia0-8,0.0,0.25,15,fix0.5W,1.5R
761.0,-0.1436,0.365,0.725,-3.51,96.1,121.9,1,386,-0.128,-2.19,375,-0.1597,-2.78,0.082,T1_asia0-8,0.0,0.25,15,fix1W,none
676.0,-0.0853,0.784,0.557,-4.93,85.4,58.3,0,337,-0.065,-2.86,339,-0.1055,-4.04,0.08,T1_asia0-8,0.0,0.25,15,fix1W,mid
761.0,-0.0617,0.566,0.836,-2.29,96.1,52.9,1,386,-0.0622,-1.68,375,-0.0611,-1.56,0.082,T1_asia0-8,0.0,0.25,15,fix1W,opp
761.0,-0.1144,0.402,0.769,-3.22,96.1,100.0,2,386,-0.1127,-2.29,375,-0.1161,-2.26,0.082,T1_asia0-8,0.0,0.25,15,fix1W,1.5R
521.0,-0.2053,0.299,0.685,-3.46,65.8,133.8,1,266,-0.2244,-2.96,255,-0.1855,-2.01,0.116,T1_asia0-8,0.0,0.25,60,ext+0.1W,none
372.0,-0.1438,0.688,0.491,-4.97,47.2,53.6,0,174,-0.1422,-3.6,198,-0.1453,-3.46,0.126,T1_asia0-8,0.0,0.25,60,ext+0.1W,mid
521.0,-0.1169,0.511,0.758,-2.92,65.8,66.8,0,266,-0.1335,-2.55,255,-0.0996,-1.63,0.116,T1_asia0-8,0.0,0.25,60,ext+0.1W,opp
521.0,-0.1063,0.378,0.815,-2.18,65.8,66.6,1,266,-0.1531,-2.34,255,-0.0575,-0.8,0.116,T1_asia0-8,0.0,0.25,60,ext+0.1W,1.5R
521.0,-0.142,0.345,0.751,-2.61,65.8,98.8,2,266,-0.1771,-2.6,255,-0.1053,-1.23,0.095,T1_asia0-8,0.0,0.25,60,ext+0.25W,none
372.0,-0.0802,0.758,0.607,-3.23,47.2,29.9,1,174,-0.0531,-1.64,198,-0.104,-2.81,0.1,T1_asia0-8,0.0,0.25,60,ext+0.25W,mid
521.0,-0.0726,0.564,0.823,-2.03,65.8,42.5,0,266,-0.0845,-1.8,255,-0.0601,-1.11,0.095,T1_asia0-8,0.0,0.25,60,ext+0.25W,opp
521.0,-0.0894,0.393,0.829,-1.95,65.8,63.4,1,266,-0.1475,-2.43,255,-0.0288,-0.42,0.095,T1_asia0-8,0.0,0.25,60,ext+0.25W,1.5R
521.0,-0.2512,0.248,0.669,-3.52,65.8,159.0,1,266,-0.2609,-2.7,255,-0.241,-2.29,0.164,T1_asia0-8,0.0,0.25,60,fix0.5W,none
372.0,-0.1485,0.669,0.517,-4.87,47.2,55.4,0,174,-0.1592,-3.72,198,-0.1392,-3.21,0.157,T1_asia0-8,0.0,0.25,60,fix0.5W,mid
521.0,-0.1212,0.451,0.784,-2.69,65.8,69.3,0,266,-0.0982,-1.61,255,-0.1452,-2.17,0.164,T1_asia0-8,0.0,0.25,60,fix0.5W,opp
521.0,-0.0999,0.386,0.84,-1.92,65.8,65.6,0,266,-0.0927,-1.28,255,-0.1074,-1.44,0.164,T1_asia0-8,0.0,0.25,60,fix0.5W,1.5R
521.0,-0.1208,0.37,0.761,-2.47,65.8,80.0,2,266,-0.1192,-1.78,255,-0.1226,-1.7,0.082,T1_asia0-8,0.0,0.25,60,fix1W,none
372.0,-0.0641,0.79,0.6,-3.0,47.2,23.9,1,174,-0.0353,-1.29,198,-0.0894,-2.79,0.078,T1_asia0-8,0.0,0.25,60,fix1W,mid
521.0,-0.0535,0.599,0.845,-1.73,65.8,30.7,1,266,-0.0485,-1.17,255,-0.0588,-1.28,0.082,T1_asia0-8,0.0,0.25,60,fix1W,opp
521.0,-0.1011,0.401,0.79,-2.38,65.8,67.5,2,266,-0.095,-1.63,255,-0.1074,-1.73,0.082,T1_asia0-8,0.0,0.25,60,fix1W,1.5R
1178.0,-0.2372,0.213,0.709,-4.11,148.5,311.0,1,596,-0.2819,-3.95,582,-0.1915,-2.1,0.203,T1_asia0-8,0.1,0.0,1,ext+0.1W,none
1178.0,-0.2006,0.405,0.682,-6.32,148.5,241.2,0,596,-0.2123,-5.12,582,-0.1885,-3.91,0.203,T1_asia0-8,0.1,0.0,1,ext+0.1W,mid
1178.0,-0.167,0.286,0.776,-3.81,148.5,210.0,0,596,-0.2204,-3.95,582,-0.1122,-1.65,0.203,T1_asia0-8,0.1,0.0,1,ext+0.1W,opp
1178.0,-0.1901,0.352,0.72,-5.53,148.5,230.1,0,596,-0.1876,-3.89,582,-0.1927,-3.93,0.203,T1_asia0-8,0.1,0.0,1,ext+0.1W,1.5R
1178.0,-0.2097,0.271,0.71,-4.46,148.5,262.8,0,596,-0.2715,-4.47,582,-0.1465,-2.03,0.146,T1_asia0-8,0.1,0.0,1,ext+0.25W,none
1178.0,-0.1662,0.481,0.688,-6.2,148.5,198.5,0,596,-0.1839,-5.16,582,-0.1482,-3.69,0.146,T1_asia0-8,0.1,0.0,1,ext+0.25W,mid
1178.0,-0.1719,0.343,0.739,-4.82,148.5,210.5,0,596,-0.2291,-4.92,582,-0.1133,-2.1,0.146,T1_asia0-8,0.1,0.0,1,ext+0.25W,opp
1178.0,-0.179,0.358,0.722,-5.4,148.5,214.6,0,596,-0.2092,-4.55,582,-0.1481,-3.1,0.146,T1_asia0-8,0.1,0.0,1,ext+0.25W,1.5R
1178.0,-0.249,0.248,0.672,-5.2,148.5,316.7,0,596,-0.3301,-5.32,582,-0.1659,-2.27,0.159,T1_asia0-8,0.1,0.0,1,fix0.5W,none
1178.0,-0.2016,0.446,0.649,-7.38,148.5,238.8,0,596,-0.2348,-6.26,582,-0.1676,-4.21,0.159,T1_asia0-8,0.1,0.0,1,fix0.5W,mid
1178.0,-0.1935,0.317,0.721,-5.31,148.5,236.0,0,596,-0.2543,-5.13,582,-0.1312,-2.45,0.159,T1_asia0-8,0.1,0.0,1,fix0.5W,opp
1178.0,-0.2097,0.343,0.687,-6.27,148.5,254.1,0,596,-0.2494,-5.33,582,-0.169,-3.53,0.159,T1_asia0-8,0.1,0.0,1,fix0.5W,1.5R
1178.0,-0.1479,0.384,0.72,-4.5,148.5,179.8,1,596,-0.173,-3.68,582,-0.1222,-2.66,0.08,T1_asia0-8,0.1,0.0,1,fix1W,none
1178.0,-0.1051,0.61,0.703,-5.41,148.5,125.2,0,596,-0.1211,-4.44,582,-0.0887,-3.2,0.08,T1_asia0-8,0.1,0.0,1,fix1W,mid
1178.0,-0.1082,0.47,0.764,-4.3,148.5,131.9,0,596,-0.1437,-4.06,582,-0.0718,-2.01,0.08,T1_asia0-8,0.1,0.0,1,fix1W,opp
1178.0,-0.1156,0.42,0.767,-4.05,148.5,141.0,0,596,-0.1677,-4.19,582,-0.0622,-1.53,0.08,T1_asia0-8,0.1,0.0,1,fix1W,1.5R
1102.0,-0.233,0.221,0.707,-4.11,138.9,287.1,1,560,-0.2772,-3.92,542,-0.1873,-2.1,0.184,T1_asia0-8,0.1,0.0,5,ext+0.1W,none
1095.0,-0.1823,0.441,0.689,-5.88,138.0,207.6,0,555,-0.1913,-4.71,540,-0.1731,-3.68,0.185,T1_asia0-8,0.1,0.0,5,ext+0.1W,mid
1102.0,-0.1522,0.308,0.787,-3.52,138.9,186.4,0,560,-0.1992,-3.59,542,-0.1037,-1.56,0.184,T1_asia0-8,0.1,0.0,5,ext+0.1W,opp
1102.0,-0.1859,0.353,0.722,-5.28,138.9,211.5,0,560,-0.1842,-3.74,542,-0.1876,-3.73,0.184,T1_asia0-8,0.1,0.0,5,ext+0.1W,1.5R
1102.0,-0.2033,0.279,0.712,-4.32,138.9,237.3,0,560,-0.2684,-4.45,542,-0.1359,-1.88,0.134,T1_asia0-8,0.1,0.0,5,ext+0.25W,none
1095.0,-0.1463,0.512,0.704,-5.52,138.0,162.6,0,555,-0.1648,-4.68,540,-0.1273,-3.21,0.135,T1_asia0-8,0.1,0.0,5,ext+0.25W,mid
1102.0,-0.1524,0.362,0.758,-4.27,138.9,176.1,1,560,-0.2132,-4.58,542,-0.0896,-1.65,0.134,T1_asia0-8,0.1,0.0,5,ext+0.25W,opp
1102.0,-0.178,0.359,0.718,-5.26,138.9,199.9,0,560,-0.2183,-4.68,542,-0.1362,-2.78,0.134,T1_asia0-8,0.1,0.0,5,ext+0.25W,1.5R
1102.0,-0.2341,0.25,0.69,-4.69,138.9,281.4,1,560,-0.3336,-5.16,542,-0.1313,-1.72,0.159,T1_asia0-8,0.1,0.0,5,fix0.5W,none
1095.0,-0.1703,0.476,0.684,-6.17,138.0,190.0,0,555,-0.2144,-5.67,540,-0.1249,-3.11,0.159,T1_asia0-8,0.1,0.0,5,fix0.5W,mid
1102.0,-0.166,0.331,0.755,-4.42,138.9,194.0,0,560,-0.2442,-4.8,542,-0.0851,-1.54,0.159,T1_asia0-8,0.1,0.0,5,fix0.5W,opp
1102.0,-0.1832,0.351,0.722,-5.25,138.9,211.5,0,560,-0.2374,-4.89,542,-0.1271,-2.54,0.159,T1_asia0-8,0.1,0.0,5,fix0.5W,1.5R
1102.0,-0.1436,0.383,0.725,-4.25,138.9,164.9,0,560,-0.1723,-3.61,542,-0.114,-2.39,0.079,T1_asia0-8,0.1,0.0,5,fix1W,none
1095.0,-0.0911,0.629,0.726,-4.67,138.0,101.1,0,555,-0.1081,-3.97,540,-0.0736,-2.63,0.079,T1_asia0-8,0.1,0.0,5,fix1W,mid
1102.0,-0.0988,0.478,0.779,-3.85,138.9,115.4,0,560,-0.1325,-3.68,542,-0.064,-1.75,0.079,T1_asia0-8,0.1,0.0,5,fix1W,opp
1102.0,-0.112,0.419,0.772,-3.81,138.9,132.6,1,560,-0.1566,-3.79,542,-0.0659,-1.58,0.079,T1_asia0-8,0.1,0.0,5,fix1W,1.5R
1008.0,-0.1968,0.238,0.745,-3.38,127.0,234.5,1,507,-0.2565,-3.48,501,-0.1363,-1.51,0.172,T1_asia0-8,0.1,0.0,15,ext+0.1W,none
995.0,-0.1683,0.476,0.691,-5.47,125.4,172.3,0,498,-0.1816,-4.46,497,-0.1549,-3.35,0.174,T1_asia0-8,0.1,0.0,15,ext+0.1W,mid
1007.0,-0.1217,0.336,0.821,-2.77,126.9,145.8,1,506,-0.1788,-3.16,501,-0.0641,-0.95,0.172,T1_asia0-8,0.1,0.0,15,ext+0.1W,opp
1008.0,-0.183,0.352,0.722,-5.02,127.0,191.5,0,507,-0.1967,-3.84,501,-0.1692,-3.26,0.172,T1_asia0-8,0.1,0.0,15,ext+0.1W,1.5R
1008.0,-0.1723,0.296,0.746,-3.59,127.0,194.3,0,507,-0.2447,-3.93,501,-0.0991,-1.36,0.129,T1_asia0-8,0.1,0.0,15,ext+0.25W,none
995.0,-0.124,0.55,0.726,-4.69,125.4,125.8,0,498,-0.1435,-4.05,497,-0.1044,-2.66,0.13,T1_asia0-8,0.1,0.0,15,ext+0.25W,mid
1007.0,-0.124,0.389,0.793,-3.42,126.9,137.8,2,506,-0.1901,-3.98,501,-0.0572,-1.05,0.129,T1_asia0-8,0.1,0.0,15,ext+0.25W,opp
1008.0,-0.1362,0.375,0.776,-3.84,127.0,147.4,0,507,-0.1934,-3.94,501,-0.0784,-1.53,0.129,T1_asia0-8,0.1,0.0,15,ext+0.25W,1.5R
1008.0,-0.2292,0.249,0.696,-4.36,127.0,254.9,0,507,-0.2968,-4.24,501,-0.1608,-2.05,0.158,T1_asia0-8,0.1,0.0,15,fix0.5W,none
995.0,-0.167,0.494,0.677,-5.96,125.4,168.4,0,498,-0.1924,-4.97,497,-0.1415,-3.49,0.158,T1_asia0-8,0.1,0.0,15,fix0.5W,mid
1007.0,-0.1565,0.339,0.766,-4.02,126.9,171.8,1,506,-0.2109,-3.94,501,-0.1016,-1.79,0.158,T1_asia0-8,0.1,0.0,15,fix0.5W,opp
1008.0,-0.1912,0.348,0.71,-5.27,127.0,203.4,0,507,-0.2334,-4.57,501,-0.1485,-2.88,0.158,T1_asia0-8,0.1,0.0,15,fix0.5W,1.5R
1008.0,-0.1194,0.385,0.766,-3.33,127.0,128.5,1,507,-0.1381,-2.7,501,-0.1004,-2.0,0.079,T1_asia0-8,0.1,0.0,15,fix1W,none
995.0,-0.0834,0.645,0.733,-4.22,125.4,84.9,0,498,-0.0924,-3.34,497,-0.0745,-2.63,0.079,T1_asia0-8,0.1,0.0,15,fix1W,mid
1007.0,-0.0797,0.491,0.815,-3.01,126.9,90.8,1,506,-0.1088,-2.91,501,-0.0503,-1.34,0.079,T1_asia0-8,0.1,0.0,15,fix1W,opp
1008.0,-0.096,0.419,0.8,-3.13,127.0,109.5,1,507,-0.1372,-3.17,501,-0.0543,-1.25,0.079,T1_asia0-8,0.1,0.0,15,fix1W,1.5R
751.0,-0.1833,0.26,0.75,-2.95,94.7,171.4,1,372,-0.2391,-2.91,379,-0.1286,-1.38,0.153,T1_asia0-8,0.1,0.0,60,ext+0.1W,none
706.0,-0.147,0.524,0.698,-4.32,89.0,108.1,1,348,-0.1395,-3.03,358,-0.1544,-3.08,0.155,T1_asia0-8,0.1,0.0,60,ext+0.1W,mid
750.0,-0.1249,0.38,0.803,-2.68,94.5,115.1,1,371,-0.193,-3.15,379,-0.0582,-0.83,0.153,T1_asia0-8,0.1,0.0,60,ext+0.1W,opp
751.0,-0.1491,0.362,0.766,-3.52,94.7,123.4,1,372,-0.1609,-2.69,379,-0.1375,-2.29,0.153,T1_asia0-8,0.1,0.0,60,ext+0.1W,1.5R
751.0,-0.1447,0.314,0.774,-2.76,94.7,132.0,2,372,-0.22,-3.12,379,-0.0708,-0.91,0.117,T1_asia0-8,0.1,0.0,60,ext+0.25W,none
706.0,-0.1041,0.595,0.74,-3.57,89.0,79.7,0,348,-0.1052,-2.64,358,-0.103,-2.42,0.118,T1_asia0-8,0.1,0.0,60,ext+0.25W,mid
750.0,-0.1105,0.435,0.799,-2.84,94.5,97.7,2,371,-0.183,-3.48,379,-0.0396,-0.69,0.117,T1_asia0-8,0.1,0.0,60,ext+0.25W,opp
751.0,-0.1081,0.386,0.813,-2.66,94.7,97.6,2,372,-0.1826,-3.23,379,-0.0351,-0.6,0.117,T1_asia0-8,0.1,0.0,60,ext+0.25W,1.5R
751.0,-0.2284,0.25,0.696,-3.79,94.7,202.5,0,372,-0.2645,-3.12,379,-0.1929,-2.25,0.159,T1_asia0-8,0.1,0.0,60,fix0.5W,none
706.0,-0.1637,0.523,0.661,-5.18,89.0,118.8,0,348,-0.1651,-3.73,358,-0.1624,-3.6,0.156,T1_asia0-8,0.1,0.0,60,fix0.5W,mid
750.0,-0.1623,0.361,0.749,-3.76,94.5,134.7,1,371,-0.1991,-3.3,379,-0.1264,-2.05,0.159,T1_asia0-8,0.1,0.0,60,fix0.5W,opp
751.0,-0.1779,0.357,0.728,-4.22,94.7,145.6,1,372,-0.2087,-3.47,379,-0.1478,-2.49,0.159,T1_asia0-8,0.1,0.0,60,fix0.5W,1.5R
751.0,-0.1251,0.381,0.755,-3.08,94.7,106.5,0,372,-0.1468,-2.53,379,-0.1038,-1.82,0.079,T1_asia0-8,0.1,0.0,60,fix1W,none
706.0,-0.0945,0.661,0.684,-4.19,89.0,71.9,1,348,-0.076,-2.42,358,-0.1125,-3.47,0.078,T1_asia0-8,0.1,0.0,60,fix1W,mid
750.0,-0.0906,0.509,0.785,-3.05,94.5,76.2,1,371,-0.1236,-2.94,379,-0.0583,-1.39,0.079,T1_asia0-8,0.1,0.0,60,fix1W,opp
751.0,-0.0931,0.418,0.806,-2.6,94.7,83.5,2,372,-0.137,-2.74,379,-0.05,-0.98,0.079,T1_asia0-8,0.1,0.0,60,fix1W,1.5R
642.0,-0.1577,0.301,0.76,-2.73,81.3,120.6,1,327,-0.2148,-2.87,315,-0.0984,-1.11,0.125,T1_asia0-8,0.1,0.25,1,ext+0.1W,none
633.0,-0.1113,0.708,0.619,-4.78,80.1,71.3,0,321,-0.136,-4.36,312,-0.0858,-2.48,0.125,T1_asia0-8,0.1,0.25,1,ext+0.1W,mid
642.0,-0.0692,0.481,0.863,-1.79,81.3,55.0,2,327,-0.1448,-2.84,315,0.0093,0.16,0.125,T1_asia0-8,0.1,0.25,1,ext+0.1W,opp
642.0,-0.0967,0.386,0.833,-2.18,81.3,77.1,1,327,-0.1929,-3.22,315,0.0032,0.05,0.125,T1_asia0-8,0.1,0.25,1,ext+0.1W,1.5R
642.0,-0.1367,0.338,0.767,-2.69,81.3,100.7,1,327,-0.2262,-3.4,315,-0.0437,-0.57,0.1,T1_asia0-8,0.1,0.25,1,ext+0.25W,none
633.0,-0.0944,0.742,0.621,-4.48,80.1,60.5,0,321,-0.1187,-4.13,312,-0.0695,-2.25,0.1,T1_asia0-8,0.1,0.25,1,ext+0.25W,mid
642.0,-0.0657,0.519,0.853,-1.91,81.3,50.6,2,327,-0.1586,-3.44,315,0.0309,0.61,0.1,T1_asia0-8,0.1,0.25,1,ext+0.25W,opp
642.0,-0.0823,0.399,0.846,-1.94,81.3,64.9,2,327,-0.2015,-3.56,315,0.0414,0.66,0.1,T1_asia0-8,0.1,0.25,1,ext+0.25W,1.5R
642.0,-0.1949,0.246,0.743,-2.82,81.3,156.8,1,327,-0.2579,-2.79,315,-0.1296,-1.26,0.173,T1_asia0-8,0.1,0.25,1,fix0.5W,none
633.0,-0.1774,0.626,0.543,-6.64,80.1,112.9,0,321,-0.2114,-5.84,312,-0.1423,-3.62,0.172,T1_asia0-8,0.1,0.25,1,fix0.5W,mid
642.0,-0.0913,0.408,0.848,-2.03,81.3,72.9,2,327,-0.1584,-2.61,315,-0.0216,-0.33,0.173,T1_asia0-8,0.1,0.25,1,fix0.5W,opp
642.0,-0.0983,0.385,0.843,-2.1,81.3,82.1,2,327,-0.1696,-2.64,315,-0.0243,-0.36,0.173,T1_asia0-8,0.1,0.25,1,fix0.5W,1.5R
642.0,-0.1287,0.36,0.758,-2.79,81.3,90.7,1,327,-0.181,-2.81,315,-0.0743,-1.12,0.087,T1_asia0-8,0.1,0.25,1,fix1W,none
633.0,-0.0873,0.768,0.598,-4.54,80.1,55.9,0,321,-0.1083,-4.05,312,-0.0657,-2.38,0.086,T1_asia0-8,0.1,0.25,1,fix1W,mid
642.0,-0.0602,0.545,0.848,-1.96,81.3,46.1,2,327,-0.1206,-2.83,315,0.0026,0.06,0.087,T1_asia0-8,0.1,0.25,1,fix1W,opp
642.0,-0.0797,0.407,0.838,-2.0,81.3,63.2,1,327,-0.1529,-2.8,315,-0.0037,-0.06,0.087,T1_asia0-8,0.1,0.25,1,fix1W,1.5R
569.0,-0.1431,0.311,0.778,-2.34,72.0,99.5,1,294,-0.2051,-2.6,275,-0.0769,-0.82,0.118,T1_asia0-8,0.1,0.25,5,ext+0.1W,none
531.0,-0.0999,0.727,0.616,-4.19,67.2,53.5,0,269,-0.1326,-4.08,262,-0.0664,-1.9,0.12,T1_asia0-8,0.1,0.25,5,ext+0.1W,mid
568.0,-0.0603,0.505,0.873,-1.53,71.9,42.4,2,294,-0.1466,-2.83,274,0.0323,0.54,0.118,T1_asia0-8,0.1,0.25,5,ext+0.1W,opp
569.0,-0.1005,0.385,0.825,-2.15,72.0,72.2,1,294,-0.2002,-3.19,275,0.0061,0.09,0.118,T1_asia0-8,0.1,0.25,5,ext+0.1W,1.5R
569.0,-0.1238,0.346,0.785,-2.3,72.0,83.2,1,294,-0.2116,-3.0,275,-0.0298,-0.36,0.096,T1_asia0-8,0.1,0.25,5,ext+0.25W,none
531.0,-0.0805,0.761,0.631,-3.75,67.2,43.2,0,269,-0.1148,-3.83,262,-0.0454,-1.48,0.098,T1_asia0-8,0.1,0.25,5,ext+0.25W,mid
568.0,-0.0559,0.54,0.867,-1.59,71.9,37.8,3,294,-0.1518,-3.22,274,0.0469,0.91,0.096,T1_asia0-8,0.1,0.25,5,ext+0.25W,opp
569.0,-0.0925,0.397,0.827,-2.08,72.0,62.4,1,294,-0.2079,-3.53,275,0.0309,0.47,0.096,T1_asia0-8,0.1,0.25,5,ext+0.25W,1.5R
569.0,-0.1877,0.246,0.753,-2.54,72.0,132.6,0,294,-0.2415,-2.41,275,-0.1302,-1.19,0.174,T1_asia0-8,0.1,0.25,5,fix0.5W,none
531.0,-0.1585,0.652,0.551,-5.69,67.2,85.2,0,269,-0.193,-5.1,262,-0.123,-3.01,0.171,T1_asia0-8,0.1,0.25,5,fix0.5W,mid
568.0,-0.0914,0.419,0.844,-1.96,71.9,64.4,2,294,-0.149,-2.37,274,-0.0297,-0.43,0.173,T1_asia0-8,0.1,0.25,5,fix0.5W,opp
569.0,-0.1074,0.378,0.829,-2.16,72.0,75.2,1,294,-0.2009,-2.98,275,-0.0073,-0.1,0.174,T1_asia0-8,0.1,0.25,5,fix0.5W,1.5R
569.0,-0.1133,0.366,0.785,-2.27,72.0,73.6,1,294,-0.1666,-2.4,275,-0.0564,-0.79,0.087,T1_asia0-8,0.1,0.25,5,fix1W,none
531.0,-0.0781,0.78,0.598,-3.94,67.2,41.9,0,269,-0.1016,-3.64,262,-0.0539,-1.92,0.085,T1_asia0-8,0.1,0.25,5,fix1W,mid
568.0,-0.0498,0.563,0.868,-1.57,71.9,32.7,2,294,-0.1148,-2.61,274,0.02,0.44,0.087,T1_asia0-8,0.1,0.25,5,fix1W,opp
569.0,-0.0769,0.409,0.843,-1.81,72.0,52.7,1,294,-0.146,-2.53,275,-0.0029,-0.05,0.087,T1_asia0-8,0.1,0.25,5,fix1W,1.5R
490.0,-0.1604,0.32,0.749,-2.52,62.0,100.4,2,252,-0.2452,-3.0,238,-0.0707,-0.72,0.118,T1_asia0-8,0.1,0.25,15,ext+0.1W,none
425.0,-0.0912,0.751,0.615,-3.59,53.8,41.4,2,217,-0.1264,-3.64,208,-0.0544,-1.47,0.119,T1_asia0-8,0.1,0.25,15,ext+0.1W,mid
488.0,-0.0616,0.533,0.865,-1.51,61.8,42.5,2,251,-0.1491,-2.73,237,0.031,0.51,0.118,T1_asia0-8,0.1,0.25,15,ext+0.1W,opp
490.0,-0.0866,0.398,0.848,-1.72,62.0,61.0,2,252,-0.2197,-3.27,238,0.0543,0.72,0.118,T1_asia0-8,0.1,0.25,15,ext+0.1W,1.5R
490.0,-0.1234,0.359,0.782,-2.17,62.0,79.6,2,252,-0.2357,-3.21,238,-0.0045,-0.05,0.096,T1_asia0-8,0.1,0.25,15,ext+0.25W,none
425.0,-0.0644,0.788,0.662,-2.86,53.8,30.9,1,217,-0.0982,-3.12,208,-0.0292,-0.91,0.098,T1_asia0-8,0.1,0.25,15,ext+0.25W,mid
488.0,-0.0453,0.572,0.886,-1.24,61.8,31.7,3,251,-0.1432,-2.88,237,0.0584,1.1,0.096,T1_asia0-8,0.1,0.25,15,ext+0.25W,opp
490.0,-0.057,0.414,0.89,-1.17,62.0,44.7,2,252,-0.2025,-3.17,238,0.097,1.34,0.096,T1_asia0-8,0.1,0.25,15,ext+0.25W,1.5R
490.0,-0.1951,0.251,0.743,-2.49,62.0,128.2,2,252,-0.2696,-2.62,238,-0.1162,-0.98,0.175,T1_asia0-8,0.1,0.25,15,fix0.5W,none
425.0,-0.1443,0.68,0.549,-4.89,53.8,62.7,0,217,-0.1741,-4.31,208,-0.1132,-2.62,0.172,T1_asia0-8,0.1,0.25,15,fix0.5W,mid
488.0,-0.0779,0.445,0.862,-1.59,61.8,54.2,2,251,-0.1081,-1.61,237,-0.0458,-0.64,0.175,T1_asia0-8,0.1,0.25,15,fix0.5W,opp
490.0,-0.0782,0.394,0.874,-1.45,62.0,60.3,2,252,-0.1395,-1.88,238,-0.0132,-0.17,0.175,T1_asia0-8,0.1,0.25,15,fix0.5W,1.5R
490.0,-0.1115,0.378,0.787,-2.1,62.0,65.1,2,252,-0.2017,-2.85,238,-0.0161,-0.2,0.088,T1_asia0-8,0.1,0.25,15,fix1W,none
425.0,-0.0629,0.805,0.629,-3.03,53.8,28.7,0,217,-0.0825,-2.84,208,-0.0426,-1.43,0.086,T1_asia0-8,0.1,0.25,15,fix1W,mid
488.0,-0.0338,0.594,0.905,-1.02,61.8,22.5,3,251,-0.1068,-2.3,237,0.0435,0.92,0.087,T1_asia0-8,0.1,0.25,15,fix1W,opp
490.0,-0.071,0.42,0.855,-1.55,62.0,47.1,2,252,-0.1647,-2.66,238,0.0281,0.41,0.088,T1_asia0-8,0.1,0.25,15,fix1W,1.5R
317.0,-0.1393,0.319,0.77,-1.83,40.2,68.2,3,163,-0.2151,-2.21,154,-0.059,-0.5,0.107,T1_asia0-8,0.1,0.25,60,ext+0.1W,none
214.0,-0.0754,0.752,0.631,-2.28,27.2,19.7,3,108,-0.1108,-2.43,106,-0.0393,-0.82,0.114,T1_asia0-8,0.1,0.25,60,ext+0.1W,mid
315.0,-0.0933,0.562,0.78,-2.01,40.0,35.2,1,161,-0.162,-2.6,154,-0.0216,-0.31,0.108,T1_asia0-8,0.1,0.25,60,ext+0.1W,opp
317.0,-0.0954,0.382,0.825,-1.58,40.2,43.3,3,163,-0.2079,-2.62,154,0.0235,0.26,0.107,T1_asia0-8,0.1,0.25,60,ext+0.1W,1.5R
317.0,-0.0966,0.356,0.818,-1.41,40.2,49.3,3,163,-0.1804,-2.03,154,-0.0078,-0.07,0.09,T1_asia0-8,0.1,0.25,60,ext+0.25W,none
214.0,-0.0227,0.808,0.836,-0.83,27.2,10.3,4,108,-0.0418,-1.12,106,-0.0033,-0.08,0.092,T1_asia0-8,0.1,0.25,60,ext+0.25W,mid
315.0,-0.0623,0.603,0.83,-1.48,40.0,25.1,1,161,-0.1283,-2.24,154,0.0068,0.11,0.091,T1_asia0-8,0.1,0.25,60,ext+0.25W,opp
317.0,-0.0616,0.401,0.875,-1.06,40.2,36.1,3,163,-0.1565,-2.06,154,0.0388,0.44,0.09,T1_asia0-8,0.1,0.25,60,ext+0.25W,1.5R
317.0,-0.2161,0.237,0.719,-2.18,40.2,90.1,4,163,-0.2811,-2.14,154,-0.1473,-0.98,0.174,T1_asia0-8,0.1,0.25,60,fix0.5W,none
214.0,-0.0997,0.706,0.621,-2.61,27.2,22.5,1,108,-0.14,-2.65,106,-0.0587,-1.06,0.165,T1_asia0-8,0.1,0.25,60,fix0.5W,mid
315.0,-0.1053,0.47,0.805,-1.85,40.0,42.3,1,161,-0.1208,-1.55,154,-0.089,-1.07,0.174,T1_asia0-8,0.1,0.25,60,fix0.5W,opp
317.0,-0.0926,0.391,0.851,-1.39,40.2,44.6,0,163,-0.1461,-1.6,154,-0.0361,-0.37,0.174,T1_asia0-8,0.1,0.25,60,fix0.5W,1.5R
317.0,-0.1083,0.366,0.786,-1.71,40.2,53.0,3,163,-0.1837,-2.19,154,-0.0285,-0.3,0.087,T1_asia0-8,0.1,0.25,60,fix1W,none
214.0,-0.0303,0.813,0.76,-1.19,27.2,11.8,4,108,-0.0468,-1.32,106,-0.0135,-0.37,0.082,T1_asia0-8,0.1,0.25,60,fix1W,mid
315.0,-0.0407,0.622,0.877,-1.04,40.0,19.0,3,161,-0.0985,-1.81,154,0.0196,0.35,0.087,T1_asia0-8,0.1,0.25,60,fix1W,opp
317.0,-0.0606,0.407,0.872,-1.08,40.2,32.7,2,163,-0.1332,-1.77,154,0.0163,0.19,0.087,T1_asia0-8,0.1,0.25,60,fix1W,1.5R
799.0,-0.2084,0.253,0.721,-3.51,100.7,169.8,0,433,-0.2547,-3.27,366,-0.1537,-1.69,0.161,T1_asia0-8,0.2,0.0,1,ext+0.1W,none
799.0,-0.1662,0.476,0.694,-4.97,100.7,133.5,0,433,-0.1826,-4.26,366,-0.1469,-2.8,0.161,T1_asia0-8,0.2,0.0,1,ext+0.1W,mid
799.0,-0.1741,0.334,0.741,-3.89,100.7,142.6,0,433,-0.2073,-3.66,366,-0.1348,-1.89,0.161,T1_asia0-8,0.2,0.0,1,ext+0.1W,opp
799.0,-0.1667,0.36,0.743,-4.08,100.7,133.4,0,433,-0.1802,-3.26,366,-0.1508,-2.48,0.161,T1_asia0-8,0.2,0.0,1,ext+0.1W,1.5R
799.0,-0.195,0.303,0.709,-3.85,100.7,156.5,0,433,-0.2694,-4.11,366,-0.107,-1.36,0.124,T1_asia0-8,0.2,0.0,1,ext+0.25W,none
799.0,-0.1471,0.534,0.688,-5.0,100.7,118.6,0,433,-0.1841,-4.84,366,-0.1033,-2.26,0.124,T1_asia0-8,0.2,0.0,1,ext+0.25W,mid
799.0,-0.1587,0.385,0.735,-4.1,100.7,129.8,0,433,-0.2194,-4.47,366,-0.0868,-1.42,0.124,T1_asia0-8,0.2,0.0,1,ext+0.25W,opp
799.0,-0.1608,0.373,0.736,-4.11,100.7,129.8,0,433,-0.2052,-3.93,366,-0.1083,-1.84,0.124,T1_asia0-8,0.2,0.0,1,ext+0.25W,1.5R
799.0,-0.2833,0.233,0.635,-4.89,100.7,227.6,0,433,-0.3692,-4.93,366,-0.1817,-2.02,0.171,T1_asia0-8,0.2,0.0,1,fix0.5W,none
799.0,-0.2171,0.441,0.627,-6.57,100.7,174.2,0,433,-0.2615,-5.98,366,-0.1646,-3.28,0.171,T1_asia0-8,0.2,0.0,1,fix0.5W,mid
799.0,-0.2203,0.304,0.689,-5.0,100.7,176.0,0,433,-0.2747,-4.74,366,-0.1559,-2.31,0.171,T1_asia0-8,0.2,0.0,1,fix0.5W,opp
799.0,-0.2288,0.334,0.664,-5.64,100.7,185.0,0,433,-0.2697,-4.95,366,-0.1803,-2.98,0.171,T1_asia0-8,0.2,0.0,1,fix0.5W,1.5R
799.0,-0.1701,0.373,0.69,-4.21,100.7,135.9,1,433,-0.2146,-3.89,366,-0.1174,-1.98,0.085,T1_asia0-8,0.2,0.0,1,fix1W,none
799.0,-0.1191,0.611,0.674,-5.0,100.7,95.9,0,433,-0.1394,-4.34,366,-0.0951,-2.67,0.085,T1_asia0-8,0.2,0.0,1,fix1W,mid
799.0,-0.1218,0.467,0.743,-3.95,100.7,98.1,0,433,-0.1496,-3.59,366,-0.0889,-1.94,0.085,T1_asia0-8,0.2,0.0,1,fix1W,opp
799.0,-0.1235,0.411,0.761,-3.46,100.7,102.7,0,433,-0.1881,-3.95,366,-0.0471,-0.88,0.085,T1_asia0-8,0.2,0.0,1,fix1W,1.5R
736.0,-0.2045,0.258,0.721,-3.38,92.8,157.1,1,396,-0.2517,-3.16,340,-0.1496,-1.62,0.152,T1_asia0-8,0.2,0.0,5,ext+0.1W,none
729.0,-0.1608,0.503,0.686,-4.83,91.9,119.3,0,391,-0.1724,-4.02,338,-0.1474,-2.84,0.153,T1_asia0-8,0.2,0.0,5,ext+0.1W,mid
736.0,-0.1652,0.353,0.746,-3.67,92.8,130.8,0,396,-0.1995,-3.51,340,-0.1254,-1.75,0.152,T1_asia0-8,0.2,0.0,5,ext+0.1W,opp
736.0,-0.1862,0.355,0.712,-4.44,92.8,139.4,0,396,-0.198,-3.5,340,-0.1725,-2.77,0.152,T1_asia0-8,0.2,0.0,5,ext+0.1W,1.5R
736.0,-0.1993,0.304,0.699,-3.88,92.8,151.9,0,396,-0.2788,-4.22,340,-0.1067,-1.33,0.117,T1_asia0-8,0.2,0.0,5,ext+0.25W,none
729.0,-0.1435,0.556,0.68,-4.86,91.9,105.4,0,391,-0.1788,-4.65,338,-0.1026,-2.25,0.118,T1_asia0-8,0.2,0.0,5,ext+0.25W,mid
736.0,-0.1555,0.398,0.733,-3.96,92.8,123.1,0,396,-0.2214,-4.46,340,-0.0786,-1.27,0.117,T1_asia0-8,0.2,0.0,5,ext+0.25W,opp
736.0,-0.1842,0.365,0.698,-4.6,92.8,139.6,0,396,-0.2441,-4.63,340,-0.1144,-1.88,0.117,T1_asia0-8,0.2,0.0,5,ext+0.25W,1.5R
736.0,-0.278,0.232,0.643,-4.57,92.8,209.2,0,396,-0.3797,-4.8,340,-0.1596,-1.7,0.169,T1_asia0-8,0.2,0.0,5,fix0.5W,none
729.0,-0.201,0.465,0.639,-5.96,91.9,147.3,0,391,-0.2551,-5.7,338,-0.1384,-2.72,0.168,T1_asia0-8,0.2,0.0,5,fix0.5W,mid
736.0,-0.2013,0.321,0.709,-4.43,92.8,153.9,0,396,-0.2637,-4.42,340,-0.1286,-1.85,0.169,T1_asia0-8,0.2,0.0,5,fix0.5W,opp
736.0,-0.219,0.338,0.677,-5.16,92.8,165.3,0,396,-0.2657,-4.65,340,-0.1647,-2.61,0.169,T1_asia0-8,0.2,0.0,5,fix0.5W,1.5R
736.0,-0.1762,0.37,0.678,-4.24,92.8,129.7,1,396,-0.2295,-4.08,340,-0.114,-1.85,0.084,T1_asia0-8,0.2,0.0,5,fix1W,none
729.0,-0.1111,0.627,0.68,-4.59,91.9,81.7,0,391,-0.1349,-4.11,338,-0.0837,-2.33,0.084,T1_asia0-8,0.2,0.0,5,fix1W,mid
736.0,-0.1198,0.474,0.742,-3.78,92.8,88.9,0,396,-0.1519,-3.54,340,-0.0825,-1.76,0.084,T1_asia0-8,0.2,0.0,5,fix1W,opp
736.0,-0.1269,0.409,0.754,-3.43,92.8,97.9,0,396,-0.1949,-3.94,340,-0.0478,-0.86,0.084,T1_asia0-8,0.2,0.0,5,fix1W,1.5R
658.0,-0.1906,0.271,0.734,-3.02,82.9,130.0,1,353,-0.2511,-3.02,305,-0.1206,-1.25,0.142,T1_asia0-8,0.2,0.0,15,ext+0.1W,none
647.0,-0.1498,0.533,0.686,-4.45,81.5,97.8,0,345,-0.1657,-3.78,302,-0.1316,-2.53,0.142,T1_asia0-8,0.2,0.0,15,ext+0.1W,mid
657.0,-0.1513,0.376,0.758,-3.27,82.8,107.1,1,352,-0.1894,-3.22,305,-0.1074,-1.47,0.142,T1_asia0-8,0.2,0.0,15,ext+0.1W,opp
658.0,-0.1993,0.35,0.689,-4.58,82.9,132.6,1,353,-0.2204,-3.76,305,-0.1748,-2.7,0.142,T1_asia0-8,0.2,0.0,15,ext+0.1W,1.5R
658.0,-0.1854,0.318,0.712,-3.48,82.9,126.4,0,353,-0.2641,-3.83,305,-0.0943,-1.14,0.113,T1_asia0-8,0.2,0.0,15,ext+0.25W,none
647.0,-0.1328,0.584,0.682,-4.42,81.5,91.2,0,345,-0.1607,-4.08,302,-0.1008,-2.19,0.113,T1_asia0-8,0.2,0.0,15,ext+0.25W,mid
657.0,-0.1451,0.42,0.741,-3.59,82.8,102.9,0,352,-0.2014,-3.91,305,-0.0801,-1.26,0.113,T1_asia0-8,0.2,0.0,15,ext+0.25W,opp
658.0,-0.1709,0.371,0.715,-4.05,82.9,117.7,0,353,-0.2266,-4.06,305,-0.1065,-1.66,0.113,T1_asia0-8,0.2,0.0,15,ext+0.25W,1.5R
658.0,-0.2837,0.233,0.636,-4.47,82.9,190.9,0,353,-0.3888,-4.83,305,-0.162,-1.62,0.17,T1_asia0-8,0.2,0.0,15,fix0.5W,none
647.0,-0.1905,0.488,0.64,-5.51,81.5,123.8,0,345,-0.2428,-5.24,302,-0.1308,-2.53,0.168,T1_asia0-8,0.2,0.0,15,fix0.5W,mid
657.0,-0.1922,0.33,0.719,-4.02,82.8,133.1,0,352,-0.255,-4.05,305,-0.1198,-1.64,0.17,T1_asia0-8,0.2,0.0,15,fix0.5W,opp
658.0,-0.243,0.33,0.646,-5.48,82.9,161.1,0,353,-0.2943,-4.92,305,-0.1835,-2.78,0.17,T1_asia0-8,0.2,0.0,15,fix0.5W,1.5R
658.0,-0.1489,0.371,0.722,-3.36,82.9,98.0,1,353,-0.1952,-3.24,305,-0.0954,-1.45,0.085,T1_asia0-8,0.2,0.0,15,fix1W,none
647.0,-0.1015,0.645,0.688,-4.1,81.5,66.2,0,345,-0.1186,-3.51,302,-0.0819,-2.24,0.084,T1_asia0-8,0.2,0.0,15,fix1W,mid
657.0,-0.0979,0.486,0.78,-2.97,82.8,65.3,1,352,-0.1218,-2.71,305,-0.0704,-1.45,0.085,T1_asia0-8,0.2,0.0,15,fix1W,opp
658.0,-0.1086,0.406,0.785,-2.77,82.9,76.6,1,353,-0.1729,-3.29,305,-0.0342,-0.58,0.085,T1_asia0-8,0.2,0.0,15,fix1W,1.5R
439.0,-0.185,0.278,0.73,-2.56,55.3,84.4,2,227,-0.1825,-1.75,212,-0.1877,-1.88,0.13,T1_asia0-8,0.2,0.0,60,ext+0.1W,none
407.0,-0.1387,0.57,0.68,-3.48,51.3,57.2,1,210,-0.1037,-1.98,197,-0.176,-2.92,0.134,T1_asia0-8,0.2,0.0,60,ext+0.1W,mid
438.0,-0.1675,0.406,0.716,-3.2,55.2,75.9,1,226,-0.1778,-2.57,212,-0.1566,-1.98,0.13,T1_asia0-8,0.2,0.0,60,ext+0.1W,opp
439.0,-0.1746,0.353,0.719,-3.29,55.3,81.1,1,227,-0.1532,-2.07,212,-0.1976,-2.58,0.13,T1_asia0-8,0.2,0.0,60,ext+0.1W,1.5R
439.0,-0.1707,0.321,0.721,-2.77,55.3,78.0,0,227,-0.2129,-2.46,212,-0.1255,-1.43,0.103,T1_asia0-8,0.2,0.0,60,ext+0.25W,none
407.0,-0.1184,0.622,0.683,-3.34,51.3,53.4,0,210,-0.0994,-2.12,197,-0.1386,-2.6,0.106,T1_asia0-8,0.2,0.0,60,ext+0.25W,mid
438.0,-0.1465,0.452,0.719,-3.19,55.2,68.6,1,226,-0.1831,-2.99,212,-0.1075,-1.56,0.104,T1_asia0-8,0.2,0.0,60,ext+0.25W,opp
439.0,-0.1328,0.376,0.766,-2.59,55.3,69.1,1,227,-0.1961,-2.84,212,-0.065,-0.85,0.103,T1_asia0-8,0.2,0.0,60,ext+0.25W,1.5R
439.0,-0.3335,0.221,0.574,-4.6,55.3,150.3,0,227,-0.3486,-3.25,212,-0.3174,-3.27,0.171,T1_asia0-8,0.2,0.0,60,fix0.5W,none
407.0,-0.1986,0.511,0.603,-4.8,51.3,81.6,0,210,-0.19,-3.37,197,-0.2076,-3.41,0.166,T1_asia0-8,0.2,0.0,60,fix0.5W,mid
438.0,-0.2217,0.345,0.668,-4.03,55.2,101.1,1,226,-0.2335,-3.06,212,-0.2092,-2.63,0.171,T1_asia0-8,0.2,0.0,60,fix0.5W,opp
439.0,-0.2479,0.333,0.637,-4.6,55.3,113.0,0,227,-0.2599,-3.44,212,-0.2351,-3.04,0.171,T1_asia0-8,0.2,0.0,60,fix0.5W,1.5R
439.0,-0.159,0.355,0.706,-2.96,55.3,70.4,0,227,-0.1746,-2.29,212,-0.1423,-1.88,0.085,T1_asia0-8,0.2,0.0,60,fix1W,none
407.0,-0.1144,0.663,0.636,-3.77,51.3,47.7,1,210,-0.081,-2.0,197,-0.1501,-3.31,0.083,T1_asia0-8,0.2,0.0,60,fix1W,mid
438.0,-0.1255,0.495,0.718,-3.19,55.2,55.4,1,226,-0.1314,-2.41,212,-0.1191,-2.1,0.086,T1_asia0-8,0.2,0.0,60,fix1W,opp
439.0,-0.0961,0.401,0.811,-1.96,55.3,50.4,1,227,-0.1563,-2.37,212,-0.0317,-0.44,0.085,T1_asia0-8,0.2,0.0,60,fix1W,1.5R
412.0,-0.1763,0.303,0.719,-2.71,52.2,75.0,2,216,-0.2063,-2.28,196,-0.1431,-1.53,0.113,T1_asia0-8,0.2,0.25,1,ext+0.1W,none
403.0,-0.1128,0.732,0.573,-4.16,51.1,46.5,0,210,-0.1305,-3.63,193,-0.0936,-2.29,0.113,T1_asia0-8,0.2,0.25,1,ext+0.1W,mid
412.0,-0.0877,0.507,0.814,-1.99,52.2,43.4,1,216,-0.1231,-2.11,196,-0.0486,-0.73,0.113,T1_asia0-8,0.2,0.25,1,ext+0.1W,opp
412.0,-0.1338,0.369,0.768,-2.5,52.2,61.7,0,216,-0.2184,-3.06,196,-0.0407,-0.51,0.113,T1_asia0-8,0.2,0.25,1,ext+0.1W,1.5R
412.0,-0.1437,0.342,0.745,-2.44,52.2,60.6,1,216,-0.2252,-2.82,196,-0.0539,-0.62,0.094,T1_asia0-8,0.2,0.25,1,ext+0.25W,none
403.0,-0.0993,0.759,0.572,-3.96,51.1,41.4,0,210,-0.1155,-3.46,193,-0.0816,-2.17,0.094,T1_asia0-8,0.2,0.25,1,ext+0.25W,mid
412.0,-0.0666,0.549,0.84,-1.66,52.2,34.6,2,216,-0.1286,-2.4,196,0.0018,0.03,0.094,T1_asia0-8,0.2,0.25,1,ext+0.25W,opp
412.0,-0.1009,0.388,0.809,-1.95,52.2,53.7,2,216,-0.2203,-3.27,196,0.0306,0.39,0.094,T1_asia0-8,0.2,0.25,1,ext+0.25W,1.5R
412.0,-0.2667,0.218,0.661,-3.19,52.2,117.1,0,216,-0.34,-2.96,196,-0.1859,-1.53,0.182,T1_asia0-8,0.2,0.25,1,fix0.5W,none
403.0,-0.2036,0.615,0.491,-6.1,51.1,82.4,0,210,-0.2432,-5.46,193,-0.1605,-3.21,0.181,T1_asia0-8,0.2,0.25,1,fix0.5W,mid
412.0,-0.137,0.391,0.78,-2.47,52.2,64.8,1,216,-0.1969,-2.67,196,-0.0709,-0.85,0.182,T1_asia0-8,0.2,0.25,1,fix0.5W,opp
412.0,-0.1468,0.364,0.774,-2.53,52.2,70.0,0,216,-0.2074,-2.64,196,-0.08,-0.93,0.182,T1_asia0-8,0.2,0.25,1,fix0.5W,1.5R
412.0,-0.1545,0.342,0.722,-2.66,52.2,65.9,1,216,-0.2253,-2.78,196,-0.0766,-0.92,0.091,T1_asia0-8,0.2,0.25,1,fix1W,none
403.0,-0.0962,0.769,0.563,-3.98,51.1,39.9,0,210,-0.1185,-3.59,193,-0.072,-2.02,0.091,T1_asia0-8,0.2,0.25,1,fix1W,mid
412.0,-0.0638,0.553,0.841,-1.65,52.2,33.4,2,216,-0.1101,-2.09,196,-0.0127,-0.23,0.091,T1_asia0-8,0.2,0.25,1,fix1W,opp
412.0,-0.0976,0.391,0.812,-1.92,52.2,52.6,3,216,-0.1995,-2.96,196,0.0147,0.19,0.091,T1_asia0-8,0.2,0.25,1,fix1W,1.5R
352.0,-0.1586,0.312,0.742,-2.27,44.7,58.8,3,190,-0.1938,-1.98,162,-0.1173,-1.18,0.106,T1_asia0-8,0.2,0.25,5,ext+0.1W,none
318.0,-0.0896,0.745,0.618,-3.09,40.4,32.1,0,166,-0.1318,-3.31,152,-0.0435,-1.03,0.105,T1_asia0-8,0.2,0.25,5,ext+0.1W,mid
351.0,-0.0703,0.533,0.84,-1.53,44.6,28.3,2,190,-0.1312,-2.18,161,0.0016,0.02,0.106,T1_asia0-8,0.2,0.25,5,ext+0.1W,opp
352.0,-0.1413,0.364,0.754,-2.46,44.7,57.9,1,190,-0.2394,-3.18,162,-0.0262,-0.3,0.106,T1_asia0-8,0.2,0.25,5,ext+0.1W,1.5R
352.0,-0.1262,0.349,0.771,-1.98,44.7,46.5,1,190,-0.2106,-2.44,162,-0.0272,-0.29,0.09,T1_asia0-8,0.2,0.25,5,ext+0.25W,none
318.0,-0.0715,0.777,0.639,-2.71,40.4,27.1,1,166,-0.1087,-2.97,152,-0.0309,-0.82,0.09,T1_asia0-8,0.2,0.25,5,ext+0.25W,mid
351.0,-0.0491,0.573,0.873,-1.17,44.6,23.5,2,190,-0.1286,-2.32,161,0.0447,0.71,0.09,T1_asia0-8,0.2,0.25,5,ext+0.25W,opp
352.0,-0.087,0.389,0.833,-1.55,44.7,41.5,2,190,-0.2377,-3.36,162,0.0899,1.03,0.09,T1_asia0-8,0.2,0.25,5,ext+0.25W,1.5R
352.0,-0.2644,0.216,0.667,-2.91,44.7,98.9,1,190,-0.3166,-2.49,162,-0.2033,-1.57,0.182,T1_asia0-8,0.2,0.25,5,fix0.5W,none
318.0,-0.172,0.638,0.529,-4.73,40.4,55.6,0,166,-0.2289,-4.65,152,-0.1098,-2.05,0.176,T1_asia0-8,0.2,0.25,5,fix0.5W,mid
351.0,-0.1339,0.402,0.78,-2.27,44.6,52.6,2,190,-0.1885,-2.43,161,-0.0694,-0.77,0.182,T1_asia0-8,0.2,0.25,5,fix0.5W,opp
352.0,-0.1732,0.349,0.738,-2.77,44.7,66.3,1,190,-0.2946,-3.62,162,-0.0307,-0.32,0.182,T1_asia0-8,0.2,0.25,5,fix0.5W,1.5R
352.0,-0.1352,0.349,0.753,-2.11,44.7,51.2,1,190,-0.2238,-2.53,162,-0.0314,-0.34,0.091,T1_asia0-8,0.2,0.25,5,fix1W,none
318.0,-0.0817,0.777,0.588,-3.15,40.4,27.7,0,166,-0.1143,-3.14,152,-0.0462,-1.25,0.088,T1_asia0-8,0.2,0.25,5,fix1W,mid
351.0,-0.0457,0.575,0.879,-1.12,44.6,25.1,2,190,-0.1151,-2.09,161,0.0363,0.61,0.091,T1_asia0-8,0.2,0.25,5,fix1W,opp
352.0,-0.0736,0.401,0.855,-1.32,44.7,36.9,2,190,-0.1908,-2.63,162,0.0639,0.75,0.091,T1_asia0-8,0.2,0.25,5,fix1W,1.5R
297.0,-0.1921,0.327,0.684,-2.65,37.7,60.1,2,160,-0.2523,-2.53,137,-0.1219,-1.16,0.105,T1_asia0-8,0.2,0.25,15,ext+0.1W,none
244.0,-0.0653,0.783,0.675,-2.11,31.0,21.3,1,129,-0.1168,-2.72,115,-0.0076,-0.17,0.106,T1_asia0-8,0.2,0.25,15,ext+0.1W,mid
295.0,-0.0637,0.563,0.848,-1.32,37.5,25.8,3,159,-0.1266,-1.98,136,0.0099,0.14,0.105,T1_asia0-8,0.2,0.25,15,ext+0.1W,opp
297.0,-0.1191,0.384,0.788,-1.89,37.7,49.3,3,160,-0.2681,-3.33,137,0.0549,0.57,0.105,T1_asia0-8,0.2,0.25,15,ext+0.1W,1.5R
297.0,-0.1406,0.367,0.739,-2.11,37.7,44.4,2,160,-0.2533,-2.88,137,-0.009,-0.09,0.09,T1_asia0-8,0.2,0.25,15,ext+0.25W,none
244.0,-0.0444,0.816,0.727,-1.61,31.0,16.1,1,129,-0.0914,-2.35,115,0.0083,0.22,0.089,T1_asia0-8,0.2,0.25,15,ext+0.25W,mid
295.0,-0.0324,0.607,0.91,-0.74,37.5,17.3,4,159,-0.1133,-1.93,136,0.0622,0.95,0.09,T1_asia0-8,0.2,0.25,15,ext+0.25W,opp
297.0,-0.0636,0.407,0.874,-1.04,37.7,34.7,3,160,-0.243,-3.18,137,0.1459,1.54,0.09,T1_asia0-8,0.2,0.25,15,ext+0.25W,1.5R
297.0,-0.2963,0.222,0.624,-3.2,37.7,97.0,1,160,-0.3487,-2.73,137,-0.235,-1.74,0.186,T1_asia0-8,0.2,0.25,15,fix0.5W,none
244.0,-0.1436,0.68,0.555,-3.65,31.0,36.2,0,129,-0.192,-3.6,115,-0.0893,-1.54,0.177,T1_asia0-8,0.2,0.25,15,fix0.5W,mid
295.0,-0.108,0.431,0.814,-1.72,37.5,42.1,2,159,-0.1261,-1.5,136,-0.087,-0.92,0.185,T1_asia0-8,0.2,0.25,15,fix0.5W,opp
297.0,-0.1415,0.364,0.782,-2.06,37.7,53.5,0,160,-0.2336,-2.57,137,-0.034,-0.33,0.186,T1_asia0-8,0.2,0.25,15,fix0.5W,1.5R
297.0,-0.1354,0.37,0.747,-1.99,37.7,42.9,1,160,-0.2597,-2.92,137,0.0097,0.09,0.093,T1_asia0-8,0.2,0.25,15,fix1W,none
244.0,-0.0487,0.82,0.693,-1.81,31.0,14.8,2,129,-0.088,-2.3,115,-0.0047,-0.12,0.089,T1_asia0-8,0.2,0.25,15,fix1W,mid
295.0,-0.0162,0.617,0.953,-0.38,37.5,18.5,4,159,-0.0906,-1.56,136,0.0707,1.13,0.092,T1_asia0-8,0.2,0.25,15,fix1W,opp
297.0,-0.0645,0.421,0.871,-1.07,37.7,34.8,4,160,-0.2103,-2.73,137,0.1057,1.13,0.093,T1_asia0-8,0.2,0.25,15,fix1W,1.5R
178.0,-0.2191,0.303,0.625,-2.49,22.6,41.1,1,98,-0.2734,-2.28,80,-0.1526,-1.17,0.099,T1_asia0-8,0.2,0.25,60,ext+0.1W,none
114.0,-0.0687,0.772,0.631,-1.6,14.5,10.2,5,63,-0.122,-2.06,51,-0.0027,-0.04,0.104,T1_asia0-8,0.2,0.25,60,ext+0.1W,mid
176.0,-0.1062,0.585,0.731,-1.86,22.3,20.4,1,96,-0.1701,-2.27,80,-0.0296,-0.34,0.1,T1_asia0-8,0.2,0.25,60,ext+0.1W,opp
178.0,-0.1554,0.343,0.716,-2.02,22.6,34.0,1,98,-0.272,-2.83,80,-0.0126,-0.1,0.099,T1_asia0-8,0.2,0.25,60,ext+0.1W,1.5R
178.0,-0.1554,0.343,0.692,-1.94,22.6,27.9,1,98,-0.2491,-2.37,80,-0.0405,-0.33,0.088,T1_asia0-8,0.2,0.25,60,ext+0.25W,none
114.0,-0.0065,0.833,0.943,-0.19,14.5,3.4,4,63,-0.0488,-1.02,51,0.0457,0.97,0.088,T1_asia0-8,0.2,0.25,60,ext+0.25W,mid
176.0,-0.0456,0.636,0.859,-0.88,22.3,9.0,1,96,-0.1202,-1.74,80,0.0439,0.56,0.088,T1_asia0-8,0.2,0.25,60,ext+0.25W,opp
178.0,-0.0858,0.376,0.819,-1.16,22.6,23.2,2,98,-0.2465,-2.76,80,0.1112,0.93,0.088,T1_asia0-8,0.2,0.25,60,ext+0.25W,1.5R
178.0,-0.4128,0.185,0.49,-3.62,22.6,74.2,1,98,-0.4602,-2.88,80,-0.3547,-2.2,0.184,T1_asia0-8,0.2,0.25,60,fix0.5W,none
114.0,-0.0903,0.719,0.65,-1.72,14.5,14.1,3,63,-0.1502,-2.14,51,-0.0162,-0.21,0.176,T1_asia0-8,0.2,0.25,60,fix0.5W,mid
176.0,-0.1409,0.455,0.745,-1.87,22.3,28.0,1,96,-0.1655,-1.66,80,-0.1114,-0.97,0.184,T1_asia0-8,0.2,0.25,60,fix0.5W,opp
178.0,-0.1654,0.36,0.745,-1.9,22.6,33.9,0,98,-0.2664,-2.35,80,-0.0418,-0.31,0.184,T1_asia0-8,0.2,0.25,60,fix0.5W,1.5R
178.0,-0.2023,0.331,0.615,-2.62,22.6,36.8,1,98,-0.281,-2.72,80,-0.1059,-0.91,0.092,T1_asia0-8,0.2,0.25,60,fix1W,none
114.0,-0.0138,0.833,0.877,-0.41,14.5,4.3,4,63,-0.0532,-1.12,51,0.0348,0.76,0.088,T1_asia0-8,0.2,0.25,60,fix1W,mid
176.0,-0.0369,0.636,0.886,-0.72,22.3,9.3,3,96,-0.1066,-1.53,80,0.0467,0.61,0.092,T1_asia0-8,0.2,0.25,60,fix1W,opp
178.0,-0.0899,0.382,0.815,-1.2,22.6,20.3,1,98,-0.2276,-2.46,80,0.0787,0.65,0.092,T1_asia0-8,0.2,0.25,60,fix1W,1.5R
523.0,-0.2775,0.264,0.611,-4.46,66.1,148.1,0,294,-0.341,-4.35,229,-0.1959,-1.96,0.143,T1_asia0-8,0.3,0.0,1,ext+0.1W,none
522.0,-0.2104,0.498,0.59,-5.74,65.9,109.8,0,294,-0.2705,-5.81,228,-0.1328,-2.28,0.144,T1_asia0-8,0.3,0.0,1,ext+0.1W,mid
523.0,-0.1838,0.367,0.705,-3.78,66.1,96.3,1,294,-0.2449,-4.0,229,-0.1054,-1.34,0.143,T1_asia0-8,0.3,0.0,1,ext+0.1W,opp
523.0,-0.1922,0.352,0.701,-3.92,66.1,101.0,1,294,-0.2589,-4.05,229,-0.1066,-1.4,0.143,T1_asia0-8,0.3,0.0,1,ext+0.1W,1.5R
523.0,-0.2453,0.31,0.622,-4.39,66.1,130.4,0,294,-0.298,-4.15,229,-0.1775,-2.02,0.116,T1_asia0-8,0.3,0.0,1,ext+0.25W,none
522.0,-0.186,0.546,0.59,-5.59,65.9,98.1,0,294,-0.2336,-5.46,228,-0.1245,-2.38,0.116,T1_asia0-8,0.3,0.0,1,ext+0.25W,mid
523.0,-0.164,0.415,0.707,-3.77,66.1,88.0,1,294,-0.2195,-3.97,229,-0.0928,-1.34,0.116,T1_asia0-8,0.3,0.0,1,ext+0.25W,opp
523.0,-0.1705,0.377,0.714,-3.63,66.1,89.6,1,294,-0.2204,-3.57,229,-0.1066,-1.47,0.116,T1_asia0-8,0.3,0.0,1,ext+0.25W,1.5R
523.0,-0.402,0.201,0.504,-5.9,66.1,216.7,0,294,-0.4843,-5.79,229,-0.2963,-2.64,0.185,T1_asia0-8,0.3,0.0,1,fix0.5W,none
522.0,-0.2888,0.408,0.532,-7.2,65.9,150.8,0,294,-0.3693,-7.18,228,-0.1851,-2.94,0.185,T1_asia0-8,0.3,0.0,1,fix0.5W,mid
523.0,-0.2533,0.293,0.65,-4.7,66.1,132.5,0,294,-0.3261,-4.71,229,-0.1598,-1.88,0.185,T1_asia0-8,0.3,0.0,1,fix0.5W,opp
523.0,-0.2733,0.314,0.612,-5.51,66.1,142.9,0,294,-0.3363,-5.17,229,-0.1924,-2.52,0.185,T1_asia0-8,0.3,0.0,1,fix0.5W,1.5R
523.0,-0.2013,0.35,0.65,-3.91,66.1,106.7,1,294,-0.2717,-3.96,229,-0.1108,-1.43,0.093,T1_asia0-8,0.3,0.0,1,fix1W,none
522.0,-0.1438,0.598,0.62,-4.88,65.9,75.8,0,294,-0.1926,-4.91,228,-0.0808,-1.82,0.092,T1_asia0-8,0.3,0.0,1,fix1W,mid
523.0,-0.1346,0.461,0.722,-3.51,66.1,72.2,1,294,-0.185,-3.6,229,-0.0701,-1.22,0.093,T1_asia0-8,0.3,0.0,1,fix1W,opp
523.0,-0.1645,0.39,0.696,-3.75,66.1,87.4,1,294,-0.254,-4.39,229,-0.0496,-0.74,0.093,T1_asia0-8,0.3,0.0,1,fix1W,1.5R
469.0,-0.2723,0.267,0.612,-4.2,59.2,131.6,0,261,-0.3343,-4.14,208,-0.1946,-1.85,0.135,T1_asia0-8,0.3,0.0,5,ext+0.1W,none
460.0,-0.1972,0.526,0.593,-5.23,58.1,91.4,0,255,-0.2448,-5.04,205,-0.1379,-2.34,0.136,T1_asia0-8,0.3,0.0,5,ext+0.1W,mid
469.0,-0.1714,0.394,0.713,-3.45,59.2,84.7,1,261,-0.2192,-3.48,208,-0.1113,-1.4,0.135,T1_asia0-8,0.3,0.0,5,ext+0.1W,opp
469.0,-0.1988,0.354,0.688,-3.89,59.2,96.9,1,261,-0.2628,-3.94,208,-0.1184,-1.5,0.135,T1_asia0-8,0.3,0.0,5,ext+0.1W,1.5R
469.0,-0.264,0.305,0.59,-4.67,59.2,126.5,0,261,-0.3229,-4.54,208,-0.1901,-2.09,0.11,T1_asia0-8,0.3,0.0,5,ext+0.25W,none
460.0,-0.1849,0.563,0.575,-5.38,58.1,85.6,0,255,-0.2239,-5.01,205,-0.1363,-2.56,0.112,T1_asia0-8,0.3,0.0,5,ext+0.25W,mid
469.0,-0.1625,0.433,0.7,-3.65,59.2,80.7,1,261,-0.2147,-3.77,208,-0.097,-1.38,0.11,T1_asia0-8,0.3,0.0,5,ext+0.25W,opp
469.0,-0.1974,0.371,0.669,-4.08,59.2,95.6,1,261,-0.2558,-4.07,208,-0.124,-1.65,0.11,T1_asia0-8,0.3,0.0,5,ext+0.25W,1.5R
469.0,-0.4086,0.196,0.499,-5.66,59.2,192.5,0,261,-0.5264,-6.11,208,-0.2607,-2.15,0.185,T1_asia0-8,0.3,0.0,5,fix0.5W,none
460.0,-0.2814,0.428,0.529,-6.74,58.1,129.5,0,255,-0.371,-6.86,205,-0.17,-2.64,0.183,T1_asia0-8,0.3,0.0,5,fix0.5W,mid
469.0,-0.2366,0.316,0.664,-4.23,59.2,116.5,1,261,-0.3232,-4.51,208,-0.128,-1.46,0.185,T1_asia0-8,0.3,0.0,5,fix0.5W,opp
469.0,-0.2647,0.32,0.623,-5.03,59.2,124.6,0,261,-0.3412,-4.94,208,-0.1688,-2.09,0.185,T1_asia0-8,0.3,0.0,5,fix0.5W,1.5R
469.0,-0.2122,0.345,0.629,-3.98,59.2,101.7,1,261,-0.289,-4.13,208,-0.1157,-1.42,0.092,T1_asia0-8,0.3,0.0,5,fix1W,none
460.0,-0.1314,0.62,0.632,-4.31,58.1,61.9,0,255,-0.1741,-4.27,205,-0.0782,-1.71,0.092,T1_asia0-8,0.3,0.0,5,fix1W,mid
469.0,-0.1263,0.48,0.731,-3.18,59.2,65.1,1,261,-0.1746,-3.26,208,-0.0657,-1.11,0.092,T1_asia0-8,0.3,0.0,5,fix1W,opp
469.0,-0.1681,0.39,0.687,-3.66,59.2,85.3,1,261,-0.2531,-4.17,208,-0.0614,-0.88,0.092,T1_asia0-8,0.3,0.0,5,fix1W,1.5R
404.0,-0.2514,0.277,0.634,-3.62,51.0,109.1,1,230,-0.323,-3.79,174,-0.1567,-1.36,0.13,T1_asia0-8,0.3,0.0,15,ext+0.1W,none
392.0,-0.1837,0.556,0.591,-4.72,49.5,73.1,1,222,-0.2361,-4.69,170,-0.1153,-1.89,0.134,T1_asia0-8,0.3,0.0,15,ext+0.1W,mid
402.0,-0.1527,0.415,0.735,-2.91,50.8,68.3,1,228,-0.2092,-3.15,174,-0.0786,-0.93,0.131,T1_asia0-8,0.3,0.0,15,ext+0.1W,opp
404.0,-0.2134,0.344,0.66,-3.97,51.0,88.2,1,230,-0.2783,-3.99,174,-0.1276,-1.52,0.13,T1_asia0-8,0.3,0.0,15,ext+0.1W,1.5R
404.0,-0.2397,0.319,0.617,-3.96,51.0,103.0,1,230,-0.2953,-3.93,174,-0.1661,-1.68,0.107,T1_asia0-8,0.3,0.0,15,ext+0.25W,none
392.0,-0.167,0.594,0.584,-4.69,49.5,66.7,0,222,-0.2,-4.32,170,-0.1239,-2.23,0.108,T1_asia0-8,0.3,0.0,15,ext+0.25W,mid
402.0,-0.1496,0.453,0.714,-3.19,50.8,67.1,1,228,-0.1908,-3.17,174,-0.0956,-1.28,0.107,T1_asia0-8,0.3,0.0,15,ext+0.25W,opp
404.0,-0.1874,0.369,0.681,-3.6,51.0,80.1,1,230,-0.2451,-3.67,174,-0.1111,-1.35,0.107,T1_asia0-8,0.3,0.0,15,ext+0.25W,1.5R
404.0,-0.3939,0.196,0.52,-5.03,51.0,170.0,0,230,-0.4893,-5.38,174,-0.2677,-1.96,0.188,T1_asia0-8,0.3,0.0,15,fix0.5W,none
392.0,-0.2602,0.457,0.539,-5.94,49.5,102.0,0,222,-0.3436,-6.04,170,-0.1513,-2.23,0.187,T1_asia0-8,0.3,0.0,15,fix0.5W,mid
402.0,-0.2165,0.323,0.689,-3.59,50.8,90.5,2,228,-0.287,-3.7,174,-0.124,-1.3,0.188,T1_asia0-8,0.3,0.0,15,fix0.5W,opp
404.0,-0.2935,0.307,0.588,-5.25,51.0,120.5,0,230,-0.3587,-4.92,174,-0.2072,-2.39,0.188,T1_asia0-8,0.3,0.0,15,fix0.5W,1.5R
404.0,-0.1956,0.344,0.658,-3.35,51.0,82.9,1,230,-0.2505,-3.3,174,-0.1231,-1.35,0.094,T1_asia0-8,0.3,0.0,15,fix1W,none
392.0,-0.1284,0.633,0.622,-4.02,49.5,51.5,1,222,-0.1522,-3.6,170,-0.0973,-1.99,0.094,T1_asia0-8,0.3,0.0,15,fix1W,mid
402.0,-0.1089,0.49,0.763,-2.55,50.8,51.1,1,228,-0.1398,-2.46,174,-0.0683,-1.06,0.094,T1_asia0-8,0.3,0.0,15,fix1W,opp
404.0,-0.165,0.384,0.696,-3.3,51.0,71.1,1,230,-0.2392,-3.7,174,-0.0668,-0.85,0.094,T1_asia0-8,0.3,0.0,15,fix1W,1.5R
254.0,-0.2932,0.256,0.57,-3.62,32.1,77.1,1,139,-0.3221,-2.93,115,-0.2582,-2.14,0.123,T1_asia0-8,0.3,0.0,60,ext+0.1W,none
230.0,-0.2186,0.561,0.505,-4.54,29.2,50.6,1,128,-0.2304,-3.7,102,-0.2037,-2.69,0.128,T1_asia0-8,0.3,0.0,60,ext+0.1W,mid
253.0,-0.2023,0.427,0.641,-3.3,32.0,53.9,1,138,-0.225,-2.74,115,-0.175,-1.9,0.123,T1_asia0-8,0.3,0.0,60,ext+0.1W,opp
254.0,-0.2397,0.327,0.619,-3.6,32.1,64.5,1,139,-0.2831,-3.22,115,-0.1871,-1.84,0.123,T1_asia0-8,0.3,0.0,60,ext+0.1W,1.5R
254.0,-0.284,0.287,0.547,-3.98,32.1,75.1,1,139,-0.3172,-3.32,115,-0.2439,-2.26,0.1,T1_asia0-8,0.3,0.0,60,ext+0.25W,none
230.0,-0.1905,0.6,0.513,-4.29,29.2,46.7,1,128,-0.1919,-3.32,102,-0.1888,-2.71,0.103,T1_asia0-8,0.3,0.0,60,ext+0.25W,mid
253.0,-0.1932,0.458,0.625,-3.48,32.0,53.5,1,138,-0.2125,-2.84,115,-0.1702,-2.05,0.1,T1_asia0-8,0.3,0.0,60,ext+0.25W,opp
254.0,-0.2174,0.343,0.63,-3.39,32.1,61.1,2,139,-0.2649,-3.14,115,-0.1601,-1.62,0.1,T1_asia0-8,0.3,0.0,60,ext+0.25W,1.5R
254.0,-0.5349,0.161,0.366,-6.59,32.1,139.1,0,139,-0.5367,-4.59,115,-0.5329,-4.81,0.19,T1_asia0-8,0.3,0.0,60,fix0.5W,none
230.0,-0.3182,0.448,0.44,-5.91,29.2,73.7,0,128,-0.3761,-5.34,102,-0.2456,-2.95,0.183,T1_asia0-8,0.3,0.0,60,fix0.5W,mid
253.0,-0.2918,0.316,0.586,-4.11,32.0,76.6,2,138,-0.3205,-3.3,115,-0.2574,-2.46,0.191,T1_asia0-8,0.3,0.0,60,fix0.5W,opp
254.0,-0.3504,0.287,0.523,-5.09,32.1,91.9,1,139,-0.4039,-4.36,115,-0.2856,-2.77,0.19,T1_asia0-8,0.3,0.0,60,fix0.5W,1.5R
254.0,-0.2418,0.307,0.597,-3.3,32.1,63.9,1,139,-0.2768,-2.85,115,-0.1994,-1.78,0.095,T1_asia0-8,0.3,0.0,60,fix1W,none
230.0,-0.1699,0.626,0.517,-4.14,29.2,41.0,1,128,-0.1442,-2.7,102,-0.2021,-3.16,0.091,T1_asia0-8,0.3,0.0,60,fix1W,mid
253.0,-0.1683,0.482,0.649,-3.21,32.0,44.0,1,138,-0.1719,-2.37,115,-0.1641,-2.15,0.095,T1_asia0-8,0.3,0.0,60,fix1W,opp
254.0,-0.1762,0.366,0.687,-2.73,32.1,47.9,1,139,-0.2426,-2.86,115,-0.0959,-0.97,0.095,T1_asia0-8,0.3,0.0,60,fix1W,1.5R
255.0,-0.2319,0.29,0.622,-3.06,32.4,64.0,1,139,-0.2362,-2.24,116,-0.2267,-2.08,0.107,T1_asia0-8,0.3,0.25,1,ext+0.1W,none
243.0,-0.117,0.745,0.523,-3.55,30.9,29.5,1,131,-0.1667,-3.71,112,-0.0588,-1.23,0.108,T1_asia0-8,0.3,0.25,1,ext+0.1W,mid
255.0,-0.0755,0.545,0.822,-1.46,32.4,31.1,2,139,-0.1265,-1.87,116,-0.0144,-0.18,0.107,T1_asia0-8,0.3,0.25,1,ext+0.1W,opp
255.0,-0.1913,0.349,0.667,-2.97,32.4,53.1,1,139,-0.2777,-3.3,116,-0.0879,-0.88,0.107,T1_asia0-8,0.3,0.25,1,ext+0.1W,1.5R
255.0,-0.2044,0.322,0.636,-2.95,32.4,58.0,2,139,-0.243,-2.56,116,-0.1582,-1.56,0.092,T1_asia0-8,0.3,0.25,1,ext+0.25W,none
243.0,-0.1103,0.761,0.503,-3.57,30.9,28.5,0,131,-0.1351,-3.26,112,-0.0812,-1.75,0.093,T1_asia0-8,0.3,0.25,1,ext+0.25W,mid
255.0,-0.0588,0.58,0.845,-1.23,32.4,28.6,3,139,-0.1239,-1.96,116,0.0192,0.27,0.092,T1_asia0-8,0.3,0.25,1,ext+0.25W,opp
255.0,-0.1807,0.361,0.665,-2.92,32.4,56.1,2,139,-0.2661,-3.33,116,-0.0784,-0.82,0.092,T1_asia0-8,0.3,0.25,1,ext+0.25W,1.5R
255.0,-0.4088,0.173,0.513,-3.96,32.4,110.5,1,139,-0.4656,-3.38,116,-0.3408,-2.18,0.2,T1_asia0-8,0.3,0.25,1,fix0.5W,none
243.0,-0.2524,0.584,0.415,-5.84,30.9,61.3,0,131,-0.3491,-6.12,112,-0.1392,-2.16,0.199,T1_asia0-8,0.3,0.25,1,fix0.5W,mid
255.0,-0.1468,0.392,0.764,-2.1,32.4,46.7,2,139,-0.2221,-2.44,116,-0.0566,-0.52,0.2,T1_asia0-8,0.3,0.25,1,fix0.5W,opp
255.0,-0.2207,0.337,0.677,-3.04,32.4,61.3,1,139,-0.3013,-3.15,116,-0.124,-1.12,0.2,T1_asia0-8,0.3,0.25,1,fix0.5W,1.5R
255.0,-0.2096,0.306,0.647,-2.74,32.4,61.3,2,139,-0.2588,-2.47,116,-0.1506,-1.35,0.1,T1_asia0-8,0.3,0.25,1,fix1W,none
243.0,-0.1137,0.757,0.505,-3.61,30.9,29.3,0,131,-0.1339,-3.16,112,-0.0901,-1.91,0.099,T1_asia0-8,0.3,0.25,1,fix1W,mid
255.0,-0.0584,0.569,0.853,-1.19,32.4,29.0,3,139,-0.0982,-1.49,116,-0.0107,-0.15,0.1,T1_asia0-8,0.3,0.25,1,fix1W,opp
255.0,-0.164,0.365,0.702,-2.56,32.4,52.9,3,139,-0.2433,-2.91,116,-0.069,-0.7,0.1,T1_asia0-8,0.3,0.25,1,fix1W,1.5R
215.0,-0.2036,0.307,0.661,-2.46,27.4,50.5,2,120,-0.2222,-1.92,95,-0.18,-1.54,0.101,T1_asia0-8,0.3,0.25,5,ext+0.1W,none
183.0,-0.1058,0.749,0.529,-2.91,23.3,22.0,3,98,-0.1838,-3.54,85,-0.0159,-0.33,0.101,T1_asia0-8,0.3,0.25,5,ext+0.1W,mid
214.0,-0.0431,0.589,0.888,-0.8,27.3,21.6,3,120,-0.1245,-1.77,94,0.0608,0.74,0.101,T1_asia0-8,0.3,0.25,5,ext+0.1W,opp
215.0,-0.1966,0.349,0.657,-2.82,27.4,49.7,1,120,-0.2997,-3.36,95,-0.0665,-0.61,0.101,T1_asia0-8,0.3,0.25,5,ext+0.1W,1.5R
215.0,-0.1878,0.33,0.662,-2.47,27.4,48.6,2,120,-0.2274,-2.18,95,-0.1379,-1.25,0.089,T1_asia0-8,0.3,0.25,5,ext+0.25W,none
183.0,-0.0917,0.77,0.533,-2.72,23.3,19.9,2,98,-0.1391,-2.93,85,-0.037,-0.78,0.086,T1_asia0-8,0.3,0.25,5,ext+0.25W,mid
214.0,-0.0372,0.617,0.893,-0.75,27.3,21.4,4,120,-0.1157,-1.76,94,0.0631,0.84,0.088,T1_asia0-8,0.3,0.25,5,ext+0.25W,opp
215.0,-0.1637,0.367,0.695,-2.41,27.4,48.3,2,120,-0.2798,-3.29,95,-0.0171,-0.16,0.089,T1_asia0-8,0.3,0.25,5,ext+0.25W,1.5R
215.0,-0.3853,0.181,0.543,-3.41,27.4,93.9,1,120,-0.4282,-2.73,95,-0.3312,-2.03,0.204,T1_asia0-8,0.3,0.25,5,fix0.5W,none
183.0,-0.2268,0.607,0.434,-4.68,23.3,42.4,2,98,-0.3327,-5.11,85,-0.1047,-1.49,0.197,T1_asia0-8,0.3,0.25,5,fix0.5W,mid
214.0,-0.1299,0.421,0.783,-1.74,27.3,43.8,3,120,-0.2182,-2.28,94,-0.0173,-0.15,0.203,T1_asia0-8,0.3,0.25,5,fix0.5W,opp
215.0,-0.2395,0.33,0.654,-3.04,27.4,62.5,2,120,-0.4016,-4.08,95,-0.0347,-0.28,0.204,T1_asia0-8,0.3,0.25,5,fix0.5W,1.5R
215.0,-0.1826,0.316,0.691,-2.13,27.4,49.6,3,120,-0.2489,-2.12,95,-0.0988,-0.79,0.102,T1_asia0-8,0.3,0.25,5,fix1W,none
183.0,-0.1041,0.76,0.51,-2.98,23.3,21.0,3,98,-0.1398,-2.86,85,-0.0631,-1.27,0.098,T1_asia0-8,0.3,0.25,5,fix1W,mid
214.0,-0.0309,0.607,0.916,-0.6,27.3,21.0,4,120,-0.0925,-1.32,94,0.0476,0.62,0.101,T1_asia0-8,0.3,0.25,5,fix1W,opp
215.0,-0.1406,0.377,0.742,-1.99,27.4,42.4,3,120,-0.2296,-2.49,95,-0.0282,-0.26,0.102,T1_asia0-8,0.3,0.25,5,fix1W,1.5R
172.0,-0.2637,0.308,0.561,-3.11,22.0,48.7,0,97,-0.3394,-3.03,75,-0.1657,-1.28,0.102,T1_asia0-8,0.3,0.25,15,ext+0.1W,none
130.0,-0.0777,0.8,0.592,-1.92,16.6,12.5,4,73,-0.1707,-2.93,57,0.0413,0.82,0.102,T1_asia0-8,0.3,0.25,15,ext+0.1W,mid
169.0,-0.0311,0.621,0.914,-0.53,21.6,16.6,3,95,-0.126,-1.64,74,0.0907,1.01,0.102,T1_asia0-8,0.3,0.25,15,ext+0.1W,opp
172.0,-0.1612,0.372,0.711,-2.04,22.0,36.4,3,97,-0.3295,-3.41,75,0.0565,0.44,0.102,T1_asia0-8,0.3,0.25,15,ext+0.1W,1.5R
172.0,-0.2273,0.337,0.585,-2.89,22.0,42.3,0,97,-0.3226,-3.18,75,-0.1042,-0.85,0.09,T1_asia0-8,0.3,0.25,15,ext+0.25W,none
130.0,-0.052,0.831,0.659,-1.44,16.6,9.9,4,73,-0.1074,-2.1,57,0.019,0.39,0.088,T1_asia0-8,0.3,0.25,15,ext+0.25W,mid
169.0,-0.0133,0.657,0.958,-0.25,21.6,15.8,4,95,-0.1048,-1.46,74,0.1041,1.29,0.09,T1_asia0-8,0.3,0.25,15,ext+0.25W,opp
172.0,-0.15,0.378,0.713,-1.97,22.0,36.1,3,97,-0.3068,-3.35,75,0.0529,0.43,0.09,T1_asia0-8,0.3,0.25,15,ext+0.25W,1.5R
172.0,-0.4742,0.174,0.438,-4.37,22.0,90.4,0,97,-0.5002,-3.4,75,-0.4406,-2.74,0.212,T1_asia0-8,0.3,0.25,15,fix0.5W,none
130.0,-0.1944,0.662,0.457,-3.53,16.6,25.9,1,73,-0.2916,-3.95,57,-0.0698,-0.87,0.199,T1_asia0-8,0.3,0.25,15,fix0.5W,mid
169.0,-0.1248,0.438,0.786,-1.52,21.6,39.7,3,95,-0.1324,-1.23,74,-0.115,-0.91,0.211,T1_asia0-8,0.3,0.25,15,fix0.5W,opp
172.0,-0.2309,0.337,0.665,-2.61,22.0,52.5,1,97,-0.3254,-2.85,75,-0.1086,-0.78,0.212,T1_asia0-8,0.3,0.25,15,fix0.5W,1.5R
172.0,-0.2128,0.326,0.636,-2.34,22.0,39.2,0,97,-0.3487,-3.11,75,-0.0371,-0.25,0.106,T1_asia0-8,0.3,0.25,15,fix1W,none
130.0,-0.0617,0.823,0.629,-1.64,16.6,9.9,4,73,-0.0958,-1.86,57,-0.0181,-0.33,0.099,T1_asia0-8,0.3,0.25,15,fix1W,mid
169.0,-0.0001,0.651,1.0,-0.0,21.6,16.1,5,95,-0.0711,-0.94,74,0.0911,1.08,0.105,T1_asia0-8,0.3,0.25,15,fix1W,opp
172.0,-0.1404,0.39,0.741,-1.78,22.0,32.3,4,97,-0.2632,-2.66,75,0.0183,0.14,0.106,T1_asia0-8,0.3,0.25,15,fix1W,1.5R
96.0,-0.2974,0.292,0.479,-3.02,12.3,31.2,0,52,-0.4105,-3.6,44,-0.1637,-0.98,0.098,T1_asia0-8,0.3,0.25,60,ext+0.1W,none
54.0,-0.0696,0.778,0.596,-1.16,7.0,6.0,5,31,-0.1075,-1.29,23,-0.0186,-0.22,0.091,T1_asia0-8,0.3,0.25,60,ext+0.1W,mid
94.0,-0.0657,0.649,0.804,-0.91,12.0,11.3,2,50,-0.1643,-1.7,44,0.0463,0.44,0.098,T1_asia0-8,0.3,0.25,60,ext+0.1W,opp
96.0,-0.1981,0.323,0.637,-1.97,12.3,26.3,2,52,-0.3234,-2.62,44,-0.0499,-0.31,0.098,T1_asia0-8,0.3,0.25,60,ext+0.1W,1.5R
96.0,-0.2551,0.312,0.503,-2.77,12.3,27.0,0,52,-0.3504,-3.33,44,-0.1425,-0.91,0.089,T1_asia0-8,0.3,0.25,60,ext+0.25W,none
54.0,-0.0246,0.815,0.791,-0.49,7.0,4.2,5,31,-0.0168,-0.27,23,-0.0351,-0.42,0.078,T1_asia0-8,0.3,0.25,60,ext+0.25W,mid
94.0,-0.0373,0.681,0.872,-0.56,12.0,11.0,3,50,-0.1033,-1.14,44,0.0378,0.39,0.089,T1_asia0-8,0.3,0.25,60,ext+0.25W,opp
96.0,-0.1894,0.333,0.621,-2.02,12.3,26.0,1,52,-0.3208,-2.95,44,-0.0341,-0.22,0.089,T1_asia0-8,0.3,0.25,60,ext+0.25W,1.5R
96.0,-0.6327,0.156,0.25,-6.4,12.3,63.1,0,52,-0.6645,-4.88,44,-0.5952,-4.09,0.212,T1_asia0-8,0.3,0.25,60,fix0.5W,none
54.0,-0.1323,0.685,0.55,-1.65,7.0,10.2,3,31,-0.2013,-1.85,23,-0.0394,-0.34,0.193,T1_asia0-8,0.3,0.25,60,fix0.5W,mid
94.0,-0.1525,0.457,0.725,-1.49,12.0,20.8,2,50,-0.2058,-1.5,44,-0.0919,-0.6,0.212,T1_asia0-8,0.3,0.25,60,fix0.5W,opp
96.0,-0.2582,0.323,0.629,-2.21,12.3,30.2,2,52,-0.4476,-3.08,44,-0.0343,-0.19,0.212,T1_asia0-8,0.3,0.25,60,fix0.5W,1.5R
96.0,-0.3178,0.281,0.447,-3.15,12.3,33.7,0,52,-0.3897,-3.42,44,-0.2327,-1.33,0.106,T1_asia0-8,0.3,0.25,60,fix1W,none
54.0,-0.0204,0.815,0.828,-0.41,7.0,4.3,5,31,-0.0144,-0.23,23,-0.0285,-0.34,0.096,T1_asia0-8,0.3,0.25,60,fix1W,mid
94.0,-0.0303,0.66,0.904,-0.43,12.0,10.5,3,50,-0.0663,-0.7,44,0.0106,0.1,0.106,T1_asia0-8,0.3,0.25,60,fix1W,opp
96.0,-0.1447,0.354,0.721,-1.41,12.3,20.7,4,52,-0.2625,-2.13,44,-0.0054,-0.03,0.106,T1_asia0-8,0.3,0.25,60,fix1W,1.5R
215.0,-0.1998,0.288,0.694,-2.1,27.2,53.7,3,129,-0.2162,-1.81,86,-0.1752,-1.1,0.111,T1_asia0-8,0.5,0.0,1,ext+0.1W,none
214.0,-0.1478,0.593,0.637,-2.97,27.0,33.1,1,129,-0.1515,-2.43,85,-0.1423,-1.73,0.111,T1_asia0-8,0.5,0.0,1,ext+0.1W,mid
215.0,-0.1482,0.433,0.722,-2.27,27.2,39.7,2,129,-0.1161,-1.37,86,-0.1964,-1.92,0.111,T1_asia0-8,0.5,0.0,1,ext+0.1W,opp
215.0,-0.1722,0.367,0.714,-2.33,27.2,42.0,2,129,-0.1756,-1.81,86,-0.1672,-1.46,0.111,T1_asia0-8,0.5,0.0,1,ext+0.1W,1.5R
215.0,-0.1855,0.321,0.694,-2.14,27.2,50.3,3,129,-0.2101,-1.93,86,-0.1486,-1.04,0.096,T1_asia0-8,0.5,0.0,1,ext+0.25W,none
214.0,-0.1612,0.607,0.584,-3.46,27.0,35.4,1,129,-0.1599,-2.73,85,-0.1633,-2.12,0.096,T1_asia0-8,0.5,0.0,1,ext+0.25W,mid
215.0,-0.143,0.46,0.71,-2.37,27.2,37.7,3,129,-0.1296,-1.66,86,-0.1632,-1.7,0.096,T1_asia0-8,0.5,0.0,1,ext+0.25W,opp
215.0,-0.1503,0.386,0.734,-2.11,27.2,39.3,2,129,-0.1506,-1.59,86,-0.1498,-1.38,0.096,T1_asia0-8,0.5,0.0,1,ext+0.25W,1.5R
215.0,-0.3966,0.163,0.54,-3.19,27.2,89.8,2,129,-0.4231,-2.88,86,-0.3568,-1.63,0.202,T1_asia0-8,0.5,0.0,1,fix0.5W,none
214.0,-0.3103,0.407,0.502,-5.02,27.0,66.4,0,129,-0.3275,-4.21,85,-0.284,-2.79,0.2,T1_asia0-8,0.5,0.0,1,fix0.5W,mid
215.0,-0.2394,0.293,0.672,-2.8,27.2,60.3,1,129,-0.2086,-1.88,86,-0.2856,-2.12,0.202,T1_asia0-8,0.5,0.0,1,fix0.5W,opp
215.0,-0.2335,0.326,0.667,-2.92,27.2,59.9,2,129,-0.2062,-1.97,86,-0.2744,-2.22,0.202,T1_asia0-8,0.5,0.0,1,fix0.5W,1.5R
215.0,-0.206,0.307,0.672,-2.27,27.2,57.4,3,129,-0.2274,-1.96,86,-0.174,-1.2,0.101,T1_asia0-8,0.5,0.0,1,fix1W,none
214.0,-0.1771,0.593,0.561,-3.77,27.0,38.7,1,129,-0.1735,-2.92,85,-0.1826,-2.37,0.1,T1_asia0-8,0.5,0.0,1,fix1W,mid
215.0,-0.1343,0.46,0.731,-2.2,27.2,35.4,2,129,-0.0972,-1.22,86,-0.19,-2.0,0.101,T1_asia0-8,0.5,0.0,1,fix1W,opp
215.0,-0.1787,0.367,0.694,-2.49,27.2,47.5,3,129,-0.1879,-1.97,86,-0.1649,-1.51,0.101,T1_asia0-8,0.5,0.0,1,fix1W,1.5R
185.0,-0.2015,0.292,0.683,-2.0,23.4,46.6,2,110,-0.215,-1.73,75,-0.1817,-1.07,0.101,T1_asia0-8,0.5,0.0,5,ext+0.1W,none
178.0,-0.118,0.64,0.672,-2.31,22.5,23.2,2,106,-0.0959,-1.51,72,-0.1506,-1.76,0.102,T1_asia0-8,0.5,0.0,5,ext+0.1W,mid
185.0,-0.1441,0.47,0.708,-2.19,23.4,33.7,3,110,-0.0938,-1.09,75,-0.2179,-2.13,0.101,T1_asia0-8,0.5,0.0,5,ext+0.1W,opp
185.0,-0.2023,0.362,0.661,-2.63,23.4,47.0,2,110,-0.206,-2.04,75,-0.1969,-1.65,0.101,T1_asia0-8,0.5,0.0,5,ext+0.1W,1.5R
185.0,-0.1962,0.319,0.671,-2.14,23.4,46.1,3,110,-0.2327,-2.05,75,-0.1427,-0.93,0.087,T1_asia0-8,0.5,0.0,5,ext+0.25W,none
178.0,-0.1419,0.646,0.595,-2.93,22.5,26.1,1,106,-0.1273,-2.1,72,-0.1635,-2.04,0.088,T1_asia0-8,0.5,0.0,5,ext+0.25W,mid
185.0,-0.144,0.492,0.689,-2.35,23.4,33.4,3,110,-0.1271,-1.6,75,-0.1689,-1.74,0.087,T1_asia0-8,0.5,0.0,5,ext+0.25W,opp
185.0,-0.1841,0.378,0.673,-2.48,23.4,43.3,3,110,-0.1902,-1.93,75,-0.1752,-1.54,0.087,T1_asia0-8,0.5,0.0,5,ext+0.25W,1.5R
185.0,-0.4515,0.146,0.485,-3.41,23.4,84.5,2,110,-0.5344,-3.6,75,-0.3299,-1.35,0.197,T1_asia0-8,0.5,0.0,5,fix0.5W,none
178.0,-0.2963,0.433,0.502,-4.5,22.5,55.3,1,106,-0.3205,-3.84,72,-0.2608,-2.42,0.196,T1_asia0-8,0.5,0.0,5,fix0.5W,mid
185.0,-0.2439,0.319,0.655,-2.75,23.4,54.8,1,110,-0.229,-2.0,75,-0.2657,-1.9,0.197,T1_asia0-8,0.5,0.0,5,fix0.5W,opp
185.0,-0.238,0.324,0.661,-2.77,23.4,54.6,2,110,-0.2438,-2.17,75,-0.2295,-1.71,0.197,T1_asia0-8,0.5,0.0,5,fix0.5W,1.5R
185.0,-0.1962,0.303,0.684,-1.97,23.4,51.2,4,110,-0.2295,-1.8,75,-0.1473,-0.92,0.098,T1_asia0-8,0.5,0.0,5,fix1W,none
178.0,-0.144,0.635,0.6,-2.94,22.5,26.7,2,106,-0.1361,-2.2,72,-0.1555,-1.94,0.098,T1_asia0-8,0.5,0.0,5,fix1W,mid
185.0,-0.1203,0.492,0.743,-1.91,23.4,29.6,3,110,-0.0823,-0.99,75,-0.1759,-1.81,0.098,T1_asia0-8,0.5,0.0,5,fix1W,opp
185.0,-0.1872,0.368,0.675,-2.47,23.4,44.4,2,110,-0.1852,-1.82,75,-0.19,-1.67,0.098,T1_asia0-8,0.5,0.0,5,fix1W,1.5R
157.0,-0.2128,0.287,0.661,-2.03,19.8,40.0,3,97,-0.2583,-2.07,60,-0.1393,-0.74,0.099,T1_asia0-8,0.5,0.0,15,ext+0.1W,none
150.0,-0.122,0.66,0.635,-2.31,18.9,19.8,3,93,-0.1107,-1.69,57,-0.1403,-1.57,0.101,T1_asia0-8,0.5,0.0,15,ext+0.1W,mid
155.0,-0.1317,0.484,0.725,-1.87,19.6,26.3,3,95,-0.0935,-1.02,60,-0.1922,-1.74,0.1,T1_asia0-8,0.5,0.0,15,ext+0.1W,opp
157.0,-0.2247,0.338,0.622,-2.76,19.8,36.9,1,97,-0.2142,-2.0,60,-0.2416,-1.93,0.099,T1_asia0-8,0.5,0.0,15,ext+0.1W,1.5R
157.0,-0.2084,0.312,0.647,-2.19,19.8,40.0,3,97,-0.2672,-2.34,60,-0.1133,-0.67,0.086,T1_asia0-8,0.5,0.0,15,ext+0.25W,none
150.0,-0.1396,0.667,0.569,-2.79,18.9,21.7,1,93,-0.138,-2.2,57,-0.1423,-1.69,0.086,T1_asia0-8,0.5,0.0,15,ext+0.25W,mid
155.0,-0.1382,0.503,0.694,-2.11,19.6,27.0,2,95,-0.1239,-1.46,60,-0.1607,-1.55,0.086,T1_asia0-8,0.5,0.0,15,ext+0.25W,opp
157.0,-0.1937,0.357,0.656,-2.42,19.8,32.0,2,97,-0.1892,-1.8,60,-0.2008,-1.62,0.086,T1_asia0-8,0.5,0.0,15,ext+0.25W,1.5R
157.0,-0.5019,0.134,0.435,-3.83,19.8,83.6,2,97,-0.543,-3.94,60,-0.4355,-1.66,0.197,T1_asia0-8,0.5,0.0,15,fix0.5W,none
150.0,-0.3327,0.44,0.433,-4.92,18.9,50.5,1,93,-0.34,-3.96,57,-0.3207,-2.89,0.196,T1_asia0-8,0.5,0.0,15,fix0.5W,mid
155.0,-0.2442,0.316,0.655,-2.55,19.6,44.1,1,95,-0.2388,-1.93,60,-0.2529,-1.65,0.196,T1_asia0-8,0.5,0.0,15,fix0.5W,opp
157.0,-0.3463,0.28,0.536,-3.87,19.8,55.7,1,97,-0.362,-3.16,60,-0.3209,-2.22,0.197,T1_asia0-8,0.5,0.0,15,fix0.5W,1.5R
157.0,-0.2084,0.287,0.667,-1.96,19.8,44.9,3,97,-0.2543,-1.94,60,-0.1342,-0.74,0.098,T1_asia0-8,0.5,0.0,15,fix1W,none
150.0,-0.1399,0.653,0.583,-2.74,18.9,21.9,1,93,-0.1188,-1.88,57,-0.1744,-2.02,0.098,T1_asia0-8,0.5,0.0,15,fix1W,mid
155.0,-0.0975,0.503,0.786,-1.42,19.6,23.1,3,95,-0.0481,-0.54,60,-0.1756,-1.63,0.098,T1_asia0-8,0.5,0.0,15,fix1W,opp
157.0,-0.1845,0.35,0.683,-2.21,19.8,36.1,3,97,-0.1888,-1.75,60,-0.1776,-1.35,0.098,T1_asia0-8,0.5,0.0,15,fix1W,1.5R
85.0,-0.2311,0.271,0.623,-1.74,10.7,19.6,1,51,-0.2646,-1.65,34,-0.1809,-0.78,0.097,T1_asia0-8,0.5,0.0,60,ext+0.1W,none
73.0,-0.1382,0.671,0.571,-1.9,9.3,10.9,2,45,-0.0634,-0.71,28,-0.2584,-2.09,0.096,T1_asia0-8,0.5,0.0,60,ext+0.1W,mid
84.0,-0.1919,0.476,0.607,-2.1,10.6,16.6,3,50,-0.1095,-0.87,34,-0.313,-2.43,0.097,T1_asia0-8,0.5,0.0,60,ext+0.1W,opp
85.0,-0.1879,0.341,0.674,-1.66,10.7,17.5,2,51,-0.1018,-0.66,34,-0.317,-1.96,0.097,T1_asia0-8,0.5,0.0,60,ext+0.1W,1.5R
85.0,-0.2187,0.294,0.622,-1.77,10.7,21.0,1,51,-0.3012,-2.05,34,-0.0948,-0.44,0.084,T1_asia0-8,0.5,0.0,60,ext+0.25W,none
73.0,-0.1409,0.685,0.538,-2.04,9.3,11.0,1,45,-0.09,-1.06,28,-0.2227,-1.88,0.083,T1_asia0-8,0.5,0.0,60,ext+0.25W,mid
84.0,-0.1825,0.5,0.6,-2.12,10.6,17.0,1,50,-0.154,-1.32,34,-0.2243,-1.77,0.084,T1_asia0-8,0.5,0.0,60,ext+0.25W,opp
85.0,-0.1571,0.353,0.711,-1.42,10.7,15.9,1,51,-0.1393,-0.94,34,-0.1837,-1.1,0.084,T1_asia0-8,0.5,0.0,60,ext+0.25W,1.5R
85.0,-0.7378,0.106,0.189,-7.19,10.7,62.7,0,51,-0.6339,-3.86,34,-0.8936,-13.43,0.197,T1_asia0-8,0.5,0.0,60,fix0.5W,none
73.0,-0.3323,0.466,0.398,-3.61,9.3,25.4,2,45,-0.2734,-2.29,28,-0.427,-2.94,0.195,T1_asia0-8,0.5,0.0,60,fix0.5W,mid
84.0,-0.3621,0.298,0.502,-3.07,10.6,34.7,1,50,-0.2795,-1.69,34,-0.4834,-3.02,0.2,T1_asia0-8,0.5,0.0,60,fix0.5W,opp
85.0,-0.4288,0.247,0.451,-3.66,10.7,42.5,1,51,-0.4109,-2.64,34,-0.4557,-2.55,0.197,T1_asia0-8,0.5,0.0,60,fix0.5W,1.5R
85.0,-0.212,0.271,0.661,-1.45,10.7,23.2,3,51,-0.2863,-1.72,34,-0.1005,-0.37,0.098,T1_asia0-8,0.5,0.0,60,fix1W,none
73.0,-0.16,0.658,0.517,-2.25,9.3,12.8,0,45,-0.102,-1.17,28,-0.2532,-2.07,0.098,T1_asia0-8,0.5,0.0,60,fix1W,mid
84.0,-0.1616,0.488,0.661,-1.79,10.6,14.9,2,50,-0.097,-0.8,34,-0.2565,-1.88,0.1,T1_asia0-8,0.5,0.0,60,fix1W,opp
85.0,-0.1556,0.365,0.731,-1.34,10.7,16.0,2,51,-0.1202,-0.79,34,-0.2087,-1.16,0.098,T1_asia0-8,0.5,0.0,60,fix1W,1.5R
106.0,-0.2333,0.274,0.619,-1.94,13.5,33.1,3,63,-0.1823,-1.12,43,-0.308,-1.74,0.083,T1_asia0-8,0.5,0.25,1,ext+0.1W,none
96.0,-0.0997,0.781,0.494,-2.15,12.2,11.4,3,56,-0.059,-1.1,40,-0.1568,-1.91,0.083,T1_asia0-8,0.5,0.25,1,ext+0.1W,mid
105.0,-0.0929,0.59,0.752,-1.32,13.4,16.1,2,62,-0.0253,-0.28,43,-0.1904,-1.68,0.083,T1_asia0-8,0.5,0.25,1,ext+0.1W,opp
106.0,-0.2549,0.321,0.568,-2.65,13.5,29.5,2,63,-0.2033,-1.56,43,-0.3304,-2.33,0.083,T1_asia0-8,0.5,0.25,1,ext+0.1W,1.5R
106.0,-0.2279,0.292,0.609,-2.04,13.5,33.3,4,63,-0.2199,-1.46,43,-0.2396,-1.43,0.073,T1_asia0-8,0.5,0.25,1,ext+0.25W,none
96.0,-0.1102,0.781,0.438,-2.42,12.2,12.1,2,56,-0.0689,-1.3,40,-0.168,-2.09,0.073,T1_asia0-8,0.5,0.25,1,ext+0.25W,mid
105.0,-0.09,0.61,0.743,-1.35,13.4,16.1,3,62,-0.0572,-0.67,43,-0.1374,-1.28,0.073,T1_asia0-8,0.5,0.25,1,ext+0.25W,opp
106.0,-0.2292,0.34,0.592,-2.42,13.5,29.3,2,63,-0.2235,-1.78,43,-0.2375,-1.64,0.073,T1_asia0-8,0.5,0.25,1,ext+0.25W,1.5R
106.0,-0.604,0.094,0.371,-3.53,13.5,68.4,1,63,-0.6752,-3.19,43,-0.4996,-1.73,0.197,T1_asia0-8,0.5,0.25,1,fix0.5W,none
96.0,-0.3111,0.552,0.328,-4.56,12.2,31.4,0,56,-0.3493,-4.03,40,-0.2577,-2.33,0.197,T1_asia0-8,0.5,0.25,1,fix0.5W,mid
105.0,-0.2293,0.371,0.649,-2.17,13.4,26.2,1,62,-0.2461,-1.81,43,-0.2052,-1.22,0.197,T1_asia0-8,0.5,0.25,1,fix0.5W,opp
106.0,-0.4027,0.264,0.482,-3.76,13.5,43.5,0,63,-0.4565,-3.34,43,-0.3237,-1.86,0.197,T1_asia0-8,0.5,0.25,1,fix0.5W,1.5R
106.0,-0.2547,0.245,0.623,-1.85,13.5,38.8,4,63,-0.2472,-1.35,43,-0.2657,-1.25,0.098,T1_asia0-8,0.5,0.25,1,fix1W,none
96.0,-0.1118,0.76,0.49,-2.28,12.2,13.0,3,56,-0.0677,-1.18,40,-0.1734,-2.02,0.098,T1_asia0-8,0.5,0.25,1,fix1W,mid
105.0,-0.0697,0.581,0.823,-0.93,13.4,16.1,3,62,0.0046,0.05,43,-0.1769,-1.47,0.099,T1_asia0-8,0.5,0.25,1,fix1W,opp
106.0,-0.203,0.349,0.664,-1.96,13.5,30.1,1,63,-0.1765,-1.29,43,-0.2417,-1.52,0.098,T1_asia0-8,0.5,0.25,1,fix1W,1.5R
88.0,-0.166,0.295,0.721,-1.22,11.2,24.2,3,54,-0.1347,-0.73,34,-0.2157,-1.1,0.085,T1_asia0-8,0.5,0.25,5,ext+0.1W,none
71.0,-0.0415,0.845,0.696,-0.9,9.1,6.1,4,42,-0.0377,-0.66,29,-0.0469,-0.61,0.083,T1_asia0-8,0.5,0.25,5,ext+0.1W,mid
87.0,-0.029,0.655,0.908,-0.4,11.1,9.0,3,54,-0.0187,-0.2,33,-0.0458,-0.38,0.084,T1_asia0-8,0.5,0.25,5,ext+0.1W,opp
88.0,-0.2243,0.33,0.615,-2.08,11.2,23.0,2,54,-0.2042,-1.41,34,-0.2561,-1.6,0.085,T1_asia0-8,0.5,0.25,5,ext+0.1W,1.5R
88.0,-0.171,0.307,0.702,-1.35,11.2,25.4,4,54,-0.1797,-1.05,34,-0.1571,-0.84,0.074,T1_asia0-8,0.5,0.25,5,ext+0.25W,none
71.0,-0.0518,0.845,0.617,-1.15,9.1,6.3,4,42,-0.0473,-0.84,29,-0.0582,-0.77,0.073,T1_asia0-8,0.5,0.25,5,ext+0.25W,mid
87.0,-0.039,0.667,0.87,-0.56,11.1,10.4,4,54,-0.0501,-0.56,33,-0.021,-0.19,0.074,T1_asia0-8,0.5,0.25,5,ext+0.25W,opp
88.0,-0.2179,0.341,0.614,-2.08,11.2,24.9,3,54,-0.2468,-1.81,34,-0.172,-1.04,0.074,T1_asia0-8,0.5,0.25,5,ext+0.25W,1.5R
88.0,-0.5993,0.102,0.375,-3.33,11.2,58.3,2,54,-0.6303,-2.59,34,-0.5499,-2.08,0.206,T1_asia0-8,0.5,0.25,5,fix0.5W,none
71.0,-0.2319,0.62,0.403,-3.05,9.1,18.9,2,42,-0.2694,-2.76,29,-0.1776,-1.45,0.195,T1_asia0-8,0.5,0.25,5,fix0.5W,mid
87.0,-0.1378,0.437,0.769,-1.19,11.1,18.3,3,54,-0.2117,-1.47,33,-0.017,-0.09,0.205,T1_asia0-8,0.5,0.25,5,fix0.5W,opp
88.0,-0.3415,0.284,0.55,-2.79,11.2,34.5,1,54,-0.4993,-3.46,34,-0.0909,-0.42,0.206,T1_asia0-8,0.5,0.25,5,fix0.5W,1.5R
88.0,-0.1603,0.261,0.754,-1.0,11.2,28.1,4,54,-0.1937,-0.92,34,-0.1072,-0.43,0.103,T1_asia0-8,0.5,0.25,5,fix1W,none
71.0,-0.0784,0.803,0.566,-1.5,9.1,7.3,3,42,-0.0529,-0.84,29,-0.1152,-1.27,0.098,T1_asia0-8,0.5,0.25,5,fix1W,mid
87.0,-0.0045,0.644,0.987,-0.06,11.1,8.6,4,54,0.0079,0.08,33,-0.0248,-0.19,0.102,T1_asia0-8,0.5,0.25,5,fix1W,opp
88.0,-0.1545,0.364,0.734,-1.34,11.2,21.2,3,54,-0.1092,-0.7,34,-0.2266,-1.33,0.103,T1_asia0-8,0.5,0.25,5,fix1W,1.5R
69.0,-0.3213,0.261,0.492,-2.43,8.8,22.2,2,43,-0.4055,-2.64,26,-0.1819,-0.74,0.086,T1_asia0-8,0.5,0.25,15,ext+0.1W,none
48.0,-0.0645,0.833,0.571,-1.1,6.1,5.9,4,31,-0.0581,-0.85,17,-0.0762,-0.69,0.085,T1_asia0-8,0.5,0.25,15,ext+0.1W,mid
66.0,-0.0787,0.636,0.775,-0.91,8.4,9.3,2,41,-0.0696,-0.63,25,-0.0938,-0.67,0.086,T1_asia0-8,0.5,0.25,15,ext+0.1W,opp
69.0,-0.2579,0.319,0.579,-2.09,8.8,19.4,3,43,-0.3249,-2.12,26,-0.1471,-0.7,0.086,T1_asia0-8,0.5,0.25,15,ext+0.1W,1.5R
69.0,-0.3055,0.275,0.499,-2.42,8.8,21.1,2,43,-0.4271,-2.96,26,-0.1044,-0.45,0.075,T1_asia0-8,0.5,0.25,15,ext+0.25W,none
48.0,-0.0741,0.833,0.505,-1.28,6.1,6.0,4,31,-0.0666,-0.98,17,-0.0879,-0.81,0.074,T1_asia0-8,0.5,0.25,15,ext+0.25W,mid
66.0,-0.0826,0.652,0.752,-1.0,8.4,10.6,3,41,-0.101,-0.95,25,-0.0523,-0.4,0.075,T1_asia0-8,0.5,0.25,15,ext+0.25W,opp
69.0,-0.2576,0.319,0.568,-2.14,8.8,19.4,1,43,-0.347,-2.35,26,-0.1098,-0.53,0.075,T1_asia0-8,0.5,0.25,15,ext+0.25W,1.5R
69.0,-0.7176,0.101,0.241,-4.98,8.8,49.5,0,43,-0.7083,-4.14,26,-0.733,-2.81,0.211,T1_asia0-8,0.5,0.25,15,fix0.5W,none
48.0,-0.1658,0.688,0.502,-1.85,6.1,11.2,3,31,-0.2073,-1.89,17,-0.0902,-0.57,0.201,T1_asia0-8,0.5,0.25,15,fix0.5W,mid
66.0,-0.1243,0.439,0.791,-0.93,8.4,18.4,2,41,-0.1337,-0.79,25,-0.1088,-0.49,0.207,T1_asia0-8,0.5,0.25,15,fix0.5W,opp
69.0,-0.292,0.304,0.605,-2.07,8.8,25.7,1,43,-0.4164,-2.44,26,-0.0862,-0.35,0.211,T1_asia0-8,0.5,0.25,15,fix0.5W,1.5R
69.0,-0.3033,0.232,0.561,-1.85,8.8,23.1,3,43,-0.4529,-2.54,26,-0.0557,-0.17,0.105,T1_asia0-8,0.5,0.25,15,fix1W,none
48.0,-0.1004,0.792,0.483,-1.53,6.1,7.1,3,31,-0.0501,-0.72,17,-0.1921,-1.42,0.1,T1_asia0-8,0.5,0.25,15,fix1W,mid
66.0,-0.0435,0.636,0.882,-0.47,8.4,9.8,3,41,-0.0227,-0.19,25,-0.0775,-0.5,0.104,T1_asia0-8,0.5,0.25,15,fix1W,opp
69.0,-0.2111,0.348,0.66,-1.61,8.8,18.0,4,43,-0.2143,-1.28,26,-0.2058,-0.96,0.105,T1_asia0-8,0.5,0.25,15,fix1W,1.5R
39.0,-0.3631,0.256,0.429,-2.17,5.0,14.2,2,21,-0.5051,-3.02,18,-0.1975,-0.65,0.084,T1_asia0-8,0.5,0.25,60,ext+0.1W,none
22.0,-0.0767,0.773,0.46,-0.92,2.8,2.8,4,12,-0.0259,-0.28,10,-0.1378,-0.92,0.083,T1_asia0-8,0.5,0.25,60,ext+0.1W,mid
37.0,-0.1814,0.622,0.532,-1.62,4.7,7.6,2,19,-0.1577,-0.99,18,-0.2064,-1.29,0.086,T1_asia0-8,0.5,0.25,60,ext+0.1W,opp
39.0,-0.3044,0.308,0.492,-1.98,5.0,13.4,3,21,-0.2676,-1.22,18,-0.3473,-1.58,0.084,T1_asia0-8,0.5,0.25,60,ext+0.1W,1.5R
39.0,-0.3193,0.282,0.47,-1.96,5.0,12.5,2,21,-0.5173,-3.23,18,-0.0883,-0.3,0.074,T1_asia0-8,0.5,0.25,60,ext+0.25W,none
22.0,-0.0836,0.773,0.409,-1.01,2.8,2.9,4,12,-0.0329,-0.36,10,-0.1444,-0.98,0.073,T1_asia0-8,0.5,0.25,60,ext+0.25W,mid
37.0,-0.1611,0.649,0.551,-1.5,4.7,8.1,2,19,-0.1817,-1.18,18,-0.1395,-0.91,0.077,T1_asia0-8,0.5,0.25,60,ext+0.25W,opp
39.0,-0.3226,0.308,0.456,-2.19,5.0,14.1,1,21,-0.4295,-2.3,18,-0.1979,-0.83,0.074,T1_asia0-8,0.5,0.25,60,ext+0.25W,1.5R
39.0,-0.831,0.103,0.105,-7.7,5.0,32.4,0,21,-0.7319,-3.86,18,-0.9467,-12.51,0.208,T1_asia0-8,0.5,0.25,60,fix0.5W,none
22.0,-0.1019,0.727,0.587,-0.86,2.8,4.2,3,12,-0.046,-0.31,10,-0.1689,-0.86,0.193,T1_asia0-8,0.5,0.25,60,fix0.5W,mid
37.0,-0.16,0.459,0.722,-0.95,4.7,8.8,2,19,-0.1313,-0.55,18,-0.1903,-0.79,0.208,T1_asia0-8,0.5,0.25,60,fix0.5W,opp
39.0,-0.2836,0.308,0.615,-1.49,5.0,15.8,2,21,-0.4609,-1.91,18,-0.0768,-0.26,0.208,T1_asia0-8,0.5,0.25,60,fix0.5W,1.5R
39.0,-0.4944,0.205,0.311,-2.88,5.0,19.3,1,21,-0.6307,-4.45,18,-0.3354,-1.0,0.104,T1_asia0-8,0.5,0.25,60,fix1W,none
22.0,-0.0655,0.773,0.543,-0.77,2.8,2.9,4,12,-0.0202,-0.21,10,-0.1198,-0.78,0.097,T1_asia0-8,0.5,0.25,60,fix1W,mid
37.0,-0.1677,0.595,0.598,-1.39,4.7,8.0,3,19,-0.1156,-0.69,18,-0.2227,-1.26,0.104,T1_asia0-8,0.5,0.25,60,fix1W,opp
39.0,-0.2983,0.333,0.528,-1.83,5.0,13.1,2,21,-0.2742,-1.24,18,-0.3264,-1.31,0.104,T1_asia0-8,0.5,0.25,60,fix1W,1.5R
1881.0,-0.411,0.099,0.598,-6.01,236.9,778.3,0,964,-0.2681,-2.61,917,-0.5612,-6.28,0.456,T2_ldn7-8,0.0,0.0,1,ext+0.1W,none
1854.0,-0.4458,0.355,0.396,-18.75,233.5,826.5,0,942,-0.3214,-10.28,912,-0.5744,-16.19,0.457,T2_ldn7-8,0.0,0.0,1,ext+0.1W,mid
1879.0,-0.4236,0.241,0.512,-12.86,236.7,797.6,0,963,-0.2894,-6.46,916,-0.5646,-11.76,0.456,T2_ldn7-8,0.0,0.0,1,ext+0.1W,opp
1881.0,-0.414,0.284,0.493,-15.49,236.9,780.6,0,964,-0.2724,-7.06,917,-0.5629,-15.52,0.456,T2_ldn7-8,0.0,0.0,1,ext+0.1W,1.5R
1881.0,-0.3144,0.134,0.666,-5.23,236.9,630.9,0,964,-0.2733,-3.37,917,-0.3576,-4.02,0.312,T2_ldn7-8,0.0,0.0,1,ext+0.25W,none
1854.0,-0.3135,0.456,0.471,-15.23,233.5,582.8,0,942,-0.2381,-8.95,912,-0.3915,-12.47,0.314,T2_ldn7-8,0.0,0.0,1,ext+0.25W,mid
1879.0,-0.3186,0.311,0.578,-11.3,236.7,603.8,0,963,-0.2239,-5.86,916,-0.418,-10.1,0.314,T2_ldn7-8,0.0,0.0,1,ext+0.25W,opp
1881.0,-0.3123,0.309,0.585,-11.58,236.9,593.4,0,964,-0.2116,-5.47,917,-0.4182,-11.25,0.312,T2_ldn7-8,0.0,0.0,1,ext+0.25W,1.5R
1881.0,-0.2576,0.131,0.73,-4.05,236.9,508.4,1,964,-0.2955,-3.43,917,-0.2178,-2.31,0.337,T2_ldn7-8,0.0,0.0,1,fix0.5W,none
1854.0,-0.3212,0.441,0.475,-15.66,233.5,596.8,0,942,-0.3132,-11.35,912,-0.3294,-10.83,0.333,T2_ldn7-8,0.0,0.0,1,fix0.5W,mid
1879.0,-0.2995,0.293,0.614,-10.38,236.7,566.5,0,963,-0.2657,-6.67,916,-0.3351,-8.02,0.337,T2_ldn7-8,0.0,0.0,1,fix0.5W,opp
1881.0,-0.2986,0.315,0.603,-10.93,236.9,565.0,0,964,-0.26,-6.73,917,-0.3392,-8.8,0.337,T2_ldn7-8,0.0,0.0,1,fix0.5W,1.5R
1881.0,-0.1818,0.234,0.769,-4.04,236.9,354.7,1,964,-0.2438,-4.21,917,-0.1165,-1.68,0.168,T2_ldn7-8,0.0,0.0,1,fix1W,none
1854.0,-0.1832,0.621,0.528,-11.8,233.5,340.6,0,942,-0.1848,-8.9,912,-0.1815,-7.83,0.167,T2_ldn7-8,0.0,0.0,1,fix1W,mid
1879.0,-0.1789,0.464,0.677,-8.35,236.7,340.6,0,963,-0.1651,-5.66,916,-0.1936,-6.15,0.168,T2_ldn7-8,0.0,0.0,1,fix1W,opp
1881.0,-0.1667,0.357,0.748,-6.14,236.9,321.8,0,964,-0.1758,-4.65,917,-0.1571,-4.02,0.168,T2_ldn7-8,0.0,0.0,1,fix1W,1.5R
1790.0,-0.2743,0.131,0.711,-3.85,225.4,508.8,0,910,-0.2078,-2.3,880,-0.3431,-3.1,0.333,T2_ldn7-8,0.0,0.0,5,ext+0.1W,none
1699.0,-0.337,0.454,0.433,-15.46,214.0,572.5,0,841,-0.2586,-9.04,858,-0.4138,-12.69,0.337,T2_ldn7-8,0.0,0.0,5,ext+0.1W,mid
1784.0,-0.31,0.323,0.586,-10.15,224.7,555.4,0,904,-0.2135,-5.17,880,-0.409,-9.11,0.334,T2_ldn7-8,0.0,0.0,5,ext+0.1W,opp
1790.0,-0.3075,0.315,0.592,-11.05,225.4,554.4,0,910,-0.2055,-5.15,880,-0.413,-10.76,0.333,T2_ldn7-8,0.0,0.0,5,ext+0.1W,1.5R
1790.0,-0.2389,0.165,0.731,-4.12,225.4,471.5,0,910,-0.2376,-3.18,880,-0.2402,-2.7,0.249,T2_ldn7-8,0.0,0.0,5,ext+0.25W,none
1699.0,-0.2471,0.534,0.492,-12.86,214.0,421.0,0,841,-0.2037,-8.17,858,-0.2897,-9.96,0.25,T2_ldn7-8,0.0,0.0,5,ext+0.25W,mid
1784.0,-0.2453,0.384,0.629,-9.24,224.7,441.3,0,904,-0.1841,-5.15,880,-0.3081,-7.85,0.249,T2_ldn7-8,0.0,0.0,5,ext+0.25W,opp
1790.0,-0.2464,0.33,0.656,-8.83,225.4,447.7,0,910,-0.193,-4.86,880,-0.3016,-7.71,0.249,T2_ldn7-8,0.0,0.0,5,ext+0.25W,1.5R
1790.0,-0.2587,0.128,0.73,-3.9,225.4,488.3,2,910,-0.2109,-2.2,880,-0.3081,-3.36,0.338,T2_ldn7-8,0.0,0.0,5,fix0.5W,none
1699.0,-0.3232,0.462,0.441,-15.95,214.0,549.0,0,841,-0.311,-11.3,858,-0.335,-11.28,0.328,T2_ldn7-8,0.0,0.0,5,fix0.5W,mid
1784.0,-0.3142,0.303,0.589,-11.01,224.7,563.8,0,904,-0.2634,-6.59,880,-0.3665,-9.0,0.337,T2_ldn7-8,0.0,0.0,5,fix0.5W,opp
1790.0,-0.313,0.31,0.588,-11.22,225.4,562.3,0,910,-0.2647,-6.64,880,-0.363,-9.31,0.338,T2_ldn7-8,0.0,0.0,5,fix0.5W,1.5R
1790.0,-0.1633,0.234,0.792,-3.49,225.4,308.7,1,910,-0.2183,-3.6,880,-0.1063,-1.48,0.169,T2_ldn7-8,0.0,0.0,5,fix1W,none
1699.0,-0.1755,0.642,0.505,-11.45,214.0,298.8,0,841,-0.1615,-7.88,858,-0.1892,-8.32,0.164,T2_ldn7-8,0.0,0.0,5,fix1W,mid
1784.0,-0.1718,0.485,0.676,-8.07,224.7,311.1,0,904,-0.1453,-4.99,880,-0.199,-6.4,0.169,T2_ldn7-8,0.0,0.0,5,fix1W,opp
1790.0,-0.1726,0.353,0.741,-6.2,225.4,317.8,0,910,-0.1701,-4.36,880,-0.1751,-4.4,0.169,T2_ldn7-8,0.0,0.0,5,fix1W,1.5R
1672.0,-0.1902,0.17,0.786,-3.02,210.6,372.6,0,835,-0.1615,-1.86,837,-0.2188,-2.41,0.264,T2_ldn7-8,0.0,0.0,15,ext+0.1W,none
1454.0,-0.2803,0.52,0.445,-13.06,183.3,408.6,0,697,-0.1852,-6.53,757,-0.3679,-11.65,0.276,T2_ldn7-8,0.0,0.0,15,ext+0.1W,mid
1666.0,-0.2543,0.399,0.611,-9.13,209.8,429.2,0,829,-0.1503,-3.89,837,-0.3573,-8.97,0.264,T2_ldn7-8,0.0,0.0,15,ext+0.1W,opp
1672.0,-0.2405,0.335,0.663,-8.29,210.6,414.0,0,835,-0.1497,-3.58,837,-0.3312,-8.27,0.264,T2_ldn7-8,0.0,0.0,15,ext+0.1W,1.5R
1672.0,-0.1671,0.201,0.8,-3.01,210.6,330.0,1,835,-0.1814,-2.42,837,-0.1527,-1.86,0.207,T2_ldn7-8,0.0,0.0,15,ext+0.25W,none
1454.0,-0.2177,0.582,0.487,-11.39,183.3,317.5,0,697,-0.1601,-6.48,757,-0.2709,-9.44,0.212,T2_ldn7-8,0.0,0.0,15,ext+0.25W,mid
1666.0,-0.2082,0.45,0.644,-8.35,209.8,351.0,0,829,-0.1403,-4.16,837,-0.2754,-7.53,0.207,T2_ldn7-8,0.0,0.0,15,ext+0.25W,opp
1672.0,-0.1826,0.352,0.732,-6.27,210.6,323.6,0,835,-0.1533,-3.7,837,-0.2118,-5.18,0.207,T2_ldn7-8,0.0,0.0,15,ext+0.25W,1.5R
1672.0,-0.2108,0.135,0.778,-3.02,210.6,415.4,1,835,-0.2392,-2.52,837,-0.1824,-1.78,0.339,T2_ldn7-8,0.0,0.0,15,fix0.5W,none
1454.0,-0.3103,0.485,0.428,-14.77,183.3,451.4,0,697,-0.2651,-9.24,757,-0.352,-11.56,0.319,T2_ldn7-8,0.0,0.0,15,fix0.5W,mid
1666.0,-0.3135,0.322,0.577,-11.06,209.8,530.3,0,829,-0.24,-5.94,837,-0.3864,-9.75,0.338,T2_ldn7-8,0.0,0.0,15,fix0.5W,opp
1672.0,-0.304,0.313,0.597,-10.55,210.6,517.6,0,835,-0.2472,-5.94,837,-0.3606,-9.06,0.339,T2_ldn7-8,0.0,0.0,15,fix0.5W,1.5R
1672.0,-0.1237,0.242,0.84,-2.5,210.6,242.5,1,835,-0.1593,-2.41,837,-0.0882,-1.2,0.17,T2_ldn7-8,0.0,0.0,15,fix1W,none
1454.0,-0.1783,0.65,0.47,-11.2,183.3,260.1,0,697,-0.1433,-6.77,757,-0.2106,-8.95,0.159,T2_ldn7-8,0.0,0.0,15,fix1W,mid
1666.0,-0.1685,0.508,0.666,-7.95,209.8,285.0,0,829,-0.1348,-4.61,837,-0.2019,-6.58,0.169,T2_ldn7-8,0.0,0.0,15,fix1W,opp
1672.0,-0.1565,0.36,0.762,-5.43,210.6,270.8,0,835,-0.1575,-3.86,837,-0.1556,-3.81,0.17,T2_ldn7-8,0.0,0.0,15,fix1W,1.5R
1254.0,-0.2591,0.199,0.691,-4.55,157.9,362.8,0,623,-0.2789,-3.7,631,-0.2395,-2.82,0.206,T2_ldn7-8,0.0,0.0,60,ext+0.1W,none
919.0,-0.2508,0.552,0.432,-10.29,115.8,231.6,1,409,-0.2211,-6.5,510,-0.2746,-7.99,0.22,T2_ldn7-8,0.0,0.0,60,ext+0.1W,mid
1250.0,-0.2547,0.452,0.564,-9.14,157.4,324.6,0,619,-0.1999,-5.26,631,-0.3084,-7.6,0.207,T2_ldn7-8,0.0,0.0,60,ext+0.1W,opp
1254.0,-0.2553,0.324,0.641,-7.77,157.9,328.4,0,623,-0.2638,-5.72,631,-0.2469,-5.27,0.206,T2_ldn7-8,0.0,0.0,60,ext+0.1W,1.5R
1254.0,-0.2308,0.229,0.709,-4.45,157.9,320.1,0,623,-0.2741,-4.04,631,-0.1881,-2.4,0.17,T2_ldn7-8,0.0,0.0,60,ext+0.25W,none
919.0,-0.2053,0.602,0.457,-9.34,115.8,189.4,0,409,-0.1784,-5.86,510,-0.227,-7.28,0.179,T2_ldn7-8,0.0,0.0,60,ext+0.25W,mid
1250.0,-0.2068,0.502,0.603,-8.11,157.4,262.5,0,619,-0.1721,-4.99,631,-0.2409,-6.43,0.17,T2_ldn7-8,0.0,0.0,60,ext+0.25W,opp
1254.0,-0.2165,0.338,0.684,-6.58,157.9,281.8,0,623,-0.2345,-5.07,631,-0.1987,-4.25,0.17,T2_ldn7-8,0.0,0.0,60,ext+0.25W,1.5R
1254.0,-0.2815,0.133,0.703,-3.8,157.9,407.0,0,623,-0.3184,-3.29,631,-0.2452,-2.19,0.326,T2_ldn7-8,0.0,0.0,60,fix0.5W,none
919.0,-0.3196,0.479,0.399,-12.46,115.8,295.3,0,409,-0.2992,-8.2,510,-0.336,-9.39,0.305,T2_ldn7-8,0.0,0.0,60,fix0.5W,mid
1250.0,-0.3798,0.314,0.492,-12.36,157.4,479.5,0,619,-0.3401,-7.88,631,-0.4187,-9.57,0.325,T2_ldn7-8,0.0,0.0,60,fix0.5W,opp
1254.0,-0.3695,0.286,0.528,-11.37,157.9,469.9,0,623,-0.3433,-7.35,631,-0.3953,-8.74,0.326,T2_ldn7-8,0.0,0.0,60,fix0.5W,1.5R
1254.0,-0.193,0.245,0.75,-3.75,157.9,269.0,0,623,-0.2474,-3.71,631,-0.1393,-1.78,0.163,T2_ldn7-8,0.0,0.0,60,fix1W,none
919.0,-0.1744,0.649,0.459,-8.92,115.8,160.8,0,409,-0.1734,-6.23,510,-0.1751,-6.43,0.153,T2_ldn7-8,0.0,0.0,60,fix1W,mid
1250.0,-0.1886,0.522,0.616,-8.06,157.4,237.7,1,619,-0.1744,-5.45,631,-0.2026,-5.93,0.162,T2_ldn7-8,0.0,0.0,60,fix1W,opp
1254.0,-0.1825,0.353,0.726,-5.53,157.9,236.6,0,623,-0.2387,-5.2,631,-0.1269,-2.68,0.163,T2_ldn7-8,0.0,0.0,60,fix1W,1.5R
1550.0,-0.1642,0.192,0.805,-2.62,195.2,296.0,2,794,-0.2016,-2.61,756,-0.125,-1.25,0.222,T2_ldn7-8,0.0,0.25,1,ext+0.1W,none
1305.0,-0.2228,0.629,0.346,-13.66,164.5,291.7,0,575,-0.1827,-8.53,730,-0.2545,-10.72,0.218,T2_ldn7-8,0.0,0.25,1,ext+0.1W,mid
1545.0,-0.2072,0.476,0.627,-8.69,194.6,324.5,0,790,-0.1711,-5.49,755,-0.2451,-6.75,0.222,T2_ldn7-8,0.0,0.25,1,ext+0.1W,opp
1550.0,-0.1925,0.35,0.717,-6.42,195.2,313.3,0,794,-0.1721,-4.11,756,-0.2138,-4.97,0.222,T2_ldn7-8,0.0,0.25,1,ext+0.1W,1.5R
1550.0,-0.1717,0.215,0.786,-3.15,195.2,308.6,1,794,-0.2335,-3.48,756,-0.1069,-1.23,0.183,T2_ldn7-8,0.0,0.25,1,ext+0.25W,none
1305.0,-0.1905,0.669,0.35,-12.68,164.5,249.8,0,575,-0.159,-8.03,730,-0.2153,-9.86,0.178,T2_ldn7-8,0.0,0.25,1,ext+0.25W,mid
1545.0,-0.1884,0.516,0.628,-8.61,194.6,296.2,0,790,-0.1612,-5.61,755,-0.2169,-6.54,0.183,T2_ldn7-8,0.0,0.25,1,ext+0.25W,opp
1550.0,-0.1766,0.354,0.735,-5.91,195.2,289.9,0,794,-0.1693,-4.07,756,-0.1842,-4.29,0.183,T2_ldn7-8,0.0,0.25,1,ext+0.25W,1.5R
1550.0,-0.2507,0.121,0.739,-3.37,195.2,450.1,2,794,-0.3988,-4.51,756,-0.0953,-0.79,0.347,T2_ldn7-8,0.0,0.25,1,fix0.5W,none
1305.0,-0.3138,0.547,0.301,-17.26,164.5,410.7,0,575,-0.2875,-11.54,730,-0.3345,-12.92,0.313,T2_ldn7-8,0.0,0.25,1,fix0.5W,mid
1545.0,-0.3378,0.339,0.534,-12.41,194.6,529.1,0,790,-0.3376,-9.17,755,-0.3381,-8.4,0.347,T2_ldn7-8,0.0,0.25,1,fix0.5W,opp
1550.0,-0.3349,0.301,0.563,-11.32,195.2,530.0,0,794,-0.3418,-8.27,756,-0.3277,-7.73,0.347,T2_ldn7-8,0.0,0.25,1,fix0.5W,1.5R
1550.0,-0.1605,0.226,0.798,-3.13,195.2,274.1,2,794,-0.2185,-3.29,756,-0.0995,-1.27,0.173,T2_ldn7-8,0.0,0.25,1,fix1W,none
1305.0,-0.1734,0.696,0.335,-12.41,164.5,226.9,0,575,-0.1506,-8.03,730,-0.1915,-9.51,0.157,T2_ldn7-8,0.0,0.25,1,fix1W,mid
1545.0,-0.183,0.532,0.623,-8.86,194.6,286.7,0,790,-0.1692,-6.09,755,-0.1975,-6.43,0.173,T2_ldn7-8,0.0,0.25,1,fix1W,opp
1550.0,-0.187,0.35,0.723,-6.26,195.2,301.3,0,794,-0.2044,-4.93,756,-0.1687,-3.91,0.173,T2_ldn7-8,0.0,0.25,1,fix1W,1.5R
1452.0,-0.1269,0.208,0.845,-1.99,182.9,221.2,2,739,-0.2089,-2.72,713,-0.0418,-0.41,0.205,T2_ldn7-8,0.0,0.25,5,ext+0.1W,none
1037.0,-0.1971,0.652,0.344,-11.46,130.7,205.4,0,427,-0.1613,-6.91,610,-0.2222,-9.18,0.201,T2_ldn7-8,0.0,0.25,5,ext+0.1W,mid
1442.0,-0.186,0.515,0.635,-8.01,181.6,272.0,0,729,-0.161,-5.26,713,-0.2114,-6.04,0.206,T2_ldn7-8,0.0,0.25,5,ext+0.1W,opp
1452.0,-0.1743,0.355,0.74,-5.61,182.9,267.8,0,739,-0.186,-4.31,713,-0.1622,-3.62,0.205,T2_ldn7-8,0.0,0.25,5,ext+0.1W,1.5R
1452.0,-0.1375,0.231,0.823,-2.48,182.9,241.6,2,739,-0.2315,-3.45,713,-0.0401,-0.45,0.171,T2_ldn7-8,0.0,0.25,5,ext+0.25W,none
1037.0,-0.173,0.684,0.34,-10.87,130.7,181.1,0,427,-0.1376,-6.4,610,-0.1978,-8.82,0.165,T2_ldn7-8,0.0,0.25,5,ext+0.25W,mid
1442.0,-0.1626,0.557,0.646,-7.61,181.6,239.4,0,729,-0.1426,-5.03,713,-0.183,-5.7,0.171,T2_ldn7-8,0.0,0.25,5,ext+0.25W,opp
1452.0,-0.1464,0.364,0.775,-4.72,182.9,233.0,0,739,-0.1599,-3.71,713,-0.1325,-2.97,0.171,T2_ldn7-8,0.0,0.25,5,ext+0.25W,1.5R
1452.0,-0.2449,0.126,0.744,-3.19,182.9,397.2,2,739,-0.3919,-4.26,713,-0.0925,-0.75,0.347,T2_ldn7-8,0.0,0.25,5,fix0.5W,none
1037.0,-0.3079,0.551,0.284,-15.52,130.7,320.6,0,427,-0.2767,-9.89,610,-0.3298,-12.02,0.303,T2_ldn7-8,0.0,0.25,5,fix0.5W,mid
1442.0,-0.3405,0.353,0.519,-12.46,181.6,497.4,0,729,-0.3413,-9.2,713,-0.3397,-8.45,0.345,T2_ldn7-8,0.0,0.25,5,fix0.5W,opp
1452.0,-0.337,0.3,0.561,-11.03,182.9,495.9,0,739,-0.3396,-7.93,713,-0.3343,-7.66,0.347,T2_ldn7-8,0.0,0.25,5,fix0.5W,1.5R
1452.0,-0.1236,0.234,0.843,-2.29,182.9,206.3,2,739,-0.2158,-3.14,713,-0.028,-0.33,0.173,T2_ldn7-8,0.0,0.25,5,fix1W,none
1037.0,-0.1515,0.711,0.344,-10.22,130.7,158.3,0,427,-0.1327,-6.45,610,-0.1647,-7.96,0.152,T2_ldn7-8,0.0,0.25,5,fix1W,mid
1442.0,-0.1672,0.558,0.634,-8.08,181.6,245.3,0,729,-0.1633,-5.83,713,-0.1712,-5.6,0.173,T2_ldn7-8,0.0,0.25,5,fix1W,opp
1452.0,-0.1711,0.357,0.743,-5.52,182.9,259.6,0,739,-0.2188,-5.11,713,-0.1217,-2.71,0.173,T2_ldn7-8,0.0,0.25,5,fix1W,1.5R
1317.0,-0.1151,0.225,0.855,-1.91,165.9,188.5,2,671,-0.1727,-2.24,646,-0.0553,-0.59,0.189,T2_ldn7-8,0.0,0.25,15,ext+0.1W,none
778.0,-0.1895,0.658,0.33,-9.88,98.1,148.5,0,309,-0.1564,-5.91,469,-0.2113,-7.95,0.194,T2_ldn7-8,0.0,0.25,15,ext+0.1W,mid
1307.0,-0.183,0.549,0.611,-8.04,164.6,242.8,0,661,-0.1524,-5.12,646,-0.2143,-6.21,0.19,T2_ldn7-8,0.0,0.25,15,ext+0.1W,opp
1317.0,-0.1503,0.361,0.771,-4.59,165.9,212.5,0,671,-0.1458,-3.2,646,-0.155,-3.3,0.189,T2_ldn7-8,0.0,0.25,15,ext+0.1W,1.5R
1317.0,-0.1263,0.248,0.833,-2.32,165.9,204.5,3,671,-0.1903,-2.78,646,-0.0598,-0.7,0.161,T2_ldn7-8,0.0,0.25,15,ext+0.25W,none
778.0,-0.1732,0.681,0.313,-9.68,98.1,135.6,0,309,-0.1287,-5.3,469,-0.2026,-8.12,0.16,T2_ldn7-8,0.0,0.25,15,ext+0.25W,mid
1307.0,-0.163,0.586,0.619,-7.71,164.6,215.9,0,661,-0.1328,-4.76,646,-0.194,-6.09,0.161,T2_ldn7-8,0.0,0.25,15,ext+0.25W,opp
1317.0,-0.1318,0.368,0.795,-4.05,165.9,189.1,0,671,-0.1341,-2.96,646,-0.1294,-2.76,0.161,T2_ldn7-8,0.0,0.25,15,ext+0.25W,1.5R
1317.0,-0.2284,0.131,0.76,-2.83,165.9,348.8,1,671,-0.3843,-4.07,646,-0.0665,-0.5,0.343,T2_ldn7-8,0.0,0.25,15,fix0.5W,none
778.0,-0.3049,0.55,0.268,-13.61,98.1,238.7,0,309,-0.2882,-8.88,469,-0.3159,-10.39,0.294,T2_ldn7-8,0.0,0.25,15,fix0.5W,mid
1307.0,-0.3719,0.355,0.473,-13.5,164.6,492.3,0,661,-0.3818,-10.23,646,-0.3618,-8.91,0.342,T2_ldn7-8,0.0,0.25,15,fix0.5W,opp
1317.0,-0.3555,0.292,0.543,-11.15,165.9,474.7,0,671,-0.3801,-8.58,646,-0.3299,-7.18,0.343,T2_ldn7-8,0.0,0.25,15,fix0.5W,1.5R
1317.0,-0.0819,0.244,0.894,-1.42,165.9,139.7,2,671,-0.1643,-2.23,646,0.0036,0.04,0.171,T2_ldn7-8,0.0,0.25,15,fix1W,none
778.0,-0.1529,0.699,0.319,-9.1,98.1,119.7,0,309,-0.1274,-5.42,469,-0.1697,-7.33,0.147,T2_ldn7-8,0.0,0.25,15,fix1W,mid
1307.0,-0.1762,0.572,0.603,-8.37,164.6,233.1,0,661,-0.1666,-5.87,646,-0.1859,-5.98,0.171,T2_ldn7-8,0.0,0.25,15,fix1W,opp
1317.0,-0.1574,0.361,0.762,-4.82,165.9,220.4,0,671,-0.2011,-4.45,646,-0.112,-2.37,0.171,T2_ldn7-8,0.0,0.25,15,fix1W,1.5R
829.0,-0.2157,0.233,0.726,-3.43,104.5,200.8,0,417,-0.2439,-3.06,412,-0.1871,-1.92,0.17,T2_ldn7-8,0.0,0.25,60,ext+0.1W,none
386.0,-0.1904,0.64,0.287,-7.31,49.0,73.5,0,142,-0.1396,-3.71,244,-0.22,-6.31,0.176,T2_ldn7-8,0.0,0.25,60,ext+0.1W,mid
823.0,-0.2046,0.561,0.551,-7.59,103.7,169.7,0,411,-0.1602,-4.5,412,-0.249,-6.16,0.17,T2_ldn7-8,0.0,0.25,60,ext+0.1W,opp
829.0,-0.1843,0.351,0.724,-4.52,104.5,161.6,0,417,-0.1825,-3.23,412,-0.1862,-3.16,0.17,T2_ldn7-8,0.0,0.25,60,ext+0.1W,1.5R
829.0,-0.2194,0.251,0.709,-3.8,104.5,198.4,0,417,-0.2709,-3.75,412,-0.1673,-1.86,0.145,T2_ldn7-8,0.0,0.25,60,ext+0.25W,none
386.0,-0.174,0.661,0.272,-7.11,49.0,67.2,0,142,-0.1008,-3.02,244,-0.2166,-6.52,0.149,T2_ldn7-8,0.0,0.25,60,ext+0.25W,mid
823.0,-0.1798,0.599,0.561,-7.19,103.7,149.1,0,411,-0.1502,-4.54,412,-0.2093,-5.58,0.145,T2_ldn7-8,0.0,0.25,60,ext+0.25W,opp
829.0,-0.1901,0.347,0.713,-4.73,104.5,166.3,0,417,-0.2152,-3.89,412,-0.1647,-2.82,0.145,T2_ldn7-8,0.0,0.25,60,ext+0.25W,1.5R
829.0,-0.2782,0.135,0.706,-3.19,104.5,282.3,0,417,-0.2623,-2.18,412,-0.2942,-2.33,0.33,T2_ldn7-8,0.0,0.25,60,fix0.5W,none
386.0,-0.3262,0.518,0.228,-10.4,49.0,125.9,0,142,-0.2724,-5.75,244,-0.3574,-8.68,0.296,T2_ldn7-8,0.0,0.25,60,fix0.5W,mid
823.0,-0.3991,0.36,0.429,-12.05,103.7,330.8,0,411,-0.3759,-8.22,412,-0.4221,-8.82,0.329,T2_ldn7-8,0.0,0.25,60,fix0.5W,opp
829.0,-0.3544,0.292,0.543,-8.82,104.5,302.0,0,417,-0.3165,-5.5,412,-0.3926,-7.0,0.33,T2_ldn7-8,0.0,0.25,60,fix0.5W,1.5R
829.0,-0.2057,0.245,0.735,-3.34,104.5,192.3,0,417,-0.2487,-3.1,412,-0.1622,-1.74,0.165,T2_ldn7-8,0.0,0.25,60,fix1W,none
386.0,-0.1716,0.663,0.268,-7.13,49.0,66.2,0,142,-0.1256,-3.6,244,-0.1983,-6.18,0.148,T2_ldn7-8,0.0,0.25,60,fix1W,mid
823.0,-0.2003,0.575,0.542,-7.86,103.7,166.0,1,411,-0.1748,-5.07,412,-0.2256,-6.02,0.164,T2_ldn7-8,0.0,0.25,60,fix1W,opp
829.0,-0.1838,0.352,0.725,-4.52,104.5,160.3,1,417,-0.2267,-4.03,412,-0.1404,-2.39,0.165,T2_ldn7-8,0.0,0.25,60,fix1W,1.5R
1699.0,-0.2585,0.146,0.722,-4.06,214.0,450.7,1,852,-0.2018,-2.41,847,-0.3155,-3.29,0.32,T2_ldn7-8,0.1,0.0,1,ext+0.1W,none
1682.0,-0.3216,0.453,0.462,-14.68,211.8,542.7,0,838,-0.24,-8.45,844,-0.4026,-12.16,0.321,T2_ldn7-8,0.1,0.0,1,ext+0.1W,mid
1697.0,-0.275,0.331,0.627,-8.9,213.7,469.7,0,850,-0.1576,-3.77,847,-0.3928,-8.7,0.32,T2_ldn7-8,0.1,0.0,1,ext+0.1W,opp
1699.0,-0.2742,0.324,0.627,-9.54,214.0,469.1,0,852,-0.171,-4.11,847,-0.378,-9.61,0.32,T2_ldn7-8,0.1,0.0,1,ext+0.1W,1.5R
1699.0,-0.2298,0.175,0.737,-4.14,214.0,435.7,2,852,-0.243,-3.42,847,-0.2165,-2.54,0.242,T2_ldn7-8,0.1,0.0,1,ext+0.25W,none
1682.0,-0.2451,0.528,0.511,-12.51,211.8,413.7,0,838,-0.1946,-7.69,844,-0.2952,-9.9,0.242,T2_ldn7-8,0.1,0.0,1,ext+0.25W,mid
1697.0,-0.2366,0.381,0.643,-8.7,213.7,405.5,0,850,-0.1689,-4.64,847,-0.3044,-7.55,0.242,T2_ldn7-8,0.1,0.0,1,ext+0.25W,opp
1699.0,-0.2422,0.331,0.66,-8.47,214.0,418.7,0,852,-0.1763,-4.3,847,-0.3085,-7.76,0.242,T2_ldn7-8,0.1,0.0,1,ext+0.25W,1.5R
1699.0,-0.2713,0.129,0.717,-4.18,214.0,497.7,2,852,-0.2537,-2.77,847,-0.289,-3.15,0.344,T2_ldn7-8,0.1,0.0,1,fix0.5W,none
1682.0,-0.3447,0.426,0.452,-15.97,211.8,581.9,0,838,-0.3184,-10.85,844,-0.3708,-11.73,0.342,T2_ldn7-8,0.1,0.0,1,fix0.5W,mid
1697.0,-0.3101,0.289,0.604,-10.2,213.7,530.3,0,850,-0.2601,-6.09,847,-0.3602,-8.33,0.344,T2_ldn7-8,0.1,0.0,1,fix0.5W,opp
1699.0,-0.3026,0.315,0.6,-10.52,214.0,517.7,0,852,-0.2574,-6.24,847,-0.348,-8.69,0.344,T2_ldn7-8,0.1,0.0,1,fix0.5W,1.5R
1699.0,-0.1867,0.235,0.763,-4.01,214.0,329.6,0,852,-0.2473,-4.15,847,-0.1258,-1.76,0.172,T2_ldn7-8,0.1,0.0,1,fix1W,none
1682.0,-0.1845,0.62,0.529,-11.25,211.8,311.4,0,838,-0.1797,-8.16,844,-0.1893,-7.79,0.171,T2_ldn7-8,0.1,0.0,1,fix1W,mid
1697.0,-0.1718,0.468,0.689,-7.58,213.7,295.2,0,850,-0.1508,-4.83,847,-0.1928,-5.87,0.172,T2_ldn7-8,0.1,0.0,1,fix1W,opp
1699.0,-0.1676,0.357,0.748,-5.86,214.0,291.3,0,852,-0.1834,-4.56,847,-0.1517,-3.73,0.172,T2_ldn7-8,0.1,0.0,1,fix1W,1.5R
1596.0,-0.2337,0.162,0.739,-3.81,201.0,397.3,2,791,-0.2099,-2.62,805,-0.2571,-2.78,0.273,T2_ldn7-8,0.1,0.0,5,ext+0.1W,none
1529.0,-0.2799,0.508,0.462,-13.38,192.6,428.9,0,744,-0.216,-7.9,785,-0.3405,-10.88,0.275,T2_ldn7-8,0.1,0.0,5,ext+0.1W,mid
1592.0,-0.2402,0.381,0.643,-8.19,200.5,385.3,0,787,-0.1567,-3.97,805,-0.3217,-7.46,0.273,T2_ldn7-8,0.1,0.0,5,ext+0.1W,opp
1596.0,-0.2443,0.332,0.658,-8.26,201.0,394.1,0,791,-0.1559,-3.62,805,-0.3312,-8.18,0.273,T2_ldn7-8,0.1,0.0,5,ext+0.1W,1.5R
1596.0,-0.2267,0.19,0.733,-4.27,201.0,405.6,2,791,-0.2453,-3.55,805,-0.2084,-2.59,0.214,T2_ldn7-8,0.1,0.0,5,ext+0.25W,none
1529.0,-0.2174,0.574,0.504,-11.54,192.6,334.4,0,744,-0.1784,-7.26,785,-0.2543,-8.99,0.214,T2_ldn7-8,0.1,0.0,5,ext+0.25W,mid
1592.0,-0.2069,0.429,0.659,-7.92,200.5,333.9,0,787,-0.1579,-4.5,805,-0.2548,-6.6,0.214,T2_ldn7-8,0.1,0.0,5,ext+0.25W,opp
1596.0,-0.2069,0.342,0.7,-7.01,201.0,338.9,0,791,-0.1817,-4.31,805,-0.2316,-5.6,0.214,T2_ldn7-8,0.1,0.0,5,ext+0.25W,1.5R
1596.0,-0.288,0.128,0.7,-4.36,201.0,483.2,2,791,-0.2367,-2.47,805,-0.3384,-3.72,0.345,T2_ldn7-8,0.1,0.0,5,fix0.5W,none
1529.0,-0.3335,0.453,0.435,-15.49,192.6,510.8,0,744,-0.3121,-10.58,785,-0.3538,-11.32,0.339,T2_ldn7-8,0.1,0.0,5,fix0.5W,mid
1592.0,-0.3087,0.305,0.597,-10.13,200.5,494.6,0,787,-0.2634,-6.11,805,-0.3531,-8.19,0.344,T2_ldn7-8,0.1,0.0,5,fix0.5W,opp
1596.0,-0.3054,0.314,0.597,-10.3,201.0,489.3,0,791,-0.2689,-6.3,805,-0.3413,-8.3,0.345,T2_ldn7-8,0.1,0.0,5,fix0.5W,1.5R
1596.0,-0.1717,0.236,0.781,-3.54,201.0,284.5,2,791,-0.2272,-3.64,805,-0.1171,-1.58,0.173,T2_ldn7-8,0.1,0.0,5,fix1W,none
1529.0,-0.1711,0.642,0.52,-10.49,192.6,263.3,0,744,-0.1497,-6.86,785,-0.1914,-7.94,0.17,T2_ldn7-8,0.1,0.0,5,fix1W,mid
1592.0,-0.1648,0.487,0.689,-7.26,200.5,266.2,0,787,-0.1352,-4.31,805,-0.1938,-5.92,0.172,T2_ldn7-8,0.1,0.0,5,fix1W,opp
1596.0,-0.1667,0.355,0.749,-5.64,201.0,273.3,0,791,-0.1621,-3.86,805,-0.1712,-4.11,0.173,T2_ldn7-8,0.1,0.0,5,fix1W,1.5R
1476.0,-0.1396,0.192,0.836,-2.24,185.9,262.8,3,728,-0.1777,-2.23,748,-0.1025,-1.08,0.23,T2_ldn7-8,0.1,0.0,15,ext+0.1W,none
1308.0,-0.2403,0.561,0.473,-11.4,164.9,315.4,0,627,-0.183,-6.69,681,-0.2931,-9.28,0.236,T2_ldn7-8,0.1,0.0,15,ext+0.1W,mid
1470.0,-0.1963,0.435,0.675,-6.94,185.1,295.1,0,723,-0.1304,-3.41,747,-0.26,-6.28,0.23,T2_ldn7-8,0.1,0.0,15,ext+0.1W,opp
1476.0,-0.2014,0.346,0.708,-6.51,185.9,307.6,0,728,-0.1429,-3.19,748,-0.2583,-6.05,0.23,T2_ldn7-8,0.1,0.0,15,ext+0.1W,1.5R
1476.0,-0.1604,0.215,0.802,-2.92,185.9,281.2,2,728,-0.1997,-2.77,748,-0.1222,-1.48,0.19,T2_ldn7-8,0.1,0.0,15,ext+0.25W,none
1308.0,-0.1952,0.615,0.501,-10.23,164.9,256.1,0,627,-0.1561,-6.29,681,-0.2311,-8.09,0.192,T2_ldn7-8,0.1,0.0,15,ext+0.25W,mid
1470.0,-0.1748,0.478,0.681,-6.89,185.1,261.3,0,723,-0.1343,-3.91,747,-0.2139,-5.75,0.19,T2_ldn7-8,0.1,0.0,15,ext+0.25W,opp
1476.0,-0.1564,0.36,0.764,-5.06,185.9,241.5,0,728,-0.1556,-3.53,748,-0.1572,-3.62,0.19,T2_ldn7-8,0.1,0.0,15,ext+0.25W,1.5R
1476.0,-0.2004,0.135,0.789,-2.74,185.9,354.5,3,728,-0.2527,-2.6,748,-0.1495,-1.37,0.348,T2_ldn7-8,0.1,0.0,15,fix0.5W,none
1308.0,-0.3165,0.482,0.428,-14.14,164.9,414.2,0,627,-0.2818,-9.22,681,-0.3484,-10.72,0.334,T2_ldn7-8,0.1,0.0,15,fix0.5W,mid
1470.0,-0.2938,0.326,0.603,-9.53,185.1,439.9,0,723,-0.2372,-5.39,747,-0.3486,-8.08,0.347,T2_ldn7-8,0.1,0.0,15,fix0.5W,opp
1476.0,-0.2807,0.323,0.624,-9.05,185.9,423.0,0,728,-0.2419,-5.39,748,-0.3185,-7.43,0.348,T2_ldn7-8,0.1,0.0,15,fix0.5W,1.5R
1476.0,-0.1515,0.236,0.806,-2.96,185.9,246.7,1,728,-0.1743,-2.54,748,-0.1294,-1.71,0.174,T2_ldn7-8,0.1,0.0,15,fix1W,none
1308.0,-0.1698,0.661,0.492,-10.06,164.9,222.9,0,627,-0.1344,-6.0,681,-0.2025,-8.11,0.167,T2_ldn7-8,0.1,0.0,15,fix1W,mid
1470.0,-0.1646,0.505,0.677,-7.21,185.1,246.2,0,723,-0.1327,-4.18,747,-0.1954,-5.97,0.173,T2_ldn7-8,0.1,0.0,15,fix1W,opp
1476.0,-0.1448,0.364,0.778,-4.69,185.9,221.7,0,728,-0.1504,-3.43,748,-0.1393,-3.21,0.174,T2_ldn7-8,0.1,0.0,15,fix1W,1.5R
1102.0,-0.1566,0.221,0.806,-2.44,138.8,224.0,1,555,-0.1976,-2.47,547,-0.1149,-1.14,0.188,T2_ldn7-8,0.1,0.0,60,ext+0.1W,none
801.0,-0.2047,0.592,0.475,-8.35,101.0,165.1,0,358,-0.1812,-5.38,443,-0.2237,-6.39,0.202,T2_ldn7-8,0.1,0.0,60,ext+0.1W,mid
1091.0,-0.1782,0.501,0.66,-6.16,137.4,200.1,0,545,-0.1486,-3.89,546,-0.2078,-4.78,0.189,T2_ldn7-8,0.1,0.0,60,ext+0.1W,opp
1102.0,-0.1777,0.352,0.735,-5.0,138.8,204.9,0,555,-0.1875,-3.77,547,-0.1678,-3.3,0.188,T2_ldn7-8,0.1,0.0,60,ext+0.1W,1.5R
1102.0,-0.1857,0.242,0.76,-3.32,138.8,252.3,1,555,-0.23,-3.23,547,-0.1409,-1.63,0.16,T2_ldn7-8,0.1,0.0,60,ext+0.25W,none
801.0,-0.1786,0.629,0.481,-7.96,101.0,143.8,0,358,-0.1606,-5.17,443,-0.1932,-6.06,0.168,T2_ldn7-8,0.1,0.0,60,ext+0.25W,mid
1091.0,-0.1635,0.538,0.659,-6.23,137.4,182.4,0,545,-0.144,-4.12,546,-0.183,-4.67,0.161,T2_ldn7-8,0.1,0.0,60,ext+0.25W,opp
1102.0,-0.1654,0.358,0.748,-4.69,138.8,200.7,0,555,-0.1792,-3.63,547,-0.1514,-3.0,0.16,T2_ldn7-8,0.1,0.0,60,ext+0.25W,1.5R
1102.0,-0.2542,0.131,0.733,-3.07,138.8,337.3,1,555,-0.2923,-2.77,547,-0.2156,-1.68,0.341,T2_ldn7-8,0.1,0.0,60,fix0.5W,none
801.0,-0.3159,0.482,0.403,-11.48,101.0,254.7,0,358,-0.3007,-7.65,443,-0.3283,-8.57,0.318,T2_ldn7-8,0.1,0.0,60,fix0.5W,mid
1091.0,-0.3633,0.324,0.509,-10.96,137.4,400.7,0,545,-0.3356,-7.28,546,-0.391,-8.2,0.341,T2_ldn7-8,0.1,0.0,60,fix0.5W,opp
1102.0,-0.3437,0.298,0.555,-9.8,138.8,383.9,0,555,-0.3277,-6.57,547,-0.36,-7.29,0.341,T2_ldn7-8,0.1,0.0,60,fix0.5W,1.5R
1102.0,-0.1724,0.24,0.779,-3.01,138.8,243.8,1,555,-0.1984,-2.63,547,-0.1461,-1.69,0.171,T2_ldn7-8,0.1,0.0,60,fix1W,none
801.0,-0.1729,0.648,0.461,-8.26,101.0,139.1,1,358,-0.1703,-5.7,443,-0.175,-6.0,0.159,T2_ldn7-8,0.1,0.0,60,fix1W,mid
1091.0,-0.1867,0.525,0.618,-7.45,137.4,206.0,1,545,-0.173,-5.08,546,-0.2004,-5.45,0.17,T2_ldn7-8,0.1,0.0,60,fix1W,opp
1102.0,-0.1728,0.356,0.739,-4.89,138.8,198.8,0,555,-0.2147,-4.37,547,-0.1302,-2.56,0.171,T2_ldn7-8,0.1,0.0,60,fix1W,1.5R
1343.0,-0.1305,0.219,0.837,-2.24,169.1,253.3,2,676,-0.1913,-2.65,667,-0.0689,-0.75,0.194,T2_ldn7-8,0.1,0.25,1,ext+0.1W,none
1127.0,-0.2019,0.66,0.337,-12.26,142.0,228.6,0,487,-0.1703,-7.81,640,-0.226,-9.52,0.191,T2_ldn7-8,0.1,0.25,1,ext+0.1W,mid
1339.0,-0.1638,0.527,0.671,-6.86,168.6,225.8,0,672,-0.1223,-3.93,667,-0.2055,-5.68,0.194,T2_ldn7-8,0.1,0.25,1,ext+0.1W,opp
1343.0,-0.1672,0.358,0.748,-5.2,169.1,240.3,0,676,-0.1675,-3.71,667,-0.167,-3.63,0.194,T2_ldn7-8,0.1,0.25,1,ext+0.1W,1.5R
1343.0,-0.1705,0.236,0.779,-3.33,169.1,262.0,2,676,-0.2301,-3.58,667,-0.11,-1.38,0.165,T2_ldn7-8,0.1,0.25,1,ext+0.25W,none
1127.0,-0.1748,0.694,0.34,-11.43,142.0,198.5,0,487,-0.1442,-7.15,640,-0.198,-8.97,0.16,T2_ldn7-8,0.1,0.25,1,ext+0.25W,mid
1339.0,-0.1528,0.561,0.665,-6.93,168.6,209.4,0,672,-0.1215,-4.2,667,-0.1842,-5.53,0.165,T2_ldn7-8,0.1,0.25,1,ext+0.25W,opp
1343.0,-0.163,0.36,0.75,-5.12,169.1,229.4,0,676,-0.1921,-4.35,667,-0.1334,-2.9,0.165,T2_ldn7-8,0.1,0.25,1,ext+0.25W,1.5R
1343.0,-0.2378,0.124,0.752,-3.05,169.1,381.9,2,676,-0.3546,-3.8,667,-0.1195,-0.96,0.363,T2_ldn7-8,0.1,0.25,1,fix0.5W,none
1127.0,-0.3248,0.545,0.287,-16.57,142.0,367.7,0,487,-0.2926,-10.87,640,-0.3493,-12.58,0.329,T2_ldn7-8,0.1,0.25,1,fix0.5W,mid
1339.0,-0.3221,0.347,0.552,-10.93,168.6,438.3,0,672,-0.3087,-7.65,667,-0.3357,-7.8,0.362,T2_ldn7-8,0.1,0.25,1,fix0.5W,opp
1343.0,-0.3214,0.307,0.578,-10.04,169.1,442.5,0,676,-0.3164,-6.99,667,-0.3265,-7.21,0.363,T2_ldn7-8,0.1,0.25,1,fix0.5W,1.5R
1343.0,-0.1604,0.226,0.798,-2.95,169.1,248.8,2,676,-0.2299,-3.3,667,-0.09,-1.08,0.181,T2_ldn7-8,0.1,0.25,1,fix1W,none
1127.0,-0.1765,0.697,0.326,-11.73,142.0,200.2,0,487,-0.154,-7.59,640,-0.1937,-8.99,0.164,T2_ldn7-8,0.1,0.25,1,fix1W,mid
1339.0,-0.1779,0.538,0.631,-8.02,168.6,242.5,0,672,-0.1597,-5.32,667,-0.1962,-6.0,0.181,T2_ldn7-8,0.1,0.25,1,fix1W,opp
1343.0,-0.1864,0.35,0.724,-5.8,169.1,259.9,0,676,-0.2097,-4.67,667,-0.1627,-3.54,0.181,T2_ldn7-8,0.1,0.25,1,fix1W,1.5R
1251.0,-0.0944,0.236,0.879,-1.62,157.6,188.7,2,625,-0.1994,-2.84,626,0.0104,0.11,0.183,T2_ldn7-8,0.1,0.25,5,ext+0.1W,none
886.0,-0.1644,0.684,0.364,-9.5,111.7,146.5,0,356,-0.144,-6.08,530,-0.1782,-7.37,0.181,T2_ldn7-8,0.1,0.25,5,ext+0.1W,mid
1242.0,-0.1364,0.565,0.698,-5.8,156.4,174.0,0,617,-0.1223,-3.97,625,-0.1503,-4.24,0.182,T2_ldn7-8,0.1,0.25,5,ext+0.1W,opp
1251.0,-0.1419,0.366,0.782,-4.23,157.6,190.8,1,625,-0.1872,-4.02,626,-0.0966,-2.0,0.183,T2_ldn7-8,0.1,0.25,5,ext+0.1W,1.5R
1251.0,-0.1364,0.253,0.818,-2.63,157.6,199.9,2,625,-0.2286,-3.61,626,-0.0443,-0.54,0.156,T2_ldn7-8,0.1,0.25,5,ext+0.25W,none
886.0,-0.1488,0.708,0.352,-9.21,111.7,133.2,0,356,-0.1238,-5.64,530,-0.1656,-7.32,0.153,T2_ldn7-8,0.1,0.25,5,ext+0.25W,mid
1242.0,-0.1275,0.598,0.691,-5.88,156.4,162.0,0,617,-0.1167,-4.07,625,-0.1382,-4.25,0.156,T2_ldn7-8,0.1,0.25,5,ext+0.25W,opp
1251.0,-0.1315,0.369,0.793,-3.96,157.6,177.7,0,625,-0.1827,-3.98,626,-0.0804,-1.68,0.156,T2_ldn7-8,0.1,0.25,5,ext+0.25W,1.5R
1251.0,-0.2236,0.13,0.766,-2.77,157.6,319.3,2,625,-0.3741,-3.94,626,-0.0733,-0.56,0.363,T2_ldn7-8,0.1,0.25,5,fix0.5W,none
886.0,-0.305,0.55,0.287,-14.18,111.7,271.5,0,356,-0.2842,-9.33,530,-0.3189,-10.78,0.321,T2_ldn7-8,0.1,0.25,5,fix0.5W,mid
1242.0,-0.3266,0.36,0.535,-10.99,156.4,411.1,0,617,-0.3372,-8.36,625,-0.3162,-7.25,0.36,T2_ldn7-8,0.1,0.25,5,fix0.5W,opp
1251.0,-0.3244,0.306,0.576,-9.78,157.6,410.9,0,625,-0.3368,-7.21,626,-0.3121,-6.63,0.363,T2_ldn7-8,0.1,0.25,5,fix0.5W,1.5R
1251.0,-0.1236,0.236,0.843,-2.17,157.6,199.6,2,625,-0.2164,-3.02,626,-0.0309,-0.35,0.181,T2_ldn7-8,0.1,0.25,5,fix1W,none
886.0,-0.1513,0.708,0.342,-9.43,111.7,135.1,0,356,-0.1372,-6.13,530,-0.1607,-7.24,0.16,T2_ldn7-8,0.1,0.25,5,fix1W,mid
1242.0,-0.1609,0.564,0.644,-7.22,156.4,203.4,0,617,-0.1626,-5.37,625,-0.1593,-4.87,0.18,T2_ldn7-8,0.1,0.25,5,fix1W,opp
1251.0,-0.1615,0.36,0.757,-4.82,157.6,211.7,0,625,-0.2238,-4.81,626,-0.0994,-2.06,0.181,T2_ldn7-8,0.1,0.25,5,fix1W,1.5R
1133.0,-0.093,0.249,0.878,-1.58,142.7,155.2,2,571,-0.1826,-2.57,562,-0.0019,-0.02,0.173,T2_ldn7-8,0.1,0.25,15,ext+0.1W,none
651.0,-0.1623,0.697,0.351,-8.2,82.0,106.5,0,256,-0.1578,-5.52,395,-0.1652,-6.15,0.175,T2_ldn7-8,0.1,0.25,15,ext+0.1W,mid
1117.0,-0.1433,0.589,0.663,-6.12,140.7,163.0,0,557,-0.1331,-4.31,560,-0.1533,-4.36,0.173,T2_ldn7-8,0.1,0.25,15,ext+0.1W,opp
1133.0,-0.1136,0.374,0.821,-3.22,142.7,141.2,1,571,-0.1435,-2.92,562,-0.0833,-1.64,0.173,T2_ldn7-8,0.1,0.25,15,ext+0.1W,1.5R
1133.0,-0.1366,0.264,0.814,-2.61,142.7,172.2,2,571,-0.2099,-3.25,562,-0.0623,-0.75,0.15,T2_ldn7-8,0.1,0.25,15,ext+0.25W,none
651.0,-0.1487,0.717,0.335,-8.02,82.0,97.5,0,256,-0.1397,-5.22,395,-0.1545,-6.14,0.149,T2_ldn7-8,0.1,0.25,15,ext+0.25W,mid
1117.0,-0.1325,0.62,0.659,-6.1,140.7,150.0,0,557,-0.1314,-4.55,560,-0.1336,-4.12,0.151,T2_ldn7-8,0.1,0.25,15,ext+0.25W,opp
1133.0,-0.1077,0.377,0.828,-3.08,142.7,134.5,0,571,-0.1529,-3.16,562,-0.0617,-1.22,0.15,T2_ldn7-8,0.1,0.25,15,ext+0.25W,1.5R
1133.0,-0.2259,0.132,0.763,-2.68,142.7,303.9,3,571,-0.4221,-4.57,562,-0.0265,-0.19,0.359,T2_ldn7-8,0.1,0.25,15,fix0.5W,none
651.0,-0.3074,0.558,0.27,-12.47,82.0,201.5,0,256,-0.3109,-8.56,395,-0.3051,-9.2,0.305,T2_ldn7-8,0.1,0.25,15,fix0.5W,mid
1117.0,-0.3674,0.356,0.479,-12.25,140.7,415.4,0,557,-0.4013,-9.87,560,-0.3336,-7.57,0.356,T2_ldn7-8,0.1,0.25,15,fix0.5W,opp
1133.0,-0.3494,0.296,0.55,-10.11,142.7,401.0,0,571,-0.4002,-8.38,562,-0.2978,-5.97,0.359,T2_ldn7-8,0.1,0.25,15,fix0.5W,1.5R
1133.0,-0.1106,0.238,0.859,-1.83,142.7,159.2,2,571,-0.1931,-2.54,562,-0.0268,-0.29,0.179,T2_ldn7-8,0.1,0.25,15,fix1W,none
651.0,-0.1456,0.717,0.335,-7.98,82.0,95.4,0,256,-0.1403,-5.28,395,-0.149,-6.04,0.153,T2_ldn7-8,0.1,0.25,15,fix1W,mid
1117.0,-0.1632,0.581,0.624,-7.18,140.7,184.3,0,557,-0.1715,-5.54,560,-0.1549,-4.65,0.178,T2_ldn7-8,0.1,0.25,15,fix1W,opp
1133.0,-0.1464,0.364,0.778,-4.14,142.7,173.7,1,571,-0.2062,-4.21,562,-0.0856,-1.68,0.179,T2_ldn7-8,0.1,0.25,15,fix1W,1.5R
710.0,-0.1394,0.251,0.816,-1.99,89.5,128.4,0,367,-0.1244,-1.37,343,-0.1554,-1.44,0.162,T2_ldn7-8,0.1,0.25,60,ext+0.1W,none
318.0,-0.1469,0.682,0.338,-5.51,40.4,46.7,1,115,-0.1035,-2.67,203,-0.1715,-4.83,0.167,T2_ldn7-8,0.1,0.25,60,ext+0.1W,mid
696.0,-0.1611,0.602,0.607,-5.73,87.7,114.1,0,354,-0.1227,-3.37,342,-0.2008,-4.67,0.162,T2_ldn7-8,0.1,0.25,60,ext+0.1W,opp
710.0,-0.1264,0.372,0.801,-2.87,89.5,101.8,0,367,-0.1141,-1.88,343,-0.1395,-2.18,0.162,T2_ldn7-8,0.1,0.25,60,ext+0.1W,1.5R
710.0,-0.1809,0.262,0.754,-2.88,89.5,152.4,0,367,-0.1842,-2.27,343,-0.1774,-1.83,0.141,T2_ldn7-8,0.1,0.25,60,ext+0.25W,none
318.0,-0.1325,0.701,0.326,-5.31,40.4,42.2,1,115,-0.0642,-1.94,203,-0.1713,-5.04,0.142,T2_ldn7-8,0.1,0.25,60,ext+0.25W,mid
696.0,-0.153,0.628,0.595,-5.83,87.7,107.6,0,354,-0.1252,-3.66,342,-0.1818,-4.55,0.141,T2_ldn7-8,0.1,0.25,60,ext+0.25W,opp
710.0,-0.1517,0.362,0.762,-3.5,89.5,119.8,0,367,-0.1555,-2.61,343,-0.1477,-2.33,0.141,T2_ldn7-8,0.1,0.25,60,ext+0.25W,1.5R
710.0,-0.2595,0.13,0.728,-2.64,89.5,234.9,0,367,-0.2173,-1.61,343,-0.3046,-2.11,0.345,T2_ldn7-8,0.1,0.25,60,fix0.5W,none
318.0,-0.3124,0.531,0.239,-9.07,40.4,99.4,0,115,-0.2677,-5.04,203,-0.3378,-7.54,0.304,T2_ldn7-8,0.1,0.25,60,fix0.5W,mid
696.0,-0.4012,0.362,0.426,-11.13,87.7,281.5,0,354,-0.3824,-7.77,342,-0.4206,-7.96,0.344,T2_ldn7-8,0.1,0.25,60,fix0.5W,opp
710.0,-0.3685,0.287,0.53,-8.51,89.5,266.8,0,367,-0.3249,-5.3,343,-0.4151,-6.8,0.345,T2_ldn7-8,0.1,0.25,60,fix0.5W,1.5R
710.0,-0.1653,0.241,0.789,-2.34,89.5,147.2,0,367,-0.1625,-1.72,343,-0.1683,-1.59,0.172,T2_ldn7-8,0.1,0.25,60,fix1W,none
318.0,-0.1524,0.682,0.296,-5.91,40.4,48.4,0,115,-0.1117,-2.96,203,-0.1754,-5.12,0.152,T2_ldn7-8,0.1,0.25,60,fix1W,mid
696.0,-0.1883,0.585,0.56,-6.82,87.7,132.2,1,354,-0.1627,-4.41,342,-0.2148,-5.2,0.172,T2_ldn7-8,0.1,0.25,60,fix1W,opp
710.0,-0.1582,0.362,0.76,-3.57,89.5,121.1,0,367,-0.1749,-2.87,343,-0.1404,-2.18,0.172,T2_ldn7-8,0.1,0.25,60,fix1W,1.5R
1478.0,-0.1144,0.18,0.869,-1.68,186.2,298.9,4,729,-0.1755,-2.04,749,-0.0549,-0.52,0.253,T2_ldn7-8,0.2,0.0,1,ext+0.1W,none
1463.0,-0.287,0.5,0.464,-13.37,184.3,421.4,0,717,-0.2331,-8.26,746,-0.3389,-10.56,0.253,T2_ldn7-8,0.2,0.0,1,ext+0.1W,mid
1477.0,-0.2379,0.376,0.647,-7.89,186.0,353.7,0,728,-0.1845,-4.53,749,-0.2899,-6.54,0.253,T2_ldn7-8,0.2,0.0,1,ext+0.1W,opp
1478.0,-0.2516,0.328,0.649,-8.21,186.2,375.2,0,729,-0.2083,-4.72,749,-0.2937,-6.9,0.253,T2_ldn7-8,0.2,0.0,1,ext+0.1W,1.5R
1478.0,-0.1607,0.202,0.808,-2.78,186.2,308.8,3,729,-0.2212,-3.01,749,-0.1018,-1.14,0.205,T2_ldn7-8,0.2,0.0,1,ext+0.25W,none
1463.0,-0.2444,0.554,0.48,-12.47,184.3,358.8,0,717,-0.2035,-7.92,746,-0.2837,-9.66,0.205,T2_ldn7-8,0.2,0.0,1,ext+0.25W,mid
1477.0,-0.2152,0.419,0.651,-7.97,186.0,321.4,0,728,-0.1861,-5.12,749,-0.2435,-6.11,0.206,T2_ldn7-8,0.2,0.0,1,ext+0.25W,opp
1478.0,-0.2217,0.337,0.682,-7.24,186.2,333.4,0,729,-0.226,-5.22,749,-0.2175,-5.02,0.205,T2_ldn7-8,0.2,0.0,1,ext+0.25W,1.5R
1478.0,-0.2412,0.127,0.749,-3.34,186.2,403.1,2,729,-0.2667,-2.7,749,-0.2164,-2.05,0.359,T2_ldn7-8,0.2,0.0,1,fix0.5W,none
1463.0,-0.3983,0.396,0.401,-17.33,184.3,584.5,0,717,-0.3636,-11.5,746,-0.4315,-12.97,0.356,T2_ldn7-8,0.2,0.0,1,fix0.5W,mid
1477.0,-0.3618,0.269,0.552,-11.25,186.0,538.3,0,728,-0.3327,-7.35,749,-0.3902,-8.54,0.359,T2_ldn7-8,0.2,0.0,1,fix0.5W,opp
1478.0,-0.3658,0.291,0.534,-12.1,186.2,544.3,0,729,-0.3371,-7.74,749,-0.3938,-9.39,0.359,T2_ldn7-8,0.2,0.0,1,fix0.5W,1.5R
1478.0,-0.1561,0.231,0.802,-3.0,186.2,265.2,3,729,-0.2415,-3.66,749,-0.0729,-0.91,0.179,T2_ldn7-8,0.2,0.0,1,fix1W,none
1463.0,-0.2051,0.606,0.498,-11.54,184.3,300.9,0,717,-0.2001,-8.32,746,-0.2098,-8.04,0.178,T2_ldn7-8,0.2,0.0,1,fix1W,mid
1477.0,-0.1817,0.461,0.676,-7.46,186.0,271.8,0,728,-0.1766,-5.23,749,-0.1867,-5.32,0.179,T2_ldn7-8,0.2,0.0,1,fix1W,opp
1478.0,-0.1783,0.351,0.734,-5.83,186.2,270.1,0,729,-0.2173,-5.05,749,-0.1404,-3.23,0.179,T2_ldn7-8,0.2,0.0,1,fix1W,1.5R
1373.0,-0.1115,0.196,0.868,-1.68,172.9,249.9,3,671,-0.1652,-1.98,702,-0.0602,-0.59,0.229,T2_ldn7-8,0.2,0.0,5,ext+0.1W,none
1316.0,-0.2505,0.548,0.469,-11.91,165.7,330.5,0,632,-0.2073,-7.51,684,-0.2905,-9.26,0.231,T2_ldn7-8,0.2,0.0,5,ext+0.1W,mid
1371.0,-0.2046,0.423,0.67,-6.94,172.7,283.4,0,669,-0.1653,-4.2,702,-0.242,-5.55,0.229,T2_ldn7-8,0.2,0.0,5,ext+0.1W,opp
1373.0,-0.2255,0.337,0.678,-7.09,172.9,313.8,0,671,-0.1936,-4.22,702,-0.256,-5.81,0.229,T2_ldn7-8,0.2,0.0,5,ext+0.1W,1.5R
1373.0,-0.148,0.218,0.817,-2.6,172.9,256.5,3,671,-0.2069,-2.85,702,-0.0916,-1.05,0.188,T2_ldn7-8,0.2,0.0,5,ext+0.25W,none
1316.0,-0.211,0.598,0.487,-10.97,165.7,279.7,0,632,-0.1775,-7.02,684,-0.2419,-8.44,0.189,T2_ldn7-8,0.2,0.0,5,ext+0.25W,mid
1371.0,-0.1871,0.463,0.67,-7.05,172.7,261.0,0,669,-0.1688,-4.74,702,-0.2044,-5.22,0.188,T2_ldn7-8,0.2,0.0,5,ext+0.25W,opp
1373.0,-0.1862,0.349,0.724,-5.86,172.9,262.4,0,671,-0.2214,-4.94,702,-0.1526,-3.39,0.188,T2_ldn7-8,0.2,0.0,5,ext+0.25W,1.5R
1373.0,-0.2458,0.13,0.744,-3.33,172.9,348.6,2,671,-0.2294,-2.22,702,-0.2615,-2.48,0.36,T2_ldn7-8,0.2,0.0,5,fix0.5W,none
1316.0,-0.3687,0.434,0.401,-15.86,165.7,486.1,0,632,-0.3434,-10.72,684,-0.3921,-11.7,0.354,T2_ldn7-8,0.2,0.0,5,fix0.5W,mid
1371.0,-0.3428,0.291,0.563,-10.49,172.7,473.0,0,669,-0.3153,-6.82,702,-0.369,-7.99,0.36,T2_ldn7-8,0.2,0.0,5,fix0.5W,opp
1373.0,-0.3525,0.296,0.548,-11.18,172.9,485.8,0,671,-0.331,-7.26,702,-0.3731,-8.54,0.36,T2_ldn7-8,0.2,0.0,5,fix0.5W,1.5R
1373.0,-0.144,0.233,0.817,-2.65,172.9,233.4,2,671,-0.2128,-3.04,702,-0.0784,-0.95,0.18,T2_ldn7-8,0.2,0.0,5,fix1W,none
1316.0,-0.1938,0.628,0.484,-10.86,165.7,256.6,0,632,-0.1753,-7.28,684,-0.2108,-8.07,0.177,T2_ldn7-8,0.2,0.0,5,fix1W,mid
1371.0,-0.1702,0.484,0.682,-6.94,172.7,237.2,0,669,-0.1505,-4.4,702,-0.1891,-5.38,0.18,T2_ldn7-8,0.2,0.0,5,fix1W,opp
1373.0,-0.1702,0.353,0.744,-5.35,172.9,240.8,0,671,-0.2004,-4.45,702,-0.1413,-3.14,0.18,T2_ldn7-8,0.2,0.0,5,fix1W,1.5R
1258.0,-0.0254,0.226,0.968,-0.37,158.4,179.7,4,607,-0.1097,-1.3,651,0.0532,0.5,0.211,T2_ldn7-8,0.2,0.0,15,ext+0.1W,none
1125.0,-0.2145,0.596,0.482,-10.1,141.8,242.3,0,527,-0.1486,-5.32,598,-0.2726,-8.7,0.215,T2_ldn7-8,0.2,0.0,15,ext+0.1W,mid
1248.0,-0.1688,0.468,0.701,-5.83,157.2,218.5,0,601,-0.1216,-3.08,647,-0.2127,-5.05,0.212,T2_ldn7-8,0.2,0.0,15,ext+0.1W,opp
1258.0,-0.1693,0.358,0.747,-5.05,158.4,225.0,0,607,-0.1445,-2.97,651,-0.1924,-4.15,0.211,T2_ldn7-8,0.2,0.0,15,ext+0.1W,1.5R
1258.0,-0.0769,0.247,0.9,-1.31,158.4,181.5,3,607,-0.1598,-2.16,651,0.0004,0.0,0.176,T2_ldn7-8,0.2,0.0,15,ext+0.25W,none
1125.0,-0.1857,0.636,0.491,-9.51,141.8,209.7,0,527,-0.1392,-5.43,598,-0.2267,-7.85,0.18,T2_ldn7-8,0.2,0.0,15,ext+0.25W,mid
1248.0,-0.151,0.508,0.706,-5.75,157.2,193.5,0,601,-0.1275,-3.57,647,-0.1728,-4.52,0.177,T2_ldn7-8,0.2,0.0,15,ext+0.25W,opp
1258.0,-0.1313,0.37,0.797,-3.92,158.4,177.3,0,607,-0.1649,-3.46,651,-0.0999,-2.13,0.176,T2_ldn7-8,0.2,0.0,15,ext+0.25W,1.5R
1258.0,-0.1221,0.14,0.871,-1.44,158.4,250.1,4,607,-0.1946,-1.76,651,-0.0545,-0.43,0.36,T2_ldn7-8,0.2,0.0,15,fix0.5W,none
1125.0,-0.3406,0.468,0.404,-14.07,141.8,383.4,0,527,-0.2905,-8.65,598,-0.3848,-11.14,0.344,T2_ldn7-8,0.2,0.0,15,fix0.5W,mid
1248.0,-0.3051,0.319,0.593,-9.07,157.2,390.3,0,601,-0.2534,-5.22,647,-0.3531,-7.57,0.36,T2_ldn7-8,0.2,0.0,15,fix0.5W,opp
1258.0,-0.3014,0.316,0.601,-9.01,158.4,388.3,0,607,-0.2656,-5.43,651,-0.3348,-7.31,0.36,T2_ldn7-8,0.2,0.0,15,fix0.5W,1.5R
1258.0,-0.1124,0.24,0.856,-1.96,158.4,195.6,3,607,-0.1547,-2.04,651,-0.0729,-0.85,0.18,T2_ldn7-8,0.2,0.0,15,fix1W,none
1125.0,-0.1822,0.651,0.473,-9.9,141.8,205.7,0,527,-0.1469,-5.93,598,-0.2133,-7.95,0.172,T2_ldn7-8,0.2,0.0,15,fix1W,mid
1248.0,-0.1596,0.504,0.687,-6.4,157.2,202.8,0,601,-0.14,-3.99,647,-0.1778,-5.03,0.18,T2_ldn7-8,0.2,0.0,15,fix1W,opp
1258.0,-0.1398,0.364,0.786,-4.18,158.4,183.9,0,607,-0.1756,-3.68,651,-0.1065,-2.27,0.18,T2_ldn7-8,0.2,0.0,15,fix1W,1.5R
917.0,-0.0609,0.248,0.921,-0.83,115.5,130.4,3,455,-0.0707,-0.73,462,-0.0511,-0.47,0.179,T2_ldn7-8,0.2,0.0,60,ext+0.1W,none
674.0,-0.1814,0.623,0.496,-7.11,84.9,124.5,1,302,-0.1288,-3.72,372,-0.2242,-6.13,0.191,T2_ldn7-8,0.2,0.0,60,ext+0.1W,mid
899.0,-0.1446,0.534,0.704,-4.73,113.2,138.0,2,442,-0.1204,-2.94,457,-0.1679,-3.71,0.18,T2_ldn7-8,0.2,0.0,60,ext+0.1W,opp
917.0,-0.1422,0.368,0.781,-3.64,115.5,142.4,0,455,-0.1836,-3.37,462,-0.1015,-1.82,0.179,T2_ldn7-8,0.2,0.0,60,ext+0.1W,1.5R
917.0,-0.0994,0.267,0.866,-1.56,115.5,144.5,3,455,-0.1331,-1.56,462,-0.0663,-0.7,0.154,T2_ldn7-8,0.2,0.0,60,ext+0.25W,none
674.0,-0.1564,0.659,0.507,-6.65,84.9,107.2,0,302,-0.12,-3.76,372,-0.1859,-5.5,0.162,T2_ldn7-8,0.2,0.0,60,ext+0.25W,mid
899.0,-0.129,0.57,0.711,-4.6,113.2,121.4,2,442,-0.1193,-3.17,457,-0.1385,-3.33,0.156,T2_ldn7-8,0.2,0.0,60,ext+0.25W,opp
917.0,-0.119,0.377,0.811,-3.07,115.5,133.2,0,455,-0.1753,-3.25,462,-0.0636,-1.14,0.154,T2_ldn7-8,0.2,0.0,60,ext+0.25W,1.5R
917.0,-0.2564,0.125,0.733,-2.74,115.5,294.2,2,455,-0.2908,-2.39,462,-0.2226,-1.57,0.356,T2_ldn7-8,0.2,0.0,60,fix0.5W,none
674.0,-0.3223,0.481,0.4,-10.66,84.9,219.9,0,302,-0.2869,-6.67,372,-0.351,-8.32,0.33,T2_ldn7-8,0.2,0.0,60,fix0.5W,mid
899.0,-0.3746,0.317,0.502,-10.17,113.2,342.8,0,442,-0.3693,-7.19,457,-0.3796,-7.2,0.354,T2_ldn7-8,0.2,0.0,60,fix0.5W,opp
917.0,-0.3557,0.294,0.543,-9.28,115.5,333.9,0,455,-0.3734,-6.89,462,-0.3383,-6.23,0.356,T2_ldn7-8,0.2,0.0,60,fix0.5W,1.5R
917.0,-0.1327,0.242,0.829,-2.01,115.5,178.9,2,455,-0.1426,-1.58,462,-0.123,-1.27,0.178,T2_ldn7-8,0.2,0.0,60,fix1W,none
674.0,-0.1742,0.651,0.462,-7.59,84.9,118.9,1,302,-0.1575,-4.88,372,-0.1878,-5.81,0.165,T2_ldn7-8,0.2,0.0,60,fix1W,mid
899.0,-0.1748,0.529,0.64,-6.29,113.2,160.6,2,442,-0.174,-4.54,457,-0.1756,-4.36,0.177,T2_ldn7-8,0.2,0.0,60,fix1W,opp
917.0,-0.1531,0.363,0.766,-3.93,115.5,150.2,1,455,-0.2097,-3.86,462,-0.0973,-1.75,0.178,T2_ldn7-8,0.2,0.0,60,fix1W,1.5R
1129.0,-0.0337,0.249,0.956,-0.52,142.2,163.2,3,558,-0.1293,-1.63,571,0.0596,0.59,0.177,T2_ldn7-8,0.2,0.25,1,ext+0.1W,none
939.0,-0.1872,0.684,0.322,-10.98,118.3,177.1,0,390,-0.1315,-5.93,549,-0.2268,-9.28,0.174,T2_ldn7-8,0.2,0.25,1,ext+0.1W,mid
1127.0,-0.1392,0.564,0.694,-5.68,141.9,163.9,0,556,-0.1065,-3.31,571,-0.171,-4.64,0.177,T2_ldn7-8,0.2,0.25,1,ext+0.1W,opp
1129.0,-0.1442,0.367,0.777,-4.12,142.2,178.7,0,558,-0.1862,-3.82,571,-0.1033,-2.06,0.177,T2_ldn7-8,0.2,0.25,1,ext+0.1W,1.5R
1129.0,-0.0844,0.265,0.885,-1.48,142.2,171.1,3,558,-0.1725,-2.42,571,0.0017,0.02,0.153,T2_ldn7-8,0.2,0.25,1,ext+0.25W,none
939.0,-0.1672,0.71,0.321,-10.42,118.3,158.1,0,390,-0.1161,-5.59,549,-0.2035,-8.84,0.152,T2_ldn7-8,0.2,0.25,1,ext+0.25W,mid
1127.0,-0.1271,0.597,0.695,-5.57,141.9,149.7,0,556,-0.1055,-3.51,571,-0.1482,-4.34,0.153,T2_ldn7-8,0.2,0.25,1,ext+0.25W,opp
1129.0,-0.1357,0.37,0.786,-3.91,142.2,168.0,0,558,-0.1991,-4.15,571,-0.0738,-1.47,0.153,T2_ldn7-8,0.2,0.25,1,ext+0.25W,1.5R
1129.0,-0.1373,0.128,0.857,-1.47,142.2,261.3,3,558,-0.3005,-2.7,571,0.0222,0.15,0.373,T2_ldn7-8,0.2,0.25,1,fix0.5W,none
939.0,-0.3524,0.531,0.259,-16.36,118.3,332.3,0,390,-0.2929,-9.78,549,-0.3947,-13.18,0.342,T2_ldn7-8,0.2,0.25,1,fix0.5W,mid
1127.0,-0.3523,0.335,0.521,-11.04,141.9,404.0,0,556,-0.3457,-7.87,571,-0.3587,-7.75,0.373,T2_ldn7-8,0.2,0.25,1,fix0.5W,opp
1129.0,-0.3519,0.296,0.548,-10.16,142.2,406.7,0,558,-0.3507,-7.11,571,-0.353,-7.26,0.373,T2_ldn7-8,0.2,0.25,1,fix0.5W,1.5R
1129.0,-0.1119,0.23,0.859,-1.8,142.2,199.9,3,558,-0.1913,-2.4,571,-0.0343,-0.36,0.187,T2_ldn7-8,0.2,0.25,1,fix1W,none
939.0,-0.1894,0.69,0.301,-11.37,118.3,178.8,0,390,-0.1398,-6.36,549,-0.2246,-9.47,0.171,T2_ldn7-8,0.2,0.25,1,fix1W,mid
1127.0,-0.1756,0.54,0.635,-7.27,141.9,201.7,0,556,-0.1552,-4.7,571,-0.1954,-5.55,0.187,T2_ldn7-8,0.2,0.25,1,fix1W,opp
1129.0,-0.1759,0.353,0.738,-5.01,142.2,208.2,1,558,-0.2156,-4.37,571,-0.1372,-2.75,0.187,T2_ldn7-8,0.2,0.25,1,fix1W,1.5R
1050.0,0.0076,0.265,1.01,0.12,132.2,123.9,3,517,-0.1064,-1.33,533,0.1182,1.16,0.169,T2_ldn7-8,0.2,0.25,5,ext+0.1W,none
743.0,-0.1504,0.697,0.358,-8.39,93.6,112.7,0,285,-0.111,-4.62,458,-0.1749,-7.02,0.168,T2_ldn7-8,0.2,0.25,5,ext+0.1W,mid
1044.0,-0.1117,0.601,0.728,-4.62,131.5,122.5,0,512,-0.1078,-3.38,532,-0.1155,-3.18,0.17,T2_ldn7-8,0.2,0.25,5,ext+0.1W,opp
1050.0,-0.1026,0.381,0.837,-2.8,132.2,121.2,2,517,-0.1752,-3.45,533,-0.0322,-0.61,0.169,T2_ldn7-8,0.2,0.25,5,ext+0.1W,1.5R
1050.0,-0.0426,0.281,0.94,-0.73,132.2,133.7,3,517,-0.1496,-2.07,533,0.0611,0.67,0.148,T2_ldn7-8,0.2,0.25,5,ext+0.25W,none
743.0,-0.1365,0.719,0.349,-8.1,93.6,102.2,0,285,-0.0979,-4.35,458,-0.1605,-6.84,0.146,T2_ldn7-8,0.2,0.25,5,ext+0.25W,mid
1044.0,-0.0987,0.634,0.735,-4.39,131.5,108.7,0,512,-0.1009,-3.39,532,-0.0965,-2.88,0.148,T2_ldn7-8,0.2,0.25,5,ext+0.25W,opp
1050.0,-0.094,0.384,0.847,-2.59,132.2,114.0,1,517,-0.1951,-3.92,533,0.0041,0.08,0.148,T2_ldn7-8,0.2,0.25,5,ext+0.25W,1.5R
1050.0,-0.106,0.135,0.889,-1.08,132.2,206.7,3,517,-0.2791,-2.4,533,0.0619,0.39,0.373,T2_ldn7-8,0.2,0.25,5,fix0.5W,none
743.0,-0.327,0.532,0.266,-13.81,93.6,243.9,0,285,-0.275,-8.14,458,-0.3593,-11.2,0.333,T2_ldn7-8,0.2,0.25,5,fix0.5W,mid
1044.0,-0.3506,0.35,0.511,-10.86,131.5,371.5,0,512,-0.3718,-8.47,532,-0.3303,-6.99,0.373,T2_ldn7-8,0.2,0.25,5,fix0.5W,opp
1050.0,-0.347,0.298,0.553,-9.64,132.2,369.4,0,517,-0.3692,-7.25,533,-0.3254,-6.39,0.373,T2_ldn7-8,0.2,0.25,5,fix0.5W,1.5R
1050.0,-0.0604,0.239,0.923,-0.92,132.2,157.7,3,517,-0.1499,-1.78,533,0.0263,0.26,0.187,T2_ldn7-8,0.2,0.25,5,fix1W,none
743.0,-0.1602,0.699,0.323,-9.05,93.6,119.7,0,285,-0.1261,-5.17,458,-0.1814,-7.45,0.166,T2_ldn7-8,0.2,0.25,5,fix1W,mid
1044.0,-0.1564,0.566,0.652,-6.44,131.5,166.4,0,512,-0.1632,-4.91,532,-0.1498,-4.24,0.187,T2_ldn7-8,0.2,0.25,5,fix1W,opp
1050.0,-0.1502,0.363,0.772,-4.1,132.2,167.4,0,517,-0.2385,-4.7,533,-0.0646,-1.23,0.187,T2_ldn7-8,0.2,0.25,5,fix1W,1.5R
935.0,0.0171,0.277,1.024,0.25,117.8,103.5,3,463,-0.0816,-1.0,472,0.114,1.07,0.161,T2_ldn7-8,0.2,0.25,15,ext+0.1W,none
529.0,-0.1435,0.722,0.355,-6.92,66.7,76.6,0,201,-0.1161,-3.99,328,-0.1603,-5.66,0.162,T2_ldn7-8,0.2,0.25,15,ext+0.1W,mid
912.0,-0.1129,0.624,0.707,-4.59,114.9,109.2,0,446,-0.1152,-3.52,466,-0.1107,-3.03,0.161,T2_ldn7-8,0.2,0.25,15,ext+0.1W,opp
935.0,-0.0828,0.385,0.865,-2.13,117.8,95.9,2,463,-0.1459,-2.71,472,-0.0208,-0.37,0.161,T2_ldn7-8,0.2,0.25,15,ext+0.1W,1.5R
935.0,-0.0334,0.292,0.952,-0.55,117.8,113.7,3,463,-0.1266,-1.71,472,0.058,0.61,0.14,T2_ldn7-8,0.2,0.25,15,ext+0.25W,none
529.0,-0.1236,0.745,0.36,-6.42,66.7,66.0,0,201,-0.0947,-3.54,328,-0.1413,-5.36,0.139,T2_ldn7-8,0.2,0.25,15,ext+0.25W,mid
912.0,-0.0995,0.655,0.715,-4.34,114.9,95.6,1,446,-0.1152,-3.74,466,-0.0844,-2.5,0.14,T2_ldn7-8,0.2,0.25,15,ext+0.25W,opp
935.0,-0.0726,0.39,0.88,-1.89,117.8,85.9,2,463,-0.1687,-3.19,472,0.0216,0.39,0.14,T2_ldn7-8,0.2,0.25,15,ext+0.25W,1.5R
935.0,-0.0924,0.138,0.903,-0.88,117.8,207.3,3,463,-0.3101,-2.66,472,0.1211,0.7,0.37,T2_ldn7-8,0.2,0.25,15,fix0.5W,none
529.0,-0.3219,0.556,0.256,-11.69,66.7,170.9,0,201,-0.3058,-7.49,328,-0.3318,-9.03,0.321,T2_ldn7-8,0.2,0.25,15,fix0.5W,mid
912.0,-0.3829,0.35,0.465,-11.55,114.9,354.3,0,446,-0.4393,-9.76,466,-0.3289,-6.79,0.367,T2_ldn7-8,0.2,0.25,15,fix0.5W,opp
935.0,-0.3687,0.289,0.531,-9.74,117.8,349.8,0,463,-0.445,-8.54,472,-0.2938,-5.37,0.37,T2_ldn7-8,0.2,0.25,15,fix0.5W,1.5R
935.0,-0.0475,0.246,0.939,-0.68,117.8,137.2,3,463,-0.1367,-1.56,472,0.04,0.37,0.185,T2_ldn7-8,0.2,0.25,15,fix1W,none
529.0,-0.1435,0.724,0.337,-7.11,66.7,76.2,0,201,-0.1132,-3.99,328,-0.1622,-5.89,0.16,T2_ldn7-8,0.2,0.25,15,fix1W,mid
912.0,-0.1544,0.587,0.64,-6.15,114.9,142.8,1,446,-0.1728,-4.98,466,-0.1367,-3.77,0.184,T2_ldn7-8,0.2,0.25,15,fix1W,opp
935.0,-0.1297,0.371,0.8,-3.33,117.8,129.1,2,463,-0.2211,-4.1,472,-0.0401,-0.72,0.185,T2_ldn7-8,0.2,0.25,15,fix1W,1.5R
572.0,-0.0497,0.281,0.93,-0.63,72.1,61.7,4,294,-0.0721,-0.71,278,-0.0261,-0.21,0.15,T2_ldn7-8,0.2,0.25,60,ext+0.1W,none
244.0,-0.1134,0.73,0.381,-4.06,31.1,28.0,1,89,-0.0655,-1.73,155,-0.1409,-3.69,0.155,T2_ldn7-8,0.2,0.25,60,ext+0.1W,mid
548.0,-0.1288,0.642,0.647,-4.31,69.1,74.5,2,275,-0.1087,-2.78,273,-0.149,-3.29,0.152,T2_ldn7-8,0.2,0.25,60,ext+0.1W,opp
572.0,-0.0827,0.392,0.864,-1.69,72.1,60.0,1,294,-0.1286,-1.92,278,-0.0342,-0.48,0.15,T2_ldn7-8,0.2,0.25,60,ext+0.1W,1.5R
572.0,-0.0874,0.294,0.874,-1.22,72.1,64.4,3,294,-0.13,-1.4,278,-0.0424,-0.38,0.135,T2_ldn7-8,0.2,0.25,60,ext+0.25W,none
244.0,-0.0953,0.75,0.39,-3.7,31.1,23.6,1,89,-0.0235,-0.79,155,-0.1365,-3.75,0.137,T2_ldn7-8,0.2,0.25,60,ext+0.25W,mid
548.0,-0.1122,0.672,0.661,-4.01,69.1,64.5,2,275,-0.0991,-2.7,273,-0.1254,-2.96,0.135,T2_ldn7-8,0.2,0.25,60,ext+0.25W,opp
572.0,-0.0926,0.39,0.846,-1.92,72.1,65.7,1,294,-0.1594,-2.44,278,-0.0219,-0.31,0.135,T2_ldn7-8,0.2,0.25,60,ext+0.25W,1.5R
572.0,-0.3066,0.115,0.685,-2.78,72.1,207.8,0,294,-0.3237,-2.17,278,-0.2885,-1.77,0.371,T2_ldn7-8,0.2,0.25,60,fix0.5W,none
244.0,-0.3242,0.537,0.227,-8.19,31.1,79.6,0,89,-0.2548,-4.3,155,-0.364,-6.98,0.322,T2_ldn7-8,0.2,0.25,60,fix0.5W,mid
548.0,-0.4399,0.347,0.388,-11.0,69.1,243.2,0,275,-0.437,-7.93,273,-0.4429,-7.63,0.365,T2_ldn7-8,0.2,0.25,60,fix0.5W,opp
572.0,-0.4034,0.274,0.496,-8.45,72.1,237.8,0,294,-0.4177,-6.3,278,-0.3882,-5.63,0.371,T2_ldn7-8,0.2,0.25,60,fix0.5W,1.5R
572.0,-0.1298,0.245,0.834,-1.57,72.1,99.0,2,294,-0.1428,-1.28,278,-0.1161,-0.95,0.185,T2_ldn7-8,0.2,0.25,60,fix1W,none
244.0,-0.1342,0.713,0.329,-4.68,31.1,33.0,1,89,-0.1042,-2.5,155,-0.1514,-3.95,0.161,T2_ldn7-8,0.2,0.25,60,fix1W,mid
548.0,-0.1699,0.6,0.589,-5.48,69.1,95.7,1,275,-0.1697,-4.04,273,-0.17,-3.72,0.182,T2_ldn7-8,0.2,0.25,60,fix1W,opp
572.0,-0.133,0.376,0.795,-2.68,72.1,86.9,1,294,-0.1925,-2.84,278,-0.07,-0.96,0.185,T2_ldn7-8,0.2,0.25,60,fix1W,1.5R
1234.0,-0.1494,0.19,0.823,-2.19,155.4,230.8,2,597,-0.2876,-3.54,637,-0.0199,-0.18,0.218,T2_ldn7-8,0.3,0.0,1,ext+0.1W,none
1220.0,-0.2414,0.557,0.483,-11.24,153.7,295.6,0,588,-0.2252,-7.97,632,-0.2564,-7.99,0.218,T2_ldn7-8,0.3,0.0,1,ext+0.1W,mid
1233.0,-0.2134,0.418,0.655,-7.16,155.3,268.4,0,596,-0.2155,-5.41,637,-0.2114,-4.8,0.218,T2_ldn7-8,0.3,0.0,1,ext+0.1W,opp
1234.0,-0.2354,0.33,0.664,-7.08,155.4,295.8,0,597,-0.2546,-5.36,637,-0.2175,-4.66,0.218,T2_ldn7-8,0.3,0.0,1,ext+0.1W,1.5R
1234.0,-0.1805,0.212,0.776,-3.07,155.4,247.4,1,597,-0.3023,-4.22,637,-0.0663,-0.72,0.183,T2_ldn7-8,0.3,0.0,1,ext+0.25W,none
1220.0,-0.2187,0.594,0.481,-10.96,153.7,267.7,0,588,-0.2106,-7.96,632,-0.2262,-7.63,0.183,T2_ldn7-8,0.3,0.0,1,ext+0.25W,mid
1233.0,-0.1929,0.457,0.661,-7.05,155.3,243.0,0,596,-0.1995,-5.4,637,-0.1867,-4.65,0.183,T2_ldn7-8,0.3,0.0,1,ext+0.25W,opp
1234.0,-0.1988,0.343,0.707,-5.97,155.4,252.3,0,597,-0.2485,-5.28,637,-0.1522,-3.23,0.183,T2_ldn7-8,0.3,0.0,1,ext+0.25W,1.5R
1234.0,-0.3343,0.112,0.658,-4.39,155.4,424.0,1,597,-0.4471,-4.64,637,-0.2287,-1.96,0.374,T2_ldn7-8,0.3,0.0,1,fix0.5W,none
1220.0,-0.4117,0.391,0.387,-16.46,153.7,503.0,0,588,-0.4198,-12.26,632,-0.4042,-11.13,0.373,T2_ldn7-8,0.3,0.0,1,fix0.5W,mid
1233.0,-0.4068,0.253,0.507,-11.83,155.3,503.3,0,596,-0.4323,-9.05,637,-0.3829,-7.77,0.375,T2_ldn7-8,0.3,0.0,1,fix0.5W,opp
1234.0,-0.4211,0.269,0.479,-13.08,155.4,521.0,0,597,-0.4408,-9.58,637,-0.4025,-8.94,0.374,T2_ldn7-8,0.3,0.0,1,fix0.5W,1.5R
1234.0,-0.176,0.218,0.781,-3.06,155.4,228.9,1,597,-0.3409,-4.93,637,-0.0215,-0.24,0.187,T2_ldn7-8,0.3,0.0,1,fix1W,none
1220.0,-0.2161,0.602,0.478,-11.11,153.7,264.6,0,588,-0.2266,-8.51,632,-0.2063,-7.31,0.187,T2_ldn7-8,0.3,0.0,1,fix1W,mid
1233.0,-0.2016,0.453,0.647,-7.58,155.3,251.1,0,596,-0.2313,-6.23,637,-0.1739,-4.57,0.187,T2_ldn7-8,0.3,0.0,1,fix1W,opp
1234.0,-0.21,0.338,0.693,-6.31,155.4,262.7,0,597,-0.2997,-6.46,637,-0.1259,-2.66,0.187,T2_ldn7-8,0.3,0.0,1,fix1W,1.5R
1142.0,-0.1539,0.203,0.812,-2.32,143.8,202.6,1,550,-0.2804,-3.52,592,-0.0364,-0.35,0.203,T2_ldn7-8,0.3,0.0,5,ext+0.1W,none
1090.0,-0.22,0.592,0.472,-10.36,137.3,240.9,0,518,-0.1974,-6.97,572,-0.2405,-7.69,0.205,T2_ldn7-8,0.3,0.0,5,ext+0.1W,mid
1141.0,-0.1971,0.456,0.657,-6.75,143.7,230.6,0,549,-0.2034,-5.16,592,-0.1913,-4.46,0.203,T2_ldn7-8,0.3,0.0,5,ext+0.1W,opp
1142.0,-0.2265,0.333,0.673,-6.58,143.8,265.9,0,550,-0.2634,-5.38,592,-0.1922,-3.97,0.203,T2_ldn7-8,0.3,0.0,5,ext+0.1W,1.5R
1142.0,-0.1753,0.226,0.777,-3.02,143.8,225.2,1,550,-0.2943,-4.13,592,-0.0649,-0.72,0.173,T2_ldn7-8,0.3,0.0,5,ext+0.25W,none
1090.0,-0.1979,0.627,0.473,-10.0,137.3,216.6,0,518,-0.1824,-6.87,572,-0.2119,-7.29,0.174,T2_ldn7-8,0.3,0.0,5,ext+0.25W,mid
1141.0,-0.1767,0.493,0.665,-6.55,143.7,207.1,0,549,-0.1841,-5.02,592,-0.1699,-4.32,0.173,T2_ldn7-8,0.3,0.0,5,ext+0.25W,opp
1142.0,-0.183,0.348,0.725,-5.3,143.8,217.6,0,550,-0.2621,-5.43,592,-0.1095,-2.23,0.173,T2_ldn7-8,0.3,0.0,5,ext+0.25W,1.5R
1142.0,-0.3069,0.113,0.686,-3.78,143.8,386.2,1,550,-0.3799,-3.6,592,-0.2391,-1.96,0.375,T2_ldn7-8,0.3,0.0,5,fix0.5W,none
1090.0,-0.3943,0.421,0.372,-15.62,137.3,430.1,0,518,-0.3933,-11.26,572,-0.3952,-10.9,0.369,T2_ldn7-8,0.3,0.0,5,fix0.5W,mid
1141.0,-0.4,0.271,0.504,-11.54,143.7,459.3,0,549,-0.4008,-8.16,592,-0.3992,-8.16,0.375,T2_ldn7-8,0.3,0.0,5,fix0.5W,opp
1142.0,-0.4122,0.272,0.488,-12.27,143.8,474.3,0,550,-0.4161,-8.57,592,-0.4085,-8.77,0.375,T2_ldn7-8,0.3,0.0,5,fix0.5W,1.5R
1142.0,-0.1698,0.222,0.787,-2.84,143.8,206.9,1,550,-0.319,-4.43,592,-0.0312,-0.33,0.187,T2_ldn7-8,0.3,0.0,5,fix1W,none
1090.0,-0.2092,0.619,0.455,-10.67,137.3,229.2,0,518,-0.1985,-7.39,572,-0.219,-7.72,0.185,T2_ldn7-8,0.3,0.0,5,fix1W,mid
1141.0,-0.1935,0.474,0.647,-7.22,143.7,224.9,0,549,-0.2029,-5.38,592,-0.1848,-4.86,0.187,T2_ldn7-8,0.3,0.0,5,fix1W,opp
1142.0,-0.2016,0.341,0.704,-5.82,143.8,235.2,0,550,-0.2819,-5.8,592,-0.1269,-2.58,0.187,T2_ldn7-8,0.3,0.0,5,fix1W,1.5R
1025.0,-0.089,0.226,0.888,-1.27,129.1,146.8,2,491,-0.2008,-2.36,534,0.0138,0.13,0.191,T2_ldn7-8,0.3,0.0,15,ext+0.1W,none
904.0,-0.1897,0.633,0.486,-8.64,113.9,173.1,0,421,-0.1305,-4.51,483,-0.2412,-7.48,0.195,T2_ldn7-8,0.3,0.0,15,ext+0.1W,mid
1013.0,-0.1686,0.498,0.68,-5.72,127.6,179.7,1,485,-0.1392,-3.45,528,-0.1957,-4.58,0.192,T2_ldn7-8,0.3,0.0,15,ext+0.1W,opp
1025.0,-0.1878,0.347,0.719,-5.14,129.1,204.3,0,491,-0.2058,-3.93,534,-0.1713,-3.36,0.191,T2_ldn7-8,0.3,0.0,15,ext+0.1W,1.5R
1025.0,-0.1094,0.251,0.856,-1.76,129.1,149.0,2,491,-0.2196,-2.88,534,-0.008,-0.08,0.163,T2_ldn7-8,0.3,0.0,15,ext+0.25W,none
904.0,-0.174,0.662,0.48,-8.48,113.9,158.5,0,421,-0.1238,-4.57,483,-0.2178,-7.22,0.167,T2_ldn7-8,0.3,0.0,15,ext+0.25W,mid
1013.0,-0.1462,0.536,0.696,-5.37,127.6,154.5,1,485,-0.1249,-3.33,528,-0.1658,-4.22,0.165,T2_ldn7-8,0.3,0.0,15,ext+0.25W,opp
1025.0,-0.1496,0.361,0.768,-4.1,129.1,165.4,0,491,-0.2123,-4.12,534,-0.0919,-1.78,0.163,T2_ldn7-8,0.3,0.0,15,ext+0.25W,1.5R
1025.0,-0.2174,0.118,0.777,-2.35,129.1,285.4,1,491,-0.3297,-2.86,534,-0.1141,-0.8,0.375,T2_ldn7-8,0.3,0.0,15,fix0.5W,none
904.0,-0.3681,0.452,0.374,-13.73,113.9,332.9,0,421,-0.3146,-8.39,483,-0.4147,-10.92,0.358,T2_ldn7-8,0.3,0.0,15,fix0.5W,mid
1013.0,-0.3631,0.301,0.529,-10.02,127.6,373.1,0,485,-0.311,-5.9,528,-0.4111,-8.25,0.373,T2_ldn7-8,0.3,0.0,15,fix0.5W,opp
1025.0,-0.3721,0.289,0.527,-10.31,129.1,387.7,0,491,-0.3387,-6.39,534,-0.4029,-8.19,0.375,T2_ldn7-8,0.3,0.0,15,fix0.5W,1.5R
1025.0,-0.1262,0.227,0.841,-1.94,129.1,163.5,2,491,-0.2272,-2.77,534,-0.0333,-0.34,0.187,T2_ldn7-8,0.3,0.0,15,fix1W,none
904.0,-0.194,0.645,0.449,-9.44,113.9,176.1,0,421,-0.1482,-5.33,483,-0.2339,-7.85,0.179,T2_ldn7-8,0.3,0.0,15,fix1W,mid
1013.0,-0.1737,0.501,0.664,-6.29,127.6,179.8,1,485,-0.1577,-4.02,528,-0.1885,-4.84,0.187,T2_ldn7-8,0.3,0.0,15,fix1W,opp
1025.0,-0.1745,0.35,0.739,-4.73,129.1,183.8,0,491,-0.2255,-4.29,534,-0.1275,-2.47,0.187,T2_ldn7-8,0.3,0.0,15,fix1W,1.5R
733.0,-0.0889,0.252,0.883,-1.16,92.3,112.0,2,373,-0.1177,-1.18,360,-0.059,-0.5,0.165,T2_ldn7-8,0.3,0.0,60,ext+0.1W,none
520.0,-0.1529,0.662,0.526,-5.59,65.5,81.3,1,238,-0.1462,-3.89,282,-0.1586,-4.03,0.176,T2_ldn7-8,0.3,0.0,60,ext+0.1W,mid
704.0,-0.1377,0.558,0.701,-4.23,88.7,103.9,2,351,-0.1498,-3.47,353,-0.1256,-2.57,0.168,T2_ldn7-8,0.3,0.0,60,ext+0.1W,opp
733.0,-0.1348,0.368,0.789,-3.11,92.3,112.4,1,373,-0.2118,-3.57,360,-0.0551,-0.87,0.165,T2_ldn7-8,0.3,0.0,60,ext+0.1W,1.5R
733.0,-0.0992,0.276,0.863,-1.44,92.3,114.6,3,373,-0.158,-1.77,360,-0.0383,-0.36,0.144,T2_ldn7-8,0.3,0.0,60,ext+0.25W,none
520.0,-0.1326,0.694,0.536,-5.21,65.5,70.5,1,238,-0.1337,-3.81,282,-0.1317,-3.61,0.15,T2_ldn7-8,0.3,0.0,60,ext+0.25W,mid
704.0,-0.116,0.594,0.723,-3.84,88.7,86.9,2,351,-0.1376,-3.41,353,-0.0946,-2.1,0.146,T2_ldn7-8,0.3,0.0,60,ext+0.25W,opp
733.0,-0.1045,0.382,0.831,-2.42,92.3,100.5,2,373,-0.1975,-3.37,360,-0.0081,-0.13,0.144,T2_ldn7-8,0.3,0.0,60,ext+0.25W,1.5R
733.0,-0.3437,0.108,0.651,-3.37,92.3,286.7,1,373,-0.3966,-3.14,360,-0.2889,-1.79,0.375,T2_ldn7-8,0.3,0.0,60,fix0.5W,none
520.0,-0.3241,0.485,0.398,-9.4,65.5,170.1,0,238,-0.3358,-6.92,282,-0.3143,-6.45,0.346,T2_ldn7-8,0.3,0.0,60,fix0.5W,mid
704.0,-0.4129,0.303,0.464,-10.07,88.7,293.7,0,351,-0.4511,-8.1,353,-0.3749,-6.24,0.372,T2_ldn7-8,0.3,0.0,60,fix0.5W,opp
733.0,-0.3958,0.28,0.503,-9.37,92.3,294.8,0,373,-0.4449,-7.65,360,-0.3449,-5.62,0.375,T2_ldn7-8,0.3,0.0,60,fix0.5W,1.5R
733.0,-0.1447,0.226,0.818,-1.89,92.3,153.8,1,373,-0.203,-2.06,360,-0.0844,-0.72,0.187,T2_ldn7-8,0.3,0.0,60,fix1W,none
520.0,-0.1747,0.66,0.462,-6.67,65.5,91.7,1,238,-0.1776,-4.81,282,-0.1722,-4.67,0.173,T2_ldn7-8,0.3,0.0,60,fix1W,mid
704.0,-0.187,0.524,0.621,-5.95,88.7,134.6,2,351,-0.2094,-4.86,353,-0.1647,-3.59,0.186,T2_ldn7-8,0.3,0.0,60,fix1W,opp
733.0,-0.1673,0.356,0.749,-3.83,92.3,135.3,1,373,-0.2515,-4.21,360,-0.0799,-1.26,0.187,T2_ldn7-8,0.3,0.0,60,fix1W,1.5R
928.0,-0.0969,0.244,0.872,-1.45,116.9,131.9,2,453,-0.2483,-3.19,475,0.0475,0.44,0.163,T2_ldn7-8,0.3,0.25,1,ext+0.1W,none
759.0,-0.1785,0.688,0.305,-9.84,95.6,136.2,0,309,-0.1452,-5.94,450,-0.2014,-7.88,0.16,T2_ldn7-8,0.3,0.25,1,ext+0.1W,mid
926.0,-0.1507,0.58,0.656,-5.88,116.6,146.3,0,451,-0.1437,-4.23,475,-0.1573,-4.12,0.163,T2_ldn7-8,0.3,0.25,1,ext+0.1W,opp
928.0,-0.1734,0.353,0.734,-4.57,116.9,173.5,0,453,-0.2585,-4.94,475,-0.0922,-1.69,0.163,T2_ldn7-8,0.3,0.25,1,ext+0.1W,1.5R
928.0,-0.1217,0.264,0.833,-2.02,116.9,139.6,2,453,-0.2611,-3.67,475,0.0112,0.12,0.145,T2_ldn7-8,0.3,0.25,1,ext+0.25W,none
759.0,-0.163,0.709,0.301,-9.45,95.6,124.3,0,309,-0.136,-5.79,450,-0.1816,-7.5,0.142,T2_ldn7-8,0.3,0.25,1,ext+0.25W,mid
926.0,-0.1301,0.614,0.673,-5.42,116.6,126.9,1,451,-0.1262,-3.94,475,-0.1339,-3.75,0.145,T2_ldn7-8,0.3,0.25,1,ext+0.25W,opp
928.0,-0.1675,0.357,0.739,-4.45,116.9,171.6,0,453,-0.2584,-5.02,475,-0.0808,-1.49,0.145,T2_ldn7-8,0.3,0.25,1,ext+0.25W,1.5R
928.0,-0.2817,0.099,0.717,-2.79,116.9,301.6,1,453,-0.5431,-5.05,475,-0.0325,-0.19,0.387,T2_ldn7-8,0.3,0.25,1,fix0.5W,none
759.0,-0.3843,0.505,0.231,-16.02,95.6,292.9,0,309,-0.3436,-10.11,450,-0.4122,-12.49,0.353,T2_ldn7-8,0.3,0.25,1,fix0.5W,mid
926.0,-0.4244,0.306,0.448,-12.42,116.6,399.9,0,451,-0.4524,-9.72,475,-0.3979,-7.98,0.387,T2_ldn7-8,0.3,0.25,1,fix0.5W,opp
928.0,-0.4152,0.272,0.485,-11.15,116.9,394.0,0,453,-0.4495,-8.56,475,-0.3824,-7.24,0.387,T2_ldn7-8,0.3,0.25,1,fix0.5W,1.5R
928.0,-0.1419,0.216,0.825,-2.04,116.9,164.4,1,453,-0.2869,-3.4,475,-0.0037,-0.03,0.193,T2_ldn7-8,0.3,0.25,1,fix1W,none
759.0,-0.1951,0.676,0.288,-10.52,95.6,148.7,0,309,-0.1621,-6.4,450,-0.2178,-8.39,0.176,T2_ldn7-8,0.3,0.25,1,fix1W,mid
926.0,-0.1932,0.533,0.606,-7.25,116.6,182.3,1,451,-0.1867,-5.08,475,-0.1993,-5.18,0.193,T2_ldn7-8,0.3,0.25,1,fix1W,opp
928.0,-0.2045,0.342,0.701,-5.31,116.9,195.4,1,453,-0.2583,-4.75,475,-0.1532,-2.81,0.193,T2_ldn7-8,0.3,0.25,1,fix1W,1.5R
858.0,-0.0506,0.259,0.931,-0.73,108.1,97.7,3,415,-0.2058,-2.52,443,0.0949,0.87,0.156,T2_ldn7-8,0.3,0.25,5,ext+0.1W,none
586.0,-0.1465,0.706,0.333,-7.56,73.9,86.3,0,218,-0.1092,-4.14,368,-0.1685,-6.35,0.151,T2_ldn7-8,0.3,0.25,5,ext+0.1W,mid
848.0,-0.1265,0.612,0.681,-4.97,106.8,112.9,1,408,-0.1334,-3.91,440,-0.12,-3.2,0.156,T2_ldn7-8,0.3,0.25,5,ext+0.1W,opp
858.0,-0.1416,0.364,0.778,-3.55,108.1,132.1,0,415,-0.2424,-4.41,443,-0.0473,-0.83,0.156,T2_ldn7-8,0.3,0.25,5,ext+0.1W,1.5R
858.0,-0.0765,0.28,0.892,-1.23,108.1,106.1,3,415,-0.2225,-2.98,443,0.0603,0.62,0.139,T2_ldn7-8,0.3,0.25,5,ext+0.25W,none
586.0,-0.1296,0.729,0.335,-7.11,73.9,76.4,0,218,-0.0939,-3.81,368,-0.1508,-6.02,0.132,T2_ldn7-8,0.3,0.25,5,ext+0.25W,mid
848.0,-0.1048,0.647,0.705,-4.41,106.8,94.6,1,408,-0.1135,-3.54,440,-0.0967,-2.77,0.139,T2_ldn7-8,0.3,0.25,5,ext+0.25W,opp
858.0,-0.1248,0.371,0.799,-3.16,108.1,127.9,1,415,-0.2458,-4.55,443,-0.0115,-0.2,0.139,T2_ldn7-8,0.3,0.25,5,ext+0.25W,1.5R
858.0,-0.2171,0.11,0.779,-2.0,108.1,256.8,3,415,-0.4606,-3.86,443,0.0109,0.06,0.385,T2_ldn7-8,0.3,0.25,5,fix0.5W,none
586.0,-0.3479,0.515,0.241,-13.09,73.9,204.9,0,218,-0.3057,-7.89,368,-0.3729,-10.49,0.34,T2_ldn7-8,0.3,0.25,5,fix0.5W,mid
848.0,-0.4083,0.325,0.451,-11.68,106.8,351.7,0,408,-0.4506,-9.5,440,-0.3692,-7.23,0.382,T2_ldn7-8,0.3,0.25,5,fix0.5W,opp
858.0,-0.404,0.276,0.496,-10.37,108.1,351.3,0,415,-0.4443,-8.08,443,-0.3662,-6.64,0.385,T2_ldn7-8,0.3,0.25,5,fix0.5W,1.5R
858.0,-0.0895,0.223,0.889,-1.2,108.1,130.4,3,415,-0.2328,-2.56,443,0.0448,0.39,0.193,T2_ldn7-8,0.3,0.25,5,fix1W,none
586.0,-0.1656,0.695,0.309,-8.29,73.9,97.5,0,218,-0.1327,-4.74,368,-0.1851,-6.83,0.17,T2_ldn7-8,0.3,0.25,5,fix1W,mid
848.0,-0.1759,0.557,0.618,-6.53,106.8,151.9,0,408,-0.1889,-5.05,440,-0.1638,-4.24,0.191,T2_ldn7-8,0.3,0.25,5,fix1W,opp
858.0,-0.1773,0.351,0.737,-4.39,108.1,157.7,0,415,-0.2885,-5.15,443,-0.0731,-1.27,0.193,T2_ldn7-8,0.3,0.25,5,fix1W,1.5R
748.0,-0.0233,0.273,0.967,-0.32,94.2,79.2,3,369,-0.1691,-1.97,379,0.1186,1.0,0.148,T2_ldn7-8,0.3,0.25,15,ext+0.1W,none
406.0,-0.1313,0.739,0.352,-5.83,51.3,53.5,0,152,-0.0902,-2.97,254,-0.1558,-5.03,0.144,T2_ldn7-8,0.3,0.25,15,ext+0.1W,mid
722.0,-0.1157,0.644,0.682,-4.42,90.9,88.4,1,351,-0.1313,-3.72,371,-0.1009,-2.62,0.148,T2_ldn7-8,0.3,0.25,15,ext+0.1W,opp
748.0,-0.1253,0.369,0.8,-2.94,94.2,108.4,0,369,-0.217,-3.71,379,-0.0361,-0.59,0.148,T2_ldn7-8,0.3,0.25,15,ext+0.1W,1.5R
748.0,-0.0562,0.291,0.919,-0.85,94.2,87.3,3,369,-0.1981,-2.52,379,0.082,0.77,0.133,T2_ldn7-8,0.3,0.25,15,ext+0.25W,none
406.0,-0.1063,0.766,0.376,-5.14,51.3,43.3,0,152,-0.0667,-2.45,254,-0.1299,-4.53,0.127,T2_ldn7-8,0.3,0.25,15,ext+0.25W,mid
722.0,-0.0968,0.675,0.705,-3.94,90.9,73.6,1,351,-0.1225,-3.66,371,-0.0725,-2.02,0.133,T2_ldn7-8,0.3,0.25,15,ext+0.25W,opp
748.0,-0.1104,0.376,0.819,-2.61,94.2,101.3,1,369,-0.2321,-4.05,379,0.0081,0.13,0.133,T2_ldn7-8,0.3,0.25,15,ext+0.25W,1.5R
748.0,-0.1538,0.115,0.843,-1.27,94.2,192.5,3,369,-0.4021,-3.05,379,0.088,0.44,0.379,T2_ldn7-8,0.3,0.25,15,fix0.5W,none
406.0,-0.3408,0.539,0.237,-10.83,51.3,138.7,0,152,-0.332,-7.07,254,-0.3461,-8.28,0.321,T2_ldn7-8,0.3,0.25,15,fix0.5W,mid
722.0,-0.4106,0.343,0.434,-11.22,90.9,299.6,0,351,-0.4918,-10.03,371,-0.3338,-6.21,0.374,T2_ldn7-8,0.3,0.25,15,fix0.5W,opp
748.0,-0.4121,0.273,0.488,-9.91,94.2,310.4,0,369,-0.5139,-9.13,379,-0.3129,-5.16,0.379,T2_ldn7-8,0.3,0.25,15,fix0.5W,1.5R
748.0,-0.0624,0.233,0.922,-0.77,94.2,115.6,3,369,-0.2049,-2.1,379,0.0764,0.6,0.19,T2_ldn7-8,0.3,0.25,15,fix1W,none
406.0,-0.1406,0.729,0.341,-6.13,51.3,57.2,0,152,-0.0876,-2.88,254,-0.1723,-5.44,0.161,T2_ldn7-8,0.3,0.25,15,fix1W,mid
722.0,-0.1658,0.584,0.619,-5.87,90.9,121.8,1,351,-0.188,-4.77,371,-0.1448,-3.59,0.187,T2_ldn7-8,0.3,0.25,15,fix1W,opp
748.0,-0.164,0.358,0.754,-3.78,94.2,127.8,1,369,-0.2672,-4.46,379,-0.0636,-1.02,0.19,T2_ldn7-8,0.3,0.25,15,fix1W,1.5R
459.0,-0.0422,0.283,0.94,-0.48,57.9,46.2,4,240,-0.0575,-0.5,219,-0.0254,-0.19,0.144,T2_ldn7-8,0.3,0.25,60,ext+0.1W,none
184.0,-0.0903,0.761,0.416,-3.04,23.4,17.0,2,67,-0.0626,-1.51,117,-0.1062,-2.63,0.146,T2_ldn7-8,0.3,0.25,60,ext+0.1W,mid
423.0,-0.1325,0.657,0.617,-4.1,53.4,60.6,2,212,-0.1515,-3.52,211,-0.1135,-2.35,0.146,T2_ldn7-8,0.3,0.25,60,ext+0.1W,opp
459.0,-0.0775,0.388,0.87,-1.42,57.9,47.9,2,240,-0.1586,-2.18,219,0.0114,0.14,0.144,T2_ldn7-8,0.3,0.25,60,ext+0.1W,1.5R
459.0,-0.0714,0.296,0.895,-0.89,57.9,46.0,3,240,-0.1102,-1.05,219,-0.0288,-0.23,0.13,T2_ldn7-8,0.3,0.25,60,ext+0.25W,none
184.0,-0.068,0.788,0.458,-2.53,23.4,12.8,2,67,-0.0033,-0.12,117,-0.1051,-2.71,0.132,T2_ldn7-8,0.3,0.25,60,ext+0.25W,mid
423.0,-0.1121,0.686,0.642,-3.68,53.4,51.1,2,212,-0.1249,-3.07,211,-0.0992,-2.18,0.132,T2_ldn7-8,0.3,0.25,60,ext+0.25W,opp
459.0,-0.0935,0.383,0.842,-1.75,57.9,55.2,1,240,-0.1743,-2.45,219,-0.005,-0.06,0.13,T2_ldn7-8,0.3,0.25,60,ext+0.25W,1.5R
459.0,-0.3373,0.102,0.66,-2.68,57.9,177.9,0,240,-0.3514,-2.02,219,-0.3219,-1.76,0.382,T2_ldn7-8,0.3,0.25,60,fix0.5W,none
184.0,-0.3087,0.554,0.238,-6.81,23.4,57.3,0,67,-0.2883,-4.18,117,-0.3204,-5.38,0.325,T2_ldn7-8,0.3,0.25,60,fix0.5W,mid
423.0,-0.4617,0.338,0.367,-10.25,53.4,196.0,0,212,-0.5301,-8.9,211,-0.3929,-5.83,0.375,T2_ldn7-8,0.3,0.25,60,fix0.5W,opp
459.0,-0.4133,0.272,0.487,-7.78,57.9,194.2,0,240,-0.4713,-6.59,219,-0.3497,-4.43,0.382,T2_ldn7-8,0.3,0.25,60,fix0.5W,1.5R
459.0,-0.13,0.224,0.838,-1.34,57.9,83.8,2,240,-0.1633,-1.28,219,-0.0934,-0.63,0.191,T2_ldn7-8,0.3,0.25,60,fix1W,none
184.0,-0.1293,0.728,0.34,-3.94,23.4,24.0,1,67,-0.108,-2.24,117,-0.1415,-3.24,0.163,T2_ldn7-8,0.3,0.25,60,fix1W,mid
423.0,-0.1873,0.591,0.556,-5.31,53.4,82.4,1,212,-0.2184,-4.53,211,-0.156,-3.03,0.187,T2_ldn7-8,0.3,0.25,60,fix1W,opp
459.0,-0.1518,0.364,0.772,-2.73,57.9,82.0,1,240,-0.2285,-3.04,219,-0.0677,-0.82,0.191,T2_ldn7-8,0.3,0.25,60,fix1W,1.5R
886.0,-0.2126,0.207,0.735,-3.13,111.7,194.9,1,452,-0.3669,-4.9,434,-0.0519,-0.45,0.176,T2_ldn7-8,0.5,0.0,1,ext+0.1W,none
867.0,-0.1862,0.631,0.508,-8.28,109.3,162.0,0,437,-0.1888,-6.5,430,-0.1837,-5.34,0.176,T2_ldn7-8,0.5,0.0,1,ext+0.1W,mid
884.0,-0.1942,0.476,0.645,-6.28,111.4,174.0,0,450,-0.2034,-4.99,434,-0.1846,-3.95,0.176,T2_ldn7-8,0.5,0.0,1,ext+0.1W,opp
886.0,-0.2189,0.334,0.678,-5.64,111.7,198.0,0,452,-0.2772,-5.21,434,-0.1582,-2.8,0.176,T2_ldn7-8,0.5,0.0,1,ext+0.1W,1.5R
886.0,-0.2153,0.227,0.721,-3.51,111.7,196.1,0,452,-0.3811,-5.57,434,-0.0426,-0.41,0.154,T2_ldn7-8,0.5,0.0,1,ext+0.25W,none
867.0,-0.1721,0.659,0.503,-8.12,109.3,149.7,0,437,-0.1775,-6.42,430,-0.1667,-5.17,0.154,T2_ldn7-8,0.5,0.0,1,ext+0.25W,mid
884.0,-0.1795,0.507,0.648,-6.18,111.4,160.2,0,450,-0.2,-5.19,434,-0.1583,-3.62,0.154,T2_ldn7-8,0.5,0.0,1,ext+0.25W,opp
886.0,-0.1923,0.344,0.709,-4.96,111.7,174.5,0,452,-0.2784,-5.29,434,-0.1026,-1.81,0.154,T2_ldn7-8,0.5,0.0,1,ext+0.25W,1.5R
886.0,-0.4553,0.089,0.547,-5.16,111.7,407.3,0,452,-0.6022,-6.16,434,-0.3024,-2.04,0.394,T2_ldn7-8,0.5,0.0,1,fix0.5W,none
867.0,-0.4602,0.369,0.339,-15.85,109.3,399.0,0,437,-0.4744,-12.29,430,-0.4458,-10.26,0.388,T2_ldn7-8,0.5,0.0,1,fix0.5W,mid
884.0,-0.4955,0.224,0.424,-12.8,111.4,438.0,0,450,-0.5131,-9.75,434,-0.4772,-8.38,0.394,T2_ldn7-8,0.5,0.0,1,fix0.5W,opp
886.0,-0.4863,0.245,0.42,-13.18,111.7,430.9,0,452,-0.5144,-10.07,434,-0.4571,-8.57,0.394,T2_ldn7-8,0.5,0.0,1,fix0.5W,1.5R
886.0,-0.2487,0.193,0.7,-3.69,111.7,230.8,1,452,-0.3944,-4.95,434,-0.0969,-0.88,0.197,T2_ldn7-8,0.5,0.0,1,fix1W,none
867.0,-0.2098,0.61,0.48,-9.21,109.3,182.5,0,437,-0.2153,-7.12,430,-0.2041,-5.97,0.194,T2_ldn7-8,0.5,0.0,1,fix1W,mid
884.0,-0.2239,0.446,0.615,-7.17,111.4,199.6,0,450,-0.2397,-5.65,434,-0.2076,-4.52,0.197,T2_ldn7-8,0.5,0.0,1,fix1W,opp
886.0,-0.2363,0.326,0.661,-6.05,111.7,211.1,0,452,-0.284,-5.26,434,-0.1866,-3.31,0.197,T2_ldn7-8,0.5,0.0,1,fix1W,1.5R
811.0,-0.2193,0.217,0.722,-3.32,102.2,183.7,0,415,-0.3575,-4.65,396,-0.0745,-0.69,0.167,T2_ldn7-8,0.5,0.0,5,ext+0.1W,none
752.0,-0.184,0.648,0.475,-8.03,94.8,139.2,0,373,-0.1706,-5.74,379,-0.1972,-5.66,0.168,T2_ldn7-8,0.5,0.0,5,ext+0.1W,mid
806.0,-0.1981,0.502,0.618,-6.45,101.6,163.0,0,410,-0.2011,-4.94,396,-0.1949,-4.22,0.167,T2_ldn7-8,0.5,0.0,5,ext+0.1W,opp
811.0,-0.2271,0.332,0.666,-5.64,102.2,189.1,0,415,-0.3035,-5.56,396,-0.147,-2.48,0.167,T2_ldn7-8,0.5,0.0,5,ext+0.1W,1.5R
811.0,-0.2225,0.236,0.707,-3.68,102.2,185.6,0,415,-0.3832,-5.51,396,-0.0541,-0.54,0.148,T2_ldn7-8,0.5,0.0,5,ext+0.25W,none
752.0,-0.1707,0.673,0.469,-7.88,94.8,129.1,0,373,-0.1601,-5.67,379,-0.1812,-5.52,0.149,T2_ldn7-8,0.5,0.0,5,ext+0.25W,mid
806.0,-0.1854,0.53,0.617,-6.4,101.6,152.1,0,410,-0.1991,-5.17,396,-0.1713,-3.94,0.148,T2_ldn7-8,0.5,0.0,5,ext+0.25W,opp
811.0,-0.2002,0.342,0.698,-4.98,102.2,167.4,0,415,-0.3001,-5.56,396,-0.0954,-1.6,0.148,T2_ldn7-8,0.5,0.0,5,ext+0.25W,1.5R
811.0,-0.4518,0.089,0.551,-4.96,102.2,384.8,0,415,-0.5397,-4.9,396,-0.3597,-2.45,0.397,T2_ldn7-8,0.5,0.0,5,fix0.5W,none
752.0,-0.452,0.39,0.319,-15.13,94.8,339.9,0,373,-0.4607,-11.45,379,-0.4436,-10.04,0.383,T2_ldn7-8,0.5,0.0,5,fix0.5W,mid
806.0,-0.4999,0.238,0.409,-12.83,101.6,403.4,0,410,-0.4901,-9.04,396,-0.51,-9.1,0.395,T2_ldn7-8,0.5,0.0,5,fix0.5W,opp
811.0,-0.4888,0.244,0.418,-12.69,102.2,397.2,0,415,-0.5042,-9.39,396,-0.4727,-8.54,0.397,T2_ldn7-8,0.5,0.0,5,fix0.5W,1.5R
811.0,-0.2755,0.192,0.668,-4.06,102.2,234.3,0,415,-0.4207,-5.36,396,-0.1234,-1.11,0.198,T2_ldn7-8,0.5,0.0,5,fix1W,none
752.0,-0.2214,0.616,0.432,-9.4,94.8,167.4,0,373,-0.2047,-6.53,379,-0.2379,-6.78,0.191,T2_ldn7-8,0.5,0.0,5,fix1W,mid
806.0,-0.2373,0.458,0.584,-7.5,101.6,194.2,0,410,-0.2372,-5.47,396,-0.2374,-5.14,0.197,T2_ldn7-8,0.5,0.0,5,fix1W,opp
811.0,-0.2524,0.321,0.643,-6.2,102.2,206.3,0,415,-0.3076,-5.49,396,-0.1946,-3.29,0.198,T2_ldn7-8,0.5,0.0,5,fix1W,1.5R
704.0,-0.1726,0.236,0.775,-2.4,88.7,142.3,1,363,-0.287,-3.38,341,-0.0508,-0.43,0.162,T2_ldn7-8,0.5,0.0,15,ext+0.1W,none
602.0,-0.1535,0.688,0.5,-6.36,75.9,92.9,0,297,-0.1137,-3.72,305,-0.1922,-5.18,0.165,T2_ldn7-8,0.5,0.0,15,ext+0.1W,mid
690.0,-0.1784,0.535,0.63,-5.61,87.0,126.2,0,353,-0.1419,-3.35,337,-0.2166,-4.55,0.163,T2_ldn7-8,0.5,0.0,15,ext+0.1W,opp
704.0,-0.1871,0.347,0.716,-4.3,88.7,137.1,0,363,-0.2228,-3.73,341,-0.1489,-2.34,0.162,T2_ldn7-8,0.5,0.0,15,ext+0.1W,1.5R
704.0,-0.1701,0.257,0.769,-2.58,88.7,142.1,1,363,-0.3227,-4.21,341,-0.0077,-0.07,0.144,T2_ldn7-8,0.5,0.0,15,ext+0.25W,none
602.0,-0.1475,0.706,0.482,-6.44,75.9,89.2,0,297,-0.1164,-3.98,305,-0.1777,-5.07,0.146,T2_ldn7-8,0.5,0.0,15,ext+0.25W,mid
690.0,-0.162,0.564,0.637,-5.41,87.0,114.3,0,353,-0.1483,-3.71,337,-0.1763,-3.93,0.145,T2_ldn7-8,0.5,0.0,15,ext+0.25W,opp
704.0,-0.1614,0.357,0.748,-3.72,88.7,119.1,0,363,-0.2545,-4.37,341,-0.0622,-0.97,0.144,T2_ldn7-8,0.5,0.0,15,ext+0.25W,1.5R
704.0,-0.3265,0.101,0.673,-3.09,88.7,256.3,1,363,-0.4235,-3.28,341,-0.2233,-1.32,0.399,T2_ldn7-8,0.5,0.0,15,fix0.5W,none
602.0,-0.3963,0.442,0.342,-12.17,75.9,238.6,0,297,-0.341,-7.71,305,-0.4502,-9.46,0.38,T2_ldn7-8,0.5,0.0,15,fix0.5W,mid
690.0,-0.4241,0.284,0.466,-10.0,87.0,292.6,0,353,-0.3416,-5.6,337,-0.5105,-8.73,0.396,T2_ldn7-8,0.5,0.0,15,fix0.5W,opp
704.0,-0.3957,0.281,0.505,-9.14,88.7,278.6,0,363,-0.348,-5.64,341,-0.4465,-7.37,0.399,T2_ldn7-8,0.5,0.0,15,fix0.5W,1.5R
704.0,-0.2207,0.2,0.733,-2.89,88.7,180.6,1,363,-0.3628,-4.12,341,-0.0695,-0.55,0.2,T2_ldn7-8,0.5,0.0,15,fix1W,none
602.0,-0.1926,0.651,0.446,-7.69,75.9,116.5,0,297,-0.1526,-4.65,305,-0.2315,-6.15,0.19,T2_ldn7-8,0.5,0.0,15,fix1W,mid
690.0,-0.2234,0.481,0.591,-6.7,87.0,156.2,0,353,-0.1984,-4.31,337,-0.2495,-5.16,0.198,T2_ldn7-8,0.5,0.0,15,fix1W,opp
704.0,-0.223,0.332,0.679,-5.05,88.7,159.4,0,363,-0.2497,-4.08,341,-0.1947,-3.05,0.2,T2_ldn7-8,0.5,0.0,15,fix1W,1.5R
476.0,-0.1183,0.258,0.838,-1.36,60.0,78.7,2,251,-0.2125,-2.08,225,-0.0133,-0.09,0.148,T2_ldn7-8,0.5,0.0,60,ext+0.1W,none
317.0,-0.1465,0.688,0.481,-4.62,40.0,47.1,2,150,-0.1282,-3.07,167,-0.163,-3.46,0.156,T2_ldn7-8,0.5,0.0,60,ext+0.1W,mid
443.0,-0.1628,0.587,0.619,-4.46,55.8,74.0,1,226,-0.1534,-3.18,217,-0.1725,-3.13,0.15,T2_ldn7-8,0.5,0.0,60,ext+0.1W,opp
476.0,-0.146,0.361,0.77,-2.75,60.0,77.0,0,251,-0.1952,-2.72,225,-0.0912,-1.16,0.148,T2_ldn7-8,0.5,0.0,60,ext+0.1W,1.5R
476.0,-0.128,0.275,0.818,-1.61,60.0,84.6,1,251,-0.2581,-2.78,225,0.0171,0.13,0.132,T2_ldn7-8,0.5,0.0,60,ext+0.25W,none
317.0,-0.1381,0.707,0.473,-4.57,40.0,44.3,2,150,-0.1314,-3.26,167,-0.1441,-3.24,0.138,T2_ldn7-8,0.5,0.0,60,ext+0.25W,mid
443.0,-0.1435,0.614,0.636,-4.14,55.8,65.2,2,226,-0.1585,-3.45,217,-0.1278,-2.45,0.134,T2_ldn7-8,0.5,0.0,60,ext+0.25W,opp
476.0,-0.1519,0.361,0.757,-2.91,60.0,84.6,0,251,-0.2348,-3.39,225,-0.0594,-0.76,0.132,T2_ldn7-8,0.5,0.0,60,ext+0.25W,1.5R
476.0,-0.3697,0.095,0.632,-2.7,60.0,213.2,1,251,-0.4983,-3.49,225,-0.2262,-0.93,0.401,T2_ldn7-8,0.5,0.0,60,fix0.5W,none
317.0,-0.3903,0.445,0.328,-8.92,40.0,124.7,0,150,-0.3961,-6.57,167,-0.3851,-6.1,0.378,T2_ldn7-8,0.5,0.0,60,fix0.5W,mid
443.0,-0.4781,0.282,0.401,-9.62,55.8,213.1,0,226,-0.492,-7.25,217,-0.4636,-6.35,0.398,T2_ldn7-8,0.5,0.0,60,fix0.5W,opp
476.0,-0.4244,0.271,0.478,-8.14,60.0,203.8,1,251,-0.4558,-6.42,225,-0.3895,-5.07,0.401,T2_ldn7-8,0.5,0.0,60,fix0.5W,1.5R
476.0,-0.1841,0.202,0.778,-1.88,60.0,127.0,1,251,-0.3382,-3.14,225,-0.0121,-0.07,0.2,T2_ldn7-8,0.5,0.0,60,fix1W,none
317.0,-0.2054,0.637,0.402,-6.08,40.0,65.8,1,150,-0.192,-4.15,167,-0.2174,-4.45,0.189,T2_ldn7-8,0.5,0.0,60,fix1W,mid
443.0,-0.2442,0.501,0.533,-6.23,55.8,109.4,1,226,-0.2386,-4.46,217,-0.2499,-4.35,0.199,T2_ldn7-8,0.5,0.0,60,fix1W,opp
476.0,-0.2085,0.34,0.697,-3.87,60.0,105.2,1,251,-0.2812,-3.87,225,-0.1274,-1.59,0.2,T2_ldn7-8,0.5,0.0,60,fix1W,1.5R
643.0,-0.1823,0.246,0.753,-2.63,81.2,130.4,1,335,-0.3356,-4.41,308,-0.0156,-0.13,0.143,T2_ldn7-8,0.5,0.25,1,ext+0.1W,none
488.0,-0.1497,0.707,0.304,-7.22,61.7,73.5,0,204,-0.129,-4.68,284,-0.1645,-5.55,0.139,T2_ldn7-8,0.5,0.25,1,ext+0.1W,mid
640.0,-0.1576,0.614,0.606,-5.59,80.9,103.8,0,332,-0.1454,-3.98,308,-0.1708,-3.94,0.143,T2_ldn7-8,0.5,0.25,1,ext+0.1W,opp
643.0,-0.1614,0.358,0.746,-3.58,81.2,111.8,0,335,-0.2592,-4.33,308,-0.0549,-0.81,0.143,T2_ldn7-8,0.5,0.25,1,ext+0.1W,1.5R
643.0,-0.1837,0.264,0.742,-2.86,81.2,134.3,1,335,-0.3512,-4.97,308,-0.0015,-0.01,0.129,T2_ldn7-8,0.5,0.25,1,ext+0.25W,none
488.0,-0.1398,0.721,0.297,-7.02,61.7,68.6,0,204,-0.1266,-4.69,284,-0.1493,-5.29,0.125,T2_ldn7-8,0.5,0.25,1,ext+0.25W,mid
640.0,-0.1432,0.639,0.613,-5.35,80.9,94.2,0,332,-0.1415,-4.06,308,-0.1452,-3.53,0.129,T2_ldn7-8,0.5,0.25,1,ext+0.25W,opp
643.0,-0.1642,0.356,0.739,-3.68,81.2,117.3,0,335,-0.2813,-4.81,308,-0.0368,-0.55,0.129,T2_ldn7-8,0.5,0.25,1,ext+0.25W,1.5R
643.0,-0.4609,0.078,0.551,-4.08,81.2,312.4,0,335,-0.6764,-6.06,308,-0.2265,-1.12,0.409,T2_ldn7-8,0.5,0.25,1,fix0.5W,none
488.0,-0.413,0.477,0.207,-13.79,61.7,202.1,0,204,-0.3743,-8.97,284,-0.4409,-10.55,0.365,T2_ldn7-8,0.5,0.25,1,fix0.5W,mid
640.0,-0.4889,0.286,0.385,-12.37,80.9,316.3,0,332,-0.4859,-9.17,308,-0.4921,-8.33,0.409,T2_ldn7-8,0.5,0.25,1,fix0.5W,opp
643.0,-0.4598,0.257,0.444,-10.46,81.2,300.0,0,335,-0.4452,-7.23,308,-0.4757,-7.57,0.409,T2_ldn7-8,0.5,0.25,1,fix0.5W,1.5R
643.0,-0.2403,0.187,0.715,-2.96,81.2,175.7,1,335,-0.4062,-4.54,308,-0.0598,-0.43,0.204,T2_ldn7-8,0.5,0.25,1,fix1W,none
488.0,-0.1939,0.664,0.281,-8.45,61.7,95.0,0,204,-0.1589,-5.23,284,-0.219,-6.68,0.182,T2_ldn7-8,0.5,0.25,1,fix1W,mid
640.0,-0.2321,0.519,0.544,-7.3,80.9,150.2,0,332,-0.208,-4.89,308,-0.2581,-5.42,0.204,T2_ldn7-8,0.5,0.25,1,fix1W,opp
643.0,-0.2216,0.334,0.681,-4.8,81.2,146.3,0,335,-0.2506,-3.93,308,-0.1901,-2.83,0.204,T2_ldn7-8,0.5,0.25,1,fix1W,1.5R
588.0,-0.1281,0.262,0.821,-1.74,74.3,96.9,2,303,-0.2951,-3.65,285,0.0495,0.4,0.14,T2_ldn7-8,0.5,0.25,5,ext+0.1W,none
365.0,-0.1285,0.721,0.313,-5.7,46.2,47.2,0,136,-0.0821,-2.83,229,-0.156,-4.96,0.133,T2_ldn7-8,0.5,0.25,5,ext+0.1W,mid
572.0,-0.148,0.633,0.599,-5.22,72.3,87.1,1,289,-0.1408,-3.77,283,-0.1553,-3.62,0.14,T2_ldn7-8,0.5,0.25,5,ext+0.1W,opp
588.0,-0.1473,0.362,0.765,-3.12,74.3,97.1,0,303,-0.2337,-3.69,285,-0.0555,-0.79,0.14,T2_ldn7-8,0.5,0.25,5,ext+0.1W,1.5R
588.0,-0.1312,0.282,0.81,-1.94,74.3,101.8,2,303,-0.3075,-4.08,285,0.0562,0.49,0.126,T2_ldn7-8,0.5,0.25,5,ext+0.25W,none
365.0,-0.1161,0.737,0.314,-5.42,46.2,42.6,0,136,-0.0694,-2.57,229,-0.1438,-4.79,0.119,T2_ldn7-8,0.5,0.25,5,ext+0.25W,mid
572.0,-0.1292,0.661,0.616,-4.81,72.3,77.5,1,289,-0.1308,-3.68,283,-0.1275,-3.16,0.126,T2_ldn7-8,0.5,0.25,5,ext+0.25W,opp
588.0,-0.1395,0.364,0.773,-2.97,74.3,97.7,1,303,-0.2571,-4.15,285,-0.0145,-0.21,0.126,T2_ldn7-8,0.5,0.25,5,ext+0.25W,1.5R
588.0,-0.3066,0.094,0.696,-2.35,74.3,226.0,1,303,-0.5347,-3.81,285,-0.0641,-0.29,0.41,T2_ldn7-8,0.5,0.25,5,fix0.5W,none
365.0,-0.3811,0.482,0.207,-11.34,46.2,139.5,0,136,-0.3458,-7.04,229,-0.402,-8.94,0.352,T2_ldn7-8,0.5,0.25,5,fix0.5W,mid
572.0,-0.4686,0.306,0.389,-11.42,72.3,270.8,0,289,-0.5039,-9.24,283,-0.4327,-7.03,0.402,T2_ldn7-8,0.5,0.25,5,fix0.5W,opp
588.0,-0.4558,0.259,0.449,-9.88,74.3,269.8,0,303,-0.4754,-7.45,285,-0.4349,-6.51,0.41,T2_ldn7-8,0.5,0.25,5,fix0.5W,1.5R
588.0,-0.1764,0.197,0.788,-2.01,74.3,134.1,2,303,-0.356,-3.62,285,0.0145,0.1,0.205,T2_ldn7-8,0.5,0.25,5,fix1W,none
365.0,-0.168,0.685,0.294,-6.67,46.2,61.6,0,136,-0.1301,-3.75,229,-0.1905,-5.53,0.176,T2_ldn7-8,0.5,0.25,5,fix1W,mid
572.0,-0.2193,0.537,0.544,-6.73,72.3,126.8,0,289,-0.2219,-5.02,283,-0.2166,-4.51,0.201,T2_ldn7-8,0.5,0.25,5,fix1W,opp
588.0,-0.2115,0.338,0.694,-4.36,74.3,128.1,0,303,-0.2993,-4.55,285,-0.1182,-1.66,0.205,T2_ldn7-8,0.5,0.25,5,fix1W,1.5R
503.0,-0.1338,0.26,0.813,-1.71,63.5,81.4,2,265,-0.2848,-3.3,238,0.0343,0.26,0.136,T2_ldn7-8,0.5,0.25,15,ext+0.1W,none
249.0,-0.1101,0.763,0.348,-4.19,31.7,27.7,0,89,-0.032,-1.1,160,-0.1536,-4.14,0.128,T2_ldn7-8,0.5,0.25,15,ext+0.1W,mid
474.0,-0.15,0.65,0.577,-4.96,59.9,72.8,0,242,-0.1473,-3.68,232,-0.1528,-3.34,0.136,T2_ldn7-8,0.5,0.25,15,ext+0.1W,opp
503.0,-0.1496,0.358,0.761,-2.94,63.5,82.6,0,265,-0.2313,-3.42,238,-0.0587,-0.77,0.136,T2_ldn7-8,0.5,0.25,15,ext+0.1W,1.5R
503.0,-0.1471,0.276,0.787,-2.04,63.5,90.9,2,265,-0.3154,-3.94,238,0.0402,0.33,0.123,T2_ldn7-8,0.5,0.25,15,ext+0.25W,none
249.0,-0.0981,0.779,0.351,-3.95,31.7,24.6,1,89,-0.0358,-1.24,160,-0.1327,-3.81,0.115,T2_ldn7-8,0.5,0.25,15,ext+0.25W,mid
474.0,-0.134,0.673,0.59,-4.65,59.9,64.8,1,242,-0.1472,-3.84,232,-0.1202,-2.79,0.123,T2_ldn7-8,0.5,0.25,15,ext+0.25W,opp
503.0,-0.1543,0.354,0.752,-3.05,63.5,89.9,0,265,-0.2607,-3.93,238,-0.0358,-0.47,0.123,T2_ldn7-8,0.5,0.25,15,ext+0.25W,1.5R
503.0,-0.2488,0.095,0.753,-1.68,63.5,169.0,1,265,-0.4728,-2.98,238,0.0006,0.0,0.409,T2_ldn7-8,0.5,0.25,15,fix0.5W,none
249.0,-0.3683,0.522,0.202,-9.21,31.7,91.9,0,89,-0.3192,-5.31,160,-0.3956,-7.53,0.333,T2_ldn7-8,0.5,0.25,15,fix0.5W,mid
474.0,-0.48,0.316,0.367,-10.99,59.9,228.2,0,242,-0.5271,-9.04,232,-0.4308,-6.6,0.398,T2_ldn7-8,0.5,0.25,15,fix0.5W,opp
503.0,-0.4747,0.25,0.431,-9.61,63.5,239.3,0,265,-0.5293,-7.99,238,-0.4138,-5.61,0.409,T2_ldn7-8,0.5,0.25,15,fix0.5W,1.5R
503.0,-0.1734,0.197,0.793,-1.8,63.5,111.2,2,265,-0.3412,-3.19,238,0.0135,0.08,0.204,T2_ldn7-8,0.5,0.25,15,fix1W,none
249.0,-0.1479,0.723,0.32,-5.01,31.7,36.9,0,89,-0.0585,-1.64,160,-0.1976,-4.82,0.167,T2_ldn7-8,0.5,0.25,15,fix1W,mid
474.0,-0.2281,0.551,0.518,-6.51,59.9,108.9,1,242,-0.2256,-4.73,232,-0.2307,-4.47,0.199,T2_ldn7-8,0.5,0.25,15,fix1W,opp
503.0,-0.2142,0.338,0.691,-4.08,63.5,109.7,0,265,-0.2752,-3.88,238,-0.1463,-1.88,0.204,T2_ldn7-8,0.5,0.25,15,fix1W,1.5R
302.0,-0.1366,0.262,0.805,-1.41,38.2,47.3,2,167,-0.1956,-1.62,135,-0.0635,-0.4,0.134,T2_ldn7-8,0.5,0.25,60,ext+0.1W,none
111.0,-0.0751,0.757,0.431,-2.13,14.2,8.6,2,41,-0.038,-0.86,70,-0.0969,-1.95,0.14,T2_ldn7-8,0.5,0.25,60,ext+0.1W,mid
263.0,-0.138,0.673,0.576,-3.58,33.3,38.6,1,136,-0.1246,-2.48,127,-0.1523,-2.58,0.139,T2_ldn7-8,0.5,0.25,60,ext+0.1W,opp
302.0,-0.1172,0.374,0.806,-1.79,38.2,43.2,2,167,-0.1709,-1.99,135,-0.0507,-0.5,0.134,T2_ldn7-8,0.5,0.25,60,ext+0.1W,1.5R
302.0,-0.1669,0.268,0.757,-1.86,38.2,55.3,2,167,-0.2323,-2.09,135,-0.0859,-0.59,0.122,T2_ldn7-8,0.5,0.25,60,ext+0.25W,none
111.0,-0.0613,0.775,0.457,-1.88,14.2,7.1,2,41,0.0111,0.43,70,-0.1038,-2.12,0.125,T2_ldn7-8,0.5,0.25,60,ext+0.25W,mid
263.0,-0.1178,0.696,0.604,-3.2,33.3,34.6,2,136,-0.1117,-2.32,127,-0.1245,-2.21,0.125,T2_ldn7-8,0.5,0.25,60,ext+0.25W,opp
302.0,-0.1517,0.361,0.748,-2.38,38.2,53.7,2,167,-0.2056,-2.47,135,-0.0851,-0.86,0.122,T2_ldn7-8,0.5,0.25,60,ext+0.25W,1.5R
302.0,-0.4014,0.079,0.608,-2.4,38.2,130.0,1,167,-0.5128,-2.65,135,-0.2636,-0.92,0.417,T2_ldn7-8,0.5,0.25,60,fix0.5W,none
111.0,-0.377,0.486,0.184,-6.33,14.2,42.3,0,41,-0.3701,-4.12,70,-0.381,-4.83,0.373,T2_ldn7-8,0.5,0.25,60,fix0.5W,mid
263.0,-0.5316,0.304,0.308,-9.61,33.3,139.8,0,136,-0.5668,-7.82,127,-0.4938,-5.86,0.405,T2_ldn7-8,0.5,0.25,60,fix0.5W,opp
302.0,-0.4392,0.265,0.465,-6.75,38.2,133.0,0,167,-0.4898,-5.73,135,-0.3765,-3.75,0.417,T2_ldn7-8,0.5,0.25,60,fix0.5W,1.5R
302.0,-0.1942,0.189,0.769,-1.59,38.2,72.8,2,167,-0.345,-2.55,135,-0.0077,-0.04,0.208,T2_ldn7-8,0.5,0.25,60,fix1W,none
111.0,-0.1434,0.694,0.318,-3.29,14.2,16.2,1,41,-0.1069,-1.74,70,-0.1647,-2.78,0.187,T2_ldn7-8,0.5,0.25,60,fix1W,mid
263.0,-0.2167,0.57,0.512,-4.8,33.3,57.9,1,136,-0.2116,-3.49,127,-0.2223,-3.29,0.203,T2_ldn7-8,0.5,0.25,60,fix1W,opp
302.0,-0.1718,0.354,0.746,-2.5,38.2,60.5,1,167,-0.2858,-3.21,135,-0.0307,-0.29,0.208,T2_ldn7-8,0.5,0.25,60,fix1W,1.5R
1772.0,-0.2371,0.206,0.718,-4.51,223.6,480.1,0,863,-0.2323,-3.4,909,-0.2416,-3.05,0.268,T3_ldn8-13,0.0,0.0,1,ext+0.1W,none
1754.0,-0.275,0.35,0.61,-9.38,221.4,507.9,1,852,-0.2643,-6.84,902,-0.2851,-6.5,0.271,T3_ldn8-13,0.0,0.0,1,ext+0.1W,mid
1767.0,-0.2513,0.252,0.685,-6.41,223.0,484.3,1,859,-0.2762,-5.47,908,-0.2277,-3.82,0.268,T3_ldn8-13,0.0,0.0,1,ext+0.1W,opp
1772.0,-0.2691,0.328,0.622,-9.7,223.6,490.6,0,863,-0.2636,-6.74,909,-0.2743,-6.98,0.268,T3_ldn8-13,0.0,0.0,1,ext+0.1W,1.5R
1772.0,-0.1743,0.288,0.752,-4.44,223.6,329.7,0,863,-0.1999,-3.74,909,-0.1501,-2.62,0.172,T3_ldn8-13,0.0,0.0,1,ext+0.25W,none
1754.0,-0.1625,0.461,0.705,-6.86,221.4,299.4,1,852,-0.1968,-6.22,902,-0.1301,-3.71,0.173,T3_ldn8-13,0.0,0.0,1,ext+0.25W,mid
1767.0,-0.1631,0.343,0.752,-5.3,223.0,307.6,1,859,-0.2195,-5.4,908,-0.1097,-2.39,0.172,T3_ldn8-13,0.0,0.0,1,ext+0.25W,opp
1772.0,-0.1505,0.377,0.757,-5.56,223.6,275.8,0,863,-0.1916,-5.07,909,-0.1115,-2.88,0.172,T3_ldn8-13,0.0,0.0,1,ext+0.25W,1.5R
1772.0,-0.1158,0.322,0.826,-2.98,223.6,251.1,2,863,-0.1368,-2.42,909,-0.0959,-1.79,0.154,T3_ldn8-13,0.0,0.0,1,fix0.5W,none
1754.0,-0.115,0.509,0.767,-5.08,221.4,225.8,1,852,-0.147,-4.4,902,-0.0848,-2.76,0.154,T3_ldn8-13,0.0,0.0,1,fix0.5W,mid
1767.0,-0.1126,0.38,0.816,-3.85,223.0,231.9,1,859,-0.1488,-3.5,908,-0.0784,-1.94,0.154,T3_ldn8-13,0.0,0.0,1,fix0.5W,opp
1772.0,-0.1007,0.401,0.83,-3.6,223.6,213.5,2,863,-0.1382,-3.37,909,-0.065,-1.71,0.154,T3_ldn8-13,0.0,0.0,1,fix0.5W,1.5R
1772.0,-0.0561,0.438,0.87,-2.26,223.6,118.5,1,863,-0.0664,-1.81,909,-0.0464,-1.38,0.077,T3_ldn8-13,0.0,0.0,1,fix1W,none
1754.0,-0.0572,0.633,0.805,-3.82,221.4,115.8,1,852,-0.0689,-3.16,902,-0.0462,-2.25,0.077,T3_ldn8-13,0.0,0.0,1,fix1W,mid
1767.0,-0.0598,0.5,0.845,-3.13,223.0,117.9,0,859,-0.0817,-2.95,908,-0.039,-1.48,0.077,T3_ldn8-13,0.0,0.0,1,fix1W,opp
1772.0,-0.0393,0.462,0.905,-1.79,223.6,92.8,3,863,-0.0636,-2.01,909,-0.0163,-0.53,0.077,T3_ldn8-13,0.0,0.0,1,fix1W,1.5R
1690.0,-0.1864,0.253,0.754,-4.11,213.3,366.6,1,829,-0.1692,-2.66,861,-0.2029,-3.14,0.205,T3_ldn8-13,0.0,0.0,5,ext+0.1W,none
1640.0,-0.2229,0.424,0.629,-8.46,207.0,388.2,1,804,-0.2048,-5.87,836,-0.2403,-6.11,0.211,T3_ldn8-13,0.0,0.0,5,ext+0.1W,mid
1688.0,-0.2143,0.308,0.697,-6.24,213.0,392.9,1,828,-0.2198,-4.83,860,-0.2091,-4.07,0.206,T3_ldn8-13,0.0,0.0,5,ext+0.1W,opp
1690.0,-0.2151,0.349,0.673,-7.79,213.3,379.4,0,829,-0.1987,-5.15,861,-0.2309,-5.86,0.205,T3_ldn8-13,0.0,0.0,5,ext+0.1W,1.5R
1690.0,-0.142,0.322,0.778,-3.93,213.3,256.8,0,829,-0.1476,-2.92,861,-0.1365,-2.64,0.142,T3_ldn8-13,0.0,0.0,5,ext+0.25W,none
1640.0,-0.1503,0.512,0.686,-6.95,207.0,258.6,0,804,-0.1631,-5.67,836,-0.1381,-4.29,0.144,T3_ldn8-13,0.0,0.0,5,ext+0.25W,mid
1688.0,-0.1466,0.386,0.751,-5.26,213.0,263.2,0,828,-0.1748,-4.69,860,-0.1195,-2.9,0.142,T3_ldn8-13,0.0,0.0,5,ext+0.25W,opp
1690.0,-0.1406,0.384,0.758,-5.31,213.3,243.1,0,829,-0.1695,-4.63,861,-0.1128,-2.95,0.142,T3_ldn8-13,0.0,0.0,5,ext+0.25W,1.5R
1690.0,-0.1268,0.318,0.808,-3.36,213.3,232.9,0,829,-0.1339,-2.47,861,-0.1199,-2.28,0.155,T3_ldn8-13,0.0,0.0,5,fix0.5W,none
1640.0,-0.1319,0.516,0.723,-6.23,207.0,235.7,0,804,-0.1429,-4.85,836,-0.1214,-4.0,0.154,T3_ldn8-13,0.0,0.0,5,fix0.5W,mid
1688.0,-0.1251,0.38,0.792,-4.45,213.0,233.9,0,828,-0.1518,-3.86,860,-0.0995,-2.48,0.155,T3_ldn8-13,0.0,0.0,5,fix0.5W,opp
1690.0,-0.1107,0.391,0.813,-4.05,213.3,210.3,1,829,-0.1553,-4.04,861,-0.0678,-1.74,0.155,T3_ldn8-13,0.0,0.0,5,fix0.5W,1.5R
1690.0,-0.0555,0.434,0.869,-2.24,213.3,105.2,1,829,-0.051,-1.39,861,-0.0598,-1.78,0.077,T3_ldn8-13,0.0,0.0,5,fix1W,none
1640.0,-0.0605,0.642,0.779,-4.24,207.0,116.2,1,804,-0.0645,-3.22,836,-0.0567,-2.79,0.077,T3_ldn8-13,0.0,0.0,5,fix1W,mid
1688.0,-0.057,0.503,0.845,-3.08,213.0,113.3,1,828,-0.0672,-2.57,860,-0.0471,-1.8,0.077,T3_ldn8-13,0.0,0.0,5,fix1W,opp
1690.0,-0.0436,0.452,0.893,-1.99,213.3,99.1,2,829,-0.0554,-1.79,861,-0.0322,-1.04,0.077,T3_ldn8-13,0.0,0.0,5,fix1W,1.5R
1596.0,-0.1636,0.299,0.76,-3.94,201.4,269.4,1,779,-0.1099,-1.81,817,-0.2147,-3.79,0.165,T3_ldn8-13,0.0,0.0,15,ext+0.1W,none
1490.0,-0.1946,0.489,0.623,-8.09,188.1,296.8,0,722,-0.1729,-5.31,768,-0.215,-6.1,0.173,T3_ldn8-13,0.0,0.0,15,ext+0.1W,mid
1592.0,-0.1828,0.362,0.708,-5.96,200.9,302.1,0,776,-0.1634,-3.84,816,-0.2013,-4.57,0.166,T3_ldn8-13,0.0,0.0,15,ext+0.1W,opp
1596.0,-0.1738,0.37,0.715,-6.32,201.4,281.6,0,779,-0.1724,-4.48,817,-0.1752,-4.46,0.165,T3_ldn8-13,0.0,0.0,15,ext+0.1W,1.5R
1596.0,-0.1165,0.36,0.798,-3.35,201.4,190.2,0,779,-0.0803,-1.58,817,-0.1509,-3.19,0.121,T3_ldn8-13,0.0,0.0,15,ext+0.25W,none
1490.0,-0.1349,0.561,0.675,-6.65,188.1,205.4,0,722,-0.1261,-4.61,768,-0.1431,-4.8,0.125,T3_ldn8-13,0.0,0.0,15,ext+0.25W,mid
1592.0,-0.1325,0.428,0.747,-5.19,200.9,215.8,0,776,-0.1282,-3.65,816,-0.1365,-3.7,0.122,T3_ldn8-13,0.0,0.0,15,ext+0.25W,opp
1596.0,-0.1237,0.401,0.771,-4.76,201.4,202.5,0,779,-0.1386,-3.85,817,-0.1095,-2.93,0.121,T3_ldn8-13,0.0,0.0,15,ext+0.25W,1.5R
1596.0,-0.1042,0.332,0.838,-2.66,201.4,199.7,1,779,-0.0978,-1.7,817,-0.1103,-2.06,0.156,T3_ldn8-13,0.0,0.0,15,fix0.5W,none
1490.0,-0.1304,0.543,0.707,-6.19,188.1,208.6,0,722,-0.1368,-4.61,768,-0.1245,-4.17,0.153,T3_ldn8-13,0.0,0.0,15,fix0.5W,mid
1592.0,-0.1188,0.399,0.795,-4.25,200.9,206.7,0,776,-0.1471,-3.74,816,-0.0919,-2.32,0.155,T3_ldn8-13,0.0,0.0,15,fix0.5W,opp
1596.0,-0.097,0.402,0.833,-3.46,201.4,177.1,2,779,-0.1414,-3.58,817,-0.0547,-1.38,0.156,T3_ldn8-13,0.0,0.0,15,fix0.5W,1.5R
1596.0,-0.0618,0.439,0.851,-2.5,201.4,114.2,1,779,-0.0397,-1.09,817,-0.0829,-2.47,0.078,T3_ldn8-13,0.0,0.0,15,fix1W,none
1490.0,-0.067,0.658,0.74,-4.71,188.1,109.3,1,722,-0.0543,-2.74,768,-0.079,-3.87,0.077,T3_ldn8-13,0.0,0.0,15,fix1W,mid
1592.0,-0.0597,0.516,0.832,-3.25,200.9,107.1,0,776,-0.0519,-2.0,816,-0.067,-2.58,0.078,T3_ldn8-13,0.0,0.0,15,fix1W,opp
1596.0,-0.0532,0.456,0.868,-2.42,201.4,109.7,2,779,-0.0507,-1.63,817,-0.0555,-1.78,0.078,T3_ldn8-13,0.0,0.0,15,fix1W,1.5R
1224.0,-0.1178,0.364,0.785,-3.2,154.7,151.7,0,599,-0.0977,-1.91,625,-0.137,-2.6,0.128,T3_ldn8-13,0.0,0.0,60,ext+0.1W,none
1026.0,-0.1199,0.57,0.701,-4.82,129.8,126.2,0,491,-0.1225,-3.57,535,-0.1175,-3.27,0.142,T3_ldn8-13,0.0,0.0,60,ext+0.1W,mid
1223.0,-0.1311,0.428,0.74,-4.46,154.6,165.3,0,598,-0.1328,-3.32,625,-0.1294,-3.01,0.128,T3_ldn8-13,0.0,0.0,60,ext+0.1W,opp
1224.0,-0.1044,0.404,0.796,-3.59,154.7,134.3,0,599,-0.1239,-3.08,625,-0.0856,-2.04,0.128,T3_ldn8-13,0.0,0.0,60,ext+0.1W,1.5R
1224.0,-0.0877,0.404,0.811,-2.83,154.7,113.2,0,599,-0.076,-1.72,625,-0.0989,-2.26,0.101,T3_ldn8-13,0.0,0.0,60,ext+0.25W,none
1026.0,-0.0933,0.616,0.716,-4.44,129.8,99.2,0,491,-0.098,-3.34,535,-0.0891,-2.97,0.107,T3_ldn8-13,0.0,0.0,60,ext+0.25W,mid
1223.0,-0.1063,0.47,0.749,-4.34,154.6,134.2,0,598,-0.111,-3.31,625,-0.1017,-2.86,0.1,T3_ldn8-13,0.0,0.0,60,ext+0.25W,opp
1224.0,-0.0859,0.424,0.809,-3.22,154.7,115.5,0,599,-0.0857,-2.31,625,-0.0861,-2.25,0.101,T3_ldn8-13,0.0,0.0,60,ext+0.25W,1.5R
1224.0,-0.1234,0.345,0.798,-3.04,154.7,156.6,0,599,-0.1361,-2.3,625,-0.1113,-2.0,0.15,T3_ldn8-13,0.0,0.0,60,fix0.5W,none
1026.0,-0.1298,0.559,0.684,-5.47,129.8,138.3,0,491,-0.1439,-4.22,535,-0.1169,-3.53,0.148,T3_ldn8-13,0.0,0.0,60,fix0.5W,mid
1223.0,-0.1326,0.413,0.758,-4.46,154.6,169.4,0,598,-0.1706,-4.08,625,-0.0962,-2.28,0.15,T3_ldn8-13,0.0,0.0,60,fix0.5W,opp
1224.0,-0.1297,0.39,0.773,-4.21,154.7,167.0,0,599,-0.1795,-4.17,625,-0.0821,-1.87,0.15,T3_ldn8-13,0.0,0.0,60,fix0.5W,1.5R
1224.0,-0.0599,0.438,0.838,-2.38,154.7,77.2,0,599,-0.0576,-1.56,625,-0.0622,-1.8,0.075,T3_ldn8-13,0.0,0.0,60,fix1W,none
1026.0,-0.0572,0.664,0.745,-3.65,129.8,64.6,1,491,-0.0653,-2.84,535,-0.0497,-2.32,0.074,T3_ldn8-13,0.0,0.0,60,fix1W,mid
1223.0,-0.0737,0.504,0.775,-3.83,154.6,95.1,0,598,-0.0866,-3.16,625,-0.0613,-2.27,0.075,T3_ldn8-13,0.0,0.0,60,fix1W,opp
1224.0,-0.0497,0.448,0.863,-2.13,154.7,80.9,1,599,-0.0642,-1.95,625,-0.0358,-1.08,0.075,T3_ldn8-13,0.0,0.0,60,fix1W,1.5R
1355.0,-0.103,0.37,0.808,-2.88,171.1,145.1,0,662,-0.0938,-1.9,693,-0.1117,-2.17,0.113,T3_ldn8-13,0.0,0.25,1,ext+0.1W,none
1245.0,-0.1087,0.697,0.614,-6.68,157.2,138.3,0,592,-0.1216,-5.45,653,-0.0971,-4.13,0.115,T3_ldn8-13,0.0,0.25,1,ext+0.1W,mid
1348.0,-0.1011,0.475,0.78,-4.11,170.2,142.0,0,658,-0.1295,-3.93,690,-0.074,-2.04,0.113,T3_ldn8-13,0.0,0.25,1,ext+0.1W,opp
1355.0,-0.0879,0.415,0.823,-3.22,171.1,129.6,0,662,-0.1034,-2.75,693,-0.0731,-1.86,0.113,T3_ldn8-13,0.0,0.25,1,ext+0.1W,1.5R
1355.0,-0.0862,0.401,0.816,-2.77,171.1,127.9,1,662,-0.0856,-1.96,693,-0.0868,-1.96,0.092,T3_ldn8-13,0.0,0.25,1,ext+0.25W,none
1245.0,-0.0928,0.729,0.609,-6.39,157.2,118.3,0,592,-0.1099,-5.43,653,-0.0772,-3.73,0.093,T3_ldn8-13,0.0,0.25,1,ext+0.25W,mid
1348.0,-0.0865,0.508,0.781,-4.02,170.2,121.8,0,658,-0.1198,-4.11,690,-0.0547,-1.74,0.092,T3_ldn8-13,0.0,0.25,1,ext+0.25W,opp
1355.0,-0.0661,0.434,0.85,-2.6,171.1,102.5,1,662,-0.0869,-2.47,693,-0.0462,-1.26,0.092,T3_ldn8-13,0.0,0.25,1,ext+0.25W,1.5R
1355.0,-0.147,0.32,0.777,-3.51,171.1,209.2,1,662,-0.1554,-2.62,693,-0.1389,-2.35,0.159,T3_ldn8-13,0.0,0.25,1,fix0.5W,none
1245.0,-0.1485,0.647,0.573,-8.22,157.2,188.6,0,592,-0.1725,-6.79,653,-0.1267,-4.95,0.154,T3_ldn8-13,0.0,0.25,1,fix0.5W,mid
1348.0,-0.1341,0.417,0.762,-4.75,170.2,191.8,0,658,-0.1769,-4.51,690,-0.0932,-2.3,0.158,T3_ldn8-13,0.0,0.25,1,fix0.5W,opp
1355.0,-0.1212,0.392,0.794,-4.02,171.1,180.2,0,662,-0.1609,-3.78,693,-0.0833,-1.95,0.159,T3_ldn8-13,0.0,0.25,1,fix0.5W,1.5R
1355.0,-0.0537,0.436,0.869,-1.91,171.1,84.7,0,662,-0.0281,-0.65,693,-0.0781,-2.15,0.079,T3_ldn8-13,0.0,0.25,1,fix1W,none
1245.0,-0.061,0.769,0.659,-5.0,157.2,79.2,0,592,-0.0705,-4.06,653,-0.0524,-3.06,0.077,T3_ldn8-13,0.0,0.25,1,fix1W,mid
1348.0,-0.0485,0.547,0.852,-2.61,170.2,70.8,0,658,-0.0641,-2.45,690,-0.0336,-1.28,0.079,T3_ldn8-13,0.0,0.25,1,fix1W,opp
1355.0,-0.0378,0.458,0.903,-1.58,171.1,72.3,2,662,-0.0338,-0.98,693,-0.0417,-1.24,0.079,T3_ldn8-13,0.0,0.25,1,fix1W,1.5R
1273.0,-0.1129,0.374,0.781,-3.3,160.7,145.9,1,619,-0.0725,-1.46,654,-0.1511,-3.2,0.106,T3_ldn8-13,0.0,0.25,5,ext+0.1W,none
1054.0,-0.1234,0.695,0.544,-7.33,133.1,132.7,0,491,-0.1216,-5.21,563,-0.125,-5.19,0.111,T3_ldn8-13,0.0,0.25,5,ext+0.1W,mid
1272.0,-0.1235,0.48,0.718,-5.27,160.6,161.1,0,619,-0.1275,-3.99,653,-0.1198,-3.5,0.106,T3_ldn8-13,0.0,0.25,5,ext+0.1W,opp
1273.0,-0.0944,0.412,0.804,-3.45,160.7,128.8,0,619,-0.0926,-2.43,654,-0.0961,-2.45,0.106,T3_ldn8-13,0.0,0.25,5,ext+0.1W,1.5R
1273.0,-0.0854,0.405,0.809,-2.82,160.7,110.4,0,619,-0.0595,-1.35,654,-0.1099,-2.64,0.087,T3_ldn8-13,0.0,0.25,5,ext+0.25W,none
1054.0,-0.0961,0.729,0.564,-6.47,133.1,103.3,0,491,-0.1,-4.81,563,-0.0927,-4.39,0.089,T3_ldn8-13,0.0,0.25,5,ext+0.25W,mid
1272.0,-0.093,0.517,0.749,-4.51,160.6,121.5,0,619,-0.1099,-3.89,653,-0.0769,-2.57,0.087,T3_ldn8-13,0.0,0.25,5,ext+0.25W,opp
1273.0,-0.0681,0.43,0.84,-2.67,160.7,94.8,0,619,-0.0678,-1.88,654,-0.0683,-1.89,0.087,T3_ldn8-13,0.0,0.25,5,ext+0.25W,1.5R
1273.0,-0.12,0.317,0.816,-2.62,160.7,161.8,1,619,-0.0862,-1.21,654,-0.1519,-2.61,0.158,T3_ldn8-13,0.0,0.25,5,fix0.5W,none
1054.0,-0.1675,0.645,0.506,-8.88,133.1,178.4,0,491,-0.1655,-6.22,563,-0.1692,-6.35,0.149,T3_ldn8-13,0.0,0.25,5,fix0.5W,mid
1272.0,-0.1546,0.418,0.722,-5.52,160.6,202.5,0,619,-0.1777,-4.5,653,-0.1326,-3.33,0.158,T3_ldn8-13,0.0,0.25,5,fix0.5W,opp
1273.0,-0.1256,0.384,0.786,-4.04,160.7,168.5,0,619,-0.148,-3.34,654,-0.1044,-2.4,0.158,T3_ldn8-13,0.0,0.25,5,fix0.5W,1.5R
1273.0,-0.0602,0.431,0.852,-2.09,160.7,85.5,1,619,-0.0147,-0.33,654,-0.1032,-2.82,0.079,T3_ldn8-13,0.0,0.25,5,fix1W,none
1054.0,-0.0689,0.763,0.598,-5.42,133.1,74.2,0,491,-0.0682,-3.78,563,-0.0695,-3.88,0.075,T3_ldn8-13,0.0,0.25,5,fix1W,mid
1272.0,-0.0648,0.546,0.799,-3.51,160.6,85.6,0,619,-0.0663,-2.55,653,-0.0633,-2.41,0.079,T3_ldn8-13,0.0,0.25,5,fix1W,opp
1273.0,-0.052,0.449,0.867,-2.13,160.7,75.3,1,619,-0.0254,-0.72,654,-0.0772,-2.28,0.079,T3_ldn8-13,0.0,0.25,5,fix1W,1.5R
1154.0,-0.1079,0.387,0.776,-3.22,145.7,125.9,0,573,-0.07,-1.46,581,-0.1452,-3.11,0.101,T3_ldn8-13,0.0,0.25,15,ext+0.1W,none
829.0,-0.1164,0.71,0.53,-6.45,104.7,98.5,0,386,-0.1222,-4.88,443,-0.1114,-4.32,0.107,T3_ldn8-13,0.0,0.25,15,ext+0.1W,mid
1149.0,-0.1112,0.504,0.722,-4.81,145.1,130.4,0,570,-0.1189,-3.87,579,-0.1037,-3.01,0.101,T3_ldn8-13,0.0,0.25,15,ext+0.1W,opp
1154.0,-0.1001,0.412,0.782,-3.64,145.7,117.1,0,573,-0.1056,-2.82,581,-0.0947,-2.35,0.101,T3_ldn8-13,0.0,0.25,15,ext+0.1W,1.5R
1154.0,-0.0825,0.417,0.803,-2.78,145.7,96.5,0,573,-0.0655,-1.52,581,-0.0994,-2.43,0.084,T3_ldn8-13,0.0,0.25,15,ext+0.25W,none
829.0,-0.095,0.738,0.54,-5.92,104.7,80.4,0,386,-0.112,-4.87,443,-0.0802,-3.58,0.088,T3_ldn8-13,0.0,0.25,15,ext+0.25W,mid
1149.0,-0.0891,0.536,0.739,-4.38,145.1,104.6,0,570,-0.11,-3.99,579,-0.0686,-2.29,0.084,T3_ldn8-13,0.0,0.25,15,ext+0.25W,opp
1154.0,-0.0774,0.434,0.809,-3.04,145.7,95.0,0,573,-0.0999,-2.88,581,-0.0552,-1.48,0.084,T3_ldn8-13,0.0,0.25,15,ext+0.25W,1.5R
1154.0,-0.1147,0.329,0.819,-2.44,145.7,145.2,0,573,-0.0732,-1.01,581,-0.1557,-2.59,0.157,T3_ldn8-13,0.0,0.25,15,fix0.5W,none
829.0,-0.1474,0.667,0.522,-7.25,104.7,124.9,0,386,-0.1618,-5.6,443,-0.1348,-4.72,0.146,T3_ldn8-13,0.0,0.25,15,fix0.5W,mid
1149.0,-0.138,0.443,0.738,-4.83,145.1,164.2,0,570,-0.1705,-4.32,579,-0.106,-2.57,0.157,T3_ldn8-13,0.0,0.25,15,fix0.5W,opp
1154.0,-0.106,0.398,0.814,-3.27,145.7,131.4,0,573,-0.1253,-2.73,581,-0.087,-1.9,0.157,T3_ldn8-13,0.0,0.25,15,fix0.5W,1.5R
1154.0,-0.0652,0.431,0.835,-2.25,145.7,85.0,1,573,-0.0338,-0.76,581,-0.0961,-2.58,0.079,T3_ldn8-13,0.0,0.25,15,fix1W,none
829.0,-0.0703,0.767,0.57,-5.04,104.7,60.9,1,386,-0.0788,-3.89,443,-0.063,-3.28,0.073,T3_ldn8-13,0.0,0.25,15,fix1W,mid
1149.0,-0.0698,0.554,0.774,-3.73,145.1,83.0,0,570,-0.0766,-2.94,579,-0.063,-2.35,0.078,T3_ldn8-13,0.0,0.25,15,fix1W,opp
1154.0,-0.0663,0.444,0.828,-2.66,145.7,82.2,1,573,-0.0641,-1.82,581,-0.0686,-1.94,0.079,T3_ldn8-13,0.0,0.25,15,fix1W,1.5R
748.0,-0.0962,0.429,0.766,-2.79,94.5,78.9,0,359,-0.1081,-2.12,389,-0.0852,-1.82,0.09,T3_ldn8-13,0.0,0.25,60,ext+0.1W,none
441.0,-0.0946,0.721,0.568,-4.07,55.8,44.4,0,194,-0.1346,-3.87,247,-0.0632,-2.03,0.103,T3_ldn8-13,0.0,0.25,60,ext+0.1W,mid
745.0,-0.0998,0.526,0.716,-3.86,94.2,77.4,1,357,-0.1358,-3.86,388,-0.0666,-1.77,0.09,T3_ldn8-13,0.0,0.25,60,ext+0.1W,opp
748.0,-0.0769,0.445,0.808,-2.45,94.5,65.1,1,359,-0.1146,-2.67,389,-0.042,-0.92,0.09,T3_ldn8-13,0.0,0.25,60,ext+0.1W,1.5R
748.0,-0.0795,0.447,0.781,-2.5,94.5,63.7,1,359,-0.0967,-2.08,389,-0.0636,-1.46,0.077,T3_ldn8-13,0.0,0.25,60,ext+0.25W,none
441.0,-0.0944,0.73,0.517,-4.47,55.8,43.7,0,194,-0.1314,-4.1,247,-0.0653,-2.33,0.085,T3_ldn8-13,0.0,0.25,60,ext+0.25W,mid
745.0,-0.0911,0.546,0.703,-3.97,94.2,69.0,0,357,-0.1234,-3.89,388,-0.0614,-1.86,0.076,T3_ldn8-13,0.0,0.25,60,ext+0.25W,opp
748.0,-0.0761,0.457,0.786,-2.67,94.5,61.3,0,359,-0.1041,-2.65,389,-0.0503,-1.23,0.077,T3_ldn8-13,0.0,0.25,60,ext+0.25W,1.5R
748.0,-0.1096,0.374,0.809,-2.24,94.5,85.1,1,359,-0.1613,-2.24,389,-0.0619,-0.93,0.148,T3_ldn8-13,0.0,0.25,60,fix0.5W,none
441.0,-0.1212,0.683,0.559,-4.59,55.8,55.4,0,194,-0.168,-4.24,247,-0.0844,-2.39,0.142,T3_ldn8-13,0.0,0.25,60,fix0.5W,mid
745.0,-0.1044,0.482,0.781,-3.12,94.2,82.0,0,357,-0.1801,-3.88,388,-0.0348,-0.73,0.148,T3_ldn8-13,0.0,0.25,60,fix0.5W,opp
748.0,-0.0693,0.424,0.87,-1.76,94.5,58.7,2,359,-0.1525,-2.77,389,0.0075,0.13,0.148,T3_ldn8-13,0.0,0.25,60,fix0.5W,1.5R
748.0,-0.0701,0.451,0.796,-2.36,94.5,57.1,1,359,-0.0979,-2.28,389,-0.0445,-1.08,0.074,T3_ldn8-13,0.0,0.25,60,fix1W,none
441.0,-0.0686,0.753,0.556,-3.76,55.8,32.2,0,194,-0.1104,-3.75,247,-0.0357,-1.57,0.071,T3_ldn8-13,0.0,0.25,60,fix1W,mid
745.0,-0.0763,0.55,0.731,-3.55,94.2,58.5,0,357,-0.1092,-3.58,388,-0.046,-1.52,0.074,T3_ldn8-13,0.0,0.25,60,fix1W,opp
748.0,-0.0543,0.46,0.839,-1.92,94.5,44.5,0,359,-0.0886,-2.24,389,-0.0226,-0.56,0.074,T3_ldn8-13,0.0,0.25,60,fix1W,1.5R
1521.0,-0.1759,0.302,0.739,-4.46,192.0,275.3,0,764,-0.1613,-3.05,757,-0.1907,-3.25,0.176,T3_ldn8-13,0.1,0.0,1,ext+0.1W,none
1497.0,-0.1305,0.475,0.753,-5.0,189.0,200.3,0,752,-0.1513,-4.44,745,-0.1094,-2.77,0.178,T3_ldn8-13,0.1,0.0,1,ext+0.1W,mid
1515.0,-0.1289,0.358,0.795,-3.83,191.3,205.2,0,761,-0.1437,-3.29,754,-0.1139,-2.23,0.176,T3_ldn8-13,0.1,0.0,1,ext+0.1W,opp
1521.0,-0.1137,0.389,0.808,-3.9,192.0,185.4,0,764,-0.1123,-2.77,757,-0.1151,-2.74,0.176,T3_ldn8-13,0.1,0.0,1,ext+0.1W,1.5R
1521.0,-0.1338,0.352,0.77,-3.88,192.0,213.4,0,764,-0.1269,-2.64,757,-0.1408,-2.84,0.13,T3_ldn8-13,0.1,0.0,1,ext+0.25W,none
1497.0,-0.1099,0.534,0.75,-5.05,189.0,170.3,0,752,-0.1219,-4.17,745,-0.0977,-3.03,0.131,T3_ldn8-13,0.1,0.0,1,ext+0.25W,mid
1515.0,-0.1095,0.412,0.796,-3.95,191.3,175.3,1,761,-0.1222,-3.27,754,-0.0967,-2.35,0.13,T3_ldn8-13,0.1,0.0,1,ext+0.25W,opp
1521.0,-0.0949,0.408,0.822,-3.48,192.0,155.2,1,764,-0.0983,-2.59,757,-0.0914,-2.33,0.13,T3_ldn8-13,0.1,0.0,1,ext+0.25W,1.5R
1521.0,-0.1585,0.318,0.761,-4.03,192.0,256.3,0,764,-0.1354,-2.35,757,-0.1818,-3.38,0.159,T3_ldn8-13,0.1,0.0,1,fix0.5W,none
1497.0,-0.1196,0.506,0.757,-4.87,189.0,186.0,0,752,-0.1334,-3.72,745,-0.1057,-3.14,0.158,T3_ldn8-13,0.1,0.0,1,fix0.5W,mid
1515.0,-0.1196,0.377,0.803,-3.8,191.3,195.1,0,761,-0.1236,-2.72,754,-0.1155,-2.66,0.159,T3_ldn8-13,0.1,0.0,1,fix0.5W,opp
1521.0,-0.1089,0.396,0.816,-3.62,192.0,178.8,0,764,-0.1192,-2.72,757,-0.0985,-2.38,0.159,T3_ldn8-13,0.1,0.0,1,fix0.5W,1.5R
1521.0,-0.0797,0.429,0.814,-3.1,192.0,130.4,2,764,-0.0662,-1.74,757,-0.0934,-2.71,0.079,T3_ldn8-13,0.1,0.0,1,fix1W,none
1497.0,-0.0621,0.625,0.786,-3.87,189.0,101.7,1,752,-0.0643,-2.81,745,-0.0598,-2.66,0.079,T3_ldn8-13,0.1,0.0,1,fix1W,mid
1515.0,-0.0663,0.492,0.826,-3.26,191.3,105.8,1,761,-0.0666,-2.29,754,-0.066,-2.32,0.079,T3_ldn8-13,0.1,0.0,1,fix1W,opp
1521.0,-0.0412,0.456,0.899,-1.75,192.0,89.9,2,764,-0.0382,-1.13,757,-0.0443,-1.35,0.079,T3_ldn8-13,0.1,0.0,1,fix1W,1.5R
1440.0,-0.1477,0.33,0.765,-3.8,181.8,220.2,0,729,-0.154,-3.1,711,-0.1413,-2.36,0.154,T3_ldn8-13,0.1,0.0,5,ext+0.1W,none
1386.0,-0.124,0.513,0.739,-5.08,175.0,176.2,0,703,-0.141,-4.5,683,-0.1064,-2.83,0.158,T3_ldn8-13,0.1,0.0,5,ext+0.1W,mid
1436.0,-0.1186,0.394,0.794,-3.78,181.3,178.6,0,726,-0.1359,-3.36,710,-0.101,-2.1,0.154,T3_ldn8-13,0.1,0.0,5,ext+0.1W,opp
1440.0,-0.1078,0.401,0.808,-3.76,181.8,165.2,0,729,-0.1025,-2.61,711,-0.1132,-2.71,0.154,T3_ldn8-13,0.1,0.0,5,ext+0.1W,1.5R
1440.0,-0.1245,0.374,0.771,-3.74,181.8,189.7,0,729,-0.1208,-2.61,711,-0.1282,-2.68,0.115,T3_ldn8-13,0.1,0.0,5,ext+0.25W,none
1386.0,-0.1113,0.562,0.722,-5.4,175.0,159.9,0,703,-0.1209,-4.45,683,-0.1015,-3.26,0.118,T3_ldn8-13,0.1,0.0,5,ext+0.25W,mid
1436.0,-0.1066,0.44,0.784,-4.09,181.3,162.5,1,726,-0.1168,-3.35,710,-0.0962,-2.47,0.115,T3_ldn8-13,0.1,0.0,5,ext+0.25W,opp
1440.0,-0.0942,0.416,0.814,-3.52,181.8,146.3,1,729,-0.0959,-2.61,711,-0.0925,-2.37,0.115,T3_ldn8-13,0.1,0.0,5,ext+0.25W,1.5R
1440.0,-0.1585,0.32,0.758,-4.06,181.8,243.8,0,729,-0.1447,-2.59,711,-0.1726,-3.16,0.159,T3_ldn8-13,0.1,0.0,5,fix0.5W,none
1386.0,-0.1375,0.513,0.711,-6.01,175.0,197.9,0,703,-0.1413,-4.52,683,-0.1336,-3.98,0.158,T3_ldn8-13,0.1,0.0,5,fix0.5W,mid
1436.0,-0.1247,0.384,0.79,-4.14,181.3,192.3,0,726,-0.1322,-3.16,710,-0.117,-2.7,0.159,T3_ldn8-13,0.1,0.0,5,fix0.5W,opp
1440.0,-0.1163,0.392,0.802,-3.96,181.8,180.1,1,729,-0.1307,-3.19,711,-0.1016,-2.41,0.159,T3_ldn8-13,0.1,0.0,5,fix0.5W,1.5R
1440.0,-0.0643,0.434,0.844,-2.47,181.8,101.0,1,729,-0.0461,-1.22,711,-0.0829,-2.31,0.08,T3_ldn8-13,0.1,0.0,5,fix1W,none
1386.0,-0.0572,0.639,0.786,-3.75,175.0,89.6,1,703,-0.0566,-2.71,683,-0.0578,-2.59,0.079,T3_ldn8-13,0.1,0.0,5,fix1W,mid
1436.0,-0.0539,0.505,0.85,-2.73,181.3,84.6,1,726,-0.0516,-1.88,710,-0.0563,-1.99,0.08,T3_ldn8-13,0.1,0.0,5,fix1W,opp
1440.0,-0.0382,0.454,0.903,-1.63,181.8,77.4,3,729,-0.0307,-0.93,711,-0.0459,-1.38,0.08,T3_ldn8-13,0.1,0.0,5,fix1W,1.5R
1350.0,-0.122,0.354,0.789,-3.3,170.4,179.8,1,684,-0.12,-2.42,666,-0.1241,-2.25,0.138,T3_ldn8-13,0.1,0.0,15,ext+0.1W,none
1245.0,-0.1051,0.552,0.75,-4.43,157.2,137.4,0,625,-0.1128,-3.61,620,-0.0974,-2.72,0.145,T3_ldn8-13,0.1,0.0,15,ext+0.1W,mid
1341.0,-0.1016,0.424,0.806,-3.42,169.3,143.8,1,676,-0.112,-2.85,665,-0.091,-2.04,0.139,T3_ldn8-13,0.1,0.0,15,ext+0.1W,opp
1350.0,-0.0766,0.416,0.853,-2.67,170.4,117.2,2,684,-0.0869,-2.22,666,-0.066,-1.57,0.138,T3_ldn8-13,0.1,0.0,15,ext+0.1W,1.5R
1350.0,-0.1016,0.393,0.797,-3.14,170.4,154.7,2,684,-0.0868,-1.88,666,-0.1168,-2.58,0.108,T3_ldn8-13,0.1,0.0,15,ext+0.25W,none
1245.0,-0.0934,0.595,0.735,-4.64,157.2,123.2,0,625,-0.0924,-3.42,620,-0.0945,-3.16,0.112,T3_ldn8-13,0.1,0.0,15,ext+0.25W,mid
1341.0,-0.0913,0.465,0.796,-3.65,169.3,130.9,1,676,-0.0955,-2.82,665,-0.087,-2.36,0.109,T3_ldn8-13,0.1,0.0,15,ext+0.25W,opp
1350.0,-0.0872,0.424,0.816,-3.3,170.4,130.6,0,684,-0.0907,-2.5,666,-0.0836,-2.17,0.108,T3_ldn8-13,0.1,0.0,15,ext+0.25W,1.5R
1350.0,-0.1329,0.333,0.793,-3.28,170.4,208.5,3,684,-0.1127,-1.95,666,-0.1536,-2.7,0.16,T3_ldn8-13,0.1,0.0,15,fix0.5W,none
1245.0,-0.1248,0.543,0.718,-5.4,157.2,163.3,0,625,-0.1143,-3.58,620,-0.1354,-4.05,0.157,T3_ldn8-13,0.1,0.0,15,fix0.5W,mid
1341.0,-0.1209,0.4,0.79,-3.99,169.3,171.2,1,676,-0.1241,-2.94,665,-0.1176,-2.7,0.16,T3_ldn8-13,0.1,0.0,15,fix0.5W,opp
1350.0,-0.0984,0.404,0.829,-3.25,170.4,147.2,1,684,-0.1127,-2.67,666,-0.0837,-1.92,0.16,T3_ldn8-13,0.1,0.0,15,fix0.5W,1.5R
1350.0,-0.061,0.439,0.848,-2.33,170.4,105.4,2,684,-0.0428,-1.14,666,-0.0797,-2.19,0.08,T3_ldn8-13,0.1,0.0,15,fix1W,none
1245.0,-0.0552,0.655,0.777,-3.62,157.2,81.5,2,625,-0.0482,-2.29,620,-0.0623,-2.81,0.079,T3_ldn8-13,0.1,0.0,15,fix1W,mid
1341.0,-0.0501,0.515,0.854,-2.54,169.3,82.0,3,676,-0.0463,-1.69,665,-0.0539,-1.91,0.08,T3_ldn8-13,0.1,0.0,15,fix1W,opp
1350.0,-0.0452,0.455,0.884,-1.91,170.4,98.5,4,684,-0.0505,-1.55,666,-0.0397,-1.16,0.08,T3_ldn8-13,0.1,0.0,15,fix1W,1.5R
1002.0,-0.0819,0.381,0.833,-2.15,126.7,90.7,1,504,-0.0548,-1.03,498,-0.1094,-2.01,0.115,T3_ldn8-13,0.1,0.0,60,ext+0.1W,none
822.0,-0.0812,0.591,0.771,-3.12,104.0,69.4,1,404,-0.0804,-2.29,418,-0.0819,-2.14,0.129,T3_ldn8-13,0.1,0.0,60,ext+0.1W,mid
996.0,-0.0832,0.454,0.812,-2.77,125.9,90.6,1,500,-0.0798,-1.98,496,-0.0866,-1.95,0.115,T3_ldn8-13,0.1,0.0,60,ext+0.1W,opp
1002.0,-0.0675,0.415,0.854,-2.19,126.7,76.7,0,504,-0.0722,-1.71,498,-0.0627,-1.39,0.115,T3_ldn8-13,0.1,0.0,60,ext+0.1W,1.5R
1002.0,-0.063,0.412,0.851,-1.95,126.7,71.7,2,504,-0.0442,-0.96,498,-0.0821,-1.81,0.094,T3_ldn8-13,0.1,0.0,60,ext+0.25W,none
822.0,-0.0666,0.628,0.774,-3.0,104.0,58.4,1,404,-0.0728,-2.37,418,-0.0607,-1.89,0.101,T3_ldn8-13,0.1,0.0,60,ext+0.25W,mid
996.0,-0.0682,0.486,0.819,-2.67,125.9,74.8,0,500,-0.0759,-2.2,496,-0.0604,-1.6,0.094,T3_ldn8-13,0.1,0.0,60,ext+0.25W,opp
1002.0,-0.0544,0.429,0.867,-1.91,126.7,70.1,2,504,-0.0527,-1.35,498,-0.0561,-1.36,0.094,T3_ldn8-13,0.1,0.0,60,ext+0.25W,1.5R
1002.0,-0.1202,0.338,0.804,-2.66,126.7,127.7,1,504,-0.1483,-2.35,498,-0.0917,-1.42,0.158,T3_ldn8-13,0.1,0.0,60,fix0.5W,none
822.0,-0.1202,0.558,0.707,-4.48,104.0,103.8,0,404,-0.1362,-3.59,418,-0.1047,-2.76,0.154,T3_ldn8-13,0.1,0.0,60,fix0.5W,mid
996.0,-0.1067,0.418,0.802,-3.2,125.9,117.4,1,500,-0.1475,-3.2,496,-0.0655,-1.36,0.157,T3_ldn8-13,0.1,0.0,60,fix0.5W,opp
1002.0,-0.1103,0.389,0.806,-3.2,126.7,122.6,0,504,-0.1592,-3.35,498,-0.0608,-1.22,0.158,T3_ldn8-13,0.1,0.0,60,fix0.5W,1.5R
1002.0,-0.056,0.432,0.847,-2.01,126.7,67.1,2,504,-0.0477,-1.18,498,-0.0644,-1.67,0.079,T3_ldn8-13,0.1,0.0,60,fix1W,none
822.0,-0.0496,0.663,0.776,-2.84,104.0,47.4,2,404,-0.0522,-2.08,418,-0.0472,-1.94,0.077,T3_ldn8-13,0.1,0.0,60,fix1W,mid
996.0,-0.0578,0.507,0.818,-2.72,125.9,66.1,2,500,-0.0739,-2.48,496,-0.0416,-1.37,0.079,T3_ldn8-13,0.1,0.0,60,fix1W,opp
1002.0,-0.0438,0.443,0.878,-1.69,126.7,67.6,3,504,-0.0572,-1.59,498,-0.0303,-0.81,0.079,T3_ldn8-13,0.1,0.0,60,fix1W,1.5R
1130.0,-0.1214,0.385,0.75,-3.72,142.7,154.5,1,575,-0.0972,-2.18,555,-0.1465,-3.08,0.1,T3_ldn8-13,0.1,0.25,1,ext+0.1W,none
1025.0,-0.0997,0.718,0.592,-6.16,129.5,104.6,0,507,-0.1137,-5.19,518,-0.086,-3.62,0.102,T3_ldn8-13,0.1,0.25,1,ext+0.1W,mid
1123.0,-0.092,0.498,0.774,-3.82,141.8,111.0,0,571,-0.0999,-3.12,552,-0.0838,-2.32,0.1,T3_ldn8-13,0.1,0.25,1,ext+0.1W,opp
1130.0,-0.0782,0.419,0.829,-2.76,142.7,112.3,1,575,-0.0751,-1.94,555,-0.0814,-1.97,0.1,T3_ldn8-13,0.1,0.25,1,ext+0.1W,1.5R
1130.0,-0.1018,0.409,0.761,-3.49,142.7,132.1,1,575,-0.0852,-2.07,555,-0.119,-2.89,0.084,T3_ldn8-13,0.1,0.25,1,ext+0.25W,none
1025.0,-0.0915,0.736,0.571,-6.22,129.5,95.8,0,507,-0.1046,-5.19,518,-0.0788,-3.67,0.085,T3_ldn8-13,0.1,0.25,1,ext+0.25W,mid
1123.0,-0.0795,0.521,0.775,-3.73,141.8,98.5,1,571,-0.0922,-3.22,552,-0.0664,-2.1,0.084,T3_ldn8-13,0.1,0.25,1,ext+0.25W,opp
1130.0,-0.0671,0.432,0.834,-2.58,142.7,97.7,2,575,-0.0627,-1.74,555,-0.0717,-1.9,0.084,T3_ldn8-13,0.1,0.25,1,ext+0.25W,1.5R
1130.0,-0.1995,0.307,0.702,-4.65,142.7,244.2,1,575,-0.1802,-3.02,555,-0.2194,-3.56,0.164,T3_ldn8-13,0.1,0.25,1,fix0.5W,none
1025.0,-0.1674,0.635,0.528,-8.46,129.5,175.4,0,507,-0.1865,-6.84,518,-0.1488,-5.19,0.159,T3_ldn8-13,0.1,0.25,1,fix0.5W,mid
1123.0,-0.1499,0.408,0.736,-4.88,141.8,182.2,0,571,-0.1589,-3.75,552,-0.1406,-3.16,0.164,T3_ldn8-13,0.1,0.25,1,fix0.5W,opp
1130.0,-0.1405,0.379,0.765,-4.26,142.7,174.5,0,575,-0.1442,-3.1,555,-0.1367,-2.91,0.164,T3_ldn8-13,0.1,0.25,1,fix0.5W,1.5R
1130.0,-0.0783,0.422,0.812,-2.59,142.7,103.0,2,575,-0.0414,-0.9,555,-0.1166,-2.99,0.082,T3_ldn8-13,0.1,0.25,1,fix1W,none
1025.0,-0.0695,0.76,0.617,-5.18,129.5,73.1,0,507,-0.0758,-4.09,518,-0.0633,-3.27,0.08,T3_ldn8-13,0.1,0.25,1,fix1W,mid
1123.0,-0.0577,0.537,0.825,-2.85,141.8,76.6,1,571,-0.0647,-2.31,552,-0.0504,-1.72,0.082,T3_ldn8-13,0.1,0.25,1,fix1W,opp
1130.0,-0.0435,0.449,0.89,-1.66,142.7,84.3,3,575,-0.0287,-0.77,555,-0.0589,-1.58,0.082,T3_ldn8-13,0.1,0.25,1,fix1W,1.5R
1052.0,-0.1142,0.394,0.753,-3.49,132.9,132.2,0,527,-0.0683,-1.49,525,-0.1602,-3.44,0.094,T3_ldn8-13,0.1,0.25,5,ext+0.1W,none
838.0,-0.1176,0.71,0.511,-6.8,105.8,100.1,0,403,-0.1236,-5.15,435,-0.112,-4.51,0.099,T3_ldn8-13,0.1,0.25,5,ext+0.1W,mid
1045.0,-0.0985,0.51,0.742,-4.22,132.0,108.5,1,522,-0.0912,-2.89,523,-0.1059,-3.08,0.095,T3_ldn8-13,0.1,0.25,5,ext+0.1W,opp
1052.0,-0.0695,0.425,0.84,-2.43,132.9,93.3,1,527,-0.0464,-1.17,525,-0.0928,-2.26,0.094,T3_ldn8-13,0.1,0.25,5,ext+0.1W,1.5R
1052.0,-0.0926,0.416,0.771,-3.17,132.9,107.6,1,527,-0.0555,-1.32,525,-0.1299,-3.2,0.079,T3_ldn8-13,0.1,0.25,5,ext+0.25W,none
838.0,-0.1006,0.73,0.511,-6.43,105.8,85.6,0,403,-0.1055,-4.84,435,-0.096,-4.29,0.083,T3_ldn8-13,0.1,0.25,5,ext+0.25W,mid
1045.0,-0.0769,0.536,0.765,-3.72,132.0,84.5,1,522,-0.0789,-2.8,523,-0.0748,-2.47,0.079,T3_ldn8-13,0.1,0.25,5,ext+0.25W,opp
1052.0,-0.0579,0.437,0.85,-2.2,132.9,82.0,2,527,-0.0351,-0.95,525,-0.0808,-2.15,0.079,T3_ldn8-13,0.1,0.25,5,ext+0.25W,1.5R
1052.0,-0.1653,0.305,0.751,-3.39,132.9,184.7,1,527,-0.1094,-1.47,525,-0.2213,-3.52,0.163,T3_ldn8-13,0.1,0.25,5,fix0.5W,none
838.0,-0.1828,0.636,0.47,-8.68,105.8,154.9,0,403,-0.1743,-5.94,435,-0.1907,-6.32,0.154,T3_ldn8-13,0.1,0.25,5,fix0.5W,mid
1045.0,-0.1534,0.418,0.723,-4.97,132.0,168.5,1,522,-0.1504,-3.47,523,-0.1563,-3.56,0.162,T3_ldn8-13,0.1,0.25,5,fix0.5W,opp
1052.0,-0.1283,0.377,0.784,-3.73,132.9,145.6,1,527,-0.1111,-2.26,525,-0.1456,-3.03,0.163,T3_ldn8-13,0.1,0.25,5,fix0.5W,1.5R
1052.0,-0.0751,0.42,0.816,-2.41,132.9,92.9,2,527,-0.0145,-0.3,525,-0.1359,-3.43,0.081,T3_ldn8-13,0.1,0.25,5,fix1W,none
838.0,-0.0821,0.747,0.543,-5.69,105.8,70.0,0,403,-0.0814,-4.03,435,-0.0827,-4.02,0.077,T3_ldn8-13,0.1,0.25,5,fix1W,mid
1045.0,-0.0648,0.542,0.796,-3.21,132.0,72.3,2,522,-0.0568,-2.02,523,-0.0729,-2.51,0.081,T3_ldn8-13,0.1,0.25,5,fix1W,opp
1052.0,-0.0543,0.44,0.861,-2.03,132.9,83.0,3,527,-0.0116,-0.3,525,-0.0972,-2.59,0.081,T3_ldn8-13,0.1,0.25,5,fix1W,1.5R
945.0,-0.1007,0.402,0.765,-3.05,119.4,107.6,1,475,-0.0548,-1.21,470,-0.1472,-3.06,0.09,T3_ldn8-13,0.1,0.25,15,ext+0.1W,none
657.0,-0.1152,0.717,0.487,-6.18,83.0,77.0,0,305,-0.1013,-3.97,352,-0.1273,-4.74,0.098,T3_ldn8-13,0.1,0.25,15,ext+0.1W,mid
937.0,-0.0874,0.527,0.749,-3.79,118.3,86.3,0,469,-0.0737,-2.4,468,-0.1012,-2.94,0.09,T3_ldn8-13,0.1,0.25,15,ext+0.1W,opp
945.0,-0.0782,0.424,0.81,-2.74,119.4,91.0,1,475,-0.0616,-1.59,470,-0.095,-2.26,0.09,T3_ldn8-13,0.1,0.25,15,ext+0.1W,1.5R
945.0,-0.0845,0.423,0.777,-2.84,119.4,92.3,1,475,-0.0515,-1.22,470,-0.1179,-2.81,0.077,T3_ldn8-13,0.1,0.25,15,ext+0.25W,none
657.0,-0.0999,0.737,0.485,-5.88,83.0,66.7,0,305,-0.1036,-4.28,352,-0.0966,-4.06,0.081,T3_ldn8-13,0.1,0.25,15,ext+0.25W,mid
937.0,-0.0719,0.551,0.761,-3.5,118.3,70.7,1,469,-0.0732,-2.63,468,-0.0706,-2.33,0.078,T3_ldn8-13,0.1,0.25,15,ext+0.25W,opp
945.0,-0.07,0.439,0.81,-2.67,119.4,83.7,2,475,-0.0605,-1.68,470,-0.0797,-2.08,0.077,T3_ldn8-13,0.1,0.25,15,ext+0.25W,1.5R
945.0,-0.1465,0.32,0.771,-2.87,119.4,158.8,1,475,-0.0793,-1.02,470,-0.2144,-3.24,0.16,T3_ldn8-13,0.1,0.25,15,fix0.5W,none
657.0,-0.1649,0.653,0.48,-7.23,83.0,110.7,0,305,-0.1475,-4.61,352,-0.18,-5.56,0.152,T3_ldn8-13,0.1,0.25,15,fix0.5W,mid
937.0,-0.1369,0.441,0.739,-4.34,118.3,136.6,1,469,-0.1332,-3.03,468,-0.1406,-3.11,0.16,T3_ldn8-13,0.1,0.25,15,fix0.5W,opp
945.0,-0.1037,0.394,0.819,-2.88,119.4,109.9,1,475,-0.0977,-1.91,470,-0.1098,-2.16,0.16,T3_ldn8-13,0.1,0.25,15,fix0.5W,1.5R
945.0,-0.0712,0.423,0.819,-2.23,119.4,80.9,2,475,-0.0307,-0.63,470,-0.1121,-2.7,0.08,T3_ldn8-13,0.1,0.25,15,fix1W,none
657.0,-0.0776,0.756,0.534,-4.96,83.0,52.2,1,305,-0.0762,-3.41,352,-0.0788,-3.6,0.076,T3_ldn8-13,0.1,0.25,15,fix1W,mid
937.0,-0.0651,0.551,0.785,-3.18,118.3,64.8,2,469,-0.0657,-2.31,468,-0.0645,-2.19,0.08,T3_ldn8-13,0.1,0.25,15,fix1W,opp
945.0,-0.0686,0.437,0.822,-2.5,119.4,82.7,1,475,-0.0602,-1.57,470,-0.077,-1.96,0.08,T3_ldn8-13,0.1,0.25,15,fix1W,1.5R
594.0,-0.1061,0.424,0.72,-3.12,75.1,65.2,0,286,-0.1129,-2.35,308,-0.0998,-2.08,0.083,T3_ldn8-13,0.1,0.25,60,ext+0.1W,none
328.0,-0.0959,0.723,0.527,-3.79,41.5,32.3,0,143,-0.1229,-3.2,185,-0.0749,-2.23,0.092,T3_ldn8-13,0.1,0.25,60,ext+0.1W,mid
585.0,-0.077,0.538,0.751,-2.87,74.0,47.5,2,281,-0.1081,-2.93,304,-0.0482,-1.25,0.084,T3_ldn8-13,0.1,0.25,60,ext+0.1W,opp
594.0,-0.0635,0.443,0.826,-1.9,75.1,41.8,2,286,-0.0887,-1.92,308,-0.0402,-0.83,0.083,T3_ldn8-13,0.1,0.25,60,ext+0.1W,1.5R
594.0,-0.0913,0.436,0.73,-2.89,75.1,56.1,0,286,-0.089,-1.9,308,-0.0935,-2.18,0.071,T3_ldn8-13,0.1,0.25,60,ext+0.25W,none
328.0,-0.0904,0.729,0.497,-3.93,41.5,30.3,0,143,-0.1197,-3.39,185,-0.0677,-2.24,0.078,T3_ldn8-13,0.1,0.25,60,ext+0.25W,mid
585.0,-0.0705,0.552,0.74,-2.95,74.0,43.4,2,281,-0.0977,-2.94,304,-0.0454,-1.32,0.071,T3_ldn8-13,0.1,0.25,60,ext+0.25W,opp
594.0,-0.0718,0.446,0.783,-2.37,75.1,46.2,1,286,-0.0741,-1.74,308,-0.0696,-1.61,0.071,T3_ldn8-13,0.1,0.25,60,ext+0.25W,1.5R
594.0,-0.1326,0.355,0.774,-2.46,75.1,86.2,1,286,-0.1986,-2.62,308,-0.0713,-0.93,0.154,T3_ldn8-13,0.1,0.25,60,fix0.5W,none
328.0,-0.1301,0.671,0.534,-4.25,41.5,44.4,0,143,-0.1813,-3.87,185,-0.0906,-2.25,0.144,T3_ldn8-13,0.1,0.25,60,fix0.5W,mid
585.0,-0.0888,0.482,0.81,-2.35,74.0,57.2,2,281,-0.1708,-3.24,304,-0.013,-0.24,0.153,T3_ldn8-13,0.1,0.25,60,fix0.5W,opp
594.0,-0.0482,0.416,0.909,-1.07,75.1,42.0,4,286,-0.1335,-2.11,308,0.031,0.49,0.154,T3_ldn8-13,0.1,0.25,60,fix0.5W,1.5R
594.0,-0.0787,0.436,0.773,-2.4,75.1,51.1,0,286,-0.1052,-2.23,308,-0.0541,-1.19,0.077,T3_ldn8-13,0.1,0.25,60,fix1W,none
328.0,-0.0647,0.75,0.568,-3.11,41.5,22.2,0,143,-0.1092,-3.19,185,-0.0303,-1.19,0.072,T3_ldn8-13,0.1,0.25,60,fix1W,mid
585.0,-0.0609,0.552,0.775,-2.55,74.0,38.2,2,281,-0.1046,-3.07,304,-0.0204,-0.62,0.077,T3_ldn8-13,0.1,0.25,60,fix1W,opp
594.0,-0.0557,0.446,0.836,-1.74,75.1,40.6,2,286,-0.0894,-1.99,308,-0.0243,-0.54,0.077,T3_ldn8-13,0.1,0.25,60,fix1W,1.5R
1204.0,-0.0797,0.356,0.861,-1.89,152.0,114.8,1,620,-0.0407,-0.75,584,-0.1211,-1.86,0.135,T3_ldn8-13,0.2,0.0,1,ext+0.1W,none
1185.0,-0.0725,0.559,0.825,-2.95,149.6,98.3,1,612,-0.0572,-1.76,573,-0.0889,-2.38,0.136,T3_ldn8-13,0.2,0.0,1,ext+0.1W,mid
1198.0,-0.0641,0.427,0.877,-2.01,151.3,94.3,2,617,-0.0304,-0.7,581,-0.0999,-2.12,0.135,T3_ldn8-13,0.2,0.0,1,ext+0.1W,opp
1204.0,-0.0542,0.417,0.895,-1.74,152.0,83.1,2,620,-0.0392,-0.92,584,-0.0701,-1.54,0.135,T3_ldn8-13,0.2,0.0,1,ext+0.1W,1.5R
1204.0,-0.0823,0.39,0.835,-2.34,152.0,110.9,1,620,-0.0429,-0.91,584,-0.1241,-2.37,0.106,T3_ldn8-13,0.2,0.0,1,ext+0.25W,none
1185.0,-0.0632,0.597,0.82,-2.97,149.6,81.5,2,612,-0.048,-1.69,573,-0.0794,-2.5,0.107,T3_ldn8-13,0.2,0.0,1,ext+0.25W,mid
1198.0,-0.0558,0.465,0.875,-2.04,151.3,76.8,2,617,-0.0264,-0.71,581,-0.087,-2.17,0.106,T3_ldn8-13,0.2,0.0,1,ext+0.25W,opp
1204.0,-0.0444,0.434,0.904,-1.54,152.0,69.8,2,620,-0.0221,-0.56,584,-0.0681,-1.62,0.106,T3_ldn8-13,0.2,0.0,1,ext+0.25W,1.5R
1204.0,-0.1174,0.32,0.822,-2.52,152.0,168.7,1,620,-0.0772,-1.16,584,-0.16,-2.47,0.168,T3_ldn8-13,0.2,0.0,1,fix0.5W,none
1185.0,-0.0964,0.524,0.796,-3.48,149.6,125.5,1,612,-0.0865,-2.15,573,-0.1068,-2.82,0.166,T3_ldn8-13,0.2,0.0,1,fix0.5W,mid
1198.0,-0.0754,0.391,0.873,-2.09,151.3,109.9,2,617,-0.0587,-1.13,581,-0.0932,-1.86,0.167,T3_ldn8-13,0.2,0.0,1,fix0.5W,opp
1204.0,-0.0754,0.407,0.869,-2.19,152.0,111.7,2,620,-0.0703,-1.41,584,-0.0808,-1.71,0.168,T3_ldn8-13,0.2,0.0,1,fix0.5W,1.5R
1204.0,-0.0497,0.433,0.881,-1.67,152.0,71.6,3,620,-0.0111,-0.26,584,-0.0907,-2.23,0.084,T3_ldn8-13,0.2,0.0,1,fix1W,none
1185.0,-0.0417,0.643,0.847,-2.35,149.6,55.6,2,612,-0.0341,-1.36,573,-0.0499,-1.97,0.083,T3_ldn8-13,0.2,0.0,1,fix1W,mid
1198.0,-0.0309,0.508,0.915,-1.35,151.3,47.5,2,617,-0.0161,-0.5,581,-0.0467,-1.43,0.083,T3_ldn8-13,0.2,0.0,1,fix1W,opp
1204.0,-0.0143,0.462,0.964,-0.53,152.0,48.4,5,620,0.0114,0.3,584,-0.0414,-1.1,0.084,T3_ldn8-13,0.2,0.0,1,fix1W,1.5R
1142.0,-0.0763,0.378,0.858,-1.88,144.2,108.5,1,597,-0.0461,-0.9,545,-0.1093,-1.7,0.122,T3_ldn8-13,0.2,0.0,5,ext+0.1W,none
1086.0,-0.0942,0.575,0.755,-4.06,137.1,115.0,1,572,-0.0771,-2.61,514,-0.1132,-3.12,0.125,T3_ldn8-13,0.2,0.0,5,ext+0.1W,mid
1139.0,-0.0737,0.457,0.846,-2.47,143.8,101.0,2,595,-0.0429,-1.09,544,-0.1073,-2.38,0.122,T3_ldn8-13,0.2,0.0,5,ext+0.1W,opp
1142.0,-0.0679,0.425,0.863,-2.24,144.2,94.9,2,597,-0.0429,-1.05,545,-0.0951,-2.11,0.122,T3_ldn8-13,0.2,0.0,5,ext+0.1W,1.5R
1142.0,-0.071,0.41,0.848,-2.05,144.2,94.1,1,597,-0.0356,-0.77,545,-0.1098,-2.12,0.097,T3_ldn8-13,0.2,0.0,5,ext+0.25W,none
1086.0,-0.0774,0.61,0.761,-3.83,137.1,93.0,2,572,-0.0647,-2.48,514,-0.0915,-2.92,0.101,T3_ldn8-13,0.2,0.0,5,ext+0.25W,mid
1139.0,-0.0638,0.491,0.845,-2.49,143.8,83.0,2,595,-0.0362,-1.06,544,-0.0939,-2.44,0.097,T3_ldn8-13,0.2,0.0,5,ext+0.25W,opp
1142.0,-0.055,0.44,0.875,-1.96,144.2,74.7,2,597,-0.0181,-0.47,545,-0.0955,-2.32,0.097,T3_ldn8-13,0.2,0.0,5,ext+0.25W,1.5R
1142.0,-0.0999,0.326,0.845,-2.13,144.2,137.4,2,597,-0.0508,-0.77,545,-0.1537,-2.3,0.168,T3_ldn8-13,0.2,0.0,5,fix0.5W,none
1086.0,-0.1166,0.529,0.742,-4.6,137.1,136.1,1,572,-0.0966,-2.86,514,-0.139,-3.64,0.165,T3_ldn8-13,0.2,0.0,5,fix0.5W,mid
1139.0,-0.0868,0.401,0.849,-2.56,143.8,114.8,2,595,-0.0577,-1.24,544,-0.1187,-2.39,0.168,T3_ldn8-13,0.2,0.0,5,fix0.5W,opp
1142.0,-0.0894,0.401,0.844,-2.7,144.2,120.1,2,597,-0.0698,-1.52,545,-0.1109,-2.31,0.168,T3_ldn8-13,0.2,0.0,5,fix0.5W,1.5R
1142.0,-0.0351,0.44,0.913,-1.16,144.2,55.1,3,597,0.0088,0.21,545,-0.0832,-1.95,0.084,T3_ldn8-13,0.2,0.0,5,fix1W,none
1086.0,-0.0436,0.651,0.826,-2.61,137.1,56.2,2,572,-0.036,-1.62,514,-0.0521,-2.06,0.083,T3_ldn8-13,0.2,0.0,5,fix1W,mid
1139.0,-0.0268,0.523,0.921,-1.23,143.8,43.1,3,595,-0.0058,-0.2,544,-0.0498,-1.53,0.084,T3_ldn8-13,0.2,0.0,5,fix1W,opp
1142.0,-0.0174,0.46,0.955,-0.66,144.2,48.5,4,597,0.0122,0.34,545,-0.0498,-1.28,0.084,T3_ldn8-13,0.2,0.0,5,fix1W,1.5R
1052.0,-0.0576,0.395,0.883,-1.48,132.8,83.1,2,555,-0.037,-0.73,497,-0.0805,-1.34,0.112,T3_ldn8-13,0.2,0.0,15,ext+0.1W,none
945.0,-0.0834,0.603,0.757,-3.61,119.3,89.8,1,495,-0.0766,-2.59,450,-0.0909,-2.53,0.119,T3_ldn8-13,0.2,0.0,15,ext+0.1W,mid
1045.0,-0.0564,0.48,0.869,-1.96,131.9,74.5,2,549,-0.033,-0.87,496,-0.0822,-1.87,0.113,T3_ldn8-13,0.2,0.0,15,ext+0.1W,opp
1052.0,-0.0532,0.434,0.885,-1.76,132.8,75.4,2,555,-0.045,-1.12,497,-0.0622,-1.37,0.112,T3_ldn8-13,0.2,0.0,15,ext+0.1W,1.5R
1052.0,-0.051,0.423,0.881,-1.5,132.8,70.2,3,555,-0.0184,-0.4,497,-0.0873,-1.75,0.092,T3_ldn8-13,0.2,0.0,15,ext+0.25W,none
945.0,-0.0648,0.636,0.773,-3.24,119.3,68.8,2,495,-0.0556,-2.14,450,-0.0748,-2.43,0.095,T3_ldn8-13,0.2,0.0,15,ext+0.25W,mid
1045.0,-0.0502,0.508,0.864,-2.03,131.9,62.6,2,549,-0.0243,-0.74,496,-0.0789,-2.12,0.093,T3_ldn8-13,0.2,0.0,15,ext+0.25W,opp
1052.0,-0.0522,0.445,0.873,-1.88,132.8,71.7,3,555,-0.0399,-1.07,497,-0.066,-1.59,0.092,T3_ldn8-13,0.2,0.0,15,ext+0.25W,1.5R
1052.0,-0.0785,0.338,0.875,-1.62,132.8,119.8,2,555,-0.0498,-0.75,497,-0.1105,-1.56,0.171,T3_ldn8-13,0.2,0.0,15,fix0.5W,none
945.0,-0.112,0.557,0.735,-4.32,119.3,117.2,1,495,-0.0978,-2.82,450,-0.1277,-3.29,0.165,T3_ldn8-13,0.2,0.0,15,fix0.5W,mid
1045.0,-0.0797,0.42,0.855,-2.33,131.9,102.1,1,549,-0.0568,-1.22,496,-0.105,-2.08,0.17,T3_ldn8-13,0.2,0.0,15,fix0.5W,opp
1052.0,-0.0674,0.413,0.88,-1.95,132.8,96.6,1,555,-0.061,-1.29,497,-0.0746,-1.48,0.171,T3_ldn8-13,0.2,0.0,15,fix0.5W,1.5R
1052.0,-0.032,0.444,0.918,-1.05,132.8,58.8,4,555,-0.0062,-0.15,497,-0.0608,-1.37,0.085,T3_ldn8-13,0.2,0.0,15,fix1W,none
945.0,-0.0453,0.666,0.805,-2.67,119.3,52.2,3,495,-0.0364,-1.6,450,-0.0552,-2.16,0.082,T3_ldn8-13,0.2,0.0,15,fix1W,mid
1045.0,-0.0276,0.53,0.915,-1.25,131.9,42.5,3,549,-0.0094,-0.32,496,-0.0477,-1.46,0.085,T3_ldn8-13,0.2,0.0,15,fix1W,opp
1052.0,-0.0259,0.458,0.932,-0.96,132.8,64.6,4,555,-0.0199,-0.55,497,-0.0325,-0.81,0.085,T3_ldn8-13,0.2,0.0,15,fix1W,1.5R
760.0,-0.0452,0.412,0.897,-1.1,96.1,45.9,2,398,-0.0388,-0.71,362,-0.0523,-0.84,0.104,T3_ldn8-13,0.2,0.0,60,ext+0.1W,none
609.0,-0.0702,0.624,0.772,-2.64,77.1,46.3,1,306,-0.0944,-2.61,303,-0.0457,-1.17,0.114,T3_ldn8-13,0.2,0.0,60,ext+0.1W,mid
749.0,-0.0582,0.493,0.85,-1.89,94.7,53.2,2,389,-0.0596,-1.46,360,-0.0567,-1.22,0.105,T3_ldn8-13,0.2,0.0,60,ext+0.1W,opp
760.0,-0.0448,0.433,0.894,-1.32,96.1,45.3,2,398,-0.0613,-1.37,362,-0.0268,-0.52,0.104,T3_ldn8-13,0.2,0.0,60,ext+0.1W,1.5R
760.0,-0.0344,0.433,0.91,-0.95,96.1,35.7,2,398,-0.0204,-0.41,362,-0.0498,-0.94,0.086,T3_ldn8-13,0.2,0.0,60,ext+0.25W,none
609.0,-0.0572,0.652,0.78,-2.45,77.1,37.6,2,306,-0.0716,-2.23,303,-0.0426,-1.26,0.093,T3_ldn8-13,0.2,0.0,60,ext+0.25W,mid
749.0,-0.05,0.515,0.851,-1.86,94.7,45.1,1,389,-0.0477,-1.33,360,-0.0524,-1.29,0.086,T3_ldn8-13,0.2,0.0,60,ext+0.25W,opp
760.0,-0.0395,0.446,0.895,-1.27,96.1,42.0,1,398,-0.0416,-1.0,362,-0.0371,-0.79,0.086,T3_ldn8-13,0.2,0.0,60,ext+0.25W,1.5R
760.0,-0.0913,0.341,0.853,-1.66,96.1,77.7,1,398,-0.1537,-2.15,362,-0.0227,-0.27,0.166,T3_ldn8-13,0.2,0.0,60,fix0.5W,none
609.0,-0.1214,0.562,0.702,-3.93,77.1,78.2,0,306,-0.1588,-3.67,303,-0.0838,-1.89,0.161,T3_ldn8-13,0.2,0.0,60,fix0.5W,mid
749.0,-0.0909,0.433,0.83,-2.34,94.7,80.1,1,389,-0.1366,-2.59,360,-0.0414,-0.72,0.165,T3_ldn8-13,0.2,0.0,60,fix0.5W,opp
760.0,-0.1007,0.396,0.823,-2.52,96.1,88.2,1,398,-0.1532,-2.83,362,-0.043,-0.73,0.166,T3_ldn8-13,0.2,0.0,60,fix0.5W,1.5R
760.0,-0.0273,0.439,0.926,-0.8,96.1,33.5,2,398,-0.031,-0.66,362,-0.0233,-0.47,0.083,T3_ldn8-13,0.2,0.0,60,fix1W,none
609.0,-0.049,0.668,0.777,-2.42,77.1,35.8,2,306,-0.0645,-2.25,303,-0.0333,-1.16,0.08,T3_ldn8-13,0.2,0.0,60,fix1W,mid
749.0,-0.0441,0.522,0.859,-1.79,94.7,41.1,2,389,-0.0582,-1.73,360,-0.0288,-0.79,0.082,T3_ldn8-13,0.2,0.0,60,fix1W,opp
760.0,-0.03,0.449,0.917,-0.98,96.1,44.6,2,398,-0.0564,-1.38,362,-0.0009,-0.02,0.083,T3_ldn8-13,0.2,0.0,60,fix1W,1.5R
894.0,-0.0774,0.407,0.822,-2.16,112.9,76.8,0,469,-0.0361,-0.76,425,-0.1231,-2.27,0.091,T3_ldn8-13,0.2,0.25,1,ext+0.1W,none
800.0,-0.0775,0.75,0.614,-4.75,101.0,64.4,0,412,-0.0804,-3.75,388,-0.0744,-3.0,0.093,T3_ldn8-13,0.2,0.25,1,ext+0.1W,mid
887.0,-0.0582,0.537,0.834,-2.38,112.0,58.1,2,466,-0.0386,-1.19,421,-0.0799,-2.15,0.092,T3_ldn8-13,0.2,0.25,1,ext+0.1W,opp
894.0,-0.057,0.433,0.863,-1.89,112.9,67.3,2,469,-0.0195,-0.48,425,-0.0984,-2.21,0.091,T3_ldn8-13,0.2,0.25,1,ext+0.1W,1.5R
894.0,-0.0586,0.427,0.846,-1.81,112.9,63.0,1,469,-0.0186,-0.42,425,-0.1028,-2.19,0.078,T3_ldn8-13,0.2,0.25,1,ext+0.25W,none
800.0,-0.0665,0.766,0.616,-4.49,101.0,54.7,0,412,-0.0678,-3.49,388,-0.0652,-2.89,0.078,T3_ldn8-13,0.2,0.25,1,ext+0.25W,mid
887.0,-0.0434,0.557,0.856,-1.99,112.0,43.9,2,466,-0.027,-0.93,421,-0.0617,-1.86,0.078,T3_ldn8-13,0.2,0.25,1,ext+0.25W,opp
894.0,-0.0502,0.444,0.863,-1.82,112.9,63.6,2,469,-0.0222,-0.59,425,-0.0811,-1.99,0.078,T3_ldn8-13,0.2,0.25,1,ext+0.25W,1.5R
894.0,-0.1662,0.31,0.752,-3.27,112.9,163.7,1,469,-0.1553,-2.3,425,-0.1783,-2.33,0.175,T3_ldn8-13,0.2,0.25,1,fix0.5W,none
800.0,-0.1533,0.652,0.543,-7.0,101.0,125.8,0,412,-0.1583,-5.4,388,-0.1479,-4.53,0.167,T3_ldn8-13,0.2,0.25,1,fix0.5W,mid
887.0,-0.118,0.426,0.787,-3.39,112.0,117.6,0,466,-0.0981,-2.06,421,-0.1399,-2.74,0.173,T3_ldn8-13,0.2,0.25,1,fix0.5W,opp
894.0,-0.1044,0.394,0.823,-2.76,112.9,108.4,1,469,-0.0786,-1.5,425,-0.1329,-2.44,0.175,T3_ldn8-13,0.2,0.25,1,fix0.5W,1.5R
894.0,-0.0523,0.428,0.874,-1.47,112.9,59.2,1,469,0.0082,0.16,425,-0.1191,-2.54,0.087,T3_ldn8-13,0.2,0.25,1,fix1W,none
800.0,-0.0595,0.775,0.647,-4.05,101.0,49.2,0,412,-0.0602,-3.1,388,-0.0588,-2.64,0.084,T3_ldn8-13,0.2,0.25,1,fix1W,mid
887.0,-0.0308,0.56,0.902,-1.36,112.0,34.7,3,466,-0.0224,-0.74,421,-0.04,-1.18,0.087,T3_ldn8-13,0.2,0.25,1,fix1W,opp
894.0,-0.0305,0.453,0.923,-1.02,112.9,60.2,2,469,0.0135,0.33,425,-0.0791,-1.81,0.087,T3_ldn8-13,0.2,0.25,1,fix1W,1.5R
830.0,-0.059,0.419,0.855,-1.64,104.8,55.6,0,436,-0.0165,-0.35,394,-0.106,-1.95,0.086,T3_ldn8-13,0.2,0.25,5,ext+0.1W,none
635.0,-0.0892,0.737,0.547,-5.02,80.2,58.5,0,320,-0.0984,-4.08,315,-0.0797,-3.05,0.09,T3_ldn8-13,0.2,0.25,5,ext+0.1W,mid
820.0,-0.0567,0.551,0.824,-2.38,103.6,52.1,1,428,-0.0353,-1.13,392,-0.08,-2.21,0.087,T3_ldn8-13,0.2,0.25,5,ext+0.1W,opp
830.0,-0.037,0.446,0.904,-1.22,104.8,42.9,2,436,-0.0054,-0.13,394,-0.072,-1.59,0.086,T3_ldn8-13,0.2,0.25,5,ext+0.1W,1.5R
830.0,-0.043,0.439,0.879,-1.33,104.8,41.4,1,436,0.0038,0.09,394,-0.0949,-2.01,0.075,T3_ldn8-13,0.2,0.25,5,ext+0.25W,none
635.0,-0.0755,0.753,0.552,-4.7,80.2,50.2,1,320,-0.0766,-3.57,315,-0.0743,-3.1,0.076,T3_ldn8-13,0.2,0.25,5,ext+0.25W,mid
820.0,-0.0418,0.571,0.849,-1.97,103.6,38.8,3,428,-0.0198,-0.71,392,-0.0658,-2.04,0.076,T3_ldn8-13,0.2,0.25,5,ext+0.25W,opp
830.0,-0.0367,0.453,0.894,-1.32,104.8,42.7,2,436,-0.0001,-0.0,394,-0.0772,-1.88,0.075,T3_ldn8-13,0.2,0.25,5,ext+0.25W,1.5R
830.0,-0.1097,0.313,0.833,-1.87,104.8,109.2,4,436,-0.0423,-0.49,394,-0.1842,-2.34,0.174,T3_ldn8-13,0.2,0.25,5,fix0.5W,none
635.0,-0.17,0.647,0.484,-7.14,80.2,109.7,0,320,-0.1518,-4.77,315,-0.1885,-5.31,0.159,T3_ldn8-13,0.2,0.25,5,fix0.5W,mid
820.0,-0.1139,0.441,0.787,-3.26,103.6,102.7,3,428,-0.0749,-1.56,392,-0.1564,-3.06,0.172,T3_ldn8-13,0.2,0.25,5,fix0.5W,opp
830.0,-0.0858,0.395,0.852,-2.18,104.8,84.3,3,436,-0.0342,-0.62,394,-0.143,-2.54,0.174,T3_ldn8-13,0.2,0.25,5,fix0.5W,1.5R
830.0,-0.035,0.431,0.913,-0.94,104.8,40.5,4,436,0.033,0.6,394,-0.1103,-2.26,0.087,T3_ldn8-13,0.2,0.25,5,fix1W,none
635.0,-0.0765,0.753,0.554,-4.7,80.2,49.8,0,320,-0.0805,-3.63,315,-0.0725,-3.03,0.079,T3_ldn8-13,0.2,0.25,5,fix1W,mid
820.0,-0.0389,0.563,0.871,-1.72,103.6,37.0,3,428,-0.0191,-0.63,392,-0.0605,-1.79,0.086,T3_ldn8-13,0.2,0.25,5,fix1W,opp
830.0,-0.0368,0.448,0.906,-1.2,104.8,50.2,1,436,0.0082,0.19,394,-0.0865,-1.94,0.087,T3_ldn8-13,0.2,0.25,5,fix1W,1.5R
739.0,-0.0433,0.429,0.885,-1.17,93.3,43.7,2,394,-0.0208,-0.44,345,-0.0689,-1.19,0.083,T3_ldn8-13,0.2,0.25,15,ext+0.1W,none
493.0,-0.094,0.734,0.512,-4.76,62.3,47.6,0,238,-0.1066,-3.85,255,-0.0823,-2.92,0.087,T3_ldn8-13,0.2,0.25,15,ext+0.1W,mid
728.0,-0.0451,0.57,0.846,-1.89,91.9,37.4,2,384,-0.0235,-0.76,344,-0.0691,-1.89,0.083,T3_ldn8-13,0.2,0.25,15,ext+0.1W,opp
739.0,-0.0468,0.444,0.873,-1.53,93.3,50.1,1,394,-0.0292,-0.72,345,-0.0668,-1.44,0.083,T3_ldn8-13,0.2,0.25,15,ext+0.1W,1.5R
739.0,-0.0351,0.445,0.896,-1.05,93.3,37.9,1,394,-0.0127,-0.28,345,-0.0606,-1.21,0.072,T3_ldn8-13,0.2,0.25,15,ext+0.25W,none
493.0,-0.0808,0.748,0.515,-4.49,62.3,40.9,0,238,-0.0998,-3.86,255,-0.0631,-2.52,0.075,T3_ldn8-13,0.2,0.25,15,ext+0.25W,mid
728.0,-0.0359,0.587,0.858,-1.69,91.9,30.0,3,384,-0.0212,-0.76,344,-0.0524,-1.61,0.073,T3_ldn8-13,0.2,0.25,15,ext+0.25W,opp
739.0,-0.0437,0.455,0.867,-1.56,93.3,47.8,2,394,-0.0326,-0.87,345,-0.0565,-1.34,0.072,T3_ldn8-13,0.2,0.25,15,ext+0.25W,1.5R
739.0,-0.1146,0.325,0.822,-1.88,93.3,114.2,2,394,-0.0814,-0.93,345,-0.1527,-1.8,0.172,T3_ldn8-13,0.2,0.25,15,fix0.5W,none
493.0,-0.1555,0.657,0.496,-5.93,62.3,78.9,0,238,-0.1612,-4.44,255,-0.1503,-3.98,0.157,T3_ldn8-13,0.2,0.25,15,fix0.5W,mid
728.0,-0.1022,0.468,0.798,-2.84,91.9,83.7,1,384,-0.0891,-1.82,344,-0.1168,-2.2,0.169,T3_ldn8-13,0.2,0.25,15,fix0.5W,opp
739.0,-0.0752,0.407,0.868,-1.81,93.3,70.6,2,394,-0.0661,-1.16,345,-0.0855,-1.42,0.172,T3_ldn8-13,0.2,0.25,15,fix0.5W,1.5R
739.0,-0.036,0.434,0.907,-0.95,93.3,48.1,3,394,-0.0091,-0.17,345,-0.0666,-1.28,0.086,T3_ldn8-13,0.2,0.25,15,fix1W,none
493.0,-0.0743,0.755,0.544,-4.15,62.3,38.8,1,238,-0.0915,-3.54,255,-0.0582,-2.34,0.079,T3_ldn8-13,0.2,0.25,15,fix1W,mid
728.0,-0.0415,0.574,0.855,-1.8,91.9,34.8,1,384,-0.0352,-1.14,344,-0.0484,-1.42,0.084,T3_ldn8-13,0.2,0.25,15,fix1W,opp
739.0,-0.0494,0.445,0.87,-1.57,93.3,54.7,1,394,-0.0453,-1.06,345,-0.0541,-1.16,0.086,T3_ldn8-13,0.2,0.25,15,fix1W,1.5R
440.0,-0.0525,0.443,0.846,-1.31,55.6,27.0,1,233,-0.0733,-1.37,207,-0.029,-0.48,0.077,T3_ldn8-13,0.2,0.25,60,ext+0.1W,none
222.0,-0.0721,0.743,0.577,-2.57,28.1,18.4,1,105,-0.1427,-3.19,117,-0.0088,-0.26,0.088,T3_ldn8-13,0.2,0.25,60,ext+0.1W,mid
426.0,-0.0602,0.566,0.778,-2.08,53.9,28.2,2,224,-0.0841,-2.18,202,-0.0336,-0.77,0.078,T3_ldn8-13,0.2,0.25,60,ext+0.1W,opp
440.0,-0.0377,0.457,0.887,-1.01,55.6,22.4,2,233,-0.0715,-1.46,207,0.0004,0.01,0.077,T3_ldn8-13,0.2,0.25,60,ext+0.1W,1.5R
440.0,-0.0443,0.452,0.856,-1.17,55.6,28.0,1,233,-0.0513,-0.97,207,-0.0364,-0.68,0.068,T3_ldn8-13,0.2,0.25,60,ext+0.25W,none
222.0,-0.0681,0.748,0.553,-2.66,28.1,17.1,0,105,-0.1372,-3.3,117,-0.0062,-0.21,0.074,T3_ldn8-13,0.2,0.25,60,ext+0.25W,mid
426.0,-0.054,0.577,0.774,-2.07,53.9,25.2,2,224,-0.0745,-2.14,202,-0.0314,-0.8,0.068,T3_ldn8-13,0.2,0.25,60,ext+0.25W,opp
440.0,-0.0503,0.459,0.835,-1.48,55.6,28.4,2,233,-0.0636,-1.41,207,-0.0354,-0.69,0.068,T3_ldn8-13,0.2,0.25,60,ext+0.25W,1.5R
440.0,-0.0898,0.355,0.849,-1.33,55.6,47.3,2,233,-0.1972,-2.29,207,0.031,0.29,0.164,T3_ldn8-13,0.2,0.25,60,fix0.5W,none
222.0,-0.1147,0.68,0.571,-3.11,28.1,28.3,1,105,-0.2165,-3.84,117,-0.0233,-0.5,0.148,T3_ldn8-13,0.2,0.25,60,fix0.5W,mid
426.0,-0.0817,0.498,0.824,-1.83,53.9,40.5,2,224,-0.1807,-3.02,202,0.0281,0.43,0.16,T3_ldn8-13,0.2,0.25,60,fix0.5W,opp
440.0,-0.032,0.418,0.941,-0.6,55.6,33.9,5,233,-0.132,-1.84,207,0.0805,1.01,0.164,T3_ldn8-13,0.2,0.25,60,fix0.5W,1.5R
440.0,-0.0356,0.443,0.899,-0.83,55.6,24.0,3,233,-0.0632,-1.07,207,-0.0044,-0.07,0.082,T3_ldn8-13,0.2,0.25,60,fix1W,none
222.0,-0.0554,0.761,0.614,-2.2,28.1,14.5,0,105,-0.1253,-2.98,117,0.0072,0.25,0.074,T3_ldn8-13,0.2,0.25,60,fix1W,mid
426.0,-0.0524,0.57,0.802,-1.87,53.9,25.1,2,224,-0.0904,-2.36,202,-0.0102,-0.25,0.08,T3_ldn8-13,0.2,0.25,60,fix1W,opp
440.0,-0.0375,0.452,0.892,-0.97,55.6,25.0,4,233,-0.0819,-1.61,207,0.0124,0.21,0.082,T3_ldn8-13,0.2,0.25,60,fix1W,1.5R
956.0,-0.0502,0.388,0.902,-1.15,120.7,66.2,2,504,0.0301,0.49,452,-0.1397,-2.28,0.112,T3_ldn8-13,0.3,0.0,1,ext+0.1W,none
941.0,-0.0724,0.597,0.801,-2.95,118.8,74.7,1,496,-0.0488,-1.49,445,-0.0987,-2.67,0.113,T3_ldn8-13,0.3,0.0,1,ext+0.1W,mid
952.0,-0.0513,0.464,0.889,-1.6,120.2,58.8,2,501,-0.0215,-0.51,451,-0.0843,-1.74,0.113,T3_ldn8-13,0.3,0.0,1,ext+0.1W,opp
956.0,-0.0413,0.432,0.913,-1.24,120.7,50.2,2,504,-0.0108,-0.24,452,-0.0753,-1.53,0.112,T3_ldn8-13,0.3,0.0,1,ext+0.1W,1.5R
956.0,-0.0488,0.416,0.891,-1.32,120.7,59.0,2,504,0.0069,0.13,452,-0.1109,-2.14,0.092,T3_ldn8-13,0.3,0.0,1,ext+0.25W,none
941.0,-0.0604,0.627,0.806,-2.78,118.8,61.9,1,496,-0.0462,-1.58,445,-0.0763,-2.35,0.093,T3_ldn8-13,0.3,0.0,1,ext+0.25W,mid
952.0,-0.0475,0.492,0.882,-1.69,120.2,52.8,2,501,-0.0302,-0.81,451,-0.0666,-1.59,0.093,T3_ldn8-13,0.3,0.0,1,ext+0.25W,opp
956.0,-0.0317,0.446,0.926,-1.02,120.7,47.3,3,504,-0.0074,-0.17,452,-0.0588,-1.29,0.092,T3_ldn8-13,0.3,0.0,1,ext+0.25W,1.5R
956.0,-0.0882,0.32,0.869,-1.59,120.7,125.6,4,504,-0.0253,-0.3,452,-0.1585,-2.19,0.178,T3_ldn8-13,0.3,0.0,1,fix0.5W,none
941.0,-0.1131,0.525,0.766,-3.57,118.8,114.5,1,496,-0.107,-2.32,445,-0.12,-2.78,0.176,T3_ldn8-13,0.3,0.0,1,fix0.5W,mid
952.0,-0.0782,0.391,0.871,-1.88,120.2,87.8,2,501,-0.0824,-1.41,451,-0.0734,-1.25,0.177,T3_ldn8-13,0.3,0.0,1,fix0.5W,opp
956.0,-0.0757,0.409,0.871,-1.92,120.7,91.1,2,504,-0.0835,-1.48,452,-0.067,-1.22,0.178,T3_ldn8-13,0.3,0.0,1,fix0.5W,1.5R
956.0,-0.0269,0.437,0.935,-0.79,120.7,53.3,3,504,0.0191,0.38,452,-0.0783,-1.73,0.089,T3_ldn8-13,0.3,0.0,1,fix1W,none
941.0,-0.0371,0.651,0.861,-1.86,118.8,45.0,3,496,-0.0345,-1.23,445,-0.04,-1.41,0.088,T3_ldn8-13,0.3,0.0,1,fix1W,mid
952.0,-0.021,0.514,0.941,-0.81,120.2,32.4,3,501,-0.0133,-0.37,451,-0.0295,-0.79,0.089,T3_ldn8-13,0.3,0.0,1,fix1W,opp
956.0,0.0083,0.469,1.021,0.27,120.7,32.9,5,504,0.0278,0.66,452,-0.0134,-0.31,0.089,T3_ldn8-13,0.3,0.0,1,fix1W,1.5R
901.0,-0.0531,0.405,0.889,-1.29,113.8,60.3,2,483,0.0124,0.22,418,-0.1289,-2.16,0.104,T3_ldn8-13,0.3,0.0,5,ext+0.1W,none
848.0,-0.0842,0.608,0.749,-3.6,107.1,78.1,2,458,-0.0769,-2.55,390,-0.0927,-2.54,0.108,T3_ldn8-13,0.3,0.0,5,ext+0.1W,mid
895.0,-0.0566,0.493,0.866,-1.88,113.0,58.6,2,479,-0.0409,-1.05,416,-0.0746,-1.61,0.105,T3_ldn8-13,0.3,0.0,5,ext+0.1W,opp
901.0,-0.0415,0.442,0.908,-1.28,113.8,46.6,2,483,-0.0206,-0.48,418,-0.0656,-1.33,0.104,T3_ldn8-13,0.3,0.0,5,ext+0.1W,1.5R
901.0,-0.0441,0.431,0.895,-1.25,113.8,51.7,2,483,0.0036,0.07,418,-0.0992,-1.96,0.086,T3_ldn8-13,0.3,0.0,5,ext+0.25W,none
848.0,-0.0617,0.642,0.782,-2.97,107.1,57.4,2,458,-0.0634,-2.34,390,-0.0597,-1.86,0.09,T3_ldn8-13,0.3,0.0,5,ext+0.25W,mid
895.0,-0.0437,0.52,0.88,-1.66,113.0,45.5,2,479,-0.0368,-1.06,416,-0.0516,-1.28,0.087,T3_ldn8-13,0.3,0.0,5,ext+0.25W,opp
901.0,-0.0264,0.454,0.934,-0.88,113.8,36.8,2,483,-0.0115,-0.28,418,-0.0438,-0.97,0.086,T3_ldn8-13,0.3,0.0,5,ext+0.25W,1.5R
901.0,-0.0651,0.326,0.9,-1.17,113.8,100.6,3,483,0.0069,0.08,418,-0.1482,-1.99,0.178,T3_ldn8-13,0.3,0.0,5,fix0.5W,none
848.0,-0.1231,0.529,0.731,-4.28,107.1,110.9,1,458,-0.1156,-3.04,390,-0.132,-3.0,0.174,T3_ldn8-13,0.3,0.0,5,fix0.5W,mid
895.0,-0.0741,0.407,0.872,-1.91,113.0,77.6,2,479,-0.0636,-1.23,416,-0.0861,-1.47,0.177,T3_ldn8-13,0.3,0.0,5,fix0.5W,opp
901.0,-0.0794,0.404,0.863,-2.1,113.8,85.2,2,483,-0.0705,-1.38,418,-0.0896,-1.59,0.178,T3_ldn8-13,0.3,0.0,5,fix0.5W,1.5R
901.0,-0.0226,0.442,0.944,-0.66,113.8,48.7,2,483,0.0309,0.63,418,-0.0844,-1.78,0.089,T3_ldn8-13,0.3,0.0,5,fix1W,none
848.0,-0.0395,0.659,0.839,-2.1,107.1,43.1,2,458,-0.0467,-1.86,390,-0.0311,-1.1,0.087,T3_ldn8-13,0.3,0.0,5,fix1W,mid
895.0,-0.0169,0.533,0.95,-0.68,113.0,31.3,3,479,-0.0126,-0.38,416,-0.0219,-0.58,0.089,T3_ldn8-13,0.3,0.0,5,fix1W,opp
901.0,-0.0042,0.463,0.989,-0.14,113.8,36.2,4,483,0.0116,0.29,418,-0.0224,-0.5,0.089,T3_ldn8-13,0.3,0.0,5,fix1W,1.5R
812.0,-0.0239,0.426,0.945,-0.58,102.5,54.1,4,438,0.0373,0.66,374,-0.0956,-1.6,0.099,T3_ldn8-13,0.3,0.0,15,ext+0.1W,none
716.0,-0.0719,0.64,0.76,-3.03,90.4,60.2,3,388,-0.0549,-1.79,328,-0.0919,-2.48,0.106,T3_ldn8-13,0.3,0.0,15,ext+0.1W,mid
804.0,-0.0362,0.515,0.904,-1.23,101.5,39.7,3,431,-0.008,-0.21,373,-0.0689,-1.53,0.099,T3_ldn8-13,0.3,0.0,15,ext+0.1W,opp
812.0,-0.0165,0.457,0.96,-0.5,102.5,35.8,4,438,0.0096,0.22,374,-0.047,-0.95,0.099,T3_ldn8-13,0.3,0.0,15,ext+0.1W,1.5R
812.0,-0.0301,0.441,0.922,-0.85,102.5,50.5,4,438,0.0237,0.48,374,-0.0932,-1.83,0.082,T3_ldn8-13,0.3,0.0,15,ext+0.25W,none
716.0,-0.0525,0.665,0.791,-2.5,90.4,46.6,3,388,-0.0428,-1.56,328,-0.064,-1.98,0.09,T3_ldn8-13,0.3,0.0,15,ext+0.25W,mid
804.0,-0.0379,0.53,0.886,-1.46,101.5,39.9,3,431,-0.0163,-0.47,373,-0.0629,-1.6,0.084,T3_ldn8-13,0.3,0.0,15,ext+0.25W,opp
812.0,-0.0357,0.454,0.905,-1.19,102.5,49.2,3,438,-0.0178,-0.44,374,-0.0566,-1.25,0.082,T3_ldn8-13,0.3,0.0,15,ext+0.25W,1.5R
812.0,-0.0509,0.34,0.92,-0.88,102.5,95.2,4,438,0.0172,0.21,374,-0.1308,-1.66,0.18,T3_ldn8-13,0.3,0.0,15,fix0.5W,none
716.0,-0.1171,0.561,0.727,-3.92,90.4,93.5,1,388,-0.0972,-2.44,328,-0.1408,-3.11,0.177,T3_ldn8-13,0.3,0.0,15,fix0.5W,mid
804.0,-0.0683,0.425,0.877,-1.72,101.5,70.1,2,431,-0.0539,-1.02,373,-0.0851,-1.43,0.179,T3_ldn8-13,0.3,0.0,15,fix0.5W,opp
812.0,-0.0596,0.416,0.895,-1.5,102.5,67.6,2,438,-0.0615,-1.15,374,-0.0574,-0.96,0.18,T3_ldn8-13,0.3,0.0,15,fix0.5W,1.5R
812.0,-0.0129,0.447,0.967,-0.37,102.5,51.1,4,438,0.0259,0.53,374,-0.0583,-1.16,0.09,T3_ldn8-13,0.3,0.0,15,fix1W,none
716.0,-0.0326,0.68,0.854,-1.7,90.4,37.1,4,388,-0.0281,-1.1,328,-0.038,-1.31,0.089,T3_ldn8-13,0.3,0.0,15,fix1W,mid
804.0,-0.0123,0.54,0.962,-0.49,101.5,30.2,3,431,-0.0037,-0.11,373,-0.0223,-0.59,0.09,T3_ldn8-13,0.3,0.0,15,fix1W,opp
812.0,-0.0046,0.462,0.988,-0.15,102.5,45.4,4,438,-0.0036,-0.09,374,-0.0058,-0.12,0.09,T3_ldn8-13,0.3,0.0,15,fix1W,1.5R
559.0,0.0152,0.447,1.039,0.32,70.7,15.2,4,301,0.0553,0.86,258,-0.0315,-0.44,0.091,T3_ldn8-13,0.3,0.0,60,ext+0.1W,none
430.0,-0.052,0.658,0.809,-1.77,54.5,30.1,1,224,-0.0463,-1.2,206,-0.0582,-1.3,0.105,T3_ldn8-13,0.3,0.0,60,ext+0.1W,mid
549.0,-0.0186,0.534,0.944,-0.56,69.4,21.1,3,292,-0.0169,-0.4,257,-0.0206,-0.39,0.091,T3_ldn8-13,0.3,0.0,60,ext+0.1W,opp
559.0,0.0192,0.47,1.052,0.5,70.7,19.4,6,301,0.0221,0.45,258,0.0158,0.27,0.091,T3_ldn8-13,0.3,0.0,60,ext+0.1W,1.5R
559.0,0.0126,0.462,1.037,0.3,70.7,16.1,4,301,0.05,0.89,258,-0.0311,-0.5,0.079,T3_ldn8-13,0.3,0.0,60,ext+0.25W,none
430.0,-0.0368,0.681,0.839,-1.42,54.5,23.0,1,224,-0.0261,-0.77,206,-0.0484,-1.23,0.088,T3_ldn8-13,0.3,0.0,60,ext+0.25W,mid
549.0,-0.0187,0.548,0.937,-0.63,69.4,19.6,4,292,-0.0149,-0.39,257,-0.023,-0.5,0.08,T3_ldn8-13,0.3,0.0,60,ext+0.25W,opp
559.0,0.0107,0.476,1.032,0.3,70.7,17.5,4,301,0.0177,0.39,258,0.0025,0.05,0.079,T3_ldn8-13,0.3,0.0,60,ext+0.25W,1.5R
559.0,-0.052,0.342,0.917,-0.74,70.7,44.3,3,301,-0.0857,-0.9,258,-0.0128,-0.12,0.174,T3_ldn8-13,0.3,0.0,60,fix0.5W,none
430.0,-0.1309,0.558,0.688,-3.5,54.5,62.1,1,224,-0.1469,-2.89,206,-0.1135,-2.06,0.173,T3_ldn8-13,0.3,0.0,60,fix0.5W,mid
549.0,-0.0729,0.443,0.863,-1.58,69.4,51.2,2,292,-0.1335,-2.2,257,-0.0042,-0.06,0.173,T3_ldn8-13,0.3,0.0,60,fix0.5W,opp
559.0,-0.0817,0.406,0.856,-1.73,70.7,60.9,2,301,-0.1455,-2.33,258,-0.0073,-0.1,0.174,T3_ldn8-13,0.3,0.0,60,fix0.5W,1.5R
559.0,0.0213,0.46,1.059,0.5,70.7,20.9,4,301,0.045,0.75,258,-0.0064,-0.11,0.087,T3_ldn8-13,0.3,0.0,60,fix1W,none
430.0,-0.0296,0.691,0.858,-1.24,54.5,21.4,3,224,-0.0272,-0.83,206,-0.0322,-0.92,0.086,T3_ldn8-13,0.3,0.0,60,fix1W,mid
549.0,-0.021,0.548,0.931,-0.73,69.4,27.3,3,292,-0.0306,-0.8,257,-0.0101,-0.23,0.087,T3_ldn8-13,0.3,0.0,60,fix1W,opp
559.0,0.0035,0.469,1.01,0.09,70.7,25.7,4,301,-0.0073,-0.15,258,0.0161,0.29,0.087,T3_ldn8-13,0.3,0.0,60,fix1W,1.5R
699.0,-0.0287,0.431,0.926,-0.73,88.3,44.0,3,374,0.0537,0.96,325,-0.1236,-2.31,0.083,T3_ldn8-13,0.3,0.25,1,ext+0.1W,none
615.0,-0.0725,0.767,0.599,-4.17,77.7,49.0,0,319,-0.067,-2.96,296,-0.0783,-2.94,0.084,T3_ldn8-13,0.3,0.25,1,ext+0.1W,mid
695.0,-0.0354,0.563,0.886,-1.38,87.8,33.3,2,371,-0.0123,-0.37,324,-0.0618,-1.55,0.083,T3_ldn8-13,0.3,0.25,1,ext+0.1W,opp
699.0,-0.0333,0.445,0.912,-1.02,88.3,46.1,3,374,0.0097,0.22,325,-0.0829,-1.69,0.083,T3_ldn8-13,0.3,0.25,1,ext+0.1W,1.5R
699.0,-0.0218,0.443,0.936,-0.63,88.3,35.2,3,374,0.0427,0.86,325,-0.0961,-2.04,0.072,T3_ldn8-13,0.3,0.25,1,ext+0.25W,none
615.0,-0.0586,0.782,0.619,-3.74,77.7,40.4,1,319,-0.0603,-2.91,296,-0.0567,-2.39,0.073,T3_ldn8-13,0.3,0.25,1,ext+0.25W,mid
695.0,-0.0276,0.574,0.898,-1.2,87.8,25.3,2,371,-0.014,-0.47,324,-0.0431,-1.2,0.072,T3_ldn8-13,0.3,0.25,1,ext+0.25W,opp
699.0,-0.0205,0.456,0.939,-0.68,88.3,32.6,3,374,0.0101,0.25,325,-0.0557,-1.24,0.072,T3_ldn8-13,0.3,0.25,1,ext+0.25W,1.5R
699.0,-0.1301,0.315,0.806,-2.15,88.3,113.8,3,374,-0.0668,-0.77,325,-0.2029,-2.43,0.183,T3_ldn8-13,0.3,0.25,1,fix0.5W,none
615.0,-0.1655,0.649,0.519,-6.58,77.7,107.7,0,319,-0.1714,-5.08,296,-0.1591,-4.23,0.176,T3_ldn8-13,0.3,0.25,1,fix0.5W,mid
695.0,-0.1166,0.426,0.792,-2.94,87.8,93.7,0,371,-0.1016,-1.91,324,-0.1337,-2.25,0.181,T3_ldn8-13,0.3,0.25,1,fix0.5W,opp
699.0,-0.0819,0.399,0.861,-1.88,88.3,76.0,2,374,-0.0584,-0.99,325,-0.1088,-1.7,0.183,T3_ldn8-13,0.3,0.25,1,fix0.5W,1.5R
699.0,-0.0228,0.431,0.945,-0.55,88.3,38.5,2,374,0.0684,1.08,325,-0.1278,-2.45,0.092,T3_ldn8-13,0.3,0.25,1,fix1W,none
615.0,-0.0629,0.779,0.63,-3.74,77.7,42.9,0,319,-0.0649,-2.9,296,-0.0607,-2.41,0.088,T3_ldn8-13,0.3,0.25,1,fix1W,mid
695.0,-0.019,0.567,0.939,-0.74,87.8,26.5,4,371,-0.0087,-0.26,324,-0.0309,-0.78,0.091,T3_ldn8-13,0.3,0.25,1,fix1W,opp
699.0,-0.0089,0.456,0.978,-0.26,88.3,33.0,4,374,0.045,0.96,325,-0.0708,-1.39,0.092,T3_ldn8-13,0.3,0.25,1,fix1W,1.5R
639.0,-0.0173,0.433,0.953,-0.44,80.7,34.1,3,340,0.0802,1.42,299,-0.1282,-2.39,0.079,T3_ldn8-13,0.3,0.25,5,ext+0.1W,none
473.0,-0.0679,0.757,0.59,-3.63,59.7,35.0,1,241,-0.0615,-2.49,232,-0.0747,-2.64,0.083,T3_ldn8-13,0.3,0.25,5,ext+0.1W,mid
626.0,-0.0314,0.578,0.889,-1.25,79.1,25.9,3,330,-0.0008,-0.03,296,-0.0656,-1.67,0.08,T3_ldn8-13,0.3,0.25,5,ext+0.1W,opp
639.0,-0.0186,0.452,0.947,-0.56,80.7,35.4,2,340,0.0278,0.63,299,-0.0714,-1.44,0.079,T3_ldn8-13,0.3,0.25,5,ext+0.1W,1.5R
639.0,-0.0154,0.443,0.953,-0.44,80.7,26.9,3,340,0.0729,1.45,299,-0.1159,-2.44,0.069,T3_ldn8-13,0.3,0.25,5,ext+0.25W,none
473.0,-0.0541,0.77,0.611,-3.23,59.7,29.4,1,241,-0.0447,-2.05,232,-0.0638,-2.49,0.07,T3_ldn8-13,0.3,0.25,5,ext+0.25W,mid
626.0,-0.0261,0.588,0.895,-1.15,79.1,20.0,3,330,0.0017,0.06,296,-0.0571,-1.61,0.07,T3_ldn8-13,0.3,0.25,5,ext+0.25W,opp
639.0,-0.019,0.454,0.94,-0.63,80.7,25.5,2,340,0.0321,0.79,299,-0.0772,-1.71,0.069,T3_ldn8-13,0.3,0.25,5,ext+0.25W,1.5R
639.0,-0.0549,0.318,0.916,-0.77,80.7,90.1,4,340,0.0944,0.85,299,-0.2247,-2.63,0.183,T3_ldn8-13,0.3,0.25,5,fix0.5W,none
473.0,-0.1589,0.655,0.501,-5.81,59.7,77.5,0,241,-0.131,-3.61,232,-0.1878,-4.57,0.165,T3_ldn8-13,0.3,0.25,5,fix0.5W,mid
626.0,-0.0995,0.452,0.812,-2.47,79.1,69.5,2,330,-0.0524,-0.96,296,-0.1521,-2.56,0.18,T3_ldn8-13,0.3,0.25,5,fix0.5W,opp
639.0,-0.0636,0.402,0.89,-1.4,80.7,66.2,3,340,0.0066,0.1,299,-0.1434,-2.17,0.183,T3_ldn8-13,0.3,0.25,5,fix0.5W,1.5R
639.0,-0.0179,0.426,0.956,-0.41,80.7,38.3,4,340,0.0968,1.45,299,-0.1484,-2.78,0.092,T3_ldn8-13,0.3,0.25,5,fix1W,none
473.0,-0.0642,0.763,0.596,-3.52,59.7,32.9,0,241,-0.0581,-2.38,232,-0.0706,-2.59,0.082,T3_ldn8-13,0.3,0.25,5,fix1W,mid
626.0,-0.0278,0.573,0.906,-1.08,79.1,25.0,3,330,-0.0017,-0.05,296,-0.0569,-1.44,0.09,T3_ldn8-13,0.3,0.25,5,fix1W,opp
639.0,-0.0279,0.441,0.93,-0.78,80.7,38.6,3,340,0.0343,0.7,299,-0.0987,-1.89,0.092,T3_ldn8-13,0.3,0.25,5,fix1W,1.5R
560.0,-0.0138,0.438,0.96,-0.34,70.7,31.3,3,302,0.0573,1.01,258,-0.097,-1.72,0.074,T3_ldn8-13,0.3,0.25,15,ext+0.1W,none
348.0,-0.0663,0.77,0.577,-3.11,44.0,26.2,1,176,-0.07,-2.42,172,-0.0625,-1.99,0.083,T3_ldn8-13,0.3,0.25,15,ext+0.1W,mid
545.0,-0.0281,0.587,0.891,-1.11,68.8,21.1,3,290,-0.0102,-0.31,255,-0.0484,-1.22,0.075,T3_ldn8-13,0.3,0.25,15,ext+0.1W,opp
560.0,-0.0311,0.446,0.908,-0.93,70.7,34.9,5,302,0.0019,0.04,258,-0.0698,-1.36,0.074,T3_ldn8-13,0.3,0.25,15,ext+0.1W,1.5R
560.0,-0.0282,0.441,0.911,-0.78,70.7,33.7,3,302,0.0363,0.71,258,-0.1037,-2.06,0.066,T3_ldn8-13,0.3,0.25,15,ext+0.25W,none
348.0,-0.0596,0.779,0.57,-3.04,44.0,24.4,1,176,-0.0655,-2.44,172,-0.0536,-1.87,0.071,T3_ldn8-13,0.3,0.25,15,ext+0.25W,mid
545.0,-0.0355,0.591,0.851,-1.52,68.8,22.8,2,290,-0.0192,-0.64,255,-0.0539,-1.49,0.067,T3_ldn8-13,0.3,0.25,15,ext+0.25W,opp
560.0,-0.0447,0.446,0.857,-1.46,70.7,36.8,3,302,-0.0159,-0.4,258,-0.0784,-1.66,0.066,T3_ldn8-13,0.3,0.25,15,ext+0.25W,1.5R
560.0,-0.11,0.311,0.834,-1.48,70.7,95.0,3,302,-0.0265,-0.23,258,-0.2077,-2.28,0.181,T3_ldn8-13,0.3,0.25,15,fix0.5W,none
348.0,-0.133,0.681,0.54,-4.33,44.0,48.8,1,176,-0.1325,-3.21,172,-0.1335,-2.92,0.167,T3_ldn8-13,0.3,0.25,15,fix0.5W,mid
545.0,-0.1103,0.462,0.786,-2.63,68.8,67.3,1,290,-0.1147,-2.04,255,-0.1053,-1.68,0.178,T3_ldn8-13,0.3,0.25,15,fix0.5W,opp
560.0,-0.099,0.389,0.832,-2.06,70.7,67.6,1,302,-0.1022,-1.57,258,-0.0952,-1.33,0.181,T3_ldn8-13,0.3,0.25,15,fix0.5W,1.5R
560.0,-0.0243,0.427,0.939,-0.54,70.7,45.8,4,302,0.0392,0.59,258,-0.0986,-1.68,0.09,T3_ldn8-13,0.3,0.25,15,fix1W,none
348.0,-0.055,0.779,0.619,-2.71,44.0,23.3,1,176,-0.0654,-2.32,172,-0.0443,-1.51,0.083,T3_ldn8-13,0.3,0.25,15,fix1W,mid
545.0,-0.0394,0.574,0.863,-1.47,68.8,26.5,3,290,-0.0427,-1.2,255,-0.0358,-0.89,0.089,T3_ldn8-13,0.3,0.25,15,fix1W,opp
560.0,-0.0473,0.436,0.879,-1.29,70.7,44.2,4,302,-0.03,-0.61,258,-0.0677,-1.22,0.09,T3_ldn8-13,0.3,0.25,15,fix1W,1.5R
331.0,0.0027,0.465,1.009,0.06,41.8,14.2,2,187,0.0147,0.22,144,-0.0129,-0.2,0.07,T3_ldn8-13,0.3,0.25,60,ext+0.1W,none
152.0,-0.0463,0.77,0.668,-1.49,19.3,8.6,2,79,-0.1235,-2.5,73,0.0373,1.1,0.08,T3_ldn8-13,0.3,0.25,60,ext+0.1W,mid
317.0,-0.0353,0.596,0.846,-1.16,40.1,13.7,3,175,-0.0716,-1.8,142,0.0094,0.2,0.07,T3_ldn8-13,0.3,0.25,60,ext+0.1W,opp
331.0,0.0063,0.474,1.021,0.15,41.8,10.0,3,187,-0.0232,-0.44,144,0.0445,0.67,0.07,T3_ldn8-13,0.3,0.25,60,ext+0.1W,1.5R
331.0,-0.0131,0.465,0.953,-0.31,41.8,16.3,2,187,-0.0,-0.0,144,-0.03,-0.51,0.061,T3_ldn8-13,0.3,0.25,60,ext+0.25W,none
152.0,-0.0447,0.77,0.641,-1.59,19.3,8.1,2,79,-0.114,-2.52,73,0.0304,1.0,0.07,T3_ldn8-13,0.3,0.25,60,ext+0.25W,mid
317.0,-0.0428,0.596,0.798,-1.54,40.1,15.7,3,175,-0.0732,-2.01,142,-0.0054,-0.12,0.061,T3_ldn8-13,0.3,0.25,60,ext+0.25W,opp
331.0,-0.0187,0.468,0.933,-0.49,41.8,15.0,2,187,-0.0309,-0.63,144,-0.0028,-0.05,0.061,T3_ldn8-13,0.3,0.25,60,ext+0.25W,1.5R
331.0,-0.0536,0.35,0.912,-0.61,41.8,39.5,2,187,-0.0884,-0.72,144,-0.0084,-0.07,0.174,T3_ldn8-13,0.3,0.25,60,fix0.5W,none
152.0,-0.0962,0.684,0.622,-2.18,19.3,16.4,1,79,-0.2023,-3.12,73,0.0186,0.33,0.165,T3_ldn8-13,0.3,0.25,60,fix0.5W,mid
317.0,-0.07,0.508,0.846,-1.36,40.1,27.7,3,175,-0.1738,-2.6,142,0.0578,0.73,0.172,T3_ldn8-13,0.3,0.25,60,fix0.5W,opp
331.0,-0.0144,0.423,0.973,-0.23,41.8,29.4,4,187,-0.1152,-1.42,144,0.1166,1.2,0.174,T3_ldn8-13,0.3,0.25,60,fix0.5W,1.5R
331.0,0.0089,0.45,1.025,0.16,41.8,14.2,3,187,0.0168,0.22,144,-0.0014,-0.02,0.087,T3_ldn8-13,0.3,0.25,60,fix1W,none
152.0,-0.0526,0.763,0.628,-1.71,19.3,9.5,1,79,-0.1241,-2.54,73,0.0248,0.72,0.082,T3_ldn8-13,0.3,0.25,60,fix1W,mid
317.0,-0.0566,0.58,0.789,-1.73,40.1,20.6,3,175,-0.0959,-2.23,142,-0.0082,-0.16,0.086,T3_ldn8-13,0.3,0.25,60,fix1W,opp
331.0,-0.0132,0.456,0.963,-0.28,41.8,15.1,3,187,-0.0468,-0.77,144,0.0305,0.42,0.087,T3_ldn8-13,0.3,0.25,60,fix1W,1.5R
579.0,-0.0656,0.428,0.845,-1.58,73.2,44.6,1,299,-0.0443,-0.77,280,-0.0884,-1.47,0.089,T3_ldn8-13,0.5,0.0,1,ext+0.1W,none
560.0,-0.0706,0.641,0.76,-2.57,70.8,44.2,1,288,-0.0574,-1.45,272,-0.0847,-2.21,0.09,T3_ldn8-13,0.5,0.0,1,ext+0.1W,mid
573.0,-0.047,0.508,0.877,-1.35,72.4,28.8,2,295,-0.0537,-1.11,278,-0.0398,-0.79,0.09,T3_ldn8-13,0.5,0.0,1,ext+0.1W,opp
579.0,-0.0086,0.456,0.979,-0.22,73.2,28.6,4,299,-0.008,-0.15,280,-0.0092,-0.16,0.089,T3_ldn8-13,0.5,0.0,1,ext+0.1W,1.5R
579.0,-0.0513,0.449,0.864,-1.37,73.2,35.6,1,299,-0.0361,-0.69,280,-0.0675,-1.26,0.078,T3_ldn8-13,0.5,0.0,1,ext+0.25W,none
560.0,-0.0675,0.657,0.746,-2.69,70.8,42.3,0,288,-0.059,-1.64,272,-0.0766,-2.19,0.078,T3_ldn8-13,0.5,0.0,1,ext+0.25W,mid
573.0,-0.0391,0.527,0.885,-1.24,72.4,24.4,2,295,-0.0466,-1.06,278,-0.031,-0.68,0.078,T3_ldn8-13,0.5,0.0,1,ext+0.25W,opp
579.0,-0.0167,0.463,0.955,-0.46,73.2,21.7,3,299,-0.0105,-0.21,280,-0.0232,-0.44,0.078,T3_ldn8-13,0.5,0.0,1,ext+0.25W,1.5R
579.0,-0.1648,0.301,0.769,-2.43,73.2,106.5,1,299,-0.1514,-1.5,280,-0.179,-1.98,0.199,T3_ldn8-13,0.5,0.0,1,fix0.5W,none
560.0,-0.1493,0.518,0.707,-3.42,70.8,90.3,1,288,-0.1382,-2.05,272,-0.1611,-2.95,0.197,T3_ldn8-13,0.5,0.0,1,fix0.5W,mid
573.0,-0.1042,0.38,0.837,-1.86,72.4,64.6,2,295,-0.1472,-1.81,278,-0.0586,-0.77,0.198,T3_ldn8-13,0.5,0.0,1,fix0.5W,opp
579.0,-0.0994,0.397,0.84,-1.86,73.2,71.0,2,299,-0.1287,-1.63,280,-0.068,-0.95,0.199,T3_ldn8-13,0.5,0.0,1,fix0.5W,1.5R
579.0,-0.034,0.442,0.92,-0.77,73.2,34.5,2,299,-0.0166,-0.26,280,-0.0525,-0.87,0.1,T3_ldn8-13,0.5,0.0,1,fix1W,none
560.0,-0.0616,0.652,0.784,-2.26,70.8,39.4,0,288,-0.0544,-1.36,272,-0.0692,-1.87,0.098,T3_ldn8-13,0.5,0.0,1,fix1W,mid
573.0,-0.0244,0.518,0.935,-0.7,72.4,23.0,4,295,-0.0392,-0.79,278,-0.0086,-0.18,0.099,T3_ldn8-13,0.5,0.0,1,fix1W,opp
579.0,0.0116,0.47,1.029,0.28,73.2,22.3,5,299,0.0127,0.22,280,0.0104,0.18,0.1,T3_ldn8-13,0.5,0.0,1,fix1W,1.5R
535.0,-0.0517,0.445,0.868,-1.29,67.6,32.2,1,275,-0.0346,-0.64,260,-0.0699,-1.18,0.084,T3_ldn8-13,0.5,0.0,5,ext+0.1W,none
486.0,-0.0594,0.654,0.771,-2.32,61.4,34.4,1,254,-0.0511,-1.5,232,-0.0686,-1.77,0.086,T3_ldn8-13,0.5,0.0,5,ext+0.1W,mid
525.0,-0.0338,0.541,0.901,-1.04,66.3,25.6,2,270,-0.0407,-0.95,255,-0.0265,-0.54,0.085,T3_ldn8-13,0.5,0.0,5,ext+0.1W,opp
535.0,-0.032,0.46,0.916,-0.86,67.6,26.8,2,275,-0.0256,-0.51,260,-0.0387,-0.7,0.084,T3_ldn8-13,0.5,0.0,5,ext+0.1W,1.5R
535.0,-0.0406,0.462,0.884,-1.12,67.6,26.3,2,275,-0.0201,-0.41,260,-0.0623,-1.18,0.073,T3_ldn8-13,0.5,0.0,5,ext+0.25W,none
486.0,-0.0528,0.671,0.772,-2.24,61.4,31.1,1,254,-0.0472,-1.5,232,-0.0589,-1.67,0.075,T3_ldn8-13,0.5,0.0,5,ext+0.25W,mid
525.0,-0.024,0.56,0.92,-0.82,66.3,20.1,3,270,-0.0264,-0.67,255,-0.0214,-0.49,0.074,T3_ldn8-13,0.5,0.0,5,ext+0.25W,opp
535.0,-0.0119,0.473,0.965,-0.34,67.6,19.2,4,275,0.0001,0.0,260,-0.0247,-0.48,0.073,T3_ldn8-13,0.5,0.0,5,ext+0.25W,1.5R
535.0,-0.0973,0.318,0.857,-1.4,67.6,67.8,2,275,-0.1026,-1.1,260,-0.0917,-0.88,0.198,T3_ldn8-13,0.5,0.0,5,fix0.5W,none
486.0,-0.1279,0.533,0.725,-3.33,61.4,65.9,1,254,-0.0959,-1.85,232,-0.1628,-2.85,0.192,T3_ldn8-13,0.5,0.0,5,fix0.5W,mid
525.0,-0.0605,0.41,0.897,-1.17,66.3,40.4,2,270,-0.0764,-1.1,255,-0.0438,-0.56,0.197,T3_ldn8-13,0.5,0.0,5,fix0.5W,opp
535.0,-0.0781,0.402,0.869,-1.56,67.6,51.1,2,275,-0.0652,-0.94,260,-0.0919,-1.25,0.198,T3_ldn8-13,0.5,0.0,5,fix0.5W,1.5R
535.0,-0.0218,0.454,0.948,-0.49,67.6,26.7,2,275,0.0229,0.36,260,-0.0691,-1.09,0.099,T3_ldn8-13,0.5,0.0,5,fix1W,none
486.0,-0.0403,0.667,0.837,-1.61,61.4,25.8,2,254,-0.0348,-1.03,232,-0.0464,-1.24,0.096,T3_ldn8-13,0.5,0.0,5,fix1W,mid
525.0,-0.0033,0.55,0.99,-0.1,66.3,18.9,4,270,-0.003,-0.07,255,-0.0037,-0.08,0.098,T3_ldn8-13,0.5,0.0,5,fix1W,opp
535.0,0.0071,0.475,1.018,0.18,67.6,22.5,4,275,0.0249,0.46,260,-0.0117,-0.2,0.099,T3_ldn8-13,0.5,0.0,5,fix1W,1.5R
479.0,-0.0148,0.466,0.958,-0.37,60.5,16.0,2,245,0.0138,0.25,234,-0.0448,-0.74,0.081,T3_ldn8-13,0.5,0.0,15,ext+0.1W,none
396.0,-0.0479,0.672,0.796,-1.79,50.0,25.7,2,202,-0.0236,-0.66,194,-0.0733,-1.82,0.087,T3_ldn8-13,0.5,0.0,15,ext+0.1W,mid
466.0,-0.0105,0.56,0.965,-0.33,58.9,15.0,4,238,0.0049,0.11,228,-0.0265,-0.55,0.082,T3_ldn8-13,0.5,0.0,15,ext+0.1W,opp
479.0,0.0045,0.482,1.013,0.12,60.5,17.5,3,245,0.0054,0.11,234,0.0036,0.06,0.081,T3_ldn8-13,0.5,0.0,15,ext+0.1W,1.5R
479.0,-0.0156,0.474,0.951,-0.42,60.5,15.7,2,245,0.02,0.4,234,-0.0528,-0.97,0.072,T3_ldn8-13,0.5,0.0,15,ext+0.25W,none
396.0,-0.0446,0.684,0.787,-1.82,50.0,24.0,2,202,-0.0263,-0.8,194,-0.0636,-1.74,0.076,T3_ldn8-13,0.5,0.0,15,ext+0.25W,mid
466.0,-0.0156,0.569,0.942,-0.53,58.9,12.6,3,238,0.0024,0.06,228,-0.0343,-0.78,0.072,T3_ldn8-13,0.5,0.0,15,ext+0.25W,opp
479.0,-0.0098,0.48,0.968,-0.28,60.5,15.2,4,245,0.0006,0.01,234,-0.0207,-0.4,0.072,T3_ldn8-13,0.5,0.0,15,ext+0.25W,1.5R
479.0,-0.0548,0.34,0.916,-0.75,60.5,53.6,2,245,-0.0492,-0.5,234,-0.0608,-0.55,0.199,T3_ldn8-13,0.5,0.0,15,fix0.5W,none
396.0,-0.1074,0.568,0.75,-2.63,50.0,50.5,2,202,-0.0657,-1.16,194,-0.1508,-2.56,0.196,T3_ldn8-13,0.5,0.0,15,fix0.5W,mid
466.0,-0.0445,0.44,0.92,-0.84,58.9,34.2,2,238,-0.0563,-0.79,228,-0.0321,-0.41,0.198,T3_ldn8-13,0.5,0.0,15,fix0.5W,opp
479.0,-0.0352,0.424,0.939,-0.66,60.5,33.0,4,245,-0.0427,-0.59,234,-0.0273,-0.35,0.199,T3_ldn8-13,0.5,0.0,15,fix0.5W,1.5R
479.0,0.0052,0.461,1.013,0.11,60.5,23.1,2,245,0.0653,1.0,234,-0.0578,-0.85,0.1,T3_ldn8-13,0.5,0.0,15,fix1W,none
396.0,-0.0362,0.684,0.842,-1.37,50.0,22.7,3,202,-0.0091,-0.26,194,-0.0645,-1.62,0.098,T3_ldn8-13,0.5,0.0,15,fix1W,mid
466.0,0.0026,0.56,1.008,0.08,58.9,12.5,5,238,0.0244,0.55,228,-0.02,-0.4,0.099,T3_ldn8-13,0.5,0.0,15,fix1W,opp
479.0,0.0178,0.476,1.047,0.43,60.5,16.4,5,245,0.041,0.74,234,-0.0064,-0.1,0.1,T3_ldn8-13,0.5,0.0,15,fix1W,1.5R
307.0,0.0237,0.482,1.081,0.51,38.9,9.1,4,165,0.0099,0.16,142,0.0397,0.57,0.075,T3_ldn8-13,0.5,0.0,60,ext+0.1W,none
206.0,-0.0052,0.728,0.973,-0.15,26.1,9.0,5,103,0.0006,0.01,103,-0.011,-0.22,0.085,T3_ldn8-13,0.5,0.0,60,ext+0.1W,mid
284.0,0.0282,0.599,1.116,0.74,36.0,8.3,5,148,-0.0101,-0.2,136,0.0699,1.23,0.077,T3_ldn8-13,0.5,0.0,60,ext+0.1W,opp
307.0,0.0588,0.495,1.207,1.31,38.9,10.5,5,165,-0.0006,-0.01,142,0.1279,1.79,0.075,T3_ldn8-13,0.5,0.0,60,ext+0.1W,1.5R
307.0,0.0268,0.489,1.102,0.63,38.9,5.9,5,165,0.0348,0.61,142,0.0174,0.28,0.067,T3_ldn8-13,0.5,0.0,60,ext+0.25W,none
206.0,-0.0042,0.738,0.975,-0.14,26.1,6.9,4,103,0.0224,0.56,103,-0.0309,-0.65,0.075,T3_ldn8-13,0.5,0.0,60,ext+0.25W,mid
284.0,0.0246,0.606,1.113,0.72,36.0,7.5,5,148,0.0089,0.2,136,0.0418,0.8,0.068,T3_ldn8-13,0.5,0.0,60,ext+0.25W,opp
307.0,0.0412,0.495,1.161,1.02,38.9,7.9,5,165,0.0243,0.46,142,0.0609,0.97,0.067,T3_ldn8-13,0.5,0.0,60,ext+0.25W,1.5R
307.0,-0.0245,0.349,0.961,-0.27,38.9,29.2,2,165,-0.1725,-1.47,142,0.1473,1.03,0.193,T3_ldn8-13,0.5,0.0,60,fix0.5W,none
206.0,-0.0842,0.597,0.785,-1.57,26.1,22.5,2,103,-0.1145,-1.5,103,-0.0539,-0.71,0.181,T3_ldn8-13,0.5,0.0,60,fix0.5W,mid
284.0,-0.011,0.475,0.978,-0.17,36.0,30.4,3,148,-0.1604,-1.9,136,0.1515,1.57,0.191,T3_ldn8-13,0.5,0.0,60,fix0.5W,opp
307.0,-0.0046,0.427,0.992,-0.07,38.9,30.2,3,165,-0.1457,-1.68,142,0.1594,1.61,0.193,T3_ldn8-13,0.5,0.0,60,fix0.5W,1.5R
307.0,0.0061,0.466,1.016,0.11,38.9,12.1,3,165,0.0023,0.03,142,0.0105,0.13,0.096,T3_ldn8-13,0.5,0.0,60,fix1W,none
206.0,-0.0066,0.728,0.966,-0.19,26.1,8.0,3,103,0.023,0.52,103,-0.0361,-0.7,0.09,T3_ldn8-13,0.5,0.0,60,fix1W,mid
284.0,0.0034,0.581,1.012,0.08,36.0,10.9,4,148,-0.0191,-0.36,136,0.0278,0.46,0.095,T3_ldn8-13,0.5,0.0,60,fix1W,opp
307.0,0.0107,0.476,1.029,0.21,38.9,12.6,4,165,-0.0187,-0.28,142,0.045,0.57,0.096,T3_ldn8-13,0.5,0.0,60,fix1W,1.5R
419.0,-0.0306,0.437,0.908,-0.75,53.1,19.2,2,217,0.0091,0.16,202,-0.0733,-1.26,0.07,T3_ldn8-13,0.5,0.25,1,ext+0.1W,none
353.0,-0.0653,0.799,0.566,-3.21,44.7,26.2,0,176,-0.0631,-2.33,177,-0.0675,-2.22,0.072,T3_ldn8-13,0.5,0.25,1,ext+0.1W,mid
413.0,-0.0234,0.598,0.909,-0.82,52.3,11.4,2,213,-0.0243,-0.65,200,-0.0224,-0.51,0.071,T3_ldn8-13,0.5,0.25,1,ext+0.1W,opp
419.0,-0.0294,0.439,0.911,-0.77,53.1,17.0,3,217,0.0013,0.02,202,-0.0623,-1.11,0.07,T3_ldn8-13,0.5,0.25,1,ext+0.1W,1.5R
419.0,-0.0148,0.449,0.95,-0.4,53.1,13.4,2,217,0.0123,0.23,202,-0.0438,-0.84,0.064,T3_ldn8-13,0.5,0.25,1,ext+0.25W,none
353.0,-0.0574,0.807,0.57,-3.06,44.7,23.6,0,176,-0.0574,-2.29,177,-0.0574,-2.06,0.064,T3_ldn8-13,0.5,0.25,1,ext+0.25W,mid
413.0,-0.0141,0.608,0.938,-0.54,52.3,8.8,3,213,-0.0233,-0.67,200,-0.0043,-0.11,0.064,T3_ldn8-13,0.5,0.25,1,ext+0.25W,opp
419.0,-0.0164,0.451,0.944,-0.47,53.1,13.2,3,217,-0.0026,-0.06,202,-0.0311,-0.61,0.064,T3_ldn8-13,0.5,0.25,1,ext+0.25W,1.5R
419.0,-0.244,0.277,0.663,-3.51,53.1,108.5,0,217,-0.2134,-2.14,202,-0.2767,-2.87,0.2,T3_ldn8-13,0.5,0.25,1,fix0.5W,none
353.0,-0.2192,0.623,0.424,-6.48,44.7,80.9,1,176,-0.2198,-4.73,177,-0.2186,-4.43,0.192,T3_ldn8-13,0.5,0.25,1,fix0.5W,mid
413.0,-0.1641,0.412,0.722,-3.2,52.3,72.5,1,213,-0.1829,-2.61,200,-0.1441,-1.91,0.199,T3_ldn8-13,0.5,0.25,1,fix0.5W,opp
419.0,-0.1288,0.377,0.794,-2.27,53.1,66.6,2,217,-0.1251,-1.59,202,-0.1328,-1.62,0.2,T3_ldn8-13,0.5,0.25,1,fix0.5W,1.5R
419.0,-0.0246,0.418,0.943,-0.44,53.1,25.3,3,217,0.0593,0.7,202,-0.1147,-1.61,0.1,T3_ldn8-13,0.5,0.25,1,fix1W,none
353.0,-0.082,0.785,0.554,-3.54,44.7,32.8,0,176,-0.0691,-2.27,177,-0.0949,-2.72,0.096,T3_ldn8-13,0.5,0.25,1,fix1W,mid
413.0,-0.02,0.581,0.938,-0.59,52.3,15.1,3,213,-0.0147,-0.32,200,-0.0257,-0.5,0.1,T3_ldn8-13,0.5,0.25,1,fix1W,opp
419.0,0.0049,0.446,1.012,0.1,53.1,16.8,5,217,0.0611,0.96,202,-0.0555,-0.81,0.1,T3_ldn8-13,0.5,0.25,1,fix1W,1.5R
381.0,-0.0177,0.457,0.942,-0.43,48.3,10.9,2,193,0.0484,0.8,188,-0.0856,-1.58,0.067,T3_ldn8-13,0.5,0.25,5,ext+0.1W,none
254.0,-0.0344,0.799,0.709,-1.61,32.4,10.2,1,127,-0.0245,-0.9,127,-0.0442,-1.34,0.068,T3_ldn8-13,0.5,0.25,5,ext+0.1W,mid
362.0,-0.0083,0.616,0.963,-0.29,45.9,9.0,4,183,0.0233,0.63,179,-0.0406,-0.95,0.068,T3_ldn8-13,0.5,0.25,5,ext+0.1W,opp
381.0,-0.0305,0.457,0.9,-0.82,48.3,14.3,3,193,0.0175,0.34,188,-0.0797,-1.49,0.067,T3_ldn8-13,0.5,0.25,5,ext+0.1W,1.5R
381.0,-0.0053,0.467,0.98,-0.14,48.3,9.6,3,193,0.0527,0.95,188,-0.0648,-1.31,0.06,T3_ldn8-13,0.5,0.25,5,ext+0.25W,none
254.0,-0.029,0.807,0.721,-1.49,32.4,9.7,3,127,-0.0169,-0.7,127,-0.0411,-1.34,0.061,T3_ldn8-13,0.5,0.25,5,ext+0.25W,mid
362.0,0.0008,0.627,1.004,0.03,45.9,8.7,4,183,0.0237,0.7,179,-0.0226,-0.58,0.06,T3_ldn8-13,0.5,0.25,5,ext+0.25W,opp
381.0,-0.0119,0.467,0.956,-0.34,48.3,9.7,3,193,0.0299,0.62,188,-0.0547,-1.11,0.06,T3_ldn8-13,0.5,0.25,5,ext+0.25W,1.5R
381.0,-0.1231,0.299,0.822,-1.34,48.3,64.4,3,193,0.0313,0.21,188,-0.2815,-2.77,0.2,T3_ldn8-13,0.5,0.25,5,fix0.5W,none
254.0,-0.1775,0.646,0.469,-4.66,32.4,45.1,0,127,-0.1197,-2.39,127,-0.2353,-4.13,0.181,T3_ldn8-13,0.5,0.25,5,fix0.5W,mid
362.0,-0.1182,0.45,0.78,-2.25,45.9,45.7,1,183,-0.0476,-0.64,179,-0.1903,-2.56,0.197,T3_ldn8-13,0.5,0.25,5,fix0.5W,opp
381.0,-0.0727,0.399,0.877,-1.22,48.3,33.3,3,193,0.0064,0.08,188,-0.1539,-1.85,0.2,T3_ldn8-13,0.5,0.25,5,fix0.5W,1.5R
381.0,-0.0067,0.441,0.984,-0.11,48.3,18.6,5,193,0.1015,1.1,188,-0.1177,-1.65,0.1,T3_ldn8-13,0.5,0.25,5,fix1W,none
254.0,-0.048,0.791,0.673,-1.94,32.4,13.5,3,127,-0.0287,-0.91,127,-0.0672,-1.77,0.091,T3_ldn8-13,0.5,0.25,5,fix1W,mid
362.0,-0.0103,0.599,0.965,-0.3,45.9,11.7,4,183,0.0257,0.56,179,-0.047,-0.93,0.099,T3_ldn8-13,0.5,0.25,5,fix1W,opp
381.0,-0.0118,0.454,0.971,-0.25,48.3,13.6,3,193,0.0518,0.79,188,-0.0771,-1.11,0.1,T3_ldn8-13,0.5,0.25,5,fix1W,1.5R
338.0,-0.0069,0.462,0.975,-0.17,42.8,7.6,3,173,0.0337,0.56,165,-0.0494,-0.89,0.064,T3_ldn8-13,0.5,0.25,15,ext+0.1W,none
180.0,-0.0317,0.8,0.706,-1.31,22.8,6.7,3,82,-0.0377,-1.11,98,-0.0266,-0.78,0.068,T3_ldn8-13,0.5,0.25,15,ext+0.1W,mid
315.0,-0.0136,0.622,0.933,-0.49,39.9,11.1,4,159,-0.0107,-0.28,156,-0.0165,-0.4,0.064,T3_ldn8-13,0.5,0.25,15,ext+0.1W,opp
338.0,-0.0135,0.464,0.952,-0.36,42.8,8.9,2,173,0.0034,0.07,165,-0.0313,-0.56,0.064,T3_ldn8-13,0.5,0.25,15,ext+0.1W,1.5R
338.0,-0.0108,0.464,0.958,-0.28,42.8,8.1,3,173,0.0231,0.41,165,-0.0463,-0.91,0.058,T3_ldn8-13,0.5,0.25,15,ext+0.25W,none
180.0,-0.0294,0.806,0.699,-1.31,22.8,7.0,4,82,-0.0409,-1.25,98,-0.0199,-0.64,0.061,T3_ldn8-13,0.5,0.25,15,ext+0.25W,mid
315.0,-0.0152,0.625,0.919,-0.59,39.9,11.3,3,159,-0.0161,-0.46,156,-0.0142,-0.37,0.058,T3_ldn8-13,0.5,0.25,15,ext+0.25W,opp
338.0,-0.0179,0.464,0.931,-0.51,42.8,9.3,3,173,-0.0025,-0.05,165,-0.0341,-0.66,0.058,T3_ldn8-13,0.5,0.25,15,ext+0.25W,1.5R
338.0,-0.1123,0.308,0.834,-1.15,42.8,61.6,1,173,-0.0409,-0.26,165,-0.1871,-1.67,0.199,T3_ldn8-13,0.5,0.25,15,fix0.5W,none
180.0,-0.1363,0.672,0.535,-3.15,22.8,25.7,0,82,-0.1282,-2.1,98,-0.1431,-2.34,0.184,T3_ldn8-13,0.5,0.25,15,fix0.5W,mid
315.0,-0.103,0.479,0.796,-1.89,39.9,39.5,3,159,-0.1422,-1.87,156,-0.0631,-0.81,0.192,T3_ldn8-13,0.5,0.25,15,fix0.5W,opp
338.0,-0.0741,0.396,0.874,-1.18,42.8,36.7,2,173,-0.1042,-1.19,165,-0.0425,-0.47,0.199,T3_ldn8-13,0.5,0.25,15,fix0.5W,1.5R
338.0,0.0104,0.441,1.026,0.17,42.8,16.6,5,173,0.0716,0.73,165,-0.0536,-0.72,0.099,T3_ldn8-13,0.5,0.25,15,fix1W,none
180.0,-0.0246,0.806,0.793,-0.93,22.8,7.0,4,82,-0.0341,-0.91,98,-0.0166,-0.45,0.092,T3_ldn8-13,0.5,0.25,15,fix1W,mid
315.0,-0.0176,0.603,0.936,-0.51,39.9,14.7,4,159,-0.0365,-0.76,156,0.0015,0.03,0.096,T3_ldn8-13,0.5,0.25,15,fix1W,opp
338.0,-0.0284,0.447,0.928,-0.58,42.8,12.5,3,173,-0.0187,-0.28,165,-0.0386,-0.55,0.099,T3_ldn8-13,0.5,0.25,15,fix1W,1.5R
201.0,-0.0407,0.453,0.845,-0.91,25.5,9.2,3,111,-0.0765,-1.4,90,0.0035,0.05,0.061,T3_ldn8-13,0.5,0.25,60,ext+0.1W,none
70.0,-0.0222,0.814,0.781,-0.56,8.9,3.4,2,31,-0.0984,-1.39,39,0.0383,0.92,0.065,T3_ldn8-13,0.5,0.25,60,ext+0.1W,mid
174.0,-0.0356,0.621,0.809,-1.03,22.1,9.6,4,90,-0.0872,-1.84,84,0.0198,0.39,0.062,T3_ldn8-13,0.5,0.25,60,ext+0.1W,opp
201.0,-0.0198,0.458,0.924,-0.43,25.5,7.1,2,111,-0.0651,-1.15,90,0.0362,0.48,0.061,T3_ldn8-13,0.5,0.25,60,ext+0.1W,1.5R
201.0,-0.0412,0.453,0.83,-1.0,25.5,8.9,2,111,-0.075,-1.47,90,0.0004,0.01,0.055,T3_ldn8-13,0.5,0.25,60,ext+0.25W,none
70.0,-0.0298,0.814,0.701,-0.77,8.9,3.6,2,31,-0.1022,-1.48,39,0.0277,0.68,0.058,T3_ldn8-13,0.5,0.25,60,ext+0.25W,mid
174.0,-0.0382,0.621,0.78,-1.18,22.1,9.2,4,90,-0.0848,-1.92,84,0.0118,0.25,0.056,T3_ldn8-13,0.5,0.25,60,ext+0.25W,opp
201.0,-0.0338,0.453,0.86,-0.81,25.5,7.3,2,111,-0.0622,-1.17,90,0.0012,0.02,0.055,T3_ldn8-13,0.5,0.25,60,ext+0.25W,1.5R
201.0,-0.0542,0.338,0.914,-0.49,25.5,22.3,2,111,-0.1658,-1.22,90,0.0834,0.46,0.2,T3_ldn8-13,0.5,0.25,60,fix0.5W,none
70.0,-0.09,0.686,0.637,-1.39,8.9,8.5,2,31,-0.1881,-1.82,39,-0.012,-0.15,0.184,T3_ldn8-13,0.5,0.25,60,fix0.5W,mid
174.0,-0.0683,0.523,0.845,-1.0,22.1,21.2,3,90,-0.1684,-1.88,84,0.0388,0.38,0.192,T3_ldn8-13,0.5,0.25,60,fix0.5W,opp
201.0,0.0112,0.423,1.021,0.14,25.5,14.4,3,111,-0.0864,-0.8,90,0.1316,1.05,0.2,T3_ldn8-13,0.5,0.25,60,fix0.5W,1.5R
201.0,-0.0545,0.428,0.865,-0.82,25.5,13.3,1,111,-0.1028,-1.21,90,0.0051,0.05,0.1,T3_ldn8-13,0.5,0.25,60,fix1W,none
70.0,-0.0281,0.8,0.77,-0.64,8.9,3.2,2,31,-0.0928,-1.23,39,0.0234,0.46,0.092,T3_ldn8-13,0.5,0.25,60,fix1W,mid
174.0,-0.0644,0.592,0.759,-1.46,22.1,12.7,3,90,-0.1279,-2.15,84,0.0037,0.06,0.096,T3_ldn8-13,0.5,0.25,60,fix1W,opp
201.0,-0.0454,0.438,0.885,-0.73,25.5,11.3,3,111,-0.1017,-1.28,90,0.024,0.24,0.1,T3_ldn8-13,0.5,0.25,60,fix1W,1.5R
